ISO-10303-21;
HEADER;
FILE_DESCRIPTION(('FreeCAD Model'),'2;1');
FILE_NAME('Open CASCADE Shape Model','2026-09-21T12:21:56',('Author'),(
    ''),'Open CASCADE STEP processor 7.8','FreeCAD','Unknown');
FILE_SCHEMA(('AUTOMOTIVE_DESIGN { 1 0 10303 214 1 1 1 1 }'));
ENDSEC;
DATA;
#1 = APPLICATION_PROTOCOL_DEFINITION('international standard',
  'automotive_design',2000,#2);
#2 = APPLICATION_CONTEXT(
  'core data for automotive mechanical design processes');
#3 = SHAPE_DEFINITION_REPRESENTATION(#4,#10);
#4 = PRODUCT_DEFINITION_SHAPE('','',#5);
#5 = PRODUCT_DEFINITION('design','',#6,#9);
#6 = PRODUCT_DEFINITION_FORMATION('','',#7);
#7 = PRODUCT('ModelBuild','ModelBuild','',(#8));
#8 = PRODUCT_CONTEXT('',#2,'mechanical');
#9 = PRODUCT_DEFINITION_CONTEXT('part definition',#2,'design');
#10 = SHAPE_REPRESENTATION('',(#11,#15,#19,#23),#27);
#11 = AXIS2_PLACEMENT_3D('',#12,#13,#14);
#12 = CARTESIAN_POINT('',(0.,0.,0.));
#13 = DIRECTION('',(0.,0.,1.));
#14 = DIRECTION('',(1.,0.,-0.));
#15 = AXIS2_PLACEMENT_3D('',#16,#17,#18);
#16 = CARTESIAN_POINT('',(0.,0.,0.));
#17 = DIRECTION('',(0.,0.,1.));
#18 = DIRECTION('',(1.,0.,0.));
#19 = AXIS2_PLACEMENT_3D('',#20,#21,#22);
#20 = CARTESIAN_POINT('',(0.,0.,0.));
#21 = DIRECTION('',(0.,0.,1.));
#22 = DIRECTION('',(1.,0.,0.));
#23 = AXIS2_PLACEMENT_3D('',#24,#25,#26);
#24 = CARTESIAN_POINT('',(0.,0.,0.));
#25 = DIRECTION('',(0.,0.,1.));
#26 = DIRECTION('',(1.,0.,0.));
#27 = ( GEOMETRIC_REPRESENTATION_CONTEXT(3) 
GLOBAL_UNCERTAINTY_ASSIGNED_CONTEXT((#31)) GLOBAL_UNIT_ASSIGNED_CONTEXT(
(#28,#29,#30)) REPRESENTATION_CONTEXT('Context #1',
  '3D Context with UNIT and UNCERTAINTY') );
#28 = ( LENGTH_UNIT() NAMED_UNIT(*) SI_UNIT(.MILLI.,.METRE.) );
#29 = ( NAMED_UNIT(*) PLANE_ANGLE_UNIT() SI_UNIT($,.RADIAN.) );
#30 = ( NAMED_UNIT(*) SI_UNIT($,.STERADIAN.) SOLID_ANGLE_UNIT() );
#31 = UNCERTAINTY_MEASURE_WITH_UNIT(LENGTH_MEASURE(1.E-07),#28,
  'distance_accuracy_value','confusion accuracy');
#32 = PRODUCT_RELATED_PRODUCT_CATEGORY('part',$,(#7));
#33 = SHAPE_DEFINITION_REPRESENTATION(#34,#40);
#34 = PRODUCT_DEFINITION_SHAPE('','',#35);
#35 = PRODUCT_DEFINITION('design','',#36,#39);
#36 = PRODUCT_DEFINITION_FORMATION('','',#37);
#37 = PRODUCT('ConnectorHousing','ConnectorHousing','',(#38));
#38 = PRODUCT_CONTEXT('',#2,'mechanical');
#39 = PRODUCT_DEFINITION_CONTEXT('part definition',#2,'design');
#40 = ADVANCED_BREP_SHAPE_REPRESENTATION('',(#11,#41),#191);
#41 = MANIFOLD_SOLID_BREP('',#42);
#42 = CLOSED_SHELL('',(#43,#83,#123,#145,#167,#179));
#43 = ADVANCED_FACE('',(#44),#78,.F.);
#44 = FACE_BOUND('',#45,.F.);
#45 = EDGE_LOOP('',(#46,#56,#64,#72));
#46 = ORIENTED_EDGE('',*,*,#47,.F.);
#47 = EDGE_CURVE('',#48,#50,#52,.T.);
#48 = VERTEX_POINT('',#49);
#49 = CARTESIAN_POINT('',(-3.95,-2.,8.E-02));
#50 = VERTEX_POINT('',#51);
#51 = CARTESIAN_POINT('',(-3.95,-2.,1.));
#52 = LINE('',#53,#54);
#53 = CARTESIAN_POINT('',(-3.95,-2.,8.E-02));
#54 = VECTOR('',#55,1.);
#55 = DIRECTION('',(0.,0.,1.));
#56 = ORIENTED_EDGE('',*,*,#57,.T.);
#57 = EDGE_CURVE('',#48,#58,#60,.T.);
#58 = VERTEX_POINT('',#59);
#59 = CARTESIAN_POINT('',(-3.95,1.2,8.E-02));
#60 = LINE('',#61,#62);
#61 = CARTESIAN_POINT('',(-3.95,-2.,8.E-02));
#62 = VECTOR('',#63,1.);
#63 = DIRECTION('',(-0.,1.,0.));
#64 = ORIENTED_EDGE('',*,*,#65,.T.);
#65 = EDGE_CURVE('',#58,#66,#68,.T.);
#66 = VERTEX_POINT('',#67);
#67 = CARTESIAN_POINT('',(-3.95,1.2,1.));
#68 = LINE('',#69,#70);
#69 = CARTESIAN_POINT('',(-3.95,1.2,8.E-02));
#70 = VECTOR('',#71,1.);
#71 = DIRECTION('',(0.,0.,1.));
#72 = ORIENTED_EDGE('',*,*,#73,.F.);
#73 = EDGE_CURVE('',#50,#66,#74,.T.);
#74 = LINE('',#75,#76);
#75 = CARTESIAN_POINT('',(-3.95,-2.,1.));
#76 = VECTOR('',#77,1.);
#77 = DIRECTION('',(-0.,1.,0.));
#78 = PLANE('',#79);
#79 = AXIS2_PLACEMENT_3D('',#80,#81,#82);
#80 = CARTESIAN_POINT('',(-3.95,-2.,8.E-02));
#81 = DIRECTION('',(1.,0.,-0.));
#82 = DIRECTION('',(0.,0.,1.));
#83 = ADVANCED_FACE('',(#84),#118,.T.);
#84 = FACE_BOUND('',#85,.T.);
#85 = EDGE_LOOP('',(#86,#96,#104,#112));
#86 = ORIENTED_EDGE('',*,*,#87,.F.);
#87 = EDGE_CURVE('',#88,#90,#92,.T.);
#88 = VERTEX_POINT('',#89);
#89 = CARTESIAN_POINT('',(3.95,-2.,8.E-02));
#90 = VERTEX_POINT('',#91);
#91 = CARTESIAN_POINT('',(3.95,-2.,1.));
#92 = LINE('',#93,#94);
#93 = CARTESIAN_POINT('',(3.95,-2.,8.E-02));
#94 = VECTOR('',#95,1.);
#95 = DIRECTION('',(0.,0.,1.));
#96 = ORIENTED_EDGE('',*,*,#97,.T.);
#97 = EDGE_CURVE('',#88,#98,#100,.T.);
#98 = VERTEX_POINT('',#99);
#99 = CARTESIAN_POINT('',(3.95,1.2,8.E-02));
#100 = LINE('',#101,#102);
#101 = CARTESIAN_POINT('',(3.95,-2.,8.E-02));
#102 = VECTOR('',#103,1.);
#103 = DIRECTION('',(-0.,1.,0.));
#104 = ORIENTED_EDGE('',*,*,#105,.T.);
#105 = EDGE_CURVE('',#98,#106,#108,.T.);
#106 = VERTEX_POINT('',#107);
#107 = CARTESIAN_POINT('',(3.95,1.2,1.));
#108 = LINE('',#109,#110);
#109 = CARTESIAN_POINT('',(3.95,1.2,8.E-02));
#110 = VECTOR('',#111,1.);
#111 = DIRECTION('',(0.,0.,1.));
#112 = ORIENTED_EDGE('',*,*,#113,.F.);
#113 = EDGE_CURVE('',#90,#106,#114,.T.);
#114 = LINE('',#115,#116);
#115 = CARTESIAN_POINT('',(3.95,-2.,1.));
#116 = VECTOR('',#117,1.);
#117 = DIRECTION('',(-0.,1.,0.));
#118 = PLANE('',#119);
#119 = AXIS2_PLACEMENT_3D('',#120,#121,#122);
#120 = CARTESIAN_POINT('',(3.95,-2.,8.E-02));
#121 = DIRECTION('',(1.,0.,-0.));
#122 = DIRECTION('',(0.,0.,1.));
#123 = ADVANCED_FACE('',(#124),#140,.F.);
#124 = FACE_BOUND('',#125,.F.);
#125 = EDGE_LOOP('',(#126,#132,#133,#139));
#126 = ORIENTED_EDGE('',*,*,#127,.F.);
#127 = EDGE_CURVE('',#48,#88,#128,.T.);
#128 = LINE('',#129,#130);
#129 = CARTESIAN_POINT('',(-3.95,-2.,8.E-02));
#130 = VECTOR('',#131,1.);
#131 = DIRECTION('',(1.,0.,-0.));
#132 = ORIENTED_EDGE('',*,*,#47,.T.);
#133 = ORIENTED_EDGE('',*,*,#134,.T.);
#134 = EDGE_CURVE('',#50,#90,#135,.T.);
#135 = LINE('',#136,#137);
#136 = CARTESIAN_POINT('',(-3.95,-2.,1.));
#137 = VECTOR('',#138,1.);
#138 = DIRECTION('',(1.,0.,-0.));
#139 = ORIENTED_EDGE('',*,*,#87,.F.);
#140 = PLANE('',#141);
#141 = AXIS2_PLACEMENT_3D('',#142,#143,#144);
#142 = CARTESIAN_POINT('',(-3.95,-2.,8.E-02));
#143 = DIRECTION('',(-0.,1.,0.));
#144 = DIRECTION('',(0.,0.,1.));
#145 = ADVANCED_FACE('',(#146),#162,.T.);
#146 = FACE_BOUND('',#147,.T.);
#147 = EDGE_LOOP('',(#148,#154,#155,#161));
#148 = ORIENTED_EDGE('',*,*,#149,.F.);
#149 = EDGE_CURVE('',#58,#98,#150,.T.);
#150 = LINE('',#151,#152);
#151 = CARTESIAN_POINT('',(-3.95,1.2,8.E-02));
#152 = VECTOR('',#153,1.);
#153 = DIRECTION('',(1.,0.,-0.));
#154 = ORIENTED_EDGE('',*,*,#65,.T.);
#155 = ORIENTED_EDGE('',*,*,#156,.T.);
#156 = EDGE_CURVE('',#66,#106,#157,.T.);
#157 = LINE('',#158,#159);
#158 = CARTESIAN_POINT('',(-3.95,1.2,1.));
#159 = VECTOR('',#160,1.);
#160 = DIRECTION('',(1.,0.,-0.));
#161 = ORIENTED_EDGE('',*,*,#105,.F.);
#162 = PLANE('',#163);
#163 = AXIS2_PLACEMENT_3D('',#164,#165,#166);
#164 = CARTESIAN_POINT('',(-3.95,1.2,8.E-02));
#165 = DIRECTION('',(-0.,1.,0.));
#166 = DIRECTION('',(0.,0.,1.));
#167 = ADVANCED_FACE('',(#168),#174,.F.);
#168 = FACE_BOUND('',#169,.F.);
#169 = EDGE_LOOP('',(#170,#171,#172,#173));
#170 = ORIENTED_EDGE('',*,*,#57,.F.);
#171 = ORIENTED_EDGE('',*,*,#127,.T.);
#172 = ORIENTED_EDGE('',*,*,#97,.T.);
#173 = ORIENTED_EDGE('',*,*,#149,.F.);
#174 = PLANE('',#175);
#175 = AXIS2_PLACEMENT_3D('',#176,#177,#178);
#176 = CARTESIAN_POINT('',(-3.95,-2.,8.E-02));
#177 = DIRECTION('',(0.,0.,1.));
#178 = DIRECTION('',(1.,0.,-0.));
#179 = ADVANCED_FACE('',(#180),#186,.T.);
#180 = FACE_BOUND('',#181,.T.);
#181 = EDGE_LOOP('',(#182,#183,#184,#185));
#182 = ORIENTED_EDGE('',*,*,#73,.F.);
#183 = ORIENTED_EDGE('',*,*,#134,.T.);
#184 = ORIENTED_EDGE('',*,*,#113,.T.);
#185 = ORIENTED_EDGE('',*,*,#156,.F.);
#186 = PLANE('',#187);
#187 = AXIS2_PLACEMENT_3D('',#188,#189,#190);
#188 = CARTESIAN_POINT('',(-3.95,-2.,1.));
#189 = DIRECTION('',(0.,0.,1.));
#190 = DIRECTION('',(1.,0.,-0.));
#191 = ( GEOMETRIC_REPRESENTATION_CONTEXT(3) 
GLOBAL_UNCERTAINTY_ASSIGNED_CONTEXT((#195)) GLOBAL_UNIT_ASSIGNED_CONTEXT
((#192,#193,#194)) REPRESENTATION_CONTEXT('Context #1',
  '3D Context with UNIT and UNCERTAINTY') );
#192 = ( LENGTH_UNIT() NAMED_UNIT(*) SI_UNIT(.MILLI.,.METRE.) );
#193 = ( NAMED_UNIT(*) PLANE_ANGLE_UNIT() SI_UNIT($,.RADIAN.) );
#194 = ( NAMED_UNIT(*) SI_UNIT($,.STERADIAN.) SOLID_ANGLE_UNIT() );
#195 = UNCERTAINTY_MEASURE_WITH_UNIT(LENGTH_MEASURE(1.E-07),#192,
  'distance_accuracy_value','confusion accuracy');
#196 = CONTEXT_DEPENDENT_SHAPE_REPRESENTATION(#197,#199);
#197 = ( REPRESENTATION_RELATIONSHIP('','',#40,#10) 
REPRESENTATION_RELATIONSHIP_WITH_TRANSFORMATION(#198) 
SHAPE_REPRESENTATION_RELATIONSHIP() );
#198 = ITEM_DEFINED_TRANSFORMATION('','',#11,#15);
#199 = PRODUCT_DEFINITION_SHAPE('Placement','Placement of an item',#200
  );
#200 = NEXT_ASSEMBLY_USAGE_OCCURRENCE('8','ConnectorHousing','',#5,#35,$
  );
#201 = PRODUCT_RELATED_PRODUCT_CATEGORY('part',$,(#37));
#202 = SHAPE_DEFINITION_REPRESENTATION(#203,#209);
#203 = PRODUCT_DEFINITION_SHAPE('','',#204);
#204 = PRODUCT_DEFINITION('design','',#205,#208);
#205 = PRODUCT_DEFINITION_FORMATION('','',#206);
#206 = PRODUCT('Latch','Latch','',(#207));
#207 = PRODUCT_CONTEXT('',#2,'mechanical');
#208 = PRODUCT_DEFINITION_CONTEXT('part definition',#2,'design');
#209 = ADVANCED_BREP_SHAPE_REPRESENTATION('',(#11,#210),#360);
#210 = MANIFOLD_SOLID_BREP('',#211);
#211 = CLOSED_SHELL('',(#212,#252,#292,#314,#336,#348));
#212 = ADVANCED_FACE('',(#213),#247,.F.);
#213 = FACE_BOUND('',#214,.F.);
#214 = EDGE_LOOP('',(#215,#225,#233,#241));
#215 = ORIENTED_EDGE('',*,*,#216,.F.);
#216 = EDGE_CURVE('',#217,#219,#221,.T.);
#217 = VERTEX_POINT('',#218);
#218 = CARTESIAN_POINT('',(-3.32,-1.96,0.73));
#219 = VERTEX_POINT('',#220);
#220 = CARTESIAN_POINT('',(-3.32,-1.96,1.));
#221 = LINE('',#222,#223);
#222 = CARTESIAN_POINT('',(-3.32,-1.96,0.73));
#223 = VECTOR('',#224,1.);
#224 = DIRECTION('',(0.,0.,1.));
#225 = ORIENTED_EDGE('',*,*,#226,.T.);
#226 = EDGE_CURVE('',#217,#227,#229,.T.);
#227 = VERTEX_POINT('',#228);
#228 = CARTESIAN_POINT('',(-3.32,-0.8,0.73));
#229 = LINE('',#230,#231);
#230 = CARTESIAN_POINT('',(-3.32,-1.96,0.73));
#231 = VECTOR('',#232,1.);
#232 = DIRECTION('',(-0.,1.,0.));
#233 = ORIENTED_EDGE('',*,*,#234,.T.);
#234 = EDGE_CURVE('',#227,#235,#237,.T.);
#235 = VERTEX_POINT('',#236);
#236 = CARTESIAN_POINT('',(-3.32,-0.8,1.));
#237 = LINE('',#238,#239);
#238 = CARTESIAN_POINT('',(-3.32,-0.8,0.73));
#239 = VECTOR('',#240,1.);
#240 = DIRECTION('',(0.,0.,1.));
#241 = ORIENTED_EDGE('',*,*,#242,.F.);
#242 = EDGE_CURVE('',#219,#235,#243,.T.);
#243 = LINE('',#244,#245);
#244 = CARTESIAN_POINT('',(-3.32,-1.96,1.));
#245 = VECTOR('',#246,1.);
#246 = DIRECTION('',(-0.,1.,0.));
#247 = PLANE('',#248);
#248 = AXIS2_PLACEMENT_3D('',#249,#250,#251);
#249 = CARTESIAN_POINT('',(-3.32,-1.96,0.73));
#250 = DIRECTION('',(1.,0.,-0.));
#251 = DIRECTION('',(0.,0.,1.));
#252 = ADVANCED_FACE('',(#253),#287,.T.);
#253 = FACE_BOUND('',#254,.T.);
#254 = EDGE_LOOP('',(#255,#265,#273,#281));
#255 = ORIENTED_EDGE('',*,*,#256,.F.);
#256 = EDGE_CURVE('',#257,#259,#261,.T.);
#257 = VERTEX_POINT('',#258);
#258 = CARTESIAN_POINT('',(3.32,-1.96,0.73));
#259 = VERTEX_POINT('',#260);
#260 = CARTESIAN_POINT('',(3.32,-1.96,1.));
#261 = LINE('',#262,#263);
#262 = CARTESIAN_POINT('',(3.32,-1.96,0.73));
#263 = VECTOR('',#264,1.);
#264 = DIRECTION('',(0.,0.,1.));
#265 = ORIENTED_EDGE('',*,*,#266,.T.);
#266 = EDGE_CURVE('',#257,#267,#269,.T.);
#267 = VERTEX_POINT('',#268);
#268 = CARTESIAN_POINT('',(3.32,-0.8,0.73));
#269 = LINE('',#270,#271);
#270 = CARTESIAN_POINT('',(3.32,-1.96,0.73));
#271 = VECTOR('',#272,1.);
#272 = DIRECTION('',(-0.,1.,0.));
#273 = ORIENTED_EDGE('',*,*,#274,.T.);
#274 = EDGE_CURVE('',#267,#275,#277,.T.);
#275 = VERTEX_POINT('',#276);
#276 = CARTESIAN_POINT('',(3.32,-0.8,1.));
#277 = LINE('',#278,#279);
#278 = CARTESIAN_POINT('',(3.32,-0.8,0.73));
#279 = VECTOR('',#280,1.);
#280 = DIRECTION('',(0.,0.,1.));
#281 = ORIENTED_EDGE('',*,*,#282,.F.);
#282 = EDGE_CURVE('',#259,#275,#283,.T.);
#283 = LINE('',#284,#285);
#284 = CARTESIAN_POINT('',(3.32,-1.96,1.));
#285 = VECTOR('',#286,1.);
#286 = DIRECTION('',(-0.,1.,0.));
#287 = PLANE('',#288);
#288 = AXIS2_PLACEMENT_3D('',#289,#290,#291);
#289 = CARTESIAN_POINT('',(3.32,-1.96,0.73));
#290 = DIRECTION('',(1.,0.,-0.));
#291 = DIRECTION('',(0.,0.,1.));
#292 = ADVANCED_FACE('',(#293),#309,.F.);
#293 = FACE_BOUND('',#294,.F.);
#294 = EDGE_LOOP('',(#295,#301,#302,#308));
#295 = ORIENTED_EDGE('',*,*,#296,.F.);
#296 = EDGE_CURVE('',#217,#257,#297,.T.);
#297 = LINE('',#298,#299);
#298 = CARTESIAN_POINT('',(-3.32,-1.96,0.73));
#299 = VECTOR('',#300,1.);
#300 = DIRECTION('',(1.,0.,-0.));
#301 = ORIENTED_EDGE('',*,*,#216,.T.);
#302 = ORIENTED_EDGE('',*,*,#303,.T.);
#303 = EDGE_CURVE('',#219,#259,#304,.T.);
#304 = LINE('',#305,#306);
#305 = CARTESIAN_POINT('',(-3.32,-1.96,1.));
#306 = VECTOR('',#307,1.);
#307 = DIRECTION('',(1.,0.,-0.));
#308 = ORIENTED_EDGE('',*,*,#256,.F.);
#309 = PLANE('',#310);
#310 = AXIS2_PLACEMENT_3D('',#311,#312,#313);
#311 = CARTESIAN_POINT('',(-3.32,-1.96,0.73));
#312 = DIRECTION('',(-0.,1.,0.));
#313 = DIRECTION('',(0.,0.,1.));
#314 = ADVANCED_FACE('',(#315),#331,.T.);
#315 = FACE_BOUND('',#316,.T.);
#316 = EDGE_LOOP('',(#317,#323,#324,#330));
#317 = ORIENTED_EDGE('',*,*,#318,.F.);
#318 = EDGE_CURVE('',#227,#267,#319,.T.);
#319 = LINE('',#320,#321);
#320 = CARTESIAN_POINT('',(-3.32,-0.8,0.73));
#321 = VECTOR('',#322,1.);
#322 = DIRECTION('',(1.,0.,-0.));
#323 = ORIENTED_EDGE('',*,*,#234,.T.);
#324 = ORIENTED_EDGE('',*,*,#325,.T.);
#325 = EDGE_CURVE('',#235,#275,#326,.T.);
#326 = LINE('',#327,#328);
#327 = CARTESIAN_POINT('',(-3.32,-0.8,1.));
#328 = VECTOR('',#329,1.);
#329 = DIRECTION('',(1.,0.,-0.));
#330 = ORIENTED_EDGE('',*,*,#274,.F.);
#331 = PLANE('',#332);
#332 = AXIS2_PLACEMENT_3D('',#333,#334,#335);
#333 = CARTESIAN_POINT('',(-3.32,-0.8,0.73));
#334 = DIRECTION('',(-0.,1.,0.));
#335 = DIRECTION('',(0.,0.,1.));
#336 = ADVANCED_FACE('',(#337),#343,.F.);
#337 = FACE_BOUND('',#338,.F.);
#338 = EDGE_LOOP('',(#339,#340,#341,#342));
#339 = ORIENTED_EDGE('',*,*,#226,.F.);
#340 = ORIENTED_EDGE('',*,*,#296,.T.);
#341 = ORIENTED_EDGE('',*,*,#266,.T.);
#342 = ORIENTED_EDGE('',*,*,#318,.F.);
#343 = PLANE('',#344);
#344 = AXIS2_PLACEMENT_3D('',#345,#346,#347);
#345 = CARTESIAN_POINT('',(-3.32,-1.96,0.73));
#346 = DIRECTION('',(0.,0.,1.));
#347 = DIRECTION('',(1.,0.,-0.));
#348 = ADVANCED_FACE('',(#349),#355,.T.);
#349 = FACE_BOUND('',#350,.T.);
#350 = EDGE_LOOP('',(#351,#352,#353,#354));
#351 = ORIENTED_EDGE('',*,*,#242,.F.);
#352 = ORIENTED_EDGE('',*,*,#303,.T.);
#353 = ORIENTED_EDGE('',*,*,#282,.T.);
#354 = ORIENTED_EDGE('',*,*,#325,.F.);
#355 = PLANE('',#356);
#356 = AXIS2_PLACEMENT_3D('',#357,#358,#359);
#357 = CARTESIAN_POINT('',(-3.32,-1.96,1.));
#358 = DIRECTION('',(0.,0.,1.));
#359 = DIRECTION('',(1.,0.,-0.));
#360 = ( GEOMETRIC_REPRESENTATION_CONTEXT(3) 
GLOBAL_UNCERTAINTY_ASSIGNED_CONTEXT((#364)) GLOBAL_UNIT_ASSIGNED_CONTEXT
((#361,#362,#363)) REPRESENTATION_CONTEXT('Context #1',
  '3D Context with UNIT and UNCERTAINTY') );
#361 = ( LENGTH_UNIT() NAMED_UNIT(*) SI_UNIT(.MILLI.,.METRE.) );
#362 = ( NAMED_UNIT(*) PLANE_ANGLE_UNIT() SI_UNIT($,.RADIAN.) );
#363 = ( NAMED_UNIT(*) SI_UNIT($,.STERADIAN.) SOLID_ANGLE_UNIT() );
#364 = UNCERTAINTY_MEASURE_WITH_UNIT(LENGTH_MEASURE(1.E-07),#361,
  'distance_accuracy_value','confusion accuracy');
#365 = CONTEXT_DEPENDENT_SHAPE_REPRESENTATION(#366,#368);
#366 = ( REPRESENTATION_RELATIONSHIP('','',#209,#10) 
REPRESENTATION_RELATIONSHIP_WITH_TRANSFORMATION(#367) 
SHAPE_REPRESENTATION_RELATIONSHIP() );
#367 = ITEM_DEFINED_TRANSFORMATION('','',#11,#19);
#368 = PRODUCT_DEFINITION_SHAPE('Placement','Placement of an item',#369
  );
#369 = NEXT_ASSEMBLY_USAGE_OCCURRENCE('9','Latch','',#5,#204,$);
#370 = PRODUCT_RELATED_PRODUCT_CATEGORY('part',$,(#206));
#371 = SHAPE_DEFINITION_REPRESENTATION(#372,#378);
#372 = PRODUCT_DEFINITION_SHAPE('','',#373);
#373 = PRODUCT_DEFINITION('design','',#374,#377);
#374 = PRODUCT_DEFINITION_FORMATION('','',#375);
#375 = PRODUCT('Terminals','Terminals','',(#376));
#376 = PRODUCT_CONTEXT('',#2,'mechanical');
#377 = PRODUCT_DEFINITION_CONTEXT('part definition',#2,'design');
#378 = SHAPE_REPRESENTATION('',(#11,#379,#529,#679,#829,#979,#1129,#1279
    ,#1429,#1579,#1729,#1879,#2029,#2179,#2329,#2479,#2629,#2779,#2929,
    #3079,#3229,#3379,#3529,#3679),#3829);
#379 = MANIFOLD_SOLID_BREP('',#380);
#380 = CLOSED_SHELL('',(#381,#421,#461,#483,#505,#517));
#381 = ADVANCED_FACE('',(#382),#416,.F.);
#382 = FACE_BOUND('',#383,.F.);
#383 = EDGE_LOOP('',(#384,#394,#402,#410));
#384 = ORIENTED_EDGE('',*,*,#385,.F.);
#385 = EDGE_CURVE('',#386,#388,#390,.T.);
#386 = VERTEX_POINT('',#387);
#387 = CARTESIAN_POINT('',(-3.108,-1.7255,0.));
#388 = VERTEX_POINT('',#389);
#389 = CARTESIAN_POINT('',(-3.108,-1.7255,7.5E-02));
#390 = LINE('',#391,#392);
#391 = CARTESIAN_POINT('',(-3.108,-1.7255,0.));
#392 = VECTOR('',#393,1.);
#393 = DIRECTION('',(0.,0.,1.));
#394 = ORIENTED_EDGE('',*,*,#395,.T.);
#395 = EDGE_CURVE('',#386,#396,#398,.T.);
#396 = VERTEX_POINT('',#397);
#397 = CARTESIAN_POINT('',(-3.108,-1.1495,0.));
#398 = LINE('',#399,#400);
#399 = CARTESIAN_POINT('',(-3.108,-1.7255,0.));
#400 = VECTOR('',#401,1.);
#401 = DIRECTION('',(0.,1.,0.));
#402 = ORIENTED_EDGE('',*,*,#403,.T.);
#403 = EDGE_CURVE('',#396,#404,#406,.T.);
#404 = VERTEX_POINT('',#405);
#405 = CARTESIAN_POINT('',(-3.108,-1.1495,7.5E-02));
#406 = LINE('',#407,#408);
#407 = CARTESIAN_POINT('',(-3.108,-1.1495,0.));
#408 = VECTOR('',#409,1.);
#409 = DIRECTION('',(0.,0.,1.));
#410 = ORIENTED_EDGE('',*,*,#411,.F.);
#411 = EDGE_CURVE('',#388,#404,#412,.T.);
#412 = LINE('',#413,#414);
#413 = CARTESIAN_POINT('',(-3.108,-1.7255,7.5E-02));
#414 = VECTOR('',#415,1.);
#415 = DIRECTION('',(0.,1.,0.));
#416 = PLANE('',#417);
#417 = AXIS2_PLACEMENT_3D('',#418,#419,#420);
#418 = CARTESIAN_POINT('',(-3.108,-1.7255,0.));
#419 = DIRECTION('',(1.,0.,0.));
#420 = DIRECTION('',(0.,0.,1.));
#421 = ADVANCED_FACE('',(#422),#456,.T.);
#422 = FACE_BOUND('',#423,.T.);
#423 = EDGE_LOOP('',(#424,#434,#442,#450));
#424 = ORIENTED_EDGE('',*,*,#425,.F.);
#425 = EDGE_CURVE('',#426,#428,#430,.T.);
#426 = VERTEX_POINT('',#427);
#427 = CARTESIAN_POINT('',(-2.892,-1.7255,0.));
#428 = VERTEX_POINT('',#429);
#429 = CARTESIAN_POINT('',(-2.892,-1.7255,7.5E-02));
#430 = LINE('',#431,#432);
#431 = CARTESIAN_POINT('',(-2.892,-1.7255,0.));
#432 = VECTOR('',#433,1.);
#433 = DIRECTION('',(0.,0.,1.));
#434 = ORIENTED_EDGE('',*,*,#435,.T.);
#435 = EDGE_CURVE('',#426,#436,#438,.T.);
#436 = VERTEX_POINT('',#437);
#437 = CARTESIAN_POINT('',(-2.892,-1.1495,0.));
#438 = LINE('',#439,#440);
#439 = CARTESIAN_POINT('',(-2.892,-1.7255,0.));
#440 = VECTOR('',#441,1.);
#441 = DIRECTION('',(0.,1.,0.));
#442 = ORIENTED_EDGE('',*,*,#443,.T.);
#443 = EDGE_CURVE('',#436,#444,#446,.T.);
#444 = VERTEX_POINT('',#445);
#445 = CARTESIAN_POINT('',(-2.892,-1.1495,7.5E-02));
#446 = LINE('',#447,#448);
#447 = CARTESIAN_POINT('',(-2.892,-1.1495,0.));
#448 = VECTOR('',#449,1.);
#449 = DIRECTION('',(0.,0.,1.));
#450 = ORIENTED_EDGE('',*,*,#451,.F.);
#451 = EDGE_CURVE('',#428,#444,#452,.T.);
#452 = LINE('',#453,#454);
#453 = CARTESIAN_POINT('',(-2.892,-1.7255,7.5E-02));
#454 = VECTOR('',#455,1.);
#455 = DIRECTION('',(0.,1.,0.));
#456 = PLANE('',#457);
#457 = AXIS2_PLACEMENT_3D('',#458,#459,#460);
#458 = CARTESIAN_POINT('',(-2.892,-1.7255,0.));
#459 = DIRECTION('',(1.,0.,0.));
#460 = DIRECTION('',(0.,0.,1.));
#461 = ADVANCED_FACE('',(#462),#478,.F.);
#462 = FACE_BOUND('',#463,.F.);
#463 = EDGE_LOOP('',(#464,#470,#471,#477));
#464 = ORIENTED_EDGE('',*,*,#465,.F.);
#465 = EDGE_CURVE('',#386,#426,#466,.T.);
#466 = LINE('',#467,#468);
#467 = CARTESIAN_POINT('',(-3.108,-1.7255,0.));
#468 = VECTOR('',#469,1.);
#469 = DIRECTION('',(1.,0.,0.));
#470 = ORIENTED_EDGE('',*,*,#385,.T.);
#471 = ORIENTED_EDGE('',*,*,#472,.T.);
#472 = EDGE_CURVE('',#388,#428,#473,.T.);
#473 = LINE('',#474,#475);
#474 = CARTESIAN_POINT('',(-3.108,-1.7255,7.5E-02));
#475 = VECTOR('',#476,1.);
#476 = DIRECTION('',(1.,0.,0.));
#477 = ORIENTED_EDGE('',*,*,#425,.F.);
#478 = PLANE('',#479);
#479 = AXIS2_PLACEMENT_3D('',#480,#481,#482);
#480 = CARTESIAN_POINT('',(-3.108,-1.7255,0.));
#481 = DIRECTION('',(0.,1.,0.));
#482 = DIRECTION('',(0.,0.,1.));
#483 = ADVANCED_FACE('',(#484),#500,.T.);
#484 = FACE_BOUND('',#485,.T.);
#485 = EDGE_LOOP('',(#486,#492,#493,#499));
#486 = ORIENTED_EDGE('',*,*,#487,.F.);
#487 = EDGE_CURVE('',#396,#436,#488,.T.);
#488 = LINE('',#489,#490);
#489 = CARTESIAN_POINT('',(-3.108,-1.1495,0.));
#490 = VECTOR('',#491,1.);
#491 = DIRECTION('',(1.,0.,0.));
#492 = ORIENTED_EDGE('',*,*,#403,.T.);
#493 = ORIENTED_EDGE('',*,*,#494,.T.);
#494 = EDGE_CURVE('',#404,#444,#495,.T.);
#495 = LINE('',#496,#497);
#496 = CARTESIAN_POINT('',(-3.108,-1.1495,7.5E-02));
#497 = VECTOR('',#498,1.);
#498 = DIRECTION('',(1.,0.,0.));
#499 = ORIENTED_EDGE('',*,*,#443,.F.);
#500 = PLANE('',#501);
#501 = AXIS2_PLACEMENT_3D('',#502,#503,#504);
#502 = CARTESIAN_POINT('',(-3.108,-1.1495,0.));
#503 = DIRECTION('',(0.,1.,0.));
#504 = DIRECTION('',(0.,0.,1.));
#505 = ADVANCED_FACE('',(#506),#512,.F.);
#506 = FACE_BOUND('',#507,.F.);
#507 = EDGE_LOOP('',(#508,#509,#510,#511));
#508 = ORIENTED_EDGE('',*,*,#395,.F.);
#509 = ORIENTED_EDGE('',*,*,#465,.T.);
#510 = ORIENTED_EDGE('',*,*,#435,.T.);
#511 = ORIENTED_EDGE('',*,*,#487,.F.);
#512 = PLANE('',#513);
#513 = AXIS2_PLACEMENT_3D('',#514,#515,#516);
#514 = CARTESIAN_POINT('',(-3.108,-1.7255,0.));
#515 = DIRECTION('',(0.,0.,1.));
#516 = DIRECTION('',(1.,0.,0.));
#517 = ADVANCED_FACE('',(#518),#524,.T.);
#518 = FACE_BOUND('',#519,.T.);
#519 = EDGE_LOOP('',(#520,#521,#522,#523));
#520 = ORIENTED_EDGE('',*,*,#411,.F.);
#521 = ORIENTED_EDGE('',*,*,#472,.T.);
#522 = ORIENTED_EDGE('',*,*,#451,.T.);
#523 = ORIENTED_EDGE('',*,*,#494,.F.);
#524 = PLANE('',#525);
#525 = AXIS2_PLACEMENT_3D('',#526,#527,#528);
#526 = CARTESIAN_POINT('',(-3.108,-1.7255,7.5E-02));
#527 = DIRECTION('',(0.,0.,1.));
#528 = DIRECTION('',(1.,0.,0.));
#529 = MANIFOLD_SOLID_BREP('',#530);
#530 = CLOSED_SHELL('',(#531,#571,#611,#633,#655,#667));
#531 = ADVANCED_FACE('',(#532),#566,.F.);
#532 = FACE_BOUND('',#533,.F.);
#533 = EDGE_LOOP('',(#534,#544,#552,#560));
#534 = ORIENTED_EDGE('',*,*,#535,.F.);
#535 = EDGE_CURVE('',#536,#538,#540,.T.);
#536 = VERTEX_POINT('',#537);
#537 = CARTESIAN_POINT('',(-2.808,1.2035,0.));
#538 = VERTEX_POINT('',#539);
#539 = CARTESIAN_POINT('',(-2.808,1.2035,7.5E-02));
#540 = LINE('',#541,#542);
#541 = CARTESIAN_POINT('',(-2.808,1.2035,0.));
#542 = VECTOR('',#543,1.);
#543 = DIRECTION('',(0.,0.,1.));
#544 = ORIENTED_EDGE('',*,*,#545,.T.);
#545 = EDGE_CURVE('',#536,#546,#548,.T.);
#546 = VERTEX_POINT('',#547);
#547 = CARTESIAN_POINT('',(-2.808,1.6715,0.));
#548 = LINE('',#549,#550);
#549 = CARTESIAN_POINT('',(-2.808,1.2035,0.));
#550 = VECTOR('',#551,1.);
#551 = DIRECTION('',(0.,1.,0.));
#552 = ORIENTED_EDGE('',*,*,#553,.T.);
#553 = EDGE_CURVE('',#546,#554,#556,.T.);
#554 = VERTEX_POINT('',#555);
#555 = CARTESIAN_POINT('',(-2.808,1.6715,7.5E-02));
#556 = LINE('',#557,#558);
#557 = CARTESIAN_POINT('',(-2.808,1.6715,0.));
#558 = VECTOR('',#559,1.);
#559 = DIRECTION('',(0.,0.,1.));
#560 = ORIENTED_EDGE('',*,*,#561,.F.);
#561 = EDGE_CURVE('',#538,#554,#562,.T.);
#562 = LINE('',#563,#564);
#563 = CARTESIAN_POINT('',(-2.808,1.2035,7.5E-02));
#564 = VECTOR('',#565,1.);
#565 = DIRECTION('',(0.,1.,0.));
#566 = PLANE('',#567);
#567 = AXIS2_PLACEMENT_3D('',#568,#569,#570);
#568 = CARTESIAN_POINT('',(-2.808,1.2035,0.));
#569 = DIRECTION('',(1.,0.,0.));
#570 = DIRECTION('',(0.,0.,1.));
#571 = ADVANCED_FACE('',(#572),#606,.T.);
#572 = FACE_BOUND('',#573,.T.);
#573 = EDGE_LOOP('',(#574,#584,#592,#600));
#574 = ORIENTED_EDGE('',*,*,#575,.F.);
#575 = EDGE_CURVE('',#576,#578,#580,.T.);
#576 = VERTEX_POINT('',#577);
#577 = CARTESIAN_POINT('',(-2.592,1.2035,0.));
#578 = VERTEX_POINT('',#579);
#579 = CARTESIAN_POINT('',(-2.592,1.2035,7.5E-02));
#580 = LINE('',#581,#582);
#581 = CARTESIAN_POINT('',(-2.592,1.2035,0.));
#582 = VECTOR('',#583,1.);
#583 = DIRECTION('',(0.,0.,1.));
#584 = ORIENTED_EDGE('',*,*,#585,.T.);
#585 = EDGE_CURVE('',#576,#586,#588,.T.);
#586 = VERTEX_POINT('',#587);
#587 = CARTESIAN_POINT('',(-2.592,1.6715,0.));
#588 = LINE('',#589,#590);
#589 = CARTESIAN_POINT('',(-2.592,1.2035,0.));
#590 = VECTOR('',#591,1.);
#591 = DIRECTION('',(0.,1.,0.));
#592 = ORIENTED_EDGE('',*,*,#593,.T.);
#593 = EDGE_CURVE('',#586,#594,#596,.T.);
#594 = VERTEX_POINT('',#595);
#595 = CARTESIAN_POINT('',(-2.592,1.6715,7.5E-02));
#596 = LINE('',#597,#598);
#597 = CARTESIAN_POINT('',(-2.592,1.6715,0.));
#598 = VECTOR('',#599,1.);
#599 = DIRECTION('',(0.,0.,1.));
#600 = ORIENTED_EDGE('',*,*,#601,.F.);
#601 = EDGE_CURVE('',#578,#594,#602,.T.);
#602 = LINE('',#603,#604);
#603 = CARTESIAN_POINT('',(-2.592,1.2035,7.5E-02));
#604 = VECTOR('',#605,1.);
#605 = DIRECTION('',(0.,1.,0.));
#606 = PLANE('',#607);
#607 = AXIS2_PLACEMENT_3D('',#608,#609,#610);
#608 = CARTESIAN_POINT('',(-2.592,1.2035,0.));
#609 = DIRECTION('',(1.,0.,0.));
#610 = DIRECTION('',(0.,0.,1.));
#611 = ADVANCED_FACE('',(#612),#628,.F.);
#612 = FACE_BOUND('',#613,.F.);
#613 = EDGE_LOOP('',(#614,#620,#621,#627));
#614 = ORIENTED_EDGE('',*,*,#615,.F.);
#615 = EDGE_CURVE('',#536,#576,#616,.T.);
#616 = LINE('',#617,#618);
#617 = CARTESIAN_POINT('',(-2.808,1.2035,0.));
#618 = VECTOR('',#619,1.);
#619 = DIRECTION('',(1.,0.,0.));
#620 = ORIENTED_EDGE('',*,*,#535,.T.);
#621 = ORIENTED_EDGE('',*,*,#622,.T.);
#622 = EDGE_CURVE('',#538,#578,#623,.T.);
#623 = LINE('',#624,#625);
#624 = CARTESIAN_POINT('',(-2.808,1.2035,7.5E-02));
#625 = VECTOR('',#626,1.);
#626 = DIRECTION('',(1.,0.,0.));
#627 = ORIENTED_EDGE('',*,*,#575,.F.);
#628 = PLANE('',#629);
#629 = AXIS2_PLACEMENT_3D('',#630,#631,#632);
#630 = CARTESIAN_POINT('',(-2.808,1.2035,0.));
#631 = DIRECTION('',(0.,1.,0.));
#632 = DIRECTION('',(0.,0.,1.));
#633 = ADVANCED_FACE('',(#634),#650,.T.);
#634 = FACE_BOUND('',#635,.T.);
#635 = EDGE_LOOP('',(#636,#642,#643,#649));
#636 = ORIENTED_EDGE('',*,*,#637,.F.);
#637 = EDGE_CURVE('',#546,#586,#638,.T.);
#638 = LINE('',#639,#640);
#639 = CARTESIAN_POINT('',(-2.808,1.6715,0.));
#640 = VECTOR('',#641,1.);
#641 = DIRECTION('',(1.,0.,0.));
#642 = ORIENTED_EDGE('',*,*,#553,.T.);
#643 = ORIENTED_EDGE('',*,*,#644,.T.);
#644 = EDGE_CURVE('',#554,#594,#645,.T.);
#645 = LINE('',#646,#647);
#646 = CARTESIAN_POINT('',(-2.808,1.6715,7.5E-02));
#647 = VECTOR('',#648,1.);
#648 = DIRECTION('',(1.,0.,0.));
#649 = ORIENTED_EDGE('',*,*,#593,.F.);
#650 = PLANE('',#651);
#651 = AXIS2_PLACEMENT_3D('',#652,#653,#654);
#652 = CARTESIAN_POINT('',(-2.808,1.6715,0.));
#653 = DIRECTION('',(0.,1.,0.));
#654 = DIRECTION('',(0.,0.,1.));
#655 = ADVANCED_FACE('',(#656),#662,.F.);
#656 = FACE_BOUND('',#657,.F.);
#657 = EDGE_LOOP('',(#658,#659,#660,#661));
#658 = ORIENTED_EDGE('',*,*,#545,.F.);
#659 = ORIENTED_EDGE('',*,*,#615,.T.);
#660 = ORIENTED_EDGE('',*,*,#585,.T.);
#661 = ORIENTED_EDGE('',*,*,#637,.F.);
#662 = PLANE('',#663);
#663 = AXIS2_PLACEMENT_3D('',#664,#665,#666);
#664 = CARTESIAN_POINT('',(-2.808,1.2035,0.));
#665 = DIRECTION('',(0.,0.,1.));
#666 = DIRECTION('',(1.,0.,0.));
#667 = ADVANCED_FACE('',(#668),#674,.T.);
#668 = FACE_BOUND('',#669,.T.);
#669 = EDGE_LOOP('',(#670,#671,#672,#673));
#670 = ORIENTED_EDGE('',*,*,#561,.F.);
#671 = ORIENTED_EDGE('',*,*,#622,.T.);
#672 = ORIENTED_EDGE('',*,*,#601,.T.);
#673 = ORIENTED_EDGE('',*,*,#644,.F.);
#674 = PLANE('',#675);
#675 = AXIS2_PLACEMENT_3D('',#676,#677,#678);
#676 = CARTESIAN_POINT('',(-2.808,1.2035,7.5E-02));
#677 = DIRECTION('',(0.,0.,1.));
#678 = DIRECTION('',(1.,0.,0.));
#679 = MANIFOLD_SOLID_BREP('',#680);
#680 = CLOSED_SHELL('',(#681,#721,#761,#783,#805,#817));
#681 = ADVANCED_FACE('',(#682),#716,.F.);
#682 = FACE_BOUND('',#683,.F.);
#683 = EDGE_LOOP('',(#684,#694,#702,#710));
#684 = ORIENTED_EDGE('',*,*,#685,.F.);
#685 = EDGE_CURVE('',#686,#688,#690,.T.);
#686 = VERTEX_POINT('',#687);
#687 = CARTESIAN_POINT('',(-2.508,-1.7255,0.));
#688 = VERTEX_POINT('',#689);
#689 = CARTESIAN_POINT('',(-2.508,-1.7255,7.5E-02));
#690 = LINE('',#691,#692);
#691 = CARTESIAN_POINT('',(-2.508,-1.7255,0.));
#692 = VECTOR('',#693,1.);
#693 = DIRECTION('',(0.,0.,1.));
#694 = ORIENTED_EDGE('',*,*,#695,.T.);
#695 = EDGE_CURVE('',#686,#696,#698,.T.);
#696 = VERTEX_POINT('',#697);
#697 = CARTESIAN_POINT('',(-2.508,-1.1495,0.));
#698 = LINE('',#699,#700);
#699 = CARTESIAN_POINT('',(-2.508,-1.7255,0.));
#700 = VECTOR('',#701,1.);
#701 = DIRECTION('',(0.,1.,0.));
#702 = ORIENTED_EDGE('',*,*,#703,.T.);
#703 = EDGE_CURVE('',#696,#704,#706,.T.);
#704 = VERTEX_POINT('',#705);
#705 = CARTESIAN_POINT('',(-2.508,-1.1495,7.5E-02));
#706 = LINE('',#707,#708);
#707 = CARTESIAN_POINT('',(-2.508,-1.1495,0.));
#708 = VECTOR('',#709,1.);
#709 = DIRECTION('',(0.,0.,1.));
#710 = ORIENTED_EDGE('',*,*,#711,.F.);
#711 = EDGE_CURVE('',#688,#704,#712,.T.);
#712 = LINE('',#713,#714);
#713 = CARTESIAN_POINT('',(-2.508,-1.7255,7.5E-02));
#714 = VECTOR('',#715,1.);
#715 = DIRECTION('',(0.,1.,0.));
#716 = PLANE('',#717);
#717 = AXIS2_PLACEMENT_3D('',#718,#719,#720);
#718 = CARTESIAN_POINT('',(-2.508,-1.7255,0.));
#719 = DIRECTION('',(1.,0.,0.));
#720 = DIRECTION('',(0.,0.,1.));
#721 = ADVANCED_FACE('',(#722),#756,.T.);
#722 = FACE_BOUND('',#723,.T.);
#723 = EDGE_LOOP('',(#724,#734,#742,#750));
#724 = ORIENTED_EDGE('',*,*,#725,.F.);
#725 = EDGE_CURVE('',#726,#728,#730,.T.);
#726 = VERTEX_POINT('',#727);
#727 = CARTESIAN_POINT('',(-2.292,-1.7255,0.));
#728 = VERTEX_POINT('',#729);
#729 = CARTESIAN_POINT('',(-2.292,-1.7255,7.5E-02));
#730 = LINE('',#731,#732);
#731 = CARTESIAN_POINT('',(-2.292,-1.7255,0.));
#732 = VECTOR('',#733,1.);
#733 = DIRECTION('',(0.,0.,1.));
#734 = ORIENTED_EDGE('',*,*,#735,.T.);
#735 = EDGE_CURVE('',#726,#736,#738,.T.);
#736 = VERTEX_POINT('',#737);
#737 = CARTESIAN_POINT('',(-2.292,-1.1495,0.));
#738 = LINE('',#739,#740);
#739 = CARTESIAN_POINT('',(-2.292,-1.7255,0.));
#740 = VECTOR('',#741,1.);
#741 = DIRECTION('',(0.,1.,0.));
#742 = ORIENTED_EDGE('',*,*,#743,.T.);
#743 = EDGE_CURVE('',#736,#744,#746,.T.);
#744 = VERTEX_POINT('',#745);
#745 = CARTESIAN_POINT('',(-2.292,-1.1495,7.5E-02));
#746 = LINE('',#747,#748);
#747 = CARTESIAN_POINT('',(-2.292,-1.1495,0.));
#748 = VECTOR('',#749,1.);
#749 = DIRECTION('',(0.,0.,1.));
#750 = ORIENTED_EDGE('',*,*,#751,.F.);
#751 = EDGE_CURVE('',#728,#744,#752,.T.);
#752 = LINE('',#753,#754);
#753 = CARTESIAN_POINT('',(-2.292,-1.7255,7.5E-02));
#754 = VECTOR('',#755,1.);
#755 = DIRECTION('',(0.,1.,0.));
#756 = PLANE('',#757);
#757 = AXIS2_PLACEMENT_3D('',#758,#759,#760);
#758 = CARTESIAN_POINT('',(-2.292,-1.7255,0.));
#759 = DIRECTION('',(1.,0.,0.));
#760 = DIRECTION('',(0.,0.,1.));
#761 = ADVANCED_FACE('',(#762),#778,.F.);
#762 = FACE_BOUND('',#763,.F.);
#763 = EDGE_LOOP('',(#764,#770,#771,#777));
#764 = ORIENTED_EDGE('',*,*,#765,.F.);
#765 = EDGE_CURVE('',#686,#726,#766,.T.);
#766 = LINE('',#767,#768);
#767 = CARTESIAN_POINT('',(-2.508,-1.7255,0.));
#768 = VECTOR('',#769,1.);
#769 = DIRECTION('',(1.,0.,0.));
#770 = ORIENTED_EDGE('',*,*,#685,.T.);
#771 = ORIENTED_EDGE('',*,*,#772,.T.);
#772 = EDGE_CURVE('',#688,#728,#773,.T.);
#773 = LINE('',#774,#775);
#774 = CARTESIAN_POINT('',(-2.508,-1.7255,7.5E-02));
#775 = VECTOR('',#776,1.);
#776 = DIRECTION('',(1.,0.,0.));
#777 = ORIENTED_EDGE('',*,*,#725,.F.);
#778 = PLANE('',#779);
#779 = AXIS2_PLACEMENT_3D('',#780,#781,#782);
#780 = CARTESIAN_POINT('',(-2.508,-1.7255,0.));
#781 = DIRECTION('',(0.,1.,0.));
#782 = DIRECTION('',(0.,0.,1.));
#783 = ADVANCED_FACE('',(#784),#800,.T.);
#784 = FACE_BOUND('',#785,.T.);
#785 = EDGE_LOOP('',(#786,#792,#793,#799));
#786 = ORIENTED_EDGE('',*,*,#787,.F.);
#787 = EDGE_CURVE('',#696,#736,#788,.T.);
#788 = LINE('',#789,#790);
#789 = CARTESIAN_POINT('',(-2.508,-1.1495,0.));
#790 = VECTOR('',#791,1.);
#791 = DIRECTION('',(1.,0.,0.));
#792 = ORIENTED_EDGE('',*,*,#703,.T.);
#793 = ORIENTED_EDGE('',*,*,#794,.T.);
#794 = EDGE_CURVE('',#704,#744,#795,.T.);
#795 = LINE('',#796,#797);
#796 = CARTESIAN_POINT('',(-2.508,-1.1495,7.5E-02));
#797 = VECTOR('',#798,1.);
#798 = DIRECTION('',(1.,0.,0.));
#799 = ORIENTED_EDGE('',*,*,#743,.F.);
#800 = PLANE('',#801);
#801 = AXIS2_PLACEMENT_3D('',#802,#803,#804);
#802 = CARTESIAN_POINT('',(-2.508,-1.1495,0.));
#803 = DIRECTION('',(0.,1.,0.));
#804 = DIRECTION('',(0.,0.,1.));
#805 = ADVANCED_FACE('',(#806),#812,.F.);
#806 = FACE_BOUND('',#807,.F.);
#807 = EDGE_LOOP('',(#808,#809,#810,#811));
#808 = ORIENTED_EDGE('',*,*,#695,.F.);
#809 = ORIENTED_EDGE('',*,*,#765,.T.);
#810 = ORIENTED_EDGE('',*,*,#735,.T.);
#811 = ORIENTED_EDGE('',*,*,#787,.F.);
#812 = PLANE('',#813);
#813 = AXIS2_PLACEMENT_3D('',#814,#815,#816);
#814 = CARTESIAN_POINT('',(-2.508,-1.7255,0.));
#815 = DIRECTION('',(0.,0.,1.));
#816 = DIRECTION('',(1.,0.,0.));
#817 = ADVANCED_FACE('',(#818),#824,.T.);
#818 = FACE_BOUND('',#819,.T.);
#819 = EDGE_LOOP('',(#820,#821,#822,#823));
#820 = ORIENTED_EDGE('',*,*,#711,.F.);
#821 = ORIENTED_EDGE('',*,*,#772,.T.);
#822 = ORIENTED_EDGE('',*,*,#751,.T.);
#823 = ORIENTED_EDGE('',*,*,#794,.F.);
#824 = PLANE('',#825);
#825 = AXIS2_PLACEMENT_3D('',#826,#827,#828);
#826 = CARTESIAN_POINT('',(-2.508,-1.7255,7.5E-02));
#827 = DIRECTION('',(0.,0.,1.));
#828 = DIRECTION('',(1.,0.,0.));
#829 = MANIFOLD_SOLID_BREP('',#830);
#830 = CLOSED_SHELL('',(#831,#871,#911,#933,#955,#967));
#831 = ADVANCED_FACE('',(#832),#866,.F.);
#832 = FACE_BOUND('',#833,.F.);
#833 = EDGE_LOOP('',(#834,#844,#852,#860));
#834 = ORIENTED_EDGE('',*,*,#835,.F.);
#835 = EDGE_CURVE('',#836,#838,#840,.T.);
#836 = VERTEX_POINT('',#837);
#837 = CARTESIAN_POINT('',(-2.208,1.2035,0.));
#838 = VERTEX_POINT('',#839);
#839 = CARTESIAN_POINT('',(-2.208,1.2035,7.5E-02));
#840 = LINE('',#841,#842);
#841 = CARTESIAN_POINT('',(-2.208,1.2035,0.));
#842 = VECTOR('',#843,1.);
#843 = DIRECTION('',(0.,0.,1.));
#844 = ORIENTED_EDGE('',*,*,#845,.T.);
#845 = EDGE_CURVE('',#836,#846,#848,.T.);
#846 = VERTEX_POINT('',#847);
#847 = CARTESIAN_POINT('',(-2.208,1.6715,0.));
#848 = LINE('',#849,#850);
#849 = CARTESIAN_POINT('',(-2.208,1.2035,0.));
#850 = VECTOR('',#851,1.);
#851 = DIRECTION('',(0.,1.,0.));
#852 = ORIENTED_EDGE('',*,*,#853,.T.);
#853 = EDGE_CURVE('',#846,#854,#856,.T.);
#854 = VERTEX_POINT('',#855);
#855 = CARTESIAN_POINT('',(-2.208,1.6715,7.5E-02));
#856 = LINE('',#857,#858);
#857 = CARTESIAN_POINT('',(-2.208,1.6715,0.));
#858 = VECTOR('',#859,1.);
#859 = DIRECTION('',(0.,0.,1.));
#860 = ORIENTED_EDGE('',*,*,#861,.F.);
#861 = EDGE_CURVE('',#838,#854,#862,.T.);
#862 = LINE('',#863,#864);
#863 = CARTESIAN_POINT('',(-2.208,1.2035,7.5E-02));
#864 = VECTOR('',#865,1.);
#865 = DIRECTION('',(0.,1.,0.));
#866 = PLANE('',#867);
#867 = AXIS2_PLACEMENT_3D('',#868,#869,#870);
#868 = CARTESIAN_POINT('',(-2.208,1.2035,0.));
#869 = DIRECTION('',(1.,0.,0.));
#870 = DIRECTION('',(0.,0.,1.));
#871 = ADVANCED_FACE('',(#872),#906,.T.);
#872 = FACE_BOUND('',#873,.T.);
#873 = EDGE_LOOP('',(#874,#884,#892,#900));
#874 = ORIENTED_EDGE('',*,*,#875,.F.);
#875 = EDGE_CURVE('',#876,#878,#880,.T.);
#876 = VERTEX_POINT('',#877);
#877 = CARTESIAN_POINT('',(-1.992,1.2035,0.));
#878 = VERTEX_POINT('',#879);
#879 = CARTESIAN_POINT('',(-1.992,1.2035,7.5E-02));
#880 = LINE('',#881,#882);
#881 = CARTESIAN_POINT('',(-1.992,1.2035,0.));
#882 = VECTOR('',#883,1.);
#883 = DIRECTION('',(0.,0.,1.));
#884 = ORIENTED_EDGE('',*,*,#885,.T.);
#885 = EDGE_CURVE('',#876,#886,#888,.T.);
#886 = VERTEX_POINT('',#887);
#887 = CARTESIAN_POINT('',(-1.992,1.6715,0.));
#888 = LINE('',#889,#890);
#889 = CARTESIAN_POINT('',(-1.992,1.2035,0.));
#890 = VECTOR('',#891,1.);
#891 = DIRECTION('',(0.,1.,0.));
#892 = ORIENTED_EDGE('',*,*,#893,.T.);
#893 = EDGE_CURVE('',#886,#894,#896,.T.);
#894 = VERTEX_POINT('',#895);
#895 = CARTESIAN_POINT('',(-1.992,1.6715,7.5E-02));
#896 = LINE('',#897,#898);
#897 = CARTESIAN_POINT('',(-1.992,1.6715,0.));
#898 = VECTOR('',#899,1.);
#899 = DIRECTION('',(0.,0.,1.));
#900 = ORIENTED_EDGE('',*,*,#901,.F.);
#901 = EDGE_CURVE('',#878,#894,#902,.T.);
#902 = LINE('',#903,#904);
#903 = CARTESIAN_POINT('',(-1.992,1.2035,7.5E-02));
#904 = VECTOR('',#905,1.);
#905 = DIRECTION('',(0.,1.,0.));
#906 = PLANE('',#907);
#907 = AXIS2_PLACEMENT_3D('',#908,#909,#910);
#908 = CARTESIAN_POINT('',(-1.992,1.2035,0.));
#909 = DIRECTION('',(1.,0.,0.));
#910 = DIRECTION('',(0.,0.,1.));
#911 = ADVANCED_FACE('',(#912),#928,.F.);
#912 = FACE_BOUND('',#913,.F.);
#913 = EDGE_LOOP('',(#914,#920,#921,#927));
#914 = ORIENTED_EDGE('',*,*,#915,.F.);
#915 = EDGE_CURVE('',#836,#876,#916,.T.);
#916 = LINE('',#917,#918);
#917 = CARTESIAN_POINT('',(-2.208,1.2035,0.));
#918 = VECTOR('',#919,1.);
#919 = DIRECTION('',(1.,0.,0.));
#920 = ORIENTED_EDGE('',*,*,#835,.T.);
#921 = ORIENTED_EDGE('',*,*,#922,.T.);
#922 = EDGE_CURVE('',#838,#878,#923,.T.);
#923 = LINE('',#924,#925);
#924 = CARTESIAN_POINT('',(-2.208,1.2035,7.5E-02));
#925 = VECTOR('',#926,1.);
#926 = DIRECTION('',(1.,0.,0.));
#927 = ORIENTED_EDGE('',*,*,#875,.F.);
#928 = PLANE('',#929);
#929 = AXIS2_PLACEMENT_3D('',#930,#931,#932);
#930 = CARTESIAN_POINT('',(-2.208,1.2035,0.));
#931 = DIRECTION('',(0.,1.,0.));
#932 = DIRECTION('',(0.,0.,1.));
#933 = ADVANCED_FACE('',(#934),#950,.T.);
#934 = FACE_BOUND('',#935,.T.);
#935 = EDGE_LOOP('',(#936,#942,#943,#949));
#936 = ORIENTED_EDGE('',*,*,#937,.F.);
#937 = EDGE_CURVE('',#846,#886,#938,.T.);
#938 = LINE('',#939,#940);
#939 = CARTESIAN_POINT('',(-2.208,1.6715,0.));
#940 = VECTOR('',#941,1.);
#941 = DIRECTION('',(1.,0.,0.));
#942 = ORIENTED_EDGE('',*,*,#853,.T.);
#943 = ORIENTED_EDGE('',*,*,#944,.T.);
#944 = EDGE_CURVE('',#854,#894,#945,.T.);
#945 = LINE('',#946,#947);
#946 = CARTESIAN_POINT('',(-2.208,1.6715,7.5E-02));
#947 = VECTOR('',#948,1.);
#948 = DIRECTION('',(1.,0.,0.));
#949 = ORIENTED_EDGE('',*,*,#893,.F.);
#950 = PLANE('',#951);
#951 = AXIS2_PLACEMENT_3D('',#952,#953,#954);
#952 = CARTESIAN_POINT('',(-2.208,1.6715,0.));
#953 = DIRECTION('',(0.,1.,0.));
#954 = DIRECTION('',(0.,0.,1.));
#955 = ADVANCED_FACE('',(#956),#962,.F.);
#956 = FACE_BOUND('',#957,.F.);
#957 = EDGE_LOOP('',(#958,#959,#960,#961));
#958 = ORIENTED_EDGE('',*,*,#845,.F.);
#959 = ORIENTED_EDGE('',*,*,#915,.T.);
#960 = ORIENTED_EDGE('',*,*,#885,.T.);
#961 = ORIENTED_EDGE('',*,*,#937,.F.);
#962 = PLANE('',#963);
#963 = AXIS2_PLACEMENT_3D('',#964,#965,#966);
#964 = CARTESIAN_POINT('',(-2.208,1.2035,0.));
#965 = DIRECTION('',(0.,0.,1.));
#966 = DIRECTION('',(1.,0.,0.));
#967 = ADVANCED_FACE('',(#968),#974,.T.);
#968 = FACE_BOUND('',#969,.T.);
#969 = EDGE_LOOP('',(#970,#971,#972,#973));
#970 = ORIENTED_EDGE('',*,*,#861,.F.);
#971 = ORIENTED_EDGE('',*,*,#922,.T.);
#972 = ORIENTED_EDGE('',*,*,#901,.T.);
#973 = ORIENTED_EDGE('',*,*,#944,.F.);
#974 = PLANE('',#975);
#975 = AXIS2_PLACEMENT_3D('',#976,#977,#978);
#976 = CARTESIAN_POINT('',(-2.208,1.2035,7.5E-02));
#977 = DIRECTION('',(0.,0.,1.));
#978 = DIRECTION('',(1.,0.,0.));
#979 = MANIFOLD_SOLID_BREP('',#980);
#980 = CLOSED_SHELL('',(#981,#1021,#1061,#1083,#1105,#1117));
#981 = ADVANCED_FACE('',(#982),#1016,.F.);
#982 = FACE_BOUND('',#983,.F.);
#983 = EDGE_LOOP('',(#984,#994,#1002,#1010));
#984 = ORIENTED_EDGE('',*,*,#985,.F.);
#985 = EDGE_CURVE('',#986,#988,#990,.T.);
#986 = VERTEX_POINT('',#987);
#987 = CARTESIAN_POINT('',(-1.908,-1.7255,0.));
#988 = VERTEX_POINT('',#989);
#989 = CARTESIAN_POINT('',(-1.908,-1.7255,7.5E-02));
#990 = LINE('',#991,#992);
#991 = CARTESIAN_POINT('',(-1.908,-1.7255,0.));
#992 = VECTOR('',#993,1.);
#993 = DIRECTION('',(0.,0.,1.));
#994 = ORIENTED_EDGE('',*,*,#995,.T.);
#995 = EDGE_CURVE('',#986,#996,#998,.T.);
#996 = VERTEX_POINT('',#997);
#997 = CARTESIAN_POINT('',(-1.908,-1.1495,0.));
#998 = LINE('',#999,#1000);
#999 = CARTESIAN_POINT('',(-1.908,-1.7255,0.));
#1000 = VECTOR('',#1001,1.);
#1001 = DIRECTION('',(0.,1.,0.));
#1002 = ORIENTED_EDGE('',*,*,#1003,.T.);
#1003 = EDGE_CURVE('',#996,#1004,#1006,.T.);
#1004 = VERTEX_POINT('',#1005);
#1005 = CARTESIAN_POINT('',(-1.908,-1.1495,7.5E-02));
#1006 = LINE('',#1007,#1008);
#1007 = CARTESIAN_POINT('',(-1.908,-1.1495,0.));
#1008 = VECTOR('',#1009,1.);
#1009 = DIRECTION('',(0.,0.,1.));
#1010 = ORIENTED_EDGE('',*,*,#1011,.F.);
#1011 = EDGE_CURVE('',#988,#1004,#1012,.T.);
#1012 = LINE('',#1013,#1014);
#1013 = CARTESIAN_POINT('',(-1.908,-1.7255,7.5E-02));
#1014 = VECTOR('',#1015,1.);
#1015 = DIRECTION('',(0.,1.,0.));
#1016 = PLANE('',#1017);
#1017 = AXIS2_PLACEMENT_3D('',#1018,#1019,#1020);
#1018 = CARTESIAN_POINT('',(-1.908,-1.7255,0.));
#1019 = DIRECTION('',(1.,0.,0.));
#1020 = DIRECTION('',(0.,0.,1.));
#1021 = ADVANCED_FACE('',(#1022),#1056,.T.);
#1022 = FACE_BOUND('',#1023,.T.);
#1023 = EDGE_LOOP('',(#1024,#1034,#1042,#1050));
#1024 = ORIENTED_EDGE('',*,*,#1025,.F.);
#1025 = EDGE_CURVE('',#1026,#1028,#1030,.T.);
#1026 = VERTEX_POINT('',#1027);
#1027 = CARTESIAN_POINT('',(-1.692,-1.7255,0.));
#1028 = VERTEX_POINT('',#1029);
#1029 = CARTESIAN_POINT('',(-1.692,-1.7255,7.5E-02));
#1030 = LINE('',#1031,#1032);
#1031 = CARTESIAN_POINT('',(-1.692,-1.7255,0.));
#1032 = VECTOR('',#1033,1.);
#1033 = DIRECTION('',(0.,0.,1.));
#1034 = ORIENTED_EDGE('',*,*,#1035,.T.);
#1035 = EDGE_CURVE('',#1026,#1036,#1038,.T.);
#1036 = VERTEX_POINT('',#1037);
#1037 = CARTESIAN_POINT('',(-1.692,-1.1495,0.));
#1038 = LINE('',#1039,#1040);
#1039 = CARTESIAN_POINT('',(-1.692,-1.7255,0.));
#1040 = VECTOR('',#1041,1.);
#1041 = DIRECTION('',(0.,1.,0.));
#1042 = ORIENTED_EDGE('',*,*,#1043,.T.);
#1043 = EDGE_CURVE('',#1036,#1044,#1046,.T.);
#1044 = VERTEX_POINT('',#1045);
#1045 = CARTESIAN_POINT('',(-1.692,-1.1495,7.5E-02));
#1046 = LINE('',#1047,#1048);
#1047 = CARTESIAN_POINT('',(-1.692,-1.1495,0.));
#1048 = VECTOR('',#1049,1.);
#1049 = DIRECTION('',(0.,0.,1.));
#1050 = ORIENTED_EDGE('',*,*,#1051,.F.);
#1051 = EDGE_CURVE('',#1028,#1044,#1052,.T.);
#1052 = LINE('',#1053,#1054);
#1053 = CARTESIAN_POINT('',(-1.692,-1.7255,7.5E-02));
#1054 = VECTOR('',#1055,1.);
#1055 = DIRECTION('',(0.,1.,0.));
#1056 = PLANE('',#1057);
#1057 = AXIS2_PLACEMENT_3D('',#1058,#1059,#1060);
#1058 = CARTESIAN_POINT('',(-1.692,-1.7255,0.));
#1059 = DIRECTION('',(1.,0.,0.));
#1060 = DIRECTION('',(0.,0.,1.));
#1061 = ADVANCED_FACE('',(#1062),#1078,.F.);
#1062 = FACE_BOUND('',#1063,.F.);
#1063 = EDGE_LOOP('',(#1064,#1070,#1071,#1077));
#1064 = ORIENTED_EDGE('',*,*,#1065,.F.);
#1065 = EDGE_CURVE('',#986,#1026,#1066,.T.);
#1066 = LINE('',#1067,#1068);
#1067 = CARTESIAN_POINT('',(-1.908,-1.7255,0.));
#1068 = VECTOR('',#1069,1.);
#1069 = DIRECTION('',(1.,0.,0.));
#1070 = ORIENTED_EDGE('',*,*,#985,.T.);
#1071 = ORIENTED_EDGE('',*,*,#1072,.T.);
#1072 = EDGE_CURVE('',#988,#1028,#1073,.T.);
#1073 = LINE('',#1074,#1075);
#1074 = CARTESIAN_POINT('',(-1.908,-1.7255,7.5E-02));
#1075 = VECTOR('',#1076,1.);
#1076 = DIRECTION('',(1.,0.,0.));
#1077 = ORIENTED_EDGE('',*,*,#1025,.F.);
#1078 = PLANE('',#1079);
#1079 = AXIS2_PLACEMENT_3D('',#1080,#1081,#1082);
#1080 = CARTESIAN_POINT('',(-1.908,-1.7255,0.));
#1081 = DIRECTION('',(0.,1.,0.));
#1082 = DIRECTION('',(0.,0.,1.));
#1083 = ADVANCED_FACE('',(#1084),#1100,.T.);
#1084 = FACE_BOUND('',#1085,.T.);
#1085 = EDGE_LOOP('',(#1086,#1092,#1093,#1099));
#1086 = ORIENTED_EDGE('',*,*,#1087,.F.);
#1087 = EDGE_CURVE('',#996,#1036,#1088,.T.);
#1088 = LINE('',#1089,#1090);
#1089 = CARTESIAN_POINT('',(-1.908,-1.1495,0.));
#1090 = VECTOR('',#1091,1.);
#1091 = DIRECTION('',(1.,0.,0.));
#1092 = ORIENTED_EDGE('',*,*,#1003,.T.);
#1093 = ORIENTED_EDGE('',*,*,#1094,.T.);
#1094 = EDGE_CURVE('',#1004,#1044,#1095,.T.);
#1095 = LINE('',#1096,#1097);
#1096 = CARTESIAN_POINT('',(-1.908,-1.1495,7.5E-02));
#1097 = VECTOR('',#1098,1.);
#1098 = DIRECTION('',(1.,0.,0.));
#1099 = ORIENTED_EDGE('',*,*,#1043,.F.);
#1100 = PLANE('',#1101);
#1101 = AXIS2_PLACEMENT_3D('',#1102,#1103,#1104);
#1102 = CARTESIAN_POINT('',(-1.908,-1.1495,0.));
#1103 = DIRECTION('',(0.,1.,0.));
#1104 = DIRECTION('',(0.,0.,1.));
#1105 = ADVANCED_FACE('',(#1106),#1112,.F.);
#1106 = FACE_BOUND('',#1107,.F.);
#1107 = EDGE_LOOP('',(#1108,#1109,#1110,#1111));
#1108 = ORIENTED_EDGE('',*,*,#995,.F.);
#1109 = ORIENTED_EDGE('',*,*,#1065,.T.);
#1110 = ORIENTED_EDGE('',*,*,#1035,.T.);
#1111 = ORIENTED_EDGE('',*,*,#1087,.F.);
#1112 = PLANE('',#1113);
#1113 = AXIS2_PLACEMENT_3D('',#1114,#1115,#1116);
#1114 = CARTESIAN_POINT('',(-1.908,-1.7255,0.));
#1115 = DIRECTION('',(0.,0.,1.));
#1116 = DIRECTION('',(1.,0.,0.));
#1117 = ADVANCED_FACE('',(#1118),#1124,.T.);
#1118 = FACE_BOUND('',#1119,.T.);
#1119 = EDGE_LOOP('',(#1120,#1121,#1122,#1123));
#1120 = ORIENTED_EDGE('',*,*,#1011,.F.);
#1121 = ORIENTED_EDGE('',*,*,#1072,.T.);
#1122 = ORIENTED_EDGE('',*,*,#1051,.T.);
#1123 = ORIENTED_EDGE('',*,*,#1094,.F.);
#1124 = PLANE('',#1125);
#1125 = AXIS2_PLACEMENT_3D('',#1126,#1127,#1128);
#1126 = CARTESIAN_POINT('',(-1.908,-1.7255,7.5E-02));
#1127 = DIRECTION('',(0.,0.,1.));
#1128 = DIRECTION('',(1.,0.,0.));
#1129 = MANIFOLD_SOLID_BREP('',#1130);
#1130 = CLOSED_SHELL('',(#1131,#1171,#1211,#1233,#1255,#1267));
#1131 = ADVANCED_FACE('',(#1132),#1166,.F.);
#1132 = FACE_BOUND('',#1133,.F.);
#1133 = EDGE_LOOP('',(#1134,#1144,#1152,#1160));
#1134 = ORIENTED_EDGE('',*,*,#1135,.F.);
#1135 = EDGE_CURVE('',#1136,#1138,#1140,.T.);
#1136 = VERTEX_POINT('',#1137);
#1137 = CARTESIAN_POINT('',(-1.608,1.2035,0.));
#1138 = VERTEX_POINT('',#1139);
#1139 = CARTESIAN_POINT('',(-1.608,1.2035,7.5E-02));
#1140 = LINE('',#1141,#1142);
#1141 = CARTESIAN_POINT('',(-1.608,1.2035,0.));
#1142 = VECTOR('',#1143,1.);
#1143 = DIRECTION('',(0.,0.,1.));
#1144 = ORIENTED_EDGE('',*,*,#1145,.T.);
#1145 = EDGE_CURVE('',#1136,#1146,#1148,.T.);
#1146 = VERTEX_POINT('',#1147);
#1147 = CARTESIAN_POINT('',(-1.608,1.6715,0.));
#1148 = LINE('',#1149,#1150);
#1149 = CARTESIAN_POINT('',(-1.608,1.2035,0.));
#1150 = VECTOR('',#1151,1.);
#1151 = DIRECTION('',(0.,1.,0.));
#1152 = ORIENTED_EDGE('',*,*,#1153,.T.);
#1153 = EDGE_CURVE('',#1146,#1154,#1156,.T.);
#1154 = VERTEX_POINT('',#1155);
#1155 = CARTESIAN_POINT('',(-1.608,1.6715,7.5E-02));
#1156 = LINE('',#1157,#1158);
#1157 = CARTESIAN_POINT('',(-1.608,1.6715,0.));
#1158 = VECTOR('',#1159,1.);
#1159 = DIRECTION('',(0.,0.,1.));
#1160 = ORIENTED_EDGE('',*,*,#1161,.F.);
#1161 = EDGE_CURVE('',#1138,#1154,#1162,.T.);
#1162 = LINE('',#1163,#1164);
#1163 = CARTESIAN_POINT('',(-1.608,1.2035,7.5E-02));
#1164 = VECTOR('',#1165,1.);
#1165 = DIRECTION('',(0.,1.,0.));
#1166 = PLANE('',#1167);
#1167 = AXIS2_PLACEMENT_3D('',#1168,#1169,#1170);
#1168 = CARTESIAN_POINT('',(-1.608,1.2035,0.));
#1169 = DIRECTION('',(1.,0.,0.));
#1170 = DIRECTION('',(0.,0.,1.));
#1171 = ADVANCED_FACE('',(#1172),#1206,.T.);
#1172 = FACE_BOUND('',#1173,.T.);
#1173 = EDGE_LOOP('',(#1174,#1184,#1192,#1200));
#1174 = ORIENTED_EDGE('',*,*,#1175,.F.);
#1175 = EDGE_CURVE('',#1176,#1178,#1180,.T.);
#1176 = VERTEX_POINT('',#1177);
#1177 = CARTESIAN_POINT('',(-1.392,1.2035,0.));
#1178 = VERTEX_POINT('',#1179);
#1179 = CARTESIAN_POINT('',(-1.392,1.2035,7.5E-02));
#1180 = LINE('',#1181,#1182);
#1181 = CARTESIAN_POINT('',(-1.392,1.2035,0.));
#1182 = VECTOR('',#1183,1.);
#1183 = DIRECTION('',(0.,0.,1.));
#1184 = ORIENTED_EDGE('',*,*,#1185,.T.);
#1185 = EDGE_CURVE('',#1176,#1186,#1188,.T.);
#1186 = VERTEX_POINT('',#1187);
#1187 = CARTESIAN_POINT('',(-1.392,1.6715,0.));
#1188 = LINE('',#1189,#1190);
#1189 = CARTESIAN_POINT('',(-1.392,1.2035,0.));
#1190 = VECTOR('',#1191,1.);
#1191 = DIRECTION('',(0.,1.,0.));
#1192 = ORIENTED_EDGE('',*,*,#1193,.T.);
#1193 = EDGE_CURVE('',#1186,#1194,#1196,.T.);
#1194 = VERTEX_POINT('',#1195);
#1195 = CARTESIAN_POINT('',(-1.392,1.6715,7.5E-02));
#1196 = LINE('',#1197,#1198);
#1197 = CARTESIAN_POINT('',(-1.392,1.6715,0.));
#1198 = VECTOR('',#1199,1.);
#1199 = DIRECTION('',(0.,0.,1.));
#1200 = ORIENTED_EDGE('',*,*,#1201,.F.);
#1201 = EDGE_CURVE('',#1178,#1194,#1202,.T.);
#1202 = LINE('',#1203,#1204);
#1203 = CARTESIAN_POINT('',(-1.392,1.2035,7.5E-02));
#1204 = VECTOR('',#1205,1.);
#1205 = DIRECTION('',(0.,1.,0.));
#1206 = PLANE('',#1207);
#1207 = AXIS2_PLACEMENT_3D('',#1208,#1209,#1210);
#1208 = CARTESIAN_POINT('',(-1.392,1.2035,0.));
#1209 = DIRECTION('',(1.,0.,0.));
#1210 = DIRECTION('',(0.,0.,1.));
#1211 = ADVANCED_FACE('',(#1212),#1228,.F.);
#1212 = FACE_BOUND('',#1213,.F.);
#1213 = EDGE_LOOP('',(#1214,#1220,#1221,#1227));
#1214 = ORIENTED_EDGE('',*,*,#1215,.F.);
#1215 = EDGE_CURVE('',#1136,#1176,#1216,.T.);
#1216 = LINE('',#1217,#1218);
#1217 = CARTESIAN_POINT('',(-1.608,1.2035,0.));
#1218 = VECTOR('',#1219,1.);
#1219 = DIRECTION('',(1.,0.,0.));
#1220 = ORIENTED_EDGE('',*,*,#1135,.T.);
#1221 = ORIENTED_EDGE('',*,*,#1222,.T.);
#1222 = EDGE_CURVE('',#1138,#1178,#1223,.T.);
#1223 = LINE('',#1224,#1225);
#1224 = CARTESIAN_POINT('',(-1.608,1.2035,7.5E-02));
#1225 = VECTOR('',#1226,1.);
#1226 = DIRECTION('',(1.,0.,0.));
#1227 = ORIENTED_EDGE('',*,*,#1175,.F.);
#1228 = PLANE('',#1229);
#1229 = AXIS2_PLACEMENT_3D('',#1230,#1231,#1232);
#1230 = CARTESIAN_POINT('',(-1.608,1.2035,0.));
#1231 = DIRECTION('',(0.,1.,0.));
#1232 = DIRECTION('',(0.,0.,1.));
#1233 = ADVANCED_FACE('',(#1234),#1250,.T.);
#1234 = FACE_BOUND('',#1235,.T.);
#1235 = EDGE_LOOP('',(#1236,#1242,#1243,#1249));
#1236 = ORIENTED_EDGE('',*,*,#1237,.F.);
#1237 = EDGE_CURVE('',#1146,#1186,#1238,.T.);
#1238 = LINE('',#1239,#1240);
#1239 = CARTESIAN_POINT('',(-1.608,1.6715,0.));
#1240 = VECTOR('',#1241,1.);
#1241 = DIRECTION('',(1.,0.,0.));
#1242 = ORIENTED_EDGE('',*,*,#1153,.T.);
#1243 = ORIENTED_EDGE('',*,*,#1244,.T.);
#1244 = EDGE_CURVE('',#1154,#1194,#1245,.T.);
#1245 = LINE('',#1246,#1247);
#1246 = CARTESIAN_POINT('',(-1.608,1.6715,7.5E-02));
#1247 = VECTOR('',#1248,1.);
#1248 = DIRECTION('',(1.,0.,0.));
#1249 = ORIENTED_EDGE('',*,*,#1193,.F.);
#1250 = PLANE('',#1251);
#1251 = AXIS2_PLACEMENT_3D('',#1252,#1253,#1254);
#1252 = CARTESIAN_POINT('',(-1.608,1.6715,0.));
#1253 = DIRECTION('',(0.,1.,0.));
#1254 = DIRECTION('',(0.,0.,1.));
#1255 = ADVANCED_FACE('',(#1256),#1262,.F.);
#1256 = FACE_BOUND('',#1257,.F.);
#1257 = EDGE_LOOP('',(#1258,#1259,#1260,#1261));
#1258 = ORIENTED_EDGE('',*,*,#1145,.F.);
#1259 = ORIENTED_EDGE('',*,*,#1215,.T.);
#1260 = ORIENTED_EDGE('',*,*,#1185,.T.);
#1261 = ORIENTED_EDGE('',*,*,#1237,.F.);
#1262 = PLANE('',#1263);
#1263 = AXIS2_PLACEMENT_3D('',#1264,#1265,#1266);
#1264 = CARTESIAN_POINT('',(-1.608,1.2035,0.));
#1265 = DIRECTION('',(0.,0.,1.));
#1266 = DIRECTION('',(1.,0.,0.));
#1267 = ADVANCED_FACE('',(#1268),#1274,.T.);
#1268 = FACE_BOUND('',#1269,.T.);
#1269 = EDGE_LOOP('',(#1270,#1271,#1272,#1273));
#1270 = ORIENTED_EDGE('',*,*,#1161,.F.);
#1271 = ORIENTED_EDGE('',*,*,#1222,.T.);
#1272 = ORIENTED_EDGE('',*,*,#1201,.T.);
#1273 = ORIENTED_EDGE('',*,*,#1244,.F.);
#1274 = PLANE('',#1275);
#1275 = AXIS2_PLACEMENT_3D('',#1276,#1277,#1278);
#1276 = CARTESIAN_POINT('',(-1.608,1.2035,7.5E-02));
#1277 = DIRECTION('',(0.,0.,1.));
#1278 = DIRECTION('',(1.,0.,0.));
#1279 = MANIFOLD_SOLID_BREP('',#1280);
#1280 = CLOSED_SHELL('',(#1281,#1321,#1361,#1383,#1405,#1417));
#1281 = ADVANCED_FACE('',(#1282),#1316,.F.);
#1282 = FACE_BOUND('',#1283,.F.);
#1283 = EDGE_LOOP('',(#1284,#1294,#1302,#1310));
#1284 = ORIENTED_EDGE('',*,*,#1285,.F.);
#1285 = EDGE_CURVE('',#1286,#1288,#1290,.T.);
#1286 = VERTEX_POINT('',#1287);
#1287 = CARTESIAN_POINT('',(-1.308,-1.7255,0.));
#1288 = VERTEX_POINT('',#1289);
#1289 = CARTESIAN_POINT('',(-1.308,-1.7255,7.5E-02));
#1290 = LINE('',#1291,#1292);
#1291 = CARTESIAN_POINT('',(-1.308,-1.7255,0.));
#1292 = VECTOR('',#1293,1.);
#1293 = DIRECTION('',(0.,0.,1.));
#1294 = ORIENTED_EDGE('',*,*,#1295,.T.);
#1295 = EDGE_CURVE('',#1286,#1296,#1298,.T.);
#1296 = VERTEX_POINT('',#1297);
#1297 = CARTESIAN_POINT('',(-1.308,-1.1495,0.));
#1298 = LINE('',#1299,#1300);
#1299 = CARTESIAN_POINT('',(-1.308,-1.7255,0.));
#1300 = VECTOR('',#1301,1.);
#1301 = DIRECTION('',(0.,1.,0.));
#1302 = ORIENTED_EDGE('',*,*,#1303,.T.);
#1303 = EDGE_CURVE('',#1296,#1304,#1306,.T.);
#1304 = VERTEX_POINT('',#1305);
#1305 = CARTESIAN_POINT('',(-1.308,-1.1495,7.5E-02));
#1306 = LINE('',#1307,#1308);
#1307 = CARTESIAN_POINT('',(-1.308,-1.1495,0.));
#1308 = VECTOR('',#1309,1.);
#1309 = DIRECTION('',(0.,0.,1.));
#1310 = ORIENTED_EDGE('',*,*,#1311,.F.);
#1311 = EDGE_CURVE('',#1288,#1304,#1312,.T.);
#1312 = LINE('',#1313,#1314);
#1313 = CARTESIAN_POINT('',(-1.308,-1.7255,7.5E-02));
#1314 = VECTOR('',#1315,1.);
#1315 = DIRECTION('',(0.,1.,0.));
#1316 = PLANE('',#1317);
#1317 = AXIS2_PLACEMENT_3D('',#1318,#1319,#1320);
#1318 = CARTESIAN_POINT('',(-1.308,-1.7255,0.));
#1319 = DIRECTION('',(1.,0.,0.));
#1320 = DIRECTION('',(0.,0.,1.));
#1321 = ADVANCED_FACE('',(#1322),#1356,.T.);
#1322 = FACE_BOUND('',#1323,.T.);
#1323 = EDGE_LOOP('',(#1324,#1334,#1342,#1350));
#1324 = ORIENTED_EDGE('',*,*,#1325,.F.);
#1325 = EDGE_CURVE('',#1326,#1328,#1330,.T.);
#1326 = VERTEX_POINT('',#1327);
#1327 = CARTESIAN_POINT('',(-1.092,-1.7255,0.));
#1328 = VERTEX_POINT('',#1329);
#1329 = CARTESIAN_POINT('',(-1.092,-1.7255,7.5E-02));
#1330 = LINE('',#1331,#1332);
#1331 = CARTESIAN_POINT('',(-1.092,-1.7255,0.));
#1332 = VECTOR('',#1333,1.);
#1333 = DIRECTION('',(0.,0.,1.));
#1334 = ORIENTED_EDGE('',*,*,#1335,.T.);
#1335 = EDGE_CURVE('',#1326,#1336,#1338,.T.);
#1336 = VERTEX_POINT('',#1337);
#1337 = CARTESIAN_POINT('',(-1.092,-1.1495,0.));
#1338 = LINE('',#1339,#1340);
#1339 = CARTESIAN_POINT('',(-1.092,-1.7255,0.));
#1340 = VECTOR('',#1341,1.);
#1341 = DIRECTION('',(0.,1.,0.));
#1342 = ORIENTED_EDGE('',*,*,#1343,.T.);
#1343 = EDGE_CURVE('',#1336,#1344,#1346,.T.);
#1344 = VERTEX_POINT('',#1345);
#1345 = CARTESIAN_POINT('',(-1.092,-1.1495,7.5E-02));
#1346 = LINE('',#1347,#1348);
#1347 = CARTESIAN_POINT('',(-1.092,-1.1495,0.));
#1348 = VECTOR('',#1349,1.);
#1349 = DIRECTION('',(0.,0.,1.));
#1350 = ORIENTED_EDGE('',*,*,#1351,.F.);
#1351 = EDGE_CURVE('',#1328,#1344,#1352,.T.);
#1352 = LINE('',#1353,#1354);
#1353 = CARTESIAN_POINT('',(-1.092,-1.7255,7.5E-02));
#1354 = VECTOR('',#1355,1.);
#1355 = DIRECTION('',(0.,1.,0.));
#1356 = PLANE('',#1357);
#1357 = AXIS2_PLACEMENT_3D('',#1358,#1359,#1360);
#1358 = CARTESIAN_POINT('',(-1.092,-1.7255,0.));
#1359 = DIRECTION('',(1.,0.,0.));
#1360 = DIRECTION('',(0.,0.,1.));
#1361 = ADVANCED_FACE('',(#1362),#1378,.F.);
#1362 = FACE_BOUND('',#1363,.F.);
#1363 = EDGE_LOOP('',(#1364,#1370,#1371,#1377));
#1364 = ORIENTED_EDGE('',*,*,#1365,.F.);
#1365 = EDGE_CURVE('',#1286,#1326,#1366,.T.);
#1366 = LINE('',#1367,#1368);
#1367 = CARTESIAN_POINT('',(-1.308,-1.7255,0.));
#1368 = VECTOR('',#1369,1.);
#1369 = DIRECTION('',(1.,0.,0.));
#1370 = ORIENTED_EDGE('',*,*,#1285,.T.);
#1371 = ORIENTED_EDGE('',*,*,#1372,.T.);
#1372 = EDGE_CURVE('',#1288,#1328,#1373,.T.);
#1373 = LINE('',#1374,#1375);
#1374 = CARTESIAN_POINT('',(-1.308,-1.7255,7.5E-02));
#1375 = VECTOR('',#1376,1.);
#1376 = DIRECTION('',(1.,0.,0.));
#1377 = ORIENTED_EDGE('',*,*,#1325,.F.);
#1378 = PLANE('',#1379);
#1379 = AXIS2_PLACEMENT_3D('',#1380,#1381,#1382);
#1380 = CARTESIAN_POINT('',(-1.308,-1.7255,0.));
#1381 = DIRECTION('',(0.,1.,0.));
#1382 = DIRECTION('',(0.,0.,1.));
#1383 = ADVANCED_FACE('',(#1384),#1400,.T.);
#1384 = FACE_BOUND('',#1385,.T.);
#1385 = EDGE_LOOP('',(#1386,#1392,#1393,#1399));
#1386 = ORIENTED_EDGE('',*,*,#1387,.F.);
#1387 = EDGE_CURVE('',#1296,#1336,#1388,.T.);
#1388 = LINE('',#1389,#1390);
#1389 = CARTESIAN_POINT('',(-1.308,-1.1495,0.));
#1390 = VECTOR('',#1391,1.);
#1391 = DIRECTION('',(1.,0.,0.));
#1392 = ORIENTED_EDGE('',*,*,#1303,.T.);
#1393 = ORIENTED_EDGE('',*,*,#1394,.T.);
#1394 = EDGE_CURVE('',#1304,#1344,#1395,.T.);
#1395 = LINE('',#1396,#1397);
#1396 = CARTESIAN_POINT('',(-1.308,-1.1495,7.5E-02));
#1397 = VECTOR('',#1398,1.);
#1398 = DIRECTION('',(1.,0.,0.));
#1399 = ORIENTED_EDGE('',*,*,#1343,.F.);
#1400 = PLANE('',#1401);
#1401 = AXIS2_PLACEMENT_3D('',#1402,#1403,#1404);
#1402 = CARTESIAN_POINT('',(-1.308,-1.1495,0.));
#1403 = DIRECTION('',(0.,1.,0.));
#1404 = DIRECTION('',(0.,0.,1.));
#1405 = ADVANCED_FACE('',(#1406),#1412,.F.);
#1406 = FACE_BOUND('',#1407,.F.);
#1407 = EDGE_LOOP('',(#1408,#1409,#1410,#1411));
#1408 = ORIENTED_EDGE('',*,*,#1295,.F.);
#1409 = ORIENTED_EDGE('',*,*,#1365,.T.);
#1410 = ORIENTED_EDGE('',*,*,#1335,.T.);
#1411 = ORIENTED_EDGE('',*,*,#1387,.F.);
#1412 = PLANE('',#1413);
#1413 = AXIS2_PLACEMENT_3D('',#1414,#1415,#1416);
#1414 = CARTESIAN_POINT('',(-1.308,-1.7255,0.));
#1415 = DIRECTION('',(0.,0.,1.));
#1416 = DIRECTION('',(1.,0.,0.));
#1417 = ADVANCED_FACE('',(#1418),#1424,.T.);
#1418 = FACE_BOUND('',#1419,.T.);
#1419 = EDGE_LOOP('',(#1420,#1421,#1422,#1423));
#1420 = ORIENTED_EDGE('',*,*,#1311,.F.);
#1421 = ORIENTED_EDGE('',*,*,#1372,.T.);
#1422 = ORIENTED_EDGE('',*,*,#1351,.T.);
#1423 = ORIENTED_EDGE('',*,*,#1394,.F.);
#1424 = PLANE('',#1425);
#1425 = AXIS2_PLACEMENT_3D('',#1426,#1427,#1428);
#1426 = CARTESIAN_POINT('',(-1.308,-1.7255,7.5E-02));
#1427 = DIRECTION('',(0.,0.,1.));
#1428 = DIRECTION('',(1.,0.,0.));
#1429 = MANIFOLD_SOLID_BREP('',#1430);
#1430 = CLOSED_SHELL('',(#1431,#1471,#1511,#1533,#1555,#1567));
#1431 = ADVANCED_FACE('',(#1432),#1466,.F.);
#1432 = FACE_BOUND('',#1433,.F.);
#1433 = EDGE_LOOP('',(#1434,#1444,#1452,#1460));
#1434 = ORIENTED_EDGE('',*,*,#1435,.F.);
#1435 = EDGE_CURVE('',#1436,#1438,#1440,.T.);
#1436 = VERTEX_POINT('',#1437);
#1437 = CARTESIAN_POINT('',(-1.008,1.2035,0.));
#1438 = VERTEX_POINT('',#1439);
#1439 = CARTESIAN_POINT('',(-1.008,1.2035,7.5E-02));
#1440 = LINE('',#1441,#1442);
#1441 = CARTESIAN_POINT('',(-1.008,1.2035,0.));
#1442 = VECTOR('',#1443,1.);
#1443 = DIRECTION('',(0.,0.,1.));
#1444 = ORIENTED_EDGE('',*,*,#1445,.T.);
#1445 = EDGE_CURVE('',#1436,#1446,#1448,.T.);
#1446 = VERTEX_POINT('',#1447);
#1447 = CARTESIAN_POINT('',(-1.008,1.6715,0.));
#1448 = LINE('',#1449,#1450);
#1449 = CARTESIAN_POINT('',(-1.008,1.2035,0.));
#1450 = VECTOR('',#1451,1.);
#1451 = DIRECTION('',(0.,1.,0.));
#1452 = ORIENTED_EDGE('',*,*,#1453,.T.);
#1453 = EDGE_CURVE('',#1446,#1454,#1456,.T.);
#1454 = VERTEX_POINT('',#1455);
#1455 = CARTESIAN_POINT('',(-1.008,1.6715,7.5E-02));
#1456 = LINE('',#1457,#1458);
#1457 = CARTESIAN_POINT('',(-1.008,1.6715,0.));
#1458 = VECTOR('',#1459,1.);
#1459 = DIRECTION('',(0.,0.,1.));
#1460 = ORIENTED_EDGE('',*,*,#1461,.F.);
#1461 = EDGE_CURVE('',#1438,#1454,#1462,.T.);
#1462 = LINE('',#1463,#1464);
#1463 = CARTESIAN_POINT('',(-1.008,1.2035,7.5E-02));
#1464 = VECTOR('',#1465,1.);
#1465 = DIRECTION('',(0.,1.,0.));
#1466 = PLANE('',#1467);
#1467 = AXIS2_PLACEMENT_3D('',#1468,#1469,#1470);
#1468 = CARTESIAN_POINT('',(-1.008,1.2035,0.));
#1469 = DIRECTION('',(1.,0.,0.));
#1470 = DIRECTION('',(0.,0.,1.));
#1471 = ADVANCED_FACE('',(#1472),#1506,.T.);
#1472 = FACE_BOUND('',#1473,.T.);
#1473 = EDGE_LOOP('',(#1474,#1484,#1492,#1500));
#1474 = ORIENTED_EDGE('',*,*,#1475,.F.);
#1475 = EDGE_CURVE('',#1476,#1478,#1480,.T.);
#1476 = VERTEX_POINT('',#1477);
#1477 = CARTESIAN_POINT('',(-0.792,1.2035,0.));
#1478 = VERTEX_POINT('',#1479);
#1479 = CARTESIAN_POINT('',(-0.792,1.2035,7.5E-02));
#1480 = LINE('',#1481,#1482);
#1481 = CARTESIAN_POINT('',(-0.792,1.2035,0.));
#1482 = VECTOR('',#1483,1.);
#1483 = DIRECTION('',(0.,0.,1.));
#1484 = ORIENTED_EDGE('',*,*,#1485,.T.);
#1485 = EDGE_CURVE('',#1476,#1486,#1488,.T.);
#1486 = VERTEX_POINT('',#1487);
#1487 = CARTESIAN_POINT('',(-0.792,1.6715,0.));
#1488 = LINE('',#1489,#1490);
#1489 = CARTESIAN_POINT('',(-0.792,1.2035,0.));
#1490 = VECTOR('',#1491,1.);
#1491 = DIRECTION('',(0.,1.,0.));
#1492 = ORIENTED_EDGE('',*,*,#1493,.T.);
#1493 = EDGE_CURVE('',#1486,#1494,#1496,.T.);
#1494 = VERTEX_POINT('',#1495);
#1495 = CARTESIAN_POINT('',(-0.792,1.6715,7.5E-02));
#1496 = LINE('',#1497,#1498);
#1497 = CARTESIAN_POINT('',(-0.792,1.6715,0.));
#1498 = VECTOR('',#1499,1.);
#1499 = DIRECTION('',(0.,0.,1.));
#1500 = ORIENTED_EDGE('',*,*,#1501,.F.);
#1501 = EDGE_CURVE('',#1478,#1494,#1502,.T.);
#1502 = LINE('',#1503,#1504);
#1503 = CARTESIAN_POINT('',(-0.792,1.2035,7.5E-02));
#1504 = VECTOR('',#1505,1.);
#1505 = DIRECTION('',(0.,1.,0.));
#1506 = PLANE('',#1507);
#1507 = AXIS2_PLACEMENT_3D('',#1508,#1509,#1510);
#1508 = CARTESIAN_POINT('',(-0.792,1.2035,0.));
#1509 = DIRECTION('',(1.,0.,0.));
#1510 = DIRECTION('',(0.,0.,1.));
#1511 = ADVANCED_FACE('',(#1512),#1528,.F.);
#1512 = FACE_BOUND('',#1513,.F.);
#1513 = EDGE_LOOP('',(#1514,#1520,#1521,#1527));
#1514 = ORIENTED_EDGE('',*,*,#1515,.F.);
#1515 = EDGE_CURVE('',#1436,#1476,#1516,.T.);
#1516 = LINE('',#1517,#1518);
#1517 = CARTESIAN_POINT('',(-1.008,1.2035,0.));
#1518 = VECTOR('',#1519,1.);
#1519 = DIRECTION('',(1.,0.,0.));
#1520 = ORIENTED_EDGE('',*,*,#1435,.T.);
#1521 = ORIENTED_EDGE('',*,*,#1522,.T.);
#1522 = EDGE_CURVE('',#1438,#1478,#1523,.T.);
#1523 = LINE('',#1524,#1525);
#1524 = CARTESIAN_POINT('',(-1.008,1.2035,7.5E-02));
#1525 = VECTOR('',#1526,1.);
#1526 = DIRECTION('',(1.,0.,0.));
#1527 = ORIENTED_EDGE('',*,*,#1475,.F.);
#1528 = PLANE('',#1529);
#1529 = AXIS2_PLACEMENT_3D('',#1530,#1531,#1532);
#1530 = CARTESIAN_POINT('',(-1.008,1.2035,0.));
#1531 = DIRECTION('',(0.,1.,0.));
#1532 = DIRECTION('',(0.,0.,1.));
#1533 = ADVANCED_FACE('',(#1534),#1550,.T.);
#1534 = FACE_BOUND('',#1535,.T.);
#1535 = EDGE_LOOP('',(#1536,#1542,#1543,#1549));
#1536 = ORIENTED_EDGE('',*,*,#1537,.F.);
#1537 = EDGE_CURVE('',#1446,#1486,#1538,.T.);
#1538 = LINE('',#1539,#1540);
#1539 = CARTESIAN_POINT('',(-1.008,1.6715,0.));
#1540 = VECTOR('',#1541,1.);
#1541 = DIRECTION('',(1.,0.,0.));
#1542 = ORIENTED_EDGE('',*,*,#1453,.T.);
#1543 = ORIENTED_EDGE('',*,*,#1544,.T.);
#1544 = EDGE_CURVE('',#1454,#1494,#1545,.T.);
#1545 = LINE('',#1546,#1547);
#1546 = CARTESIAN_POINT('',(-1.008,1.6715,7.5E-02));
#1547 = VECTOR('',#1548,1.);
#1548 = DIRECTION('',(1.,0.,0.));
#1549 = ORIENTED_EDGE('',*,*,#1493,.F.);
#1550 = PLANE('',#1551);
#1551 = AXIS2_PLACEMENT_3D('',#1552,#1553,#1554);
#1552 = CARTESIAN_POINT('',(-1.008,1.6715,0.));
#1553 = DIRECTION('',(0.,1.,0.));
#1554 = DIRECTION('',(0.,0.,1.));
#1555 = ADVANCED_FACE('',(#1556),#1562,.F.);
#1556 = FACE_BOUND('',#1557,.F.);
#1557 = EDGE_LOOP('',(#1558,#1559,#1560,#1561));
#1558 = ORIENTED_EDGE('',*,*,#1445,.F.);
#1559 = ORIENTED_EDGE('',*,*,#1515,.T.);
#1560 = ORIENTED_EDGE('',*,*,#1485,.T.);
#1561 = ORIENTED_EDGE('',*,*,#1537,.F.);
#1562 = PLANE('',#1563);
#1563 = AXIS2_PLACEMENT_3D('',#1564,#1565,#1566);
#1564 = CARTESIAN_POINT('',(-1.008,1.2035,0.));
#1565 = DIRECTION('',(0.,0.,1.));
#1566 = DIRECTION('',(1.,0.,0.));
#1567 = ADVANCED_FACE('',(#1568),#1574,.T.);
#1568 = FACE_BOUND('',#1569,.T.);
#1569 = EDGE_LOOP('',(#1570,#1571,#1572,#1573));
#1570 = ORIENTED_EDGE('',*,*,#1461,.F.);
#1571 = ORIENTED_EDGE('',*,*,#1522,.T.);
#1572 = ORIENTED_EDGE('',*,*,#1501,.T.);
#1573 = ORIENTED_EDGE('',*,*,#1544,.F.);
#1574 = PLANE('',#1575);
#1575 = AXIS2_PLACEMENT_3D('',#1576,#1577,#1578);
#1576 = CARTESIAN_POINT('',(-1.008,1.2035,7.5E-02));
#1577 = DIRECTION('',(0.,0.,1.));
#1578 = DIRECTION('',(1.,0.,0.));
#1579 = MANIFOLD_SOLID_BREP('',#1580);
#1580 = CLOSED_SHELL('',(#1581,#1621,#1661,#1683,#1705,#1717));
#1581 = ADVANCED_FACE('',(#1582),#1616,.F.);
#1582 = FACE_BOUND('',#1583,.F.);
#1583 = EDGE_LOOP('',(#1584,#1594,#1602,#1610));
#1584 = ORIENTED_EDGE('',*,*,#1585,.F.);
#1585 = EDGE_CURVE('',#1586,#1588,#1590,.T.);
#1586 = VERTEX_POINT('',#1587);
#1587 = CARTESIAN_POINT('',(-0.708,-1.7255,0.));
#1588 = VERTEX_POINT('',#1589);
#1589 = CARTESIAN_POINT('',(-0.708,-1.7255,7.5E-02));
#1590 = LINE('',#1591,#1592);
#1591 = CARTESIAN_POINT('',(-0.708,-1.7255,0.));
#1592 = VECTOR('',#1593,1.);
#1593 = DIRECTION('',(0.,0.,1.));
#1594 = ORIENTED_EDGE('',*,*,#1595,.T.);
#1595 = EDGE_CURVE('',#1586,#1596,#1598,.T.);
#1596 = VERTEX_POINT('',#1597);
#1597 = CARTESIAN_POINT('',(-0.708,-1.1495,0.));
#1598 = LINE('',#1599,#1600);
#1599 = CARTESIAN_POINT('',(-0.708,-1.7255,0.));
#1600 = VECTOR('',#1601,1.);
#1601 = DIRECTION('',(0.,1.,0.));
#1602 = ORIENTED_EDGE('',*,*,#1603,.T.);
#1603 = EDGE_CURVE('',#1596,#1604,#1606,.T.);
#1604 = VERTEX_POINT('',#1605);
#1605 = CARTESIAN_POINT('',(-0.708,-1.1495,7.5E-02));
#1606 = LINE('',#1607,#1608);
#1607 = CARTESIAN_POINT('',(-0.708,-1.1495,0.));
#1608 = VECTOR('',#1609,1.);
#1609 = DIRECTION('',(0.,0.,1.));
#1610 = ORIENTED_EDGE('',*,*,#1611,.F.);
#1611 = EDGE_CURVE('',#1588,#1604,#1612,.T.);
#1612 = LINE('',#1613,#1614);
#1613 = CARTESIAN_POINT('',(-0.708,-1.7255,7.5E-02));
#1614 = VECTOR('',#1615,1.);
#1615 = DIRECTION('',(0.,1.,0.));
#1616 = PLANE('',#1617);
#1617 = AXIS2_PLACEMENT_3D('',#1618,#1619,#1620);
#1618 = CARTESIAN_POINT('',(-0.708,-1.7255,0.));
#1619 = DIRECTION('',(1.,0.,0.));
#1620 = DIRECTION('',(0.,0.,1.));
#1621 = ADVANCED_FACE('',(#1622),#1656,.T.);
#1622 = FACE_BOUND('',#1623,.T.);
#1623 = EDGE_LOOP('',(#1624,#1634,#1642,#1650));
#1624 = ORIENTED_EDGE('',*,*,#1625,.F.);
#1625 = EDGE_CURVE('',#1626,#1628,#1630,.T.);
#1626 = VERTEX_POINT('',#1627);
#1627 = CARTESIAN_POINT('',(-0.492,-1.7255,0.));
#1628 = VERTEX_POINT('',#1629);
#1629 = CARTESIAN_POINT('',(-0.492,-1.7255,7.5E-02));
#1630 = LINE('',#1631,#1632);
#1631 = CARTESIAN_POINT('',(-0.492,-1.7255,0.));
#1632 = VECTOR('',#1633,1.);
#1633 = DIRECTION('',(0.,0.,1.));
#1634 = ORIENTED_EDGE('',*,*,#1635,.T.);
#1635 = EDGE_CURVE('',#1626,#1636,#1638,.T.);
#1636 = VERTEX_POINT('',#1637);
#1637 = CARTESIAN_POINT('',(-0.492,-1.1495,0.));
#1638 = LINE('',#1639,#1640);
#1639 = CARTESIAN_POINT('',(-0.492,-1.7255,0.));
#1640 = VECTOR('',#1641,1.);
#1641 = DIRECTION('',(0.,1.,0.));
#1642 = ORIENTED_EDGE('',*,*,#1643,.T.);
#1643 = EDGE_CURVE('',#1636,#1644,#1646,.T.);
#1644 = VERTEX_POINT('',#1645);
#1645 = CARTESIAN_POINT('',(-0.492,-1.1495,7.5E-02));
#1646 = LINE('',#1647,#1648);
#1647 = CARTESIAN_POINT('',(-0.492,-1.1495,0.));
#1648 = VECTOR('',#1649,1.);
#1649 = DIRECTION('',(0.,0.,1.));
#1650 = ORIENTED_EDGE('',*,*,#1651,.F.);
#1651 = EDGE_CURVE('',#1628,#1644,#1652,.T.);
#1652 = LINE('',#1653,#1654);
#1653 = CARTESIAN_POINT('',(-0.492,-1.7255,7.5E-02));
#1654 = VECTOR('',#1655,1.);
#1655 = DIRECTION('',(0.,1.,0.));
#1656 = PLANE('',#1657);
#1657 = AXIS2_PLACEMENT_3D('',#1658,#1659,#1660);
#1658 = CARTESIAN_POINT('',(-0.492,-1.7255,0.));
#1659 = DIRECTION('',(1.,0.,0.));
#1660 = DIRECTION('',(0.,0.,1.));
#1661 = ADVANCED_FACE('',(#1662),#1678,.F.);
#1662 = FACE_BOUND('',#1663,.F.);
#1663 = EDGE_LOOP('',(#1664,#1670,#1671,#1677));
#1664 = ORIENTED_EDGE('',*,*,#1665,.F.);
#1665 = EDGE_CURVE('',#1586,#1626,#1666,.T.);
#1666 = LINE('',#1667,#1668);
#1667 = CARTESIAN_POINT('',(-0.708,-1.7255,0.));
#1668 = VECTOR('',#1669,1.);
#1669 = DIRECTION('',(1.,0.,0.));
#1670 = ORIENTED_EDGE('',*,*,#1585,.T.);
#1671 = ORIENTED_EDGE('',*,*,#1672,.T.);
#1672 = EDGE_CURVE('',#1588,#1628,#1673,.T.);
#1673 = LINE('',#1674,#1675);
#1674 = CARTESIAN_POINT('',(-0.708,-1.7255,7.5E-02));
#1675 = VECTOR('',#1676,1.);
#1676 = DIRECTION('',(1.,0.,0.));
#1677 = ORIENTED_EDGE('',*,*,#1625,.F.);
#1678 = PLANE('',#1679);
#1679 = AXIS2_PLACEMENT_3D('',#1680,#1681,#1682);
#1680 = CARTESIAN_POINT('',(-0.708,-1.7255,0.));
#1681 = DIRECTION('',(0.,1.,0.));
#1682 = DIRECTION('',(0.,0.,1.));
#1683 = ADVANCED_FACE('',(#1684),#1700,.T.);
#1684 = FACE_BOUND('',#1685,.T.);
#1685 = EDGE_LOOP('',(#1686,#1692,#1693,#1699));
#1686 = ORIENTED_EDGE('',*,*,#1687,.F.);
#1687 = EDGE_CURVE('',#1596,#1636,#1688,.T.);
#1688 = LINE('',#1689,#1690);
#1689 = CARTESIAN_POINT('',(-0.708,-1.1495,0.));
#1690 = VECTOR('',#1691,1.);
#1691 = DIRECTION('',(1.,0.,0.));
#1692 = ORIENTED_EDGE('',*,*,#1603,.T.);
#1693 = ORIENTED_EDGE('',*,*,#1694,.T.);
#1694 = EDGE_CURVE('',#1604,#1644,#1695,.T.);
#1695 = LINE('',#1696,#1697);
#1696 = CARTESIAN_POINT('',(-0.708,-1.1495,7.5E-02));
#1697 = VECTOR('',#1698,1.);
#1698 = DIRECTION('',(1.,0.,0.));
#1699 = ORIENTED_EDGE('',*,*,#1643,.F.);
#1700 = PLANE('',#1701);
#1701 = AXIS2_PLACEMENT_3D('',#1702,#1703,#1704);
#1702 = CARTESIAN_POINT('',(-0.708,-1.1495,0.));
#1703 = DIRECTION('',(0.,1.,0.));
#1704 = DIRECTION('',(0.,0.,1.));
#1705 = ADVANCED_FACE('',(#1706),#1712,.F.);
#1706 = FACE_BOUND('',#1707,.F.);
#1707 = EDGE_LOOP('',(#1708,#1709,#1710,#1711));
#1708 = ORIENTED_EDGE('',*,*,#1595,.F.);
#1709 = ORIENTED_EDGE('',*,*,#1665,.T.);
#1710 = ORIENTED_EDGE('',*,*,#1635,.T.);
#1711 = ORIENTED_EDGE('',*,*,#1687,.F.);
#1712 = PLANE('',#1713);
#1713 = AXIS2_PLACEMENT_3D('',#1714,#1715,#1716);
#1714 = CARTESIAN_POINT('',(-0.708,-1.7255,0.));
#1715 = DIRECTION('',(0.,0.,1.));
#1716 = DIRECTION('',(1.,0.,0.));
#1717 = ADVANCED_FACE('',(#1718),#1724,.T.);
#1718 = FACE_BOUND('',#1719,.T.);
#1719 = EDGE_LOOP('',(#1720,#1721,#1722,#1723));
#1720 = ORIENTED_EDGE('',*,*,#1611,.F.);
#1721 = ORIENTED_EDGE('',*,*,#1672,.T.);
#1722 = ORIENTED_EDGE('',*,*,#1651,.T.);
#1723 = ORIENTED_EDGE('',*,*,#1694,.F.);
#1724 = PLANE('',#1725);
#1725 = AXIS2_PLACEMENT_3D('',#1726,#1727,#1728);
#1726 = CARTESIAN_POINT('',(-0.708,-1.7255,7.5E-02));
#1727 = DIRECTION('',(0.,0.,1.));
#1728 = DIRECTION('',(1.,0.,0.));
#1729 = MANIFOLD_SOLID_BREP('',#1730);
#1730 = CLOSED_SHELL('',(#1731,#1771,#1811,#1833,#1855,#1867));
#1731 = ADVANCED_FACE('',(#1732),#1766,.F.);
#1732 = FACE_BOUND('',#1733,.F.);
#1733 = EDGE_LOOP('',(#1734,#1744,#1752,#1760));
#1734 = ORIENTED_EDGE('',*,*,#1735,.F.);
#1735 = EDGE_CURVE('',#1736,#1738,#1740,.T.);
#1736 = VERTEX_POINT('',#1737);
#1737 = CARTESIAN_POINT('',(-0.408,1.2035,0.));
#1738 = VERTEX_POINT('',#1739);
#1739 = CARTESIAN_POINT('',(-0.408,1.2035,7.5E-02));
#1740 = LINE('',#1741,#1742);
#1741 = CARTESIAN_POINT('',(-0.408,1.2035,0.));
#1742 = VECTOR('',#1743,1.);
#1743 = DIRECTION('',(0.,0.,1.));
#1744 = ORIENTED_EDGE('',*,*,#1745,.T.);
#1745 = EDGE_CURVE('',#1736,#1746,#1748,.T.);
#1746 = VERTEX_POINT('',#1747);
#1747 = CARTESIAN_POINT('',(-0.408,1.6715,0.));
#1748 = LINE('',#1749,#1750);
#1749 = CARTESIAN_POINT('',(-0.408,1.2035,0.));
#1750 = VECTOR('',#1751,1.);
#1751 = DIRECTION('',(0.,1.,0.));
#1752 = ORIENTED_EDGE('',*,*,#1753,.T.);
#1753 = EDGE_CURVE('',#1746,#1754,#1756,.T.);
#1754 = VERTEX_POINT('',#1755);
#1755 = CARTESIAN_POINT('',(-0.408,1.6715,7.5E-02));
#1756 = LINE('',#1757,#1758);
#1757 = CARTESIAN_POINT('',(-0.408,1.6715,0.));
#1758 = VECTOR('',#1759,1.);
#1759 = DIRECTION('',(0.,0.,1.));
#1760 = ORIENTED_EDGE('',*,*,#1761,.F.);
#1761 = EDGE_CURVE('',#1738,#1754,#1762,.T.);
#1762 = LINE('',#1763,#1764);
#1763 = CARTESIAN_POINT('',(-0.408,1.2035,7.5E-02));
#1764 = VECTOR('',#1765,1.);
#1765 = DIRECTION('',(0.,1.,0.));
#1766 = PLANE('',#1767);
#1767 = AXIS2_PLACEMENT_3D('',#1768,#1769,#1770);
#1768 = CARTESIAN_POINT('',(-0.408,1.2035,0.));
#1769 = DIRECTION('',(1.,0.,0.));
#1770 = DIRECTION('',(0.,0.,1.));
#1771 = ADVANCED_FACE('',(#1772),#1806,.T.);
#1772 = FACE_BOUND('',#1773,.T.);
#1773 = EDGE_LOOP('',(#1774,#1784,#1792,#1800));
#1774 = ORIENTED_EDGE('',*,*,#1775,.F.);
#1775 = EDGE_CURVE('',#1776,#1778,#1780,.T.);
#1776 = VERTEX_POINT('',#1777);
#1777 = CARTESIAN_POINT('',(-0.192,1.2035,0.));
#1778 = VERTEX_POINT('',#1779);
#1779 = CARTESIAN_POINT('',(-0.192,1.2035,7.5E-02));
#1780 = LINE('',#1781,#1782);
#1781 = CARTESIAN_POINT('',(-0.192,1.2035,0.));
#1782 = VECTOR('',#1783,1.);
#1783 = DIRECTION('',(0.,0.,1.));
#1784 = ORIENTED_EDGE('',*,*,#1785,.T.);
#1785 = EDGE_CURVE('',#1776,#1786,#1788,.T.);
#1786 = VERTEX_POINT('',#1787);
#1787 = CARTESIAN_POINT('',(-0.192,1.6715,0.));
#1788 = LINE('',#1789,#1790);
#1789 = CARTESIAN_POINT('',(-0.192,1.2035,0.));
#1790 = VECTOR('',#1791,1.);
#1791 = DIRECTION('',(0.,1.,0.));
#1792 = ORIENTED_EDGE('',*,*,#1793,.T.);
#1793 = EDGE_CURVE('',#1786,#1794,#1796,.T.);
#1794 = VERTEX_POINT('',#1795);
#1795 = CARTESIAN_POINT('',(-0.192,1.6715,7.5E-02));
#1796 = LINE('',#1797,#1798);
#1797 = CARTESIAN_POINT('',(-0.192,1.6715,0.));
#1798 = VECTOR('',#1799,1.);
#1799 = DIRECTION('',(0.,0.,1.));
#1800 = ORIENTED_EDGE('',*,*,#1801,.F.);
#1801 = EDGE_CURVE('',#1778,#1794,#1802,.T.);
#1802 = LINE('',#1803,#1804);
#1803 = CARTESIAN_POINT('',(-0.192,1.2035,7.5E-02));
#1804 = VECTOR('',#1805,1.);
#1805 = DIRECTION('',(0.,1.,0.));
#1806 = PLANE('',#1807);
#1807 = AXIS2_PLACEMENT_3D('',#1808,#1809,#1810);
#1808 = CARTESIAN_POINT('',(-0.192,1.2035,0.));
#1809 = DIRECTION('',(1.,0.,0.));
#1810 = DIRECTION('',(0.,0.,1.));
#1811 = ADVANCED_FACE('',(#1812),#1828,.F.);
#1812 = FACE_BOUND('',#1813,.F.);
#1813 = EDGE_LOOP('',(#1814,#1820,#1821,#1827));
#1814 = ORIENTED_EDGE('',*,*,#1815,.F.);
#1815 = EDGE_CURVE('',#1736,#1776,#1816,.T.);
#1816 = LINE('',#1817,#1818);
#1817 = CARTESIAN_POINT('',(-0.408,1.2035,0.));
#1818 = VECTOR('',#1819,1.);
#1819 = DIRECTION('',(1.,0.,0.));
#1820 = ORIENTED_EDGE('',*,*,#1735,.T.);
#1821 = ORIENTED_EDGE('',*,*,#1822,.T.);
#1822 = EDGE_CURVE('',#1738,#1778,#1823,.T.);
#1823 = LINE('',#1824,#1825);
#1824 = CARTESIAN_POINT('',(-0.408,1.2035,7.5E-02));
#1825 = VECTOR('',#1826,1.);
#1826 = DIRECTION('',(1.,0.,0.));
#1827 = ORIENTED_EDGE('',*,*,#1775,.F.);
#1828 = PLANE('',#1829);
#1829 = AXIS2_PLACEMENT_3D('',#1830,#1831,#1832);
#1830 = CARTESIAN_POINT('',(-0.408,1.2035,0.));
#1831 = DIRECTION('',(0.,1.,0.));
#1832 = DIRECTION('',(0.,0.,1.));
#1833 = ADVANCED_FACE('',(#1834),#1850,.T.);
#1834 = FACE_BOUND('',#1835,.T.);
#1835 = EDGE_LOOP('',(#1836,#1842,#1843,#1849));
#1836 = ORIENTED_EDGE('',*,*,#1837,.F.);
#1837 = EDGE_CURVE('',#1746,#1786,#1838,.T.);
#1838 = LINE('',#1839,#1840);
#1839 = CARTESIAN_POINT('',(-0.408,1.6715,0.));
#1840 = VECTOR('',#1841,1.);
#1841 = DIRECTION('',(1.,0.,0.));
#1842 = ORIENTED_EDGE('',*,*,#1753,.T.);
#1843 = ORIENTED_EDGE('',*,*,#1844,.T.);
#1844 = EDGE_CURVE('',#1754,#1794,#1845,.T.);
#1845 = LINE('',#1846,#1847);
#1846 = CARTESIAN_POINT('',(-0.408,1.6715,7.5E-02));
#1847 = VECTOR('',#1848,1.);
#1848 = DIRECTION('',(1.,0.,0.));
#1849 = ORIENTED_EDGE('',*,*,#1793,.F.);
#1850 = PLANE('',#1851);
#1851 = AXIS2_PLACEMENT_3D('',#1852,#1853,#1854);
#1852 = CARTESIAN_POINT('',(-0.408,1.6715,0.));
#1853 = DIRECTION('',(0.,1.,0.));
#1854 = DIRECTION('',(0.,0.,1.));
#1855 = ADVANCED_FACE('',(#1856),#1862,.F.);
#1856 = FACE_BOUND('',#1857,.F.);
#1857 = EDGE_LOOP('',(#1858,#1859,#1860,#1861));
#1858 = ORIENTED_EDGE('',*,*,#1745,.F.);
#1859 = ORIENTED_EDGE('',*,*,#1815,.T.);
#1860 = ORIENTED_EDGE('',*,*,#1785,.T.);
#1861 = ORIENTED_EDGE('',*,*,#1837,.F.);
#1862 = PLANE('',#1863);
#1863 = AXIS2_PLACEMENT_3D('',#1864,#1865,#1866);
#1864 = CARTESIAN_POINT('',(-0.408,1.2035,0.));
#1865 = DIRECTION('',(0.,0.,1.));
#1866 = DIRECTION('',(1.,0.,0.));
#1867 = ADVANCED_FACE('',(#1868),#1874,.T.);
#1868 = FACE_BOUND('',#1869,.T.);
#1869 = EDGE_LOOP('',(#1870,#1871,#1872,#1873));
#1870 = ORIENTED_EDGE('',*,*,#1761,.F.);
#1871 = ORIENTED_EDGE('',*,*,#1822,.T.);
#1872 = ORIENTED_EDGE('',*,*,#1801,.T.);
#1873 = ORIENTED_EDGE('',*,*,#1844,.F.);
#1874 = PLANE('',#1875);
#1875 = AXIS2_PLACEMENT_3D('',#1876,#1877,#1878);
#1876 = CARTESIAN_POINT('',(-0.408,1.2035,7.5E-02));
#1877 = DIRECTION('',(0.,0.,1.));
#1878 = DIRECTION('',(1.,0.,0.));
#1879 = MANIFOLD_SOLID_BREP('',#1880);
#1880 = CLOSED_SHELL('',(#1881,#1921,#1961,#1983,#2005,#2017));
#1881 = ADVANCED_FACE('',(#1882),#1916,.F.);
#1882 = FACE_BOUND('',#1883,.F.);
#1883 = EDGE_LOOP('',(#1884,#1894,#1902,#1910));
#1884 = ORIENTED_EDGE('',*,*,#1885,.F.);
#1885 = EDGE_CURVE('',#1886,#1888,#1890,.T.);
#1886 = VERTEX_POINT('',#1887);
#1887 = CARTESIAN_POINT('',(-0.108,-1.7255,0.));
#1888 = VERTEX_POINT('',#1889);
#1889 = CARTESIAN_POINT('',(-0.108,-1.7255,7.5E-02));
#1890 = LINE('',#1891,#1892);
#1891 = CARTESIAN_POINT('',(-0.108,-1.7255,0.));
#1892 = VECTOR('',#1893,1.);
#1893 = DIRECTION('',(0.,0.,1.));
#1894 = ORIENTED_EDGE('',*,*,#1895,.T.);
#1895 = EDGE_CURVE('',#1886,#1896,#1898,.T.);
#1896 = VERTEX_POINT('',#1897);
#1897 = CARTESIAN_POINT('',(-0.108,-1.1495,0.));
#1898 = LINE('',#1899,#1900);
#1899 = CARTESIAN_POINT('',(-0.108,-1.7255,0.));
#1900 = VECTOR('',#1901,1.);
#1901 = DIRECTION('',(0.,1.,0.));
#1902 = ORIENTED_EDGE('',*,*,#1903,.T.);
#1903 = EDGE_CURVE('',#1896,#1904,#1906,.T.);
#1904 = VERTEX_POINT('',#1905);
#1905 = CARTESIAN_POINT('',(-0.108,-1.1495,7.5E-02));
#1906 = LINE('',#1907,#1908);
#1907 = CARTESIAN_POINT('',(-0.108,-1.1495,0.));
#1908 = VECTOR('',#1909,1.);
#1909 = DIRECTION('',(0.,0.,1.));
#1910 = ORIENTED_EDGE('',*,*,#1911,.F.);
#1911 = EDGE_CURVE('',#1888,#1904,#1912,.T.);
#1912 = LINE('',#1913,#1914);
#1913 = CARTESIAN_POINT('',(-0.108,-1.7255,7.5E-02));
#1914 = VECTOR('',#1915,1.);
#1915 = DIRECTION('',(0.,1.,0.));
#1916 = PLANE('',#1917);
#1917 = AXIS2_PLACEMENT_3D('',#1918,#1919,#1920);
#1918 = CARTESIAN_POINT('',(-0.108,-1.7255,0.));
#1919 = DIRECTION('',(1.,0.,0.));
#1920 = DIRECTION('',(0.,0.,1.));
#1921 = ADVANCED_FACE('',(#1922),#1956,.T.);
#1922 = FACE_BOUND('',#1923,.T.);
#1923 = EDGE_LOOP('',(#1924,#1934,#1942,#1950));
#1924 = ORIENTED_EDGE('',*,*,#1925,.F.);
#1925 = EDGE_CURVE('',#1926,#1928,#1930,.T.);
#1926 = VERTEX_POINT('',#1927);
#1927 = CARTESIAN_POINT('',(0.108,-1.7255,0.));
#1928 = VERTEX_POINT('',#1929);
#1929 = CARTESIAN_POINT('',(0.108,-1.7255,7.5E-02));
#1930 = LINE('',#1931,#1932);
#1931 = CARTESIAN_POINT('',(0.108,-1.7255,0.));
#1932 = VECTOR('',#1933,1.);
#1933 = DIRECTION('',(0.,0.,1.));
#1934 = ORIENTED_EDGE('',*,*,#1935,.T.);
#1935 = EDGE_CURVE('',#1926,#1936,#1938,.T.);
#1936 = VERTEX_POINT('',#1937);
#1937 = CARTESIAN_POINT('',(0.108,-1.1495,0.));
#1938 = LINE('',#1939,#1940);
#1939 = CARTESIAN_POINT('',(0.108,-1.7255,0.));
#1940 = VECTOR('',#1941,1.);
#1941 = DIRECTION('',(0.,1.,0.));
#1942 = ORIENTED_EDGE('',*,*,#1943,.T.);
#1943 = EDGE_CURVE('',#1936,#1944,#1946,.T.);
#1944 = VERTEX_POINT('',#1945);
#1945 = CARTESIAN_POINT('',(0.108,-1.1495,7.5E-02));
#1946 = LINE('',#1947,#1948);
#1947 = CARTESIAN_POINT('',(0.108,-1.1495,0.));
#1948 = VECTOR('',#1949,1.);
#1949 = DIRECTION('',(0.,0.,1.));
#1950 = ORIENTED_EDGE('',*,*,#1951,.F.);
#1951 = EDGE_CURVE('',#1928,#1944,#1952,.T.);
#1952 = LINE('',#1953,#1954);
#1953 = CARTESIAN_POINT('',(0.108,-1.7255,7.5E-02));
#1954 = VECTOR('',#1955,1.);
#1955 = DIRECTION('',(0.,1.,0.));
#1956 = PLANE('',#1957);
#1957 = AXIS2_PLACEMENT_3D('',#1958,#1959,#1960);
#1958 = CARTESIAN_POINT('',(0.108,-1.7255,0.));
#1959 = DIRECTION('',(1.,0.,0.));
#1960 = DIRECTION('',(0.,0.,1.));
#1961 = ADVANCED_FACE('',(#1962),#1978,.F.);
#1962 = FACE_BOUND('',#1963,.F.);
#1963 = EDGE_LOOP('',(#1964,#1970,#1971,#1977));
#1964 = ORIENTED_EDGE('',*,*,#1965,.F.);
#1965 = EDGE_CURVE('',#1886,#1926,#1966,.T.);
#1966 = LINE('',#1967,#1968);
#1967 = CARTESIAN_POINT('',(-0.108,-1.7255,0.));
#1968 = VECTOR('',#1969,1.);
#1969 = DIRECTION('',(1.,0.,0.));
#1970 = ORIENTED_EDGE('',*,*,#1885,.T.);
#1971 = ORIENTED_EDGE('',*,*,#1972,.T.);
#1972 = EDGE_CURVE('',#1888,#1928,#1973,.T.);
#1973 = LINE('',#1974,#1975);
#1974 = CARTESIAN_POINT('',(-0.108,-1.7255,7.5E-02));
#1975 = VECTOR('',#1976,1.);
#1976 = DIRECTION('',(1.,0.,0.));
#1977 = ORIENTED_EDGE('',*,*,#1925,.F.);
#1978 = PLANE('',#1979);
#1979 = AXIS2_PLACEMENT_3D('',#1980,#1981,#1982);
#1980 = CARTESIAN_POINT('',(-0.108,-1.7255,0.));
#1981 = DIRECTION('',(0.,1.,0.));
#1982 = DIRECTION('',(0.,0.,1.));
#1983 = ADVANCED_FACE('',(#1984),#2000,.T.);
#1984 = FACE_BOUND('',#1985,.T.);
#1985 = EDGE_LOOP('',(#1986,#1992,#1993,#1999));
#1986 = ORIENTED_EDGE('',*,*,#1987,.F.);
#1987 = EDGE_CURVE('',#1896,#1936,#1988,.T.);
#1988 = LINE('',#1989,#1990);
#1989 = CARTESIAN_POINT('',(-0.108,-1.1495,0.));
#1990 = VECTOR('',#1991,1.);
#1991 = DIRECTION('',(1.,0.,0.));
#1992 = ORIENTED_EDGE('',*,*,#1903,.T.);
#1993 = ORIENTED_EDGE('',*,*,#1994,.T.);
#1994 = EDGE_CURVE('',#1904,#1944,#1995,.T.);
#1995 = LINE('',#1996,#1997);
#1996 = CARTESIAN_POINT('',(-0.108,-1.1495,7.5E-02));
#1997 = VECTOR('',#1998,1.);
#1998 = DIRECTION('',(1.,0.,0.));
#1999 = ORIENTED_EDGE('',*,*,#1943,.F.);
#2000 = PLANE('',#2001);
#2001 = AXIS2_PLACEMENT_3D('',#2002,#2003,#2004);
#2002 = CARTESIAN_POINT('',(-0.108,-1.1495,0.));
#2003 = DIRECTION('',(0.,1.,0.));
#2004 = DIRECTION('',(0.,0.,1.));
#2005 = ADVANCED_FACE('',(#2006),#2012,.F.);
#2006 = FACE_BOUND('',#2007,.F.);
#2007 = EDGE_LOOP('',(#2008,#2009,#2010,#2011));
#2008 = ORIENTED_EDGE('',*,*,#1895,.F.);
#2009 = ORIENTED_EDGE('',*,*,#1965,.T.);
#2010 = ORIENTED_EDGE('',*,*,#1935,.T.);
#2011 = ORIENTED_EDGE('',*,*,#1987,.F.);
#2012 = PLANE('',#2013);
#2013 = AXIS2_PLACEMENT_3D('',#2014,#2015,#2016);
#2014 = CARTESIAN_POINT('',(-0.108,-1.7255,0.));
#2015 = DIRECTION('',(0.,0.,1.));
#2016 = DIRECTION('',(1.,0.,0.));
#2017 = ADVANCED_FACE('',(#2018),#2024,.T.);
#2018 = FACE_BOUND('',#2019,.T.);
#2019 = EDGE_LOOP('',(#2020,#2021,#2022,#2023));
#2020 = ORIENTED_EDGE('',*,*,#1911,.F.);
#2021 = ORIENTED_EDGE('',*,*,#1972,.T.);
#2022 = ORIENTED_EDGE('',*,*,#1951,.T.);
#2023 = ORIENTED_EDGE('',*,*,#1994,.F.);
#2024 = PLANE('',#2025);
#2025 = AXIS2_PLACEMENT_3D('',#2026,#2027,#2028);
#2026 = CARTESIAN_POINT('',(-0.108,-1.7255,7.5E-02));
#2027 = DIRECTION('',(0.,0.,1.));
#2028 = DIRECTION('',(1.,0.,0.));
#2029 = MANIFOLD_SOLID_BREP('',#2030);
#2030 = CLOSED_SHELL('',(#2031,#2071,#2111,#2133,#2155,#2167));
#2031 = ADVANCED_FACE('',(#2032),#2066,.F.);
#2032 = FACE_BOUND('',#2033,.F.);
#2033 = EDGE_LOOP('',(#2034,#2044,#2052,#2060));
#2034 = ORIENTED_EDGE('',*,*,#2035,.F.);
#2035 = EDGE_CURVE('',#2036,#2038,#2040,.T.);
#2036 = VERTEX_POINT('',#2037);
#2037 = CARTESIAN_POINT('',(0.192,1.2035,0.));
#2038 = VERTEX_POINT('',#2039);
#2039 = CARTESIAN_POINT('',(0.192,1.2035,7.5E-02));
#2040 = LINE('',#2041,#2042);
#2041 = CARTESIAN_POINT('',(0.192,1.2035,0.));
#2042 = VECTOR('',#2043,1.);
#2043 = DIRECTION('',(0.,0.,1.));
#2044 = ORIENTED_EDGE('',*,*,#2045,.T.);
#2045 = EDGE_CURVE('',#2036,#2046,#2048,.T.);
#2046 = VERTEX_POINT('',#2047);
#2047 = CARTESIAN_POINT('',(0.192,1.6715,0.));
#2048 = LINE('',#2049,#2050);
#2049 = CARTESIAN_POINT('',(0.192,1.2035,0.));
#2050 = VECTOR('',#2051,1.);
#2051 = DIRECTION('',(0.,1.,0.));
#2052 = ORIENTED_EDGE('',*,*,#2053,.T.);
#2053 = EDGE_CURVE('',#2046,#2054,#2056,.T.);
#2054 = VERTEX_POINT('',#2055);
#2055 = CARTESIAN_POINT('',(0.192,1.6715,7.5E-02));
#2056 = LINE('',#2057,#2058);
#2057 = CARTESIAN_POINT('',(0.192,1.6715,0.));
#2058 = VECTOR('',#2059,1.);
#2059 = DIRECTION('',(0.,0.,1.));
#2060 = ORIENTED_EDGE('',*,*,#2061,.F.);
#2061 = EDGE_CURVE('',#2038,#2054,#2062,.T.);
#2062 = LINE('',#2063,#2064);
#2063 = CARTESIAN_POINT('',(0.192,1.2035,7.5E-02));
#2064 = VECTOR('',#2065,1.);
#2065 = DIRECTION('',(0.,1.,0.));
#2066 = PLANE('',#2067);
#2067 = AXIS2_PLACEMENT_3D('',#2068,#2069,#2070);
#2068 = CARTESIAN_POINT('',(0.192,1.2035,0.));
#2069 = DIRECTION('',(1.,0.,0.));
#2070 = DIRECTION('',(0.,0.,1.));
#2071 = ADVANCED_FACE('',(#2072),#2106,.T.);
#2072 = FACE_BOUND('',#2073,.T.);
#2073 = EDGE_LOOP('',(#2074,#2084,#2092,#2100));
#2074 = ORIENTED_EDGE('',*,*,#2075,.F.);
#2075 = EDGE_CURVE('',#2076,#2078,#2080,.T.);
#2076 = VERTEX_POINT('',#2077);
#2077 = CARTESIAN_POINT('',(0.408,1.2035,0.));
#2078 = VERTEX_POINT('',#2079);
#2079 = CARTESIAN_POINT('',(0.408,1.2035,7.5E-02));
#2080 = LINE('',#2081,#2082);
#2081 = CARTESIAN_POINT('',(0.408,1.2035,0.));
#2082 = VECTOR('',#2083,1.);
#2083 = DIRECTION('',(0.,0.,1.));
#2084 = ORIENTED_EDGE('',*,*,#2085,.T.);
#2085 = EDGE_CURVE('',#2076,#2086,#2088,.T.);
#2086 = VERTEX_POINT('',#2087);
#2087 = CARTESIAN_POINT('',(0.408,1.6715,0.));
#2088 = LINE('',#2089,#2090);
#2089 = CARTESIAN_POINT('',(0.408,1.2035,0.));
#2090 = VECTOR('',#2091,1.);
#2091 = DIRECTION('',(0.,1.,0.));
#2092 = ORIENTED_EDGE('',*,*,#2093,.T.);
#2093 = EDGE_CURVE('',#2086,#2094,#2096,.T.);
#2094 = VERTEX_POINT('',#2095);
#2095 = CARTESIAN_POINT('',(0.408,1.6715,7.5E-02));
#2096 = LINE('',#2097,#2098);
#2097 = CARTESIAN_POINT('',(0.408,1.6715,0.));
#2098 = VECTOR('',#2099,1.);
#2099 = DIRECTION('',(0.,0.,1.));
#2100 = ORIENTED_EDGE('',*,*,#2101,.F.);
#2101 = EDGE_CURVE('',#2078,#2094,#2102,.T.);
#2102 = LINE('',#2103,#2104);
#2103 = CARTESIAN_POINT('',(0.408,1.2035,7.5E-02));
#2104 = VECTOR('',#2105,1.);
#2105 = DIRECTION('',(0.,1.,0.));
#2106 = PLANE('',#2107);
#2107 = AXIS2_PLACEMENT_3D('',#2108,#2109,#2110);
#2108 = CARTESIAN_POINT('',(0.408,1.2035,0.));
#2109 = DIRECTION('',(1.,0.,0.));
#2110 = DIRECTION('',(0.,0.,1.));
#2111 = ADVANCED_FACE('',(#2112),#2128,.F.);
#2112 = FACE_BOUND('',#2113,.F.);
#2113 = EDGE_LOOP('',(#2114,#2120,#2121,#2127));
#2114 = ORIENTED_EDGE('',*,*,#2115,.F.);
#2115 = EDGE_CURVE('',#2036,#2076,#2116,.T.);
#2116 = LINE('',#2117,#2118);
#2117 = CARTESIAN_POINT('',(0.192,1.2035,0.));
#2118 = VECTOR('',#2119,1.);
#2119 = DIRECTION('',(1.,0.,0.));
#2120 = ORIENTED_EDGE('',*,*,#2035,.T.);
#2121 = ORIENTED_EDGE('',*,*,#2122,.T.);
#2122 = EDGE_CURVE('',#2038,#2078,#2123,.T.);
#2123 = LINE('',#2124,#2125);
#2124 = CARTESIAN_POINT('',(0.192,1.2035,7.5E-02));
#2125 = VECTOR('',#2126,1.);
#2126 = DIRECTION('',(1.,0.,0.));
#2127 = ORIENTED_EDGE('',*,*,#2075,.F.);
#2128 = PLANE('',#2129);
#2129 = AXIS2_PLACEMENT_3D('',#2130,#2131,#2132);
#2130 = CARTESIAN_POINT('',(0.192,1.2035,0.));
#2131 = DIRECTION('',(0.,1.,0.));
#2132 = DIRECTION('',(0.,0.,1.));
#2133 = ADVANCED_FACE('',(#2134),#2150,.T.);
#2134 = FACE_BOUND('',#2135,.T.);
#2135 = EDGE_LOOP('',(#2136,#2142,#2143,#2149));
#2136 = ORIENTED_EDGE('',*,*,#2137,.F.);
#2137 = EDGE_CURVE('',#2046,#2086,#2138,.T.);
#2138 = LINE('',#2139,#2140);
#2139 = CARTESIAN_POINT('',(0.192,1.6715,0.));
#2140 = VECTOR('',#2141,1.);
#2141 = DIRECTION('',(1.,0.,0.));
#2142 = ORIENTED_EDGE('',*,*,#2053,.T.);
#2143 = ORIENTED_EDGE('',*,*,#2144,.T.);
#2144 = EDGE_CURVE('',#2054,#2094,#2145,.T.);
#2145 = LINE('',#2146,#2147);
#2146 = CARTESIAN_POINT('',(0.192,1.6715,7.5E-02));
#2147 = VECTOR('',#2148,1.);
#2148 = DIRECTION('',(1.,0.,0.));
#2149 = ORIENTED_EDGE('',*,*,#2093,.F.);
#2150 = PLANE('',#2151);
#2151 = AXIS2_PLACEMENT_3D('',#2152,#2153,#2154);
#2152 = CARTESIAN_POINT('',(0.192,1.6715,0.));
#2153 = DIRECTION('',(0.,1.,0.));
#2154 = DIRECTION('',(0.,0.,1.));
#2155 = ADVANCED_FACE('',(#2156),#2162,.F.);
#2156 = FACE_BOUND('',#2157,.F.);
#2157 = EDGE_LOOP('',(#2158,#2159,#2160,#2161));
#2158 = ORIENTED_EDGE('',*,*,#2045,.F.);
#2159 = ORIENTED_EDGE('',*,*,#2115,.T.);
#2160 = ORIENTED_EDGE('',*,*,#2085,.T.);
#2161 = ORIENTED_EDGE('',*,*,#2137,.F.);
#2162 = PLANE('',#2163);
#2163 = AXIS2_PLACEMENT_3D('',#2164,#2165,#2166);
#2164 = CARTESIAN_POINT('',(0.192,1.2035,0.));
#2165 = DIRECTION('',(0.,0.,1.));
#2166 = DIRECTION('',(1.,0.,0.));
#2167 = ADVANCED_FACE('',(#2168),#2174,.T.);
#2168 = FACE_BOUND('',#2169,.T.);
#2169 = EDGE_LOOP('',(#2170,#2171,#2172,#2173));
#2170 = ORIENTED_EDGE('',*,*,#2061,.F.);
#2171 = ORIENTED_EDGE('',*,*,#2122,.T.);
#2172 = ORIENTED_EDGE('',*,*,#2101,.T.);
#2173 = ORIENTED_EDGE('',*,*,#2144,.F.);
#2174 = PLANE('',#2175);
#2175 = AXIS2_PLACEMENT_3D('',#2176,#2177,#2178);
#2176 = CARTESIAN_POINT('',(0.192,1.2035,7.5E-02));
#2177 = DIRECTION('',(0.,0.,1.));
#2178 = DIRECTION('',(1.,0.,0.));
#2179 = MANIFOLD_SOLID_BREP('',#2180);
#2180 = CLOSED_SHELL('',(#2181,#2221,#2261,#2283,#2305,#2317));
#2181 = ADVANCED_FACE('',(#2182),#2216,.F.);
#2182 = FACE_BOUND('',#2183,.F.);
#2183 = EDGE_LOOP('',(#2184,#2194,#2202,#2210));
#2184 = ORIENTED_EDGE('',*,*,#2185,.F.);
#2185 = EDGE_CURVE('',#2186,#2188,#2190,.T.);
#2186 = VERTEX_POINT('',#2187);
#2187 = CARTESIAN_POINT('',(0.492,-1.7255,0.));
#2188 = VERTEX_POINT('',#2189);
#2189 = CARTESIAN_POINT('',(0.492,-1.7255,7.5E-02));
#2190 = LINE('',#2191,#2192);
#2191 = CARTESIAN_POINT('',(0.492,-1.7255,0.));
#2192 = VECTOR('',#2193,1.);
#2193 = DIRECTION('',(0.,0.,1.));
#2194 = ORIENTED_EDGE('',*,*,#2195,.T.);
#2195 = EDGE_CURVE('',#2186,#2196,#2198,.T.);
#2196 = VERTEX_POINT('',#2197);
#2197 = CARTESIAN_POINT('',(0.492,-1.1495,0.));
#2198 = LINE('',#2199,#2200);
#2199 = CARTESIAN_POINT('',(0.492,-1.7255,0.));
#2200 = VECTOR('',#2201,1.);
#2201 = DIRECTION('',(0.,1.,0.));
#2202 = ORIENTED_EDGE('',*,*,#2203,.T.);
#2203 = EDGE_CURVE('',#2196,#2204,#2206,.T.);
#2204 = VERTEX_POINT('',#2205);
#2205 = CARTESIAN_POINT('',(0.492,-1.1495,7.5E-02));
#2206 = LINE('',#2207,#2208);
#2207 = CARTESIAN_POINT('',(0.492,-1.1495,0.));
#2208 = VECTOR('',#2209,1.);
#2209 = DIRECTION('',(0.,0.,1.));
#2210 = ORIENTED_EDGE('',*,*,#2211,.F.);
#2211 = EDGE_CURVE('',#2188,#2204,#2212,.T.);
#2212 = LINE('',#2213,#2214);
#2213 = CARTESIAN_POINT('',(0.492,-1.7255,7.5E-02));
#2214 = VECTOR('',#2215,1.);
#2215 = DIRECTION('',(0.,1.,0.));
#2216 = PLANE('',#2217);
#2217 = AXIS2_PLACEMENT_3D('',#2218,#2219,#2220);
#2218 = CARTESIAN_POINT('',(0.492,-1.7255,0.));
#2219 = DIRECTION('',(1.,0.,0.));
#2220 = DIRECTION('',(0.,0.,1.));
#2221 = ADVANCED_FACE('',(#2222),#2256,.T.);
#2222 = FACE_BOUND('',#2223,.T.);
#2223 = EDGE_LOOP('',(#2224,#2234,#2242,#2250));
#2224 = ORIENTED_EDGE('',*,*,#2225,.F.);
#2225 = EDGE_CURVE('',#2226,#2228,#2230,.T.);
#2226 = VERTEX_POINT('',#2227);
#2227 = CARTESIAN_POINT('',(0.708,-1.7255,0.));
#2228 = VERTEX_POINT('',#2229);
#2229 = CARTESIAN_POINT('',(0.708,-1.7255,7.5E-02));
#2230 = LINE('',#2231,#2232);
#2231 = CARTESIAN_POINT('',(0.708,-1.7255,0.));
#2232 = VECTOR('',#2233,1.);
#2233 = DIRECTION('',(0.,0.,1.));
#2234 = ORIENTED_EDGE('',*,*,#2235,.T.);
#2235 = EDGE_CURVE('',#2226,#2236,#2238,.T.);
#2236 = VERTEX_POINT('',#2237);
#2237 = CARTESIAN_POINT('',(0.708,-1.1495,0.));
#2238 = LINE('',#2239,#2240);
#2239 = CARTESIAN_POINT('',(0.708,-1.7255,0.));
#2240 = VECTOR('',#2241,1.);
#2241 = DIRECTION('',(0.,1.,0.));
#2242 = ORIENTED_EDGE('',*,*,#2243,.T.);
#2243 = EDGE_CURVE('',#2236,#2244,#2246,.T.);
#2244 = VERTEX_POINT('',#2245);
#2245 = CARTESIAN_POINT('',(0.708,-1.1495,7.5E-02));
#2246 = LINE('',#2247,#2248);
#2247 = CARTESIAN_POINT('',(0.708,-1.1495,0.));
#2248 = VECTOR('',#2249,1.);
#2249 = DIRECTION('',(0.,0.,1.));
#2250 = ORIENTED_EDGE('',*,*,#2251,.F.);
#2251 = EDGE_CURVE('',#2228,#2244,#2252,.T.);
#2252 = LINE('',#2253,#2254);
#2253 = CARTESIAN_POINT('',(0.708,-1.7255,7.5E-02));
#2254 = VECTOR('',#2255,1.);
#2255 = DIRECTION('',(0.,1.,0.));
#2256 = PLANE('',#2257);
#2257 = AXIS2_PLACEMENT_3D('',#2258,#2259,#2260);
#2258 = CARTESIAN_POINT('',(0.708,-1.7255,0.));
#2259 = DIRECTION('',(1.,0.,0.));
#2260 = DIRECTION('',(0.,0.,1.));
#2261 = ADVANCED_FACE('',(#2262),#2278,.F.);
#2262 = FACE_BOUND('',#2263,.F.);
#2263 = EDGE_LOOP('',(#2264,#2270,#2271,#2277));
#2264 = ORIENTED_EDGE('',*,*,#2265,.F.);
#2265 = EDGE_CURVE('',#2186,#2226,#2266,.T.);
#2266 = LINE('',#2267,#2268);
#2267 = CARTESIAN_POINT('',(0.492,-1.7255,0.));
#2268 = VECTOR('',#2269,1.);
#2269 = DIRECTION('',(1.,0.,0.));
#2270 = ORIENTED_EDGE('',*,*,#2185,.T.);
#2271 = ORIENTED_EDGE('',*,*,#2272,.T.);
#2272 = EDGE_CURVE('',#2188,#2228,#2273,.T.);
#2273 = LINE('',#2274,#2275);
#2274 = CARTESIAN_POINT('',(0.492,-1.7255,7.5E-02));
#2275 = VECTOR('',#2276,1.);
#2276 = DIRECTION('',(1.,0.,0.));
#2277 = ORIENTED_EDGE('',*,*,#2225,.F.);
#2278 = PLANE('',#2279);
#2279 = AXIS2_PLACEMENT_3D('',#2280,#2281,#2282);
#2280 = CARTESIAN_POINT('',(0.492,-1.7255,0.));
#2281 = DIRECTION('',(0.,1.,0.));
#2282 = DIRECTION('',(0.,0.,1.));
#2283 = ADVANCED_FACE('',(#2284),#2300,.T.);
#2284 = FACE_BOUND('',#2285,.T.);
#2285 = EDGE_LOOP('',(#2286,#2292,#2293,#2299));
#2286 = ORIENTED_EDGE('',*,*,#2287,.F.);
#2287 = EDGE_CURVE('',#2196,#2236,#2288,.T.);
#2288 = LINE('',#2289,#2290);
#2289 = CARTESIAN_POINT('',(0.492,-1.1495,0.));
#2290 = VECTOR('',#2291,1.);
#2291 = DIRECTION('',(1.,0.,0.));
#2292 = ORIENTED_EDGE('',*,*,#2203,.T.);
#2293 = ORIENTED_EDGE('',*,*,#2294,.T.);
#2294 = EDGE_CURVE('',#2204,#2244,#2295,.T.);
#2295 = LINE('',#2296,#2297);
#2296 = CARTESIAN_POINT('',(0.492,-1.1495,7.5E-02));
#2297 = VECTOR('',#2298,1.);
#2298 = DIRECTION('',(1.,0.,0.));
#2299 = ORIENTED_EDGE('',*,*,#2243,.F.);
#2300 = PLANE('',#2301);
#2301 = AXIS2_PLACEMENT_3D('',#2302,#2303,#2304);
#2302 = CARTESIAN_POINT('',(0.492,-1.1495,0.));
#2303 = DIRECTION('',(0.,1.,0.));
#2304 = DIRECTION('',(0.,0.,1.));
#2305 = ADVANCED_FACE('',(#2306),#2312,.F.);
#2306 = FACE_BOUND('',#2307,.F.);
#2307 = EDGE_LOOP('',(#2308,#2309,#2310,#2311));
#2308 = ORIENTED_EDGE('',*,*,#2195,.F.);
#2309 = ORIENTED_EDGE('',*,*,#2265,.T.);
#2310 = ORIENTED_EDGE('',*,*,#2235,.T.);
#2311 = ORIENTED_EDGE('',*,*,#2287,.F.);
#2312 = PLANE('',#2313);
#2313 = AXIS2_PLACEMENT_3D('',#2314,#2315,#2316);
#2314 = CARTESIAN_POINT('',(0.492,-1.7255,0.));
#2315 = DIRECTION('',(0.,0.,1.));
#2316 = DIRECTION('',(1.,0.,0.));
#2317 = ADVANCED_FACE('',(#2318),#2324,.T.);
#2318 = FACE_BOUND('',#2319,.T.);
#2319 = EDGE_LOOP('',(#2320,#2321,#2322,#2323));
#2320 = ORIENTED_EDGE('',*,*,#2211,.F.);
#2321 = ORIENTED_EDGE('',*,*,#2272,.T.);
#2322 = ORIENTED_EDGE('',*,*,#2251,.T.);
#2323 = ORIENTED_EDGE('',*,*,#2294,.F.);
#2324 = PLANE('',#2325);
#2325 = AXIS2_PLACEMENT_3D('',#2326,#2327,#2328);
#2326 = CARTESIAN_POINT('',(0.492,-1.7255,7.5E-02));
#2327 = DIRECTION('',(0.,0.,1.));
#2328 = DIRECTION('',(1.,0.,0.));
#2329 = MANIFOLD_SOLID_BREP('',#2330);
#2330 = CLOSED_SHELL('',(#2331,#2371,#2411,#2433,#2455,#2467));
#2331 = ADVANCED_FACE('',(#2332),#2366,.F.);
#2332 = FACE_BOUND('',#2333,.F.);
#2333 = EDGE_LOOP('',(#2334,#2344,#2352,#2360));
#2334 = ORIENTED_EDGE('',*,*,#2335,.F.);
#2335 = EDGE_CURVE('',#2336,#2338,#2340,.T.);
#2336 = VERTEX_POINT('',#2337);
#2337 = CARTESIAN_POINT('',(0.792,1.2035,0.));
#2338 = VERTEX_POINT('',#2339);
#2339 = CARTESIAN_POINT('',(0.792,1.2035,7.5E-02));
#2340 = LINE('',#2341,#2342);
#2341 = CARTESIAN_POINT('',(0.792,1.2035,0.));
#2342 = VECTOR('',#2343,1.);
#2343 = DIRECTION('',(0.,0.,1.));
#2344 = ORIENTED_EDGE('',*,*,#2345,.T.);
#2345 = EDGE_CURVE('',#2336,#2346,#2348,.T.);
#2346 = VERTEX_POINT('',#2347);
#2347 = CARTESIAN_POINT('',(0.792,1.6715,0.));
#2348 = LINE('',#2349,#2350);
#2349 = CARTESIAN_POINT('',(0.792,1.2035,0.));
#2350 = VECTOR('',#2351,1.);
#2351 = DIRECTION('',(0.,1.,0.));
#2352 = ORIENTED_EDGE('',*,*,#2353,.T.);
#2353 = EDGE_CURVE('',#2346,#2354,#2356,.T.);
#2354 = VERTEX_POINT('',#2355);
#2355 = CARTESIAN_POINT('',(0.792,1.6715,7.5E-02));
#2356 = LINE('',#2357,#2358);
#2357 = CARTESIAN_POINT('',(0.792,1.6715,0.));
#2358 = VECTOR('',#2359,1.);
#2359 = DIRECTION('',(0.,0.,1.));
#2360 = ORIENTED_EDGE('',*,*,#2361,.F.);
#2361 = EDGE_CURVE('',#2338,#2354,#2362,.T.);
#2362 = LINE('',#2363,#2364);
#2363 = CARTESIAN_POINT('',(0.792,1.2035,7.5E-02));
#2364 = VECTOR('',#2365,1.);
#2365 = DIRECTION('',(0.,1.,0.));
#2366 = PLANE('',#2367);
#2367 = AXIS2_PLACEMENT_3D('',#2368,#2369,#2370);
#2368 = CARTESIAN_POINT('',(0.792,1.2035,0.));
#2369 = DIRECTION('',(1.,0.,0.));
#2370 = DIRECTION('',(0.,0.,1.));
#2371 = ADVANCED_FACE('',(#2372),#2406,.T.);
#2372 = FACE_BOUND('',#2373,.T.);
#2373 = EDGE_LOOP('',(#2374,#2384,#2392,#2400));
#2374 = ORIENTED_EDGE('',*,*,#2375,.F.);
#2375 = EDGE_CURVE('',#2376,#2378,#2380,.T.);
#2376 = VERTEX_POINT('',#2377);
#2377 = CARTESIAN_POINT('',(1.008,1.2035,0.));
#2378 = VERTEX_POINT('',#2379);
#2379 = CARTESIAN_POINT('',(1.008,1.2035,7.5E-02));
#2380 = LINE('',#2381,#2382);
#2381 = CARTESIAN_POINT('',(1.008,1.2035,0.));
#2382 = VECTOR('',#2383,1.);
#2383 = DIRECTION('',(0.,0.,1.));
#2384 = ORIENTED_EDGE('',*,*,#2385,.T.);
#2385 = EDGE_CURVE('',#2376,#2386,#2388,.T.);
#2386 = VERTEX_POINT('',#2387);
#2387 = CARTESIAN_POINT('',(1.008,1.6715,0.));
#2388 = LINE('',#2389,#2390);
#2389 = CARTESIAN_POINT('',(1.008,1.2035,0.));
#2390 = VECTOR('',#2391,1.);
#2391 = DIRECTION('',(0.,1.,0.));
#2392 = ORIENTED_EDGE('',*,*,#2393,.T.);
#2393 = EDGE_CURVE('',#2386,#2394,#2396,.T.);
#2394 = VERTEX_POINT('',#2395);
#2395 = CARTESIAN_POINT('',(1.008,1.6715,7.5E-02));
#2396 = LINE('',#2397,#2398);
#2397 = CARTESIAN_POINT('',(1.008,1.6715,0.));
#2398 = VECTOR('',#2399,1.);
#2399 = DIRECTION('',(0.,0.,1.));
#2400 = ORIENTED_EDGE('',*,*,#2401,.F.);
#2401 = EDGE_CURVE('',#2378,#2394,#2402,.T.);
#2402 = LINE('',#2403,#2404);
#2403 = CARTESIAN_POINT('',(1.008,1.2035,7.5E-02));
#2404 = VECTOR('',#2405,1.);
#2405 = DIRECTION('',(0.,1.,0.));
#2406 = PLANE('',#2407);
#2407 = AXIS2_PLACEMENT_3D('',#2408,#2409,#2410);
#2408 = CARTESIAN_POINT('',(1.008,1.2035,0.));
#2409 = DIRECTION('',(1.,0.,0.));
#2410 = DIRECTION('',(0.,0.,1.));
#2411 = ADVANCED_FACE('',(#2412),#2428,.F.);
#2412 = FACE_BOUND('',#2413,.F.);
#2413 = EDGE_LOOP('',(#2414,#2420,#2421,#2427));
#2414 = ORIENTED_EDGE('',*,*,#2415,.F.);
#2415 = EDGE_CURVE('',#2336,#2376,#2416,.T.);
#2416 = LINE('',#2417,#2418);
#2417 = CARTESIAN_POINT('',(0.792,1.2035,0.));
#2418 = VECTOR('',#2419,1.);
#2419 = DIRECTION('',(1.,0.,0.));
#2420 = ORIENTED_EDGE('',*,*,#2335,.T.);
#2421 = ORIENTED_EDGE('',*,*,#2422,.T.);
#2422 = EDGE_CURVE('',#2338,#2378,#2423,.T.);
#2423 = LINE('',#2424,#2425);
#2424 = CARTESIAN_POINT('',(0.792,1.2035,7.5E-02));
#2425 = VECTOR('',#2426,1.);
#2426 = DIRECTION('',(1.,0.,0.));
#2427 = ORIENTED_EDGE('',*,*,#2375,.F.);
#2428 = PLANE('',#2429);
#2429 = AXIS2_PLACEMENT_3D('',#2430,#2431,#2432);
#2430 = CARTESIAN_POINT('',(0.792,1.2035,0.));
#2431 = DIRECTION('',(0.,1.,0.));
#2432 = DIRECTION('',(0.,0.,1.));
#2433 = ADVANCED_FACE('',(#2434),#2450,.T.);
#2434 = FACE_BOUND('',#2435,.T.);
#2435 = EDGE_LOOP('',(#2436,#2442,#2443,#2449));
#2436 = ORIENTED_EDGE('',*,*,#2437,.F.);
#2437 = EDGE_CURVE('',#2346,#2386,#2438,.T.);
#2438 = LINE('',#2439,#2440);
#2439 = CARTESIAN_POINT('',(0.792,1.6715,0.));
#2440 = VECTOR('',#2441,1.);
#2441 = DIRECTION('',(1.,0.,0.));
#2442 = ORIENTED_EDGE('',*,*,#2353,.T.);
#2443 = ORIENTED_EDGE('',*,*,#2444,.T.);
#2444 = EDGE_CURVE('',#2354,#2394,#2445,.T.);
#2445 = LINE('',#2446,#2447);
#2446 = CARTESIAN_POINT('',(0.792,1.6715,7.5E-02));
#2447 = VECTOR('',#2448,1.);
#2448 = DIRECTION('',(1.,0.,0.));
#2449 = ORIENTED_EDGE('',*,*,#2393,.F.);
#2450 = PLANE('',#2451);
#2451 = AXIS2_PLACEMENT_3D('',#2452,#2453,#2454);
#2452 = CARTESIAN_POINT('',(0.792,1.6715,0.));
#2453 = DIRECTION('',(0.,1.,0.));
#2454 = DIRECTION('',(0.,0.,1.));
#2455 = ADVANCED_FACE('',(#2456),#2462,.F.);
#2456 = FACE_BOUND('',#2457,.F.);
#2457 = EDGE_LOOP('',(#2458,#2459,#2460,#2461));
#2458 = ORIENTED_EDGE('',*,*,#2345,.F.);
#2459 = ORIENTED_EDGE('',*,*,#2415,.T.);
#2460 = ORIENTED_EDGE('',*,*,#2385,.T.);
#2461 = ORIENTED_EDGE('',*,*,#2437,.F.);
#2462 = PLANE('',#2463);
#2463 = AXIS2_PLACEMENT_3D('',#2464,#2465,#2466);
#2464 = CARTESIAN_POINT('',(0.792,1.2035,0.));
#2465 = DIRECTION('',(0.,0.,1.));
#2466 = DIRECTION('',(1.,0.,0.));
#2467 = ADVANCED_FACE('',(#2468),#2474,.T.);
#2468 = FACE_BOUND('',#2469,.T.);
#2469 = EDGE_LOOP('',(#2470,#2471,#2472,#2473));
#2470 = ORIENTED_EDGE('',*,*,#2361,.F.);
#2471 = ORIENTED_EDGE('',*,*,#2422,.T.);
#2472 = ORIENTED_EDGE('',*,*,#2401,.T.);
#2473 = ORIENTED_EDGE('',*,*,#2444,.F.);
#2474 = PLANE('',#2475);
#2475 = AXIS2_PLACEMENT_3D('',#2476,#2477,#2478);
#2476 = CARTESIAN_POINT('',(0.792,1.2035,7.5E-02));
#2477 = DIRECTION('',(0.,0.,1.));
#2478 = DIRECTION('',(1.,0.,0.));
#2479 = MANIFOLD_SOLID_BREP('',#2480);
#2480 = CLOSED_SHELL('',(#2481,#2521,#2561,#2583,#2605,#2617));
#2481 = ADVANCED_FACE('',(#2482),#2516,.F.);
#2482 = FACE_BOUND('',#2483,.F.);
#2483 = EDGE_LOOP('',(#2484,#2494,#2502,#2510));
#2484 = ORIENTED_EDGE('',*,*,#2485,.F.);
#2485 = EDGE_CURVE('',#2486,#2488,#2490,.T.);
#2486 = VERTEX_POINT('',#2487);
#2487 = CARTESIAN_POINT('',(1.092,-1.7255,0.));
#2488 = VERTEX_POINT('',#2489);
#2489 = CARTESIAN_POINT('',(1.092,-1.7255,7.5E-02));
#2490 = LINE('',#2491,#2492);
#2491 = CARTESIAN_POINT('',(1.092,-1.7255,0.));
#2492 = VECTOR('',#2493,1.);
#2493 = DIRECTION('',(0.,0.,1.));
#2494 = ORIENTED_EDGE('',*,*,#2495,.T.);
#2495 = EDGE_CURVE('',#2486,#2496,#2498,.T.);
#2496 = VERTEX_POINT('',#2497);
#2497 = CARTESIAN_POINT('',(1.092,-1.1495,0.));
#2498 = LINE('',#2499,#2500);
#2499 = CARTESIAN_POINT('',(1.092,-1.7255,0.));
#2500 = VECTOR('',#2501,1.);
#2501 = DIRECTION('',(0.,1.,0.));
#2502 = ORIENTED_EDGE('',*,*,#2503,.T.);
#2503 = EDGE_CURVE('',#2496,#2504,#2506,.T.);
#2504 = VERTEX_POINT('',#2505);
#2505 = CARTESIAN_POINT('',(1.092,-1.1495,7.5E-02));
#2506 = LINE('',#2507,#2508);
#2507 = CARTESIAN_POINT('',(1.092,-1.1495,0.));
#2508 = VECTOR('',#2509,1.);
#2509 = DIRECTION('',(0.,0.,1.));
#2510 = ORIENTED_EDGE('',*,*,#2511,.F.);
#2511 = EDGE_CURVE('',#2488,#2504,#2512,.T.);
#2512 = LINE('',#2513,#2514);
#2513 = CARTESIAN_POINT('',(1.092,-1.7255,7.5E-02));
#2514 = VECTOR('',#2515,1.);
#2515 = DIRECTION('',(0.,1.,0.));
#2516 = PLANE('',#2517);
#2517 = AXIS2_PLACEMENT_3D('',#2518,#2519,#2520);
#2518 = CARTESIAN_POINT('',(1.092,-1.7255,0.));
#2519 = DIRECTION('',(1.,0.,0.));
#2520 = DIRECTION('',(0.,0.,1.));
#2521 = ADVANCED_FACE('',(#2522),#2556,.T.);
#2522 = FACE_BOUND('',#2523,.T.);
#2523 = EDGE_LOOP('',(#2524,#2534,#2542,#2550));
#2524 = ORIENTED_EDGE('',*,*,#2525,.F.);
#2525 = EDGE_CURVE('',#2526,#2528,#2530,.T.);
#2526 = VERTEX_POINT('',#2527);
#2527 = CARTESIAN_POINT('',(1.308,-1.7255,0.));
#2528 = VERTEX_POINT('',#2529);
#2529 = CARTESIAN_POINT('',(1.308,-1.7255,7.5E-02));
#2530 = LINE('',#2531,#2532);
#2531 = CARTESIAN_POINT('',(1.308,-1.7255,0.));
#2532 = VECTOR('',#2533,1.);
#2533 = DIRECTION('',(0.,0.,1.));
#2534 = ORIENTED_EDGE('',*,*,#2535,.T.);
#2535 = EDGE_CURVE('',#2526,#2536,#2538,.T.);
#2536 = VERTEX_POINT('',#2537);
#2537 = CARTESIAN_POINT('',(1.308,-1.1495,0.));
#2538 = LINE('',#2539,#2540);
#2539 = CARTESIAN_POINT('',(1.308,-1.7255,0.));
#2540 = VECTOR('',#2541,1.);
#2541 = DIRECTION('',(0.,1.,0.));
#2542 = ORIENTED_EDGE('',*,*,#2543,.T.);
#2543 = EDGE_CURVE('',#2536,#2544,#2546,.T.);
#2544 = VERTEX_POINT('',#2545);
#2545 = CARTESIAN_POINT('',(1.308,-1.1495,7.5E-02));
#2546 = LINE('',#2547,#2548);
#2547 = CARTESIAN_POINT('',(1.308,-1.1495,0.));
#2548 = VECTOR('',#2549,1.);
#2549 = DIRECTION('',(0.,0.,1.));
#2550 = ORIENTED_EDGE('',*,*,#2551,.F.);
#2551 = EDGE_CURVE('',#2528,#2544,#2552,.T.);
#2552 = LINE('',#2553,#2554);
#2553 = CARTESIAN_POINT('',(1.308,-1.7255,7.5E-02));
#2554 = VECTOR('',#2555,1.);
#2555 = DIRECTION('',(0.,1.,0.));
#2556 = PLANE('',#2557);
#2557 = AXIS2_PLACEMENT_3D('',#2558,#2559,#2560);
#2558 = CARTESIAN_POINT('',(1.308,-1.7255,0.));
#2559 = DIRECTION('',(1.,0.,0.));
#2560 = DIRECTION('',(0.,0.,1.));
#2561 = ADVANCED_FACE('',(#2562),#2578,.F.);
#2562 = FACE_BOUND('',#2563,.F.);
#2563 = EDGE_LOOP('',(#2564,#2570,#2571,#2577));
#2564 = ORIENTED_EDGE('',*,*,#2565,.F.);
#2565 = EDGE_CURVE('',#2486,#2526,#2566,.T.);
#2566 = LINE('',#2567,#2568);
#2567 = CARTESIAN_POINT('',(1.092,-1.7255,0.));
#2568 = VECTOR('',#2569,1.);
#2569 = DIRECTION('',(1.,0.,0.));
#2570 = ORIENTED_EDGE('',*,*,#2485,.T.);
#2571 = ORIENTED_EDGE('',*,*,#2572,.T.);
#2572 = EDGE_CURVE('',#2488,#2528,#2573,.T.);
#2573 = LINE('',#2574,#2575);
#2574 = CARTESIAN_POINT('',(1.092,-1.7255,7.5E-02));
#2575 = VECTOR('',#2576,1.);
#2576 = DIRECTION('',(1.,0.,0.));
#2577 = ORIENTED_EDGE('',*,*,#2525,.F.);
#2578 = PLANE('',#2579);
#2579 = AXIS2_PLACEMENT_3D('',#2580,#2581,#2582);
#2580 = CARTESIAN_POINT('',(1.092,-1.7255,0.));
#2581 = DIRECTION('',(0.,1.,0.));
#2582 = DIRECTION('',(0.,0.,1.));
#2583 = ADVANCED_FACE('',(#2584),#2600,.T.);
#2584 = FACE_BOUND('',#2585,.T.);
#2585 = EDGE_LOOP('',(#2586,#2592,#2593,#2599));
#2586 = ORIENTED_EDGE('',*,*,#2587,.F.);
#2587 = EDGE_CURVE('',#2496,#2536,#2588,.T.);
#2588 = LINE('',#2589,#2590);
#2589 = CARTESIAN_POINT('',(1.092,-1.1495,0.));
#2590 = VECTOR('',#2591,1.);
#2591 = DIRECTION('',(1.,0.,0.));
#2592 = ORIENTED_EDGE('',*,*,#2503,.T.);
#2593 = ORIENTED_EDGE('',*,*,#2594,.T.);
#2594 = EDGE_CURVE('',#2504,#2544,#2595,.T.);
#2595 = LINE('',#2596,#2597);
#2596 = CARTESIAN_POINT('',(1.092,-1.1495,7.5E-02));
#2597 = VECTOR('',#2598,1.);
#2598 = DIRECTION('',(1.,0.,0.));
#2599 = ORIENTED_EDGE('',*,*,#2543,.F.);
#2600 = PLANE('',#2601);
#2601 = AXIS2_PLACEMENT_3D('',#2602,#2603,#2604);
#2602 = CARTESIAN_POINT('',(1.092,-1.1495,0.));
#2603 = DIRECTION('',(0.,1.,0.));
#2604 = DIRECTION('',(0.,0.,1.));
#2605 = ADVANCED_FACE('',(#2606),#2612,.F.);
#2606 = FACE_BOUND('',#2607,.F.);
#2607 = EDGE_LOOP('',(#2608,#2609,#2610,#2611));
#2608 = ORIENTED_EDGE('',*,*,#2495,.F.);
#2609 = ORIENTED_EDGE('',*,*,#2565,.T.);
#2610 = ORIENTED_EDGE('',*,*,#2535,.T.);
#2611 = ORIENTED_EDGE('',*,*,#2587,.F.);
#2612 = PLANE('',#2613);
#2613 = AXIS2_PLACEMENT_3D('',#2614,#2615,#2616);
#2614 = CARTESIAN_POINT('',(1.092,-1.7255,0.));
#2615 = DIRECTION('',(0.,0.,1.));
#2616 = DIRECTION('',(1.,0.,0.));
#2617 = ADVANCED_FACE('',(#2618),#2624,.T.);
#2618 = FACE_BOUND('',#2619,.T.);
#2619 = EDGE_LOOP('',(#2620,#2621,#2622,#2623));
#2620 = ORIENTED_EDGE('',*,*,#2511,.F.);
#2621 = ORIENTED_EDGE('',*,*,#2572,.T.);
#2622 = ORIENTED_EDGE('',*,*,#2551,.T.);
#2623 = ORIENTED_EDGE('',*,*,#2594,.F.);
#2624 = PLANE('',#2625);
#2625 = AXIS2_PLACEMENT_3D('',#2626,#2627,#2628);
#2626 = CARTESIAN_POINT('',(1.092,-1.7255,7.5E-02));
#2627 = DIRECTION('',(0.,0.,1.));
#2628 = DIRECTION('',(1.,0.,0.));
#2629 = MANIFOLD_SOLID_BREP('',#2630);
#2630 = CLOSED_SHELL('',(#2631,#2671,#2711,#2733,#2755,#2767));
#2631 = ADVANCED_FACE('',(#2632),#2666,.F.);
#2632 = FACE_BOUND('',#2633,.F.);
#2633 = EDGE_LOOP('',(#2634,#2644,#2652,#2660));
#2634 = ORIENTED_EDGE('',*,*,#2635,.F.);
#2635 = EDGE_CURVE('',#2636,#2638,#2640,.T.);
#2636 = VERTEX_POINT('',#2637);
#2637 = CARTESIAN_POINT('',(1.392,1.2035,0.));
#2638 = VERTEX_POINT('',#2639);
#2639 = CARTESIAN_POINT('',(1.392,1.2035,7.5E-02));
#2640 = LINE('',#2641,#2642);
#2641 = CARTESIAN_POINT('',(1.392,1.2035,0.));
#2642 = VECTOR('',#2643,1.);
#2643 = DIRECTION('',(0.,0.,1.));
#2644 = ORIENTED_EDGE('',*,*,#2645,.T.);
#2645 = EDGE_CURVE('',#2636,#2646,#2648,.T.);
#2646 = VERTEX_POINT('',#2647);
#2647 = CARTESIAN_POINT('',(1.392,1.6715,0.));
#2648 = LINE('',#2649,#2650);
#2649 = CARTESIAN_POINT('',(1.392,1.2035,0.));
#2650 = VECTOR('',#2651,1.);
#2651 = DIRECTION('',(0.,1.,0.));
#2652 = ORIENTED_EDGE('',*,*,#2653,.T.);
#2653 = EDGE_CURVE('',#2646,#2654,#2656,.T.);
#2654 = VERTEX_POINT('',#2655);
#2655 = CARTESIAN_POINT('',(1.392,1.6715,7.5E-02));
#2656 = LINE('',#2657,#2658);
#2657 = CARTESIAN_POINT('',(1.392,1.6715,0.));
#2658 = VECTOR('',#2659,1.);
#2659 = DIRECTION('',(0.,0.,1.));
#2660 = ORIENTED_EDGE('',*,*,#2661,.F.);
#2661 = EDGE_CURVE('',#2638,#2654,#2662,.T.);
#2662 = LINE('',#2663,#2664);
#2663 = CARTESIAN_POINT('',(1.392,1.2035,7.5E-02));
#2664 = VECTOR('',#2665,1.);
#2665 = DIRECTION('',(0.,1.,0.));
#2666 = PLANE('',#2667);
#2667 = AXIS2_PLACEMENT_3D('',#2668,#2669,#2670);
#2668 = CARTESIAN_POINT('',(1.392,1.2035,0.));
#2669 = DIRECTION('',(1.,0.,0.));
#2670 = DIRECTION('',(0.,0.,1.));
#2671 = ADVANCED_FACE('',(#2672),#2706,.T.);
#2672 = FACE_BOUND('',#2673,.T.);
#2673 = EDGE_LOOP('',(#2674,#2684,#2692,#2700));
#2674 = ORIENTED_EDGE('',*,*,#2675,.F.);
#2675 = EDGE_CURVE('',#2676,#2678,#2680,.T.);
#2676 = VERTEX_POINT('',#2677);
#2677 = CARTESIAN_POINT('',(1.608,1.2035,0.));
#2678 = VERTEX_POINT('',#2679);
#2679 = CARTESIAN_POINT('',(1.608,1.2035,7.5E-02));
#2680 = LINE('',#2681,#2682);
#2681 = CARTESIAN_POINT('',(1.608,1.2035,0.));
#2682 = VECTOR('',#2683,1.);
#2683 = DIRECTION('',(0.,0.,1.));
#2684 = ORIENTED_EDGE('',*,*,#2685,.T.);
#2685 = EDGE_CURVE('',#2676,#2686,#2688,.T.);
#2686 = VERTEX_POINT('',#2687);
#2687 = CARTESIAN_POINT('',(1.608,1.6715,0.));
#2688 = LINE('',#2689,#2690);
#2689 = CARTESIAN_POINT('',(1.608,1.2035,0.));
#2690 = VECTOR('',#2691,1.);
#2691 = DIRECTION('',(0.,1.,0.));
#2692 = ORIENTED_EDGE('',*,*,#2693,.T.);
#2693 = EDGE_CURVE('',#2686,#2694,#2696,.T.);
#2694 = VERTEX_POINT('',#2695);
#2695 = CARTESIAN_POINT('',(1.608,1.6715,7.5E-02));
#2696 = LINE('',#2697,#2698);
#2697 = CARTESIAN_POINT('',(1.608,1.6715,0.));
#2698 = VECTOR('',#2699,1.);
#2699 = DIRECTION('',(0.,0.,1.));
#2700 = ORIENTED_EDGE('',*,*,#2701,.F.);
#2701 = EDGE_CURVE('',#2678,#2694,#2702,.T.);
#2702 = LINE('',#2703,#2704);
#2703 = CARTESIAN_POINT('',(1.608,1.2035,7.5E-02));
#2704 = VECTOR('',#2705,1.);
#2705 = DIRECTION('',(0.,1.,0.));
#2706 = PLANE('',#2707);
#2707 = AXIS2_PLACEMENT_3D('',#2708,#2709,#2710);
#2708 = CARTESIAN_POINT('',(1.608,1.2035,0.));
#2709 = DIRECTION('',(1.,0.,0.));
#2710 = DIRECTION('',(0.,0.,1.));
#2711 = ADVANCED_FACE('',(#2712),#2728,.F.);
#2712 = FACE_BOUND('',#2713,.F.);
#2713 = EDGE_LOOP('',(#2714,#2720,#2721,#2727));
#2714 = ORIENTED_EDGE('',*,*,#2715,.F.);
#2715 = EDGE_CURVE('',#2636,#2676,#2716,.T.);
#2716 = LINE('',#2717,#2718);
#2717 = CARTESIAN_POINT('',(1.392,1.2035,0.));
#2718 = VECTOR('',#2719,1.);
#2719 = DIRECTION('',(1.,0.,0.));
#2720 = ORIENTED_EDGE('',*,*,#2635,.T.);
#2721 = ORIENTED_EDGE('',*,*,#2722,.T.);
#2722 = EDGE_CURVE('',#2638,#2678,#2723,.T.);
#2723 = LINE('',#2724,#2725);
#2724 = CARTESIAN_POINT('',(1.392,1.2035,7.5E-02));
#2725 = VECTOR('',#2726,1.);
#2726 = DIRECTION('',(1.,0.,0.));
#2727 = ORIENTED_EDGE('',*,*,#2675,.F.);
#2728 = PLANE('',#2729);
#2729 = AXIS2_PLACEMENT_3D('',#2730,#2731,#2732);
#2730 = CARTESIAN_POINT('',(1.392,1.2035,0.));
#2731 = DIRECTION('',(0.,1.,0.));
#2732 = DIRECTION('',(0.,0.,1.));
#2733 = ADVANCED_FACE('',(#2734),#2750,.T.);
#2734 = FACE_BOUND('',#2735,.T.);
#2735 = EDGE_LOOP('',(#2736,#2742,#2743,#2749));
#2736 = ORIENTED_EDGE('',*,*,#2737,.F.);
#2737 = EDGE_CURVE('',#2646,#2686,#2738,.T.);
#2738 = LINE('',#2739,#2740);
#2739 = CARTESIAN_POINT('',(1.392,1.6715,0.));
#2740 = VECTOR('',#2741,1.);
#2741 = DIRECTION('',(1.,0.,0.));
#2742 = ORIENTED_EDGE('',*,*,#2653,.T.);
#2743 = ORIENTED_EDGE('',*,*,#2744,.T.);
#2744 = EDGE_CURVE('',#2654,#2694,#2745,.T.);
#2745 = LINE('',#2746,#2747);
#2746 = CARTESIAN_POINT('',(1.392,1.6715,7.5E-02));
#2747 = VECTOR('',#2748,1.);
#2748 = DIRECTION('',(1.,0.,0.));
#2749 = ORIENTED_EDGE('',*,*,#2693,.F.);
#2750 = PLANE('',#2751);
#2751 = AXIS2_PLACEMENT_3D('',#2752,#2753,#2754);
#2752 = CARTESIAN_POINT('',(1.392,1.6715,0.));
#2753 = DIRECTION('',(0.,1.,0.));
#2754 = DIRECTION('',(0.,0.,1.));
#2755 = ADVANCED_FACE('',(#2756),#2762,.F.);
#2756 = FACE_BOUND('',#2757,.F.);
#2757 = EDGE_LOOP('',(#2758,#2759,#2760,#2761));
#2758 = ORIENTED_EDGE('',*,*,#2645,.F.);
#2759 = ORIENTED_EDGE('',*,*,#2715,.T.);
#2760 = ORIENTED_EDGE('',*,*,#2685,.T.);
#2761 = ORIENTED_EDGE('',*,*,#2737,.F.);
#2762 = PLANE('',#2763);
#2763 = AXIS2_PLACEMENT_3D('',#2764,#2765,#2766);
#2764 = CARTESIAN_POINT('',(1.392,1.2035,0.));
#2765 = DIRECTION('',(0.,0.,1.));
#2766 = DIRECTION('',(1.,0.,0.));
#2767 = ADVANCED_FACE('',(#2768),#2774,.T.);
#2768 = FACE_BOUND('',#2769,.T.);
#2769 = EDGE_LOOP('',(#2770,#2771,#2772,#2773));
#2770 = ORIENTED_EDGE('',*,*,#2661,.F.);
#2771 = ORIENTED_EDGE('',*,*,#2722,.T.);
#2772 = ORIENTED_EDGE('',*,*,#2701,.T.);
#2773 = ORIENTED_EDGE('',*,*,#2744,.F.);
#2774 = PLANE('',#2775);
#2775 = AXIS2_PLACEMENT_3D('',#2776,#2777,#2778);
#2776 = CARTESIAN_POINT('',(1.392,1.2035,7.5E-02));
#2777 = DIRECTION('',(0.,0.,1.));
#2778 = DIRECTION('',(1.,0.,0.));
#2779 = MANIFOLD_SOLID_BREP('',#2780);
#2780 = CLOSED_SHELL('',(#2781,#2821,#2861,#2883,#2905,#2917));
#2781 = ADVANCED_FACE('',(#2782),#2816,.F.);
#2782 = FACE_BOUND('',#2783,.F.);
#2783 = EDGE_LOOP('',(#2784,#2794,#2802,#2810));
#2784 = ORIENTED_EDGE('',*,*,#2785,.F.);
#2785 = EDGE_CURVE('',#2786,#2788,#2790,.T.);
#2786 = VERTEX_POINT('',#2787);
#2787 = CARTESIAN_POINT('',(1.692,-1.7255,0.));
#2788 = VERTEX_POINT('',#2789);
#2789 = CARTESIAN_POINT('',(1.692,-1.7255,7.5E-02));
#2790 = LINE('',#2791,#2792);
#2791 = CARTESIAN_POINT('',(1.692,-1.7255,0.));
#2792 = VECTOR('',#2793,1.);
#2793 = DIRECTION('',(0.,0.,1.));
#2794 = ORIENTED_EDGE('',*,*,#2795,.T.);
#2795 = EDGE_CURVE('',#2786,#2796,#2798,.T.);
#2796 = VERTEX_POINT('',#2797);
#2797 = CARTESIAN_POINT('',(1.692,-1.1495,0.));
#2798 = LINE('',#2799,#2800);
#2799 = CARTESIAN_POINT('',(1.692,-1.7255,0.));
#2800 = VECTOR('',#2801,1.);
#2801 = DIRECTION('',(0.,1.,0.));
#2802 = ORIENTED_EDGE('',*,*,#2803,.T.);
#2803 = EDGE_CURVE('',#2796,#2804,#2806,.T.);
#2804 = VERTEX_POINT('',#2805);
#2805 = CARTESIAN_POINT('',(1.692,-1.1495,7.5E-02));
#2806 = LINE('',#2807,#2808);
#2807 = CARTESIAN_POINT('',(1.692,-1.1495,0.));
#2808 = VECTOR('',#2809,1.);
#2809 = DIRECTION('',(0.,0.,1.));
#2810 = ORIENTED_EDGE('',*,*,#2811,.F.);
#2811 = EDGE_CURVE('',#2788,#2804,#2812,.T.);
#2812 = LINE('',#2813,#2814);
#2813 = CARTESIAN_POINT('',(1.692,-1.7255,7.5E-02));
#2814 = VECTOR('',#2815,1.);
#2815 = DIRECTION('',(0.,1.,0.));
#2816 = PLANE('',#2817);
#2817 = AXIS2_PLACEMENT_3D('',#2818,#2819,#2820);
#2818 = CARTESIAN_POINT('',(1.692,-1.7255,0.));
#2819 = DIRECTION('',(1.,0.,0.));
#2820 = DIRECTION('',(0.,0.,1.));
#2821 = ADVANCED_FACE('',(#2822),#2856,.T.);
#2822 = FACE_BOUND('',#2823,.T.);
#2823 = EDGE_LOOP('',(#2824,#2834,#2842,#2850));
#2824 = ORIENTED_EDGE('',*,*,#2825,.F.);
#2825 = EDGE_CURVE('',#2826,#2828,#2830,.T.);
#2826 = VERTEX_POINT('',#2827);
#2827 = CARTESIAN_POINT('',(1.908,-1.7255,0.));
#2828 = VERTEX_POINT('',#2829);
#2829 = CARTESIAN_POINT('',(1.908,-1.7255,7.5E-02));
#2830 = LINE('',#2831,#2832);
#2831 = CARTESIAN_POINT('',(1.908,-1.7255,0.));
#2832 = VECTOR('',#2833,1.);
#2833 = DIRECTION('',(0.,0.,1.));
#2834 = ORIENTED_EDGE('',*,*,#2835,.T.);
#2835 = EDGE_CURVE('',#2826,#2836,#2838,.T.);
#2836 = VERTEX_POINT('',#2837);
#2837 = CARTESIAN_POINT('',(1.908,-1.1495,0.));
#2838 = LINE('',#2839,#2840);
#2839 = CARTESIAN_POINT('',(1.908,-1.7255,0.));
#2840 = VECTOR('',#2841,1.);
#2841 = DIRECTION('',(0.,1.,0.));
#2842 = ORIENTED_EDGE('',*,*,#2843,.T.);
#2843 = EDGE_CURVE('',#2836,#2844,#2846,.T.);
#2844 = VERTEX_POINT('',#2845);
#2845 = CARTESIAN_POINT('',(1.908,-1.1495,7.5E-02));
#2846 = LINE('',#2847,#2848);
#2847 = CARTESIAN_POINT('',(1.908,-1.1495,0.));
#2848 = VECTOR('',#2849,1.);
#2849 = DIRECTION('',(0.,0.,1.));
#2850 = ORIENTED_EDGE('',*,*,#2851,.F.);
#2851 = EDGE_CURVE('',#2828,#2844,#2852,.T.);
#2852 = LINE('',#2853,#2854);
#2853 = CARTESIAN_POINT('',(1.908,-1.7255,7.5E-02));
#2854 = VECTOR('',#2855,1.);
#2855 = DIRECTION('',(0.,1.,0.));
#2856 = PLANE('',#2857);
#2857 = AXIS2_PLACEMENT_3D('',#2858,#2859,#2860);
#2858 = CARTESIAN_POINT('',(1.908,-1.7255,0.));
#2859 = DIRECTION('',(1.,0.,0.));
#2860 = DIRECTION('',(0.,0.,1.));
#2861 = ADVANCED_FACE('',(#2862),#2878,.F.);
#2862 = FACE_BOUND('',#2863,.F.);
#2863 = EDGE_LOOP('',(#2864,#2870,#2871,#2877));
#2864 = ORIENTED_EDGE('',*,*,#2865,.F.);
#2865 = EDGE_CURVE('',#2786,#2826,#2866,.T.);
#2866 = LINE('',#2867,#2868);
#2867 = CARTESIAN_POINT('',(1.692,-1.7255,0.));
#2868 = VECTOR('',#2869,1.);
#2869 = DIRECTION('',(1.,0.,0.));
#2870 = ORIENTED_EDGE('',*,*,#2785,.T.);
#2871 = ORIENTED_EDGE('',*,*,#2872,.T.);
#2872 = EDGE_CURVE('',#2788,#2828,#2873,.T.);
#2873 = LINE('',#2874,#2875);
#2874 = CARTESIAN_POINT('',(1.692,-1.7255,7.5E-02));
#2875 = VECTOR('',#2876,1.);
#2876 = DIRECTION('',(1.,0.,0.));
#2877 = ORIENTED_EDGE('',*,*,#2825,.F.);
#2878 = PLANE('',#2879);
#2879 = AXIS2_PLACEMENT_3D('',#2880,#2881,#2882);
#2880 = CARTESIAN_POINT('',(1.692,-1.7255,0.));
#2881 = DIRECTION('',(0.,1.,0.));
#2882 = DIRECTION('',(0.,0.,1.));
#2883 = ADVANCED_FACE('',(#2884),#2900,.T.);
#2884 = FACE_BOUND('',#2885,.T.);
#2885 = EDGE_LOOP('',(#2886,#2892,#2893,#2899));
#2886 = ORIENTED_EDGE('',*,*,#2887,.F.);
#2887 = EDGE_CURVE('',#2796,#2836,#2888,.T.);
#2888 = LINE('',#2889,#2890);
#2889 = CARTESIAN_POINT('',(1.692,-1.1495,0.));
#2890 = VECTOR('',#2891,1.);
#2891 = DIRECTION('',(1.,0.,0.));
#2892 = ORIENTED_EDGE('',*,*,#2803,.T.);
#2893 = ORIENTED_EDGE('',*,*,#2894,.T.);
#2894 = EDGE_CURVE('',#2804,#2844,#2895,.T.);
#2895 = LINE('',#2896,#2897);
#2896 = CARTESIAN_POINT('',(1.692,-1.1495,7.5E-02));
#2897 = VECTOR('',#2898,1.);
#2898 = DIRECTION('',(1.,0.,0.));
#2899 = ORIENTED_EDGE('',*,*,#2843,.F.);
#2900 = PLANE('',#2901);
#2901 = AXIS2_PLACEMENT_3D('',#2902,#2903,#2904);
#2902 = CARTESIAN_POINT('',(1.692,-1.1495,0.));
#2903 = DIRECTION('',(0.,1.,0.));
#2904 = DIRECTION('',(0.,0.,1.));
#2905 = ADVANCED_FACE('',(#2906),#2912,.F.);
#2906 = FACE_BOUND('',#2907,.F.);
#2907 = EDGE_LOOP('',(#2908,#2909,#2910,#2911));
#2908 = ORIENTED_EDGE('',*,*,#2795,.F.);
#2909 = ORIENTED_EDGE('',*,*,#2865,.T.);
#2910 = ORIENTED_EDGE('',*,*,#2835,.T.);
#2911 = ORIENTED_EDGE('',*,*,#2887,.F.);
#2912 = PLANE('',#2913);
#2913 = AXIS2_PLACEMENT_3D('',#2914,#2915,#2916);
#2914 = CARTESIAN_POINT('',(1.692,-1.7255,0.));
#2915 = DIRECTION('',(0.,0.,1.));
#2916 = DIRECTION('',(1.,0.,0.));
#2917 = ADVANCED_FACE('',(#2918),#2924,.T.);
#2918 = FACE_BOUND('',#2919,.T.);
#2919 = EDGE_LOOP('',(#2920,#2921,#2922,#2923));
#2920 = ORIENTED_EDGE('',*,*,#2811,.F.);
#2921 = ORIENTED_EDGE('',*,*,#2872,.T.);
#2922 = ORIENTED_EDGE('',*,*,#2851,.T.);
#2923 = ORIENTED_EDGE('',*,*,#2894,.F.);
#2924 = PLANE('',#2925);
#2925 = AXIS2_PLACEMENT_3D('',#2926,#2927,#2928);
#2926 = CARTESIAN_POINT('',(1.692,-1.7255,7.5E-02));
#2927 = DIRECTION('',(0.,0.,1.));
#2928 = DIRECTION('',(1.,0.,0.));
#2929 = MANIFOLD_SOLID_BREP('',#2930);
#2930 = CLOSED_SHELL('',(#2931,#2971,#3011,#3033,#3055,#3067));
#2931 = ADVANCED_FACE('',(#2932),#2966,.F.);
#2932 = FACE_BOUND('',#2933,.F.);
#2933 = EDGE_LOOP('',(#2934,#2944,#2952,#2960));
#2934 = ORIENTED_EDGE('',*,*,#2935,.F.);
#2935 = EDGE_CURVE('',#2936,#2938,#2940,.T.);
#2936 = VERTEX_POINT('',#2937);
#2937 = CARTESIAN_POINT('',(1.992,1.2035,0.));
#2938 = VERTEX_POINT('',#2939);
#2939 = CARTESIAN_POINT('',(1.992,1.2035,7.5E-02));
#2940 = LINE('',#2941,#2942);
#2941 = CARTESIAN_POINT('',(1.992,1.2035,0.));
#2942 = VECTOR('',#2943,1.);
#2943 = DIRECTION('',(0.,0.,1.));
#2944 = ORIENTED_EDGE('',*,*,#2945,.T.);
#2945 = EDGE_CURVE('',#2936,#2946,#2948,.T.);
#2946 = VERTEX_POINT('',#2947);
#2947 = CARTESIAN_POINT('',(1.992,1.6715,0.));
#2948 = LINE('',#2949,#2950);
#2949 = CARTESIAN_POINT('',(1.992,1.2035,0.));
#2950 = VECTOR('',#2951,1.);
#2951 = DIRECTION('',(0.,1.,0.));
#2952 = ORIENTED_EDGE('',*,*,#2953,.T.);
#2953 = EDGE_CURVE('',#2946,#2954,#2956,.T.);
#2954 = VERTEX_POINT('',#2955);
#2955 = CARTESIAN_POINT('',(1.992,1.6715,7.5E-02));
#2956 = LINE('',#2957,#2958);
#2957 = CARTESIAN_POINT('',(1.992,1.6715,0.));
#2958 = VECTOR('',#2959,1.);
#2959 = DIRECTION('',(0.,0.,1.));
#2960 = ORIENTED_EDGE('',*,*,#2961,.F.);
#2961 = EDGE_CURVE('',#2938,#2954,#2962,.T.);
#2962 = LINE('',#2963,#2964);
#2963 = CARTESIAN_POINT('',(1.992,1.2035,7.5E-02));
#2964 = VECTOR('',#2965,1.);
#2965 = DIRECTION('',(0.,1.,0.));
#2966 = PLANE('',#2967);
#2967 = AXIS2_PLACEMENT_3D('',#2968,#2969,#2970);
#2968 = CARTESIAN_POINT('',(1.992,1.2035,0.));
#2969 = DIRECTION('',(1.,0.,0.));
#2970 = DIRECTION('',(0.,0.,1.));
#2971 = ADVANCED_FACE('',(#2972),#3006,.T.);
#2972 = FACE_BOUND('',#2973,.T.);
#2973 = EDGE_LOOP('',(#2974,#2984,#2992,#3000));
#2974 = ORIENTED_EDGE('',*,*,#2975,.F.);
#2975 = EDGE_CURVE('',#2976,#2978,#2980,.T.);
#2976 = VERTEX_POINT('',#2977);
#2977 = CARTESIAN_POINT('',(2.208,1.2035,0.));
#2978 = VERTEX_POINT('',#2979);
#2979 = CARTESIAN_POINT('',(2.208,1.2035,7.5E-02));
#2980 = LINE('',#2981,#2982);
#2981 = CARTESIAN_POINT('',(2.208,1.2035,0.));
#2982 = VECTOR('',#2983,1.);
#2983 = DIRECTION('',(0.,0.,1.));
#2984 = ORIENTED_EDGE('',*,*,#2985,.T.);
#2985 = EDGE_CURVE('',#2976,#2986,#2988,.T.);
#2986 = VERTEX_POINT('',#2987);
#2987 = CARTESIAN_POINT('',(2.208,1.6715,0.));
#2988 = LINE('',#2989,#2990);
#2989 = CARTESIAN_POINT('',(2.208,1.2035,0.));
#2990 = VECTOR('',#2991,1.);
#2991 = DIRECTION('',(0.,1.,0.));
#2992 = ORIENTED_EDGE('',*,*,#2993,.T.);
#2993 = EDGE_CURVE('',#2986,#2994,#2996,.T.);
#2994 = VERTEX_POINT('',#2995);
#2995 = CARTESIAN_POINT('',(2.208,1.6715,7.5E-02));
#2996 = LINE('',#2997,#2998);
#2997 = CARTESIAN_POINT('',(2.208,1.6715,0.));
#2998 = VECTOR('',#2999,1.);
#2999 = DIRECTION('',(0.,0.,1.));
#3000 = ORIENTED_EDGE('',*,*,#3001,.F.);
#3001 = EDGE_CURVE('',#2978,#2994,#3002,.T.);
#3002 = LINE('',#3003,#3004);
#3003 = CARTESIAN_POINT('',(2.208,1.2035,7.5E-02));
#3004 = VECTOR('',#3005,1.);
#3005 = DIRECTION('',(0.,1.,0.));
#3006 = PLANE('',#3007);
#3007 = AXIS2_PLACEMENT_3D('',#3008,#3009,#3010);
#3008 = CARTESIAN_POINT('',(2.208,1.2035,0.));
#3009 = DIRECTION('',(1.,0.,0.));
#3010 = DIRECTION('',(0.,0.,1.));
#3011 = ADVANCED_FACE('',(#3012),#3028,.F.);
#3012 = FACE_BOUND('',#3013,.F.);
#3013 = EDGE_LOOP('',(#3014,#3020,#3021,#3027));
#3014 = ORIENTED_EDGE('',*,*,#3015,.F.);
#3015 = EDGE_CURVE('',#2936,#2976,#3016,.T.);
#3016 = LINE('',#3017,#3018);
#3017 = CARTESIAN_POINT('',(1.992,1.2035,0.));
#3018 = VECTOR('',#3019,1.);
#3019 = DIRECTION('',(1.,0.,0.));
#3020 = ORIENTED_EDGE('',*,*,#2935,.T.);
#3021 = ORIENTED_EDGE('',*,*,#3022,.T.);
#3022 = EDGE_CURVE('',#2938,#2978,#3023,.T.);
#3023 = LINE('',#3024,#3025);
#3024 = CARTESIAN_POINT('',(1.992,1.2035,7.5E-02));
#3025 = VECTOR('',#3026,1.);
#3026 = DIRECTION('',(1.,0.,0.));
#3027 = ORIENTED_EDGE('',*,*,#2975,.F.);
#3028 = PLANE('',#3029);
#3029 = AXIS2_PLACEMENT_3D('',#3030,#3031,#3032);
#3030 = CARTESIAN_POINT('',(1.992,1.2035,0.));
#3031 = DIRECTION('',(0.,1.,0.));
#3032 = DIRECTION('',(0.,0.,1.));
#3033 = ADVANCED_FACE('',(#3034),#3050,.T.);
#3034 = FACE_BOUND('',#3035,.T.);
#3035 = EDGE_LOOP('',(#3036,#3042,#3043,#3049));
#3036 = ORIENTED_EDGE('',*,*,#3037,.F.);
#3037 = EDGE_CURVE('',#2946,#2986,#3038,.T.);
#3038 = LINE('',#3039,#3040);
#3039 = CARTESIAN_POINT('',(1.992,1.6715,0.));
#3040 = VECTOR('',#3041,1.);
#3041 = DIRECTION('',(1.,0.,0.));
#3042 = ORIENTED_EDGE('',*,*,#2953,.T.);
#3043 = ORIENTED_EDGE('',*,*,#3044,.T.);
#3044 = EDGE_CURVE('',#2954,#2994,#3045,.T.);
#3045 = LINE('',#3046,#3047);
#3046 = CARTESIAN_POINT('',(1.992,1.6715,7.5E-02));
#3047 = VECTOR('',#3048,1.);
#3048 = DIRECTION('',(1.,0.,0.));
#3049 = ORIENTED_EDGE('',*,*,#2993,.F.);
#3050 = PLANE('',#3051);
#3051 = AXIS2_PLACEMENT_3D('',#3052,#3053,#3054);
#3052 = CARTESIAN_POINT('',(1.992,1.6715,0.));
#3053 = DIRECTION('',(0.,1.,0.));
#3054 = DIRECTION('',(0.,0.,1.));
#3055 = ADVANCED_FACE('',(#3056),#3062,.F.);
#3056 = FACE_BOUND('',#3057,.F.);
#3057 = EDGE_LOOP('',(#3058,#3059,#3060,#3061));
#3058 = ORIENTED_EDGE('',*,*,#2945,.F.);
#3059 = ORIENTED_EDGE('',*,*,#3015,.T.);
#3060 = ORIENTED_EDGE('',*,*,#2985,.T.);
#3061 = ORIENTED_EDGE('',*,*,#3037,.F.);
#3062 = PLANE('',#3063);
#3063 = AXIS2_PLACEMENT_3D('',#3064,#3065,#3066);
#3064 = CARTESIAN_POINT('',(1.992,1.2035,0.));
#3065 = DIRECTION('',(0.,0.,1.));
#3066 = DIRECTION('',(1.,0.,0.));
#3067 = ADVANCED_FACE('',(#3068),#3074,.T.);
#3068 = FACE_BOUND('',#3069,.T.);
#3069 = EDGE_LOOP('',(#3070,#3071,#3072,#3073));
#3070 = ORIENTED_EDGE('',*,*,#2961,.F.);
#3071 = ORIENTED_EDGE('',*,*,#3022,.T.);
#3072 = ORIENTED_EDGE('',*,*,#3001,.T.);
#3073 = ORIENTED_EDGE('',*,*,#3044,.F.);
#3074 = PLANE('',#3075);
#3075 = AXIS2_PLACEMENT_3D('',#3076,#3077,#3078);
#3076 = CARTESIAN_POINT('',(1.992,1.2035,7.5E-02));
#3077 = DIRECTION('',(0.,0.,1.));
#3078 = DIRECTION('',(1.,0.,0.));
#3079 = MANIFOLD_SOLID_BREP('',#3080);
#3080 = CLOSED_SHELL('',(#3081,#3121,#3161,#3183,#3205,#3217));
#3081 = ADVANCED_FACE('',(#3082),#3116,.F.);
#3082 = FACE_BOUND('',#3083,.F.);
#3083 = EDGE_LOOP('',(#3084,#3094,#3102,#3110));
#3084 = ORIENTED_EDGE('',*,*,#3085,.F.);
#3085 = EDGE_CURVE('',#3086,#3088,#3090,.T.);
#3086 = VERTEX_POINT('',#3087);
#3087 = CARTESIAN_POINT('',(2.292,-1.7255,0.));
#3088 = VERTEX_POINT('',#3089);
#3089 = CARTESIAN_POINT('',(2.292,-1.7255,7.5E-02));
#3090 = LINE('',#3091,#3092);
#3091 = CARTESIAN_POINT('',(2.292,-1.7255,0.));
#3092 = VECTOR('',#3093,1.);
#3093 = DIRECTION('',(0.,0.,1.));
#3094 = ORIENTED_EDGE('',*,*,#3095,.T.);
#3095 = EDGE_CURVE('',#3086,#3096,#3098,.T.);
#3096 = VERTEX_POINT('',#3097);
#3097 = CARTESIAN_POINT('',(2.292,-1.1495,0.));
#3098 = LINE('',#3099,#3100);
#3099 = CARTESIAN_POINT('',(2.292,-1.7255,0.));
#3100 = VECTOR('',#3101,1.);
#3101 = DIRECTION('',(0.,1.,0.));
#3102 = ORIENTED_EDGE('',*,*,#3103,.T.);
#3103 = EDGE_CURVE('',#3096,#3104,#3106,.T.);
#3104 = VERTEX_POINT('',#3105);
#3105 = CARTESIAN_POINT('',(2.292,-1.1495,7.5E-02));
#3106 = LINE('',#3107,#3108);
#3107 = CARTESIAN_POINT('',(2.292,-1.1495,0.));
#3108 = VECTOR('',#3109,1.);
#3109 = DIRECTION('',(0.,0.,1.));
#3110 = ORIENTED_EDGE('',*,*,#3111,.F.);
#3111 = EDGE_CURVE('',#3088,#3104,#3112,.T.);
#3112 = LINE('',#3113,#3114);
#3113 = CARTESIAN_POINT('',(2.292,-1.7255,7.5E-02));
#3114 = VECTOR('',#3115,1.);
#3115 = DIRECTION('',(0.,1.,0.));
#3116 = PLANE('',#3117);
#3117 = AXIS2_PLACEMENT_3D('',#3118,#3119,#3120);
#3118 = CARTESIAN_POINT('',(2.292,-1.7255,0.));
#3119 = DIRECTION('',(1.,0.,0.));
#3120 = DIRECTION('',(0.,0.,1.));
#3121 = ADVANCED_FACE('',(#3122),#3156,.T.);
#3122 = FACE_BOUND('',#3123,.T.);
#3123 = EDGE_LOOP('',(#3124,#3134,#3142,#3150));
#3124 = ORIENTED_EDGE('',*,*,#3125,.F.);
#3125 = EDGE_CURVE('',#3126,#3128,#3130,.T.);
#3126 = VERTEX_POINT('',#3127);
#3127 = CARTESIAN_POINT('',(2.508,-1.7255,0.));
#3128 = VERTEX_POINT('',#3129);
#3129 = CARTESIAN_POINT('',(2.508,-1.7255,7.5E-02));
#3130 = LINE('',#3131,#3132);
#3131 = CARTESIAN_POINT('',(2.508,-1.7255,0.));
#3132 = VECTOR('',#3133,1.);
#3133 = DIRECTION('',(0.,0.,1.));
#3134 = ORIENTED_EDGE('',*,*,#3135,.T.);
#3135 = EDGE_CURVE('',#3126,#3136,#3138,.T.);
#3136 = VERTEX_POINT('',#3137);
#3137 = CARTESIAN_POINT('',(2.508,-1.1495,0.));
#3138 = LINE('',#3139,#3140);
#3139 = CARTESIAN_POINT('',(2.508,-1.7255,0.));
#3140 = VECTOR('',#3141,1.);
#3141 = DIRECTION('',(0.,1.,0.));
#3142 = ORIENTED_EDGE('',*,*,#3143,.T.);
#3143 = EDGE_CURVE('',#3136,#3144,#3146,.T.);
#3144 = VERTEX_POINT('',#3145);
#3145 = CARTESIAN_POINT('',(2.508,-1.1495,7.5E-02));
#3146 = LINE('',#3147,#3148);
#3147 = CARTESIAN_POINT('',(2.508,-1.1495,0.));
#3148 = VECTOR('',#3149,1.);
#3149 = DIRECTION('',(0.,0.,1.));
#3150 = ORIENTED_EDGE('',*,*,#3151,.F.);
#3151 = EDGE_CURVE('',#3128,#3144,#3152,.T.);
#3152 = LINE('',#3153,#3154);
#3153 = CARTESIAN_POINT('',(2.508,-1.7255,7.5E-02));
#3154 = VECTOR('',#3155,1.);
#3155 = DIRECTION('',(0.,1.,0.));
#3156 = PLANE('',#3157);
#3157 = AXIS2_PLACEMENT_3D('',#3158,#3159,#3160);
#3158 = CARTESIAN_POINT('',(2.508,-1.7255,0.));
#3159 = DIRECTION('',(1.,0.,0.));
#3160 = DIRECTION('',(0.,0.,1.));
#3161 = ADVANCED_FACE('',(#3162),#3178,.F.);
#3162 = FACE_BOUND('',#3163,.F.);
#3163 = EDGE_LOOP('',(#3164,#3170,#3171,#3177));
#3164 = ORIENTED_EDGE('',*,*,#3165,.F.);
#3165 = EDGE_CURVE('',#3086,#3126,#3166,.T.);
#3166 = LINE('',#3167,#3168);
#3167 = CARTESIAN_POINT('',(2.292,-1.7255,0.));
#3168 = VECTOR('',#3169,1.);
#3169 = DIRECTION('',(1.,0.,0.));
#3170 = ORIENTED_EDGE('',*,*,#3085,.T.);
#3171 = ORIENTED_EDGE('',*,*,#3172,.T.);
#3172 = EDGE_CURVE('',#3088,#3128,#3173,.T.);
#3173 = LINE('',#3174,#3175);
#3174 = CARTESIAN_POINT('',(2.292,-1.7255,7.5E-02));
#3175 = VECTOR('',#3176,1.);
#3176 = DIRECTION('',(1.,0.,0.));
#3177 = ORIENTED_EDGE('',*,*,#3125,.F.);
#3178 = PLANE('',#3179);
#3179 = AXIS2_PLACEMENT_3D('',#3180,#3181,#3182);
#3180 = CARTESIAN_POINT('',(2.292,-1.7255,0.));
#3181 = DIRECTION('',(0.,1.,0.));
#3182 = DIRECTION('',(0.,0.,1.));
#3183 = ADVANCED_FACE('',(#3184),#3200,.T.);
#3184 = FACE_BOUND('',#3185,.T.);
#3185 = EDGE_LOOP('',(#3186,#3192,#3193,#3199));
#3186 = ORIENTED_EDGE('',*,*,#3187,.F.);
#3187 = EDGE_CURVE('',#3096,#3136,#3188,.T.);
#3188 = LINE('',#3189,#3190);
#3189 = CARTESIAN_POINT('',(2.292,-1.1495,0.));
#3190 = VECTOR('',#3191,1.);
#3191 = DIRECTION('',(1.,0.,0.));
#3192 = ORIENTED_EDGE('',*,*,#3103,.T.);
#3193 = ORIENTED_EDGE('',*,*,#3194,.T.);
#3194 = EDGE_CURVE('',#3104,#3144,#3195,.T.);
#3195 = LINE('',#3196,#3197);
#3196 = CARTESIAN_POINT('',(2.292,-1.1495,7.5E-02));
#3197 = VECTOR('',#3198,1.);
#3198 = DIRECTION('',(1.,0.,0.));
#3199 = ORIENTED_EDGE('',*,*,#3143,.F.);
#3200 = PLANE('',#3201);
#3201 = AXIS2_PLACEMENT_3D('',#3202,#3203,#3204);
#3202 = CARTESIAN_POINT('',(2.292,-1.1495,0.));
#3203 = DIRECTION('',(0.,1.,0.));
#3204 = DIRECTION('',(0.,0.,1.));
#3205 = ADVANCED_FACE('',(#3206),#3212,.F.);
#3206 = FACE_BOUND('',#3207,.F.);
#3207 = EDGE_LOOP('',(#3208,#3209,#3210,#3211));
#3208 = ORIENTED_EDGE('',*,*,#3095,.F.);
#3209 = ORIENTED_EDGE('',*,*,#3165,.T.);
#3210 = ORIENTED_EDGE('',*,*,#3135,.T.);
#3211 = ORIENTED_EDGE('',*,*,#3187,.F.);
#3212 = PLANE('',#3213);
#3213 = AXIS2_PLACEMENT_3D('',#3214,#3215,#3216);
#3214 = CARTESIAN_POINT('',(2.292,-1.7255,0.));
#3215 = DIRECTION('',(0.,0.,1.));
#3216 = DIRECTION('',(1.,0.,0.));
#3217 = ADVANCED_FACE('',(#3218),#3224,.T.);
#3218 = FACE_BOUND('',#3219,.T.);
#3219 = EDGE_LOOP('',(#3220,#3221,#3222,#3223));
#3220 = ORIENTED_EDGE('',*,*,#3111,.F.);
#3221 = ORIENTED_EDGE('',*,*,#3172,.T.);
#3222 = ORIENTED_EDGE('',*,*,#3151,.T.);
#3223 = ORIENTED_EDGE('',*,*,#3194,.F.);
#3224 = PLANE('',#3225);
#3225 = AXIS2_PLACEMENT_3D('',#3226,#3227,#3228);
#3226 = CARTESIAN_POINT('',(2.292,-1.7255,7.5E-02));
#3227 = DIRECTION('',(0.,0.,1.));
#3228 = DIRECTION('',(1.,0.,0.));
#3229 = MANIFOLD_SOLID_BREP('',#3230);
#3230 = CLOSED_SHELL('',(#3231,#3271,#3311,#3333,#3355,#3367));
#3231 = ADVANCED_FACE('',(#3232),#3266,.F.);
#3232 = FACE_BOUND('',#3233,.F.);
#3233 = EDGE_LOOP('',(#3234,#3244,#3252,#3260));
#3234 = ORIENTED_EDGE('',*,*,#3235,.F.);
#3235 = EDGE_CURVE('',#3236,#3238,#3240,.T.);
#3236 = VERTEX_POINT('',#3237);
#3237 = CARTESIAN_POINT('',(2.592,1.2035,0.));
#3238 = VERTEX_POINT('',#3239);
#3239 = CARTESIAN_POINT('',(2.592,1.2035,7.5E-02));
#3240 = LINE('',#3241,#3242);
#3241 = CARTESIAN_POINT('',(2.592,1.2035,0.));
#3242 = VECTOR('',#3243,1.);
#3243 = DIRECTION('',(0.,0.,1.));
#3244 = ORIENTED_EDGE('',*,*,#3245,.T.);
#3245 = EDGE_CURVE('',#3236,#3246,#3248,.T.);
#3246 = VERTEX_POINT('',#3247);
#3247 = CARTESIAN_POINT('',(2.592,1.6715,0.));
#3248 = LINE('',#3249,#3250);
#3249 = CARTESIAN_POINT('',(2.592,1.2035,0.));
#3250 = VECTOR('',#3251,1.);
#3251 = DIRECTION('',(0.,1.,0.));
#3252 = ORIENTED_EDGE('',*,*,#3253,.T.);
#3253 = EDGE_CURVE('',#3246,#3254,#3256,.T.);
#3254 = VERTEX_POINT('',#3255);
#3255 = CARTESIAN_POINT('',(2.592,1.6715,7.5E-02));
#3256 = LINE('',#3257,#3258);
#3257 = CARTESIAN_POINT('',(2.592,1.6715,0.));
#3258 = VECTOR('',#3259,1.);
#3259 = DIRECTION('',(0.,0.,1.));
#3260 = ORIENTED_EDGE('',*,*,#3261,.F.);
#3261 = EDGE_CURVE('',#3238,#3254,#3262,.T.);
#3262 = LINE('',#3263,#3264);
#3263 = CARTESIAN_POINT('',(2.592,1.2035,7.5E-02));
#3264 = VECTOR('',#3265,1.);
#3265 = DIRECTION('',(0.,1.,0.));
#3266 = PLANE('',#3267);
#3267 = AXIS2_PLACEMENT_3D('',#3268,#3269,#3270);
#3268 = CARTESIAN_POINT('',(2.592,1.2035,0.));
#3269 = DIRECTION('',(1.,0.,0.));
#3270 = DIRECTION('',(0.,0.,1.));
#3271 = ADVANCED_FACE('',(#3272),#3306,.T.);
#3272 = FACE_BOUND('',#3273,.T.);
#3273 = EDGE_LOOP('',(#3274,#3284,#3292,#3300));
#3274 = ORIENTED_EDGE('',*,*,#3275,.F.);
#3275 = EDGE_CURVE('',#3276,#3278,#3280,.T.);
#3276 = VERTEX_POINT('',#3277);
#3277 = CARTESIAN_POINT('',(2.808,1.2035,0.));
#3278 = VERTEX_POINT('',#3279);
#3279 = CARTESIAN_POINT('',(2.808,1.2035,7.5E-02));
#3280 = LINE('',#3281,#3282);
#3281 = CARTESIAN_POINT('',(2.808,1.2035,0.));
#3282 = VECTOR('',#3283,1.);
#3283 = DIRECTION('',(0.,0.,1.));
#3284 = ORIENTED_EDGE('',*,*,#3285,.T.);
#3285 = EDGE_CURVE('',#3276,#3286,#3288,.T.);
#3286 = VERTEX_POINT('',#3287);
#3287 = CARTESIAN_POINT('',(2.808,1.6715,0.));
#3288 = LINE('',#3289,#3290);
#3289 = CARTESIAN_POINT('',(2.808,1.2035,0.));
#3290 = VECTOR('',#3291,1.);
#3291 = DIRECTION('',(0.,1.,0.));
#3292 = ORIENTED_EDGE('',*,*,#3293,.T.);
#3293 = EDGE_CURVE('',#3286,#3294,#3296,.T.);
#3294 = VERTEX_POINT('',#3295);
#3295 = CARTESIAN_POINT('',(2.808,1.6715,7.5E-02));
#3296 = LINE('',#3297,#3298);
#3297 = CARTESIAN_POINT('',(2.808,1.6715,0.));
#3298 = VECTOR('',#3299,1.);
#3299 = DIRECTION('',(0.,0.,1.));
#3300 = ORIENTED_EDGE('',*,*,#3301,.F.);
#3301 = EDGE_CURVE('',#3278,#3294,#3302,.T.);
#3302 = LINE('',#3303,#3304);
#3303 = CARTESIAN_POINT('',(2.808,1.2035,7.5E-02));
#3304 = VECTOR('',#3305,1.);
#3305 = DIRECTION('',(0.,1.,0.));
#3306 = PLANE('',#3307);
#3307 = AXIS2_PLACEMENT_3D('',#3308,#3309,#3310);
#3308 = CARTESIAN_POINT('',(2.808,1.2035,0.));
#3309 = DIRECTION('',(1.,0.,0.));
#3310 = DIRECTION('',(0.,0.,1.));
#3311 = ADVANCED_FACE('',(#3312),#3328,.F.);
#3312 = FACE_BOUND('',#3313,.F.);
#3313 = EDGE_LOOP('',(#3314,#3320,#3321,#3327));
#3314 = ORIENTED_EDGE('',*,*,#3315,.F.);
#3315 = EDGE_CURVE('',#3236,#3276,#3316,.T.);
#3316 = LINE('',#3317,#3318);
#3317 = CARTESIAN_POINT('',(2.592,1.2035,0.));
#3318 = VECTOR('',#3319,1.);
#3319 = DIRECTION('',(1.,0.,0.));
#3320 = ORIENTED_EDGE('',*,*,#3235,.T.);
#3321 = ORIENTED_EDGE('',*,*,#3322,.T.);
#3322 = EDGE_CURVE('',#3238,#3278,#3323,.T.);
#3323 = LINE('',#3324,#3325);
#3324 = CARTESIAN_POINT('',(2.592,1.2035,7.5E-02));
#3325 = VECTOR('',#3326,1.);
#3326 = DIRECTION('',(1.,0.,0.));
#3327 = ORIENTED_EDGE('',*,*,#3275,.F.);
#3328 = PLANE('',#3329);
#3329 = AXIS2_PLACEMENT_3D('',#3330,#3331,#3332);
#3330 = CARTESIAN_POINT('',(2.592,1.2035,0.));
#3331 = DIRECTION('',(0.,1.,0.));
#3332 = DIRECTION('',(0.,0.,1.));
#3333 = ADVANCED_FACE('',(#3334),#3350,.T.);
#3334 = FACE_BOUND('',#3335,.T.);
#3335 = EDGE_LOOP('',(#3336,#3342,#3343,#3349));
#3336 = ORIENTED_EDGE('',*,*,#3337,.F.);
#3337 = EDGE_CURVE('',#3246,#3286,#3338,.T.);
#3338 = LINE('',#3339,#3340);
#3339 = CARTESIAN_POINT('',(2.592,1.6715,0.));
#3340 = VECTOR('',#3341,1.);
#3341 = DIRECTION('',(1.,0.,0.));
#3342 = ORIENTED_EDGE('',*,*,#3253,.T.);
#3343 = ORIENTED_EDGE('',*,*,#3344,.T.);
#3344 = EDGE_CURVE('',#3254,#3294,#3345,.T.);
#3345 = LINE('',#3346,#3347);
#3346 = CARTESIAN_POINT('',(2.592,1.6715,7.5E-02));
#3347 = VECTOR('',#3348,1.);
#3348 = DIRECTION('',(1.,0.,0.));
#3349 = ORIENTED_EDGE('',*,*,#3293,.F.);
#3350 = PLANE('',#3351);
#3351 = AXIS2_PLACEMENT_3D('',#3352,#3353,#3354);
#3352 = CARTESIAN_POINT('',(2.592,1.6715,0.));
#3353 = DIRECTION('',(0.,1.,0.));
#3354 = DIRECTION('',(0.,0.,1.));
#3355 = ADVANCED_FACE('',(#3356),#3362,.F.);
#3356 = FACE_BOUND('',#3357,.F.);
#3357 = EDGE_LOOP('',(#3358,#3359,#3360,#3361));
#3358 = ORIENTED_EDGE('',*,*,#3245,.F.);
#3359 = ORIENTED_EDGE('',*,*,#3315,.T.);
#3360 = ORIENTED_EDGE('',*,*,#3285,.T.);
#3361 = ORIENTED_EDGE('',*,*,#3337,.F.);
#3362 = PLANE('',#3363);
#3363 = AXIS2_PLACEMENT_3D('',#3364,#3365,#3366);
#3364 = CARTESIAN_POINT('',(2.592,1.2035,0.));
#3365 = DIRECTION('',(0.,0.,1.));
#3366 = DIRECTION('',(1.,0.,0.));
#3367 = ADVANCED_FACE('',(#3368),#3374,.T.);
#3368 = FACE_BOUND('',#3369,.T.);
#3369 = EDGE_LOOP('',(#3370,#3371,#3372,#3373));
#3370 = ORIENTED_EDGE('',*,*,#3261,.F.);
#3371 = ORIENTED_EDGE('',*,*,#3322,.T.);
#3372 = ORIENTED_EDGE('',*,*,#3301,.T.);
#3373 = ORIENTED_EDGE('',*,*,#3344,.F.);
#3374 = PLANE('',#3375);
#3375 = AXIS2_PLACEMENT_3D('',#3376,#3377,#3378);
#3376 = CARTESIAN_POINT('',(2.592,1.2035,7.5E-02));
#3377 = DIRECTION('',(0.,0.,1.));
#3378 = DIRECTION('',(1.,0.,0.));
#3379 = MANIFOLD_SOLID_BREP('',#3380);
#3380 = CLOSED_SHELL('',(#3381,#3421,#3461,#3483,#3505,#3517));
#3381 = ADVANCED_FACE('',(#3382),#3416,.F.);
#3382 = FACE_BOUND('',#3383,.F.);
#3383 = EDGE_LOOP('',(#3384,#3394,#3402,#3410));
#3384 = ORIENTED_EDGE('',*,*,#3385,.F.);
#3385 = EDGE_CURVE('',#3386,#3388,#3390,.T.);
#3386 = VERTEX_POINT('',#3387);
#3387 = CARTESIAN_POINT('',(2.892,-1.7255,0.));
#3388 = VERTEX_POINT('',#3389);
#3389 = CARTESIAN_POINT('',(2.892,-1.7255,7.5E-02));
#3390 = LINE('',#3391,#3392);
#3391 = CARTESIAN_POINT('',(2.892,-1.7255,0.));
#3392 = VECTOR('',#3393,1.);
#3393 = DIRECTION('',(0.,0.,1.));
#3394 = ORIENTED_EDGE('',*,*,#3395,.T.);
#3395 = EDGE_CURVE('',#3386,#3396,#3398,.T.);
#3396 = VERTEX_POINT('',#3397);
#3397 = CARTESIAN_POINT('',(2.892,-1.1495,0.));
#3398 = LINE('',#3399,#3400);
#3399 = CARTESIAN_POINT('',(2.892,-1.7255,0.));
#3400 = VECTOR('',#3401,1.);
#3401 = DIRECTION('',(0.,1.,0.));
#3402 = ORIENTED_EDGE('',*,*,#3403,.T.);
#3403 = EDGE_CURVE('',#3396,#3404,#3406,.T.);
#3404 = VERTEX_POINT('',#3405);
#3405 = CARTESIAN_POINT('',(2.892,-1.1495,7.5E-02));
#3406 = LINE('',#3407,#3408);
#3407 = CARTESIAN_POINT('',(2.892,-1.1495,0.));
#3408 = VECTOR('',#3409,1.);
#3409 = DIRECTION('',(0.,0.,1.));
#3410 = ORIENTED_EDGE('',*,*,#3411,.F.);
#3411 = EDGE_CURVE('',#3388,#3404,#3412,.T.);
#3412 = LINE('',#3413,#3414);
#3413 = CARTESIAN_POINT('',(2.892,-1.7255,7.5E-02));
#3414 = VECTOR('',#3415,1.);
#3415 = DIRECTION('',(0.,1.,0.));
#3416 = PLANE('',#3417);
#3417 = AXIS2_PLACEMENT_3D('',#3418,#3419,#3420);
#3418 = CARTESIAN_POINT('',(2.892,-1.7255,0.));
#3419 = DIRECTION('',(1.,0.,0.));
#3420 = DIRECTION('',(0.,0.,1.));
#3421 = ADVANCED_FACE('',(#3422),#3456,.T.);
#3422 = FACE_BOUND('',#3423,.T.);
#3423 = EDGE_LOOP('',(#3424,#3434,#3442,#3450));
#3424 = ORIENTED_EDGE('',*,*,#3425,.F.);
#3425 = EDGE_CURVE('',#3426,#3428,#3430,.T.);
#3426 = VERTEX_POINT('',#3427);
#3427 = CARTESIAN_POINT('',(3.108,-1.7255,0.));
#3428 = VERTEX_POINT('',#3429);
#3429 = CARTESIAN_POINT('',(3.108,-1.7255,7.5E-02));
#3430 = LINE('',#3431,#3432);
#3431 = CARTESIAN_POINT('',(3.108,-1.7255,0.));
#3432 = VECTOR('',#3433,1.);
#3433 = DIRECTION('',(0.,0.,1.));
#3434 = ORIENTED_EDGE('',*,*,#3435,.T.);
#3435 = EDGE_CURVE('',#3426,#3436,#3438,.T.);
#3436 = VERTEX_POINT('',#3437);
#3437 = CARTESIAN_POINT('',(3.108,-1.1495,0.));
#3438 = LINE('',#3439,#3440);
#3439 = CARTESIAN_POINT('',(3.108,-1.7255,0.));
#3440 = VECTOR('',#3441,1.);
#3441 = DIRECTION('',(0.,1.,0.));
#3442 = ORIENTED_EDGE('',*,*,#3443,.T.);
#3443 = EDGE_CURVE('',#3436,#3444,#3446,.T.);
#3444 = VERTEX_POINT('',#3445);
#3445 = CARTESIAN_POINT('',(3.108,-1.1495,7.5E-02));
#3446 = LINE('',#3447,#3448);
#3447 = CARTESIAN_POINT('',(3.108,-1.1495,0.));
#3448 = VECTOR('',#3449,1.);
#3449 = DIRECTION('',(0.,0.,1.));
#3450 = ORIENTED_EDGE('',*,*,#3451,.F.);
#3451 = EDGE_CURVE('',#3428,#3444,#3452,.T.);
#3452 = LINE('',#3453,#3454);
#3453 = CARTESIAN_POINT('',(3.108,-1.7255,7.5E-02));
#3454 = VECTOR('',#3455,1.);
#3455 = DIRECTION('',(0.,1.,0.));
#3456 = PLANE('',#3457);
#3457 = AXIS2_PLACEMENT_3D('',#3458,#3459,#3460);
#3458 = CARTESIAN_POINT('',(3.108,-1.7255,0.));
#3459 = DIRECTION('',(1.,0.,0.));
#3460 = DIRECTION('',(0.,0.,1.));
#3461 = ADVANCED_FACE('',(#3462),#3478,.F.);
#3462 = FACE_BOUND('',#3463,.F.);
#3463 = EDGE_LOOP('',(#3464,#3470,#3471,#3477));
#3464 = ORIENTED_EDGE('',*,*,#3465,.F.);
#3465 = EDGE_CURVE('',#3386,#3426,#3466,.T.);
#3466 = LINE('',#3467,#3468);
#3467 = CARTESIAN_POINT('',(2.892,-1.7255,0.));
#3468 = VECTOR('',#3469,1.);
#3469 = DIRECTION('',(1.,0.,0.));
#3470 = ORIENTED_EDGE('',*,*,#3385,.T.);
#3471 = ORIENTED_EDGE('',*,*,#3472,.T.);
#3472 = EDGE_CURVE('',#3388,#3428,#3473,.T.);
#3473 = LINE('',#3474,#3475);
#3474 = CARTESIAN_POINT('',(2.892,-1.7255,7.5E-02));
#3475 = VECTOR('',#3476,1.);
#3476 = DIRECTION('',(1.,0.,0.));
#3477 = ORIENTED_EDGE('',*,*,#3425,.F.);
#3478 = PLANE('',#3479);
#3479 = AXIS2_PLACEMENT_3D('',#3480,#3481,#3482);
#3480 = CARTESIAN_POINT('',(2.892,-1.7255,0.));
#3481 = DIRECTION('',(0.,1.,0.));
#3482 = DIRECTION('',(0.,0.,1.));
#3483 = ADVANCED_FACE('',(#3484),#3500,.T.);
#3484 = FACE_BOUND('',#3485,.T.);
#3485 = EDGE_LOOP('',(#3486,#3492,#3493,#3499));
#3486 = ORIENTED_EDGE('',*,*,#3487,.F.);
#3487 = EDGE_CURVE('',#3396,#3436,#3488,.T.);
#3488 = LINE('',#3489,#3490);
#3489 = CARTESIAN_POINT('',(2.892,-1.1495,0.));
#3490 = VECTOR('',#3491,1.);
#3491 = DIRECTION('',(1.,0.,0.));
#3492 = ORIENTED_EDGE('',*,*,#3403,.T.);
#3493 = ORIENTED_EDGE('',*,*,#3494,.T.);
#3494 = EDGE_CURVE('',#3404,#3444,#3495,.T.);
#3495 = LINE('',#3496,#3497);
#3496 = CARTESIAN_POINT('',(2.892,-1.1495,7.5E-02));
#3497 = VECTOR('',#3498,1.);
#3498 = DIRECTION('',(1.,0.,0.));
#3499 = ORIENTED_EDGE('',*,*,#3443,.F.);
#3500 = PLANE('',#3501);
#3501 = AXIS2_PLACEMENT_3D('',#3502,#3503,#3504);
#3502 = CARTESIAN_POINT('',(2.892,-1.1495,0.));
#3503 = DIRECTION('',(0.,1.,0.));
#3504 = DIRECTION('',(0.,0.,1.));
#3505 = ADVANCED_FACE('',(#3506),#3512,.F.);
#3506 = FACE_BOUND('',#3507,.F.);
#3507 = EDGE_LOOP('',(#3508,#3509,#3510,#3511));
#3508 = ORIENTED_EDGE('',*,*,#3395,.F.);
#3509 = ORIENTED_EDGE('',*,*,#3465,.T.);
#3510 = ORIENTED_EDGE('',*,*,#3435,.T.);
#3511 = ORIENTED_EDGE('',*,*,#3487,.F.);
#3512 = PLANE('',#3513);
#3513 = AXIS2_PLACEMENT_3D('',#3514,#3515,#3516);
#3514 = CARTESIAN_POINT('',(2.892,-1.7255,0.));
#3515 = DIRECTION('',(0.,0.,1.));
#3516 = DIRECTION('',(1.,0.,0.));
#3517 = ADVANCED_FACE('',(#3518),#3524,.T.);
#3518 = FACE_BOUND('',#3519,.T.);
#3519 = EDGE_LOOP('',(#3520,#3521,#3522,#3523));
#3520 = ORIENTED_EDGE('',*,*,#3411,.F.);
#3521 = ORIENTED_EDGE('',*,*,#3472,.T.);
#3522 = ORIENTED_EDGE('',*,*,#3451,.T.);
#3523 = ORIENTED_EDGE('',*,*,#3494,.F.);
#3524 = PLANE('',#3525);
#3525 = AXIS2_PLACEMENT_3D('',#3526,#3527,#3528);
#3526 = CARTESIAN_POINT('',(2.892,-1.7255,7.5E-02));
#3527 = DIRECTION('',(0.,0.,1.));
#3528 = DIRECTION('',(1.,0.,0.));
#3529 = MANIFOLD_SOLID_BREP('',#3530);
#3530 = CLOSED_SHELL('',(#3531,#3571,#3611,#3633,#3655,#3667));
#3531 = ADVANCED_FACE('',(#3532),#3566,.F.);
#3532 = FACE_BOUND('',#3533,.F.);
#3533 = EDGE_LOOP('',(#3534,#3544,#3552,#3560));
#3534 = ORIENTED_EDGE('',*,*,#3535,.F.);
#3535 = EDGE_CURVE('',#3536,#3538,#3540,.T.);
#3536 = VERTEX_POINT('',#3537);
#3537 = CARTESIAN_POINT('',(3.506,-1.5045,0.));
#3538 = VERTEX_POINT('',#3539);
#3539 = CARTESIAN_POINT('',(3.506,-1.5045,7.5E-02));
#3540 = LINE('',#3541,#3542);
#3541 = CARTESIAN_POINT('',(3.506,-1.5045,0.));
#3542 = VECTOR('',#3543,1.);
#3543 = DIRECTION('',(0.,0.,1.));
#3544 = ORIENTED_EDGE('',*,*,#3545,.T.);
#3545 = EDGE_CURVE('',#3536,#3546,#3548,.T.);
#3546 = VERTEX_POINT('',#3547);
#3547 = CARTESIAN_POINT('',(3.506,-0.8205,0.));
#3548 = LINE('',#3549,#3550);
#3549 = CARTESIAN_POINT('',(3.506,-1.5045,0.));
#3550 = VECTOR('',#3551,1.);
#3551 = DIRECTION('',(0.,1.,0.));
#3552 = ORIENTED_EDGE('',*,*,#3553,.T.);
#3553 = EDGE_CURVE('',#3546,#3554,#3556,.T.);
#3554 = VERTEX_POINT('',#3555);
#3555 = CARTESIAN_POINT('',(3.506,-0.8205,7.5E-02));
#3556 = LINE('',#3557,#3558);
#3557 = CARTESIAN_POINT('',(3.506,-0.8205,0.));
#3558 = VECTOR('',#3559,1.);
#3559 = DIRECTION('',(0.,0.,1.));
#3560 = ORIENTED_EDGE('',*,*,#3561,.F.);
#3561 = EDGE_CURVE('',#3538,#3554,#3562,.T.);
#3562 = LINE('',#3563,#3564);
#3563 = CARTESIAN_POINT('',(3.506,-1.5045,7.5E-02));
#3564 = VECTOR('',#3565,1.);
#3565 = DIRECTION('',(0.,1.,0.));
#3566 = PLANE('',#3567);
#3567 = AXIS2_PLACEMENT_3D('',#3568,#3569,#3570);
#3568 = CARTESIAN_POINT('',(3.506,-1.5045,0.));
#3569 = DIRECTION('',(1.,0.,0.));
#3570 = DIRECTION('',(0.,0.,1.));
#3571 = ADVANCED_FACE('',(#3572),#3606,.T.);
#3572 = FACE_BOUND('',#3573,.T.);
#3573 = EDGE_LOOP('',(#3574,#3584,#3592,#3600));
#3574 = ORIENTED_EDGE('',*,*,#3575,.F.);
#3575 = EDGE_CURVE('',#3576,#3578,#3580,.T.);
#3576 = VERTEX_POINT('',#3577);
#3577 = CARTESIAN_POINT('',(3.794,-1.5045,0.));
#3578 = VERTEX_POINT('',#3579);
#3579 = CARTESIAN_POINT('',(3.794,-1.5045,7.5E-02));
#3580 = LINE('',#3581,#3582);
#3581 = CARTESIAN_POINT('',(3.794,-1.5045,0.));
#3582 = VECTOR('',#3583,1.);
#3583 = DIRECTION('',(0.,0.,1.));
#3584 = ORIENTED_EDGE('',*,*,#3585,.T.);
#3585 = EDGE_CURVE('',#3576,#3586,#3588,.T.);
#3586 = VERTEX_POINT('',#3587);
#3587 = CARTESIAN_POINT('',(3.794,-0.8205,0.));
#3588 = LINE('',#3589,#3590);
#3589 = CARTESIAN_POINT('',(3.794,-1.5045,0.));
#3590 = VECTOR('',#3591,1.);
#3591 = DIRECTION('',(0.,1.,0.));
#3592 = ORIENTED_EDGE('',*,*,#3593,.T.);
#3593 = EDGE_CURVE('',#3586,#3594,#3596,.T.);
#3594 = VERTEX_POINT('',#3595);
#3595 = CARTESIAN_POINT('',(3.794,-0.8205,7.5E-02));
#3596 = LINE('',#3597,#3598);
#3597 = CARTESIAN_POINT('',(3.794,-0.8205,0.));
#3598 = VECTOR('',#3599,1.);
#3599 = DIRECTION('',(0.,0.,1.));
#3600 = ORIENTED_EDGE('',*,*,#3601,.F.);
#3601 = EDGE_CURVE('',#3578,#3594,#3602,.T.);
#3602 = LINE('',#3603,#3604);
#3603 = CARTESIAN_POINT('',(3.794,-1.5045,7.5E-02));
#3604 = VECTOR('',#3605,1.);
#3605 = DIRECTION('',(0.,1.,0.));
#3606 = PLANE('',#3607);
#3607 = AXIS2_PLACEMENT_3D('',#3608,#3609,#3610);
#3608 = CARTESIAN_POINT('',(3.794,-1.5045,0.));
#3609 = DIRECTION('',(1.,0.,0.));
#3610 = DIRECTION('',(0.,0.,1.));
#3611 = ADVANCED_FACE('',(#3612),#3628,.F.);
#3612 = FACE_BOUND('',#3613,.F.);
#3613 = EDGE_LOOP('',(#3614,#3620,#3621,#3627));
#3614 = ORIENTED_EDGE('',*,*,#3615,.F.);
#3615 = EDGE_CURVE('',#3536,#3576,#3616,.T.);
#3616 = LINE('',#3617,#3618);
#3617 = CARTESIAN_POINT('',(3.506,-1.5045,0.));
#3618 = VECTOR('',#3619,1.);
#3619 = DIRECTION('',(1.,0.,0.));
#3620 = ORIENTED_EDGE('',*,*,#3535,.T.);
#3621 = ORIENTED_EDGE('',*,*,#3622,.T.);
#3622 = EDGE_CURVE('',#3538,#3578,#3623,.T.);
#3623 = LINE('',#3624,#3625);
#3624 = CARTESIAN_POINT('',(3.506,-1.5045,7.5E-02));
#3625 = VECTOR('',#3626,1.);
#3626 = DIRECTION('',(1.,0.,0.));
#3627 = ORIENTED_EDGE('',*,*,#3575,.F.);
#3628 = PLANE('',#3629);
#3629 = AXIS2_PLACEMENT_3D('',#3630,#3631,#3632);
#3630 = CARTESIAN_POINT('',(3.506,-1.5045,0.));
#3631 = DIRECTION('',(0.,1.,0.));
#3632 = DIRECTION('',(0.,0.,1.));
#3633 = ADVANCED_FACE('',(#3634),#3650,.T.);
#3634 = FACE_BOUND('',#3635,.T.);
#3635 = EDGE_LOOP('',(#3636,#3642,#3643,#3649));
#3636 = ORIENTED_EDGE('',*,*,#3637,.F.);
#3637 = EDGE_CURVE('',#3546,#3586,#3638,.T.);
#3638 = LINE('',#3639,#3640);
#3639 = CARTESIAN_POINT('',(3.506,-0.8205,0.));
#3640 = VECTOR('',#3641,1.);
#3641 = DIRECTION('',(1.,0.,0.));
#3642 = ORIENTED_EDGE('',*,*,#3553,.T.);
#3643 = ORIENTED_EDGE('',*,*,#3644,.T.);
#3644 = EDGE_CURVE('',#3554,#3594,#3645,.T.);
#3645 = LINE('',#3646,#3647);
#3646 = CARTESIAN_POINT('',(3.506,-0.8205,7.5E-02));
#3647 = VECTOR('',#3648,1.);
#3648 = DIRECTION('',(1.,0.,0.));
#3649 = ORIENTED_EDGE('',*,*,#3593,.F.);
#3650 = PLANE('',#3651);
#3651 = AXIS2_PLACEMENT_3D('',#3652,#3653,#3654);
#3652 = CARTESIAN_POINT('',(3.506,-0.8205,0.));
#3653 = DIRECTION('',(0.,1.,0.));
#3654 = DIRECTION('',(0.,0.,1.));
#3655 = ADVANCED_FACE('',(#3656),#3662,.F.);
#3656 = FACE_BOUND('',#3657,.F.);
#3657 = EDGE_LOOP('',(#3658,#3659,#3660,#3661));
#3658 = ORIENTED_EDGE('',*,*,#3545,.F.);
#3659 = ORIENTED_EDGE('',*,*,#3615,.T.);
#3660 = ORIENTED_EDGE('',*,*,#3585,.T.);
#3661 = ORIENTED_EDGE('',*,*,#3637,.F.);
#3662 = PLANE('',#3663);
#3663 = AXIS2_PLACEMENT_3D('',#3664,#3665,#3666);
#3664 = CARTESIAN_POINT('',(3.506,-1.5045,0.));
#3665 = DIRECTION('',(0.,0.,1.));
#3666 = DIRECTION('',(1.,0.,0.));
#3667 = ADVANCED_FACE('',(#3668),#3674,.T.);
#3668 = FACE_BOUND('',#3669,.T.);
#3669 = EDGE_LOOP('',(#3670,#3671,#3672,#3673));
#3670 = ORIENTED_EDGE('',*,*,#3561,.F.);
#3671 = ORIENTED_EDGE('',*,*,#3622,.T.);
#3672 = ORIENTED_EDGE('',*,*,#3601,.T.);
#3673 = ORIENTED_EDGE('',*,*,#3644,.F.);
#3674 = PLANE('',#3675);
#3675 = AXIS2_PLACEMENT_3D('',#3676,#3677,#3678);
#3676 = CARTESIAN_POINT('',(3.506,-1.5045,7.5E-02));
#3677 = DIRECTION('',(0.,0.,1.));
#3678 = DIRECTION('',(1.,0.,0.));
#3679 = MANIFOLD_SOLID_BREP('',#3680);
#3680 = CLOSED_SHELL('',(#3681,#3721,#3761,#3783,#3805,#3817));
#3681 = ADVANCED_FACE('',(#3682),#3716,.F.);
#3682 = FACE_BOUND('',#3683,.F.);
#3683 = EDGE_LOOP('',(#3684,#3694,#3702,#3710));
#3684 = ORIENTED_EDGE('',*,*,#3685,.F.);
#3685 = EDGE_CURVE('',#3686,#3688,#3690,.T.);
#3686 = VERTEX_POINT('',#3687);
#3687 = CARTESIAN_POINT('',(-3.794,-1.5045,0.));
#3688 = VERTEX_POINT('',#3689);
#3689 = CARTESIAN_POINT('',(-3.794,-1.5045,7.5E-02));
#3690 = LINE('',#3691,#3692);
#3691 = CARTESIAN_POINT('',(-3.794,-1.5045,0.));
#3692 = VECTOR('',#3693,1.);
#3693 = DIRECTION('',(0.,0.,1.));
#3694 = ORIENTED_EDGE('',*,*,#3695,.T.);
#3695 = EDGE_CURVE('',#3686,#3696,#3698,.T.);
#3696 = VERTEX_POINT('',#3697);
#3697 = CARTESIAN_POINT('',(-3.794,-0.8205,0.));
#3698 = LINE('',#3699,#3700);
#3699 = CARTESIAN_POINT('',(-3.794,-1.5045,0.));
#3700 = VECTOR('',#3701,1.);
#3701 = DIRECTION('',(0.,1.,0.));
#3702 = ORIENTED_EDGE('',*,*,#3703,.T.);
#3703 = EDGE_CURVE('',#3696,#3704,#3706,.T.);
#3704 = VERTEX_POINT('',#3705);
#3705 = CARTESIAN_POINT('',(-3.794,-0.8205,7.5E-02));
#3706 = LINE('',#3707,#3708);
#3707 = CARTESIAN_POINT('',(-3.794,-0.8205,0.));
#3708 = VECTOR('',#3709,1.);
#3709 = DIRECTION('',(0.,0.,1.));
#3710 = ORIENTED_EDGE('',*,*,#3711,.F.);
#3711 = EDGE_CURVE('',#3688,#3704,#3712,.T.);
#3712 = LINE('',#3713,#3714);
#3713 = CARTESIAN_POINT('',(-3.794,-1.5045,7.5E-02));
#3714 = VECTOR('',#3715,1.);
#3715 = DIRECTION('',(0.,1.,0.));
#3716 = PLANE('',#3717);
#3717 = AXIS2_PLACEMENT_3D('',#3718,#3719,#3720);
#3718 = CARTESIAN_POINT('',(-3.794,-1.5045,0.));
#3719 = DIRECTION('',(1.,0.,0.));
#3720 = DIRECTION('',(0.,0.,1.));
#3721 = ADVANCED_FACE('',(#3722),#3756,.T.);
#3722 = FACE_BOUND('',#3723,.T.);
#3723 = EDGE_LOOP('',(#3724,#3734,#3742,#3750));
#3724 = ORIENTED_EDGE('',*,*,#3725,.F.);
#3725 = EDGE_CURVE('',#3726,#3728,#3730,.T.);
#3726 = VERTEX_POINT('',#3727);
#3727 = CARTESIAN_POINT('',(-3.506,-1.5045,0.));
#3728 = VERTEX_POINT('',#3729);
#3729 = CARTESIAN_POINT('',(-3.506,-1.5045,7.5E-02));
#3730 = LINE('',#3731,#3732);
#3731 = CARTESIAN_POINT('',(-3.506,-1.5045,0.));
#3732 = VECTOR('',#3733,1.);
#3733 = DIRECTION('',(0.,0.,1.));
#3734 = ORIENTED_EDGE('',*,*,#3735,.T.);
#3735 = EDGE_CURVE('',#3726,#3736,#3738,.T.);
#3736 = VERTEX_POINT('',#3737);
#3737 = CARTESIAN_POINT('',(-3.506,-0.8205,0.));
#3738 = LINE('',#3739,#3740);
#3739 = CARTESIAN_POINT('',(-3.506,-1.5045,0.));
#3740 = VECTOR('',#3741,1.);
#3741 = DIRECTION('',(0.,1.,0.));
#3742 = ORIENTED_EDGE('',*,*,#3743,.T.);
#3743 = EDGE_CURVE('',#3736,#3744,#3746,.T.);
#3744 = VERTEX_POINT('',#3745);
#3745 = CARTESIAN_POINT('',(-3.506,-0.8205,7.5E-02));
#3746 = LINE('',#3747,#3748);
#3747 = CARTESIAN_POINT('',(-3.506,-0.8205,0.));
#3748 = VECTOR('',#3749,1.);
#3749 = DIRECTION('',(0.,0.,1.));
#3750 = ORIENTED_EDGE('',*,*,#3751,.F.);
#3751 = EDGE_CURVE('',#3728,#3744,#3752,.T.);
#3752 = LINE('',#3753,#3754);
#3753 = CARTESIAN_POINT('',(-3.506,-1.5045,7.5E-02));
#3754 = VECTOR('',#3755,1.);
#3755 = DIRECTION('',(0.,1.,0.));
#3756 = PLANE('',#3757);
#3757 = AXIS2_PLACEMENT_3D('',#3758,#3759,#3760);
#3758 = CARTESIAN_POINT('',(-3.506,-1.5045,0.));
#3759 = DIRECTION('',(1.,0.,0.));
#3760 = DIRECTION('',(0.,0.,1.));
#3761 = ADVANCED_FACE('',(#3762),#3778,.F.);
#3762 = FACE_BOUND('',#3763,.F.);
#3763 = EDGE_LOOP('',(#3764,#3770,#3771,#3777));
#3764 = ORIENTED_EDGE('',*,*,#3765,.F.);
#3765 = EDGE_CURVE('',#3686,#3726,#3766,.T.);
#3766 = LINE('',#3767,#3768);
#3767 = CARTESIAN_POINT('',(-3.794,-1.5045,0.));
#3768 = VECTOR('',#3769,1.);
#3769 = DIRECTION('',(1.,0.,0.));
#3770 = ORIENTED_EDGE('',*,*,#3685,.T.);
#3771 = ORIENTED_EDGE('',*,*,#3772,.T.);
#3772 = EDGE_CURVE('',#3688,#3728,#3773,.T.);
#3773 = LINE('',#3774,#3775);
#3774 = CARTESIAN_POINT('',(-3.794,-1.5045,7.5E-02));
#3775 = VECTOR('',#3776,1.);
#3776 = DIRECTION('',(1.,0.,0.));
#3777 = ORIENTED_EDGE('',*,*,#3725,.F.);
#3778 = PLANE('',#3779);
#3779 = AXIS2_PLACEMENT_3D('',#3780,#3781,#3782);
#3780 = CARTESIAN_POINT('',(-3.794,-1.5045,0.));
#3781 = DIRECTION('',(0.,1.,0.));
#3782 = DIRECTION('',(0.,0.,1.));
#3783 = ADVANCED_FACE('',(#3784),#3800,.T.);
#3784 = FACE_BOUND('',#3785,.T.);
#3785 = EDGE_LOOP('',(#3786,#3792,#3793,#3799));
#3786 = ORIENTED_EDGE('',*,*,#3787,.F.);
#3787 = EDGE_CURVE('',#3696,#3736,#3788,.T.);
#3788 = LINE('',#3789,#3790);
#3789 = CARTESIAN_POINT('',(-3.794,-0.8205,0.));
#3790 = VECTOR('',#3791,1.);
#3791 = DIRECTION('',(1.,0.,0.));
#3792 = ORIENTED_EDGE('',*,*,#3703,.T.);
#3793 = ORIENTED_EDGE('',*,*,#3794,.T.);
#3794 = EDGE_CURVE('',#3704,#3744,#3795,.T.);
#3795 = LINE('',#3796,#3797);
#3796 = CARTESIAN_POINT('',(-3.794,-0.8205,7.5E-02));
#3797 = VECTOR('',#3798,1.);
#3798 = DIRECTION('',(1.,0.,0.));
#3799 = ORIENTED_EDGE('',*,*,#3743,.F.);
#3800 = PLANE('',#3801);
#3801 = AXIS2_PLACEMENT_3D('',#3802,#3803,#3804);
#3802 = CARTESIAN_POINT('',(-3.794,-0.8205,0.));
#3803 = DIRECTION('',(0.,1.,0.));
#3804 = DIRECTION('',(0.,0.,1.));
#3805 = ADVANCED_FACE('',(#3806),#3812,.F.);
#3806 = FACE_BOUND('',#3807,.F.);
#3807 = EDGE_LOOP('',(#3808,#3809,#3810,#3811));
#3808 = ORIENTED_EDGE('',*,*,#3695,.F.);
#3809 = ORIENTED_EDGE('',*,*,#3765,.T.);
#3810 = ORIENTED_EDGE('',*,*,#3735,.T.);
#3811 = ORIENTED_EDGE('',*,*,#3787,.F.);
#3812 = PLANE('',#3813);
#3813 = AXIS2_PLACEMENT_3D('',#3814,#3815,#3816);
#3814 = CARTESIAN_POINT('',(-3.794,-1.5045,0.));
#3815 = DIRECTION('',(0.,0.,1.));
#3816 = DIRECTION('',(1.,0.,0.));
#3817 = ADVANCED_FACE('',(#3818),#3824,.T.);
#3818 = FACE_BOUND('',#3819,.T.);
#3819 = EDGE_LOOP('',(#3820,#3821,#3822,#3823));
#3820 = ORIENTED_EDGE('',*,*,#3711,.F.);
#3821 = ORIENTED_EDGE('',*,*,#3772,.T.);
#3822 = ORIENTED_EDGE('',*,*,#3751,.T.);
#3823 = ORIENTED_EDGE('',*,*,#3794,.F.);
#3824 = PLANE('',#3825);
#3825 = AXIS2_PLACEMENT_3D('',#3826,#3827,#3828);
#3826 = CARTESIAN_POINT('',(-3.794,-1.5045,7.5E-02));
#3827 = DIRECTION('',(0.,0.,1.));
#3828 = DIRECTION('',(1.,0.,0.));
#3829 = ( GEOMETRIC_REPRESENTATION_CONTEXT(3) 
GLOBAL_UNCERTAINTY_ASSIGNED_CONTEXT((#3833)) 
GLOBAL_UNIT_ASSIGNED_CONTEXT((#3830,#3831,#3832)) REPRESENTATION_CONTEXT
('Context #1','3D Context with UNIT and UNCERTAINTY') );
#3830 = ( LENGTH_UNIT() NAMED_UNIT(*) SI_UNIT(.MILLI.,.METRE.) );
#3831 = ( NAMED_UNIT(*) PLANE_ANGLE_UNIT() SI_UNIT($,.RADIAN.) );
#3832 = ( NAMED_UNIT(*) SI_UNIT($,.STERADIAN.) SOLID_ANGLE_UNIT() );
#3833 = UNCERTAINTY_MEASURE_WITH_UNIT(LENGTH_MEASURE(1.E-07),#3830,
  'distance_accuracy_value','confusion accuracy');
#3834 = CONTEXT_DEPENDENT_SHAPE_REPRESENTATION(#3835,#3837);
#3835 = ( REPRESENTATION_RELATIONSHIP('','',#378,#10) 
REPRESENTATION_RELATIONSHIP_WITH_TRANSFORMATION(#3836) 
SHAPE_REPRESENTATION_RELATIONSHIP() );
#3836 = ITEM_DEFINED_TRANSFORMATION('','',#11,#23);
#3837 = PRODUCT_DEFINITION_SHAPE('Placement','Placement of an item',
  #3838);
#3838 = NEXT_ASSEMBLY_USAGE_OCCURRENCE('10','Terminals','',#5,#373,$);
#3839 = PRODUCT_RELATED_PRODUCT_CATEGORY('part',$,(#375));
#3840 = MECHANICAL_DESIGN_GEOMETRIC_PRESENTATION_REPRESENTATION('',(
    #3841),#191);
#3841 = STYLED_ITEM('color',(#3842),#41);
#3842 = PRESENTATION_STYLE_ASSIGNMENT((#3843,#3849));
#3843 = SURFACE_STYLE_USAGE(.BOTH.,#3844);
#3844 = SURFACE_SIDE_STYLE('',(#3845));
#3845 = SURFACE_STYLE_FILL_AREA(#3846);
#3846 = FILL_AREA_STYLE('',(#3847));
#3847 = FILL_AREA_STYLE_COLOUR('',#3848);
#3848 = COLOUR_RGB('',0.230000002338,0.23999999388,0.250000000672);
#3849 = CURVE_STYLE('',#3850,POSITIVE_LENGTH_MEASURE(0.1),#3851);
#3850 = DRAUGHTING_PRE_DEFINED_CURVE_FONT('continuous');
#3851 = COLOUR_RGB('',9.803921802644E-02,9.803921802644E-02,
  9.803921802644E-02);
#3852 = MECHANICAL_DESIGN_GEOMETRIC_PRESENTATION_REPRESENTATION('',(
    #3853,#3863,#3872,#3881,#3890,#3899,#3908,#3917,#3926,#3935,#3944,
    #3953,#3962,#3971,#3980,#3989,#3998,#4007,#4016,#4025,#4034,#4043,
    #4052),#3829);
#3853 = STYLED_ITEM('color',(#3854),#379);
#3854 = PRESENTATION_STYLE_ASSIGNMENT((#3855,#3861));
#3855 = SURFACE_STYLE_USAGE(.BOTH.,#3856);
#3856 = SURFACE_SIDE_STYLE('',(#3857));
#3857 = SURFACE_STYLE_FILL_AREA(#3858);
#3858 = FILL_AREA_STYLE('',(#3859));
#3859 = FILL_AREA_STYLE_COLOUR('',#3860);
#3860 = COLOUR_RGB('',0.779999965419,0.610000008801,0.23999999388);
#3861 = CURVE_STYLE('',#3862,POSITIVE_LENGTH_MEASURE(0.1),#3851);
#3862 = DRAUGHTING_PRE_DEFINED_CURVE_FONT('continuous');
#3863 = STYLED_ITEM('color',(#3864),#529);
#3864 = PRESENTATION_STYLE_ASSIGNMENT((#3865,#3870));
#3865 = SURFACE_STYLE_USAGE(.BOTH.,#3866);
#3866 = SURFACE_SIDE_STYLE('',(#3867));
#3867 = SURFACE_STYLE_FILL_AREA(#3868);
#3868 = FILL_AREA_STYLE('',(#3869));
#3869 = FILL_AREA_STYLE_COLOUR('',#3860);
#3870 = CURVE_STYLE('',#3871,POSITIVE_LENGTH_MEASURE(0.1),#3851);
#3871 = DRAUGHTING_PRE_DEFINED_CURVE_FONT('continuous');
#3872 = STYLED_ITEM('color',(#3873),#679);
#3873 = PRESENTATION_STYLE_ASSIGNMENT((#3874,#3879));
#3874 = SURFACE_STYLE_USAGE(.BOTH.,#3875);
#3875 = SURFACE_SIDE_STYLE('',(#3876));
#3876 = SURFACE_STYLE_FILL_AREA(#3877);
#3877 = FILL_AREA_STYLE('',(#3878));
#3878 = FILL_AREA_STYLE_COLOUR('',#3860);
#3879 = CURVE_STYLE('',#3880,POSITIVE_LENGTH_MEASURE(0.1),#3851);
#3880 = DRAUGHTING_PRE_DEFINED_CURVE_FONT('continuous');
#3881 = STYLED_ITEM('color',(#3882),#829);
#3882 = PRESENTATION_STYLE_ASSIGNMENT((#3883,#3888));
#3883 = SURFACE_STYLE_USAGE(.BOTH.,#3884);
#3884 = SURFACE_SIDE_STYLE('',(#3885));
#3885 = SURFACE_STYLE_FILL_AREA(#3886);
#3886 = FILL_AREA_STYLE('',(#3887));
#3887 = FILL_AREA_STYLE_COLOUR('',#3860);
#3888 = CURVE_STYLE('',#3889,POSITIVE_LENGTH_MEASURE(0.1),#3851);
#3889 = DRAUGHTING_PRE_DEFINED_CURVE_FONT('continuous');
#3890 = STYLED_ITEM('color',(#3891),#979);
#3891 = PRESENTATION_STYLE_ASSIGNMENT((#3892,#3897));
#3892 = SURFACE_STYLE_USAGE(.BOTH.,#3893);
#3893 = SURFACE_SIDE_STYLE('',(#3894));
#3894 = SURFACE_STYLE_FILL_AREA(#3895);
#3895 = FILL_AREA_STYLE('',(#3896));
#3896 = FILL_AREA_STYLE_COLOUR('',#3860);
#3897 = CURVE_STYLE('',#3898,POSITIVE_LENGTH_MEASURE(0.1),#3851);
#3898 = DRAUGHTING_PRE_DEFINED_CURVE_FONT('continuous');
#3899 = STYLED_ITEM('color',(#3900),#1129);
#3900 = PRESENTATION_STYLE_ASSIGNMENT((#3901,#3906));
#3901 = SURFACE_STYLE_USAGE(.BOTH.,#3902);
#3902 = SURFACE_SIDE_STYLE('',(#3903));
#3903 = SURFACE_STYLE_FILL_AREA(#3904);
#3904 = FILL_AREA_STYLE('',(#3905));
#3905 = FILL_AREA_STYLE_COLOUR('',#3860);
#3906 = CURVE_STYLE('',#3907,POSITIVE_LENGTH_MEASURE(0.1),#3851);
#3907 = DRAUGHTING_PRE_DEFINED_CURVE_FONT('continuous');
#3908 = STYLED_ITEM('color',(#3909),#1279);
#3909 = PRESENTATION_STYLE_ASSIGNMENT((#3910,#3915));
#3910 = SURFACE_STYLE_USAGE(.BOTH.,#3911);
#3911 = SURFACE_SIDE_STYLE('',(#3912));
#3912 = SURFACE_STYLE_FILL_AREA(#3913);
#3913 = FILL_AREA_STYLE('',(#3914));
#3914 = FILL_AREA_STYLE_COLOUR('',#3860);
#3915 = CURVE_STYLE('',#3916,POSITIVE_LENGTH_MEASURE(0.1),#3851);
#3916 = DRAUGHTING_PRE_DEFINED_CURVE_FONT('continuous');
#3917 = STYLED_ITEM('color',(#3918),#1429);
#3918 = PRESENTATION_STYLE_ASSIGNMENT((#3919,#3924));
#3919 = SURFACE_STYLE_USAGE(.BOTH.,#3920);
#3920 = SURFACE_SIDE_STYLE('',(#3921));
#3921 = SURFACE_STYLE_FILL_AREA(#3922);
#3922 = FILL_AREA_STYLE('',(#3923));
#3923 = FILL_AREA_STYLE_COLOUR('',#3860);
#3924 = CURVE_STYLE('',#3925,POSITIVE_LENGTH_MEASURE(0.1),#3851);
#3925 = DRAUGHTING_PRE_DEFINED_CURVE_FONT('continuous');
#3926 = STYLED_ITEM('color',(#3927),#1579);
#3927 = PRESENTATION_STYLE_ASSIGNMENT((#3928,#3933));
#3928 = SURFACE_STYLE_USAGE(.BOTH.,#3929);
#3929 = SURFACE_SIDE_STYLE('',(#3930));
#3930 = SURFACE_STYLE_FILL_AREA(#3931);
#3931 = FILL_AREA_STYLE('',(#3932));
#3932 = FILL_AREA_STYLE_COLOUR('',#3860);
#3933 = CURVE_STYLE('',#3934,POSITIVE_LENGTH_MEASURE(0.1),#3851);
#3934 = DRAUGHTING_PRE_DEFINED_CURVE_FONT('continuous');
#3935 = STYLED_ITEM('color',(#3936),#1729);
#3936 = PRESENTATION_STYLE_ASSIGNMENT((#3937,#3942));
#3937 = SURFACE_STYLE_USAGE(.BOTH.,#3938);
#3938 = SURFACE_SIDE_STYLE('',(#3939));
#3939 = SURFACE_STYLE_FILL_AREA(#3940);
#3940 = FILL_AREA_STYLE('',(#3941));
#3941 = FILL_AREA_STYLE_COLOUR('',#3860);
#3942 = CURVE_STYLE('',#3943,POSITIVE_LENGTH_MEASURE(0.1),#3851);
#3943 = DRAUGHTING_PRE_DEFINED_CURVE_FONT('continuous');
#3944 = STYLED_ITEM('color',(#3945),#1879);
#3945 = PRESENTATION_STYLE_ASSIGNMENT((#3946,#3951));
#3946 = SURFACE_STYLE_USAGE(.BOTH.,#3947);
#3947 = SURFACE_SIDE_STYLE('',(#3948));
#3948 = SURFACE_STYLE_FILL_AREA(#3949);
#3949 = FILL_AREA_STYLE('',(#3950));
#3950 = FILL_AREA_STYLE_COLOUR('',#3860);
#3951 = CURVE_STYLE('',#3952,POSITIVE_LENGTH_MEASURE(0.1),#3851);
#3952 = DRAUGHTING_PRE_DEFINED_CURVE_FONT('continuous');
#3953 = STYLED_ITEM('color',(#3954),#2029);
#3954 = PRESENTATION_STYLE_ASSIGNMENT((#3955,#3960));
#3955 = SURFACE_STYLE_USAGE(.BOTH.,#3956);
#3956 = SURFACE_SIDE_STYLE('',(#3957));
#3957 = SURFACE_STYLE_FILL_AREA(#3958);
#3958 = FILL_AREA_STYLE('',(#3959));
#3959 = FILL_AREA_STYLE_COLOUR('',#3860);
#3960 = CURVE_STYLE('',#3961,POSITIVE_LENGTH_MEASURE(0.1),#3851);
#3961 = DRAUGHTING_PRE_DEFINED_CURVE_FONT('continuous');
#3962 = STYLED_ITEM('color',(#3963),#2179);
#3963 = PRESENTATION_STYLE_ASSIGNMENT((#3964,#3969));
#3964 = SURFACE_STYLE_USAGE(.BOTH.,#3965);
#3965 = SURFACE_SIDE_STYLE('',(#3966));
#3966 = SURFACE_STYLE_FILL_AREA(#3967);
#3967 = FILL_AREA_STYLE('',(#3968));
#3968 = FILL_AREA_STYLE_COLOUR('',#3860);
#3969 = CURVE_STYLE('',#3970,POSITIVE_LENGTH_MEASURE(0.1),#3851);
#3970 = DRAUGHTING_PRE_DEFINED_CURVE_FONT('continuous');
#3971 = STYLED_ITEM('color',(#3972),#2329);
#3972 = PRESENTATION_STYLE_ASSIGNMENT((#3973,#3978));
#3973 = SURFACE_STYLE_USAGE(.BOTH.,#3974);
#3974 = SURFACE_SIDE_STYLE('',(#3975));
#3975 = SURFACE_STYLE_FILL_AREA(#3976);
#3976 = FILL_AREA_STYLE('',(#3977));
#3977 = FILL_AREA_STYLE_COLOUR('',#3860);
#3978 = CURVE_STYLE('',#3979,POSITIVE_LENGTH_MEASURE(0.1),#3851);
#3979 = DRAUGHTING_PRE_DEFINED_CURVE_FONT('continuous');
#3980 = STYLED_ITEM('color',(#3981),#2479);
#3981 = PRESENTATION_STYLE_ASSIGNMENT((#3982,#3987));
#3982 = SURFACE_STYLE_USAGE(.BOTH.,#3983);
#3983 = SURFACE_SIDE_STYLE('',(#3984));
#3984 = SURFACE_STYLE_FILL_AREA(#3985);
#3985 = FILL_AREA_STYLE('',(#3986));
#3986 = FILL_AREA_STYLE_COLOUR('',#3860);
#3987 = CURVE_STYLE('',#3988,POSITIVE_LENGTH_MEASURE(0.1),#3851);
#3988 = DRAUGHTING_PRE_DEFINED_CURVE_FONT('continuous');
#3989 = STYLED_ITEM('color',(#3990),#2629);
#3990 = PRESENTATION_STYLE_ASSIGNMENT((#3991,#3996));
#3991 = SURFACE_STYLE_USAGE(.BOTH.,#3992);
#3992 = SURFACE_SIDE_STYLE('',(#3993));
#3993 = SURFACE_STYLE_FILL_AREA(#3994);
#3994 = FILL_AREA_STYLE('',(#3995));
#3995 = FILL_AREA_STYLE_COLOUR('',#3860);
#3996 = CURVE_STYLE('',#3997,POSITIVE_LENGTH_MEASURE(0.1),#3851);
#3997 = DRAUGHTING_PRE_DEFINED_CURVE_FONT('continuous');
#3998 = STYLED_ITEM('color',(#3999),#2779);
#3999 = PRESENTATION_STYLE_ASSIGNMENT((#4000,#4005));
#4000 = SURFACE_STYLE_USAGE(.BOTH.,#4001);
#4001 = SURFACE_SIDE_STYLE('',(#4002));
#4002 = SURFACE_STYLE_FILL_AREA(#4003);
#4003 = FILL_AREA_STYLE('',(#4004));
#4004 = FILL_AREA_STYLE_COLOUR('',#3860);
#4005 = CURVE_STYLE('',#4006,POSITIVE_LENGTH_MEASURE(0.1),#3851);
#4006 = DRAUGHTING_PRE_DEFINED_CURVE_FONT('continuous');
#4007 = STYLED_ITEM('color',(#4008),#2929);
#4008 = PRESENTATION_STYLE_ASSIGNMENT((#4009,#4014));
#4009 = SURFACE_STYLE_USAGE(.BOTH.,#4010);
#4010 = SURFACE_SIDE_STYLE('',(#4011));
#4011 = SURFACE_STYLE_FILL_AREA(#4012);
#4012 = FILL_AREA_STYLE('',(#4013));
#4013 = FILL_AREA_STYLE_COLOUR('',#3860);
#4014 = CURVE_STYLE('',#4015,POSITIVE_LENGTH_MEASURE(0.1),#3851);
#4015 = DRAUGHTING_PRE_DEFINED_CURVE_FONT('continuous');
#4016 = STYLED_ITEM('color',(#4017),#3079);
#4017 = PRESENTATION_STYLE_ASSIGNMENT((#4018,#4023));
#4018 = SURFACE_STYLE_USAGE(.BOTH.,#4019);
#4019 = SURFACE_SIDE_STYLE('',(#4020));
#4020 = SURFACE_STYLE_FILL_AREA(#4021);
#4021 = FILL_AREA_STYLE('',(#4022));
#4022 = FILL_AREA_STYLE_COLOUR('',#3860);
#4023 = CURVE_STYLE('',#4024,POSITIVE_LENGTH_MEASURE(0.1),#3851);
#4024 = DRAUGHTING_PRE_DEFINED_CURVE_FONT('continuous');
#4025 = STYLED_ITEM('color',(#4026),#3229);
#4026 = PRESENTATION_STYLE_ASSIGNMENT((#4027,#4032));
#4027 = SURFACE_STYLE_USAGE(.BOTH.,#4028);
#4028 = SURFACE_SIDE_STYLE('',(#4029));
#4029 = SURFACE_STYLE_FILL_AREA(#4030);
#4030 = FILL_AREA_STYLE('',(#4031));
#4031 = FILL_AREA_STYLE_COLOUR('',#3860);
#4032 = CURVE_STYLE('',#4033,POSITIVE_LENGTH_MEASURE(0.1),#3851);
#4033 = DRAUGHTING_PRE_DEFINED_CURVE_FONT('continuous');
#4034 = STYLED_ITEM('color',(#4035),#3379);
#4035 = PRESENTATION_STYLE_ASSIGNMENT((#4036,#4041));
#4036 = SURFACE_STYLE_USAGE(.BOTH.,#4037);
#4037 = SURFACE_SIDE_STYLE('',(#4038));
#4038 = SURFACE_STYLE_FILL_AREA(#4039);
#4039 = FILL_AREA_STYLE('',(#4040));
#4040 = FILL_AREA_STYLE_COLOUR('',#3860);
#4041 = CURVE_STYLE('',#4042,POSITIVE_LENGTH_MEASURE(0.1),#3851);
#4042 = DRAUGHTING_PRE_DEFINED_CURVE_FONT('continuous');
#4043 = STYLED_ITEM('color',(#4044),#3529);
#4044 = PRESENTATION_STYLE_ASSIGNMENT((#4045,#4050));
#4045 = SURFACE_STYLE_USAGE(.BOTH.,#4046);
#4046 = SURFACE_SIDE_STYLE('',(#4047));
#4047 = SURFACE_STYLE_FILL_AREA(#4048);
#4048 = FILL_AREA_STYLE('',(#4049));
#4049 = FILL_AREA_STYLE_COLOUR('',#3860);
#4050 = CURVE_STYLE('',#4051,POSITIVE_LENGTH_MEASURE(0.1),#3851);
#4051 = DRAUGHTING_PRE_DEFINED_CURVE_FONT('continuous');
#4052 = STYLED_ITEM('color',(#4053),#3679);
#4053 = PRESENTATION_STYLE_ASSIGNMENT((#4054,#4059));
#4054 = SURFACE_STYLE_USAGE(.BOTH.,#4055);
#4055 = SURFACE_SIDE_STYLE('',(#4056));
#4056 = SURFACE_STYLE_FILL_AREA(#4057);
#4057 = FILL_AREA_STYLE('',(#4058));
#4058 = FILL_AREA_STYLE_COLOUR('',#3860);
#4059 = CURVE_STYLE('',#4060,POSITIVE_LENGTH_MEASURE(0.1),#3851);
#4060 = DRAUGHTING_PRE_DEFINED_CURVE_FONT('continuous');
#4061 = MECHANICAL_DESIGN_GEOMETRIC_PRESENTATION_REPRESENTATION('',(
    #4062),#360);
#4062 = STYLED_ITEM('color',(#4063),#210);
#4063 = PRESENTATION_STYLE_ASSIGNMENT((#4064,#4070));
#4064 = SURFACE_STYLE_USAGE(.BOTH.,#4065);
#4065 = SURFACE_SIDE_STYLE('',(#4066));
#4066 = SURFACE_STYLE_FILL_AREA(#4067);
#4067 = FILL_AREA_STYLE('',(#4068));
#4068 = FILL_AREA_STYLE_COLOUR('',#4069);
#4069 = COLOUR_RGB('',8.499999944116E-02,9.000000351345E-02,
  9.999999991362E-02);
#4070 = CURVE_STYLE('',#4071,POSITIVE_LENGTH_MEASURE(0.1),#3851);
#4071 = DRAUGHTING_PRE_DEFINED_CURVE_FONT('continuous');
ENDSEC;
END-ISO-10303-21;
