ISO-10303-21;
HEADER;
FILE_DESCRIPTION(('FreeCAD Model'),'2;1');
FILE_NAME('Open CASCADE Shape Model','2026-09-23T17:26:40',('FreeCAD'),(
    'FreeCAD'),'Open CASCADE STEP processor 7.8','FreeCAD','Unknown');
FILE_SCHEMA(('AUTOMOTIVE_DESIGN { 1 0 10303 214 1 1 1 1 }'));
ENDSEC;
DATA;
#1 = APPLICATION_PROTOCOL_DEFINITION('international standard',
  'automotive_design',2000,#2);
#2 = APPLICATION_CONTEXT(
  'core data for automotive mechanical design processes');
#3 = SHAPE_DEFINITION_REPRESENTATION(#4,#10);
#4 = PRODUCT_DEFINITION_SHAPE('','',#5);
#5 = PRODUCT_DEFINITION('design','',#6,#9);
#6 = PRODUCT_DEFINITION_FORMATION('','',#7);
#7 = PRODUCT('Open CASCADE STEP translator 7.8 1',
  'Open CASCADE STEP translator 7.8 1','',(#8));
#8 = PRODUCT_CONTEXT('',#2,'mechanical');
#9 = PRODUCT_DEFINITION_CONTEXT('part definition',#2,'design');
#10 = SHAPE_REPRESENTATION('',(#11,#15,#449,#599,#749,#899,#1049,#1199,
    #1349,#1499,#1649,#1799,#1949,#2099,#2249,#2399,#2549,#2699,#2849,
    #2999,#3149,#3299,#3449,#3599,#3749,#3899,#4049,#4199,#4349,#4499,
    #4649,#4799,#4949,#5099,#5249,#5399,#5549,#5699,#5849,#5999,#6149,
    #6299,#6449,#6599,#6749,#6899,#7049,#7199,#7349,#7499,#7649,#7799,
    #7949,#8099),#8249);
#11 = AXIS2_PLACEMENT_3D('',#12,#13,#14);
#12 = CARTESIAN_POINT('',(0.,0.,0.));
#13 = DIRECTION('',(0.,0.,1.));
#14 = DIRECTION('',(1.,0.,-0.));
#15 = MANIFOLD_SOLID_BREP('',#16);
#16 = CLOSED_SHELL('',(#17,#91,#122,#146,#170,#187,#233,#264,#288,#312,
    #329,#341,#372,#403,#420,#437));
#17 = ADVANCED_FACE('',(#18,#52),#86,.T.);
#18 = FACE_BOUND('',#19,.T.);
#19 = EDGE_LOOP('',(#20,#30,#38,#46));
#20 = ORIENTED_EDGE('',*,*,#21,.F.);
#21 = EDGE_CURVE('',#22,#24,#26,.T.);
#22 = VERTEX_POINT('',#23);
#23 = CARTESIAN_POINT('',(-1.27,-3.66,0.79));
#24 = VERTEX_POINT('',#25);
#25 = CARTESIAN_POINT('',(-1.27,3.66,0.79));
#26 = LINE('',#27,#28);
#27 = CARTESIAN_POINT('',(-1.27,-3.66,0.79));
#28 = VECTOR('',#29,1.);
#29 = DIRECTION('',(0.,1.,0.));
#30 = ORIENTED_EDGE('',*,*,#31,.T.);
#31 = EDGE_CURVE('',#22,#32,#34,.T.);
#32 = VERTEX_POINT('',#33);
#33 = CARTESIAN_POINT('',(1.27,-3.66,0.79));
#34 = LINE('',#35,#36);
#35 = CARTESIAN_POINT('',(-1.27,-3.66,0.79));
#36 = VECTOR('',#37,1.);
#37 = DIRECTION('',(1.,0.,0.));
#38 = ORIENTED_EDGE('',*,*,#39,.T.);
#39 = EDGE_CURVE('',#32,#40,#42,.T.);
#40 = VERTEX_POINT('',#41);
#41 = CARTESIAN_POINT('',(1.27,3.66,0.79));
#42 = LINE('',#43,#44);
#43 = CARTESIAN_POINT('',(1.27,-3.66,0.79));
#44 = VECTOR('',#45,1.);
#45 = DIRECTION('',(0.,1.,0.));
#46 = ORIENTED_EDGE('',*,*,#47,.F.);
#47 = EDGE_CURVE('',#24,#40,#48,.T.);
#48 = LINE('',#49,#50);
#49 = CARTESIAN_POINT('',(-1.27,3.66,0.79));
#50 = VECTOR('',#51,1.);
#51 = DIRECTION('',(1.,0.,0.));
#52 = FACE_BOUND('',#53,.T.);
#53 = EDGE_LOOP('',(#54,#64,#72,#80));
#54 = ORIENTED_EDGE('',*,*,#55,.T.);
#55 = EDGE_CURVE('',#56,#58,#60,.T.);
#56 = VERTEX_POINT('',#57);
#57 = CARTESIAN_POINT('',(0.97,-3.34,0.79));
#58 = VERTEX_POINT('',#59);
#59 = CARTESIAN_POINT('',(-0.97,-3.34,0.79));
#60 = LINE('',#61,#62);
#61 = CARTESIAN_POINT('',(-1.12,-3.34,0.79));
#62 = VECTOR('',#63,1.);
#63 = DIRECTION('',(-1.,0.,0.));
#64 = ORIENTED_EDGE('',*,*,#65,.T.);
#65 = EDGE_CURVE('',#58,#66,#68,.T.);
#66 = VERTEX_POINT('',#67);
#67 = CARTESIAN_POINT('',(-0.97,3.34,0.79));
#68 = LINE('',#69,#70);
#69 = CARTESIAN_POINT('',(-0.97,-3.5,0.79));
#70 = VECTOR('',#71,1.);
#71 = DIRECTION('',(0.,1.,0.));
#72 = ORIENTED_EDGE('',*,*,#73,.F.);
#73 = EDGE_CURVE('',#74,#66,#76,.T.);
#74 = VERTEX_POINT('',#75);
#75 = CARTESIAN_POINT('',(0.97,3.34,0.79));
#76 = LINE('',#77,#78);
#77 = CARTESIAN_POINT('',(-1.12,3.34,0.79));
#78 = VECTOR('',#79,1.);
#79 = DIRECTION('',(-1.,0.,0.));
#80 = ORIENTED_EDGE('',*,*,#81,.F.);
#81 = EDGE_CURVE('',#56,#74,#82,.T.);
#82 = LINE('',#83,#84);
#83 = CARTESIAN_POINT('',(0.97,-3.5,0.79));
#84 = VECTOR('',#85,1.);
#85 = DIRECTION('',(0.,1.,0.));
#86 = PLANE('',#87);
#87 = AXIS2_PLACEMENT_3D('',#88,#89,#90);
#88 = CARTESIAN_POINT('',(-1.27,-3.66,0.79));
#89 = DIRECTION('',(0.,0.,1.));
#90 = DIRECTION('',(1.,0.,0.));
#91 = ADVANCED_FACE('',(#92),#117,.T.);
#92 = FACE_BOUND('',#93,.T.);
#93 = EDGE_LOOP('',(#94,#104,#110,#111));
#94 = ORIENTED_EDGE('',*,*,#95,.F.);
#95 = EDGE_CURVE('',#96,#98,#100,.T.);
#96 = VERTEX_POINT('',#97);
#97 = CARTESIAN_POINT('',(-0.97,-3.34,0.18));
#98 = VERTEX_POINT('',#99);
#99 = CARTESIAN_POINT('',(0.97,-3.34,0.18));
#100 = LINE('',#101,#102);
#101 = CARTESIAN_POINT('',(-0.97,-3.34,0.18));
#102 = VECTOR('',#103,1.);
#103 = DIRECTION('',(1.,0.,0.));
#104 = ORIENTED_EDGE('',*,*,#105,.T.);
#105 = EDGE_CURVE('',#96,#58,#106,.T.);
#106 = LINE('',#107,#108);
#107 = CARTESIAN_POINT('',(-0.97,-3.34,0.18));
#108 = VECTOR('',#109,1.);
#109 = DIRECTION('',(0.,0.,1.));
#110 = ORIENTED_EDGE('',*,*,#55,.F.);
#111 = ORIENTED_EDGE('',*,*,#112,.F.);
#112 = EDGE_CURVE('',#98,#56,#113,.T.);
#113 = LINE('',#114,#115);
#114 = CARTESIAN_POINT('',(0.97,-3.34,0.18));
#115 = VECTOR('',#116,1.);
#116 = DIRECTION('',(0.,0.,1.));
#117 = PLANE('',#118);
#118 = AXIS2_PLACEMENT_3D('',#119,#120,#121);
#119 = CARTESIAN_POINT('',(-0.97,-3.34,0.18));
#120 = DIRECTION('',(0.,1.,0.));
#121 = DIRECTION('',(0.,0.,1.));
#122 = ADVANCED_FACE('',(#123),#141,.F.);
#123 = FACE_BOUND('',#124,.F.);
#124 = EDGE_LOOP('',(#125,#126,#134,#140));
#125 = ORIENTED_EDGE('',*,*,#112,.F.);
#126 = ORIENTED_EDGE('',*,*,#127,.T.);
#127 = EDGE_CURVE('',#98,#128,#130,.T.);
#128 = VERTEX_POINT('',#129);
#129 = CARTESIAN_POINT('',(0.97,3.34,0.18));
#130 = LINE('',#131,#132);
#131 = CARTESIAN_POINT('',(0.97,-3.34,0.18));
#132 = VECTOR('',#133,1.);
#133 = DIRECTION('',(0.,1.,0.));
#134 = ORIENTED_EDGE('',*,*,#135,.T.);
#135 = EDGE_CURVE('',#128,#74,#136,.T.);
#136 = LINE('',#137,#138);
#137 = CARTESIAN_POINT('',(0.97,3.34,0.18));
#138 = VECTOR('',#139,1.);
#139 = DIRECTION('',(0.,0.,1.));
#140 = ORIENTED_EDGE('',*,*,#81,.F.);
#141 = PLANE('',#142);
#142 = AXIS2_PLACEMENT_3D('',#143,#144,#145);
#143 = CARTESIAN_POINT('',(0.97,-3.34,0.18));
#144 = DIRECTION('',(1.,0.,0.));
#145 = DIRECTION('',(0.,0.,1.));
#146 = ADVANCED_FACE('',(#147),#165,.F.);
#147 = FACE_BOUND('',#148,.F.);
#148 = EDGE_LOOP('',(#149,#157,#163,#164));
#149 = ORIENTED_EDGE('',*,*,#150,.F.);
#150 = EDGE_CURVE('',#151,#128,#153,.T.);
#151 = VERTEX_POINT('',#152);
#152 = CARTESIAN_POINT('',(-0.97,3.34,0.18));
#153 = LINE('',#154,#155);
#154 = CARTESIAN_POINT('',(-0.97,3.34,0.18));
#155 = VECTOR('',#156,1.);
#156 = DIRECTION('',(1.,0.,0.));
#157 = ORIENTED_EDGE('',*,*,#158,.T.);
#158 = EDGE_CURVE('',#151,#66,#159,.T.);
#159 = LINE('',#160,#161);
#160 = CARTESIAN_POINT('',(-0.97,3.34,0.18));
#161 = VECTOR('',#162,1.);
#162 = DIRECTION('',(0.,0.,1.));
#163 = ORIENTED_EDGE('',*,*,#73,.F.);
#164 = ORIENTED_EDGE('',*,*,#135,.F.);
#165 = PLANE('',#166);
#166 = AXIS2_PLACEMENT_3D('',#167,#168,#169);
#167 = CARTESIAN_POINT('',(-0.97,3.34,0.18));
#168 = DIRECTION('',(0.,1.,0.));
#169 = DIRECTION('',(0.,0.,1.));
#170 = ADVANCED_FACE('',(#171),#182,.T.);
#171 = FACE_BOUND('',#172,.T.);
#172 = EDGE_LOOP('',(#173,#174,#180,#181));
#173 = ORIENTED_EDGE('',*,*,#105,.F.);
#174 = ORIENTED_EDGE('',*,*,#175,.T.);
#175 = EDGE_CURVE('',#96,#151,#176,.T.);
#176 = LINE('',#177,#178);
#177 = CARTESIAN_POINT('',(-0.97,-3.34,0.18));
#178 = VECTOR('',#179,1.);
#179 = DIRECTION('',(0.,1.,0.));
#180 = ORIENTED_EDGE('',*,*,#158,.T.);
#181 = ORIENTED_EDGE('',*,*,#65,.F.);
#182 = PLANE('',#183);
#183 = AXIS2_PLACEMENT_3D('',#184,#185,#186);
#184 = CARTESIAN_POINT('',(-0.97,-3.34,0.18));
#185 = DIRECTION('',(1.,0.,0.));
#186 = DIRECTION('',(0.,0.,1.));
#187 = ADVANCED_FACE('',(#188,#194),#228,.T.);
#188 = FACE_BOUND('',#189,.T.);
#189 = EDGE_LOOP('',(#190,#191,#192,#193));
#190 = ORIENTED_EDGE('',*,*,#175,.F.);
#191 = ORIENTED_EDGE('',*,*,#95,.T.);
#192 = ORIENTED_EDGE('',*,*,#127,.T.);
#193 = ORIENTED_EDGE('',*,*,#150,.F.);
#194 = FACE_BOUND('',#195,.T.);
#195 = EDGE_LOOP('',(#196,#206,#214,#222));
#196 = ORIENTED_EDGE('',*,*,#197,.F.);
#197 = EDGE_CURVE('',#198,#200,#202,.T.);
#198 = VERTEX_POINT('',#199);
#199 = CARTESIAN_POINT('',(-0.18,-2.72,0.18));
#200 = VERTEX_POINT('',#201);
#201 = CARTESIAN_POINT('',(0.18,-2.72,0.18));
#202 = LINE('',#203,#204);
#203 = CARTESIAN_POINT('',(-0.18,-2.72,0.18));
#204 = VECTOR('',#205,1.);
#205 = DIRECTION('',(1.,0.,0.));
#206 = ORIENTED_EDGE('',*,*,#207,.T.);
#207 = EDGE_CURVE('',#198,#208,#210,.T.);
#208 = VERTEX_POINT('',#209);
#209 = CARTESIAN_POINT('',(-0.18,2.72,0.18));
#210 = LINE('',#211,#212);
#211 = CARTESIAN_POINT('',(-0.18,-2.72,0.18));
#212 = VECTOR('',#213,1.);
#213 = DIRECTION('',(0.,1.,0.));
#214 = ORIENTED_EDGE('',*,*,#215,.T.);
#215 = EDGE_CURVE('',#208,#216,#218,.T.);
#216 = VERTEX_POINT('',#217);
#217 = CARTESIAN_POINT('',(0.18,2.72,0.18));
#218 = LINE('',#219,#220);
#219 = CARTESIAN_POINT('',(-0.18,2.72,0.18));
#220 = VECTOR('',#221,1.);
#221 = DIRECTION('',(1.,0.,0.));
#222 = ORIENTED_EDGE('',*,*,#223,.F.);
#223 = EDGE_CURVE('',#200,#216,#224,.T.);
#224 = LINE('',#225,#226);
#225 = CARTESIAN_POINT('',(0.18,-2.72,0.18));
#226 = VECTOR('',#227,1.);
#227 = DIRECTION('',(0.,1.,0.));
#228 = PLANE('',#229);
#229 = AXIS2_PLACEMENT_3D('',#230,#231,#232);
#230 = CARTESIAN_POINT('',(-1.27,-3.66,0.18));
#231 = DIRECTION('',(0.,0.,1.));
#232 = DIRECTION('',(1.,0.,0.));
#233 = ADVANCED_FACE('',(#234),#259,.F.);
#234 = FACE_BOUND('',#235,.F.);
#235 = EDGE_LOOP('',(#236,#237,#245,#253));
#236 = ORIENTED_EDGE('',*,*,#197,.F.);
#237 = ORIENTED_EDGE('',*,*,#238,.T.);
#238 = EDGE_CURVE('',#198,#239,#241,.T.);
#239 = VERTEX_POINT('',#240);
#240 = CARTESIAN_POINT('',(-0.18,-2.72,0.71));
#241 = LINE('',#242,#243);
#242 = CARTESIAN_POINT('',(-0.18,-2.72,0.18));
#243 = VECTOR('',#244,1.);
#244 = DIRECTION('',(0.,0.,1.));
#245 = ORIENTED_EDGE('',*,*,#246,.T.);
#246 = EDGE_CURVE('',#239,#247,#249,.T.);
#247 = VERTEX_POINT('',#248);
#248 = CARTESIAN_POINT('',(0.18,-2.72,0.71));
#249 = LINE('',#250,#251);
#250 = CARTESIAN_POINT('',(-0.18,-2.72,0.71));
#251 = VECTOR('',#252,1.);
#252 = DIRECTION('',(1.,0.,0.));
#253 = ORIENTED_EDGE('',*,*,#254,.F.);
#254 = EDGE_CURVE('',#200,#247,#255,.T.);
#255 = LINE('',#256,#257);
#256 = CARTESIAN_POINT('',(0.18,-2.72,0.18));
#257 = VECTOR('',#258,1.);
#258 = DIRECTION('',(0.,0.,1.));
#259 = PLANE('',#260);
#260 = AXIS2_PLACEMENT_3D('',#261,#262,#263);
#261 = CARTESIAN_POINT('',(-0.18,-2.72,0.18));
#262 = DIRECTION('',(0.,1.,0.));
#263 = DIRECTION('',(0.,0.,1.));
#264 = ADVANCED_FACE('',(#265),#283,.T.);
#265 = FACE_BOUND('',#266,.T.);
#266 = EDGE_LOOP('',(#267,#268,#269,#277));
#267 = ORIENTED_EDGE('',*,*,#254,.F.);
#268 = ORIENTED_EDGE('',*,*,#223,.T.);
#269 = ORIENTED_EDGE('',*,*,#270,.T.);
#270 = EDGE_CURVE('',#216,#271,#273,.T.);
#271 = VERTEX_POINT('',#272);
#272 = CARTESIAN_POINT('',(0.18,2.72,0.71));
#273 = LINE('',#274,#275);
#274 = CARTESIAN_POINT('',(0.18,2.72,0.18));
#275 = VECTOR('',#276,1.);
#276 = DIRECTION('',(0.,0.,1.));
#277 = ORIENTED_EDGE('',*,*,#278,.F.);
#278 = EDGE_CURVE('',#247,#271,#279,.T.);
#279 = LINE('',#280,#281);
#280 = CARTESIAN_POINT('',(0.18,-2.72,0.71));
#281 = VECTOR('',#282,1.);
#282 = DIRECTION('',(0.,1.,0.));
#283 = PLANE('',#284);
#284 = AXIS2_PLACEMENT_3D('',#285,#286,#287);
#285 = CARTESIAN_POINT('',(0.18,-2.72,0.18));
#286 = DIRECTION('',(1.,0.,0.));
#287 = DIRECTION('',(0.,0.,1.));
#288 = ADVANCED_FACE('',(#289),#307,.T.);
#289 = FACE_BOUND('',#290,.T.);
#290 = EDGE_LOOP('',(#291,#292,#300,#306));
#291 = ORIENTED_EDGE('',*,*,#215,.F.);
#292 = ORIENTED_EDGE('',*,*,#293,.T.);
#293 = EDGE_CURVE('',#208,#294,#296,.T.);
#294 = VERTEX_POINT('',#295);
#295 = CARTESIAN_POINT('',(-0.18,2.72,0.71));
#296 = LINE('',#297,#298);
#297 = CARTESIAN_POINT('',(-0.18,2.72,0.18));
#298 = VECTOR('',#299,1.);
#299 = DIRECTION('',(0.,0.,1.));
#300 = ORIENTED_EDGE('',*,*,#301,.T.);
#301 = EDGE_CURVE('',#294,#271,#302,.T.);
#302 = LINE('',#303,#304);
#303 = CARTESIAN_POINT('',(-0.18,2.72,0.71));
#304 = VECTOR('',#305,1.);
#305 = DIRECTION('',(1.,0.,0.));
#306 = ORIENTED_EDGE('',*,*,#270,.F.);
#307 = PLANE('',#308);
#308 = AXIS2_PLACEMENT_3D('',#309,#310,#311);
#309 = CARTESIAN_POINT('',(-0.18,2.72,0.18));
#310 = DIRECTION('',(0.,1.,0.));
#311 = DIRECTION('',(0.,0.,1.));
#312 = ADVANCED_FACE('',(#313),#324,.F.);
#313 = FACE_BOUND('',#314,.F.);
#314 = EDGE_LOOP('',(#315,#316,#317,#318));
#315 = ORIENTED_EDGE('',*,*,#238,.F.);
#316 = ORIENTED_EDGE('',*,*,#207,.T.);
#317 = ORIENTED_EDGE('',*,*,#293,.T.);
#318 = ORIENTED_EDGE('',*,*,#319,.F.);
#319 = EDGE_CURVE('',#239,#294,#320,.T.);
#320 = LINE('',#321,#322);
#321 = CARTESIAN_POINT('',(-0.18,-2.72,0.71));
#322 = VECTOR('',#323,1.);
#323 = DIRECTION('',(0.,1.,0.));
#324 = PLANE('',#325);
#325 = AXIS2_PLACEMENT_3D('',#326,#327,#328);
#326 = CARTESIAN_POINT('',(-0.18,-2.72,0.18));
#327 = DIRECTION('',(1.,0.,0.));
#328 = DIRECTION('',(0.,0.,1.));
#329 = ADVANCED_FACE('',(#330),#336,.T.);
#330 = FACE_BOUND('',#331,.T.);
#331 = EDGE_LOOP('',(#332,#333,#334,#335));
#332 = ORIENTED_EDGE('',*,*,#319,.F.);
#333 = ORIENTED_EDGE('',*,*,#246,.T.);
#334 = ORIENTED_EDGE('',*,*,#278,.T.);
#335 = ORIENTED_EDGE('',*,*,#301,.F.);
#336 = PLANE('',#337);
#337 = AXIS2_PLACEMENT_3D('',#338,#339,#340);
#338 = CARTESIAN_POINT('',(-0.18,-2.72,0.71));
#339 = DIRECTION('',(0.,0.,1.));
#340 = DIRECTION('',(1.,0.,0.));
#341 = ADVANCED_FACE('',(#342),#367,.T.);
#342 = FACE_BOUND('',#343,.T.);
#343 = EDGE_LOOP('',(#344,#352,#353,#361));
#344 = ORIENTED_EDGE('',*,*,#345,.T.);
#345 = EDGE_CURVE('',#346,#22,#348,.T.);
#346 = VERTEX_POINT('',#347);
#347 = CARTESIAN_POINT('',(-1.27,-3.66,6.E-02));
#348 = LINE('',#349,#350);
#349 = CARTESIAN_POINT('',(-1.27,-3.66,6.E-02));
#350 = VECTOR('',#351,1.);
#351 = DIRECTION('',(0.,0.,1.));
#352 = ORIENTED_EDGE('',*,*,#21,.T.);
#353 = ORIENTED_EDGE('',*,*,#354,.F.);
#354 = EDGE_CURVE('',#355,#24,#357,.T.);
#355 = VERTEX_POINT('',#356);
#356 = CARTESIAN_POINT('',(-1.27,3.66,6.E-02));
#357 = LINE('',#358,#359);
#358 = CARTESIAN_POINT('',(-1.27,3.66,0.18));
#359 = VECTOR('',#360,1.);
#360 = DIRECTION('',(0.,0.,1.));
#361 = ORIENTED_EDGE('',*,*,#362,.F.);
#362 = EDGE_CURVE('',#346,#355,#363,.T.);
#363 = LINE('',#364,#365);
#364 = CARTESIAN_POINT('',(-1.27,-3.66,6.E-02));
#365 = VECTOR('',#366,1.);
#366 = DIRECTION('',(0.,1.,0.));
#367 = PLANE('',#368);
#368 = AXIS2_PLACEMENT_3D('',#369,#370,#371);
#369 = CARTESIAN_POINT('',(-1.27,0.,0.425));
#370 = DIRECTION('',(-1.,-0.,-0.));
#371 = DIRECTION('',(0.,0.,-1.));
#372 = ADVANCED_FACE('',(#373),#398,.F.);
#373 = FACE_BOUND('',#374,.F.);
#374 = EDGE_LOOP('',(#375,#376,#384,#392));
#375 = ORIENTED_EDGE('',*,*,#362,.F.);
#376 = ORIENTED_EDGE('',*,*,#377,.T.);
#377 = EDGE_CURVE('',#346,#378,#380,.T.);
#378 = VERTEX_POINT('',#379);
#379 = CARTESIAN_POINT('',(1.27,-3.66,6.E-02));
#380 = LINE('',#381,#382);
#381 = CARTESIAN_POINT('',(-1.27,-3.66,6.E-02));
#382 = VECTOR('',#383,1.);
#383 = DIRECTION('',(1.,0.,0.));
#384 = ORIENTED_EDGE('',*,*,#385,.T.);
#385 = EDGE_CURVE('',#378,#386,#388,.T.);
#386 = VERTEX_POINT('',#387);
#387 = CARTESIAN_POINT('',(1.27,3.66,6.E-02));
#388 = LINE('',#389,#390);
#389 = CARTESIAN_POINT('',(1.27,-3.66,6.E-02));
#390 = VECTOR('',#391,1.);
#391 = DIRECTION('',(0.,1.,0.));
#392 = ORIENTED_EDGE('',*,*,#393,.F.);
#393 = EDGE_CURVE('',#355,#386,#394,.T.);
#394 = LINE('',#395,#396);
#395 = CARTESIAN_POINT('',(-1.27,3.66,6.E-02));
#396 = VECTOR('',#397,1.);
#397 = DIRECTION('',(1.,0.,0.));
#398 = PLANE('',#399);
#399 = AXIS2_PLACEMENT_3D('',#400,#401,#402);
#400 = CARTESIAN_POINT('',(-1.27,-3.66,6.E-02));
#401 = DIRECTION('',(0.,0.,1.));
#402 = DIRECTION('',(1.,0.,0.));
#403 = ADVANCED_FACE('',(#404),#415,.T.);
#404 = FACE_BOUND('',#405,.T.);
#405 = EDGE_LOOP('',(#406,#407,#413,#414));
#406 = ORIENTED_EDGE('',*,*,#377,.T.);
#407 = ORIENTED_EDGE('',*,*,#408,.T.);
#408 = EDGE_CURVE('',#378,#32,#409,.T.);
#409 = LINE('',#410,#411);
#410 = CARTESIAN_POINT('',(1.27,-3.66,6.E-02));
#411 = VECTOR('',#412,1.);
#412 = DIRECTION('',(0.,0.,1.));
#413 = ORIENTED_EDGE('',*,*,#31,.F.);
#414 = ORIENTED_EDGE('',*,*,#345,.F.);
#415 = PLANE('',#416);
#416 = AXIS2_PLACEMENT_3D('',#417,#418,#419);
#417 = CARTESIAN_POINT('',(-4.243971806671E-18,-3.66,0.425));
#418 = DIRECTION('',(-0.,-1.,-0.));
#419 = DIRECTION('',(0.,0.,-1.));
#420 = ADVANCED_FACE('',(#421),#432,.T.);
#421 = FACE_BOUND('',#422,.T.);
#422 = EDGE_LOOP('',(#423,#424,#425,#426));
#423 = ORIENTED_EDGE('',*,*,#393,.F.);
#424 = ORIENTED_EDGE('',*,*,#354,.T.);
#425 = ORIENTED_EDGE('',*,*,#47,.T.);
#426 = ORIENTED_EDGE('',*,*,#427,.F.);
#427 = EDGE_CURVE('',#386,#40,#428,.T.);
#428 = LINE('',#429,#430);
#429 = CARTESIAN_POINT('',(1.27,3.66,0.18));
#430 = VECTOR('',#431,1.);
#431 = DIRECTION('',(0.,0.,1.));
#432 = PLANE('',#433);
#433 = AXIS2_PLACEMENT_3D('',#434,#435,#436);
#434 = CARTESIAN_POINT('',(2.121985903336E-17,3.66,0.425));
#435 = DIRECTION('',(0.,1.,0.));
#436 = DIRECTION('',(0.,0.,1.));
#437 = ADVANCED_FACE('',(#438),#444,.T.);
#438 = FACE_BOUND('',#439,.T.);
#439 = EDGE_LOOP('',(#440,#441,#442,#443));
#440 = ORIENTED_EDGE('',*,*,#408,.F.);
#441 = ORIENTED_EDGE('',*,*,#385,.T.);
#442 = ORIENTED_EDGE('',*,*,#427,.T.);
#443 = ORIENTED_EDGE('',*,*,#39,.F.);
#444 = PLANE('',#445);
#445 = AXIS2_PLACEMENT_3D('',#446,#447,#448);
#446 = CARTESIAN_POINT('',(1.27,5.516636147206E-17,0.425));
#447 = DIRECTION('',(1.,0.,0.));
#448 = DIRECTION('',(0.,0.,1.));
#449 = MANIFOLD_SOLID_BREP('',#450);
#450 = CLOSED_SHELL('',(#451,#491,#531,#553,#575,#587));
#451 = ADVANCED_FACE('',(#452),#486,.F.);
#452 = FACE_BOUND('',#453,.F.);
#453 = EDGE_LOOP('',(#454,#464,#472,#480));
#454 = ORIENTED_EDGE('',*,*,#455,.F.);
#455 = EDGE_CURVE('',#456,#458,#460,.T.);
#456 = VERTEX_POINT('',#457);
#457 = CARTESIAN_POINT('',(-1.295,-2.25,0.));
#458 = VERTEX_POINT('',#459);
#459 = CARTESIAN_POINT('',(-1.295,-2.25,0.1));
#460 = LINE('',#461,#462);
#461 = CARTESIAN_POINT('',(-1.295,-2.25,0.));
#462 = VECTOR('',#463,1.);
#463 = DIRECTION('',(0.,0.,1.));
#464 = ORIENTED_EDGE('',*,*,#465,.T.);
#465 = EDGE_CURVE('',#456,#466,#468,.T.);
#466 = VERTEX_POINT('',#467);
#467 = CARTESIAN_POINT('',(-1.295,-2.15,0.));
#468 = LINE('',#469,#470);
#469 = CARTESIAN_POINT('',(-1.295,-2.25,0.));
#470 = VECTOR('',#471,1.);
#471 = DIRECTION('',(0.,1.,0.));
#472 = ORIENTED_EDGE('',*,*,#473,.T.);
#473 = EDGE_CURVE('',#466,#474,#476,.T.);
#474 = VERTEX_POINT('',#475);
#475 = CARTESIAN_POINT('',(-1.295,-2.15,0.1));
#476 = LINE('',#477,#478);
#477 = CARTESIAN_POINT('',(-1.295,-2.15,0.));
#478 = VECTOR('',#479,1.);
#479 = DIRECTION('',(0.,0.,1.));
#480 = ORIENTED_EDGE('',*,*,#481,.F.);
#481 = EDGE_CURVE('',#458,#474,#482,.T.);
#482 = LINE('',#483,#484);
#483 = CARTESIAN_POINT('',(-1.295,-2.25,0.1));
#484 = VECTOR('',#485,1.);
#485 = DIRECTION('',(0.,1.,0.));
#486 = PLANE('',#487);
#487 = AXIS2_PLACEMENT_3D('',#488,#489,#490);
#488 = CARTESIAN_POINT('',(-1.295,-2.25,0.));
#489 = DIRECTION('',(1.,0.,0.));
#490 = DIRECTION('',(0.,0.,1.));
#491 = ADVANCED_FACE('',(#492),#526,.T.);
#492 = FACE_BOUND('',#493,.T.);
#493 = EDGE_LOOP('',(#494,#504,#512,#520));
#494 = ORIENTED_EDGE('',*,*,#495,.F.);
#495 = EDGE_CURVE('',#496,#498,#500,.T.);
#496 = VERTEX_POINT('',#497);
#497 = CARTESIAN_POINT('',(-0.92,-2.25,0.));
#498 = VERTEX_POINT('',#499);
#499 = CARTESIAN_POINT('',(-0.92,-2.25,0.1));
#500 = LINE('',#501,#502);
#501 = CARTESIAN_POINT('',(-0.92,-2.25,0.));
#502 = VECTOR('',#503,1.);
#503 = DIRECTION('',(0.,0.,1.));
#504 = ORIENTED_EDGE('',*,*,#505,.T.);
#505 = EDGE_CURVE('',#496,#506,#508,.T.);
#506 = VERTEX_POINT('',#507);
#507 = CARTESIAN_POINT('',(-0.92,-2.15,0.));
#508 = LINE('',#509,#510);
#509 = CARTESIAN_POINT('',(-0.92,-2.25,0.));
#510 = VECTOR('',#511,1.);
#511 = DIRECTION('',(0.,1.,0.));
#512 = ORIENTED_EDGE('',*,*,#513,.T.);
#513 = EDGE_CURVE('',#506,#514,#516,.T.);
#514 = VERTEX_POINT('',#515);
#515 = CARTESIAN_POINT('',(-0.92,-2.15,0.1));
#516 = LINE('',#517,#518);
#517 = CARTESIAN_POINT('',(-0.92,-2.15,0.));
#518 = VECTOR('',#519,1.);
#519 = DIRECTION('',(0.,0.,1.));
#520 = ORIENTED_EDGE('',*,*,#521,.F.);
#521 = EDGE_CURVE('',#498,#514,#522,.T.);
#522 = LINE('',#523,#524);
#523 = CARTESIAN_POINT('',(-0.92,-2.25,0.1));
#524 = VECTOR('',#525,1.);
#525 = DIRECTION('',(0.,1.,0.));
#526 = PLANE('',#527);
#527 = AXIS2_PLACEMENT_3D('',#528,#529,#530);
#528 = CARTESIAN_POINT('',(-0.92,-2.25,0.));
#529 = DIRECTION('',(1.,0.,0.));
#530 = DIRECTION('',(0.,0.,1.));
#531 = ADVANCED_FACE('',(#532),#548,.F.);
#532 = FACE_BOUND('',#533,.F.);
#533 = EDGE_LOOP('',(#534,#540,#541,#547));
#534 = ORIENTED_EDGE('',*,*,#535,.F.);
#535 = EDGE_CURVE('',#456,#496,#536,.T.);
#536 = LINE('',#537,#538);
#537 = CARTESIAN_POINT('',(-1.295,-2.25,0.));
#538 = VECTOR('',#539,1.);
#539 = DIRECTION('',(1.,0.,0.));
#540 = ORIENTED_EDGE('',*,*,#455,.T.);
#541 = ORIENTED_EDGE('',*,*,#542,.T.);
#542 = EDGE_CURVE('',#458,#498,#543,.T.);
#543 = LINE('',#544,#545);
#544 = CARTESIAN_POINT('',(-1.295,-2.25,0.1));
#545 = VECTOR('',#546,1.);
#546 = DIRECTION('',(1.,0.,0.));
#547 = ORIENTED_EDGE('',*,*,#495,.F.);
#548 = PLANE('',#549);
#549 = AXIS2_PLACEMENT_3D('',#550,#551,#552);
#550 = CARTESIAN_POINT('',(-1.295,-2.25,0.));
#551 = DIRECTION('',(0.,1.,0.));
#552 = DIRECTION('',(0.,0.,1.));
#553 = ADVANCED_FACE('',(#554),#570,.T.);
#554 = FACE_BOUND('',#555,.T.);
#555 = EDGE_LOOP('',(#556,#562,#563,#569));
#556 = ORIENTED_EDGE('',*,*,#557,.F.);
#557 = EDGE_CURVE('',#466,#506,#558,.T.);
#558 = LINE('',#559,#560);
#559 = CARTESIAN_POINT('',(-1.295,-2.15,0.));
#560 = VECTOR('',#561,1.);
#561 = DIRECTION('',(1.,0.,0.));
#562 = ORIENTED_EDGE('',*,*,#473,.T.);
#563 = ORIENTED_EDGE('',*,*,#564,.T.);
#564 = EDGE_CURVE('',#474,#514,#565,.T.);
#565 = LINE('',#566,#567);
#566 = CARTESIAN_POINT('',(-1.295,-2.15,0.1));
#567 = VECTOR('',#568,1.);
#568 = DIRECTION('',(1.,0.,0.));
#569 = ORIENTED_EDGE('',*,*,#513,.F.);
#570 = PLANE('',#571);
#571 = AXIS2_PLACEMENT_3D('',#572,#573,#574);
#572 = CARTESIAN_POINT('',(-1.295,-2.15,0.));
#573 = DIRECTION('',(0.,1.,0.));
#574 = DIRECTION('',(0.,0.,1.));
#575 = ADVANCED_FACE('',(#576),#582,.F.);
#576 = FACE_BOUND('',#577,.F.);
#577 = EDGE_LOOP('',(#578,#579,#580,#581));
#578 = ORIENTED_EDGE('',*,*,#465,.F.);
#579 = ORIENTED_EDGE('',*,*,#535,.T.);
#580 = ORIENTED_EDGE('',*,*,#505,.T.);
#581 = ORIENTED_EDGE('',*,*,#557,.F.);
#582 = PLANE('',#583);
#583 = AXIS2_PLACEMENT_3D('',#584,#585,#586);
#584 = CARTESIAN_POINT('',(-1.295,-2.25,0.));
#585 = DIRECTION('',(0.,0.,1.));
#586 = DIRECTION('',(1.,0.,0.));
#587 = ADVANCED_FACE('',(#588),#594,.T.);
#588 = FACE_BOUND('',#589,.T.);
#589 = EDGE_LOOP('',(#590,#591,#592,#593));
#590 = ORIENTED_EDGE('',*,*,#481,.F.);
#591 = ORIENTED_EDGE('',*,*,#542,.T.);
#592 = ORIENTED_EDGE('',*,*,#521,.T.);
#593 = ORIENTED_EDGE('',*,*,#564,.F.);
#594 = PLANE('',#595);
#595 = AXIS2_PLACEMENT_3D('',#596,#597,#598);
#596 = CARTESIAN_POINT('',(-1.295,-2.25,0.1));
#597 = DIRECTION('',(0.,0.,1.));
#598 = DIRECTION('',(1.,0.,0.));
#599 = MANIFOLD_SOLID_BREP('',#600);
#600 = CLOSED_SHELL('',(#601,#641,#681,#703,#725,#737));
#601 = ADVANCED_FACE('',(#602),#636,.F.);
#602 = FACE_BOUND('',#603,.F.);
#603 = EDGE_LOOP('',(#604,#614,#622,#630));
#604 = ORIENTED_EDGE('',*,*,#605,.F.);
#605 = EDGE_CURVE('',#606,#608,#610,.T.);
#606 = VERTEX_POINT('',#607);
#607 = CARTESIAN_POINT('',(-0.89,-2.25,0.19));
#608 = VERTEX_POINT('',#609);
#609 = CARTESIAN_POINT('',(-0.89,-2.25,0.31));
#610 = LINE('',#611,#612);
#611 = CARTESIAN_POINT('',(-0.89,-2.25,0.19));
#612 = VECTOR('',#613,1.);
#613 = DIRECTION('',(0.,0.,1.));
#614 = ORIENTED_EDGE('',*,*,#615,.T.);
#615 = EDGE_CURVE('',#606,#616,#618,.T.);
#616 = VERTEX_POINT('',#617);
#617 = CARTESIAN_POINT('',(-0.89,-2.15,0.19));
#618 = LINE('',#619,#620);
#619 = CARTESIAN_POINT('',(-0.89,-2.25,0.19));
#620 = VECTOR('',#621,1.);
#621 = DIRECTION('',(0.,1.,0.));
#622 = ORIENTED_EDGE('',*,*,#623,.T.);
#623 = EDGE_CURVE('',#616,#624,#626,.T.);
#624 = VERTEX_POINT('',#625);
#625 = CARTESIAN_POINT('',(-0.89,-2.15,0.31));
#626 = LINE('',#627,#628);
#627 = CARTESIAN_POINT('',(-0.89,-2.15,0.19));
#628 = VECTOR('',#629,1.);
#629 = DIRECTION('',(0.,0.,1.));
#630 = ORIENTED_EDGE('',*,*,#631,.F.);
#631 = EDGE_CURVE('',#608,#624,#632,.T.);
#632 = LINE('',#633,#634);
#633 = CARTESIAN_POINT('',(-0.89,-2.25,0.31));
#634 = VECTOR('',#635,1.);
#635 = DIRECTION('',(0.,1.,0.));
#636 = PLANE('',#637);
#637 = AXIS2_PLACEMENT_3D('',#638,#639,#640);
#638 = CARTESIAN_POINT('',(-0.89,-2.25,0.19));
#639 = DIRECTION('',(1.,0.,0.));
#640 = DIRECTION('',(0.,0.,1.));
#641 = ADVANCED_FACE('',(#642),#676,.T.);
#642 = FACE_BOUND('',#643,.T.);
#643 = EDGE_LOOP('',(#644,#654,#662,#670));
#644 = ORIENTED_EDGE('',*,*,#645,.F.);
#645 = EDGE_CURVE('',#646,#648,#650,.T.);
#646 = VERTEX_POINT('',#647);
#647 = CARTESIAN_POINT('',(-0.24,-2.25,0.19));
#648 = VERTEX_POINT('',#649);
#649 = CARTESIAN_POINT('',(-0.24,-2.25,0.31));
#650 = LINE('',#651,#652);
#651 = CARTESIAN_POINT('',(-0.24,-2.25,0.19));
#652 = VECTOR('',#653,1.);
#653 = DIRECTION('',(0.,0.,1.));
#654 = ORIENTED_EDGE('',*,*,#655,.T.);
#655 = EDGE_CURVE('',#646,#656,#658,.T.);
#656 = VERTEX_POINT('',#657);
#657 = CARTESIAN_POINT('',(-0.24,-2.15,0.19));
#658 = LINE('',#659,#660);
#659 = CARTESIAN_POINT('',(-0.24,-2.25,0.19));
#660 = VECTOR('',#661,1.);
#661 = DIRECTION('',(0.,1.,0.));
#662 = ORIENTED_EDGE('',*,*,#663,.T.);
#663 = EDGE_CURVE('',#656,#664,#666,.T.);
#664 = VERTEX_POINT('',#665);
#665 = CARTESIAN_POINT('',(-0.24,-2.15,0.31));
#666 = LINE('',#667,#668);
#667 = CARTESIAN_POINT('',(-0.24,-2.15,0.19));
#668 = VECTOR('',#669,1.);
#669 = DIRECTION('',(0.,0.,1.));
#670 = ORIENTED_EDGE('',*,*,#671,.F.);
#671 = EDGE_CURVE('',#648,#664,#672,.T.);
#672 = LINE('',#673,#674);
#673 = CARTESIAN_POINT('',(-0.24,-2.25,0.31));
#674 = VECTOR('',#675,1.);
#675 = DIRECTION('',(0.,1.,0.));
#676 = PLANE('',#677);
#677 = AXIS2_PLACEMENT_3D('',#678,#679,#680);
#678 = CARTESIAN_POINT('',(-0.24,-2.25,0.19));
#679 = DIRECTION('',(1.,0.,0.));
#680 = DIRECTION('',(0.,0.,1.));
#681 = ADVANCED_FACE('',(#682),#698,.F.);
#682 = FACE_BOUND('',#683,.F.);
#683 = EDGE_LOOP('',(#684,#690,#691,#697));
#684 = ORIENTED_EDGE('',*,*,#685,.F.);
#685 = EDGE_CURVE('',#606,#646,#686,.T.);
#686 = LINE('',#687,#688);
#687 = CARTESIAN_POINT('',(-0.89,-2.25,0.19));
#688 = VECTOR('',#689,1.);
#689 = DIRECTION('',(1.,0.,0.));
#690 = ORIENTED_EDGE('',*,*,#605,.T.);
#691 = ORIENTED_EDGE('',*,*,#692,.T.);
#692 = EDGE_CURVE('',#608,#648,#693,.T.);
#693 = LINE('',#694,#695);
#694 = CARTESIAN_POINT('',(-0.89,-2.25,0.31));
#695 = VECTOR('',#696,1.);
#696 = DIRECTION('',(1.,0.,0.));
#697 = ORIENTED_EDGE('',*,*,#645,.F.);
#698 = PLANE('',#699);
#699 = AXIS2_PLACEMENT_3D('',#700,#701,#702);
#700 = CARTESIAN_POINT('',(-0.89,-2.25,0.19));
#701 = DIRECTION('',(0.,1.,0.));
#702 = DIRECTION('',(0.,0.,1.));
#703 = ADVANCED_FACE('',(#704),#720,.T.);
#704 = FACE_BOUND('',#705,.T.);
#705 = EDGE_LOOP('',(#706,#712,#713,#719));
#706 = ORIENTED_EDGE('',*,*,#707,.F.);
#707 = EDGE_CURVE('',#616,#656,#708,.T.);
#708 = LINE('',#709,#710);
#709 = CARTESIAN_POINT('',(-0.89,-2.15,0.19));
#710 = VECTOR('',#711,1.);
#711 = DIRECTION('',(1.,0.,0.));
#712 = ORIENTED_EDGE('',*,*,#623,.T.);
#713 = ORIENTED_EDGE('',*,*,#714,.T.);
#714 = EDGE_CURVE('',#624,#664,#715,.T.);
#715 = LINE('',#716,#717);
#716 = CARTESIAN_POINT('',(-0.89,-2.15,0.31));
#717 = VECTOR('',#718,1.);
#718 = DIRECTION('',(1.,0.,0.));
#719 = ORIENTED_EDGE('',*,*,#663,.F.);
#720 = PLANE('',#721);
#721 = AXIS2_PLACEMENT_3D('',#722,#723,#724);
#722 = CARTESIAN_POINT('',(-0.89,-2.15,0.19));
#723 = DIRECTION('',(0.,1.,0.));
#724 = DIRECTION('',(0.,0.,1.));
#725 = ADVANCED_FACE('',(#726),#732,.F.);
#726 = FACE_BOUND('',#727,.F.);
#727 = EDGE_LOOP('',(#728,#729,#730,#731));
#728 = ORIENTED_EDGE('',*,*,#615,.F.);
#729 = ORIENTED_EDGE('',*,*,#685,.T.);
#730 = ORIENTED_EDGE('',*,*,#655,.T.);
#731 = ORIENTED_EDGE('',*,*,#707,.F.);
#732 = PLANE('',#733);
#733 = AXIS2_PLACEMENT_3D('',#734,#735,#736);
#734 = CARTESIAN_POINT('',(-0.89,-2.25,0.19));
#735 = DIRECTION('',(0.,0.,1.));
#736 = DIRECTION('',(1.,0.,0.));
#737 = ADVANCED_FACE('',(#738),#744,.T.);
#738 = FACE_BOUND('',#739,.T.);
#739 = EDGE_LOOP('',(#740,#741,#742,#743));
#740 = ORIENTED_EDGE('',*,*,#631,.F.);
#741 = ORIENTED_EDGE('',*,*,#692,.T.);
#742 = ORIENTED_EDGE('',*,*,#671,.T.);
#743 = ORIENTED_EDGE('',*,*,#714,.F.);
#744 = PLANE('',#745);
#745 = AXIS2_PLACEMENT_3D('',#746,#747,#748);
#746 = CARTESIAN_POINT('',(-0.89,-2.25,0.31));
#747 = DIRECTION('',(0.,0.,1.));
#748 = DIRECTION('',(1.,0.,0.));
#749 = MANIFOLD_SOLID_BREP('',#750);
#750 = CLOSED_SHELL('',(#751,#791,#831,#853,#875,#887));
#751 = ADVANCED_FACE('',(#752),#786,.F.);
#752 = FACE_BOUND('',#753,.F.);
#753 = EDGE_LOOP('',(#754,#764,#772,#780));
#754 = ORIENTED_EDGE('',*,*,#755,.F.);
#755 = EDGE_CURVE('',#756,#758,#760,.T.);
#756 = VERTEX_POINT('',#757);
#757 = CARTESIAN_POINT('',(-1.295,-1.85,0.));
#758 = VERTEX_POINT('',#759);
#759 = CARTESIAN_POINT('',(-1.295,-1.85,0.1));
#760 = LINE('',#761,#762);
#761 = CARTESIAN_POINT('',(-1.295,-1.85,0.));
#762 = VECTOR('',#763,1.);
#763 = DIRECTION('',(0.,0.,1.));
#764 = ORIENTED_EDGE('',*,*,#765,.T.);
#765 = EDGE_CURVE('',#756,#766,#768,.T.);
#766 = VERTEX_POINT('',#767);
#767 = CARTESIAN_POINT('',(-1.295,-1.75,0.));
#768 = LINE('',#769,#770);
#769 = CARTESIAN_POINT('',(-1.295,-1.85,0.));
#770 = VECTOR('',#771,1.);
#771 = DIRECTION('',(0.,1.,0.));
#772 = ORIENTED_EDGE('',*,*,#773,.T.);
#773 = EDGE_CURVE('',#766,#774,#776,.T.);
#774 = VERTEX_POINT('',#775);
#775 = CARTESIAN_POINT('',(-1.295,-1.75,0.1));
#776 = LINE('',#777,#778);
#777 = CARTESIAN_POINT('',(-1.295,-1.75,0.));
#778 = VECTOR('',#779,1.);
#779 = DIRECTION('',(0.,0.,1.));
#780 = ORIENTED_EDGE('',*,*,#781,.F.);
#781 = EDGE_CURVE('',#758,#774,#782,.T.);
#782 = LINE('',#783,#784);
#783 = CARTESIAN_POINT('',(-1.295,-1.85,0.1));
#784 = VECTOR('',#785,1.);
#785 = DIRECTION('',(0.,1.,0.));
#786 = PLANE('',#787);
#787 = AXIS2_PLACEMENT_3D('',#788,#789,#790);
#788 = CARTESIAN_POINT('',(-1.295,-1.85,0.));
#789 = DIRECTION('',(1.,0.,0.));
#790 = DIRECTION('',(0.,0.,1.));
#791 = ADVANCED_FACE('',(#792),#826,.T.);
#792 = FACE_BOUND('',#793,.T.);
#793 = EDGE_LOOP('',(#794,#804,#812,#820));
#794 = ORIENTED_EDGE('',*,*,#795,.F.);
#795 = EDGE_CURVE('',#796,#798,#800,.T.);
#796 = VERTEX_POINT('',#797);
#797 = CARTESIAN_POINT('',(-0.92,-1.85,0.));
#798 = VERTEX_POINT('',#799);
#799 = CARTESIAN_POINT('',(-0.92,-1.85,0.1));
#800 = LINE('',#801,#802);
#801 = CARTESIAN_POINT('',(-0.92,-1.85,0.));
#802 = VECTOR('',#803,1.);
#803 = DIRECTION('',(0.,0.,1.));
#804 = ORIENTED_EDGE('',*,*,#805,.T.);
#805 = EDGE_CURVE('',#796,#806,#808,.T.);
#806 = VERTEX_POINT('',#807);
#807 = CARTESIAN_POINT('',(-0.92,-1.75,0.));
#808 = LINE('',#809,#810);
#809 = CARTESIAN_POINT('',(-0.92,-1.85,0.));
#810 = VECTOR('',#811,1.);
#811 = DIRECTION('',(0.,1.,0.));
#812 = ORIENTED_EDGE('',*,*,#813,.T.);
#813 = EDGE_CURVE('',#806,#814,#816,.T.);
#814 = VERTEX_POINT('',#815);
#815 = CARTESIAN_POINT('',(-0.92,-1.75,0.1));
#816 = LINE('',#817,#818);
#817 = CARTESIAN_POINT('',(-0.92,-1.75,0.));
#818 = VECTOR('',#819,1.);
#819 = DIRECTION('',(0.,0.,1.));
#820 = ORIENTED_EDGE('',*,*,#821,.F.);
#821 = EDGE_CURVE('',#798,#814,#822,.T.);
#822 = LINE('',#823,#824);
#823 = CARTESIAN_POINT('',(-0.92,-1.85,0.1));
#824 = VECTOR('',#825,1.);
#825 = DIRECTION('',(0.,1.,0.));
#826 = PLANE('',#827);
#827 = AXIS2_PLACEMENT_3D('',#828,#829,#830);
#828 = CARTESIAN_POINT('',(-0.92,-1.85,0.));
#829 = DIRECTION('',(1.,0.,0.));
#830 = DIRECTION('',(0.,0.,1.));
#831 = ADVANCED_FACE('',(#832),#848,.F.);
#832 = FACE_BOUND('',#833,.F.);
#833 = EDGE_LOOP('',(#834,#840,#841,#847));
#834 = ORIENTED_EDGE('',*,*,#835,.F.);
#835 = EDGE_CURVE('',#756,#796,#836,.T.);
#836 = LINE('',#837,#838);
#837 = CARTESIAN_POINT('',(-1.295,-1.85,0.));
#838 = VECTOR('',#839,1.);
#839 = DIRECTION('',(1.,0.,0.));
#840 = ORIENTED_EDGE('',*,*,#755,.T.);
#841 = ORIENTED_EDGE('',*,*,#842,.T.);
#842 = EDGE_CURVE('',#758,#798,#843,.T.);
#843 = LINE('',#844,#845);
#844 = CARTESIAN_POINT('',(-1.295,-1.85,0.1));
#845 = VECTOR('',#846,1.);
#846 = DIRECTION('',(1.,0.,0.));
#847 = ORIENTED_EDGE('',*,*,#795,.F.);
#848 = PLANE('',#849);
#849 = AXIS2_PLACEMENT_3D('',#850,#851,#852);
#850 = CARTESIAN_POINT('',(-1.295,-1.85,0.));
#851 = DIRECTION('',(0.,1.,0.));
#852 = DIRECTION('',(0.,0.,1.));
#853 = ADVANCED_FACE('',(#854),#870,.T.);
#854 = FACE_BOUND('',#855,.T.);
#855 = EDGE_LOOP('',(#856,#862,#863,#869));
#856 = ORIENTED_EDGE('',*,*,#857,.F.);
#857 = EDGE_CURVE('',#766,#806,#858,.T.);
#858 = LINE('',#859,#860);
#859 = CARTESIAN_POINT('',(-1.295,-1.75,0.));
#860 = VECTOR('',#861,1.);
#861 = DIRECTION('',(1.,0.,0.));
#862 = ORIENTED_EDGE('',*,*,#773,.T.);
#863 = ORIENTED_EDGE('',*,*,#864,.T.);
#864 = EDGE_CURVE('',#774,#814,#865,.T.);
#865 = LINE('',#866,#867);
#866 = CARTESIAN_POINT('',(-1.295,-1.75,0.1));
#867 = VECTOR('',#868,1.);
#868 = DIRECTION('',(1.,0.,0.));
#869 = ORIENTED_EDGE('',*,*,#813,.F.);
#870 = PLANE('',#871);
#871 = AXIS2_PLACEMENT_3D('',#872,#873,#874);
#872 = CARTESIAN_POINT('',(-1.295,-1.75,0.));
#873 = DIRECTION('',(0.,1.,0.));
#874 = DIRECTION('',(0.,0.,1.));
#875 = ADVANCED_FACE('',(#876),#882,.F.);
#876 = FACE_BOUND('',#877,.F.);
#877 = EDGE_LOOP('',(#878,#879,#880,#881));
#878 = ORIENTED_EDGE('',*,*,#765,.F.);
#879 = ORIENTED_EDGE('',*,*,#835,.T.);
#880 = ORIENTED_EDGE('',*,*,#805,.T.);
#881 = ORIENTED_EDGE('',*,*,#857,.F.);
#882 = PLANE('',#883);
#883 = AXIS2_PLACEMENT_3D('',#884,#885,#886);
#884 = CARTESIAN_POINT('',(-1.295,-1.85,0.));
#885 = DIRECTION('',(0.,0.,1.));
#886 = DIRECTION('',(1.,0.,0.));
#887 = ADVANCED_FACE('',(#888),#894,.T.);
#888 = FACE_BOUND('',#889,.T.);
#889 = EDGE_LOOP('',(#890,#891,#892,#893));
#890 = ORIENTED_EDGE('',*,*,#781,.F.);
#891 = ORIENTED_EDGE('',*,*,#842,.T.);
#892 = ORIENTED_EDGE('',*,*,#821,.T.);
#893 = ORIENTED_EDGE('',*,*,#864,.F.);
#894 = PLANE('',#895);
#895 = AXIS2_PLACEMENT_3D('',#896,#897,#898);
#896 = CARTESIAN_POINT('',(-1.295,-1.85,0.1));
#897 = DIRECTION('',(0.,0.,1.));
#898 = DIRECTION('',(1.,0.,0.));
#899 = MANIFOLD_SOLID_BREP('',#900);
#900 = CLOSED_SHELL('',(#901,#941,#981,#1003,#1025,#1037));
#901 = ADVANCED_FACE('',(#902),#936,.F.);
#902 = FACE_BOUND('',#903,.F.);
#903 = EDGE_LOOP('',(#904,#914,#922,#930));
#904 = ORIENTED_EDGE('',*,*,#905,.F.);
#905 = EDGE_CURVE('',#906,#908,#910,.T.);
#906 = VERTEX_POINT('',#907);
#907 = CARTESIAN_POINT('',(-0.89,-1.85,0.19));
#908 = VERTEX_POINT('',#909);
#909 = CARTESIAN_POINT('',(-0.89,-1.85,0.31));
#910 = LINE('',#911,#912);
#911 = CARTESIAN_POINT('',(-0.89,-1.85,0.19));
#912 = VECTOR('',#913,1.);
#913 = DIRECTION('',(0.,0.,1.));
#914 = ORIENTED_EDGE('',*,*,#915,.T.);
#915 = EDGE_CURVE('',#906,#916,#918,.T.);
#916 = VERTEX_POINT('',#917);
#917 = CARTESIAN_POINT('',(-0.89,-1.75,0.19));
#918 = LINE('',#919,#920);
#919 = CARTESIAN_POINT('',(-0.89,-1.85,0.19));
#920 = VECTOR('',#921,1.);
#921 = DIRECTION('',(0.,1.,0.));
#922 = ORIENTED_EDGE('',*,*,#923,.T.);
#923 = EDGE_CURVE('',#916,#924,#926,.T.);
#924 = VERTEX_POINT('',#925);
#925 = CARTESIAN_POINT('',(-0.89,-1.75,0.31));
#926 = LINE('',#927,#928);
#927 = CARTESIAN_POINT('',(-0.89,-1.75,0.19));
#928 = VECTOR('',#929,1.);
#929 = DIRECTION('',(0.,0.,1.));
#930 = ORIENTED_EDGE('',*,*,#931,.F.);
#931 = EDGE_CURVE('',#908,#924,#932,.T.);
#932 = LINE('',#933,#934);
#933 = CARTESIAN_POINT('',(-0.89,-1.85,0.31));
#934 = VECTOR('',#935,1.);
#935 = DIRECTION('',(0.,1.,0.));
#936 = PLANE('',#937);
#937 = AXIS2_PLACEMENT_3D('',#938,#939,#940);
#938 = CARTESIAN_POINT('',(-0.89,-1.85,0.19));
#939 = DIRECTION('',(1.,0.,0.));
#940 = DIRECTION('',(0.,0.,1.));
#941 = ADVANCED_FACE('',(#942),#976,.T.);
#942 = FACE_BOUND('',#943,.T.);
#943 = EDGE_LOOP('',(#944,#954,#962,#970));
#944 = ORIENTED_EDGE('',*,*,#945,.F.);
#945 = EDGE_CURVE('',#946,#948,#950,.T.);
#946 = VERTEX_POINT('',#947);
#947 = CARTESIAN_POINT('',(-0.24,-1.85,0.19));
#948 = VERTEX_POINT('',#949);
#949 = CARTESIAN_POINT('',(-0.24,-1.85,0.31));
#950 = LINE('',#951,#952);
#951 = CARTESIAN_POINT('',(-0.24,-1.85,0.19));
#952 = VECTOR('',#953,1.);
#953 = DIRECTION('',(0.,0.,1.));
#954 = ORIENTED_EDGE('',*,*,#955,.T.);
#955 = EDGE_CURVE('',#946,#956,#958,.T.);
#956 = VERTEX_POINT('',#957);
#957 = CARTESIAN_POINT('',(-0.24,-1.75,0.19));
#958 = LINE('',#959,#960);
#959 = CARTESIAN_POINT('',(-0.24,-1.85,0.19));
#960 = VECTOR('',#961,1.);
#961 = DIRECTION('',(0.,1.,0.));
#962 = ORIENTED_EDGE('',*,*,#963,.T.);
#963 = EDGE_CURVE('',#956,#964,#966,.T.);
#964 = VERTEX_POINT('',#965);
#965 = CARTESIAN_POINT('',(-0.24,-1.75,0.31));
#966 = LINE('',#967,#968);
#967 = CARTESIAN_POINT('',(-0.24,-1.75,0.19));
#968 = VECTOR('',#969,1.);
#969 = DIRECTION('',(0.,0.,1.));
#970 = ORIENTED_EDGE('',*,*,#971,.F.);
#971 = EDGE_CURVE('',#948,#964,#972,.T.);
#972 = LINE('',#973,#974);
#973 = CARTESIAN_POINT('',(-0.24,-1.85,0.31));
#974 = VECTOR('',#975,1.);
#975 = DIRECTION('',(0.,1.,0.));
#976 = PLANE('',#977);
#977 = AXIS2_PLACEMENT_3D('',#978,#979,#980);
#978 = CARTESIAN_POINT('',(-0.24,-1.85,0.19));
#979 = DIRECTION('',(1.,0.,0.));
#980 = DIRECTION('',(0.,0.,1.));
#981 = ADVANCED_FACE('',(#982),#998,.F.);
#982 = FACE_BOUND('',#983,.F.);
#983 = EDGE_LOOP('',(#984,#990,#991,#997));
#984 = ORIENTED_EDGE('',*,*,#985,.F.);
#985 = EDGE_CURVE('',#906,#946,#986,.T.);
#986 = LINE('',#987,#988);
#987 = CARTESIAN_POINT('',(-0.89,-1.85,0.19));
#988 = VECTOR('',#989,1.);
#989 = DIRECTION('',(1.,0.,0.));
#990 = ORIENTED_EDGE('',*,*,#905,.T.);
#991 = ORIENTED_EDGE('',*,*,#992,.T.);
#992 = EDGE_CURVE('',#908,#948,#993,.T.);
#993 = LINE('',#994,#995);
#994 = CARTESIAN_POINT('',(-0.89,-1.85,0.31));
#995 = VECTOR('',#996,1.);
#996 = DIRECTION('',(1.,0.,0.));
#997 = ORIENTED_EDGE('',*,*,#945,.F.);
#998 = PLANE('',#999);
#999 = AXIS2_PLACEMENT_3D('',#1000,#1001,#1002);
#1000 = CARTESIAN_POINT('',(-0.89,-1.85,0.19));
#1001 = DIRECTION('',(0.,1.,0.));
#1002 = DIRECTION('',(0.,0.,1.));
#1003 = ADVANCED_FACE('',(#1004),#1020,.T.);
#1004 = FACE_BOUND('',#1005,.T.);
#1005 = EDGE_LOOP('',(#1006,#1012,#1013,#1019));
#1006 = ORIENTED_EDGE('',*,*,#1007,.F.);
#1007 = EDGE_CURVE('',#916,#956,#1008,.T.);
#1008 = LINE('',#1009,#1010);
#1009 = CARTESIAN_POINT('',(-0.89,-1.75,0.19));
#1010 = VECTOR('',#1011,1.);
#1011 = DIRECTION('',(1.,0.,0.));
#1012 = ORIENTED_EDGE('',*,*,#923,.T.);
#1013 = ORIENTED_EDGE('',*,*,#1014,.T.);
#1014 = EDGE_CURVE('',#924,#964,#1015,.T.);
#1015 = LINE('',#1016,#1017);
#1016 = CARTESIAN_POINT('',(-0.89,-1.75,0.31));
#1017 = VECTOR('',#1018,1.);
#1018 = DIRECTION('',(1.,0.,0.));
#1019 = ORIENTED_EDGE('',*,*,#963,.F.);
#1020 = PLANE('',#1021);
#1021 = AXIS2_PLACEMENT_3D('',#1022,#1023,#1024);
#1022 = CARTESIAN_POINT('',(-0.89,-1.75,0.19));
#1023 = DIRECTION('',(0.,1.,0.));
#1024 = DIRECTION('',(0.,0.,1.));
#1025 = ADVANCED_FACE('',(#1026),#1032,.F.);
#1026 = FACE_BOUND('',#1027,.F.);
#1027 = EDGE_LOOP('',(#1028,#1029,#1030,#1031));
#1028 = ORIENTED_EDGE('',*,*,#915,.F.);
#1029 = ORIENTED_EDGE('',*,*,#985,.T.);
#1030 = ORIENTED_EDGE('',*,*,#955,.T.);
#1031 = ORIENTED_EDGE('',*,*,#1007,.F.);
#1032 = PLANE('',#1033);
#1033 = AXIS2_PLACEMENT_3D('',#1034,#1035,#1036);
#1034 = CARTESIAN_POINT('',(-0.89,-1.85,0.19));
#1035 = DIRECTION('',(0.,0.,1.));
#1036 = DIRECTION('',(1.,0.,0.));
#1037 = ADVANCED_FACE('',(#1038),#1044,.T.);
#1038 = FACE_BOUND('',#1039,.T.);
#1039 = EDGE_LOOP('',(#1040,#1041,#1042,#1043));
#1040 = ORIENTED_EDGE('',*,*,#931,.F.);
#1041 = ORIENTED_EDGE('',*,*,#992,.T.);
#1042 = ORIENTED_EDGE('',*,*,#971,.T.);
#1043 = ORIENTED_EDGE('',*,*,#1014,.F.);
#1044 = PLANE('',#1045);
#1045 = AXIS2_PLACEMENT_3D('',#1046,#1047,#1048);
#1046 = CARTESIAN_POINT('',(-0.89,-1.85,0.31));
#1047 = DIRECTION('',(0.,0.,1.));
#1048 = DIRECTION('',(1.,0.,0.));
#1049 = MANIFOLD_SOLID_BREP('',#1050);
#1050 = CLOSED_SHELL('',(#1051,#1091,#1131,#1153,#1175,#1187));
#1051 = ADVANCED_FACE('',(#1052),#1086,.F.);
#1052 = FACE_BOUND('',#1053,.F.);
#1053 = EDGE_LOOP('',(#1054,#1064,#1072,#1080));
#1054 = ORIENTED_EDGE('',*,*,#1055,.F.);
#1055 = EDGE_CURVE('',#1056,#1058,#1060,.T.);
#1056 = VERTEX_POINT('',#1057);
#1057 = CARTESIAN_POINT('',(-1.295,-1.45,0.));
#1058 = VERTEX_POINT('',#1059);
#1059 = CARTESIAN_POINT('',(-1.295,-1.45,0.1));
#1060 = LINE('',#1061,#1062);
#1061 = CARTESIAN_POINT('',(-1.295,-1.45,0.));
#1062 = VECTOR('',#1063,1.);
#1063 = DIRECTION('',(0.,0.,1.));
#1064 = ORIENTED_EDGE('',*,*,#1065,.T.);
#1065 = EDGE_CURVE('',#1056,#1066,#1068,.T.);
#1066 = VERTEX_POINT('',#1067);
#1067 = CARTESIAN_POINT('',(-1.295,-1.35,0.));
#1068 = LINE('',#1069,#1070);
#1069 = CARTESIAN_POINT('',(-1.295,-1.45,0.));
#1070 = VECTOR('',#1071,1.);
#1071 = DIRECTION('',(0.,1.,0.));
#1072 = ORIENTED_EDGE('',*,*,#1073,.T.);
#1073 = EDGE_CURVE('',#1066,#1074,#1076,.T.);
#1074 = VERTEX_POINT('',#1075);
#1075 = CARTESIAN_POINT('',(-1.295,-1.35,0.1));
#1076 = LINE('',#1077,#1078);
#1077 = CARTESIAN_POINT('',(-1.295,-1.35,0.));
#1078 = VECTOR('',#1079,1.);
#1079 = DIRECTION('',(0.,0.,1.));
#1080 = ORIENTED_EDGE('',*,*,#1081,.F.);
#1081 = EDGE_CURVE('',#1058,#1074,#1082,.T.);
#1082 = LINE('',#1083,#1084);
#1083 = CARTESIAN_POINT('',(-1.295,-1.45,0.1));
#1084 = VECTOR('',#1085,1.);
#1085 = DIRECTION('',(0.,1.,0.));
#1086 = PLANE('',#1087);
#1087 = AXIS2_PLACEMENT_3D('',#1088,#1089,#1090);
#1088 = CARTESIAN_POINT('',(-1.295,-1.45,0.));
#1089 = DIRECTION('',(1.,0.,0.));
#1090 = DIRECTION('',(0.,0.,1.));
#1091 = ADVANCED_FACE('',(#1092),#1126,.T.);
#1092 = FACE_BOUND('',#1093,.T.);
#1093 = EDGE_LOOP('',(#1094,#1104,#1112,#1120));
#1094 = ORIENTED_EDGE('',*,*,#1095,.F.);
#1095 = EDGE_CURVE('',#1096,#1098,#1100,.T.);
#1096 = VERTEX_POINT('',#1097);
#1097 = CARTESIAN_POINT('',(-0.92,-1.45,0.));
#1098 = VERTEX_POINT('',#1099);
#1099 = CARTESIAN_POINT('',(-0.92,-1.45,0.1));
#1100 = LINE('',#1101,#1102);
#1101 = CARTESIAN_POINT('',(-0.92,-1.45,0.));
#1102 = VECTOR('',#1103,1.);
#1103 = DIRECTION('',(0.,0.,1.));
#1104 = ORIENTED_EDGE('',*,*,#1105,.T.);
#1105 = EDGE_CURVE('',#1096,#1106,#1108,.T.);
#1106 = VERTEX_POINT('',#1107);
#1107 = CARTESIAN_POINT('',(-0.92,-1.35,0.));
#1108 = LINE('',#1109,#1110);
#1109 = CARTESIAN_POINT('',(-0.92,-1.45,0.));
#1110 = VECTOR('',#1111,1.);
#1111 = DIRECTION('',(0.,1.,0.));
#1112 = ORIENTED_EDGE('',*,*,#1113,.T.);
#1113 = EDGE_CURVE('',#1106,#1114,#1116,.T.);
#1114 = VERTEX_POINT('',#1115);
#1115 = CARTESIAN_POINT('',(-0.92,-1.35,0.1));
#1116 = LINE('',#1117,#1118);
#1117 = CARTESIAN_POINT('',(-0.92,-1.35,0.));
#1118 = VECTOR('',#1119,1.);
#1119 = DIRECTION('',(0.,0.,1.));
#1120 = ORIENTED_EDGE('',*,*,#1121,.F.);
#1121 = EDGE_CURVE('',#1098,#1114,#1122,.T.);
#1122 = LINE('',#1123,#1124);
#1123 = CARTESIAN_POINT('',(-0.92,-1.45,0.1));
#1124 = VECTOR('',#1125,1.);
#1125 = DIRECTION('',(0.,1.,0.));
#1126 = PLANE('',#1127);
#1127 = AXIS2_PLACEMENT_3D('',#1128,#1129,#1130);
#1128 = CARTESIAN_POINT('',(-0.92,-1.45,0.));
#1129 = DIRECTION('',(1.,0.,0.));
#1130 = DIRECTION('',(0.,0.,1.));
#1131 = ADVANCED_FACE('',(#1132),#1148,.F.);
#1132 = FACE_BOUND('',#1133,.F.);
#1133 = EDGE_LOOP('',(#1134,#1140,#1141,#1147));
#1134 = ORIENTED_EDGE('',*,*,#1135,.F.);
#1135 = EDGE_CURVE('',#1056,#1096,#1136,.T.);
#1136 = LINE('',#1137,#1138);
#1137 = CARTESIAN_POINT('',(-1.295,-1.45,0.));
#1138 = VECTOR('',#1139,1.);
#1139 = DIRECTION('',(1.,0.,0.));
#1140 = ORIENTED_EDGE('',*,*,#1055,.T.);
#1141 = ORIENTED_EDGE('',*,*,#1142,.T.);
#1142 = EDGE_CURVE('',#1058,#1098,#1143,.T.);
#1143 = LINE('',#1144,#1145);
#1144 = CARTESIAN_POINT('',(-1.295,-1.45,0.1));
#1145 = VECTOR('',#1146,1.);
#1146 = DIRECTION('',(1.,0.,0.));
#1147 = ORIENTED_EDGE('',*,*,#1095,.F.);
#1148 = PLANE('',#1149);
#1149 = AXIS2_PLACEMENT_3D('',#1150,#1151,#1152);
#1150 = CARTESIAN_POINT('',(-1.295,-1.45,0.));
#1151 = DIRECTION('',(0.,1.,0.));
#1152 = DIRECTION('',(0.,0.,1.));
#1153 = ADVANCED_FACE('',(#1154),#1170,.T.);
#1154 = FACE_BOUND('',#1155,.T.);
#1155 = EDGE_LOOP('',(#1156,#1162,#1163,#1169));
#1156 = ORIENTED_EDGE('',*,*,#1157,.F.);
#1157 = EDGE_CURVE('',#1066,#1106,#1158,.T.);
#1158 = LINE('',#1159,#1160);
#1159 = CARTESIAN_POINT('',(-1.295,-1.35,0.));
#1160 = VECTOR('',#1161,1.);
#1161 = DIRECTION('',(1.,0.,0.));
#1162 = ORIENTED_EDGE('',*,*,#1073,.T.);
#1163 = ORIENTED_EDGE('',*,*,#1164,.T.);
#1164 = EDGE_CURVE('',#1074,#1114,#1165,.T.);
#1165 = LINE('',#1166,#1167);
#1166 = CARTESIAN_POINT('',(-1.295,-1.35,0.1));
#1167 = VECTOR('',#1168,1.);
#1168 = DIRECTION('',(1.,0.,0.));
#1169 = ORIENTED_EDGE('',*,*,#1113,.F.);
#1170 = PLANE('',#1171);
#1171 = AXIS2_PLACEMENT_3D('',#1172,#1173,#1174);
#1172 = CARTESIAN_POINT('',(-1.295,-1.35,0.));
#1173 = DIRECTION('',(0.,1.,0.));
#1174 = DIRECTION('',(0.,0.,1.));
#1175 = ADVANCED_FACE('',(#1176),#1182,.F.);
#1176 = FACE_BOUND('',#1177,.F.);
#1177 = EDGE_LOOP('',(#1178,#1179,#1180,#1181));
#1178 = ORIENTED_EDGE('',*,*,#1065,.F.);
#1179 = ORIENTED_EDGE('',*,*,#1135,.T.);
#1180 = ORIENTED_EDGE('',*,*,#1105,.T.);
#1181 = ORIENTED_EDGE('',*,*,#1157,.F.);
#1182 = PLANE('',#1183);
#1183 = AXIS2_PLACEMENT_3D('',#1184,#1185,#1186);
#1184 = CARTESIAN_POINT('',(-1.295,-1.45,0.));
#1185 = DIRECTION('',(0.,0.,1.));
#1186 = DIRECTION('',(1.,0.,0.));
#1187 = ADVANCED_FACE('',(#1188),#1194,.T.);
#1188 = FACE_BOUND('',#1189,.T.);
#1189 = EDGE_LOOP('',(#1190,#1191,#1192,#1193));
#1190 = ORIENTED_EDGE('',*,*,#1081,.F.);
#1191 = ORIENTED_EDGE('',*,*,#1142,.T.);
#1192 = ORIENTED_EDGE('',*,*,#1121,.T.);
#1193 = ORIENTED_EDGE('',*,*,#1164,.F.);
#1194 = PLANE('',#1195);
#1195 = AXIS2_PLACEMENT_3D('',#1196,#1197,#1198);
#1196 = CARTESIAN_POINT('',(-1.295,-1.45,0.1));
#1197 = DIRECTION('',(0.,0.,1.));
#1198 = DIRECTION('',(1.,0.,0.));
#1199 = MANIFOLD_SOLID_BREP('',#1200);
#1200 = CLOSED_SHELL('',(#1201,#1241,#1281,#1303,#1325,#1337));
#1201 = ADVANCED_FACE('',(#1202),#1236,.F.);
#1202 = FACE_BOUND('',#1203,.F.);
#1203 = EDGE_LOOP('',(#1204,#1214,#1222,#1230));
#1204 = ORIENTED_EDGE('',*,*,#1205,.F.);
#1205 = EDGE_CURVE('',#1206,#1208,#1210,.T.);
#1206 = VERTEX_POINT('',#1207);
#1207 = CARTESIAN_POINT('',(-0.89,-1.45,0.19));
#1208 = VERTEX_POINT('',#1209);
#1209 = CARTESIAN_POINT('',(-0.89,-1.45,0.31));
#1210 = LINE('',#1211,#1212);
#1211 = CARTESIAN_POINT('',(-0.89,-1.45,0.19));
#1212 = VECTOR('',#1213,1.);
#1213 = DIRECTION('',(0.,0.,1.));
#1214 = ORIENTED_EDGE('',*,*,#1215,.T.);
#1215 = EDGE_CURVE('',#1206,#1216,#1218,.T.);
#1216 = VERTEX_POINT('',#1217);
#1217 = CARTESIAN_POINT('',(-0.89,-1.35,0.19));
#1218 = LINE('',#1219,#1220);
#1219 = CARTESIAN_POINT('',(-0.89,-1.45,0.19));
#1220 = VECTOR('',#1221,1.);
#1221 = DIRECTION('',(0.,1.,0.));
#1222 = ORIENTED_EDGE('',*,*,#1223,.T.);
#1223 = EDGE_CURVE('',#1216,#1224,#1226,.T.);
#1224 = VERTEX_POINT('',#1225);
#1225 = CARTESIAN_POINT('',(-0.89,-1.35,0.31));
#1226 = LINE('',#1227,#1228);
#1227 = CARTESIAN_POINT('',(-0.89,-1.35,0.19));
#1228 = VECTOR('',#1229,1.);
#1229 = DIRECTION('',(0.,0.,1.));
#1230 = ORIENTED_EDGE('',*,*,#1231,.F.);
#1231 = EDGE_CURVE('',#1208,#1224,#1232,.T.);
#1232 = LINE('',#1233,#1234);
#1233 = CARTESIAN_POINT('',(-0.89,-1.45,0.31));
#1234 = VECTOR('',#1235,1.);
#1235 = DIRECTION('',(0.,1.,0.));
#1236 = PLANE('',#1237);
#1237 = AXIS2_PLACEMENT_3D('',#1238,#1239,#1240);
#1238 = CARTESIAN_POINT('',(-0.89,-1.45,0.19));
#1239 = DIRECTION('',(1.,0.,0.));
#1240 = DIRECTION('',(0.,0.,1.));
#1241 = ADVANCED_FACE('',(#1242),#1276,.T.);
#1242 = FACE_BOUND('',#1243,.T.);
#1243 = EDGE_LOOP('',(#1244,#1254,#1262,#1270));
#1244 = ORIENTED_EDGE('',*,*,#1245,.F.);
#1245 = EDGE_CURVE('',#1246,#1248,#1250,.T.);
#1246 = VERTEX_POINT('',#1247);
#1247 = CARTESIAN_POINT('',(-0.24,-1.45,0.19));
#1248 = VERTEX_POINT('',#1249);
#1249 = CARTESIAN_POINT('',(-0.24,-1.45,0.31));
#1250 = LINE('',#1251,#1252);
#1251 = CARTESIAN_POINT('',(-0.24,-1.45,0.19));
#1252 = VECTOR('',#1253,1.);
#1253 = DIRECTION('',(0.,0.,1.));
#1254 = ORIENTED_EDGE('',*,*,#1255,.T.);
#1255 = EDGE_CURVE('',#1246,#1256,#1258,.T.);
#1256 = VERTEX_POINT('',#1257);
#1257 = CARTESIAN_POINT('',(-0.24,-1.35,0.19));
#1258 = LINE('',#1259,#1260);
#1259 = CARTESIAN_POINT('',(-0.24,-1.45,0.19));
#1260 = VECTOR('',#1261,1.);
#1261 = DIRECTION('',(0.,1.,0.));
#1262 = ORIENTED_EDGE('',*,*,#1263,.T.);
#1263 = EDGE_CURVE('',#1256,#1264,#1266,.T.);
#1264 = VERTEX_POINT('',#1265);
#1265 = CARTESIAN_POINT('',(-0.24,-1.35,0.31));
#1266 = LINE('',#1267,#1268);
#1267 = CARTESIAN_POINT('',(-0.24,-1.35,0.19));
#1268 = VECTOR('',#1269,1.);
#1269 = DIRECTION('',(0.,0.,1.));
#1270 = ORIENTED_EDGE('',*,*,#1271,.F.);
#1271 = EDGE_CURVE('',#1248,#1264,#1272,.T.);
#1272 = LINE('',#1273,#1274);
#1273 = CARTESIAN_POINT('',(-0.24,-1.45,0.31));
#1274 = VECTOR('',#1275,1.);
#1275 = DIRECTION('',(0.,1.,0.));
#1276 = PLANE('',#1277);
#1277 = AXIS2_PLACEMENT_3D('',#1278,#1279,#1280);
#1278 = CARTESIAN_POINT('',(-0.24,-1.45,0.19));
#1279 = DIRECTION('',(1.,0.,0.));
#1280 = DIRECTION('',(0.,0.,1.));
#1281 = ADVANCED_FACE('',(#1282),#1298,.F.);
#1282 = FACE_BOUND('',#1283,.F.);
#1283 = EDGE_LOOP('',(#1284,#1290,#1291,#1297));
#1284 = ORIENTED_EDGE('',*,*,#1285,.F.);
#1285 = EDGE_CURVE('',#1206,#1246,#1286,.T.);
#1286 = LINE('',#1287,#1288);
#1287 = CARTESIAN_POINT('',(-0.89,-1.45,0.19));
#1288 = VECTOR('',#1289,1.);
#1289 = DIRECTION('',(1.,0.,0.));
#1290 = ORIENTED_EDGE('',*,*,#1205,.T.);
#1291 = ORIENTED_EDGE('',*,*,#1292,.T.);
#1292 = EDGE_CURVE('',#1208,#1248,#1293,.T.);
#1293 = LINE('',#1294,#1295);
#1294 = CARTESIAN_POINT('',(-0.89,-1.45,0.31));
#1295 = VECTOR('',#1296,1.);
#1296 = DIRECTION('',(1.,0.,0.));
#1297 = ORIENTED_EDGE('',*,*,#1245,.F.);
#1298 = PLANE('',#1299);
#1299 = AXIS2_PLACEMENT_3D('',#1300,#1301,#1302);
#1300 = CARTESIAN_POINT('',(-0.89,-1.45,0.19));
#1301 = DIRECTION('',(0.,1.,0.));
#1302 = DIRECTION('',(0.,0.,1.));
#1303 = ADVANCED_FACE('',(#1304),#1320,.T.);
#1304 = FACE_BOUND('',#1305,.T.);
#1305 = EDGE_LOOP('',(#1306,#1312,#1313,#1319));
#1306 = ORIENTED_EDGE('',*,*,#1307,.F.);
#1307 = EDGE_CURVE('',#1216,#1256,#1308,.T.);
#1308 = LINE('',#1309,#1310);
#1309 = CARTESIAN_POINT('',(-0.89,-1.35,0.19));
#1310 = VECTOR('',#1311,1.);
#1311 = DIRECTION('',(1.,0.,0.));
#1312 = ORIENTED_EDGE('',*,*,#1223,.T.);
#1313 = ORIENTED_EDGE('',*,*,#1314,.T.);
#1314 = EDGE_CURVE('',#1224,#1264,#1315,.T.);
#1315 = LINE('',#1316,#1317);
#1316 = CARTESIAN_POINT('',(-0.89,-1.35,0.31));
#1317 = VECTOR('',#1318,1.);
#1318 = DIRECTION('',(1.,0.,0.));
#1319 = ORIENTED_EDGE('',*,*,#1263,.F.);
#1320 = PLANE('',#1321);
#1321 = AXIS2_PLACEMENT_3D('',#1322,#1323,#1324);
#1322 = CARTESIAN_POINT('',(-0.89,-1.35,0.19));
#1323 = DIRECTION('',(0.,1.,0.));
#1324 = DIRECTION('',(0.,0.,1.));
#1325 = ADVANCED_FACE('',(#1326),#1332,.F.);
#1326 = FACE_BOUND('',#1327,.F.);
#1327 = EDGE_LOOP('',(#1328,#1329,#1330,#1331));
#1328 = ORIENTED_EDGE('',*,*,#1215,.F.);
#1329 = ORIENTED_EDGE('',*,*,#1285,.T.);
#1330 = ORIENTED_EDGE('',*,*,#1255,.T.);
#1331 = ORIENTED_EDGE('',*,*,#1307,.F.);
#1332 = PLANE('',#1333);
#1333 = AXIS2_PLACEMENT_3D('',#1334,#1335,#1336);
#1334 = CARTESIAN_POINT('',(-0.89,-1.45,0.19));
#1335 = DIRECTION('',(0.,0.,1.));
#1336 = DIRECTION('',(1.,0.,0.));
#1337 = ADVANCED_FACE('',(#1338),#1344,.T.);
#1338 = FACE_BOUND('',#1339,.T.);
#1339 = EDGE_LOOP('',(#1340,#1341,#1342,#1343));
#1340 = ORIENTED_EDGE('',*,*,#1231,.F.);
#1341 = ORIENTED_EDGE('',*,*,#1292,.T.);
#1342 = ORIENTED_EDGE('',*,*,#1271,.T.);
#1343 = ORIENTED_EDGE('',*,*,#1314,.F.);
#1344 = PLANE('',#1345);
#1345 = AXIS2_PLACEMENT_3D('',#1346,#1347,#1348);
#1346 = CARTESIAN_POINT('',(-0.89,-1.45,0.31));
#1347 = DIRECTION('',(0.,0.,1.));
#1348 = DIRECTION('',(1.,0.,0.));
#1349 = MANIFOLD_SOLID_BREP('',#1350);
#1350 = CLOSED_SHELL('',(#1351,#1391,#1431,#1453,#1475,#1487));
#1351 = ADVANCED_FACE('',(#1352),#1386,.F.);
#1352 = FACE_BOUND('',#1353,.F.);
#1353 = EDGE_LOOP('',(#1354,#1364,#1372,#1380));
#1354 = ORIENTED_EDGE('',*,*,#1355,.F.);
#1355 = EDGE_CURVE('',#1356,#1358,#1360,.T.);
#1356 = VERTEX_POINT('',#1357);
#1357 = CARTESIAN_POINT('',(-1.295,-1.05,0.));
#1358 = VERTEX_POINT('',#1359);
#1359 = CARTESIAN_POINT('',(-1.295,-1.05,0.1));
#1360 = LINE('',#1361,#1362);
#1361 = CARTESIAN_POINT('',(-1.295,-1.05,0.));
#1362 = VECTOR('',#1363,1.);
#1363 = DIRECTION('',(0.,0.,1.));
#1364 = ORIENTED_EDGE('',*,*,#1365,.T.);
#1365 = EDGE_CURVE('',#1356,#1366,#1368,.T.);
#1366 = VERTEX_POINT('',#1367);
#1367 = CARTESIAN_POINT('',(-1.295,-0.95,0.));
#1368 = LINE('',#1369,#1370);
#1369 = CARTESIAN_POINT('',(-1.295,-1.05,0.));
#1370 = VECTOR('',#1371,1.);
#1371 = DIRECTION('',(0.,1.,0.));
#1372 = ORIENTED_EDGE('',*,*,#1373,.T.);
#1373 = EDGE_CURVE('',#1366,#1374,#1376,.T.);
#1374 = VERTEX_POINT('',#1375);
#1375 = CARTESIAN_POINT('',(-1.295,-0.95,0.1));
#1376 = LINE('',#1377,#1378);
#1377 = CARTESIAN_POINT('',(-1.295,-0.95,0.));
#1378 = VECTOR('',#1379,1.);
#1379 = DIRECTION('',(0.,0.,1.));
#1380 = ORIENTED_EDGE('',*,*,#1381,.F.);
#1381 = EDGE_CURVE('',#1358,#1374,#1382,.T.);
#1382 = LINE('',#1383,#1384);
#1383 = CARTESIAN_POINT('',(-1.295,-1.05,0.1));
#1384 = VECTOR('',#1385,1.);
#1385 = DIRECTION('',(0.,1.,0.));
#1386 = PLANE('',#1387);
#1387 = AXIS2_PLACEMENT_3D('',#1388,#1389,#1390);
#1388 = CARTESIAN_POINT('',(-1.295,-1.05,0.));
#1389 = DIRECTION('',(1.,0.,0.));
#1390 = DIRECTION('',(0.,0.,1.));
#1391 = ADVANCED_FACE('',(#1392),#1426,.T.);
#1392 = FACE_BOUND('',#1393,.T.);
#1393 = EDGE_LOOP('',(#1394,#1404,#1412,#1420));
#1394 = ORIENTED_EDGE('',*,*,#1395,.F.);
#1395 = EDGE_CURVE('',#1396,#1398,#1400,.T.);
#1396 = VERTEX_POINT('',#1397);
#1397 = CARTESIAN_POINT('',(-0.92,-1.05,0.));
#1398 = VERTEX_POINT('',#1399);
#1399 = CARTESIAN_POINT('',(-0.92,-1.05,0.1));
#1400 = LINE('',#1401,#1402);
#1401 = CARTESIAN_POINT('',(-0.92,-1.05,0.));
#1402 = VECTOR('',#1403,1.);
#1403 = DIRECTION('',(0.,0.,1.));
#1404 = ORIENTED_EDGE('',*,*,#1405,.T.);
#1405 = EDGE_CURVE('',#1396,#1406,#1408,.T.);
#1406 = VERTEX_POINT('',#1407);
#1407 = CARTESIAN_POINT('',(-0.92,-0.95,0.));
#1408 = LINE('',#1409,#1410);
#1409 = CARTESIAN_POINT('',(-0.92,-1.05,0.));
#1410 = VECTOR('',#1411,1.);
#1411 = DIRECTION('',(0.,1.,0.));
#1412 = ORIENTED_EDGE('',*,*,#1413,.T.);
#1413 = EDGE_CURVE('',#1406,#1414,#1416,.T.);
#1414 = VERTEX_POINT('',#1415);
#1415 = CARTESIAN_POINT('',(-0.92,-0.95,0.1));
#1416 = LINE('',#1417,#1418);
#1417 = CARTESIAN_POINT('',(-0.92,-0.95,0.));
#1418 = VECTOR('',#1419,1.);
#1419 = DIRECTION('',(0.,0.,1.));
#1420 = ORIENTED_EDGE('',*,*,#1421,.F.);
#1421 = EDGE_CURVE('',#1398,#1414,#1422,.T.);
#1422 = LINE('',#1423,#1424);
#1423 = CARTESIAN_POINT('',(-0.92,-1.05,0.1));
#1424 = VECTOR('',#1425,1.);
#1425 = DIRECTION('',(0.,1.,0.));
#1426 = PLANE('',#1427);
#1427 = AXIS2_PLACEMENT_3D('',#1428,#1429,#1430);
#1428 = CARTESIAN_POINT('',(-0.92,-1.05,0.));
#1429 = DIRECTION('',(1.,0.,0.));
#1430 = DIRECTION('',(0.,0.,1.));
#1431 = ADVANCED_FACE('',(#1432),#1448,.F.);
#1432 = FACE_BOUND('',#1433,.F.);
#1433 = EDGE_LOOP('',(#1434,#1440,#1441,#1447));
#1434 = ORIENTED_EDGE('',*,*,#1435,.F.);
#1435 = EDGE_CURVE('',#1356,#1396,#1436,.T.);
#1436 = LINE('',#1437,#1438);
#1437 = CARTESIAN_POINT('',(-1.295,-1.05,0.));
#1438 = VECTOR('',#1439,1.);
#1439 = DIRECTION('',(1.,0.,0.));
#1440 = ORIENTED_EDGE('',*,*,#1355,.T.);
#1441 = ORIENTED_EDGE('',*,*,#1442,.T.);
#1442 = EDGE_CURVE('',#1358,#1398,#1443,.T.);
#1443 = LINE('',#1444,#1445);
#1444 = CARTESIAN_POINT('',(-1.295,-1.05,0.1));
#1445 = VECTOR('',#1446,1.);
#1446 = DIRECTION('',(1.,0.,0.));
#1447 = ORIENTED_EDGE('',*,*,#1395,.F.);
#1448 = PLANE('',#1449);
#1449 = AXIS2_PLACEMENT_3D('',#1450,#1451,#1452);
#1450 = CARTESIAN_POINT('',(-1.295,-1.05,0.));
#1451 = DIRECTION('',(0.,1.,0.));
#1452 = DIRECTION('',(0.,0.,1.));
#1453 = ADVANCED_FACE('',(#1454),#1470,.T.);
#1454 = FACE_BOUND('',#1455,.T.);
#1455 = EDGE_LOOP('',(#1456,#1462,#1463,#1469));
#1456 = ORIENTED_EDGE('',*,*,#1457,.F.);
#1457 = EDGE_CURVE('',#1366,#1406,#1458,.T.);
#1458 = LINE('',#1459,#1460);
#1459 = CARTESIAN_POINT('',(-1.295,-0.95,0.));
#1460 = VECTOR('',#1461,1.);
#1461 = DIRECTION('',(1.,0.,0.));
#1462 = ORIENTED_EDGE('',*,*,#1373,.T.);
#1463 = ORIENTED_EDGE('',*,*,#1464,.T.);
#1464 = EDGE_CURVE('',#1374,#1414,#1465,.T.);
#1465 = LINE('',#1466,#1467);
#1466 = CARTESIAN_POINT('',(-1.295,-0.95,0.1));
#1467 = VECTOR('',#1468,1.);
#1468 = DIRECTION('',(1.,0.,0.));
#1469 = ORIENTED_EDGE('',*,*,#1413,.F.);
#1470 = PLANE('',#1471);
#1471 = AXIS2_PLACEMENT_3D('',#1472,#1473,#1474);
#1472 = CARTESIAN_POINT('',(-1.295,-0.95,0.));
#1473 = DIRECTION('',(0.,1.,0.));
#1474 = DIRECTION('',(0.,0.,1.));
#1475 = ADVANCED_FACE('',(#1476),#1482,.F.);
#1476 = FACE_BOUND('',#1477,.F.);
#1477 = EDGE_LOOP('',(#1478,#1479,#1480,#1481));
#1478 = ORIENTED_EDGE('',*,*,#1365,.F.);
#1479 = ORIENTED_EDGE('',*,*,#1435,.T.);
#1480 = ORIENTED_EDGE('',*,*,#1405,.T.);
#1481 = ORIENTED_EDGE('',*,*,#1457,.F.);
#1482 = PLANE('',#1483);
#1483 = AXIS2_PLACEMENT_3D('',#1484,#1485,#1486);
#1484 = CARTESIAN_POINT('',(-1.295,-1.05,0.));
#1485 = DIRECTION('',(0.,0.,1.));
#1486 = DIRECTION('',(1.,0.,0.));
#1487 = ADVANCED_FACE('',(#1488),#1494,.T.);
#1488 = FACE_BOUND('',#1489,.T.);
#1489 = EDGE_LOOP('',(#1490,#1491,#1492,#1493));
#1490 = ORIENTED_EDGE('',*,*,#1381,.F.);
#1491 = ORIENTED_EDGE('',*,*,#1442,.T.);
#1492 = ORIENTED_EDGE('',*,*,#1421,.T.);
#1493 = ORIENTED_EDGE('',*,*,#1464,.F.);
#1494 = PLANE('',#1495);
#1495 = AXIS2_PLACEMENT_3D('',#1496,#1497,#1498);
#1496 = CARTESIAN_POINT('',(-1.295,-1.05,0.1));
#1497 = DIRECTION('',(0.,0.,1.));
#1498 = DIRECTION('',(1.,0.,0.));
#1499 = MANIFOLD_SOLID_BREP('',#1500);
#1500 = CLOSED_SHELL('',(#1501,#1541,#1581,#1603,#1625,#1637));
#1501 = ADVANCED_FACE('',(#1502),#1536,.F.);
#1502 = FACE_BOUND('',#1503,.F.);
#1503 = EDGE_LOOP('',(#1504,#1514,#1522,#1530));
#1504 = ORIENTED_EDGE('',*,*,#1505,.F.);
#1505 = EDGE_CURVE('',#1506,#1508,#1510,.T.);
#1506 = VERTEX_POINT('',#1507);
#1507 = CARTESIAN_POINT('',(-0.89,-1.05,0.19));
#1508 = VERTEX_POINT('',#1509);
#1509 = CARTESIAN_POINT('',(-0.89,-1.05,0.31));
#1510 = LINE('',#1511,#1512);
#1511 = CARTESIAN_POINT('',(-0.89,-1.05,0.19));
#1512 = VECTOR('',#1513,1.);
#1513 = DIRECTION('',(0.,0.,1.));
#1514 = ORIENTED_EDGE('',*,*,#1515,.T.);
#1515 = EDGE_CURVE('',#1506,#1516,#1518,.T.);
#1516 = VERTEX_POINT('',#1517);
#1517 = CARTESIAN_POINT('',(-0.89,-0.95,0.19));
#1518 = LINE('',#1519,#1520);
#1519 = CARTESIAN_POINT('',(-0.89,-1.05,0.19));
#1520 = VECTOR('',#1521,1.);
#1521 = DIRECTION('',(0.,1.,0.));
#1522 = ORIENTED_EDGE('',*,*,#1523,.T.);
#1523 = EDGE_CURVE('',#1516,#1524,#1526,.T.);
#1524 = VERTEX_POINT('',#1525);
#1525 = CARTESIAN_POINT('',(-0.89,-0.95,0.31));
#1526 = LINE('',#1527,#1528);
#1527 = CARTESIAN_POINT('',(-0.89,-0.95,0.19));
#1528 = VECTOR('',#1529,1.);
#1529 = DIRECTION('',(0.,0.,1.));
#1530 = ORIENTED_EDGE('',*,*,#1531,.F.);
#1531 = EDGE_CURVE('',#1508,#1524,#1532,.T.);
#1532 = LINE('',#1533,#1534);
#1533 = CARTESIAN_POINT('',(-0.89,-1.05,0.31));
#1534 = VECTOR('',#1535,1.);
#1535 = DIRECTION('',(0.,1.,0.));
#1536 = PLANE('',#1537);
#1537 = AXIS2_PLACEMENT_3D('',#1538,#1539,#1540);
#1538 = CARTESIAN_POINT('',(-0.89,-1.05,0.19));
#1539 = DIRECTION('',(1.,0.,0.));
#1540 = DIRECTION('',(0.,0.,1.));
#1541 = ADVANCED_FACE('',(#1542),#1576,.T.);
#1542 = FACE_BOUND('',#1543,.T.);
#1543 = EDGE_LOOP('',(#1544,#1554,#1562,#1570));
#1544 = ORIENTED_EDGE('',*,*,#1545,.F.);
#1545 = EDGE_CURVE('',#1546,#1548,#1550,.T.);
#1546 = VERTEX_POINT('',#1547);
#1547 = CARTESIAN_POINT('',(-0.24,-1.05,0.19));
#1548 = VERTEX_POINT('',#1549);
#1549 = CARTESIAN_POINT('',(-0.24,-1.05,0.31));
#1550 = LINE('',#1551,#1552);
#1551 = CARTESIAN_POINT('',(-0.24,-1.05,0.19));
#1552 = VECTOR('',#1553,1.);
#1553 = DIRECTION('',(0.,0.,1.));
#1554 = ORIENTED_EDGE('',*,*,#1555,.T.);
#1555 = EDGE_CURVE('',#1546,#1556,#1558,.T.);
#1556 = VERTEX_POINT('',#1557);
#1557 = CARTESIAN_POINT('',(-0.24,-0.95,0.19));
#1558 = LINE('',#1559,#1560);
#1559 = CARTESIAN_POINT('',(-0.24,-1.05,0.19));
#1560 = VECTOR('',#1561,1.);
#1561 = DIRECTION('',(0.,1.,0.));
#1562 = ORIENTED_EDGE('',*,*,#1563,.T.);
#1563 = EDGE_CURVE('',#1556,#1564,#1566,.T.);
#1564 = VERTEX_POINT('',#1565);
#1565 = CARTESIAN_POINT('',(-0.24,-0.95,0.31));
#1566 = LINE('',#1567,#1568);
#1567 = CARTESIAN_POINT('',(-0.24,-0.95,0.19));
#1568 = VECTOR('',#1569,1.);
#1569 = DIRECTION('',(0.,0.,1.));
#1570 = ORIENTED_EDGE('',*,*,#1571,.F.);
#1571 = EDGE_CURVE('',#1548,#1564,#1572,.T.);
#1572 = LINE('',#1573,#1574);
#1573 = CARTESIAN_POINT('',(-0.24,-1.05,0.31));
#1574 = VECTOR('',#1575,1.);
#1575 = DIRECTION('',(0.,1.,0.));
#1576 = PLANE('',#1577);
#1577 = AXIS2_PLACEMENT_3D('',#1578,#1579,#1580);
#1578 = CARTESIAN_POINT('',(-0.24,-1.05,0.19));
#1579 = DIRECTION('',(1.,0.,0.));
#1580 = DIRECTION('',(0.,0.,1.));
#1581 = ADVANCED_FACE('',(#1582),#1598,.F.);
#1582 = FACE_BOUND('',#1583,.F.);
#1583 = EDGE_LOOP('',(#1584,#1590,#1591,#1597));
#1584 = ORIENTED_EDGE('',*,*,#1585,.F.);
#1585 = EDGE_CURVE('',#1506,#1546,#1586,.T.);
#1586 = LINE('',#1587,#1588);
#1587 = CARTESIAN_POINT('',(-0.89,-1.05,0.19));
#1588 = VECTOR('',#1589,1.);
#1589 = DIRECTION('',(1.,0.,0.));
#1590 = ORIENTED_EDGE('',*,*,#1505,.T.);
#1591 = ORIENTED_EDGE('',*,*,#1592,.T.);
#1592 = EDGE_CURVE('',#1508,#1548,#1593,.T.);
#1593 = LINE('',#1594,#1595);
#1594 = CARTESIAN_POINT('',(-0.89,-1.05,0.31));
#1595 = VECTOR('',#1596,1.);
#1596 = DIRECTION('',(1.,0.,0.));
#1597 = ORIENTED_EDGE('',*,*,#1545,.F.);
#1598 = PLANE('',#1599);
#1599 = AXIS2_PLACEMENT_3D('',#1600,#1601,#1602);
#1600 = CARTESIAN_POINT('',(-0.89,-1.05,0.19));
#1601 = DIRECTION('',(0.,1.,0.));
#1602 = DIRECTION('',(0.,0.,1.));
#1603 = ADVANCED_FACE('',(#1604),#1620,.T.);
#1604 = FACE_BOUND('',#1605,.T.);
#1605 = EDGE_LOOP('',(#1606,#1612,#1613,#1619));
#1606 = ORIENTED_EDGE('',*,*,#1607,.F.);
#1607 = EDGE_CURVE('',#1516,#1556,#1608,.T.);
#1608 = LINE('',#1609,#1610);
#1609 = CARTESIAN_POINT('',(-0.89,-0.95,0.19));
#1610 = VECTOR('',#1611,1.);
#1611 = DIRECTION('',(1.,0.,0.));
#1612 = ORIENTED_EDGE('',*,*,#1523,.T.);
#1613 = ORIENTED_EDGE('',*,*,#1614,.T.);
#1614 = EDGE_CURVE('',#1524,#1564,#1615,.T.);
#1615 = LINE('',#1616,#1617);
#1616 = CARTESIAN_POINT('',(-0.89,-0.95,0.31));
#1617 = VECTOR('',#1618,1.);
#1618 = DIRECTION('',(1.,0.,0.));
#1619 = ORIENTED_EDGE('',*,*,#1563,.F.);
#1620 = PLANE('',#1621);
#1621 = AXIS2_PLACEMENT_3D('',#1622,#1623,#1624);
#1622 = CARTESIAN_POINT('',(-0.89,-0.95,0.19));
#1623 = DIRECTION('',(0.,1.,0.));
#1624 = DIRECTION('',(0.,0.,1.));
#1625 = ADVANCED_FACE('',(#1626),#1632,.F.);
#1626 = FACE_BOUND('',#1627,.F.);
#1627 = EDGE_LOOP('',(#1628,#1629,#1630,#1631));
#1628 = ORIENTED_EDGE('',*,*,#1515,.F.);
#1629 = ORIENTED_EDGE('',*,*,#1585,.T.);
#1630 = ORIENTED_EDGE('',*,*,#1555,.T.);
#1631 = ORIENTED_EDGE('',*,*,#1607,.F.);
#1632 = PLANE('',#1633);
#1633 = AXIS2_PLACEMENT_3D('',#1634,#1635,#1636);
#1634 = CARTESIAN_POINT('',(-0.89,-1.05,0.19));
#1635 = DIRECTION('',(0.,0.,1.));
#1636 = DIRECTION('',(1.,0.,0.));
#1637 = ADVANCED_FACE('',(#1638),#1644,.T.);
#1638 = FACE_BOUND('',#1639,.T.);
#1639 = EDGE_LOOP('',(#1640,#1641,#1642,#1643));
#1640 = ORIENTED_EDGE('',*,*,#1531,.F.);
#1641 = ORIENTED_EDGE('',*,*,#1592,.T.);
#1642 = ORIENTED_EDGE('',*,*,#1571,.T.);
#1643 = ORIENTED_EDGE('',*,*,#1614,.F.);
#1644 = PLANE('',#1645);
#1645 = AXIS2_PLACEMENT_3D('',#1646,#1647,#1648);
#1646 = CARTESIAN_POINT('',(-0.89,-1.05,0.31));
#1647 = DIRECTION('',(0.,0.,1.));
#1648 = DIRECTION('',(1.,0.,0.));
#1649 = MANIFOLD_SOLID_BREP('',#1650);
#1650 = CLOSED_SHELL('',(#1651,#1691,#1731,#1753,#1775,#1787));
#1651 = ADVANCED_FACE('',(#1652),#1686,.F.);
#1652 = FACE_BOUND('',#1653,.F.);
#1653 = EDGE_LOOP('',(#1654,#1664,#1672,#1680));
#1654 = ORIENTED_EDGE('',*,*,#1655,.F.);
#1655 = EDGE_CURVE('',#1656,#1658,#1660,.T.);
#1656 = VERTEX_POINT('',#1657);
#1657 = CARTESIAN_POINT('',(-1.295,-0.65,0.));
#1658 = VERTEX_POINT('',#1659);
#1659 = CARTESIAN_POINT('',(-1.295,-0.65,0.1));
#1660 = LINE('',#1661,#1662);
#1661 = CARTESIAN_POINT('',(-1.295,-0.65,0.));
#1662 = VECTOR('',#1663,1.);
#1663 = DIRECTION('',(0.,0.,1.));
#1664 = ORIENTED_EDGE('',*,*,#1665,.T.);
#1665 = EDGE_CURVE('',#1656,#1666,#1668,.T.);
#1666 = VERTEX_POINT('',#1667);
#1667 = CARTESIAN_POINT('',(-1.295,-0.55,0.));
#1668 = LINE('',#1669,#1670);
#1669 = CARTESIAN_POINT('',(-1.295,-0.65,0.));
#1670 = VECTOR('',#1671,1.);
#1671 = DIRECTION('',(0.,1.,0.));
#1672 = ORIENTED_EDGE('',*,*,#1673,.T.);
#1673 = EDGE_CURVE('',#1666,#1674,#1676,.T.);
#1674 = VERTEX_POINT('',#1675);
#1675 = CARTESIAN_POINT('',(-1.295,-0.55,0.1));
#1676 = LINE('',#1677,#1678);
#1677 = CARTESIAN_POINT('',(-1.295,-0.55,0.));
#1678 = VECTOR('',#1679,1.);
#1679 = DIRECTION('',(0.,0.,1.));
#1680 = ORIENTED_EDGE('',*,*,#1681,.F.);
#1681 = EDGE_CURVE('',#1658,#1674,#1682,.T.);
#1682 = LINE('',#1683,#1684);
#1683 = CARTESIAN_POINT('',(-1.295,-0.65,0.1));
#1684 = VECTOR('',#1685,1.);
#1685 = DIRECTION('',(0.,1.,0.));
#1686 = PLANE('',#1687);
#1687 = AXIS2_PLACEMENT_3D('',#1688,#1689,#1690);
#1688 = CARTESIAN_POINT('',(-1.295,-0.65,0.));
#1689 = DIRECTION('',(1.,0.,0.));
#1690 = DIRECTION('',(0.,0.,1.));
#1691 = ADVANCED_FACE('',(#1692),#1726,.T.);
#1692 = FACE_BOUND('',#1693,.T.);
#1693 = EDGE_LOOP('',(#1694,#1704,#1712,#1720));
#1694 = ORIENTED_EDGE('',*,*,#1695,.F.);
#1695 = EDGE_CURVE('',#1696,#1698,#1700,.T.);
#1696 = VERTEX_POINT('',#1697);
#1697 = CARTESIAN_POINT('',(-0.92,-0.65,0.));
#1698 = VERTEX_POINT('',#1699);
#1699 = CARTESIAN_POINT('',(-0.92,-0.65,0.1));
#1700 = LINE('',#1701,#1702);
#1701 = CARTESIAN_POINT('',(-0.92,-0.65,0.));
#1702 = VECTOR('',#1703,1.);
#1703 = DIRECTION('',(0.,0.,1.));
#1704 = ORIENTED_EDGE('',*,*,#1705,.T.);
#1705 = EDGE_CURVE('',#1696,#1706,#1708,.T.);
#1706 = VERTEX_POINT('',#1707);
#1707 = CARTESIAN_POINT('',(-0.92,-0.55,0.));
#1708 = LINE('',#1709,#1710);
#1709 = CARTESIAN_POINT('',(-0.92,-0.65,0.));
#1710 = VECTOR('',#1711,1.);
#1711 = DIRECTION('',(0.,1.,0.));
#1712 = ORIENTED_EDGE('',*,*,#1713,.T.);
#1713 = EDGE_CURVE('',#1706,#1714,#1716,.T.);
#1714 = VERTEX_POINT('',#1715);
#1715 = CARTESIAN_POINT('',(-0.92,-0.55,0.1));
#1716 = LINE('',#1717,#1718);
#1717 = CARTESIAN_POINT('',(-0.92,-0.55,0.));
#1718 = VECTOR('',#1719,1.);
#1719 = DIRECTION('',(0.,0.,1.));
#1720 = ORIENTED_EDGE('',*,*,#1721,.F.);
#1721 = EDGE_CURVE('',#1698,#1714,#1722,.T.);
#1722 = LINE('',#1723,#1724);
#1723 = CARTESIAN_POINT('',(-0.92,-0.65,0.1));
#1724 = VECTOR('',#1725,1.);
#1725 = DIRECTION('',(0.,1.,0.));
#1726 = PLANE('',#1727);
#1727 = AXIS2_PLACEMENT_3D('',#1728,#1729,#1730);
#1728 = CARTESIAN_POINT('',(-0.92,-0.65,0.));
#1729 = DIRECTION('',(1.,0.,0.));
#1730 = DIRECTION('',(0.,0.,1.));
#1731 = ADVANCED_FACE('',(#1732),#1748,.F.);
#1732 = FACE_BOUND('',#1733,.F.);
#1733 = EDGE_LOOP('',(#1734,#1740,#1741,#1747));
#1734 = ORIENTED_EDGE('',*,*,#1735,.F.);
#1735 = EDGE_CURVE('',#1656,#1696,#1736,.T.);
#1736 = LINE('',#1737,#1738);
#1737 = CARTESIAN_POINT('',(-1.295,-0.65,0.));
#1738 = VECTOR('',#1739,1.);
#1739 = DIRECTION('',(1.,0.,0.));
#1740 = ORIENTED_EDGE('',*,*,#1655,.T.);
#1741 = ORIENTED_EDGE('',*,*,#1742,.T.);
#1742 = EDGE_CURVE('',#1658,#1698,#1743,.T.);
#1743 = LINE('',#1744,#1745);
#1744 = CARTESIAN_POINT('',(-1.295,-0.65,0.1));
#1745 = VECTOR('',#1746,1.);
#1746 = DIRECTION('',(1.,0.,0.));
#1747 = ORIENTED_EDGE('',*,*,#1695,.F.);
#1748 = PLANE('',#1749);
#1749 = AXIS2_PLACEMENT_3D('',#1750,#1751,#1752);
#1750 = CARTESIAN_POINT('',(-1.295,-0.65,0.));
#1751 = DIRECTION('',(0.,1.,0.));
#1752 = DIRECTION('',(0.,0.,1.));
#1753 = ADVANCED_FACE('',(#1754),#1770,.T.);
#1754 = FACE_BOUND('',#1755,.T.);
#1755 = EDGE_LOOP('',(#1756,#1762,#1763,#1769));
#1756 = ORIENTED_EDGE('',*,*,#1757,.F.);
#1757 = EDGE_CURVE('',#1666,#1706,#1758,.T.);
#1758 = LINE('',#1759,#1760);
#1759 = CARTESIAN_POINT('',(-1.295,-0.55,0.));
#1760 = VECTOR('',#1761,1.);
#1761 = DIRECTION('',(1.,0.,0.));
#1762 = ORIENTED_EDGE('',*,*,#1673,.T.);
#1763 = ORIENTED_EDGE('',*,*,#1764,.T.);
#1764 = EDGE_CURVE('',#1674,#1714,#1765,.T.);
#1765 = LINE('',#1766,#1767);
#1766 = CARTESIAN_POINT('',(-1.295,-0.55,0.1));
#1767 = VECTOR('',#1768,1.);
#1768 = DIRECTION('',(1.,0.,0.));
#1769 = ORIENTED_EDGE('',*,*,#1713,.F.);
#1770 = PLANE('',#1771);
#1771 = AXIS2_PLACEMENT_3D('',#1772,#1773,#1774);
#1772 = CARTESIAN_POINT('',(-1.295,-0.55,0.));
#1773 = DIRECTION('',(0.,1.,0.));
#1774 = DIRECTION('',(0.,0.,1.));
#1775 = ADVANCED_FACE('',(#1776),#1782,.F.);
#1776 = FACE_BOUND('',#1777,.F.);
#1777 = EDGE_LOOP('',(#1778,#1779,#1780,#1781));
#1778 = ORIENTED_EDGE('',*,*,#1665,.F.);
#1779 = ORIENTED_EDGE('',*,*,#1735,.T.);
#1780 = ORIENTED_EDGE('',*,*,#1705,.T.);
#1781 = ORIENTED_EDGE('',*,*,#1757,.F.);
#1782 = PLANE('',#1783);
#1783 = AXIS2_PLACEMENT_3D('',#1784,#1785,#1786);
#1784 = CARTESIAN_POINT('',(-1.295,-0.65,0.));
#1785 = DIRECTION('',(0.,0.,1.));
#1786 = DIRECTION('',(1.,0.,0.));
#1787 = ADVANCED_FACE('',(#1788),#1794,.T.);
#1788 = FACE_BOUND('',#1789,.T.);
#1789 = EDGE_LOOP('',(#1790,#1791,#1792,#1793));
#1790 = ORIENTED_EDGE('',*,*,#1681,.F.);
#1791 = ORIENTED_EDGE('',*,*,#1742,.T.);
#1792 = ORIENTED_EDGE('',*,*,#1721,.T.);
#1793 = ORIENTED_EDGE('',*,*,#1764,.F.);
#1794 = PLANE('',#1795);
#1795 = AXIS2_PLACEMENT_3D('',#1796,#1797,#1798);
#1796 = CARTESIAN_POINT('',(-1.295,-0.65,0.1));
#1797 = DIRECTION('',(0.,0.,1.));
#1798 = DIRECTION('',(1.,0.,0.));
#1799 = MANIFOLD_SOLID_BREP('',#1800);
#1800 = CLOSED_SHELL('',(#1801,#1841,#1881,#1903,#1925,#1937));
#1801 = ADVANCED_FACE('',(#1802),#1836,.F.);
#1802 = FACE_BOUND('',#1803,.F.);
#1803 = EDGE_LOOP('',(#1804,#1814,#1822,#1830));
#1804 = ORIENTED_EDGE('',*,*,#1805,.F.);
#1805 = EDGE_CURVE('',#1806,#1808,#1810,.T.);
#1806 = VERTEX_POINT('',#1807);
#1807 = CARTESIAN_POINT('',(-0.89,-0.65,0.19));
#1808 = VERTEX_POINT('',#1809);
#1809 = CARTESIAN_POINT('',(-0.89,-0.65,0.31));
#1810 = LINE('',#1811,#1812);
#1811 = CARTESIAN_POINT('',(-0.89,-0.65,0.19));
#1812 = VECTOR('',#1813,1.);
#1813 = DIRECTION('',(0.,0.,1.));
#1814 = ORIENTED_EDGE('',*,*,#1815,.T.);
#1815 = EDGE_CURVE('',#1806,#1816,#1818,.T.);
#1816 = VERTEX_POINT('',#1817);
#1817 = CARTESIAN_POINT('',(-0.89,-0.55,0.19));
#1818 = LINE('',#1819,#1820);
#1819 = CARTESIAN_POINT('',(-0.89,-0.65,0.19));
#1820 = VECTOR('',#1821,1.);
#1821 = DIRECTION('',(0.,1.,0.));
#1822 = ORIENTED_EDGE('',*,*,#1823,.T.);
#1823 = EDGE_CURVE('',#1816,#1824,#1826,.T.);
#1824 = VERTEX_POINT('',#1825);
#1825 = CARTESIAN_POINT('',(-0.89,-0.55,0.31));
#1826 = LINE('',#1827,#1828);
#1827 = CARTESIAN_POINT('',(-0.89,-0.55,0.19));
#1828 = VECTOR('',#1829,1.);
#1829 = DIRECTION('',(0.,0.,1.));
#1830 = ORIENTED_EDGE('',*,*,#1831,.F.);
#1831 = EDGE_CURVE('',#1808,#1824,#1832,.T.);
#1832 = LINE('',#1833,#1834);
#1833 = CARTESIAN_POINT('',(-0.89,-0.65,0.31));
#1834 = VECTOR('',#1835,1.);
#1835 = DIRECTION('',(0.,1.,0.));
#1836 = PLANE('',#1837);
#1837 = AXIS2_PLACEMENT_3D('',#1838,#1839,#1840);
#1838 = CARTESIAN_POINT('',(-0.89,-0.65,0.19));
#1839 = DIRECTION('',(1.,0.,0.));
#1840 = DIRECTION('',(0.,0.,1.));
#1841 = ADVANCED_FACE('',(#1842),#1876,.T.);
#1842 = FACE_BOUND('',#1843,.T.);
#1843 = EDGE_LOOP('',(#1844,#1854,#1862,#1870));
#1844 = ORIENTED_EDGE('',*,*,#1845,.F.);
#1845 = EDGE_CURVE('',#1846,#1848,#1850,.T.);
#1846 = VERTEX_POINT('',#1847);
#1847 = CARTESIAN_POINT('',(-0.24,-0.65,0.19));
#1848 = VERTEX_POINT('',#1849);
#1849 = CARTESIAN_POINT('',(-0.24,-0.65,0.31));
#1850 = LINE('',#1851,#1852);
#1851 = CARTESIAN_POINT('',(-0.24,-0.65,0.19));
#1852 = VECTOR('',#1853,1.);
#1853 = DIRECTION('',(0.,0.,1.));
#1854 = ORIENTED_EDGE('',*,*,#1855,.T.);
#1855 = EDGE_CURVE('',#1846,#1856,#1858,.T.);
#1856 = VERTEX_POINT('',#1857);
#1857 = CARTESIAN_POINT('',(-0.24,-0.55,0.19));
#1858 = LINE('',#1859,#1860);
#1859 = CARTESIAN_POINT('',(-0.24,-0.65,0.19));
#1860 = VECTOR('',#1861,1.);
#1861 = DIRECTION('',(0.,1.,0.));
#1862 = ORIENTED_EDGE('',*,*,#1863,.T.);
#1863 = EDGE_CURVE('',#1856,#1864,#1866,.T.);
#1864 = VERTEX_POINT('',#1865);
#1865 = CARTESIAN_POINT('',(-0.24,-0.55,0.31));
#1866 = LINE('',#1867,#1868);
#1867 = CARTESIAN_POINT('',(-0.24,-0.55,0.19));
#1868 = VECTOR('',#1869,1.);
#1869 = DIRECTION('',(0.,0.,1.));
#1870 = ORIENTED_EDGE('',*,*,#1871,.F.);
#1871 = EDGE_CURVE('',#1848,#1864,#1872,.T.);
#1872 = LINE('',#1873,#1874);
#1873 = CARTESIAN_POINT('',(-0.24,-0.65,0.31));
#1874 = VECTOR('',#1875,1.);
#1875 = DIRECTION('',(0.,1.,0.));
#1876 = PLANE('',#1877);
#1877 = AXIS2_PLACEMENT_3D('',#1878,#1879,#1880);
#1878 = CARTESIAN_POINT('',(-0.24,-0.65,0.19));
#1879 = DIRECTION('',(1.,0.,0.));
#1880 = DIRECTION('',(0.,0.,1.));
#1881 = ADVANCED_FACE('',(#1882),#1898,.F.);
#1882 = FACE_BOUND('',#1883,.F.);
#1883 = EDGE_LOOP('',(#1884,#1890,#1891,#1897));
#1884 = ORIENTED_EDGE('',*,*,#1885,.F.);
#1885 = EDGE_CURVE('',#1806,#1846,#1886,.T.);
#1886 = LINE('',#1887,#1888);
#1887 = CARTESIAN_POINT('',(-0.89,-0.65,0.19));
#1888 = VECTOR('',#1889,1.);
#1889 = DIRECTION('',(1.,0.,0.));
#1890 = ORIENTED_EDGE('',*,*,#1805,.T.);
#1891 = ORIENTED_EDGE('',*,*,#1892,.T.);
#1892 = EDGE_CURVE('',#1808,#1848,#1893,.T.);
#1893 = LINE('',#1894,#1895);
#1894 = CARTESIAN_POINT('',(-0.89,-0.65,0.31));
#1895 = VECTOR('',#1896,1.);
#1896 = DIRECTION('',(1.,0.,0.));
#1897 = ORIENTED_EDGE('',*,*,#1845,.F.);
#1898 = PLANE('',#1899);
#1899 = AXIS2_PLACEMENT_3D('',#1900,#1901,#1902);
#1900 = CARTESIAN_POINT('',(-0.89,-0.65,0.19));
#1901 = DIRECTION('',(0.,1.,0.));
#1902 = DIRECTION('',(0.,0.,1.));
#1903 = ADVANCED_FACE('',(#1904),#1920,.T.);
#1904 = FACE_BOUND('',#1905,.T.);
#1905 = EDGE_LOOP('',(#1906,#1912,#1913,#1919));
#1906 = ORIENTED_EDGE('',*,*,#1907,.F.);
#1907 = EDGE_CURVE('',#1816,#1856,#1908,.T.);
#1908 = LINE('',#1909,#1910);
#1909 = CARTESIAN_POINT('',(-0.89,-0.55,0.19));
#1910 = VECTOR('',#1911,1.);
#1911 = DIRECTION('',(1.,0.,0.));
#1912 = ORIENTED_EDGE('',*,*,#1823,.T.);
#1913 = ORIENTED_EDGE('',*,*,#1914,.T.);
#1914 = EDGE_CURVE('',#1824,#1864,#1915,.T.);
#1915 = LINE('',#1916,#1917);
#1916 = CARTESIAN_POINT('',(-0.89,-0.55,0.31));
#1917 = VECTOR('',#1918,1.);
#1918 = DIRECTION('',(1.,0.,0.));
#1919 = ORIENTED_EDGE('',*,*,#1863,.F.);
#1920 = PLANE('',#1921);
#1921 = AXIS2_PLACEMENT_3D('',#1922,#1923,#1924);
#1922 = CARTESIAN_POINT('',(-0.89,-0.55,0.19));
#1923 = DIRECTION('',(0.,1.,0.));
#1924 = DIRECTION('',(0.,0.,1.));
#1925 = ADVANCED_FACE('',(#1926),#1932,.F.);
#1926 = FACE_BOUND('',#1927,.F.);
#1927 = EDGE_LOOP('',(#1928,#1929,#1930,#1931));
#1928 = ORIENTED_EDGE('',*,*,#1815,.F.);
#1929 = ORIENTED_EDGE('',*,*,#1885,.T.);
#1930 = ORIENTED_EDGE('',*,*,#1855,.T.);
#1931 = ORIENTED_EDGE('',*,*,#1907,.F.);
#1932 = PLANE('',#1933);
#1933 = AXIS2_PLACEMENT_3D('',#1934,#1935,#1936);
#1934 = CARTESIAN_POINT('',(-0.89,-0.65,0.19));
#1935 = DIRECTION('',(0.,0.,1.));
#1936 = DIRECTION('',(1.,0.,0.));
#1937 = ADVANCED_FACE('',(#1938),#1944,.T.);
#1938 = FACE_BOUND('',#1939,.T.);
#1939 = EDGE_LOOP('',(#1940,#1941,#1942,#1943));
#1940 = ORIENTED_EDGE('',*,*,#1831,.F.);
#1941 = ORIENTED_EDGE('',*,*,#1892,.T.);
#1942 = ORIENTED_EDGE('',*,*,#1871,.T.);
#1943 = ORIENTED_EDGE('',*,*,#1914,.F.);
#1944 = PLANE('',#1945);
#1945 = AXIS2_PLACEMENT_3D('',#1946,#1947,#1948);
#1946 = CARTESIAN_POINT('',(-0.89,-0.65,0.31));
#1947 = DIRECTION('',(0.,0.,1.));
#1948 = DIRECTION('',(1.,0.,0.));
#1949 = MANIFOLD_SOLID_BREP('',#1950);
#1950 = CLOSED_SHELL('',(#1951,#1991,#2031,#2053,#2075,#2087));
#1951 = ADVANCED_FACE('',(#1952),#1986,.F.);
#1952 = FACE_BOUND('',#1953,.F.);
#1953 = EDGE_LOOP('',(#1954,#1964,#1972,#1980));
#1954 = ORIENTED_EDGE('',*,*,#1955,.F.);
#1955 = EDGE_CURVE('',#1956,#1958,#1960,.T.);
#1956 = VERTEX_POINT('',#1957);
#1957 = CARTESIAN_POINT('',(-1.295,-0.25,0.));
#1958 = VERTEX_POINT('',#1959);
#1959 = CARTESIAN_POINT('',(-1.295,-0.25,0.1));
#1960 = LINE('',#1961,#1962);
#1961 = CARTESIAN_POINT('',(-1.295,-0.25,0.));
#1962 = VECTOR('',#1963,1.);
#1963 = DIRECTION('',(0.,0.,1.));
#1964 = ORIENTED_EDGE('',*,*,#1965,.T.);
#1965 = EDGE_CURVE('',#1956,#1966,#1968,.T.);
#1966 = VERTEX_POINT('',#1967);
#1967 = CARTESIAN_POINT('',(-1.295,-0.15,0.));
#1968 = LINE('',#1969,#1970);
#1969 = CARTESIAN_POINT('',(-1.295,-0.25,0.));
#1970 = VECTOR('',#1971,1.);
#1971 = DIRECTION('',(0.,1.,0.));
#1972 = ORIENTED_EDGE('',*,*,#1973,.T.);
#1973 = EDGE_CURVE('',#1966,#1974,#1976,.T.);
#1974 = VERTEX_POINT('',#1975);
#1975 = CARTESIAN_POINT('',(-1.295,-0.15,0.1));
#1976 = LINE('',#1977,#1978);
#1977 = CARTESIAN_POINT('',(-1.295,-0.15,0.));
#1978 = VECTOR('',#1979,1.);
#1979 = DIRECTION('',(0.,0.,1.));
#1980 = ORIENTED_EDGE('',*,*,#1981,.F.);
#1981 = EDGE_CURVE('',#1958,#1974,#1982,.T.);
#1982 = LINE('',#1983,#1984);
#1983 = CARTESIAN_POINT('',(-1.295,-0.25,0.1));
#1984 = VECTOR('',#1985,1.);
#1985 = DIRECTION('',(0.,1.,0.));
#1986 = PLANE('',#1987);
#1987 = AXIS2_PLACEMENT_3D('',#1988,#1989,#1990);
#1988 = CARTESIAN_POINT('',(-1.295,-0.25,0.));
#1989 = DIRECTION('',(1.,0.,0.));
#1990 = DIRECTION('',(0.,0.,1.));
#1991 = ADVANCED_FACE('',(#1992),#2026,.T.);
#1992 = FACE_BOUND('',#1993,.T.);
#1993 = EDGE_LOOP('',(#1994,#2004,#2012,#2020));
#1994 = ORIENTED_EDGE('',*,*,#1995,.F.);
#1995 = EDGE_CURVE('',#1996,#1998,#2000,.T.);
#1996 = VERTEX_POINT('',#1997);
#1997 = CARTESIAN_POINT('',(-0.92,-0.25,0.));
#1998 = VERTEX_POINT('',#1999);
#1999 = CARTESIAN_POINT('',(-0.92,-0.25,0.1));
#2000 = LINE('',#2001,#2002);
#2001 = CARTESIAN_POINT('',(-0.92,-0.25,0.));
#2002 = VECTOR('',#2003,1.);
#2003 = DIRECTION('',(0.,0.,1.));
#2004 = ORIENTED_EDGE('',*,*,#2005,.T.);
#2005 = EDGE_CURVE('',#1996,#2006,#2008,.T.);
#2006 = VERTEX_POINT('',#2007);
#2007 = CARTESIAN_POINT('',(-0.92,-0.15,0.));
#2008 = LINE('',#2009,#2010);
#2009 = CARTESIAN_POINT('',(-0.92,-0.25,0.));
#2010 = VECTOR('',#2011,1.);
#2011 = DIRECTION('',(0.,1.,0.));
#2012 = ORIENTED_EDGE('',*,*,#2013,.T.);
#2013 = EDGE_CURVE('',#2006,#2014,#2016,.T.);
#2014 = VERTEX_POINT('',#2015);
#2015 = CARTESIAN_POINT('',(-0.92,-0.15,0.1));
#2016 = LINE('',#2017,#2018);
#2017 = CARTESIAN_POINT('',(-0.92,-0.15,0.));
#2018 = VECTOR('',#2019,1.);
#2019 = DIRECTION('',(0.,0.,1.));
#2020 = ORIENTED_EDGE('',*,*,#2021,.F.);
#2021 = EDGE_CURVE('',#1998,#2014,#2022,.T.);
#2022 = LINE('',#2023,#2024);
#2023 = CARTESIAN_POINT('',(-0.92,-0.25,0.1));
#2024 = VECTOR('',#2025,1.);
#2025 = DIRECTION('',(0.,1.,0.));
#2026 = PLANE('',#2027);
#2027 = AXIS2_PLACEMENT_3D('',#2028,#2029,#2030);
#2028 = CARTESIAN_POINT('',(-0.92,-0.25,0.));
#2029 = DIRECTION('',(1.,0.,0.));
#2030 = DIRECTION('',(0.,0.,1.));
#2031 = ADVANCED_FACE('',(#2032),#2048,.F.);
#2032 = FACE_BOUND('',#2033,.F.);
#2033 = EDGE_LOOP('',(#2034,#2040,#2041,#2047));
#2034 = ORIENTED_EDGE('',*,*,#2035,.F.);
#2035 = EDGE_CURVE('',#1956,#1996,#2036,.T.);
#2036 = LINE('',#2037,#2038);
#2037 = CARTESIAN_POINT('',(-1.295,-0.25,0.));
#2038 = VECTOR('',#2039,1.);
#2039 = DIRECTION('',(1.,0.,0.));
#2040 = ORIENTED_EDGE('',*,*,#1955,.T.);
#2041 = ORIENTED_EDGE('',*,*,#2042,.T.);
#2042 = EDGE_CURVE('',#1958,#1998,#2043,.T.);
#2043 = LINE('',#2044,#2045);
#2044 = CARTESIAN_POINT('',(-1.295,-0.25,0.1));
#2045 = VECTOR('',#2046,1.);
#2046 = DIRECTION('',(1.,0.,0.));
#2047 = ORIENTED_EDGE('',*,*,#1995,.F.);
#2048 = PLANE('',#2049);
#2049 = AXIS2_PLACEMENT_3D('',#2050,#2051,#2052);
#2050 = CARTESIAN_POINT('',(-1.295,-0.25,0.));
#2051 = DIRECTION('',(0.,1.,0.));
#2052 = DIRECTION('',(0.,0.,1.));
#2053 = ADVANCED_FACE('',(#2054),#2070,.T.);
#2054 = FACE_BOUND('',#2055,.T.);
#2055 = EDGE_LOOP('',(#2056,#2062,#2063,#2069));
#2056 = ORIENTED_EDGE('',*,*,#2057,.F.);
#2057 = EDGE_CURVE('',#1966,#2006,#2058,.T.);
#2058 = LINE('',#2059,#2060);
#2059 = CARTESIAN_POINT('',(-1.295,-0.15,0.));
#2060 = VECTOR('',#2061,1.);
#2061 = DIRECTION('',(1.,0.,0.));
#2062 = ORIENTED_EDGE('',*,*,#1973,.T.);
#2063 = ORIENTED_EDGE('',*,*,#2064,.T.);
#2064 = EDGE_CURVE('',#1974,#2014,#2065,.T.);
#2065 = LINE('',#2066,#2067);
#2066 = CARTESIAN_POINT('',(-1.295,-0.15,0.1));
#2067 = VECTOR('',#2068,1.);
#2068 = DIRECTION('',(1.,0.,0.));
#2069 = ORIENTED_EDGE('',*,*,#2013,.F.);
#2070 = PLANE('',#2071);
#2071 = AXIS2_PLACEMENT_3D('',#2072,#2073,#2074);
#2072 = CARTESIAN_POINT('',(-1.295,-0.15,0.));
#2073 = DIRECTION('',(0.,1.,0.));
#2074 = DIRECTION('',(0.,0.,1.));
#2075 = ADVANCED_FACE('',(#2076),#2082,.F.);
#2076 = FACE_BOUND('',#2077,.F.);
#2077 = EDGE_LOOP('',(#2078,#2079,#2080,#2081));
#2078 = ORIENTED_EDGE('',*,*,#1965,.F.);
#2079 = ORIENTED_EDGE('',*,*,#2035,.T.);
#2080 = ORIENTED_EDGE('',*,*,#2005,.T.);
#2081 = ORIENTED_EDGE('',*,*,#2057,.F.);
#2082 = PLANE('',#2083);
#2083 = AXIS2_PLACEMENT_3D('',#2084,#2085,#2086);
#2084 = CARTESIAN_POINT('',(-1.295,-0.25,0.));
#2085 = DIRECTION('',(0.,0.,1.));
#2086 = DIRECTION('',(1.,0.,0.));
#2087 = ADVANCED_FACE('',(#2088),#2094,.T.);
#2088 = FACE_BOUND('',#2089,.T.);
#2089 = EDGE_LOOP('',(#2090,#2091,#2092,#2093));
#2090 = ORIENTED_EDGE('',*,*,#1981,.F.);
#2091 = ORIENTED_EDGE('',*,*,#2042,.T.);
#2092 = ORIENTED_EDGE('',*,*,#2021,.T.);
#2093 = ORIENTED_EDGE('',*,*,#2064,.F.);
#2094 = PLANE('',#2095);
#2095 = AXIS2_PLACEMENT_3D('',#2096,#2097,#2098);
#2096 = CARTESIAN_POINT('',(-1.295,-0.25,0.1));
#2097 = DIRECTION('',(0.,0.,1.));
#2098 = DIRECTION('',(1.,0.,0.));
#2099 = MANIFOLD_SOLID_BREP('',#2100);
#2100 = CLOSED_SHELL('',(#2101,#2141,#2181,#2203,#2225,#2237));
#2101 = ADVANCED_FACE('',(#2102),#2136,.F.);
#2102 = FACE_BOUND('',#2103,.F.);
#2103 = EDGE_LOOP('',(#2104,#2114,#2122,#2130));
#2104 = ORIENTED_EDGE('',*,*,#2105,.F.);
#2105 = EDGE_CURVE('',#2106,#2108,#2110,.T.);
#2106 = VERTEX_POINT('',#2107);
#2107 = CARTESIAN_POINT('',(-0.89,-0.25,0.19));
#2108 = VERTEX_POINT('',#2109);
#2109 = CARTESIAN_POINT('',(-0.89,-0.25,0.31));
#2110 = LINE('',#2111,#2112);
#2111 = CARTESIAN_POINT('',(-0.89,-0.25,0.19));
#2112 = VECTOR('',#2113,1.);
#2113 = DIRECTION('',(0.,0.,1.));
#2114 = ORIENTED_EDGE('',*,*,#2115,.T.);
#2115 = EDGE_CURVE('',#2106,#2116,#2118,.T.);
#2116 = VERTEX_POINT('',#2117);
#2117 = CARTESIAN_POINT('',(-0.89,-0.15,0.19));
#2118 = LINE('',#2119,#2120);
#2119 = CARTESIAN_POINT('',(-0.89,-0.25,0.19));
#2120 = VECTOR('',#2121,1.);
#2121 = DIRECTION('',(0.,1.,0.));
#2122 = ORIENTED_EDGE('',*,*,#2123,.T.);
#2123 = EDGE_CURVE('',#2116,#2124,#2126,.T.);
#2124 = VERTEX_POINT('',#2125);
#2125 = CARTESIAN_POINT('',(-0.89,-0.15,0.31));
#2126 = LINE('',#2127,#2128);
#2127 = CARTESIAN_POINT('',(-0.89,-0.15,0.19));
#2128 = VECTOR('',#2129,1.);
#2129 = DIRECTION('',(0.,0.,1.));
#2130 = ORIENTED_EDGE('',*,*,#2131,.F.);
#2131 = EDGE_CURVE('',#2108,#2124,#2132,.T.);
#2132 = LINE('',#2133,#2134);
#2133 = CARTESIAN_POINT('',(-0.89,-0.25,0.31));
#2134 = VECTOR('',#2135,1.);
#2135 = DIRECTION('',(0.,1.,0.));
#2136 = PLANE('',#2137);
#2137 = AXIS2_PLACEMENT_3D('',#2138,#2139,#2140);
#2138 = CARTESIAN_POINT('',(-0.89,-0.25,0.19));
#2139 = DIRECTION('',(1.,0.,0.));
#2140 = DIRECTION('',(0.,0.,1.));
#2141 = ADVANCED_FACE('',(#2142),#2176,.T.);
#2142 = FACE_BOUND('',#2143,.T.);
#2143 = EDGE_LOOP('',(#2144,#2154,#2162,#2170));
#2144 = ORIENTED_EDGE('',*,*,#2145,.F.);
#2145 = EDGE_CURVE('',#2146,#2148,#2150,.T.);
#2146 = VERTEX_POINT('',#2147);
#2147 = CARTESIAN_POINT('',(-0.24,-0.25,0.19));
#2148 = VERTEX_POINT('',#2149);
#2149 = CARTESIAN_POINT('',(-0.24,-0.25,0.31));
#2150 = LINE('',#2151,#2152);
#2151 = CARTESIAN_POINT('',(-0.24,-0.25,0.19));
#2152 = VECTOR('',#2153,1.);
#2153 = DIRECTION('',(0.,0.,1.));
#2154 = ORIENTED_EDGE('',*,*,#2155,.T.);
#2155 = EDGE_CURVE('',#2146,#2156,#2158,.T.);
#2156 = VERTEX_POINT('',#2157);
#2157 = CARTESIAN_POINT('',(-0.24,-0.15,0.19));
#2158 = LINE('',#2159,#2160);
#2159 = CARTESIAN_POINT('',(-0.24,-0.25,0.19));
#2160 = VECTOR('',#2161,1.);
#2161 = DIRECTION('',(0.,1.,0.));
#2162 = ORIENTED_EDGE('',*,*,#2163,.T.);
#2163 = EDGE_CURVE('',#2156,#2164,#2166,.T.);
#2164 = VERTEX_POINT('',#2165);
#2165 = CARTESIAN_POINT('',(-0.24,-0.15,0.31));
#2166 = LINE('',#2167,#2168);
#2167 = CARTESIAN_POINT('',(-0.24,-0.15,0.19));
#2168 = VECTOR('',#2169,1.);
#2169 = DIRECTION('',(0.,0.,1.));
#2170 = ORIENTED_EDGE('',*,*,#2171,.F.);
#2171 = EDGE_CURVE('',#2148,#2164,#2172,.T.);
#2172 = LINE('',#2173,#2174);
#2173 = CARTESIAN_POINT('',(-0.24,-0.25,0.31));
#2174 = VECTOR('',#2175,1.);
#2175 = DIRECTION('',(0.,1.,0.));
#2176 = PLANE('',#2177);
#2177 = AXIS2_PLACEMENT_3D('',#2178,#2179,#2180);
#2178 = CARTESIAN_POINT('',(-0.24,-0.25,0.19));
#2179 = DIRECTION('',(1.,0.,0.));
#2180 = DIRECTION('',(0.,0.,1.));
#2181 = ADVANCED_FACE('',(#2182),#2198,.F.);
#2182 = FACE_BOUND('',#2183,.F.);
#2183 = EDGE_LOOP('',(#2184,#2190,#2191,#2197));
#2184 = ORIENTED_EDGE('',*,*,#2185,.F.);
#2185 = EDGE_CURVE('',#2106,#2146,#2186,.T.);
#2186 = LINE('',#2187,#2188);
#2187 = CARTESIAN_POINT('',(-0.89,-0.25,0.19));
#2188 = VECTOR('',#2189,1.);
#2189 = DIRECTION('',(1.,0.,0.));
#2190 = ORIENTED_EDGE('',*,*,#2105,.T.);
#2191 = ORIENTED_EDGE('',*,*,#2192,.T.);
#2192 = EDGE_CURVE('',#2108,#2148,#2193,.T.);
#2193 = LINE('',#2194,#2195);
#2194 = CARTESIAN_POINT('',(-0.89,-0.25,0.31));
#2195 = VECTOR('',#2196,1.);
#2196 = DIRECTION('',(1.,0.,0.));
#2197 = ORIENTED_EDGE('',*,*,#2145,.F.);
#2198 = PLANE('',#2199);
#2199 = AXIS2_PLACEMENT_3D('',#2200,#2201,#2202);
#2200 = CARTESIAN_POINT('',(-0.89,-0.25,0.19));
#2201 = DIRECTION('',(0.,1.,0.));
#2202 = DIRECTION('',(0.,0.,1.));
#2203 = ADVANCED_FACE('',(#2204),#2220,.T.);
#2204 = FACE_BOUND('',#2205,.T.);
#2205 = EDGE_LOOP('',(#2206,#2212,#2213,#2219));
#2206 = ORIENTED_EDGE('',*,*,#2207,.F.);
#2207 = EDGE_CURVE('',#2116,#2156,#2208,.T.);
#2208 = LINE('',#2209,#2210);
#2209 = CARTESIAN_POINT('',(-0.89,-0.15,0.19));
#2210 = VECTOR('',#2211,1.);
#2211 = DIRECTION('',(1.,0.,0.));
#2212 = ORIENTED_EDGE('',*,*,#2123,.T.);
#2213 = ORIENTED_EDGE('',*,*,#2214,.T.);
#2214 = EDGE_CURVE('',#2124,#2164,#2215,.T.);
#2215 = LINE('',#2216,#2217);
#2216 = CARTESIAN_POINT('',(-0.89,-0.15,0.31));
#2217 = VECTOR('',#2218,1.);
#2218 = DIRECTION('',(1.,0.,0.));
#2219 = ORIENTED_EDGE('',*,*,#2163,.F.);
#2220 = PLANE('',#2221);
#2221 = AXIS2_PLACEMENT_3D('',#2222,#2223,#2224);
#2222 = CARTESIAN_POINT('',(-0.89,-0.15,0.19));
#2223 = DIRECTION('',(0.,1.,0.));
#2224 = DIRECTION('',(0.,0.,1.));
#2225 = ADVANCED_FACE('',(#2226),#2232,.F.);
#2226 = FACE_BOUND('',#2227,.F.);
#2227 = EDGE_LOOP('',(#2228,#2229,#2230,#2231));
#2228 = ORIENTED_EDGE('',*,*,#2115,.F.);
#2229 = ORIENTED_EDGE('',*,*,#2185,.T.);
#2230 = ORIENTED_EDGE('',*,*,#2155,.T.);
#2231 = ORIENTED_EDGE('',*,*,#2207,.F.);
#2232 = PLANE('',#2233);
#2233 = AXIS2_PLACEMENT_3D('',#2234,#2235,#2236);
#2234 = CARTESIAN_POINT('',(-0.89,-0.25,0.19));
#2235 = DIRECTION('',(0.,0.,1.));
#2236 = DIRECTION('',(1.,0.,0.));
#2237 = ADVANCED_FACE('',(#2238),#2244,.T.);
#2238 = FACE_BOUND('',#2239,.T.);
#2239 = EDGE_LOOP('',(#2240,#2241,#2242,#2243));
#2240 = ORIENTED_EDGE('',*,*,#2131,.F.);
#2241 = ORIENTED_EDGE('',*,*,#2192,.T.);
#2242 = ORIENTED_EDGE('',*,*,#2171,.T.);
#2243 = ORIENTED_EDGE('',*,*,#2214,.F.);
#2244 = PLANE('',#2245);
#2245 = AXIS2_PLACEMENT_3D('',#2246,#2247,#2248);
#2246 = CARTESIAN_POINT('',(-0.89,-0.25,0.31));
#2247 = DIRECTION('',(0.,0.,1.));
#2248 = DIRECTION('',(1.,0.,0.));
#2249 = MANIFOLD_SOLID_BREP('',#2250);
#2250 = CLOSED_SHELL('',(#2251,#2291,#2331,#2353,#2375,#2387));
#2251 = ADVANCED_FACE('',(#2252),#2286,.F.);
#2252 = FACE_BOUND('',#2253,.F.);
#2253 = EDGE_LOOP('',(#2254,#2264,#2272,#2280));
#2254 = ORIENTED_EDGE('',*,*,#2255,.F.);
#2255 = EDGE_CURVE('',#2256,#2258,#2260,.T.);
#2256 = VERTEX_POINT('',#2257);
#2257 = CARTESIAN_POINT('',(-1.295,0.15,0.));
#2258 = VERTEX_POINT('',#2259);
#2259 = CARTESIAN_POINT('',(-1.295,0.15,0.1));
#2260 = LINE('',#2261,#2262);
#2261 = CARTESIAN_POINT('',(-1.295,0.15,0.));
#2262 = VECTOR('',#2263,1.);
#2263 = DIRECTION('',(0.,0.,1.));
#2264 = ORIENTED_EDGE('',*,*,#2265,.T.);
#2265 = EDGE_CURVE('',#2256,#2266,#2268,.T.);
#2266 = VERTEX_POINT('',#2267);
#2267 = CARTESIAN_POINT('',(-1.295,0.25,0.));
#2268 = LINE('',#2269,#2270);
#2269 = CARTESIAN_POINT('',(-1.295,0.15,0.));
#2270 = VECTOR('',#2271,1.);
#2271 = DIRECTION('',(0.,1.,0.));
#2272 = ORIENTED_EDGE('',*,*,#2273,.T.);
#2273 = EDGE_CURVE('',#2266,#2274,#2276,.T.);
#2274 = VERTEX_POINT('',#2275);
#2275 = CARTESIAN_POINT('',(-1.295,0.25,0.1));
#2276 = LINE('',#2277,#2278);
#2277 = CARTESIAN_POINT('',(-1.295,0.25,0.));
#2278 = VECTOR('',#2279,1.);
#2279 = DIRECTION('',(0.,0.,1.));
#2280 = ORIENTED_EDGE('',*,*,#2281,.F.);
#2281 = EDGE_CURVE('',#2258,#2274,#2282,.T.);
#2282 = LINE('',#2283,#2284);
#2283 = CARTESIAN_POINT('',(-1.295,0.15,0.1));
#2284 = VECTOR('',#2285,1.);
#2285 = DIRECTION('',(0.,1.,0.));
#2286 = PLANE('',#2287);
#2287 = AXIS2_PLACEMENT_3D('',#2288,#2289,#2290);
#2288 = CARTESIAN_POINT('',(-1.295,0.15,0.));
#2289 = DIRECTION('',(1.,0.,0.));
#2290 = DIRECTION('',(0.,0.,1.));
#2291 = ADVANCED_FACE('',(#2292),#2326,.T.);
#2292 = FACE_BOUND('',#2293,.T.);
#2293 = EDGE_LOOP('',(#2294,#2304,#2312,#2320));
#2294 = ORIENTED_EDGE('',*,*,#2295,.F.);
#2295 = EDGE_CURVE('',#2296,#2298,#2300,.T.);
#2296 = VERTEX_POINT('',#2297);
#2297 = CARTESIAN_POINT('',(-0.92,0.15,0.));
#2298 = VERTEX_POINT('',#2299);
#2299 = CARTESIAN_POINT('',(-0.92,0.15,0.1));
#2300 = LINE('',#2301,#2302);
#2301 = CARTESIAN_POINT('',(-0.92,0.15,0.));
#2302 = VECTOR('',#2303,1.);
#2303 = DIRECTION('',(0.,0.,1.));
#2304 = ORIENTED_EDGE('',*,*,#2305,.T.);
#2305 = EDGE_CURVE('',#2296,#2306,#2308,.T.);
#2306 = VERTEX_POINT('',#2307);
#2307 = CARTESIAN_POINT('',(-0.92,0.25,0.));
#2308 = LINE('',#2309,#2310);
#2309 = CARTESIAN_POINT('',(-0.92,0.15,0.));
#2310 = VECTOR('',#2311,1.);
#2311 = DIRECTION('',(0.,1.,0.));
#2312 = ORIENTED_EDGE('',*,*,#2313,.T.);
#2313 = EDGE_CURVE('',#2306,#2314,#2316,.T.);
#2314 = VERTEX_POINT('',#2315);
#2315 = CARTESIAN_POINT('',(-0.92,0.25,0.1));
#2316 = LINE('',#2317,#2318);
#2317 = CARTESIAN_POINT('',(-0.92,0.25,0.));
#2318 = VECTOR('',#2319,1.);
#2319 = DIRECTION('',(0.,0.,1.));
#2320 = ORIENTED_EDGE('',*,*,#2321,.F.);
#2321 = EDGE_CURVE('',#2298,#2314,#2322,.T.);
#2322 = LINE('',#2323,#2324);
#2323 = CARTESIAN_POINT('',(-0.92,0.15,0.1));
#2324 = VECTOR('',#2325,1.);
#2325 = DIRECTION('',(0.,1.,0.));
#2326 = PLANE('',#2327);
#2327 = AXIS2_PLACEMENT_3D('',#2328,#2329,#2330);
#2328 = CARTESIAN_POINT('',(-0.92,0.15,0.));
#2329 = DIRECTION('',(1.,0.,0.));
#2330 = DIRECTION('',(0.,0.,1.));
#2331 = ADVANCED_FACE('',(#2332),#2348,.F.);
#2332 = FACE_BOUND('',#2333,.F.);
#2333 = EDGE_LOOP('',(#2334,#2340,#2341,#2347));
#2334 = ORIENTED_EDGE('',*,*,#2335,.F.);
#2335 = EDGE_CURVE('',#2256,#2296,#2336,.T.);
#2336 = LINE('',#2337,#2338);
#2337 = CARTESIAN_POINT('',(-1.295,0.15,0.));
#2338 = VECTOR('',#2339,1.);
#2339 = DIRECTION('',(1.,0.,0.));
#2340 = ORIENTED_EDGE('',*,*,#2255,.T.);
#2341 = ORIENTED_EDGE('',*,*,#2342,.T.);
#2342 = EDGE_CURVE('',#2258,#2298,#2343,.T.);
#2343 = LINE('',#2344,#2345);
#2344 = CARTESIAN_POINT('',(-1.295,0.15,0.1));
#2345 = VECTOR('',#2346,1.);
#2346 = DIRECTION('',(1.,0.,0.));
#2347 = ORIENTED_EDGE('',*,*,#2295,.F.);
#2348 = PLANE('',#2349);
#2349 = AXIS2_PLACEMENT_3D('',#2350,#2351,#2352);
#2350 = CARTESIAN_POINT('',(-1.295,0.15,0.));
#2351 = DIRECTION('',(0.,1.,0.));
#2352 = DIRECTION('',(0.,0.,1.));
#2353 = ADVANCED_FACE('',(#2354),#2370,.T.);
#2354 = FACE_BOUND('',#2355,.T.);
#2355 = EDGE_LOOP('',(#2356,#2362,#2363,#2369));
#2356 = ORIENTED_EDGE('',*,*,#2357,.F.);
#2357 = EDGE_CURVE('',#2266,#2306,#2358,.T.);
#2358 = LINE('',#2359,#2360);
#2359 = CARTESIAN_POINT('',(-1.295,0.25,0.));
#2360 = VECTOR('',#2361,1.);
#2361 = DIRECTION('',(1.,0.,0.));
#2362 = ORIENTED_EDGE('',*,*,#2273,.T.);
#2363 = ORIENTED_EDGE('',*,*,#2364,.T.);
#2364 = EDGE_CURVE('',#2274,#2314,#2365,.T.);
#2365 = LINE('',#2366,#2367);
#2366 = CARTESIAN_POINT('',(-1.295,0.25,0.1));
#2367 = VECTOR('',#2368,1.);
#2368 = DIRECTION('',(1.,0.,0.));
#2369 = ORIENTED_EDGE('',*,*,#2313,.F.);
#2370 = PLANE('',#2371);
#2371 = AXIS2_PLACEMENT_3D('',#2372,#2373,#2374);
#2372 = CARTESIAN_POINT('',(-1.295,0.25,0.));
#2373 = DIRECTION('',(0.,1.,0.));
#2374 = DIRECTION('',(0.,0.,1.));
#2375 = ADVANCED_FACE('',(#2376),#2382,.F.);
#2376 = FACE_BOUND('',#2377,.F.);
#2377 = EDGE_LOOP('',(#2378,#2379,#2380,#2381));
#2378 = ORIENTED_EDGE('',*,*,#2265,.F.);
#2379 = ORIENTED_EDGE('',*,*,#2335,.T.);
#2380 = ORIENTED_EDGE('',*,*,#2305,.T.);
#2381 = ORIENTED_EDGE('',*,*,#2357,.F.);
#2382 = PLANE('',#2383);
#2383 = AXIS2_PLACEMENT_3D('',#2384,#2385,#2386);
#2384 = CARTESIAN_POINT('',(-1.295,0.15,0.));
#2385 = DIRECTION('',(0.,0.,1.));
#2386 = DIRECTION('',(1.,0.,0.));
#2387 = ADVANCED_FACE('',(#2388),#2394,.T.);
#2388 = FACE_BOUND('',#2389,.T.);
#2389 = EDGE_LOOP('',(#2390,#2391,#2392,#2393));
#2390 = ORIENTED_EDGE('',*,*,#2281,.F.);
#2391 = ORIENTED_EDGE('',*,*,#2342,.T.);
#2392 = ORIENTED_EDGE('',*,*,#2321,.T.);
#2393 = ORIENTED_EDGE('',*,*,#2364,.F.);
#2394 = PLANE('',#2395);
#2395 = AXIS2_PLACEMENT_3D('',#2396,#2397,#2398);
#2396 = CARTESIAN_POINT('',(-1.295,0.15,0.1));
#2397 = DIRECTION('',(0.,0.,1.));
#2398 = DIRECTION('',(1.,0.,0.));
#2399 = MANIFOLD_SOLID_BREP('',#2400);
#2400 = CLOSED_SHELL('',(#2401,#2441,#2481,#2503,#2525,#2537));
#2401 = ADVANCED_FACE('',(#2402),#2436,.F.);
#2402 = FACE_BOUND('',#2403,.F.);
#2403 = EDGE_LOOP('',(#2404,#2414,#2422,#2430));
#2404 = ORIENTED_EDGE('',*,*,#2405,.F.);
#2405 = EDGE_CURVE('',#2406,#2408,#2410,.T.);
#2406 = VERTEX_POINT('',#2407);
#2407 = CARTESIAN_POINT('',(-0.89,0.15,0.19));
#2408 = VERTEX_POINT('',#2409);
#2409 = CARTESIAN_POINT('',(-0.89,0.15,0.31));
#2410 = LINE('',#2411,#2412);
#2411 = CARTESIAN_POINT('',(-0.89,0.15,0.19));
#2412 = VECTOR('',#2413,1.);
#2413 = DIRECTION('',(0.,0.,1.));
#2414 = ORIENTED_EDGE('',*,*,#2415,.T.);
#2415 = EDGE_CURVE('',#2406,#2416,#2418,.T.);
#2416 = VERTEX_POINT('',#2417);
#2417 = CARTESIAN_POINT('',(-0.89,0.25,0.19));
#2418 = LINE('',#2419,#2420);
#2419 = CARTESIAN_POINT('',(-0.89,0.15,0.19));
#2420 = VECTOR('',#2421,1.);
#2421 = DIRECTION('',(0.,1.,0.));
#2422 = ORIENTED_EDGE('',*,*,#2423,.T.);
#2423 = EDGE_CURVE('',#2416,#2424,#2426,.T.);
#2424 = VERTEX_POINT('',#2425);
#2425 = CARTESIAN_POINT('',(-0.89,0.25,0.31));
#2426 = LINE('',#2427,#2428);
#2427 = CARTESIAN_POINT('',(-0.89,0.25,0.19));
#2428 = VECTOR('',#2429,1.);
#2429 = DIRECTION('',(0.,0.,1.));
#2430 = ORIENTED_EDGE('',*,*,#2431,.F.);
#2431 = EDGE_CURVE('',#2408,#2424,#2432,.T.);
#2432 = LINE('',#2433,#2434);
#2433 = CARTESIAN_POINT('',(-0.89,0.15,0.31));
#2434 = VECTOR('',#2435,1.);
#2435 = DIRECTION('',(0.,1.,0.));
#2436 = PLANE('',#2437);
#2437 = AXIS2_PLACEMENT_3D('',#2438,#2439,#2440);
#2438 = CARTESIAN_POINT('',(-0.89,0.15,0.19));
#2439 = DIRECTION('',(1.,0.,0.));
#2440 = DIRECTION('',(0.,0.,1.));
#2441 = ADVANCED_FACE('',(#2442),#2476,.T.);
#2442 = FACE_BOUND('',#2443,.T.);
#2443 = EDGE_LOOP('',(#2444,#2454,#2462,#2470));
#2444 = ORIENTED_EDGE('',*,*,#2445,.F.);
#2445 = EDGE_CURVE('',#2446,#2448,#2450,.T.);
#2446 = VERTEX_POINT('',#2447);
#2447 = CARTESIAN_POINT('',(-0.24,0.15,0.19));
#2448 = VERTEX_POINT('',#2449);
#2449 = CARTESIAN_POINT('',(-0.24,0.15,0.31));
#2450 = LINE('',#2451,#2452);
#2451 = CARTESIAN_POINT('',(-0.24,0.15,0.19));
#2452 = VECTOR('',#2453,1.);
#2453 = DIRECTION('',(0.,0.,1.));
#2454 = ORIENTED_EDGE('',*,*,#2455,.T.);
#2455 = EDGE_CURVE('',#2446,#2456,#2458,.T.);
#2456 = VERTEX_POINT('',#2457);
#2457 = CARTESIAN_POINT('',(-0.24,0.25,0.19));
#2458 = LINE('',#2459,#2460);
#2459 = CARTESIAN_POINT('',(-0.24,0.15,0.19));
#2460 = VECTOR('',#2461,1.);
#2461 = DIRECTION('',(0.,1.,0.));
#2462 = ORIENTED_EDGE('',*,*,#2463,.T.);
#2463 = EDGE_CURVE('',#2456,#2464,#2466,.T.);
#2464 = VERTEX_POINT('',#2465);
#2465 = CARTESIAN_POINT('',(-0.24,0.25,0.31));
#2466 = LINE('',#2467,#2468);
#2467 = CARTESIAN_POINT('',(-0.24,0.25,0.19));
#2468 = VECTOR('',#2469,1.);
#2469 = DIRECTION('',(0.,0.,1.));
#2470 = ORIENTED_EDGE('',*,*,#2471,.F.);
#2471 = EDGE_CURVE('',#2448,#2464,#2472,.T.);
#2472 = LINE('',#2473,#2474);
#2473 = CARTESIAN_POINT('',(-0.24,0.15,0.31));
#2474 = VECTOR('',#2475,1.);
#2475 = DIRECTION('',(0.,1.,0.));
#2476 = PLANE('',#2477);
#2477 = AXIS2_PLACEMENT_3D('',#2478,#2479,#2480);
#2478 = CARTESIAN_POINT('',(-0.24,0.15,0.19));
#2479 = DIRECTION('',(1.,0.,0.));
#2480 = DIRECTION('',(0.,0.,1.));
#2481 = ADVANCED_FACE('',(#2482),#2498,.F.);
#2482 = FACE_BOUND('',#2483,.F.);
#2483 = EDGE_LOOP('',(#2484,#2490,#2491,#2497));
#2484 = ORIENTED_EDGE('',*,*,#2485,.F.);
#2485 = EDGE_CURVE('',#2406,#2446,#2486,.T.);
#2486 = LINE('',#2487,#2488);
#2487 = CARTESIAN_POINT('',(-0.89,0.15,0.19));
#2488 = VECTOR('',#2489,1.);
#2489 = DIRECTION('',(1.,0.,0.));
#2490 = ORIENTED_EDGE('',*,*,#2405,.T.);
#2491 = ORIENTED_EDGE('',*,*,#2492,.T.);
#2492 = EDGE_CURVE('',#2408,#2448,#2493,.T.);
#2493 = LINE('',#2494,#2495);
#2494 = CARTESIAN_POINT('',(-0.89,0.15,0.31));
#2495 = VECTOR('',#2496,1.);
#2496 = DIRECTION('',(1.,0.,0.));
#2497 = ORIENTED_EDGE('',*,*,#2445,.F.);
#2498 = PLANE('',#2499);
#2499 = AXIS2_PLACEMENT_3D('',#2500,#2501,#2502);
#2500 = CARTESIAN_POINT('',(-0.89,0.15,0.19));
#2501 = DIRECTION('',(0.,1.,0.));
#2502 = DIRECTION('',(0.,0.,1.));
#2503 = ADVANCED_FACE('',(#2504),#2520,.T.);
#2504 = FACE_BOUND('',#2505,.T.);
#2505 = EDGE_LOOP('',(#2506,#2512,#2513,#2519));
#2506 = ORIENTED_EDGE('',*,*,#2507,.F.);
#2507 = EDGE_CURVE('',#2416,#2456,#2508,.T.);
#2508 = LINE('',#2509,#2510);
#2509 = CARTESIAN_POINT('',(-0.89,0.25,0.19));
#2510 = VECTOR('',#2511,1.);
#2511 = DIRECTION('',(1.,0.,0.));
#2512 = ORIENTED_EDGE('',*,*,#2423,.T.);
#2513 = ORIENTED_EDGE('',*,*,#2514,.T.);
#2514 = EDGE_CURVE('',#2424,#2464,#2515,.T.);
#2515 = LINE('',#2516,#2517);
#2516 = CARTESIAN_POINT('',(-0.89,0.25,0.31));
#2517 = VECTOR('',#2518,1.);
#2518 = DIRECTION('',(1.,0.,0.));
#2519 = ORIENTED_EDGE('',*,*,#2463,.F.);
#2520 = PLANE('',#2521);
#2521 = AXIS2_PLACEMENT_3D('',#2522,#2523,#2524);
#2522 = CARTESIAN_POINT('',(-0.89,0.25,0.19));
#2523 = DIRECTION('',(0.,1.,0.));
#2524 = DIRECTION('',(0.,0.,1.));
#2525 = ADVANCED_FACE('',(#2526),#2532,.F.);
#2526 = FACE_BOUND('',#2527,.F.);
#2527 = EDGE_LOOP('',(#2528,#2529,#2530,#2531));
#2528 = ORIENTED_EDGE('',*,*,#2415,.F.);
#2529 = ORIENTED_EDGE('',*,*,#2485,.T.);
#2530 = ORIENTED_EDGE('',*,*,#2455,.T.);
#2531 = ORIENTED_EDGE('',*,*,#2507,.F.);
#2532 = PLANE('',#2533);
#2533 = AXIS2_PLACEMENT_3D('',#2534,#2535,#2536);
#2534 = CARTESIAN_POINT('',(-0.89,0.15,0.19));
#2535 = DIRECTION('',(0.,0.,1.));
#2536 = DIRECTION('',(1.,0.,0.));
#2537 = ADVANCED_FACE('',(#2538),#2544,.T.);
#2538 = FACE_BOUND('',#2539,.T.);
#2539 = EDGE_LOOP('',(#2540,#2541,#2542,#2543));
#2540 = ORIENTED_EDGE('',*,*,#2431,.F.);
#2541 = ORIENTED_EDGE('',*,*,#2492,.T.);
#2542 = ORIENTED_EDGE('',*,*,#2471,.T.);
#2543 = ORIENTED_EDGE('',*,*,#2514,.F.);
#2544 = PLANE('',#2545);
#2545 = AXIS2_PLACEMENT_3D('',#2546,#2547,#2548);
#2546 = CARTESIAN_POINT('',(-0.89,0.15,0.31));
#2547 = DIRECTION('',(0.,0.,1.));
#2548 = DIRECTION('',(1.,0.,0.));
#2549 = MANIFOLD_SOLID_BREP('',#2550);
#2550 = CLOSED_SHELL('',(#2551,#2591,#2631,#2653,#2675,#2687));
#2551 = ADVANCED_FACE('',(#2552),#2586,.F.);
#2552 = FACE_BOUND('',#2553,.F.);
#2553 = EDGE_LOOP('',(#2554,#2564,#2572,#2580));
#2554 = ORIENTED_EDGE('',*,*,#2555,.F.);
#2555 = EDGE_CURVE('',#2556,#2558,#2560,.T.);
#2556 = VERTEX_POINT('',#2557);
#2557 = CARTESIAN_POINT('',(-1.295,0.55,0.));
#2558 = VERTEX_POINT('',#2559);
#2559 = CARTESIAN_POINT('',(-1.295,0.55,0.1));
#2560 = LINE('',#2561,#2562);
#2561 = CARTESIAN_POINT('',(-1.295,0.55,0.));
#2562 = VECTOR('',#2563,1.);
#2563 = DIRECTION('',(0.,0.,1.));
#2564 = ORIENTED_EDGE('',*,*,#2565,.T.);
#2565 = EDGE_CURVE('',#2556,#2566,#2568,.T.);
#2566 = VERTEX_POINT('',#2567);
#2567 = CARTESIAN_POINT('',(-1.295,0.65,0.));
#2568 = LINE('',#2569,#2570);
#2569 = CARTESIAN_POINT('',(-1.295,0.55,0.));
#2570 = VECTOR('',#2571,1.);
#2571 = DIRECTION('',(0.,1.,0.));
#2572 = ORIENTED_EDGE('',*,*,#2573,.T.);
#2573 = EDGE_CURVE('',#2566,#2574,#2576,.T.);
#2574 = VERTEX_POINT('',#2575);
#2575 = CARTESIAN_POINT('',(-1.295,0.65,0.1));
#2576 = LINE('',#2577,#2578);
#2577 = CARTESIAN_POINT('',(-1.295,0.65,0.));
#2578 = VECTOR('',#2579,1.);
#2579 = DIRECTION('',(0.,0.,1.));
#2580 = ORIENTED_EDGE('',*,*,#2581,.F.);
#2581 = EDGE_CURVE('',#2558,#2574,#2582,.T.);
#2582 = LINE('',#2583,#2584);
#2583 = CARTESIAN_POINT('',(-1.295,0.55,0.1));
#2584 = VECTOR('',#2585,1.);
#2585 = DIRECTION('',(0.,1.,0.));
#2586 = PLANE('',#2587);
#2587 = AXIS2_PLACEMENT_3D('',#2588,#2589,#2590);
#2588 = CARTESIAN_POINT('',(-1.295,0.55,0.));
#2589 = DIRECTION('',(1.,0.,0.));
#2590 = DIRECTION('',(0.,0.,1.));
#2591 = ADVANCED_FACE('',(#2592),#2626,.T.);
#2592 = FACE_BOUND('',#2593,.T.);
#2593 = EDGE_LOOP('',(#2594,#2604,#2612,#2620));
#2594 = ORIENTED_EDGE('',*,*,#2595,.F.);
#2595 = EDGE_CURVE('',#2596,#2598,#2600,.T.);
#2596 = VERTEX_POINT('',#2597);
#2597 = CARTESIAN_POINT('',(-0.92,0.55,0.));
#2598 = VERTEX_POINT('',#2599);
#2599 = CARTESIAN_POINT('',(-0.92,0.55,0.1));
#2600 = LINE('',#2601,#2602);
#2601 = CARTESIAN_POINT('',(-0.92,0.55,0.));
#2602 = VECTOR('',#2603,1.);
#2603 = DIRECTION('',(0.,0.,1.));
#2604 = ORIENTED_EDGE('',*,*,#2605,.T.);
#2605 = EDGE_CURVE('',#2596,#2606,#2608,.T.);
#2606 = VERTEX_POINT('',#2607);
#2607 = CARTESIAN_POINT('',(-0.92,0.65,0.));
#2608 = LINE('',#2609,#2610);
#2609 = CARTESIAN_POINT('',(-0.92,0.55,0.));
#2610 = VECTOR('',#2611,1.);
#2611 = DIRECTION('',(0.,1.,0.));
#2612 = ORIENTED_EDGE('',*,*,#2613,.T.);
#2613 = EDGE_CURVE('',#2606,#2614,#2616,.T.);
#2614 = VERTEX_POINT('',#2615);
#2615 = CARTESIAN_POINT('',(-0.92,0.65,0.1));
#2616 = LINE('',#2617,#2618);
#2617 = CARTESIAN_POINT('',(-0.92,0.65,0.));
#2618 = VECTOR('',#2619,1.);
#2619 = DIRECTION('',(0.,0.,1.));
#2620 = ORIENTED_EDGE('',*,*,#2621,.F.);
#2621 = EDGE_CURVE('',#2598,#2614,#2622,.T.);
#2622 = LINE('',#2623,#2624);
#2623 = CARTESIAN_POINT('',(-0.92,0.55,0.1));
#2624 = VECTOR('',#2625,1.);
#2625 = DIRECTION('',(0.,1.,0.));
#2626 = PLANE('',#2627);
#2627 = AXIS2_PLACEMENT_3D('',#2628,#2629,#2630);
#2628 = CARTESIAN_POINT('',(-0.92,0.55,0.));
#2629 = DIRECTION('',(1.,0.,0.));
#2630 = DIRECTION('',(0.,0.,1.));
#2631 = ADVANCED_FACE('',(#2632),#2648,.F.);
#2632 = FACE_BOUND('',#2633,.F.);
#2633 = EDGE_LOOP('',(#2634,#2640,#2641,#2647));
#2634 = ORIENTED_EDGE('',*,*,#2635,.F.);
#2635 = EDGE_CURVE('',#2556,#2596,#2636,.T.);
#2636 = LINE('',#2637,#2638);
#2637 = CARTESIAN_POINT('',(-1.295,0.55,0.));
#2638 = VECTOR('',#2639,1.);
#2639 = DIRECTION('',(1.,0.,0.));
#2640 = ORIENTED_EDGE('',*,*,#2555,.T.);
#2641 = ORIENTED_EDGE('',*,*,#2642,.T.);
#2642 = EDGE_CURVE('',#2558,#2598,#2643,.T.);
#2643 = LINE('',#2644,#2645);
#2644 = CARTESIAN_POINT('',(-1.295,0.55,0.1));
#2645 = VECTOR('',#2646,1.);
#2646 = DIRECTION('',(1.,0.,0.));
#2647 = ORIENTED_EDGE('',*,*,#2595,.F.);
#2648 = PLANE('',#2649);
#2649 = AXIS2_PLACEMENT_3D('',#2650,#2651,#2652);
#2650 = CARTESIAN_POINT('',(-1.295,0.55,0.));
#2651 = DIRECTION('',(0.,1.,0.));
#2652 = DIRECTION('',(0.,0.,1.));
#2653 = ADVANCED_FACE('',(#2654),#2670,.T.);
#2654 = FACE_BOUND('',#2655,.T.);
#2655 = EDGE_LOOP('',(#2656,#2662,#2663,#2669));
#2656 = ORIENTED_EDGE('',*,*,#2657,.F.);
#2657 = EDGE_CURVE('',#2566,#2606,#2658,.T.);
#2658 = LINE('',#2659,#2660);
#2659 = CARTESIAN_POINT('',(-1.295,0.65,0.));
#2660 = VECTOR('',#2661,1.);
#2661 = DIRECTION('',(1.,0.,0.));
#2662 = ORIENTED_EDGE('',*,*,#2573,.T.);
#2663 = ORIENTED_EDGE('',*,*,#2664,.T.);
#2664 = EDGE_CURVE('',#2574,#2614,#2665,.T.);
#2665 = LINE('',#2666,#2667);
#2666 = CARTESIAN_POINT('',(-1.295,0.65,0.1));
#2667 = VECTOR('',#2668,1.);
#2668 = DIRECTION('',(1.,0.,0.));
#2669 = ORIENTED_EDGE('',*,*,#2613,.F.);
#2670 = PLANE('',#2671);
#2671 = AXIS2_PLACEMENT_3D('',#2672,#2673,#2674);
#2672 = CARTESIAN_POINT('',(-1.295,0.65,0.));
#2673 = DIRECTION('',(0.,1.,0.));
#2674 = DIRECTION('',(0.,0.,1.));
#2675 = ADVANCED_FACE('',(#2676),#2682,.F.);
#2676 = FACE_BOUND('',#2677,.F.);
#2677 = EDGE_LOOP('',(#2678,#2679,#2680,#2681));
#2678 = ORIENTED_EDGE('',*,*,#2565,.F.);
#2679 = ORIENTED_EDGE('',*,*,#2635,.T.);
#2680 = ORIENTED_EDGE('',*,*,#2605,.T.);
#2681 = ORIENTED_EDGE('',*,*,#2657,.F.);
#2682 = PLANE('',#2683);
#2683 = AXIS2_PLACEMENT_3D('',#2684,#2685,#2686);
#2684 = CARTESIAN_POINT('',(-1.295,0.55,0.));
#2685 = DIRECTION('',(0.,0.,1.));
#2686 = DIRECTION('',(1.,0.,0.));
#2687 = ADVANCED_FACE('',(#2688),#2694,.T.);
#2688 = FACE_BOUND('',#2689,.T.);
#2689 = EDGE_LOOP('',(#2690,#2691,#2692,#2693));
#2690 = ORIENTED_EDGE('',*,*,#2581,.F.);
#2691 = ORIENTED_EDGE('',*,*,#2642,.T.);
#2692 = ORIENTED_EDGE('',*,*,#2621,.T.);
#2693 = ORIENTED_EDGE('',*,*,#2664,.F.);
#2694 = PLANE('',#2695);
#2695 = AXIS2_PLACEMENT_3D('',#2696,#2697,#2698);
#2696 = CARTESIAN_POINT('',(-1.295,0.55,0.1));
#2697 = DIRECTION('',(0.,0.,1.));
#2698 = DIRECTION('',(1.,0.,0.));
#2699 = MANIFOLD_SOLID_BREP('',#2700);
#2700 = CLOSED_SHELL('',(#2701,#2741,#2781,#2803,#2825,#2837));
#2701 = ADVANCED_FACE('',(#2702),#2736,.F.);
#2702 = FACE_BOUND('',#2703,.F.);
#2703 = EDGE_LOOP('',(#2704,#2714,#2722,#2730));
#2704 = ORIENTED_EDGE('',*,*,#2705,.F.);
#2705 = EDGE_CURVE('',#2706,#2708,#2710,.T.);
#2706 = VERTEX_POINT('',#2707);
#2707 = CARTESIAN_POINT('',(-0.89,0.55,0.19));
#2708 = VERTEX_POINT('',#2709);
#2709 = CARTESIAN_POINT('',(-0.89,0.55,0.31));
#2710 = LINE('',#2711,#2712);
#2711 = CARTESIAN_POINT('',(-0.89,0.55,0.19));
#2712 = VECTOR('',#2713,1.);
#2713 = DIRECTION('',(0.,0.,1.));
#2714 = ORIENTED_EDGE('',*,*,#2715,.T.);
#2715 = EDGE_CURVE('',#2706,#2716,#2718,.T.);
#2716 = VERTEX_POINT('',#2717);
#2717 = CARTESIAN_POINT('',(-0.89,0.65,0.19));
#2718 = LINE('',#2719,#2720);
#2719 = CARTESIAN_POINT('',(-0.89,0.55,0.19));
#2720 = VECTOR('',#2721,1.);
#2721 = DIRECTION('',(0.,1.,0.));
#2722 = ORIENTED_EDGE('',*,*,#2723,.T.);
#2723 = EDGE_CURVE('',#2716,#2724,#2726,.T.);
#2724 = VERTEX_POINT('',#2725);
#2725 = CARTESIAN_POINT('',(-0.89,0.65,0.31));
#2726 = LINE('',#2727,#2728);
#2727 = CARTESIAN_POINT('',(-0.89,0.65,0.19));
#2728 = VECTOR('',#2729,1.);
#2729 = DIRECTION('',(0.,0.,1.));
#2730 = ORIENTED_EDGE('',*,*,#2731,.F.);
#2731 = EDGE_CURVE('',#2708,#2724,#2732,.T.);
#2732 = LINE('',#2733,#2734);
#2733 = CARTESIAN_POINT('',(-0.89,0.55,0.31));
#2734 = VECTOR('',#2735,1.);
#2735 = DIRECTION('',(0.,1.,0.));
#2736 = PLANE('',#2737);
#2737 = AXIS2_PLACEMENT_3D('',#2738,#2739,#2740);
#2738 = CARTESIAN_POINT('',(-0.89,0.55,0.19));
#2739 = DIRECTION('',(1.,0.,0.));
#2740 = DIRECTION('',(0.,0.,1.));
#2741 = ADVANCED_FACE('',(#2742),#2776,.T.);
#2742 = FACE_BOUND('',#2743,.T.);
#2743 = EDGE_LOOP('',(#2744,#2754,#2762,#2770));
#2744 = ORIENTED_EDGE('',*,*,#2745,.F.);
#2745 = EDGE_CURVE('',#2746,#2748,#2750,.T.);
#2746 = VERTEX_POINT('',#2747);
#2747 = CARTESIAN_POINT('',(-0.24,0.55,0.19));
#2748 = VERTEX_POINT('',#2749);
#2749 = CARTESIAN_POINT('',(-0.24,0.55,0.31));
#2750 = LINE('',#2751,#2752);
#2751 = CARTESIAN_POINT('',(-0.24,0.55,0.19));
#2752 = VECTOR('',#2753,1.);
#2753 = DIRECTION('',(0.,0.,1.));
#2754 = ORIENTED_EDGE('',*,*,#2755,.T.);
#2755 = EDGE_CURVE('',#2746,#2756,#2758,.T.);
#2756 = VERTEX_POINT('',#2757);
#2757 = CARTESIAN_POINT('',(-0.24,0.65,0.19));
#2758 = LINE('',#2759,#2760);
#2759 = CARTESIAN_POINT('',(-0.24,0.55,0.19));
#2760 = VECTOR('',#2761,1.);
#2761 = DIRECTION('',(0.,1.,0.));
#2762 = ORIENTED_EDGE('',*,*,#2763,.T.);
#2763 = EDGE_CURVE('',#2756,#2764,#2766,.T.);
#2764 = VERTEX_POINT('',#2765);
#2765 = CARTESIAN_POINT('',(-0.24,0.65,0.31));
#2766 = LINE('',#2767,#2768);
#2767 = CARTESIAN_POINT('',(-0.24,0.65,0.19));
#2768 = VECTOR('',#2769,1.);
#2769 = DIRECTION('',(0.,0.,1.));
#2770 = ORIENTED_EDGE('',*,*,#2771,.F.);
#2771 = EDGE_CURVE('',#2748,#2764,#2772,.T.);
#2772 = LINE('',#2773,#2774);
#2773 = CARTESIAN_POINT('',(-0.24,0.55,0.31));
#2774 = VECTOR('',#2775,1.);
#2775 = DIRECTION('',(0.,1.,0.));
#2776 = PLANE('',#2777);
#2777 = AXIS2_PLACEMENT_3D('',#2778,#2779,#2780);
#2778 = CARTESIAN_POINT('',(-0.24,0.55,0.19));
#2779 = DIRECTION('',(1.,0.,0.));
#2780 = DIRECTION('',(0.,0.,1.));
#2781 = ADVANCED_FACE('',(#2782),#2798,.F.);
#2782 = FACE_BOUND('',#2783,.F.);
#2783 = EDGE_LOOP('',(#2784,#2790,#2791,#2797));
#2784 = ORIENTED_EDGE('',*,*,#2785,.F.);
#2785 = EDGE_CURVE('',#2706,#2746,#2786,.T.);
#2786 = LINE('',#2787,#2788);
#2787 = CARTESIAN_POINT('',(-0.89,0.55,0.19));
#2788 = VECTOR('',#2789,1.);
#2789 = DIRECTION('',(1.,0.,0.));
#2790 = ORIENTED_EDGE('',*,*,#2705,.T.);
#2791 = ORIENTED_EDGE('',*,*,#2792,.T.);
#2792 = EDGE_CURVE('',#2708,#2748,#2793,.T.);
#2793 = LINE('',#2794,#2795);
#2794 = CARTESIAN_POINT('',(-0.89,0.55,0.31));
#2795 = VECTOR('',#2796,1.);
#2796 = DIRECTION('',(1.,0.,0.));
#2797 = ORIENTED_EDGE('',*,*,#2745,.F.);
#2798 = PLANE('',#2799);
#2799 = AXIS2_PLACEMENT_3D('',#2800,#2801,#2802);
#2800 = CARTESIAN_POINT('',(-0.89,0.55,0.19));
#2801 = DIRECTION('',(0.,1.,0.));
#2802 = DIRECTION('',(0.,0.,1.));
#2803 = ADVANCED_FACE('',(#2804),#2820,.T.);
#2804 = FACE_BOUND('',#2805,.T.);
#2805 = EDGE_LOOP('',(#2806,#2812,#2813,#2819));
#2806 = ORIENTED_EDGE('',*,*,#2807,.F.);
#2807 = EDGE_CURVE('',#2716,#2756,#2808,.T.);
#2808 = LINE('',#2809,#2810);
#2809 = CARTESIAN_POINT('',(-0.89,0.65,0.19));
#2810 = VECTOR('',#2811,1.);
#2811 = DIRECTION('',(1.,0.,0.));
#2812 = ORIENTED_EDGE('',*,*,#2723,.T.);
#2813 = ORIENTED_EDGE('',*,*,#2814,.T.);
#2814 = EDGE_CURVE('',#2724,#2764,#2815,.T.);
#2815 = LINE('',#2816,#2817);
#2816 = CARTESIAN_POINT('',(-0.89,0.65,0.31));
#2817 = VECTOR('',#2818,1.);
#2818 = DIRECTION('',(1.,0.,0.));
#2819 = ORIENTED_EDGE('',*,*,#2763,.F.);
#2820 = PLANE('',#2821);
#2821 = AXIS2_PLACEMENT_3D('',#2822,#2823,#2824);
#2822 = CARTESIAN_POINT('',(-0.89,0.65,0.19));
#2823 = DIRECTION('',(0.,1.,0.));
#2824 = DIRECTION('',(0.,0.,1.));
#2825 = ADVANCED_FACE('',(#2826),#2832,.F.);
#2826 = FACE_BOUND('',#2827,.F.);
#2827 = EDGE_LOOP('',(#2828,#2829,#2830,#2831));
#2828 = ORIENTED_EDGE('',*,*,#2715,.F.);
#2829 = ORIENTED_EDGE('',*,*,#2785,.T.);
#2830 = ORIENTED_EDGE('',*,*,#2755,.T.);
#2831 = ORIENTED_EDGE('',*,*,#2807,.F.);
#2832 = PLANE('',#2833);
#2833 = AXIS2_PLACEMENT_3D('',#2834,#2835,#2836);
#2834 = CARTESIAN_POINT('',(-0.89,0.55,0.19));
#2835 = DIRECTION('',(0.,0.,1.));
#2836 = DIRECTION('',(1.,0.,0.));
#2837 = ADVANCED_FACE('',(#2838),#2844,.T.);
#2838 = FACE_BOUND('',#2839,.T.);
#2839 = EDGE_LOOP('',(#2840,#2841,#2842,#2843));
#2840 = ORIENTED_EDGE('',*,*,#2731,.F.);
#2841 = ORIENTED_EDGE('',*,*,#2792,.T.);
#2842 = ORIENTED_EDGE('',*,*,#2771,.T.);
#2843 = ORIENTED_EDGE('',*,*,#2814,.F.);
#2844 = PLANE('',#2845);
#2845 = AXIS2_PLACEMENT_3D('',#2846,#2847,#2848);
#2846 = CARTESIAN_POINT('',(-0.89,0.55,0.31));
#2847 = DIRECTION('',(0.,0.,1.));
#2848 = DIRECTION('',(1.,0.,0.));
#2849 = MANIFOLD_SOLID_BREP('',#2850);
#2850 = CLOSED_SHELL('',(#2851,#2891,#2931,#2953,#2975,#2987));
#2851 = ADVANCED_FACE('',(#2852),#2886,.F.);
#2852 = FACE_BOUND('',#2853,.F.);
#2853 = EDGE_LOOP('',(#2854,#2864,#2872,#2880));
#2854 = ORIENTED_EDGE('',*,*,#2855,.F.);
#2855 = EDGE_CURVE('',#2856,#2858,#2860,.T.);
#2856 = VERTEX_POINT('',#2857);
#2857 = CARTESIAN_POINT('',(-1.295,0.95,0.));
#2858 = VERTEX_POINT('',#2859);
#2859 = CARTESIAN_POINT('',(-1.295,0.95,0.1));
#2860 = LINE('',#2861,#2862);
#2861 = CARTESIAN_POINT('',(-1.295,0.95,0.));
#2862 = VECTOR('',#2863,1.);
#2863 = DIRECTION('',(0.,0.,1.));
#2864 = ORIENTED_EDGE('',*,*,#2865,.T.);
#2865 = EDGE_CURVE('',#2856,#2866,#2868,.T.);
#2866 = VERTEX_POINT('',#2867);
#2867 = CARTESIAN_POINT('',(-1.295,1.05,0.));
#2868 = LINE('',#2869,#2870);
#2869 = CARTESIAN_POINT('',(-1.295,0.95,0.));
#2870 = VECTOR('',#2871,1.);
#2871 = DIRECTION('',(0.,1.,0.));
#2872 = ORIENTED_EDGE('',*,*,#2873,.T.);
#2873 = EDGE_CURVE('',#2866,#2874,#2876,.T.);
#2874 = VERTEX_POINT('',#2875);
#2875 = CARTESIAN_POINT('',(-1.295,1.05,0.1));
#2876 = LINE('',#2877,#2878);
#2877 = CARTESIAN_POINT('',(-1.295,1.05,0.));
#2878 = VECTOR('',#2879,1.);
#2879 = DIRECTION('',(0.,0.,1.));
#2880 = ORIENTED_EDGE('',*,*,#2881,.F.);
#2881 = EDGE_CURVE('',#2858,#2874,#2882,.T.);
#2882 = LINE('',#2883,#2884);
#2883 = CARTESIAN_POINT('',(-1.295,0.95,0.1));
#2884 = VECTOR('',#2885,1.);
#2885 = DIRECTION('',(0.,1.,0.));
#2886 = PLANE('',#2887);
#2887 = AXIS2_PLACEMENT_3D('',#2888,#2889,#2890);
#2888 = CARTESIAN_POINT('',(-1.295,0.95,0.));
#2889 = DIRECTION('',(1.,0.,0.));
#2890 = DIRECTION('',(0.,0.,1.));
#2891 = ADVANCED_FACE('',(#2892),#2926,.T.);
#2892 = FACE_BOUND('',#2893,.T.);
#2893 = EDGE_LOOP('',(#2894,#2904,#2912,#2920));
#2894 = ORIENTED_EDGE('',*,*,#2895,.F.);
#2895 = EDGE_CURVE('',#2896,#2898,#2900,.T.);
#2896 = VERTEX_POINT('',#2897);
#2897 = CARTESIAN_POINT('',(-0.92,0.95,0.));
#2898 = VERTEX_POINT('',#2899);
#2899 = CARTESIAN_POINT('',(-0.92,0.95,0.1));
#2900 = LINE('',#2901,#2902);
#2901 = CARTESIAN_POINT('',(-0.92,0.95,0.));
#2902 = VECTOR('',#2903,1.);
#2903 = DIRECTION('',(0.,0.,1.));
#2904 = ORIENTED_EDGE('',*,*,#2905,.T.);
#2905 = EDGE_CURVE('',#2896,#2906,#2908,.T.);
#2906 = VERTEX_POINT('',#2907);
#2907 = CARTESIAN_POINT('',(-0.92,1.05,0.));
#2908 = LINE('',#2909,#2910);
#2909 = CARTESIAN_POINT('',(-0.92,0.95,0.));
#2910 = VECTOR('',#2911,1.);
#2911 = DIRECTION('',(0.,1.,0.));
#2912 = ORIENTED_EDGE('',*,*,#2913,.T.);
#2913 = EDGE_CURVE('',#2906,#2914,#2916,.T.);
#2914 = VERTEX_POINT('',#2915);
#2915 = CARTESIAN_POINT('',(-0.92,1.05,0.1));
#2916 = LINE('',#2917,#2918);
#2917 = CARTESIAN_POINT('',(-0.92,1.05,0.));
#2918 = VECTOR('',#2919,1.);
#2919 = DIRECTION('',(0.,0.,1.));
#2920 = ORIENTED_EDGE('',*,*,#2921,.F.);
#2921 = EDGE_CURVE('',#2898,#2914,#2922,.T.);
#2922 = LINE('',#2923,#2924);
#2923 = CARTESIAN_POINT('',(-0.92,0.95,0.1));
#2924 = VECTOR('',#2925,1.);
#2925 = DIRECTION('',(0.,1.,0.));
#2926 = PLANE('',#2927);
#2927 = AXIS2_PLACEMENT_3D('',#2928,#2929,#2930);
#2928 = CARTESIAN_POINT('',(-0.92,0.95,0.));
#2929 = DIRECTION('',(1.,0.,0.));
#2930 = DIRECTION('',(0.,0.,1.));
#2931 = ADVANCED_FACE('',(#2932),#2948,.F.);
#2932 = FACE_BOUND('',#2933,.F.);
#2933 = EDGE_LOOP('',(#2934,#2940,#2941,#2947));
#2934 = ORIENTED_EDGE('',*,*,#2935,.F.);
#2935 = EDGE_CURVE('',#2856,#2896,#2936,.T.);
#2936 = LINE('',#2937,#2938);
#2937 = CARTESIAN_POINT('',(-1.295,0.95,0.));
#2938 = VECTOR('',#2939,1.);
#2939 = DIRECTION('',(1.,0.,0.));
#2940 = ORIENTED_EDGE('',*,*,#2855,.T.);
#2941 = ORIENTED_EDGE('',*,*,#2942,.T.);
#2942 = EDGE_CURVE('',#2858,#2898,#2943,.T.);
#2943 = LINE('',#2944,#2945);
#2944 = CARTESIAN_POINT('',(-1.295,0.95,0.1));
#2945 = VECTOR('',#2946,1.);
#2946 = DIRECTION('',(1.,0.,0.));
#2947 = ORIENTED_EDGE('',*,*,#2895,.F.);
#2948 = PLANE('',#2949);
#2949 = AXIS2_PLACEMENT_3D('',#2950,#2951,#2952);
#2950 = CARTESIAN_POINT('',(-1.295,0.95,0.));
#2951 = DIRECTION('',(0.,1.,0.));
#2952 = DIRECTION('',(0.,0.,1.));
#2953 = ADVANCED_FACE('',(#2954),#2970,.T.);
#2954 = FACE_BOUND('',#2955,.T.);
#2955 = EDGE_LOOP('',(#2956,#2962,#2963,#2969));
#2956 = ORIENTED_EDGE('',*,*,#2957,.F.);
#2957 = EDGE_CURVE('',#2866,#2906,#2958,.T.);
#2958 = LINE('',#2959,#2960);
#2959 = CARTESIAN_POINT('',(-1.295,1.05,0.));
#2960 = VECTOR('',#2961,1.);
#2961 = DIRECTION('',(1.,0.,0.));
#2962 = ORIENTED_EDGE('',*,*,#2873,.T.);
#2963 = ORIENTED_EDGE('',*,*,#2964,.T.);
#2964 = EDGE_CURVE('',#2874,#2914,#2965,.T.);
#2965 = LINE('',#2966,#2967);
#2966 = CARTESIAN_POINT('',(-1.295,1.05,0.1));
#2967 = VECTOR('',#2968,1.);
#2968 = DIRECTION('',(1.,0.,0.));
#2969 = ORIENTED_EDGE('',*,*,#2913,.F.);
#2970 = PLANE('',#2971);
#2971 = AXIS2_PLACEMENT_3D('',#2972,#2973,#2974);
#2972 = CARTESIAN_POINT('',(-1.295,1.05,0.));
#2973 = DIRECTION('',(0.,1.,0.));
#2974 = DIRECTION('',(0.,0.,1.));
#2975 = ADVANCED_FACE('',(#2976),#2982,.F.);
#2976 = FACE_BOUND('',#2977,.F.);
#2977 = EDGE_LOOP('',(#2978,#2979,#2980,#2981));
#2978 = ORIENTED_EDGE('',*,*,#2865,.F.);
#2979 = ORIENTED_EDGE('',*,*,#2935,.T.);
#2980 = ORIENTED_EDGE('',*,*,#2905,.T.);
#2981 = ORIENTED_EDGE('',*,*,#2957,.F.);
#2982 = PLANE('',#2983);
#2983 = AXIS2_PLACEMENT_3D('',#2984,#2985,#2986);
#2984 = CARTESIAN_POINT('',(-1.295,0.95,0.));
#2985 = DIRECTION('',(0.,0.,1.));
#2986 = DIRECTION('',(1.,0.,0.));
#2987 = ADVANCED_FACE('',(#2988),#2994,.T.);
#2988 = FACE_BOUND('',#2989,.T.);
#2989 = EDGE_LOOP('',(#2990,#2991,#2992,#2993));
#2990 = ORIENTED_EDGE('',*,*,#2881,.F.);
#2991 = ORIENTED_EDGE('',*,*,#2942,.T.);
#2992 = ORIENTED_EDGE('',*,*,#2921,.T.);
#2993 = ORIENTED_EDGE('',*,*,#2964,.F.);
#2994 = PLANE('',#2995);
#2995 = AXIS2_PLACEMENT_3D('',#2996,#2997,#2998);
#2996 = CARTESIAN_POINT('',(-1.295,0.95,0.1));
#2997 = DIRECTION('',(0.,0.,1.));
#2998 = DIRECTION('',(1.,0.,0.));
#2999 = MANIFOLD_SOLID_BREP('',#3000);
#3000 = CLOSED_SHELL('',(#3001,#3041,#3081,#3103,#3125,#3137));
#3001 = ADVANCED_FACE('',(#3002),#3036,.F.);
#3002 = FACE_BOUND('',#3003,.F.);
#3003 = EDGE_LOOP('',(#3004,#3014,#3022,#3030));
#3004 = ORIENTED_EDGE('',*,*,#3005,.F.);
#3005 = EDGE_CURVE('',#3006,#3008,#3010,.T.);
#3006 = VERTEX_POINT('',#3007);
#3007 = CARTESIAN_POINT('',(-0.89,0.95,0.19));
#3008 = VERTEX_POINT('',#3009);
#3009 = CARTESIAN_POINT('',(-0.89,0.95,0.31));
#3010 = LINE('',#3011,#3012);
#3011 = CARTESIAN_POINT('',(-0.89,0.95,0.19));
#3012 = VECTOR('',#3013,1.);
#3013 = DIRECTION('',(0.,0.,1.));
#3014 = ORIENTED_EDGE('',*,*,#3015,.T.);
#3015 = EDGE_CURVE('',#3006,#3016,#3018,.T.);
#3016 = VERTEX_POINT('',#3017);
#3017 = CARTESIAN_POINT('',(-0.89,1.05,0.19));
#3018 = LINE('',#3019,#3020);
#3019 = CARTESIAN_POINT('',(-0.89,0.95,0.19));
#3020 = VECTOR('',#3021,1.);
#3021 = DIRECTION('',(0.,1.,0.));
#3022 = ORIENTED_EDGE('',*,*,#3023,.T.);
#3023 = EDGE_CURVE('',#3016,#3024,#3026,.T.);
#3024 = VERTEX_POINT('',#3025);
#3025 = CARTESIAN_POINT('',(-0.89,1.05,0.31));
#3026 = LINE('',#3027,#3028);
#3027 = CARTESIAN_POINT('',(-0.89,1.05,0.19));
#3028 = VECTOR('',#3029,1.);
#3029 = DIRECTION('',(0.,0.,1.));
#3030 = ORIENTED_EDGE('',*,*,#3031,.F.);
#3031 = EDGE_CURVE('',#3008,#3024,#3032,.T.);
#3032 = LINE('',#3033,#3034);
#3033 = CARTESIAN_POINT('',(-0.89,0.95,0.31));
#3034 = VECTOR('',#3035,1.);
#3035 = DIRECTION('',(0.,1.,0.));
#3036 = PLANE('',#3037);
#3037 = AXIS2_PLACEMENT_3D('',#3038,#3039,#3040);
#3038 = CARTESIAN_POINT('',(-0.89,0.95,0.19));
#3039 = DIRECTION('',(1.,0.,0.));
#3040 = DIRECTION('',(0.,0.,1.));
#3041 = ADVANCED_FACE('',(#3042),#3076,.T.);
#3042 = FACE_BOUND('',#3043,.T.);
#3043 = EDGE_LOOP('',(#3044,#3054,#3062,#3070));
#3044 = ORIENTED_EDGE('',*,*,#3045,.F.);
#3045 = EDGE_CURVE('',#3046,#3048,#3050,.T.);
#3046 = VERTEX_POINT('',#3047);
#3047 = CARTESIAN_POINT('',(-0.24,0.95,0.19));
#3048 = VERTEX_POINT('',#3049);
#3049 = CARTESIAN_POINT('',(-0.24,0.95,0.31));
#3050 = LINE('',#3051,#3052);
#3051 = CARTESIAN_POINT('',(-0.24,0.95,0.19));
#3052 = VECTOR('',#3053,1.);
#3053 = DIRECTION('',(0.,0.,1.));
#3054 = ORIENTED_EDGE('',*,*,#3055,.T.);
#3055 = EDGE_CURVE('',#3046,#3056,#3058,.T.);
#3056 = VERTEX_POINT('',#3057);
#3057 = CARTESIAN_POINT('',(-0.24,1.05,0.19));
#3058 = LINE('',#3059,#3060);
#3059 = CARTESIAN_POINT('',(-0.24,0.95,0.19));
#3060 = VECTOR('',#3061,1.);
#3061 = DIRECTION('',(0.,1.,0.));
#3062 = ORIENTED_EDGE('',*,*,#3063,.T.);
#3063 = EDGE_CURVE('',#3056,#3064,#3066,.T.);
#3064 = VERTEX_POINT('',#3065);
#3065 = CARTESIAN_POINT('',(-0.24,1.05,0.31));
#3066 = LINE('',#3067,#3068);
#3067 = CARTESIAN_POINT('',(-0.24,1.05,0.19));
#3068 = VECTOR('',#3069,1.);
#3069 = DIRECTION('',(0.,0.,1.));
#3070 = ORIENTED_EDGE('',*,*,#3071,.F.);
#3071 = EDGE_CURVE('',#3048,#3064,#3072,.T.);
#3072 = LINE('',#3073,#3074);
#3073 = CARTESIAN_POINT('',(-0.24,0.95,0.31));
#3074 = VECTOR('',#3075,1.);
#3075 = DIRECTION('',(0.,1.,0.));
#3076 = PLANE('',#3077);
#3077 = AXIS2_PLACEMENT_3D('',#3078,#3079,#3080);
#3078 = CARTESIAN_POINT('',(-0.24,0.95,0.19));
#3079 = DIRECTION('',(1.,0.,0.));
#3080 = DIRECTION('',(0.,0.,1.));
#3081 = ADVANCED_FACE('',(#3082),#3098,.F.);
#3082 = FACE_BOUND('',#3083,.F.);
#3083 = EDGE_LOOP('',(#3084,#3090,#3091,#3097));
#3084 = ORIENTED_EDGE('',*,*,#3085,.F.);
#3085 = EDGE_CURVE('',#3006,#3046,#3086,.T.);
#3086 = LINE('',#3087,#3088);
#3087 = CARTESIAN_POINT('',(-0.89,0.95,0.19));
#3088 = VECTOR('',#3089,1.);
#3089 = DIRECTION('',(1.,0.,0.));
#3090 = ORIENTED_EDGE('',*,*,#3005,.T.);
#3091 = ORIENTED_EDGE('',*,*,#3092,.T.);
#3092 = EDGE_CURVE('',#3008,#3048,#3093,.T.);
#3093 = LINE('',#3094,#3095);
#3094 = CARTESIAN_POINT('',(-0.89,0.95,0.31));
#3095 = VECTOR('',#3096,1.);
#3096 = DIRECTION('',(1.,0.,0.));
#3097 = ORIENTED_EDGE('',*,*,#3045,.F.);
#3098 = PLANE('',#3099);
#3099 = AXIS2_PLACEMENT_3D('',#3100,#3101,#3102);
#3100 = CARTESIAN_POINT('',(-0.89,0.95,0.19));
#3101 = DIRECTION('',(0.,1.,0.));
#3102 = DIRECTION('',(0.,0.,1.));
#3103 = ADVANCED_FACE('',(#3104),#3120,.T.);
#3104 = FACE_BOUND('',#3105,.T.);
#3105 = EDGE_LOOP('',(#3106,#3112,#3113,#3119));
#3106 = ORIENTED_EDGE('',*,*,#3107,.F.);
#3107 = EDGE_CURVE('',#3016,#3056,#3108,.T.);
#3108 = LINE('',#3109,#3110);
#3109 = CARTESIAN_POINT('',(-0.89,1.05,0.19));
#3110 = VECTOR('',#3111,1.);
#3111 = DIRECTION('',(1.,0.,0.));
#3112 = ORIENTED_EDGE('',*,*,#3023,.T.);
#3113 = ORIENTED_EDGE('',*,*,#3114,.T.);
#3114 = EDGE_CURVE('',#3024,#3064,#3115,.T.);
#3115 = LINE('',#3116,#3117);
#3116 = CARTESIAN_POINT('',(-0.89,1.05,0.31));
#3117 = VECTOR('',#3118,1.);
#3118 = DIRECTION('',(1.,0.,0.));
#3119 = ORIENTED_EDGE('',*,*,#3063,.F.);
#3120 = PLANE('',#3121);
#3121 = AXIS2_PLACEMENT_3D('',#3122,#3123,#3124);
#3122 = CARTESIAN_POINT('',(-0.89,1.05,0.19));
#3123 = DIRECTION('',(0.,1.,0.));
#3124 = DIRECTION('',(0.,0.,1.));
#3125 = ADVANCED_FACE('',(#3126),#3132,.F.);
#3126 = FACE_BOUND('',#3127,.F.);
#3127 = EDGE_LOOP('',(#3128,#3129,#3130,#3131));
#3128 = ORIENTED_EDGE('',*,*,#3015,.F.);
#3129 = ORIENTED_EDGE('',*,*,#3085,.T.);
#3130 = ORIENTED_EDGE('',*,*,#3055,.T.);
#3131 = ORIENTED_EDGE('',*,*,#3107,.F.);
#3132 = PLANE('',#3133);
#3133 = AXIS2_PLACEMENT_3D('',#3134,#3135,#3136);
#3134 = CARTESIAN_POINT('',(-0.89,0.95,0.19));
#3135 = DIRECTION('',(0.,0.,1.));
#3136 = DIRECTION('',(1.,0.,0.));
#3137 = ADVANCED_FACE('',(#3138),#3144,.T.);
#3138 = FACE_BOUND('',#3139,.T.);
#3139 = EDGE_LOOP('',(#3140,#3141,#3142,#3143));
#3140 = ORIENTED_EDGE('',*,*,#3031,.F.);
#3141 = ORIENTED_EDGE('',*,*,#3092,.T.);
#3142 = ORIENTED_EDGE('',*,*,#3071,.T.);
#3143 = ORIENTED_EDGE('',*,*,#3114,.F.);
#3144 = PLANE('',#3145);
#3145 = AXIS2_PLACEMENT_3D('',#3146,#3147,#3148);
#3146 = CARTESIAN_POINT('',(-0.89,0.95,0.31));
#3147 = DIRECTION('',(0.,0.,1.));
#3148 = DIRECTION('',(1.,0.,0.));
#3149 = MANIFOLD_SOLID_BREP('',#3150);
#3150 = CLOSED_SHELL('',(#3151,#3191,#3231,#3253,#3275,#3287));
#3151 = ADVANCED_FACE('',(#3152),#3186,.F.);
#3152 = FACE_BOUND('',#3153,.F.);
#3153 = EDGE_LOOP('',(#3154,#3164,#3172,#3180));
#3154 = ORIENTED_EDGE('',*,*,#3155,.F.);
#3155 = EDGE_CURVE('',#3156,#3158,#3160,.T.);
#3156 = VERTEX_POINT('',#3157);
#3157 = CARTESIAN_POINT('',(-1.295,1.35,0.));
#3158 = VERTEX_POINT('',#3159);
#3159 = CARTESIAN_POINT('',(-1.295,1.35,0.1));
#3160 = LINE('',#3161,#3162);
#3161 = CARTESIAN_POINT('',(-1.295,1.35,0.));
#3162 = VECTOR('',#3163,1.);
#3163 = DIRECTION('',(0.,0.,1.));
#3164 = ORIENTED_EDGE('',*,*,#3165,.T.);
#3165 = EDGE_CURVE('',#3156,#3166,#3168,.T.);
#3166 = VERTEX_POINT('',#3167);
#3167 = CARTESIAN_POINT('',(-1.295,1.45,0.));
#3168 = LINE('',#3169,#3170);
#3169 = CARTESIAN_POINT('',(-1.295,1.35,0.));
#3170 = VECTOR('',#3171,1.);
#3171 = DIRECTION('',(0.,1.,0.));
#3172 = ORIENTED_EDGE('',*,*,#3173,.T.);
#3173 = EDGE_CURVE('',#3166,#3174,#3176,.T.);
#3174 = VERTEX_POINT('',#3175);
#3175 = CARTESIAN_POINT('',(-1.295,1.45,0.1));
#3176 = LINE('',#3177,#3178);
#3177 = CARTESIAN_POINT('',(-1.295,1.45,0.));
#3178 = VECTOR('',#3179,1.);
#3179 = DIRECTION('',(0.,0.,1.));
#3180 = ORIENTED_EDGE('',*,*,#3181,.F.);
#3181 = EDGE_CURVE('',#3158,#3174,#3182,.T.);
#3182 = LINE('',#3183,#3184);
#3183 = CARTESIAN_POINT('',(-1.295,1.35,0.1));
#3184 = VECTOR('',#3185,1.);
#3185 = DIRECTION('',(0.,1.,0.));
#3186 = PLANE('',#3187);
#3187 = AXIS2_PLACEMENT_3D('',#3188,#3189,#3190);
#3188 = CARTESIAN_POINT('',(-1.295,1.35,0.));
#3189 = DIRECTION('',(1.,0.,0.));
#3190 = DIRECTION('',(0.,0.,1.));
#3191 = ADVANCED_FACE('',(#3192),#3226,.T.);
#3192 = FACE_BOUND('',#3193,.T.);
#3193 = EDGE_LOOP('',(#3194,#3204,#3212,#3220));
#3194 = ORIENTED_EDGE('',*,*,#3195,.F.);
#3195 = EDGE_CURVE('',#3196,#3198,#3200,.T.);
#3196 = VERTEX_POINT('',#3197);
#3197 = CARTESIAN_POINT('',(-0.92,1.35,0.));
#3198 = VERTEX_POINT('',#3199);
#3199 = CARTESIAN_POINT('',(-0.92,1.35,0.1));
#3200 = LINE('',#3201,#3202);
#3201 = CARTESIAN_POINT('',(-0.92,1.35,0.));
#3202 = VECTOR('',#3203,1.);
#3203 = DIRECTION('',(0.,0.,1.));
#3204 = ORIENTED_EDGE('',*,*,#3205,.T.);
#3205 = EDGE_CURVE('',#3196,#3206,#3208,.T.);
#3206 = VERTEX_POINT('',#3207);
#3207 = CARTESIAN_POINT('',(-0.92,1.45,0.));
#3208 = LINE('',#3209,#3210);
#3209 = CARTESIAN_POINT('',(-0.92,1.35,0.));
#3210 = VECTOR('',#3211,1.);
#3211 = DIRECTION('',(0.,1.,0.));
#3212 = ORIENTED_EDGE('',*,*,#3213,.T.);
#3213 = EDGE_CURVE('',#3206,#3214,#3216,.T.);
#3214 = VERTEX_POINT('',#3215);
#3215 = CARTESIAN_POINT('',(-0.92,1.45,0.1));
#3216 = LINE('',#3217,#3218);
#3217 = CARTESIAN_POINT('',(-0.92,1.45,0.));
#3218 = VECTOR('',#3219,1.);
#3219 = DIRECTION('',(0.,0.,1.));
#3220 = ORIENTED_EDGE('',*,*,#3221,.F.);
#3221 = EDGE_CURVE('',#3198,#3214,#3222,.T.);
#3222 = LINE('',#3223,#3224);
#3223 = CARTESIAN_POINT('',(-0.92,1.35,0.1));
#3224 = VECTOR('',#3225,1.);
#3225 = DIRECTION('',(0.,1.,0.));
#3226 = PLANE('',#3227);
#3227 = AXIS2_PLACEMENT_3D('',#3228,#3229,#3230);
#3228 = CARTESIAN_POINT('',(-0.92,1.35,0.));
#3229 = DIRECTION('',(1.,0.,0.));
#3230 = DIRECTION('',(0.,0.,1.));
#3231 = ADVANCED_FACE('',(#3232),#3248,.F.);
#3232 = FACE_BOUND('',#3233,.F.);
#3233 = EDGE_LOOP('',(#3234,#3240,#3241,#3247));
#3234 = ORIENTED_EDGE('',*,*,#3235,.F.);
#3235 = EDGE_CURVE('',#3156,#3196,#3236,.T.);
#3236 = LINE('',#3237,#3238);
#3237 = CARTESIAN_POINT('',(-1.295,1.35,0.));
#3238 = VECTOR('',#3239,1.);
#3239 = DIRECTION('',(1.,0.,0.));
#3240 = ORIENTED_EDGE('',*,*,#3155,.T.);
#3241 = ORIENTED_EDGE('',*,*,#3242,.T.);
#3242 = EDGE_CURVE('',#3158,#3198,#3243,.T.);
#3243 = LINE('',#3244,#3245);
#3244 = CARTESIAN_POINT('',(-1.295,1.35,0.1));
#3245 = VECTOR('',#3246,1.);
#3246 = DIRECTION('',(1.,0.,0.));
#3247 = ORIENTED_EDGE('',*,*,#3195,.F.);
#3248 = PLANE('',#3249);
#3249 = AXIS2_PLACEMENT_3D('',#3250,#3251,#3252);
#3250 = CARTESIAN_POINT('',(-1.295,1.35,0.));
#3251 = DIRECTION('',(0.,1.,0.));
#3252 = DIRECTION('',(0.,0.,1.));
#3253 = ADVANCED_FACE('',(#3254),#3270,.T.);
#3254 = FACE_BOUND('',#3255,.T.);
#3255 = EDGE_LOOP('',(#3256,#3262,#3263,#3269));
#3256 = ORIENTED_EDGE('',*,*,#3257,.F.);
#3257 = EDGE_CURVE('',#3166,#3206,#3258,.T.);
#3258 = LINE('',#3259,#3260);
#3259 = CARTESIAN_POINT('',(-1.295,1.45,0.));
#3260 = VECTOR('',#3261,1.);
#3261 = DIRECTION('',(1.,0.,0.));
#3262 = ORIENTED_EDGE('',*,*,#3173,.T.);
#3263 = ORIENTED_EDGE('',*,*,#3264,.T.);
#3264 = EDGE_CURVE('',#3174,#3214,#3265,.T.);
#3265 = LINE('',#3266,#3267);
#3266 = CARTESIAN_POINT('',(-1.295,1.45,0.1));
#3267 = VECTOR('',#3268,1.);
#3268 = DIRECTION('',(1.,0.,0.));
#3269 = ORIENTED_EDGE('',*,*,#3213,.F.);
#3270 = PLANE('',#3271);
#3271 = AXIS2_PLACEMENT_3D('',#3272,#3273,#3274);
#3272 = CARTESIAN_POINT('',(-1.295,1.45,0.));
#3273 = DIRECTION('',(0.,1.,0.));
#3274 = DIRECTION('',(0.,0.,1.));
#3275 = ADVANCED_FACE('',(#3276),#3282,.F.);
#3276 = FACE_BOUND('',#3277,.F.);
#3277 = EDGE_LOOP('',(#3278,#3279,#3280,#3281));
#3278 = ORIENTED_EDGE('',*,*,#3165,.F.);
#3279 = ORIENTED_EDGE('',*,*,#3235,.T.);
#3280 = ORIENTED_EDGE('',*,*,#3205,.T.);
#3281 = ORIENTED_EDGE('',*,*,#3257,.F.);
#3282 = PLANE('',#3283);
#3283 = AXIS2_PLACEMENT_3D('',#3284,#3285,#3286);
#3284 = CARTESIAN_POINT('',(-1.295,1.35,0.));
#3285 = DIRECTION('',(0.,0.,1.));
#3286 = DIRECTION('',(1.,0.,0.));
#3287 = ADVANCED_FACE('',(#3288),#3294,.T.);
#3288 = FACE_BOUND('',#3289,.T.);
#3289 = EDGE_LOOP('',(#3290,#3291,#3292,#3293));
#3290 = ORIENTED_EDGE('',*,*,#3181,.F.);
#3291 = ORIENTED_EDGE('',*,*,#3242,.T.);
#3292 = ORIENTED_EDGE('',*,*,#3221,.T.);
#3293 = ORIENTED_EDGE('',*,*,#3264,.F.);
#3294 = PLANE('',#3295);
#3295 = AXIS2_PLACEMENT_3D('',#3296,#3297,#3298);
#3296 = CARTESIAN_POINT('',(-1.295,1.35,0.1));
#3297 = DIRECTION('',(0.,0.,1.));
#3298 = DIRECTION('',(1.,0.,0.));
#3299 = MANIFOLD_SOLID_BREP('',#3300);
#3300 = CLOSED_SHELL('',(#3301,#3341,#3381,#3403,#3425,#3437));
#3301 = ADVANCED_FACE('',(#3302),#3336,.F.);
#3302 = FACE_BOUND('',#3303,.F.);
#3303 = EDGE_LOOP('',(#3304,#3314,#3322,#3330));
#3304 = ORIENTED_EDGE('',*,*,#3305,.F.);
#3305 = EDGE_CURVE('',#3306,#3308,#3310,.T.);
#3306 = VERTEX_POINT('',#3307);
#3307 = CARTESIAN_POINT('',(-0.89,1.35,0.19));
#3308 = VERTEX_POINT('',#3309);
#3309 = CARTESIAN_POINT('',(-0.89,1.35,0.31));
#3310 = LINE('',#3311,#3312);
#3311 = CARTESIAN_POINT('',(-0.89,1.35,0.19));
#3312 = VECTOR('',#3313,1.);
#3313 = DIRECTION('',(0.,0.,1.));
#3314 = ORIENTED_EDGE('',*,*,#3315,.T.);
#3315 = EDGE_CURVE('',#3306,#3316,#3318,.T.);
#3316 = VERTEX_POINT('',#3317);
#3317 = CARTESIAN_POINT('',(-0.89,1.45,0.19));
#3318 = LINE('',#3319,#3320);
#3319 = CARTESIAN_POINT('',(-0.89,1.35,0.19));
#3320 = VECTOR('',#3321,1.);
#3321 = DIRECTION('',(0.,1.,0.));
#3322 = ORIENTED_EDGE('',*,*,#3323,.T.);
#3323 = EDGE_CURVE('',#3316,#3324,#3326,.T.);
#3324 = VERTEX_POINT('',#3325);
#3325 = CARTESIAN_POINT('',(-0.89,1.45,0.31));
#3326 = LINE('',#3327,#3328);
#3327 = CARTESIAN_POINT('',(-0.89,1.45,0.19));
#3328 = VECTOR('',#3329,1.);
#3329 = DIRECTION('',(0.,0.,1.));
#3330 = ORIENTED_EDGE('',*,*,#3331,.F.);
#3331 = EDGE_CURVE('',#3308,#3324,#3332,.T.);
#3332 = LINE('',#3333,#3334);
#3333 = CARTESIAN_POINT('',(-0.89,1.35,0.31));
#3334 = VECTOR('',#3335,1.);
#3335 = DIRECTION('',(0.,1.,0.));
#3336 = PLANE('',#3337);
#3337 = AXIS2_PLACEMENT_3D('',#3338,#3339,#3340);
#3338 = CARTESIAN_POINT('',(-0.89,1.35,0.19));
#3339 = DIRECTION('',(1.,0.,0.));
#3340 = DIRECTION('',(0.,0.,1.));
#3341 = ADVANCED_FACE('',(#3342),#3376,.T.);
#3342 = FACE_BOUND('',#3343,.T.);
#3343 = EDGE_LOOP('',(#3344,#3354,#3362,#3370));
#3344 = ORIENTED_EDGE('',*,*,#3345,.F.);
#3345 = EDGE_CURVE('',#3346,#3348,#3350,.T.);
#3346 = VERTEX_POINT('',#3347);
#3347 = CARTESIAN_POINT('',(-0.24,1.35,0.19));
#3348 = VERTEX_POINT('',#3349);
#3349 = CARTESIAN_POINT('',(-0.24,1.35,0.31));
#3350 = LINE('',#3351,#3352);
#3351 = CARTESIAN_POINT('',(-0.24,1.35,0.19));
#3352 = VECTOR('',#3353,1.);
#3353 = DIRECTION('',(0.,0.,1.));
#3354 = ORIENTED_EDGE('',*,*,#3355,.T.);
#3355 = EDGE_CURVE('',#3346,#3356,#3358,.T.);
#3356 = VERTEX_POINT('',#3357);
#3357 = CARTESIAN_POINT('',(-0.24,1.45,0.19));
#3358 = LINE('',#3359,#3360);
#3359 = CARTESIAN_POINT('',(-0.24,1.35,0.19));
#3360 = VECTOR('',#3361,1.);
#3361 = DIRECTION('',(0.,1.,0.));
#3362 = ORIENTED_EDGE('',*,*,#3363,.T.);
#3363 = EDGE_CURVE('',#3356,#3364,#3366,.T.);
#3364 = VERTEX_POINT('',#3365);
#3365 = CARTESIAN_POINT('',(-0.24,1.45,0.31));
#3366 = LINE('',#3367,#3368);
#3367 = CARTESIAN_POINT('',(-0.24,1.45,0.19));
#3368 = VECTOR('',#3369,1.);
#3369 = DIRECTION('',(0.,0.,1.));
#3370 = ORIENTED_EDGE('',*,*,#3371,.F.);
#3371 = EDGE_CURVE('',#3348,#3364,#3372,.T.);
#3372 = LINE('',#3373,#3374);
#3373 = CARTESIAN_POINT('',(-0.24,1.35,0.31));
#3374 = VECTOR('',#3375,1.);
#3375 = DIRECTION('',(0.,1.,0.));
#3376 = PLANE('',#3377);
#3377 = AXIS2_PLACEMENT_3D('',#3378,#3379,#3380);
#3378 = CARTESIAN_POINT('',(-0.24,1.35,0.19));
#3379 = DIRECTION('',(1.,0.,0.));
#3380 = DIRECTION('',(0.,0.,1.));
#3381 = ADVANCED_FACE('',(#3382),#3398,.F.);
#3382 = FACE_BOUND('',#3383,.F.);
#3383 = EDGE_LOOP('',(#3384,#3390,#3391,#3397));
#3384 = ORIENTED_EDGE('',*,*,#3385,.F.);
#3385 = EDGE_CURVE('',#3306,#3346,#3386,.T.);
#3386 = LINE('',#3387,#3388);
#3387 = CARTESIAN_POINT('',(-0.89,1.35,0.19));
#3388 = VECTOR('',#3389,1.);
#3389 = DIRECTION('',(1.,0.,0.));
#3390 = ORIENTED_EDGE('',*,*,#3305,.T.);
#3391 = ORIENTED_EDGE('',*,*,#3392,.T.);
#3392 = EDGE_CURVE('',#3308,#3348,#3393,.T.);
#3393 = LINE('',#3394,#3395);
#3394 = CARTESIAN_POINT('',(-0.89,1.35,0.31));
#3395 = VECTOR('',#3396,1.);
#3396 = DIRECTION('',(1.,0.,0.));
#3397 = ORIENTED_EDGE('',*,*,#3345,.F.);
#3398 = PLANE('',#3399);
#3399 = AXIS2_PLACEMENT_3D('',#3400,#3401,#3402);
#3400 = CARTESIAN_POINT('',(-0.89,1.35,0.19));
#3401 = DIRECTION('',(0.,1.,0.));
#3402 = DIRECTION('',(0.,0.,1.));
#3403 = ADVANCED_FACE('',(#3404),#3420,.T.);
#3404 = FACE_BOUND('',#3405,.T.);
#3405 = EDGE_LOOP('',(#3406,#3412,#3413,#3419));
#3406 = ORIENTED_EDGE('',*,*,#3407,.F.);
#3407 = EDGE_CURVE('',#3316,#3356,#3408,.T.);
#3408 = LINE('',#3409,#3410);
#3409 = CARTESIAN_POINT('',(-0.89,1.45,0.19));
#3410 = VECTOR('',#3411,1.);
#3411 = DIRECTION('',(1.,0.,0.));
#3412 = ORIENTED_EDGE('',*,*,#3323,.T.);
#3413 = ORIENTED_EDGE('',*,*,#3414,.T.);
#3414 = EDGE_CURVE('',#3324,#3364,#3415,.T.);
#3415 = LINE('',#3416,#3417);
#3416 = CARTESIAN_POINT('',(-0.89,1.45,0.31));
#3417 = VECTOR('',#3418,1.);
#3418 = DIRECTION('',(1.,0.,0.));
#3419 = ORIENTED_EDGE('',*,*,#3363,.F.);
#3420 = PLANE('',#3421);
#3421 = AXIS2_PLACEMENT_3D('',#3422,#3423,#3424);
#3422 = CARTESIAN_POINT('',(-0.89,1.45,0.19));
#3423 = DIRECTION('',(0.,1.,0.));
#3424 = DIRECTION('',(0.,0.,1.));
#3425 = ADVANCED_FACE('',(#3426),#3432,.F.);
#3426 = FACE_BOUND('',#3427,.F.);
#3427 = EDGE_LOOP('',(#3428,#3429,#3430,#3431));
#3428 = ORIENTED_EDGE('',*,*,#3315,.F.);
#3429 = ORIENTED_EDGE('',*,*,#3385,.T.);
#3430 = ORIENTED_EDGE('',*,*,#3355,.T.);
#3431 = ORIENTED_EDGE('',*,*,#3407,.F.);
#3432 = PLANE('',#3433);
#3433 = AXIS2_PLACEMENT_3D('',#3434,#3435,#3436);
#3434 = CARTESIAN_POINT('',(-0.89,1.35,0.19));
#3435 = DIRECTION('',(0.,0.,1.));
#3436 = DIRECTION('',(1.,0.,0.));
#3437 = ADVANCED_FACE('',(#3438),#3444,.T.);
#3438 = FACE_BOUND('',#3439,.T.);
#3439 = EDGE_LOOP('',(#3440,#3441,#3442,#3443));
#3440 = ORIENTED_EDGE('',*,*,#3331,.F.);
#3441 = ORIENTED_EDGE('',*,*,#3392,.T.);
#3442 = ORIENTED_EDGE('',*,*,#3371,.T.);
#3443 = ORIENTED_EDGE('',*,*,#3414,.F.);
#3444 = PLANE('',#3445);
#3445 = AXIS2_PLACEMENT_3D('',#3446,#3447,#3448);
#3446 = CARTESIAN_POINT('',(-0.89,1.35,0.31));
#3447 = DIRECTION('',(0.,0.,1.));
#3448 = DIRECTION('',(1.,0.,0.));
#3449 = MANIFOLD_SOLID_BREP('',#3450);
#3450 = CLOSED_SHELL('',(#3451,#3491,#3531,#3553,#3575,#3587));
#3451 = ADVANCED_FACE('',(#3452),#3486,.F.);
#3452 = FACE_BOUND('',#3453,.F.);
#3453 = EDGE_LOOP('',(#3454,#3464,#3472,#3480));
#3454 = ORIENTED_EDGE('',*,*,#3455,.F.);
#3455 = EDGE_CURVE('',#3456,#3458,#3460,.T.);
#3456 = VERTEX_POINT('',#3457);
#3457 = CARTESIAN_POINT('',(-1.295,1.75,0.));
#3458 = VERTEX_POINT('',#3459);
#3459 = CARTESIAN_POINT('',(-1.295,1.75,0.1));
#3460 = LINE('',#3461,#3462);
#3461 = CARTESIAN_POINT('',(-1.295,1.75,0.));
#3462 = VECTOR('',#3463,1.);
#3463 = DIRECTION('',(0.,0.,1.));
#3464 = ORIENTED_EDGE('',*,*,#3465,.T.);
#3465 = EDGE_CURVE('',#3456,#3466,#3468,.T.);
#3466 = VERTEX_POINT('',#3467);
#3467 = CARTESIAN_POINT('',(-1.295,1.85,0.));
#3468 = LINE('',#3469,#3470);
#3469 = CARTESIAN_POINT('',(-1.295,1.75,0.));
#3470 = VECTOR('',#3471,1.);
#3471 = DIRECTION('',(0.,1.,0.));
#3472 = ORIENTED_EDGE('',*,*,#3473,.T.);
#3473 = EDGE_CURVE('',#3466,#3474,#3476,.T.);
#3474 = VERTEX_POINT('',#3475);
#3475 = CARTESIAN_POINT('',(-1.295,1.85,0.1));
#3476 = LINE('',#3477,#3478);
#3477 = CARTESIAN_POINT('',(-1.295,1.85,0.));
#3478 = VECTOR('',#3479,1.);
#3479 = DIRECTION('',(0.,0.,1.));
#3480 = ORIENTED_EDGE('',*,*,#3481,.F.);
#3481 = EDGE_CURVE('',#3458,#3474,#3482,.T.);
#3482 = LINE('',#3483,#3484);
#3483 = CARTESIAN_POINT('',(-1.295,1.75,0.1));
#3484 = VECTOR('',#3485,1.);
#3485 = DIRECTION('',(0.,1.,0.));
#3486 = PLANE('',#3487);
#3487 = AXIS2_PLACEMENT_3D('',#3488,#3489,#3490);
#3488 = CARTESIAN_POINT('',(-1.295,1.75,0.));
#3489 = DIRECTION('',(1.,0.,0.));
#3490 = DIRECTION('',(0.,0.,1.));
#3491 = ADVANCED_FACE('',(#3492),#3526,.T.);
#3492 = FACE_BOUND('',#3493,.T.);
#3493 = EDGE_LOOP('',(#3494,#3504,#3512,#3520));
#3494 = ORIENTED_EDGE('',*,*,#3495,.F.);
#3495 = EDGE_CURVE('',#3496,#3498,#3500,.T.);
#3496 = VERTEX_POINT('',#3497);
#3497 = CARTESIAN_POINT('',(-0.92,1.75,0.));
#3498 = VERTEX_POINT('',#3499);
#3499 = CARTESIAN_POINT('',(-0.92,1.75,0.1));
#3500 = LINE('',#3501,#3502);
#3501 = CARTESIAN_POINT('',(-0.92,1.75,0.));
#3502 = VECTOR('',#3503,1.);
#3503 = DIRECTION('',(0.,0.,1.));
#3504 = ORIENTED_EDGE('',*,*,#3505,.T.);
#3505 = EDGE_CURVE('',#3496,#3506,#3508,.T.);
#3506 = VERTEX_POINT('',#3507);
#3507 = CARTESIAN_POINT('',(-0.92,1.85,0.));
#3508 = LINE('',#3509,#3510);
#3509 = CARTESIAN_POINT('',(-0.92,1.75,0.));
#3510 = VECTOR('',#3511,1.);
#3511 = DIRECTION('',(0.,1.,0.));
#3512 = ORIENTED_EDGE('',*,*,#3513,.T.);
#3513 = EDGE_CURVE('',#3506,#3514,#3516,.T.);
#3514 = VERTEX_POINT('',#3515);
#3515 = CARTESIAN_POINT('',(-0.92,1.85,0.1));
#3516 = LINE('',#3517,#3518);
#3517 = CARTESIAN_POINT('',(-0.92,1.85,0.));
#3518 = VECTOR('',#3519,1.);
#3519 = DIRECTION('',(0.,0.,1.));
#3520 = ORIENTED_EDGE('',*,*,#3521,.F.);
#3521 = EDGE_CURVE('',#3498,#3514,#3522,.T.);
#3522 = LINE('',#3523,#3524);
#3523 = CARTESIAN_POINT('',(-0.92,1.75,0.1));
#3524 = VECTOR('',#3525,1.);
#3525 = DIRECTION('',(0.,1.,0.));
#3526 = PLANE('',#3527);
#3527 = AXIS2_PLACEMENT_3D('',#3528,#3529,#3530);
#3528 = CARTESIAN_POINT('',(-0.92,1.75,0.));
#3529 = DIRECTION('',(1.,0.,0.));
#3530 = DIRECTION('',(0.,0.,1.));
#3531 = ADVANCED_FACE('',(#3532),#3548,.F.);
#3532 = FACE_BOUND('',#3533,.F.);
#3533 = EDGE_LOOP('',(#3534,#3540,#3541,#3547));
#3534 = ORIENTED_EDGE('',*,*,#3535,.F.);
#3535 = EDGE_CURVE('',#3456,#3496,#3536,.T.);
#3536 = LINE('',#3537,#3538);
#3537 = CARTESIAN_POINT('',(-1.295,1.75,0.));
#3538 = VECTOR('',#3539,1.);
#3539 = DIRECTION('',(1.,0.,0.));
#3540 = ORIENTED_EDGE('',*,*,#3455,.T.);
#3541 = ORIENTED_EDGE('',*,*,#3542,.T.);
#3542 = EDGE_CURVE('',#3458,#3498,#3543,.T.);
#3543 = LINE('',#3544,#3545);
#3544 = CARTESIAN_POINT('',(-1.295,1.75,0.1));
#3545 = VECTOR('',#3546,1.);
#3546 = DIRECTION('',(1.,0.,0.));
#3547 = ORIENTED_EDGE('',*,*,#3495,.F.);
#3548 = PLANE('',#3549);
#3549 = AXIS2_PLACEMENT_3D('',#3550,#3551,#3552);
#3550 = CARTESIAN_POINT('',(-1.295,1.75,0.));
#3551 = DIRECTION('',(0.,1.,0.));
#3552 = DIRECTION('',(0.,0.,1.));
#3553 = ADVANCED_FACE('',(#3554),#3570,.T.);
#3554 = FACE_BOUND('',#3555,.T.);
#3555 = EDGE_LOOP('',(#3556,#3562,#3563,#3569));
#3556 = ORIENTED_EDGE('',*,*,#3557,.F.);
#3557 = EDGE_CURVE('',#3466,#3506,#3558,.T.);
#3558 = LINE('',#3559,#3560);
#3559 = CARTESIAN_POINT('',(-1.295,1.85,0.));
#3560 = VECTOR('',#3561,1.);
#3561 = DIRECTION('',(1.,0.,0.));
#3562 = ORIENTED_EDGE('',*,*,#3473,.T.);
#3563 = ORIENTED_EDGE('',*,*,#3564,.T.);
#3564 = EDGE_CURVE('',#3474,#3514,#3565,.T.);
#3565 = LINE('',#3566,#3567);
#3566 = CARTESIAN_POINT('',(-1.295,1.85,0.1));
#3567 = VECTOR('',#3568,1.);
#3568 = DIRECTION('',(1.,0.,0.));
#3569 = ORIENTED_EDGE('',*,*,#3513,.F.);
#3570 = PLANE('',#3571);
#3571 = AXIS2_PLACEMENT_3D('',#3572,#3573,#3574);
#3572 = CARTESIAN_POINT('',(-1.295,1.85,0.));
#3573 = DIRECTION('',(0.,1.,0.));
#3574 = DIRECTION('',(0.,0.,1.));
#3575 = ADVANCED_FACE('',(#3576),#3582,.F.);
#3576 = FACE_BOUND('',#3577,.F.);
#3577 = EDGE_LOOP('',(#3578,#3579,#3580,#3581));
#3578 = ORIENTED_EDGE('',*,*,#3465,.F.);
#3579 = ORIENTED_EDGE('',*,*,#3535,.T.);
#3580 = ORIENTED_EDGE('',*,*,#3505,.T.);
#3581 = ORIENTED_EDGE('',*,*,#3557,.F.);
#3582 = PLANE('',#3583);
#3583 = AXIS2_PLACEMENT_3D('',#3584,#3585,#3586);
#3584 = CARTESIAN_POINT('',(-1.295,1.75,0.));
#3585 = DIRECTION('',(0.,0.,1.));
#3586 = DIRECTION('',(1.,0.,0.));
#3587 = ADVANCED_FACE('',(#3588),#3594,.T.);
#3588 = FACE_BOUND('',#3589,.T.);
#3589 = EDGE_LOOP('',(#3590,#3591,#3592,#3593));
#3590 = ORIENTED_EDGE('',*,*,#3481,.F.);
#3591 = ORIENTED_EDGE('',*,*,#3542,.T.);
#3592 = ORIENTED_EDGE('',*,*,#3521,.T.);
#3593 = ORIENTED_EDGE('',*,*,#3564,.F.);
#3594 = PLANE('',#3595);
#3595 = AXIS2_PLACEMENT_3D('',#3596,#3597,#3598);
#3596 = CARTESIAN_POINT('',(-1.295,1.75,0.1));
#3597 = DIRECTION('',(0.,0.,1.));
#3598 = DIRECTION('',(1.,0.,0.));
#3599 = MANIFOLD_SOLID_BREP('',#3600);
#3600 = CLOSED_SHELL('',(#3601,#3641,#3681,#3703,#3725,#3737));
#3601 = ADVANCED_FACE('',(#3602),#3636,.F.);
#3602 = FACE_BOUND('',#3603,.F.);
#3603 = EDGE_LOOP('',(#3604,#3614,#3622,#3630));
#3604 = ORIENTED_EDGE('',*,*,#3605,.F.);
#3605 = EDGE_CURVE('',#3606,#3608,#3610,.T.);
#3606 = VERTEX_POINT('',#3607);
#3607 = CARTESIAN_POINT('',(-0.89,1.75,0.19));
#3608 = VERTEX_POINT('',#3609);
#3609 = CARTESIAN_POINT('',(-0.89,1.75,0.31));
#3610 = LINE('',#3611,#3612);
#3611 = CARTESIAN_POINT('',(-0.89,1.75,0.19));
#3612 = VECTOR('',#3613,1.);
#3613 = DIRECTION('',(0.,0.,1.));
#3614 = ORIENTED_EDGE('',*,*,#3615,.T.);
#3615 = EDGE_CURVE('',#3606,#3616,#3618,.T.);
#3616 = VERTEX_POINT('',#3617);
#3617 = CARTESIAN_POINT('',(-0.89,1.85,0.19));
#3618 = LINE('',#3619,#3620);
#3619 = CARTESIAN_POINT('',(-0.89,1.75,0.19));
#3620 = VECTOR('',#3621,1.);
#3621 = DIRECTION('',(0.,1.,0.));
#3622 = ORIENTED_EDGE('',*,*,#3623,.T.);
#3623 = EDGE_CURVE('',#3616,#3624,#3626,.T.);
#3624 = VERTEX_POINT('',#3625);
#3625 = CARTESIAN_POINT('',(-0.89,1.85,0.31));
#3626 = LINE('',#3627,#3628);
#3627 = CARTESIAN_POINT('',(-0.89,1.85,0.19));
#3628 = VECTOR('',#3629,1.);
#3629 = DIRECTION('',(0.,0.,1.));
#3630 = ORIENTED_EDGE('',*,*,#3631,.F.);
#3631 = EDGE_CURVE('',#3608,#3624,#3632,.T.);
#3632 = LINE('',#3633,#3634);
#3633 = CARTESIAN_POINT('',(-0.89,1.75,0.31));
#3634 = VECTOR('',#3635,1.);
#3635 = DIRECTION('',(0.,1.,0.));
#3636 = PLANE('',#3637);
#3637 = AXIS2_PLACEMENT_3D('',#3638,#3639,#3640);
#3638 = CARTESIAN_POINT('',(-0.89,1.75,0.19));
#3639 = DIRECTION('',(1.,0.,0.));
#3640 = DIRECTION('',(0.,0.,1.));
#3641 = ADVANCED_FACE('',(#3642),#3676,.T.);
#3642 = FACE_BOUND('',#3643,.T.);
#3643 = EDGE_LOOP('',(#3644,#3654,#3662,#3670));
#3644 = ORIENTED_EDGE('',*,*,#3645,.F.);
#3645 = EDGE_CURVE('',#3646,#3648,#3650,.T.);
#3646 = VERTEX_POINT('',#3647);
#3647 = CARTESIAN_POINT('',(-0.24,1.75,0.19));
#3648 = VERTEX_POINT('',#3649);
#3649 = CARTESIAN_POINT('',(-0.24,1.75,0.31));
#3650 = LINE('',#3651,#3652);
#3651 = CARTESIAN_POINT('',(-0.24,1.75,0.19));
#3652 = VECTOR('',#3653,1.);
#3653 = DIRECTION('',(0.,0.,1.));
#3654 = ORIENTED_EDGE('',*,*,#3655,.T.);
#3655 = EDGE_CURVE('',#3646,#3656,#3658,.T.);
#3656 = VERTEX_POINT('',#3657);
#3657 = CARTESIAN_POINT('',(-0.24,1.85,0.19));
#3658 = LINE('',#3659,#3660);
#3659 = CARTESIAN_POINT('',(-0.24,1.75,0.19));
#3660 = VECTOR('',#3661,1.);
#3661 = DIRECTION('',(0.,1.,0.));
#3662 = ORIENTED_EDGE('',*,*,#3663,.T.);
#3663 = EDGE_CURVE('',#3656,#3664,#3666,.T.);
#3664 = VERTEX_POINT('',#3665);
#3665 = CARTESIAN_POINT('',(-0.24,1.85,0.31));
#3666 = LINE('',#3667,#3668);
#3667 = CARTESIAN_POINT('',(-0.24,1.85,0.19));
#3668 = VECTOR('',#3669,1.);
#3669 = DIRECTION('',(0.,0.,1.));
#3670 = ORIENTED_EDGE('',*,*,#3671,.F.);
#3671 = EDGE_CURVE('',#3648,#3664,#3672,.T.);
#3672 = LINE('',#3673,#3674);
#3673 = CARTESIAN_POINT('',(-0.24,1.75,0.31));
#3674 = VECTOR('',#3675,1.);
#3675 = DIRECTION('',(0.,1.,0.));
#3676 = PLANE('',#3677);
#3677 = AXIS2_PLACEMENT_3D('',#3678,#3679,#3680);
#3678 = CARTESIAN_POINT('',(-0.24,1.75,0.19));
#3679 = DIRECTION('',(1.,0.,0.));
#3680 = DIRECTION('',(0.,0.,1.));
#3681 = ADVANCED_FACE('',(#3682),#3698,.F.);
#3682 = FACE_BOUND('',#3683,.F.);
#3683 = EDGE_LOOP('',(#3684,#3690,#3691,#3697));
#3684 = ORIENTED_EDGE('',*,*,#3685,.F.);
#3685 = EDGE_CURVE('',#3606,#3646,#3686,.T.);
#3686 = LINE('',#3687,#3688);
#3687 = CARTESIAN_POINT('',(-0.89,1.75,0.19));
#3688 = VECTOR('',#3689,1.);
#3689 = DIRECTION('',(1.,0.,0.));
#3690 = ORIENTED_EDGE('',*,*,#3605,.T.);
#3691 = ORIENTED_EDGE('',*,*,#3692,.T.);
#3692 = EDGE_CURVE('',#3608,#3648,#3693,.T.);
#3693 = LINE('',#3694,#3695);
#3694 = CARTESIAN_POINT('',(-0.89,1.75,0.31));
#3695 = VECTOR('',#3696,1.);
#3696 = DIRECTION('',(1.,0.,0.));
#3697 = ORIENTED_EDGE('',*,*,#3645,.F.);
#3698 = PLANE('',#3699);
#3699 = AXIS2_PLACEMENT_3D('',#3700,#3701,#3702);
#3700 = CARTESIAN_POINT('',(-0.89,1.75,0.19));
#3701 = DIRECTION('',(0.,1.,0.));
#3702 = DIRECTION('',(0.,0.,1.));
#3703 = ADVANCED_FACE('',(#3704),#3720,.T.);
#3704 = FACE_BOUND('',#3705,.T.);
#3705 = EDGE_LOOP('',(#3706,#3712,#3713,#3719));
#3706 = ORIENTED_EDGE('',*,*,#3707,.F.);
#3707 = EDGE_CURVE('',#3616,#3656,#3708,.T.);
#3708 = LINE('',#3709,#3710);
#3709 = CARTESIAN_POINT('',(-0.89,1.85,0.19));
#3710 = VECTOR('',#3711,1.);
#3711 = DIRECTION('',(1.,0.,0.));
#3712 = ORIENTED_EDGE('',*,*,#3623,.T.);
#3713 = ORIENTED_EDGE('',*,*,#3714,.T.);
#3714 = EDGE_CURVE('',#3624,#3664,#3715,.T.);
#3715 = LINE('',#3716,#3717);
#3716 = CARTESIAN_POINT('',(-0.89,1.85,0.31));
#3717 = VECTOR('',#3718,1.);
#3718 = DIRECTION('',(1.,0.,0.));
#3719 = ORIENTED_EDGE('',*,*,#3663,.F.);
#3720 = PLANE('',#3721);
#3721 = AXIS2_PLACEMENT_3D('',#3722,#3723,#3724);
#3722 = CARTESIAN_POINT('',(-0.89,1.85,0.19));
#3723 = DIRECTION('',(0.,1.,0.));
#3724 = DIRECTION('',(0.,0.,1.));
#3725 = ADVANCED_FACE('',(#3726),#3732,.F.);
#3726 = FACE_BOUND('',#3727,.F.);
#3727 = EDGE_LOOP('',(#3728,#3729,#3730,#3731));
#3728 = ORIENTED_EDGE('',*,*,#3615,.F.);
#3729 = ORIENTED_EDGE('',*,*,#3685,.T.);
#3730 = ORIENTED_EDGE('',*,*,#3655,.T.);
#3731 = ORIENTED_EDGE('',*,*,#3707,.F.);
#3732 = PLANE('',#3733);
#3733 = AXIS2_PLACEMENT_3D('',#3734,#3735,#3736);
#3734 = CARTESIAN_POINT('',(-0.89,1.75,0.19));
#3735 = DIRECTION('',(0.,0.,1.));
#3736 = DIRECTION('',(1.,0.,0.));
#3737 = ADVANCED_FACE('',(#3738),#3744,.T.);
#3738 = FACE_BOUND('',#3739,.T.);
#3739 = EDGE_LOOP('',(#3740,#3741,#3742,#3743));
#3740 = ORIENTED_EDGE('',*,*,#3631,.F.);
#3741 = ORIENTED_EDGE('',*,*,#3692,.T.);
#3742 = ORIENTED_EDGE('',*,*,#3671,.T.);
#3743 = ORIENTED_EDGE('',*,*,#3714,.F.);
#3744 = PLANE('',#3745);
#3745 = AXIS2_PLACEMENT_3D('',#3746,#3747,#3748);
#3746 = CARTESIAN_POINT('',(-0.89,1.75,0.31));
#3747 = DIRECTION('',(0.,0.,1.));
#3748 = DIRECTION('',(1.,0.,0.));
#3749 = MANIFOLD_SOLID_BREP('',#3750);
#3750 = CLOSED_SHELL('',(#3751,#3791,#3831,#3853,#3875,#3887));
#3751 = ADVANCED_FACE('',(#3752),#3786,.F.);
#3752 = FACE_BOUND('',#3753,.F.);
#3753 = EDGE_LOOP('',(#3754,#3764,#3772,#3780));
#3754 = ORIENTED_EDGE('',*,*,#3755,.F.);
#3755 = EDGE_CURVE('',#3756,#3758,#3760,.T.);
#3756 = VERTEX_POINT('',#3757);
#3757 = CARTESIAN_POINT('',(-1.295,2.15,0.));
#3758 = VERTEX_POINT('',#3759);
#3759 = CARTESIAN_POINT('',(-1.295,2.15,0.1));
#3760 = LINE('',#3761,#3762);
#3761 = CARTESIAN_POINT('',(-1.295,2.15,0.));
#3762 = VECTOR('',#3763,1.);
#3763 = DIRECTION('',(0.,0.,1.));
#3764 = ORIENTED_EDGE('',*,*,#3765,.T.);
#3765 = EDGE_CURVE('',#3756,#3766,#3768,.T.);
#3766 = VERTEX_POINT('',#3767);
#3767 = CARTESIAN_POINT('',(-1.295,2.25,0.));
#3768 = LINE('',#3769,#3770);
#3769 = CARTESIAN_POINT('',(-1.295,2.15,0.));
#3770 = VECTOR('',#3771,1.);
#3771 = DIRECTION('',(0.,1.,0.));
#3772 = ORIENTED_EDGE('',*,*,#3773,.T.);
#3773 = EDGE_CURVE('',#3766,#3774,#3776,.T.);
#3774 = VERTEX_POINT('',#3775);
#3775 = CARTESIAN_POINT('',(-1.295,2.25,0.1));
#3776 = LINE('',#3777,#3778);
#3777 = CARTESIAN_POINT('',(-1.295,2.25,0.));
#3778 = VECTOR('',#3779,1.);
#3779 = DIRECTION('',(0.,0.,1.));
#3780 = ORIENTED_EDGE('',*,*,#3781,.F.);
#3781 = EDGE_CURVE('',#3758,#3774,#3782,.T.);
#3782 = LINE('',#3783,#3784);
#3783 = CARTESIAN_POINT('',(-1.295,2.15,0.1));
#3784 = VECTOR('',#3785,1.);
#3785 = DIRECTION('',(0.,1.,0.));
#3786 = PLANE('',#3787);
#3787 = AXIS2_PLACEMENT_3D('',#3788,#3789,#3790);
#3788 = CARTESIAN_POINT('',(-1.295,2.15,0.));
#3789 = DIRECTION('',(1.,0.,0.));
#3790 = DIRECTION('',(0.,0.,1.));
#3791 = ADVANCED_FACE('',(#3792),#3826,.T.);
#3792 = FACE_BOUND('',#3793,.T.);
#3793 = EDGE_LOOP('',(#3794,#3804,#3812,#3820));
#3794 = ORIENTED_EDGE('',*,*,#3795,.F.);
#3795 = EDGE_CURVE('',#3796,#3798,#3800,.T.);
#3796 = VERTEX_POINT('',#3797);
#3797 = CARTESIAN_POINT('',(-0.92,2.15,0.));
#3798 = VERTEX_POINT('',#3799);
#3799 = CARTESIAN_POINT('',(-0.92,2.15,0.1));
#3800 = LINE('',#3801,#3802);
#3801 = CARTESIAN_POINT('',(-0.92,2.15,0.));
#3802 = VECTOR('',#3803,1.);
#3803 = DIRECTION('',(0.,0.,1.));
#3804 = ORIENTED_EDGE('',*,*,#3805,.T.);
#3805 = EDGE_CURVE('',#3796,#3806,#3808,.T.);
#3806 = VERTEX_POINT('',#3807);
#3807 = CARTESIAN_POINT('',(-0.92,2.25,0.));
#3808 = LINE('',#3809,#3810);
#3809 = CARTESIAN_POINT('',(-0.92,2.15,0.));
#3810 = VECTOR('',#3811,1.);
#3811 = DIRECTION('',(0.,1.,0.));
#3812 = ORIENTED_EDGE('',*,*,#3813,.T.);
#3813 = EDGE_CURVE('',#3806,#3814,#3816,.T.);
#3814 = VERTEX_POINT('',#3815);
#3815 = CARTESIAN_POINT('',(-0.92,2.25,0.1));
#3816 = LINE('',#3817,#3818);
#3817 = CARTESIAN_POINT('',(-0.92,2.25,0.));
#3818 = VECTOR('',#3819,1.);
#3819 = DIRECTION('',(0.,0.,1.));
#3820 = ORIENTED_EDGE('',*,*,#3821,.F.);
#3821 = EDGE_CURVE('',#3798,#3814,#3822,.T.);
#3822 = LINE('',#3823,#3824);
#3823 = CARTESIAN_POINT('',(-0.92,2.15,0.1));
#3824 = VECTOR('',#3825,1.);
#3825 = DIRECTION('',(0.,1.,0.));
#3826 = PLANE('',#3827);
#3827 = AXIS2_PLACEMENT_3D('',#3828,#3829,#3830);
#3828 = CARTESIAN_POINT('',(-0.92,2.15,0.));
#3829 = DIRECTION('',(1.,0.,0.));
#3830 = DIRECTION('',(0.,0.,1.));
#3831 = ADVANCED_FACE('',(#3832),#3848,.F.);
#3832 = FACE_BOUND('',#3833,.F.);
#3833 = EDGE_LOOP('',(#3834,#3840,#3841,#3847));
#3834 = ORIENTED_EDGE('',*,*,#3835,.F.);
#3835 = EDGE_CURVE('',#3756,#3796,#3836,.T.);
#3836 = LINE('',#3837,#3838);
#3837 = CARTESIAN_POINT('',(-1.295,2.15,0.));
#3838 = VECTOR('',#3839,1.);
#3839 = DIRECTION('',(1.,0.,0.));
#3840 = ORIENTED_EDGE('',*,*,#3755,.T.);
#3841 = ORIENTED_EDGE('',*,*,#3842,.T.);
#3842 = EDGE_CURVE('',#3758,#3798,#3843,.T.);
#3843 = LINE('',#3844,#3845);
#3844 = CARTESIAN_POINT('',(-1.295,2.15,0.1));
#3845 = VECTOR('',#3846,1.);
#3846 = DIRECTION('',(1.,0.,0.));
#3847 = ORIENTED_EDGE('',*,*,#3795,.F.);
#3848 = PLANE('',#3849);
#3849 = AXIS2_PLACEMENT_3D('',#3850,#3851,#3852);
#3850 = CARTESIAN_POINT('',(-1.295,2.15,0.));
#3851 = DIRECTION('',(0.,1.,0.));
#3852 = DIRECTION('',(0.,0.,1.));
#3853 = ADVANCED_FACE('',(#3854),#3870,.T.);
#3854 = FACE_BOUND('',#3855,.T.);
#3855 = EDGE_LOOP('',(#3856,#3862,#3863,#3869));
#3856 = ORIENTED_EDGE('',*,*,#3857,.F.);
#3857 = EDGE_CURVE('',#3766,#3806,#3858,.T.);
#3858 = LINE('',#3859,#3860);
#3859 = CARTESIAN_POINT('',(-1.295,2.25,0.));
#3860 = VECTOR('',#3861,1.);
#3861 = DIRECTION('',(1.,0.,0.));
#3862 = ORIENTED_EDGE('',*,*,#3773,.T.);
#3863 = ORIENTED_EDGE('',*,*,#3864,.T.);
#3864 = EDGE_CURVE('',#3774,#3814,#3865,.T.);
#3865 = LINE('',#3866,#3867);
#3866 = CARTESIAN_POINT('',(-1.295,2.25,0.1));
#3867 = VECTOR('',#3868,1.);
#3868 = DIRECTION('',(1.,0.,0.));
#3869 = ORIENTED_EDGE('',*,*,#3813,.F.);
#3870 = PLANE('',#3871);
#3871 = AXIS2_PLACEMENT_3D('',#3872,#3873,#3874);
#3872 = CARTESIAN_POINT('',(-1.295,2.25,0.));
#3873 = DIRECTION('',(0.,1.,0.));
#3874 = DIRECTION('',(0.,0.,1.));
#3875 = ADVANCED_FACE('',(#3876),#3882,.F.);
#3876 = FACE_BOUND('',#3877,.F.);
#3877 = EDGE_LOOP('',(#3878,#3879,#3880,#3881));
#3878 = ORIENTED_EDGE('',*,*,#3765,.F.);
#3879 = ORIENTED_EDGE('',*,*,#3835,.T.);
#3880 = ORIENTED_EDGE('',*,*,#3805,.T.);
#3881 = ORIENTED_EDGE('',*,*,#3857,.F.);
#3882 = PLANE('',#3883);
#3883 = AXIS2_PLACEMENT_3D('',#3884,#3885,#3886);
#3884 = CARTESIAN_POINT('',(-1.295,2.15,0.));
#3885 = DIRECTION('',(0.,0.,1.));
#3886 = DIRECTION('',(1.,0.,0.));
#3887 = ADVANCED_FACE('',(#3888),#3894,.T.);
#3888 = FACE_BOUND('',#3889,.T.);
#3889 = EDGE_LOOP('',(#3890,#3891,#3892,#3893));
#3890 = ORIENTED_EDGE('',*,*,#3781,.F.);
#3891 = ORIENTED_EDGE('',*,*,#3842,.T.);
#3892 = ORIENTED_EDGE('',*,*,#3821,.T.);
#3893 = ORIENTED_EDGE('',*,*,#3864,.F.);
#3894 = PLANE('',#3895);
#3895 = AXIS2_PLACEMENT_3D('',#3896,#3897,#3898);
#3896 = CARTESIAN_POINT('',(-1.295,2.15,0.1));
#3897 = DIRECTION('',(0.,0.,1.));
#3898 = DIRECTION('',(1.,0.,0.));
#3899 = MANIFOLD_SOLID_BREP('',#3900);
#3900 = CLOSED_SHELL('',(#3901,#3941,#3981,#4003,#4025,#4037));
#3901 = ADVANCED_FACE('',(#3902),#3936,.F.);
#3902 = FACE_BOUND('',#3903,.F.);
#3903 = EDGE_LOOP('',(#3904,#3914,#3922,#3930));
#3904 = ORIENTED_EDGE('',*,*,#3905,.F.);
#3905 = EDGE_CURVE('',#3906,#3908,#3910,.T.);
#3906 = VERTEX_POINT('',#3907);
#3907 = CARTESIAN_POINT('',(-0.89,2.15,0.19));
#3908 = VERTEX_POINT('',#3909);
#3909 = CARTESIAN_POINT('',(-0.89,2.15,0.31));
#3910 = LINE('',#3911,#3912);
#3911 = CARTESIAN_POINT('',(-0.89,2.15,0.19));
#3912 = VECTOR('',#3913,1.);
#3913 = DIRECTION('',(0.,0.,1.));
#3914 = ORIENTED_EDGE('',*,*,#3915,.T.);
#3915 = EDGE_CURVE('',#3906,#3916,#3918,.T.);
#3916 = VERTEX_POINT('',#3917);
#3917 = CARTESIAN_POINT('',(-0.89,2.25,0.19));
#3918 = LINE('',#3919,#3920);
#3919 = CARTESIAN_POINT('',(-0.89,2.15,0.19));
#3920 = VECTOR('',#3921,1.);
#3921 = DIRECTION('',(0.,1.,0.));
#3922 = ORIENTED_EDGE('',*,*,#3923,.T.);
#3923 = EDGE_CURVE('',#3916,#3924,#3926,.T.);
#3924 = VERTEX_POINT('',#3925);
#3925 = CARTESIAN_POINT('',(-0.89,2.25,0.31));
#3926 = LINE('',#3927,#3928);
#3927 = CARTESIAN_POINT('',(-0.89,2.25,0.19));
#3928 = VECTOR('',#3929,1.);
#3929 = DIRECTION('',(0.,0.,1.));
#3930 = ORIENTED_EDGE('',*,*,#3931,.F.);
#3931 = EDGE_CURVE('',#3908,#3924,#3932,.T.);
#3932 = LINE('',#3933,#3934);
#3933 = CARTESIAN_POINT('',(-0.89,2.15,0.31));
#3934 = VECTOR('',#3935,1.);
#3935 = DIRECTION('',(0.,1.,0.));
#3936 = PLANE('',#3937);
#3937 = AXIS2_PLACEMENT_3D('',#3938,#3939,#3940);
#3938 = CARTESIAN_POINT('',(-0.89,2.15,0.19));
#3939 = DIRECTION('',(1.,0.,0.));
#3940 = DIRECTION('',(0.,0.,1.));
#3941 = ADVANCED_FACE('',(#3942),#3976,.T.);
#3942 = FACE_BOUND('',#3943,.T.);
#3943 = EDGE_LOOP('',(#3944,#3954,#3962,#3970));
#3944 = ORIENTED_EDGE('',*,*,#3945,.F.);
#3945 = EDGE_CURVE('',#3946,#3948,#3950,.T.);
#3946 = VERTEX_POINT('',#3947);
#3947 = CARTESIAN_POINT('',(-0.24,2.15,0.19));
#3948 = VERTEX_POINT('',#3949);
#3949 = CARTESIAN_POINT('',(-0.24,2.15,0.31));
#3950 = LINE('',#3951,#3952);
#3951 = CARTESIAN_POINT('',(-0.24,2.15,0.19));
#3952 = VECTOR('',#3953,1.);
#3953 = DIRECTION('',(0.,0.,1.));
#3954 = ORIENTED_EDGE('',*,*,#3955,.T.);
#3955 = EDGE_CURVE('',#3946,#3956,#3958,.T.);
#3956 = VERTEX_POINT('',#3957);
#3957 = CARTESIAN_POINT('',(-0.24,2.25,0.19));
#3958 = LINE('',#3959,#3960);
#3959 = CARTESIAN_POINT('',(-0.24,2.15,0.19));
#3960 = VECTOR('',#3961,1.);
#3961 = DIRECTION('',(0.,1.,0.));
#3962 = ORIENTED_EDGE('',*,*,#3963,.T.);
#3963 = EDGE_CURVE('',#3956,#3964,#3966,.T.);
#3964 = VERTEX_POINT('',#3965);
#3965 = CARTESIAN_POINT('',(-0.24,2.25,0.31));
#3966 = LINE('',#3967,#3968);
#3967 = CARTESIAN_POINT('',(-0.24,2.25,0.19));
#3968 = VECTOR('',#3969,1.);
#3969 = DIRECTION('',(0.,0.,1.));
#3970 = ORIENTED_EDGE('',*,*,#3971,.F.);
#3971 = EDGE_CURVE('',#3948,#3964,#3972,.T.);
#3972 = LINE('',#3973,#3974);
#3973 = CARTESIAN_POINT('',(-0.24,2.15,0.31));
#3974 = VECTOR('',#3975,1.);
#3975 = DIRECTION('',(0.,1.,0.));
#3976 = PLANE('',#3977);
#3977 = AXIS2_PLACEMENT_3D('',#3978,#3979,#3980);
#3978 = CARTESIAN_POINT('',(-0.24,2.15,0.19));
#3979 = DIRECTION('',(1.,0.,0.));
#3980 = DIRECTION('',(0.,0.,1.));
#3981 = ADVANCED_FACE('',(#3982),#3998,.F.);
#3982 = FACE_BOUND('',#3983,.F.);
#3983 = EDGE_LOOP('',(#3984,#3990,#3991,#3997));
#3984 = ORIENTED_EDGE('',*,*,#3985,.F.);
#3985 = EDGE_CURVE('',#3906,#3946,#3986,.T.);
#3986 = LINE('',#3987,#3988);
#3987 = CARTESIAN_POINT('',(-0.89,2.15,0.19));
#3988 = VECTOR('',#3989,1.);
#3989 = DIRECTION('',(1.,0.,0.));
#3990 = ORIENTED_EDGE('',*,*,#3905,.T.);
#3991 = ORIENTED_EDGE('',*,*,#3992,.T.);
#3992 = EDGE_CURVE('',#3908,#3948,#3993,.T.);
#3993 = LINE('',#3994,#3995);
#3994 = CARTESIAN_POINT('',(-0.89,2.15,0.31));
#3995 = VECTOR('',#3996,1.);
#3996 = DIRECTION('',(1.,0.,0.));
#3997 = ORIENTED_EDGE('',*,*,#3945,.F.);
#3998 = PLANE('',#3999);
#3999 = AXIS2_PLACEMENT_3D('',#4000,#4001,#4002);
#4000 = CARTESIAN_POINT('',(-0.89,2.15,0.19));
#4001 = DIRECTION('',(0.,1.,0.));
#4002 = DIRECTION('',(0.,0.,1.));
#4003 = ADVANCED_FACE('',(#4004),#4020,.T.);
#4004 = FACE_BOUND('',#4005,.T.);
#4005 = EDGE_LOOP('',(#4006,#4012,#4013,#4019));
#4006 = ORIENTED_EDGE('',*,*,#4007,.F.);
#4007 = EDGE_CURVE('',#3916,#3956,#4008,.T.);
#4008 = LINE('',#4009,#4010);
#4009 = CARTESIAN_POINT('',(-0.89,2.25,0.19));
#4010 = VECTOR('',#4011,1.);
#4011 = DIRECTION('',(1.,0.,0.));
#4012 = ORIENTED_EDGE('',*,*,#3923,.T.);
#4013 = ORIENTED_EDGE('',*,*,#4014,.T.);
#4014 = EDGE_CURVE('',#3924,#3964,#4015,.T.);
#4015 = LINE('',#4016,#4017);
#4016 = CARTESIAN_POINT('',(-0.89,2.25,0.31));
#4017 = VECTOR('',#4018,1.);
#4018 = DIRECTION('',(1.,0.,0.));
#4019 = ORIENTED_EDGE('',*,*,#3963,.F.);
#4020 = PLANE('',#4021);
#4021 = AXIS2_PLACEMENT_3D('',#4022,#4023,#4024);
#4022 = CARTESIAN_POINT('',(-0.89,2.25,0.19));
#4023 = DIRECTION('',(0.,1.,0.));
#4024 = DIRECTION('',(0.,0.,1.));
#4025 = ADVANCED_FACE('',(#4026),#4032,.F.);
#4026 = FACE_BOUND('',#4027,.F.);
#4027 = EDGE_LOOP('',(#4028,#4029,#4030,#4031));
#4028 = ORIENTED_EDGE('',*,*,#3915,.F.);
#4029 = ORIENTED_EDGE('',*,*,#3985,.T.);
#4030 = ORIENTED_EDGE('',*,*,#3955,.T.);
#4031 = ORIENTED_EDGE('',*,*,#4007,.F.);
#4032 = PLANE('',#4033);
#4033 = AXIS2_PLACEMENT_3D('',#4034,#4035,#4036);
#4034 = CARTESIAN_POINT('',(-0.89,2.15,0.19));
#4035 = DIRECTION('',(0.,0.,1.));
#4036 = DIRECTION('',(1.,0.,0.));
#4037 = ADVANCED_FACE('',(#4038),#4044,.T.);
#4038 = FACE_BOUND('',#4039,.T.);
#4039 = EDGE_LOOP('',(#4040,#4041,#4042,#4043));
#4040 = ORIENTED_EDGE('',*,*,#3931,.F.);
#4041 = ORIENTED_EDGE('',*,*,#3992,.T.);
#4042 = ORIENTED_EDGE('',*,*,#3971,.T.);
#4043 = ORIENTED_EDGE('',*,*,#4014,.F.);
#4044 = PLANE('',#4045);
#4045 = AXIS2_PLACEMENT_3D('',#4046,#4047,#4048);
#4046 = CARTESIAN_POINT('',(-0.89,2.15,0.31));
#4047 = DIRECTION('',(0.,0.,1.));
#4048 = DIRECTION('',(1.,0.,0.));
#4049 = MANIFOLD_SOLID_BREP('',#4050);
#4050 = CLOSED_SHELL('',(#4051,#4091,#4131,#4153,#4175,#4187));
#4051 = ADVANCED_FACE('',(#4052),#4086,.F.);
#4052 = FACE_BOUND('',#4053,.F.);
#4053 = EDGE_LOOP('',(#4054,#4064,#4072,#4080));
#4054 = ORIENTED_EDGE('',*,*,#4055,.F.);
#4055 = EDGE_CURVE('',#4056,#4058,#4060,.T.);
#4056 = VERTEX_POINT('',#4057);
#4057 = CARTESIAN_POINT('',(0.92,-2.25,0.));
#4058 = VERTEX_POINT('',#4059);
#4059 = CARTESIAN_POINT('',(0.92,-2.25,0.1));
#4060 = LINE('',#4061,#4062);
#4061 = CARTESIAN_POINT('',(0.92,-2.25,0.));
#4062 = VECTOR('',#4063,1.);
#4063 = DIRECTION('',(0.,0.,1.));
#4064 = ORIENTED_EDGE('',*,*,#4065,.T.);
#4065 = EDGE_CURVE('',#4056,#4066,#4068,.T.);
#4066 = VERTEX_POINT('',#4067);
#4067 = CARTESIAN_POINT('',(0.92,-2.15,0.));
#4068 = LINE('',#4069,#4070);
#4069 = CARTESIAN_POINT('',(0.92,-2.25,0.));
#4070 = VECTOR('',#4071,1.);
#4071 = DIRECTION('',(0.,1.,0.));
#4072 = ORIENTED_EDGE('',*,*,#4073,.T.);
#4073 = EDGE_CURVE('',#4066,#4074,#4076,.T.);
#4074 = VERTEX_POINT('',#4075);
#4075 = CARTESIAN_POINT('',(0.92,-2.15,0.1));
#4076 = LINE('',#4077,#4078);
#4077 = CARTESIAN_POINT('',(0.92,-2.15,0.));
#4078 = VECTOR('',#4079,1.);
#4079 = DIRECTION('',(0.,0.,1.));
#4080 = ORIENTED_EDGE('',*,*,#4081,.F.);
#4081 = EDGE_CURVE('',#4058,#4074,#4082,.T.);
#4082 = LINE('',#4083,#4084);
#4083 = CARTESIAN_POINT('',(0.92,-2.25,0.1));
#4084 = VECTOR('',#4085,1.);
#4085 = DIRECTION('',(0.,1.,0.));
#4086 = PLANE('',#4087);
#4087 = AXIS2_PLACEMENT_3D('',#4088,#4089,#4090);
#4088 = CARTESIAN_POINT('',(0.92,-2.25,0.));
#4089 = DIRECTION('',(1.,0.,0.));
#4090 = DIRECTION('',(0.,0.,1.));
#4091 = ADVANCED_FACE('',(#4092),#4126,.T.);
#4092 = FACE_BOUND('',#4093,.T.);
#4093 = EDGE_LOOP('',(#4094,#4104,#4112,#4120));
#4094 = ORIENTED_EDGE('',*,*,#4095,.F.);
#4095 = EDGE_CURVE('',#4096,#4098,#4100,.T.);
#4096 = VERTEX_POINT('',#4097);
#4097 = CARTESIAN_POINT('',(1.295,-2.25,0.));
#4098 = VERTEX_POINT('',#4099);
#4099 = CARTESIAN_POINT('',(1.295,-2.25,0.1));
#4100 = LINE('',#4101,#4102);
#4101 = CARTESIAN_POINT('',(1.295,-2.25,0.));
#4102 = VECTOR('',#4103,1.);
#4103 = DIRECTION('',(0.,0.,1.));
#4104 = ORIENTED_EDGE('',*,*,#4105,.T.);
#4105 = EDGE_CURVE('',#4096,#4106,#4108,.T.);
#4106 = VERTEX_POINT('',#4107);
#4107 = CARTESIAN_POINT('',(1.295,-2.15,0.));
#4108 = LINE('',#4109,#4110);
#4109 = CARTESIAN_POINT('',(1.295,-2.25,0.));
#4110 = VECTOR('',#4111,1.);
#4111 = DIRECTION('',(0.,1.,0.));
#4112 = ORIENTED_EDGE('',*,*,#4113,.T.);
#4113 = EDGE_CURVE('',#4106,#4114,#4116,.T.);
#4114 = VERTEX_POINT('',#4115);
#4115 = CARTESIAN_POINT('',(1.295,-2.15,0.1));
#4116 = LINE('',#4117,#4118);
#4117 = CARTESIAN_POINT('',(1.295,-2.15,0.));
#4118 = VECTOR('',#4119,1.);
#4119 = DIRECTION('',(0.,0.,1.));
#4120 = ORIENTED_EDGE('',*,*,#4121,.F.);
#4121 = EDGE_CURVE('',#4098,#4114,#4122,.T.);
#4122 = LINE('',#4123,#4124);
#4123 = CARTESIAN_POINT('',(1.295,-2.25,0.1));
#4124 = VECTOR('',#4125,1.);
#4125 = DIRECTION('',(0.,1.,0.));
#4126 = PLANE('',#4127);
#4127 = AXIS2_PLACEMENT_3D('',#4128,#4129,#4130);
#4128 = CARTESIAN_POINT('',(1.295,-2.25,0.));
#4129 = DIRECTION('',(1.,0.,0.));
#4130 = DIRECTION('',(0.,0.,1.));
#4131 = ADVANCED_FACE('',(#4132),#4148,.F.);
#4132 = FACE_BOUND('',#4133,.F.);
#4133 = EDGE_LOOP('',(#4134,#4140,#4141,#4147));
#4134 = ORIENTED_EDGE('',*,*,#4135,.F.);
#4135 = EDGE_CURVE('',#4056,#4096,#4136,.T.);
#4136 = LINE('',#4137,#4138);
#4137 = CARTESIAN_POINT('',(0.92,-2.25,0.));
#4138 = VECTOR('',#4139,1.);
#4139 = DIRECTION('',(1.,0.,0.));
#4140 = ORIENTED_EDGE('',*,*,#4055,.T.);
#4141 = ORIENTED_EDGE('',*,*,#4142,.T.);
#4142 = EDGE_CURVE('',#4058,#4098,#4143,.T.);
#4143 = LINE('',#4144,#4145);
#4144 = CARTESIAN_POINT('',(0.92,-2.25,0.1));
#4145 = VECTOR('',#4146,1.);
#4146 = DIRECTION('',(1.,0.,0.));
#4147 = ORIENTED_EDGE('',*,*,#4095,.F.);
#4148 = PLANE('',#4149);
#4149 = AXIS2_PLACEMENT_3D('',#4150,#4151,#4152);
#4150 = CARTESIAN_POINT('',(0.92,-2.25,0.));
#4151 = DIRECTION('',(0.,1.,0.));
#4152 = DIRECTION('',(0.,0.,1.));
#4153 = ADVANCED_FACE('',(#4154),#4170,.T.);
#4154 = FACE_BOUND('',#4155,.T.);
#4155 = EDGE_LOOP('',(#4156,#4162,#4163,#4169));
#4156 = ORIENTED_EDGE('',*,*,#4157,.F.);
#4157 = EDGE_CURVE('',#4066,#4106,#4158,.T.);
#4158 = LINE('',#4159,#4160);
#4159 = CARTESIAN_POINT('',(0.92,-2.15,0.));
#4160 = VECTOR('',#4161,1.);
#4161 = DIRECTION('',(1.,0.,0.));
#4162 = ORIENTED_EDGE('',*,*,#4073,.T.);
#4163 = ORIENTED_EDGE('',*,*,#4164,.T.);
#4164 = EDGE_CURVE('',#4074,#4114,#4165,.T.);
#4165 = LINE('',#4166,#4167);
#4166 = CARTESIAN_POINT('',(0.92,-2.15,0.1));
#4167 = VECTOR('',#4168,1.);
#4168 = DIRECTION('',(1.,0.,0.));
#4169 = ORIENTED_EDGE('',*,*,#4113,.F.);
#4170 = PLANE('',#4171);
#4171 = AXIS2_PLACEMENT_3D('',#4172,#4173,#4174);
#4172 = CARTESIAN_POINT('',(0.92,-2.15,0.));
#4173 = DIRECTION('',(0.,1.,0.));
#4174 = DIRECTION('',(0.,0.,1.));
#4175 = ADVANCED_FACE('',(#4176),#4182,.F.);
#4176 = FACE_BOUND('',#4177,.F.);
#4177 = EDGE_LOOP('',(#4178,#4179,#4180,#4181));
#4178 = ORIENTED_EDGE('',*,*,#4065,.F.);
#4179 = ORIENTED_EDGE('',*,*,#4135,.T.);
#4180 = ORIENTED_EDGE('',*,*,#4105,.T.);
#4181 = ORIENTED_EDGE('',*,*,#4157,.F.);
#4182 = PLANE('',#4183);
#4183 = AXIS2_PLACEMENT_3D('',#4184,#4185,#4186);
#4184 = CARTESIAN_POINT('',(0.92,-2.25,0.));
#4185 = DIRECTION('',(0.,0.,1.));
#4186 = DIRECTION('',(1.,0.,0.));
#4187 = ADVANCED_FACE('',(#4188),#4194,.T.);
#4188 = FACE_BOUND('',#4189,.T.);
#4189 = EDGE_LOOP('',(#4190,#4191,#4192,#4193));
#4190 = ORIENTED_EDGE('',*,*,#4081,.F.);
#4191 = ORIENTED_EDGE('',*,*,#4142,.T.);
#4192 = ORIENTED_EDGE('',*,*,#4121,.T.);
#4193 = ORIENTED_EDGE('',*,*,#4164,.F.);
#4194 = PLANE('',#4195);
#4195 = AXIS2_PLACEMENT_3D('',#4196,#4197,#4198);
#4196 = CARTESIAN_POINT('',(0.92,-2.25,0.1));
#4197 = DIRECTION('',(0.,0.,1.));
#4198 = DIRECTION('',(1.,0.,0.));
#4199 = MANIFOLD_SOLID_BREP('',#4200);
#4200 = CLOSED_SHELL('',(#4201,#4241,#4281,#4303,#4325,#4337));
#4201 = ADVANCED_FACE('',(#4202),#4236,.F.);
#4202 = FACE_BOUND('',#4203,.F.);
#4203 = EDGE_LOOP('',(#4204,#4214,#4222,#4230));
#4204 = ORIENTED_EDGE('',*,*,#4205,.F.);
#4205 = EDGE_CURVE('',#4206,#4208,#4210,.T.);
#4206 = VERTEX_POINT('',#4207);
#4207 = CARTESIAN_POINT('',(0.24,-2.25,0.19));
#4208 = VERTEX_POINT('',#4209);
#4209 = CARTESIAN_POINT('',(0.24,-2.25,0.31));
#4210 = LINE('',#4211,#4212);
#4211 = CARTESIAN_POINT('',(0.24,-2.25,0.19));
#4212 = VECTOR('',#4213,1.);
#4213 = DIRECTION('',(0.,0.,1.));
#4214 = ORIENTED_EDGE('',*,*,#4215,.T.);
#4215 = EDGE_CURVE('',#4206,#4216,#4218,.T.);
#4216 = VERTEX_POINT('',#4217);
#4217 = CARTESIAN_POINT('',(0.24,-2.15,0.19));
#4218 = LINE('',#4219,#4220);
#4219 = CARTESIAN_POINT('',(0.24,-2.25,0.19));
#4220 = VECTOR('',#4221,1.);
#4221 = DIRECTION('',(0.,1.,0.));
#4222 = ORIENTED_EDGE('',*,*,#4223,.T.);
#4223 = EDGE_CURVE('',#4216,#4224,#4226,.T.);
#4224 = VERTEX_POINT('',#4225);
#4225 = CARTESIAN_POINT('',(0.24,-2.15,0.31));
#4226 = LINE('',#4227,#4228);
#4227 = CARTESIAN_POINT('',(0.24,-2.15,0.19));
#4228 = VECTOR('',#4229,1.);
#4229 = DIRECTION('',(0.,0.,1.));
#4230 = ORIENTED_EDGE('',*,*,#4231,.F.);
#4231 = EDGE_CURVE('',#4208,#4224,#4232,.T.);
#4232 = LINE('',#4233,#4234);
#4233 = CARTESIAN_POINT('',(0.24,-2.25,0.31));
#4234 = VECTOR('',#4235,1.);
#4235 = DIRECTION('',(0.,1.,0.));
#4236 = PLANE('',#4237);
#4237 = AXIS2_PLACEMENT_3D('',#4238,#4239,#4240);
#4238 = CARTESIAN_POINT('',(0.24,-2.25,0.19));
#4239 = DIRECTION('',(1.,0.,0.));
#4240 = DIRECTION('',(0.,0.,1.));
#4241 = ADVANCED_FACE('',(#4242),#4276,.T.);
#4242 = FACE_BOUND('',#4243,.T.);
#4243 = EDGE_LOOP('',(#4244,#4254,#4262,#4270));
#4244 = ORIENTED_EDGE('',*,*,#4245,.F.);
#4245 = EDGE_CURVE('',#4246,#4248,#4250,.T.);
#4246 = VERTEX_POINT('',#4247);
#4247 = CARTESIAN_POINT('',(0.89,-2.25,0.19));
#4248 = VERTEX_POINT('',#4249);
#4249 = CARTESIAN_POINT('',(0.89,-2.25,0.31));
#4250 = LINE('',#4251,#4252);
#4251 = CARTESIAN_POINT('',(0.89,-2.25,0.19));
#4252 = VECTOR('',#4253,1.);
#4253 = DIRECTION('',(0.,0.,1.));
#4254 = ORIENTED_EDGE('',*,*,#4255,.T.);
#4255 = EDGE_CURVE('',#4246,#4256,#4258,.T.);
#4256 = VERTEX_POINT('',#4257);
#4257 = CARTESIAN_POINT('',(0.89,-2.15,0.19));
#4258 = LINE('',#4259,#4260);
#4259 = CARTESIAN_POINT('',(0.89,-2.25,0.19));
#4260 = VECTOR('',#4261,1.);
#4261 = DIRECTION('',(0.,1.,0.));
#4262 = ORIENTED_EDGE('',*,*,#4263,.T.);
#4263 = EDGE_CURVE('',#4256,#4264,#4266,.T.);
#4264 = VERTEX_POINT('',#4265);
#4265 = CARTESIAN_POINT('',(0.89,-2.15,0.31));
#4266 = LINE('',#4267,#4268);
#4267 = CARTESIAN_POINT('',(0.89,-2.15,0.19));
#4268 = VECTOR('',#4269,1.);
#4269 = DIRECTION('',(0.,0.,1.));
#4270 = ORIENTED_EDGE('',*,*,#4271,.F.);
#4271 = EDGE_CURVE('',#4248,#4264,#4272,.T.);
#4272 = LINE('',#4273,#4274);
#4273 = CARTESIAN_POINT('',(0.89,-2.25,0.31));
#4274 = VECTOR('',#4275,1.);
#4275 = DIRECTION('',(0.,1.,0.));
#4276 = PLANE('',#4277);
#4277 = AXIS2_PLACEMENT_3D('',#4278,#4279,#4280);
#4278 = CARTESIAN_POINT('',(0.89,-2.25,0.19));
#4279 = DIRECTION('',(1.,0.,0.));
#4280 = DIRECTION('',(0.,0.,1.));
#4281 = ADVANCED_FACE('',(#4282),#4298,.F.);
#4282 = FACE_BOUND('',#4283,.F.);
#4283 = EDGE_LOOP('',(#4284,#4290,#4291,#4297));
#4284 = ORIENTED_EDGE('',*,*,#4285,.F.);
#4285 = EDGE_CURVE('',#4206,#4246,#4286,.T.);
#4286 = LINE('',#4287,#4288);
#4287 = CARTESIAN_POINT('',(0.24,-2.25,0.19));
#4288 = VECTOR('',#4289,1.);
#4289 = DIRECTION('',(1.,0.,0.));
#4290 = ORIENTED_EDGE('',*,*,#4205,.T.);
#4291 = ORIENTED_EDGE('',*,*,#4292,.T.);
#4292 = EDGE_CURVE('',#4208,#4248,#4293,.T.);
#4293 = LINE('',#4294,#4295);
#4294 = CARTESIAN_POINT('',(0.24,-2.25,0.31));
#4295 = VECTOR('',#4296,1.);
#4296 = DIRECTION('',(1.,0.,0.));
#4297 = ORIENTED_EDGE('',*,*,#4245,.F.);
#4298 = PLANE('',#4299);
#4299 = AXIS2_PLACEMENT_3D('',#4300,#4301,#4302);
#4300 = CARTESIAN_POINT('',(0.24,-2.25,0.19));
#4301 = DIRECTION('',(0.,1.,0.));
#4302 = DIRECTION('',(0.,0.,1.));
#4303 = ADVANCED_FACE('',(#4304),#4320,.T.);
#4304 = FACE_BOUND('',#4305,.T.);
#4305 = EDGE_LOOP('',(#4306,#4312,#4313,#4319));
#4306 = ORIENTED_EDGE('',*,*,#4307,.F.);
#4307 = EDGE_CURVE('',#4216,#4256,#4308,.T.);
#4308 = LINE('',#4309,#4310);
#4309 = CARTESIAN_POINT('',(0.24,-2.15,0.19));
#4310 = VECTOR('',#4311,1.);
#4311 = DIRECTION('',(1.,0.,0.));
#4312 = ORIENTED_EDGE('',*,*,#4223,.T.);
#4313 = ORIENTED_EDGE('',*,*,#4314,.T.);
#4314 = EDGE_CURVE('',#4224,#4264,#4315,.T.);
#4315 = LINE('',#4316,#4317);
#4316 = CARTESIAN_POINT('',(0.24,-2.15,0.31));
#4317 = VECTOR('',#4318,1.);
#4318 = DIRECTION('',(1.,0.,0.));
#4319 = ORIENTED_EDGE('',*,*,#4263,.F.);
#4320 = PLANE('',#4321);
#4321 = AXIS2_PLACEMENT_3D('',#4322,#4323,#4324);
#4322 = CARTESIAN_POINT('',(0.24,-2.15,0.19));
#4323 = DIRECTION('',(0.,1.,0.));
#4324 = DIRECTION('',(0.,0.,1.));
#4325 = ADVANCED_FACE('',(#4326),#4332,.F.);
#4326 = FACE_BOUND('',#4327,.F.);
#4327 = EDGE_LOOP('',(#4328,#4329,#4330,#4331));
#4328 = ORIENTED_EDGE('',*,*,#4215,.F.);
#4329 = ORIENTED_EDGE('',*,*,#4285,.T.);
#4330 = ORIENTED_EDGE('',*,*,#4255,.T.);
#4331 = ORIENTED_EDGE('',*,*,#4307,.F.);
#4332 = PLANE('',#4333);
#4333 = AXIS2_PLACEMENT_3D('',#4334,#4335,#4336);
#4334 = CARTESIAN_POINT('',(0.24,-2.25,0.19));
#4335 = DIRECTION('',(0.,0.,1.));
#4336 = DIRECTION('',(1.,0.,0.));
#4337 = ADVANCED_FACE('',(#4338),#4344,.T.);
#4338 = FACE_BOUND('',#4339,.T.);
#4339 = EDGE_LOOP('',(#4340,#4341,#4342,#4343));
#4340 = ORIENTED_EDGE('',*,*,#4231,.F.);
#4341 = ORIENTED_EDGE('',*,*,#4292,.T.);
#4342 = ORIENTED_EDGE('',*,*,#4271,.T.);
#4343 = ORIENTED_EDGE('',*,*,#4314,.F.);
#4344 = PLANE('',#4345);
#4345 = AXIS2_PLACEMENT_3D('',#4346,#4347,#4348);
#4346 = CARTESIAN_POINT('',(0.24,-2.25,0.31));
#4347 = DIRECTION('',(0.,0.,1.));
#4348 = DIRECTION('',(1.,0.,0.));
#4349 = MANIFOLD_SOLID_BREP('',#4350);
#4350 = CLOSED_SHELL('',(#4351,#4391,#4431,#4453,#4475,#4487));
#4351 = ADVANCED_FACE('',(#4352),#4386,.F.);
#4352 = FACE_BOUND('',#4353,.F.);
#4353 = EDGE_LOOP('',(#4354,#4364,#4372,#4380));
#4354 = ORIENTED_EDGE('',*,*,#4355,.F.);
#4355 = EDGE_CURVE('',#4356,#4358,#4360,.T.);
#4356 = VERTEX_POINT('',#4357);
#4357 = CARTESIAN_POINT('',(0.92,-1.85,0.));
#4358 = VERTEX_POINT('',#4359);
#4359 = CARTESIAN_POINT('',(0.92,-1.85,0.1));
#4360 = LINE('',#4361,#4362);
#4361 = CARTESIAN_POINT('',(0.92,-1.85,0.));
#4362 = VECTOR('',#4363,1.);
#4363 = DIRECTION('',(0.,0.,1.));
#4364 = ORIENTED_EDGE('',*,*,#4365,.T.);
#4365 = EDGE_CURVE('',#4356,#4366,#4368,.T.);
#4366 = VERTEX_POINT('',#4367);
#4367 = CARTESIAN_POINT('',(0.92,-1.75,0.));
#4368 = LINE('',#4369,#4370);
#4369 = CARTESIAN_POINT('',(0.92,-1.85,0.));
#4370 = VECTOR('',#4371,1.);
#4371 = DIRECTION('',(0.,1.,0.));
#4372 = ORIENTED_EDGE('',*,*,#4373,.T.);
#4373 = EDGE_CURVE('',#4366,#4374,#4376,.T.);
#4374 = VERTEX_POINT('',#4375);
#4375 = CARTESIAN_POINT('',(0.92,-1.75,0.1));
#4376 = LINE('',#4377,#4378);
#4377 = CARTESIAN_POINT('',(0.92,-1.75,0.));
#4378 = VECTOR('',#4379,1.);
#4379 = DIRECTION('',(0.,0.,1.));
#4380 = ORIENTED_EDGE('',*,*,#4381,.F.);
#4381 = EDGE_CURVE('',#4358,#4374,#4382,.T.);
#4382 = LINE('',#4383,#4384);
#4383 = CARTESIAN_POINT('',(0.92,-1.85,0.1));
#4384 = VECTOR('',#4385,1.);
#4385 = DIRECTION('',(0.,1.,0.));
#4386 = PLANE('',#4387);
#4387 = AXIS2_PLACEMENT_3D('',#4388,#4389,#4390);
#4388 = CARTESIAN_POINT('',(0.92,-1.85,0.));
#4389 = DIRECTION('',(1.,0.,0.));
#4390 = DIRECTION('',(0.,0.,1.));
#4391 = ADVANCED_FACE('',(#4392),#4426,.T.);
#4392 = FACE_BOUND('',#4393,.T.);
#4393 = EDGE_LOOP('',(#4394,#4404,#4412,#4420));
#4394 = ORIENTED_EDGE('',*,*,#4395,.F.);
#4395 = EDGE_CURVE('',#4396,#4398,#4400,.T.);
#4396 = VERTEX_POINT('',#4397);
#4397 = CARTESIAN_POINT('',(1.295,-1.85,0.));
#4398 = VERTEX_POINT('',#4399);
#4399 = CARTESIAN_POINT('',(1.295,-1.85,0.1));
#4400 = LINE('',#4401,#4402);
#4401 = CARTESIAN_POINT('',(1.295,-1.85,0.));
#4402 = VECTOR('',#4403,1.);
#4403 = DIRECTION('',(0.,0.,1.));
#4404 = ORIENTED_EDGE('',*,*,#4405,.T.);
#4405 = EDGE_CURVE('',#4396,#4406,#4408,.T.);
#4406 = VERTEX_POINT('',#4407);
#4407 = CARTESIAN_POINT('',(1.295,-1.75,0.));
#4408 = LINE('',#4409,#4410);
#4409 = CARTESIAN_POINT('',(1.295,-1.85,0.));
#4410 = VECTOR('',#4411,1.);
#4411 = DIRECTION('',(0.,1.,0.));
#4412 = ORIENTED_EDGE('',*,*,#4413,.T.);
#4413 = EDGE_CURVE('',#4406,#4414,#4416,.T.);
#4414 = VERTEX_POINT('',#4415);
#4415 = CARTESIAN_POINT('',(1.295,-1.75,0.1));
#4416 = LINE('',#4417,#4418);
#4417 = CARTESIAN_POINT('',(1.295,-1.75,0.));
#4418 = VECTOR('',#4419,1.);
#4419 = DIRECTION('',(0.,0.,1.));
#4420 = ORIENTED_EDGE('',*,*,#4421,.F.);
#4421 = EDGE_CURVE('',#4398,#4414,#4422,.T.);
#4422 = LINE('',#4423,#4424);
#4423 = CARTESIAN_POINT('',(1.295,-1.85,0.1));
#4424 = VECTOR('',#4425,1.);
#4425 = DIRECTION('',(0.,1.,0.));
#4426 = PLANE('',#4427);
#4427 = AXIS2_PLACEMENT_3D('',#4428,#4429,#4430);
#4428 = CARTESIAN_POINT('',(1.295,-1.85,0.));
#4429 = DIRECTION('',(1.,0.,0.));
#4430 = DIRECTION('',(0.,0.,1.));
#4431 = ADVANCED_FACE('',(#4432),#4448,.F.);
#4432 = FACE_BOUND('',#4433,.F.);
#4433 = EDGE_LOOP('',(#4434,#4440,#4441,#4447));
#4434 = ORIENTED_EDGE('',*,*,#4435,.F.);
#4435 = EDGE_CURVE('',#4356,#4396,#4436,.T.);
#4436 = LINE('',#4437,#4438);
#4437 = CARTESIAN_POINT('',(0.92,-1.85,0.));
#4438 = VECTOR('',#4439,1.);
#4439 = DIRECTION('',(1.,0.,0.));
#4440 = ORIENTED_EDGE('',*,*,#4355,.T.);
#4441 = ORIENTED_EDGE('',*,*,#4442,.T.);
#4442 = EDGE_CURVE('',#4358,#4398,#4443,.T.);
#4443 = LINE('',#4444,#4445);
#4444 = CARTESIAN_POINT('',(0.92,-1.85,0.1));
#4445 = VECTOR('',#4446,1.);
#4446 = DIRECTION('',(1.,0.,0.));
#4447 = ORIENTED_EDGE('',*,*,#4395,.F.);
#4448 = PLANE('',#4449);
#4449 = AXIS2_PLACEMENT_3D('',#4450,#4451,#4452);
#4450 = CARTESIAN_POINT('',(0.92,-1.85,0.));
#4451 = DIRECTION('',(0.,1.,0.));
#4452 = DIRECTION('',(0.,0.,1.));
#4453 = ADVANCED_FACE('',(#4454),#4470,.T.);
#4454 = FACE_BOUND('',#4455,.T.);
#4455 = EDGE_LOOP('',(#4456,#4462,#4463,#4469));
#4456 = ORIENTED_EDGE('',*,*,#4457,.F.);
#4457 = EDGE_CURVE('',#4366,#4406,#4458,.T.);
#4458 = LINE('',#4459,#4460);
#4459 = CARTESIAN_POINT('',(0.92,-1.75,0.));
#4460 = VECTOR('',#4461,1.);
#4461 = DIRECTION('',(1.,0.,0.));
#4462 = ORIENTED_EDGE('',*,*,#4373,.T.);
#4463 = ORIENTED_EDGE('',*,*,#4464,.T.);
#4464 = EDGE_CURVE('',#4374,#4414,#4465,.T.);
#4465 = LINE('',#4466,#4467);
#4466 = CARTESIAN_POINT('',(0.92,-1.75,0.1));
#4467 = VECTOR('',#4468,1.);
#4468 = DIRECTION('',(1.,0.,0.));
#4469 = ORIENTED_EDGE('',*,*,#4413,.F.);
#4470 = PLANE('',#4471);
#4471 = AXIS2_PLACEMENT_3D('',#4472,#4473,#4474);
#4472 = CARTESIAN_POINT('',(0.92,-1.75,0.));
#4473 = DIRECTION('',(0.,1.,0.));
#4474 = DIRECTION('',(0.,0.,1.));
#4475 = ADVANCED_FACE('',(#4476),#4482,.F.);
#4476 = FACE_BOUND('',#4477,.F.);
#4477 = EDGE_LOOP('',(#4478,#4479,#4480,#4481));
#4478 = ORIENTED_EDGE('',*,*,#4365,.F.);
#4479 = ORIENTED_EDGE('',*,*,#4435,.T.);
#4480 = ORIENTED_EDGE('',*,*,#4405,.T.);
#4481 = ORIENTED_EDGE('',*,*,#4457,.F.);
#4482 = PLANE('',#4483);
#4483 = AXIS2_PLACEMENT_3D('',#4484,#4485,#4486);
#4484 = CARTESIAN_POINT('',(0.92,-1.85,0.));
#4485 = DIRECTION('',(0.,0.,1.));
#4486 = DIRECTION('',(1.,0.,0.));
#4487 = ADVANCED_FACE('',(#4488),#4494,.T.);
#4488 = FACE_BOUND('',#4489,.T.);
#4489 = EDGE_LOOP('',(#4490,#4491,#4492,#4493));
#4490 = ORIENTED_EDGE('',*,*,#4381,.F.);
#4491 = ORIENTED_EDGE('',*,*,#4442,.T.);
#4492 = ORIENTED_EDGE('',*,*,#4421,.T.);
#4493 = ORIENTED_EDGE('',*,*,#4464,.F.);
#4494 = PLANE('',#4495);
#4495 = AXIS2_PLACEMENT_3D('',#4496,#4497,#4498);
#4496 = CARTESIAN_POINT('',(0.92,-1.85,0.1));
#4497 = DIRECTION('',(0.,0.,1.));
#4498 = DIRECTION('',(1.,0.,0.));
#4499 = MANIFOLD_SOLID_BREP('',#4500);
#4500 = CLOSED_SHELL('',(#4501,#4541,#4581,#4603,#4625,#4637));
#4501 = ADVANCED_FACE('',(#4502),#4536,.F.);
#4502 = FACE_BOUND('',#4503,.F.);
#4503 = EDGE_LOOP('',(#4504,#4514,#4522,#4530));
#4504 = ORIENTED_EDGE('',*,*,#4505,.F.);
#4505 = EDGE_CURVE('',#4506,#4508,#4510,.T.);
#4506 = VERTEX_POINT('',#4507);
#4507 = CARTESIAN_POINT('',(0.24,-1.85,0.19));
#4508 = VERTEX_POINT('',#4509);
#4509 = CARTESIAN_POINT('',(0.24,-1.85,0.31));
#4510 = LINE('',#4511,#4512);
#4511 = CARTESIAN_POINT('',(0.24,-1.85,0.19));
#4512 = VECTOR('',#4513,1.);
#4513 = DIRECTION('',(0.,0.,1.));
#4514 = ORIENTED_EDGE('',*,*,#4515,.T.);
#4515 = EDGE_CURVE('',#4506,#4516,#4518,.T.);
#4516 = VERTEX_POINT('',#4517);
#4517 = CARTESIAN_POINT('',(0.24,-1.75,0.19));
#4518 = LINE('',#4519,#4520);
#4519 = CARTESIAN_POINT('',(0.24,-1.85,0.19));
#4520 = VECTOR('',#4521,1.);
#4521 = DIRECTION('',(0.,1.,0.));
#4522 = ORIENTED_EDGE('',*,*,#4523,.T.);
#4523 = EDGE_CURVE('',#4516,#4524,#4526,.T.);
#4524 = VERTEX_POINT('',#4525);
#4525 = CARTESIAN_POINT('',(0.24,-1.75,0.31));
#4526 = LINE('',#4527,#4528);
#4527 = CARTESIAN_POINT('',(0.24,-1.75,0.19));
#4528 = VECTOR('',#4529,1.);
#4529 = DIRECTION('',(0.,0.,1.));
#4530 = ORIENTED_EDGE('',*,*,#4531,.F.);
#4531 = EDGE_CURVE('',#4508,#4524,#4532,.T.);
#4532 = LINE('',#4533,#4534);
#4533 = CARTESIAN_POINT('',(0.24,-1.85,0.31));
#4534 = VECTOR('',#4535,1.);
#4535 = DIRECTION('',(0.,1.,0.));
#4536 = PLANE('',#4537);
#4537 = AXIS2_PLACEMENT_3D('',#4538,#4539,#4540);
#4538 = CARTESIAN_POINT('',(0.24,-1.85,0.19));
#4539 = DIRECTION('',(1.,0.,0.));
#4540 = DIRECTION('',(0.,0.,1.));
#4541 = ADVANCED_FACE('',(#4542),#4576,.T.);
#4542 = FACE_BOUND('',#4543,.T.);
#4543 = EDGE_LOOP('',(#4544,#4554,#4562,#4570));
#4544 = ORIENTED_EDGE('',*,*,#4545,.F.);
#4545 = EDGE_CURVE('',#4546,#4548,#4550,.T.);
#4546 = VERTEX_POINT('',#4547);
#4547 = CARTESIAN_POINT('',(0.89,-1.85,0.19));
#4548 = VERTEX_POINT('',#4549);
#4549 = CARTESIAN_POINT('',(0.89,-1.85,0.31));
#4550 = LINE('',#4551,#4552);
#4551 = CARTESIAN_POINT('',(0.89,-1.85,0.19));
#4552 = VECTOR('',#4553,1.);
#4553 = DIRECTION('',(0.,0.,1.));
#4554 = ORIENTED_EDGE('',*,*,#4555,.T.);
#4555 = EDGE_CURVE('',#4546,#4556,#4558,.T.);
#4556 = VERTEX_POINT('',#4557);
#4557 = CARTESIAN_POINT('',(0.89,-1.75,0.19));
#4558 = LINE('',#4559,#4560);
#4559 = CARTESIAN_POINT('',(0.89,-1.85,0.19));
#4560 = VECTOR('',#4561,1.);
#4561 = DIRECTION('',(0.,1.,0.));
#4562 = ORIENTED_EDGE('',*,*,#4563,.T.);
#4563 = EDGE_CURVE('',#4556,#4564,#4566,.T.);
#4564 = VERTEX_POINT('',#4565);
#4565 = CARTESIAN_POINT('',(0.89,-1.75,0.31));
#4566 = LINE('',#4567,#4568);
#4567 = CARTESIAN_POINT('',(0.89,-1.75,0.19));
#4568 = VECTOR('',#4569,1.);
#4569 = DIRECTION('',(0.,0.,1.));
#4570 = ORIENTED_EDGE('',*,*,#4571,.F.);
#4571 = EDGE_CURVE('',#4548,#4564,#4572,.T.);
#4572 = LINE('',#4573,#4574);
#4573 = CARTESIAN_POINT('',(0.89,-1.85,0.31));
#4574 = VECTOR('',#4575,1.);
#4575 = DIRECTION('',(0.,1.,0.));
#4576 = PLANE('',#4577);
#4577 = AXIS2_PLACEMENT_3D('',#4578,#4579,#4580);
#4578 = CARTESIAN_POINT('',(0.89,-1.85,0.19));
#4579 = DIRECTION('',(1.,0.,0.));
#4580 = DIRECTION('',(0.,0.,1.));
#4581 = ADVANCED_FACE('',(#4582),#4598,.F.);
#4582 = FACE_BOUND('',#4583,.F.);
#4583 = EDGE_LOOP('',(#4584,#4590,#4591,#4597));
#4584 = ORIENTED_EDGE('',*,*,#4585,.F.);
#4585 = EDGE_CURVE('',#4506,#4546,#4586,.T.);
#4586 = LINE('',#4587,#4588);
#4587 = CARTESIAN_POINT('',(0.24,-1.85,0.19));
#4588 = VECTOR('',#4589,1.);
#4589 = DIRECTION('',(1.,0.,0.));
#4590 = ORIENTED_EDGE('',*,*,#4505,.T.);
#4591 = ORIENTED_EDGE('',*,*,#4592,.T.);
#4592 = EDGE_CURVE('',#4508,#4548,#4593,.T.);
#4593 = LINE('',#4594,#4595);
#4594 = CARTESIAN_POINT('',(0.24,-1.85,0.31));
#4595 = VECTOR('',#4596,1.);
#4596 = DIRECTION('',(1.,0.,0.));
#4597 = ORIENTED_EDGE('',*,*,#4545,.F.);
#4598 = PLANE('',#4599);
#4599 = AXIS2_PLACEMENT_3D('',#4600,#4601,#4602);
#4600 = CARTESIAN_POINT('',(0.24,-1.85,0.19));
#4601 = DIRECTION('',(0.,1.,0.));
#4602 = DIRECTION('',(0.,0.,1.));
#4603 = ADVANCED_FACE('',(#4604),#4620,.T.);
#4604 = FACE_BOUND('',#4605,.T.);
#4605 = EDGE_LOOP('',(#4606,#4612,#4613,#4619));
#4606 = ORIENTED_EDGE('',*,*,#4607,.F.);
#4607 = EDGE_CURVE('',#4516,#4556,#4608,.T.);
#4608 = LINE('',#4609,#4610);
#4609 = CARTESIAN_POINT('',(0.24,-1.75,0.19));
#4610 = VECTOR('',#4611,1.);
#4611 = DIRECTION('',(1.,0.,0.));
#4612 = ORIENTED_EDGE('',*,*,#4523,.T.);
#4613 = ORIENTED_EDGE('',*,*,#4614,.T.);
#4614 = EDGE_CURVE('',#4524,#4564,#4615,.T.);
#4615 = LINE('',#4616,#4617);
#4616 = CARTESIAN_POINT('',(0.24,-1.75,0.31));
#4617 = VECTOR('',#4618,1.);
#4618 = DIRECTION('',(1.,0.,0.));
#4619 = ORIENTED_EDGE('',*,*,#4563,.F.);
#4620 = PLANE('',#4621);
#4621 = AXIS2_PLACEMENT_3D('',#4622,#4623,#4624);
#4622 = CARTESIAN_POINT('',(0.24,-1.75,0.19));
#4623 = DIRECTION('',(0.,1.,0.));
#4624 = DIRECTION('',(0.,0.,1.));
#4625 = ADVANCED_FACE('',(#4626),#4632,.F.);
#4626 = FACE_BOUND('',#4627,.F.);
#4627 = EDGE_LOOP('',(#4628,#4629,#4630,#4631));
#4628 = ORIENTED_EDGE('',*,*,#4515,.F.);
#4629 = ORIENTED_EDGE('',*,*,#4585,.T.);
#4630 = ORIENTED_EDGE('',*,*,#4555,.T.);
#4631 = ORIENTED_EDGE('',*,*,#4607,.F.);
#4632 = PLANE('',#4633);
#4633 = AXIS2_PLACEMENT_3D('',#4634,#4635,#4636);
#4634 = CARTESIAN_POINT('',(0.24,-1.85,0.19));
#4635 = DIRECTION('',(0.,0.,1.));
#4636 = DIRECTION('',(1.,0.,0.));
#4637 = ADVANCED_FACE('',(#4638),#4644,.T.);
#4638 = FACE_BOUND('',#4639,.T.);
#4639 = EDGE_LOOP('',(#4640,#4641,#4642,#4643));
#4640 = ORIENTED_EDGE('',*,*,#4531,.F.);
#4641 = ORIENTED_EDGE('',*,*,#4592,.T.);
#4642 = ORIENTED_EDGE('',*,*,#4571,.T.);
#4643 = ORIENTED_EDGE('',*,*,#4614,.F.);
#4644 = PLANE('',#4645);
#4645 = AXIS2_PLACEMENT_3D('',#4646,#4647,#4648);
#4646 = CARTESIAN_POINT('',(0.24,-1.85,0.31));
#4647 = DIRECTION('',(0.,0.,1.));
#4648 = DIRECTION('',(1.,0.,0.));
#4649 = MANIFOLD_SOLID_BREP('',#4650);
#4650 = CLOSED_SHELL('',(#4651,#4691,#4731,#4753,#4775,#4787));
#4651 = ADVANCED_FACE('',(#4652),#4686,.F.);
#4652 = FACE_BOUND('',#4653,.F.);
#4653 = EDGE_LOOP('',(#4654,#4664,#4672,#4680));
#4654 = ORIENTED_EDGE('',*,*,#4655,.F.);
#4655 = EDGE_CURVE('',#4656,#4658,#4660,.T.);
#4656 = VERTEX_POINT('',#4657);
#4657 = CARTESIAN_POINT('',(0.92,-1.45,0.));
#4658 = VERTEX_POINT('',#4659);
#4659 = CARTESIAN_POINT('',(0.92,-1.45,0.1));
#4660 = LINE('',#4661,#4662);
#4661 = CARTESIAN_POINT('',(0.92,-1.45,0.));
#4662 = VECTOR('',#4663,1.);
#4663 = DIRECTION('',(0.,0.,1.));
#4664 = ORIENTED_EDGE('',*,*,#4665,.T.);
#4665 = EDGE_CURVE('',#4656,#4666,#4668,.T.);
#4666 = VERTEX_POINT('',#4667);
#4667 = CARTESIAN_POINT('',(0.92,-1.35,0.));
#4668 = LINE('',#4669,#4670);
#4669 = CARTESIAN_POINT('',(0.92,-1.45,0.));
#4670 = VECTOR('',#4671,1.);
#4671 = DIRECTION('',(0.,1.,0.));
#4672 = ORIENTED_EDGE('',*,*,#4673,.T.);
#4673 = EDGE_CURVE('',#4666,#4674,#4676,.T.);
#4674 = VERTEX_POINT('',#4675);
#4675 = CARTESIAN_POINT('',(0.92,-1.35,0.1));
#4676 = LINE('',#4677,#4678);
#4677 = CARTESIAN_POINT('',(0.92,-1.35,0.));
#4678 = VECTOR('',#4679,1.);
#4679 = DIRECTION('',(0.,0.,1.));
#4680 = ORIENTED_EDGE('',*,*,#4681,.F.);
#4681 = EDGE_CURVE('',#4658,#4674,#4682,.T.);
#4682 = LINE('',#4683,#4684);
#4683 = CARTESIAN_POINT('',(0.92,-1.45,0.1));
#4684 = VECTOR('',#4685,1.);
#4685 = DIRECTION('',(0.,1.,0.));
#4686 = PLANE('',#4687);
#4687 = AXIS2_PLACEMENT_3D('',#4688,#4689,#4690);
#4688 = CARTESIAN_POINT('',(0.92,-1.45,0.));
#4689 = DIRECTION('',(1.,0.,0.));
#4690 = DIRECTION('',(0.,0.,1.));
#4691 = ADVANCED_FACE('',(#4692),#4726,.T.);
#4692 = FACE_BOUND('',#4693,.T.);
#4693 = EDGE_LOOP('',(#4694,#4704,#4712,#4720));
#4694 = ORIENTED_EDGE('',*,*,#4695,.F.);
#4695 = EDGE_CURVE('',#4696,#4698,#4700,.T.);
#4696 = VERTEX_POINT('',#4697);
#4697 = CARTESIAN_POINT('',(1.295,-1.45,0.));
#4698 = VERTEX_POINT('',#4699);
#4699 = CARTESIAN_POINT('',(1.295,-1.45,0.1));
#4700 = LINE('',#4701,#4702);
#4701 = CARTESIAN_POINT('',(1.295,-1.45,0.));
#4702 = VECTOR('',#4703,1.);
#4703 = DIRECTION('',(0.,0.,1.));
#4704 = ORIENTED_EDGE('',*,*,#4705,.T.);
#4705 = EDGE_CURVE('',#4696,#4706,#4708,.T.);
#4706 = VERTEX_POINT('',#4707);
#4707 = CARTESIAN_POINT('',(1.295,-1.35,0.));
#4708 = LINE('',#4709,#4710);
#4709 = CARTESIAN_POINT('',(1.295,-1.45,0.));
#4710 = VECTOR('',#4711,1.);
#4711 = DIRECTION('',(0.,1.,0.));
#4712 = ORIENTED_EDGE('',*,*,#4713,.T.);
#4713 = EDGE_CURVE('',#4706,#4714,#4716,.T.);
#4714 = VERTEX_POINT('',#4715);
#4715 = CARTESIAN_POINT('',(1.295,-1.35,0.1));
#4716 = LINE('',#4717,#4718);
#4717 = CARTESIAN_POINT('',(1.295,-1.35,0.));
#4718 = VECTOR('',#4719,1.);
#4719 = DIRECTION('',(0.,0.,1.));
#4720 = ORIENTED_EDGE('',*,*,#4721,.F.);
#4721 = EDGE_CURVE('',#4698,#4714,#4722,.T.);
#4722 = LINE('',#4723,#4724);
#4723 = CARTESIAN_POINT('',(1.295,-1.45,0.1));
#4724 = VECTOR('',#4725,1.);
#4725 = DIRECTION('',(0.,1.,0.));
#4726 = PLANE('',#4727);
#4727 = AXIS2_PLACEMENT_3D('',#4728,#4729,#4730);
#4728 = CARTESIAN_POINT('',(1.295,-1.45,0.));
#4729 = DIRECTION('',(1.,0.,0.));
#4730 = DIRECTION('',(0.,0.,1.));
#4731 = ADVANCED_FACE('',(#4732),#4748,.F.);
#4732 = FACE_BOUND('',#4733,.F.);
#4733 = EDGE_LOOP('',(#4734,#4740,#4741,#4747));
#4734 = ORIENTED_EDGE('',*,*,#4735,.F.);
#4735 = EDGE_CURVE('',#4656,#4696,#4736,.T.);
#4736 = LINE('',#4737,#4738);
#4737 = CARTESIAN_POINT('',(0.92,-1.45,0.));
#4738 = VECTOR('',#4739,1.);
#4739 = DIRECTION('',(1.,0.,0.));
#4740 = ORIENTED_EDGE('',*,*,#4655,.T.);
#4741 = ORIENTED_EDGE('',*,*,#4742,.T.);
#4742 = EDGE_CURVE('',#4658,#4698,#4743,.T.);
#4743 = LINE('',#4744,#4745);
#4744 = CARTESIAN_POINT('',(0.92,-1.45,0.1));
#4745 = VECTOR('',#4746,1.);
#4746 = DIRECTION('',(1.,0.,0.));
#4747 = ORIENTED_EDGE('',*,*,#4695,.F.);
#4748 = PLANE('',#4749);
#4749 = AXIS2_PLACEMENT_3D('',#4750,#4751,#4752);
#4750 = CARTESIAN_POINT('',(0.92,-1.45,0.));
#4751 = DIRECTION('',(0.,1.,0.));
#4752 = DIRECTION('',(0.,0.,1.));
#4753 = ADVANCED_FACE('',(#4754),#4770,.T.);
#4754 = FACE_BOUND('',#4755,.T.);
#4755 = EDGE_LOOP('',(#4756,#4762,#4763,#4769));
#4756 = ORIENTED_EDGE('',*,*,#4757,.F.);
#4757 = EDGE_CURVE('',#4666,#4706,#4758,.T.);
#4758 = LINE('',#4759,#4760);
#4759 = CARTESIAN_POINT('',(0.92,-1.35,0.));
#4760 = VECTOR('',#4761,1.);
#4761 = DIRECTION('',(1.,0.,0.));
#4762 = ORIENTED_EDGE('',*,*,#4673,.T.);
#4763 = ORIENTED_EDGE('',*,*,#4764,.T.);
#4764 = EDGE_CURVE('',#4674,#4714,#4765,.T.);
#4765 = LINE('',#4766,#4767);
#4766 = CARTESIAN_POINT('',(0.92,-1.35,0.1));
#4767 = VECTOR('',#4768,1.);
#4768 = DIRECTION('',(1.,0.,0.));
#4769 = ORIENTED_EDGE('',*,*,#4713,.F.);
#4770 = PLANE('',#4771);
#4771 = AXIS2_PLACEMENT_3D('',#4772,#4773,#4774);
#4772 = CARTESIAN_POINT('',(0.92,-1.35,0.));
#4773 = DIRECTION('',(0.,1.,0.));
#4774 = DIRECTION('',(0.,0.,1.));
#4775 = ADVANCED_FACE('',(#4776),#4782,.F.);
#4776 = FACE_BOUND('',#4777,.F.);
#4777 = EDGE_LOOP('',(#4778,#4779,#4780,#4781));
#4778 = ORIENTED_EDGE('',*,*,#4665,.F.);
#4779 = ORIENTED_EDGE('',*,*,#4735,.T.);
#4780 = ORIENTED_EDGE('',*,*,#4705,.T.);
#4781 = ORIENTED_EDGE('',*,*,#4757,.F.);
#4782 = PLANE('',#4783);
#4783 = AXIS2_PLACEMENT_3D('',#4784,#4785,#4786);
#4784 = CARTESIAN_POINT('',(0.92,-1.45,0.));
#4785 = DIRECTION('',(0.,0.,1.));
#4786 = DIRECTION('',(1.,0.,0.));
#4787 = ADVANCED_FACE('',(#4788),#4794,.T.);
#4788 = FACE_BOUND('',#4789,.T.);
#4789 = EDGE_LOOP('',(#4790,#4791,#4792,#4793));
#4790 = ORIENTED_EDGE('',*,*,#4681,.F.);
#4791 = ORIENTED_EDGE('',*,*,#4742,.T.);
#4792 = ORIENTED_EDGE('',*,*,#4721,.T.);
#4793 = ORIENTED_EDGE('',*,*,#4764,.F.);
#4794 = PLANE('',#4795);
#4795 = AXIS2_PLACEMENT_3D('',#4796,#4797,#4798);
#4796 = CARTESIAN_POINT('',(0.92,-1.45,0.1));
#4797 = DIRECTION('',(0.,0.,1.));
#4798 = DIRECTION('',(1.,0.,0.));
#4799 = MANIFOLD_SOLID_BREP('',#4800);
#4800 = CLOSED_SHELL('',(#4801,#4841,#4881,#4903,#4925,#4937));
#4801 = ADVANCED_FACE('',(#4802),#4836,.F.);
#4802 = FACE_BOUND('',#4803,.F.);
#4803 = EDGE_LOOP('',(#4804,#4814,#4822,#4830));
#4804 = ORIENTED_EDGE('',*,*,#4805,.F.);
#4805 = EDGE_CURVE('',#4806,#4808,#4810,.T.);
#4806 = VERTEX_POINT('',#4807);
#4807 = CARTESIAN_POINT('',(0.24,-1.45,0.19));
#4808 = VERTEX_POINT('',#4809);
#4809 = CARTESIAN_POINT('',(0.24,-1.45,0.31));
#4810 = LINE('',#4811,#4812);
#4811 = CARTESIAN_POINT('',(0.24,-1.45,0.19));
#4812 = VECTOR('',#4813,1.);
#4813 = DIRECTION('',(0.,0.,1.));
#4814 = ORIENTED_EDGE('',*,*,#4815,.T.);
#4815 = EDGE_CURVE('',#4806,#4816,#4818,.T.);
#4816 = VERTEX_POINT('',#4817);
#4817 = CARTESIAN_POINT('',(0.24,-1.35,0.19));
#4818 = LINE('',#4819,#4820);
#4819 = CARTESIAN_POINT('',(0.24,-1.45,0.19));
#4820 = VECTOR('',#4821,1.);
#4821 = DIRECTION('',(0.,1.,0.));
#4822 = ORIENTED_EDGE('',*,*,#4823,.T.);
#4823 = EDGE_CURVE('',#4816,#4824,#4826,.T.);
#4824 = VERTEX_POINT('',#4825);
#4825 = CARTESIAN_POINT('',(0.24,-1.35,0.31));
#4826 = LINE('',#4827,#4828);
#4827 = CARTESIAN_POINT('',(0.24,-1.35,0.19));
#4828 = VECTOR('',#4829,1.);
#4829 = DIRECTION('',(0.,0.,1.));
#4830 = ORIENTED_EDGE('',*,*,#4831,.F.);
#4831 = EDGE_CURVE('',#4808,#4824,#4832,.T.);
#4832 = LINE('',#4833,#4834);
#4833 = CARTESIAN_POINT('',(0.24,-1.45,0.31));
#4834 = VECTOR('',#4835,1.);
#4835 = DIRECTION('',(0.,1.,0.));
#4836 = PLANE('',#4837);
#4837 = AXIS2_PLACEMENT_3D('',#4838,#4839,#4840);
#4838 = CARTESIAN_POINT('',(0.24,-1.45,0.19));
#4839 = DIRECTION('',(1.,0.,0.));
#4840 = DIRECTION('',(0.,0.,1.));
#4841 = ADVANCED_FACE('',(#4842),#4876,.T.);
#4842 = FACE_BOUND('',#4843,.T.);
#4843 = EDGE_LOOP('',(#4844,#4854,#4862,#4870));
#4844 = ORIENTED_EDGE('',*,*,#4845,.F.);
#4845 = EDGE_CURVE('',#4846,#4848,#4850,.T.);
#4846 = VERTEX_POINT('',#4847);
#4847 = CARTESIAN_POINT('',(0.89,-1.45,0.19));
#4848 = VERTEX_POINT('',#4849);
#4849 = CARTESIAN_POINT('',(0.89,-1.45,0.31));
#4850 = LINE('',#4851,#4852);
#4851 = CARTESIAN_POINT('',(0.89,-1.45,0.19));
#4852 = VECTOR('',#4853,1.);
#4853 = DIRECTION('',(0.,0.,1.));
#4854 = ORIENTED_EDGE('',*,*,#4855,.T.);
#4855 = EDGE_CURVE('',#4846,#4856,#4858,.T.);
#4856 = VERTEX_POINT('',#4857);
#4857 = CARTESIAN_POINT('',(0.89,-1.35,0.19));
#4858 = LINE('',#4859,#4860);
#4859 = CARTESIAN_POINT('',(0.89,-1.45,0.19));
#4860 = VECTOR('',#4861,1.);
#4861 = DIRECTION('',(0.,1.,0.));
#4862 = ORIENTED_EDGE('',*,*,#4863,.T.);
#4863 = EDGE_CURVE('',#4856,#4864,#4866,.T.);
#4864 = VERTEX_POINT('',#4865);
#4865 = CARTESIAN_POINT('',(0.89,-1.35,0.31));
#4866 = LINE('',#4867,#4868);
#4867 = CARTESIAN_POINT('',(0.89,-1.35,0.19));
#4868 = VECTOR('',#4869,1.);
#4869 = DIRECTION('',(0.,0.,1.));
#4870 = ORIENTED_EDGE('',*,*,#4871,.F.);
#4871 = EDGE_CURVE('',#4848,#4864,#4872,.T.);
#4872 = LINE('',#4873,#4874);
#4873 = CARTESIAN_POINT('',(0.89,-1.45,0.31));
#4874 = VECTOR('',#4875,1.);
#4875 = DIRECTION('',(0.,1.,0.));
#4876 = PLANE('',#4877);
#4877 = AXIS2_PLACEMENT_3D('',#4878,#4879,#4880);
#4878 = CARTESIAN_POINT('',(0.89,-1.45,0.19));
#4879 = DIRECTION('',(1.,0.,0.));
#4880 = DIRECTION('',(0.,0.,1.));
#4881 = ADVANCED_FACE('',(#4882),#4898,.F.);
#4882 = FACE_BOUND('',#4883,.F.);
#4883 = EDGE_LOOP('',(#4884,#4890,#4891,#4897));
#4884 = ORIENTED_EDGE('',*,*,#4885,.F.);
#4885 = EDGE_CURVE('',#4806,#4846,#4886,.T.);
#4886 = LINE('',#4887,#4888);
#4887 = CARTESIAN_POINT('',(0.24,-1.45,0.19));
#4888 = VECTOR('',#4889,1.);
#4889 = DIRECTION('',(1.,0.,0.));
#4890 = ORIENTED_EDGE('',*,*,#4805,.T.);
#4891 = ORIENTED_EDGE('',*,*,#4892,.T.);
#4892 = EDGE_CURVE('',#4808,#4848,#4893,.T.);
#4893 = LINE('',#4894,#4895);
#4894 = CARTESIAN_POINT('',(0.24,-1.45,0.31));
#4895 = VECTOR('',#4896,1.);
#4896 = DIRECTION('',(1.,0.,0.));
#4897 = ORIENTED_EDGE('',*,*,#4845,.F.);
#4898 = PLANE('',#4899);
#4899 = AXIS2_PLACEMENT_3D('',#4900,#4901,#4902);
#4900 = CARTESIAN_POINT('',(0.24,-1.45,0.19));
#4901 = DIRECTION('',(0.,1.,0.));
#4902 = DIRECTION('',(0.,0.,1.));
#4903 = ADVANCED_FACE('',(#4904),#4920,.T.);
#4904 = FACE_BOUND('',#4905,.T.);
#4905 = EDGE_LOOP('',(#4906,#4912,#4913,#4919));
#4906 = ORIENTED_EDGE('',*,*,#4907,.F.);
#4907 = EDGE_CURVE('',#4816,#4856,#4908,.T.);
#4908 = LINE('',#4909,#4910);
#4909 = CARTESIAN_POINT('',(0.24,-1.35,0.19));
#4910 = VECTOR('',#4911,1.);
#4911 = DIRECTION('',(1.,0.,0.));
#4912 = ORIENTED_EDGE('',*,*,#4823,.T.);
#4913 = ORIENTED_EDGE('',*,*,#4914,.T.);
#4914 = EDGE_CURVE('',#4824,#4864,#4915,.T.);
#4915 = LINE('',#4916,#4917);
#4916 = CARTESIAN_POINT('',(0.24,-1.35,0.31));
#4917 = VECTOR('',#4918,1.);
#4918 = DIRECTION('',(1.,0.,0.));
#4919 = ORIENTED_EDGE('',*,*,#4863,.F.);
#4920 = PLANE('',#4921);
#4921 = AXIS2_PLACEMENT_3D('',#4922,#4923,#4924);
#4922 = CARTESIAN_POINT('',(0.24,-1.35,0.19));
#4923 = DIRECTION('',(0.,1.,0.));
#4924 = DIRECTION('',(0.,0.,1.));
#4925 = ADVANCED_FACE('',(#4926),#4932,.F.);
#4926 = FACE_BOUND('',#4927,.F.);
#4927 = EDGE_LOOP('',(#4928,#4929,#4930,#4931));
#4928 = ORIENTED_EDGE('',*,*,#4815,.F.);
#4929 = ORIENTED_EDGE('',*,*,#4885,.T.);
#4930 = ORIENTED_EDGE('',*,*,#4855,.T.);
#4931 = ORIENTED_EDGE('',*,*,#4907,.F.);
#4932 = PLANE('',#4933);
#4933 = AXIS2_PLACEMENT_3D('',#4934,#4935,#4936);
#4934 = CARTESIAN_POINT('',(0.24,-1.45,0.19));
#4935 = DIRECTION('',(0.,0.,1.));
#4936 = DIRECTION('',(1.,0.,0.));
#4937 = ADVANCED_FACE('',(#4938),#4944,.T.);
#4938 = FACE_BOUND('',#4939,.T.);
#4939 = EDGE_LOOP('',(#4940,#4941,#4942,#4943));
#4940 = ORIENTED_EDGE('',*,*,#4831,.F.);
#4941 = ORIENTED_EDGE('',*,*,#4892,.T.);
#4942 = ORIENTED_EDGE('',*,*,#4871,.T.);
#4943 = ORIENTED_EDGE('',*,*,#4914,.F.);
#4944 = PLANE('',#4945);
#4945 = AXIS2_PLACEMENT_3D('',#4946,#4947,#4948);
#4946 = CARTESIAN_POINT('',(0.24,-1.45,0.31));
#4947 = DIRECTION('',(0.,0.,1.));
#4948 = DIRECTION('',(1.,0.,0.));
#4949 = MANIFOLD_SOLID_BREP('',#4950);
#4950 = CLOSED_SHELL('',(#4951,#4991,#5031,#5053,#5075,#5087));
#4951 = ADVANCED_FACE('',(#4952),#4986,.F.);
#4952 = FACE_BOUND('',#4953,.F.);
#4953 = EDGE_LOOP('',(#4954,#4964,#4972,#4980));
#4954 = ORIENTED_EDGE('',*,*,#4955,.F.);
#4955 = EDGE_CURVE('',#4956,#4958,#4960,.T.);
#4956 = VERTEX_POINT('',#4957);
#4957 = CARTESIAN_POINT('',(0.92,-1.05,0.));
#4958 = VERTEX_POINT('',#4959);
#4959 = CARTESIAN_POINT('',(0.92,-1.05,0.1));
#4960 = LINE('',#4961,#4962);
#4961 = CARTESIAN_POINT('',(0.92,-1.05,0.));
#4962 = VECTOR('',#4963,1.);
#4963 = DIRECTION('',(0.,0.,1.));
#4964 = ORIENTED_EDGE('',*,*,#4965,.T.);
#4965 = EDGE_CURVE('',#4956,#4966,#4968,.T.);
#4966 = VERTEX_POINT('',#4967);
#4967 = CARTESIAN_POINT('',(0.92,-0.95,0.));
#4968 = LINE('',#4969,#4970);
#4969 = CARTESIAN_POINT('',(0.92,-1.05,0.));
#4970 = VECTOR('',#4971,1.);
#4971 = DIRECTION('',(0.,1.,0.));
#4972 = ORIENTED_EDGE('',*,*,#4973,.T.);
#4973 = EDGE_CURVE('',#4966,#4974,#4976,.T.);
#4974 = VERTEX_POINT('',#4975);
#4975 = CARTESIAN_POINT('',(0.92,-0.95,0.1));
#4976 = LINE('',#4977,#4978);
#4977 = CARTESIAN_POINT('',(0.92,-0.95,0.));
#4978 = VECTOR('',#4979,1.);
#4979 = DIRECTION('',(0.,0.,1.));
#4980 = ORIENTED_EDGE('',*,*,#4981,.F.);
#4981 = EDGE_CURVE('',#4958,#4974,#4982,.T.);
#4982 = LINE('',#4983,#4984);
#4983 = CARTESIAN_POINT('',(0.92,-1.05,0.1));
#4984 = VECTOR('',#4985,1.);
#4985 = DIRECTION('',(0.,1.,0.));
#4986 = PLANE('',#4987);
#4987 = AXIS2_PLACEMENT_3D('',#4988,#4989,#4990);
#4988 = CARTESIAN_POINT('',(0.92,-1.05,0.));
#4989 = DIRECTION('',(1.,0.,0.));
#4990 = DIRECTION('',(0.,0.,1.));
#4991 = ADVANCED_FACE('',(#4992),#5026,.T.);
#4992 = FACE_BOUND('',#4993,.T.);
#4993 = EDGE_LOOP('',(#4994,#5004,#5012,#5020));
#4994 = ORIENTED_EDGE('',*,*,#4995,.F.);
#4995 = EDGE_CURVE('',#4996,#4998,#5000,.T.);
#4996 = VERTEX_POINT('',#4997);
#4997 = CARTESIAN_POINT('',(1.295,-1.05,0.));
#4998 = VERTEX_POINT('',#4999);
#4999 = CARTESIAN_POINT('',(1.295,-1.05,0.1));
#5000 = LINE('',#5001,#5002);
#5001 = CARTESIAN_POINT('',(1.295,-1.05,0.));
#5002 = VECTOR('',#5003,1.);
#5003 = DIRECTION('',(0.,0.,1.));
#5004 = ORIENTED_EDGE('',*,*,#5005,.T.);
#5005 = EDGE_CURVE('',#4996,#5006,#5008,.T.);
#5006 = VERTEX_POINT('',#5007);
#5007 = CARTESIAN_POINT('',(1.295,-0.95,0.));
#5008 = LINE('',#5009,#5010);
#5009 = CARTESIAN_POINT('',(1.295,-1.05,0.));
#5010 = VECTOR('',#5011,1.);
#5011 = DIRECTION('',(0.,1.,0.));
#5012 = ORIENTED_EDGE('',*,*,#5013,.T.);
#5013 = EDGE_CURVE('',#5006,#5014,#5016,.T.);
#5014 = VERTEX_POINT('',#5015);
#5015 = CARTESIAN_POINT('',(1.295,-0.95,0.1));
#5016 = LINE('',#5017,#5018);
#5017 = CARTESIAN_POINT('',(1.295,-0.95,0.));
#5018 = VECTOR('',#5019,1.);
#5019 = DIRECTION('',(0.,0.,1.));
#5020 = ORIENTED_EDGE('',*,*,#5021,.F.);
#5021 = EDGE_CURVE('',#4998,#5014,#5022,.T.);
#5022 = LINE('',#5023,#5024);
#5023 = CARTESIAN_POINT('',(1.295,-1.05,0.1));
#5024 = VECTOR('',#5025,1.);
#5025 = DIRECTION('',(0.,1.,0.));
#5026 = PLANE('',#5027);
#5027 = AXIS2_PLACEMENT_3D('',#5028,#5029,#5030);
#5028 = CARTESIAN_POINT('',(1.295,-1.05,0.));
#5029 = DIRECTION('',(1.,0.,0.));
#5030 = DIRECTION('',(0.,0.,1.));
#5031 = ADVANCED_FACE('',(#5032),#5048,.F.);
#5032 = FACE_BOUND('',#5033,.F.);
#5033 = EDGE_LOOP('',(#5034,#5040,#5041,#5047));
#5034 = ORIENTED_EDGE('',*,*,#5035,.F.);
#5035 = EDGE_CURVE('',#4956,#4996,#5036,.T.);
#5036 = LINE('',#5037,#5038);
#5037 = CARTESIAN_POINT('',(0.92,-1.05,0.));
#5038 = VECTOR('',#5039,1.);
#5039 = DIRECTION('',(1.,0.,0.));
#5040 = ORIENTED_EDGE('',*,*,#4955,.T.);
#5041 = ORIENTED_EDGE('',*,*,#5042,.T.);
#5042 = EDGE_CURVE('',#4958,#4998,#5043,.T.);
#5043 = LINE('',#5044,#5045);
#5044 = CARTESIAN_POINT('',(0.92,-1.05,0.1));
#5045 = VECTOR('',#5046,1.);
#5046 = DIRECTION('',(1.,0.,0.));
#5047 = ORIENTED_EDGE('',*,*,#4995,.F.);
#5048 = PLANE('',#5049);
#5049 = AXIS2_PLACEMENT_3D('',#5050,#5051,#5052);
#5050 = CARTESIAN_POINT('',(0.92,-1.05,0.));
#5051 = DIRECTION('',(0.,1.,0.));
#5052 = DIRECTION('',(0.,0.,1.));
#5053 = ADVANCED_FACE('',(#5054),#5070,.T.);
#5054 = FACE_BOUND('',#5055,.T.);
#5055 = EDGE_LOOP('',(#5056,#5062,#5063,#5069));
#5056 = ORIENTED_EDGE('',*,*,#5057,.F.);
#5057 = EDGE_CURVE('',#4966,#5006,#5058,.T.);
#5058 = LINE('',#5059,#5060);
#5059 = CARTESIAN_POINT('',(0.92,-0.95,0.));
#5060 = VECTOR('',#5061,1.);
#5061 = DIRECTION('',(1.,0.,0.));
#5062 = ORIENTED_EDGE('',*,*,#4973,.T.);
#5063 = ORIENTED_EDGE('',*,*,#5064,.T.);
#5064 = EDGE_CURVE('',#4974,#5014,#5065,.T.);
#5065 = LINE('',#5066,#5067);
#5066 = CARTESIAN_POINT('',(0.92,-0.95,0.1));
#5067 = VECTOR('',#5068,1.);
#5068 = DIRECTION('',(1.,0.,0.));
#5069 = ORIENTED_EDGE('',*,*,#5013,.F.);
#5070 = PLANE('',#5071);
#5071 = AXIS2_PLACEMENT_3D('',#5072,#5073,#5074);
#5072 = CARTESIAN_POINT('',(0.92,-0.95,0.));
#5073 = DIRECTION('',(0.,1.,0.));
#5074 = DIRECTION('',(0.,0.,1.));
#5075 = ADVANCED_FACE('',(#5076),#5082,.F.);
#5076 = FACE_BOUND('',#5077,.F.);
#5077 = EDGE_LOOP('',(#5078,#5079,#5080,#5081));
#5078 = ORIENTED_EDGE('',*,*,#4965,.F.);
#5079 = ORIENTED_EDGE('',*,*,#5035,.T.);
#5080 = ORIENTED_EDGE('',*,*,#5005,.T.);
#5081 = ORIENTED_EDGE('',*,*,#5057,.F.);
#5082 = PLANE('',#5083);
#5083 = AXIS2_PLACEMENT_3D('',#5084,#5085,#5086);
#5084 = CARTESIAN_POINT('',(0.92,-1.05,0.));
#5085 = DIRECTION('',(0.,0.,1.));
#5086 = DIRECTION('',(1.,0.,0.));
#5087 = ADVANCED_FACE('',(#5088),#5094,.T.);
#5088 = FACE_BOUND('',#5089,.T.);
#5089 = EDGE_LOOP('',(#5090,#5091,#5092,#5093));
#5090 = ORIENTED_EDGE('',*,*,#4981,.F.);
#5091 = ORIENTED_EDGE('',*,*,#5042,.T.);
#5092 = ORIENTED_EDGE('',*,*,#5021,.T.);
#5093 = ORIENTED_EDGE('',*,*,#5064,.F.);
#5094 = PLANE('',#5095);
#5095 = AXIS2_PLACEMENT_3D('',#5096,#5097,#5098);
#5096 = CARTESIAN_POINT('',(0.92,-1.05,0.1));
#5097 = DIRECTION('',(0.,0.,1.));
#5098 = DIRECTION('',(1.,0.,0.));
#5099 = MANIFOLD_SOLID_BREP('',#5100);
#5100 = CLOSED_SHELL('',(#5101,#5141,#5181,#5203,#5225,#5237));
#5101 = ADVANCED_FACE('',(#5102),#5136,.F.);
#5102 = FACE_BOUND('',#5103,.F.);
#5103 = EDGE_LOOP('',(#5104,#5114,#5122,#5130));
#5104 = ORIENTED_EDGE('',*,*,#5105,.F.);
#5105 = EDGE_CURVE('',#5106,#5108,#5110,.T.);
#5106 = VERTEX_POINT('',#5107);
#5107 = CARTESIAN_POINT('',(0.24,-1.05,0.19));
#5108 = VERTEX_POINT('',#5109);
#5109 = CARTESIAN_POINT('',(0.24,-1.05,0.31));
#5110 = LINE('',#5111,#5112);
#5111 = CARTESIAN_POINT('',(0.24,-1.05,0.19));
#5112 = VECTOR('',#5113,1.);
#5113 = DIRECTION('',(0.,0.,1.));
#5114 = ORIENTED_EDGE('',*,*,#5115,.T.);
#5115 = EDGE_CURVE('',#5106,#5116,#5118,.T.);
#5116 = VERTEX_POINT('',#5117);
#5117 = CARTESIAN_POINT('',(0.24,-0.95,0.19));
#5118 = LINE('',#5119,#5120);
#5119 = CARTESIAN_POINT('',(0.24,-1.05,0.19));
#5120 = VECTOR('',#5121,1.);
#5121 = DIRECTION('',(0.,1.,0.));
#5122 = ORIENTED_EDGE('',*,*,#5123,.T.);
#5123 = EDGE_CURVE('',#5116,#5124,#5126,.T.);
#5124 = VERTEX_POINT('',#5125);
#5125 = CARTESIAN_POINT('',(0.24,-0.95,0.31));
#5126 = LINE('',#5127,#5128);
#5127 = CARTESIAN_POINT('',(0.24,-0.95,0.19));
#5128 = VECTOR('',#5129,1.);
#5129 = DIRECTION('',(0.,0.,1.));
#5130 = ORIENTED_EDGE('',*,*,#5131,.F.);
#5131 = EDGE_CURVE('',#5108,#5124,#5132,.T.);
#5132 = LINE('',#5133,#5134);
#5133 = CARTESIAN_POINT('',(0.24,-1.05,0.31));
#5134 = VECTOR('',#5135,1.);
#5135 = DIRECTION('',(0.,1.,0.));
#5136 = PLANE('',#5137);
#5137 = AXIS2_PLACEMENT_3D('',#5138,#5139,#5140);
#5138 = CARTESIAN_POINT('',(0.24,-1.05,0.19));
#5139 = DIRECTION('',(1.,0.,0.));
#5140 = DIRECTION('',(0.,0.,1.));
#5141 = ADVANCED_FACE('',(#5142),#5176,.T.);
#5142 = FACE_BOUND('',#5143,.T.);
#5143 = EDGE_LOOP('',(#5144,#5154,#5162,#5170));
#5144 = ORIENTED_EDGE('',*,*,#5145,.F.);
#5145 = EDGE_CURVE('',#5146,#5148,#5150,.T.);
#5146 = VERTEX_POINT('',#5147);
#5147 = CARTESIAN_POINT('',(0.89,-1.05,0.19));
#5148 = VERTEX_POINT('',#5149);
#5149 = CARTESIAN_POINT('',(0.89,-1.05,0.31));
#5150 = LINE('',#5151,#5152);
#5151 = CARTESIAN_POINT('',(0.89,-1.05,0.19));
#5152 = VECTOR('',#5153,1.);
#5153 = DIRECTION('',(0.,0.,1.));
#5154 = ORIENTED_EDGE('',*,*,#5155,.T.);
#5155 = EDGE_CURVE('',#5146,#5156,#5158,.T.);
#5156 = VERTEX_POINT('',#5157);
#5157 = CARTESIAN_POINT('',(0.89,-0.95,0.19));
#5158 = LINE('',#5159,#5160);
#5159 = CARTESIAN_POINT('',(0.89,-1.05,0.19));
#5160 = VECTOR('',#5161,1.);
#5161 = DIRECTION('',(0.,1.,0.));
#5162 = ORIENTED_EDGE('',*,*,#5163,.T.);
#5163 = EDGE_CURVE('',#5156,#5164,#5166,.T.);
#5164 = VERTEX_POINT('',#5165);
#5165 = CARTESIAN_POINT('',(0.89,-0.95,0.31));
#5166 = LINE('',#5167,#5168);
#5167 = CARTESIAN_POINT('',(0.89,-0.95,0.19));
#5168 = VECTOR('',#5169,1.);
#5169 = DIRECTION('',(0.,0.,1.));
#5170 = ORIENTED_EDGE('',*,*,#5171,.F.);
#5171 = EDGE_CURVE('',#5148,#5164,#5172,.T.);
#5172 = LINE('',#5173,#5174);
#5173 = CARTESIAN_POINT('',(0.89,-1.05,0.31));
#5174 = VECTOR('',#5175,1.);
#5175 = DIRECTION('',(0.,1.,0.));
#5176 = PLANE('',#5177);
#5177 = AXIS2_PLACEMENT_3D('',#5178,#5179,#5180);
#5178 = CARTESIAN_POINT('',(0.89,-1.05,0.19));
#5179 = DIRECTION('',(1.,0.,0.));
#5180 = DIRECTION('',(0.,0.,1.));
#5181 = ADVANCED_FACE('',(#5182),#5198,.F.);
#5182 = FACE_BOUND('',#5183,.F.);
#5183 = EDGE_LOOP('',(#5184,#5190,#5191,#5197));
#5184 = ORIENTED_EDGE('',*,*,#5185,.F.);
#5185 = EDGE_CURVE('',#5106,#5146,#5186,.T.);
#5186 = LINE('',#5187,#5188);
#5187 = CARTESIAN_POINT('',(0.24,-1.05,0.19));
#5188 = VECTOR('',#5189,1.);
#5189 = DIRECTION('',(1.,0.,0.));
#5190 = ORIENTED_EDGE('',*,*,#5105,.T.);
#5191 = ORIENTED_EDGE('',*,*,#5192,.T.);
#5192 = EDGE_CURVE('',#5108,#5148,#5193,.T.);
#5193 = LINE('',#5194,#5195);
#5194 = CARTESIAN_POINT('',(0.24,-1.05,0.31));
#5195 = VECTOR('',#5196,1.);
#5196 = DIRECTION('',(1.,0.,0.));
#5197 = ORIENTED_EDGE('',*,*,#5145,.F.);
#5198 = PLANE('',#5199);
#5199 = AXIS2_PLACEMENT_3D('',#5200,#5201,#5202);
#5200 = CARTESIAN_POINT('',(0.24,-1.05,0.19));
#5201 = DIRECTION('',(0.,1.,0.));
#5202 = DIRECTION('',(0.,0.,1.));
#5203 = ADVANCED_FACE('',(#5204),#5220,.T.);
#5204 = FACE_BOUND('',#5205,.T.);
#5205 = EDGE_LOOP('',(#5206,#5212,#5213,#5219));
#5206 = ORIENTED_EDGE('',*,*,#5207,.F.);
#5207 = EDGE_CURVE('',#5116,#5156,#5208,.T.);
#5208 = LINE('',#5209,#5210);
#5209 = CARTESIAN_POINT('',(0.24,-0.95,0.19));
#5210 = VECTOR('',#5211,1.);
#5211 = DIRECTION('',(1.,0.,0.));
#5212 = ORIENTED_EDGE('',*,*,#5123,.T.);
#5213 = ORIENTED_EDGE('',*,*,#5214,.T.);
#5214 = EDGE_CURVE('',#5124,#5164,#5215,.T.);
#5215 = LINE('',#5216,#5217);
#5216 = CARTESIAN_POINT('',(0.24,-0.95,0.31));
#5217 = VECTOR('',#5218,1.);
#5218 = DIRECTION('',(1.,0.,0.));
#5219 = ORIENTED_EDGE('',*,*,#5163,.F.);
#5220 = PLANE('',#5221);
#5221 = AXIS2_PLACEMENT_3D('',#5222,#5223,#5224);
#5222 = CARTESIAN_POINT('',(0.24,-0.95,0.19));
#5223 = DIRECTION('',(0.,1.,0.));
#5224 = DIRECTION('',(0.,0.,1.));
#5225 = ADVANCED_FACE('',(#5226),#5232,.F.);
#5226 = FACE_BOUND('',#5227,.F.);
#5227 = EDGE_LOOP('',(#5228,#5229,#5230,#5231));
#5228 = ORIENTED_EDGE('',*,*,#5115,.F.);
#5229 = ORIENTED_EDGE('',*,*,#5185,.T.);
#5230 = ORIENTED_EDGE('',*,*,#5155,.T.);
#5231 = ORIENTED_EDGE('',*,*,#5207,.F.);
#5232 = PLANE('',#5233);
#5233 = AXIS2_PLACEMENT_3D('',#5234,#5235,#5236);
#5234 = CARTESIAN_POINT('',(0.24,-1.05,0.19));
#5235 = DIRECTION('',(0.,0.,1.));
#5236 = DIRECTION('',(1.,0.,0.));
#5237 = ADVANCED_FACE('',(#5238),#5244,.T.);
#5238 = FACE_BOUND('',#5239,.T.);
#5239 = EDGE_LOOP('',(#5240,#5241,#5242,#5243));
#5240 = ORIENTED_EDGE('',*,*,#5131,.F.);
#5241 = ORIENTED_EDGE('',*,*,#5192,.T.);
#5242 = ORIENTED_EDGE('',*,*,#5171,.T.);
#5243 = ORIENTED_EDGE('',*,*,#5214,.F.);
#5244 = PLANE('',#5245);
#5245 = AXIS2_PLACEMENT_3D('',#5246,#5247,#5248);
#5246 = CARTESIAN_POINT('',(0.24,-1.05,0.31));
#5247 = DIRECTION('',(0.,0.,1.));
#5248 = DIRECTION('',(1.,0.,0.));
#5249 = MANIFOLD_SOLID_BREP('',#5250);
#5250 = CLOSED_SHELL('',(#5251,#5291,#5331,#5353,#5375,#5387));
#5251 = ADVANCED_FACE('',(#5252),#5286,.F.);
#5252 = FACE_BOUND('',#5253,.F.);
#5253 = EDGE_LOOP('',(#5254,#5264,#5272,#5280));
#5254 = ORIENTED_EDGE('',*,*,#5255,.F.);
#5255 = EDGE_CURVE('',#5256,#5258,#5260,.T.);
#5256 = VERTEX_POINT('',#5257);
#5257 = CARTESIAN_POINT('',(0.92,-0.65,0.));
#5258 = VERTEX_POINT('',#5259);
#5259 = CARTESIAN_POINT('',(0.92,-0.65,0.1));
#5260 = LINE('',#5261,#5262);
#5261 = CARTESIAN_POINT('',(0.92,-0.65,0.));
#5262 = VECTOR('',#5263,1.);
#5263 = DIRECTION('',(0.,0.,1.));
#5264 = ORIENTED_EDGE('',*,*,#5265,.T.);
#5265 = EDGE_CURVE('',#5256,#5266,#5268,.T.);
#5266 = VERTEX_POINT('',#5267);
#5267 = CARTESIAN_POINT('',(0.92,-0.55,0.));
#5268 = LINE('',#5269,#5270);
#5269 = CARTESIAN_POINT('',(0.92,-0.65,0.));
#5270 = VECTOR('',#5271,1.);
#5271 = DIRECTION('',(0.,1.,0.));
#5272 = ORIENTED_EDGE('',*,*,#5273,.T.);
#5273 = EDGE_CURVE('',#5266,#5274,#5276,.T.);
#5274 = VERTEX_POINT('',#5275);
#5275 = CARTESIAN_POINT('',(0.92,-0.55,0.1));
#5276 = LINE('',#5277,#5278);
#5277 = CARTESIAN_POINT('',(0.92,-0.55,0.));
#5278 = VECTOR('',#5279,1.);
#5279 = DIRECTION('',(0.,0.,1.));
#5280 = ORIENTED_EDGE('',*,*,#5281,.F.);
#5281 = EDGE_CURVE('',#5258,#5274,#5282,.T.);
#5282 = LINE('',#5283,#5284);
#5283 = CARTESIAN_POINT('',(0.92,-0.65,0.1));
#5284 = VECTOR('',#5285,1.);
#5285 = DIRECTION('',(0.,1.,0.));
#5286 = PLANE('',#5287);
#5287 = AXIS2_PLACEMENT_3D('',#5288,#5289,#5290);
#5288 = CARTESIAN_POINT('',(0.92,-0.65,0.));
#5289 = DIRECTION('',(1.,0.,0.));
#5290 = DIRECTION('',(0.,0.,1.));
#5291 = ADVANCED_FACE('',(#5292),#5326,.T.);
#5292 = FACE_BOUND('',#5293,.T.);
#5293 = EDGE_LOOP('',(#5294,#5304,#5312,#5320));
#5294 = ORIENTED_EDGE('',*,*,#5295,.F.);
#5295 = EDGE_CURVE('',#5296,#5298,#5300,.T.);
#5296 = VERTEX_POINT('',#5297);
#5297 = CARTESIAN_POINT('',(1.295,-0.65,0.));
#5298 = VERTEX_POINT('',#5299);
#5299 = CARTESIAN_POINT('',(1.295,-0.65,0.1));
#5300 = LINE('',#5301,#5302);
#5301 = CARTESIAN_POINT('',(1.295,-0.65,0.));
#5302 = VECTOR('',#5303,1.);
#5303 = DIRECTION('',(0.,0.,1.));
#5304 = ORIENTED_EDGE('',*,*,#5305,.T.);
#5305 = EDGE_CURVE('',#5296,#5306,#5308,.T.);
#5306 = VERTEX_POINT('',#5307);
#5307 = CARTESIAN_POINT('',(1.295,-0.55,0.));
#5308 = LINE('',#5309,#5310);
#5309 = CARTESIAN_POINT('',(1.295,-0.65,0.));
#5310 = VECTOR('',#5311,1.);
#5311 = DIRECTION('',(0.,1.,0.));
#5312 = ORIENTED_EDGE('',*,*,#5313,.T.);
#5313 = EDGE_CURVE('',#5306,#5314,#5316,.T.);
#5314 = VERTEX_POINT('',#5315);
#5315 = CARTESIAN_POINT('',(1.295,-0.55,0.1));
#5316 = LINE('',#5317,#5318);
#5317 = CARTESIAN_POINT('',(1.295,-0.55,0.));
#5318 = VECTOR('',#5319,1.);
#5319 = DIRECTION('',(0.,0.,1.));
#5320 = ORIENTED_EDGE('',*,*,#5321,.F.);
#5321 = EDGE_CURVE('',#5298,#5314,#5322,.T.);
#5322 = LINE('',#5323,#5324);
#5323 = CARTESIAN_POINT('',(1.295,-0.65,0.1));
#5324 = VECTOR('',#5325,1.);
#5325 = DIRECTION('',(0.,1.,0.));
#5326 = PLANE('',#5327);
#5327 = AXIS2_PLACEMENT_3D('',#5328,#5329,#5330);
#5328 = CARTESIAN_POINT('',(1.295,-0.65,0.));
#5329 = DIRECTION('',(1.,0.,0.));
#5330 = DIRECTION('',(0.,0.,1.));
#5331 = ADVANCED_FACE('',(#5332),#5348,.F.);
#5332 = FACE_BOUND('',#5333,.F.);
#5333 = EDGE_LOOP('',(#5334,#5340,#5341,#5347));
#5334 = ORIENTED_EDGE('',*,*,#5335,.F.);
#5335 = EDGE_CURVE('',#5256,#5296,#5336,.T.);
#5336 = LINE('',#5337,#5338);
#5337 = CARTESIAN_POINT('',(0.92,-0.65,0.));
#5338 = VECTOR('',#5339,1.);
#5339 = DIRECTION('',(1.,0.,0.));
#5340 = ORIENTED_EDGE('',*,*,#5255,.T.);
#5341 = ORIENTED_EDGE('',*,*,#5342,.T.);
#5342 = EDGE_CURVE('',#5258,#5298,#5343,.T.);
#5343 = LINE('',#5344,#5345);
#5344 = CARTESIAN_POINT('',(0.92,-0.65,0.1));
#5345 = VECTOR('',#5346,1.);
#5346 = DIRECTION('',(1.,0.,0.));
#5347 = ORIENTED_EDGE('',*,*,#5295,.F.);
#5348 = PLANE('',#5349);
#5349 = AXIS2_PLACEMENT_3D('',#5350,#5351,#5352);
#5350 = CARTESIAN_POINT('',(0.92,-0.65,0.));
#5351 = DIRECTION('',(0.,1.,0.));
#5352 = DIRECTION('',(0.,0.,1.));
#5353 = ADVANCED_FACE('',(#5354),#5370,.T.);
#5354 = FACE_BOUND('',#5355,.T.);
#5355 = EDGE_LOOP('',(#5356,#5362,#5363,#5369));
#5356 = ORIENTED_EDGE('',*,*,#5357,.F.);
#5357 = EDGE_CURVE('',#5266,#5306,#5358,.T.);
#5358 = LINE('',#5359,#5360);
#5359 = CARTESIAN_POINT('',(0.92,-0.55,0.));
#5360 = VECTOR('',#5361,1.);
#5361 = DIRECTION('',(1.,0.,0.));
#5362 = ORIENTED_EDGE('',*,*,#5273,.T.);
#5363 = ORIENTED_EDGE('',*,*,#5364,.T.);
#5364 = EDGE_CURVE('',#5274,#5314,#5365,.T.);
#5365 = LINE('',#5366,#5367);
#5366 = CARTESIAN_POINT('',(0.92,-0.55,0.1));
#5367 = VECTOR('',#5368,1.);
#5368 = DIRECTION('',(1.,0.,0.));
#5369 = ORIENTED_EDGE('',*,*,#5313,.F.);
#5370 = PLANE('',#5371);
#5371 = AXIS2_PLACEMENT_3D('',#5372,#5373,#5374);
#5372 = CARTESIAN_POINT('',(0.92,-0.55,0.));
#5373 = DIRECTION('',(0.,1.,0.));
#5374 = DIRECTION('',(0.,0.,1.));
#5375 = ADVANCED_FACE('',(#5376),#5382,.F.);
#5376 = FACE_BOUND('',#5377,.F.);
#5377 = EDGE_LOOP('',(#5378,#5379,#5380,#5381));
#5378 = ORIENTED_EDGE('',*,*,#5265,.F.);
#5379 = ORIENTED_EDGE('',*,*,#5335,.T.);
#5380 = ORIENTED_EDGE('',*,*,#5305,.T.);
#5381 = ORIENTED_EDGE('',*,*,#5357,.F.);
#5382 = PLANE('',#5383);
#5383 = AXIS2_PLACEMENT_3D('',#5384,#5385,#5386);
#5384 = CARTESIAN_POINT('',(0.92,-0.65,0.));
#5385 = DIRECTION('',(0.,0.,1.));
#5386 = DIRECTION('',(1.,0.,0.));
#5387 = ADVANCED_FACE('',(#5388),#5394,.T.);
#5388 = FACE_BOUND('',#5389,.T.);
#5389 = EDGE_LOOP('',(#5390,#5391,#5392,#5393));
#5390 = ORIENTED_EDGE('',*,*,#5281,.F.);
#5391 = ORIENTED_EDGE('',*,*,#5342,.T.);
#5392 = ORIENTED_EDGE('',*,*,#5321,.T.);
#5393 = ORIENTED_EDGE('',*,*,#5364,.F.);
#5394 = PLANE('',#5395);
#5395 = AXIS2_PLACEMENT_3D('',#5396,#5397,#5398);
#5396 = CARTESIAN_POINT('',(0.92,-0.65,0.1));
#5397 = DIRECTION('',(0.,0.,1.));
#5398 = DIRECTION('',(1.,0.,0.));
#5399 = MANIFOLD_SOLID_BREP('',#5400);
#5400 = CLOSED_SHELL('',(#5401,#5441,#5481,#5503,#5525,#5537));
#5401 = ADVANCED_FACE('',(#5402),#5436,.F.);
#5402 = FACE_BOUND('',#5403,.F.);
#5403 = EDGE_LOOP('',(#5404,#5414,#5422,#5430));
#5404 = ORIENTED_EDGE('',*,*,#5405,.F.);
#5405 = EDGE_CURVE('',#5406,#5408,#5410,.T.);
#5406 = VERTEX_POINT('',#5407);
#5407 = CARTESIAN_POINT('',(0.24,-0.65,0.19));
#5408 = VERTEX_POINT('',#5409);
#5409 = CARTESIAN_POINT('',(0.24,-0.65,0.31));
#5410 = LINE('',#5411,#5412);
#5411 = CARTESIAN_POINT('',(0.24,-0.65,0.19));
#5412 = VECTOR('',#5413,1.);
#5413 = DIRECTION('',(0.,0.,1.));
#5414 = ORIENTED_EDGE('',*,*,#5415,.T.);
#5415 = EDGE_CURVE('',#5406,#5416,#5418,.T.);
#5416 = VERTEX_POINT('',#5417);
#5417 = CARTESIAN_POINT('',(0.24,-0.55,0.19));
#5418 = LINE('',#5419,#5420);
#5419 = CARTESIAN_POINT('',(0.24,-0.65,0.19));
#5420 = VECTOR('',#5421,1.);
#5421 = DIRECTION('',(0.,1.,0.));
#5422 = ORIENTED_EDGE('',*,*,#5423,.T.);
#5423 = EDGE_CURVE('',#5416,#5424,#5426,.T.);
#5424 = VERTEX_POINT('',#5425);
#5425 = CARTESIAN_POINT('',(0.24,-0.55,0.31));
#5426 = LINE('',#5427,#5428);
#5427 = CARTESIAN_POINT('',(0.24,-0.55,0.19));
#5428 = VECTOR('',#5429,1.);
#5429 = DIRECTION('',(0.,0.,1.));
#5430 = ORIENTED_EDGE('',*,*,#5431,.F.);
#5431 = EDGE_CURVE('',#5408,#5424,#5432,.T.);
#5432 = LINE('',#5433,#5434);
#5433 = CARTESIAN_POINT('',(0.24,-0.65,0.31));
#5434 = VECTOR('',#5435,1.);
#5435 = DIRECTION('',(0.,1.,0.));
#5436 = PLANE('',#5437);
#5437 = AXIS2_PLACEMENT_3D('',#5438,#5439,#5440);
#5438 = CARTESIAN_POINT('',(0.24,-0.65,0.19));
#5439 = DIRECTION('',(1.,0.,0.));
#5440 = DIRECTION('',(0.,0.,1.));
#5441 = ADVANCED_FACE('',(#5442),#5476,.T.);
#5442 = FACE_BOUND('',#5443,.T.);
#5443 = EDGE_LOOP('',(#5444,#5454,#5462,#5470));
#5444 = ORIENTED_EDGE('',*,*,#5445,.F.);
#5445 = EDGE_CURVE('',#5446,#5448,#5450,.T.);
#5446 = VERTEX_POINT('',#5447);
#5447 = CARTESIAN_POINT('',(0.89,-0.65,0.19));
#5448 = VERTEX_POINT('',#5449);
#5449 = CARTESIAN_POINT('',(0.89,-0.65,0.31));
#5450 = LINE('',#5451,#5452);
#5451 = CARTESIAN_POINT('',(0.89,-0.65,0.19));
#5452 = VECTOR('',#5453,1.);
#5453 = DIRECTION('',(0.,0.,1.));
#5454 = ORIENTED_EDGE('',*,*,#5455,.T.);
#5455 = EDGE_CURVE('',#5446,#5456,#5458,.T.);
#5456 = VERTEX_POINT('',#5457);
#5457 = CARTESIAN_POINT('',(0.89,-0.55,0.19));
#5458 = LINE('',#5459,#5460);
#5459 = CARTESIAN_POINT('',(0.89,-0.65,0.19));
#5460 = VECTOR('',#5461,1.);
#5461 = DIRECTION('',(0.,1.,0.));
#5462 = ORIENTED_EDGE('',*,*,#5463,.T.);
#5463 = EDGE_CURVE('',#5456,#5464,#5466,.T.);
#5464 = VERTEX_POINT('',#5465);
#5465 = CARTESIAN_POINT('',(0.89,-0.55,0.31));
#5466 = LINE('',#5467,#5468);
#5467 = CARTESIAN_POINT('',(0.89,-0.55,0.19));
#5468 = VECTOR('',#5469,1.);
#5469 = DIRECTION('',(0.,0.,1.));
#5470 = ORIENTED_EDGE('',*,*,#5471,.F.);
#5471 = EDGE_CURVE('',#5448,#5464,#5472,.T.);
#5472 = LINE('',#5473,#5474);
#5473 = CARTESIAN_POINT('',(0.89,-0.65,0.31));
#5474 = VECTOR('',#5475,1.);
#5475 = DIRECTION('',(0.,1.,0.));
#5476 = PLANE('',#5477);
#5477 = AXIS2_PLACEMENT_3D('',#5478,#5479,#5480);
#5478 = CARTESIAN_POINT('',(0.89,-0.65,0.19));
#5479 = DIRECTION('',(1.,0.,0.));
#5480 = DIRECTION('',(0.,0.,1.));
#5481 = ADVANCED_FACE('',(#5482),#5498,.F.);
#5482 = FACE_BOUND('',#5483,.F.);
#5483 = EDGE_LOOP('',(#5484,#5490,#5491,#5497));
#5484 = ORIENTED_EDGE('',*,*,#5485,.F.);
#5485 = EDGE_CURVE('',#5406,#5446,#5486,.T.);
#5486 = LINE('',#5487,#5488);
#5487 = CARTESIAN_POINT('',(0.24,-0.65,0.19));
#5488 = VECTOR('',#5489,1.);
#5489 = DIRECTION('',(1.,0.,0.));
#5490 = ORIENTED_EDGE('',*,*,#5405,.T.);
#5491 = ORIENTED_EDGE('',*,*,#5492,.T.);
#5492 = EDGE_CURVE('',#5408,#5448,#5493,.T.);
#5493 = LINE('',#5494,#5495);
#5494 = CARTESIAN_POINT('',(0.24,-0.65,0.31));
#5495 = VECTOR('',#5496,1.);
#5496 = DIRECTION('',(1.,0.,0.));
#5497 = ORIENTED_EDGE('',*,*,#5445,.F.);
#5498 = PLANE('',#5499);
#5499 = AXIS2_PLACEMENT_3D('',#5500,#5501,#5502);
#5500 = CARTESIAN_POINT('',(0.24,-0.65,0.19));
#5501 = DIRECTION('',(0.,1.,0.));
#5502 = DIRECTION('',(0.,0.,1.));
#5503 = ADVANCED_FACE('',(#5504),#5520,.T.);
#5504 = FACE_BOUND('',#5505,.T.);
#5505 = EDGE_LOOP('',(#5506,#5512,#5513,#5519));
#5506 = ORIENTED_EDGE('',*,*,#5507,.F.);
#5507 = EDGE_CURVE('',#5416,#5456,#5508,.T.);
#5508 = LINE('',#5509,#5510);
#5509 = CARTESIAN_POINT('',(0.24,-0.55,0.19));
#5510 = VECTOR('',#5511,1.);
#5511 = DIRECTION('',(1.,0.,0.));
#5512 = ORIENTED_EDGE('',*,*,#5423,.T.);
#5513 = ORIENTED_EDGE('',*,*,#5514,.T.);
#5514 = EDGE_CURVE('',#5424,#5464,#5515,.T.);
#5515 = LINE('',#5516,#5517);
#5516 = CARTESIAN_POINT('',(0.24,-0.55,0.31));
#5517 = VECTOR('',#5518,1.);
#5518 = DIRECTION('',(1.,0.,0.));
#5519 = ORIENTED_EDGE('',*,*,#5463,.F.);
#5520 = PLANE('',#5521);
#5521 = AXIS2_PLACEMENT_3D('',#5522,#5523,#5524);
#5522 = CARTESIAN_POINT('',(0.24,-0.55,0.19));
#5523 = DIRECTION('',(0.,1.,0.));
#5524 = DIRECTION('',(0.,0.,1.));
#5525 = ADVANCED_FACE('',(#5526),#5532,.F.);
#5526 = FACE_BOUND('',#5527,.F.);
#5527 = EDGE_LOOP('',(#5528,#5529,#5530,#5531));
#5528 = ORIENTED_EDGE('',*,*,#5415,.F.);
#5529 = ORIENTED_EDGE('',*,*,#5485,.T.);
#5530 = ORIENTED_EDGE('',*,*,#5455,.T.);
#5531 = ORIENTED_EDGE('',*,*,#5507,.F.);
#5532 = PLANE('',#5533);
#5533 = AXIS2_PLACEMENT_3D('',#5534,#5535,#5536);
#5534 = CARTESIAN_POINT('',(0.24,-0.65,0.19));
#5535 = DIRECTION('',(0.,0.,1.));
#5536 = DIRECTION('',(1.,0.,0.));
#5537 = ADVANCED_FACE('',(#5538),#5544,.T.);
#5538 = FACE_BOUND('',#5539,.T.);
#5539 = EDGE_LOOP('',(#5540,#5541,#5542,#5543));
#5540 = ORIENTED_EDGE('',*,*,#5431,.F.);
#5541 = ORIENTED_EDGE('',*,*,#5492,.T.);
#5542 = ORIENTED_EDGE('',*,*,#5471,.T.);
#5543 = ORIENTED_EDGE('',*,*,#5514,.F.);
#5544 = PLANE('',#5545);
#5545 = AXIS2_PLACEMENT_3D('',#5546,#5547,#5548);
#5546 = CARTESIAN_POINT('',(0.24,-0.65,0.31));
#5547 = DIRECTION('',(0.,0.,1.));
#5548 = DIRECTION('',(1.,0.,0.));
#5549 = MANIFOLD_SOLID_BREP('',#5550);
#5550 = CLOSED_SHELL('',(#5551,#5591,#5631,#5653,#5675,#5687));
#5551 = ADVANCED_FACE('',(#5552),#5586,.F.);
#5552 = FACE_BOUND('',#5553,.F.);
#5553 = EDGE_LOOP('',(#5554,#5564,#5572,#5580));
#5554 = ORIENTED_EDGE('',*,*,#5555,.F.);
#5555 = EDGE_CURVE('',#5556,#5558,#5560,.T.);
#5556 = VERTEX_POINT('',#5557);
#5557 = CARTESIAN_POINT('',(0.92,-0.25,0.));
#5558 = VERTEX_POINT('',#5559);
#5559 = CARTESIAN_POINT('',(0.92,-0.25,0.1));
#5560 = LINE('',#5561,#5562);
#5561 = CARTESIAN_POINT('',(0.92,-0.25,0.));
#5562 = VECTOR('',#5563,1.);
#5563 = DIRECTION('',(0.,0.,1.));
#5564 = ORIENTED_EDGE('',*,*,#5565,.T.);
#5565 = EDGE_CURVE('',#5556,#5566,#5568,.T.);
#5566 = VERTEX_POINT('',#5567);
#5567 = CARTESIAN_POINT('',(0.92,-0.15,0.));
#5568 = LINE('',#5569,#5570);
#5569 = CARTESIAN_POINT('',(0.92,-0.25,0.));
#5570 = VECTOR('',#5571,1.);
#5571 = DIRECTION('',(0.,1.,0.));
#5572 = ORIENTED_EDGE('',*,*,#5573,.T.);
#5573 = EDGE_CURVE('',#5566,#5574,#5576,.T.);
#5574 = VERTEX_POINT('',#5575);
#5575 = CARTESIAN_POINT('',(0.92,-0.15,0.1));
#5576 = LINE('',#5577,#5578);
#5577 = CARTESIAN_POINT('',(0.92,-0.15,0.));
#5578 = VECTOR('',#5579,1.);
#5579 = DIRECTION('',(0.,0.,1.));
#5580 = ORIENTED_EDGE('',*,*,#5581,.F.);
#5581 = EDGE_CURVE('',#5558,#5574,#5582,.T.);
#5582 = LINE('',#5583,#5584);
#5583 = CARTESIAN_POINT('',(0.92,-0.25,0.1));
#5584 = VECTOR('',#5585,1.);
#5585 = DIRECTION('',(0.,1.,0.));
#5586 = PLANE('',#5587);
#5587 = AXIS2_PLACEMENT_3D('',#5588,#5589,#5590);
#5588 = CARTESIAN_POINT('',(0.92,-0.25,0.));
#5589 = DIRECTION('',(1.,0.,0.));
#5590 = DIRECTION('',(0.,0.,1.));
#5591 = ADVANCED_FACE('',(#5592),#5626,.T.);
#5592 = FACE_BOUND('',#5593,.T.);
#5593 = EDGE_LOOP('',(#5594,#5604,#5612,#5620));
#5594 = ORIENTED_EDGE('',*,*,#5595,.F.);
#5595 = EDGE_CURVE('',#5596,#5598,#5600,.T.);
#5596 = VERTEX_POINT('',#5597);
#5597 = CARTESIAN_POINT('',(1.295,-0.25,0.));
#5598 = VERTEX_POINT('',#5599);
#5599 = CARTESIAN_POINT('',(1.295,-0.25,0.1));
#5600 = LINE('',#5601,#5602);
#5601 = CARTESIAN_POINT('',(1.295,-0.25,0.));
#5602 = VECTOR('',#5603,1.);
#5603 = DIRECTION('',(0.,0.,1.));
#5604 = ORIENTED_EDGE('',*,*,#5605,.T.);
#5605 = EDGE_CURVE('',#5596,#5606,#5608,.T.);
#5606 = VERTEX_POINT('',#5607);
#5607 = CARTESIAN_POINT('',(1.295,-0.15,0.));
#5608 = LINE('',#5609,#5610);
#5609 = CARTESIAN_POINT('',(1.295,-0.25,0.));
#5610 = VECTOR('',#5611,1.);
#5611 = DIRECTION('',(0.,1.,0.));
#5612 = ORIENTED_EDGE('',*,*,#5613,.T.);
#5613 = EDGE_CURVE('',#5606,#5614,#5616,.T.);
#5614 = VERTEX_POINT('',#5615);
#5615 = CARTESIAN_POINT('',(1.295,-0.15,0.1));
#5616 = LINE('',#5617,#5618);
#5617 = CARTESIAN_POINT('',(1.295,-0.15,0.));
#5618 = VECTOR('',#5619,1.);
#5619 = DIRECTION('',(0.,0.,1.));
#5620 = ORIENTED_EDGE('',*,*,#5621,.F.);
#5621 = EDGE_CURVE('',#5598,#5614,#5622,.T.);
#5622 = LINE('',#5623,#5624);
#5623 = CARTESIAN_POINT('',(1.295,-0.25,0.1));
#5624 = VECTOR('',#5625,1.);
#5625 = DIRECTION('',(0.,1.,0.));
#5626 = PLANE('',#5627);
#5627 = AXIS2_PLACEMENT_3D('',#5628,#5629,#5630);
#5628 = CARTESIAN_POINT('',(1.295,-0.25,0.));
#5629 = DIRECTION('',(1.,0.,0.));
#5630 = DIRECTION('',(0.,0.,1.));
#5631 = ADVANCED_FACE('',(#5632),#5648,.F.);
#5632 = FACE_BOUND('',#5633,.F.);
#5633 = EDGE_LOOP('',(#5634,#5640,#5641,#5647));
#5634 = ORIENTED_EDGE('',*,*,#5635,.F.);
#5635 = EDGE_CURVE('',#5556,#5596,#5636,.T.);
#5636 = LINE('',#5637,#5638);
#5637 = CARTESIAN_POINT('',(0.92,-0.25,0.));
#5638 = VECTOR('',#5639,1.);
#5639 = DIRECTION('',(1.,0.,0.));
#5640 = ORIENTED_EDGE('',*,*,#5555,.T.);
#5641 = ORIENTED_EDGE('',*,*,#5642,.T.);
#5642 = EDGE_CURVE('',#5558,#5598,#5643,.T.);
#5643 = LINE('',#5644,#5645);
#5644 = CARTESIAN_POINT('',(0.92,-0.25,0.1));
#5645 = VECTOR('',#5646,1.);
#5646 = DIRECTION('',(1.,0.,0.));
#5647 = ORIENTED_EDGE('',*,*,#5595,.F.);
#5648 = PLANE('',#5649);
#5649 = AXIS2_PLACEMENT_3D('',#5650,#5651,#5652);
#5650 = CARTESIAN_POINT('',(0.92,-0.25,0.));
#5651 = DIRECTION('',(0.,1.,0.));
#5652 = DIRECTION('',(0.,0.,1.));
#5653 = ADVANCED_FACE('',(#5654),#5670,.T.);
#5654 = FACE_BOUND('',#5655,.T.);
#5655 = EDGE_LOOP('',(#5656,#5662,#5663,#5669));
#5656 = ORIENTED_EDGE('',*,*,#5657,.F.);
#5657 = EDGE_CURVE('',#5566,#5606,#5658,.T.);
#5658 = LINE('',#5659,#5660);
#5659 = CARTESIAN_POINT('',(0.92,-0.15,0.));
#5660 = VECTOR('',#5661,1.);
#5661 = DIRECTION('',(1.,0.,0.));
#5662 = ORIENTED_EDGE('',*,*,#5573,.T.);
#5663 = ORIENTED_EDGE('',*,*,#5664,.T.);
#5664 = EDGE_CURVE('',#5574,#5614,#5665,.T.);
#5665 = LINE('',#5666,#5667);
#5666 = CARTESIAN_POINT('',(0.92,-0.15,0.1));
#5667 = VECTOR('',#5668,1.);
#5668 = DIRECTION('',(1.,0.,0.));
#5669 = ORIENTED_EDGE('',*,*,#5613,.F.);
#5670 = PLANE('',#5671);
#5671 = AXIS2_PLACEMENT_3D('',#5672,#5673,#5674);
#5672 = CARTESIAN_POINT('',(0.92,-0.15,0.));
#5673 = DIRECTION('',(0.,1.,0.));
#5674 = DIRECTION('',(0.,0.,1.));
#5675 = ADVANCED_FACE('',(#5676),#5682,.F.);
#5676 = FACE_BOUND('',#5677,.F.);
#5677 = EDGE_LOOP('',(#5678,#5679,#5680,#5681));
#5678 = ORIENTED_EDGE('',*,*,#5565,.F.);
#5679 = ORIENTED_EDGE('',*,*,#5635,.T.);
#5680 = ORIENTED_EDGE('',*,*,#5605,.T.);
#5681 = ORIENTED_EDGE('',*,*,#5657,.F.);
#5682 = PLANE('',#5683);
#5683 = AXIS2_PLACEMENT_3D('',#5684,#5685,#5686);
#5684 = CARTESIAN_POINT('',(0.92,-0.25,0.));
#5685 = DIRECTION('',(0.,0.,1.));
#5686 = DIRECTION('',(1.,0.,0.));
#5687 = ADVANCED_FACE('',(#5688),#5694,.T.);
#5688 = FACE_BOUND('',#5689,.T.);
#5689 = EDGE_LOOP('',(#5690,#5691,#5692,#5693));
#5690 = ORIENTED_EDGE('',*,*,#5581,.F.);
#5691 = ORIENTED_EDGE('',*,*,#5642,.T.);
#5692 = ORIENTED_EDGE('',*,*,#5621,.T.);
#5693 = ORIENTED_EDGE('',*,*,#5664,.F.);
#5694 = PLANE('',#5695);
#5695 = AXIS2_PLACEMENT_3D('',#5696,#5697,#5698);
#5696 = CARTESIAN_POINT('',(0.92,-0.25,0.1));
#5697 = DIRECTION('',(0.,0.,1.));
#5698 = DIRECTION('',(1.,0.,0.));
#5699 = MANIFOLD_SOLID_BREP('',#5700);
#5700 = CLOSED_SHELL('',(#5701,#5741,#5781,#5803,#5825,#5837));
#5701 = ADVANCED_FACE('',(#5702),#5736,.F.);
#5702 = FACE_BOUND('',#5703,.F.);
#5703 = EDGE_LOOP('',(#5704,#5714,#5722,#5730));
#5704 = ORIENTED_EDGE('',*,*,#5705,.F.);
#5705 = EDGE_CURVE('',#5706,#5708,#5710,.T.);
#5706 = VERTEX_POINT('',#5707);
#5707 = CARTESIAN_POINT('',(0.24,-0.25,0.19));
#5708 = VERTEX_POINT('',#5709);
#5709 = CARTESIAN_POINT('',(0.24,-0.25,0.31));
#5710 = LINE('',#5711,#5712);
#5711 = CARTESIAN_POINT('',(0.24,-0.25,0.19));
#5712 = VECTOR('',#5713,1.);
#5713 = DIRECTION('',(0.,0.,1.));
#5714 = ORIENTED_EDGE('',*,*,#5715,.T.);
#5715 = EDGE_CURVE('',#5706,#5716,#5718,.T.);
#5716 = VERTEX_POINT('',#5717);
#5717 = CARTESIAN_POINT('',(0.24,-0.15,0.19));
#5718 = LINE('',#5719,#5720);
#5719 = CARTESIAN_POINT('',(0.24,-0.25,0.19));
#5720 = VECTOR('',#5721,1.);
#5721 = DIRECTION('',(0.,1.,0.));
#5722 = ORIENTED_EDGE('',*,*,#5723,.T.);
#5723 = EDGE_CURVE('',#5716,#5724,#5726,.T.);
#5724 = VERTEX_POINT('',#5725);
#5725 = CARTESIAN_POINT('',(0.24,-0.15,0.31));
#5726 = LINE('',#5727,#5728);
#5727 = CARTESIAN_POINT('',(0.24,-0.15,0.19));
#5728 = VECTOR('',#5729,1.);
#5729 = DIRECTION('',(0.,0.,1.));
#5730 = ORIENTED_EDGE('',*,*,#5731,.F.);
#5731 = EDGE_CURVE('',#5708,#5724,#5732,.T.);
#5732 = LINE('',#5733,#5734);
#5733 = CARTESIAN_POINT('',(0.24,-0.25,0.31));
#5734 = VECTOR('',#5735,1.);
#5735 = DIRECTION('',(0.,1.,0.));
#5736 = PLANE('',#5737);
#5737 = AXIS2_PLACEMENT_3D('',#5738,#5739,#5740);
#5738 = CARTESIAN_POINT('',(0.24,-0.25,0.19));
#5739 = DIRECTION('',(1.,0.,0.));
#5740 = DIRECTION('',(0.,0.,1.));
#5741 = ADVANCED_FACE('',(#5742),#5776,.T.);
#5742 = FACE_BOUND('',#5743,.T.);
#5743 = EDGE_LOOP('',(#5744,#5754,#5762,#5770));
#5744 = ORIENTED_EDGE('',*,*,#5745,.F.);
#5745 = EDGE_CURVE('',#5746,#5748,#5750,.T.);
#5746 = VERTEX_POINT('',#5747);
#5747 = CARTESIAN_POINT('',(0.89,-0.25,0.19));
#5748 = VERTEX_POINT('',#5749);
#5749 = CARTESIAN_POINT('',(0.89,-0.25,0.31));
#5750 = LINE('',#5751,#5752);
#5751 = CARTESIAN_POINT('',(0.89,-0.25,0.19));
#5752 = VECTOR('',#5753,1.);
#5753 = DIRECTION('',(0.,0.,1.));
#5754 = ORIENTED_EDGE('',*,*,#5755,.T.);
#5755 = EDGE_CURVE('',#5746,#5756,#5758,.T.);
#5756 = VERTEX_POINT('',#5757);
#5757 = CARTESIAN_POINT('',(0.89,-0.15,0.19));
#5758 = LINE('',#5759,#5760);
#5759 = CARTESIAN_POINT('',(0.89,-0.25,0.19));
#5760 = VECTOR('',#5761,1.);
#5761 = DIRECTION('',(0.,1.,0.));
#5762 = ORIENTED_EDGE('',*,*,#5763,.T.);
#5763 = EDGE_CURVE('',#5756,#5764,#5766,.T.);
#5764 = VERTEX_POINT('',#5765);
#5765 = CARTESIAN_POINT('',(0.89,-0.15,0.31));
#5766 = LINE('',#5767,#5768);
#5767 = CARTESIAN_POINT('',(0.89,-0.15,0.19));
#5768 = VECTOR('',#5769,1.);
#5769 = DIRECTION('',(0.,0.,1.));
#5770 = ORIENTED_EDGE('',*,*,#5771,.F.);
#5771 = EDGE_CURVE('',#5748,#5764,#5772,.T.);
#5772 = LINE('',#5773,#5774);
#5773 = CARTESIAN_POINT('',(0.89,-0.25,0.31));
#5774 = VECTOR('',#5775,1.);
#5775 = DIRECTION('',(0.,1.,0.));
#5776 = PLANE('',#5777);
#5777 = AXIS2_PLACEMENT_3D('',#5778,#5779,#5780);
#5778 = CARTESIAN_POINT('',(0.89,-0.25,0.19));
#5779 = DIRECTION('',(1.,0.,0.));
#5780 = DIRECTION('',(0.,0.,1.));
#5781 = ADVANCED_FACE('',(#5782),#5798,.F.);
#5782 = FACE_BOUND('',#5783,.F.);
#5783 = EDGE_LOOP('',(#5784,#5790,#5791,#5797));
#5784 = ORIENTED_EDGE('',*,*,#5785,.F.);
#5785 = EDGE_CURVE('',#5706,#5746,#5786,.T.);
#5786 = LINE('',#5787,#5788);
#5787 = CARTESIAN_POINT('',(0.24,-0.25,0.19));
#5788 = VECTOR('',#5789,1.);
#5789 = DIRECTION('',(1.,0.,0.));
#5790 = ORIENTED_EDGE('',*,*,#5705,.T.);
#5791 = ORIENTED_EDGE('',*,*,#5792,.T.);
#5792 = EDGE_CURVE('',#5708,#5748,#5793,.T.);
#5793 = LINE('',#5794,#5795);
#5794 = CARTESIAN_POINT('',(0.24,-0.25,0.31));
#5795 = VECTOR('',#5796,1.);
#5796 = DIRECTION('',(1.,0.,0.));
#5797 = ORIENTED_EDGE('',*,*,#5745,.F.);
#5798 = PLANE('',#5799);
#5799 = AXIS2_PLACEMENT_3D('',#5800,#5801,#5802);
#5800 = CARTESIAN_POINT('',(0.24,-0.25,0.19));
#5801 = DIRECTION('',(0.,1.,0.));
#5802 = DIRECTION('',(0.,0.,1.));
#5803 = ADVANCED_FACE('',(#5804),#5820,.T.);
#5804 = FACE_BOUND('',#5805,.T.);
#5805 = EDGE_LOOP('',(#5806,#5812,#5813,#5819));
#5806 = ORIENTED_EDGE('',*,*,#5807,.F.);
#5807 = EDGE_CURVE('',#5716,#5756,#5808,.T.);
#5808 = LINE('',#5809,#5810);
#5809 = CARTESIAN_POINT('',(0.24,-0.15,0.19));
#5810 = VECTOR('',#5811,1.);
#5811 = DIRECTION('',(1.,0.,0.));
#5812 = ORIENTED_EDGE('',*,*,#5723,.T.);
#5813 = ORIENTED_EDGE('',*,*,#5814,.T.);
#5814 = EDGE_CURVE('',#5724,#5764,#5815,.T.);
#5815 = LINE('',#5816,#5817);
#5816 = CARTESIAN_POINT('',(0.24,-0.15,0.31));
#5817 = VECTOR('',#5818,1.);
#5818 = DIRECTION('',(1.,0.,0.));
#5819 = ORIENTED_EDGE('',*,*,#5763,.F.);
#5820 = PLANE('',#5821);
#5821 = AXIS2_PLACEMENT_3D('',#5822,#5823,#5824);
#5822 = CARTESIAN_POINT('',(0.24,-0.15,0.19));
#5823 = DIRECTION('',(0.,1.,0.));
#5824 = DIRECTION('',(0.,0.,1.));
#5825 = ADVANCED_FACE('',(#5826),#5832,.F.);
#5826 = FACE_BOUND('',#5827,.F.);
#5827 = EDGE_LOOP('',(#5828,#5829,#5830,#5831));
#5828 = ORIENTED_EDGE('',*,*,#5715,.F.);
#5829 = ORIENTED_EDGE('',*,*,#5785,.T.);
#5830 = ORIENTED_EDGE('',*,*,#5755,.T.);
#5831 = ORIENTED_EDGE('',*,*,#5807,.F.);
#5832 = PLANE('',#5833);
#5833 = AXIS2_PLACEMENT_3D('',#5834,#5835,#5836);
#5834 = CARTESIAN_POINT('',(0.24,-0.25,0.19));
#5835 = DIRECTION('',(0.,0.,1.));
#5836 = DIRECTION('',(1.,0.,0.));
#5837 = ADVANCED_FACE('',(#5838),#5844,.T.);
#5838 = FACE_BOUND('',#5839,.T.);
#5839 = EDGE_LOOP('',(#5840,#5841,#5842,#5843));
#5840 = ORIENTED_EDGE('',*,*,#5731,.F.);
#5841 = ORIENTED_EDGE('',*,*,#5792,.T.);
#5842 = ORIENTED_EDGE('',*,*,#5771,.T.);
#5843 = ORIENTED_EDGE('',*,*,#5814,.F.);
#5844 = PLANE('',#5845);
#5845 = AXIS2_PLACEMENT_3D('',#5846,#5847,#5848);
#5846 = CARTESIAN_POINT('',(0.24,-0.25,0.31));
#5847 = DIRECTION('',(0.,0.,1.));
#5848 = DIRECTION('',(1.,0.,0.));
#5849 = MANIFOLD_SOLID_BREP('',#5850);
#5850 = CLOSED_SHELL('',(#5851,#5891,#5931,#5953,#5975,#5987));
#5851 = ADVANCED_FACE('',(#5852),#5886,.F.);
#5852 = FACE_BOUND('',#5853,.F.);
#5853 = EDGE_LOOP('',(#5854,#5864,#5872,#5880));
#5854 = ORIENTED_EDGE('',*,*,#5855,.F.);
#5855 = EDGE_CURVE('',#5856,#5858,#5860,.T.);
#5856 = VERTEX_POINT('',#5857);
#5857 = CARTESIAN_POINT('',(0.92,0.15,0.));
#5858 = VERTEX_POINT('',#5859);
#5859 = CARTESIAN_POINT('',(0.92,0.15,0.1));
#5860 = LINE('',#5861,#5862);
#5861 = CARTESIAN_POINT('',(0.92,0.15,0.));
#5862 = VECTOR('',#5863,1.);
#5863 = DIRECTION('',(0.,0.,1.));
#5864 = ORIENTED_EDGE('',*,*,#5865,.T.);
#5865 = EDGE_CURVE('',#5856,#5866,#5868,.T.);
#5866 = VERTEX_POINT('',#5867);
#5867 = CARTESIAN_POINT('',(0.92,0.25,0.));
#5868 = LINE('',#5869,#5870);
#5869 = CARTESIAN_POINT('',(0.92,0.15,0.));
#5870 = VECTOR('',#5871,1.);
#5871 = DIRECTION('',(0.,1.,0.));
#5872 = ORIENTED_EDGE('',*,*,#5873,.T.);
#5873 = EDGE_CURVE('',#5866,#5874,#5876,.T.);
#5874 = VERTEX_POINT('',#5875);
#5875 = CARTESIAN_POINT('',(0.92,0.25,0.1));
#5876 = LINE('',#5877,#5878);
#5877 = CARTESIAN_POINT('',(0.92,0.25,0.));
#5878 = VECTOR('',#5879,1.);
#5879 = DIRECTION('',(0.,0.,1.));
#5880 = ORIENTED_EDGE('',*,*,#5881,.F.);
#5881 = EDGE_CURVE('',#5858,#5874,#5882,.T.);
#5882 = LINE('',#5883,#5884);
#5883 = CARTESIAN_POINT('',(0.92,0.15,0.1));
#5884 = VECTOR('',#5885,1.);
#5885 = DIRECTION('',(0.,1.,0.));
#5886 = PLANE('',#5887);
#5887 = AXIS2_PLACEMENT_3D('',#5888,#5889,#5890);
#5888 = CARTESIAN_POINT('',(0.92,0.15,0.));
#5889 = DIRECTION('',(1.,0.,0.));
#5890 = DIRECTION('',(0.,0.,1.));
#5891 = ADVANCED_FACE('',(#5892),#5926,.T.);
#5892 = FACE_BOUND('',#5893,.T.);
#5893 = EDGE_LOOP('',(#5894,#5904,#5912,#5920));
#5894 = ORIENTED_EDGE('',*,*,#5895,.F.);
#5895 = EDGE_CURVE('',#5896,#5898,#5900,.T.);
#5896 = VERTEX_POINT('',#5897);
#5897 = CARTESIAN_POINT('',(1.295,0.15,0.));
#5898 = VERTEX_POINT('',#5899);
#5899 = CARTESIAN_POINT('',(1.295,0.15,0.1));
#5900 = LINE('',#5901,#5902);
#5901 = CARTESIAN_POINT('',(1.295,0.15,0.));
#5902 = VECTOR('',#5903,1.);
#5903 = DIRECTION('',(0.,0.,1.));
#5904 = ORIENTED_EDGE('',*,*,#5905,.T.);
#5905 = EDGE_CURVE('',#5896,#5906,#5908,.T.);
#5906 = VERTEX_POINT('',#5907);
#5907 = CARTESIAN_POINT('',(1.295,0.25,0.));
#5908 = LINE('',#5909,#5910);
#5909 = CARTESIAN_POINT('',(1.295,0.15,0.));
#5910 = VECTOR('',#5911,1.);
#5911 = DIRECTION('',(0.,1.,0.));
#5912 = ORIENTED_EDGE('',*,*,#5913,.T.);
#5913 = EDGE_CURVE('',#5906,#5914,#5916,.T.);
#5914 = VERTEX_POINT('',#5915);
#5915 = CARTESIAN_POINT('',(1.295,0.25,0.1));
#5916 = LINE('',#5917,#5918);
#5917 = CARTESIAN_POINT('',(1.295,0.25,0.));
#5918 = VECTOR('',#5919,1.);
#5919 = DIRECTION('',(0.,0.,1.));
#5920 = ORIENTED_EDGE('',*,*,#5921,.F.);
#5921 = EDGE_CURVE('',#5898,#5914,#5922,.T.);
#5922 = LINE('',#5923,#5924);
#5923 = CARTESIAN_POINT('',(1.295,0.15,0.1));
#5924 = VECTOR('',#5925,1.);
#5925 = DIRECTION('',(0.,1.,0.));
#5926 = PLANE('',#5927);
#5927 = AXIS2_PLACEMENT_3D('',#5928,#5929,#5930);
#5928 = CARTESIAN_POINT('',(1.295,0.15,0.));
#5929 = DIRECTION('',(1.,0.,0.));
#5930 = DIRECTION('',(0.,0.,1.));
#5931 = ADVANCED_FACE('',(#5932),#5948,.F.);
#5932 = FACE_BOUND('',#5933,.F.);
#5933 = EDGE_LOOP('',(#5934,#5940,#5941,#5947));
#5934 = ORIENTED_EDGE('',*,*,#5935,.F.);
#5935 = EDGE_CURVE('',#5856,#5896,#5936,.T.);
#5936 = LINE('',#5937,#5938);
#5937 = CARTESIAN_POINT('',(0.92,0.15,0.));
#5938 = VECTOR('',#5939,1.);
#5939 = DIRECTION('',(1.,0.,0.));
#5940 = ORIENTED_EDGE('',*,*,#5855,.T.);
#5941 = ORIENTED_EDGE('',*,*,#5942,.T.);
#5942 = EDGE_CURVE('',#5858,#5898,#5943,.T.);
#5943 = LINE('',#5944,#5945);
#5944 = CARTESIAN_POINT('',(0.92,0.15,0.1));
#5945 = VECTOR('',#5946,1.);
#5946 = DIRECTION('',(1.,0.,0.));
#5947 = ORIENTED_EDGE('',*,*,#5895,.F.);
#5948 = PLANE('',#5949);
#5949 = AXIS2_PLACEMENT_3D('',#5950,#5951,#5952);
#5950 = CARTESIAN_POINT('',(0.92,0.15,0.));
#5951 = DIRECTION('',(0.,1.,0.));
#5952 = DIRECTION('',(0.,0.,1.));
#5953 = ADVANCED_FACE('',(#5954),#5970,.T.);
#5954 = FACE_BOUND('',#5955,.T.);
#5955 = EDGE_LOOP('',(#5956,#5962,#5963,#5969));
#5956 = ORIENTED_EDGE('',*,*,#5957,.F.);
#5957 = EDGE_CURVE('',#5866,#5906,#5958,.T.);
#5958 = LINE('',#5959,#5960);
#5959 = CARTESIAN_POINT('',(0.92,0.25,0.));
#5960 = VECTOR('',#5961,1.);
#5961 = DIRECTION('',(1.,0.,0.));
#5962 = ORIENTED_EDGE('',*,*,#5873,.T.);
#5963 = ORIENTED_EDGE('',*,*,#5964,.T.);
#5964 = EDGE_CURVE('',#5874,#5914,#5965,.T.);
#5965 = LINE('',#5966,#5967);
#5966 = CARTESIAN_POINT('',(0.92,0.25,0.1));
#5967 = VECTOR('',#5968,1.);
#5968 = DIRECTION('',(1.,0.,0.));
#5969 = ORIENTED_EDGE('',*,*,#5913,.F.);
#5970 = PLANE('',#5971);
#5971 = AXIS2_PLACEMENT_3D('',#5972,#5973,#5974);
#5972 = CARTESIAN_POINT('',(0.92,0.25,0.));
#5973 = DIRECTION('',(0.,1.,0.));
#5974 = DIRECTION('',(0.,0.,1.));
#5975 = ADVANCED_FACE('',(#5976),#5982,.F.);
#5976 = FACE_BOUND('',#5977,.F.);
#5977 = EDGE_LOOP('',(#5978,#5979,#5980,#5981));
#5978 = ORIENTED_EDGE('',*,*,#5865,.F.);
#5979 = ORIENTED_EDGE('',*,*,#5935,.T.);
#5980 = ORIENTED_EDGE('',*,*,#5905,.T.);
#5981 = ORIENTED_EDGE('',*,*,#5957,.F.);
#5982 = PLANE('',#5983);
#5983 = AXIS2_PLACEMENT_3D('',#5984,#5985,#5986);
#5984 = CARTESIAN_POINT('',(0.92,0.15,0.));
#5985 = DIRECTION('',(0.,0.,1.));
#5986 = DIRECTION('',(1.,0.,0.));
#5987 = ADVANCED_FACE('',(#5988),#5994,.T.);
#5988 = FACE_BOUND('',#5989,.T.);
#5989 = EDGE_LOOP('',(#5990,#5991,#5992,#5993));
#5990 = ORIENTED_EDGE('',*,*,#5881,.F.);
#5991 = ORIENTED_EDGE('',*,*,#5942,.T.);
#5992 = ORIENTED_EDGE('',*,*,#5921,.T.);
#5993 = ORIENTED_EDGE('',*,*,#5964,.F.);
#5994 = PLANE('',#5995);
#5995 = AXIS2_PLACEMENT_3D('',#5996,#5997,#5998);
#5996 = CARTESIAN_POINT('',(0.92,0.15,0.1));
#5997 = DIRECTION('',(0.,0.,1.));
#5998 = DIRECTION('',(1.,0.,0.));
#5999 = MANIFOLD_SOLID_BREP('',#6000);
#6000 = CLOSED_SHELL('',(#6001,#6041,#6081,#6103,#6125,#6137));
#6001 = ADVANCED_FACE('',(#6002),#6036,.F.);
#6002 = FACE_BOUND('',#6003,.F.);
#6003 = EDGE_LOOP('',(#6004,#6014,#6022,#6030));
#6004 = ORIENTED_EDGE('',*,*,#6005,.F.);
#6005 = EDGE_CURVE('',#6006,#6008,#6010,.T.);
#6006 = VERTEX_POINT('',#6007);
#6007 = CARTESIAN_POINT('',(0.24,0.15,0.19));
#6008 = VERTEX_POINT('',#6009);
#6009 = CARTESIAN_POINT('',(0.24,0.15,0.31));
#6010 = LINE('',#6011,#6012);
#6011 = CARTESIAN_POINT('',(0.24,0.15,0.19));
#6012 = VECTOR('',#6013,1.);
#6013 = DIRECTION('',(0.,0.,1.));
#6014 = ORIENTED_EDGE('',*,*,#6015,.T.);
#6015 = EDGE_CURVE('',#6006,#6016,#6018,.T.);
#6016 = VERTEX_POINT('',#6017);
#6017 = CARTESIAN_POINT('',(0.24,0.25,0.19));
#6018 = LINE('',#6019,#6020);
#6019 = CARTESIAN_POINT('',(0.24,0.15,0.19));
#6020 = VECTOR('',#6021,1.);
#6021 = DIRECTION('',(0.,1.,0.));
#6022 = ORIENTED_EDGE('',*,*,#6023,.T.);
#6023 = EDGE_CURVE('',#6016,#6024,#6026,.T.);
#6024 = VERTEX_POINT('',#6025);
#6025 = CARTESIAN_POINT('',(0.24,0.25,0.31));
#6026 = LINE('',#6027,#6028);
#6027 = CARTESIAN_POINT('',(0.24,0.25,0.19));
#6028 = VECTOR('',#6029,1.);
#6029 = DIRECTION('',(0.,0.,1.));
#6030 = ORIENTED_EDGE('',*,*,#6031,.F.);
#6031 = EDGE_CURVE('',#6008,#6024,#6032,.T.);
#6032 = LINE('',#6033,#6034);
#6033 = CARTESIAN_POINT('',(0.24,0.15,0.31));
#6034 = VECTOR('',#6035,1.);
#6035 = DIRECTION('',(0.,1.,0.));
#6036 = PLANE('',#6037);
#6037 = AXIS2_PLACEMENT_3D('',#6038,#6039,#6040);
#6038 = CARTESIAN_POINT('',(0.24,0.15,0.19));
#6039 = DIRECTION('',(1.,0.,0.));
#6040 = DIRECTION('',(0.,0.,1.));
#6041 = ADVANCED_FACE('',(#6042),#6076,.T.);
#6042 = FACE_BOUND('',#6043,.T.);
#6043 = EDGE_LOOP('',(#6044,#6054,#6062,#6070));
#6044 = ORIENTED_EDGE('',*,*,#6045,.F.);
#6045 = EDGE_CURVE('',#6046,#6048,#6050,.T.);
#6046 = VERTEX_POINT('',#6047);
#6047 = CARTESIAN_POINT('',(0.89,0.15,0.19));
#6048 = VERTEX_POINT('',#6049);
#6049 = CARTESIAN_POINT('',(0.89,0.15,0.31));
#6050 = LINE('',#6051,#6052);
#6051 = CARTESIAN_POINT('',(0.89,0.15,0.19));
#6052 = VECTOR('',#6053,1.);
#6053 = DIRECTION('',(0.,0.,1.));
#6054 = ORIENTED_EDGE('',*,*,#6055,.T.);
#6055 = EDGE_CURVE('',#6046,#6056,#6058,.T.);
#6056 = VERTEX_POINT('',#6057);
#6057 = CARTESIAN_POINT('',(0.89,0.25,0.19));
#6058 = LINE('',#6059,#6060);
#6059 = CARTESIAN_POINT('',(0.89,0.15,0.19));
#6060 = VECTOR('',#6061,1.);
#6061 = DIRECTION('',(0.,1.,0.));
#6062 = ORIENTED_EDGE('',*,*,#6063,.T.);
#6063 = EDGE_CURVE('',#6056,#6064,#6066,.T.);
#6064 = VERTEX_POINT('',#6065);
#6065 = CARTESIAN_POINT('',(0.89,0.25,0.31));
#6066 = LINE('',#6067,#6068);
#6067 = CARTESIAN_POINT('',(0.89,0.25,0.19));
#6068 = VECTOR('',#6069,1.);
#6069 = DIRECTION('',(0.,0.,1.));
#6070 = ORIENTED_EDGE('',*,*,#6071,.F.);
#6071 = EDGE_CURVE('',#6048,#6064,#6072,.T.);
#6072 = LINE('',#6073,#6074);
#6073 = CARTESIAN_POINT('',(0.89,0.15,0.31));
#6074 = VECTOR('',#6075,1.);
#6075 = DIRECTION('',(0.,1.,0.));
#6076 = PLANE('',#6077);
#6077 = AXIS2_PLACEMENT_3D('',#6078,#6079,#6080);
#6078 = CARTESIAN_POINT('',(0.89,0.15,0.19));
#6079 = DIRECTION('',(1.,0.,0.));
#6080 = DIRECTION('',(0.,0.,1.));
#6081 = ADVANCED_FACE('',(#6082),#6098,.F.);
#6082 = FACE_BOUND('',#6083,.F.);
#6083 = EDGE_LOOP('',(#6084,#6090,#6091,#6097));
#6084 = ORIENTED_EDGE('',*,*,#6085,.F.);
#6085 = EDGE_CURVE('',#6006,#6046,#6086,.T.);
#6086 = LINE('',#6087,#6088);
#6087 = CARTESIAN_POINT('',(0.24,0.15,0.19));
#6088 = VECTOR('',#6089,1.);
#6089 = DIRECTION('',(1.,0.,0.));
#6090 = ORIENTED_EDGE('',*,*,#6005,.T.);
#6091 = ORIENTED_EDGE('',*,*,#6092,.T.);
#6092 = EDGE_CURVE('',#6008,#6048,#6093,.T.);
#6093 = LINE('',#6094,#6095);
#6094 = CARTESIAN_POINT('',(0.24,0.15,0.31));
#6095 = VECTOR('',#6096,1.);
#6096 = DIRECTION('',(1.,0.,0.));
#6097 = ORIENTED_EDGE('',*,*,#6045,.F.);
#6098 = PLANE('',#6099);
#6099 = AXIS2_PLACEMENT_3D('',#6100,#6101,#6102);
#6100 = CARTESIAN_POINT('',(0.24,0.15,0.19));
#6101 = DIRECTION('',(0.,1.,0.));
#6102 = DIRECTION('',(0.,0.,1.));
#6103 = ADVANCED_FACE('',(#6104),#6120,.T.);
#6104 = FACE_BOUND('',#6105,.T.);
#6105 = EDGE_LOOP('',(#6106,#6112,#6113,#6119));
#6106 = ORIENTED_EDGE('',*,*,#6107,.F.);
#6107 = EDGE_CURVE('',#6016,#6056,#6108,.T.);
#6108 = LINE('',#6109,#6110);
#6109 = CARTESIAN_POINT('',(0.24,0.25,0.19));
#6110 = VECTOR('',#6111,1.);
#6111 = DIRECTION('',(1.,0.,0.));
#6112 = ORIENTED_EDGE('',*,*,#6023,.T.);
#6113 = ORIENTED_EDGE('',*,*,#6114,.T.);
#6114 = EDGE_CURVE('',#6024,#6064,#6115,.T.);
#6115 = LINE('',#6116,#6117);
#6116 = CARTESIAN_POINT('',(0.24,0.25,0.31));
#6117 = VECTOR('',#6118,1.);
#6118 = DIRECTION('',(1.,0.,0.));
#6119 = ORIENTED_EDGE('',*,*,#6063,.F.);
#6120 = PLANE('',#6121);
#6121 = AXIS2_PLACEMENT_3D('',#6122,#6123,#6124);
#6122 = CARTESIAN_POINT('',(0.24,0.25,0.19));
#6123 = DIRECTION('',(0.,1.,0.));
#6124 = DIRECTION('',(0.,0.,1.));
#6125 = ADVANCED_FACE('',(#6126),#6132,.F.);
#6126 = FACE_BOUND('',#6127,.F.);
#6127 = EDGE_LOOP('',(#6128,#6129,#6130,#6131));
#6128 = ORIENTED_EDGE('',*,*,#6015,.F.);
#6129 = ORIENTED_EDGE('',*,*,#6085,.T.);
#6130 = ORIENTED_EDGE('',*,*,#6055,.T.);
#6131 = ORIENTED_EDGE('',*,*,#6107,.F.);
#6132 = PLANE('',#6133);
#6133 = AXIS2_PLACEMENT_3D('',#6134,#6135,#6136);
#6134 = CARTESIAN_POINT('',(0.24,0.15,0.19));
#6135 = DIRECTION('',(0.,0.,1.));
#6136 = DIRECTION('',(1.,0.,0.));
#6137 = ADVANCED_FACE('',(#6138),#6144,.T.);
#6138 = FACE_BOUND('',#6139,.T.);
#6139 = EDGE_LOOP('',(#6140,#6141,#6142,#6143));
#6140 = ORIENTED_EDGE('',*,*,#6031,.F.);
#6141 = ORIENTED_EDGE('',*,*,#6092,.T.);
#6142 = ORIENTED_EDGE('',*,*,#6071,.T.);
#6143 = ORIENTED_EDGE('',*,*,#6114,.F.);
#6144 = PLANE('',#6145);
#6145 = AXIS2_PLACEMENT_3D('',#6146,#6147,#6148);
#6146 = CARTESIAN_POINT('',(0.24,0.15,0.31));
#6147 = DIRECTION('',(0.,0.,1.));
#6148 = DIRECTION('',(1.,0.,0.));
#6149 = MANIFOLD_SOLID_BREP('',#6150);
#6150 = CLOSED_SHELL('',(#6151,#6191,#6231,#6253,#6275,#6287));
#6151 = ADVANCED_FACE('',(#6152),#6186,.F.);
#6152 = FACE_BOUND('',#6153,.F.);
#6153 = EDGE_LOOP('',(#6154,#6164,#6172,#6180));
#6154 = ORIENTED_EDGE('',*,*,#6155,.F.);
#6155 = EDGE_CURVE('',#6156,#6158,#6160,.T.);
#6156 = VERTEX_POINT('',#6157);
#6157 = CARTESIAN_POINT('',(0.92,0.55,0.));
#6158 = VERTEX_POINT('',#6159);
#6159 = CARTESIAN_POINT('',(0.92,0.55,0.1));
#6160 = LINE('',#6161,#6162);
#6161 = CARTESIAN_POINT('',(0.92,0.55,0.));
#6162 = VECTOR('',#6163,1.);
#6163 = DIRECTION('',(0.,0.,1.));
#6164 = ORIENTED_EDGE('',*,*,#6165,.T.);
#6165 = EDGE_CURVE('',#6156,#6166,#6168,.T.);
#6166 = VERTEX_POINT('',#6167);
#6167 = CARTESIAN_POINT('',(0.92,0.65,0.));
#6168 = LINE('',#6169,#6170);
#6169 = CARTESIAN_POINT('',(0.92,0.55,0.));
#6170 = VECTOR('',#6171,1.);
#6171 = DIRECTION('',(0.,1.,0.));
#6172 = ORIENTED_EDGE('',*,*,#6173,.T.);
#6173 = EDGE_CURVE('',#6166,#6174,#6176,.T.);
#6174 = VERTEX_POINT('',#6175);
#6175 = CARTESIAN_POINT('',(0.92,0.65,0.1));
#6176 = LINE('',#6177,#6178);
#6177 = CARTESIAN_POINT('',(0.92,0.65,0.));
#6178 = VECTOR('',#6179,1.);
#6179 = DIRECTION('',(0.,0.,1.));
#6180 = ORIENTED_EDGE('',*,*,#6181,.F.);
#6181 = EDGE_CURVE('',#6158,#6174,#6182,.T.);
#6182 = LINE('',#6183,#6184);
#6183 = CARTESIAN_POINT('',(0.92,0.55,0.1));
#6184 = VECTOR('',#6185,1.);
#6185 = DIRECTION('',(0.,1.,0.));
#6186 = PLANE('',#6187);
#6187 = AXIS2_PLACEMENT_3D('',#6188,#6189,#6190);
#6188 = CARTESIAN_POINT('',(0.92,0.55,0.));
#6189 = DIRECTION('',(1.,0.,0.));
#6190 = DIRECTION('',(0.,0.,1.));
#6191 = ADVANCED_FACE('',(#6192),#6226,.T.);
#6192 = FACE_BOUND('',#6193,.T.);
#6193 = EDGE_LOOP('',(#6194,#6204,#6212,#6220));
#6194 = ORIENTED_EDGE('',*,*,#6195,.F.);
#6195 = EDGE_CURVE('',#6196,#6198,#6200,.T.);
#6196 = VERTEX_POINT('',#6197);
#6197 = CARTESIAN_POINT('',(1.295,0.55,0.));
#6198 = VERTEX_POINT('',#6199);
#6199 = CARTESIAN_POINT('',(1.295,0.55,0.1));
#6200 = LINE('',#6201,#6202);
#6201 = CARTESIAN_POINT('',(1.295,0.55,0.));
#6202 = VECTOR('',#6203,1.);
#6203 = DIRECTION('',(0.,0.,1.));
#6204 = ORIENTED_EDGE('',*,*,#6205,.T.);
#6205 = EDGE_CURVE('',#6196,#6206,#6208,.T.);
#6206 = VERTEX_POINT('',#6207);
#6207 = CARTESIAN_POINT('',(1.295,0.65,0.));
#6208 = LINE('',#6209,#6210);
#6209 = CARTESIAN_POINT('',(1.295,0.55,0.));
#6210 = VECTOR('',#6211,1.);
#6211 = DIRECTION('',(0.,1.,0.));
#6212 = ORIENTED_EDGE('',*,*,#6213,.T.);
#6213 = EDGE_CURVE('',#6206,#6214,#6216,.T.);
#6214 = VERTEX_POINT('',#6215);
#6215 = CARTESIAN_POINT('',(1.295,0.65,0.1));
#6216 = LINE('',#6217,#6218);
#6217 = CARTESIAN_POINT('',(1.295,0.65,0.));
#6218 = VECTOR('',#6219,1.);
#6219 = DIRECTION('',(0.,0.,1.));
#6220 = ORIENTED_EDGE('',*,*,#6221,.F.);
#6221 = EDGE_CURVE('',#6198,#6214,#6222,.T.);
#6222 = LINE('',#6223,#6224);
#6223 = CARTESIAN_POINT('',(1.295,0.55,0.1));
#6224 = VECTOR('',#6225,1.);
#6225 = DIRECTION('',(0.,1.,0.));
#6226 = PLANE('',#6227);
#6227 = AXIS2_PLACEMENT_3D('',#6228,#6229,#6230);
#6228 = CARTESIAN_POINT('',(1.295,0.55,0.));
#6229 = DIRECTION('',(1.,0.,0.));
#6230 = DIRECTION('',(0.,0.,1.));
#6231 = ADVANCED_FACE('',(#6232),#6248,.F.);
#6232 = FACE_BOUND('',#6233,.F.);
#6233 = EDGE_LOOP('',(#6234,#6240,#6241,#6247));
#6234 = ORIENTED_EDGE('',*,*,#6235,.F.);
#6235 = EDGE_CURVE('',#6156,#6196,#6236,.T.);
#6236 = LINE('',#6237,#6238);
#6237 = CARTESIAN_POINT('',(0.92,0.55,0.));
#6238 = VECTOR('',#6239,1.);
#6239 = DIRECTION('',(1.,0.,0.));
#6240 = ORIENTED_EDGE('',*,*,#6155,.T.);
#6241 = ORIENTED_EDGE('',*,*,#6242,.T.);
#6242 = EDGE_CURVE('',#6158,#6198,#6243,.T.);
#6243 = LINE('',#6244,#6245);
#6244 = CARTESIAN_POINT('',(0.92,0.55,0.1));
#6245 = VECTOR('',#6246,1.);
#6246 = DIRECTION('',(1.,0.,0.));
#6247 = ORIENTED_EDGE('',*,*,#6195,.F.);
#6248 = PLANE('',#6249);
#6249 = AXIS2_PLACEMENT_3D('',#6250,#6251,#6252);
#6250 = CARTESIAN_POINT('',(0.92,0.55,0.));
#6251 = DIRECTION('',(0.,1.,0.));
#6252 = DIRECTION('',(0.,0.,1.));
#6253 = ADVANCED_FACE('',(#6254),#6270,.T.);
#6254 = FACE_BOUND('',#6255,.T.);
#6255 = EDGE_LOOP('',(#6256,#6262,#6263,#6269));
#6256 = ORIENTED_EDGE('',*,*,#6257,.F.);
#6257 = EDGE_CURVE('',#6166,#6206,#6258,.T.);
#6258 = LINE('',#6259,#6260);
#6259 = CARTESIAN_POINT('',(0.92,0.65,0.));
#6260 = VECTOR('',#6261,1.);
#6261 = DIRECTION('',(1.,0.,0.));
#6262 = ORIENTED_EDGE('',*,*,#6173,.T.);
#6263 = ORIENTED_EDGE('',*,*,#6264,.T.);
#6264 = EDGE_CURVE('',#6174,#6214,#6265,.T.);
#6265 = LINE('',#6266,#6267);
#6266 = CARTESIAN_POINT('',(0.92,0.65,0.1));
#6267 = VECTOR('',#6268,1.);
#6268 = DIRECTION('',(1.,0.,0.));
#6269 = ORIENTED_EDGE('',*,*,#6213,.F.);
#6270 = PLANE('',#6271);
#6271 = AXIS2_PLACEMENT_3D('',#6272,#6273,#6274);
#6272 = CARTESIAN_POINT('',(0.92,0.65,0.));
#6273 = DIRECTION('',(0.,1.,0.));
#6274 = DIRECTION('',(0.,0.,1.));
#6275 = ADVANCED_FACE('',(#6276),#6282,.F.);
#6276 = FACE_BOUND('',#6277,.F.);
#6277 = EDGE_LOOP('',(#6278,#6279,#6280,#6281));
#6278 = ORIENTED_EDGE('',*,*,#6165,.F.);
#6279 = ORIENTED_EDGE('',*,*,#6235,.T.);
#6280 = ORIENTED_EDGE('',*,*,#6205,.T.);
#6281 = ORIENTED_EDGE('',*,*,#6257,.F.);
#6282 = PLANE('',#6283);
#6283 = AXIS2_PLACEMENT_3D('',#6284,#6285,#6286);
#6284 = CARTESIAN_POINT('',(0.92,0.55,0.));
#6285 = DIRECTION('',(0.,0.,1.));
#6286 = DIRECTION('',(1.,0.,0.));
#6287 = ADVANCED_FACE('',(#6288),#6294,.T.);
#6288 = FACE_BOUND('',#6289,.T.);
#6289 = EDGE_LOOP('',(#6290,#6291,#6292,#6293));
#6290 = ORIENTED_EDGE('',*,*,#6181,.F.);
#6291 = ORIENTED_EDGE('',*,*,#6242,.T.);
#6292 = ORIENTED_EDGE('',*,*,#6221,.T.);
#6293 = ORIENTED_EDGE('',*,*,#6264,.F.);
#6294 = PLANE('',#6295);
#6295 = AXIS2_PLACEMENT_3D('',#6296,#6297,#6298);
#6296 = CARTESIAN_POINT('',(0.92,0.55,0.1));
#6297 = DIRECTION('',(0.,0.,1.));
#6298 = DIRECTION('',(1.,0.,0.));
#6299 = MANIFOLD_SOLID_BREP('',#6300);
#6300 = CLOSED_SHELL('',(#6301,#6341,#6381,#6403,#6425,#6437));
#6301 = ADVANCED_FACE('',(#6302),#6336,.F.);
#6302 = FACE_BOUND('',#6303,.F.);
#6303 = EDGE_LOOP('',(#6304,#6314,#6322,#6330));
#6304 = ORIENTED_EDGE('',*,*,#6305,.F.);
#6305 = EDGE_CURVE('',#6306,#6308,#6310,.T.);
#6306 = VERTEX_POINT('',#6307);
#6307 = CARTESIAN_POINT('',(0.24,0.55,0.19));
#6308 = VERTEX_POINT('',#6309);
#6309 = CARTESIAN_POINT('',(0.24,0.55,0.31));
#6310 = LINE('',#6311,#6312);
#6311 = CARTESIAN_POINT('',(0.24,0.55,0.19));
#6312 = VECTOR('',#6313,1.);
#6313 = DIRECTION('',(0.,0.,1.));
#6314 = ORIENTED_EDGE('',*,*,#6315,.T.);
#6315 = EDGE_CURVE('',#6306,#6316,#6318,.T.);
#6316 = VERTEX_POINT('',#6317);
#6317 = CARTESIAN_POINT('',(0.24,0.65,0.19));
#6318 = LINE('',#6319,#6320);
#6319 = CARTESIAN_POINT('',(0.24,0.55,0.19));
#6320 = VECTOR('',#6321,1.);
#6321 = DIRECTION('',(0.,1.,0.));
#6322 = ORIENTED_EDGE('',*,*,#6323,.T.);
#6323 = EDGE_CURVE('',#6316,#6324,#6326,.T.);
#6324 = VERTEX_POINT('',#6325);
#6325 = CARTESIAN_POINT('',(0.24,0.65,0.31));
#6326 = LINE('',#6327,#6328);
#6327 = CARTESIAN_POINT('',(0.24,0.65,0.19));
#6328 = VECTOR('',#6329,1.);
#6329 = DIRECTION('',(0.,0.,1.));
#6330 = ORIENTED_EDGE('',*,*,#6331,.F.);
#6331 = EDGE_CURVE('',#6308,#6324,#6332,.T.);
#6332 = LINE('',#6333,#6334);
#6333 = CARTESIAN_POINT('',(0.24,0.55,0.31));
#6334 = VECTOR('',#6335,1.);
#6335 = DIRECTION('',(0.,1.,0.));
#6336 = PLANE('',#6337);
#6337 = AXIS2_PLACEMENT_3D('',#6338,#6339,#6340);
#6338 = CARTESIAN_POINT('',(0.24,0.55,0.19));
#6339 = DIRECTION('',(1.,0.,0.));
#6340 = DIRECTION('',(0.,0.,1.));
#6341 = ADVANCED_FACE('',(#6342),#6376,.T.);
#6342 = FACE_BOUND('',#6343,.T.);
#6343 = EDGE_LOOP('',(#6344,#6354,#6362,#6370));
#6344 = ORIENTED_EDGE('',*,*,#6345,.F.);
#6345 = EDGE_CURVE('',#6346,#6348,#6350,.T.);
#6346 = VERTEX_POINT('',#6347);
#6347 = CARTESIAN_POINT('',(0.89,0.55,0.19));
#6348 = VERTEX_POINT('',#6349);
#6349 = CARTESIAN_POINT('',(0.89,0.55,0.31));
#6350 = LINE('',#6351,#6352);
#6351 = CARTESIAN_POINT('',(0.89,0.55,0.19));
#6352 = VECTOR('',#6353,1.);
#6353 = DIRECTION('',(0.,0.,1.));
#6354 = ORIENTED_EDGE('',*,*,#6355,.T.);
#6355 = EDGE_CURVE('',#6346,#6356,#6358,.T.);
#6356 = VERTEX_POINT('',#6357);
#6357 = CARTESIAN_POINT('',(0.89,0.65,0.19));
#6358 = LINE('',#6359,#6360);
#6359 = CARTESIAN_POINT('',(0.89,0.55,0.19));
#6360 = VECTOR('',#6361,1.);
#6361 = DIRECTION('',(0.,1.,0.));
#6362 = ORIENTED_EDGE('',*,*,#6363,.T.);
#6363 = EDGE_CURVE('',#6356,#6364,#6366,.T.);
#6364 = VERTEX_POINT('',#6365);
#6365 = CARTESIAN_POINT('',(0.89,0.65,0.31));
#6366 = LINE('',#6367,#6368);
#6367 = CARTESIAN_POINT('',(0.89,0.65,0.19));
#6368 = VECTOR('',#6369,1.);
#6369 = DIRECTION('',(0.,0.,1.));
#6370 = ORIENTED_EDGE('',*,*,#6371,.F.);
#6371 = EDGE_CURVE('',#6348,#6364,#6372,.T.);
#6372 = LINE('',#6373,#6374);
#6373 = CARTESIAN_POINT('',(0.89,0.55,0.31));
#6374 = VECTOR('',#6375,1.);
#6375 = DIRECTION('',(0.,1.,0.));
#6376 = PLANE('',#6377);
#6377 = AXIS2_PLACEMENT_3D('',#6378,#6379,#6380);
#6378 = CARTESIAN_POINT('',(0.89,0.55,0.19));
#6379 = DIRECTION('',(1.,0.,0.));
#6380 = DIRECTION('',(0.,0.,1.));
#6381 = ADVANCED_FACE('',(#6382),#6398,.F.);
#6382 = FACE_BOUND('',#6383,.F.);
#6383 = EDGE_LOOP('',(#6384,#6390,#6391,#6397));
#6384 = ORIENTED_EDGE('',*,*,#6385,.F.);
#6385 = EDGE_CURVE('',#6306,#6346,#6386,.T.);
#6386 = LINE('',#6387,#6388);
#6387 = CARTESIAN_POINT('',(0.24,0.55,0.19));
#6388 = VECTOR('',#6389,1.);
#6389 = DIRECTION('',(1.,0.,0.));
#6390 = ORIENTED_EDGE('',*,*,#6305,.T.);
#6391 = ORIENTED_EDGE('',*,*,#6392,.T.);
#6392 = EDGE_CURVE('',#6308,#6348,#6393,.T.);
#6393 = LINE('',#6394,#6395);
#6394 = CARTESIAN_POINT('',(0.24,0.55,0.31));
#6395 = VECTOR('',#6396,1.);
#6396 = DIRECTION('',(1.,0.,0.));
#6397 = ORIENTED_EDGE('',*,*,#6345,.F.);
#6398 = PLANE('',#6399);
#6399 = AXIS2_PLACEMENT_3D('',#6400,#6401,#6402);
#6400 = CARTESIAN_POINT('',(0.24,0.55,0.19));
#6401 = DIRECTION('',(0.,1.,0.));
#6402 = DIRECTION('',(0.,0.,1.));
#6403 = ADVANCED_FACE('',(#6404),#6420,.T.);
#6404 = FACE_BOUND('',#6405,.T.);
#6405 = EDGE_LOOP('',(#6406,#6412,#6413,#6419));
#6406 = ORIENTED_EDGE('',*,*,#6407,.F.);
#6407 = EDGE_CURVE('',#6316,#6356,#6408,.T.);
#6408 = LINE('',#6409,#6410);
#6409 = CARTESIAN_POINT('',(0.24,0.65,0.19));
#6410 = VECTOR('',#6411,1.);
#6411 = DIRECTION('',(1.,0.,0.));
#6412 = ORIENTED_EDGE('',*,*,#6323,.T.);
#6413 = ORIENTED_EDGE('',*,*,#6414,.T.);
#6414 = EDGE_CURVE('',#6324,#6364,#6415,.T.);
#6415 = LINE('',#6416,#6417);
#6416 = CARTESIAN_POINT('',(0.24,0.65,0.31));
#6417 = VECTOR('',#6418,1.);
#6418 = DIRECTION('',(1.,0.,0.));
#6419 = ORIENTED_EDGE('',*,*,#6363,.F.);
#6420 = PLANE('',#6421);
#6421 = AXIS2_PLACEMENT_3D('',#6422,#6423,#6424);
#6422 = CARTESIAN_POINT('',(0.24,0.65,0.19));
#6423 = DIRECTION('',(0.,1.,0.));
#6424 = DIRECTION('',(0.,0.,1.));
#6425 = ADVANCED_FACE('',(#6426),#6432,.F.);
#6426 = FACE_BOUND('',#6427,.F.);
#6427 = EDGE_LOOP('',(#6428,#6429,#6430,#6431));
#6428 = ORIENTED_EDGE('',*,*,#6315,.F.);
#6429 = ORIENTED_EDGE('',*,*,#6385,.T.);
#6430 = ORIENTED_EDGE('',*,*,#6355,.T.);
#6431 = ORIENTED_EDGE('',*,*,#6407,.F.);
#6432 = PLANE('',#6433);
#6433 = AXIS2_PLACEMENT_3D('',#6434,#6435,#6436);
#6434 = CARTESIAN_POINT('',(0.24,0.55,0.19));
#6435 = DIRECTION('',(0.,0.,1.));
#6436 = DIRECTION('',(1.,0.,0.));
#6437 = ADVANCED_FACE('',(#6438),#6444,.T.);
#6438 = FACE_BOUND('',#6439,.T.);
#6439 = EDGE_LOOP('',(#6440,#6441,#6442,#6443));
#6440 = ORIENTED_EDGE('',*,*,#6331,.F.);
#6441 = ORIENTED_EDGE('',*,*,#6392,.T.);
#6442 = ORIENTED_EDGE('',*,*,#6371,.T.);
#6443 = ORIENTED_EDGE('',*,*,#6414,.F.);
#6444 = PLANE('',#6445);
#6445 = AXIS2_PLACEMENT_3D('',#6446,#6447,#6448);
#6446 = CARTESIAN_POINT('',(0.24,0.55,0.31));
#6447 = DIRECTION('',(0.,0.,1.));
#6448 = DIRECTION('',(1.,0.,0.));
#6449 = MANIFOLD_SOLID_BREP('',#6450);
#6450 = CLOSED_SHELL('',(#6451,#6491,#6531,#6553,#6575,#6587));
#6451 = ADVANCED_FACE('',(#6452),#6486,.F.);
#6452 = FACE_BOUND('',#6453,.F.);
#6453 = EDGE_LOOP('',(#6454,#6464,#6472,#6480));
#6454 = ORIENTED_EDGE('',*,*,#6455,.F.);
#6455 = EDGE_CURVE('',#6456,#6458,#6460,.T.);
#6456 = VERTEX_POINT('',#6457);
#6457 = CARTESIAN_POINT('',(0.92,0.95,0.));
#6458 = VERTEX_POINT('',#6459);
#6459 = CARTESIAN_POINT('',(0.92,0.95,0.1));
#6460 = LINE('',#6461,#6462);
#6461 = CARTESIAN_POINT('',(0.92,0.95,0.));
#6462 = VECTOR('',#6463,1.);
#6463 = DIRECTION('',(0.,0.,1.));
#6464 = ORIENTED_EDGE('',*,*,#6465,.T.);
#6465 = EDGE_CURVE('',#6456,#6466,#6468,.T.);
#6466 = VERTEX_POINT('',#6467);
#6467 = CARTESIAN_POINT('',(0.92,1.05,0.));
#6468 = LINE('',#6469,#6470);
#6469 = CARTESIAN_POINT('',(0.92,0.95,0.));
#6470 = VECTOR('',#6471,1.);
#6471 = DIRECTION('',(0.,1.,0.));
#6472 = ORIENTED_EDGE('',*,*,#6473,.T.);
#6473 = EDGE_CURVE('',#6466,#6474,#6476,.T.);
#6474 = VERTEX_POINT('',#6475);
#6475 = CARTESIAN_POINT('',(0.92,1.05,0.1));
#6476 = LINE('',#6477,#6478);
#6477 = CARTESIAN_POINT('',(0.92,1.05,0.));
#6478 = VECTOR('',#6479,1.);
#6479 = DIRECTION('',(0.,0.,1.));
#6480 = ORIENTED_EDGE('',*,*,#6481,.F.);
#6481 = EDGE_CURVE('',#6458,#6474,#6482,.T.);
#6482 = LINE('',#6483,#6484);
#6483 = CARTESIAN_POINT('',(0.92,0.95,0.1));
#6484 = VECTOR('',#6485,1.);
#6485 = DIRECTION('',(0.,1.,0.));
#6486 = PLANE('',#6487);
#6487 = AXIS2_PLACEMENT_3D('',#6488,#6489,#6490);
#6488 = CARTESIAN_POINT('',(0.92,0.95,0.));
#6489 = DIRECTION('',(1.,0.,0.));
#6490 = DIRECTION('',(0.,0.,1.));
#6491 = ADVANCED_FACE('',(#6492),#6526,.T.);
#6492 = FACE_BOUND('',#6493,.T.);
#6493 = EDGE_LOOP('',(#6494,#6504,#6512,#6520));
#6494 = ORIENTED_EDGE('',*,*,#6495,.F.);
#6495 = EDGE_CURVE('',#6496,#6498,#6500,.T.);
#6496 = VERTEX_POINT('',#6497);
#6497 = CARTESIAN_POINT('',(1.295,0.95,0.));
#6498 = VERTEX_POINT('',#6499);
#6499 = CARTESIAN_POINT('',(1.295,0.95,0.1));
#6500 = LINE('',#6501,#6502);
#6501 = CARTESIAN_POINT('',(1.295,0.95,0.));
#6502 = VECTOR('',#6503,1.);
#6503 = DIRECTION('',(0.,0.,1.));
#6504 = ORIENTED_EDGE('',*,*,#6505,.T.);
#6505 = EDGE_CURVE('',#6496,#6506,#6508,.T.);
#6506 = VERTEX_POINT('',#6507);
#6507 = CARTESIAN_POINT('',(1.295,1.05,0.));
#6508 = LINE('',#6509,#6510);
#6509 = CARTESIAN_POINT('',(1.295,0.95,0.));
#6510 = VECTOR('',#6511,1.);
#6511 = DIRECTION('',(0.,1.,0.));
#6512 = ORIENTED_EDGE('',*,*,#6513,.T.);
#6513 = EDGE_CURVE('',#6506,#6514,#6516,.T.);
#6514 = VERTEX_POINT('',#6515);
#6515 = CARTESIAN_POINT('',(1.295,1.05,0.1));
#6516 = LINE('',#6517,#6518);
#6517 = CARTESIAN_POINT('',(1.295,1.05,0.));
#6518 = VECTOR('',#6519,1.);
#6519 = DIRECTION('',(0.,0.,1.));
#6520 = ORIENTED_EDGE('',*,*,#6521,.F.);
#6521 = EDGE_CURVE('',#6498,#6514,#6522,.T.);
#6522 = LINE('',#6523,#6524);
#6523 = CARTESIAN_POINT('',(1.295,0.95,0.1));
#6524 = VECTOR('',#6525,1.);
#6525 = DIRECTION('',(0.,1.,0.));
#6526 = PLANE('',#6527);
#6527 = AXIS2_PLACEMENT_3D('',#6528,#6529,#6530);
#6528 = CARTESIAN_POINT('',(1.295,0.95,0.));
#6529 = DIRECTION('',(1.,0.,0.));
#6530 = DIRECTION('',(0.,0.,1.));
#6531 = ADVANCED_FACE('',(#6532),#6548,.F.);
#6532 = FACE_BOUND('',#6533,.F.);
#6533 = EDGE_LOOP('',(#6534,#6540,#6541,#6547));
#6534 = ORIENTED_EDGE('',*,*,#6535,.F.);
#6535 = EDGE_CURVE('',#6456,#6496,#6536,.T.);
#6536 = LINE('',#6537,#6538);
#6537 = CARTESIAN_POINT('',(0.92,0.95,0.));
#6538 = VECTOR('',#6539,1.);
#6539 = DIRECTION('',(1.,0.,0.));
#6540 = ORIENTED_EDGE('',*,*,#6455,.T.);
#6541 = ORIENTED_EDGE('',*,*,#6542,.T.);
#6542 = EDGE_CURVE('',#6458,#6498,#6543,.T.);
#6543 = LINE('',#6544,#6545);
#6544 = CARTESIAN_POINT('',(0.92,0.95,0.1));
#6545 = VECTOR('',#6546,1.);
#6546 = DIRECTION('',(1.,0.,0.));
#6547 = ORIENTED_EDGE('',*,*,#6495,.F.);
#6548 = PLANE('',#6549);
#6549 = AXIS2_PLACEMENT_3D('',#6550,#6551,#6552);
#6550 = CARTESIAN_POINT('',(0.92,0.95,0.));
#6551 = DIRECTION('',(0.,1.,0.));
#6552 = DIRECTION('',(0.,0.,1.));
#6553 = ADVANCED_FACE('',(#6554),#6570,.T.);
#6554 = FACE_BOUND('',#6555,.T.);
#6555 = EDGE_LOOP('',(#6556,#6562,#6563,#6569));
#6556 = ORIENTED_EDGE('',*,*,#6557,.F.);
#6557 = EDGE_CURVE('',#6466,#6506,#6558,.T.);
#6558 = LINE('',#6559,#6560);
#6559 = CARTESIAN_POINT('',(0.92,1.05,0.));
#6560 = VECTOR('',#6561,1.);
#6561 = DIRECTION('',(1.,0.,0.));
#6562 = ORIENTED_EDGE('',*,*,#6473,.T.);
#6563 = ORIENTED_EDGE('',*,*,#6564,.T.);
#6564 = EDGE_CURVE('',#6474,#6514,#6565,.T.);
#6565 = LINE('',#6566,#6567);
#6566 = CARTESIAN_POINT('',(0.92,1.05,0.1));
#6567 = VECTOR('',#6568,1.);
#6568 = DIRECTION('',(1.,0.,0.));
#6569 = ORIENTED_EDGE('',*,*,#6513,.F.);
#6570 = PLANE('',#6571);
#6571 = AXIS2_PLACEMENT_3D('',#6572,#6573,#6574);
#6572 = CARTESIAN_POINT('',(0.92,1.05,0.));
#6573 = DIRECTION('',(0.,1.,0.));
#6574 = DIRECTION('',(0.,0.,1.));
#6575 = ADVANCED_FACE('',(#6576),#6582,.F.);
#6576 = FACE_BOUND('',#6577,.F.);
#6577 = EDGE_LOOP('',(#6578,#6579,#6580,#6581));
#6578 = ORIENTED_EDGE('',*,*,#6465,.F.);
#6579 = ORIENTED_EDGE('',*,*,#6535,.T.);
#6580 = ORIENTED_EDGE('',*,*,#6505,.T.);
#6581 = ORIENTED_EDGE('',*,*,#6557,.F.);
#6582 = PLANE('',#6583);
#6583 = AXIS2_PLACEMENT_3D('',#6584,#6585,#6586);
#6584 = CARTESIAN_POINT('',(0.92,0.95,0.));
#6585 = DIRECTION('',(0.,0.,1.));
#6586 = DIRECTION('',(1.,0.,0.));
#6587 = ADVANCED_FACE('',(#6588),#6594,.T.);
#6588 = FACE_BOUND('',#6589,.T.);
#6589 = EDGE_LOOP('',(#6590,#6591,#6592,#6593));
#6590 = ORIENTED_EDGE('',*,*,#6481,.F.);
#6591 = ORIENTED_EDGE('',*,*,#6542,.T.);
#6592 = ORIENTED_EDGE('',*,*,#6521,.T.);
#6593 = ORIENTED_EDGE('',*,*,#6564,.F.);
#6594 = PLANE('',#6595);
#6595 = AXIS2_PLACEMENT_3D('',#6596,#6597,#6598);
#6596 = CARTESIAN_POINT('',(0.92,0.95,0.1));
#6597 = DIRECTION('',(0.,0.,1.));
#6598 = DIRECTION('',(1.,0.,0.));
#6599 = MANIFOLD_SOLID_BREP('',#6600);
#6600 = CLOSED_SHELL('',(#6601,#6641,#6681,#6703,#6725,#6737));
#6601 = ADVANCED_FACE('',(#6602),#6636,.F.);
#6602 = FACE_BOUND('',#6603,.F.);
#6603 = EDGE_LOOP('',(#6604,#6614,#6622,#6630));
#6604 = ORIENTED_EDGE('',*,*,#6605,.F.);
#6605 = EDGE_CURVE('',#6606,#6608,#6610,.T.);
#6606 = VERTEX_POINT('',#6607);
#6607 = CARTESIAN_POINT('',(0.24,0.95,0.19));
#6608 = VERTEX_POINT('',#6609);
#6609 = CARTESIAN_POINT('',(0.24,0.95,0.31));
#6610 = LINE('',#6611,#6612);
#6611 = CARTESIAN_POINT('',(0.24,0.95,0.19));
#6612 = VECTOR('',#6613,1.);
#6613 = DIRECTION('',(0.,0.,1.));
#6614 = ORIENTED_EDGE('',*,*,#6615,.T.);
#6615 = EDGE_CURVE('',#6606,#6616,#6618,.T.);
#6616 = VERTEX_POINT('',#6617);
#6617 = CARTESIAN_POINT('',(0.24,1.05,0.19));
#6618 = LINE('',#6619,#6620);
#6619 = CARTESIAN_POINT('',(0.24,0.95,0.19));
#6620 = VECTOR('',#6621,1.);
#6621 = DIRECTION('',(0.,1.,0.));
#6622 = ORIENTED_EDGE('',*,*,#6623,.T.);
#6623 = EDGE_CURVE('',#6616,#6624,#6626,.T.);
#6624 = VERTEX_POINT('',#6625);
#6625 = CARTESIAN_POINT('',(0.24,1.05,0.31));
#6626 = LINE('',#6627,#6628);
#6627 = CARTESIAN_POINT('',(0.24,1.05,0.19));
#6628 = VECTOR('',#6629,1.);
#6629 = DIRECTION('',(0.,0.,1.));
#6630 = ORIENTED_EDGE('',*,*,#6631,.F.);
#6631 = EDGE_CURVE('',#6608,#6624,#6632,.T.);
#6632 = LINE('',#6633,#6634);
#6633 = CARTESIAN_POINT('',(0.24,0.95,0.31));
#6634 = VECTOR('',#6635,1.);
#6635 = DIRECTION('',(0.,1.,0.));
#6636 = PLANE('',#6637);
#6637 = AXIS2_PLACEMENT_3D('',#6638,#6639,#6640);
#6638 = CARTESIAN_POINT('',(0.24,0.95,0.19));
#6639 = DIRECTION('',(1.,0.,0.));
#6640 = DIRECTION('',(0.,0.,1.));
#6641 = ADVANCED_FACE('',(#6642),#6676,.T.);
#6642 = FACE_BOUND('',#6643,.T.);
#6643 = EDGE_LOOP('',(#6644,#6654,#6662,#6670));
#6644 = ORIENTED_EDGE('',*,*,#6645,.F.);
#6645 = EDGE_CURVE('',#6646,#6648,#6650,.T.);
#6646 = VERTEX_POINT('',#6647);
#6647 = CARTESIAN_POINT('',(0.89,0.95,0.19));
#6648 = VERTEX_POINT('',#6649);
#6649 = CARTESIAN_POINT('',(0.89,0.95,0.31));
#6650 = LINE('',#6651,#6652);
#6651 = CARTESIAN_POINT('',(0.89,0.95,0.19));
#6652 = VECTOR('',#6653,1.);
#6653 = DIRECTION('',(0.,0.,1.));
#6654 = ORIENTED_EDGE('',*,*,#6655,.T.);
#6655 = EDGE_CURVE('',#6646,#6656,#6658,.T.);
#6656 = VERTEX_POINT('',#6657);
#6657 = CARTESIAN_POINT('',(0.89,1.05,0.19));
#6658 = LINE('',#6659,#6660);
#6659 = CARTESIAN_POINT('',(0.89,0.95,0.19));
#6660 = VECTOR('',#6661,1.);
#6661 = DIRECTION('',(0.,1.,0.));
#6662 = ORIENTED_EDGE('',*,*,#6663,.T.);
#6663 = EDGE_CURVE('',#6656,#6664,#6666,.T.);
#6664 = VERTEX_POINT('',#6665);
#6665 = CARTESIAN_POINT('',(0.89,1.05,0.31));
#6666 = LINE('',#6667,#6668);
#6667 = CARTESIAN_POINT('',(0.89,1.05,0.19));
#6668 = VECTOR('',#6669,1.);
#6669 = DIRECTION('',(0.,0.,1.));
#6670 = ORIENTED_EDGE('',*,*,#6671,.F.);
#6671 = EDGE_CURVE('',#6648,#6664,#6672,.T.);
#6672 = LINE('',#6673,#6674);
#6673 = CARTESIAN_POINT('',(0.89,0.95,0.31));
#6674 = VECTOR('',#6675,1.);
#6675 = DIRECTION('',(0.,1.,0.));
#6676 = PLANE('',#6677);
#6677 = AXIS2_PLACEMENT_3D('',#6678,#6679,#6680);
#6678 = CARTESIAN_POINT('',(0.89,0.95,0.19));
#6679 = DIRECTION('',(1.,0.,0.));
#6680 = DIRECTION('',(0.,0.,1.));
#6681 = ADVANCED_FACE('',(#6682),#6698,.F.);
#6682 = FACE_BOUND('',#6683,.F.);
#6683 = EDGE_LOOP('',(#6684,#6690,#6691,#6697));
#6684 = ORIENTED_EDGE('',*,*,#6685,.F.);
#6685 = EDGE_CURVE('',#6606,#6646,#6686,.T.);
#6686 = LINE('',#6687,#6688);
#6687 = CARTESIAN_POINT('',(0.24,0.95,0.19));
#6688 = VECTOR('',#6689,1.);
#6689 = DIRECTION('',(1.,0.,0.));
#6690 = ORIENTED_EDGE('',*,*,#6605,.T.);
#6691 = ORIENTED_EDGE('',*,*,#6692,.T.);
#6692 = EDGE_CURVE('',#6608,#6648,#6693,.T.);
#6693 = LINE('',#6694,#6695);
#6694 = CARTESIAN_POINT('',(0.24,0.95,0.31));
#6695 = VECTOR('',#6696,1.);
#6696 = DIRECTION('',(1.,0.,0.));
#6697 = ORIENTED_EDGE('',*,*,#6645,.F.);
#6698 = PLANE('',#6699);
#6699 = AXIS2_PLACEMENT_3D('',#6700,#6701,#6702);
#6700 = CARTESIAN_POINT('',(0.24,0.95,0.19));
#6701 = DIRECTION('',(0.,1.,0.));
#6702 = DIRECTION('',(0.,0.,1.));
#6703 = ADVANCED_FACE('',(#6704),#6720,.T.);
#6704 = FACE_BOUND('',#6705,.T.);
#6705 = EDGE_LOOP('',(#6706,#6712,#6713,#6719));
#6706 = ORIENTED_EDGE('',*,*,#6707,.F.);
#6707 = EDGE_CURVE('',#6616,#6656,#6708,.T.);
#6708 = LINE('',#6709,#6710);
#6709 = CARTESIAN_POINT('',(0.24,1.05,0.19));
#6710 = VECTOR('',#6711,1.);
#6711 = DIRECTION('',(1.,0.,0.));
#6712 = ORIENTED_EDGE('',*,*,#6623,.T.);
#6713 = ORIENTED_EDGE('',*,*,#6714,.T.);
#6714 = EDGE_CURVE('',#6624,#6664,#6715,.T.);
#6715 = LINE('',#6716,#6717);
#6716 = CARTESIAN_POINT('',(0.24,1.05,0.31));
#6717 = VECTOR('',#6718,1.);
#6718 = DIRECTION('',(1.,0.,0.));
#6719 = ORIENTED_EDGE('',*,*,#6663,.F.);
#6720 = PLANE('',#6721);
#6721 = AXIS2_PLACEMENT_3D('',#6722,#6723,#6724);
#6722 = CARTESIAN_POINT('',(0.24,1.05,0.19));
#6723 = DIRECTION('',(0.,1.,0.));
#6724 = DIRECTION('',(0.,0.,1.));
#6725 = ADVANCED_FACE('',(#6726),#6732,.F.);
#6726 = FACE_BOUND('',#6727,.F.);
#6727 = EDGE_LOOP('',(#6728,#6729,#6730,#6731));
#6728 = ORIENTED_EDGE('',*,*,#6615,.F.);
#6729 = ORIENTED_EDGE('',*,*,#6685,.T.);
#6730 = ORIENTED_EDGE('',*,*,#6655,.T.);
#6731 = ORIENTED_EDGE('',*,*,#6707,.F.);
#6732 = PLANE('',#6733);
#6733 = AXIS2_PLACEMENT_3D('',#6734,#6735,#6736);
#6734 = CARTESIAN_POINT('',(0.24,0.95,0.19));
#6735 = DIRECTION('',(0.,0.,1.));
#6736 = DIRECTION('',(1.,0.,0.));
#6737 = ADVANCED_FACE('',(#6738),#6744,.T.);
#6738 = FACE_BOUND('',#6739,.T.);
#6739 = EDGE_LOOP('',(#6740,#6741,#6742,#6743));
#6740 = ORIENTED_EDGE('',*,*,#6631,.F.);
#6741 = ORIENTED_EDGE('',*,*,#6692,.T.);
#6742 = ORIENTED_EDGE('',*,*,#6671,.T.);
#6743 = ORIENTED_EDGE('',*,*,#6714,.F.);
#6744 = PLANE('',#6745);
#6745 = AXIS2_PLACEMENT_3D('',#6746,#6747,#6748);
#6746 = CARTESIAN_POINT('',(0.24,0.95,0.31));
#6747 = DIRECTION('',(0.,0.,1.));
#6748 = DIRECTION('',(1.,0.,0.));
#6749 = MANIFOLD_SOLID_BREP('',#6750);
#6750 = CLOSED_SHELL('',(#6751,#6791,#6831,#6853,#6875,#6887));
#6751 = ADVANCED_FACE('',(#6752),#6786,.F.);
#6752 = FACE_BOUND('',#6753,.F.);
#6753 = EDGE_LOOP('',(#6754,#6764,#6772,#6780));
#6754 = ORIENTED_EDGE('',*,*,#6755,.F.);
#6755 = EDGE_CURVE('',#6756,#6758,#6760,.T.);
#6756 = VERTEX_POINT('',#6757);
#6757 = CARTESIAN_POINT('',(0.92,1.35,0.));
#6758 = VERTEX_POINT('',#6759);
#6759 = CARTESIAN_POINT('',(0.92,1.35,0.1));
#6760 = LINE('',#6761,#6762);
#6761 = CARTESIAN_POINT('',(0.92,1.35,0.));
#6762 = VECTOR('',#6763,1.);
#6763 = DIRECTION('',(0.,0.,1.));
#6764 = ORIENTED_EDGE('',*,*,#6765,.T.);
#6765 = EDGE_CURVE('',#6756,#6766,#6768,.T.);
#6766 = VERTEX_POINT('',#6767);
#6767 = CARTESIAN_POINT('',(0.92,1.45,0.));
#6768 = LINE('',#6769,#6770);
#6769 = CARTESIAN_POINT('',(0.92,1.35,0.));
#6770 = VECTOR('',#6771,1.);
#6771 = DIRECTION('',(0.,1.,0.));
#6772 = ORIENTED_EDGE('',*,*,#6773,.T.);
#6773 = EDGE_CURVE('',#6766,#6774,#6776,.T.);
#6774 = VERTEX_POINT('',#6775);
#6775 = CARTESIAN_POINT('',(0.92,1.45,0.1));
#6776 = LINE('',#6777,#6778);
#6777 = CARTESIAN_POINT('',(0.92,1.45,0.));
#6778 = VECTOR('',#6779,1.);
#6779 = DIRECTION('',(0.,0.,1.));
#6780 = ORIENTED_EDGE('',*,*,#6781,.F.);
#6781 = EDGE_CURVE('',#6758,#6774,#6782,.T.);
#6782 = LINE('',#6783,#6784);
#6783 = CARTESIAN_POINT('',(0.92,1.35,0.1));
#6784 = VECTOR('',#6785,1.);
#6785 = DIRECTION('',(0.,1.,0.));
#6786 = PLANE('',#6787);
#6787 = AXIS2_PLACEMENT_3D('',#6788,#6789,#6790);
#6788 = CARTESIAN_POINT('',(0.92,1.35,0.));
#6789 = DIRECTION('',(1.,0.,0.));
#6790 = DIRECTION('',(0.,0.,1.));
#6791 = ADVANCED_FACE('',(#6792),#6826,.T.);
#6792 = FACE_BOUND('',#6793,.T.);
#6793 = EDGE_LOOP('',(#6794,#6804,#6812,#6820));
#6794 = ORIENTED_EDGE('',*,*,#6795,.F.);
#6795 = EDGE_CURVE('',#6796,#6798,#6800,.T.);
#6796 = VERTEX_POINT('',#6797);
#6797 = CARTESIAN_POINT('',(1.295,1.35,0.));
#6798 = VERTEX_POINT('',#6799);
#6799 = CARTESIAN_POINT('',(1.295,1.35,0.1));
#6800 = LINE('',#6801,#6802);
#6801 = CARTESIAN_POINT('',(1.295,1.35,0.));
#6802 = VECTOR('',#6803,1.);
#6803 = DIRECTION('',(0.,0.,1.));
#6804 = ORIENTED_EDGE('',*,*,#6805,.T.);
#6805 = EDGE_CURVE('',#6796,#6806,#6808,.T.);
#6806 = VERTEX_POINT('',#6807);
#6807 = CARTESIAN_POINT('',(1.295,1.45,0.));
#6808 = LINE('',#6809,#6810);
#6809 = CARTESIAN_POINT('',(1.295,1.35,0.));
#6810 = VECTOR('',#6811,1.);
#6811 = DIRECTION('',(0.,1.,0.));
#6812 = ORIENTED_EDGE('',*,*,#6813,.T.);
#6813 = EDGE_CURVE('',#6806,#6814,#6816,.T.);
#6814 = VERTEX_POINT('',#6815);
#6815 = CARTESIAN_POINT('',(1.295,1.45,0.1));
#6816 = LINE('',#6817,#6818);
#6817 = CARTESIAN_POINT('',(1.295,1.45,0.));
#6818 = VECTOR('',#6819,1.);
#6819 = DIRECTION('',(0.,0.,1.));
#6820 = ORIENTED_EDGE('',*,*,#6821,.F.);
#6821 = EDGE_CURVE('',#6798,#6814,#6822,.T.);
#6822 = LINE('',#6823,#6824);
#6823 = CARTESIAN_POINT('',(1.295,1.35,0.1));
#6824 = VECTOR('',#6825,1.);
#6825 = DIRECTION('',(0.,1.,0.));
#6826 = PLANE('',#6827);
#6827 = AXIS2_PLACEMENT_3D('',#6828,#6829,#6830);
#6828 = CARTESIAN_POINT('',(1.295,1.35,0.));
#6829 = DIRECTION('',(1.,0.,0.));
#6830 = DIRECTION('',(0.,0.,1.));
#6831 = ADVANCED_FACE('',(#6832),#6848,.F.);
#6832 = FACE_BOUND('',#6833,.F.);
#6833 = EDGE_LOOP('',(#6834,#6840,#6841,#6847));
#6834 = ORIENTED_EDGE('',*,*,#6835,.F.);
#6835 = EDGE_CURVE('',#6756,#6796,#6836,.T.);
#6836 = LINE('',#6837,#6838);
#6837 = CARTESIAN_POINT('',(0.92,1.35,0.));
#6838 = VECTOR('',#6839,1.);
#6839 = DIRECTION('',(1.,0.,0.));
#6840 = ORIENTED_EDGE('',*,*,#6755,.T.);
#6841 = ORIENTED_EDGE('',*,*,#6842,.T.);
#6842 = EDGE_CURVE('',#6758,#6798,#6843,.T.);
#6843 = LINE('',#6844,#6845);
#6844 = CARTESIAN_POINT('',(0.92,1.35,0.1));
#6845 = VECTOR('',#6846,1.);
#6846 = DIRECTION('',(1.,0.,0.));
#6847 = ORIENTED_EDGE('',*,*,#6795,.F.);
#6848 = PLANE('',#6849);
#6849 = AXIS2_PLACEMENT_3D('',#6850,#6851,#6852);
#6850 = CARTESIAN_POINT('',(0.92,1.35,0.));
#6851 = DIRECTION('',(0.,1.,0.));
#6852 = DIRECTION('',(0.,0.,1.));
#6853 = ADVANCED_FACE('',(#6854),#6870,.T.);
#6854 = FACE_BOUND('',#6855,.T.);
#6855 = EDGE_LOOP('',(#6856,#6862,#6863,#6869));
#6856 = ORIENTED_EDGE('',*,*,#6857,.F.);
#6857 = EDGE_CURVE('',#6766,#6806,#6858,.T.);
#6858 = LINE('',#6859,#6860);
#6859 = CARTESIAN_POINT('',(0.92,1.45,0.));
#6860 = VECTOR('',#6861,1.);
#6861 = DIRECTION('',(1.,0.,0.));
#6862 = ORIENTED_EDGE('',*,*,#6773,.T.);
#6863 = ORIENTED_EDGE('',*,*,#6864,.T.);
#6864 = EDGE_CURVE('',#6774,#6814,#6865,.T.);
#6865 = LINE('',#6866,#6867);
#6866 = CARTESIAN_POINT('',(0.92,1.45,0.1));
#6867 = VECTOR('',#6868,1.);
#6868 = DIRECTION('',(1.,0.,0.));
#6869 = ORIENTED_EDGE('',*,*,#6813,.F.);
#6870 = PLANE('',#6871);
#6871 = AXIS2_PLACEMENT_3D('',#6872,#6873,#6874);
#6872 = CARTESIAN_POINT('',(0.92,1.45,0.));
#6873 = DIRECTION('',(0.,1.,0.));
#6874 = DIRECTION('',(0.,0.,1.));
#6875 = ADVANCED_FACE('',(#6876),#6882,.F.);
#6876 = FACE_BOUND('',#6877,.F.);
#6877 = EDGE_LOOP('',(#6878,#6879,#6880,#6881));
#6878 = ORIENTED_EDGE('',*,*,#6765,.F.);
#6879 = ORIENTED_EDGE('',*,*,#6835,.T.);
#6880 = ORIENTED_EDGE('',*,*,#6805,.T.);
#6881 = ORIENTED_EDGE('',*,*,#6857,.F.);
#6882 = PLANE('',#6883);
#6883 = AXIS2_PLACEMENT_3D('',#6884,#6885,#6886);
#6884 = CARTESIAN_POINT('',(0.92,1.35,0.));
#6885 = DIRECTION('',(0.,0.,1.));
#6886 = DIRECTION('',(1.,0.,0.));
#6887 = ADVANCED_FACE('',(#6888),#6894,.T.);
#6888 = FACE_BOUND('',#6889,.T.);
#6889 = EDGE_LOOP('',(#6890,#6891,#6892,#6893));
#6890 = ORIENTED_EDGE('',*,*,#6781,.F.);
#6891 = ORIENTED_EDGE('',*,*,#6842,.T.);
#6892 = ORIENTED_EDGE('',*,*,#6821,.T.);
#6893 = ORIENTED_EDGE('',*,*,#6864,.F.);
#6894 = PLANE('',#6895);
#6895 = AXIS2_PLACEMENT_3D('',#6896,#6897,#6898);
#6896 = CARTESIAN_POINT('',(0.92,1.35,0.1));
#6897 = DIRECTION('',(0.,0.,1.));
#6898 = DIRECTION('',(1.,0.,0.));
#6899 = MANIFOLD_SOLID_BREP('',#6900);
#6900 = CLOSED_SHELL('',(#6901,#6941,#6981,#7003,#7025,#7037));
#6901 = ADVANCED_FACE('',(#6902),#6936,.F.);
#6902 = FACE_BOUND('',#6903,.F.);
#6903 = EDGE_LOOP('',(#6904,#6914,#6922,#6930));
#6904 = ORIENTED_EDGE('',*,*,#6905,.F.);
#6905 = EDGE_CURVE('',#6906,#6908,#6910,.T.);
#6906 = VERTEX_POINT('',#6907);
#6907 = CARTESIAN_POINT('',(0.24,1.35,0.19));
#6908 = VERTEX_POINT('',#6909);
#6909 = CARTESIAN_POINT('',(0.24,1.35,0.31));
#6910 = LINE('',#6911,#6912);
#6911 = CARTESIAN_POINT('',(0.24,1.35,0.19));
#6912 = VECTOR('',#6913,1.);
#6913 = DIRECTION('',(0.,0.,1.));
#6914 = ORIENTED_EDGE('',*,*,#6915,.T.);
#6915 = EDGE_CURVE('',#6906,#6916,#6918,.T.);
#6916 = VERTEX_POINT('',#6917);
#6917 = CARTESIAN_POINT('',(0.24,1.45,0.19));
#6918 = LINE('',#6919,#6920);
#6919 = CARTESIAN_POINT('',(0.24,1.35,0.19));
#6920 = VECTOR('',#6921,1.);
#6921 = DIRECTION('',(0.,1.,0.));
#6922 = ORIENTED_EDGE('',*,*,#6923,.T.);
#6923 = EDGE_CURVE('',#6916,#6924,#6926,.T.);
#6924 = VERTEX_POINT('',#6925);
#6925 = CARTESIAN_POINT('',(0.24,1.45,0.31));
#6926 = LINE('',#6927,#6928);
#6927 = CARTESIAN_POINT('',(0.24,1.45,0.19));
#6928 = VECTOR('',#6929,1.);
#6929 = DIRECTION('',(0.,0.,1.));
#6930 = ORIENTED_EDGE('',*,*,#6931,.F.);
#6931 = EDGE_CURVE('',#6908,#6924,#6932,.T.);
#6932 = LINE('',#6933,#6934);
#6933 = CARTESIAN_POINT('',(0.24,1.35,0.31));
#6934 = VECTOR('',#6935,1.);
#6935 = DIRECTION('',(0.,1.,0.));
#6936 = PLANE('',#6937);
#6937 = AXIS2_PLACEMENT_3D('',#6938,#6939,#6940);
#6938 = CARTESIAN_POINT('',(0.24,1.35,0.19));
#6939 = DIRECTION('',(1.,0.,0.));
#6940 = DIRECTION('',(0.,0.,1.));
#6941 = ADVANCED_FACE('',(#6942),#6976,.T.);
#6942 = FACE_BOUND('',#6943,.T.);
#6943 = EDGE_LOOP('',(#6944,#6954,#6962,#6970));
#6944 = ORIENTED_EDGE('',*,*,#6945,.F.);
#6945 = EDGE_CURVE('',#6946,#6948,#6950,.T.);
#6946 = VERTEX_POINT('',#6947);
#6947 = CARTESIAN_POINT('',(0.89,1.35,0.19));
#6948 = VERTEX_POINT('',#6949);
#6949 = CARTESIAN_POINT('',(0.89,1.35,0.31));
#6950 = LINE('',#6951,#6952);
#6951 = CARTESIAN_POINT('',(0.89,1.35,0.19));
#6952 = VECTOR('',#6953,1.);
#6953 = DIRECTION('',(0.,0.,1.));
#6954 = ORIENTED_EDGE('',*,*,#6955,.T.);
#6955 = EDGE_CURVE('',#6946,#6956,#6958,.T.);
#6956 = VERTEX_POINT('',#6957);
#6957 = CARTESIAN_POINT('',(0.89,1.45,0.19));
#6958 = LINE('',#6959,#6960);
#6959 = CARTESIAN_POINT('',(0.89,1.35,0.19));
#6960 = VECTOR('',#6961,1.);
#6961 = DIRECTION('',(0.,1.,0.));
#6962 = ORIENTED_EDGE('',*,*,#6963,.T.);
#6963 = EDGE_CURVE('',#6956,#6964,#6966,.T.);
#6964 = VERTEX_POINT('',#6965);
#6965 = CARTESIAN_POINT('',(0.89,1.45,0.31));
#6966 = LINE('',#6967,#6968);
#6967 = CARTESIAN_POINT('',(0.89,1.45,0.19));
#6968 = VECTOR('',#6969,1.);
#6969 = DIRECTION('',(0.,0.,1.));
#6970 = ORIENTED_EDGE('',*,*,#6971,.F.);
#6971 = EDGE_CURVE('',#6948,#6964,#6972,.T.);
#6972 = LINE('',#6973,#6974);
#6973 = CARTESIAN_POINT('',(0.89,1.35,0.31));
#6974 = VECTOR('',#6975,1.);
#6975 = DIRECTION('',(0.,1.,0.));
#6976 = PLANE('',#6977);
#6977 = AXIS2_PLACEMENT_3D('',#6978,#6979,#6980);
#6978 = CARTESIAN_POINT('',(0.89,1.35,0.19));
#6979 = DIRECTION('',(1.,0.,0.));
#6980 = DIRECTION('',(0.,0.,1.));
#6981 = ADVANCED_FACE('',(#6982),#6998,.F.);
#6982 = FACE_BOUND('',#6983,.F.);
#6983 = EDGE_LOOP('',(#6984,#6990,#6991,#6997));
#6984 = ORIENTED_EDGE('',*,*,#6985,.F.);
#6985 = EDGE_CURVE('',#6906,#6946,#6986,.T.);
#6986 = LINE('',#6987,#6988);
#6987 = CARTESIAN_POINT('',(0.24,1.35,0.19));
#6988 = VECTOR('',#6989,1.);
#6989 = DIRECTION('',(1.,0.,0.));
#6990 = ORIENTED_EDGE('',*,*,#6905,.T.);
#6991 = ORIENTED_EDGE('',*,*,#6992,.T.);
#6992 = EDGE_CURVE('',#6908,#6948,#6993,.T.);
#6993 = LINE('',#6994,#6995);
#6994 = CARTESIAN_POINT('',(0.24,1.35,0.31));
#6995 = VECTOR('',#6996,1.);
#6996 = DIRECTION('',(1.,0.,0.));
#6997 = ORIENTED_EDGE('',*,*,#6945,.F.);
#6998 = PLANE('',#6999);
#6999 = AXIS2_PLACEMENT_3D('',#7000,#7001,#7002);
#7000 = CARTESIAN_POINT('',(0.24,1.35,0.19));
#7001 = DIRECTION('',(0.,1.,0.));
#7002 = DIRECTION('',(0.,0.,1.));
#7003 = ADVANCED_FACE('',(#7004),#7020,.T.);
#7004 = FACE_BOUND('',#7005,.T.);
#7005 = EDGE_LOOP('',(#7006,#7012,#7013,#7019));
#7006 = ORIENTED_EDGE('',*,*,#7007,.F.);
#7007 = EDGE_CURVE('',#6916,#6956,#7008,.T.);
#7008 = LINE('',#7009,#7010);
#7009 = CARTESIAN_POINT('',(0.24,1.45,0.19));
#7010 = VECTOR('',#7011,1.);
#7011 = DIRECTION('',(1.,0.,0.));
#7012 = ORIENTED_EDGE('',*,*,#6923,.T.);
#7013 = ORIENTED_EDGE('',*,*,#7014,.T.);
#7014 = EDGE_CURVE('',#6924,#6964,#7015,.T.);
#7015 = LINE('',#7016,#7017);
#7016 = CARTESIAN_POINT('',(0.24,1.45,0.31));
#7017 = VECTOR('',#7018,1.);
#7018 = DIRECTION('',(1.,0.,0.));
#7019 = ORIENTED_EDGE('',*,*,#6963,.F.);
#7020 = PLANE('',#7021);
#7021 = AXIS2_PLACEMENT_3D('',#7022,#7023,#7024);
#7022 = CARTESIAN_POINT('',(0.24,1.45,0.19));
#7023 = DIRECTION('',(0.,1.,0.));
#7024 = DIRECTION('',(0.,0.,1.));
#7025 = ADVANCED_FACE('',(#7026),#7032,.F.);
#7026 = FACE_BOUND('',#7027,.F.);
#7027 = EDGE_LOOP('',(#7028,#7029,#7030,#7031));
#7028 = ORIENTED_EDGE('',*,*,#6915,.F.);
#7029 = ORIENTED_EDGE('',*,*,#6985,.T.);
#7030 = ORIENTED_EDGE('',*,*,#6955,.T.);
#7031 = ORIENTED_EDGE('',*,*,#7007,.F.);
#7032 = PLANE('',#7033);
#7033 = AXIS2_PLACEMENT_3D('',#7034,#7035,#7036);
#7034 = CARTESIAN_POINT('',(0.24,1.35,0.19));
#7035 = DIRECTION('',(0.,0.,1.));
#7036 = DIRECTION('',(1.,0.,0.));
#7037 = ADVANCED_FACE('',(#7038),#7044,.T.);
#7038 = FACE_BOUND('',#7039,.T.);
#7039 = EDGE_LOOP('',(#7040,#7041,#7042,#7043));
#7040 = ORIENTED_EDGE('',*,*,#6931,.F.);
#7041 = ORIENTED_EDGE('',*,*,#6992,.T.);
#7042 = ORIENTED_EDGE('',*,*,#6971,.T.);
#7043 = ORIENTED_EDGE('',*,*,#7014,.F.);
#7044 = PLANE('',#7045);
#7045 = AXIS2_PLACEMENT_3D('',#7046,#7047,#7048);
#7046 = CARTESIAN_POINT('',(0.24,1.35,0.31));
#7047 = DIRECTION('',(0.,0.,1.));
#7048 = DIRECTION('',(1.,0.,0.));
#7049 = MANIFOLD_SOLID_BREP('',#7050);
#7050 = CLOSED_SHELL('',(#7051,#7091,#7131,#7153,#7175,#7187));
#7051 = ADVANCED_FACE('',(#7052),#7086,.F.);
#7052 = FACE_BOUND('',#7053,.F.);
#7053 = EDGE_LOOP('',(#7054,#7064,#7072,#7080));
#7054 = ORIENTED_EDGE('',*,*,#7055,.F.);
#7055 = EDGE_CURVE('',#7056,#7058,#7060,.T.);
#7056 = VERTEX_POINT('',#7057);
#7057 = CARTESIAN_POINT('',(0.92,1.75,0.));
#7058 = VERTEX_POINT('',#7059);
#7059 = CARTESIAN_POINT('',(0.92,1.75,0.1));
#7060 = LINE('',#7061,#7062);
#7061 = CARTESIAN_POINT('',(0.92,1.75,0.));
#7062 = VECTOR('',#7063,1.);
#7063 = DIRECTION('',(0.,0.,1.));
#7064 = ORIENTED_EDGE('',*,*,#7065,.T.);
#7065 = EDGE_CURVE('',#7056,#7066,#7068,.T.);
#7066 = VERTEX_POINT('',#7067);
#7067 = CARTESIAN_POINT('',(0.92,1.85,0.));
#7068 = LINE('',#7069,#7070);
#7069 = CARTESIAN_POINT('',(0.92,1.75,0.));
#7070 = VECTOR('',#7071,1.);
#7071 = DIRECTION('',(0.,1.,0.));
#7072 = ORIENTED_EDGE('',*,*,#7073,.T.);
#7073 = EDGE_CURVE('',#7066,#7074,#7076,.T.);
#7074 = VERTEX_POINT('',#7075);
#7075 = CARTESIAN_POINT('',(0.92,1.85,0.1));
#7076 = LINE('',#7077,#7078);
#7077 = CARTESIAN_POINT('',(0.92,1.85,0.));
#7078 = VECTOR('',#7079,1.);
#7079 = DIRECTION('',(0.,0.,1.));
#7080 = ORIENTED_EDGE('',*,*,#7081,.F.);
#7081 = EDGE_CURVE('',#7058,#7074,#7082,.T.);
#7082 = LINE('',#7083,#7084);
#7083 = CARTESIAN_POINT('',(0.92,1.75,0.1));
#7084 = VECTOR('',#7085,1.);
#7085 = DIRECTION('',(0.,1.,0.));
#7086 = PLANE('',#7087);
#7087 = AXIS2_PLACEMENT_3D('',#7088,#7089,#7090);
#7088 = CARTESIAN_POINT('',(0.92,1.75,0.));
#7089 = DIRECTION('',(1.,0.,0.));
#7090 = DIRECTION('',(0.,0.,1.));
#7091 = ADVANCED_FACE('',(#7092),#7126,.T.);
#7092 = FACE_BOUND('',#7093,.T.);
#7093 = EDGE_LOOP('',(#7094,#7104,#7112,#7120));
#7094 = ORIENTED_EDGE('',*,*,#7095,.F.);
#7095 = EDGE_CURVE('',#7096,#7098,#7100,.T.);
#7096 = VERTEX_POINT('',#7097);
#7097 = CARTESIAN_POINT('',(1.295,1.75,0.));
#7098 = VERTEX_POINT('',#7099);
#7099 = CARTESIAN_POINT('',(1.295,1.75,0.1));
#7100 = LINE('',#7101,#7102);
#7101 = CARTESIAN_POINT('',(1.295,1.75,0.));
#7102 = VECTOR('',#7103,1.);
#7103 = DIRECTION('',(0.,0.,1.));
#7104 = ORIENTED_EDGE('',*,*,#7105,.T.);
#7105 = EDGE_CURVE('',#7096,#7106,#7108,.T.);
#7106 = VERTEX_POINT('',#7107);
#7107 = CARTESIAN_POINT('',(1.295,1.85,0.));
#7108 = LINE('',#7109,#7110);
#7109 = CARTESIAN_POINT('',(1.295,1.75,0.));
#7110 = VECTOR('',#7111,1.);
#7111 = DIRECTION('',(0.,1.,0.));
#7112 = ORIENTED_EDGE('',*,*,#7113,.T.);
#7113 = EDGE_CURVE('',#7106,#7114,#7116,.T.);
#7114 = VERTEX_POINT('',#7115);
#7115 = CARTESIAN_POINT('',(1.295,1.85,0.1));
#7116 = LINE('',#7117,#7118);
#7117 = CARTESIAN_POINT('',(1.295,1.85,0.));
#7118 = VECTOR('',#7119,1.);
#7119 = DIRECTION('',(0.,0.,1.));
#7120 = ORIENTED_EDGE('',*,*,#7121,.F.);
#7121 = EDGE_CURVE('',#7098,#7114,#7122,.T.);
#7122 = LINE('',#7123,#7124);
#7123 = CARTESIAN_POINT('',(1.295,1.75,0.1));
#7124 = VECTOR('',#7125,1.);
#7125 = DIRECTION('',(0.,1.,0.));
#7126 = PLANE('',#7127);
#7127 = AXIS2_PLACEMENT_3D('',#7128,#7129,#7130);
#7128 = CARTESIAN_POINT('',(1.295,1.75,0.));
#7129 = DIRECTION('',(1.,0.,0.));
#7130 = DIRECTION('',(0.,0.,1.));
#7131 = ADVANCED_FACE('',(#7132),#7148,.F.);
#7132 = FACE_BOUND('',#7133,.F.);
#7133 = EDGE_LOOP('',(#7134,#7140,#7141,#7147));
#7134 = ORIENTED_EDGE('',*,*,#7135,.F.);
#7135 = EDGE_CURVE('',#7056,#7096,#7136,.T.);
#7136 = LINE('',#7137,#7138);
#7137 = CARTESIAN_POINT('',(0.92,1.75,0.));
#7138 = VECTOR('',#7139,1.);
#7139 = DIRECTION('',(1.,0.,0.));
#7140 = ORIENTED_EDGE('',*,*,#7055,.T.);
#7141 = ORIENTED_EDGE('',*,*,#7142,.T.);
#7142 = EDGE_CURVE('',#7058,#7098,#7143,.T.);
#7143 = LINE('',#7144,#7145);
#7144 = CARTESIAN_POINT('',(0.92,1.75,0.1));
#7145 = VECTOR('',#7146,1.);
#7146 = DIRECTION('',(1.,0.,0.));
#7147 = ORIENTED_EDGE('',*,*,#7095,.F.);
#7148 = PLANE('',#7149);
#7149 = AXIS2_PLACEMENT_3D('',#7150,#7151,#7152);
#7150 = CARTESIAN_POINT('',(0.92,1.75,0.));
#7151 = DIRECTION('',(0.,1.,0.));
#7152 = DIRECTION('',(0.,0.,1.));
#7153 = ADVANCED_FACE('',(#7154),#7170,.T.);
#7154 = FACE_BOUND('',#7155,.T.);
#7155 = EDGE_LOOP('',(#7156,#7162,#7163,#7169));
#7156 = ORIENTED_EDGE('',*,*,#7157,.F.);
#7157 = EDGE_CURVE('',#7066,#7106,#7158,.T.);
#7158 = LINE('',#7159,#7160);
#7159 = CARTESIAN_POINT('',(0.92,1.85,0.));
#7160 = VECTOR('',#7161,1.);
#7161 = DIRECTION('',(1.,0.,0.));
#7162 = ORIENTED_EDGE('',*,*,#7073,.T.);
#7163 = ORIENTED_EDGE('',*,*,#7164,.T.);
#7164 = EDGE_CURVE('',#7074,#7114,#7165,.T.);
#7165 = LINE('',#7166,#7167);
#7166 = CARTESIAN_POINT('',(0.92,1.85,0.1));
#7167 = VECTOR('',#7168,1.);
#7168 = DIRECTION('',(1.,0.,0.));
#7169 = ORIENTED_EDGE('',*,*,#7113,.F.);
#7170 = PLANE('',#7171);
#7171 = AXIS2_PLACEMENT_3D('',#7172,#7173,#7174);
#7172 = CARTESIAN_POINT('',(0.92,1.85,0.));
#7173 = DIRECTION('',(0.,1.,0.));
#7174 = DIRECTION('',(0.,0.,1.));
#7175 = ADVANCED_FACE('',(#7176),#7182,.F.);
#7176 = FACE_BOUND('',#7177,.F.);
#7177 = EDGE_LOOP('',(#7178,#7179,#7180,#7181));
#7178 = ORIENTED_EDGE('',*,*,#7065,.F.);
#7179 = ORIENTED_EDGE('',*,*,#7135,.T.);
#7180 = ORIENTED_EDGE('',*,*,#7105,.T.);
#7181 = ORIENTED_EDGE('',*,*,#7157,.F.);
#7182 = PLANE('',#7183);
#7183 = AXIS2_PLACEMENT_3D('',#7184,#7185,#7186);
#7184 = CARTESIAN_POINT('',(0.92,1.75,0.));
#7185 = DIRECTION('',(0.,0.,1.));
#7186 = DIRECTION('',(1.,0.,0.));
#7187 = ADVANCED_FACE('',(#7188),#7194,.T.);
#7188 = FACE_BOUND('',#7189,.T.);
#7189 = EDGE_LOOP('',(#7190,#7191,#7192,#7193));
#7190 = ORIENTED_EDGE('',*,*,#7081,.F.);
#7191 = ORIENTED_EDGE('',*,*,#7142,.T.);
#7192 = ORIENTED_EDGE('',*,*,#7121,.T.);
#7193 = ORIENTED_EDGE('',*,*,#7164,.F.);
#7194 = PLANE('',#7195);
#7195 = AXIS2_PLACEMENT_3D('',#7196,#7197,#7198);
#7196 = CARTESIAN_POINT('',(0.92,1.75,0.1));
#7197 = DIRECTION('',(0.,0.,1.));
#7198 = DIRECTION('',(1.,0.,0.));
#7199 = MANIFOLD_SOLID_BREP('',#7200);
#7200 = CLOSED_SHELL('',(#7201,#7241,#7281,#7303,#7325,#7337));
#7201 = ADVANCED_FACE('',(#7202),#7236,.F.);
#7202 = FACE_BOUND('',#7203,.F.);
#7203 = EDGE_LOOP('',(#7204,#7214,#7222,#7230));
#7204 = ORIENTED_EDGE('',*,*,#7205,.F.);
#7205 = EDGE_CURVE('',#7206,#7208,#7210,.T.);
#7206 = VERTEX_POINT('',#7207);
#7207 = CARTESIAN_POINT('',(0.24,1.75,0.19));
#7208 = VERTEX_POINT('',#7209);
#7209 = CARTESIAN_POINT('',(0.24,1.75,0.31));
#7210 = LINE('',#7211,#7212);
#7211 = CARTESIAN_POINT('',(0.24,1.75,0.19));
#7212 = VECTOR('',#7213,1.);
#7213 = DIRECTION('',(0.,0.,1.));
#7214 = ORIENTED_EDGE('',*,*,#7215,.T.);
#7215 = EDGE_CURVE('',#7206,#7216,#7218,.T.);
#7216 = VERTEX_POINT('',#7217);
#7217 = CARTESIAN_POINT('',(0.24,1.85,0.19));
#7218 = LINE('',#7219,#7220);
#7219 = CARTESIAN_POINT('',(0.24,1.75,0.19));
#7220 = VECTOR('',#7221,1.);
#7221 = DIRECTION('',(0.,1.,0.));
#7222 = ORIENTED_EDGE('',*,*,#7223,.T.);
#7223 = EDGE_CURVE('',#7216,#7224,#7226,.T.);
#7224 = VERTEX_POINT('',#7225);
#7225 = CARTESIAN_POINT('',(0.24,1.85,0.31));
#7226 = LINE('',#7227,#7228);
#7227 = CARTESIAN_POINT('',(0.24,1.85,0.19));
#7228 = VECTOR('',#7229,1.);
#7229 = DIRECTION('',(0.,0.,1.));
#7230 = ORIENTED_EDGE('',*,*,#7231,.F.);
#7231 = EDGE_CURVE('',#7208,#7224,#7232,.T.);
#7232 = LINE('',#7233,#7234);
#7233 = CARTESIAN_POINT('',(0.24,1.75,0.31));
#7234 = VECTOR('',#7235,1.);
#7235 = DIRECTION('',(0.,1.,0.));
#7236 = PLANE('',#7237);
#7237 = AXIS2_PLACEMENT_3D('',#7238,#7239,#7240);
#7238 = CARTESIAN_POINT('',(0.24,1.75,0.19));
#7239 = DIRECTION('',(1.,0.,0.));
#7240 = DIRECTION('',(0.,0.,1.));
#7241 = ADVANCED_FACE('',(#7242),#7276,.T.);
#7242 = FACE_BOUND('',#7243,.T.);
#7243 = EDGE_LOOP('',(#7244,#7254,#7262,#7270));
#7244 = ORIENTED_EDGE('',*,*,#7245,.F.);
#7245 = EDGE_CURVE('',#7246,#7248,#7250,.T.);
#7246 = VERTEX_POINT('',#7247);
#7247 = CARTESIAN_POINT('',(0.89,1.75,0.19));
#7248 = VERTEX_POINT('',#7249);
#7249 = CARTESIAN_POINT('',(0.89,1.75,0.31));
#7250 = LINE('',#7251,#7252);
#7251 = CARTESIAN_POINT('',(0.89,1.75,0.19));
#7252 = VECTOR('',#7253,1.);
#7253 = DIRECTION('',(0.,0.,1.));
#7254 = ORIENTED_EDGE('',*,*,#7255,.T.);
#7255 = EDGE_CURVE('',#7246,#7256,#7258,.T.);
#7256 = VERTEX_POINT('',#7257);
#7257 = CARTESIAN_POINT('',(0.89,1.85,0.19));
#7258 = LINE('',#7259,#7260);
#7259 = CARTESIAN_POINT('',(0.89,1.75,0.19));
#7260 = VECTOR('',#7261,1.);
#7261 = DIRECTION('',(0.,1.,0.));
#7262 = ORIENTED_EDGE('',*,*,#7263,.T.);
#7263 = EDGE_CURVE('',#7256,#7264,#7266,.T.);
#7264 = VERTEX_POINT('',#7265);
#7265 = CARTESIAN_POINT('',(0.89,1.85,0.31));
#7266 = LINE('',#7267,#7268);
#7267 = CARTESIAN_POINT('',(0.89,1.85,0.19));
#7268 = VECTOR('',#7269,1.);
#7269 = DIRECTION('',(0.,0.,1.));
#7270 = ORIENTED_EDGE('',*,*,#7271,.F.);
#7271 = EDGE_CURVE('',#7248,#7264,#7272,.T.);
#7272 = LINE('',#7273,#7274);
#7273 = CARTESIAN_POINT('',(0.89,1.75,0.31));
#7274 = VECTOR('',#7275,1.);
#7275 = DIRECTION('',(0.,1.,0.));
#7276 = PLANE('',#7277);
#7277 = AXIS2_PLACEMENT_3D('',#7278,#7279,#7280);
#7278 = CARTESIAN_POINT('',(0.89,1.75,0.19));
#7279 = DIRECTION('',(1.,0.,0.));
#7280 = DIRECTION('',(0.,0.,1.));
#7281 = ADVANCED_FACE('',(#7282),#7298,.F.);
#7282 = FACE_BOUND('',#7283,.F.);
#7283 = EDGE_LOOP('',(#7284,#7290,#7291,#7297));
#7284 = ORIENTED_EDGE('',*,*,#7285,.F.);
#7285 = EDGE_CURVE('',#7206,#7246,#7286,.T.);
#7286 = LINE('',#7287,#7288);
#7287 = CARTESIAN_POINT('',(0.24,1.75,0.19));
#7288 = VECTOR('',#7289,1.);
#7289 = DIRECTION('',(1.,0.,0.));
#7290 = ORIENTED_EDGE('',*,*,#7205,.T.);
#7291 = ORIENTED_EDGE('',*,*,#7292,.T.);
#7292 = EDGE_CURVE('',#7208,#7248,#7293,.T.);
#7293 = LINE('',#7294,#7295);
#7294 = CARTESIAN_POINT('',(0.24,1.75,0.31));
#7295 = VECTOR('',#7296,1.);
#7296 = DIRECTION('',(1.,0.,0.));
#7297 = ORIENTED_EDGE('',*,*,#7245,.F.);
#7298 = PLANE('',#7299);
#7299 = AXIS2_PLACEMENT_3D('',#7300,#7301,#7302);
#7300 = CARTESIAN_POINT('',(0.24,1.75,0.19));
#7301 = DIRECTION('',(0.,1.,0.));
#7302 = DIRECTION('',(0.,0.,1.));
#7303 = ADVANCED_FACE('',(#7304),#7320,.T.);
#7304 = FACE_BOUND('',#7305,.T.);
#7305 = EDGE_LOOP('',(#7306,#7312,#7313,#7319));
#7306 = ORIENTED_EDGE('',*,*,#7307,.F.);
#7307 = EDGE_CURVE('',#7216,#7256,#7308,.T.);
#7308 = LINE('',#7309,#7310);
#7309 = CARTESIAN_POINT('',(0.24,1.85,0.19));
#7310 = VECTOR('',#7311,1.);
#7311 = DIRECTION('',(1.,0.,0.));
#7312 = ORIENTED_EDGE('',*,*,#7223,.T.);
#7313 = ORIENTED_EDGE('',*,*,#7314,.T.);
#7314 = EDGE_CURVE('',#7224,#7264,#7315,.T.);
#7315 = LINE('',#7316,#7317);
#7316 = CARTESIAN_POINT('',(0.24,1.85,0.31));
#7317 = VECTOR('',#7318,1.);
#7318 = DIRECTION('',(1.,0.,0.));
#7319 = ORIENTED_EDGE('',*,*,#7263,.F.);
#7320 = PLANE('',#7321);
#7321 = AXIS2_PLACEMENT_3D('',#7322,#7323,#7324);
#7322 = CARTESIAN_POINT('',(0.24,1.85,0.19));
#7323 = DIRECTION('',(0.,1.,0.));
#7324 = DIRECTION('',(0.,0.,1.));
#7325 = ADVANCED_FACE('',(#7326),#7332,.F.);
#7326 = FACE_BOUND('',#7327,.F.);
#7327 = EDGE_LOOP('',(#7328,#7329,#7330,#7331));
#7328 = ORIENTED_EDGE('',*,*,#7215,.F.);
#7329 = ORIENTED_EDGE('',*,*,#7285,.T.);
#7330 = ORIENTED_EDGE('',*,*,#7255,.T.);
#7331 = ORIENTED_EDGE('',*,*,#7307,.F.);
#7332 = PLANE('',#7333);
#7333 = AXIS2_PLACEMENT_3D('',#7334,#7335,#7336);
#7334 = CARTESIAN_POINT('',(0.24,1.75,0.19));
#7335 = DIRECTION('',(0.,0.,1.));
#7336 = DIRECTION('',(1.,0.,0.));
#7337 = ADVANCED_FACE('',(#7338),#7344,.T.);
#7338 = FACE_BOUND('',#7339,.T.);
#7339 = EDGE_LOOP('',(#7340,#7341,#7342,#7343));
#7340 = ORIENTED_EDGE('',*,*,#7231,.F.);
#7341 = ORIENTED_EDGE('',*,*,#7292,.T.);
#7342 = ORIENTED_EDGE('',*,*,#7271,.T.);
#7343 = ORIENTED_EDGE('',*,*,#7314,.F.);
#7344 = PLANE('',#7345);
#7345 = AXIS2_PLACEMENT_3D('',#7346,#7347,#7348);
#7346 = CARTESIAN_POINT('',(0.24,1.75,0.31));
#7347 = DIRECTION('',(0.,0.,1.));
#7348 = DIRECTION('',(1.,0.,0.));
#7349 = MANIFOLD_SOLID_BREP('',#7350);
#7350 = CLOSED_SHELL('',(#7351,#7391,#7431,#7453,#7475,#7487));
#7351 = ADVANCED_FACE('',(#7352),#7386,.F.);
#7352 = FACE_BOUND('',#7353,.F.);
#7353 = EDGE_LOOP('',(#7354,#7364,#7372,#7380));
#7354 = ORIENTED_EDGE('',*,*,#7355,.F.);
#7355 = EDGE_CURVE('',#7356,#7358,#7360,.T.);
#7356 = VERTEX_POINT('',#7357);
#7357 = CARTESIAN_POINT('',(0.92,2.15,0.));
#7358 = VERTEX_POINT('',#7359);
#7359 = CARTESIAN_POINT('',(0.92,2.15,0.1));
#7360 = LINE('',#7361,#7362);
#7361 = CARTESIAN_POINT('',(0.92,2.15,0.));
#7362 = VECTOR('',#7363,1.);
#7363 = DIRECTION('',(0.,0.,1.));
#7364 = ORIENTED_EDGE('',*,*,#7365,.T.);
#7365 = EDGE_CURVE('',#7356,#7366,#7368,.T.);
#7366 = VERTEX_POINT('',#7367);
#7367 = CARTESIAN_POINT('',(0.92,2.25,0.));
#7368 = LINE('',#7369,#7370);
#7369 = CARTESIAN_POINT('',(0.92,2.15,0.));
#7370 = VECTOR('',#7371,1.);
#7371 = DIRECTION('',(0.,1.,0.));
#7372 = ORIENTED_EDGE('',*,*,#7373,.T.);
#7373 = EDGE_CURVE('',#7366,#7374,#7376,.T.);
#7374 = VERTEX_POINT('',#7375);
#7375 = CARTESIAN_POINT('',(0.92,2.25,0.1));
#7376 = LINE('',#7377,#7378);
#7377 = CARTESIAN_POINT('',(0.92,2.25,0.));
#7378 = VECTOR('',#7379,1.);
#7379 = DIRECTION('',(0.,0.,1.));
#7380 = ORIENTED_EDGE('',*,*,#7381,.F.);
#7381 = EDGE_CURVE('',#7358,#7374,#7382,.T.);
#7382 = LINE('',#7383,#7384);
#7383 = CARTESIAN_POINT('',(0.92,2.15,0.1));
#7384 = VECTOR('',#7385,1.);
#7385 = DIRECTION('',(0.,1.,0.));
#7386 = PLANE('',#7387);
#7387 = AXIS2_PLACEMENT_3D('',#7388,#7389,#7390);
#7388 = CARTESIAN_POINT('',(0.92,2.15,0.));
#7389 = DIRECTION('',(1.,0.,0.));
#7390 = DIRECTION('',(0.,0.,1.));
#7391 = ADVANCED_FACE('',(#7392),#7426,.T.);
#7392 = FACE_BOUND('',#7393,.T.);
#7393 = EDGE_LOOP('',(#7394,#7404,#7412,#7420));
#7394 = ORIENTED_EDGE('',*,*,#7395,.F.);
#7395 = EDGE_CURVE('',#7396,#7398,#7400,.T.);
#7396 = VERTEX_POINT('',#7397);
#7397 = CARTESIAN_POINT('',(1.295,2.15,0.));
#7398 = VERTEX_POINT('',#7399);
#7399 = CARTESIAN_POINT('',(1.295,2.15,0.1));
#7400 = LINE('',#7401,#7402);
#7401 = CARTESIAN_POINT('',(1.295,2.15,0.));
#7402 = VECTOR('',#7403,1.);
#7403 = DIRECTION('',(0.,0.,1.));
#7404 = ORIENTED_EDGE('',*,*,#7405,.T.);
#7405 = EDGE_CURVE('',#7396,#7406,#7408,.T.);
#7406 = VERTEX_POINT('',#7407);
#7407 = CARTESIAN_POINT('',(1.295,2.25,0.));
#7408 = LINE('',#7409,#7410);
#7409 = CARTESIAN_POINT('',(1.295,2.15,0.));
#7410 = VECTOR('',#7411,1.);
#7411 = DIRECTION('',(0.,1.,0.));
#7412 = ORIENTED_EDGE('',*,*,#7413,.T.);
#7413 = EDGE_CURVE('',#7406,#7414,#7416,.T.);
#7414 = VERTEX_POINT('',#7415);
#7415 = CARTESIAN_POINT('',(1.295,2.25,0.1));
#7416 = LINE('',#7417,#7418);
#7417 = CARTESIAN_POINT('',(1.295,2.25,0.));
#7418 = VECTOR('',#7419,1.);
#7419 = DIRECTION('',(0.,0.,1.));
#7420 = ORIENTED_EDGE('',*,*,#7421,.F.);
#7421 = EDGE_CURVE('',#7398,#7414,#7422,.T.);
#7422 = LINE('',#7423,#7424);
#7423 = CARTESIAN_POINT('',(1.295,2.15,0.1));
#7424 = VECTOR('',#7425,1.);
#7425 = DIRECTION('',(0.,1.,0.));
#7426 = PLANE('',#7427);
#7427 = AXIS2_PLACEMENT_3D('',#7428,#7429,#7430);
#7428 = CARTESIAN_POINT('',(1.295,2.15,0.));
#7429 = DIRECTION('',(1.,0.,0.));
#7430 = DIRECTION('',(0.,0.,1.));
#7431 = ADVANCED_FACE('',(#7432),#7448,.F.);
#7432 = FACE_BOUND('',#7433,.F.);
#7433 = EDGE_LOOP('',(#7434,#7440,#7441,#7447));
#7434 = ORIENTED_EDGE('',*,*,#7435,.F.);
#7435 = EDGE_CURVE('',#7356,#7396,#7436,.T.);
#7436 = LINE('',#7437,#7438);
#7437 = CARTESIAN_POINT('',(0.92,2.15,0.));
#7438 = VECTOR('',#7439,1.);
#7439 = DIRECTION('',(1.,0.,0.));
#7440 = ORIENTED_EDGE('',*,*,#7355,.T.);
#7441 = ORIENTED_EDGE('',*,*,#7442,.T.);
#7442 = EDGE_CURVE('',#7358,#7398,#7443,.T.);
#7443 = LINE('',#7444,#7445);
#7444 = CARTESIAN_POINT('',(0.92,2.15,0.1));
#7445 = VECTOR('',#7446,1.);
#7446 = DIRECTION('',(1.,0.,0.));
#7447 = ORIENTED_EDGE('',*,*,#7395,.F.);
#7448 = PLANE('',#7449);
#7449 = AXIS2_PLACEMENT_3D('',#7450,#7451,#7452);
#7450 = CARTESIAN_POINT('',(0.92,2.15,0.));
#7451 = DIRECTION('',(0.,1.,0.));
#7452 = DIRECTION('',(0.,0.,1.));
#7453 = ADVANCED_FACE('',(#7454),#7470,.T.);
#7454 = FACE_BOUND('',#7455,.T.);
#7455 = EDGE_LOOP('',(#7456,#7462,#7463,#7469));
#7456 = ORIENTED_EDGE('',*,*,#7457,.F.);
#7457 = EDGE_CURVE('',#7366,#7406,#7458,.T.);
#7458 = LINE('',#7459,#7460);
#7459 = CARTESIAN_POINT('',(0.92,2.25,0.));
#7460 = VECTOR('',#7461,1.);
#7461 = DIRECTION('',(1.,0.,0.));
#7462 = ORIENTED_EDGE('',*,*,#7373,.T.);
#7463 = ORIENTED_EDGE('',*,*,#7464,.T.);
#7464 = EDGE_CURVE('',#7374,#7414,#7465,.T.);
#7465 = LINE('',#7466,#7467);
#7466 = CARTESIAN_POINT('',(0.92,2.25,0.1));
#7467 = VECTOR('',#7468,1.);
#7468 = DIRECTION('',(1.,0.,0.));
#7469 = ORIENTED_EDGE('',*,*,#7413,.F.);
#7470 = PLANE('',#7471);
#7471 = AXIS2_PLACEMENT_3D('',#7472,#7473,#7474);
#7472 = CARTESIAN_POINT('',(0.92,2.25,0.));
#7473 = DIRECTION('',(0.,1.,0.));
#7474 = DIRECTION('',(0.,0.,1.));
#7475 = ADVANCED_FACE('',(#7476),#7482,.F.);
#7476 = FACE_BOUND('',#7477,.F.);
#7477 = EDGE_LOOP('',(#7478,#7479,#7480,#7481));
#7478 = ORIENTED_EDGE('',*,*,#7365,.F.);
#7479 = ORIENTED_EDGE('',*,*,#7435,.T.);
#7480 = ORIENTED_EDGE('',*,*,#7405,.T.);
#7481 = ORIENTED_EDGE('',*,*,#7457,.F.);
#7482 = PLANE('',#7483);
#7483 = AXIS2_PLACEMENT_3D('',#7484,#7485,#7486);
#7484 = CARTESIAN_POINT('',(0.92,2.15,0.));
#7485 = DIRECTION('',(0.,0.,1.));
#7486 = DIRECTION('',(1.,0.,0.));
#7487 = ADVANCED_FACE('',(#7488),#7494,.T.);
#7488 = FACE_BOUND('',#7489,.T.);
#7489 = EDGE_LOOP('',(#7490,#7491,#7492,#7493));
#7490 = ORIENTED_EDGE('',*,*,#7381,.F.);
#7491 = ORIENTED_EDGE('',*,*,#7442,.T.);
#7492 = ORIENTED_EDGE('',*,*,#7421,.T.);
#7493 = ORIENTED_EDGE('',*,*,#7464,.F.);
#7494 = PLANE('',#7495);
#7495 = AXIS2_PLACEMENT_3D('',#7496,#7497,#7498);
#7496 = CARTESIAN_POINT('',(0.92,2.15,0.1));
#7497 = DIRECTION('',(0.,0.,1.));
#7498 = DIRECTION('',(1.,0.,0.));
#7499 = MANIFOLD_SOLID_BREP('',#7500);
#7500 = CLOSED_SHELL('',(#7501,#7541,#7581,#7603,#7625,#7637));
#7501 = ADVANCED_FACE('',(#7502),#7536,.F.);
#7502 = FACE_BOUND('',#7503,.F.);
#7503 = EDGE_LOOP('',(#7504,#7514,#7522,#7530));
#7504 = ORIENTED_EDGE('',*,*,#7505,.F.);
#7505 = EDGE_CURVE('',#7506,#7508,#7510,.T.);
#7506 = VERTEX_POINT('',#7507);
#7507 = CARTESIAN_POINT('',(0.24,2.15,0.19));
#7508 = VERTEX_POINT('',#7509);
#7509 = CARTESIAN_POINT('',(0.24,2.15,0.31));
#7510 = LINE('',#7511,#7512);
#7511 = CARTESIAN_POINT('',(0.24,2.15,0.19));
#7512 = VECTOR('',#7513,1.);
#7513 = DIRECTION('',(0.,0.,1.));
#7514 = ORIENTED_EDGE('',*,*,#7515,.T.);
#7515 = EDGE_CURVE('',#7506,#7516,#7518,.T.);
#7516 = VERTEX_POINT('',#7517);
#7517 = CARTESIAN_POINT('',(0.24,2.25,0.19));
#7518 = LINE('',#7519,#7520);
#7519 = CARTESIAN_POINT('',(0.24,2.15,0.19));
#7520 = VECTOR('',#7521,1.);
#7521 = DIRECTION('',(0.,1.,0.));
#7522 = ORIENTED_EDGE('',*,*,#7523,.T.);
#7523 = EDGE_CURVE('',#7516,#7524,#7526,.T.);
#7524 = VERTEX_POINT('',#7525);
#7525 = CARTESIAN_POINT('',(0.24,2.25,0.31));
#7526 = LINE('',#7527,#7528);
#7527 = CARTESIAN_POINT('',(0.24,2.25,0.19));
#7528 = VECTOR('',#7529,1.);
#7529 = DIRECTION('',(0.,0.,1.));
#7530 = ORIENTED_EDGE('',*,*,#7531,.F.);
#7531 = EDGE_CURVE('',#7508,#7524,#7532,.T.);
#7532 = LINE('',#7533,#7534);
#7533 = CARTESIAN_POINT('',(0.24,2.15,0.31));
#7534 = VECTOR('',#7535,1.);
#7535 = DIRECTION('',(0.,1.,0.));
#7536 = PLANE('',#7537);
#7537 = AXIS2_PLACEMENT_3D('',#7538,#7539,#7540);
#7538 = CARTESIAN_POINT('',(0.24,2.15,0.19));
#7539 = DIRECTION('',(1.,0.,0.));
#7540 = DIRECTION('',(0.,0.,1.));
#7541 = ADVANCED_FACE('',(#7542),#7576,.T.);
#7542 = FACE_BOUND('',#7543,.T.);
#7543 = EDGE_LOOP('',(#7544,#7554,#7562,#7570));
#7544 = ORIENTED_EDGE('',*,*,#7545,.F.);
#7545 = EDGE_CURVE('',#7546,#7548,#7550,.T.);
#7546 = VERTEX_POINT('',#7547);
#7547 = CARTESIAN_POINT('',(0.89,2.15,0.19));
#7548 = VERTEX_POINT('',#7549);
#7549 = CARTESIAN_POINT('',(0.89,2.15,0.31));
#7550 = LINE('',#7551,#7552);
#7551 = CARTESIAN_POINT('',(0.89,2.15,0.19));
#7552 = VECTOR('',#7553,1.);
#7553 = DIRECTION('',(0.,0.,1.));
#7554 = ORIENTED_EDGE('',*,*,#7555,.T.);
#7555 = EDGE_CURVE('',#7546,#7556,#7558,.T.);
#7556 = VERTEX_POINT('',#7557);
#7557 = CARTESIAN_POINT('',(0.89,2.25,0.19));
#7558 = LINE('',#7559,#7560);
#7559 = CARTESIAN_POINT('',(0.89,2.15,0.19));
#7560 = VECTOR('',#7561,1.);
#7561 = DIRECTION('',(0.,1.,0.));
#7562 = ORIENTED_EDGE('',*,*,#7563,.T.);
#7563 = EDGE_CURVE('',#7556,#7564,#7566,.T.);
#7564 = VERTEX_POINT('',#7565);
#7565 = CARTESIAN_POINT('',(0.89,2.25,0.31));
#7566 = LINE('',#7567,#7568);
#7567 = CARTESIAN_POINT('',(0.89,2.25,0.19));
#7568 = VECTOR('',#7569,1.);
#7569 = DIRECTION('',(0.,0.,1.));
#7570 = ORIENTED_EDGE('',*,*,#7571,.F.);
#7571 = EDGE_CURVE('',#7548,#7564,#7572,.T.);
#7572 = LINE('',#7573,#7574);
#7573 = CARTESIAN_POINT('',(0.89,2.15,0.31));
#7574 = VECTOR('',#7575,1.);
#7575 = DIRECTION('',(0.,1.,0.));
#7576 = PLANE('',#7577);
#7577 = AXIS2_PLACEMENT_3D('',#7578,#7579,#7580);
#7578 = CARTESIAN_POINT('',(0.89,2.15,0.19));
#7579 = DIRECTION('',(1.,0.,0.));
#7580 = DIRECTION('',(0.,0.,1.));
#7581 = ADVANCED_FACE('',(#7582),#7598,.F.);
#7582 = FACE_BOUND('',#7583,.F.);
#7583 = EDGE_LOOP('',(#7584,#7590,#7591,#7597));
#7584 = ORIENTED_EDGE('',*,*,#7585,.F.);
#7585 = EDGE_CURVE('',#7506,#7546,#7586,.T.);
#7586 = LINE('',#7587,#7588);
#7587 = CARTESIAN_POINT('',(0.24,2.15,0.19));
#7588 = VECTOR('',#7589,1.);
#7589 = DIRECTION('',(1.,0.,0.));
#7590 = ORIENTED_EDGE('',*,*,#7505,.T.);
#7591 = ORIENTED_EDGE('',*,*,#7592,.T.);
#7592 = EDGE_CURVE('',#7508,#7548,#7593,.T.);
#7593 = LINE('',#7594,#7595);
#7594 = CARTESIAN_POINT('',(0.24,2.15,0.31));
#7595 = VECTOR('',#7596,1.);
#7596 = DIRECTION('',(1.,0.,0.));
#7597 = ORIENTED_EDGE('',*,*,#7545,.F.);
#7598 = PLANE('',#7599);
#7599 = AXIS2_PLACEMENT_3D('',#7600,#7601,#7602);
#7600 = CARTESIAN_POINT('',(0.24,2.15,0.19));
#7601 = DIRECTION('',(0.,1.,0.));
#7602 = DIRECTION('',(0.,0.,1.));
#7603 = ADVANCED_FACE('',(#7604),#7620,.T.);
#7604 = FACE_BOUND('',#7605,.T.);
#7605 = EDGE_LOOP('',(#7606,#7612,#7613,#7619));
#7606 = ORIENTED_EDGE('',*,*,#7607,.F.);
#7607 = EDGE_CURVE('',#7516,#7556,#7608,.T.);
#7608 = LINE('',#7609,#7610);
#7609 = CARTESIAN_POINT('',(0.24,2.25,0.19));
#7610 = VECTOR('',#7611,1.);
#7611 = DIRECTION('',(1.,0.,0.));
#7612 = ORIENTED_EDGE('',*,*,#7523,.T.);
#7613 = ORIENTED_EDGE('',*,*,#7614,.T.);
#7614 = EDGE_CURVE('',#7524,#7564,#7615,.T.);
#7615 = LINE('',#7616,#7617);
#7616 = CARTESIAN_POINT('',(0.24,2.25,0.31));
#7617 = VECTOR('',#7618,1.);
#7618 = DIRECTION('',(1.,0.,0.));
#7619 = ORIENTED_EDGE('',*,*,#7563,.F.);
#7620 = PLANE('',#7621);
#7621 = AXIS2_PLACEMENT_3D('',#7622,#7623,#7624);
#7622 = CARTESIAN_POINT('',(0.24,2.25,0.19));
#7623 = DIRECTION('',(0.,1.,0.));
#7624 = DIRECTION('',(0.,0.,1.));
#7625 = ADVANCED_FACE('',(#7626),#7632,.F.);
#7626 = FACE_BOUND('',#7627,.F.);
#7627 = EDGE_LOOP('',(#7628,#7629,#7630,#7631));
#7628 = ORIENTED_EDGE('',*,*,#7515,.F.);
#7629 = ORIENTED_EDGE('',*,*,#7585,.T.);
#7630 = ORIENTED_EDGE('',*,*,#7555,.T.);
#7631 = ORIENTED_EDGE('',*,*,#7607,.F.);
#7632 = PLANE('',#7633);
#7633 = AXIS2_PLACEMENT_3D('',#7634,#7635,#7636);
#7634 = CARTESIAN_POINT('',(0.24,2.15,0.19));
#7635 = DIRECTION('',(0.,0.,1.));
#7636 = DIRECTION('',(1.,0.,0.));
#7637 = ADVANCED_FACE('',(#7638),#7644,.T.);
#7638 = FACE_BOUND('',#7639,.T.);
#7639 = EDGE_LOOP('',(#7640,#7641,#7642,#7643));
#7640 = ORIENTED_EDGE('',*,*,#7531,.F.);
#7641 = ORIENTED_EDGE('',*,*,#7592,.T.);
#7642 = ORIENTED_EDGE('',*,*,#7571,.T.);
#7643 = ORIENTED_EDGE('',*,*,#7614,.F.);
#7644 = PLANE('',#7645);
#7645 = AXIS2_PLACEMENT_3D('',#7646,#7647,#7648);
#7646 = CARTESIAN_POINT('',(0.24,2.15,0.31));
#7647 = DIRECTION('',(0.,0.,1.));
#7648 = DIRECTION('',(1.,0.,0.));
#7649 = MANIFOLD_SOLID_BREP('',#7650);
#7650 = CLOSED_SHELL('',(#7651,#7691,#7731,#7753,#7775,#7787));
#7651 = ADVANCED_FACE('',(#7652),#7686,.F.);
#7652 = FACE_BOUND('',#7653,.F.);
#7653 = EDGE_LOOP('',(#7654,#7664,#7672,#7680));
#7654 = ORIENTED_EDGE('',*,*,#7655,.F.);
#7655 = EDGE_CURVE('',#7656,#7658,#7660,.T.);
#7656 = VERTEX_POINT('',#7657);
#7657 = CARTESIAN_POINT('',(-1.295,-3.63,0.));
#7658 = VERTEX_POINT('',#7659);
#7659 = CARTESIAN_POINT('',(-1.295,-3.63,0.18));
#7660 = LINE('',#7661,#7662);
#7661 = CARTESIAN_POINT('',(-1.295,-3.63,0.));
#7662 = VECTOR('',#7663,1.);
#7663 = DIRECTION('',(0.,0.,1.));
#7664 = ORIENTED_EDGE('',*,*,#7665,.T.);
#7665 = EDGE_CURVE('',#7656,#7666,#7668,.T.);
#7666 = VERTEX_POINT('',#7667);
#7667 = CARTESIAN_POINT('',(-1.295,-3.03,0.));
#7668 = LINE('',#7669,#7670);
#7669 = CARTESIAN_POINT('',(-1.295,-3.63,0.));
#7670 = VECTOR('',#7671,1.);
#7671 = DIRECTION('',(0.,1.,0.));
#7672 = ORIENTED_EDGE('',*,*,#7673,.T.);
#7673 = EDGE_CURVE('',#7666,#7674,#7676,.T.);
#7674 = VERTEX_POINT('',#7675);
#7675 = CARTESIAN_POINT('',(-1.295,-3.03,0.18));
#7676 = LINE('',#7677,#7678);
#7677 = CARTESIAN_POINT('',(-1.295,-3.03,0.));
#7678 = VECTOR('',#7679,1.);
#7679 = DIRECTION('',(0.,0.,1.));
#7680 = ORIENTED_EDGE('',*,*,#7681,.F.);
#7681 = EDGE_CURVE('',#7658,#7674,#7682,.T.);
#7682 = LINE('',#7683,#7684);
#7683 = CARTESIAN_POINT('',(-1.295,-3.63,0.18));
#7684 = VECTOR('',#7685,1.);
#7685 = DIRECTION('',(0.,1.,0.));
#7686 = PLANE('',#7687);
#7687 = AXIS2_PLACEMENT_3D('',#7688,#7689,#7690);
#7688 = CARTESIAN_POINT('',(-1.295,-3.63,0.));
#7689 = DIRECTION('',(1.,0.,0.));
#7690 = DIRECTION('',(0.,0.,1.));
#7691 = ADVANCED_FACE('',(#7692),#7726,.T.);
#7692 = FACE_BOUND('',#7693,.T.);
#7693 = EDGE_LOOP('',(#7694,#7704,#7712,#7720));
#7694 = ORIENTED_EDGE('',*,*,#7695,.F.);
#7695 = EDGE_CURVE('',#7696,#7698,#7700,.T.);
#7696 = VERTEX_POINT('',#7697);
#7697 = CARTESIAN_POINT('',(-0.995,-3.63,0.));
#7698 = VERTEX_POINT('',#7699);
#7699 = CARTESIAN_POINT('',(-0.995,-3.63,0.18));
#7700 = LINE('',#7701,#7702);
#7701 = CARTESIAN_POINT('',(-0.995,-3.63,0.));
#7702 = VECTOR('',#7703,1.);
#7703 = DIRECTION('',(0.,0.,1.));
#7704 = ORIENTED_EDGE('',*,*,#7705,.T.);
#7705 = EDGE_CURVE('',#7696,#7706,#7708,.T.);
#7706 = VERTEX_POINT('',#7707);
#7707 = CARTESIAN_POINT('',(-0.995,-3.03,0.));
#7708 = LINE('',#7709,#7710);
#7709 = CARTESIAN_POINT('',(-0.995,-3.63,0.));
#7710 = VECTOR('',#7711,1.);
#7711 = DIRECTION('',(0.,1.,0.));
#7712 = ORIENTED_EDGE('',*,*,#7713,.T.);
#7713 = EDGE_CURVE('',#7706,#7714,#7716,.T.);
#7714 = VERTEX_POINT('',#7715);
#7715 = CARTESIAN_POINT('',(-0.995,-3.03,0.18));
#7716 = LINE('',#7717,#7718);
#7717 = CARTESIAN_POINT('',(-0.995,-3.03,0.));
#7718 = VECTOR('',#7719,1.);
#7719 = DIRECTION('',(0.,0.,1.));
#7720 = ORIENTED_EDGE('',*,*,#7721,.F.);
#7721 = EDGE_CURVE('',#7698,#7714,#7722,.T.);
#7722 = LINE('',#7723,#7724);
#7723 = CARTESIAN_POINT('',(-0.995,-3.63,0.18));
#7724 = VECTOR('',#7725,1.);
#7725 = DIRECTION('',(0.,1.,0.));
#7726 = PLANE('',#7727);
#7727 = AXIS2_PLACEMENT_3D('',#7728,#7729,#7730);
#7728 = CARTESIAN_POINT('',(-0.995,-3.63,0.));
#7729 = DIRECTION('',(1.,0.,0.));
#7730 = DIRECTION('',(0.,0.,1.));
#7731 = ADVANCED_FACE('',(#7732),#7748,.F.);
#7732 = FACE_BOUND('',#7733,.F.);
#7733 = EDGE_LOOP('',(#7734,#7740,#7741,#7747));
#7734 = ORIENTED_EDGE('',*,*,#7735,.F.);
#7735 = EDGE_CURVE('',#7656,#7696,#7736,.T.);
#7736 = LINE('',#7737,#7738);
#7737 = CARTESIAN_POINT('',(-1.295,-3.63,0.));
#7738 = VECTOR('',#7739,1.);
#7739 = DIRECTION('',(1.,0.,0.));
#7740 = ORIENTED_EDGE('',*,*,#7655,.T.);
#7741 = ORIENTED_EDGE('',*,*,#7742,.T.);
#7742 = EDGE_CURVE('',#7658,#7698,#7743,.T.);
#7743 = LINE('',#7744,#7745);
#7744 = CARTESIAN_POINT('',(-1.295,-3.63,0.18));
#7745 = VECTOR('',#7746,1.);
#7746 = DIRECTION('',(1.,0.,0.));
#7747 = ORIENTED_EDGE('',*,*,#7695,.F.);
#7748 = PLANE('',#7749);
#7749 = AXIS2_PLACEMENT_3D('',#7750,#7751,#7752);
#7750 = CARTESIAN_POINT('',(-1.295,-3.63,0.));
#7751 = DIRECTION('',(0.,1.,0.));
#7752 = DIRECTION('',(0.,0.,1.));
#7753 = ADVANCED_FACE('',(#7754),#7770,.T.);
#7754 = FACE_BOUND('',#7755,.T.);
#7755 = EDGE_LOOP('',(#7756,#7762,#7763,#7769));
#7756 = ORIENTED_EDGE('',*,*,#7757,.F.);
#7757 = EDGE_CURVE('',#7666,#7706,#7758,.T.);
#7758 = LINE('',#7759,#7760);
#7759 = CARTESIAN_POINT('',(-1.295,-3.03,0.));
#7760 = VECTOR('',#7761,1.);
#7761 = DIRECTION('',(1.,0.,0.));
#7762 = ORIENTED_EDGE('',*,*,#7673,.T.);
#7763 = ORIENTED_EDGE('',*,*,#7764,.T.);
#7764 = EDGE_CURVE('',#7674,#7714,#7765,.T.);
#7765 = LINE('',#7766,#7767);
#7766 = CARTESIAN_POINT('',(-1.295,-3.03,0.18));
#7767 = VECTOR('',#7768,1.);
#7768 = DIRECTION('',(1.,0.,0.));
#7769 = ORIENTED_EDGE('',*,*,#7713,.F.);
#7770 = PLANE('',#7771);
#7771 = AXIS2_PLACEMENT_3D('',#7772,#7773,#7774);
#7772 = CARTESIAN_POINT('',(-1.295,-3.03,0.));
#7773 = DIRECTION('',(0.,1.,0.));
#7774 = DIRECTION('',(0.,0.,1.));
#7775 = ADVANCED_FACE('',(#7776),#7782,.F.);
#7776 = FACE_BOUND('',#7777,.F.);
#7777 = EDGE_LOOP('',(#7778,#7779,#7780,#7781));
#7778 = ORIENTED_EDGE('',*,*,#7665,.F.);
#7779 = ORIENTED_EDGE('',*,*,#7735,.T.);
#7780 = ORIENTED_EDGE('',*,*,#7705,.T.);
#7781 = ORIENTED_EDGE('',*,*,#7757,.F.);
#7782 = PLANE('',#7783);
#7783 = AXIS2_PLACEMENT_3D('',#7784,#7785,#7786);
#7784 = CARTESIAN_POINT('',(-1.295,-3.63,0.));
#7785 = DIRECTION('',(0.,0.,1.));
#7786 = DIRECTION('',(1.,0.,0.));
#7787 = ADVANCED_FACE('',(#7788),#7794,.T.);
#7788 = FACE_BOUND('',#7789,.T.);
#7789 = EDGE_LOOP('',(#7790,#7791,#7792,#7793));
#7790 = ORIENTED_EDGE('',*,*,#7681,.F.);
#7791 = ORIENTED_EDGE('',*,*,#7742,.T.);
#7792 = ORIENTED_EDGE('',*,*,#7721,.T.);
#7793 = ORIENTED_EDGE('',*,*,#7764,.F.);
#7794 = PLANE('',#7795);
#7795 = AXIS2_PLACEMENT_3D('',#7796,#7797,#7798);
#7796 = CARTESIAN_POINT('',(-1.295,-3.63,0.18));
#7797 = DIRECTION('',(0.,0.,1.));
#7798 = DIRECTION('',(1.,0.,0.));
#7799 = MANIFOLD_SOLID_BREP('',#7800);
#7800 = CLOSED_SHELL('',(#7801,#7841,#7881,#7903,#7925,#7937));
#7801 = ADVANCED_FACE('',(#7802),#7836,.F.);
#7802 = FACE_BOUND('',#7803,.F.);
#7803 = EDGE_LOOP('',(#7804,#7814,#7822,#7830));
#7804 = ORIENTED_EDGE('',*,*,#7805,.F.);
#7805 = EDGE_CURVE('',#7806,#7808,#7810,.T.);
#7806 = VERTEX_POINT('',#7807);
#7807 = CARTESIAN_POINT('',(0.995,-3.63,0.));
#7808 = VERTEX_POINT('',#7809);
#7809 = CARTESIAN_POINT('',(0.995,-3.63,0.18));
#7810 = LINE('',#7811,#7812);
#7811 = CARTESIAN_POINT('',(0.995,-3.63,0.));
#7812 = VECTOR('',#7813,1.);
#7813 = DIRECTION('',(0.,0.,1.));
#7814 = ORIENTED_EDGE('',*,*,#7815,.T.);
#7815 = EDGE_CURVE('',#7806,#7816,#7818,.T.);
#7816 = VERTEX_POINT('',#7817);
#7817 = CARTESIAN_POINT('',(0.995,-3.03,0.));
#7818 = LINE('',#7819,#7820);
#7819 = CARTESIAN_POINT('',(0.995,-3.63,0.));
#7820 = VECTOR('',#7821,1.);
#7821 = DIRECTION('',(0.,1.,0.));
#7822 = ORIENTED_EDGE('',*,*,#7823,.T.);
#7823 = EDGE_CURVE('',#7816,#7824,#7826,.T.);
#7824 = VERTEX_POINT('',#7825);
#7825 = CARTESIAN_POINT('',(0.995,-3.03,0.18));
#7826 = LINE('',#7827,#7828);
#7827 = CARTESIAN_POINT('',(0.995,-3.03,0.));
#7828 = VECTOR('',#7829,1.);
#7829 = DIRECTION('',(0.,0.,1.));
#7830 = ORIENTED_EDGE('',*,*,#7831,.F.);
#7831 = EDGE_CURVE('',#7808,#7824,#7832,.T.);
#7832 = LINE('',#7833,#7834);
#7833 = CARTESIAN_POINT('',(0.995,-3.63,0.18));
#7834 = VECTOR('',#7835,1.);
#7835 = DIRECTION('',(0.,1.,0.));
#7836 = PLANE('',#7837);
#7837 = AXIS2_PLACEMENT_3D('',#7838,#7839,#7840);
#7838 = CARTESIAN_POINT('',(0.995,-3.63,0.));
#7839 = DIRECTION('',(1.,0.,0.));
#7840 = DIRECTION('',(0.,0.,1.));
#7841 = ADVANCED_FACE('',(#7842),#7876,.T.);
#7842 = FACE_BOUND('',#7843,.T.);
#7843 = EDGE_LOOP('',(#7844,#7854,#7862,#7870));
#7844 = ORIENTED_EDGE('',*,*,#7845,.F.);
#7845 = EDGE_CURVE('',#7846,#7848,#7850,.T.);
#7846 = VERTEX_POINT('',#7847);
#7847 = CARTESIAN_POINT('',(1.295,-3.63,0.));
#7848 = VERTEX_POINT('',#7849);
#7849 = CARTESIAN_POINT('',(1.295,-3.63,0.18));
#7850 = LINE('',#7851,#7852);
#7851 = CARTESIAN_POINT('',(1.295,-3.63,0.));
#7852 = VECTOR('',#7853,1.);
#7853 = DIRECTION('',(0.,0.,1.));
#7854 = ORIENTED_EDGE('',*,*,#7855,.T.);
#7855 = EDGE_CURVE('',#7846,#7856,#7858,.T.);
#7856 = VERTEX_POINT('',#7857);
#7857 = CARTESIAN_POINT('',(1.295,-3.03,0.));
#7858 = LINE('',#7859,#7860);
#7859 = CARTESIAN_POINT('',(1.295,-3.63,0.));
#7860 = VECTOR('',#7861,1.);
#7861 = DIRECTION('',(0.,1.,0.));
#7862 = ORIENTED_EDGE('',*,*,#7863,.T.);
#7863 = EDGE_CURVE('',#7856,#7864,#7866,.T.);
#7864 = VERTEX_POINT('',#7865);
#7865 = CARTESIAN_POINT('',(1.295,-3.03,0.18));
#7866 = LINE('',#7867,#7868);
#7867 = CARTESIAN_POINT('',(1.295,-3.03,0.));
#7868 = VECTOR('',#7869,1.);
#7869 = DIRECTION('',(0.,0.,1.));
#7870 = ORIENTED_EDGE('',*,*,#7871,.F.);
#7871 = EDGE_CURVE('',#7848,#7864,#7872,.T.);
#7872 = LINE('',#7873,#7874);
#7873 = CARTESIAN_POINT('',(1.295,-3.63,0.18));
#7874 = VECTOR('',#7875,1.);
#7875 = DIRECTION('',(0.,1.,0.));
#7876 = PLANE('',#7877);
#7877 = AXIS2_PLACEMENT_3D('',#7878,#7879,#7880);
#7878 = CARTESIAN_POINT('',(1.295,-3.63,0.));
#7879 = DIRECTION('',(1.,0.,0.));
#7880 = DIRECTION('',(0.,0.,1.));
#7881 = ADVANCED_FACE('',(#7882),#7898,.F.);
#7882 = FACE_BOUND('',#7883,.F.);
#7883 = EDGE_LOOP('',(#7884,#7890,#7891,#7897));
#7884 = ORIENTED_EDGE('',*,*,#7885,.F.);
#7885 = EDGE_CURVE('',#7806,#7846,#7886,.T.);
#7886 = LINE('',#7887,#7888);
#7887 = CARTESIAN_POINT('',(0.995,-3.63,0.));
#7888 = VECTOR('',#7889,1.);
#7889 = DIRECTION('',(1.,0.,0.));
#7890 = ORIENTED_EDGE('',*,*,#7805,.T.);
#7891 = ORIENTED_EDGE('',*,*,#7892,.T.);
#7892 = EDGE_CURVE('',#7808,#7848,#7893,.T.);
#7893 = LINE('',#7894,#7895);
#7894 = CARTESIAN_POINT('',(0.995,-3.63,0.18));
#7895 = VECTOR('',#7896,1.);
#7896 = DIRECTION('',(1.,0.,0.));
#7897 = ORIENTED_EDGE('',*,*,#7845,.F.);
#7898 = PLANE('',#7899);
#7899 = AXIS2_PLACEMENT_3D('',#7900,#7901,#7902);
#7900 = CARTESIAN_POINT('',(0.995,-3.63,0.));
#7901 = DIRECTION('',(0.,1.,0.));
#7902 = DIRECTION('',(0.,0.,1.));
#7903 = ADVANCED_FACE('',(#7904),#7920,.T.);
#7904 = FACE_BOUND('',#7905,.T.);
#7905 = EDGE_LOOP('',(#7906,#7912,#7913,#7919));
#7906 = ORIENTED_EDGE('',*,*,#7907,.F.);
#7907 = EDGE_CURVE('',#7816,#7856,#7908,.T.);
#7908 = LINE('',#7909,#7910);
#7909 = CARTESIAN_POINT('',(0.995,-3.03,0.));
#7910 = VECTOR('',#7911,1.);
#7911 = DIRECTION('',(1.,0.,0.));
#7912 = ORIENTED_EDGE('',*,*,#7823,.T.);
#7913 = ORIENTED_EDGE('',*,*,#7914,.T.);
#7914 = EDGE_CURVE('',#7824,#7864,#7915,.T.);
#7915 = LINE('',#7916,#7917);
#7916 = CARTESIAN_POINT('',(0.995,-3.03,0.18));
#7917 = VECTOR('',#7918,1.);
#7918 = DIRECTION('',(1.,0.,0.));
#7919 = ORIENTED_EDGE('',*,*,#7863,.F.);
#7920 = PLANE('',#7921);
#7921 = AXIS2_PLACEMENT_3D('',#7922,#7923,#7924);
#7922 = CARTESIAN_POINT('',(0.995,-3.03,0.));
#7923 = DIRECTION('',(0.,1.,0.));
#7924 = DIRECTION('',(0.,0.,1.));
#7925 = ADVANCED_FACE('',(#7926),#7932,.F.);
#7926 = FACE_BOUND('',#7927,.F.);
#7927 = EDGE_LOOP('',(#7928,#7929,#7930,#7931));
#7928 = ORIENTED_EDGE('',*,*,#7815,.F.);
#7929 = ORIENTED_EDGE('',*,*,#7885,.T.);
#7930 = ORIENTED_EDGE('',*,*,#7855,.T.);
#7931 = ORIENTED_EDGE('',*,*,#7907,.F.);
#7932 = PLANE('',#7933);
#7933 = AXIS2_PLACEMENT_3D('',#7934,#7935,#7936);
#7934 = CARTESIAN_POINT('',(0.995,-3.63,0.));
#7935 = DIRECTION('',(0.,0.,1.));
#7936 = DIRECTION('',(1.,0.,0.));
#7937 = ADVANCED_FACE('',(#7938),#7944,.T.);
#7938 = FACE_BOUND('',#7939,.T.);
#7939 = EDGE_LOOP('',(#7940,#7941,#7942,#7943));
#7940 = ORIENTED_EDGE('',*,*,#7831,.F.);
#7941 = ORIENTED_EDGE('',*,*,#7892,.T.);
#7942 = ORIENTED_EDGE('',*,*,#7871,.T.);
#7943 = ORIENTED_EDGE('',*,*,#7914,.F.);
#7944 = PLANE('',#7945);
#7945 = AXIS2_PLACEMENT_3D('',#7946,#7947,#7948);
#7946 = CARTESIAN_POINT('',(0.995,-3.63,0.18));
#7947 = DIRECTION('',(0.,0.,1.));
#7948 = DIRECTION('',(1.,0.,0.));
#7949 = MANIFOLD_SOLID_BREP('',#7950);
#7950 = CLOSED_SHELL('',(#7951,#7991,#8031,#8053,#8075,#8087));
#7951 = ADVANCED_FACE('',(#7952),#7986,.F.);
#7952 = FACE_BOUND('',#7953,.F.);
#7953 = EDGE_LOOP('',(#7954,#7964,#7972,#7980));
#7954 = ORIENTED_EDGE('',*,*,#7955,.F.);
#7955 = EDGE_CURVE('',#7956,#7958,#7960,.T.);
#7956 = VERTEX_POINT('',#7957);
#7957 = CARTESIAN_POINT('',(-1.295,3.03,0.));
#7958 = VERTEX_POINT('',#7959);
#7959 = CARTESIAN_POINT('',(-1.295,3.03,0.18));
#7960 = LINE('',#7961,#7962);
#7961 = CARTESIAN_POINT('',(-1.295,3.03,0.));
#7962 = VECTOR('',#7963,1.);
#7963 = DIRECTION('',(0.,0.,1.));
#7964 = ORIENTED_EDGE('',*,*,#7965,.T.);
#7965 = EDGE_CURVE('',#7956,#7966,#7968,.T.);
#7966 = VERTEX_POINT('',#7967);
#7967 = CARTESIAN_POINT('',(-1.295,3.63,0.));
#7968 = LINE('',#7969,#7970);
#7969 = CARTESIAN_POINT('',(-1.295,3.03,0.));
#7970 = VECTOR('',#7971,1.);
#7971 = DIRECTION('',(0.,1.,0.));
#7972 = ORIENTED_EDGE('',*,*,#7973,.T.);
#7973 = EDGE_CURVE('',#7966,#7974,#7976,.T.);
#7974 = VERTEX_POINT('',#7975);
#7975 = CARTESIAN_POINT('',(-1.295,3.63,0.18));
#7976 = LINE('',#7977,#7978);
#7977 = CARTESIAN_POINT('',(-1.295,3.63,0.));
#7978 = VECTOR('',#7979,1.);
#7979 = DIRECTION('',(0.,0.,1.));
#7980 = ORIENTED_EDGE('',*,*,#7981,.F.);
#7981 = EDGE_CURVE('',#7958,#7974,#7982,.T.);
#7982 = LINE('',#7983,#7984);
#7983 = CARTESIAN_POINT('',(-1.295,3.03,0.18));
#7984 = VECTOR('',#7985,1.);
#7985 = DIRECTION('',(0.,1.,0.));
#7986 = PLANE('',#7987);
#7987 = AXIS2_PLACEMENT_3D('',#7988,#7989,#7990);
#7988 = CARTESIAN_POINT('',(-1.295,3.03,0.));
#7989 = DIRECTION('',(1.,0.,0.));
#7990 = DIRECTION('',(0.,0.,1.));
#7991 = ADVANCED_FACE('',(#7992),#8026,.T.);
#7992 = FACE_BOUND('',#7993,.T.);
#7993 = EDGE_LOOP('',(#7994,#8004,#8012,#8020));
#7994 = ORIENTED_EDGE('',*,*,#7995,.F.);
#7995 = EDGE_CURVE('',#7996,#7998,#8000,.T.);
#7996 = VERTEX_POINT('',#7997);
#7997 = CARTESIAN_POINT('',(-0.995,3.03,0.));
#7998 = VERTEX_POINT('',#7999);
#7999 = CARTESIAN_POINT('',(-0.995,3.03,0.18));
#8000 = LINE('',#8001,#8002);
#8001 = CARTESIAN_POINT('',(-0.995,3.03,0.));
#8002 = VECTOR('',#8003,1.);
#8003 = DIRECTION('',(0.,0.,1.));
#8004 = ORIENTED_EDGE('',*,*,#8005,.T.);
#8005 = EDGE_CURVE('',#7996,#8006,#8008,.T.);
#8006 = VERTEX_POINT('',#8007);
#8007 = CARTESIAN_POINT('',(-0.995,3.63,0.));
#8008 = LINE('',#8009,#8010);
#8009 = CARTESIAN_POINT('',(-0.995,3.03,0.));
#8010 = VECTOR('',#8011,1.);
#8011 = DIRECTION('',(0.,1.,0.));
#8012 = ORIENTED_EDGE('',*,*,#8013,.T.);
#8013 = EDGE_CURVE('',#8006,#8014,#8016,.T.);
#8014 = VERTEX_POINT('',#8015);
#8015 = CARTESIAN_POINT('',(-0.995,3.63,0.18));
#8016 = LINE('',#8017,#8018);
#8017 = CARTESIAN_POINT('',(-0.995,3.63,0.));
#8018 = VECTOR('',#8019,1.);
#8019 = DIRECTION('',(0.,0.,1.));
#8020 = ORIENTED_EDGE('',*,*,#8021,.F.);
#8021 = EDGE_CURVE('',#7998,#8014,#8022,.T.);
#8022 = LINE('',#8023,#8024);
#8023 = CARTESIAN_POINT('',(-0.995,3.03,0.18));
#8024 = VECTOR('',#8025,1.);
#8025 = DIRECTION('',(0.,1.,0.));
#8026 = PLANE('',#8027);
#8027 = AXIS2_PLACEMENT_3D('',#8028,#8029,#8030);
#8028 = CARTESIAN_POINT('',(-0.995,3.03,0.));
#8029 = DIRECTION('',(1.,0.,0.));
#8030 = DIRECTION('',(0.,0.,1.));
#8031 = ADVANCED_FACE('',(#8032),#8048,.F.);
#8032 = FACE_BOUND('',#8033,.F.);
#8033 = EDGE_LOOP('',(#8034,#8040,#8041,#8047));
#8034 = ORIENTED_EDGE('',*,*,#8035,.F.);
#8035 = EDGE_CURVE('',#7956,#7996,#8036,.T.);
#8036 = LINE('',#8037,#8038);
#8037 = CARTESIAN_POINT('',(-1.295,3.03,0.));
#8038 = VECTOR('',#8039,1.);
#8039 = DIRECTION('',(1.,0.,0.));
#8040 = ORIENTED_EDGE('',*,*,#7955,.T.);
#8041 = ORIENTED_EDGE('',*,*,#8042,.T.);
#8042 = EDGE_CURVE('',#7958,#7998,#8043,.T.);
#8043 = LINE('',#8044,#8045);
#8044 = CARTESIAN_POINT('',(-1.295,3.03,0.18));
#8045 = VECTOR('',#8046,1.);
#8046 = DIRECTION('',(1.,0.,0.));
#8047 = ORIENTED_EDGE('',*,*,#7995,.F.);
#8048 = PLANE('',#8049);
#8049 = AXIS2_PLACEMENT_3D('',#8050,#8051,#8052);
#8050 = CARTESIAN_POINT('',(-1.295,3.03,0.));
#8051 = DIRECTION('',(0.,1.,0.));
#8052 = DIRECTION('',(0.,0.,1.));
#8053 = ADVANCED_FACE('',(#8054),#8070,.T.);
#8054 = FACE_BOUND('',#8055,.T.);
#8055 = EDGE_LOOP('',(#8056,#8062,#8063,#8069));
#8056 = ORIENTED_EDGE('',*,*,#8057,.F.);
#8057 = EDGE_CURVE('',#7966,#8006,#8058,.T.);
#8058 = LINE('',#8059,#8060);
#8059 = CARTESIAN_POINT('',(-1.295,3.63,0.));
#8060 = VECTOR('',#8061,1.);
#8061 = DIRECTION('',(1.,0.,0.));
#8062 = ORIENTED_EDGE('',*,*,#7973,.T.);
#8063 = ORIENTED_EDGE('',*,*,#8064,.T.);
#8064 = EDGE_CURVE('',#7974,#8014,#8065,.T.);
#8065 = LINE('',#8066,#8067);
#8066 = CARTESIAN_POINT('',(-1.295,3.63,0.18));
#8067 = VECTOR('',#8068,1.);
#8068 = DIRECTION('',(1.,0.,0.));
#8069 = ORIENTED_EDGE('',*,*,#8013,.F.);
#8070 = PLANE('',#8071);
#8071 = AXIS2_PLACEMENT_3D('',#8072,#8073,#8074);
#8072 = CARTESIAN_POINT('',(-1.295,3.63,0.));
#8073 = DIRECTION('',(0.,1.,0.));
#8074 = DIRECTION('',(0.,0.,1.));
#8075 = ADVANCED_FACE('',(#8076),#8082,.F.);
#8076 = FACE_BOUND('',#8077,.F.);
#8077 = EDGE_LOOP('',(#8078,#8079,#8080,#8081));
#8078 = ORIENTED_EDGE('',*,*,#7965,.F.);
#8079 = ORIENTED_EDGE('',*,*,#8035,.T.);
#8080 = ORIENTED_EDGE('',*,*,#8005,.T.);
#8081 = ORIENTED_EDGE('',*,*,#8057,.F.);
#8082 = PLANE('',#8083);
#8083 = AXIS2_PLACEMENT_3D('',#8084,#8085,#8086);
#8084 = CARTESIAN_POINT('',(-1.295,3.03,0.));
#8085 = DIRECTION('',(0.,0.,1.));
#8086 = DIRECTION('',(1.,0.,0.));
#8087 = ADVANCED_FACE('',(#8088),#8094,.T.);
#8088 = FACE_BOUND('',#8089,.T.);
#8089 = EDGE_LOOP('',(#8090,#8091,#8092,#8093));
#8090 = ORIENTED_EDGE('',*,*,#7981,.F.);
#8091 = ORIENTED_EDGE('',*,*,#8042,.T.);
#8092 = ORIENTED_EDGE('',*,*,#8021,.T.);
#8093 = ORIENTED_EDGE('',*,*,#8064,.F.);
#8094 = PLANE('',#8095);
#8095 = AXIS2_PLACEMENT_3D('',#8096,#8097,#8098);
#8096 = CARTESIAN_POINT('',(-1.295,3.03,0.18));
#8097 = DIRECTION('',(0.,0.,1.));
#8098 = DIRECTION('',(1.,0.,0.));
#8099 = MANIFOLD_SOLID_BREP('',#8100);
#8100 = CLOSED_SHELL('',(#8101,#8141,#8181,#8203,#8225,#8237));
#8101 = ADVANCED_FACE('',(#8102),#8136,.F.);
#8102 = FACE_BOUND('',#8103,.F.);
#8103 = EDGE_LOOP('',(#8104,#8114,#8122,#8130));
#8104 = ORIENTED_EDGE('',*,*,#8105,.F.);
#8105 = EDGE_CURVE('',#8106,#8108,#8110,.T.);
#8106 = VERTEX_POINT('',#8107);
#8107 = CARTESIAN_POINT('',(0.995,3.03,0.));
#8108 = VERTEX_POINT('',#8109);
#8109 = CARTESIAN_POINT('',(0.995,3.03,0.18));
#8110 = LINE('',#8111,#8112);
#8111 = CARTESIAN_POINT('',(0.995,3.03,0.));
#8112 = VECTOR('',#8113,1.);
#8113 = DIRECTION('',(0.,0.,1.));
#8114 = ORIENTED_EDGE('',*,*,#8115,.T.);
#8115 = EDGE_CURVE('',#8106,#8116,#8118,.T.);
#8116 = VERTEX_POINT('',#8117);
#8117 = CARTESIAN_POINT('',(0.995,3.63,0.));
#8118 = LINE('',#8119,#8120);
#8119 = CARTESIAN_POINT('',(0.995,3.03,0.));
#8120 = VECTOR('',#8121,1.);
#8121 = DIRECTION('',(0.,1.,0.));
#8122 = ORIENTED_EDGE('',*,*,#8123,.T.);
#8123 = EDGE_CURVE('',#8116,#8124,#8126,.T.);
#8124 = VERTEX_POINT('',#8125);
#8125 = CARTESIAN_POINT('',(0.995,3.63,0.18));
#8126 = LINE('',#8127,#8128);
#8127 = CARTESIAN_POINT('',(0.995,3.63,0.));
#8128 = VECTOR('',#8129,1.);
#8129 = DIRECTION('',(0.,0.,1.));
#8130 = ORIENTED_EDGE('',*,*,#8131,.F.);
#8131 = EDGE_CURVE('',#8108,#8124,#8132,.T.);
#8132 = LINE('',#8133,#8134);
#8133 = CARTESIAN_POINT('',(0.995,3.03,0.18));
#8134 = VECTOR('',#8135,1.);
#8135 = DIRECTION('',(0.,1.,0.));
#8136 = PLANE('',#8137);
#8137 = AXIS2_PLACEMENT_3D('',#8138,#8139,#8140);
#8138 = CARTESIAN_POINT('',(0.995,3.03,0.));
#8139 = DIRECTION('',(1.,0.,0.));
#8140 = DIRECTION('',(0.,0.,1.));
#8141 = ADVANCED_FACE('',(#8142),#8176,.T.);
#8142 = FACE_BOUND('',#8143,.T.);
#8143 = EDGE_LOOP('',(#8144,#8154,#8162,#8170));
#8144 = ORIENTED_EDGE('',*,*,#8145,.F.);
#8145 = EDGE_CURVE('',#8146,#8148,#8150,.T.);
#8146 = VERTEX_POINT('',#8147);
#8147 = CARTESIAN_POINT('',(1.295,3.03,0.));
#8148 = VERTEX_POINT('',#8149);
#8149 = CARTESIAN_POINT('',(1.295,3.03,0.18));
#8150 = LINE('',#8151,#8152);
#8151 = CARTESIAN_POINT('',(1.295,3.03,0.));
#8152 = VECTOR('',#8153,1.);
#8153 = DIRECTION('',(0.,0.,1.));
#8154 = ORIENTED_EDGE('',*,*,#8155,.T.);
#8155 = EDGE_CURVE('',#8146,#8156,#8158,.T.);
#8156 = VERTEX_POINT('',#8157);
#8157 = CARTESIAN_POINT('',(1.295,3.63,0.));
#8158 = LINE('',#8159,#8160);
#8159 = CARTESIAN_POINT('',(1.295,3.03,0.));
#8160 = VECTOR('',#8161,1.);
#8161 = DIRECTION('',(0.,1.,0.));
#8162 = ORIENTED_EDGE('',*,*,#8163,.T.);
#8163 = EDGE_CURVE('',#8156,#8164,#8166,.T.);
#8164 = VERTEX_POINT('',#8165);
#8165 = CARTESIAN_POINT('',(1.295,3.63,0.18));
#8166 = LINE('',#8167,#8168);
#8167 = CARTESIAN_POINT('',(1.295,3.63,0.));
#8168 = VECTOR('',#8169,1.);
#8169 = DIRECTION('',(0.,0.,1.));
#8170 = ORIENTED_EDGE('',*,*,#8171,.F.);
#8171 = EDGE_CURVE('',#8148,#8164,#8172,.T.);
#8172 = LINE('',#8173,#8174);
#8173 = CARTESIAN_POINT('',(1.295,3.03,0.18));
#8174 = VECTOR('',#8175,1.);
#8175 = DIRECTION('',(0.,1.,0.));
#8176 = PLANE('',#8177);
#8177 = AXIS2_PLACEMENT_3D('',#8178,#8179,#8180);
#8178 = CARTESIAN_POINT('',(1.295,3.03,0.));
#8179 = DIRECTION('',(1.,0.,0.));
#8180 = DIRECTION('',(0.,0.,1.));
#8181 = ADVANCED_FACE('',(#8182),#8198,.F.);
#8182 = FACE_BOUND('',#8183,.F.);
#8183 = EDGE_LOOP('',(#8184,#8190,#8191,#8197));
#8184 = ORIENTED_EDGE('',*,*,#8185,.F.);
#8185 = EDGE_CURVE('',#8106,#8146,#8186,.T.);
#8186 = LINE('',#8187,#8188);
#8187 = CARTESIAN_POINT('',(0.995,3.03,0.));
#8188 = VECTOR('',#8189,1.);
#8189 = DIRECTION('',(1.,0.,0.));
#8190 = ORIENTED_EDGE('',*,*,#8105,.T.);
#8191 = ORIENTED_EDGE('',*,*,#8192,.T.);
#8192 = EDGE_CURVE('',#8108,#8148,#8193,.T.);
#8193 = LINE('',#8194,#8195);
#8194 = CARTESIAN_POINT('',(0.995,3.03,0.18));
#8195 = VECTOR('',#8196,1.);
#8196 = DIRECTION('',(1.,0.,0.));
#8197 = ORIENTED_EDGE('',*,*,#8145,.F.);
#8198 = PLANE('',#8199);
#8199 = AXIS2_PLACEMENT_3D('',#8200,#8201,#8202);
#8200 = CARTESIAN_POINT('',(0.995,3.03,0.));
#8201 = DIRECTION('',(0.,1.,0.));
#8202 = DIRECTION('',(0.,0.,1.));
#8203 = ADVANCED_FACE('',(#8204),#8220,.T.);
#8204 = FACE_BOUND('',#8205,.T.);
#8205 = EDGE_LOOP('',(#8206,#8212,#8213,#8219));
#8206 = ORIENTED_EDGE('',*,*,#8207,.F.);
#8207 = EDGE_CURVE('',#8116,#8156,#8208,.T.);
#8208 = LINE('',#8209,#8210);
#8209 = CARTESIAN_POINT('',(0.995,3.63,0.));
#8210 = VECTOR('',#8211,1.);
#8211 = DIRECTION('',(1.,0.,0.));
#8212 = ORIENTED_EDGE('',*,*,#8123,.T.);
#8213 = ORIENTED_EDGE('',*,*,#8214,.T.);
#8214 = EDGE_CURVE('',#8124,#8164,#8215,.T.);
#8215 = LINE('',#8216,#8217);
#8216 = CARTESIAN_POINT('',(0.995,3.63,0.18));
#8217 = VECTOR('',#8218,1.);
#8218 = DIRECTION('',(1.,0.,0.));
#8219 = ORIENTED_EDGE('',*,*,#8163,.F.);
#8220 = PLANE('',#8221);
#8221 = AXIS2_PLACEMENT_3D('',#8222,#8223,#8224);
#8222 = CARTESIAN_POINT('',(0.995,3.63,0.));
#8223 = DIRECTION('',(0.,1.,0.));
#8224 = DIRECTION('',(0.,0.,1.));
#8225 = ADVANCED_FACE('',(#8226),#8232,.F.);
#8226 = FACE_BOUND('',#8227,.F.);
#8227 = EDGE_LOOP('',(#8228,#8229,#8230,#8231));
#8228 = ORIENTED_EDGE('',*,*,#8115,.F.);
#8229 = ORIENTED_EDGE('',*,*,#8185,.T.);
#8230 = ORIENTED_EDGE('',*,*,#8155,.T.);
#8231 = ORIENTED_EDGE('',*,*,#8207,.F.);
#8232 = PLANE('',#8233);
#8233 = AXIS2_PLACEMENT_3D('',#8234,#8235,#8236);
#8234 = CARTESIAN_POINT('',(0.995,3.03,0.));
#8235 = DIRECTION('',(0.,0.,1.));
#8236 = DIRECTION('',(1.,0.,0.));
#8237 = ADVANCED_FACE('',(#8238),#8244,.T.);
#8238 = FACE_BOUND('',#8239,.T.);
#8239 = EDGE_LOOP('',(#8240,#8241,#8242,#8243));
#8240 = ORIENTED_EDGE('',*,*,#8131,.F.);
#8241 = ORIENTED_EDGE('',*,*,#8192,.T.);
#8242 = ORIENTED_EDGE('',*,*,#8171,.T.);
#8243 = ORIENTED_EDGE('',*,*,#8214,.F.);
#8244 = PLANE('',#8245);
#8245 = AXIS2_PLACEMENT_3D('',#8246,#8247,#8248);
#8246 = CARTESIAN_POINT('',(0.995,3.03,0.18));
#8247 = DIRECTION('',(0.,0.,1.));
#8248 = DIRECTION('',(1.,0.,0.));
#8249 = ( GEOMETRIC_REPRESENTATION_CONTEXT(3) 
GLOBAL_UNCERTAINTY_ASSIGNED_CONTEXT((#8253)) 
GLOBAL_UNIT_ASSIGNED_CONTEXT((#8250,#8251,#8252)) REPRESENTATION_CONTEXT
('Context #1','3D Context with UNIT and UNCERTAINTY') );
#8250 = ( LENGTH_UNIT() NAMED_UNIT(*) SI_UNIT(.MILLI.,.METRE.) );
#8251 = ( NAMED_UNIT(*) PLANE_ANGLE_UNIT() SI_UNIT($,.RADIAN.) );
#8252 = ( NAMED_UNIT(*) SI_UNIT($,.STERADIAN.) SOLID_ANGLE_UNIT() );
#8253 = UNCERTAINTY_MEASURE_WITH_UNIT(LENGTH_MEASURE(1.E-07),#8250,
  'distance_accuracy_value','confusion accuracy');
#8254 = PRODUCT_RELATED_PRODUCT_CATEGORY('part',$,(#7));
ENDSEC;
END-ISO-10303-21;
