ISO-10303-21;
HEADER;
FILE_DESCRIPTION(('FreeCAD Model'),'2;1');
FILE_NAME('Open CASCADE Shape Model','2026-09-21T12:22:00',('Author'),(
    ''),'Open CASCADE STEP processor 7.8','FreeCAD','Unknown');
FILE_SCHEMA(('AUTOMOTIVE_DESIGN { 1 0 10303 214 1 1 1 1 }'));
ENDSEC;
DATA;
#1 = APPLICATION_PROTOCOL_DEFINITION('international standard',
  'automotive_design',2000,#2);
#2 = APPLICATION_CONTEXT(
  'core data for automotive mechanical design processes');
#3 = SHAPE_DEFINITION_REPRESENTATION(#4,#10);
#4 = PRODUCT_DEFINITION_SHAPE('','',#5);
#5 = PRODUCT_DEFINITION('design','',#6,#9);
#6 = PRODUCT_DEFINITION_FORMATION('','',#7);
#7 = PRODUCT('ModelBuild','ModelBuild','',(#8));
#8 = PRODUCT_CONTEXT('',#2,'mechanical');
#9 = PRODUCT_DEFINITION_CONTEXT('part definition',#2,'design');
#10 = SHAPE_REPRESENTATION('',(#11,#15,#19,#23),#27);
#11 = AXIS2_PLACEMENT_3D('',#12,#13,#14);
#12 = CARTESIAN_POINT('',(0.,0.,0.));
#13 = DIRECTION('',(0.,0.,1.));
#14 = DIRECTION('',(1.,0.,-0.));
#15 = AXIS2_PLACEMENT_3D('',#16,#17,#18);
#16 = CARTESIAN_POINT('',(0.,0.,0.));
#17 = DIRECTION('',(0.,0.,1.));
#18 = DIRECTION('',(1.,0.,0.));
#19 = AXIS2_PLACEMENT_3D('',#20,#21,#22);
#20 = CARTESIAN_POINT('',(0.,0.,0.));
#21 = DIRECTION('',(0.,0.,1.));
#22 = DIRECTION('',(1.,0.,0.));
#23 = AXIS2_PLACEMENT_3D('',#24,#25,#26);
#24 = CARTESIAN_POINT('',(0.,0.,0.));
#25 = DIRECTION('',(0.,0.,1.));
#26 = DIRECTION('',(1.,0.,0.));
#27 = ( GEOMETRIC_REPRESENTATION_CONTEXT(3) 
GLOBAL_UNCERTAINTY_ASSIGNED_CONTEXT((#31)) GLOBAL_UNIT_ASSIGNED_CONTEXT(
(#28,#29,#30)) REPRESENTATION_CONTEXT('Context #1',
  '3D Context with UNIT and UNCERTAINTY') );
#28 = ( LENGTH_UNIT() NAMED_UNIT(*) SI_UNIT(.MILLI.,.METRE.) );
#29 = ( NAMED_UNIT(*) PLANE_ANGLE_UNIT() SI_UNIT($,.RADIAN.) );
#30 = ( NAMED_UNIT(*) SI_UNIT($,.STERADIAN.) SOLID_ANGLE_UNIT() );
#31 = UNCERTAINTY_MEASURE_WITH_UNIT(LENGTH_MEASURE(1.E-07),#28,
  'distance_accuracy_value','confusion accuracy');
#32 = PRODUCT_RELATED_PRODUCT_CATEGORY('part',$,(#7));
#33 = SHAPE_DEFINITION_REPRESENTATION(#34,#40);
#34 = PRODUCT_DEFINITION_SHAPE('','',#35);
#35 = PRODUCT_DEFINITION('design','',#36,#39);
#36 = PRODUCT_DEFINITION_FORMATION('','',#37);
#37 = PRODUCT('Insulator','Insulator','',(#38));
#38 = PRODUCT_CONTEXT('',#2,'mechanical');
#39 = PRODUCT_DEFINITION_CONTEXT('part definition',#2,'design');
#40 = ADVANCED_BREP_SHAPE_REPRESENTATION('',(#11,#41),#191);
#41 = MANIFOLD_SOLID_BREP('',#42);
#42 = CLOSED_SHELL('',(#43,#83,#123,#145,#167,#179));
#43 = ADVANCED_FACE('',(#44),#78,.F.);
#44 = FACE_BOUND('',#45,.F.);
#45 = EDGE_LOOP('',(#46,#56,#64,#72));
#46 = ORIENTED_EDGE('',*,*,#47,.F.);
#47 = EDGE_CURVE('',#48,#50,#52,.T.);
#48 = VERTEX_POINT('',#49);
#49 = CARTESIAN_POINT('',(-6.94,-9.4,0.));
#50 = VERTEX_POINT('',#51);
#51 = CARTESIAN_POINT('',(-6.94,-9.4,0.35));
#52 = LINE('',#53,#54);
#53 = CARTESIAN_POINT('',(-6.94,-9.4,0.));
#54 = VECTOR('',#55,1.);
#55 = DIRECTION('',(0.,0.,1.));
#56 = ORIENTED_EDGE('',*,*,#57,.T.);
#57 = EDGE_CURVE('',#48,#58,#60,.T.);
#58 = VERTEX_POINT('',#59);
#59 = CARTESIAN_POINT('',(-6.94,4.5,0.));
#60 = LINE('',#61,#62);
#61 = CARTESIAN_POINT('',(-6.94,-9.4,0.));
#62 = VECTOR('',#63,1.);
#63 = DIRECTION('',(-0.,1.,0.));
#64 = ORIENTED_EDGE('',*,*,#65,.T.);
#65 = EDGE_CURVE('',#58,#66,#68,.T.);
#66 = VERTEX_POINT('',#67);
#67 = CARTESIAN_POINT('',(-6.94,4.5,0.35));
#68 = LINE('',#69,#70);
#69 = CARTESIAN_POINT('',(-6.94,4.5,0.));
#70 = VECTOR('',#71,1.);
#71 = DIRECTION('',(0.,0.,1.));
#72 = ORIENTED_EDGE('',*,*,#73,.F.);
#73 = EDGE_CURVE('',#50,#66,#74,.T.);
#74 = LINE('',#75,#76);
#75 = CARTESIAN_POINT('',(-6.94,-9.4,0.35));
#76 = VECTOR('',#77,1.);
#77 = DIRECTION('',(-0.,1.,0.));
#78 = PLANE('',#79);
#79 = AXIS2_PLACEMENT_3D('',#80,#81,#82);
#80 = CARTESIAN_POINT('',(-6.94,-9.4,0.));
#81 = DIRECTION('',(1.,0.,-0.));
#82 = DIRECTION('',(0.,0.,1.));
#83 = ADVANCED_FACE('',(#84),#118,.T.);
#84 = FACE_BOUND('',#85,.T.);
#85 = EDGE_LOOP('',(#86,#96,#104,#112));
#86 = ORIENTED_EDGE('',*,*,#87,.F.);
#87 = EDGE_CURVE('',#88,#90,#92,.T.);
#88 = VERTEX_POINT('',#89);
#89 = CARTESIAN_POINT('',(7.7,-9.4,0.));
#90 = VERTEX_POINT('',#91);
#91 = CARTESIAN_POINT('',(7.7,-9.4,0.35));
#92 = LINE('',#93,#94);
#93 = CARTESIAN_POINT('',(7.7,-9.4,0.));
#94 = VECTOR('',#95,1.);
#95 = DIRECTION('',(0.,0.,1.));
#96 = ORIENTED_EDGE('',*,*,#97,.T.);
#97 = EDGE_CURVE('',#88,#98,#100,.T.);
#98 = VERTEX_POINT('',#99);
#99 = CARTESIAN_POINT('',(7.7,4.5,0.));
#100 = LINE('',#101,#102);
#101 = CARTESIAN_POINT('',(7.7,-9.4,0.));
#102 = VECTOR('',#103,1.);
#103 = DIRECTION('',(-0.,1.,0.));
#104 = ORIENTED_EDGE('',*,*,#105,.T.);
#105 = EDGE_CURVE('',#98,#106,#108,.T.);
#106 = VERTEX_POINT('',#107);
#107 = CARTESIAN_POINT('',(7.7,4.5,0.35));
#108 = LINE('',#109,#110);
#109 = CARTESIAN_POINT('',(7.7,4.5,0.));
#110 = VECTOR('',#111,1.);
#111 = DIRECTION('',(0.,0.,1.));
#112 = ORIENTED_EDGE('',*,*,#113,.F.);
#113 = EDGE_CURVE('',#90,#106,#114,.T.);
#114 = LINE('',#115,#116);
#115 = CARTESIAN_POINT('',(7.7,-9.4,0.35));
#116 = VECTOR('',#117,1.);
#117 = DIRECTION('',(-0.,1.,0.));
#118 = PLANE('',#119);
#119 = AXIS2_PLACEMENT_3D('',#120,#121,#122);
#120 = CARTESIAN_POINT('',(7.7,-9.4,0.));
#121 = DIRECTION('',(1.,0.,-0.));
#122 = DIRECTION('',(0.,0.,1.));
#123 = ADVANCED_FACE('',(#124),#140,.F.);
#124 = FACE_BOUND('',#125,.F.);
#125 = EDGE_LOOP('',(#126,#132,#133,#139));
#126 = ORIENTED_EDGE('',*,*,#127,.F.);
#127 = EDGE_CURVE('',#48,#88,#128,.T.);
#128 = LINE('',#129,#130);
#129 = CARTESIAN_POINT('',(-6.94,-9.4,0.));
#130 = VECTOR('',#131,1.);
#131 = DIRECTION('',(1.,0.,-0.));
#132 = ORIENTED_EDGE('',*,*,#47,.T.);
#133 = ORIENTED_EDGE('',*,*,#134,.T.);
#134 = EDGE_CURVE('',#50,#90,#135,.T.);
#135 = LINE('',#136,#137);
#136 = CARTESIAN_POINT('',(-6.94,-9.4,0.35));
#137 = VECTOR('',#138,1.);
#138 = DIRECTION('',(1.,0.,-0.));
#139 = ORIENTED_EDGE('',*,*,#87,.F.);
#140 = PLANE('',#141);
#141 = AXIS2_PLACEMENT_3D('',#142,#143,#144);
#142 = CARTESIAN_POINT('',(-6.94,-9.4,0.));
#143 = DIRECTION('',(-0.,1.,0.));
#144 = DIRECTION('',(0.,0.,1.));
#145 = ADVANCED_FACE('',(#146),#162,.T.);
#146 = FACE_BOUND('',#147,.T.);
#147 = EDGE_LOOP('',(#148,#154,#155,#161));
#148 = ORIENTED_EDGE('',*,*,#149,.F.);
#149 = EDGE_CURVE('',#58,#98,#150,.T.);
#150 = LINE('',#151,#152);
#151 = CARTESIAN_POINT('',(-6.94,4.5,0.));
#152 = VECTOR('',#153,1.);
#153 = DIRECTION('',(1.,0.,-0.));
#154 = ORIENTED_EDGE('',*,*,#65,.T.);
#155 = ORIENTED_EDGE('',*,*,#156,.T.);
#156 = EDGE_CURVE('',#66,#106,#157,.T.);
#157 = LINE('',#158,#159);
#158 = CARTESIAN_POINT('',(-6.94,4.5,0.35));
#159 = VECTOR('',#160,1.);
#160 = DIRECTION('',(1.,0.,-0.));
#161 = ORIENTED_EDGE('',*,*,#105,.F.);
#162 = PLANE('',#163);
#163 = AXIS2_PLACEMENT_3D('',#164,#165,#166);
#164 = CARTESIAN_POINT('',(-6.94,4.5,0.));
#165 = DIRECTION('',(-0.,1.,0.));
#166 = DIRECTION('',(0.,0.,1.));
#167 = ADVANCED_FACE('',(#168),#174,.F.);
#168 = FACE_BOUND('',#169,.F.);
#169 = EDGE_LOOP('',(#170,#171,#172,#173));
#170 = ORIENTED_EDGE('',*,*,#57,.F.);
#171 = ORIENTED_EDGE('',*,*,#127,.T.);
#172 = ORIENTED_EDGE('',*,*,#97,.T.);
#173 = ORIENTED_EDGE('',*,*,#149,.F.);
#174 = PLANE('',#175);
#175 = AXIS2_PLACEMENT_3D('',#176,#177,#178);
#176 = CARTESIAN_POINT('',(-6.94,-9.4,0.));
#177 = DIRECTION('',(0.,0.,1.));
#178 = DIRECTION('',(1.,0.,-0.));
#179 = ADVANCED_FACE('',(#180),#186,.T.);
#180 = FACE_BOUND('',#181,.T.);
#181 = EDGE_LOOP('',(#182,#183,#184,#185));
#182 = ORIENTED_EDGE('',*,*,#73,.F.);
#183 = ORIENTED_EDGE('',*,*,#134,.T.);
#184 = ORIENTED_EDGE('',*,*,#113,.T.);
#185 = ORIENTED_EDGE('',*,*,#156,.F.);
#186 = PLANE('',#187);
#187 = AXIS2_PLACEMENT_3D('',#188,#189,#190);
#188 = CARTESIAN_POINT('',(-6.94,-9.4,0.35));
#189 = DIRECTION('',(0.,0.,1.));
#190 = DIRECTION('',(1.,0.,-0.));
#191 = ( GEOMETRIC_REPRESENTATION_CONTEXT(3) 
GLOBAL_UNCERTAINTY_ASSIGNED_CONTEXT((#195)) GLOBAL_UNIT_ASSIGNED_CONTEXT
((#192,#193,#194)) REPRESENTATION_CONTEXT('Context #1',
  '3D Context with UNIT and UNCERTAINTY') );
#192 = ( LENGTH_UNIT() NAMED_UNIT(*) SI_UNIT(.MILLI.,.METRE.) );
#193 = ( NAMED_UNIT(*) PLANE_ANGLE_UNIT() SI_UNIT($,.RADIAN.) );
#194 = ( NAMED_UNIT(*) SI_UNIT($,.STERADIAN.) SOLID_ANGLE_UNIT() );
#195 = UNCERTAINTY_MEASURE_WITH_UNIT(LENGTH_MEASURE(1.E-07),#192,
  'distance_accuracy_value','confusion accuracy');
#196 = CONTEXT_DEPENDENT_SHAPE_REPRESENTATION(#197,#199);
#197 = ( REPRESENTATION_RELATIONSHIP('','',#40,#10) 
REPRESENTATION_RELATIONSHIP_WITH_TRANSFORMATION(#198) 
SHAPE_REPRESENTATION_RELATIONSHIP() );
#198 = ITEM_DEFINED_TRANSFORMATION('','',#11,#15);
#199 = PRODUCT_DEFINITION_SHAPE('Placement','Placement of an item',#200
  );
#200 = NEXT_ASSEMBLY_USAGE_OCCURRENCE('23','Insulator','',#5,#35,$);
#201 = PRODUCT_RELATED_PRODUCT_CATEGORY('part',$,(#37));
#202 = SHAPE_DEFINITION_REPRESENTATION(#203,#209);
#203 = PRODUCT_DEFINITION_SHAPE('','',#204);
#204 = PRODUCT_DEFINITION('design','',#205,#208);
#205 = PRODUCT_DEFINITION_FORMATION('','',#206);
#206 = PRODUCT('CardShell','CardShell','',(#207));
#207 = PRODUCT_CONTEXT('',#2,'mechanical');
#208 = PRODUCT_DEFINITION_CONTEXT('part definition',#2,'design');
#209 = ADVANCED_BREP_SHAPE_REPRESENTATION('',(#11,#210),#492);
#210 = MANIFOLD_SOLID_BREP('',#211);
#211 = CLOSED_SHELL('',(#212,#252,#315,#339,#363,#403,#427,#451,#468,
    #480));
#212 = ADVANCED_FACE('',(#213),#247,.F.);
#213 = FACE_BOUND('',#214,.F.);
#214 = EDGE_LOOP('',(#215,#225,#233,#241));
#215 = ORIENTED_EDGE('',*,*,#216,.F.);
#216 = EDGE_CURVE('',#217,#219,#221,.T.);
#217 = VERTEX_POINT('',#218);
#218 = CARTESIAN_POINT('',(-7.24,-9.7,0.35));
#219 = VERTEX_POINT('',#220);
#220 = CARTESIAN_POINT('',(-7.24,-9.7,1.8));
#221 = LINE('',#222,#223);
#222 = CARTESIAN_POINT('',(-7.24,-9.7,0.35));
#223 = VECTOR('',#224,1.);
#224 = DIRECTION('',(0.,0.,1.));
#225 = ORIENTED_EDGE('',*,*,#226,.T.);
#226 = EDGE_CURVE('',#217,#227,#229,.T.);
#227 = VERTEX_POINT('',#228);
#228 = CARTESIAN_POINT('',(-7.24,4.8,0.35));
#229 = LINE('',#230,#231);
#230 = CARTESIAN_POINT('',(-7.24,-9.7,0.35));
#231 = VECTOR('',#232,1.);
#232 = DIRECTION('',(-0.,1.,0.));
#233 = ORIENTED_EDGE('',*,*,#234,.T.);
#234 = EDGE_CURVE('',#227,#235,#237,.T.);
#235 = VERTEX_POINT('',#236);
#236 = CARTESIAN_POINT('',(-7.24,4.8,1.8));
#237 = LINE('',#238,#239);
#238 = CARTESIAN_POINT('',(-7.24,4.8,0.35));
#239 = VECTOR('',#240,1.);
#240 = DIRECTION('',(0.,0.,1.));
#241 = ORIENTED_EDGE('',*,*,#242,.F.);
#242 = EDGE_CURVE('',#219,#235,#243,.T.);
#243 = LINE('',#244,#245);
#244 = CARTESIAN_POINT('',(-7.24,-9.7,1.8));
#245 = VECTOR('',#246,1.);
#246 = DIRECTION('',(-0.,1.,0.));
#247 = PLANE('',#248);
#248 = AXIS2_PLACEMENT_3D('',#249,#250,#251);
#249 = CARTESIAN_POINT('',(-7.24,-9.7,0.35));
#250 = DIRECTION('',(1.,0.,-0.));
#251 = DIRECTION('',(0.,0.,1.));
#252 = ADVANCED_FACE('',(#253),#310,.F.);
#253 = FACE_BOUND('',#254,.F.);
#254 = EDGE_LOOP('',(#255,#263,#264,#272,#280,#288,#296,#304));
#255 = ORIENTED_EDGE('',*,*,#256,.F.);
#256 = EDGE_CURVE('',#217,#257,#259,.T.);
#257 = VERTEX_POINT('',#258);
#258 = CARTESIAN_POINT('',(-6.99,-9.7,0.35));
#259 = LINE('',#260,#261);
#260 = CARTESIAN_POINT('',(-7.24,-9.7,0.35));
#261 = VECTOR('',#262,1.);
#262 = DIRECTION('',(1.,0.,-0.));
#263 = ORIENTED_EDGE('',*,*,#216,.T.);
#264 = ORIENTED_EDGE('',*,*,#265,.T.);
#265 = EDGE_CURVE('',#219,#266,#268,.T.);
#266 = VERTEX_POINT('',#267);
#267 = CARTESIAN_POINT('',(8.,-9.7,1.8));
#268 = LINE('',#269,#270);
#269 = CARTESIAN_POINT('',(-7.24,-9.7,1.8));
#270 = VECTOR('',#271,1.);
#271 = DIRECTION('',(1.,0.,-0.));
#272 = ORIENTED_EDGE('',*,*,#273,.F.);
#273 = EDGE_CURVE('',#274,#266,#276,.T.);
#274 = VERTEX_POINT('',#275);
#275 = CARTESIAN_POINT('',(8.,-9.7,0.35));
#276 = LINE('',#277,#278);
#277 = CARTESIAN_POINT('',(8.,-9.7,0.35));
#278 = VECTOR('',#279,1.);
#279 = DIRECTION('',(0.,0.,1.));
#280 = ORIENTED_EDGE('',*,*,#281,.F.);
#281 = EDGE_CURVE('',#282,#274,#284,.T.);
#282 = VERTEX_POINT('',#283);
#283 = CARTESIAN_POINT('',(7.75,-9.7,0.35));
#284 = LINE('',#285,#286);
#285 = CARTESIAN_POINT('',(-7.24,-9.7,0.35));
#286 = VECTOR('',#287,1.);
#287 = DIRECTION('',(1.,0.,-0.));
#288 = ORIENTED_EDGE('',*,*,#289,.F.);
#289 = EDGE_CURVE('',#290,#282,#292,.T.);
#290 = VERTEX_POINT('',#291);
#291 = CARTESIAN_POINT('',(7.75,-9.7,1.6));
#292 = LINE('',#293,#294);
#293 = CARTESIAN_POINT('',(7.75,-9.7,0.35));
#294 = VECTOR('',#295,1.);
#295 = DIRECTION('',(-0.,0.,-1.));
#296 = ORIENTED_EDGE('',*,*,#297,.F.);
#297 = EDGE_CURVE('',#298,#290,#300,.T.);
#298 = VERTEX_POINT('',#299);
#299 = CARTESIAN_POINT('',(-6.99,-9.7,1.6));
#300 = LINE('',#301,#302);
#301 = CARTESIAN_POINT('',(-7.115,-9.7,1.6));
#302 = VECTOR('',#303,1.);
#303 = DIRECTION('',(1.,0.,-0.));
#304 = ORIENTED_EDGE('',*,*,#305,.T.);
#305 = EDGE_CURVE('',#298,#257,#306,.T.);
#306 = LINE('',#307,#308);
#307 = CARTESIAN_POINT('',(-6.99,-9.7,0.35));
#308 = VECTOR('',#309,1.);
#309 = DIRECTION('',(-0.,0.,-1.));
#310 = PLANE('',#311);
#311 = AXIS2_PLACEMENT_3D('',#312,#313,#314);
#312 = CARTESIAN_POINT('',(-7.24,-9.7,0.35));
#313 = DIRECTION('',(-0.,1.,0.));
#314 = DIRECTION('',(0.,0.,1.));
#315 = ADVANCED_FACE('',(#316),#334,.T.);
#316 = FACE_BOUND('',#317,.T.);
#317 = EDGE_LOOP('',(#318,#319,#320,#328));
#318 = ORIENTED_EDGE('',*,*,#242,.F.);
#319 = ORIENTED_EDGE('',*,*,#265,.T.);
#320 = ORIENTED_EDGE('',*,*,#321,.T.);
#321 = EDGE_CURVE('',#266,#322,#324,.T.);
#322 = VERTEX_POINT('',#323);
#323 = CARTESIAN_POINT('',(8.,4.8,1.8));
#324 = LINE('',#325,#326);
#325 = CARTESIAN_POINT('',(8.,-9.7,1.8));
#326 = VECTOR('',#327,1.);
#327 = DIRECTION('',(-0.,1.,0.));
#328 = ORIENTED_EDGE('',*,*,#329,.F.);
#329 = EDGE_CURVE('',#235,#322,#330,.T.);
#330 = LINE('',#331,#332);
#331 = CARTESIAN_POINT('',(-7.24,4.8,1.8));
#332 = VECTOR('',#333,1.);
#333 = DIRECTION('',(1.,0.,-0.));
#334 = PLANE('',#335);
#335 = AXIS2_PLACEMENT_3D('',#336,#337,#338);
#336 = CARTESIAN_POINT('',(-7.24,-9.7,1.8));
#337 = DIRECTION('',(0.,0.,1.));
#338 = DIRECTION('',(1.,0.,-0.));
#339 = ADVANCED_FACE('',(#340),#358,.T.);
#340 = FACE_BOUND('',#341,.T.);
#341 = EDGE_LOOP('',(#342,#350,#351,#352));
#342 = ORIENTED_EDGE('',*,*,#343,.F.);
#343 = EDGE_CURVE('',#227,#344,#346,.T.);
#344 = VERTEX_POINT('',#345);
#345 = CARTESIAN_POINT('',(8.,4.8,0.35));
#346 = LINE('',#347,#348);
#347 = CARTESIAN_POINT('',(-7.24,4.8,0.35));
#348 = VECTOR('',#349,1.);
#349 = DIRECTION('',(1.,0.,-0.));
#350 = ORIENTED_EDGE('',*,*,#234,.T.);
#351 = ORIENTED_EDGE('',*,*,#329,.T.);
#352 = ORIENTED_EDGE('',*,*,#353,.F.);
#353 = EDGE_CURVE('',#344,#322,#354,.T.);
#354 = LINE('',#355,#356);
#355 = CARTESIAN_POINT('',(8.,4.8,0.35));
#356 = VECTOR('',#357,1.);
#357 = DIRECTION('',(0.,0.,1.));
#358 = PLANE('',#359);
#359 = AXIS2_PLACEMENT_3D('',#360,#361,#362);
#360 = CARTESIAN_POINT('',(-7.24,4.8,0.35));
#361 = DIRECTION('',(-0.,1.,0.));
#362 = DIRECTION('',(0.,0.,1.));
#363 = ADVANCED_FACE('',(#364),#398,.F.);
#364 = FACE_BOUND('',#365,.F.);
#365 = EDGE_LOOP('',(#366,#367,#368,#369,#377,#385,#391,#392));
#366 = ORIENTED_EDGE('',*,*,#343,.F.);
#367 = ORIENTED_EDGE('',*,*,#226,.F.);
#368 = ORIENTED_EDGE('',*,*,#256,.T.);
#369 = ORIENTED_EDGE('',*,*,#370,.T.);
#370 = EDGE_CURVE('',#257,#371,#373,.T.);
#371 = VERTEX_POINT('',#372);
#372 = CARTESIAN_POINT('',(-6.99,4.55,0.35));
#373 = LINE('',#374,#375);
#374 = CARTESIAN_POINT('',(-6.99,-9.8,0.35));
#375 = VECTOR('',#376,1.);
#376 = DIRECTION('',(-0.,1.,0.));
#377 = ORIENTED_EDGE('',*,*,#378,.T.);
#378 = EDGE_CURVE('',#371,#379,#381,.T.);
#379 = VERTEX_POINT('',#380);
#380 = CARTESIAN_POINT('',(7.75,4.55,0.35));
#381 = LINE('',#382,#383);
#382 = CARTESIAN_POINT('',(-6.99,4.55,0.35));
#383 = VECTOR('',#384,1.);
#384 = DIRECTION('',(1.,0.,-0.));
#385 = ORIENTED_EDGE('',*,*,#386,.F.);
#386 = EDGE_CURVE('',#282,#379,#387,.T.);
#387 = LINE('',#388,#389);
#388 = CARTESIAN_POINT('',(7.75,-9.8,0.35));
#389 = VECTOR('',#390,1.);
#390 = DIRECTION('',(-0.,1.,0.));
#391 = ORIENTED_EDGE('',*,*,#281,.T.);
#392 = ORIENTED_EDGE('',*,*,#393,.T.);
#393 = EDGE_CURVE('',#274,#344,#394,.T.);
#394 = LINE('',#395,#396);
#395 = CARTESIAN_POINT('',(8.,-9.7,0.35));
#396 = VECTOR('',#397,1.);
#397 = DIRECTION('',(-0.,1.,0.));
#398 = PLANE('',#399);
#399 = AXIS2_PLACEMENT_3D('',#400,#401,#402);
#400 = CARTESIAN_POINT('',(-7.24,-9.7,0.35));
#401 = DIRECTION('',(0.,0.,1.));
#402 = DIRECTION('',(1.,0.,-0.));
#403 = ADVANCED_FACE('',(#404),#422,.T.);
#404 = FACE_BOUND('',#405,.T.);
#405 = EDGE_LOOP('',(#406,#414,#415,#416));
#406 = ORIENTED_EDGE('',*,*,#407,.F.);
#407 = EDGE_CURVE('',#298,#408,#410,.T.);
#408 = VERTEX_POINT('',#409);
#409 = CARTESIAN_POINT('',(-6.99,4.55,1.6));
#410 = LINE('',#411,#412);
#411 = CARTESIAN_POINT('',(-6.99,-9.8,1.6));
#412 = VECTOR('',#413,1.);
#413 = DIRECTION('',(-0.,1.,0.));
#414 = ORIENTED_EDGE('',*,*,#305,.T.);
#415 = ORIENTED_EDGE('',*,*,#370,.T.);
#416 = ORIENTED_EDGE('',*,*,#417,.T.);
#417 = EDGE_CURVE('',#371,#408,#418,.T.);
#418 = LINE('',#419,#420);
#419 = CARTESIAN_POINT('',(-6.99,4.55,0.35));
#420 = VECTOR('',#421,1.);
#421 = DIRECTION('',(0.,0.,1.));
#422 = PLANE('',#423);
#423 = AXIS2_PLACEMENT_3D('',#424,#425,#426);
#424 = CARTESIAN_POINT('',(-6.99,-9.8,0.35));
#425 = DIRECTION('',(1.,0.,-0.));
#426 = DIRECTION('',(0.,0.,1.));
#427 = ADVANCED_FACE('',(#428),#446,.F.);
#428 = FACE_BOUND('',#429,.F.);
#429 = EDGE_LOOP('',(#430,#431,#432,#440));
#430 = ORIENTED_EDGE('',*,*,#407,.F.);
#431 = ORIENTED_EDGE('',*,*,#297,.T.);
#432 = ORIENTED_EDGE('',*,*,#433,.T.);
#433 = EDGE_CURVE('',#290,#434,#436,.T.);
#434 = VERTEX_POINT('',#435);
#435 = CARTESIAN_POINT('',(7.75,4.55,1.6));
#436 = LINE('',#437,#438);
#437 = CARTESIAN_POINT('',(7.75,-9.8,1.6));
#438 = VECTOR('',#439,1.);
#439 = DIRECTION('',(-0.,1.,0.));
#440 = ORIENTED_EDGE('',*,*,#441,.F.);
#441 = EDGE_CURVE('',#408,#434,#442,.T.);
#442 = LINE('',#443,#444);
#443 = CARTESIAN_POINT('',(-6.99,4.55,1.6));
#444 = VECTOR('',#445,1.);
#445 = DIRECTION('',(1.,0.,-0.));
#446 = PLANE('',#447);
#447 = AXIS2_PLACEMENT_3D('',#448,#449,#450);
#448 = CARTESIAN_POINT('',(-6.99,-9.8,1.6));
#449 = DIRECTION('',(0.,0.,1.));
#450 = DIRECTION('',(1.,0.,-0.));
#451 = ADVANCED_FACE('',(#452),#463,.F.);
#452 = FACE_BOUND('',#453,.F.);
#453 = EDGE_LOOP('',(#454,#455,#456,#457));
#454 = ORIENTED_EDGE('',*,*,#433,.F.);
#455 = ORIENTED_EDGE('',*,*,#289,.T.);
#456 = ORIENTED_EDGE('',*,*,#386,.T.);
#457 = ORIENTED_EDGE('',*,*,#458,.T.);
#458 = EDGE_CURVE('',#379,#434,#459,.T.);
#459 = LINE('',#460,#461);
#460 = CARTESIAN_POINT('',(7.75,4.55,0.35));
#461 = VECTOR('',#462,1.);
#462 = DIRECTION('',(0.,0.,1.));
#463 = PLANE('',#464);
#464 = AXIS2_PLACEMENT_3D('',#465,#466,#467);
#465 = CARTESIAN_POINT('',(7.75,-9.8,0.35));
#466 = DIRECTION('',(1.,0.,-0.));
#467 = DIRECTION('',(0.,0.,1.));
#468 = ADVANCED_FACE('',(#469),#475,.T.);
#469 = FACE_BOUND('',#470,.T.);
#470 = EDGE_LOOP('',(#471,#472,#473,#474));
#471 = ORIENTED_EDGE('',*,*,#273,.F.);
#472 = ORIENTED_EDGE('',*,*,#393,.T.);
#473 = ORIENTED_EDGE('',*,*,#353,.T.);
#474 = ORIENTED_EDGE('',*,*,#321,.F.);
#475 = PLANE('',#476);
#476 = AXIS2_PLACEMENT_3D('',#477,#478,#479);
#477 = CARTESIAN_POINT('',(8.,-9.7,0.35));
#478 = DIRECTION('',(1.,0.,-0.));
#479 = DIRECTION('',(0.,0.,1.));
#480 = ADVANCED_FACE('',(#481),#487,.F.);
#481 = FACE_BOUND('',#482,.F.);
#482 = EDGE_LOOP('',(#483,#484,#485,#486));
#483 = ORIENTED_EDGE('',*,*,#378,.F.);
#484 = ORIENTED_EDGE('',*,*,#417,.T.);
#485 = ORIENTED_EDGE('',*,*,#441,.T.);
#486 = ORIENTED_EDGE('',*,*,#458,.F.);
#487 = PLANE('',#488);
#488 = AXIS2_PLACEMENT_3D('',#489,#490,#491);
#489 = CARTESIAN_POINT('',(-6.99,4.55,0.35));
#490 = DIRECTION('',(-0.,1.,0.));
#491 = DIRECTION('',(0.,0.,1.));
#492 = ( GEOMETRIC_REPRESENTATION_CONTEXT(3) 
GLOBAL_UNCERTAINTY_ASSIGNED_CONTEXT((#496)) GLOBAL_UNIT_ASSIGNED_CONTEXT
((#493,#494,#495)) REPRESENTATION_CONTEXT('Context #1',
  '3D Context with UNIT and UNCERTAINTY') );
#493 = ( LENGTH_UNIT() NAMED_UNIT(*) SI_UNIT(.MILLI.,.METRE.) );
#494 = ( NAMED_UNIT(*) PLANE_ANGLE_UNIT() SI_UNIT($,.RADIAN.) );
#495 = ( NAMED_UNIT(*) SI_UNIT($,.STERADIAN.) SOLID_ANGLE_UNIT() );
#496 = UNCERTAINTY_MEASURE_WITH_UNIT(LENGTH_MEASURE(1.E-07),#493,
  'distance_accuracy_value','confusion accuracy');
#497 = CONTEXT_DEPENDENT_SHAPE_REPRESENTATION(#498,#500);
#498 = ( REPRESENTATION_RELATIONSHIP('','',#209,#10) 
REPRESENTATION_RELATIONSHIP_WITH_TRANSFORMATION(#499) 
SHAPE_REPRESENTATION_RELATIONSHIP() );
#499 = ITEM_DEFINED_TRANSFORMATION('','',#11,#19);
#500 = PRODUCT_DEFINITION_SHAPE('Placement','Placement of an item',#501
  );
#501 = NEXT_ASSEMBLY_USAGE_OCCURRENCE('24','CardShell','',#5,#204,$);
#502 = PRODUCT_RELATED_PRODUCT_CATEGORY('part',$,(#206));
#503 = SHAPE_DEFINITION_REPRESENTATION(#504,#510);
#504 = PRODUCT_DEFINITION_SHAPE('','',#505);
#505 = PRODUCT_DEFINITION('design','',#506,#509);
#506 = PRODUCT_DEFINITION_FORMATION('','',#507);
#507 = PRODUCT('Terminals','Terminals','',(#508));
#508 = PRODUCT_CONTEXT('',#2,'mechanical');
#509 = PRODUCT_DEFINITION_CONTEXT('part definition',#2,'design');
#510 = SHAPE_REPRESENTATION('',(#11,#511,#661,#811,#961,#1111,#1261,
    #1411,#1561,#1711,#1861,#2011,#2161,#2311),#2461);
#511 = MANIFOLD_SOLID_BREP('',#512);
#512 = CLOSED_SHELL('',(#513,#553,#593,#615,#637,#649));
#513 = ADVANCED_FACE('',(#514),#548,.F.);
#514 = FACE_BOUND('',#515,.F.);
#515 = EDGE_LOOP('',(#516,#526,#534,#542));
#516 = ORIENTED_EDGE('',*,*,#517,.F.);
#517 = EDGE_CURVE('',#518,#520,#522,.T.);
#518 = VERTEX_POINT('',#519);
#519 = CARTESIAN_POINT('',(1.998,4.724,0.));
#520 = VERTEX_POINT('',#521);
#521 = CARTESIAN_POINT('',(1.998,4.724,7.5E-02));
#522 = LINE('',#523,#524);
#523 = CARTESIAN_POINT('',(1.998,4.724,0.));
#524 = VECTOR('',#525,1.);
#525 = DIRECTION('',(0.,0.,1.));
#526 = ORIENTED_EDGE('',*,*,#527,.T.);
#527 = EDGE_CURVE('',#518,#528,#530,.T.);
#528 = VERTEX_POINT('',#529);
#529 = CARTESIAN_POINT('',(1.998,5.876,0.));
#530 = LINE('',#531,#532);
#531 = CARTESIAN_POINT('',(1.998,4.724,0.));
#532 = VECTOR('',#533,1.);
#533 = DIRECTION('',(0.,1.,0.));
#534 = ORIENTED_EDGE('',*,*,#535,.T.);
#535 = EDGE_CURVE('',#528,#536,#538,.T.);
#536 = VERTEX_POINT('',#537);
#537 = CARTESIAN_POINT('',(1.998,5.876,7.5E-02));
#538 = LINE('',#539,#540);
#539 = CARTESIAN_POINT('',(1.998,5.876,0.));
#540 = VECTOR('',#541,1.);
#541 = DIRECTION('',(0.,0.,1.));
#542 = ORIENTED_EDGE('',*,*,#543,.F.);
#543 = EDGE_CURVE('',#520,#536,#544,.T.);
#544 = LINE('',#545,#546);
#545 = CARTESIAN_POINT('',(1.998,4.724,7.5E-02));
#546 = VECTOR('',#547,1.);
#547 = DIRECTION('',(0.,1.,0.));
#548 = PLANE('',#549);
#549 = AXIS2_PLACEMENT_3D('',#550,#551,#552);
#550 = CARTESIAN_POINT('',(1.998,4.724,0.));
#551 = DIRECTION('',(1.,0.,0.));
#552 = DIRECTION('',(0.,0.,1.));
#553 = ADVANCED_FACE('',(#554),#588,.T.);
#554 = FACE_BOUND('',#555,.T.);
#555 = EDGE_LOOP('',(#556,#566,#574,#582));
#556 = ORIENTED_EDGE('',*,*,#557,.F.);
#557 = EDGE_CURVE('',#558,#560,#562,.T.);
#558 = VERTEX_POINT('',#559);
#559 = CARTESIAN_POINT('',(2.502,4.724,0.));
#560 = VERTEX_POINT('',#561);
#561 = CARTESIAN_POINT('',(2.502,4.724,7.5E-02));
#562 = LINE('',#563,#564);
#563 = CARTESIAN_POINT('',(2.502,4.724,0.));
#564 = VECTOR('',#565,1.);
#565 = DIRECTION('',(0.,0.,1.));
#566 = ORIENTED_EDGE('',*,*,#567,.T.);
#567 = EDGE_CURVE('',#558,#568,#570,.T.);
#568 = VERTEX_POINT('',#569);
#569 = CARTESIAN_POINT('',(2.502,5.876,0.));
#570 = LINE('',#571,#572);
#571 = CARTESIAN_POINT('',(2.502,4.724,0.));
#572 = VECTOR('',#573,1.);
#573 = DIRECTION('',(0.,1.,0.));
#574 = ORIENTED_EDGE('',*,*,#575,.T.);
#575 = EDGE_CURVE('',#568,#576,#578,.T.);
#576 = VERTEX_POINT('',#577);
#577 = CARTESIAN_POINT('',(2.502,5.876,7.5E-02));
#578 = LINE('',#579,#580);
#579 = CARTESIAN_POINT('',(2.502,5.876,0.));
#580 = VECTOR('',#581,1.);
#581 = DIRECTION('',(0.,0.,1.));
#582 = ORIENTED_EDGE('',*,*,#583,.F.);
#583 = EDGE_CURVE('',#560,#576,#584,.T.);
#584 = LINE('',#585,#586);
#585 = CARTESIAN_POINT('',(2.502,4.724,7.5E-02));
#586 = VECTOR('',#587,1.);
#587 = DIRECTION('',(0.,1.,0.));
#588 = PLANE('',#589);
#589 = AXIS2_PLACEMENT_3D('',#590,#591,#592);
#590 = CARTESIAN_POINT('',(2.502,4.724,0.));
#591 = DIRECTION('',(1.,0.,0.));
#592 = DIRECTION('',(0.,0.,1.));
#593 = ADVANCED_FACE('',(#594),#610,.F.);
#594 = FACE_BOUND('',#595,.F.);
#595 = EDGE_LOOP('',(#596,#602,#603,#609));
#596 = ORIENTED_EDGE('',*,*,#597,.F.);
#597 = EDGE_CURVE('',#518,#558,#598,.T.);
#598 = LINE('',#599,#600);
#599 = CARTESIAN_POINT('',(1.998,4.724,0.));
#600 = VECTOR('',#601,1.);
#601 = DIRECTION('',(1.,0.,0.));
#602 = ORIENTED_EDGE('',*,*,#517,.T.);
#603 = ORIENTED_EDGE('',*,*,#604,.T.);
#604 = EDGE_CURVE('',#520,#560,#605,.T.);
#605 = LINE('',#606,#607);
#606 = CARTESIAN_POINT('',(1.998,4.724,7.5E-02));
#607 = VECTOR('',#608,1.);
#608 = DIRECTION('',(1.,0.,0.));
#609 = ORIENTED_EDGE('',*,*,#557,.F.);
#610 = PLANE('',#611);
#611 = AXIS2_PLACEMENT_3D('',#612,#613,#614);
#612 = CARTESIAN_POINT('',(1.998,4.724,0.));
#613 = DIRECTION('',(0.,1.,0.));
#614 = DIRECTION('',(0.,0.,1.));
#615 = ADVANCED_FACE('',(#616),#632,.T.);
#616 = FACE_BOUND('',#617,.T.);
#617 = EDGE_LOOP('',(#618,#624,#625,#631));
#618 = ORIENTED_EDGE('',*,*,#619,.F.);
#619 = EDGE_CURVE('',#528,#568,#620,.T.);
#620 = LINE('',#621,#622);
#621 = CARTESIAN_POINT('',(1.998,5.876,0.));
#622 = VECTOR('',#623,1.);
#623 = DIRECTION('',(1.,0.,0.));
#624 = ORIENTED_EDGE('',*,*,#535,.T.);
#625 = ORIENTED_EDGE('',*,*,#626,.T.);
#626 = EDGE_CURVE('',#536,#576,#627,.T.);
#627 = LINE('',#628,#629);
#628 = CARTESIAN_POINT('',(1.998,5.876,7.5E-02));
#629 = VECTOR('',#630,1.);
#630 = DIRECTION('',(1.,0.,0.));
#631 = ORIENTED_EDGE('',*,*,#575,.F.);
#632 = PLANE('',#633);
#633 = AXIS2_PLACEMENT_3D('',#634,#635,#636);
#634 = CARTESIAN_POINT('',(1.998,5.876,0.));
#635 = DIRECTION('',(0.,1.,0.));
#636 = DIRECTION('',(0.,0.,1.));
#637 = ADVANCED_FACE('',(#638),#644,.F.);
#638 = FACE_BOUND('',#639,.F.);
#639 = EDGE_LOOP('',(#640,#641,#642,#643));
#640 = ORIENTED_EDGE('',*,*,#527,.F.);
#641 = ORIENTED_EDGE('',*,*,#597,.T.);
#642 = ORIENTED_EDGE('',*,*,#567,.T.);
#643 = ORIENTED_EDGE('',*,*,#619,.F.);
#644 = PLANE('',#645);
#645 = AXIS2_PLACEMENT_3D('',#646,#647,#648);
#646 = CARTESIAN_POINT('',(1.998,4.724,0.));
#647 = DIRECTION('',(0.,0.,1.));
#648 = DIRECTION('',(1.,0.,0.));
#649 = ADVANCED_FACE('',(#650),#656,.T.);
#650 = FACE_BOUND('',#651,.T.);
#651 = EDGE_LOOP('',(#652,#653,#654,#655));
#652 = ORIENTED_EDGE('',*,*,#543,.F.);
#653 = ORIENTED_EDGE('',*,*,#604,.T.);
#654 = ORIENTED_EDGE('',*,*,#583,.T.);
#655 = ORIENTED_EDGE('',*,*,#626,.F.);
#656 = PLANE('',#657);
#657 = AXIS2_PLACEMENT_3D('',#658,#659,#660);
#658 = CARTESIAN_POINT('',(1.998,4.724,7.5E-02));
#659 = DIRECTION('',(0.,0.,1.));
#660 = DIRECTION('',(1.,0.,0.));
#661 = MANIFOLD_SOLID_BREP('',#662);
#662 = CLOSED_SHELL('',(#663,#703,#743,#765,#787,#799));
#663 = ADVANCED_FACE('',(#664),#698,.F.);
#664 = FACE_BOUND('',#665,.F.);
#665 = EDGE_LOOP('',(#666,#676,#684,#692));
#666 = ORIENTED_EDGE('',*,*,#667,.F.);
#667 = EDGE_CURVE('',#668,#670,#672,.T.);
#668 = VERTEX_POINT('',#669);
#669 = CARTESIAN_POINT('',(0.898,4.724,0.));
#670 = VERTEX_POINT('',#671);
#671 = CARTESIAN_POINT('',(0.898,4.724,7.5E-02));
#672 = LINE('',#673,#674);
#673 = CARTESIAN_POINT('',(0.898,4.724,0.));
#674 = VECTOR('',#675,1.);
#675 = DIRECTION('',(0.,0.,1.));
#676 = ORIENTED_EDGE('',*,*,#677,.T.);
#677 = EDGE_CURVE('',#668,#678,#680,.T.);
#678 = VERTEX_POINT('',#679);
#679 = CARTESIAN_POINT('',(0.898,5.876,0.));
#680 = LINE('',#681,#682);
#681 = CARTESIAN_POINT('',(0.898,4.724,0.));
#682 = VECTOR('',#683,1.);
#683 = DIRECTION('',(0.,1.,0.));
#684 = ORIENTED_EDGE('',*,*,#685,.T.);
#685 = EDGE_CURVE('',#678,#686,#688,.T.);
#686 = VERTEX_POINT('',#687);
#687 = CARTESIAN_POINT('',(0.898,5.876,7.5E-02));
#688 = LINE('',#689,#690);
#689 = CARTESIAN_POINT('',(0.898,5.876,0.));
#690 = VECTOR('',#691,1.);
#691 = DIRECTION('',(0.,0.,1.));
#692 = ORIENTED_EDGE('',*,*,#693,.F.);
#693 = EDGE_CURVE('',#670,#686,#694,.T.);
#694 = LINE('',#695,#696);
#695 = CARTESIAN_POINT('',(0.898,4.724,7.5E-02));
#696 = VECTOR('',#697,1.);
#697 = DIRECTION('',(0.,1.,0.));
#698 = PLANE('',#699);
#699 = AXIS2_PLACEMENT_3D('',#700,#701,#702);
#700 = CARTESIAN_POINT('',(0.898,4.724,0.));
#701 = DIRECTION('',(1.,0.,0.));
#702 = DIRECTION('',(0.,0.,1.));
#703 = ADVANCED_FACE('',(#704),#738,.T.);
#704 = FACE_BOUND('',#705,.T.);
#705 = EDGE_LOOP('',(#706,#716,#724,#732));
#706 = ORIENTED_EDGE('',*,*,#707,.F.);
#707 = EDGE_CURVE('',#708,#710,#712,.T.);
#708 = VERTEX_POINT('',#709);
#709 = CARTESIAN_POINT('',(1.402,4.724,0.));
#710 = VERTEX_POINT('',#711);
#711 = CARTESIAN_POINT('',(1.402,4.724,7.5E-02));
#712 = LINE('',#713,#714);
#713 = CARTESIAN_POINT('',(1.402,4.724,0.));
#714 = VECTOR('',#715,1.);
#715 = DIRECTION('',(0.,0.,1.));
#716 = ORIENTED_EDGE('',*,*,#717,.T.);
#717 = EDGE_CURVE('',#708,#718,#720,.T.);
#718 = VERTEX_POINT('',#719);
#719 = CARTESIAN_POINT('',(1.402,5.876,0.));
#720 = LINE('',#721,#722);
#721 = CARTESIAN_POINT('',(1.402,4.724,0.));
#722 = VECTOR('',#723,1.);
#723 = DIRECTION('',(0.,1.,0.));
#724 = ORIENTED_EDGE('',*,*,#725,.T.);
#725 = EDGE_CURVE('',#718,#726,#728,.T.);
#726 = VERTEX_POINT('',#727);
#727 = CARTESIAN_POINT('',(1.402,5.876,7.5E-02));
#728 = LINE('',#729,#730);
#729 = CARTESIAN_POINT('',(1.402,5.876,0.));
#730 = VECTOR('',#731,1.);
#731 = DIRECTION('',(0.,0.,1.));
#732 = ORIENTED_EDGE('',*,*,#733,.F.);
#733 = EDGE_CURVE('',#710,#726,#734,.T.);
#734 = LINE('',#735,#736);
#735 = CARTESIAN_POINT('',(1.402,4.724,7.5E-02));
#736 = VECTOR('',#737,1.);
#737 = DIRECTION('',(0.,1.,0.));
#738 = PLANE('',#739);
#739 = AXIS2_PLACEMENT_3D('',#740,#741,#742);
#740 = CARTESIAN_POINT('',(1.402,4.724,0.));
#741 = DIRECTION('',(1.,0.,0.));
#742 = DIRECTION('',(0.,0.,1.));
#743 = ADVANCED_FACE('',(#744),#760,.F.);
#744 = FACE_BOUND('',#745,.F.);
#745 = EDGE_LOOP('',(#746,#752,#753,#759));
#746 = ORIENTED_EDGE('',*,*,#747,.F.);
#747 = EDGE_CURVE('',#668,#708,#748,.T.);
#748 = LINE('',#749,#750);
#749 = CARTESIAN_POINT('',(0.898,4.724,0.));
#750 = VECTOR('',#751,1.);
#751 = DIRECTION('',(1.,0.,0.));
#752 = ORIENTED_EDGE('',*,*,#667,.T.);
#753 = ORIENTED_EDGE('',*,*,#754,.T.);
#754 = EDGE_CURVE('',#670,#710,#755,.T.);
#755 = LINE('',#756,#757);
#756 = CARTESIAN_POINT('',(0.898,4.724,7.5E-02));
#757 = VECTOR('',#758,1.);
#758 = DIRECTION('',(1.,0.,0.));
#759 = ORIENTED_EDGE('',*,*,#707,.F.);
#760 = PLANE('',#761);
#761 = AXIS2_PLACEMENT_3D('',#762,#763,#764);
#762 = CARTESIAN_POINT('',(0.898,4.724,0.));
#763 = DIRECTION('',(0.,1.,0.));
#764 = DIRECTION('',(0.,0.,1.));
#765 = ADVANCED_FACE('',(#766),#782,.T.);
#766 = FACE_BOUND('',#767,.T.);
#767 = EDGE_LOOP('',(#768,#774,#775,#781));
#768 = ORIENTED_EDGE('',*,*,#769,.F.);
#769 = EDGE_CURVE('',#678,#718,#770,.T.);
#770 = LINE('',#771,#772);
#771 = CARTESIAN_POINT('',(0.898,5.876,0.));
#772 = VECTOR('',#773,1.);
#773 = DIRECTION('',(1.,0.,0.));
#774 = ORIENTED_EDGE('',*,*,#685,.T.);
#775 = ORIENTED_EDGE('',*,*,#776,.T.);
#776 = EDGE_CURVE('',#686,#726,#777,.T.);
#777 = LINE('',#778,#779);
#778 = CARTESIAN_POINT('',(0.898,5.876,7.5E-02));
#779 = VECTOR('',#780,1.);
#780 = DIRECTION('',(1.,0.,0.));
#781 = ORIENTED_EDGE('',*,*,#725,.F.);
#782 = PLANE('',#783);
#783 = AXIS2_PLACEMENT_3D('',#784,#785,#786);
#784 = CARTESIAN_POINT('',(0.898,5.876,0.));
#785 = DIRECTION('',(0.,1.,0.));
#786 = DIRECTION('',(0.,0.,1.));
#787 = ADVANCED_FACE('',(#788),#794,.F.);
#788 = FACE_BOUND('',#789,.F.);
#789 = EDGE_LOOP('',(#790,#791,#792,#793));
#790 = ORIENTED_EDGE('',*,*,#677,.F.);
#791 = ORIENTED_EDGE('',*,*,#747,.T.);
#792 = ORIENTED_EDGE('',*,*,#717,.T.);
#793 = ORIENTED_EDGE('',*,*,#769,.F.);
#794 = PLANE('',#795);
#795 = AXIS2_PLACEMENT_3D('',#796,#797,#798);
#796 = CARTESIAN_POINT('',(0.898,4.724,0.));
#797 = DIRECTION('',(0.,0.,1.));
#798 = DIRECTION('',(1.,0.,0.));
#799 = ADVANCED_FACE('',(#800),#806,.T.);
#800 = FACE_BOUND('',#801,.T.);
#801 = EDGE_LOOP('',(#802,#803,#804,#805));
#802 = ORIENTED_EDGE('',*,*,#693,.F.);
#803 = ORIENTED_EDGE('',*,*,#754,.T.);
#804 = ORIENTED_EDGE('',*,*,#733,.T.);
#805 = ORIENTED_EDGE('',*,*,#776,.F.);
#806 = PLANE('',#807);
#807 = AXIS2_PLACEMENT_3D('',#808,#809,#810);
#808 = CARTESIAN_POINT('',(0.898,4.724,7.5E-02));
#809 = DIRECTION('',(0.,0.,1.));
#810 = DIRECTION('',(1.,0.,0.));
#811 = MANIFOLD_SOLID_BREP('',#812);
#812 = CLOSED_SHELL('',(#813,#853,#893,#915,#937,#949));
#813 = ADVANCED_FACE('',(#814),#848,.F.);
#814 = FACE_BOUND('',#815,.F.);
#815 = EDGE_LOOP('',(#816,#826,#834,#842));
#816 = ORIENTED_EDGE('',*,*,#817,.F.);
#817 = EDGE_CURVE('',#818,#820,#822,.T.);
#818 = VERTEX_POINT('',#819);
#819 = CARTESIAN_POINT('',(-0.202,4.724,0.));
#820 = VERTEX_POINT('',#821);
#821 = CARTESIAN_POINT('',(-0.202,4.724,7.5E-02));
#822 = LINE('',#823,#824);
#823 = CARTESIAN_POINT('',(-0.202,4.724,0.));
#824 = VECTOR('',#825,1.);
#825 = DIRECTION('',(0.,0.,1.));
#826 = ORIENTED_EDGE('',*,*,#827,.T.);
#827 = EDGE_CURVE('',#818,#828,#830,.T.);
#828 = VERTEX_POINT('',#829);
#829 = CARTESIAN_POINT('',(-0.202,5.876,0.));
#830 = LINE('',#831,#832);
#831 = CARTESIAN_POINT('',(-0.202,4.724,0.));
#832 = VECTOR('',#833,1.);
#833 = DIRECTION('',(0.,1.,0.));
#834 = ORIENTED_EDGE('',*,*,#835,.T.);
#835 = EDGE_CURVE('',#828,#836,#838,.T.);
#836 = VERTEX_POINT('',#837);
#837 = CARTESIAN_POINT('',(-0.202,5.876,7.5E-02));
#838 = LINE('',#839,#840);
#839 = CARTESIAN_POINT('',(-0.202,5.876,0.));
#840 = VECTOR('',#841,1.);
#841 = DIRECTION('',(0.,0.,1.));
#842 = ORIENTED_EDGE('',*,*,#843,.F.);
#843 = EDGE_CURVE('',#820,#836,#844,.T.);
#844 = LINE('',#845,#846);
#845 = CARTESIAN_POINT('',(-0.202,4.724,7.5E-02));
#846 = VECTOR('',#847,1.);
#847 = DIRECTION('',(0.,1.,0.));
#848 = PLANE('',#849);
#849 = AXIS2_PLACEMENT_3D('',#850,#851,#852);
#850 = CARTESIAN_POINT('',(-0.202,4.724,0.));
#851 = DIRECTION('',(1.,0.,0.));
#852 = DIRECTION('',(0.,0.,1.));
#853 = ADVANCED_FACE('',(#854),#888,.T.);
#854 = FACE_BOUND('',#855,.T.);
#855 = EDGE_LOOP('',(#856,#866,#874,#882));
#856 = ORIENTED_EDGE('',*,*,#857,.F.);
#857 = EDGE_CURVE('',#858,#860,#862,.T.);
#858 = VERTEX_POINT('',#859);
#859 = CARTESIAN_POINT('',(0.302,4.724,0.));
#860 = VERTEX_POINT('',#861);
#861 = CARTESIAN_POINT('',(0.302,4.724,7.5E-02));
#862 = LINE('',#863,#864);
#863 = CARTESIAN_POINT('',(0.302,4.724,0.));
#864 = VECTOR('',#865,1.);
#865 = DIRECTION('',(0.,0.,1.));
#866 = ORIENTED_EDGE('',*,*,#867,.T.);
#867 = EDGE_CURVE('',#858,#868,#870,.T.);
#868 = VERTEX_POINT('',#869);
#869 = CARTESIAN_POINT('',(0.302,5.876,0.));
#870 = LINE('',#871,#872);
#871 = CARTESIAN_POINT('',(0.302,4.724,0.));
#872 = VECTOR('',#873,1.);
#873 = DIRECTION('',(0.,1.,0.));
#874 = ORIENTED_EDGE('',*,*,#875,.T.);
#875 = EDGE_CURVE('',#868,#876,#878,.T.);
#876 = VERTEX_POINT('',#877);
#877 = CARTESIAN_POINT('',(0.302,5.876,7.5E-02));
#878 = LINE('',#879,#880);
#879 = CARTESIAN_POINT('',(0.302,5.876,0.));
#880 = VECTOR('',#881,1.);
#881 = DIRECTION('',(0.,0.,1.));
#882 = ORIENTED_EDGE('',*,*,#883,.F.);
#883 = EDGE_CURVE('',#860,#876,#884,.T.);
#884 = LINE('',#885,#886);
#885 = CARTESIAN_POINT('',(0.302,4.724,7.5E-02));
#886 = VECTOR('',#887,1.);
#887 = DIRECTION('',(0.,1.,0.));
#888 = PLANE('',#889);
#889 = AXIS2_PLACEMENT_3D('',#890,#891,#892);
#890 = CARTESIAN_POINT('',(0.302,4.724,0.));
#891 = DIRECTION('',(1.,0.,0.));
#892 = DIRECTION('',(0.,0.,1.));
#893 = ADVANCED_FACE('',(#894),#910,.F.);
#894 = FACE_BOUND('',#895,.F.);
#895 = EDGE_LOOP('',(#896,#902,#903,#909));
#896 = ORIENTED_EDGE('',*,*,#897,.F.);
#897 = EDGE_CURVE('',#818,#858,#898,.T.);
#898 = LINE('',#899,#900);
#899 = CARTESIAN_POINT('',(-0.202,4.724,0.));
#900 = VECTOR('',#901,1.);
#901 = DIRECTION('',(1.,0.,0.));
#902 = ORIENTED_EDGE('',*,*,#817,.T.);
#903 = ORIENTED_EDGE('',*,*,#904,.T.);
#904 = EDGE_CURVE('',#820,#860,#905,.T.);
#905 = LINE('',#906,#907);
#906 = CARTESIAN_POINT('',(-0.202,4.724,7.5E-02));
#907 = VECTOR('',#908,1.);
#908 = DIRECTION('',(1.,0.,0.));
#909 = ORIENTED_EDGE('',*,*,#857,.F.);
#910 = PLANE('',#911);
#911 = AXIS2_PLACEMENT_3D('',#912,#913,#914);
#912 = CARTESIAN_POINT('',(-0.202,4.724,0.));
#913 = DIRECTION('',(0.,1.,0.));
#914 = DIRECTION('',(0.,0.,1.));
#915 = ADVANCED_FACE('',(#916),#932,.T.);
#916 = FACE_BOUND('',#917,.T.);
#917 = EDGE_LOOP('',(#918,#924,#925,#931));
#918 = ORIENTED_EDGE('',*,*,#919,.F.);
#919 = EDGE_CURVE('',#828,#868,#920,.T.);
#920 = LINE('',#921,#922);
#921 = CARTESIAN_POINT('',(-0.202,5.876,0.));
#922 = VECTOR('',#923,1.);
#923 = DIRECTION('',(1.,0.,0.));
#924 = ORIENTED_EDGE('',*,*,#835,.T.);
#925 = ORIENTED_EDGE('',*,*,#926,.T.);
#926 = EDGE_CURVE('',#836,#876,#927,.T.);
#927 = LINE('',#928,#929);
#928 = CARTESIAN_POINT('',(-0.202,5.876,7.5E-02));
#929 = VECTOR('',#930,1.);
#930 = DIRECTION('',(1.,0.,0.));
#931 = ORIENTED_EDGE('',*,*,#875,.F.);
#932 = PLANE('',#933);
#933 = AXIS2_PLACEMENT_3D('',#934,#935,#936);
#934 = CARTESIAN_POINT('',(-0.202,5.876,0.));
#935 = DIRECTION('',(0.,1.,0.));
#936 = DIRECTION('',(0.,0.,1.));
#937 = ADVANCED_FACE('',(#938),#944,.F.);
#938 = FACE_BOUND('',#939,.F.);
#939 = EDGE_LOOP('',(#940,#941,#942,#943));
#940 = ORIENTED_EDGE('',*,*,#827,.F.);
#941 = ORIENTED_EDGE('',*,*,#897,.T.);
#942 = ORIENTED_EDGE('',*,*,#867,.T.);
#943 = ORIENTED_EDGE('',*,*,#919,.F.);
#944 = PLANE('',#945);
#945 = AXIS2_PLACEMENT_3D('',#946,#947,#948);
#946 = CARTESIAN_POINT('',(-0.202,4.724,0.));
#947 = DIRECTION('',(0.,0.,1.));
#948 = DIRECTION('',(1.,0.,0.));
#949 = ADVANCED_FACE('',(#950),#956,.T.);
#950 = FACE_BOUND('',#951,.T.);
#951 = EDGE_LOOP('',(#952,#953,#954,#955));
#952 = ORIENTED_EDGE('',*,*,#843,.F.);
#953 = ORIENTED_EDGE('',*,*,#904,.T.);
#954 = ORIENTED_EDGE('',*,*,#883,.T.);
#955 = ORIENTED_EDGE('',*,*,#926,.F.);
#956 = PLANE('',#957);
#957 = AXIS2_PLACEMENT_3D('',#958,#959,#960);
#958 = CARTESIAN_POINT('',(-0.202,4.724,7.5E-02));
#959 = DIRECTION('',(0.,0.,1.));
#960 = DIRECTION('',(1.,0.,0.));
#961 = MANIFOLD_SOLID_BREP('',#962);
#962 = CLOSED_SHELL('',(#963,#1003,#1043,#1065,#1087,#1099));
#963 = ADVANCED_FACE('',(#964),#998,.F.);
#964 = FACE_BOUND('',#965,.F.);
#965 = EDGE_LOOP('',(#966,#976,#984,#992));
#966 = ORIENTED_EDGE('',*,*,#967,.F.);
#967 = EDGE_CURVE('',#968,#970,#972,.T.);
#968 = VERTEX_POINT('',#969);
#969 = CARTESIAN_POINT('',(-1.302,4.724,0.));
#970 = VERTEX_POINT('',#971);
#971 = CARTESIAN_POINT('',(-1.302,4.724,7.5E-02));
#972 = LINE('',#973,#974);
#973 = CARTESIAN_POINT('',(-1.302,4.724,0.));
#974 = VECTOR('',#975,1.);
#975 = DIRECTION('',(0.,0.,1.));
#976 = ORIENTED_EDGE('',*,*,#977,.T.);
#977 = EDGE_CURVE('',#968,#978,#980,.T.);
#978 = VERTEX_POINT('',#979);
#979 = CARTESIAN_POINT('',(-1.302,5.876,0.));
#980 = LINE('',#981,#982);
#981 = CARTESIAN_POINT('',(-1.302,4.724,0.));
#982 = VECTOR('',#983,1.);
#983 = DIRECTION('',(0.,1.,0.));
#984 = ORIENTED_EDGE('',*,*,#985,.T.);
#985 = EDGE_CURVE('',#978,#986,#988,.T.);
#986 = VERTEX_POINT('',#987);
#987 = CARTESIAN_POINT('',(-1.302,5.876,7.5E-02));
#988 = LINE('',#989,#990);
#989 = CARTESIAN_POINT('',(-1.302,5.876,0.));
#990 = VECTOR('',#991,1.);
#991 = DIRECTION('',(0.,0.,1.));
#992 = ORIENTED_EDGE('',*,*,#993,.F.);
#993 = EDGE_CURVE('',#970,#986,#994,.T.);
#994 = LINE('',#995,#996);
#995 = CARTESIAN_POINT('',(-1.302,4.724,7.5E-02));
#996 = VECTOR('',#997,1.);
#997 = DIRECTION('',(0.,1.,0.));
#998 = PLANE('',#999);
#999 = AXIS2_PLACEMENT_3D('',#1000,#1001,#1002);
#1000 = CARTESIAN_POINT('',(-1.302,4.724,0.));
#1001 = DIRECTION('',(1.,0.,0.));
#1002 = DIRECTION('',(0.,0.,1.));
#1003 = ADVANCED_FACE('',(#1004),#1038,.T.);
#1004 = FACE_BOUND('',#1005,.T.);
#1005 = EDGE_LOOP('',(#1006,#1016,#1024,#1032));
#1006 = ORIENTED_EDGE('',*,*,#1007,.F.);
#1007 = EDGE_CURVE('',#1008,#1010,#1012,.T.);
#1008 = VERTEX_POINT('',#1009);
#1009 = CARTESIAN_POINT('',(-0.798,4.724,0.));
#1010 = VERTEX_POINT('',#1011);
#1011 = CARTESIAN_POINT('',(-0.798,4.724,7.5E-02));
#1012 = LINE('',#1013,#1014);
#1013 = CARTESIAN_POINT('',(-0.798,4.724,0.));
#1014 = VECTOR('',#1015,1.);
#1015 = DIRECTION('',(0.,0.,1.));
#1016 = ORIENTED_EDGE('',*,*,#1017,.T.);
#1017 = EDGE_CURVE('',#1008,#1018,#1020,.T.);
#1018 = VERTEX_POINT('',#1019);
#1019 = CARTESIAN_POINT('',(-0.798,5.876,0.));
#1020 = LINE('',#1021,#1022);
#1021 = CARTESIAN_POINT('',(-0.798,4.724,0.));
#1022 = VECTOR('',#1023,1.);
#1023 = DIRECTION('',(0.,1.,0.));
#1024 = ORIENTED_EDGE('',*,*,#1025,.T.);
#1025 = EDGE_CURVE('',#1018,#1026,#1028,.T.);
#1026 = VERTEX_POINT('',#1027);
#1027 = CARTESIAN_POINT('',(-0.798,5.876,7.5E-02));
#1028 = LINE('',#1029,#1030);
#1029 = CARTESIAN_POINT('',(-0.798,5.876,0.));
#1030 = VECTOR('',#1031,1.);
#1031 = DIRECTION('',(0.,0.,1.));
#1032 = ORIENTED_EDGE('',*,*,#1033,.F.);
#1033 = EDGE_CURVE('',#1010,#1026,#1034,.T.);
#1034 = LINE('',#1035,#1036);
#1035 = CARTESIAN_POINT('',(-0.798,4.724,7.5E-02));
#1036 = VECTOR('',#1037,1.);
#1037 = DIRECTION('',(0.,1.,0.));
#1038 = PLANE('',#1039);
#1039 = AXIS2_PLACEMENT_3D('',#1040,#1041,#1042);
#1040 = CARTESIAN_POINT('',(-0.798,4.724,0.));
#1041 = DIRECTION('',(1.,0.,0.));
#1042 = DIRECTION('',(0.,0.,1.));
#1043 = ADVANCED_FACE('',(#1044),#1060,.F.);
#1044 = FACE_BOUND('',#1045,.F.);
#1045 = EDGE_LOOP('',(#1046,#1052,#1053,#1059));
#1046 = ORIENTED_EDGE('',*,*,#1047,.F.);
#1047 = EDGE_CURVE('',#968,#1008,#1048,.T.);
#1048 = LINE('',#1049,#1050);
#1049 = CARTESIAN_POINT('',(-1.302,4.724,0.));
#1050 = VECTOR('',#1051,1.);
#1051 = DIRECTION('',(1.,0.,0.));
#1052 = ORIENTED_EDGE('',*,*,#967,.T.);
#1053 = ORIENTED_EDGE('',*,*,#1054,.T.);
#1054 = EDGE_CURVE('',#970,#1010,#1055,.T.);
#1055 = LINE('',#1056,#1057);
#1056 = CARTESIAN_POINT('',(-1.302,4.724,7.5E-02));
#1057 = VECTOR('',#1058,1.);
#1058 = DIRECTION('',(1.,0.,0.));
#1059 = ORIENTED_EDGE('',*,*,#1007,.F.);
#1060 = PLANE('',#1061);
#1061 = AXIS2_PLACEMENT_3D('',#1062,#1063,#1064);
#1062 = CARTESIAN_POINT('',(-1.302,4.724,0.));
#1063 = DIRECTION('',(0.,1.,0.));
#1064 = DIRECTION('',(0.,0.,1.));
#1065 = ADVANCED_FACE('',(#1066),#1082,.T.);
#1066 = FACE_BOUND('',#1067,.T.);
#1067 = EDGE_LOOP('',(#1068,#1074,#1075,#1081));
#1068 = ORIENTED_EDGE('',*,*,#1069,.F.);
#1069 = EDGE_CURVE('',#978,#1018,#1070,.T.);
#1070 = LINE('',#1071,#1072);
#1071 = CARTESIAN_POINT('',(-1.302,5.876,0.));
#1072 = VECTOR('',#1073,1.);
#1073 = DIRECTION('',(1.,0.,0.));
#1074 = ORIENTED_EDGE('',*,*,#985,.T.);
#1075 = ORIENTED_EDGE('',*,*,#1076,.T.);
#1076 = EDGE_CURVE('',#986,#1026,#1077,.T.);
#1077 = LINE('',#1078,#1079);
#1078 = CARTESIAN_POINT('',(-1.302,5.876,7.5E-02));
#1079 = VECTOR('',#1080,1.);
#1080 = DIRECTION('',(1.,0.,0.));
#1081 = ORIENTED_EDGE('',*,*,#1025,.F.);
#1082 = PLANE('',#1083);
#1083 = AXIS2_PLACEMENT_3D('',#1084,#1085,#1086);
#1084 = CARTESIAN_POINT('',(-1.302,5.876,0.));
#1085 = DIRECTION('',(0.,1.,0.));
#1086 = DIRECTION('',(0.,0.,1.));
#1087 = ADVANCED_FACE('',(#1088),#1094,.F.);
#1088 = FACE_BOUND('',#1089,.F.);
#1089 = EDGE_LOOP('',(#1090,#1091,#1092,#1093));
#1090 = ORIENTED_EDGE('',*,*,#977,.F.);
#1091 = ORIENTED_EDGE('',*,*,#1047,.T.);
#1092 = ORIENTED_EDGE('',*,*,#1017,.T.);
#1093 = ORIENTED_EDGE('',*,*,#1069,.F.);
#1094 = PLANE('',#1095);
#1095 = AXIS2_PLACEMENT_3D('',#1096,#1097,#1098);
#1096 = CARTESIAN_POINT('',(-1.302,4.724,0.));
#1097 = DIRECTION('',(0.,0.,1.));
#1098 = DIRECTION('',(1.,0.,0.));
#1099 = ADVANCED_FACE('',(#1100),#1106,.T.);
#1100 = FACE_BOUND('',#1101,.T.);
#1101 = EDGE_LOOP('',(#1102,#1103,#1104,#1105));
#1102 = ORIENTED_EDGE('',*,*,#993,.F.);
#1103 = ORIENTED_EDGE('',*,*,#1054,.T.);
#1104 = ORIENTED_EDGE('',*,*,#1033,.T.);
#1105 = ORIENTED_EDGE('',*,*,#1076,.F.);
#1106 = PLANE('',#1107);
#1107 = AXIS2_PLACEMENT_3D('',#1108,#1109,#1110);
#1108 = CARTESIAN_POINT('',(-1.302,4.724,7.5E-02));
#1109 = DIRECTION('',(0.,0.,1.));
#1110 = DIRECTION('',(1.,0.,0.));
#1111 = MANIFOLD_SOLID_BREP('',#1112);
#1112 = CLOSED_SHELL('',(#1113,#1153,#1193,#1215,#1237,#1249));
#1113 = ADVANCED_FACE('',(#1114),#1148,.F.);
#1114 = FACE_BOUND('',#1115,.F.);
#1115 = EDGE_LOOP('',(#1116,#1126,#1134,#1142));
#1116 = ORIENTED_EDGE('',*,*,#1117,.F.);
#1117 = EDGE_CURVE('',#1118,#1120,#1122,.T.);
#1118 = VERTEX_POINT('',#1119);
#1119 = CARTESIAN_POINT('',(-2.402,4.724,0.));
#1120 = VERTEX_POINT('',#1121);
#1121 = CARTESIAN_POINT('',(-2.402,4.724,7.5E-02));
#1122 = LINE('',#1123,#1124);
#1123 = CARTESIAN_POINT('',(-2.402,4.724,0.));
#1124 = VECTOR('',#1125,1.);
#1125 = DIRECTION('',(0.,0.,1.));
#1126 = ORIENTED_EDGE('',*,*,#1127,.T.);
#1127 = EDGE_CURVE('',#1118,#1128,#1130,.T.);
#1128 = VERTEX_POINT('',#1129);
#1129 = CARTESIAN_POINT('',(-2.402,5.876,0.));
#1130 = LINE('',#1131,#1132);
#1131 = CARTESIAN_POINT('',(-2.402,4.724,0.));
#1132 = VECTOR('',#1133,1.);
#1133 = DIRECTION('',(0.,1.,0.));
#1134 = ORIENTED_EDGE('',*,*,#1135,.T.);
#1135 = EDGE_CURVE('',#1128,#1136,#1138,.T.);
#1136 = VERTEX_POINT('',#1137);
#1137 = CARTESIAN_POINT('',(-2.402,5.876,7.5E-02));
#1138 = LINE('',#1139,#1140);
#1139 = CARTESIAN_POINT('',(-2.402,5.876,0.));
#1140 = VECTOR('',#1141,1.);
#1141 = DIRECTION('',(0.,0.,1.));
#1142 = ORIENTED_EDGE('',*,*,#1143,.F.);
#1143 = EDGE_CURVE('',#1120,#1136,#1144,.T.);
#1144 = LINE('',#1145,#1146);
#1145 = CARTESIAN_POINT('',(-2.402,4.724,7.5E-02));
#1146 = VECTOR('',#1147,1.);
#1147 = DIRECTION('',(0.,1.,0.));
#1148 = PLANE('',#1149);
#1149 = AXIS2_PLACEMENT_3D('',#1150,#1151,#1152);
#1150 = CARTESIAN_POINT('',(-2.402,4.724,0.));
#1151 = DIRECTION('',(1.,0.,0.));
#1152 = DIRECTION('',(0.,0.,1.));
#1153 = ADVANCED_FACE('',(#1154),#1188,.T.);
#1154 = FACE_BOUND('',#1155,.T.);
#1155 = EDGE_LOOP('',(#1156,#1166,#1174,#1182));
#1156 = ORIENTED_EDGE('',*,*,#1157,.F.);
#1157 = EDGE_CURVE('',#1158,#1160,#1162,.T.);
#1158 = VERTEX_POINT('',#1159);
#1159 = CARTESIAN_POINT('',(-1.898,4.724,0.));
#1160 = VERTEX_POINT('',#1161);
#1161 = CARTESIAN_POINT('',(-1.898,4.724,7.5E-02));
#1162 = LINE('',#1163,#1164);
#1163 = CARTESIAN_POINT('',(-1.898,4.724,0.));
#1164 = VECTOR('',#1165,1.);
#1165 = DIRECTION('',(0.,0.,1.));
#1166 = ORIENTED_EDGE('',*,*,#1167,.T.);
#1167 = EDGE_CURVE('',#1158,#1168,#1170,.T.);
#1168 = VERTEX_POINT('',#1169);
#1169 = CARTESIAN_POINT('',(-1.898,5.876,0.));
#1170 = LINE('',#1171,#1172);
#1171 = CARTESIAN_POINT('',(-1.898,4.724,0.));
#1172 = VECTOR('',#1173,1.);
#1173 = DIRECTION('',(0.,1.,0.));
#1174 = ORIENTED_EDGE('',*,*,#1175,.T.);
#1175 = EDGE_CURVE('',#1168,#1176,#1178,.T.);
#1176 = VERTEX_POINT('',#1177);
#1177 = CARTESIAN_POINT('',(-1.898,5.876,7.5E-02));
#1178 = LINE('',#1179,#1180);
#1179 = CARTESIAN_POINT('',(-1.898,5.876,0.));
#1180 = VECTOR('',#1181,1.);
#1181 = DIRECTION('',(0.,0.,1.));
#1182 = ORIENTED_EDGE('',*,*,#1183,.F.);
#1183 = EDGE_CURVE('',#1160,#1176,#1184,.T.);
#1184 = LINE('',#1185,#1186);
#1185 = CARTESIAN_POINT('',(-1.898,4.724,7.5E-02));
#1186 = VECTOR('',#1187,1.);
#1187 = DIRECTION('',(0.,1.,0.));
#1188 = PLANE('',#1189);
#1189 = AXIS2_PLACEMENT_3D('',#1190,#1191,#1192);
#1190 = CARTESIAN_POINT('',(-1.898,4.724,0.));
#1191 = DIRECTION('',(1.,0.,0.));
#1192 = DIRECTION('',(0.,0.,1.));
#1193 = ADVANCED_FACE('',(#1194),#1210,.F.);
#1194 = FACE_BOUND('',#1195,.F.);
#1195 = EDGE_LOOP('',(#1196,#1202,#1203,#1209));
#1196 = ORIENTED_EDGE('',*,*,#1197,.F.);
#1197 = EDGE_CURVE('',#1118,#1158,#1198,.T.);
#1198 = LINE('',#1199,#1200);
#1199 = CARTESIAN_POINT('',(-2.402,4.724,0.));
#1200 = VECTOR('',#1201,1.);
#1201 = DIRECTION('',(1.,0.,0.));
#1202 = ORIENTED_EDGE('',*,*,#1117,.T.);
#1203 = ORIENTED_EDGE('',*,*,#1204,.T.);
#1204 = EDGE_CURVE('',#1120,#1160,#1205,.T.);
#1205 = LINE('',#1206,#1207);
#1206 = CARTESIAN_POINT('',(-2.402,4.724,7.5E-02));
#1207 = VECTOR('',#1208,1.);
#1208 = DIRECTION('',(1.,0.,0.));
#1209 = ORIENTED_EDGE('',*,*,#1157,.F.);
#1210 = PLANE('',#1211);
#1211 = AXIS2_PLACEMENT_3D('',#1212,#1213,#1214);
#1212 = CARTESIAN_POINT('',(-2.402,4.724,0.));
#1213 = DIRECTION('',(0.,1.,0.));
#1214 = DIRECTION('',(0.,0.,1.));
#1215 = ADVANCED_FACE('',(#1216),#1232,.T.);
#1216 = FACE_BOUND('',#1217,.T.);
#1217 = EDGE_LOOP('',(#1218,#1224,#1225,#1231));
#1218 = ORIENTED_EDGE('',*,*,#1219,.F.);
#1219 = EDGE_CURVE('',#1128,#1168,#1220,.T.);
#1220 = LINE('',#1221,#1222);
#1221 = CARTESIAN_POINT('',(-2.402,5.876,0.));
#1222 = VECTOR('',#1223,1.);
#1223 = DIRECTION('',(1.,0.,0.));
#1224 = ORIENTED_EDGE('',*,*,#1135,.T.);
#1225 = ORIENTED_EDGE('',*,*,#1226,.T.);
#1226 = EDGE_CURVE('',#1136,#1176,#1227,.T.);
#1227 = LINE('',#1228,#1229);
#1228 = CARTESIAN_POINT('',(-2.402,5.876,7.5E-02));
#1229 = VECTOR('',#1230,1.);
#1230 = DIRECTION('',(1.,0.,0.));
#1231 = ORIENTED_EDGE('',*,*,#1175,.F.);
#1232 = PLANE('',#1233);
#1233 = AXIS2_PLACEMENT_3D('',#1234,#1235,#1236);
#1234 = CARTESIAN_POINT('',(-2.402,5.876,0.));
#1235 = DIRECTION('',(0.,1.,0.));
#1236 = DIRECTION('',(0.,0.,1.));
#1237 = ADVANCED_FACE('',(#1238),#1244,.F.);
#1238 = FACE_BOUND('',#1239,.F.);
#1239 = EDGE_LOOP('',(#1240,#1241,#1242,#1243));
#1240 = ORIENTED_EDGE('',*,*,#1127,.F.);
#1241 = ORIENTED_EDGE('',*,*,#1197,.T.);
#1242 = ORIENTED_EDGE('',*,*,#1167,.T.);
#1243 = ORIENTED_EDGE('',*,*,#1219,.F.);
#1244 = PLANE('',#1245);
#1245 = AXIS2_PLACEMENT_3D('',#1246,#1247,#1248);
#1246 = CARTESIAN_POINT('',(-2.402,4.724,0.));
#1247 = DIRECTION('',(0.,0.,1.));
#1248 = DIRECTION('',(1.,0.,0.));
#1249 = ADVANCED_FACE('',(#1250),#1256,.T.);
#1250 = FACE_BOUND('',#1251,.T.);
#1251 = EDGE_LOOP('',(#1252,#1253,#1254,#1255));
#1252 = ORIENTED_EDGE('',*,*,#1143,.F.);
#1253 = ORIENTED_EDGE('',*,*,#1204,.T.);
#1254 = ORIENTED_EDGE('',*,*,#1183,.T.);
#1255 = ORIENTED_EDGE('',*,*,#1226,.F.);
#1256 = PLANE('',#1257);
#1257 = AXIS2_PLACEMENT_3D('',#1258,#1259,#1260);
#1258 = CARTESIAN_POINT('',(-2.402,4.724,7.5E-02));
#1259 = DIRECTION('',(0.,0.,1.));
#1260 = DIRECTION('',(1.,0.,0.));
#1261 = MANIFOLD_SOLID_BREP('',#1262);
#1262 = CLOSED_SHELL('',(#1263,#1303,#1343,#1365,#1387,#1399));
#1263 = ADVANCED_FACE('',(#1264),#1298,.F.);
#1264 = FACE_BOUND('',#1265,.F.);
#1265 = EDGE_LOOP('',(#1266,#1276,#1284,#1292));
#1266 = ORIENTED_EDGE('',*,*,#1267,.F.);
#1267 = EDGE_CURVE('',#1268,#1270,#1272,.T.);
#1268 = VERTEX_POINT('',#1269);
#1269 = CARTESIAN_POINT('',(-3.502,4.724,0.));
#1270 = VERTEX_POINT('',#1271);
#1271 = CARTESIAN_POINT('',(-3.502,4.724,7.5E-02));
#1272 = LINE('',#1273,#1274);
#1273 = CARTESIAN_POINT('',(-3.502,4.724,0.));
#1274 = VECTOR('',#1275,1.);
#1275 = DIRECTION('',(0.,0.,1.));
#1276 = ORIENTED_EDGE('',*,*,#1277,.T.);
#1277 = EDGE_CURVE('',#1268,#1278,#1280,.T.);
#1278 = VERTEX_POINT('',#1279);
#1279 = CARTESIAN_POINT('',(-3.502,5.876,0.));
#1280 = LINE('',#1281,#1282);
#1281 = CARTESIAN_POINT('',(-3.502,4.724,0.));
#1282 = VECTOR('',#1283,1.);
#1283 = DIRECTION('',(0.,1.,0.));
#1284 = ORIENTED_EDGE('',*,*,#1285,.T.);
#1285 = EDGE_CURVE('',#1278,#1286,#1288,.T.);
#1286 = VERTEX_POINT('',#1287);
#1287 = CARTESIAN_POINT('',(-3.502,5.876,7.5E-02));
#1288 = LINE('',#1289,#1290);
#1289 = CARTESIAN_POINT('',(-3.502,5.876,0.));
#1290 = VECTOR('',#1291,1.);
#1291 = DIRECTION('',(0.,0.,1.));
#1292 = ORIENTED_EDGE('',*,*,#1293,.F.);
#1293 = EDGE_CURVE('',#1270,#1286,#1294,.T.);
#1294 = LINE('',#1295,#1296);
#1295 = CARTESIAN_POINT('',(-3.502,4.724,7.5E-02));
#1296 = VECTOR('',#1297,1.);
#1297 = DIRECTION('',(0.,1.,0.));
#1298 = PLANE('',#1299);
#1299 = AXIS2_PLACEMENT_3D('',#1300,#1301,#1302);
#1300 = CARTESIAN_POINT('',(-3.502,4.724,0.));
#1301 = DIRECTION('',(1.,0.,0.));
#1302 = DIRECTION('',(0.,0.,1.));
#1303 = ADVANCED_FACE('',(#1304),#1338,.T.);
#1304 = FACE_BOUND('',#1305,.T.);
#1305 = EDGE_LOOP('',(#1306,#1316,#1324,#1332));
#1306 = ORIENTED_EDGE('',*,*,#1307,.F.);
#1307 = EDGE_CURVE('',#1308,#1310,#1312,.T.);
#1308 = VERTEX_POINT('',#1309);
#1309 = CARTESIAN_POINT('',(-2.998,4.724,0.));
#1310 = VERTEX_POINT('',#1311);
#1311 = CARTESIAN_POINT('',(-2.998,4.724,7.5E-02));
#1312 = LINE('',#1313,#1314);
#1313 = CARTESIAN_POINT('',(-2.998,4.724,0.));
#1314 = VECTOR('',#1315,1.);
#1315 = DIRECTION('',(0.,0.,1.));
#1316 = ORIENTED_EDGE('',*,*,#1317,.T.);
#1317 = EDGE_CURVE('',#1308,#1318,#1320,.T.);
#1318 = VERTEX_POINT('',#1319);
#1319 = CARTESIAN_POINT('',(-2.998,5.876,0.));
#1320 = LINE('',#1321,#1322);
#1321 = CARTESIAN_POINT('',(-2.998,4.724,0.));
#1322 = VECTOR('',#1323,1.);
#1323 = DIRECTION('',(0.,1.,0.));
#1324 = ORIENTED_EDGE('',*,*,#1325,.T.);
#1325 = EDGE_CURVE('',#1318,#1326,#1328,.T.);
#1326 = VERTEX_POINT('',#1327);
#1327 = CARTESIAN_POINT('',(-2.998,5.876,7.5E-02));
#1328 = LINE('',#1329,#1330);
#1329 = CARTESIAN_POINT('',(-2.998,5.876,0.));
#1330 = VECTOR('',#1331,1.);
#1331 = DIRECTION('',(0.,0.,1.));
#1332 = ORIENTED_EDGE('',*,*,#1333,.F.);
#1333 = EDGE_CURVE('',#1310,#1326,#1334,.T.);
#1334 = LINE('',#1335,#1336);
#1335 = CARTESIAN_POINT('',(-2.998,4.724,7.5E-02));
#1336 = VECTOR('',#1337,1.);
#1337 = DIRECTION('',(0.,1.,0.));
#1338 = PLANE('',#1339);
#1339 = AXIS2_PLACEMENT_3D('',#1340,#1341,#1342);
#1340 = CARTESIAN_POINT('',(-2.998,4.724,0.));
#1341 = DIRECTION('',(1.,0.,0.));
#1342 = DIRECTION('',(0.,0.,1.));
#1343 = ADVANCED_FACE('',(#1344),#1360,.F.);
#1344 = FACE_BOUND('',#1345,.F.);
#1345 = EDGE_LOOP('',(#1346,#1352,#1353,#1359));
#1346 = ORIENTED_EDGE('',*,*,#1347,.F.);
#1347 = EDGE_CURVE('',#1268,#1308,#1348,.T.);
#1348 = LINE('',#1349,#1350);
#1349 = CARTESIAN_POINT('',(-3.502,4.724,0.));
#1350 = VECTOR('',#1351,1.);
#1351 = DIRECTION('',(1.,0.,0.));
#1352 = ORIENTED_EDGE('',*,*,#1267,.T.);
#1353 = ORIENTED_EDGE('',*,*,#1354,.T.);
#1354 = EDGE_CURVE('',#1270,#1310,#1355,.T.);
#1355 = LINE('',#1356,#1357);
#1356 = CARTESIAN_POINT('',(-3.502,4.724,7.5E-02));
#1357 = VECTOR('',#1358,1.);
#1358 = DIRECTION('',(1.,0.,0.));
#1359 = ORIENTED_EDGE('',*,*,#1307,.F.);
#1360 = PLANE('',#1361);
#1361 = AXIS2_PLACEMENT_3D('',#1362,#1363,#1364);
#1362 = CARTESIAN_POINT('',(-3.502,4.724,0.));
#1363 = DIRECTION('',(0.,1.,0.));
#1364 = DIRECTION('',(0.,0.,1.));
#1365 = ADVANCED_FACE('',(#1366),#1382,.T.);
#1366 = FACE_BOUND('',#1367,.T.);
#1367 = EDGE_LOOP('',(#1368,#1374,#1375,#1381));
#1368 = ORIENTED_EDGE('',*,*,#1369,.F.);
#1369 = EDGE_CURVE('',#1278,#1318,#1370,.T.);
#1370 = LINE('',#1371,#1372);
#1371 = CARTESIAN_POINT('',(-3.502,5.876,0.));
#1372 = VECTOR('',#1373,1.);
#1373 = DIRECTION('',(1.,0.,0.));
#1374 = ORIENTED_EDGE('',*,*,#1285,.T.);
#1375 = ORIENTED_EDGE('',*,*,#1376,.T.);
#1376 = EDGE_CURVE('',#1286,#1326,#1377,.T.);
#1377 = LINE('',#1378,#1379);
#1378 = CARTESIAN_POINT('',(-3.502,5.876,7.5E-02));
#1379 = VECTOR('',#1380,1.);
#1380 = DIRECTION('',(1.,0.,0.));
#1381 = ORIENTED_EDGE('',*,*,#1325,.F.);
#1382 = PLANE('',#1383);
#1383 = AXIS2_PLACEMENT_3D('',#1384,#1385,#1386);
#1384 = CARTESIAN_POINT('',(-3.502,5.876,0.));
#1385 = DIRECTION('',(0.,1.,0.));
#1386 = DIRECTION('',(0.,0.,1.));
#1387 = ADVANCED_FACE('',(#1388),#1394,.F.);
#1388 = FACE_BOUND('',#1389,.F.);
#1389 = EDGE_LOOP('',(#1390,#1391,#1392,#1393));
#1390 = ORIENTED_EDGE('',*,*,#1277,.F.);
#1391 = ORIENTED_EDGE('',*,*,#1347,.T.);
#1392 = ORIENTED_EDGE('',*,*,#1317,.T.);
#1393 = ORIENTED_EDGE('',*,*,#1369,.F.);
#1394 = PLANE('',#1395);
#1395 = AXIS2_PLACEMENT_3D('',#1396,#1397,#1398);
#1396 = CARTESIAN_POINT('',(-3.502,4.724,0.));
#1397 = DIRECTION('',(0.,0.,1.));
#1398 = DIRECTION('',(1.,0.,0.));
#1399 = ADVANCED_FACE('',(#1400),#1406,.T.);
#1400 = FACE_BOUND('',#1401,.T.);
#1401 = EDGE_LOOP('',(#1402,#1403,#1404,#1405));
#1402 = ORIENTED_EDGE('',*,*,#1293,.F.);
#1403 = ORIENTED_EDGE('',*,*,#1354,.T.);
#1404 = ORIENTED_EDGE('',*,*,#1333,.T.);
#1405 = ORIENTED_EDGE('',*,*,#1376,.F.);
#1406 = PLANE('',#1407);
#1407 = AXIS2_PLACEMENT_3D('',#1408,#1409,#1410);
#1408 = CARTESIAN_POINT('',(-3.502,4.724,7.5E-02));
#1409 = DIRECTION('',(0.,0.,1.));
#1410 = DIRECTION('',(1.,0.,0.));
#1411 = MANIFOLD_SOLID_BREP('',#1412);
#1412 = CLOSED_SHELL('',(#1413,#1453,#1493,#1515,#1537,#1549));
#1413 = ADVANCED_FACE('',(#1414),#1448,.F.);
#1414 = FACE_BOUND('',#1415,.F.);
#1415 = EDGE_LOOP('',(#1416,#1426,#1434,#1442));
#1416 = ORIENTED_EDGE('',*,*,#1417,.F.);
#1417 = EDGE_CURVE('',#1418,#1420,#1422,.T.);
#1418 = VERTEX_POINT('',#1419);
#1419 = CARTESIAN_POINT('',(-4.602,4.724,0.));
#1420 = VERTEX_POINT('',#1421);
#1421 = CARTESIAN_POINT('',(-4.602,4.724,7.5E-02));
#1422 = LINE('',#1423,#1424);
#1423 = CARTESIAN_POINT('',(-4.602,4.724,0.));
#1424 = VECTOR('',#1425,1.);
#1425 = DIRECTION('',(0.,0.,1.));
#1426 = ORIENTED_EDGE('',*,*,#1427,.T.);
#1427 = EDGE_CURVE('',#1418,#1428,#1430,.T.);
#1428 = VERTEX_POINT('',#1429);
#1429 = CARTESIAN_POINT('',(-4.602,5.876,0.));
#1430 = LINE('',#1431,#1432);
#1431 = CARTESIAN_POINT('',(-4.602,4.724,0.));
#1432 = VECTOR('',#1433,1.);
#1433 = DIRECTION('',(0.,1.,0.));
#1434 = ORIENTED_EDGE('',*,*,#1435,.T.);
#1435 = EDGE_CURVE('',#1428,#1436,#1438,.T.);
#1436 = VERTEX_POINT('',#1437);
#1437 = CARTESIAN_POINT('',(-4.602,5.876,7.5E-02));
#1438 = LINE('',#1439,#1440);
#1439 = CARTESIAN_POINT('',(-4.602,5.876,0.));
#1440 = VECTOR('',#1441,1.);
#1441 = DIRECTION('',(0.,0.,1.));
#1442 = ORIENTED_EDGE('',*,*,#1443,.F.);
#1443 = EDGE_CURVE('',#1420,#1436,#1444,.T.);
#1444 = LINE('',#1445,#1446);
#1445 = CARTESIAN_POINT('',(-4.602,4.724,7.5E-02));
#1446 = VECTOR('',#1447,1.);
#1447 = DIRECTION('',(0.,1.,0.));
#1448 = PLANE('',#1449);
#1449 = AXIS2_PLACEMENT_3D('',#1450,#1451,#1452);
#1450 = CARTESIAN_POINT('',(-4.602,4.724,0.));
#1451 = DIRECTION('',(1.,0.,0.));
#1452 = DIRECTION('',(0.,0.,1.));
#1453 = ADVANCED_FACE('',(#1454),#1488,.T.);
#1454 = FACE_BOUND('',#1455,.T.);
#1455 = EDGE_LOOP('',(#1456,#1466,#1474,#1482));
#1456 = ORIENTED_EDGE('',*,*,#1457,.F.);
#1457 = EDGE_CURVE('',#1458,#1460,#1462,.T.);
#1458 = VERTEX_POINT('',#1459);
#1459 = CARTESIAN_POINT('',(-4.098,4.724,0.));
#1460 = VERTEX_POINT('',#1461);
#1461 = CARTESIAN_POINT('',(-4.098,4.724,7.5E-02));
#1462 = LINE('',#1463,#1464);
#1463 = CARTESIAN_POINT('',(-4.098,4.724,0.));
#1464 = VECTOR('',#1465,1.);
#1465 = DIRECTION('',(0.,0.,1.));
#1466 = ORIENTED_EDGE('',*,*,#1467,.T.);
#1467 = EDGE_CURVE('',#1458,#1468,#1470,.T.);
#1468 = VERTEX_POINT('',#1469);
#1469 = CARTESIAN_POINT('',(-4.098,5.876,0.));
#1470 = LINE('',#1471,#1472);
#1471 = CARTESIAN_POINT('',(-4.098,4.724,0.));
#1472 = VECTOR('',#1473,1.);
#1473 = DIRECTION('',(0.,1.,0.));
#1474 = ORIENTED_EDGE('',*,*,#1475,.T.);
#1475 = EDGE_CURVE('',#1468,#1476,#1478,.T.);
#1476 = VERTEX_POINT('',#1477);
#1477 = CARTESIAN_POINT('',(-4.098,5.876,7.5E-02));
#1478 = LINE('',#1479,#1480);
#1479 = CARTESIAN_POINT('',(-4.098,5.876,0.));
#1480 = VECTOR('',#1481,1.);
#1481 = DIRECTION('',(0.,0.,1.));
#1482 = ORIENTED_EDGE('',*,*,#1483,.F.);
#1483 = EDGE_CURVE('',#1460,#1476,#1484,.T.);
#1484 = LINE('',#1485,#1486);
#1485 = CARTESIAN_POINT('',(-4.098,4.724,7.5E-02));
#1486 = VECTOR('',#1487,1.);
#1487 = DIRECTION('',(0.,1.,0.));
#1488 = PLANE('',#1489);
#1489 = AXIS2_PLACEMENT_3D('',#1490,#1491,#1492);
#1490 = CARTESIAN_POINT('',(-4.098,4.724,0.));
#1491 = DIRECTION('',(1.,0.,0.));
#1492 = DIRECTION('',(0.,0.,1.));
#1493 = ADVANCED_FACE('',(#1494),#1510,.F.);
#1494 = FACE_BOUND('',#1495,.F.);
#1495 = EDGE_LOOP('',(#1496,#1502,#1503,#1509));
#1496 = ORIENTED_EDGE('',*,*,#1497,.F.);
#1497 = EDGE_CURVE('',#1418,#1458,#1498,.T.);
#1498 = LINE('',#1499,#1500);
#1499 = CARTESIAN_POINT('',(-4.602,4.724,0.));
#1500 = VECTOR('',#1501,1.);
#1501 = DIRECTION('',(1.,0.,0.));
#1502 = ORIENTED_EDGE('',*,*,#1417,.T.);
#1503 = ORIENTED_EDGE('',*,*,#1504,.T.);
#1504 = EDGE_CURVE('',#1420,#1460,#1505,.T.);
#1505 = LINE('',#1506,#1507);
#1506 = CARTESIAN_POINT('',(-4.602,4.724,7.5E-02));
#1507 = VECTOR('',#1508,1.);
#1508 = DIRECTION('',(1.,0.,0.));
#1509 = ORIENTED_EDGE('',*,*,#1457,.F.);
#1510 = PLANE('',#1511);
#1511 = AXIS2_PLACEMENT_3D('',#1512,#1513,#1514);
#1512 = CARTESIAN_POINT('',(-4.602,4.724,0.));
#1513 = DIRECTION('',(0.,1.,0.));
#1514 = DIRECTION('',(0.,0.,1.));
#1515 = ADVANCED_FACE('',(#1516),#1532,.T.);
#1516 = FACE_BOUND('',#1517,.T.);
#1517 = EDGE_LOOP('',(#1518,#1524,#1525,#1531));
#1518 = ORIENTED_EDGE('',*,*,#1519,.F.);
#1519 = EDGE_CURVE('',#1428,#1468,#1520,.T.);
#1520 = LINE('',#1521,#1522);
#1521 = CARTESIAN_POINT('',(-4.602,5.876,0.));
#1522 = VECTOR('',#1523,1.);
#1523 = DIRECTION('',(1.,0.,0.));
#1524 = ORIENTED_EDGE('',*,*,#1435,.T.);
#1525 = ORIENTED_EDGE('',*,*,#1526,.T.);
#1526 = EDGE_CURVE('',#1436,#1476,#1527,.T.);
#1527 = LINE('',#1528,#1529);
#1528 = CARTESIAN_POINT('',(-4.602,5.876,7.5E-02));
#1529 = VECTOR('',#1530,1.);
#1530 = DIRECTION('',(1.,0.,0.));
#1531 = ORIENTED_EDGE('',*,*,#1475,.F.);
#1532 = PLANE('',#1533);
#1533 = AXIS2_PLACEMENT_3D('',#1534,#1535,#1536);
#1534 = CARTESIAN_POINT('',(-4.602,5.876,0.));
#1535 = DIRECTION('',(0.,1.,0.));
#1536 = DIRECTION('',(0.,0.,1.));
#1537 = ADVANCED_FACE('',(#1538),#1544,.F.);
#1538 = FACE_BOUND('',#1539,.F.);
#1539 = EDGE_LOOP('',(#1540,#1541,#1542,#1543));
#1540 = ORIENTED_EDGE('',*,*,#1427,.F.);
#1541 = ORIENTED_EDGE('',*,*,#1497,.T.);
#1542 = ORIENTED_EDGE('',*,*,#1467,.T.);
#1543 = ORIENTED_EDGE('',*,*,#1519,.F.);
#1544 = PLANE('',#1545);
#1545 = AXIS2_PLACEMENT_3D('',#1546,#1547,#1548);
#1546 = CARTESIAN_POINT('',(-4.602,4.724,0.));
#1547 = DIRECTION('',(0.,0.,1.));
#1548 = DIRECTION('',(1.,0.,0.));
#1549 = ADVANCED_FACE('',(#1550),#1556,.T.);
#1550 = FACE_BOUND('',#1551,.T.);
#1551 = EDGE_LOOP('',(#1552,#1553,#1554,#1555));
#1552 = ORIENTED_EDGE('',*,*,#1443,.F.);
#1553 = ORIENTED_EDGE('',*,*,#1504,.T.);
#1554 = ORIENTED_EDGE('',*,*,#1483,.T.);
#1555 = ORIENTED_EDGE('',*,*,#1526,.F.);
#1556 = PLANE('',#1557);
#1557 = AXIS2_PLACEMENT_3D('',#1558,#1559,#1560);
#1558 = CARTESIAN_POINT('',(-4.602,4.724,7.5E-02));
#1559 = DIRECTION('',(0.,0.,1.));
#1560 = DIRECTION('',(1.,0.,0.));
#1561 = MANIFOLD_SOLID_BREP('',#1562);
#1562 = CLOSED_SHELL('',(#1563,#1603,#1643,#1665,#1687,#1699));
#1563 = ADVANCED_FACE('',(#1564),#1598,.F.);
#1564 = FACE_BOUND('',#1565,.F.);
#1565 = EDGE_LOOP('',(#1566,#1576,#1584,#1592));
#1566 = ORIENTED_EDGE('',*,*,#1567,.F.);
#1567 = EDGE_CURVE('',#1568,#1570,#1572,.T.);
#1568 = VERTEX_POINT('',#1569);
#1569 = CARTESIAN_POINT('',(-5.702,4.724,0.));
#1570 = VERTEX_POINT('',#1571);
#1571 = CARTESIAN_POINT('',(-5.702,4.724,7.5E-02));
#1572 = LINE('',#1573,#1574);
#1573 = CARTESIAN_POINT('',(-5.702,4.724,0.));
#1574 = VECTOR('',#1575,1.);
#1575 = DIRECTION('',(0.,0.,1.));
#1576 = ORIENTED_EDGE('',*,*,#1577,.T.);
#1577 = EDGE_CURVE('',#1568,#1578,#1580,.T.);
#1578 = VERTEX_POINT('',#1579);
#1579 = CARTESIAN_POINT('',(-5.702,5.876,0.));
#1580 = LINE('',#1581,#1582);
#1581 = CARTESIAN_POINT('',(-5.702,4.724,0.));
#1582 = VECTOR('',#1583,1.);
#1583 = DIRECTION('',(0.,1.,0.));
#1584 = ORIENTED_EDGE('',*,*,#1585,.T.);
#1585 = EDGE_CURVE('',#1578,#1586,#1588,.T.);
#1586 = VERTEX_POINT('',#1587);
#1587 = CARTESIAN_POINT('',(-5.702,5.876,7.5E-02));
#1588 = LINE('',#1589,#1590);
#1589 = CARTESIAN_POINT('',(-5.702,5.876,0.));
#1590 = VECTOR('',#1591,1.);
#1591 = DIRECTION('',(0.,0.,1.));
#1592 = ORIENTED_EDGE('',*,*,#1593,.F.);
#1593 = EDGE_CURVE('',#1570,#1586,#1594,.T.);
#1594 = LINE('',#1595,#1596);
#1595 = CARTESIAN_POINT('',(-5.702,4.724,7.5E-02));
#1596 = VECTOR('',#1597,1.);
#1597 = DIRECTION('',(0.,1.,0.));
#1598 = PLANE('',#1599);
#1599 = AXIS2_PLACEMENT_3D('',#1600,#1601,#1602);
#1600 = CARTESIAN_POINT('',(-5.702,4.724,0.));
#1601 = DIRECTION('',(1.,0.,0.));
#1602 = DIRECTION('',(0.,0.,1.));
#1603 = ADVANCED_FACE('',(#1604),#1638,.T.);
#1604 = FACE_BOUND('',#1605,.T.);
#1605 = EDGE_LOOP('',(#1606,#1616,#1624,#1632));
#1606 = ORIENTED_EDGE('',*,*,#1607,.F.);
#1607 = EDGE_CURVE('',#1608,#1610,#1612,.T.);
#1608 = VERTEX_POINT('',#1609);
#1609 = CARTESIAN_POINT('',(-5.198,4.724,0.));
#1610 = VERTEX_POINT('',#1611);
#1611 = CARTESIAN_POINT('',(-5.198,4.724,7.5E-02));
#1612 = LINE('',#1613,#1614);
#1613 = CARTESIAN_POINT('',(-5.198,4.724,0.));
#1614 = VECTOR('',#1615,1.);
#1615 = DIRECTION('',(0.,0.,1.));
#1616 = ORIENTED_EDGE('',*,*,#1617,.T.);
#1617 = EDGE_CURVE('',#1608,#1618,#1620,.T.);
#1618 = VERTEX_POINT('',#1619);
#1619 = CARTESIAN_POINT('',(-5.198,5.876,0.));
#1620 = LINE('',#1621,#1622);
#1621 = CARTESIAN_POINT('',(-5.198,4.724,0.));
#1622 = VECTOR('',#1623,1.);
#1623 = DIRECTION('',(0.,1.,0.));
#1624 = ORIENTED_EDGE('',*,*,#1625,.T.);
#1625 = EDGE_CURVE('',#1618,#1626,#1628,.T.);
#1626 = VERTEX_POINT('',#1627);
#1627 = CARTESIAN_POINT('',(-5.198,5.876,7.5E-02));
#1628 = LINE('',#1629,#1630);
#1629 = CARTESIAN_POINT('',(-5.198,5.876,0.));
#1630 = VECTOR('',#1631,1.);
#1631 = DIRECTION('',(0.,0.,1.));
#1632 = ORIENTED_EDGE('',*,*,#1633,.F.);
#1633 = EDGE_CURVE('',#1610,#1626,#1634,.T.);
#1634 = LINE('',#1635,#1636);
#1635 = CARTESIAN_POINT('',(-5.198,4.724,7.5E-02));
#1636 = VECTOR('',#1637,1.);
#1637 = DIRECTION('',(0.,1.,0.));
#1638 = PLANE('',#1639);
#1639 = AXIS2_PLACEMENT_3D('',#1640,#1641,#1642);
#1640 = CARTESIAN_POINT('',(-5.198,4.724,0.));
#1641 = DIRECTION('',(1.,0.,0.));
#1642 = DIRECTION('',(0.,0.,1.));
#1643 = ADVANCED_FACE('',(#1644),#1660,.F.);
#1644 = FACE_BOUND('',#1645,.F.);
#1645 = EDGE_LOOP('',(#1646,#1652,#1653,#1659));
#1646 = ORIENTED_EDGE('',*,*,#1647,.F.);
#1647 = EDGE_CURVE('',#1568,#1608,#1648,.T.);
#1648 = LINE('',#1649,#1650);
#1649 = CARTESIAN_POINT('',(-5.702,4.724,0.));
#1650 = VECTOR('',#1651,1.);
#1651 = DIRECTION('',(1.,0.,0.));
#1652 = ORIENTED_EDGE('',*,*,#1567,.T.);
#1653 = ORIENTED_EDGE('',*,*,#1654,.T.);
#1654 = EDGE_CURVE('',#1570,#1610,#1655,.T.);
#1655 = LINE('',#1656,#1657);
#1656 = CARTESIAN_POINT('',(-5.702,4.724,7.5E-02));
#1657 = VECTOR('',#1658,1.);
#1658 = DIRECTION('',(1.,0.,0.));
#1659 = ORIENTED_EDGE('',*,*,#1607,.F.);
#1660 = PLANE('',#1661);
#1661 = AXIS2_PLACEMENT_3D('',#1662,#1663,#1664);
#1662 = CARTESIAN_POINT('',(-5.702,4.724,0.));
#1663 = DIRECTION('',(0.,1.,0.));
#1664 = DIRECTION('',(0.,0.,1.));
#1665 = ADVANCED_FACE('',(#1666),#1682,.T.);
#1666 = FACE_BOUND('',#1667,.T.);
#1667 = EDGE_LOOP('',(#1668,#1674,#1675,#1681));
#1668 = ORIENTED_EDGE('',*,*,#1669,.F.);
#1669 = EDGE_CURVE('',#1578,#1618,#1670,.T.);
#1670 = LINE('',#1671,#1672);
#1671 = CARTESIAN_POINT('',(-5.702,5.876,0.));
#1672 = VECTOR('',#1673,1.);
#1673 = DIRECTION('',(1.,0.,0.));
#1674 = ORIENTED_EDGE('',*,*,#1585,.T.);
#1675 = ORIENTED_EDGE('',*,*,#1676,.T.);
#1676 = EDGE_CURVE('',#1586,#1626,#1677,.T.);
#1677 = LINE('',#1678,#1679);
#1678 = CARTESIAN_POINT('',(-5.702,5.876,7.5E-02));
#1679 = VECTOR('',#1680,1.);
#1680 = DIRECTION('',(1.,0.,0.));
#1681 = ORIENTED_EDGE('',*,*,#1625,.F.);
#1682 = PLANE('',#1683);
#1683 = AXIS2_PLACEMENT_3D('',#1684,#1685,#1686);
#1684 = CARTESIAN_POINT('',(-5.702,5.876,0.));
#1685 = DIRECTION('',(0.,1.,0.));
#1686 = DIRECTION('',(0.,0.,1.));
#1687 = ADVANCED_FACE('',(#1688),#1694,.F.);
#1688 = FACE_BOUND('',#1689,.F.);
#1689 = EDGE_LOOP('',(#1690,#1691,#1692,#1693));
#1690 = ORIENTED_EDGE('',*,*,#1577,.F.);
#1691 = ORIENTED_EDGE('',*,*,#1647,.T.);
#1692 = ORIENTED_EDGE('',*,*,#1617,.T.);
#1693 = ORIENTED_EDGE('',*,*,#1669,.F.);
#1694 = PLANE('',#1695);
#1695 = AXIS2_PLACEMENT_3D('',#1696,#1697,#1698);
#1696 = CARTESIAN_POINT('',(-5.702,4.724,0.));
#1697 = DIRECTION('',(0.,0.,1.));
#1698 = DIRECTION('',(1.,0.,0.));
#1699 = ADVANCED_FACE('',(#1700),#1706,.T.);
#1700 = FACE_BOUND('',#1701,.T.);
#1701 = EDGE_LOOP('',(#1702,#1703,#1704,#1705));
#1702 = ORIENTED_EDGE('',*,*,#1593,.F.);
#1703 = ORIENTED_EDGE('',*,*,#1654,.T.);
#1704 = ORIENTED_EDGE('',*,*,#1633,.T.);
#1705 = ORIENTED_EDGE('',*,*,#1676,.F.);
#1706 = PLANE('',#1707);
#1707 = AXIS2_PLACEMENT_3D('',#1708,#1709,#1710);
#1708 = CARTESIAN_POINT('',(-5.702,4.724,7.5E-02));
#1709 = DIRECTION('',(0.,0.,1.));
#1710 = DIRECTION('',(1.,0.,0.));
#1711 = MANIFOLD_SOLID_BREP('',#1712);
#1712 = CLOSED_SHELL('',(#1713,#1753,#1793,#1815,#1837,#1849));
#1713 = ADVANCED_FACE('',(#1714),#1748,.F.);
#1714 = FACE_BOUND('',#1715,.F.);
#1715 = EDGE_LOOP('',(#1716,#1726,#1734,#1742));
#1716 = ORIENTED_EDGE('',*,*,#1717,.F.);
#1717 = EDGE_CURVE('',#1718,#1720,#1722,.T.);
#1718 = VERTEX_POINT('',#1719);
#1719 = CARTESIAN_POINT('',(-8.182,3.76,0.));
#1720 = VERTEX_POINT('',#1721);
#1721 = CARTESIAN_POINT('',(-8.182,3.76,7.5E-02));
#1722 = LINE('',#1723,#1724);
#1723 = CARTESIAN_POINT('',(-8.182,3.76,0.));
#1724 = VECTOR('',#1725,1.);
#1725 = DIRECTION('',(0.,0.,1.));
#1726 = ORIENTED_EDGE('',*,*,#1727,.T.);
#1727 = EDGE_CURVE('',#1718,#1728,#1730,.T.);
#1728 = VERTEX_POINT('',#1729);
#1729 = CARTESIAN_POINT('',(-8.182,4.84,0.));
#1730 = LINE('',#1731,#1732);
#1731 = CARTESIAN_POINT('',(-8.182,3.76,0.));
#1732 = VECTOR('',#1733,1.);
#1733 = DIRECTION('',(0.,1.,0.));
#1734 = ORIENTED_EDGE('',*,*,#1735,.T.);
#1735 = EDGE_CURVE('',#1728,#1736,#1738,.T.);
#1736 = VERTEX_POINT('',#1737);
#1737 = CARTESIAN_POINT('',(-8.182,4.84,7.5E-02));
#1738 = LINE('',#1739,#1740);
#1739 = CARTESIAN_POINT('',(-8.182,4.84,0.));
#1740 = VECTOR('',#1741,1.);
#1741 = DIRECTION('',(0.,0.,1.));
#1742 = ORIENTED_EDGE('',*,*,#1743,.F.);
#1743 = EDGE_CURVE('',#1720,#1736,#1744,.T.);
#1744 = LINE('',#1745,#1746);
#1745 = CARTESIAN_POINT('',(-8.182,3.76,7.5E-02));
#1746 = VECTOR('',#1747,1.);
#1747 = DIRECTION('',(0.,1.,0.));
#1748 = PLANE('',#1749);
#1749 = AXIS2_PLACEMENT_3D('',#1750,#1751,#1752);
#1750 = CARTESIAN_POINT('',(-8.182,3.76,0.));
#1751 = DIRECTION('',(1.,0.,0.));
#1752 = DIRECTION('',(0.,0.,1.));
#1753 = ADVANCED_FACE('',(#1754),#1788,.T.);
#1754 = FACE_BOUND('',#1755,.T.);
#1755 = EDGE_LOOP('',(#1756,#1766,#1774,#1782));
#1756 = ORIENTED_EDGE('',*,*,#1757,.F.);
#1757 = EDGE_CURVE('',#1758,#1760,#1762,.T.);
#1758 = VERTEX_POINT('',#1759);
#1759 = CARTESIAN_POINT('',(-7.318,3.76,0.));
#1760 = VERTEX_POINT('',#1761);
#1761 = CARTESIAN_POINT('',(-7.318,3.76,7.5E-02));
#1762 = LINE('',#1763,#1764);
#1763 = CARTESIAN_POINT('',(-7.318,3.76,0.));
#1764 = VECTOR('',#1765,1.);
#1765 = DIRECTION('',(0.,0.,1.));
#1766 = ORIENTED_EDGE('',*,*,#1767,.T.);
#1767 = EDGE_CURVE('',#1758,#1768,#1770,.T.);
#1768 = VERTEX_POINT('',#1769);
#1769 = CARTESIAN_POINT('',(-7.318,4.84,0.));
#1770 = LINE('',#1771,#1772);
#1771 = CARTESIAN_POINT('',(-7.318,3.76,0.));
#1772 = VECTOR('',#1773,1.);
#1773 = DIRECTION('',(0.,1.,0.));
#1774 = ORIENTED_EDGE('',*,*,#1775,.T.);
#1775 = EDGE_CURVE('',#1768,#1776,#1778,.T.);
#1776 = VERTEX_POINT('',#1777);
#1777 = CARTESIAN_POINT('',(-7.318,4.84,7.5E-02));
#1778 = LINE('',#1779,#1780);
#1779 = CARTESIAN_POINT('',(-7.318,4.84,0.));
#1780 = VECTOR('',#1781,1.);
#1781 = DIRECTION('',(0.,0.,1.));
#1782 = ORIENTED_EDGE('',*,*,#1783,.F.);
#1783 = EDGE_CURVE('',#1760,#1776,#1784,.T.);
#1784 = LINE('',#1785,#1786);
#1785 = CARTESIAN_POINT('',(-7.318,3.76,7.5E-02));
#1786 = VECTOR('',#1787,1.);
#1787 = DIRECTION('',(0.,1.,0.));
#1788 = PLANE('',#1789);
#1789 = AXIS2_PLACEMENT_3D('',#1790,#1791,#1792);
#1790 = CARTESIAN_POINT('',(-7.318,3.76,0.));
#1791 = DIRECTION('',(1.,0.,0.));
#1792 = DIRECTION('',(0.,0.,1.));
#1793 = ADVANCED_FACE('',(#1794),#1810,.F.);
#1794 = FACE_BOUND('',#1795,.F.);
#1795 = EDGE_LOOP('',(#1796,#1802,#1803,#1809));
#1796 = ORIENTED_EDGE('',*,*,#1797,.F.);
#1797 = EDGE_CURVE('',#1718,#1758,#1798,.T.);
#1798 = LINE('',#1799,#1800);
#1799 = CARTESIAN_POINT('',(-8.182,3.76,0.));
#1800 = VECTOR('',#1801,1.);
#1801 = DIRECTION('',(1.,0.,0.));
#1802 = ORIENTED_EDGE('',*,*,#1717,.T.);
#1803 = ORIENTED_EDGE('',*,*,#1804,.T.);
#1804 = EDGE_CURVE('',#1720,#1760,#1805,.T.);
#1805 = LINE('',#1806,#1807);
#1806 = CARTESIAN_POINT('',(-8.182,3.76,7.5E-02));
#1807 = VECTOR('',#1808,1.);
#1808 = DIRECTION('',(1.,0.,0.));
#1809 = ORIENTED_EDGE('',*,*,#1757,.F.);
#1810 = PLANE('',#1811);
#1811 = AXIS2_PLACEMENT_3D('',#1812,#1813,#1814);
#1812 = CARTESIAN_POINT('',(-8.182,3.76,0.));
#1813 = DIRECTION('',(0.,1.,0.));
#1814 = DIRECTION('',(0.,0.,1.));
#1815 = ADVANCED_FACE('',(#1816),#1832,.T.);
#1816 = FACE_BOUND('',#1817,.T.);
#1817 = EDGE_LOOP('',(#1818,#1824,#1825,#1831));
#1818 = ORIENTED_EDGE('',*,*,#1819,.F.);
#1819 = EDGE_CURVE('',#1728,#1768,#1820,.T.);
#1820 = LINE('',#1821,#1822);
#1821 = CARTESIAN_POINT('',(-8.182,4.84,0.));
#1822 = VECTOR('',#1823,1.);
#1823 = DIRECTION('',(1.,0.,0.));
#1824 = ORIENTED_EDGE('',*,*,#1735,.T.);
#1825 = ORIENTED_EDGE('',*,*,#1826,.T.);
#1826 = EDGE_CURVE('',#1736,#1776,#1827,.T.);
#1827 = LINE('',#1828,#1829);
#1828 = CARTESIAN_POINT('',(-8.182,4.84,7.5E-02));
#1829 = VECTOR('',#1830,1.);
#1830 = DIRECTION('',(1.,0.,0.));
#1831 = ORIENTED_EDGE('',*,*,#1775,.F.);
#1832 = PLANE('',#1833);
#1833 = AXIS2_PLACEMENT_3D('',#1834,#1835,#1836);
#1834 = CARTESIAN_POINT('',(-8.182,4.84,0.));
#1835 = DIRECTION('',(0.,1.,0.));
#1836 = DIRECTION('',(0.,0.,1.));
#1837 = ADVANCED_FACE('',(#1838),#1844,.F.);
#1838 = FACE_BOUND('',#1839,.F.);
#1839 = EDGE_LOOP('',(#1840,#1841,#1842,#1843));
#1840 = ORIENTED_EDGE('',*,*,#1727,.F.);
#1841 = ORIENTED_EDGE('',*,*,#1797,.T.);
#1842 = ORIENTED_EDGE('',*,*,#1767,.T.);
#1843 = ORIENTED_EDGE('',*,*,#1819,.F.);
#1844 = PLANE('',#1845);
#1845 = AXIS2_PLACEMENT_3D('',#1846,#1847,#1848);
#1846 = CARTESIAN_POINT('',(-8.182,3.76,0.));
#1847 = DIRECTION('',(0.,0.,1.));
#1848 = DIRECTION('',(1.,0.,0.));
#1849 = ADVANCED_FACE('',(#1850),#1856,.T.);
#1850 = FACE_BOUND('',#1851,.T.);
#1851 = EDGE_LOOP('',(#1852,#1853,#1854,#1855));
#1852 = ORIENTED_EDGE('',*,*,#1743,.F.);
#1853 = ORIENTED_EDGE('',*,*,#1804,.T.);
#1854 = ORIENTED_EDGE('',*,*,#1783,.T.);
#1855 = ORIENTED_EDGE('',*,*,#1826,.F.);
#1856 = PLANE('',#1857);
#1857 = AXIS2_PLACEMENT_3D('',#1858,#1859,#1860);
#1858 = CARTESIAN_POINT('',(-8.182,3.76,7.5E-02));
#1859 = DIRECTION('',(0.,0.,1.));
#1860 = DIRECTION('',(1.,0.,0.));
#1861 = MANIFOLD_SOLID_BREP('',#1862);
#1862 = CLOSED_SHELL('',(#1863,#1903,#1943,#1965,#1987,#1999));
#1863 = ADVANCED_FACE('',(#1864),#1898,.F.);
#1864 = FACE_BOUND('',#1865,.F.);
#1865 = EDGE_LOOP('',(#1866,#1876,#1884,#1892));
#1866 = ORIENTED_EDGE('',*,*,#1867,.F.);
#1867 = EDGE_CURVE('',#1868,#1870,#1872,.T.);
#1868 = VERTEX_POINT('',#1869);
#1869 = CARTESIAN_POINT('',(-8.182,-6.092,0.));
#1870 = VERTEX_POINT('',#1871);
#1871 = CARTESIAN_POINT('',(-8.182,-6.092,7.5E-02));
#1872 = LINE('',#1873,#1874);
#1873 = CARTESIAN_POINT('',(-8.182,-6.092,0.));
#1874 = VECTOR('',#1875,1.);
#1875 = DIRECTION('',(0.,0.,1.));
#1876 = ORIENTED_EDGE('',*,*,#1877,.T.);
#1877 = EDGE_CURVE('',#1868,#1878,#1880,.T.);
#1878 = VERTEX_POINT('',#1879);
#1879 = CARTESIAN_POINT('',(-8.182,-4.508,0.));
#1880 = LINE('',#1881,#1882);
#1881 = CARTESIAN_POINT('',(-8.182,-6.092,0.));
#1882 = VECTOR('',#1883,1.);
#1883 = DIRECTION('',(0.,1.,0.));
#1884 = ORIENTED_EDGE('',*,*,#1885,.T.);
#1885 = EDGE_CURVE('',#1878,#1886,#1888,.T.);
#1886 = VERTEX_POINT('',#1887);
#1887 = CARTESIAN_POINT('',(-8.182,-4.508,7.5E-02));
#1888 = LINE('',#1889,#1890);
#1889 = CARTESIAN_POINT('',(-8.182,-4.508,0.));
#1890 = VECTOR('',#1891,1.);
#1891 = DIRECTION('',(0.,0.,1.));
#1892 = ORIENTED_EDGE('',*,*,#1893,.F.);
#1893 = EDGE_CURVE('',#1870,#1886,#1894,.T.);
#1894 = LINE('',#1895,#1896);
#1895 = CARTESIAN_POINT('',(-8.182,-6.092,7.5E-02));
#1896 = VECTOR('',#1897,1.);
#1897 = DIRECTION('',(0.,1.,0.));
#1898 = PLANE('',#1899);
#1899 = AXIS2_PLACEMENT_3D('',#1900,#1901,#1902);
#1900 = CARTESIAN_POINT('',(-8.182,-6.092,0.));
#1901 = DIRECTION('',(1.,0.,0.));
#1902 = DIRECTION('',(0.,0.,1.));
#1903 = ADVANCED_FACE('',(#1904),#1938,.T.);
#1904 = FACE_BOUND('',#1905,.T.);
#1905 = EDGE_LOOP('',(#1906,#1916,#1924,#1932));
#1906 = ORIENTED_EDGE('',*,*,#1907,.F.);
#1907 = EDGE_CURVE('',#1908,#1910,#1912,.T.);
#1908 = VERTEX_POINT('',#1909);
#1909 = CARTESIAN_POINT('',(-7.318,-6.092,0.));
#1910 = VERTEX_POINT('',#1911);
#1911 = CARTESIAN_POINT('',(-7.318,-6.092,7.5E-02));
#1912 = LINE('',#1913,#1914);
#1913 = CARTESIAN_POINT('',(-7.318,-6.092,0.));
#1914 = VECTOR('',#1915,1.);
#1915 = DIRECTION('',(0.,0.,1.));
#1916 = ORIENTED_EDGE('',*,*,#1917,.T.);
#1917 = EDGE_CURVE('',#1908,#1918,#1920,.T.);
#1918 = VERTEX_POINT('',#1919);
#1919 = CARTESIAN_POINT('',(-7.318,-4.508,0.));
#1920 = LINE('',#1921,#1922);
#1921 = CARTESIAN_POINT('',(-7.318,-6.092,0.));
#1922 = VECTOR('',#1923,1.);
#1923 = DIRECTION('',(0.,1.,0.));
#1924 = ORIENTED_EDGE('',*,*,#1925,.T.);
#1925 = EDGE_CURVE('',#1918,#1926,#1928,.T.);
#1926 = VERTEX_POINT('',#1927);
#1927 = CARTESIAN_POINT('',(-7.318,-4.508,7.5E-02));
#1928 = LINE('',#1929,#1930);
#1929 = CARTESIAN_POINT('',(-7.318,-4.508,0.));
#1930 = VECTOR('',#1931,1.);
#1931 = DIRECTION('',(0.,0.,1.));
#1932 = ORIENTED_EDGE('',*,*,#1933,.F.);
#1933 = EDGE_CURVE('',#1910,#1926,#1934,.T.);
#1934 = LINE('',#1935,#1936);
#1935 = CARTESIAN_POINT('',(-7.318,-6.092,7.5E-02));
#1936 = VECTOR('',#1937,1.);
#1937 = DIRECTION('',(0.,1.,0.));
#1938 = PLANE('',#1939);
#1939 = AXIS2_PLACEMENT_3D('',#1940,#1941,#1942);
#1940 = CARTESIAN_POINT('',(-7.318,-6.092,0.));
#1941 = DIRECTION('',(1.,0.,0.));
#1942 = DIRECTION('',(0.,0.,1.));
#1943 = ADVANCED_FACE('',(#1944),#1960,.F.);
#1944 = FACE_BOUND('',#1945,.F.);
#1945 = EDGE_LOOP('',(#1946,#1952,#1953,#1959));
#1946 = ORIENTED_EDGE('',*,*,#1947,.F.);
#1947 = EDGE_CURVE('',#1868,#1908,#1948,.T.);
#1948 = LINE('',#1949,#1950);
#1949 = CARTESIAN_POINT('',(-8.182,-6.092,0.));
#1950 = VECTOR('',#1951,1.);
#1951 = DIRECTION('',(1.,0.,0.));
#1952 = ORIENTED_EDGE('',*,*,#1867,.T.);
#1953 = ORIENTED_EDGE('',*,*,#1954,.T.);
#1954 = EDGE_CURVE('',#1870,#1910,#1955,.T.);
#1955 = LINE('',#1956,#1957);
#1956 = CARTESIAN_POINT('',(-8.182,-6.092,7.5E-02));
#1957 = VECTOR('',#1958,1.);
#1958 = DIRECTION('',(1.,0.,0.));
#1959 = ORIENTED_EDGE('',*,*,#1907,.F.);
#1960 = PLANE('',#1961);
#1961 = AXIS2_PLACEMENT_3D('',#1962,#1963,#1964);
#1962 = CARTESIAN_POINT('',(-8.182,-6.092,0.));
#1963 = DIRECTION('',(0.,1.,0.));
#1964 = DIRECTION('',(0.,0.,1.));
#1965 = ADVANCED_FACE('',(#1966),#1982,.T.);
#1966 = FACE_BOUND('',#1967,.T.);
#1967 = EDGE_LOOP('',(#1968,#1974,#1975,#1981));
#1968 = ORIENTED_EDGE('',*,*,#1969,.F.);
#1969 = EDGE_CURVE('',#1878,#1918,#1970,.T.);
#1970 = LINE('',#1971,#1972);
#1971 = CARTESIAN_POINT('',(-8.182,-4.508,0.));
#1972 = VECTOR('',#1973,1.);
#1973 = DIRECTION('',(1.,0.,0.));
#1974 = ORIENTED_EDGE('',*,*,#1885,.T.);
#1975 = ORIENTED_EDGE('',*,*,#1976,.T.);
#1976 = EDGE_CURVE('',#1886,#1926,#1977,.T.);
#1977 = LINE('',#1978,#1979);
#1978 = CARTESIAN_POINT('',(-8.182,-4.508,7.5E-02));
#1979 = VECTOR('',#1980,1.);
#1980 = DIRECTION('',(1.,0.,0.));
#1981 = ORIENTED_EDGE('',*,*,#1925,.F.);
#1982 = PLANE('',#1983);
#1983 = AXIS2_PLACEMENT_3D('',#1984,#1985,#1986);
#1984 = CARTESIAN_POINT('',(-8.182,-4.508,0.));
#1985 = DIRECTION('',(0.,1.,0.));
#1986 = DIRECTION('',(0.,0.,1.));
#1987 = ADVANCED_FACE('',(#1988),#1994,.F.);
#1988 = FACE_BOUND('',#1989,.F.);
#1989 = EDGE_LOOP('',(#1990,#1991,#1992,#1993));
#1990 = ORIENTED_EDGE('',*,*,#1877,.F.);
#1991 = ORIENTED_EDGE('',*,*,#1947,.T.);
#1992 = ORIENTED_EDGE('',*,*,#1917,.T.);
#1993 = ORIENTED_EDGE('',*,*,#1969,.F.);
#1994 = PLANE('',#1995);
#1995 = AXIS2_PLACEMENT_3D('',#1996,#1997,#1998);
#1996 = CARTESIAN_POINT('',(-8.182,-6.092,0.));
#1997 = DIRECTION('',(0.,0.,1.));
#1998 = DIRECTION('',(1.,0.,0.));
#1999 = ADVANCED_FACE('',(#2000),#2006,.T.);
#2000 = FACE_BOUND('',#2001,.T.);
#2001 = EDGE_LOOP('',(#2002,#2003,#2004,#2005));
#2002 = ORIENTED_EDGE('',*,*,#1893,.F.);
#2003 = ORIENTED_EDGE('',*,*,#1954,.T.);
#2004 = ORIENTED_EDGE('',*,*,#1933,.T.);
#2005 = ORIENTED_EDGE('',*,*,#1976,.F.);
#2006 = PLANE('',#2007);
#2007 = AXIS2_PLACEMENT_3D('',#2008,#2009,#2010);
#2008 = CARTESIAN_POINT('',(-8.182,-6.092,7.5E-02));
#2009 = DIRECTION('',(0.,0.,1.));
#2010 = DIRECTION('',(1.,0.,0.));
#2011 = MANIFOLD_SOLID_BREP('',#2012);
#2012 = CLOSED_SHELL('',(#2013,#2053,#2093,#2115,#2137,#2149));
#2013 = ADVANCED_FACE('',(#2014),#2048,.F.);
#2014 = FACE_BOUND('',#2015,.F.);
#2015 = EDGE_LOOP('',(#2016,#2026,#2034,#2042));
#2016 = ORIENTED_EDGE('',*,*,#2017,.F.);
#2017 = EDGE_CURVE('',#2018,#2020,#2022,.T.);
#2018 = VERTEX_POINT('',#2019);
#2019 = CARTESIAN_POINT('',(7.318,-6.092,0.));
#2020 = VERTEX_POINT('',#2021);
#2021 = CARTESIAN_POINT('',(7.318,-6.092,7.5E-02));
#2022 = LINE('',#2023,#2024);
#2023 = CARTESIAN_POINT('',(7.318,-6.092,0.));
#2024 = VECTOR('',#2025,1.);
#2025 = DIRECTION('',(0.,0.,1.));
#2026 = ORIENTED_EDGE('',*,*,#2027,.T.);
#2027 = EDGE_CURVE('',#2018,#2028,#2030,.T.);
#2028 = VERTEX_POINT('',#2029);
#2029 = CARTESIAN_POINT('',(7.318,-4.508,0.));
#2030 = LINE('',#2031,#2032);
#2031 = CARTESIAN_POINT('',(7.318,-6.092,0.));
#2032 = VECTOR('',#2033,1.);
#2033 = DIRECTION('',(0.,1.,0.));
#2034 = ORIENTED_EDGE('',*,*,#2035,.T.);
#2035 = EDGE_CURVE('',#2028,#2036,#2038,.T.);
#2036 = VERTEX_POINT('',#2037);
#2037 = CARTESIAN_POINT('',(7.318,-4.508,7.5E-02));
#2038 = LINE('',#2039,#2040);
#2039 = CARTESIAN_POINT('',(7.318,-4.508,0.));
#2040 = VECTOR('',#2041,1.);
#2041 = DIRECTION('',(0.,0.,1.));
#2042 = ORIENTED_EDGE('',*,*,#2043,.F.);
#2043 = EDGE_CURVE('',#2020,#2036,#2044,.T.);
#2044 = LINE('',#2045,#2046);
#2045 = CARTESIAN_POINT('',(7.318,-6.092,7.5E-02));
#2046 = VECTOR('',#2047,1.);
#2047 = DIRECTION('',(0.,1.,0.));
#2048 = PLANE('',#2049);
#2049 = AXIS2_PLACEMENT_3D('',#2050,#2051,#2052);
#2050 = CARTESIAN_POINT('',(7.318,-6.092,0.));
#2051 = DIRECTION('',(1.,0.,0.));
#2052 = DIRECTION('',(0.,0.,1.));
#2053 = ADVANCED_FACE('',(#2054),#2088,.T.);
#2054 = FACE_BOUND('',#2055,.T.);
#2055 = EDGE_LOOP('',(#2056,#2066,#2074,#2082));
#2056 = ORIENTED_EDGE('',*,*,#2057,.F.);
#2057 = EDGE_CURVE('',#2058,#2060,#2062,.T.);
#2058 = VERTEX_POINT('',#2059);
#2059 = CARTESIAN_POINT('',(8.182,-6.092,0.));
#2060 = VERTEX_POINT('',#2061);
#2061 = CARTESIAN_POINT('',(8.182,-6.092,7.5E-02));
#2062 = LINE('',#2063,#2064);
#2063 = CARTESIAN_POINT('',(8.182,-6.092,0.));
#2064 = VECTOR('',#2065,1.);
#2065 = DIRECTION('',(0.,0.,1.));
#2066 = ORIENTED_EDGE('',*,*,#2067,.T.);
#2067 = EDGE_CURVE('',#2058,#2068,#2070,.T.);
#2068 = VERTEX_POINT('',#2069);
#2069 = CARTESIAN_POINT('',(8.182,-4.508,0.));
#2070 = LINE('',#2071,#2072);
#2071 = CARTESIAN_POINT('',(8.182,-6.092,0.));
#2072 = VECTOR('',#2073,1.);
#2073 = DIRECTION('',(0.,1.,0.));
#2074 = ORIENTED_EDGE('',*,*,#2075,.T.);
#2075 = EDGE_CURVE('',#2068,#2076,#2078,.T.);
#2076 = VERTEX_POINT('',#2077);
#2077 = CARTESIAN_POINT('',(8.182,-4.508,7.5E-02));
#2078 = LINE('',#2079,#2080);
#2079 = CARTESIAN_POINT('',(8.182,-4.508,0.));
#2080 = VECTOR('',#2081,1.);
#2081 = DIRECTION('',(0.,0.,1.));
#2082 = ORIENTED_EDGE('',*,*,#2083,.F.);
#2083 = EDGE_CURVE('',#2060,#2076,#2084,.T.);
#2084 = LINE('',#2085,#2086);
#2085 = CARTESIAN_POINT('',(8.182,-6.092,7.5E-02));
#2086 = VECTOR('',#2087,1.);
#2087 = DIRECTION('',(0.,1.,0.));
#2088 = PLANE('',#2089);
#2089 = AXIS2_PLACEMENT_3D('',#2090,#2091,#2092);
#2090 = CARTESIAN_POINT('',(8.182,-6.092,0.));
#2091 = DIRECTION('',(1.,0.,0.));
#2092 = DIRECTION('',(0.,0.,1.));
#2093 = ADVANCED_FACE('',(#2094),#2110,.F.);
#2094 = FACE_BOUND('',#2095,.F.);
#2095 = EDGE_LOOP('',(#2096,#2102,#2103,#2109));
#2096 = ORIENTED_EDGE('',*,*,#2097,.F.);
#2097 = EDGE_CURVE('',#2018,#2058,#2098,.T.);
#2098 = LINE('',#2099,#2100);
#2099 = CARTESIAN_POINT('',(7.318,-6.092,0.));
#2100 = VECTOR('',#2101,1.);
#2101 = DIRECTION('',(1.,0.,0.));
#2102 = ORIENTED_EDGE('',*,*,#2017,.T.);
#2103 = ORIENTED_EDGE('',*,*,#2104,.T.);
#2104 = EDGE_CURVE('',#2020,#2060,#2105,.T.);
#2105 = LINE('',#2106,#2107);
#2106 = CARTESIAN_POINT('',(7.318,-6.092,7.5E-02));
#2107 = VECTOR('',#2108,1.);
#2108 = DIRECTION('',(1.,0.,0.));
#2109 = ORIENTED_EDGE('',*,*,#2057,.F.);
#2110 = PLANE('',#2111);
#2111 = AXIS2_PLACEMENT_3D('',#2112,#2113,#2114);
#2112 = CARTESIAN_POINT('',(7.318,-6.092,0.));
#2113 = DIRECTION('',(0.,1.,0.));
#2114 = DIRECTION('',(0.,0.,1.));
#2115 = ADVANCED_FACE('',(#2116),#2132,.T.);
#2116 = FACE_BOUND('',#2117,.T.);
#2117 = EDGE_LOOP('',(#2118,#2124,#2125,#2131));
#2118 = ORIENTED_EDGE('',*,*,#2119,.F.);
#2119 = EDGE_CURVE('',#2028,#2068,#2120,.T.);
#2120 = LINE('',#2121,#2122);
#2121 = CARTESIAN_POINT('',(7.318,-4.508,0.));
#2122 = VECTOR('',#2123,1.);
#2123 = DIRECTION('',(1.,0.,0.));
#2124 = ORIENTED_EDGE('',*,*,#2035,.T.);
#2125 = ORIENTED_EDGE('',*,*,#2126,.T.);
#2126 = EDGE_CURVE('',#2036,#2076,#2127,.T.);
#2127 = LINE('',#2128,#2129);
#2128 = CARTESIAN_POINT('',(7.318,-4.508,7.5E-02));
#2129 = VECTOR('',#2130,1.);
#2130 = DIRECTION('',(1.,0.,0.));
#2131 = ORIENTED_EDGE('',*,*,#2075,.F.);
#2132 = PLANE('',#2133);
#2133 = AXIS2_PLACEMENT_3D('',#2134,#2135,#2136);
#2134 = CARTESIAN_POINT('',(7.318,-4.508,0.));
#2135 = DIRECTION('',(0.,1.,0.));
#2136 = DIRECTION('',(0.,0.,1.));
#2137 = ADVANCED_FACE('',(#2138),#2144,.F.);
#2138 = FACE_BOUND('',#2139,.F.);
#2139 = EDGE_LOOP('',(#2140,#2141,#2142,#2143));
#2140 = ORIENTED_EDGE('',*,*,#2027,.F.);
#2141 = ORIENTED_EDGE('',*,*,#2097,.T.);
#2142 = ORIENTED_EDGE('',*,*,#2067,.T.);
#2143 = ORIENTED_EDGE('',*,*,#2119,.F.);
#2144 = PLANE('',#2145);
#2145 = AXIS2_PLACEMENT_3D('',#2146,#2147,#2148);
#2146 = CARTESIAN_POINT('',(7.318,-6.092,0.));
#2147 = DIRECTION('',(0.,0.,1.));
#2148 = DIRECTION('',(1.,0.,0.));
#2149 = ADVANCED_FACE('',(#2150),#2156,.T.);
#2150 = FACE_BOUND('',#2151,.T.);
#2151 = EDGE_LOOP('',(#2152,#2153,#2154,#2155));
#2152 = ORIENTED_EDGE('',*,*,#2043,.F.);
#2153 = ORIENTED_EDGE('',*,*,#2104,.T.);
#2154 = ORIENTED_EDGE('',*,*,#2083,.T.);
#2155 = ORIENTED_EDGE('',*,*,#2126,.F.);
#2156 = PLANE('',#2157);
#2157 = AXIS2_PLACEMENT_3D('',#2158,#2159,#2160);
#2158 = CARTESIAN_POINT('',(7.318,-6.092,7.5E-02));
#2159 = DIRECTION('',(0.,0.,1.));
#2160 = DIRECTION('',(1.,0.,0.));
#2161 = MANIFOLD_SOLID_BREP('',#2162);
#2162 = CLOSED_SHELL('',(#2163,#2203,#2243,#2265,#2287,#2299));
#2163 = ADVANCED_FACE('',(#2164),#2198,.F.);
#2164 = FACE_BOUND('',#2165,.F.);
#2165 = EDGE_LOOP('',(#2166,#2176,#2184,#2192));
#2166 = ORIENTED_EDGE('',*,*,#2167,.F.);
#2167 = EDGE_CURVE('',#2168,#2170,#2172,.T.);
#2168 = VERTEX_POINT('',#2169);
#2169 = CARTESIAN_POINT('',(6.274,3.76,0.));
#2170 = VERTEX_POINT('',#2171);
#2171 = CARTESIAN_POINT('',(6.274,3.76,7.5E-02));
#2172 = LINE('',#2173,#2174);
#2173 = CARTESIAN_POINT('',(6.274,3.76,0.));
#2174 = VECTOR('',#2175,1.);
#2175 = DIRECTION('',(0.,0.,1.));
#2176 = ORIENTED_EDGE('',*,*,#2177,.T.);
#2177 = EDGE_CURVE('',#2168,#2178,#2180,.T.);
#2178 = VERTEX_POINT('',#2179);
#2179 = CARTESIAN_POINT('',(6.274,4.84,0.));
#2180 = LINE('',#2181,#2182);
#2181 = CARTESIAN_POINT('',(6.274,3.76,0.));
#2182 = VECTOR('',#2183,1.);
#2183 = DIRECTION('',(0.,1.,0.));
#2184 = ORIENTED_EDGE('',*,*,#2185,.T.);
#2185 = EDGE_CURVE('',#2178,#2186,#2188,.T.);
#2186 = VERTEX_POINT('',#2187);
#2187 = CARTESIAN_POINT('',(6.274,4.84,7.5E-02));
#2188 = LINE('',#2189,#2190);
#2189 = CARTESIAN_POINT('',(6.274,4.84,0.));
#2190 = VECTOR('',#2191,1.);
#2191 = DIRECTION('',(0.,0.,1.));
#2192 = ORIENTED_EDGE('',*,*,#2193,.F.);
#2193 = EDGE_CURVE('',#2170,#2186,#2194,.T.);
#2194 = LINE('',#2195,#2196);
#2195 = CARTESIAN_POINT('',(6.274,3.76,7.5E-02));
#2196 = VECTOR('',#2197,1.);
#2197 = DIRECTION('',(0.,1.,0.));
#2198 = PLANE('',#2199);
#2199 = AXIS2_PLACEMENT_3D('',#2200,#2201,#2202);
#2200 = CARTESIAN_POINT('',(6.274,3.76,0.));
#2201 = DIRECTION('',(1.,0.,0.));
#2202 = DIRECTION('',(0.,0.,1.));
#2203 = ADVANCED_FACE('',(#2204),#2238,.T.);
#2204 = FACE_BOUND('',#2205,.T.);
#2205 = EDGE_LOOP('',(#2206,#2216,#2224,#2232));
#2206 = ORIENTED_EDGE('',*,*,#2207,.F.);
#2207 = EDGE_CURVE('',#2208,#2210,#2212,.T.);
#2208 = VERTEX_POINT('',#2209);
#2209 = CARTESIAN_POINT('',(7.426,3.76,0.));
#2210 = VERTEX_POINT('',#2211);
#2211 = CARTESIAN_POINT('',(7.426,3.76,7.5E-02));
#2212 = LINE('',#2213,#2214);
#2213 = CARTESIAN_POINT('',(7.426,3.76,0.));
#2214 = VECTOR('',#2215,1.);
#2215 = DIRECTION('',(0.,0.,1.));
#2216 = ORIENTED_EDGE('',*,*,#2217,.T.);
#2217 = EDGE_CURVE('',#2208,#2218,#2220,.T.);
#2218 = VERTEX_POINT('',#2219);
#2219 = CARTESIAN_POINT('',(7.426,4.84,0.));
#2220 = LINE('',#2221,#2222);
#2221 = CARTESIAN_POINT('',(7.426,3.76,0.));
#2222 = VECTOR('',#2223,1.);
#2223 = DIRECTION('',(0.,1.,0.));
#2224 = ORIENTED_EDGE('',*,*,#2225,.T.);
#2225 = EDGE_CURVE('',#2218,#2226,#2228,.T.);
#2226 = VERTEX_POINT('',#2227);
#2227 = CARTESIAN_POINT('',(7.426,4.84,7.5E-02));
#2228 = LINE('',#2229,#2230);
#2229 = CARTESIAN_POINT('',(7.426,4.84,0.));
#2230 = VECTOR('',#2231,1.);
#2231 = DIRECTION('',(0.,0.,1.));
#2232 = ORIENTED_EDGE('',*,*,#2233,.F.);
#2233 = EDGE_CURVE('',#2210,#2226,#2234,.T.);
#2234 = LINE('',#2235,#2236);
#2235 = CARTESIAN_POINT('',(7.426,3.76,7.5E-02));
#2236 = VECTOR('',#2237,1.);
#2237 = DIRECTION('',(0.,1.,0.));
#2238 = PLANE('',#2239);
#2239 = AXIS2_PLACEMENT_3D('',#2240,#2241,#2242);
#2240 = CARTESIAN_POINT('',(7.426,3.76,0.));
#2241 = DIRECTION('',(1.,0.,0.));
#2242 = DIRECTION('',(0.,0.,1.));
#2243 = ADVANCED_FACE('',(#2244),#2260,.F.);
#2244 = FACE_BOUND('',#2245,.F.);
#2245 = EDGE_LOOP('',(#2246,#2252,#2253,#2259));
#2246 = ORIENTED_EDGE('',*,*,#2247,.F.);
#2247 = EDGE_CURVE('',#2168,#2208,#2248,.T.);
#2248 = LINE('',#2249,#2250);
#2249 = CARTESIAN_POINT('',(6.274,3.76,0.));
#2250 = VECTOR('',#2251,1.);
#2251 = DIRECTION('',(1.,0.,0.));
#2252 = ORIENTED_EDGE('',*,*,#2167,.T.);
#2253 = ORIENTED_EDGE('',*,*,#2254,.T.);
#2254 = EDGE_CURVE('',#2170,#2210,#2255,.T.);
#2255 = LINE('',#2256,#2257);
#2256 = CARTESIAN_POINT('',(6.274,3.76,7.5E-02));
#2257 = VECTOR('',#2258,1.);
#2258 = DIRECTION('',(1.,0.,0.));
#2259 = ORIENTED_EDGE('',*,*,#2207,.F.);
#2260 = PLANE('',#2261);
#2261 = AXIS2_PLACEMENT_3D('',#2262,#2263,#2264);
#2262 = CARTESIAN_POINT('',(6.274,3.76,0.));
#2263 = DIRECTION('',(0.,1.,0.));
#2264 = DIRECTION('',(0.,0.,1.));
#2265 = ADVANCED_FACE('',(#2266),#2282,.T.);
#2266 = FACE_BOUND('',#2267,.T.);
#2267 = EDGE_LOOP('',(#2268,#2274,#2275,#2281));
#2268 = ORIENTED_EDGE('',*,*,#2269,.F.);
#2269 = EDGE_CURVE('',#2178,#2218,#2270,.T.);
#2270 = LINE('',#2271,#2272);
#2271 = CARTESIAN_POINT('',(6.274,4.84,0.));
#2272 = VECTOR('',#2273,1.);
#2273 = DIRECTION('',(1.,0.,0.));
#2274 = ORIENTED_EDGE('',*,*,#2185,.T.);
#2275 = ORIENTED_EDGE('',*,*,#2276,.T.);
#2276 = EDGE_CURVE('',#2186,#2226,#2277,.T.);
#2277 = LINE('',#2278,#2279);
#2278 = CARTESIAN_POINT('',(6.274,4.84,7.5E-02));
#2279 = VECTOR('',#2280,1.);
#2280 = DIRECTION('',(1.,0.,0.));
#2281 = ORIENTED_EDGE('',*,*,#2225,.F.);
#2282 = PLANE('',#2283);
#2283 = AXIS2_PLACEMENT_3D('',#2284,#2285,#2286);
#2284 = CARTESIAN_POINT('',(6.274,4.84,0.));
#2285 = DIRECTION('',(0.,1.,0.));
#2286 = DIRECTION('',(0.,0.,1.));
#2287 = ADVANCED_FACE('',(#2288),#2294,.F.);
#2288 = FACE_BOUND('',#2289,.F.);
#2289 = EDGE_LOOP('',(#2290,#2291,#2292,#2293));
#2290 = ORIENTED_EDGE('',*,*,#2177,.F.);
#2291 = ORIENTED_EDGE('',*,*,#2247,.T.);
#2292 = ORIENTED_EDGE('',*,*,#2217,.T.);
#2293 = ORIENTED_EDGE('',*,*,#2269,.F.);
#2294 = PLANE('',#2295);
#2295 = AXIS2_PLACEMENT_3D('',#2296,#2297,#2298);
#2296 = CARTESIAN_POINT('',(6.274,3.76,0.));
#2297 = DIRECTION('',(0.,0.,1.));
#2298 = DIRECTION('',(1.,0.,0.));
#2299 = ADVANCED_FACE('',(#2300),#2306,.T.);
#2300 = FACE_BOUND('',#2301,.T.);
#2301 = EDGE_LOOP('',(#2302,#2303,#2304,#2305));
#2302 = ORIENTED_EDGE('',*,*,#2193,.F.);
#2303 = ORIENTED_EDGE('',*,*,#2254,.T.);
#2304 = ORIENTED_EDGE('',*,*,#2233,.T.);
#2305 = ORIENTED_EDGE('',*,*,#2276,.F.);
#2306 = PLANE('',#2307);
#2307 = AXIS2_PLACEMENT_3D('',#2308,#2309,#2310);
#2308 = CARTESIAN_POINT('',(6.274,3.76,7.5E-02));
#2309 = DIRECTION('',(0.,0.,1.));
#2310 = DIRECTION('',(1.,0.,0.));
#2311 = MANIFOLD_SOLID_BREP('',#2312);
#2312 = CLOSED_SHELL('',(#2313,#2353,#2393,#2415,#2437,#2449));
#2313 = ADVANCED_FACE('',(#2314),#2348,.F.);
#2314 = FACE_BOUND('',#2315,.F.);
#2315 = EDGE_LOOP('',(#2316,#2326,#2334,#2342));
#2316 = ORIENTED_EDGE('',*,*,#2317,.F.);
#2317 = EDGE_CURVE('',#2318,#2320,#2322,.T.);
#2318 = VERTEX_POINT('',#2319);
#2319 = CARTESIAN_POINT('',(-6.802,4.724,0.));
#2320 = VERTEX_POINT('',#2321);
#2321 = CARTESIAN_POINT('',(-6.802,4.724,7.5E-02));
#2322 = LINE('',#2323,#2324);
#2323 = CARTESIAN_POINT('',(-6.802,4.724,0.));
#2324 = VECTOR('',#2325,1.);
#2325 = DIRECTION('',(0.,0.,1.));
#2326 = ORIENTED_EDGE('',*,*,#2327,.T.);
#2327 = EDGE_CURVE('',#2318,#2328,#2330,.T.);
#2328 = VERTEX_POINT('',#2329);
#2329 = CARTESIAN_POINT('',(-6.802,5.876,0.));
#2330 = LINE('',#2331,#2332);
#2331 = CARTESIAN_POINT('',(-6.802,4.724,0.));
#2332 = VECTOR('',#2333,1.);
#2333 = DIRECTION('',(0.,1.,0.));
#2334 = ORIENTED_EDGE('',*,*,#2335,.T.);
#2335 = EDGE_CURVE('',#2328,#2336,#2338,.T.);
#2336 = VERTEX_POINT('',#2337);
#2337 = CARTESIAN_POINT('',(-6.802,5.876,7.5E-02));
#2338 = LINE('',#2339,#2340);
#2339 = CARTESIAN_POINT('',(-6.802,5.876,0.));
#2340 = VECTOR('',#2341,1.);
#2341 = DIRECTION('',(0.,0.,1.));
#2342 = ORIENTED_EDGE('',*,*,#2343,.F.);
#2343 = EDGE_CURVE('',#2320,#2336,#2344,.T.);
#2344 = LINE('',#2345,#2346);
#2345 = CARTESIAN_POINT('',(-6.802,4.724,7.5E-02));
#2346 = VECTOR('',#2347,1.);
#2347 = DIRECTION('',(0.,1.,0.));
#2348 = PLANE('',#2349);
#2349 = AXIS2_PLACEMENT_3D('',#2350,#2351,#2352);
#2350 = CARTESIAN_POINT('',(-6.802,4.724,0.));
#2351 = DIRECTION('',(1.,0.,0.));
#2352 = DIRECTION('',(0.,0.,1.));
#2353 = ADVANCED_FACE('',(#2354),#2388,.T.);
#2354 = FACE_BOUND('',#2355,.T.);
#2355 = EDGE_LOOP('',(#2356,#2366,#2374,#2382));
#2356 = ORIENTED_EDGE('',*,*,#2357,.F.);
#2357 = EDGE_CURVE('',#2358,#2360,#2362,.T.);
#2358 = VERTEX_POINT('',#2359);
#2359 = CARTESIAN_POINT('',(-6.298,4.724,0.));
#2360 = VERTEX_POINT('',#2361);
#2361 = CARTESIAN_POINT('',(-6.298,4.724,7.5E-02));
#2362 = LINE('',#2363,#2364);
#2363 = CARTESIAN_POINT('',(-6.298,4.724,0.));
#2364 = VECTOR('',#2365,1.);
#2365 = DIRECTION('',(0.,0.,1.));
#2366 = ORIENTED_EDGE('',*,*,#2367,.T.);
#2367 = EDGE_CURVE('',#2358,#2368,#2370,.T.);
#2368 = VERTEX_POINT('',#2369);
#2369 = CARTESIAN_POINT('',(-6.298,5.876,0.));
#2370 = LINE('',#2371,#2372);
#2371 = CARTESIAN_POINT('',(-6.298,4.724,0.));
#2372 = VECTOR('',#2373,1.);
#2373 = DIRECTION('',(0.,1.,0.));
#2374 = ORIENTED_EDGE('',*,*,#2375,.T.);
#2375 = EDGE_CURVE('',#2368,#2376,#2378,.T.);
#2376 = VERTEX_POINT('',#2377);
#2377 = CARTESIAN_POINT('',(-6.298,5.876,7.5E-02));
#2378 = LINE('',#2379,#2380);
#2379 = CARTESIAN_POINT('',(-6.298,5.876,0.));
#2380 = VECTOR('',#2381,1.);
#2381 = DIRECTION('',(0.,0.,1.));
#2382 = ORIENTED_EDGE('',*,*,#2383,.F.);
#2383 = EDGE_CURVE('',#2360,#2376,#2384,.T.);
#2384 = LINE('',#2385,#2386);
#2385 = CARTESIAN_POINT('',(-6.298,4.724,7.5E-02));
#2386 = VECTOR('',#2387,1.);
#2387 = DIRECTION('',(0.,1.,0.));
#2388 = PLANE('',#2389);
#2389 = AXIS2_PLACEMENT_3D('',#2390,#2391,#2392);
#2390 = CARTESIAN_POINT('',(-6.298,4.724,0.));
#2391 = DIRECTION('',(1.,0.,0.));
#2392 = DIRECTION('',(0.,0.,1.));
#2393 = ADVANCED_FACE('',(#2394),#2410,.F.);
#2394 = FACE_BOUND('',#2395,.F.);
#2395 = EDGE_LOOP('',(#2396,#2402,#2403,#2409));
#2396 = ORIENTED_EDGE('',*,*,#2397,.F.);
#2397 = EDGE_CURVE('',#2318,#2358,#2398,.T.);
#2398 = LINE('',#2399,#2400);
#2399 = CARTESIAN_POINT('',(-6.802,4.724,0.));
#2400 = VECTOR('',#2401,1.);
#2401 = DIRECTION('',(1.,0.,0.));
#2402 = ORIENTED_EDGE('',*,*,#2317,.T.);
#2403 = ORIENTED_EDGE('',*,*,#2404,.T.);
#2404 = EDGE_CURVE('',#2320,#2360,#2405,.T.);
#2405 = LINE('',#2406,#2407);
#2406 = CARTESIAN_POINT('',(-6.802,4.724,7.5E-02));
#2407 = VECTOR('',#2408,1.);
#2408 = DIRECTION('',(1.,0.,0.));
#2409 = ORIENTED_EDGE('',*,*,#2357,.F.);
#2410 = PLANE('',#2411);
#2411 = AXIS2_PLACEMENT_3D('',#2412,#2413,#2414);
#2412 = CARTESIAN_POINT('',(-6.802,4.724,0.));
#2413 = DIRECTION('',(0.,1.,0.));
#2414 = DIRECTION('',(0.,0.,1.));
#2415 = ADVANCED_FACE('',(#2416),#2432,.T.);
#2416 = FACE_BOUND('',#2417,.T.);
#2417 = EDGE_LOOP('',(#2418,#2424,#2425,#2431));
#2418 = ORIENTED_EDGE('',*,*,#2419,.F.);
#2419 = EDGE_CURVE('',#2328,#2368,#2420,.T.);
#2420 = LINE('',#2421,#2422);
#2421 = CARTESIAN_POINT('',(-6.802,5.876,0.));
#2422 = VECTOR('',#2423,1.);
#2423 = DIRECTION('',(1.,0.,0.));
#2424 = ORIENTED_EDGE('',*,*,#2335,.T.);
#2425 = ORIENTED_EDGE('',*,*,#2426,.T.);
#2426 = EDGE_CURVE('',#2336,#2376,#2427,.T.);
#2427 = LINE('',#2428,#2429);
#2428 = CARTESIAN_POINT('',(-6.802,5.876,7.5E-02));
#2429 = VECTOR('',#2430,1.);
#2430 = DIRECTION('',(1.,0.,0.));
#2431 = ORIENTED_EDGE('',*,*,#2375,.F.);
#2432 = PLANE('',#2433);
#2433 = AXIS2_PLACEMENT_3D('',#2434,#2435,#2436);
#2434 = CARTESIAN_POINT('',(-6.802,5.876,0.));
#2435 = DIRECTION('',(0.,1.,0.));
#2436 = DIRECTION('',(0.,0.,1.));
#2437 = ADVANCED_FACE('',(#2438),#2444,.F.);
#2438 = FACE_BOUND('',#2439,.F.);
#2439 = EDGE_LOOP('',(#2440,#2441,#2442,#2443));
#2440 = ORIENTED_EDGE('',*,*,#2327,.F.);
#2441 = ORIENTED_EDGE('',*,*,#2397,.T.);
#2442 = ORIENTED_EDGE('',*,*,#2367,.T.);
#2443 = ORIENTED_EDGE('',*,*,#2419,.F.);
#2444 = PLANE('',#2445);
#2445 = AXIS2_PLACEMENT_3D('',#2446,#2447,#2448);
#2446 = CARTESIAN_POINT('',(-6.802,4.724,0.));
#2447 = DIRECTION('',(0.,0.,1.));
#2448 = DIRECTION('',(1.,0.,0.));
#2449 = ADVANCED_FACE('',(#2450),#2456,.T.);
#2450 = FACE_BOUND('',#2451,.T.);
#2451 = EDGE_LOOP('',(#2452,#2453,#2454,#2455));
#2452 = ORIENTED_EDGE('',*,*,#2343,.F.);
#2453 = ORIENTED_EDGE('',*,*,#2404,.T.);
#2454 = ORIENTED_EDGE('',*,*,#2383,.T.);
#2455 = ORIENTED_EDGE('',*,*,#2426,.F.);
#2456 = PLANE('',#2457);
#2457 = AXIS2_PLACEMENT_3D('',#2458,#2459,#2460);
#2458 = CARTESIAN_POINT('',(-6.802,4.724,7.5E-02));
#2459 = DIRECTION('',(0.,0.,1.));
#2460 = DIRECTION('',(1.,0.,0.));
#2461 = ( GEOMETRIC_REPRESENTATION_CONTEXT(3) 
GLOBAL_UNCERTAINTY_ASSIGNED_CONTEXT((#2465)) 
GLOBAL_UNIT_ASSIGNED_CONTEXT((#2462,#2463,#2464)) REPRESENTATION_CONTEXT
('Context #1','3D Context with UNIT and UNCERTAINTY') );
#2462 = ( LENGTH_UNIT() NAMED_UNIT(*) SI_UNIT(.MILLI.,.METRE.) );
#2463 = ( NAMED_UNIT(*) PLANE_ANGLE_UNIT() SI_UNIT($,.RADIAN.) );
#2464 = ( NAMED_UNIT(*) SI_UNIT($,.STERADIAN.) SOLID_ANGLE_UNIT() );
#2465 = UNCERTAINTY_MEASURE_WITH_UNIT(LENGTH_MEASURE(1.E-07),#2462,
  'distance_accuracy_value','confusion accuracy');
#2466 = CONTEXT_DEPENDENT_SHAPE_REPRESENTATION(#2467,#2469);
#2467 = ( REPRESENTATION_RELATIONSHIP('','',#510,#10) 
REPRESENTATION_RELATIONSHIP_WITH_TRANSFORMATION(#2468) 
SHAPE_REPRESENTATION_RELATIONSHIP() );
#2468 = ITEM_DEFINED_TRANSFORMATION('','',#11,#23);
#2469 = PRODUCT_DEFINITION_SHAPE('Placement','Placement of an item',
  #2470);
#2470 = NEXT_ASSEMBLY_USAGE_OCCURRENCE('25','Terminals','',#5,#505,$);
#2471 = PRODUCT_RELATED_PRODUCT_CATEGORY('part',$,(#507));
#2472 = MECHANICAL_DESIGN_GEOMETRIC_PRESENTATION_REPRESENTATION('',(
    #2473,#2484,#2493,#2502,#2511,#2520,#2529,#2538,#2547,#2556,#2565,
    #2574,#2583),#2461);
#2473 = STYLED_ITEM('color',(#2474),#511);
#2474 = PRESENTATION_STYLE_ASSIGNMENT((#2475,#2481));
#2475 = SURFACE_STYLE_USAGE(.BOTH.,#2476);
#2476 = SURFACE_SIDE_STYLE('',(#2477));
#2477 = SURFACE_STYLE_FILL_AREA(#2478);
#2478 = FILL_AREA_STYLE('',(#2479));
#2479 = FILL_AREA_STYLE_COLOUR('',#2480);
#2480 = COLOUR_RGB('',0.730000014984,0.750000000934,0.769999993182);
#2481 = CURVE_STYLE('',#2482,POSITIVE_LENGTH_MEASURE(0.1),#2483);
#2482 = DRAUGHTING_PRE_DEFINED_CURVE_FONT('continuous');
#2483 = COLOUR_RGB('',9.803921802644E-02,9.803921802644E-02,
  9.803921802644E-02);
#2484 = STYLED_ITEM('color',(#2485),#661);
#2485 = PRESENTATION_STYLE_ASSIGNMENT((#2486,#2491));
#2486 = SURFACE_STYLE_USAGE(.BOTH.,#2487);
#2487 = SURFACE_SIDE_STYLE('',(#2488));
#2488 = SURFACE_STYLE_FILL_AREA(#2489);
#2489 = FILL_AREA_STYLE('',(#2490));
#2490 = FILL_AREA_STYLE_COLOUR('',#2480);
#2491 = CURVE_STYLE('',#2492,POSITIVE_LENGTH_MEASURE(0.1),#2483);
#2492 = DRAUGHTING_PRE_DEFINED_CURVE_FONT('continuous');
#2493 = STYLED_ITEM('color',(#2494),#811);
#2494 = PRESENTATION_STYLE_ASSIGNMENT((#2495,#2500));
#2495 = SURFACE_STYLE_USAGE(.BOTH.,#2496);
#2496 = SURFACE_SIDE_STYLE('',(#2497));
#2497 = SURFACE_STYLE_FILL_AREA(#2498);
#2498 = FILL_AREA_STYLE('',(#2499));
#2499 = FILL_AREA_STYLE_COLOUR('',#2480);
#2500 = CURVE_STYLE('',#2501,POSITIVE_LENGTH_MEASURE(0.1),#2483);
#2501 = DRAUGHTING_PRE_DEFINED_CURVE_FONT('continuous');
#2502 = STYLED_ITEM('color',(#2503),#961);
#2503 = PRESENTATION_STYLE_ASSIGNMENT((#2504,#2509));
#2504 = SURFACE_STYLE_USAGE(.BOTH.,#2505);
#2505 = SURFACE_SIDE_STYLE('',(#2506));
#2506 = SURFACE_STYLE_FILL_AREA(#2507);
#2507 = FILL_AREA_STYLE('',(#2508));
#2508 = FILL_AREA_STYLE_COLOUR('',#2480);
#2509 = CURVE_STYLE('',#2510,POSITIVE_LENGTH_MEASURE(0.1),#2483);
#2510 = DRAUGHTING_PRE_DEFINED_CURVE_FONT('continuous');
#2511 = STYLED_ITEM('color',(#2512),#1111);
#2512 = PRESENTATION_STYLE_ASSIGNMENT((#2513,#2518));
#2513 = SURFACE_STYLE_USAGE(.BOTH.,#2514);
#2514 = SURFACE_SIDE_STYLE('',(#2515));
#2515 = SURFACE_STYLE_FILL_AREA(#2516);
#2516 = FILL_AREA_STYLE('',(#2517));
#2517 = FILL_AREA_STYLE_COLOUR('',#2480);
#2518 = CURVE_STYLE('',#2519,POSITIVE_LENGTH_MEASURE(0.1),#2483);
#2519 = DRAUGHTING_PRE_DEFINED_CURVE_FONT('continuous');
#2520 = STYLED_ITEM('color',(#2521),#1261);
#2521 = PRESENTATION_STYLE_ASSIGNMENT((#2522,#2527));
#2522 = SURFACE_STYLE_USAGE(.BOTH.,#2523);
#2523 = SURFACE_SIDE_STYLE('',(#2524));
#2524 = SURFACE_STYLE_FILL_AREA(#2525);
#2525 = FILL_AREA_STYLE('',(#2526));
#2526 = FILL_AREA_STYLE_COLOUR('',#2480);
#2527 = CURVE_STYLE('',#2528,POSITIVE_LENGTH_MEASURE(0.1),#2483);
#2528 = DRAUGHTING_PRE_DEFINED_CURVE_FONT('continuous');
#2529 = STYLED_ITEM('color',(#2530),#1411);
#2530 = PRESENTATION_STYLE_ASSIGNMENT((#2531,#2536));
#2531 = SURFACE_STYLE_USAGE(.BOTH.,#2532);
#2532 = SURFACE_SIDE_STYLE('',(#2533));
#2533 = SURFACE_STYLE_FILL_AREA(#2534);
#2534 = FILL_AREA_STYLE('',(#2535));
#2535 = FILL_AREA_STYLE_COLOUR('',#2480);
#2536 = CURVE_STYLE('',#2537,POSITIVE_LENGTH_MEASURE(0.1),#2483);
#2537 = DRAUGHTING_PRE_DEFINED_CURVE_FONT('continuous');
#2538 = STYLED_ITEM('color',(#2539),#1561);
#2539 = PRESENTATION_STYLE_ASSIGNMENT((#2540,#2545));
#2540 = SURFACE_STYLE_USAGE(.BOTH.,#2541);
#2541 = SURFACE_SIDE_STYLE('',(#2542));
#2542 = SURFACE_STYLE_FILL_AREA(#2543);
#2543 = FILL_AREA_STYLE('',(#2544));
#2544 = FILL_AREA_STYLE_COLOUR('',#2480);
#2545 = CURVE_STYLE('',#2546,POSITIVE_LENGTH_MEASURE(0.1),#2483);
#2546 = DRAUGHTING_PRE_DEFINED_CURVE_FONT('continuous');
#2547 = STYLED_ITEM('color',(#2548),#1711);
#2548 = PRESENTATION_STYLE_ASSIGNMENT((#2549,#2554));
#2549 = SURFACE_STYLE_USAGE(.BOTH.,#2550);
#2550 = SURFACE_SIDE_STYLE('',(#2551));
#2551 = SURFACE_STYLE_FILL_AREA(#2552);
#2552 = FILL_AREA_STYLE('',(#2553));
#2553 = FILL_AREA_STYLE_COLOUR('',#2480);
#2554 = CURVE_STYLE('',#2555,POSITIVE_LENGTH_MEASURE(0.1),#2483);
#2555 = DRAUGHTING_PRE_DEFINED_CURVE_FONT('continuous');
#2556 = STYLED_ITEM('color',(#2557),#1861);
#2557 = PRESENTATION_STYLE_ASSIGNMENT((#2558,#2563));
#2558 = SURFACE_STYLE_USAGE(.BOTH.,#2559);
#2559 = SURFACE_SIDE_STYLE('',(#2560));
#2560 = SURFACE_STYLE_FILL_AREA(#2561);
#2561 = FILL_AREA_STYLE('',(#2562));
#2562 = FILL_AREA_STYLE_COLOUR('',#2480);
#2563 = CURVE_STYLE('',#2564,POSITIVE_LENGTH_MEASURE(0.1),#2483);
#2564 = DRAUGHTING_PRE_DEFINED_CURVE_FONT('continuous');
#2565 = STYLED_ITEM('color',(#2566),#2011);
#2566 = PRESENTATION_STYLE_ASSIGNMENT((#2567,#2572));
#2567 = SURFACE_STYLE_USAGE(.BOTH.,#2568);
#2568 = SURFACE_SIDE_STYLE('',(#2569));
#2569 = SURFACE_STYLE_FILL_AREA(#2570);
#2570 = FILL_AREA_STYLE('',(#2571));
#2571 = FILL_AREA_STYLE_COLOUR('',#2480);
#2572 = CURVE_STYLE('',#2573,POSITIVE_LENGTH_MEASURE(0.1),#2483);
#2573 = DRAUGHTING_PRE_DEFINED_CURVE_FONT('continuous');
#2574 = STYLED_ITEM('color',(#2575),#2161);
#2575 = PRESENTATION_STYLE_ASSIGNMENT((#2576,#2581));
#2576 = SURFACE_STYLE_USAGE(.BOTH.,#2577);
#2577 = SURFACE_SIDE_STYLE('',(#2578));
#2578 = SURFACE_STYLE_FILL_AREA(#2579);
#2579 = FILL_AREA_STYLE('',(#2580));
#2580 = FILL_AREA_STYLE_COLOUR('',#2480);
#2581 = CURVE_STYLE('',#2582,POSITIVE_LENGTH_MEASURE(0.1),#2483);
#2582 = DRAUGHTING_PRE_DEFINED_CURVE_FONT('continuous');
#2583 = STYLED_ITEM('color',(#2584),#2311);
#2584 = PRESENTATION_STYLE_ASSIGNMENT((#2585,#2590));
#2585 = SURFACE_STYLE_USAGE(.BOTH.,#2586);
#2586 = SURFACE_SIDE_STYLE('',(#2587));
#2587 = SURFACE_STYLE_FILL_AREA(#2588);
#2588 = FILL_AREA_STYLE('',(#2589));
#2589 = FILL_AREA_STYLE_COLOUR('',#2480);
#2590 = CURVE_STYLE('',#2591,POSITIVE_LENGTH_MEASURE(0.1),#2483);
#2591 = DRAUGHTING_PRE_DEFINED_CURVE_FONT('continuous');
#2592 = MECHANICAL_DESIGN_GEOMETRIC_PRESENTATION_REPRESENTATION('',(
    #2593),#492);
#2593 = STYLED_ITEM('color',(#2594),#210);
#2594 = PRESENTATION_STYLE_ASSIGNMENT((#2595,#2600));
#2595 = SURFACE_STYLE_USAGE(.BOTH.,#2596);
#2596 = SURFACE_SIDE_STYLE('',(#2597));
#2597 = SURFACE_STYLE_FILL_AREA(#2598);
#2598 = FILL_AREA_STYLE('',(#2599));
#2599 = FILL_AREA_STYLE_COLOUR('',#2480);
#2600 = CURVE_STYLE('',#2601,POSITIVE_LENGTH_MEASURE(0.1),#2483);
#2601 = DRAUGHTING_PRE_DEFINED_CURVE_FONT('continuous');
#2602 = MECHANICAL_DESIGN_GEOMETRIC_PRESENTATION_REPRESENTATION('',(
    #2603),#191);
#2603 = STYLED_ITEM('color',(#2604),#41);
#2604 = PRESENTATION_STYLE_ASSIGNMENT((#2605,#2611));
#2605 = SURFACE_STYLE_USAGE(.BOTH.,#2606);
#2606 = SURFACE_SIDE_STYLE('',(#2607));
#2607 = SURFACE_STYLE_FILL_AREA(#2608);
#2608 = FILL_AREA_STYLE('',(#2609));
#2609 = FILL_AREA_STYLE_COLOUR('',#2610);
#2610 = COLOUR_RGB('',8.499999944116E-02,9.000000351345E-02,
  9.999999991362E-02);
#2611 = CURVE_STYLE('',#2612,POSITIVE_LENGTH_MEASURE(0.1),#2483);
#2612 = DRAUGHTING_PRE_DEFINED_CURVE_FONT('continuous');
ENDSEC;
END-ISO-10303-21;
