ISO-10303-21;
HEADER;
FILE_DESCRIPTION(('FreeCAD Model'),'2;1');
FILE_NAME('Open CASCADE Shape Model','2026-09-21T13:12:19',('Author'),(
    ''),'Open CASCADE STEP processor 7.8','FreeCAD','Unknown');
FILE_SCHEMA(('AUTOMOTIVE_DESIGN { 1 0 10303 214 1 1 1 1 }'));
ENDSEC;
DATA;
#1 = APPLICATION_PROTOCOL_DEFINITION('international standard',
  'automotive_design',2000,#2);
#2 = APPLICATION_CONTEXT(
  'core data for automotive mechanical design processes');
#3 = SHAPE_DEFINITION_REPRESENTATION(#4,#10);
#4 = PRODUCT_DEFINITION_SHAPE('','',#5);
#5 = PRODUCT_DEFINITION('design','',#6,#9);
#6 = PRODUCT_DEFINITION_FORMATION('','',#7);
#7 = PRODUCT('AlignedPackage','AlignedPackage','',(#8));
#8 = PRODUCT_CONTEXT('',#2,'mechanical');
#9 = PRODUCT_DEFINITION_CONTEXT('part definition',#2,'design');
#10 = ADVANCED_BREP_SHAPE_REPRESENTATION('',(#11,#15),#5417);
#11 = AXIS2_PLACEMENT_3D('',#12,#13,#14);
#12 = CARTESIAN_POINT('',(0.,0.,0.));
#13 = DIRECTION('',(0.,0.,1.));
#14 = DIRECTION('',(1.,0.,-0.));
#15 = MANIFOLD_SOLID_BREP('',#16);
#16 = CLOSED_SHELL('',(#17,#55,#118,#141,#170,#273,#296,#319,#342,#445,
    #462,#485,#573,#590,#620,#651,#682,#713,#744,#775,#806,#837,#868,
    #899,#922,#938,#961,#978,#1009,#1040,#1071,#1102,#1133,#1164,#1195,
    #1226,#1257,#1287,#1304,#1349,#1451,#1474,#1497,#1520,#1623,#1661,
    #1746,#1795,#1887,#1912,#1996,#2018,#2110,#2135,#2219,#2241,#2333,
    #2358,#2442,#2464,#2556,#2581,#2665,#2682,#2767,#2784,#2869,#2894,
    #2971,#2988,#3080,#3105,#3189,#3211,#3303,#3328,#3412,#3434,#3526,
    #3551,#3635,#3657,#3749,#3774,#3858,#3875,#3894,#3913,#3932,#3951,
    #3997,#4013,#4032,#4051,#4070,#4089,#4105,#4122,#4139,#4156,#4173,
    #4190,#4207,#4224,#4236,#4248,#4265,#4282,#4299,#4316,#4333,#4350,
    #4367,#4379,#4396,#4413,#4430,#4447,#4464,#4481,#4498,#4510,#4527,
    #4544,#4561,#4578,#4595,#4612,#4629,#4641,#4658,#4675,#4692,#4709,
    #4726,#4743,#4760,#4772,#4789,#4806,#4823,#4840,#4857,#4874,#4886,
    #4903,#4920,#4937,#4954,#4971,#4988,#5005,#5017,#5034,#5051,#5068,
    #5085,#5102,#5119,#5136,#5148,#5165,#5182,#5199,#5216,#5233,#5250,
    #5267,#5279,#5296,#5313,#5330,#5347,#5364,#5381,#5398,#5410));
#17 = ADVANCED_FACE('',(#18),#50,.F.);
#18 = FACE_BOUND('',#19,.F.);
#19 = EDGE_LOOP('',(#20,#30,#37,#45));
#20 = ORIENTED_EDGE('',*,*,#21,.T.);
#21 = EDGE_CURVE('',#22,#24,#26,.T.);
#22 = VERTEX_POINT('',#23);
#23 = CARTESIAN_POINT('',(-1.264955012584,-1.429910025168,0.15));
#24 = VERTEX_POINT('',#25);
#25 = CARTESIAN_POINT('',(-1.429910025168,-1.264955012584,0.15));
#26 = LINE('',#27,#28);
#27 = CARTESIAN_POINT('',(-1.264955012584,-1.429910025168,0.15));
#28 = VECTOR('',#29,1.);
#29 = DIRECTION('',(-0.707106781187,0.707106781187,0.));
#30 = ORIENTED_EDGE('',*,*,#31,.T.);
#31 = EDGE_CURVE('',#24,#32,#34,.T.);
#32 = VERTEX_POINT('',#33);
#33 = CARTESIAN_POINT('',(-1.5,-1.3,0.5475));
#34 = B_SPLINE_CURVE_WITH_KNOTS('',1,(#35,#36),.UNSPECIFIED.,.F.,.F.,(2,
    2),(0.,1.),.PIECEWISE_BEZIER_KNOTS.);
#35 = CARTESIAN_POINT('',(-1.429910025168,-1.264955012584,0.15));
#36 = CARTESIAN_POINT('',(-1.5,-1.3,0.5475));
#37 = ORIENTED_EDGE('',*,*,#38,.F.);
#38 = EDGE_CURVE('',#39,#32,#41,.T.);
#39 = VERTEX_POINT('',#40);
#40 = CARTESIAN_POINT('',(-1.3,-1.5,0.5475));
#41 = LINE('',#42,#43);
#42 = CARTESIAN_POINT('',(-1.3,-1.5,0.5475));
#43 = VECTOR('',#44,1.);
#44 = DIRECTION('',(-0.707106781187,0.707106781187,0.));
#45 = ORIENTED_EDGE('',*,*,#46,.F.);
#46 = EDGE_CURVE('',#22,#39,#47,.T.);
#47 = B_SPLINE_CURVE_WITH_KNOTS('',1,(#48,#49),.UNSPECIFIED.,.F.,.F.,(2,
    2),(0.,1.),.PIECEWISE_BEZIER_KNOTS.);
#48 = CARTESIAN_POINT('',(-1.264955012584,-1.429910025168,0.15));
#49 = CARTESIAN_POINT('',(-1.3,-1.5,0.5475));
#50 = B_SPLINE_SURFACE_WITH_KNOTS('',1,1,(
    (#51,#52)
    ,(#53,#54
    )),.UNSPECIFIED.,.F.,.F.,.F.,(2,2),(2,2),(0.,0.282842712475),(0.,1.)
  ,.PIECEWISE_BEZIER_KNOTS.);
#51 = CARTESIAN_POINT('',(-1.264955012584,-1.429910025168,0.15));
#52 = CARTESIAN_POINT('',(-1.3,-1.5,0.5475));
#53 = CARTESIAN_POINT('',(-1.429910025168,-1.264955012584,0.15));
#54 = CARTESIAN_POINT('',(-1.5,-1.3,0.5475));
#55 = ADVANCED_FACE('',(#56),#113,.F.);
#56 = FACE_BOUND('',#57,.T.);
#57 = EDGE_LOOP('',(#58,#59,#67,#75,#83,#91,#99,#107));
#58 = ORIENTED_EDGE('',*,*,#21,.T.);
#59 = ORIENTED_EDGE('',*,*,#60,.T.);
#60 = EDGE_CURVE('',#24,#61,#63,.T.);
#61 = VERTEX_POINT('',#62);
#62 = CARTESIAN_POINT('',(-1.429910025168,1.264955012584,0.15));
#63 = LINE('',#64,#65);
#64 = CARTESIAN_POINT('',(-1.429910025168,-1.264955012584,0.15));
#65 = VECTOR('',#66,1.);
#66 = DIRECTION('',(-2.22044604925E-16,1.,0.));
#67 = ORIENTED_EDGE('',*,*,#68,.T.);
#68 = EDGE_CURVE('',#61,#69,#71,.T.);
#69 = VERTEX_POINT('',#70);
#70 = CARTESIAN_POINT('',(-1.264955012584,1.429910025168,0.15));
#71 = LINE('',#72,#73);
#72 = CARTESIAN_POINT('',(-1.429910025168,1.264955012584,0.15));
#73 = VECTOR('',#74,1.);
#74 = DIRECTION('',(0.707106781187,0.707106781187,0.));
#75 = ORIENTED_EDGE('',*,*,#76,.T.);
#76 = EDGE_CURVE('',#69,#77,#79,.T.);
#77 = VERTEX_POINT('',#78);
#78 = CARTESIAN_POINT('',(1.264955012584,1.429910025168,0.15));
#79 = LINE('',#80,#81);
#80 = CARTESIAN_POINT('',(-1.264955012584,1.429910025168,0.15));
#81 = VECTOR('',#82,1.);
#82 = DIRECTION('',(1.,2.22044604925E-16,0.));
#83 = ORIENTED_EDGE('',*,*,#84,.T.);
#84 = EDGE_CURVE('',#77,#85,#87,.T.);
#85 = VERTEX_POINT('',#86);
#86 = CARTESIAN_POINT('',(1.429910025168,1.264955012584,0.15));
#87 = LINE('',#88,#89);
#88 = CARTESIAN_POINT('',(1.264955012584,1.429910025168,0.15));
#89 = VECTOR('',#90,1.);
#90 = DIRECTION('',(0.707106781187,-0.707106781187,0.));
#91 = ORIENTED_EDGE('',*,*,#92,.T.);
#92 = EDGE_CURVE('',#85,#93,#95,.T.);
#93 = VERTEX_POINT('',#94);
#94 = CARTESIAN_POINT('',(1.429910025168,-1.264955012584,0.15));
#95 = LINE('',#96,#97);
#96 = CARTESIAN_POINT('',(1.429910025168,1.264955012584,0.15));
#97 = VECTOR('',#98,1.);
#98 = DIRECTION('',(2.22044604925E-16,-1.,0.));
#99 = ORIENTED_EDGE('',*,*,#100,.T.);
#100 = EDGE_CURVE('',#93,#101,#103,.T.);
#101 = VERTEX_POINT('',#102);
#102 = CARTESIAN_POINT('',(1.264955012584,-1.429910025168,0.15));
#103 = LINE('',#104,#105);
#104 = CARTESIAN_POINT('',(1.429910025168,-1.264955012584,0.15));
#105 = VECTOR('',#106,1.);
#106 = DIRECTION('',(-0.707106781187,-0.707106781187,0.));
#107 = ORIENTED_EDGE('',*,*,#108,.T.);
#108 = EDGE_CURVE('',#101,#22,#109,.T.);
#109 = LINE('',#110,#111);
#110 = CARTESIAN_POINT('',(1.264955012584,-1.429910025168,0.15));
#111 = VECTOR('',#112,1.);
#112 = DIRECTION('',(-1.,-2.22044604925E-16,0.));
#113 = PLANE('',#114);
#114 = AXIS2_PLACEMENT_3D('',#115,#116,#117);
#115 = CARTESIAN_POINT('',(-1.264955012584,-1.429910025168,0.15));
#116 = DIRECTION('',(0.,0.,1.));
#117 = DIRECTION('',(0.662584051025,0.748987566871,0.));
#118 = ADVANCED_FACE('',(#119),#136,.F.);
#119 = FACE_BOUND('',#120,.F.);
#120 = EDGE_LOOP('',(#121,#122,#129,#135));
#121 = ORIENTED_EDGE('',*,*,#60,.T.);
#122 = ORIENTED_EDGE('',*,*,#123,.T.);
#123 = EDGE_CURVE('',#61,#124,#126,.T.);
#124 = VERTEX_POINT('',#125);
#125 = CARTESIAN_POINT('',(-1.5,1.3,0.5475));
#126 = B_SPLINE_CURVE_WITH_KNOTS('',1,(#127,#128),.UNSPECIFIED.,.F.,.F.,
  (2,2),(0.,1.),.PIECEWISE_BEZIER_KNOTS.);
#127 = CARTESIAN_POINT('',(-1.429910025168,1.264955012584,0.15));
#128 = CARTESIAN_POINT('',(-1.5,1.3,0.5475));
#129 = ORIENTED_EDGE('',*,*,#130,.F.);
#130 = EDGE_CURVE('',#32,#124,#131,.T.);
#131 = LINE('',#132,#133);
#132 = CARTESIAN_POINT('',(-1.5,-1.3,0.5475));
#133 = VECTOR('',#134,1.);
#134 = DIRECTION('',(-2.22044604925E-16,1.,0.));
#135 = ORIENTED_EDGE('',*,*,#31,.F.);
#136 = B_SPLINE_SURFACE_WITH_KNOTS('',1,1,(
    (#137,#138)
    ,(#139,#140
  )),.UNSPECIFIED.,.F.,.F.,.F.,(2,2),(2,2),(0.,2.6),(0.,1.),
  .PIECEWISE_BEZIER_KNOTS.);
#137 = CARTESIAN_POINT('',(-1.429910025168,-1.264955012584,0.15));
#138 = CARTESIAN_POINT('',(-1.5,-1.3,0.5475));
#139 = CARTESIAN_POINT('',(-1.429910025168,1.264955012584,0.15));
#140 = CARTESIAN_POINT('',(-1.5,1.3,0.5475));
#141 = ADVANCED_FACE('',(#142),#165,.F.);
#142 = FACE_BOUND('',#143,.F.);
#143 = EDGE_LOOP('',(#144,#145,#152,#160));
#144 = ORIENTED_EDGE('',*,*,#38,.T.);
#145 = ORIENTED_EDGE('',*,*,#146,.T.);
#146 = EDGE_CURVE('',#32,#147,#149,.T.);
#147 = VERTEX_POINT('',#148);
#148 = CARTESIAN_POINT('',(-1.5,-1.3,0.7025));
#149 = B_SPLINE_CURVE_WITH_KNOTS('',1,(#150,#151),.UNSPECIFIED.,.F.,.F.,
  (2,2),(0.,1.),.PIECEWISE_BEZIER_KNOTS.);
#150 = CARTESIAN_POINT('',(-1.5,-1.3,0.5475));
#151 = CARTESIAN_POINT('',(-1.5,-1.3,0.7025));
#152 = ORIENTED_EDGE('',*,*,#153,.F.);
#153 = EDGE_CURVE('',#154,#147,#156,.T.);
#154 = VERTEX_POINT('',#155);
#155 = CARTESIAN_POINT('',(-1.3,-1.5,0.7025));
#156 = LINE('',#157,#158);
#157 = CARTESIAN_POINT('',(-1.3,-1.5,0.7025));
#158 = VECTOR('',#159,1.);
#159 = DIRECTION('',(-0.707106781187,0.707106781187,0.));
#160 = ORIENTED_EDGE('',*,*,#161,.F.);
#161 = EDGE_CURVE('',#39,#154,#162,.T.);
#162 = B_SPLINE_CURVE_WITH_KNOTS('',1,(#163,#164),.UNSPECIFIED.,.F.,.F.,
  (2,2),(0.,1.),.PIECEWISE_BEZIER_KNOTS.);
#163 = CARTESIAN_POINT('',(-1.3,-1.5,0.5475));
#164 = CARTESIAN_POINT('',(-1.3,-1.5,0.7025));
#165 = PLANE('',#166);
#166 = AXIS2_PLACEMENT_3D('',#167,#168,#169);
#167 = CARTESIAN_POINT('',(-1.3,-1.5,0.7025));
#168 = DIRECTION('',(0.707106781187,0.707106781187,0.));
#169 = DIRECTION('',(-0.707106781187,0.707106781187,0.));
#170 = ADVANCED_FACE('',(#171),#268,.F.);
#171 = FACE_BOUND('',#172,.F.);
#172 = EDGE_LOOP('',(#173,#174,#175,#183,#191,#199,#207,#215,#223,#231,
    #239,#247,#255,#263));
#173 = ORIENTED_EDGE('',*,*,#108,.T.);
#174 = ORIENTED_EDGE('',*,*,#46,.T.);
#175 = ORIENTED_EDGE('',*,*,#176,.F.);
#176 = EDGE_CURVE('',#177,#39,#179,.T.);
#177 = VERTEX_POINT('',#178);
#178 = CARTESIAN_POINT('',(-1.125,-1.5,0.5475));
#179 = LINE('',#180,#181);
#180 = CARTESIAN_POINT('',(1.3,-1.5,0.5475));
#181 = VECTOR('',#182,1.);
#182 = DIRECTION('',(-1.,-2.22044604925E-16,0.));
#183 = ORIENTED_EDGE('',*,*,#184,.F.);
#184 = EDGE_CURVE('',#185,#177,#187,.T.);
#185 = VERTEX_POINT('',#186);
#186 = CARTESIAN_POINT('',(-0.875,-1.5,0.5475));
#187 = LINE('',#188,#189);
#188 = CARTESIAN_POINT('',(1.3,-1.5,0.5475));
#189 = VECTOR('',#190,1.);
#190 = DIRECTION('',(-1.,-2.22044604925E-16,0.));
#191 = ORIENTED_EDGE('',*,*,#192,.F.);
#192 = EDGE_CURVE('',#193,#185,#195,.T.);
#193 = VERTEX_POINT('',#194);
#194 = CARTESIAN_POINT('',(-0.625,-1.5,0.5475));
#195 = LINE('',#196,#197);
#196 = CARTESIAN_POINT('',(1.3,-1.5,0.5475));
#197 = VECTOR('',#198,1.);
#198 = DIRECTION('',(-1.,-2.22044604925E-16,0.));
#199 = ORIENTED_EDGE('',*,*,#200,.F.);
#200 = EDGE_CURVE('',#201,#193,#203,.T.);
#201 = VERTEX_POINT('',#202);
#202 = CARTESIAN_POINT('',(-0.375,-1.5,0.5475));
#203 = LINE('',#204,#205);
#204 = CARTESIAN_POINT('',(1.3,-1.5,0.5475));
#205 = VECTOR('',#206,1.);
#206 = DIRECTION('',(-1.,-2.22044604925E-16,0.));
#207 = ORIENTED_EDGE('',*,*,#208,.F.);
#208 = EDGE_CURVE('',#209,#201,#211,.T.);
#209 = VERTEX_POINT('',#210);
#210 = CARTESIAN_POINT('',(-0.125,-1.5,0.5475));
#211 = LINE('',#212,#213);
#212 = CARTESIAN_POINT('',(1.3,-1.5,0.5475));
#213 = VECTOR('',#214,1.);
#214 = DIRECTION('',(-1.,-2.22044604925E-16,0.));
#215 = ORIENTED_EDGE('',*,*,#216,.F.);
#216 = EDGE_CURVE('',#217,#209,#219,.T.);
#217 = VERTEX_POINT('',#218);
#218 = CARTESIAN_POINT('',(0.125,-1.5,0.5475));
#219 = LINE('',#220,#221);
#220 = CARTESIAN_POINT('',(1.3,-1.5,0.5475));
#221 = VECTOR('',#222,1.);
#222 = DIRECTION('',(-1.,-2.22044604925E-16,0.));
#223 = ORIENTED_EDGE('',*,*,#224,.F.);
#224 = EDGE_CURVE('',#225,#217,#227,.T.);
#225 = VERTEX_POINT('',#226);
#226 = CARTESIAN_POINT('',(0.375,-1.5,0.5475));
#227 = LINE('',#228,#229);
#228 = CARTESIAN_POINT('',(1.3,-1.5,0.5475));
#229 = VECTOR('',#230,1.);
#230 = DIRECTION('',(-1.,-2.22044604925E-16,0.));
#231 = ORIENTED_EDGE('',*,*,#232,.F.);
#232 = EDGE_CURVE('',#233,#225,#235,.T.);
#233 = VERTEX_POINT('',#234);
#234 = CARTESIAN_POINT('',(0.625,-1.5,0.5475));
#235 = LINE('',#236,#237);
#236 = CARTESIAN_POINT('',(1.3,-1.5,0.5475));
#237 = VECTOR('',#238,1.);
#238 = DIRECTION('',(-1.,-2.22044604925E-16,0.));
#239 = ORIENTED_EDGE('',*,*,#240,.F.);
#240 = EDGE_CURVE('',#241,#233,#243,.T.);
#241 = VERTEX_POINT('',#242);
#242 = CARTESIAN_POINT('',(0.875,-1.5,0.5475));
#243 = LINE('',#244,#245);
#244 = CARTESIAN_POINT('',(1.3,-1.5,0.5475));
#245 = VECTOR('',#246,1.);
#246 = DIRECTION('',(-1.,-2.22044604925E-16,0.));
#247 = ORIENTED_EDGE('',*,*,#248,.F.);
#248 = EDGE_CURVE('',#249,#241,#251,.T.);
#249 = VERTEX_POINT('',#250);
#250 = CARTESIAN_POINT('',(1.125,-1.5,0.5475));
#251 = LINE('',#252,#253);
#252 = CARTESIAN_POINT('',(1.3,-1.5,0.5475));
#253 = VECTOR('',#254,1.);
#254 = DIRECTION('',(-1.,-2.22044604925E-16,0.));
#255 = ORIENTED_EDGE('',*,*,#256,.F.);
#256 = EDGE_CURVE('',#257,#249,#259,.T.);
#257 = VERTEX_POINT('',#258);
#258 = CARTESIAN_POINT('',(1.3,-1.5,0.5475));
#259 = LINE('',#260,#261);
#260 = CARTESIAN_POINT('',(1.3,-1.5,0.5475));
#261 = VECTOR('',#262,1.);
#262 = DIRECTION('',(-1.,-2.22044604925E-16,0.));
#263 = ORIENTED_EDGE('',*,*,#264,.F.);
#264 = EDGE_CURVE('',#101,#257,#265,.T.);
#265 = B_SPLINE_CURVE_WITH_KNOTS('',1,(#266,#267),.UNSPECIFIED.,.F.,.F.,
  (2,2),(0.,1.),.PIECEWISE_BEZIER_KNOTS.);
#266 = CARTESIAN_POINT('',(1.264955012584,-1.429910025168,0.15));
#267 = CARTESIAN_POINT('',(1.3,-1.5,0.5475));
#268 = B_SPLINE_SURFACE_WITH_KNOTS('',1,1,(
    (#269,#270)
    ,(#271,#272
  )),.UNSPECIFIED.,.F.,.F.,.F.,(2,2),(2,2),(0.,2.6),(0.,1.),
  .PIECEWISE_BEZIER_KNOTS.);
#269 = CARTESIAN_POINT('',(1.264955012584,-1.429910025168,0.15));
#270 = CARTESIAN_POINT('',(1.3,-1.5,0.5475));
#271 = CARTESIAN_POINT('',(-1.264955012584,-1.429910025168,0.15));
#272 = CARTESIAN_POINT('',(-1.3,-1.5,0.5475));
#273 = ADVANCED_FACE('',(#274),#291,.F.);
#274 = FACE_BOUND('',#275,.F.);
#275 = EDGE_LOOP('',(#276,#277,#278,#286));
#276 = ORIENTED_EDGE('',*,*,#100,.T.);
#277 = ORIENTED_EDGE('',*,*,#264,.T.);
#278 = ORIENTED_EDGE('',*,*,#279,.F.);
#279 = EDGE_CURVE('',#280,#257,#282,.T.);
#280 = VERTEX_POINT('',#281);
#281 = CARTESIAN_POINT('',(1.5,-1.3,0.5475));
#282 = LINE('',#283,#284);
#283 = CARTESIAN_POINT('',(1.5,-1.3,0.5475));
#284 = VECTOR('',#285,1.);
#285 = DIRECTION('',(-0.707106781187,-0.707106781187,0.));
#286 = ORIENTED_EDGE('',*,*,#287,.F.);
#287 = EDGE_CURVE('',#93,#280,#288,.T.);
#288 = B_SPLINE_CURVE_WITH_KNOTS('',1,(#289,#290),.UNSPECIFIED.,.F.,.F.,
  (2,2),(0.,1.),.PIECEWISE_BEZIER_KNOTS.);
#289 = CARTESIAN_POINT('',(1.429910025168,-1.264955012584,0.15));
#290 = CARTESIAN_POINT('',(1.5,-1.3,0.5475));
#291 = B_SPLINE_SURFACE_WITH_KNOTS('',1,1,(
    (#292,#293)
    ,(#294,#295
    )),.UNSPECIFIED.,.F.,.F.,.F.,(2,2),(2,2),(0.,0.282842712475),(0.,1.)
  ,.PIECEWISE_BEZIER_KNOTS.);
#292 = CARTESIAN_POINT('',(1.429910025168,-1.264955012584,0.15));
#293 = CARTESIAN_POINT('',(1.5,-1.3,0.5475));
#294 = CARTESIAN_POINT('',(1.264955012584,-1.429910025168,0.15));
#295 = CARTESIAN_POINT('',(1.3,-1.5,0.5475));
#296 = ADVANCED_FACE('',(#297),#314,.F.);
#297 = FACE_BOUND('',#298,.F.);
#298 = EDGE_LOOP('',(#299,#300,#307,#313));
#299 = ORIENTED_EDGE('',*,*,#68,.T.);
#300 = ORIENTED_EDGE('',*,*,#301,.T.);
#301 = EDGE_CURVE('',#69,#302,#304,.T.);
#302 = VERTEX_POINT('',#303);
#303 = CARTESIAN_POINT('',(-1.3,1.5,0.5475));
#304 = B_SPLINE_CURVE_WITH_KNOTS('',1,(#305,#306),.UNSPECIFIED.,.F.,.F.,
  (2,2),(0.,1.),.PIECEWISE_BEZIER_KNOTS.);
#305 = CARTESIAN_POINT('',(-1.264955012584,1.429910025168,0.15));
#306 = CARTESIAN_POINT('',(-1.3,1.5,0.5475));
#307 = ORIENTED_EDGE('',*,*,#308,.F.);
#308 = EDGE_CURVE('',#124,#302,#309,.T.);
#309 = LINE('',#310,#311);
#310 = CARTESIAN_POINT('',(-1.5,1.3,0.5475));
#311 = VECTOR('',#312,1.);
#312 = DIRECTION('',(0.707106781187,0.707106781187,0.));
#313 = ORIENTED_EDGE('',*,*,#123,.F.);
#314 = B_SPLINE_SURFACE_WITH_KNOTS('',1,1,(
    (#315,#316)
    ,(#317,#318
    )),.UNSPECIFIED.,.F.,.F.,.F.,(2,2),(2,2),(0.,0.282842712475),(0.,1.)
  ,.PIECEWISE_BEZIER_KNOTS.);
#315 = CARTESIAN_POINT('',(-1.429910025168,1.264955012584,0.15));
#316 = CARTESIAN_POINT('',(-1.5,1.3,0.5475));
#317 = CARTESIAN_POINT('',(-1.264955012584,1.429910025168,0.15));
#318 = CARTESIAN_POINT('',(-1.3,1.5,0.5475));
#319 = ADVANCED_FACE('',(#320),#337,.F.);
#320 = FACE_BOUND('',#321,.F.);
#321 = EDGE_LOOP('',(#322,#323,#324,#332));
#322 = ORIENTED_EDGE('',*,*,#92,.T.);
#323 = ORIENTED_EDGE('',*,*,#287,.T.);
#324 = ORIENTED_EDGE('',*,*,#325,.F.);
#325 = EDGE_CURVE('',#326,#280,#328,.T.);
#326 = VERTEX_POINT('',#327);
#327 = CARTESIAN_POINT('',(1.5,1.3,0.5475));
#328 = LINE('',#329,#330);
#329 = CARTESIAN_POINT('',(1.5,1.3,0.5475));
#330 = VECTOR('',#331,1.);
#331 = DIRECTION('',(2.22044604925E-16,-1.,0.));
#332 = ORIENTED_EDGE('',*,*,#333,.F.);
#333 = EDGE_CURVE('',#85,#326,#334,.T.);
#334 = B_SPLINE_CURVE_WITH_KNOTS('',1,(#335,#336),.UNSPECIFIED.,.F.,.F.,
  (2,2),(0.,1.),.PIECEWISE_BEZIER_KNOTS.);
#335 = CARTESIAN_POINT('',(1.429910025168,1.264955012584,0.15));
#336 = CARTESIAN_POINT('',(1.5,1.3,0.5475));
#337 = B_SPLINE_SURFACE_WITH_KNOTS('',1,1,(
    (#338,#339)
    ,(#340,#341
  )),.UNSPECIFIED.,.F.,.F.,.F.,(2,2),(2,2),(0.,2.6),(0.,1.),
  .PIECEWISE_BEZIER_KNOTS.);
#338 = CARTESIAN_POINT('',(1.429910025168,1.264955012584,0.15));
#339 = CARTESIAN_POINT('',(1.5,1.3,0.5475));
#340 = CARTESIAN_POINT('',(1.429910025168,-1.264955012584,0.15));
#341 = CARTESIAN_POINT('',(1.5,-1.3,0.5475));
#342 = ADVANCED_FACE('',(#343),#440,.F.);
#343 = FACE_BOUND('',#344,.F.);
#344 = EDGE_LOOP('',(#345,#346,#353,#361,#369,#377,#385,#393,#401,#409,
    #417,#425,#433,#439));
#345 = ORIENTED_EDGE('',*,*,#76,.T.);
#346 = ORIENTED_EDGE('',*,*,#347,.T.);
#347 = EDGE_CURVE('',#77,#348,#350,.T.);
#348 = VERTEX_POINT('',#349);
#349 = CARTESIAN_POINT('',(1.3,1.5,0.5475));
#350 = B_SPLINE_CURVE_WITH_KNOTS('',1,(#351,#352),.UNSPECIFIED.,.F.,.F.,
  (2,2),(0.,1.),.PIECEWISE_BEZIER_KNOTS.);
#351 = CARTESIAN_POINT('',(1.264955012584,1.429910025168,0.15));
#352 = CARTESIAN_POINT('',(1.3,1.5,0.5475));
#353 = ORIENTED_EDGE('',*,*,#354,.F.);
#354 = EDGE_CURVE('',#355,#348,#357,.T.);
#355 = VERTEX_POINT('',#356);
#356 = CARTESIAN_POINT('',(1.125,1.5,0.5475));
#357 = LINE('',#358,#359);
#358 = CARTESIAN_POINT('',(-1.3,1.5,0.5475));
#359 = VECTOR('',#360,1.);
#360 = DIRECTION('',(1.,2.22044604925E-16,0.));
#361 = ORIENTED_EDGE('',*,*,#362,.F.);
#362 = EDGE_CURVE('',#363,#355,#365,.T.);
#363 = VERTEX_POINT('',#364);
#364 = CARTESIAN_POINT('',(0.875,1.5,0.5475));
#365 = LINE('',#366,#367);
#366 = CARTESIAN_POINT('',(-1.3,1.5,0.5475));
#367 = VECTOR('',#368,1.);
#368 = DIRECTION('',(1.,2.22044604925E-16,0.));
#369 = ORIENTED_EDGE('',*,*,#370,.F.);
#370 = EDGE_CURVE('',#371,#363,#373,.T.);
#371 = VERTEX_POINT('',#372);
#372 = CARTESIAN_POINT('',(0.625,1.5,0.5475));
#373 = LINE('',#374,#375);
#374 = CARTESIAN_POINT('',(-1.3,1.5,0.5475));
#375 = VECTOR('',#376,1.);
#376 = DIRECTION('',(1.,2.22044604925E-16,0.));
#377 = ORIENTED_EDGE('',*,*,#378,.F.);
#378 = EDGE_CURVE('',#379,#371,#381,.T.);
#379 = VERTEX_POINT('',#380);
#380 = CARTESIAN_POINT('',(0.375,1.5,0.5475));
#381 = LINE('',#382,#383);
#382 = CARTESIAN_POINT('',(-1.3,1.5,0.5475));
#383 = VECTOR('',#384,1.);
#384 = DIRECTION('',(1.,2.22044604925E-16,0.));
#385 = ORIENTED_EDGE('',*,*,#386,.F.);
#386 = EDGE_CURVE('',#387,#379,#389,.T.);
#387 = VERTEX_POINT('',#388);
#388 = CARTESIAN_POINT('',(0.125,1.5,0.5475));
#389 = LINE('',#390,#391);
#390 = CARTESIAN_POINT('',(-1.3,1.5,0.5475));
#391 = VECTOR('',#392,1.);
#392 = DIRECTION('',(1.,2.22044604925E-16,0.));
#393 = ORIENTED_EDGE('',*,*,#394,.F.);
#394 = EDGE_CURVE('',#395,#387,#397,.T.);
#395 = VERTEX_POINT('',#396);
#396 = CARTESIAN_POINT('',(-0.125,1.5,0.5475));
#397 = LINE('',#398,#399);
#398 = CARTESIAN_POINT('',(-1.3,1.5,0.5475));
#399 = VECTOR('',#400,1.);
#400 = DIRECTION('',(1.,2.22044604925E-16,0.));
#401 = ORIENTED_EDGE('',*,*,#402,.F.);
#402 = EDGE_CURVE('',#403,#395,#405,.T.);
#403 = VERTEX_POINT('',#404);
#404 = CARTESIAN_POINT('',(-0.375,1.5,0.5475));
#405 = LINE('',#406,#407);
#406 = CARTESIAN_POINT('',(-1.3,1.5,0.5475));
#407 = VECTOR('',#408,1.);
#408 = DIRECTION('',(1.,2.22044604925E-16,0.));
#409 = ORIENTED_EDGE('',*,*,#410,.F.);
#410 = EDGE_CURVE('',#411,#403,#413,.T.);
#411 = VERTEX_POINT('',#412);
#412 = CARTESIAN_POINT('',(-0.625,1.5,0.5475));
#413 = LINE('',#414,#415);
#414 = CARTESIAN_POINT('',(-1.3,1.5,0.5475));
#415 = VECTOR('',#416,1.);
#416 = DIRECTION('',(1.,2.22044604925E-16,0.));
#417 = ORIENTED_EDGE('',*,*,#418,.F.);
#418 = EDGE_CURVE('',#419,#411,#421,.T.);
#419 = VERTEX_POINT('',#420);
#420 = CARTESIAN_POINT('',(-0.875,1.5,0.5475));
#421 = LINE('',#422,#423);
#422 = CARTESIAN_POINT('',(-1.3,1.5,0.5475));
#423 = VECTOR('',#424,1.);
#424 = DIRECTION('',(1.,2.22044604925E-16,0.));
#425 = ORIENTED_EDGE('',*,*,#426,.F.);
#426 = EDGE_CURVE('',#427,#419,#429,.T.);
#427 = VERTEX_POINT('',#428);
#428 = CARTESIAN_POINT('',(-1.125,1.5,0.5475));
#429 = LINE('',#430,#431);
#430 = CARTESIAN_POINT('',(-1.3,1.5,0.5475));
#431 = VECTOR('',#432,1.);
#432 = DIRECTION('',(1.,2.22044604925E-16,0.));
#433 = ORIENTED_EDGE('',*,*,#434,.F.);
#434 = EDGE_CURVE('',#302,#427,#435,.T.);
#435 = LINE('',#436,#437);
#436 = CARTESIAN_POINT('',(-1.3,1.5,0.5475));
#437 = VECTOR('',#438,1.);
#438 = DIRECTION('',(1.,2.22044604925E-16,0.));
#439 = ORIENTED_EDGE('',*,*,#301,.F.);
#440 = B_SPLINE_SURFACE_WITH_KNOTS('',1,1,(
    (#441,#442)
    ,(#443,#444
  )),.UNSPECIFIED.,.F.,.F.,.F.,(2,2),(2,2),(0.,2.6),(0.,1.),
  .PIECEWISE_BEZIER_KNOTS.);
#441 = CARTESIAN_POINT('',(-1.264955012584,1.429910025168,0.15));
#442 = CARTESIAN_POINT('',(-1.3,1.5,0.5475));
#443 = CARTESIAN_POINT('',(1.264955012584,1.429910025168,0.15));
#444 = CARTESIAN_POINT('',(1.3,1.5,0.5475));
#445 = ADVANCED_FACE('',(#446),#457,.F.);
#446 = FACE_BOUND('',#447,.F.);
#447 = EDGE_LOOP('',(#448,#449,#450,#456));
#448 = ORIENTED_EDGE('',*,*,#84,.T.);
#449 = ORIENTED_EDGE('',*,*,#333,.T.);
#450 = ORIENTED_EDGE('',*,*,#451,.F.);
#451 = EDGE_CURVE('',#348,#326,#452,.T.);
#452 = LINE('',#453,#454);
#453 = CARTESIAN_POINT('',(1.3,1.5,0.5475));
#454 = VECTOR('',#455,1.);
#455 = DIRECTION('',(0.707106781187,-0.707106781187,0.));
#456 = ORIENTED_EDGE('',*,*,#347,.F.);
#457 = B_SPLINE_SURFACE_WITH_KNOTS('',1,1,(
    (#458,#459)
    ,(#460,#461
    )),.UNSPECIFIED.,.F.,.F.,.F.,(2,2),(2,2),(0.,0.282842712475),(0.,1.)
  ,.PIECEWISE_BEZIER_KNOTS.);
#458 = CARTESIAN_POINT('',(1.264955012584,1.429910025168,0.15));
#459 = CARTESIAN_POINT('',(1.3,1.5,0.5475));
#460 = CARTESIAN_POINT('',(1.429910025168,1.264955012584,0.15));
#461 = CARTESIAN_POINT('',(1.5,1.3,0.5475));
#462 = ADVANCED_FACE('',(#463),#480,.F.);
#463 = FACE_BOUND('',#464,.F.);
#464 = EDGE_LOOP('',(#465,#466,#473,#479));
#465 = ORIENTED_EDGE('',*,*,#130,.T.);
#466 = ORIENTED_EDGE('',*,*,#467,.T.);
#467 = EDGE_CURVE('',#124,#468,#470,.T.);
#468 = VERTEX_POINT('',#469);
#469 = CARTESIAN_POINT('',(-1.5,1.3,0.7025));
#470 = B_SPLINE_CURVE_WITH_KNOTS('',1,(#471,#472),.UNSPECIFIED.,.F.,.F.,
  (2,2),(0.,1.),.PIECEWISE_BEZIER_KNOTS.);
#471 = CARTESIAN_POINT('',(-1.5,1.3,0.5475));
#472 = CARTESIAN_POINT('',(-1.5,1.3,0.7025));
#473 = ORIENTED_EDGE('',*,*,#474,.F.);
#474 = EDGE_CURVE('',#147,#468,#475,.T.);
#475 = LINE('',#476,#477);
#476 = CARTESIAN_POINT('',(-1.5,-1.3,0.7025));
#477 = VECTOR('',#478,1.);
#478 = DIRECTION('',(-2.22044604925E-16,1.,0.));
#479 = ORIENTED_EDGE('',*,*,#146,.F.);
#480 = PLANE('',#481);
#481 = AXIS2_PLACEMENT_3D('',#482,#483,#484);
#482 = CARTESIAN_POINT('',(-1.5,-1.3,0.7025));
#483 = DIRECTION('',(1.,2.22044604925E-16,0.));
#484 = DIRECTION('',(-2.22044604925E-16,1.,0.));
#485 = ADVANCED_FACE('',(#486),#568,.F.);
#486 = FACE_BOUND('',#487,.F.);
#487 = EDGE_LOOP('',(#488,#496,#497,#498,#506,#514,#522,#530,#538,#546,
    #554,#562));
#488 = ORIENTED_EDGE('',*,*,#489,.T.);
#489 = EDGE_CURVE('',#490,#154,#492,.T.);
#490 = VERTEX_POINT('',#491);
#491 = CARTESIAN_POINT('',(-1.125,-1.5,0.7025));
#492 = LINE('',#493,#494);
#493 = CARTESIAN_POINT('',(1.3,-1.5,0.7025));
#494 = VECTOR('',#495,1.);
#495 = DIRECTION('',(-1.,-2.22044604925E-16,0.));
#496 = ORIENTED_EDGE('',*,*,#153,.T.);
#497 = ORIENTED_EDGE('',*,*,#474,.T.);
#498 = ORIENTED_EDGE('',*,*,#499,.T.);
#499 = EDGE_CURVE('',#468,#500,#502,.T.);
#500 = VERTEX_POINT('',#501);
#501 = CARTESIAN_POINT('',(-1.3,1.5,0.7025));
#502 = LINE('',#503,#504);
#503 = CARTESIAN_POINT('',(-1.5,1.3,0.7025));
#504 = VECTOR('',#505,1.);
#505 = DIRECTION('',(0.707106781187,0.707106781187,0.));
#506 = ORIENTED_EDGE('',*,*,#507,.T.);
#507 = EDGE_CURVE('',#500,#508,#510,.T.);
#508 = VERTEX_POINT('',#509);
#509 = CARTESIAN_POINT('',(-1.125,1.5,0.7025));
#510 = LINE('',#511,#512);
#511 = CARTESIAN_POINT('',(-1.3,1.5,0.7025));
#512 = VECTOR('',#513,1.);
#513 = DIRECTION('',(1.,2.22044604925E-16,0.));
#514 = ORIENTED_EDGE('',*,*,#515,.T.);
#515 = EDGE_CURVE('',#508,#516,#518,.T.);
#516 = VERTEX_POINT('',#517);
#517 = CARTESIAN_POINT('',(-1.125,1.45,0.7025));
#518 = LINE('',#519,#520);
#519 = CARTESIAN_POINT('',(-1.125,1.705537683087,0.7025));
#520 = VECTOR('',#521,1.);
#521 = DIRECTION('',(3.330669073875E-16,-1.,0.));
#522 = ORIENTED_EDGE('',*,*,#523,.F.);
#523 = EDGE_CURVE('',#524,#516,#526,.T.);
#524 = VERTEX_POINT('',#525);
#525 = CARTESIAN_POINT('',(-1.275,1.45,0.7025));
#526 = LINE('',#527,#528);
#527 = CARTESIAN_POINT('',(-1.275,1.45,0.7025));
#528 = VECTOR('',#529,1.);
#529 = DIRECTION('',(1.,2.22044604925E-16,0.));
#530 = ORIENTED_EDGE('',*,*,#531,.F.);
#531 = EDGE_CURVE('',#532,#524,#534,.T.);
#532 = VERTEX_POINT('',#533);
#533 = CARTESIAN_POINT('',(-1.45,1.275,0.7025));
#534 = LINE('',#535,#536);
#535 = CARTESIAN_POINT('',(-1.45,1.275,0.7025));
#536 = VECTOR('',#537,1.);
#537 = DIRECTION('',(0.707106781187,0.707106781187,0.));
#538 = ORIENTED_EDGE('',*,*,#539,.F.);
#539 = EDGE_CURVE('',#540,#532,#542,.T.);
#540 = VERTEX_POINT('',#541);
#541 = CARTESIAN_POINT('',(-1.45,-1.275,0.7025));
#542 = LINE('',#543,#544);
#543 = CARTESIAN_POINT('',(-1.45,-1.275,0.7025));
#544 = VECTOR('',#545,1.);
#545 = DIRECTION('',(-2.22044604925E-16,1.,0.));
#546 = ORIENTED_EDGE('',*,*,#547,.F.);
#547 = EDGE_CURVE('',#548,#540,#550,.T.);
#548 = VERTEX_POINT('',#549);
#549 = CARTESIAN_POINT('',(-1.275,-1.45,0.7025));
#550 = LINE('',#551,#552);
#551 = CARTESIAN_POINT('',(-1.275,-1.45,0.7025));
#552 = VECTOR('',#553,1.);
#553 = DIRECTION('',(-0.707106781187,0.707106781187,0.));
#554 = ORIENTED_EDGE('',*,*,#555,.F.);
#555 = EDGE_CURVE('',#556,#548,#558,.T.);
#556 = VERTEX_POINT('',#557);
#557 = CARTESIAN_POINT('',(-1.125,-1.45,0.7025));
#558 = LINE('',#559,#560);
#559 = CARTESIAN_POINT('',(1.275,-1.45,0.7025));
#560 = VECTOR('',#561,1.);
#561 = DIRECTION('',(-1.,-2.22044604925E-16,0.));
#562 = ORIENTED_EDGE('',*,*,#563,.F.);
#563 = EDGE_CURVE('',#490,#556,#564,.T.);
#564 = LINE('',#565,#566);
#565 = CARTESIAN_POINT('',(-1.125,-1.705537683087,0.7025));
#566 = VECTOR('',#567,1.);
#567 = DIRECTION('',(-1.110223024625E-16,1.,0.));
#568 = PLANE('',#569);
#569 = AXIS2_PLACEMENT_3D('',#570,#571,#572);
#570 = CARTESIAN_POINT('',(-1.38125,-1.38125,0.7025));
#571 = DIRECTION('',(2.591993990471E-15,2.497292822135E-15,-1.));
#572 = DIRECTION('',(-0.707106781187,0.707106781187,-6.696383831667E-17)
  );
#573 = ADVANCED_FACE('',(#574),#585,.F.);
#574 = FACE_BOUND('',#575,.F.);
#575 = EDGE_LOOP('',(#576,#582,#583,#584));
#576 = ORIENTED_EDGE('',*,*,#577,.F.);
#577 = EDGE_CURVE('',#177,#490,#578,.T.);
#578 = LINE('',#579,#580);
#579 = CARTESIAN_POINT('',(-1.125,-1.5,0.524832190278));
#580 = VECTOR('',#581,1.);
#581 = DIRECTION('',(0.,0.,1.));
#582 = ORIENTED_EDGE('',*,*,#176,.T.);
#583 = ORIENTED_EDGE('',*,*,#161,.T.);
#584 = ORIENTED_EDGE('',*,*,#489,.F.);
#585 = PLANE('',#586);
#586 = AXIS2_PLACEMENT_3D('',#587,#588,#589);
#587 = CARTESIAN_POINT('',(1.3,-1.5,0.7025));
#588 = DIRECTION('',(-2.22044604925E-16,1.,0.));
#589 = DIRECTION('',(-1.,-2.22044604925E-16,0.));
#590 = ADVANCED_FACE('',(#591),#615,.F.);
#591 = FACE_BOUND('',#592,.F.);
#592 = EDGE_LOOP('',(#593,#600,#601,#609));
#593 = ORIENTED_EDGE('',*,*,#594,.F.);
#594 = EDGE_CURVE('',#257,#595,#597,.T.);
#595 = VERTEX_POINT('',#596);
#596 = CARTESIAN_POINT('',(1.3,-1.5,0.7025));
#597 = B_SPLINE_CURVE_WITH_KNOTS('',1,(#598,#599),.UNSPECIFIED.,.F.,.F.,
  (2,2),(0.,1.),.PIECEWISE_BEZIER_KNOTS.);
#598 = CARTESIAN_POINT('',(1.3,-1.5,0.5475));
#599 = CARTESIAN_POINT('',(1.3,-1.5,0.7025));
#600 = ORIENTED_EDGE('',*,*,#256,.T.);
#601 = ORIENTED_EDGE('',*,*,#602,.T.);
#602 = EDGE_CURVE('',#249,#603,#605,.T.);
#603 = VERTEX_POINT('',#604);
#604 = CARTESIAN_POINT('',(1.125,-1.5,0.7025));
#605 = LINE('',#606,#607);
#606 = CARTESIAN_POINT('',(1.125,-1.5,0.524832190278));
#607 = VECTOR('',#608,1.);
#608 = DIRECTION('',(0.,0.,1.));
#609 = ORIENTED_EDGE('',*,*,#610,.F.);
#610 = EDGE_CURVE('',#595,#603,#611,.T.);
#611 = LINE('',#612,#613);
#612 = CARTESIAN_POINT('',(1.3,-1.5,0.7025));
#613 = VECTOR('',#614,1.);
#614 = DIRECTION('',(-1.,-2.22044604925E-16,0.));
#615 = PLANE('',#616);
#616 = AXIS2_PLACEMENT_3D('',#617,#618,#619);
#617 = CARTESIAN_POINT('',(1.3,-1.5,0.7025));
#618 = DIRECTION('',(-2.22044604925E-16,1.,0.));
#619 = DIRECTION('',(-1.,-2.22044604925E-16,0.));
#620 = ADVANCED_FACE('',(#621),#646,.F.);
#621 = FACE_BOUND('',#622,.F.);
#622 = EDGE_LOOP('',(#623,#631,#632,#640));
#623 = ORIENTED_EDGE('',*,*,#624,.F.);
#624 = EDGE_CURVE('',#249,#625,#627,.T.);
#625 = VERTEX_POINT('',#626);
#626 = CARTESIAN_POINT('',(1.125,-1.705537683087,0.5475));
#627 = LINE('',#628,#629);
#628 = CARTESIAN_POINT('',(1.125,-1.4,0.5475));
#629 = VECTOR('',#630,1.);
#630 = DIRECTION('',(1.110223024625E-16,-1.,0.));
#631 = ORIENTED_EDGE('',*,*,#248,.T.);
#632 = ORIENTED_EDGE('',*,*,#633,.T.);
#633 = EDGE_CURVE('',#241,#634,#636,.T.);
#634 = VERTEX_POINT('',#635);
#635 = CARTESIAN_POINT('',(0.875,-1.705537683087,0.5475));
#636 = LINE('',#637,#638);
#637 = CARTESIAN_POINT('',(0.875,-1.4,0.5475));
#638 = VECTOR('',#639,1.);
#639 = DIRECTION('',(1.110223024625E-16,-1.,0.));
#640 = ORIENTED_EDGE('',*,*,#641,.F.);
#641 = EDGE_CURVE('',#625,#634,#642,.T.);
#642 = LINE('',#643,#644);
#643 = CARTESIAN_POINT('',(1.125,-1.705537683087,0.5475));
#644 = VECTOR('',#645,1.);
#645 = DIRECTION('',(-1.,-1.110223024625E-16,0.));
#646 = PLANE('',#647);
#647 = AXIS2_PLACEMENT_3D('',#648,#649,#650);
#648 = CARTESIAN_POINT('',(1.125,-1.4,0.5475));
#649 = DIRECTION('',(0.,0.,1.));
#650 = DIRECTION('',(1.110223024625E-16,-1.,0.));
#651 = ADVANCED_FACE('',(#652),#677,.F.);
#652 = FACE_BOUND('',#653,.F.);
#653 = EDGE_LOOP('',(#654,#662,#663,#671));
#654 = ORIENTED_EDGE('',*,*,#655,.F.);
#655 = EDGE_CURVE('',#241,#656,#658,.T.);
#656 = VERTEX_POINT('',#657);
#657 = CARTESIAN_POINT('',(0.875,-1.5,0.7025));
#658 = LINE('',#659,#660);
#659 = CARTESIAN_POINT('',(0.875,-1.5,0.524832190278));
#660 = VECTOR('',#661,1.);
#661 = DIRECTION('',(0.,0.,1.));
#662 = ORIENTED_EDGE('',*,*,#240,.T.);
#663 = ORIENTED_EDGE('',*,*,#664,.T.);
#664 = EDGE_CURVE('',#233,#665,#667,.T.);
#665 = VERTEX_POINT('',#666);
#666 = CARTESIAN_POINT('',(0.625,-1.5,0.7025));
#667 = LINE('',#668,#669);
#668 = CARTESIAN_POINT('',(0.625,-1.5,0.524832190278));
#669 = VECTOR('',#670,1.);
#670 = DIRECTION('',(0.,0.,1.));
#671 = ORIENTED_EDGE('',*,*,#672,.F.);
#672 = EDGE_CURVE('',#656,#665,#673,.T.);
#673 = LINE('',#674,#675);
#674 = CARTESIAN_POINT('',(1.3,-1.5,0.7025));
#675 = VECTOR('',#676,1.);
#676 = DIRECTION('',(-1.,-2.22044604925E-16,0.));
#677 = PLANE('',#678);
#678 = AXIS2_PLACEMENT_3D('',#679,#680,#681);
#679 = CARTESIAN_POINT('',(1.3,-1.5,0.7025));
#680 = DIRECTION('',(-2.22044604925E-16,1.,0.));
#681 = DIRECTION('',(-1.,-2.22044604925E-16,0.));
#682 = ADVANCED_FACE('',(#683),#708,.F.);
#683 = FACE_BOUND('',#684,.F.);
#684 = EDGE_LOOP('',(#685,#693,#694,#702));
#685 = ORIENTED_EDGE('',*,*,#686,.F.);
#686 = EDGE_CURVE('',#233,#687,#689,.T.);
#687 = VERTEX_POINT('',#688);
#688 = CARTESIAN_POINT('',(0.625,-1.705537683087,0.5475));
#689 = LINE('',#690,#691);
#690 = CARTESIAN_POINT('',(0.625,-1.4,0.5475));
#691 = VECTOR('',#692,1.);
#692 = DIRECTION('',(1.110223024625E-16,-1.,0.));
#693 = ORIENTED_EDGE('',*,*,#232,.T.);
#694 = ORIENTED_EDGE('',*,*,#695,.T.);
#695 = EDGE_CURVE('',#225,#696,#698,.T.);
#696 = VERTEX_POINT('',#697);
#697 = CARTESIAN_POINT('',(0.375,-1.705537683087,0.5475));
#698 = LINE('',#699,#700);
#699 = CARTESIAN_POINT('',(0.375,-1.4,0.5475));
#700 = VECTOR('',#701,1.);
#701 = DIRECTION('',(1.110223024625E-16,-1.,0.));
#702 = ORIENTED_EDGE('',*,*,#703,.F.);
#703 = EDGE_CURVE('',#687,#696,#704,.T.);
#704 = LINE('',#705,#706);
#705 = CARTESIAN_POINT('',(0.625,-1.705537683087,0.5475));
#706 = VECTOR('',#707,1.);
#707 = DIRECTION('',(-1.,-1.110223024625E-16,0.));
#708 = PLANE('',#709);
#709 = AXIS2_PLACEMENT_3D('',#710,#711,#712);
#710 = CARTESIAN_POINT('',(0.625,-1.4,0.5475));
#711 = DIRECTION('',(0.,0.,1.));
#712 = DIRECTION('',(1.110223024625E-16,-1.,0.));
#713 = ADVANCED_FACE('',(#714),#739,.F.);
#714 = FACE_BOUND('',#715,.F.);
#715 = EDGE_LOOP('',(#716,#724,#725,#733));
#716 = ORIENTED_EDGE('',*,*,#717,.F.);
#717 = EDGE_CURVE('',#225,#718,#720,.T.);
#718 = VERTEX_POINT('',#719);
#719 = CARTESIAN_POINT('',(0.375,-1.5,0.7025));
#720 = LINE('',#721,#722);
#721 = CARTESIAN_POINT('',(0.375,-1.5,0.524832190278));
#722 = VECTOR('',#723,1.);
#723 = DIRECTION('',(0.,0.,1.));
#724 = ORIENTED_EDGE('',*,*,#224,.T.);
#725 = ORIENTED_EDGE('',*,*,#726,.T.);
#726 = EDGE_CURVE('',#217,#727,#729,.T.);
#727 = VERTEX_POINT('',#728);
#728 = CARTESIAN_POINT('',(0.125,-1.5,0.7025));
#729 = LINE('',#730,#731);
#730 = CARTESIAN_POINT('',(0.125,-1.5,0.524832190278));
#731 = VECTOR('',#732,1.);
#732 = DIRECTION('',(0.,0.,1.));
#733 = ORIENTED_EDGE('',*,*,#734,.F.);
#734 = EDGE_CURVE('',#718,#727,#735,.T.);
#735 = LINE('',#736,#737);
#736 = CARTESIAN_POINT('',(1.3,-1.5,0.7025));
#737 = VECTOR('',#738,1.);
#738 = DIRECTION('',(-1.,-2.22044604925E-16,0.));
#739 = PLANE('',#740);
#740 = AXIS2_PLACEMENT_3D('',#741,#742,#743);
#741 = CARTESIAN_POINT('',(1.3,-1.5,0.7025));
#742 = DIRECTION('',(-2.22044604925E-16,1.,0.));
#743 = DIRECTION('',(-1.,-2.22044604925E-16,0.));
#744 = ADVANCED_FACE('',(#745),#770,.F.);
#745 = FACE_BOUND('',#746,.F.);
#746 = EDGE_LOOP('',(#747,#755,#756,#764));
#747 = ORIENTED_EDGE('',*,*,#748,.F.);
#748 = EDGE_CURVE('',#217,#749,#751,.T.);
#749 = VERTEX_POINT('',#750);
#750 = CARTESIAN_POINT('',(0.125,-1.705537683087,0.5475));
#751 = LINE('',#752,#753);
#752 = CARTESIAN_POINT('',(0.125,-1.4,0.5475));
#753 = VECTOR('',#754,1.);
#754 = DIRECTION('',(1.110223024625E-16,-1.,0.));
#755 = ORIENTED_EDGE('',*,*,#216,.T.);
#756 = ORIENTED_EDGE('',*,*,#757,.T.);
#757 = EDGE_CURVE('',#209,#758,#760,.T.);
#758 = VERTEX_POINT('',#759);
#759 = CARTESIAN_POINT('',(-0.125,-1.705537683087,0.5475));
#760 = LINE('',#761,#762);
#761 = CARTESIAN_POINT('',(-0.125,-1.4,0.5475));
#762 = VECTOR('',#763,1.);
#763 = DIRECTION('',(1.110223024625E-16,-1.,0.));
#764 = ORIENTED_EDGE('',*,*,#765,.F.);
#765 = EDGE_CURVE('',#749,#758,#766,.T.);
#766 = LINE('',#767,#768);
#767 = CARTESIAN_POINT('',(0.125,-1.705537683087,0.5475));
#768 = VECTOR('',#769,1.);
#769 = DIRECTION('',(-1.,-1.110223024625E-16,0.));
#770 = PLANE('',#771);
#771 = AXIS2_PLACEMENT_3D('',#772,#773,#774);
#772 = CARTESIAN_POINT('',(0.125,-1.4,0.5475));
#773 = DIRECTION('',(0.,0.,1.));
#774 = DIRECTION('',(1.110223024625E-16,-1.,0.));
#775 = ADVANCED_FACE('',(#776),#801,.F.);
#776 = FACE_BOUND('',#777,.F.);
#777 = EDGE_LOOP('',(#778,#786,#787,#795));
#778 = ORIENTED_EDGE('',*,*,#779,.F.);
#779 = EDGE_CURVE('',#209,#780,#782,.T.);
#780 = VERTEX_POINT('',#781);
#781 = CARTESIAN_POINT('',(-0.125,-1.5,0.7025));
#782 = LINE('',#783,#784);
#783 = CARTESIAN_POINT('',(-0.125,-1.5,0.524832190278));
#784 = VECTOR('',#785,1.);
#785 = DIRECTION('',(0.,0.,1.));
#786 = ORIENTED_EDGE('',*,*,#208,.T.);
#787 = ORIENTED_EDGE('',*,*,#788,.T.);
#788 = EDGE_CURVE('',#201,#789,#791,.T.);
#789 = VERTEX_POINT('',#790);
#790 = CARTESIAN_POINT('',(-0.375,-1.5,0.7025));
#791 = LINE('',#792,#793);
#792 = CARTESIAN_POINT('',(-0.375,-1.5,0.524832190278));
#793 = VECTOR('',#794,1.);
#794 = DIRECTION('',(0.,0.,1.));
#795 = ORIENTED_EDGE('',*,*,#796,.F.);
#796 = EDGE_CURVE('',#780,#789,#797,.T.);
#797 = LINE('',#798,#799);
#798 = CARTESIAN_POINT('',(1.3,-1.5,0.7025));
#799 = VECTOR('',#800,1.);
#800 = DIRECTION('',(-1.,-2.22044604925E-16,0.));
#801 = PLANE('',#802);
#802 = AXIS2_PLACEMENT_3D('',#803,#804,#805);
#803 = CARTESIAN_POINT('',(1.3,-1.5,0.7025));
#804 = DIRECTION('',(-2.22044604925E-16,1.,0.));
#805 = DIRECTION('',(-1.,-2.22044604925E-16,0.));
#806 = ADVANCED_FACE('',(#807),#832,.F.);
#807 = FACE_BOUND('',#808,.F.);
#808 = EDGE_LOOP('',(#809,#817,#818,#826));
#809 = ORIENTED_EDGE('',*,*,#810,.F.);
#810 = EDGE_CURVE('',#201,#811,#813,.T.);
#811 = VERTEX_POINT('',#812);
#812 = CARTESIAN_POINT('',(-0.375,-1.705537683087,0.5475));
#813 = LINE('',#814,#815);
#814 = CARTESIAN_POINT('',(-0.375,-1.4,0.5475));
#815 = VECTOR('',#816,1.);
#816 = DIRECTION('',(1.110223024625E-16,-1.,0.));
#817 = ORIENTED_EDGE('',*,*,#200,.T.);
#818 = ORIENTED_EDGE('',*,*,#819,.T.);
#819 = EDGE_CURVE('',#193,#820,#822,.T.);
#820 = VERTEX_POINT('',#821);
#821 = CARTESIAN_POINT('',(-0.625,-1.705537683087,0.5475));
#822 = LINE('',#823,#824);
#823 = CARTESIAN_POINT('',(-0.625,-1.4,0.5475));
#824 = VECTOR('',#825,1.);
#825 = DIRECTION('',(1.110223024625E-16,-1.,0.));
#826 = ORIENTED_EDGE('',*,*,#827,.F.);
#827 = EDGE_CURVE('',#811,#820,#828,.T.);
#828 = LINE('',#829,#830);
#829 = CARTESIAN_POINT('',(-0.375,-1.705537683087,0.5475));
#830 = VECTOR('',#831,1.);
#831 = DIRECTION('',(-1.,-1.110223024625E-16,0.));
#832 = PLANE('',#833);
#833 = AXIS2_PLACEMENT_3D('',#834,#835,#836);
#834 = CARTESIAN_POINT('',(-0.375,-1.4,0.5475));
#835 = DIRECTION('',(0.,0.,1.));
#836 = DIRECTION('',(1.110223024625E-16,-1.,0.));
#837 = ADVANCED_FACE('',(#838),#863,.F.);
#838 = FACE_BOUND('',#839,.F.);
#839 = EDGE_LOOP('',(#840,#848,#849,#857));
#840 = ORIENTED_EDGE('',*,*,#841,.F.);
#841 = EDGE_CURVE('',#193,#842,#844,.T.);
#842 = VERTEX_POINT('',#843);
#843 = CARTESIAN_POINT('',(-0.625,-1.5,0.7025));
#844 = LINE('',#845,#846);
#845 = CARTESIAN_POINT('',(-0.625,-1.5,0.524832190278));
#846 = VECTOR('',#847,1.);
#847 = DIRECTION('',(0.,0.,1.));
#848 = ORIENTED_EDGE('',*,*,#192,.T.);
#849 = ORIENTED_EDGE('',*,*,#850,.T.);
#850 = EDGE_CURVE('',#185,#851,#853,.T.);
#851 = VERTEX_POINT('',#852);
#852 = CARTESIAN_POINT('',(-0.875,-1.5,0.7025));
#853 = LINE('',#854,#855);
#854 = CARTESIAN_POINT('',(-0.875,-1.5,0.524832190278));
#855 = VECTOR('',#856,1.);
#856 = DIRECTION('',(0.,0.,1.));
#857 = ORIENTED_EDGE('',*,*,#858,.F.);
#858 = EDGE_CURVE('',#842,#851,#859,.T.);
#859 = LINE('',#860,#861);
#860 = CARTESIAN_POINT('',(1.3,-1.5,0.7025));
#861 = VECTOR('',#862,1.);
#862 = DIRECTION('',(-1.,-2.22044604925E-16,0.));
#863 = PLANE('',#864);
#864 = AXIS2_PLACEMENT_3D('',#865,#866,#867);
#865 = CARTESIAN_POINT('',(1.3,-1.5,0.7025));
#866 = DIRECTION('',(-2.22044604925E-16,1.,0.));
#867 = DIRECTION('',(-1.,-2.22044604925E-16,0.));
#868 = ADVANCED_FACE('',(#869),#894,.F.);
#869 = FACE_BOUND('',#870,.F.);
#870 = EDGE_LOOP('',(#871,#879,#880,#888));
#871 = ORIENTED_EDGE('',*,*,#872,.F.);
#872 = EDGE_CURVE('',#185,#873,#875,.T.);
#873 = VERTEX_POINT('',#874);
#874 = CARTESIAN_POINT('',(-0.875,-1.705537683087,0.5475));
#875 = LINE('',#876,#877);
#876 = CARTESIAN_POINT('',(-0.875,-1.4,0.5475));
#877 = VECTOR('',#878,1.);
#878 = DIRECTION('',(1.110223024625E-16,-1.,0.));
#879 = ORIENTED_EDGE('',*,*,#184,.T.);
#880 = ORIENTED_EDGE('',*,*,#881,.T.);
#881 = EDGE_CURVE('',#177,#882,#884,.T.);
#882 = VERTEX_POINT('',#883);
#883 = CARTESIAN_POINT('',(-1.125,-1.705537683087,0.5475));
#884 = LINE('',#885,#886);
#885 = CARTESIAN_POINT('',(-1.125,-1.4,0.5475));
#886 = VECTOR('',#887,1.);
#887 = DIRECTION('',(1.110223024625E-16,-1.,0.));
#888 = ORIENTED_EDGE('',*,*,#889,.F.);
#889 = EDGE_CURVE('',#873,#882,#890,.T.);
#890 = LINE('',#891,#892);
#891 = CARTESIAN_POINT('',(-0.875,-1.705537683087,0.5475));
#892 = VECTOR('',#893,1.);
#893 = DIRECTION('',(-1.,-1.110223024625E-16,0.));
#894 = PLANE('',#895);
#895 = AXIS2_PLACEMENT_3D('',#896,#897,#898);
#896 = CARTESIAN_POINT('',(-0.875,-1.4,0.5475));
#897 = DIRECTION('',(0.,0.,1.));
#898 = DIRECTION('',(1.110223024625E-16,-1.,0.));
#899 = ADVANCED_FACE('',(#900),#917,.F.);
#900 = FACE_BOUND('',#901,.F.);
#901 = EDGE_LOOP('',(#902,#903,#904,#912));
#902 = ORIENTED_EDGE('',*,*,#279,.T.);
#903 = ORIENTED_EDGE('',*,*,#594,.T.);
#904 = ORIENTED_EDGE('',*,*,#905,.F.);
#905 = EDGE_CURVE('',#906,#595,#908,.T.);
#906 = VERTEX_POINT('',#907);
#907 = CARTESIAN_POINT('',(1.5,-1.3,0.7025));
#908 = LINE('',#909,#910);
#909 = CARTESIAN_POINT('',(1.5,-1.3,0.7025));
#910 = VECTOR('',#911,1.);
#911 = DIRECTION('',(-0.707106781187,-0.707106781187,0.));
#912 = ORIENTED_EDGE('',*,*,#913,.F.);
#913 = EDGE_CURVE('',#280,#906,#914,.T.);
#914 = B_SPLINE_CURVE_WITH_KNOTS('',1,(#915,#916),.UNSPECIFIED.,.F.,.F.,
  (2,2),(0.,1.),.PIECEWISE_BEZIER_KNOTS.);
#915 = CARTESIAN_POINT('',(1.5,-1.3,0.5475));
#916 = CARTESIAN_POINT('',(1.5,-1.3,0.7025));
#917 = PLANE('',#918);
#918 = AXIS2_PLACEMENT_3D('',#919,#920,#921);
#919 = CARTESIAN_POINT('',(1.5,-1.3,0.7025));
#920 = DIRECTION('',(-0.707106781187,0.707106781187,0.));
#921 = DIRECTION('',(-0.707106781187,-0.707106781187,0.));
#922 = ADVANCED_FACE('',(#923),#933,.F.);
#923 = FACE_BOUND('',#924,.F.);
#924 = EDGE_LOOP('',(#925,#926,#931,#932));
#925 = ORIENTED_EDGE('',*,*,#308,.T.);
#926 = ORIENTED_EDGE('',*,*,#927,.T.);
#927 = EDGE_CURVE('',#302,#500,#928,.T.);
#928 = B_SPLINE_CURVE_WITH_KNOTS('',1,(#929,#930),.UNSPECIFIED.,.F.,.F.,
  (2,2),(0.,1.),.PIECEWISE_BEZIER_KNOTS.);
#929 = CARTESIAN_POINT('',(-1.3,1.5,0.5475));
#930 = CARTESIAN_POINT('',(-1.3,1.5,0.7025));
#931 = ORIENTED_EDGE('',*,*,#499,.F.);
#932 = ORIENTED_EDGE('',*,*,#467,.F.);
#933 = PLANE('',#934);
#934 = AXIS2_PLACEMENT_3D('',#935,#936,#937);
#935 = CARTESIAN_POINT('',(-1.5,1.3,0.7025));
#936 = DIRECTION('',(0.707106781187,-0.707106781187,0.));
#937 = DIRECTION('',(0.707106781187,0.707106781187,0.));
#938 = ADVANCED_FACE('',(#939),#956,.F.);
#939 = FACE_BOUND('',#940,.F.);
#940 = EDGE_LOOP('',(#941,#942,#943,#951));
#941 = ORIENTED_EDGE('',*,*,#325,.T.);
#942 = ORIENTED_EDGE('',*,*,#913,.T.);
#943 = ORIENTED_EDGE('',*,*,#944,.F.);
#944 = EDGE_CURVE('',#945,#906,#947,.T.);
#945 = VERTEX_POINT('',#946);
#946 = CARTESIAN_POINT('',(1.5,1.3,0.7025));
#947 = LINE('',#948,#949);
#948 = CARTESIAN_POINT('',(1.5,1.3,0.7025));
#949 = VECTOR('',#950,1.);
#950 = DIRECTION('',(2.22044604925E-16,-1.,0.));
#951 = ORIENTED_EDGE('',*,*,#952,.F.);
#952 = EDGE_CURVE('',#326,#945,#953,.T.);
#953 = B_SPLINE_CURVE_WITH_KNOTS('',1,(#954,#955),.UNSPECIFIED.,.F.,.F.,
  (2,2),(0.,1.),.PIECEWISE_BEZIER_KNOTS.);
#954 = CARTESIAN_POINT('',(1.5,1.3,0.5475));
#955 = CARTESIAN_POINT('',(1.5,1.3,0.7025));
#956 = PLANE('',#957);
#957 = AXIS2_PLACEMENT_3D('',#958,#959,#960);
#958 = CARTESIAN_POINT('',(1.5,1.3,0.7025));
#959 = DIRECTION('',(-1.,-2.22044604925E-16,0.));
#960 = DIRECTION('',(2.22044604925E-16,-1.,0.));
#961 = ADVANCED_FACE('',(#962),#973,.F.);
#962 = FACE_BOUND('',#963,.F.);
#963 = EDGE_LOOP('',(#964,#965,#966,#972));
#964 = ORIENTED_EDGE('',*,*,#927,.F.);
#965 = ORIENTED_EDGE('',*,*,#434,.T.);
#966 = ORIENTED_EDGE('',*,*,#967,.T.);
#967 = EDGE_CURVE('',#427,#508,#968,.T.);
#968 = LINE('',#969,#970);
#969 = CARTESIAN_POINT('',(-1.125,1.5,0.524832190278));
#970 = VECTOR('',#971,1.);
#971 = DIRECTION('',(0.,0.,1.));
#972 = ORIENTED_EDGE('',*,*,#507,.F.);
#973 = PLANE('',#974);
#974 = AXIS2_PLACEMENT_3D('',#975,#976,#977);
#975 = CARTESIAN_POINT('',(-1.3,1.5,0.7025));
#976 = DIRECTION('',(2.22044604925E-16,-1.,0.));
#977 = DIRECTION('',(1.,2.22044604925E-16,0.));
#978 = ADVANCED_FACE('',(#979),#1004,.F.);
#979 = FACE_BOUND('',#980,.F.);
#980 = EDGE_LOOP('',(#981,#989,#990,#998));
#981 = ORIENTED_EDGE('',*,*,#982,.F.);
#982 = EDGE_CURVE('',#427,#983,#985,.T.);
#983 = VERTEX_POINT('',#984);
#984 = CARTESIAN_POINT('',(-1.125,1.705537683087,0.5475));
#985 = LINE('',#986,#987);
#986 = CARTESIAN_POINT('',(-1.125,1.4,0.5475));
#987 = VECTOR('',#988,1.);
#988 = DIRECTION('',(-3.330669073875E-16,1.,0.));
#989 = ORIENTED_EDGE('',*,*,#426,.T.);
#990 = ORIENTED_EDGE('',*,*,#991,.T.);
#991 = EDGE_CURVE('',#419,#992,#994,.T.);
#992 = VERTEX_POINT('',#993);
#993 = CARTESIAN_POINT('',(-0.875,1.705537683087,0.5475));
#994 = LINE('',#995,#996);
#995 = CARTESIAN_POINT('',(-0.875,1.4,0.5475));
#996 = VECTOR('',#997,1.);
#997 = DIRECTION('',(-3.330669073875E-16,1.,0.));
#998 = ORIENTED_EDGE('',*,*,#999,.F.);
#999 = EDGE_CURVE('',#983,#992,#1000,.T.);
#1000 = LINE('',#1001,#1002);
#1001 = CARTESIAN_POINT('',(-1.125,1.705537683087,0.5475));
#1002 = VECTOR('',#1003,1.);
#1003 = DIRECTION('',(1.,3.330669073875E-16,0.));
#1004 = PLANE('',#1005);
#1005 = AXIS2_PLACEMENT_3D('',#1006,#1007,#1008);
#1006 = CARTESIAN_POINT('',(-1.125,1.4,0.5475));
#1007 = DIRECTION('',(0.,0.,1.));
#1008 = DIRECTION('',(-3.330669073875E-16,1.,0.));
#1009 = ADVANCED_FACE('',(#1010),#1035,.F.);
#1010 = FACE_BOUND('',#1011,.F.);
#1011 = EDGE_LOOP('',(#1012,#1020,#1021,#1029));
#1012 = ORIENTED_EDGE('',*,*,#1013,.F.);
#1013 = EDGE_CURVE('',#419,#1014,#1016,.T.);
#1014 = VERTEX_POINT('',#1015);
#1015 = CARTESIAN_POINT('',(-0.875,1.5,0.7025));
#1016 = LINE('',#1017,#1018);
#1017 = CARTESIAN_POINT('',(-0.875,1.5,0.524832190278));
#1018 = VECTOR('',#1019,1.);
#1019 = DIRECTION('',(0.,0.,1.));
#1020 = ORIENTED_EDGE('',*,*,#418,.T.);
#1021 = ORIENTED_EDGE('',*,*,#1022,.T.);
#1022 = EDGE_CURVE('',#411,#1023,#1025,.T.);
#1023 = VERTEX_POINT('',#1024);
#1024 = CARTESIAN_POINT('',(-0.625,1.5,0.7025));
#1025 = LINE('',#1026,#1027);
#1026 = CARTESIAN_POINT('',(-0.625,1.5,0.524832190278));
#1027 = VECTOR('',#1028,1.);
#1028 = DIRECTION('',(0.,0.,1.));
#1029 = ORIENTED_EDGE('',*,*,#1030,.F.);
#1030 = EDGE_CURVE('',#1014,#1023,#1031,.T.);
#1031 = LINE('',#1032,#1033);
#1032 = CARTESIAN_POINT('',(-1.3,1.5,0.7025));
#1033 = VECTOR('',#1034,1.);
#1034 = DIRECTION('',(1.,2.22044604925E-16,0.));
#1035 = PLANE('',#1036);
#1036 = AXIS2_PLACEMENT_3D('',#1037,#1038,#1039);
#1037 = CARTESIAN_POINT('',(-1.3,1.5,0.7025));
#1038 = DIRECTION('',(2.22044604925E-16,-1.,0.));
#1039 = DIRECTION('',(1.,2.22044604925E-16,0.));
#1040 = ADVANCED_FACE('',(#1041),#1066,.F.);
#1041 = FACE_BOUND('',#1042,.F.);
#1042 = EDGE_LOOP('',(#1043,#1051,#1052,#1060));
#1043 = ORIENTED_EDGE('',*,*,#1044,.F.);
#1044 = EDGE_CURVE('',#411,#1045,#1047,.T.);
#1045 = VERTEX_POINT('',#1046);
#1046 = CARTESIAN_POINT('',(-0.625,1.705537683087,0.5475));
#1047 = LINE('',#1048,#1049);
#1048 = CARTESIAN_POINT('',(-0.625,1.4,0.5475));
#1049 = VECTOR('',#1050,1.);
#1050 = DIRECTION('',(-3.330669073875E-16,1.,0.));
#1051 = ORIENTED_EDGE('',*,*,#410,.T.);
#1052 = ORIENTED_EDGE('',*,*,#1053,.T.);
#1053 = EDGE_CURVE('',#403,#1054,#1056,.T.);
#1054 = VERTEX_POINT('',#1055);
#1055 = CARTESIAN_POINT('',(-0.375,1.705537683087,0.5475));
#1056 = LINE('',#1057,#1058);
#1057 = CARTESIAN_POINT('',(-0.375,1.4,0.5475));
#1058 = VECTOR('',#1059,1.);
#1059 = DIRECTION('',(-3.330669073875E-16,1.,0.));
#1060 = ORIENTED_EDGE('',*,*,#1061,.F.);
#1061 = EDGE_CURVE('',#1045,#1054,#1062,.T.);
#1062 = LINE('',#1063,#1064);
#1063 = CARTESIAN_POINT('',(-0.625,1.705537683087,0.5475));
#1064 = VECTOR('',#1065,1.);
#1065 = DIRECTION('',(1.,3.330669073875E-16,0.));
#1066 = PLANE('',#1067);
#1067 = AXIS2_PLACEMENT_3D('',#1068,#1069,#1070);
#1068 = CARTESIAN_POINT('',(-0.625,1.4,0.5475));
#1069 = DIRECTION('',(0.,0.,1.));
#1070 = DIRECTION('',(-3.330669073875E-16,1.,0.));
#1071 = ADVANCED_FACE('',(#1072),#1097,.F.);
#1072 = FACE_BOUND('',#1073,.F.);
#1073 = EDGE_LOOP('',(#1074,#1082,#1083,#1091));
#1074 = ORIENTED_EDGE('',*,*,#1075,.F.);
#1075 = EDGE_CURVE('',#403,#1076,#1078,.T.);
#1076 = VERTEX_POINT('',#1077);
#1077 = CARTESIAN_POINT('',(-0.375,1.5,0.7025));
#1078 = LINE('',#1079,#1080);
#1079 = CARTESIAN_POINT('',(-0.375,1.5,0.524832190278));
#1080 = VECTOR('',#1081,1.);
#1081 = DIRECTION('',(0.,0.,1.));
#1082 = ORIENTED_EDGE('',*,*,#402,.T.);
#1083 = ORIENTED_EDGE('',*,*,#1084,.T.);
#1084 = EDGE_CURVE('',#395,#1085,#1087,.T.);
#1085 = VERTEX_POINT('',#1086);
#1086 = CARTESIAN_POINT('',(-0.125,1.5,0.7025));
#1087 = LINE('',#1088,#1089);
#1088 = CARTESIAN_POINT('',(-0.125,1.5,0.524832190278));
#1089 = VECTOR('',#1090,1.);
#1090 = DIRECTION('',(0.,0.,1.));
#1091 = ORIENTED_EDGE('',*,*,#1092,.F.);
#1092 = EDGE_CURVE('',#1076,#1085,#1093,.T.);
#1093 = LINE('',#1094,#1095);
#1094 = CARTESIAN_POINT('',(-1.3,1.5,0.7025));
#1095 = VECTOR('',#1096,1.);
#1096 = DIRECTION('',(1.,2.22044604925E-16,0.));
#1097 = PLANE('',#1098);
#1098 = AXIS2_PLACEMENT_3D('',#1099,#1100,#1101);
#1099 = CARTESIAN_POINT('',(-1.3,1.5,0.7025));
#1100 = DIRECTION('',(2.22044604925E-16,-1.,0.));
#1101 = DIRECTION('',(1.,2.22044604925E-16,0.));
#1102 = ADVANCED_FACE('',(#1103),#1128,.F.);
#1103 = FACE_BOUND('',#1104,.F.);
#1104 = EDGE_LOOP('',(#1105,#1113,#1114,#1122));
#1105 = ORIENTED_EDGE('',*,*,#1106,.F.);
#1106 = EDGE_CURVE('',#395,#1107,#1109,.T.);
#1107 = VERTEX_POINT('',#1108);
#1108 = CARTESIAN_POINT('',(-0.125,1.705537683087,0.5475));
#1109 = LINE('',#1110,#1111);
#1110 = CARTESIAN_POINT('',(-0.125,1.4,0.5475));
#1111 = VECTOR('',#1112,1.);
#1112 = DIRECTION('',(-3.330669073875E-16,1.,0.));
#1113 = ORIENTED_EDGE('',*,*,#394,.T.);
#1114 = ORIENTED_EDGE('',*,*,#1115,.T.);
#1115 = EDGE_CURVE('',#387,#1116,#1118,.T.);
#1116 = VERTEX_POINT('',#1117);
#1117 = CARTESIAN_POINT('',(0.125,1.705537683087,0.5475));
#1118 = LINE('',#1119,#1120);
#1119 = CARTESIAN_POINT('',(0.125,1.4,0.5475));
#1120 = VECTOR('',#1121,1.);
#1121 = DIRECTION('',(-3.330669073875E-16,1.,0.));
#1122 = ORIENTED_EDGE('',*,*,#1123,.F.);
#1123 = EDGE_CURVE('',#1107,#1116,#1124,.T.);
#1124 = LINE('',#1125,#1126);
#1125 = CARTESIAN_POINT('',(-0.125,1.705537683087,0.5475));
#1126 = VECTOR('',#1127,1.);
#1127 = DIRECTION('',(1.,3.330669073875E-16,0.));
#1128 = PLANE('',#1129);
#1129 = AXIS2_PLACEMENT_3D('',#1130,#1131,#1132);
#1130 = CARTESIAN_POINT('',(-0.125,1.4,0.5475));
#1131 = DIRECTION('',(0.,0.,1.));
#1132 = DIRECTION('',(-3.330669073875E-16,1.,0.));
#1133 = ADVANCED_FACE('',(#1134),#1159,.F.);
#1134 = FACE_BOUND('',#1135,.F.);
#1135 = EDGE_LOOP('',(#1136,#1144,#1145,#1153));
#1136 = ORIENTED_EDGE('',*,*,#1137,.F.);
#1137 = EDGE_CURVE('',#387,#1138,#1140,.T.);
#1138 = VERTEX_POINT('',#1139);
#1139 = CARTESIAN_POINT('',(0.125,1.5,0.7025));
#1140 = LINE('',#1141,#1142);
#1141 = CARTESIAN_POINT('',(0.125,1.5,0.524832190278));
#1142 = VECTOR('',#1143,1.);
#1143 = DIRECTION('',(0.,0.,1.));
#1144 = ORIENTED_EDGE('',*,*,#386,.T.);
#1145 = ORIENTED_EDGE('',*,*,#1146,.T.);
#1146 = EDGE_CURVE('',#379,#1147,#1149,.T.);
#1147 = VERTEX_POINT('',#1148);
#1148 = CARTESIAN_POINT('',(0.375,1.5,0.7025));
#1149 = LINE('',#1150,#1151);
#1150 = CARTESIAN_POINT('',(0.375,1.5,0.524832190278));
#1151 = VECTOR('',#1152,1.);
#1152 = DIRECTION('',(0.,0.,1.));
#1153 = ORIENTED_EDGE('',*,*,#1154,.F.);
#1154 = EDGE_CURVE('',#1138,#1147,#1155,.T.);
#1155 = LINE('',#1156,#1157);
#1156 = CARTESIAN_POINT('',(-1.3,1.5,0.7025));
#1157 = VECTOR('',#1158,1.);
#1158 = DIRECTION('',(1.,2.22044604925E-16,0.));
#1159 = PLANE('',#1160);
#1160 = AXIS2_PLACEMENT_3D('',#1161,#1162,#1163);
#1161 = CARTESIAN_POINT('',(-1.3,1.5,0.7025));
#1162 = DIRECTION('',(2.22044604925E-16,-1.,0.));
#1163 = DIRECTION('',(1.,2.22044604925E-16,0.));
#1164 = ADVANCED_FACE('',(#1165),#1190,.F.);
#1165 = FACE_BOUND('',#1166,.F.);
#1166 = EDGE_LOOP('',(#1167,#1175,#1176,#1184));
#1167 = ORIENTED_EDGE('',*,*,#1168,.F.);
#1168 = EDGE_CURVE('',#379,#1169,#1171,.T.);
#1169 = VERTEX_POINT('',#1170);
#1170 = CARTESIAN_POINT('',(0.375,1.705537683087,0.5475));
#1171 = LINE('',#1172,#1173);
#1172 = CARTESIAN_POINT('',(0.375,1.4,0.5475));
#1173 = VECTOR('',#1174,1.);
#1174 = DIRECTION('',(-3.330669073875E-16,1.,0.));
#1175 = ORIENTED_EDGE('',*,*,#378,.T.);
#1176 = ORIENTED_EDGE('',*,*,#1177,.T.);
#1177 = EDGE_CURVE('',#371,#1178,#1180,.T.);
#1178 = VERTEX_POINT('',#1179);
#1179 = CARTESIAN_POINT('',(0.625,1.705537683087,0.5475));
#1180 = LINE('',#1181,#1182);
#1181 = CARTESIAN_POINT('',(0.625,1.4,0.5475));
#1182 = VECTOR('',#1183,1.);
#1183 = DIRECTION('',(-3.330669073875E-16,1.,0.));
#1184 = ORIENTED_EDGE('',*,*,#1185,.F.);
#1185 = EDGE_CURVE('',#1169,#1178,#1186,.T.);
#1186 = LINE('',#1187,#1188);
#1187 = CARTESIAN_POINT('',(0.375,1.705537683087,0.5475));
#1188 = VECTOR('',#1189,1.);
#1189 = DIRECTION('',(1.,3.330669073875E-16,0.));
#1190 = PLANE('',#1191);
#1191 = AXIS2_PLACEMENT_3D('',#1192,#1193,#1194);
#1192 = CARTESIAN_POINT('',(0.375,1.4,0.5475));
#1193 = DIRECTION('',(0.,0.,1.));
#1194 = DIRECTION('',(-3.330669073875E-16,1.,0.));
#1195 = ADVANCED_FACE('',(#1196),#1221,.F.);
#1196 = FACE_BOUND('',#1197,.F.);
#1197 = EDGE_LOOP('',(#1198,#1206,#1207,#1215));
#1198 = ORIENTED_EDGE('',*,*,#1199,.F.);
#1199 = EDGE_CURVE('',#371,#1200,#1202,.T.);
#1200 = VERTEX_POINT('',#1201);
#1201 = CARTESIAN_POINT('',(0.625,1.5,0.7025));
#1202 = LINE('',#1203,#1204);
#1203 = CARTESIAN_POINT('',(0.625,1.5,0.524832190278));
#1204 = VECTOR('',#1205,1.);
#1205 = DIRECTION('',(0.,0.,1.));
#1206 = ORIENTED_EDGE('',*,*,#370,.T.);
#1207 = ORIENTED_EDGE('',*,*,#1208,.T.);
#1208 = EDGE_CURVE('',#363,#1209,#1211,.T.);
#1209 = VERTEX_POINT('',#1210);
#1210 = CARTESIAN_POINT('',(0.875,1.5,0.7025));
#1211 = LINE('',#1212,#1213);
#1212 = CARTESIAN_POINT('',(0.875,1.5,0.524832190278));
#1213 = VECTOR('',#1214,1.);
#1214 = DIRECTION('',(0.,0.,1.));
#1215 = ORIENTED_EDGE('',*,*,#1216,.F.);
#1216 = EDGE_CURVE('',#1200,#1209,#1217,.T.);
#1217 = LINE('',#1218,#1219);
#1218 = CARTESIAN_POINT('',(-1.3,1.5,0.7025));
#1219 = VECTOR('',#1220,1.);
#1220 = DIRECTION('',(1.,2.22044604925E-16,0.));
#1221 = PLANE('',#1222);
#1222 = AXIS2_PLACEMENT_3D('',#1223,#1224,#1225);
#1223 = CARTESIAN_POINT('',(-1.3,1.5,0.7025));
#1224 = DIRECTION('',(2.22044604925E-16,-1.,0.));
#1225 = DIRECTION('',(1.,2.22044604925E-16,0.));
#1226 = ADVANCED_FACE('',(#1227),#1252,.F.);
#1227 = FACE_BOUND('',#1228,.F.);
#1228 = EDGE_LOOP('',(#1229,#1237,#1238,#1246));
#1229 = ORIENTED_EDGE('',*,*,#1230,.F.);
#1230 = EDGE_CURVE('',#363,#1231,#1233,.T.);
#1231 = VERTEX_POINT('',#1232);
#1232 = CARTESIAN_POINT('',(0.875,1.705537683087,0.5475));
#1233 = LINE('',#1234,#1235);
#1234 = CARTESIAN_POINT('',(0.875,1.4,0.5475));
#1235 = VECTOR('',#1236,1.);
#1236 = DIRECTION('',(-3.330669073875E-16,1.,0.));
#1237 = ORIENTED_EDGE('',*,*,#362,.T.);
#1238 = ORIENTED_EDGE('',*,*,#1239,.T.);
#1239 = EDGE_CURVE('',#355,#1240,#1242,.T.);
#1240 = VERTEX_POINT('',#1241);
#1241 = CARTESIAN_POINT('',(1.125,1.705537683087,0.5475));
#1242 = LINE('',#1243,#1244);
#1243 = CARTESIAN_POINT('',(1.125,1.4,0.5475));
#1244 = VECTOR('',#1245,1.);
#1245 = DIRECTION('',(-3.330669073875E-16,1.,0.));
#1246 = ORIENTED_EDGE('',*,*,#1247,.F.);
#1247 = EDGE_CURVE('',#1231,#1240,#1248,.T.);
#1248 = LINE('',#1249,#1250);
#1249 = CARTESIAN_POINT('',(0.875,1.705537683087,0.5475));
#1250 = VECTOR('',#1251,1.);
#1251 = DIRECTION('',(1.,3.330669073875E-16,0.));
#1252 = PLANE('',#1253);
#1253 = AXIS2_PLACEMENT_3D('',#1254,#1255,#1256);
#1254 = CARTESIAN_POINT('',(0.875,1.4,0.5475));
#1255 = DIRECTION('',(0.,0.,1.));
#1256 = DIRECTION('',(-3.330669073875E-16,1.,0.));
#1257 = ADVANCED_FACE('',(#1258),#1282,.F.);
#1258 = FACE_BOUND('',#1259,.F.);
#1259 = EDGE_LOOP('',(#1260,#1268,#1269,#1276));
#1260 = ORIENTED_EDGE('',*,*,#1261,.F.);
#1261 = EDGE_CURVE('',#355,#1262,#1264,.T.);
#1262 = VERTEX_POINT('',#1263);
#1263 = CARTESIAN_POINT('',(1.125,1.5,0.7025));
#1264 = LINE('',#1265,#1266);
#1265 = CARTESIAN_POINT('',(1.125,1.5,0.524832190278));
#1266 = VECTOR('',#1267,1.);
#1267 = DIRECTION('',(0.,0.,1.));
#1268 = ORIENTED_EDGE('',*,*,#354,.T.);
#1269 = ORIENTED_EDGE('',*,*,#1270,.T.);
#1270 = EDGE_CURVE('',#348,#1271,#1273,.T.);
#1271 = VERTEX_POINT('',#1272);
#1272 = CARTESIAN_POINT('',(1.3,1.5,0.7025));
#1273 = B_SPLINE_CURVE_WITH_KNOTS('',1,(#1274,#1275),.UNSPECIFIED.,.F.,
  .F.,(2,2),(0.,1.),.PIECEWISE_BEZIER_KNOTS.);
#1274 = CARTESIAN_POINT('',(1.3,1.5,0.5475));
#1275 = CARTESIAN_POINT('',(1.3,1.5,0.7025));
#1276 = ORIENTED_EDGE('',*,*,#1277,.F.);
#1277 = EDGE_CURVE('',#1262,#1271,#1278,.T.);
#1278 = LINE('',#1279,#1280);
#1279 = CARTESIAN_POINT('',(-1.3,1.5,0.7025));
#1280 = VECTOR('',#1281,1.);
#1281 = DIRECTION('',(1.,2.22044604925E-16,0.));
#1282 = PLANE('',#1283);
#1283 = AXIS2_PLACEMENT_3D('',#1284,#1285,#1286);
#1284 = CARTESIAN_POINT('',(-1.3,1.5,0.7025));
#1285 = DIRECTION('',(2.22044604925E-16,-1.,0.));
#1286 = DIRECTION('',(1.,2.22044604925E-16,0.));
#1287 = ADVANCED_FACE('',(#1288),#1299,.F.);
#1288 = FACE_BOUND('',#1289,.F.);
#1289 = EDGE_LOOP('',(#1290,#1291,#1292,#1298));
#1290 = ORIENTED_EDGE('',*,*,#451,.T.);
#1291 = ORIENTED_EDGE('',*,*,#952,.T.);
#1292 = ORIENTED_EDGE('',*,*,#1293,.F.);
#1293 = EDGE_CURVE('',#1271,#945,#1294,.T.);
#1294 = LINE('',#1295,#1296);
#1295 = CARTESIAN_POINT('',(1.3,1.5,0.7025));
#1296 = VECTOR('',#1297,1.);
#1297 = DIRECTION('',(0.707106781187,-0.707106781187,0.));
#1298 = ORIENTED_EDGE('',*,*,#1270,.F.);
#1299 = PLANE('',#1300);
#1300 = AXIS2_PLACEMENT_3D('',#1301,#1302,#1303);
#1301 = CARTESIAN_POINT('',(1.3,1.5,0.7025));
#1302 = DIRECTION('',(-0.707106781187,-0.707106781187,0.));
#1303 = DIRECTION('',(0.707106781187,-0.707106781187,0.));
#1304 = ADVANCED_FACE('',(#1305),#1344,.F.);
#1305 = FACE_BOUND('',#1306,.F.);
#1306 = EDGE_LOOP('',(#1307,#1315,#1323,#1329,#1330,#1338));
#1307 = ORIENTED_EDGE('',*,*,#1308,.F.);
#1308 = EDGE_CURVE('',#1309,#851,#1311,.T.);
#1309 = VERTEX_POINT('',#1310);
#1310 = CARTESIAN_POINT('',(-0.875,-1.705537683087,0.7025));
#1311 = LINE('',#1312,#1313);
#1312 = CARTESIAN_POINT('',(-0.875,-1.705537683087,0.7025));
#1313 = VECTOR('',#1314,1.);
#1314 = DIRECTION('',(-1.110223024625E-16,1.,0.));
#1315 = ORIENTED_EDGE('',*,*,#1316,.T.);
#1316 = EDGE_CURVE('',#1309,#1317,#1319,.T.);
#1317 = VERTEX_POINT('',#1318);
#1318 = CARTESIAN_POINT('',(-1.125,-1.705537683087,0.7025));
#1319 = LINE('',#1320,#1321);
#1320 = CARTESIAN_POINT('',(-0.875,-1.705537683087,0.7025));
#1321 = VECTOR('',#1322,1.);
#1322 = DIRECTION('',(-1.,-1.110223024625E-16,0.));
#1323 = ORIENTED_EDGE('',*,*,#1324,.T.);
#1324 = EDGE_CURVE('',#1317,#490,#1325,.T.);
#1325 = LINE('',#1326,#1327);
#1326 = CARTESIAN_POINT('',(-1.125,-1.705537683087,0.7025));
#1327 = VECTOR('',#1328,1.);
#1328 = DIRECTION('',(-1.110223024625E-16,1.,0.));
#1329 = ORIENTED_EDGE('',*,*,#563,.T.);
#1330 = ORIENTED_EDGE('',*,*,#1331,.F.);
#1331 = EDGE_CURVE('',#1332,#556,#1334,.T.);
#1332 = VERTEX_POINT('',#1333);
#1333 = CARTESIAN_POINT('',(-0.875,-1.45,0.7025));
#1334 = LINE('',#1335,#1336);
#1335 = CARTESIAN_POINT('',(1.275,-1.45,0.7025));
#1336 = VECTOR('',#1337,1.);
#1337 = DIRECTION('',(-1.,-2.22044604925E-16,0.));
#1338 = ORIENTED_EDGE('',*,*,#1339,.F.);
#1339 = EDGE_CURVE('',#851,#1332,#1340,.T.);
#1340 = LINE('',#1341,#1342);
#1341 = CARTESIAN_POINT('',(-0.875,-1.705537683087,0.7025));
#1342 = VECTOR('',#1343,1.);
#1343 = DIRECTION('',(-1.110223024625E-16,1.,0.));
#1344 = PLANE('',#1345);
#1345 = AXIS2_PLACEMENT_3D('',#1346,#1347,#1348);
#1346 = CARTESIAN_POINT('',(-0.875,-1.705537683087,0.7025));
#1347 = DIRECTION('',(-0.,0.,-1.));
#1348 = DIRECTION('',(-1.110223024625E-16,1.,0.));
#1349 = ADVANCED_FACE('',(#1350),#1446,.F.);
#1350 = FACE_BOUND('',#1351,.F.);
#1351 = EDGE_LOOP('',(#1352,#1362,#1370,#1378,#1386,#1394,#1402,#1410,
    #1418,#1424,#1425,#1426,#1433,#1441));
#1352 = ORIENTED_EDGE('',*,*,#1353,.T.);
#1353 = EDGE_CURVE('',#1354,#1356,#1358,.T.);
#1354 = VERTEX_POINT('',#1355);
#1355 = CARTESIAN_POINT('',(1.275,-1.45,0.7025));
#1356 = VERTEX_POINT('',#1357);
#1357 = CARTESIAN_POINT('',(1.125,-1.45,0.7025));
#1358 = LINE('',#1359,#1360);
#1359 = CARTESIAN_POINT('',(1.275,-1.45,0.7025));
#1360 = VECTOR('',#1361,1.);
#1361 = DIRECTION('',(-1.,-2.22044604925E-16,0.));
#1362 = ORIENTED_EDGE('',*,*,#1363,.T.);
#1363 = EDGE_CURVE('',#1356,#1364,#1366,.T.);
#1364 = VERTEX_POINT('',#1365);
#1365 = CARTESIAN_POINT('',(0.875,-1.45,0.7025));
#1366 = LINE('',#1367,#1368);
#1367 = CARTESIAN_POINT('',(1.275,-1.45,0.7025));
#1368 = VECTOR('',#1369,1.);
#1369 = DIRECTION('',(-1.,-2.22044604925E-16,0.));
#1370 = ORIENTED_EDGE('',*,*,#1371,.T.);
#1371 = EDGE_CURVE('',#1364,#1372,#1374,.T.);
#1372 = VERTEX_POINT('',#1373);
#1373 = CARTESIAN_POINT('',(0.625,-1.45,0.7025));
#1374 = LINE('',#1375,#1376);
#1375 = CARTESIAN_POINT('',(1.275,-1.45,0.7025));
#1376 = VECTOR('',#1377,1.);
#1377 = DIRECTION('',(-1.,-2.22044604925E-16,0.));
#1378 = ORIENTED_EDGE('',*,*,#1379,.T.);
#1379 = EDGE_CURVE('',#1372,#1380,#1382,.T.);
#1380 = VERTEX_POINT('',#1381);
#1381 = CARTESIAN_POINT('',(0.375,-1.45,0.7025));
#1382 = LINE('',#1383,#1384);
#1383 = CARTESIAN_POINT('',(1.275,-1.45,0.7025));
#1384 = VECTOR('',#1385,1.);
#1385 = DIRECTION('',(-1.,-2.22044604925E-16,0.));
#1386 = ORIENTED_EDGE('',*,*,#1387,.T.);
#1387 = EDGE_CURVE('',#1380,#1388,#1390,.T.);
#1388 = VERTEX_POINT('',#1389);
#1389 = CARTESIAN_POINT('',(0.125,-1.45,0.7025));
#1390 = LINE('',#1391,#1392);
#1391 = CARTESIAN_POINT('',(1.275,-1.45,0.7025));
#1392 = VECTOR('',#1393,1.);
#1393 = DIRECTION('',(-1.,-2.22044604925E-16,0.));
#1394 = ORIENTED_EDGE('',*,*,#1395,.T.);
#1395 = EDGE_CURVE('',#1388,#1396,#1398,.T.);
#1396 = VERTEX_POINT('',#1397);
#1397 = CARTESIAN_POINT('',(-0.125,-1.45,0.7025));
#1398 = LINE('',#1399,#1400);
#1399 = CARTESIAN_POINT('',(1.275,-1.45,0.7025));
#1400 = VECTOR('',#1401,1.);
#1401 = DIRECTION('',(-1.,-2.22044604925E-16,0.));
#1402 = ORIENTED_EDGE('',*,*,#1403,.T.);
#1403 = EDGE_CURVE('',#1396,#1404,#1406,.T.);
#1404 = VERTEX_POINT('',#1405);
#1405 = CARTESIAN_POINT('',(-0.375,-1.45,0.7025));
#1406 = LINE('',#1407,#1408);
#1407 = CARTESIAN_POINT('',(1.275,-1.45,0.7025));
#1408 = VECTOR('',#1409,1.);
#1409 = DIRECTION('',(-1.,-2.22044604925E-16,0.));
#1410 = ORIENTED_EDGE('',*,*,#1411,.T.);
#1411 = EDGE_CURVE('',#1404,#1412,#1414,.T.);
#1412 = VERTEX_POINT('',#1413);
#1413 = CARTESIAN_POINT('',(-0.625,-1.45,0.7025));
#1414 = LINE('',#1415,#1416);
#1415 = CARTESIAN_POINT('',(1.275,-1.45,0.7025));
#1416 = VECTOR('',#1417,1.);
#1417 = DIRECTION('',(-1.,-2.22044604925E-16,0.));
#1418 = ORIENTED_EDGE('',*,*,#1419,.T.);
#1419 = EDGE_CURVE('',#1412,#1332,#1420,.T.);
#1420 = LINE('',#1421,#1422);
#1421 = CARTESIAN_POINT('',(1.275,-1.45,0.7025));
#1422 = VECTOR('',#1423,1.);
#1423 = DIRECTION('',(-1.,-2.22044604925E-16,0.));
#1424 = ORIENTED_EDGE('',*,*,#1331,.T.);
#1425 = ORIENTED_EDGE('',*,*,#555,.T.);
#1426 = ORIENTED_EDGE('',*,*,#1427,.T.);
#1427 = EDGE_CURVE('',#548,#1428,#1430,.T.);
#1428 = VERTEX_POINT('',#1429);
#1429 = CARTESIAN_POINT('',(-1.239955012584,-1.379910025168,1.1));
#1430 = B_SPLINE_CURVE_WITH_KNOTS('',1,(#1431,#1432),.UNSPECIFIED.,.F.,
  .F.,(2,2),(0.,1.),.PIECEWISE_BEZIER_KNOTS.);
#1431 = CARTESIAN_POINT('',(-1.275,-1.45,0.7025));
#1432 = CARTESIAN_POINT('',(-1.239955012584,-1.379910025168,1.1));
#1433 = ORIENTED_EDGE('',*,*,#1434,.F.);
#1434 = EDGE_CURVE('',#1435,#1428,#1437,.T.);
#1435 = VERTEX_POINT('',#1436);
#1436 = CARTESIAN_POINT('',(1.239955012584,-1.379910025168,1.1));
#1437 = LINE('',#1438,#1439);
#1438 = CARTESIAN_POINT('',(1.239955012584,-1.379910025168,1.1));
#1439 = VECTOR('',#1440,1.);
#1440 = DIRECTION('',(-1.,-2.22044604925E-16,0.));
#1441 = ORIENTED_EDGE('',*,*,#1442,.F.);
#1442 = EDGE_CURVE('',#1354,#1435,#1443,.T.);
#1443 = B_SPLINE_CURVE_WITH_KNOTS('',1,(#1444,#1445),.UNSPECIFIED.,.F.,
  .F.,(2,2),(0.,1.),.PIECEWISE_BEZIER_KNOTS.);
#1444 = CARTESIAN_POINT('',(1.275,-1.45,0.7025));
#1445 = CARTESIAN_POINT('',(1.239955012584,-1.379910025168,1.1));
#1446 = B_SPLINE_SURFACE_WITH_KNOTS('',1,1,(
    (#1447,#1448)
    ,(#1449,#1450
    )),.UNSPECIFIED.,.F.,.F.,.F.,(2,2),(2,2),(0.,2.55),(0.,1.),
  .PIECEWISE_BEZIER_KNOTS.);
#1447 = CARTESIAN_POINT('',(1.275,-1.45,0.7025));
#1448 = CARTESIAN_POINT('',(1.239955012584,-1.379910025168,1.1));
#1449 = CARTESIAN_POINT('',(-1.275,-1.45,0.7025));
#1450 = CARTESIAN_POINT('',(-1.239955012584,-1.379910025168,1.1));
#1451 = ADVANCED_FACE('',(#1452),#1469,.F.);
#1452 = FACE_BOUND('',#1453,.F.);
#1453 = EDGE_LOOP('',(#1454,#1455,#1462,#1468));
#1454 = ORIENTED_EDGE('',*,*,#547,.T.);
#1455 = ORIENTED_EDGE('',*,*,#1456,.T.);
#1456 = EDGE_CURVE('',#540,#1457,#1459,.T.);
#1457 = VERTEX_POINT('',#1458);
#1458 = CARTESIAN_POINT('',(-1.379910025168,-1.239955012584,1.1));
#1459 = B_SPLINE_CURVE_WITH_KNOTS('',1,(#1460,#1461),.UNSPECIFIED.,.F.,
  .F.,(2,2),(0.,1.),.PIECEWISE_BEZIER_KNOTS.);
#1460 = CARTESIAN_POINT('',(-1.45,-1.275,0.7025));
#1461 = CARTESIAN_POINT('',(-1.379910025168,-1.239955012584,1.1));
#1462 = ORIENTED_EDGE('',*,*,#1463,.F.);
#1463 = EDGE_CURVE('',#1428,#1457,#1464,.T.);
#1464 = LINE('',#1465,#1466);
#1465 = CARTESIAN_POINT('',(-1.239955012584,-1.379910025168,1.1));
#1466 = VECTOR('',#1467,1.);
#1467 = DIRECTION('',(-0.707106781187,0.707106781187,0.));
#1468 = ORIENTED_EDGE('',*,*,#1427,.F.);
#1469 = B_SPLINE_SURFACE_WITH_KNOTS('',1,1,(
    (#1470,#1471)
    ,(#1472,#1473
    )),.UNSPECIFIED.,.F.,.F.,.F.,(2,2),(2,2),(0.,0.247487373415),(0.,1.)
  ,.PIECEWISE_BEZIER_KNOTS.);
#1470 = CARTESIAN_POINT('',(-1.275,-1.45,0.7025));
#1471 = CARTESIAN_POINT('',(-1.239955012584,-1.379910025168,1.1));
#1472 = CARTESIAN_POINT('',(-1.45,-1.275,0.7025));
#1473 = CARTESIAN_POINT('',(-1.379910025168,-1.239955012584,1.1));
#1474 = ADVANCED_FACE('',(#1475),#1492,.F.);
#1475 = FACE_BOUND('',#1476,.F.);
#1476 = EDGE_LOOP('',(#1477,#1478,#1485,#1491));
#1477 = ORIENTED_EDGE('',*,*,#539,.T.);
#1478 = ORIENTED_EDGE('',*,*,#1479,.T.);
#1479 = EDGE_CURVE('',#532,#1480,#1482,.T.);
#1480 = VERTEX_POINT('',#1481);
#1481 = CARTESIAN_POINT('',(-1.379910025168,1.239955012584,1.1));
#1482 = B_SPLINE_CURVE_WITH_KNOTS('',1,(#1483,#1484),.UNSPECIFIED.,.F.,
  .F.,(2,2),(0.,1.),.PIECEWISE_BEZIER_KNOTS.);
#1483 = CARTESIAN_POINT('',(-1.45,1.275,0.7025));
#1484 = CARTESIAN_POINT('',(-1.379910025168,1.239955012584,1.1));
#1485 = ORIENTED_EDGE('',*,*,#1486,.F.);
#1486 = EDGE_CURVE('',#1457,#1480,#1487,.T.);
#1487 = LINE('',#1488,#1489);
#1488 = CARTESIAN_POINT('',(-1.379910025168,-1.239955012584,1.1));
#1489 = VECTOR('',#1490,1.);
#1490 = DIRECTION('',(-2.22044604925E-16,1.,0.));
#1491 = ORIENTED_EDGE('',*,*,#1456,.F.);
#1492 = B_SPLINE_SURFACE_WITH_KNOTS('',1,1,(
    (#1493,#1494)
    ,(#1495,#1496
    )),.UNSPECIFIED.,.F.,.F.,.F.,(2,2),(2,2),(0.,2.55),(0.,1.),
  .PIECEWISE_BEZIER_KNOTS.);
#1493 = CARTESIAN_POINT('',(-1.45,-1.275,0.7025));
#1494 = CARTESIAN_POINT('',(-1.379910025168,-1.239955012584,1.1));
#1495 = CARTESIAN_POINT('',(-1.45,1.275,0.7025));
#1496 = CARTESIAN_POINT('',(-1.379910025168,1.239955012584,1.1));
#1497 = ADVANCED_FACE('',(#1498),#1515,.F.);
#1498 = FACE_BOUND('',#1499,.F.);
#1499 = EDGE_LOOP('',(#1500,#1501,#1508,#1514));
#1500 = ORIENTED_EDGE('',*,*,#531,.T.);
#1501 = ORIENTED_EDGE('',*,*,#1502,.T.);
#1502 = EDGE_CURVE('',#524,#1503,#1505,.T.);
#1503 = VERTEX_POINT('',#1504);
#1504 = CARTESIAN_POINT('',(-1.239955012584,1.379910025168,1.1));
#1505 = B_SPLINE_CURVE_WITH_KNOTS('',1,(#1506,#1507),.UNSPECIFIED.,.F.,
  .F.,(2,2),(0.,1.),.PIECEWISE_BEZIER_KNOTS.);
#1506 = CARTESIAN_POINT('',(-1.275,1.45,0.7025));
#1507 = CARTESIAN_POINT('',(-1.239955012584,1.379910025168,1.1));
#1508 = ORIENTED_EDGE('',*,*,#1509,.F.);
#1509 = EDGE_CURVE('',#1480,#1503,#1510,.T.);
#1510 = LINE('',#1511,#1512);
#1511 = CARTESIAN_POINT('',(-1.379910025168,1.239955012584,1.1));
#1512 = VECTOR('',#1513,1.);
#1513 = DIRECTION('',(0.707106781187,0.707106781187,0.));
#1514 = ORIENTED_EDGE('',*,*,#1479,.F.);
#1515 = B_SPLINE_SURFACE_WITH_KNOTS('',1,1,(
    (#1516,#1517)
    ,(#1518,#1519
    )),.UNSPECIFIED.,.F.,.F.,.F.,(2,2),(2,2),(0.,0.247487373415),(0.,1.)
  ,.PIECEWISE_BEZIER_KNOTS.);
#1516 = CARTESIAN_POINT('',(-1.45,1.275,0.7025));
#1517 = CARTESIAN_POINT('',(-1.379910025168,1.239955012584,1.1));
#1518 = CARTESIAN_POINT('',(-1.275,1.45,0.7025));
#1519 = CARTESIAN_POINT('',(-1.239955012584,1.379910025168,1.1));
#1520 = ADVANCED_FACE('',(#1521),#1618,.F.);
#1521 = FACE_BOUND('',#1522,.F.);
#1522 = EDGE_LOOP('',(#1523,#1524,#1532,#1540,#1548,#1556,#1564,#1572,
    #1580,#1588,#1596,#1604,#1611,#1617));
#1523 = ORIENTED_EDGE('',*,*,#523,.T.);
#1524 = ORIENTED_EDGE('',*,*,#1525,.T.);
#1525 = EDGE_CURVE('',#516,#1526,#1528,.T.);
#1526 = VERTEX_POINT('',#1527);
#1527 = CARTESIAN_POINT('',(-0.875,1.45,0.7025));
#1528 = LINE('',#1529,#1530);
#1529 = CARTESIAN_POINT('',(-1.275,1.45,0.7025));
#1530 = VECTOR('',#1531,1.);
#1531 = DIRECTION('',(1.,2.22044604925E-16,0.));
#1532 = ORIENTED_EDGE('',*,*,#1533,.T.);
#1533 = EDGE_CURVE('',#1526,#1534,#1536,.T.);
#1534 = VERTEX_POINT('',#1535);
#1535 = CARTESIAN_POINT('',(-0.625,1.45,0.7025));
#1536 = LINE('',#1537,#1538);
#1537 = CARTESIAN_POINT('',(-1.275,1.45,0.7025));
#1538 = VECTOR('',#1539,1.);
#1539 = DIRECTION('',(1.,2.22044604925E-16,0.));
#1540 = ORIENTED_EDGE('',*,*,#1541,.T.);
#1541 = EDGE_CURVE('',#1534,#1542,#1544,.T.);
#1542 = VERTEX_POINT('',#1543);
#1543 = CARTESIAN_POINT('',(-0.375,1.45,0.7025));
#1544 = LINE('',#1545,#1546);
#1545 = CARTESIAN_POINT('',(-1.275,1.45,0.7025));
#1546 = VECTOR('',#1547,1.);
#1547 = DIRECTION('',(1.,2.22044604925E-16,0.));
#1548 = ORIENTED_EDGE('',*,*,#1549,.T.);
#1549 = EDGE_CURVE('',#1542,#1550,#1552,.T.);
#1550 = VERTEX_POINT('',#1551);
#1551 = CARTESIAN_POINT('',(-0.125,1.45,0.7025));
#1552 = LINE('',#1553,#1554);
#1553 = CARTESIAN_POINT('',(-1.275,1.45,0.7025));
#1554 = VECTOR('',#1555,1.);
#1555 = DIRECTION('',(1.,2.22044604925E-16,0.));
#1556 = ORIENTED_EDGE('',*,*,#1557,.T.);
#1557 = EDGE_CURVE('',#1550,#1558,#1560,.T.);
#1558 = VERTEX_POINT('',#1559);
#1559 = CARTESIAN_POINT('',(0.125,1.45,0.7025));
#1560 = LINE('',#1561,#1562);
#1561 = CARTESIAN_POINT('',(-1.275,1.45,0.7025));
#1562 = VECTOR('',#1563,1.);
#1563 = DIRECTION('',(1.,2.22044604925E-16,0.));
#1564 = ORIENTED_EDGE('',*,*,#1565,.T.);
#1565 = EDGE_CURVE('',#1558,#1566,#1568,.T.);
#1566 = VERTEX_POINT('',#1567);
#1567 = CARTESIAN_POINT('',(0.375,1.45,0.7025));
#1568 = LINE('',#1569,#1570);
#1569 = CARTESIAN_POINT('',(-1.275,1.45,0.7025));
#1570 = VECTOR('',#1571,1.);
#1571 = DIRECTION('',(1.,2.22044604925E-16,0.));
#1572 = ORIENTED_EDGE('',*,*,#1573,.T.);
#1573 = EDGE_CURVE('',#1566,#1574,#1576,.T.);
#1574 = VERTEX_POINT('',#1575);
#1575 = CARTESIAN_POINT('',(0.625,1.45,0.7025));
#1576 = LINE('',#1577,#1578);
#1577 = CARTESIAN_POINT('',(-1.275,1.45,0.7025));
#1578 = VECTOR('',#1579,1.);
#1579 = DIRECTION('',(1.,2.22044604925E-16,0.));
#1580 = ORIENTED_EDGE('',*,*,#1581,.T.);
#1581 = EDGE_CURVE('',#1574,#1582,#1584,.T.);
#1582 = VERTEX_POINT('',#1583);
#1583 = CARTESIAN_POINT('',(0.875,1.45,0.7025));
#1584 = LINE('',#1585,#1586);
#1585 = CARTESIAN_POINT('',(-1.275,1.45,0.7025));
#1586 = VECTOR('',#1587,1.);
#1587 = DIRECTION('',(1.,2.22044604925E-16,0.));
#1588 = ORIENTED_EDGE('',*,*,#1589,.T.);
#1589 = EDGE_CURVE('',#1582,#1590,#1592,.T.);
#1590 = VERTEX_POINT('',#1591);
#1591 = CARTESIAN_POINT('',(1.125,1.45,0.7025));
#1592 = LINE('',#1593,#1594);
#1593 = CARTESIAN_POINT('',(-1.275,1.45,0.7025));
#1594 = VECTOR('',#1595,1.);
#1595 = DIRECTION('',(1.,2.22044604925E-16,0.));
#1596 = ORIENTED_EDGE('',*,*,#1597,.T.);
#1597 = EDGE_CURVE('',#1590,#1598,#1600,.T.);
#1598 = VERTEX_POINT('',#1599);
#1599 = CARTESIAN_POINT('',(1.275,1.45,0.7025));
#1600 = LINE('',#1601,#1602);
#1601 = CARTESIAN_POINT('',(-1.275,1.45,0.7025));
#1602 = VECTOR('',#1603,1.);
#1603 = DIRECTION('',(1.,2.22044604925E-16,0.));
#1604 = ORIENTED_EDGE('',*,*,#1605,.T.);
#1605 = EDGE_CURVE('',#1598,#1606,#1608,.T.);
#1606 = VERTEX_POINT('',#1607);
#1607 = CARTESIAN_POINT('',(1.239955012584,1.379910025168,1.1));
#1608 = B_SPLINE_CURVE_WITH_KNOTS('',1,(#1609,#1610),.UNSPECIFIED.,.F.,
  .F.,(2,2),(0.,1.),.PIECEWISE_BEZIER_KNOTS.);
#1609 = CARTESIAN_POINT('',(1.275,1.45,0.7025));
#1610 = CARTESIAN_POINT('',(1.239955012584,1.379910025168,1.1));
#1611 = ORIENTED_EDGE('',*,*,#1612,.F.);
#1612 = EDGE_CURVE('',#1503,#1606,#1613,.T.);
#1613 = LINE('',#1614,#1615);
#1614 = CARTESIAN_POINT('',(-1.239955012584,1.379910025168,1.1));
#1615 = VECTOR('',#1616,1.);
#1616 = DIRECTION('',(1.,2.22044604925E-16,0.));
#1617 = ORIENTED_EDGE('',*,*,#1502,.F.);
#1618 = B_SPLINE_SURFACE_WITH_KNOTS('',1,1,(
    (#1619,#1620)
    ,(#1621,#1622
    )),.UNSPECIFIED.,.F.,.F.,.F.,(2,2),(2,2),(0.,2.55),(0.,1.),
  .PIECEWISE_BEZIER_KNOTS.);
#1619 = CARTESIAN_POINT('',(-1.275,1.45,0.7025));
#1620 = CARTESIAN_POINT('',(-1.239955012584,1.379910025168,1.1));
#1621 = CARTESIAN_POINT('',(1.275,1.45,0.7025));
#1622 = CARTESIAN_POINT('',(1.239955012584,1.379910025168,1.1));
#1623 = ADVANCED_FACE('',(#1624),#1656,.F.);
#1624 = FACE_BOUND('',#1625,.F.);
#1625 = EDGE_LOOP('',(#1626,#1634,#1642,#1648,#1654,#1655));
#1626 = ORIENTED_EDGE('',*,*,#1627,.F.);
#1627 = EDGE_CURVE('',#1628,#508,#1630,.T.);
#1628 = VERTEX_POINT('',#1629);
#1629 = CARTESIAN_POINT('',(-1.125,1.705537683087,0.7025));
#1630 = LINE('',#1631,#1632);
#1631 = CARTESIAN_POINT('',(-1.125,1.705537683087,0.7025));
#1632 = VECTOR('',#1633,1.);
#1633 = DIRECTION('',(3.330669073875E-16,-1.,0.));
#1634 = ORIENTED_EDGE('',*,*,#1635,.T.);
#1635 = EDGE_CURVE('',#1628,#1636,#1638,.T.);
#1636 = VERTEX_POINT('',#1637);
#1637 = CARTESIAN_POINT('',(-0.875,1.705537683087,0.7025));
#1638 = LINE('',#1639,#1640);
#1639 = CARTESIAN_POINT('',(-1.125,1.705537683087,0.7025));
#1640 = VECTOR('',#1641,1.);
#1641 = DIRECTION('',(1.,3.330669073875E-16,0.));
#1642 = ORIENTED_EDGE('',*,*,#1643,.T.);
#1643 = EDGE_CURVE('',#1636,#1014,#1644,.T.);
#1644 = LINE('',#1645,#1646);
#1645 = CARTESIAN_POINT('',(-0.875,1.705537683087,0.7025));
#1646 = VECTOR('',#1647,1.);
#1647 = DIRECTION('',(3.330669073875E-16,-1.,0.));
#1648 = ORIENTED_EDGE('',*,*,#1649,.T.);
#1649 = EDGE_CURVE('',#1014,#1526,#1650,.T.);
#1650 = LINE('',#1651,#1652);
#1651 = CARTESIAN_POINT('',(-0.875,1.705537683087,0.7025));
#1652 = VECTOR('',#1653,1.);
#1653 = DIRECTION('',(3.330669073875E-16,-1.,0.));
#1654 = ORIENTED_EDGE('',*,*,#1525,.F.);
#1655 = ORIENTED_EDGE('',*,*,#515,.F.);
#1656 = PLANE('',#1657);
#1657 = AXIS2_PLACEMENT_3D('',#1658,#1659,#1660);
#1658 = CARTESIAN_POINT('',(-1.125,1.705537683087,0.7025));
#1659 = DIRECTION('',(-0.,0.,-1.));
#1660 = DIRECTION('',(3.330669073875E-16,-1.,-0.));
#1661 = ADVANCED_FACE('',(#1662),#1741,.T.);
#1662 = FACE_BOUND('',#1663,.T.);
#1663 = EDGE_LOOP('',(#1664,#1665,#1666,#1675,#1683,#1692,#1700,#1708,
    #1716,#1725,#1733,#1740));
#1664 = ORIENTED_EDGE('',*,*,#577,.F.);
#1665 = ORIENTED_EDGE('',*,*,#881,.T.);
#1666 = ORIENTED_EDGE('',*,*,#1667,.T.);
#1667 = EDGE_CURVE('',#882,#1668,#1670,.T.);
#1668 = VERTEX_POINT('',#1669);
#1669 = CARTESIAN_POINT('',(-1.125,-1.820021584374,0.451436600654));
#1670 = CIRCLE('',#1671,0.11625);
#1671 = AXIS2_PLACEMENT_3D('',#1672,#1673,#1674);
#1672 = CARTESIAN_POINT('',(-1.125,-1.705537683087,0.43125));
#1673 = DIRECTION('',(1.,1.110223024625E-16,0.));
#1674 = DIRECTION('',(2.650742289049E-32,-2.387576397043E-16,1.));
#1675 = ORIENTED_EDGE('',*,*,#1676,.T.);
#1676 = EDGE_CURVE('',#1668,#1677,#1679,.T.);
#1677 = VERTEX_POINT('',#1678);
#1678 = CARTESIAN_POINT('',(-1.125,-1.854120896995,0.224147931808));
#1679 = LINE('',#1680,#1681);
#1680 = CARTESIAN_POINT('',(-1.125,-1.820021584374,0.451436600654));
#1681 = VECTOR('',#1682,1.);
#1682 = DIRECTION('',(1.647193900438E-17,-0.148366036724,-0.988932514961
    ));
#1683 = ORIENTED_EDGE('',*,*,#1684,.T.);
#1684 = EDGE_CURVE('',#1677,#1685,#1687,.T.);
#1685 = VERTEX_POINT('',#1686);
#1686 = CARTESIAN_POINT('',(-1.125,-2.12125,-1.110223024625E-16));
#1687 = CIRCLE('',#1688,0.27125);
#1688 = AXIS2_PLACEMENT_3D('',#1689,#1690,#1691);
#1689 = CARTESIAN_POINT('',(-1.125,-2.12125,0.27125));
#1690 = DIRECTION('',(-1.,-1.110223024625E-16,0.));
#1691 = DIRECTION('',(-1.093356242224E-16,0.984807753012,-0.173648177667
    ));
#1692 = ORIENTED_EDGE('',*,*,#1693,.T.);
#1693 = EDGE_CURVE('',#1685,#1694,#1696,.T.);
#1694 = VERTEX_POINT('',#1695);
#1695 = CARTESIAN_POINT('',(-1.125,-2.45,-1.110223024625E-16));
#1696 = LINE('',#1697,#1698);
#1697 = CARTESIAN_POINT('',(-1.125,-2.12125,-1.110223024625E-16));
#1698 = VECTOR('',#1699,1.);
#1699 = DIRECTION('',(1.110223024625E-16,-1.,0.));
#1700 = ORIENTED_EDGE('',*,*,#1701,.T.);
#1701 = EDGE_CURVE('',#1694,#1702,#1704,.T.);
#1702 = VERTEX_POINT('',#1703);
#1703 = CARTESIAN_POINT('',(-1.125,-2.45,0.155));
#1704 = LINE('',#1705,#1706);
#1705 = CARTESIAN_POINT('',(-1.125,-2.45,-1.110223024625E-16));
#1706 = VECTOR('',#1707,1.);
#1707 = DIRECTION('',(0.,0.,1.));
#1708 = ORIENTED_EDGE('',*,*,#1709,.T.);
#1709 = EDGE_CURVE('',#1702,#1710,#1712,.T.);
#1710 = VERTEX_POINT('',#1711);
#1711 = CARTESIAN_POINT('',(-1.125,-2.12125,0.155));
#1712 = LINE('',#1713,#1714);
#1713 = CARTESIAN_POINT('',(-1.125,-2.45,0.155));
#1714 = VECTOR('',#1715,1.);
#1715 = DIRECTION('',(-1.110223024625E-16,1.,0.));
#1716 = ORIENTED_EDGE('',*,*,#1717,.T.);
#1717 = EDGE_CURVE('',#1710,#1718,#1720,.T.);
#1718 = VERTEX_POINT('',#1719);
#1719 = CARTESIAN_POINT('',(-1.125,-2.006766098712,0.251063399346));
#1720 = CIRCLE('',#1721,0.11625);
#1721 = AXIS2_PLACEMENT_3D('',#1722,#1723,#1724);
#1722 = CARTESIAN_POINT('',(-1.125,-2.12125,0.27125));
#1723 = DIRECTION('',(1.,1.110223024625E-16,0.));
#1724 = DIRECTION('',(-1.06029691562E-31,9.550305588173E-16,-1.));
#1725 = ORIENTED_EDGE('',*,*,#1726,.T.);
#1726 = EDGE_CURVE('',#1718,#1727,#1729,.T.);
#1727 = VERTEX_POINT('',#1728);
#1728 = CARTESIAN_POINT('',(-1.125,-1.972666786091,0.478352068192));
#1729 = LINE('',#1730,#1731);
#1730 = CARTESIAN_POINT('',(-1.125,-2.006766098712,0.251063399346));
#1731 = VECTOR('',#1732,1.);
#1732 = DIRECTION('',(-1.647193900438E-17,0.148366036724,0.988932514961)
  );
#1733 = ORIENTED_EDGE('',*,*,#1734,.T.);
#1734 = EDGE_CURVE('',#1727,#1317,#1735,.T.);
#1735 = CIRCLE('',#1736,0.27125);
#1736 = AXIS2_PLACEMENT_3D('',#1737,#1738,#1739);
#1737 = CARTESIAN_POINT('',(-1.125,-1.705537683087,0.43125));
#1738 = DIRECTION('',(-1.,-1.110223024625E-16,0.));
#1739 = DIRECTION('',(1.093356242224E-16,-0.984807753012,0.173648177667)
  );
#1740 = ORIENTED_EDGE('',*,*,#1324,.T.);
#1741 = PLANE('',#1742);
#1742 = AXIS2_PLACEMENT_3D('',#1743,#1744,#1745);
#1743 = CARTESIAN_POINT('',(-1.125,-1.92238593548,0.347164380556));
#1744 = DIRECTION('',(-1.,-1.110223024625E-16,0.));
#1745 = DIRECTION('',(0.,0.,1.));
#1746 = ADVANCED_FACE('',(#1747),#1790,.F.);
#1747 = FACE_BOUND('',#1748,.F.);
#1748 = EDGE_LOOP('',(#1749,#1750,#1756,#1757,#1765,#1773,#1779,#1780,
    #1786,#1787,#1788,#1789));
#1749 = ORIENTED_EDGE('',*,*,#610,.T.);
#1750 = ORIENTED_EDGE('',*,*,#1751,.T.);
#1751 = EDGE_CURVE('',#603,#1356,#1752,.T.);
#1752 = LINE('',#1753,#1754);
#1753 = CARTESIAN_POINT('',(1.125,-1.705537683087,0.7025));
#1754 = VECTOR('',#1755,1.);
#1755 = DIRECTION('',(-1.110223024625E-16,1.,0.));
#1756 = ORIENTED_EDGE('',*,*,#1353,.F.);
#1757 = ORIENTED_EDGE('',*,*,#1758,.F.);
#1758 = EDGE_CURVE('',#1759,#1354,#1761,.T.);
#1759 = VERTEX_POINT('',#1760);
#1760 = CARTESIAN_POINT('',(1.45,-1.275,0.7025));
#1761 = LINE('',#1762,#1763);
#1762 = CARTESIAN_POINT('',(1.45,-1.275,0.7025));
#1763 = VECTOR('',#1764,1.);
#1764 = DIRECTION('',(-0.707106781187,-0.707106781187,0.));
#1765 = ORIENTED_EDGE('',*,*,#1766,.F.);
#1766 = EDGE_CURVE('',#1767,#1759,#1769,.T.);
#1767 = VERTEX_POINT('',#1768);
#1768 = CARTESIAN_POINT('',(1.45,1.275,0.7025));
#1769 = LINE('',#1770,#1771);
#1770 = CARTESIAN_POINT('',(1.45,1.275,0.7025));
#1771 = VECTOR('',#1772,1.);
#1772 = DIRECTION('',(2.22044604925E-16,-1.,0.));
#1773 = ORIENTED_EDGE('',*,*,#1774,.F.);
#1774 = EDGE_CURVE('',#1598,#1767,#1775,.T.);
#1775 = LINE('',#1776,#1777);
#1776 = CARTESIAN_POINT('',(1.275,1.45,0.7025));
#1777 = VECTOR('',#1778,1.);
#1778 = DIRECTION('',(0.707106781187,-0.707106781187,0.));
#1779 = ORIENTED_EDGE('',*,*,#1597,.F.);
#1780 = ORIENTED_EDGE('',*,*,#1781,.F.);
#1781 = EDGE_CURVE('',#1262,#1590,#1782,.T.);
#1782 = LINE('',#1783,#1784);
#1783 = CARTESIAN_POINT('',(1.125,1.705537683087,0.7025));
#1784 = VECTOR('',#1785,1.);
#1785 = DIRECTION('',(3.330669073875E-16,-1.,0.));
#1786 = ORIENTED_EDGE('',*,*,#1277,.T.);
#1787 = ORIENTED_EDGE('',*,*,#1293,.T.);
#1788 = ORIENTED_EDGE('',*,*,#944,.T.);
#1789 = ORIENTED_EDGE('',*,*,#905,.T.);
#1790 = PLANE('',#1791);
#1791 = AXIS2_PLACEMENT_3D('',#1792,#1793,#1794);
#1792 = CARTESIAN_POINT('',(-1.38125,-1.38125,0.7025));
#1793 = DIRECTION('',(2.591993990471E-15,2.497292822135E-15,-1.));
#1794 = DIRECTION('',(-0.707106781187,0.707106781187,-6.696383831667E-17
    ));
#1795 = ADVANCED_FACE('',(#1796),#1882,.F.);
#1796 = FACE_BOUND('',#1797,.F.);
#1797 = EDGE_LOOP('',(#1798,#1799,#1800,#1809,#1817,#1826,#1834,#1842,
    #1850,#1859,#1867,#1876));
#1798 = ORIENTED_EDGE('',*,*,#602,.F.);
#1799 = ORIENTED_EDGE('',*,*,#624,.T.);
#1800 = ORIENTED_EDGE('',*,*,#1801,.T.);
#1801 = EDGE_CURVE('',#625,#1802,#1804,.T.);
#1802 = VERTEX_POINT('',#1803);
#1803 = CARTESIAN_POINT('',(1.125,-1.820021584374,0.451436600654));
#1804 = CIRCLE('',#1805,0.11625);
#1805 = AXIS2_PLACEMENT_3D('',#1806,#1807,#1808);
#1806 = CARTESIAN_POINT('',(1.125,-1.705537683087,0.43125));
#1807 = DIRECTION('',(1.,1.110223024625E-16,0.));
#1808 = DIRECTION('',(2.650742289049E-32,-2.387576397043E-16,1.));
#1809 = ORIENTED_EDGE('',*,*,#1810,.T.);
#1810 = EDGE_CURVE('',#1802,#1811,#1813,.T.);
#1811 = VERTEX_POINT('',#1812);
#1812 = CARTESIAN_POINT('',(1.125,-1.854120896995,0.224147931808));
#1813 = LINE('',#1814,#1815);
#1814 = CARTESIAN_POINT('',(1.125,-1.820021584374,0.451436600654));
#1815 = VECTOR('',#1816,1.);
#1816 = DIRECTION('',(1.647193900438E-17,-0.148366036724,-0.988932514961
    ));
#1817 = ORIENTED_EDGE('',*,*,#1818,.T.);
#1818 = EDGE_CURVE('',#1811,#1819,#1821,.T.);
#1819 = VERTEX_POINT('',#1820);
#1820 = CARTESIAN_POINT('',(1.125,-2.12125,-1.110223024625E-16));
#1821 = CIRCLE('',#1822,0.27125);
#1822 = AXIS2_PLACEMENT_3D('',#1823,#1824,#1825);
#1823 = CARTESIAN_POINT('',(1.125,-2.12125,0.27125));
#1824 = DIRECTION('',(-1.,-1.110223024625E-16,0.));
#1825 = DIRECTION('',(-1.093356242224E-16,0.984807753012,-0.173648177667
    ));
#1826 = ORIENTED_EDGE('',*,*,#1827,.T.);
#1827 = EDGE_CURVE('',#1819,#1828,#1830,.T.);
#1828 = VERTEX_POINT('',#1829);
#1829 = CARTESIAN_POINT('',(1.125,-2.45,-1.110223024625E-16));
#1830 = LINE('',#1831,#1832);
#1831 = CARTESIAN_POINT('',(1.125,-2.12125,-1.110223024625E-16));
#1832 = VECTOR('',#1833,1.);
#1833 = DIRECTION('',(1.110223024625E-16,-1.,0.));
#1834 = ORIENTED_EDGE('',*,*,#1835,.T.);
#1835 = EDGE_CURVE('',#1828,#1836,#1838,.T.);
#1836 = VERTEX_POINT('',#1837);
#1837 = CARTESIAN_POINT('',(1.125,-2.45,0.155));
#1838 = LINE('',#1839,#1840);
#1839 = CARTESIAN_POINT('',(1.125,-2.45,-1.110223024625E-16));
#1840 = VECTOR('',#1841,1.);
#1841 = DIRECTION('',(0.,0.,1.));
#1842 = ORIENTED_EDGE('',*,*,#1843,.T.);
#1843 = EDGE_CURVE('',#1836,#1844,#1846,.T.);
#1844 = VERTEX_POINT('',#1845);
#1845 = CARTESIAN_POINT('',(1.125,-2.12125,0.155));
#1846 = LINE('',#1847,#1848);
#1847 = CARTESIAN_POINT('',(1.125,-2.45,0.155));
#1848 = VECTOR('',#1849,1.);
#1849 = DIRECTION('',(-1.110223024625E-16,1.,0.));
#1850 = ORIENTED_EDGE('',*,*,#1851,.T.);
#1851 = EDGE_CURVE('',#1844,#1852,#1854,.T.);
#1852 = VERTEX_POINT('',#1853);
#1853 = CARTESIAN_POINT('',(1.125,-2.006766098712,0.251063399346));
#1854 = CIRCLE('',#1855,0.11625);
#1855 = AXIS2_PLACEMENT_3D('',#1856,#1857,#1858);
#1856 = CARTESIAN_POINT('',(1.125,-2.12125,0.27125));
#1857 = DIRECTION('',(1.,1.110223024625E-16,0.));
#1858 = DIRECTION('',(-1.06029691562E-31,9.550305588173E-16,-1.));
#1859 = ORIENTED_EDGE('',*,*,#1860,.T.);
#1860 = EDGE_CURVE('',#1852,#1861,#1863,.T.);
#1861 = VERTEX_POINT('',#1862);
#1862 = CARTESIAN_POINT('',(1.125,-1.972666786091,0.478352068192));
#1863 = LINE('',#1864,#1865);
#1864 = CARTESIAN_POINT('',(1.125,-2.006766098712,0.251063399346));
#1865 = VECTOR('',#1866,1.);
#1866 = DIRECTION('',(-1.647193900438E-17,0.148366036724,0.988932514961)
  );
#1867 = ORIENTED_EDGE('',*,*,#1868,.T.);
#1868 = EDGE_CURVE('',#1861,#1869,#1871,.T.);
#1869 = VERTEX_POINT('',#1870);
#1870 = CARTESIAN_POINT('',(1.125,-1.705537683087,0.7025));
#1871 = CIRCLE('',#1872,0.27125);
#1872 = AXIS2_PLACEMENT_3D('',#1873,#1874,#1875);
#1873 = CARTESIAN_POINT('',(1.125,-1.705537683087,0.43125));
#1874 = DIRECTION('',(-1.,-1.110223024625E-16,0.));
#1875 = DIRECTION('',(1.093356242224E-16,-0.984807753012,0.173648177667)
  );
#1876 = ORIENTED_EDGE('',*,*,#1877,.T.);
#1877 = EDGE_CURVE('',#1869,#603,#1878,.T.);
#1878 = LINE('',#1879,#1880);
#1879 = CARTESIAN_POINT('',(1.125,-1.705537683087,0.7025));
#1880 = VECTOR('',#1881,1.);
#1881 = DIRECTION('',(-1.110223024625E-16,1.,0.));
#1882 = PLANE('',#1883);
#1883 = AXIS2_PLACEMENT_3D('',#1884,#1885,#1886);
#1884 = CARTESIAN_POINT('',(1.125,-1.92238593548,0.347164380556));
#1885 = DIRECTION('',(-1.,-1.110223024625E-16,0.));
#1886 = DIRECTION('',(0.,0.,1.));
#1887 = ADVANCED_FACE('',(#1888),#1907,.F.);
#1888 = FACE_BOUND('',#1889,.F.);
#1889 = EDGE_LOOP('',(#1890,#1891,#1900,#1906));
#1890 = ORIENTED_EDGE('',*,*,#641,.T.);
#1891 = ORIENTED_EDGE('',*,*,#1892,.T.);
#1892 = EDGE_CURVE('',#634,#1893,#1895,.T.);
#1893 = VERTEX_POINT('',#1894);
#1894 = CARTESIAN_POINT('',(0.875,-1.820021584374,0.451436600654));
#1895 = CIRCLE('',#1896,0.11625);
#1896 = AXIS2_PLACEMENT_3D('',#1897,#1898,#1899);
#1897 = CARTESIAN_POINT('',(0.875,-1.705537683087,0.43125));
#1898 = DIRECTION('',(1.,1.110223024625E-16,0.));
#1899 = DIRECTION('',(2.650742289049E-32,-2.387576397043E-16,1.));
#1900 = ORIENTED_EDGE('',*,*,#1901,.F.);
#1901 = EDGE_CURVE('',#1802,#1893,#1902,.T.);
#1902 = LINE('',#1903,#1904);
#1903 = CARTESIAN_POINT('',(1.125,-1.820021584374,0.451436600654));
#1904 = VECTOR('',#1905,1.);
#1905 = DIRECTION('',(-1.,-1.110223024625E-16,0.));
#1906 = ORIENTED_EDGE('',*,*,#1801,.F.);
#1907 = CYLINDRICAL_SURFACE('',#1908,0.11625);
#1908 = AXIS2_PLACEMENT_3D('',#1909,#1910,#1911);
#1909 = CARTESIAN_POINT('',(1.125,-1.705537683087,0.43125));
#1910 = DIRECTION('',(1.,1.110223024625E-16,0.));
#1911 = DIRECTION('',(2.650742289049E-32,-2.387576397043E-16,1.));
#1912 = ADVANCED_FACE('',(#1913),#1991,.T.);
#1913 = FACE_BOUND('',#1914,.T.);
#1914 = EDGE_LOOP('',(#1915,#1916,#1917,#1918,#1926,#1935,#1943,#1951,
    #1959,#1968,#1976,#1985));
#1915 = ORIENTED_EDGE('',*,*,#655,.F.);
#1916 = ORIENTED_EDGE('',*,*,#633,.T.);
#1917 = ORIENTED_EDGE('',*,*,#1892,.T.);
#1918 = ORIENTED_EDGE('',*,*,#1919,.T.);
#1919 = EDGE_CURVE('',#1893,#1920,#1922,.T.);
#1920 = VERTEX_POINT('',#1921);
#1921 = CARTESIAN_POINT('',(0.875,-1.854120896995,0.224147931808));
#1922 = LINE('',#1923,#1924);
#1923 = CARTESIAN_POINT('',(0.875,-1.820021584374,0.451436600654));
#1924 = VECTOR('',#1925,1.);
#1925 = DIRECTION('',(1.647193900438E-17,-0.148366036724,-0.988932514961
    ));
#1926 = ORIENTED_EDGE('',*,*,#1927,.T.);
#1927 = EDGE_CURVE('',#1920,#1928,#1930,.T.);
#1928 = VERTEX_POINT('',#1929);
#1929 = CARTESIAN_POINT('',(0.875,-2.12125,-1.110223024625E-16));
#1930 = CIRCLE('',#1931,0.27125);
#1931 = AXIS2_PLACEMENT_3D('',#1932,#1933,#1934);
#1932 = CARTESIAN_POINT('',(0.875,-2.12125,0.27125));
#1933 = DIRECTION('',(-1.,-1.110223024625E-16,0.));
#1934 = DIRECTION('',(-1.093356242224E-16,0.984807753012,-0.173648177667
    ));
#1935 = ORIENTED_EDGE('',*,*,#1936,.T.);
#1936 = EDGE_CURVE('',#1928,#1937,#1939,.T.);
#1937 = VERTEX_POINT('',#1938);
#1938 = CARTESIAN_POINT('',(0.875,-2.45,-1.110223024625E-16));
#1939 = LINE('',#1940,#1941);
#1940 = CARTESIAN_POINT('',(0.875,-2.12125,-1.110223024625E-16));
#1941 = VECTOR('',#1942,1.);
#1942 = DIRECTION('',(1.110223024625E-16,-1.,0.));
#1943 = ORIENTED_EDGE('',*,*,#1944,.T.);
#1944 = EDGE_CURVE('',#1937,#1945,#1947,.T.);
#1945 = VERTEX_POINT('',#1946);
#1946 = CARTESIAN_POINT('',(0.875,-2.45,0.155));
#1947 = LINE('',#1948,#1949);
#1948 = CARTESIAN_POINT('',(0.875,-2.45,-1.110223024625E-16));
#1949 = VECTOR('',#1950,1.);
#1950 = DIRECTION('',(0.,0.,1.));
#1951 = ORIENTED_EDGE('',*,*,#1952,.T.);
#1952 = EDGE_CURVE('',#1945,#1953,#1955,.T.);
#1953 = VERTEX_POINT('',#1954);
#1954 = CARTESIAN_POINT('',(0.875,-2.12125,0.155));
#1955 = LINE('',#1956,#1957);
#1956 = CARTESIAN_POINT('',(0.875,-2.45,0.155));
#1957 = VECTOR('',#1958,1.);
#1958 = DIRECTION('',(-1.110223024625E-16,1.,0.));
#1959 = ORIENTED_EDGE('',*,*,#1960,.T.);
#1960 = EDGE_CURVE('',#1953,#1961,#1963,.T.);
#1961 = VERTEX_POINT('',#1962);
#1962 = CARTESIAN_POINT('',(0.875,-2.006766098712,0.251063399346));
#1963 = CIRCLE('',#1964,0.11625);
#1964 = AXIS2_PLACEMENT_3D('',#1965,#1966,#1967);
#1965 = CARTESIAN_POINT('',(0.875,-2.12125,0.27125));
#1966 = DIRECTION('',(1.,1.110223024625E-16,0.));
#1967 = DIRECTION('',(-1.06029691562E-31,9.550305588173E-16,-1.));
#1968 = ORIENTED_EDGE('',*,*,#1969,.T.);
#1969 = EDGE_CURVE('',#1961,#1970,#1972,.T.);
#1970 = VERTEX_POINT('',#1971);
#1971 = CARTESIAN_POINT('',(0.875,-1.972666786091,0.478352068192));
#1972 = LINE('',#1973,#1974);
#1973 = CARTESIAN_POINT('',(0.875,-2.006766098712,0.251063399346));
#1974 = VECTOR('',#1975,1.);
#1975 = DIRECTION('',(-1.647193900438E-17,0.148366036724,0.988932514961)
  );
#1976 = ORIENTED_EDGE('',*,*,#1977,.T.);
#1977 = EDGE_CURVE('',#1970,#1978,#1980,.T.);
#1978 = VERTEX_POINT('',#1979);
#1979 = CARTESIAN_POINT('',(0.875,-1.705537683087,0.7025));
#1980 = CIRCLE('',#1981,0.27125);
#1981 = AXIS2_PLACEMENT_3D('',#1982,#1983,#1984);
#1982 = CARTESIAN_POINT('',(0.875,-1.705537683087,0.43125));
#1983 = DIRECTION('',(-1.,-1.110223024625E-16,0.));
#1984 = DIRECTION('',(1.093356242224E-16,-0.984807753012,0.173648177667)
  );
#1985 = ORIENTED_EDGE('',*,*,#1986,.T.);
#1986 = EDGE_CURVE('',#1978,#656,#1987,.T.);
#1987 = LINE('',#1988,#1989);
#1988 = CARTESIAN_POINT('',(0.875,-1.705537683087,0.7025));
#1989 = VECTOR('',#1990,1.);
#1990 = DIRECTION('',(-1.110223024625E-16,1.,0.));
#1991 = PLANE('',#1992);
#1992 = AXIS2_PLACEMENT_3D('',#1993,#1994,#1995);
#1993 = CARTESIAN_POINT('',(0.875,-1.92238593548,0.347164380556));
#1994 = DIRECTION('',(-1.,-1.110223024625E-16,0.));
#1995 = DIRECTION('',(0.,0.,1.));
#1996 = ADVANCED_FACE('',(#1997),#2013,.F.);
#1997 = FACE_BOUND('',#1998,.F.);
#1998 = EDGE_LOOP('',(#1999,#2000,#2006,#2007));
#1999 = ORIENTED_EDGE('',*,*,#672,.T.);
#2000 = ORIENTED_EDGE('',*,*,#2001,.T.);
#2001 = EDGE_CURVE('',#665,#1372,#2002,.T.);
#2002 = LINE('',#2003,#2004);
#2003 = CARTESIAN_POINT('',(0.625,-1.705537683087,0.7025));
#2004 = VECTOR('',#2005,1.);
#2005 = DIRECTION('',(-1.110223024625E-16,1.,0.));
#2006 = ORIENTED_EDGE('',*,*,#1371,.F.);
#2007 = ORIENTED_EDGE('',*,*,#2008,.F.);
#2008 = EDGE_CURVE('',#656,#1364,#2009,.T.);
#2009 = LINE('',#2010,#2011);
#2010 = CARTESIAN_POINT('',(0.875,-1.705537683087,0.7025));
#2011 = VECTOR('',#2012,1.);
#2012 = DIRECTION('',(-1.110223024625E-16,1.,0.));
#2013 = PLANE('',#2014);
#2014 = AXIS2_PLACEMENT_3D('',#2015,#2016,#2017);
#2015 = CARTESIAN_POINT('',(-1.38125,-1.38125,0.7025));
#2016 = DIRECTION('',(2.591993990471E-15,2.497292822135E-15,-1.));
#2017 = DIRECTION('',(-0.707106781187,0.707106781187,-6.696383831667E-17
    ));
#2018 = ADVANCED_FACE('',(#2019),#2105,.F.);
#2019 = FACE_BOUND('',#2020,.F.);
#2020 = EDGE_LOOP('',(#2021,#2022,#2023,#2032,#2040,#2049,#2057,#2065,
    #2073,#2082,#2090,#2099));
#2021 = ORIENTED_EDGE('',*,*,#664,.F.);
#2022 = ORIENTED_EDGE('',*,*,#686,.T.);
#2023 = ORIENTED_EDGE('',*,*,#2024,.T.);
#2024 = EDGE_CURVE('',#687,#2025,#2027,.T.);
#2025 = VERTEX_POINT('',#2026);
#2026 = CARTESIAN_POINT('',(0.625,-1.820021584374,0.451436600654));
#2027 = CIRCLE('',#2028,0.11625);
#2028 = AXIS2_PLACEMENT_3D('',#2029,#2030,#2031);
#2029 = CARTESIAN_POINT('',(0.625,-1.705537683087,0.43125));
#2030 = DIRECTION('',(1.,1.110223024625E-16,0.));
#2031 = DIRECTION('',(2.650742289049E-32,-2.387576397043E-16,1.));
#2032 = ORIENTED_EDGE('',*,*,#2033,.T.);
#2033 = EDGE_CURVE('',#2025,#2034,#2036,.T.);
#2034 = VERTEX_POINT('',#2035);
#2035 = CARTESIAN_POINT('',(0.625,-1.854120896995,0.224147931808));
#2036 = LINE('',#2037,#2038);
#2037 = CARTESIAN_POINT('',(0.625,-1.820021584374,0.451436600654));
#2038 = VECTOR('',#2039,1.);
#2039 = DIRECTION('',(1.647193900438E-17,-0.148366036724,-0.988932514961
    ));
#2040 = ORIENTED_EDGE('',*,*,#2041,.T.);
#2041 = EDGE_CURVE('',#2034,#2042,#2044,.T.);
#2042 = VERTEX_POINT('',#2043);
#2043 = CARTESIAN_POINT('',(0.625,-2.12125,-1.110223024625E-16));
#2044 = CIRCLE('',#2045,0.27125);
#2045 = AXIS2_PLACEMENT_3D('',#2046,#2047,#2048);
#2046 = CARTESIAN_POINT('',(0.625,-2.12125,0.27125));
#2047 = DIRECTION('',(-1.,-1.110223024625E-16,0.));
#2048 = DIRECTION('',(-1.093356242224E-16,0.984807753012,-0.173648177667
    ));
#2049 = ORIENTED_EDGE('',*,*,#2050,.T.);
#2050 = EDGE_CURVE('',#2042,#2051,#2053,.T.);
#2051 = VERTEX_POINT('',#2052);
#2052 = CARTESIAN_POINT('',(0.625,-2.45,-1.110223024625E-16));
#2053 = LINE('',#2054,#2055);
#2054 = CARTESIAN_POINT('',(0.625,-2.12125,-1.110223024625E-16));
#2055 = VECTOR('',#2056,1.);
#2056 = DIRECTION('',(1.110223024625E-16,-1.,0.));
#2057 = ORIENTED_EDGE('',*,*,#2058,.T.);
#2058 = EDGE_CURVE('',#2051,#2059,#2061,.T.);
#2059 = VERTEX_POINT('',#2060);
#2060 = CARTESIAN_POINT('',(0.625,-2.45,0.155));
#2061 = LINE('',#2062,#2063);
#2062 = CARTESIAN_POINT('',(0.625,-2.45,-1.110223024625E-16));
#2063 = VECTOR('',#2064,1.);
#2064 = DIRECTION('',(0.,0.,1.));
#2065 = ORIENTED_EDGE('',*,*,#2066,.T.);
#2066 = EDGE_CURVE('',#2059,#2067,#2069,.T.);
#2067 = VERTEX_POINT('',#2068);
#2068 = CARTESIAN_POINT('',(0.625,-2.12125,0.155));
#2069 = LINE('',#2070,#2071);
#2070 = CARTESIAN_POINT('',(0.625,-2.45,0.155));
#2071 = VECTOR('',#2072,1.);
#2072 = DIRECTION('',(-1.110223024625E-16,1.,0.));
#2073 = ORIENTED_EDGE('',*,*,#2074,.T.);
#2074 = EDGE_CURVE('',#2067,#2075,#2077,.T.);
#2075 = VERTEX_POINT('',#2076);
#2076 = CARTESIAN_POINT('',(0.625,-2.006766098712,0.251063399346));
#2077 = CIRCLE('',#2078,0.11625);
#2078 = AXIS2_PLACEMENT_3D('',#2079,#2080,#2081);
#2079 = CARTESIAN_POINT('',(0.625,-2.12125,0.27125));
#2080 = DIRECTION('',(1.,1.110223024625E-16,0.));
#2081 = DIRECTION('',(-1.06029691562E-31,9.550305588173E-16,-1.));
#2082 = ORIENTED_EDGE('',*,*,#2083,.T.);
#2083 = EDGE_CURVE('',#2075,#2084,#2086,.T.);
#2084 = VERTEX_POINT('',#2085);
#2085 = CARTESIAN_POINT('',(0.625,-1.972666786091,0.478352068192));
#2086 = LINE('',#2087,#2088);
#2087 = CARTESIAN_POINT('',(0.625,-2.006766098712,0.251063399346));
#2088 = VECTOR('',#2089,1.);
#2089 = DIRECTION('',(-1.647193900438E-17,0.148366036724,0.988932514961)
  );
#2090 = ORIENTED_EDGE('',*,*,#2091,.T.);
#2091 = EDGE_CURVE('',#2084,#2092,#2094,.T.);
#2092 = VERTEX_POINT('',#2093);
#2093 = CARTESIAN_POINT('',(0.625,-1.705537683087,0.7025));
#2094 = CIRCLE('',#2095,0.27125);
#2095 = AXIS2_PLACEMENT_3D('',#2096,#2097,#2098);
#2096 = CARTESIAN_POINT('',(0.625,-1.705537683087,0.43125));
#2097 = DIRECTION('',(-1.,-1.110223024625E-16,0.));
#2098 = DIRECTION('',(1.093356242224E-16,-0.984807753012,0.173648177667)
  );
#2099 = ORIENTED_EDGE('',*,*,#2100,.T.);
#2100 = EDGE_CURVE('',#2092,#665,#2101,.T.);
#2101 = LINE('',#2102,#2103);
#2102 = CARTESIAN_POINT('',(0.625,-1.705537683087,0.7025));
#2103 = VECTOR('',#2104,1.);
#2104 = DIRECTION('',(-1.110223024625E-16,1.,0.));
#2105 = PLANE('',#2106);
#2106 = AXIS2_PLACEMENT_3D('',#2107,#2108,#2109);
#2107 = CARTESIAN_POINT('',(0.625,-1.92238593548,0.347164380556));
#2108 = DIRECTION('',(-1.,-1.110223024625E-16,0.));
#2109 = DIRECTION('',(0.,0.,1.));
#2110 = ADVANCED_FACE('',(#2111),#2130,.F.);
#2111 = FACE_BOUND('',#2112,.F.);
#2112 = EDGE_LOOP('',(#2113,#2114,#2123,#2129));
#2113 = ORIENTED_EDGE('',*,*,#703,.T.);
#2114 = ORIENTED_EDGE('',*,*,#2115,.T.);
#2115 = EDGE_CURVE('',#696,#2116,#2118,.T.);
#2116 = VERTEX_POINT('',#2117);
#2117 = CARTESIAN_POINT('',(0.375,-1.820021584374,0.451436600654));
#2118 = CIRCLE('',#2119,0.11625);
#2119 = AXIS2_PLACEMENT_3D('',#2120,#2121,#2122);
#2120 = CARTESIAN_POINT('',(0.375,-1.705537683087,0.43125));
#2121 = DIRECTION('',(1.,1.110223024625E-16,0.));
#2122 = DIRECTION('',(2.650742289049E-32,-2.387576397043E-16,1.));
#2123 = ORIENTED_EDGE('',*,*,#2124,.F.);
#2124 = EDGE_CURVE('',#2025,#2116,#2125,.T.);
#2125 = LINE('',#2126,#2127);
#2126 = CARTESIAN_POINT('',(0.625,-1.820021584374,0.451436600654));
#2127 = VECTOR('',#2128,1.);
#2128 = DIRECTION('',(-1.,-1.110223024625E-16,0.));
#2129 = ORIENTED_EDGE('',*,*,#2024,.F.);
#2130 = CYLINDRICAL_SURFACE('',#2131,0.11625);
#2131 = AXIS2_PLACEMENT_3D('',#2132,#2133,#2134);
#2132 = CARTESIAN_POINT('',(0.625,-1.705537683087,0.43125));
#2133 = DIRECTION('',(1.,1.110223024625E-16,0.));
#2134 = DIRECTION('',(2.650742289049E-32,-2.387576397043E-16,1.));
#2135 = ADVANCED_FACE('',(#2136),#2214,.T.);
#2136 = FACE_BOUND('',#2137,.T.);
#2137 = EDGE_LOOP('',(#2138,#2139,#2140,#2141,#2149,#2158,#2166,#2174,
    #2182,#2191,#2199,#2208));
#2138 = ORIENTED_EDGE('',*,*,#717,.F.);
#2139 = ORIENTED_EDGE('',*,*,#695,.T.);
#2140 = ORIENTED_EDGE('',*,*,#2115,.T.);
#2141 = ORIENTED_EDGE('',*,*,#2142,.T.);
#2142 = EDGE_CURVE('',#2116,#2143,#2145,.T.);
#2143 = VERTEX_POINT('',#2144);
#2144 = CARTESIAN_POINT('',(0.375,-1.854120896995,0.224147931808));
#2145 = LINE('',#2146,#2147);
#2146 = CARTESIAN_POINT('',(0.375,-1.820021584374,0.451436600654));
#2147 = VECTOR('',#2148,1.);
#2148 = DIRECTION('',(1.647193900438E-17,-0.148366036724,-0.988932514961
    ));
#2149 = ORIENTED_EDGE('',*,*,#2150,.T.);
#2150 = EDGE_CURVE('',#2143,#2151,#2153,.T.);
#2151 = VERTEX_POINT('',#2152);
#2152 = CARTESIAN_POINT('',(0.375,-2.12125,-1.110223024625E-16));
#2153 = CIRCLE('',#2154,0.27125);
#2154 = AXIS2_PLACEMENT_3D('',#2155,#2156,#2157);
#2155 = CARTESIAN_POINT('',(0.375,-2.12125,0.27125));
#2156 = DIRECTION('',(-1.,-1.110223024625E-16,0.));
#2157 = DIRECTION('',(-1.093356242224E-16,0.984807753012,-0.173648177667
    ));
#2158 = ORIENTED_EDGE('',*,*,#2159,.T.);
#2159 = EDGE_CURVE('',#2151,#2160,#2162,.T.);
#2160 = VERTEX_POINT('',#2161);
#2161 = CARTESIAN_POINT('',(0.375,-2.45,-1.110223024625E-16));
#2162 = LINE('',#2163,#2164);
#2163 = CARTESIAN_POINT('',(0.375,-2.12125,-1.110223024625E-16));
#2164 = VECTOR('',#2165,1.);
#2165 = DIRECTION('',(1.110223024625E-16,-1.,0.));
#2166 = ORIENTED_EDGE('',*,*,#2167,.T.);
#2167 = EDGE_CURVE('',#2160,#2168,#2170,.T.);
#2168 = VERTEX_POINT('',#2169);
#2169 = CARTESIAN_POINT('',(0.375,-2.45,0.155));
#2170 = LINE('',#2171,#2172);
#2171 = CARTESIAN_POINT('',(0.375,-2.45,-1.110223024625E-16));
#2172 = VECTOR('',#2173,1.);
#2173 = DIRECTION('',(0.,0.,1.));
#2174 = ORIENTED_EDGE('',*,*,#2175,.T.);
#2175 = EDGE_CURVE('',#2168,#2176,#2178,.T.);
#2176 = VERTEX_POINT('',#2177);
#2177 = CARTESIAN_POINT('',(0.375,-2.12125,0.155));
#2178 = LINE('',#2179,#2180);
#2179 = CARTESIAN_POINT('',(0.375,-2.45,0.155));
#2180 = VECTOR('',#2181,1.);
#2181 = DIRECTION('',(-1.110223024625E-16,1.,0.));
#2182 = ORIENTED_EDGE('',*,*,#2183,.T.);
#2183 = EDGE_CURVE('',#2176,#2184,#2186,.T.);
#2184 = VERTEX_POINT('',#2185);
#2185 = CARTESIAN_POINT('',(0.375,-2.006766098712,0.251063399346));
#2186 = CIRCLE('',#2187,0.11625);
#2187 = AXIS2_PLACEMENT_3D('',#2188,#2189,#2190);
#2188 = CARTESIAN_POINT('',(0.375,-2.12125,0.27125));
#2189 = DIRECTION('',(1.,1.110223024625E-16,0.));
#2190 = DIRECTION('',(-1.06029691562E-31,9.550305588173E-16,-1.));
#2191 = ORIENTED_EDGE('',*,*,#2192,.T.);
#2192 = EDGE_CURVE('',#2184,#2193,#2195,.T.);
#2193 = VERTEX_POINT('',#2194);
#2194 = CARTESIAN_POINT('',(0.375,-1.972666786091,0.478352068192));
#2195 = LINE('',#2196,#2197);
#2196 = CARTESIAN_POINT('',(0.375,-2.006766098712,0.251063399346));
#2197 = VECTOR('',#2198,1.);
#2198 = DIRECTION('',(-1.647193900438E-17,0.148366036724,0.988932514961)
  );
#2199 = ORIENTED_EDGE('',*,*,#2200,.T.);
#2200 = EDGE_CURVE('',#2193,#2201,#2203,.T.);
#2201 = VERTEX_POINT('',#2202);
#2202 = CARTESIAN_POINT('',(0.375,-1.705537683087,0.7025));
#2203 = CIRCLE('',#2204,0.27125);
#2204 = AXIS2_PLACEMENT_3D('',#2205,#2206,#2207);
#2205 = CARTESIAN_POINT('',(0.375,-1.705537683087,0.43125));
#2206 = DIRECTION('',(-1.,-1.110223024625E-16,0.));
#2207 = DIRECTION('',(1.093356242224E-16,-0.984807753012,0.173648177667)
  );
#2208 = ORIENTED_EDGE('',*,*,#2209,.T.);
#2209 = EDGE_CURVE('',#2201,#718,#2210,.T.);
#2210 = LINE('',#2211,#2212);
#2211 = CARTESIAN_POINT('',(0.375,-1.705537683087,0.7025));
#2212 = VECTOR('',#2213,1.);
#2213 = DIRECTION('',(-1.110223024625E-16,1.,0.));
#2214 = PLANE('',#2215);
#2215 = AXIS2_PLACEMENT_3D('',#2216,#2217,#2218);
#2216 = CARTESIAN_POINT('',(0.375,-1.92238593548,0.347164380556));
#2217 = DIRECTION('',(-1.,-1.110223024625E-16,0.));
#2218 = DIRECTION('',(0.,0.,1.));
#2219 = ADVANCED_FACE('',(#2220),#2236,.F.);
#2220 = FACE_BOUND('',#2221,.F.);
#2221 = EDGE_LOOP('',(#2222,#2223,#2229,#2230));
#2222 = ORIENTED_EDGE('',*,*,#734,.T.);
#2223 = ORIENTED_EDGE('',*,*,#2224,.T.);
#2224 = EDGE_CURVE('',#727,#1388,#2225,.T.);
#2225 = LINE('',#2226,#2227);
#2226 = CARTESIAN_POINT('',(0.125,-1.705537683087,0.7025));
#2227 = VECTOR('',#2228,1.);
#2228 = DIRECTION('',(-1.110223024625E-16,1.,0.));
#2229 = ORIENTED_EDGE('',*,*,#1387,.F.);
#2230 = ORIENTED_EDGE('',*,*,#2231,.F.);
#2231 = EDGE_CURVE('',#718,#1380,#2232,.T.);
#2232 = LINE('',#2233,#2234);
#2233 = CARTESIAN_POINT('',(0.375,-1.705537683087,0.7025));
#2234 = VECTOR('',#2235,1.);
#2235 = DIRECTION('',(-1.110223024625E-16,1.,0.));
#2236 = PLANE('',#2237);
#2237 = AXIS2_PLACEMENT_3D('',#2238,#2239,#2240);
#2238 = CARTESIAN_POINT('',(-1.38125,-1.38125,0.7025));
#2239 = DIRECTION('',(2.591993990471E-15,2.497292822135E-15,-1.));
#2240 = DIRECTION('',(-0.707106781187,0.707106781187,-6.696383831667E-17
    ));
#2241 = ADVANCED_FACE('',(#2242),#2328,.F.);
#2242 = FACE_BOUND('',#2243,.F.);
#2243 = EDGE_LOOP('',(#2244,#2245,#2246,#2255,#2263,#2272,#2280,#2288,
    #2296,#2305,#2313,#2322));
#2244 = ORIENTED_EDGE('',*,*,#726,.F.);
#2245 = ORIENTED_EDGE('',*,*,#748,.T.);
#2246 = ORIENTED_EDGE('',*,*,#2247,.T.);
#2247 = EDGE_CURVE('',#749,#2248,#2250,.T.);
#2248 = VERTEX_POINT('',#2249);
#2249 = CARTESIAN_POINT('',(0.125,-1.820021584374,0.451436600654));
#2250 = CIRCLE('',#2251,0.11625);
#2251 = AXIS2_PLACEMENT_3D('',#2252,#2253,#2254);
#2252 = CARTESIAN_POINT('',(0.125,-1.705537683087,0.43125));
#2253 = DIRECTION('',(1.,1.110223024625E-16,0.));
#2254 = DIRECTION('',(2.650742289049E-32,-2.387576397043E-16,1.));
#2255 = ORIENTED_EDGE('',*,*,#2256,.T.);
#2256 = EDGE_CURVE('',#2248,#2257,#2259,.T.);
#2257 = VERTEX_POINT('',#2258);
#2258 = CARTESIAN_POINT('',(0.125,-1.854120896995,0.224147931808));
#2259 = LINE('',#2260,#2261);
#2260 = CARTESIAN_POINT('',(0.125,-1.820021584374,0.451436600654));
#2261 = VECTOR('',#2262,1.);
#2262 = DIRECTION('',(1.647193900438E-17,-0.148366036724,-0.988932514961
    ));
#2263 = ORIENTED_EDGE('',*,*,#2264,.T.);
#2264 = EDGE_CURVE('',#2257,#2265,#2267,.T.);
#2265 = VERTEX_POINT('',#2266);
#2266 = CARTESIAN_POINT('',(0.125,-2.12125,-1.110223024625E-16));
#2267 = CIRCLE('',#2268,0.27125);
#2268 = AXIS2_PLACEMENT_3D('',#2269,#2270,#2271);
#2269 = CARTESIAN_POINT('',(0.125,-2.12125,0.27125));
#2270 = DIRECTION('',(-1.,-1.110223024625E-16,0.));
#2271 = DIRECTION('',(-1.093356242224E-16,0.984807753012,-0.173648177667
    ));
#2272 = ORIENTED_EDGE('',*,*,#2273,.T.);
#2273 = EDGE_CURVE('',#2265,#2274,#2276,.T.);
#2274 = VERTEX_POINT('',#2275);
#2275 = CARTESIAN_POINT('',(0.125,-2.45,-1.110223024625E-16));
#2276 = LINE('',#2277,#2278);
#2277 = CARTESIAN_POINT('',(0.125,-2.12125,-1.110223024625E-16));
#2278 = VECTOR('',#2279,1.);
#2279 = DIRECTION('',(1.110223024625E-16,-1.,0.));
#2280 = ORIENTED_EDGE('',*,*,#2281,.T.);
#2281 = EDGE_CURVE('',#2274,#2282,#2284,.T.);
#2282 = VERTEX_POINT('',#2283);
#2283 = CARTESIAN_POINT('',(0.125,-2.45,0.155));
#2284 = LINE('',#2285,#2286);
#2285 = CARTESIAN_POINT('',(0.125,-2.45,-1.110223024625E-16));
#2286 = VECTOR('',#2287,1.);
#2287 = DIRECTION('',(0.,0.,1.));
#2288 = ORIENTED_EDGE('',*,*,#2289,.T.);
#2289 = EDGE_CURVE('',#2282,#2290,#2292,.T.);
#2290 = VERTEX_POINT('',#2291);
#2291 = CARTESIAN_POINT('',(0.125,-2.12125,0.155));
#2292 = LINE('',#2293,#2294);
#2293 = CARTESIAN_POINT('',(0.125,-2.45,0.155));
#2294 = VECTOR('',#2295,1.);
#2295 = DIRECTION('',(-1.110223024625E-16,1.,0.));
#2296 = ORIENTED_EDGE('',*,*,#2297,.T.);
#2297 = EDGE_CURVE('',#2290,#2298,#2300,.T.);
#2298 = VERTEX_POINT('',#2299);
#2299 = CARTESIAN_POINT('',(0.125,-2.006766098712,0.251063399346));
#2300 = CIRCLE('',#2301,0.11625);
#2301 = AXIS2_PLACEMENT_3D('',#2302,#2303,#2304);
#2302 = CARTESIAN_POINT('',(0.125,-2.12125,0.27125));
#2303 = DIRECTION('',(1.,1.110223024625E-16,0.));
#2304 = DIRECTION('',(-1.06029691562E-31,9.550305588173E-16,-1.));
#2305 = ORIENTED_EDGE('',*,*,#2306,.T.);
#2306 = EDGE_CURVE('',#2298,#2307,#2309,.T.);
#2307 = VERTEX_POINT('',#2308);
#2308 = CARTESIAN_POINT('',(0.125,-1.972666786091,0.478352068192));
#2309 = LINE('',#2310,#2311);
#2310 = CARTESIAN_POINT('',(0.125,-2.006766098712,0.251063399346));
#2311 = VECTOR('',#2312,1.);
#2312 = DIRECTION('',(-1.647193900438E-17,0.148366036724,0.988932514961)
  );
#2313 = ORIENTED_EDGE('',*,*,#2314,.T.);
#2314 = EDGE_CURVE('',#2307,#2315,#2317,.T.);
#2315 = VERTEX_POINT('',#2316);
#2316 = CARTESIAN_POINT('',(0.125,-1.705537683087,0.7025));
#2317 = CIRCLE('',#2318,0.27125);
#2318 = AXIS2_PLACEMENT_3D('',#2319,#2320,#2321);
#2319 = CARTESIAN_POINT('',(0.125,-1.705537683087,0.43125));
#2320 = DIRECTION('',(-1.,-1.110223024625E-16,0.));
#2321 = DIRECTION('',(1.093356242224E-16,-0.984807753012,0.173648177667)
  );
#2322 = ORIENTED_EDGE('',*,*,#2323,.T.);
#2323 = EDGE_CURVE('',#2315,#727,#2324,.T.);
#2324 = LINE('',#2325,#2326);
#2325 = CARTESIAN_POINT('',(0.125,-1.705537683087,0.7025));
#2326 = VECTOR('',#2327,1.);
#2327 = DIRECTION('',(-1.110223024625E-16,1.,0.));
#2328 = PLANE('',#2329);
#2329 = AXIS2_PLACEMENT_3D('',#2330,#2331,#2332);
#2330 = CARTESIAN_POINT('',(0.125,-1.92238593548,0.347164380556));
#2331 = DIRECTION('',(-1.,-1.110223024625E-16,0.));
#2332 = DIRECTION('',(0.,0.,1.));
#2333 = ADVANCED_FACE('',(#2334),#2353,.F.);
#2334 = FACE_BOUND('',#2335,.F.);
#2335 = EDGE_LOOP('',(#2336,#2337,#2346,#2352));
#2336 = ORIENTED_EDGE('',*,*,#765,.T.);
#2337 = ORIENTED_EDGE('',*,*,#2338,.T.);
#2338 = EDGE_CURVE('',#758,#2339,#2341,.T.);
#2339 = VERTEX_POINT('',#2340);
#2340 = CARTESIAN_POINT('',(-0.125,-1.820021584374,0.451436600654));
#2341 = CIRCLE('',#2342,0.11625);
#2342 = AXIS2_PLACEMENT_3D('',#2343,#2344,#2345);
#2343 = CARTESIAN_POINT('',(-0.125,-1.705537683087,0.43125));
#2344 = DIRECTION('',(1.,1.110223024625E-16,0.));
#2345 = DIRECTION('',(2.650742289049E-32,-2.387576397043E-16,1.));
#2346 = ORIENTED_EDGE('',*,*,#2347,.F.);
#2347 = EDGE_CURVE('',#2248,#2339,#2348,.T.);
#2348 = LINE('',#2349,#2350);
#2349 = CARTESIAN_POINT('',(0.125,-1.820021584374,0.451436600654));
#2350 = VECTOR('',#2351,1.);
#2351 = DIRECTION('',(-1.,-1.110223024625E-16,0.));
#2352 = ORIENTED_EDGE('',*,*,#2247,.F.);
#2353 = CYLINDRICAL_SURFACE('',#2354,0.11625);
#2354 = AXIS2_PLACEMENT_3D('',#2355,#2356,#2357);
#2355 = CARTESIAN_POINT('',(0.125,-1.705537683087,0.43125));
#2356 = DIRECTION('',(1.,1.110223024625E-16,0.));
#2357 = DIRECTION('',(2.650742289049E-32,-2.387576397043E-16,1.));
#2358 = ADVANCED_FACE('',(#2359),#2437,.T.);
#2359 = FACE_BOUND('',#2360,.T.);
#2360 = EDGE_LOOP('',(#2361,#2362,#2363,#2364,#2372,#2381,#2389,#2397,
    #2405,#2414,#2422,#2431));
#2361 = ORIENTED_EDGE('',*,*,#779,.F.);
#2362 = ORIENTED_EDGE('',*,*,#757,.T.);
#2363 = ORIENTED_EDGE('',*,*,#2338,.T.);
#2364 = ORIENTED_EDGE('',*,*,#2365,.T.);
#2365 = EDGE_CURVE('',#2339,#2366,#2368,.T.);
#2366 = VERTEX_POINT('',#2367);
#2367 = CARTESIAN_POINT('',(-0.125,-1.854120896995,0.224147931808));
#2368 = LINE('',#2369,#2370);
#2369 = CARTESIAN_POINT('',(-0.125,-1.820021584374,0.451436600654));
#2370 = VECTOR('',#2371,1.);
#2371 = DIRECTION('',(1.647193900438E-17,-0.148366036724,-0.988932514961
    ));
#2372 = ORIENTED_EDGE('',*,*,#2373,.T.);
#2373 = EDGE_CURVE('',#2366,#2374,#2376,.T.);
#2374 = VERTEX_POINT('',#2375);
#2375 = CARTESIAN_POINT('',(-0.125,-2.12125,-1.110223024625E-16));
#2376 = CIRCLE('',#2377,0.27125);
#2377 = AXIS2_PLACEMENT_3D('',#2378,#2379,#2380);
#2378 = CARTESIAN_POINT('',(-0.125,-2.12125,0.27125));
#2379 = DIRECTION('',(-1.,-1.110223024625E-16,0.));
#2380 = DIRECTION('',(-1.093356242224E-16,0.984807753012,-0.173648177667
    ));
#2381 = ORIENTED_EDGE('',*,*,#2382,.T.);
#2382 = EDGE_CURVE('',#2374,#2383,#2385,.T.);
#2383 = VERTEX_POINT('',#2384);
#2384 = CARTESIAN_POINT('',(-0.125,-2.45,-1.110223024625E-16));
#2385 = LINE('',#2386,#2387);
#2386 = CARTESIAN_POINT('',(-0.125,-2.12125,-1.110223024625E-16));
#2387 = VECTOR('',#2388,1.);
#2388 = DIRECTION('',(1.110223024625E-16,-1.,0.));
#2389 = ORIENTED_EDGE('',*,*,#2390,.T.);
#2390 = EDGE_CURVE('',#2383,#2391,#2393,.T.);
#2391 = VERTEX_POINT('',#2392);
#2392 = CARTESIAN_POINT('',(-0.125,-2.45,0.155));
#2393 = LINE('',#2394,#2395);
#2394 = CARTESIAN_POINT('',(-0.125,-2.45,-1.110223024625E-16));
#2395 = VECTOR('',#2396,1.);
#2396 = DIRECTION('',(0.,0.,1.));
#2397 = ORIENTED_EDGE('',*,*,#2398,.T.);
#2398 = EDGE_CURVE('',#2391,#2399,#2401,.T.);
#2399 = VERTEX_POINT('',#2400);
#2400 = CARTESIAN_POINT('',(-0.125,-2.12125,0.155));
#2401 = LINE('',#2402,#2403);
#2402 = CARTESIAN_POINT('',(-0.125,-2.45,0.155));
#2403 = VECTOR('',#2404,1.);
#2404 = DIRECTION('',(-1.110223024625E-16,1.,0.));
#2405 = ORIENTED_EDGE('',*,*,#2406,.T.);
#2406 = EDGE_CURVE('',#2399,#2407,#2409,.T.);
#2407 = VERTEX_POINT('',#2408);
#2408 = CARTESIAN_POINT('',(-0.125,-2.006766098712,0.251063399346));
#2409 = CIRCLE('',#2410,0.11625);
#2410 = AXIS2_PLACEMENT_3D('',#2411,#2412,#2413);
#2411 = CARTESIAN_POINT('',(-0.125,-2.12125,0.27125));
#2412 = DIRECTION('',(1.,1.110223024625E-16,0.));
#2413 = DIRECTION('',(-1.06029691562E-31,9.550305588173E-16,-1.));
#2414 = ORIENTED_EDGE('',*,*,#2415,.T.);
#2415 = EDGE_CURVE('',#2407,#2416,#2418,.T.);
#2416 = VERTEX_POINT('',#2417);
#2417 = CARTESIAN_POINT('',(-0.125,-1.972666786091,0.478352068192));
#2418 = LINE('',#2419,#2420);
#2419 = CARTESIAN_POINT('',(-0.125,-2.006766098712,0.251063399346));
#2420 = VECTOR('',#2421,1.);
#2421 = DIRECTION('',(-1.647193900438E-17,0.148366036724,0.988932514961)
  );
#2422 = ORIENTED_EDGE('',*,*,#2423,.T.);
#2423 = EDGE_CURVE('',#2416,#2424,#2426,.T.);
#2424 = VERTEX_POINT('',#2425);
#2425 = CARTESIAN_POINT('',(-0.125,-1.705537683087,0.7025));
#2426 = CIRCLE('',#2427,0.27125);
#2427 = AXIS2_PLACEMENT_3D('',#2428,#2429,#2430);
#2428 = CARTESIAN_POINT('',(-0.125,-1.705537683087,0.43125));
#2429 = DIRECTION('',(-1.,-1.110223024625E-16,0.));
#2430 = DIRECTION('',(1.093356242224E-16,-0.984807753012,0.173648177667)
  );
#2431 = ORIENTED_EDGE('',*,*,#2432,.T.);
#2432 = EDGE_CURVE('',#2424,#780,#2433,.T.);
#2433 = LINE('',#2434,#2435);
#2434 = CARTESIAN_POINT('',(-0.125,-1.705537683087,0.7025));
#2435 = VECTOR('',#2436,1.);
#2436 = DIRECTION('',(-1.110223024625E-16,1.,0.));
#2437 = PLANE('',#2438);
#2438 = AXIS2_PLACEMENT_3D('',#2439,#2440,#2441);
#2439 = CARTESIAN_POINT('',(-0.125,-1.92238593548,0.347164380556));
#2440 = DIRECTION('',(-1.,-1.110223024625E-16,0.));
#2441 = DIRECTION('',(0.,0.,1.));
#2442 = ADVANCED_FACE('',(#2443),#2459,.F.);
#2443 = FACE_BOUND('',#2444,.F.);
#2444 = EDGE_LOOP('',(#2445,#2446,#2452,#2453));
#2445 = ORIENTED_EDGE('',*,*,#796,.T.);
#2446 = ORIENTED_EDGE('',*,*,#2447,.T.);
#2447 = EDGE_CURVE('',#789,#1404,#2448,.T.);
#2448 = LINE('',#2449,#2450);
#2449 = CARTESIAN_POINT('',(-0.375,-1.705537683087,0.7025));
#2450 = VECTOR('',#2451,1.);
#2451 = DIRECTION('',(-1.110223024625E-16,1.,0.));
#2452 = ORIENTED_EDGE('',*,*,#1403,.F.);
#2453 = ORIENTED_EDGE('',*,*,#2454,.F.);
#2454 = EDGE_CURVE('',#780,#1396,#2455,.T.);
#2455 = LINE('',#2456,#2457);
#2456 = CARTESIAN_POINT('',(-0.125,-1.705537683087,0.7025));
#2457 = VECTOR('',#2458,1.);
#2458 = DIRECTION('',(-1.110223024625E-16,1.,0.));
#2459 = PLANE('',#2460);
#2460 = AXIS2_PLACEMENT_3D('',#2461,#2462,#2463);
#2461 = CARTESIAN_POINT('',(-1.38125,-1.38125,0.7025));
#2462 = DIRECTION('',(2.591993990471E-15,2.497292822135E-15,-1.));
#2463 = DIRECTION('',(-0.707106781187,0.707106781187,-6.696383831667E-17
    ));
#2464 = ADVANCED_FACE('',(#2465),#2551,.F.);
#2465 = FACE_BOUND('',#2466,.F.);
#2466 = EDGE_LOOP('',(#2467,#2468,#2469,#2478,#2486,#2495,#2503,#2511,
    #2519,#2528,#2536,#2545));
#2467 = ORIENTED_EDGE('',*,*,#788,.F.);
#2468 = ORIENTED_EDGE('',*,*,#810,.T.);
#2469 = ORIENTED_EDGE('',*,*,#2470,.T.);
#2470 = EDGE_CURVE('',#811,#2471,#2473,.T.);
#2471 = VERTEX_POINT('',#2472);
#2472 = CARTESIAN_POINT('',(-0.375,-1.820021584374,0.451436600654));
#2473 = CIRCLE('',#2474,0.11625);
#2474 = AXIS2_PLACEMENT_3D('',#2475,#2476,#2477);
#2475 = CARTESIAN_POINT('',(-0.375,-1.705537683087,0.43125));
#2476 = DIRECTION('',(1.,1.110223024625E-16,0.));
#2477 = DIRECTION('',(2.650742289049E-32,-2.387576397043E-16,1.));
#2478 = ORIENTED_EDGE('',*,*,#2479,.T.);
#2479 = EDGE_CURVE('',#2471,#2480,#2482,.T.);
#2480 = VERTEX_POINT('',#2481);
#2481 = CARTESIAN_POINT('',(-0.375,-1.854120896995,0.224147931808));
#2482 = LINE('',#2483,#2484);
#2483 = CARTESIAN_POINT('',(-0.375,-1.820021584374,0.451436600654));
#2484 = VECTOR('',#2485,1.);
#2485 = DIRECTION('',(1.647193900438E-17,-0.148366036724,-0.988932514961
    ));
#2486 = ORIENTED_EDGE('',*,*,#2487,.T.);
#2487 = EDGE_CURVE('',#2480,#2488,#2490,.T.);
#2488 = VERTEX_POINT('',#2489);
#2489 = CARTESIAN_POINT('',(-0.375,-2.12125,-1.110223024625E-16));
#2490 = CIRCLE('',#2491,0.27125);
#2491 = AXIS2_PLACEMENT_3D('',#2492,#2493,#2494);
#2492 = CARTESIAN_POINT('',(-0.375,-2.12125,0.27125));
#2493 = DIRECTION('',(-1.,-1.110223024625E-16,0.));
#2494 = DIRECTION('',(-1.093356242224E-16,0.984807753012,-0.173648177667
    ));
#2495 = ORIENTED_EDGE('',*,*,#2496,.T.);
#2496 = EDGE_CURVE('',#2488,#2497,#2499,.T.);
#2497 = VERTEX_POINT('',#2498);
#2498 = CARTESIAN_POINT('',(-0.375,-2.45,-1.110223024625E-16));
#2499 = LINE('',#2500,#2501);
#2500 = CARTESIAN_POINT('',(-0.375,-2.12125,-1.110223024625E-16));
#2501 = VECTOR('',#2502,1.);
#2502 = DIRECTION('',(1.110223024625E-16,-1.,0.));
#2503 = ORIENTED_EDGE('',*,*,#2504,.T.);
#2504 = EDGE_CURVE('',#2497,#2505,#2507,.T.);
#2505 = VERTEX_POINT('',#2506);
#2506 = CARTESIAN_POINT('',(-0.375,-2.45,0.155));
#2507 = LINE('',#2508,#2509);
#2508 = CARTESIAN_POINT('',(-0.375,-2.45,-1.110223024625E-16));
#2509 = VECTOR('',#2510,1.);
#2510 = DIRECTION('',(0.,0.,1.));
#2511 = ORIENTED_EDGE('',*,*,#2512,.T.);
#2512 = EDGE_CURVE('',#2505,#2513,#2515,.T.);
#2513 = VERTEX_POINT('',#2514);
#2514 = CARTESIAN_POINT('',(-0.375,-2.12125,0.155));
#2515 = LINE('',#2516,#2517);
#2516 = CARTESIAN_POINT('',(-0.375,-2.45,0.155));
#2517 = VECTOR('',#2518,1.);
#2518 = DIRECTION('',(-1.110223024625E-16,1.,0.));
#2519 = ORIENTED_EDGE('',*,*,#2520,.T.);
#2520 = EDGE_CURVE('',#2513,#2521,#2523,.T.);
#2521 = VERTEX_POINT('',#2522);
#2522 = CARTESIAN_POINT('',(-0.375,-2.006766098712,0.251063399346));
#2523 = CIRCLE('',#2524,0.11625);
#2524 = AXIS2_PLACEMENT_3D('',#2525,#2526,#2527);
#2525 = CARTESIAN_POINT('',(-0.375,-2.12125,0.27125));
#2526 = DIRECTION('',(1.,1.110223024625E-16,0.));
#2527 = DIRECTION('',(-1.06029691562E-31,9.550305588173E-16,-1.));
#2528 = ORIENTED_EDGE('',*,*,#2529,.T.);
#2529 = EDGE_CURVE('',#2521,#2530,#2532,.T.);
#2530 = VERTEX_POINT('',#2531);
#2531 = CARTESIAN_POINT('',(-0.375,-1.972666786091,0.478352068192));
#2532 = LINE('',#2533,#2534);
#2533 = CARTESIAN_POINT('',(-0.375,-2.006766098712,0.251063399346));
#2534 = VECTOR('',#2535,1.);
#2535 = DIRECTION('',(-1.647193900438E-17,0.148366036724,0.988932514961)
  );
#2536 = ORIENTED_EDGE('',*,*,#2537,.T.);
#2537 = EDGE_CURVE('',#2530,#2538,#2540,.T.);
#2538 = VERTEX_POINT('',#2539);
#2539 = CARTESIAN_POINT('',(-0.375,-1.705537683087,0.7025));
#2540 = CIRCLE('',#2541,0.27125);
#2541 = AXIS2_PLACEMENT_3D('',#2542,#2543,#2544);
#2542 = CARTESIAN_POINT('',(-0.375,-1.705537683087,0.43125));
#2543 = DIRECTION('',(-1.,-1.110223024625E-16,0.));
#2544 = DIRECTION('',(1.093356242224E-16,-0.984807753012,0.173648177667)
  );
#2545 = ORIENTED_EDGE('',*,*,#2546,.T.);
#2546 = EDGE_CURVE('',#2538,#789,#2547,.T.);
#2547 = LINE('',#2548,#2549);
#2548 = CARTESIAN_POINT('',(-0.375,-1.705537683087,0.7025));
#2549 = VECTOR('',#2550,1.);
#2550 = DIRECTION('',(-1.110223024625E-16,1.,0.));
#2551 = PLANE('',#2552);
#2552 = AXIS2_PLACEMENT_3D('',#2553,#2554,#2555);
#2553 = CARTESIAN_POINT('',(-0.375,-1.92238593548,0.347164380556));
#2554 = DIRECTION('',(-1.,-1.110223024625E-16,0.));
#2555 = DIRECTION('',(0.,0.,1.));
#2556 = ADVANCED_FACE('',(#2557),#2576,.F.);
#2557 = FACE_BOUND('',#2558,.F.);
#2558 = EDGE_LOOP('',(#2559,#2560,#2569,#2575));
#2559 = ORIENTED_EDGE('',*,*,#827,.T.);
#2560 = ORIENTED_EDGE('',*,*,#2561,.T.);
#2561 = EDGE_CURVE('',#820,#2562,#2564,.T.);
#2562 = VERTEX_POINT('',#2563);
#2563 = CARTESIAN_POINT('',(-0.625,-1.820021584374,0.451436600654));
#2564 = CIRCLE('',#2565,0.11625);
#2565 = AXIS2_PLACEMENT_3D('',#2566,#2567,#2568);
#2566 = CARTESIAN_POINT('',(-0.625,-1.705537683087,0.43125));
#2567 = DIRECTION('',(1.,1.110223024625E-16,0.));
#2568 = DIRECTION('',(2.650742289049E-32,-2.387576397043E-16,1.));
#2569 = ORIENTED_EDGE('',*,*,#2570,.F.);
#2570 = EDGE_CURVE('',#2471,#2562,#2571,.T.);
#2571 = LINE('',#2572,#2573);
#2572 = CARTESIAN_POINT('',(-0.375,-1.820021584374,0.451436600654));
#2573 = VECTOR('',#2574,1.);
#2574 = DIRECTION('',(-1.,-1.110223024625E-16,0.));
#2575 = ORIENTED_EDGE('',*,*,#2470,.F.);
#2576 = CYLINDRICAL_SURFACE('',#2577,0.11625);
#2577 = AXIS2_PLACEMENT_3D('',#2578,#2579,#2580);
#2578 = CARTESIAN_POINT('',(-0.375,-1.705537683087,0.43125));
#2579 = DIRECTION('',(1.,1.110223024625E-16,0.));
#2580 = DIRECTION('',(2.650742289049E-32,-2.387576397043E-16,1.));
#2581 = ADVANCED_FACE('',(#2582),#2660,.T.);
#2582 = FACE_BOUND('',#2583,.T.);
#2583 = EDGE_LOOP('',(#2584,#2585,#2586,#2587,#2595,#2604,#2612,#2620,
    #2628,#2637,#2645,#2654));
#2584 = ORIENTED_EDGE('',*,*,#841,.F.);
#2585 = ORIENTED_EDGE('',*,*,#819,.T.);
#2586 = ORIENTED_EDGE('',*,*,#2561,.T.);
#2587 = ORIENTED_EDGE('',*,*,#2588,.T.);
#2588 = EDGE_CURVE('',#2562,#2589,#2591,.T.);
#2589 = VERTEX_POINT('',#2590);
#2590 = CARTESIAN_POINT('',(-0.625,-1.854120896995,0.224147931808));
#2591 = LINE('',#2592,#2593);
#2592 = CARTESIAN_POINT('',(-0.625,-1.820021584374,0.451436600654));
#2593 = VECTOR('',#2594,1.);
#2594 = DIRECTION('',(1.647193900438E-17,-0.148366036724,-0.988932514961
    ));
#2595 = ORIENTED_EDGE('',*,*,#2596,.T.);
#2596 = EDGE_CURVE('',#2589,#2597,#2599,.T.);
#2597 = VERTEX_POINT('',#2598);
#2598 = CARTESIAN_POINT('',(-0.625,-2.12125,-1.110223024625E-16));
#2599 = CIRCLE('',#2600,0.27125);
#2600 = AXIS2_PLACEMENT_3D('',#2601,#2602,#2603);
#2601 = CARTESIAN_POINT('',(-0.625,-2.12125,0.27125));
#2602 = DIRECTION('',(-1.,-1.110223024625E-16,0.));
#2603 = DIRECTION('',(-1.093356242224E-16,0.984807753012,-0.173648177667
    ));
#2604 = ORIENTED_EDGE('',*,*,#2605,.T.);
#2605 = EDGE_CURVE('',#2597,#2606,#2608,.T.);
#2606 = VERTEX_POINT('',#2607);
#2607 = CARTESIAN_POINT('',(-0.625,-2.45,-1.110223024625E-16));
#2608 = LINE('',#2609,#2610);
#2609 = CARTESIAN_POINT('',(-0.625,-2.12125,-1.110223024625E-16));
#2610 = VECTOR('',#2611,1.);
#2611 = DIRECTION('',(1.110223024625E-16,-1.,0.));
#2612 = ORIENTED_EDGE('',*,*,#2613,.T.);
#2613 = EDGE_CURVE('',#2606,#2614,#2616,.T.);
#2614 = VERTEX_POINT('',#2615);
#2615 = CARTESIAN_POINT('',(-0.625,-2.45,0.155));
#2616 = LINE('',#2617,#2618);
#2617 = CARTESIAN_POINT('',(-0.625,-2.45,-1.110223024625E-16));
#2618 = VECTOR('',#2619,1.);
#2619 = DIRECTION('',(0.,0.,1.));
#2620 = ORIENTED_EDGE('',*,*,#2621,.T.);
#2621 = EDGE_CURVE('',#2614,#2622,#2624,.T.);
#2622 = VERTEX_POINT('',#2623);
#2623 = CARTESIAN_POINT('',(-0.625,-2.12125,0.155));
#2624 = LINE('',#2625,#2626);
#2625 = CARTESIAN_POINT('',(-0.625,-2.45,0.155));
#2626 = VECTOR('',#2627,1.);
#2627 = DIRECTION('',(-1.110223024625E-16,1.,0.));
#2628 = ORIENTED_EDGE('',*,*,#2629,.T.);
#2629 = EDGE_CURVE('',#2622,#2630,#2632,.T.);
#2630 = VERTEX_POINT('',#2631);
#2631 = CARTESIAN_POINT('',(-0.625,-2.006766098712,0.251063399346));
#2632 = CIRCLE('',#2633,0.11625);
#2633 = AXIS2_PLACEMENT_3D('',#2634,#2635,#2636);
#2634 = CARTESIAN_POINT('',(-0.625,-2.12125,0.27125));
#2635 = DIRECTION('',(1.,1.110223024625E-16,0.));
#2636 = DIRECTION('',(-1.06029691562E-31,9.550305588173E-16,-1.));
#2637 = ORIENTED_EDGE('',*,*,#2638,.T.);
#2638 = EDGE_CURVE('',#2630,#2639,#2641,.T.);
#2639 = VERTEX_POINT('',#2640);
#2640 = CARTESIAN_POINT('',(-0.625,-1.972666786091,0.478352068192));
#2641 = LINE('',#2642,#2643);
#2642 = CARTESIAN_POINT('',(-0.625,-2.006766098712,0.251063399346));
#2643 = VECTOR('',#2644,1.);
#2644 = DIRECTION('',(-1.647193900438E-17,0.148366036724,0.988932514961)
  );
#2645 = ORIENTED_EDGE('',*,*,#2646,.T.);
#2646 = EDGE_CURVE('',#2639,#2647,#2649,.T.);
#2647 = VERTEX_POINT('',#2648);
#2648 = CARTESIAN_POINT('',(-0.625,-1.705537683087,0.7025));
#2649 = CIRCLE('',#2650,0.27125);
#2650 = AXIS2_PLACEMENT_3D('',#2651,#2652,#2653);
#2651 = CARTESIAN_POINT('',(-0.625,-1.705537683087,0.43125));
#2652 = DIRECTION('',(-1.,-1.110223024625E-16,0.));
#2653 = DIRECTION('',(1.093356242224E-16,-0.984807753012,0.173648177667)
  );
#2654 = ORIENTED_EDGE('',*,*,#2655,.T.);
#2655 = EDGE_CURVE('',#2647,#842,#2656,.T.);
#2656 = LINE('',#2657,#2658);
#2657 = CARTESIAN_POINT('',(-0.625,-1.705537683087,0.7025));
#2658 = VECTOR('',#2659,1.);
#2659 = DIRECTION('',(-1.110223024625E-16,1.,0.));
#2660 = PLANE('',#2661);
#2661 = AXIS2_PLACEMENT_3D('',#2662,#2663,#2664);
#2662 = CARTESIAN_POINT('',(-0.625,-1.92238593548,0.347164380556));
#2663 = DIRECTION('',(-1.,-1.110223024625E-16,0.));
#2664 = DIRECTION('',(0.,0.,1.));
#2665 = ADVANCED_FACE('',(#2666),#2677,.F.);
#2666 = FACE_BOUND('',#2667,.F.);
#2667 = EDGE_LOOP('',(#2668,#2669,#2670,#2671));
#2668 = ORIENTED_EDGE('',*,*,#858,.T.);
#2669 = ORIENTED_EDGE('',*,*,#1339,.T.);
#2670 = ORIENTED_EDGE('',*,*,#1419,.F.);
#2671 = ORIENTED_EDGE('',*,*,#2672,.F.);
#2672 = EDGE_CURVE('',#842,#1412,#2673,.T.);
#2673 = LINE('',#2674,#2675);
#2674 = CARTESIAN_POINT('',(-0.625,-1.705537683087,0.7025));
#2675 = VECTOR('',#2676,1.);
#2676 = DIRECTION('',(-1.110223024625E-16,1.,0.));
#2677 = PLANE('',#2678);
#2678 = AXIS2_PLACEMENT_3D('',#2679,#2680,#2681);
#2679 = CARTESIAN_POINT('',(-1.38125,-1.38125,0.7025));
#2680 = DIRECTION('',(2.591993990471E-15,2.497292822135E-15,-1.));
#2681 = DIRECTION('',(-0.707106781187,0.707106781187,-6.696383831667E-17
    ));
#2682 = ADVANCED_FACE('',(#2683),#2762,.F.);
#2683 = FACE_BOUND('',#2684,.F.);
#2684 = EDGE_LOOP('',(#2685,#2686,#2687,#2696,#2704,#2713,#2721,#2729,
    #2737,#2746,#2754,#2761));
#2685 = ORIENTED_EDGE('',*,*,#850,.F.);
#2686 = ORIENTED_EDGE('',*,*,#872,.T.);
#2687 = ORIENTED_EDGE('',*,*,#2688,.T.);
#2688 = EDGE_CURVE('',#873,#2689,#2691,.T.);
#2689 = VERTEX_POINT('',#2690);
#2690 = CARTESIAN_POINT('',(-0.875,-1.820021584374,0.451436600654));
#2691 = CIRCLE('',#2692,0.11625);
#2692 = AXIS2_PLACEMENT_3D('',#2693,#2694,#2695);
#2693 = CARTESIAN_POINT('',(-0.875,-1.705537683087,0.43125));
#2694 = DIRECTION('',(1.,1.110223024625E-16,0.));
#2695 = DIRECTION('',(2.650742289049E-32,-2.387576397043E-16,1.));
#2696 = ORIENTED_EDGE('',*,*,#2697,.T.);
#2697 = EDGE_CURVE('',#2689,#2698,#2700,.T.);
#2698 = VERTEX_POINT('',#2699);
#2699 = CARTESIAN_POINT('',(-0.875,-1.854120896995,0.224147931808));
#2700 = LINE('',#2701,#2702);
#2701 = CARTESIAN_POINT('',(-0.875,-1.820021584374,0.451436600654));
#2702 = VECTOR('',#2703,1.);
#2703 = DIRECTION('',(1.647193900438E-17,-0.148366036724,-0.988932514961
    ));
#2704 = ORIENTED_EDGE('',*,*,#2705,.T.);
#2705 = EDGE_CURVE('',#2698,#2706,#2708,.T.);
#2706 = VERTEX_POINT('',#2707);
#2707 = CARTESIAN_POINT('',(-0.875,-2.12125,-1.110223024625E-16));
#2708 = CIRCLE('',#2709,0.27125);
#2709 = AXIS2_PLACEMENT_3D('',#2710,#2711,#2712);
#2710 = CARTESIAN_POINT('',(-0.875,-2.12125,0.27125));
#2711 = DIRECTION('',(-1.,-1.110223024625E-16,0.));
#2712 = DIRECTION('',(-1.093356242224E-16,0.984807753012,-0.173648177667
    ));
#2713 = ORIENTED_EDGE('',*,*,#2714,.T.);
#2714 = EDGE_CURVE('',#2706,#2715,#2717,.T.);
#2715 = VERTEX_POINT('',#2716);
#2716 = CARTESIAN_POINT('',(-0.875,-2.45,-1.110223024625E-16));
#2717 = LINE('',#2718,#2719);
#2718 = CARTESIAN_POINT('',(-0.875,-2.12125,-1.110223024625E-16));
#2719 = VECTOR('',#2720,1.);
#2720 = DIRECTION('',(1.110223024625E-16,-1.,0.));
#2721 = ORIENTED_EDGE('',*,*,#2722,.T.);
#2722 = EDGE_CURVE('',#2715,#2723,#2725,.T.);
#2723 = VERTEX_POINT('',#2724);
#2724 = CARTESIAN_POINT('',(-0.875,-2.45,0.155));
#2725 = LINE('',#2726,#2727);
#2726 = CARTESIAN_POINT('',(-0.875,-2.45,-1.110223024625E-16));
#2727 = VECTOR('',#2728,1.);
#2728 = DIRECTION('',(0.,0.,1.));
#2729 = ORIENTED_EDGE('',*,*,#2730,.T.);
#2730 = EDGE_CURVE('',#2723,#2731,#2733,.T.);
#2731 = VERTEX_POINT('',#2732);
#2732 = CARTESIAN_POINT('',(-0.875,-2.12125,0.155));
#2733 = LINE('',#2734,#2735);
#2734 = CARTESIAN_POINT('',(-0.875,-2.45,0.155));
#2735 = VECTOR('',#2736,1.);
#2736 = DIRECTION('',(-1.110223024625E-16,1.,0.));
#2737 = ORIENTED_EDGE('',*,*,#2738,.T.);
#2738 = EDGE_CURVE('',#2731,#2739,#2741,.T.);
#2739 = VERTEX_POINT('',#2740);
#2740 = CARTESIAN_POINT('',(-0.875,-2.006766098712,0.251063399346));
#2741 = CIRCLE('',#2742,0.11625);
#2742 = AXIS2_PLACEMENT_3D('',#2743,#2744,#2745);
#2743 = CARTESIAN_POINT('',(-0.875,-2.12125,0.27125));
#2744 = DIRECTION('',(1.,1.110223024625E-16,0.));
#2745 = DIRECTION('',(-1.06029691562E-31,9.550305588173E-16,-1.));
#2746 = ORIENTED_EDGE('',*,*,#2747,.T.);
#2747 = EDGE_CURVE('',#2739,#2748,#2750,.T.);
#2748 = VERTEX_POINT('',#2749);
#2749 = CARTESIAN_POINT('',(-0.875,-1.972666786091,0.478352068192));
#2750 = LINE('',#2751,#2752);
#2751 = CARTESIAN_POINT('',(-0.875,-2.006766098712,0.251063399346));
#2752 = VECTOR('',#2753,1.);
#2753 = DIRECTION('',(-1.647193900438E-17,0.148366036724,0.988932514961)
  );
#2754 = ORIENTED_EDGE('',*,*,#2755,.T.);
#2755 = EDGE_CURVE('',#2748,#1309,#2756,.T.);
#2756 = CIRCLE('',#2757,0.27125);
#2757 = AXIS2_PLACEMENT_3D('',#2758,#2759,#2760);
#2758 = CARTESIAN_POINT('',(-0.875,-1.705537683087,0.43125));
#2759 = DIRECTION('',(-1.,-1.110223024625E-16,0.));
#2760 = DIRECTION('',(1.093356242224E-16,-0.984807753012,0.173648177667)
  );
#2761 = ORIENTED_EDGE('',*,*,#1308,.T.);
#2762 = PLANE('',#2763);
#2763 = AXIS2_PLACEMENT_3D('',#2764,#2765,#2766);
#2764 = CARTESIAN_POINT('',(-0.875,-1.92238593548,0.347164380556));
#2765 = DIRECTION('',(-1.,-1.110223024625E-16,0.));
#2766 = DIRECTION('',(0.,0.,1.));
#2767 = ADVANCED_FACE('',(#2768),#2779,.F.);
#2768 = FACE_BOUND('',#2769,.F.);
#2769 = EDGE_LOOP('',(#2770,#2771,#2772,#2778));
#2770 = ORIENTED_EDGE('',*,*,#889,.T.);
#2771 = ORIENTED_EDGE('',*,*,#1667,.T.);
#2772 = ORIENTED_EDGE('',*,*,#2773,.F.);
#2773 = EDGE_CURVE('',#2689,#1668,#2774,.T.);
#2774 = LINE('',#2775,#2776);
#2775 = CARTESIAN_POINT('',(-0.875,-1.820021584374,0.451436600654));
#2776 = VECTOR('',#2777,1.);
#2777 = DIRECTION('',(-1.,-1.110223024625E-16,0.));
#2778 = ORIENTED_EDGE('',*,*,#2688,.F.);
#2779 = CYLINDRICAL_SURFACE('',#2780,0.11625);
#2780 = AXIS2_PLACEMENT_3D('',#2781,#2782,#2783);
#2781 = CARTESIAN_POINT('',(-0.875,-1.705537683087,0.43125));
#2782 = DIRECTION('',(1.,1.110223024625E-16,0.));
#2783 = DIRECTION('',(2.650742289049E-32,-2.387576397043E-16,1.));
#2784 = ADVANCED_FACE('',(#2785),#2864,.F.);
#2785 = FACE_BOUND('',#2786,.F.);
#2786 = EDGE_LOOP('',(#2787,#2788,#2789,#2798,#2806,#2815,#2823,#2831,
    #2839,#2848,#2856,#2863));
#2787 = ORIENTED_EDGE('',*,*,#967,.F.);
#2788 = ORIENTED_EDGE('',*,*,#982,.T.);
#2789 = ORIENTED_EDGE('',*,*,#2790,.T.);
#2790 = EDGE_CURVE('',#983,#2791,#2793,.T.);
#2791 = VERTEX_POINT('',#2792);
#2792 = CARTESIAN_POINT('',(-1.125,1.820021584374,0.451436600654));
#2793 = CIRCLE('',#2794,0.11625);
#2794 = AXIS2_PLACEMENT_3D('',#2795,#2796,#2797);
#2795 = CARTESIAN_POINT('',(-1.125,1.705537683087,0.43125));
#2796 = DIRECTION('',(-1.,-3.330669073875E-16,0.));
#2797 = DIRECTION('',(-7.952226867146E-32,2.387576397043E-16,1.));
#2798 = ORIENTED_EDGE('',*,*,#2799,.T.);
#2799 = EDGE_CURVE('',#2791,#2800,#2802,.T.);
#2800 = VERTEX_POINT('',#2801);
#2801 = CARTESIAN_POINT('',(-1.125,1.854120896995,0.224147931808));
#2802 = LINE('',#2803,#2804);
#2803 = CARTESIAN_POINT('',(-1.125,1.820021584374,0.451436600654));
#2804 = VECTOR('',#2805,1.);
#2805 = DIRECTION('',(-4.941581701296E-17,0.148366036724,-0.988932514961
    ));
#2806 = ORIENTED_EDGE('',*,*,#2807,.T.);
#2807 = EDGE_CURVE('',#2800,#2808,#2810,.T.);
#2808 = VERTEX_POINT('',#2809);
#2809 = CARTESIAN_POINT('',(-1.125,2.12125,-1.110223024625E-16));
#2810 = CIRCLE('',#2811,0.27125);
#2811 = AXIS2_PLACEMENT_3D('',#2812,#2813,#2814);
#2812 = CARTESIAN_POINT('',(-1.125,2.12125,0.27125));
#2813 = DIRECTION('',(1.,3.330669073875E-16,-1.232595164408E-32));
#2814 = DIRECTION('',(3.28006872667E-16,-0.984807753012,-0.173648177667)
  );
#2815 = ORIENTED_EDGE('',*,*,#2816,.T.);
#2816 = EDGE_CURVE('',#2808,#2817,#2819,.T.);
#2817 = VERTEX_POINT('',#2818);
#2818 = CARTESIAN_POINT('',(-1.125,2.45,-1.110223024625E-16));
#2819 = LINE('',#2820,#2821);
#2820 = CARTESIAN_POINT('',(-1.125,2.12125,-1.110223024625E-16));
#2821 = VECTOR('',#2822,1.);
#2822 = DIRECTION('',(-3.330669073875E-16,1.,0.));
#2823 = ORIENTED_EDGE('',*,*,#2824,.T.);
#2824 = EDGE_CURVE('',#2817,#2825,#2827,.T.);
#2825 = VERTEX_POINT('',#2826);
#2826 = CARTESIAN_POINT('',(-1.125,2.45,0.155));
#2827 = LINE('',#2828,#2829);
#2828 = CARTESIAN_POINT('',(-1.125,2.45,-1.110223024625E-16));
#2829 = VECTOR('',#2830,1.);
#2830 = DIRECTION('',(0.,0.,1.));
#2831 = ORIENTED_EDGE('',*,*,#2832,.T.);
#2832 = EDGE_CURVE('',#2825,#2833,#2835,.T.);
#2833 = VERTEX_POINT('',#2834);
#2834 = CARTESIAN_POINT('',(-1.125,2.12125,0.155));
#2835 = LINE('',#2836,#2837);
#2836 = CARTESIAN_POINT('',(-1.125,2.45,0.155));
#2837 = VECTOR('',#2838,1.);
#2838 = DIRECTION('',(3.330669073875E-16,-1.,0.));
#2839 = ORIENTED_EDGE('',*,*,#2840,.T.);
#2840 = EDGE_CURVE('',#2833,#2841,#2843,.T.);
#2841 = VERTEX_POINT('',#2842);
#2842 = CARTESIAN_POINT('',(-1.125,2.006766098712,0.251063399346));
#2843 = CIRCLE('',#2844,0.11625);
#2844 = AXIS2_PLACEMENT_3D('',#2845,#2846,#2847);
#2845 = CARTESIAN_POINT('',(-1.125,2.12125,0.27125));
#2846 = DIRECTION('',(-1.,-3.330669073875E-16,4.379057701015E-47));
#2847 = DIRECTION('',(3.180890746859E-31,-9.550305588173E-16,-1.));
#2848 = ORIENTED_EDGE('',*,*,#2849,.T.);
#2849 = EDGE_CURVE('',#2841,#2850,#2852,.T.);
#2850 = VERTEX_POINT('',#2851);
#2851 = CARTESIAN_POINT('',(-1.125,1.972666786091,0.478352068192));
#2852 = LINE('',#2853,#2854);
#2853 = CARTESIAN_POINT('',(-1.125,2.006766098712,0.251063399346));
#2854 = VECTOR('',#2855,1.);
#2855 = DIRECTION('',(4.941581701296E-17,-0.148366036724,0.988932514961)
  );
#2856 = ORIENTED_EDGE('',*,*,#2857,.T.);
#2857 = EDGE_CURVE('',#2850,#1628,#2858,.T.);
#2858 = CIRCLE('',#2859,0.27125);
#2859 = AXIS2_PLACEMENT_3D('',#2860,#2861,#2862);
#2860 = CARTESIAN_POINT('',(-1.125,1.705537683087,0.43125));
#2861 = DIRECTION('',(1.,3.330669073875E-16,-1.232595164408E-32));
#2862 = DIRECTION('',(-3.28006872667E-16,0.984807753012,0.173648177667)
  );
#2863 = ORIENTED_EDGE('',*,*,#1627,.T.);
#2864 = PLANE('',#2865);
#2865 = AXIS2_PLACEMENT_3D('',#2866,#2867,#2868);
#2866 = CARTESIAN_POINT('',(-1.125,1.92238593548,0.347164380556));
#2867 = DIRECTION('',(1.,3.330669073875E-16,0.));
#2868 = DIRECTION('',(0.,0.,1.));
#2869 = ADVANCED_FACE('',(#2870),#2889,.F.);
#2870 = FACE_BOUND('',#2871,.F.);
#2871 = EDGE_LOOP('',(#2872,#2873,#2882,#2888));
#2872 = ORIENTED_EDGE('',*,*,#999,.T.);
#2873 = ORIENTED_EDGE('',*,*,#2874,.T.);
#2874 = EDGE_CURVE('',#992,#2875,#2877,.T.);
#2875 = VERTEX_POINT('',#2876);
#2876 = CARTESIAN_POINT('',(-0.875,1.820021584374,0.451436600654));
#2877 = CIRCLE('',#2878,0.11625);
#2878 = AXIS2_PLACEMENT_3D('',#2879,#2880,#2881);
#2879 = CARTESIAN_POINT('',(-0.875,1.705537683087,0.43125));
#2880 = DIRECTION('',(-1.,-3.330669073875E-16,0.));
#2881 = DIRECTION('',(-7.952226867146E-32,2.387576397043E-16,1.));
#2882 = ORIENTED_EDGE('',*,*,#2883,.F.);
#2883 = EDGE_CURVE('',#2791,#2875,#2884,.T.);
#2884 = LINE('',#2885,#2886);
#2885 = CARTESIAN_POINT('',(-1.125,1.820021584374,0.451436600654));
#2886 = VECTOR('',#2887,1.);
#2887 = DIRECTION('',(1.,3.330669073875E-16,0.));
#2888 = ORIENTED_EDGE('',*,*,#2790,.F.);
#2889 = CYLINDRICAL_SURFACE('',#2890,0.11625);
#2890 = AXIS2_PLACEMENT_3D('',#2891,#2892,#2893);
#2891 = CARTESIAN_POINT('',(-1.125,1.705537683087,0.43125));
#2892 = DIRECTION('',(-1.,-3.330669073875E-16,0.));
#2893 = DIRECTION('',(-7.952226867146E-32,2.387576397043E-16,1.));
#2894 = ADVANCED_FACE('',(#2895),#2966,.T.);
#2895 = FACE_BOUND('',#2896,.T.);
#2896 = EDGE_LOOP('',(#2897,#2898,#2899,#2900,#2908,#2917,#2925,#2933,
    #2941,#2950,#2958,#2965));
#2897 = ORIENTED_EDGE('',*,*,#1013,.F.);
#2898 = ORIENTED_EDGE('',*,*,#991,.T.);
#2899 = ORIENTED_EDGE('',*,*,#2874,.T.);
#2900 = ORIENTED_EDGE('',*,*,#2901,.T.);
#2901 = EDGE_CURVE('',#2875,#2902,#2904,.T.);
#2902 = VERTEX_POINT('',#2903);
#2903 = CARTESIAN_POINT('',(-0.875,1.854120896995,0.224147931808));
#2904 = LINE('',#2905,#2906);
#2905 = CARTESIAN_POINT('',(-0.875,1.820021584374,0.451436600654));
#2906 = VECTOR('',#2907,1.);
#2907 = DIRECTION('',(-4.941581701296E-17,0.148366036724,-0.988932514961
    ));
#2908 = ORIENTED_EDGE('',*,*,#2909,.T.);
#2909 = EDGE_CURVE('',#2902,#2910,#2912,.T.);
#2910 = VERTEX_POINT('',#2911);
#2911 = CARTESIAN_POINT('',(-0.875,2.12125,-1.110223024625E-16));
#2912 = CIRCLE('',#2913,0.27125);
#2913 = AXIS2_PLACEMENT_3D('',#2914,#2915,#2916);
#2914 = CARTESIAN_POINT('',(-0.875,2.12125,0.27125));
#2915 = DIRECTION('',(1.,3.330669073875E-16,-1.232595164408E-32));
#2916 = DIRECTION('',(3.28006872667E-16,-0.984807753012,-0.173648177667)
  );
#2917 = ORIENTED_EDGE('',*,*,#2918,.T.);
#2918 = EDGE_CURVE('',#2910,#2919,#2921,.T.);
#2919 = VERTEX_POINT('',#2920);
#2920 = CARTESIAN_POINT('',(-0.875,2.45,-1.110223024625E-16));
#2921 = LINE('',#2922,#2923);
#2922 = CARTESIAN_POINT('',(-0.875,2.12125,-1.110223024625E-16));
#2923 = VECTOR('',#2924,1.);
#2924 = DIRECTION('',(-3.330669073875E-16,1.,0.));
#2925 = ORIENTED_EDGE('',*,*,#2926,.T.);
#2926 = EDGE_CURVE('',#2919,#2927,#2929,.T.);
#2927 = VERTEX_POINT('',#2928);
#2928 = CARTESIAN_POINT('',(-0.875,2.45,0.155));
#2929 = LINE('',#2930,#2931);
#2930 = CARTESIAN_POINT('',(-0.875,2.45,-1.110223024625E-16));
#2931 = VECTOR('',#2932,1.);
#2932 = DIRECTION('',(0.,0.,1.));
#2933 = ORIENTED_EDGE('',*,*,#2934,.T.);
#2934 = EDGE_CURVE('',#2927,#2935,#2937,.T.);
#2935 = VERTEX_POINT('',#2936);
#2936 = CARTESIAN_POINT('',(-0.875,2.12125,0.155));
#2937 = LINE('',#2938,#2939);
#2938 = CARTESIAN_POINT('',(-0.875,2.45,0.155));
#2939 = VECTOR('',#2940,1.);
#2940 = DIRECTION('',(3.330669073875E-16,-1.,0.));
#2941 = ORIENTED_EDGE('',*,*,#2942,.T.);
#2942 = EDGE_CURVE('',#2935,#2943,#2945,.T.);
#2943 = VERTEX_POINT('',#2944);
#2944 = CARTESIAN_POINT('',(-0.875,2.006766098712,0.251063399346));
#2945 = CIRCLE('',#2946,0.11625);
#2946 = AXIS2_PLACEMENT_3D('',#2947,#2948,#2949);
#2947 = CARTESIAN_POINT('',(-0.875,2.12125,0.27125));
#2948 = DIRECTION('',(-1.,-3.330669073875E-16,4.379057701015E-47));
#2949 = DIRECTION('',(3.180890746859E-31,-9.550305588173E-16,-1.));
#2950 = ORIENTED_EDGE('',*,*,#2951,.T.);
#2951 = EDGE_CURVE('',#2943,#2952,#2954,.T.);
#2952 = VERTEX_POINT('',#2953);
#2953 = CARTESIAN_POINT('',(-0.875,1.972666786091,0.478352068192));
#2954 = LINE('',#2955,#2956);
#2955 = CARTESIAN_POINT('',(-0.875,2.006766098712,0.251063399346));
#2956 = VECTOR('',#2957,1.);
#2957 = DIRECTION('',(4.941581701296E-17,-0.148366036724,0.988932514961)
  );
#2958 = ORIENTED_EDGE('',*,*,#2959,.T.);
#2959 = EDGE_CURVE('',#2952,#1636,#2960,.T.);
#2960 = CIRCLE('',#2961,0.27125);
#2961 = AXIS2_PLACEMENT_3D('',#2962,#2963,#2964);
#2962 = CARTESIAN_POINT('',(-0.875,1.705537683087,0.43125));
#2963 = DIRECTION('',(1.,3.330669073875E-16,-1.232595164408E-32));
#2964 = DIRECTION('',(-3.28006872667E-16,0.984807753012,0.173648177667)
  );
#2965 = ORIENTED_EDGE('',*,*,#1643,.T.);
#2966 = PLANE('',#2967);
#2967 = AXIS2_PLACEMENT_3D('',#2968,#2969,#2970);
#2968 = CARTESIAN_POINT('',(-0.875,1.92238593548,0.347164380556));
#2969 = DIRECTION('',(1.,3.330669073875E-16,0.));
#2970 = DIRECTION('',(0.,0.,1.));
#2971 = ADVANCED_FACE('',(#2972),#2983,.F.);
#2972 = FACE_BOUND('',#2973,.F.);
#2973 = EDGE_LOOP('',(#2974,#2975,#2976,#2982));
#2974 = ORIENTED_EDGE('',*,*,#1649,.F.);
#2975 = ORIENTED_EDGE('',*,*,#1030,.T.);
#2976 = ORIENTED_EDGE('',*,*,#2977,.T.);
#2977 = EDGE_CURVE('',#1023,#1534,#2978,.T.);
#2978 = LINE('',#2979,#2980);
#2979 = CARTESIAN_POINT('',(-0.625,1.705537683087,0.7025));
#2980 = VECTOR('',#2981,1.);
#2981 = DIRECTION('',(3.330669073875E-16,-1.,0.));
#2982 = ORIENTED_EDGE('',*,*,#1533,.F.);
#2983 = PLANE('',#2984);
#2984 = AXIS2_PLACEMENT_3D('',#2985,#2986,#2987);
#2985 = CARTESIAN_POINT('',(-1.38125,-1.38125,0.7025));
#2986 = DIRECTION('',(2.591993990471E-15,2.497292822135E-15,-1.));
#2987 = DIRECTION('',(-0.707106781187,0.707106781187,-6.696383831667E-17
    ));
#2988 = ADVANCED_FACE('',(#2989),#3075,.F.);
#2989 = FACE_BOUND('',#2990,.F.);
#2990 = EDGE_LOOP('',(#2991,#2992,#2993,#3002,#3010,#3019,#3027,#3035,
    #3043,#3052,#3060,#3069));
#2991 = ORIENTED_EDGE('',*,*,#1022,.F.);
#2992 = ORIENTED_EDGE('',*,*,#1044,.T.);
#2993 = ORIENTED_EDGE('',*,*,#2994,.T.);
#2994 = EDGE_CURVE('',#1045,#2995,#2997,.T.);
#2995 = VERTEX_POINT('',#2996);
#2996 = CARTESIAN_POINT('',(-0.625,1.820021584374,0.451436600654));
#2997 = CIRCLE('',#2998,0.11625);
#2998 = AXIS2_PLACEMENT_3D('',#2999,#3000,#3001);
#2999 = CARTESIAN_POINT('',(-0.625,1.705537683087,0.43125));
#3000 = DIRECTION('',(-1.,-3.330669073875E-16,0.));
#3001 = DIRECTION('',(-7.952226867146E-32,2.387576397043E-16,1.));
#3002 = ORIENTED_EDGE('',*,*,#3003,.T.);
#3003 = EDGE_CURVE('',#2995,#3004,#3006,.T.);
#3004 = VERTEX_POINT('',#3005);
#3005 = CARTESIAN_POINT('',(-0.625,1.854120896995,0.224147931808));
#3006 = LINE('',#3007,#3008);
#3007 = CARTESIAN_POINT('',(-0.625,1.820021584374,0.451436600654));
#3008 = VECTOR('',#3009,1.);
#3009 = DIRECTION('',(-4.941581701296E-17,0.148366036724,-0.988932514961
    ));
#3010 = ORIENTED_EDGE('',*,*,#3011,.T.);
#3011 = EDGE_CURVE('',#3004,#3012,#3014,.T.);
#3012 = VERTEX_POINT('',#3013);
#3013 = CARTESIAN_POINT('',(-0.625,2.12125,-1.110223024625E-16));
#3014 = CIRCLE('',#3015,0.27125);
#3015 = AXIS2_PLACEMENT_3D('',#3016,#3017,#3018);
#3016 = CARTESIAN_POINT('',(-0.625,2.12125,0.27125));
#3017 = DIRECTION('',(1.,3.330669073875E-16,-1.232595164408E-32));
#3018 = DIRECTION('',(3.28006872667E-16,-0.984807753012,-0.173648177667)
  );
#3019 = ORIENTED_EDGE('',*,*,#3020,.T.);
#3020 = EDGE_CURVE('',#3012,#3021,#3023,.T.);
#3021 = VERTEX_POINT('',#3022);
#3022 = CARTESIAN_POINT('',(-0.625,2.45,-1.110223024625E-16));
#3023 = LINE('',#3024,#3025);
#3024 = CARTESIAN_POINT('',(-0.625,2.12125,-1.110223024625E-16));
#3025 = VECTOR('',#3026,1.);
#3026 = DIRECTION('',(-3.330669073875E-16,1.,0.));
#3027 = ORIENTED_EDGE('',*,*,#3028,.T.);
#3028 = EDGE_CURVE('',#3021,#3029,#3031,.T.);
#3029 = VERTEX_POINT('',#3030);
#3030 = CARTESIAN_POINT('',(-0.625,2.45,0.155));
#3031 = LINE('',#3032,#3033);
#3032 = CARTESIAN_POINT('',(-0.625,2.45,-1.110223024625E-16));
#3033 = VECTOR('',#3034,1.);
#3034 = DIRECTION('',(0.,0.,1.));
#3035 = ORIENTED_EDGE('',*,*,#3036,.T.);
#3036 = EDGE_CURVE('',#3029,#3037,#3039,.T.);
#3037 = VERTEX_POINT('',#3038);
#3038 = CARTESIAN_POINT('',(-0.625,2.12125,0.155));
#3039 = LINE('',#3040,#3041);
#3040 = CARTESIAN_POINT('',(-0.625,2.45,0.155));
#3041 = VECTOR('',#3042,1.);
#3042 = DIRECTION('',(3.330669073875E-16,-1.,0.));
#3043 = ORIENTED_EDGE('',*,*,#3044,.T.);
#3044 = EDGE_CURVE('',#3037,#3045,#3047,.T.);
#3045 = VERTEX_POINT('',#3046);
#3046 = CARTESIAN_POINT('',(-0.625,2.006766098712,0.251063399346));
#3047 = CIRCLE('',#3048,0.11625);
#3048 = AXIS2_PLACEMENT_3D('',#3049,#3050,#3051);
#3049 = CARTESIAN_POINT('',(-0.625,2.12125,0.27125));
#3050 = DIRECTION('',(-1.,-3.330669073875E-16,4.379057701015E-47));
#3051 = DIRECTION('',(3.180890746859E-31,-9.550305588173E-16,-1.));
#3052 = ORIENTED_EDGE('',*,*,#3053,.T.);
#3053 = EDGE_CURVE('',#3045,#3054,#3056,.T.);
#3054 = VERTEX_POINT('',#3055);
#3055 = CARTESIAN_POINT('',(-0.625,1.972666786091,0.478352068192));
#3056 = LINE('',#3057,#3058);
#3057 = CARTESIAN_POINT('',(-0.625,2.006766098712,0.251063399346));
#3058 = VECTOR('',#3059,1.);
#3059 = DIRECTION('',(4.941581701296E-17,-0.148366036724,0.988932514961)
  );
#3060 = ORIENTED_EDGE('',*,*,#3061,.T.);
#3061 = EDGE_CURVE('',#3054,#3062,#3064,.T.);
#3062 = VERTEX_POINT('',#3063);
#3063 = CARTESIAN_POINT('',(-0.625,1.705537683087,0.7025));
#3064 = CIRCLE('',#3065,0.27125);
#3065 = AXIS2_PLACEMENT_3D('',#3066,#3067,#3068);
#3066 = CARTESIAN_POINT('',(-0.625,1.705537683087,0.43125));
#3067 = DIRECTION('',(1.,3.330669073875E-16,-1.232595164408E-32));
#3068 = DIRECTION('',(-3.28006872667E-16,0.984807753012,0.173648177667)
  );
#3069 = ORIENTED_EDGE('',*,*,#3070,.T.);
#3070 = EDGE_CURVE('',#3062,#1023,#3071,.T.);
#3071 = LINE('',#3072,#3073);
#3072 = CARTESIAN_POINT('',(-0.625,1.705537683087,0.7025));
#3073 = VECTOR('',#3074,1.);
#3074 = DIRECTION('',(3.330669073875E-16,-1.,0.));
#3075 = PLANE('',#3076);
#3076 = AXIS2_PLACEMENT_3D('',#3077,#3078,#3079);
#3077 = CARTESIAN_POINT('',(-0.625,1.92238593548,0.347164380556));
#3078 = DIRECTION('',(1.,3.330669073875E-16,0.));
#3079 = DIRECTION('',(0.,0.,1.));
#3080 = ADVANCED_FACE('',(#3081),#3100,.F.);
#3081 = FACE_BOUND('',#3082,.F.);
#3082 = EDGE_LOOP('',(#3083,#3084,#3093,#3099));
#3083 = ORIENTED_EDGE('',*,*,#1061,.T.);
#3084 = ORIENTED_EDGE('',*,*,#3085,.T.);
#3085 = EDGE_CURVE('',#1054,#3086,#3088,.T.);
#3086 = VERTEX_POINT('',#3087);
#3087 = CARTESIAN_POINT('',(-0.375,1.820021584374,0.451436600654));
#3088 = CIRCLE('',#3089,0.11625);
#3089 = AXIS2_PLACEMENT_3D('',#3090,#3091,#3092);
#3090 = CARTESIAN_POINT('',(-0.375,1.705537683087,0.43125));
#3091 = DIRECTION('',(-1.,-3.330669073875E-16,0.));
#3092 = DIRECTION('',(-7.952226867146E-32,2.387576397043E-16,1.));
#3093 = ORIENTED_EDGE('',*,*,#3094,.F.);
#3094 = EDGE_CURVE('',#2995,#3086,#3095,.T.);
#3095 = LINE('',#3096,#3097);
#3096 = CARTESIAN_POINT('',(-0.625,1.820021584374,0.451436600654));
#3097 = VECTOR('',#3098,1.);
#3098 = DIRECTION('',(1.,3.330669073875E-16,0.));
#3099 = ORIENTED_EDGE('',*,*,#2994,.F.);
#3100 = CYLINDRICAL_SURFACE('',#3101,0.11625);
#3101 = AXIS2_PLACEMENT_3D('',#3102,#3103,#3104);
#3102 = CARTESIAN_POINT('',(-0.625,1.705537683087,0.43125));
#3103 = DIRECTION('',(-1.,-3.330669073875E-16,0.));
#3104 = DIRECTION('',(-7.952226867146E-32,2.387576397043E-16,1.));
#3105 = ADVANCED_FACE('',(#3106),#3184,.T.);
#3106 = FACE_BOUND('',#3107,.T.);
#3107 = EDGE_LOOP('',(#3108,#3109,#3110,#3111,#3119,#3128,#3136,#3144,
    #3152,#3161,#3169,#3178));
#3108 = ORIENTED_EDGE('',*,*,#1075,.F.);
#3109 = ORIENTED_EDGE('',*,*,#1053,.T.);
#3110 = ORIENTED_EDGE('',*,*,#3085,.T.);
#3111 = ORIENTED_EDGE('',*,*,#3112,.T.);
#3112 = EDGE_CURVE('',#3086,#3113,#3115,.T.);
#3113 = VERTEX_POINT('',#3114);
#3114 = CARTESIAN_POINT('',(-0.375,1.854120896995,0.224147931808));
#3115 = LINE('',#3116,#3117);
#3116 = CARTESIAN_POINT('',(-0.375,1.820021584374,0.451436600654));
#3117 = VECTOR('',#3118,1.);
#3118 = DIRECTION('',(-4.941581701296E-17,0.148366036724,-0.988932514961
    ));
#3119 = ORIENTED_EDGE('',*,*,#3120,.T.);
#3120 = EDGE_CURVE('',#3113,#3121,#3123,.T.);
#3121 = VERTEX_POINT('',#3122);
#3122 = CARTESIAN_POINT('',(-0.375,2.12125,-1.110223024625E-16));
#3123 = CIRCLE('',#3124,0.27125);
#3124 = AXIS2_PLACEMENT_3D('',#3125,#3126,#3127);
#3125 = CARTESIAN_POINT('',(-0.375,2.12125,0.27125));
#3126 = DIRECTION('',(1.,3.330669073875E-16,-1.232595164408E-32));
#3127 = DIRECTION('',(3.28006872667E-16,-0.984807753012,-0.173648177667)
  );
#3128 = ORIENTED_EDGE('',*,*,#3129,.T.);
#3129 = EDGE_CURVE('',#3121,#3130,#3132,.T.);
#3130 = VERTEX_POINT('',#3131);
#3131 = CARTESIAN_POINT('',(-0.375,2.45,-1.110223024625E-16));
#3132 = LINE('',#3133,#3134);
#3133 = CARTESIAN_POINT('',(-0.375,2.12125,-1.110223024625E-16));
#3134 = VECTOR('',#3135,1.);
#3135 = DIRECTION('',(-3.330669073875E-16,1.,0.));
#3136 = ORIENTED_EDGE('',*,*,#3137,.T.);
#3137 = EDGE_CURVE('',#3130,#3138,#3140,.T.);
#3138 = VERTEX_POINT('',#3139);
#3139 = CARTESIAN_POINT('',(-0.375,2.45,0.155));
#3140 = LINE('',#3141,#3142);
#3141 = CARTESIAN_POINT('',(-0.375,2.45,-1.110223024625E-16));
#3142 = VECTOR('',#3143,1.);
#3143 = DIRECTION('',(0.,0.,1.));
#3144 = ORIENTED_EDGE('',*,*,#3145,.T.);
#3145 = EDGE_CURVE('',#3138,#3146,#3148,.T.);
#3146 = VERTEX_POINT('',#3147);
#3147 = CARTESIAN_POINT('',(-0.375,2.12125,0.155));
#3148 = LINE('',#3149,#3150);
#3149 = CARTESIAN_POINT('',(-0.375,2.45,0.155));
#3150 = VECTOR('',#3151,1.);
#3151 = DIRECTION('',(3.330669073875E-16,-1.,0.));
#3152 = ORIENTED_EDGE('',*,*,#3153,.T.);
#3153 = EDGE_CURVE('',#3146,#3154,#3156,.T.);
#3154 = VERTEX_POINT('',#3155);
#3155 = CARTESIAN_POINT('',(-0.375,2.006766098712,0.251063399346));
#3156 = CIRCLE('',#3157,0.11625);
#3157 = AXIS2_PLACEMENT_3D('',#3158,#3159,#3160);
#3158 = CARTESIAN_POINT('',(-0.375,2.12125,0.27125));
#3159 = DIRECTION('',(-1.,-3.330669073875E-16,4.379057701015E-47));
#3160 = DIRECTION('',(3.180890746859E-31,-9.550305588173E-16,-1.));
#3161 = ORIENTED_EDGE('',*,*,#3162,.T.);
#3162 = EDGE_CURVE('',#3154,#3163,#3165,.T.);
#3163 = VERTEX_POINT('',#3164);
#3164 = CARTESIAN_POINT('',(-0.375,1.972666786091,0.478352068192));
#3165 = LINE('',#3166,#3167);
#3166 = CARTESIAN_POINT('',(-0.375,2.006766098712,0.251063399346));
#3167 = VECTOR('',#3168,1.);
#3168 = DIRECTION('',(4.941581701296E-17,-0.148366036724,0.988932514961)
  );
#3169 = ORIENTED_EDGE('',*,*,#3170,.T.);
#3170 = EDGE_CURVE('',#3163,#3171,#3173,.T.);
#3171 = VERTEX_POINT('',#3172);
#3172 = CARTESIAN_POINT('',(-0.375,1.705537683087,0.7025));
#3173 = CIRCLE('',#3174,0.27125);
#3174 = AXIS2_PLACEMENT_3D('',#3175,#3176,#3177);
#3175 = CARTESIAN_POINT('',(-0.375,1.705537683087,0.43125));
#3176 = DIRECTION('',(1.,3.330669073875E-16,-1.232595164408E-32));
#3177 = DIRECTION('',(-3.28006872667E-16,0.984807753012,0.173648177667)
  );
#3178 = ORIENTED_EDGE('',*,*,#3179,.T.);
#3179 = EDGE_CURVE('',#3171,#1076,#3180,.T.);
#3180 = LINE('',#3181,#3182);
#3181 = CARTESIAN_POINT('',(-0.375,1.705537683087,0.7025));
#3182 = VECTOR('',#3183,1.);
#3183 = DIRECTION('',(3.330669073875E-16,-1.,0.));
#3184 = PLANE('',#3185);
#3185 = AXIS2_PLACEMENT_3D('',#3186,#3187,#3188);
#3186 = CARTESIAN_POINT('',(-0.375,1.92238593548,0.347164380556));
#3187 = DIRECTION('',(1.,3.330669073875E-16,0.));
#3188 = DIRECTION('',(0.,0.,1.));
#3189 = ADVANCED_FACE('',(#3190),#3206,.F.);
#3190 = FACE_BOUND('',#3191,.F.);
#3191 = EDGE_LOOP('',(#3192,#3198,#3199,#3205));
#3192 = ORIENTED_EDGE('',*,*,#3193,.F.);
#3193 = EDGE_CURVE('',#1076,#1542,#3194,.T.);
#3194 = LINE('',#3195,#3196);
#3195 = CARTESIAN_POINT('',(-0.375,1.705537683087,0.7025));
#3196 = VECTOR('',#3197,1.);
#3197 = DIRECTION('',(3.330669073875E-16,-1.,0.));
#3198 = ORIENTED_EDGE('',*,*,#1092,.T.);
#3199 = ORIENTED_EDGE('',*,*,#3200,.T.);
#3200 = EDGE_CURVE('',#1085,#1550,#3201,.T.);
#3201 = LINE('',#3202,#3203);
#3202 = CARTESIAN_POINT('',(-0.125,1.705537683087,0.7025));
#3203 = VECTOR('',#3204,1.);
#3204 = DIRECTION('',(3.330669073875E-16,-1.,0.));
#3205 = ORIENTED_EDGE('',*,*,#1549,.F.);
#3206 = PLANE('',#3207);
#3207 = AXIS2_PLACEMENT_3D('',#3208,#3209,#3210);
#3208 = CARTESIAN_POINT('',(-1.38125,-1.38125,0.7025));
#3209 = DIRECTION('',(2.591993990471E-15,2.497292822135E-15,-1.));
#3210 = DIRECTION('',(-0.707106781187,0.707106781187,-6.696383831667E-17
    ));
#3211 = ADVANCED_FACE('',(#3212),#3298,.F.);
#3212 = FACE_BOUND('',#3213,.F.);
#3213 = EDGE_LOOP('',(#3214,#3215,#3216,#3225,#3233,#3242,#3250,#3258,
    #3266,#3275,#3283,#3292));
#3214 = ORIENTED_EDGE('',*,*,#1084,.F.);
#3215 = ORIENTED_EDGE('',*,*,#1106,.T.);
#3216 = ORIENTED_EDGE('',*,*,#3217,.T.);
#3217 = EDGE_CURVE('',#1107,#3218,#3220,.T.);
#3218 = VERTEX_POINT('',#3219);
#3219 = CARTESIAN_POINT('',(-0.125,1.820021584374,0.451436600654));
#3220 = CIRCLE('',#3221,0.11625);
#3221 = AXIS2_PLACEMENT_3D('',#3222,#3223,#3224);
#3222 = CARTESIAN_POINT('',(-0.125,1.705537683087,0.43125));
#3223 = DIRECTION('',(-1.,-3.330669073875E-16,0.));
#3224 = DIRECTION('',(-7.952226867146E-32,2.387576397043E-16,1.));
#3225 = ORIENTED_EDGE('',*,*,#3226,.T.);
#3226 = EDGE_CURVE('',#3218,#3227,#3229,.T.);
#3227 = VERTEX_POINT('',#3228);
#3228 = CARTESIAN_POINT('',(-0.125,1.854120896995,0.224147931808));
#3229 = LINE('',#3230,#3231);
#3230 = CARTESIAN_POINT('',(-0.125,1.820021584374,0.451436600654));
#3231 = VECTOR('',#3232,1.);
#3232 = DIRECTION('',(-4.941581701296E-17,0.148366036724,-0.988932514961
    ));
#3233 = ORIENTED_EDGE('',*,*,#3234,.T.);
#3234 = EDGE_CURVE('',#3227,#3235,#3237,.T.);
#3235 = VERTEX_POINT('',#3236);
#3236 = CARTESIAN_POINT('',(-0.125,2.12125,-1.110223024625E-16));
#3237 = CIRCLE('',#3238,0.27125);
#3238 = AXIS2_PLACEMENT_3D('',#3239,#3240,#3241);
#3239 = CARTESIAN_POINT('',(-0.125,2.12125,0.27125));
#3240 = DIRECTION('',(1.,3.330669073875E-16,-1.232595164408E-32));
#3241 = DIRECTION('',(3.28006872667E-16,-0.984807753012,-0.173648177667)
  );
#3242 = ORIENTED_EDGE('',*,*,#3243,.T.);
#3243 = EDGE_CURVE('',#3235,#3244,#3246,.T.);
#3244 = VERTEX_POINT('',#3245);
#3245 = CARTESIAN_POINT('',(-0.125,2.45,-1.110223024625E-16));
#3246 = LINE('',#3247,#3248);
#3247 = CARTESIAN_POINT('',(-0.125,2.12125,-1.110223024625E-16));
#3248 = VECTOR('',#3249,1.);
#3249 = DIRECTION('',(-3.330669073875E-16,1.,0.));
#3250 = ORIENTED_EDGE('',*,*,#3251,.T.);
#3251 = EDGE_CURVE('',#3244,#3252,#3254,.T.);
#3252 = VERTEX_POINT('',#3253);
#3253 = CARTESIAN_POINT('',(-0.125,2.45,0.155));
#3254 = LINE('',#3255,#3256);
#3255 = CARTESIAN_POINT('',(-0.125,2.45,-1.110223024625E-16));
#3256 = VECTOR('',#3257,1.);
#3257 = DIRECTION('',(0.,0.,1.));
#3258 = ORIENTED_EDGE('',*,*,#3259,.T.);
#3259 = EDGE_CURVE('',#3252,#3260,#3262,.T.);
#3260 = VERTEX_POINT('',#3261);
#3261 = CARTESIAN_POINT('',(-0.125,2.12125,0.155));
#3262 = LINE('',#3263,#3264);
#3263 = CARTESIAN_POINT('',(-0.125,2.45,0.155));
#3264 = VECTOR('',#3265,1.);
#3265 = DIRECTION('',(3.330669073875E-16,-1.,0.));
#3266 = ORIENTED_EDGE('',*,*,#3267,.T.);
#3267 = EDGE_CURVE('',#3260,#3268,#3270,.T.);
#3268 = VERTEX_POINT('',#3269);
#3269 = CARTESIAN_POINT('',(-0.125,2.006766098712,0.251063399346));
#3270 = CIRCLE('',#3271,0.11625);
#3271 = AXIS2_PLACEMENT_3D('',#3272,#3273,#3274);
#3272 = CARTESIAN_POINT('',(-0.125,2.12125,0.27125));
#3273 = DIRECTION('',(-1.,-3.330669073875E-16,4.379057701015E-47));
#3274 = DIRECTION('',(3.180890746859E-31,-9.550305588173E-16,-1.));
#3275 = ORIENTED_EDGE('',*,*,#3276,.T.);
#3276 = EDGE_CURVE('',#3268,#3277,#3279,.T.);
#3277 = VERTEX_POINT('',#3278);
#3278 = CARTESIAN_POINT('',(-0.125,1.972666786091,0.478352068192));
#3279 = LINE('',#3280,#3281);
#3280 = CARTESIAN_POINT('',(-0.125,2.006766098712,0.251063399346));
#3281 = VECTOR('',#3282,1.);
#3282 = DIRECTION('',(4.941581701296E-17,-0.148366036724,0.988932514961)
  );
#3283 = ORIENTED_EDGE('',*,*,#3284,.T.);
#3284 = EDGE_CURVE('',#3277,#3285,#3287,.T.);
#3285 = VERTEX_POINT('',#3286);
#3286 = CARTESIAN_POINT('',(-0.125,1.705537683087,0.7025));
#3287 = CIRCLE('',#3288,0.27125);
#3288 = AXIS2_PLACEMENT_3D('',#3289,#3290,#3291);
#3289 = CARTESIAN_POINT('',(-0.125,1.705537683087,0.43125));
#3290 = DIRECTION('',(1.,3.330669073875E-16,-1.232595164408E-32));
#3291 = DIRECTION('',(-3.28006872667E-16,0.984807753012,0.173648177667)
  );
#3292 = ORIENTED_EDGE('',*,*,#3293,.T.);
#3293 = EDGE_CURVE('',#3285,#1085,#3294,.T.);
#3294 = LINE('',#3295,#3296);
#3295 = CARTESIAN_POINT('',(-0.125,1.705537683087,0.7025));
#3296 = VECTOR('',#3297,1.);
#3297 = DIRECTION('',(3.330669073875E-16,-1.,0.));
#3298 = PLANE('',#3299);
#3299 = AXIS2_PLACEMENT_3D('',#3300,#3301,#3302);
#3300 = CARTESIAN_POINT('',(-0.125,1.92238593548,0.347164380556));
#3301 = DIRECTION('',(1.,3.330669073875E-16,0.));
#3302 = DIRECTION('',(0.,0.,1.));
#3303 = ADVANCED_FACE('',(#3304),#3323,.F.);
#3304 = FACE_BOUND('',#3305,.F.);
#3305 = EDGE_LOOP('',(#3306,#3307,#3316,#3322));
#3306 = ORIENTED_EDGE('',*,*,#1123,.T.);
#3307 = ORIENTED_EDGE('',*,*,#3308,.T.);
#3308 = EDGE_CURVE('',#1116,#3309,#3311,.T.);
#3309 = VERTEX_POINT('',#3310);
#3310 = CARTESIAN_POINT('',(0.125,1.820021584374,0.451436600654));
#3311 = CIRCLE('',#3312,0.11625);
#3312 = AXIS2_PLACEMENT_3D('',#3313,#3314,#3315);
#3313 = CARTESIAN_POINT('',(0.125,1.705537683087,0.43125));
#3314 = DIRECTION('',(-1.,-3.330669073875E-16,0.));
#3315 = DIRECTION('',(-7.952226867146E-32,2.387576397043E-16,1.));
#3316 = ORIENTED_EDGE('',*,*,#3317,.F.);
#3317 = EDGE_CURVE('',#3218,#3309,#3318,.T.);
#3318 = LINE('',#3319,#3320);
#3319 = CARTESIAN_POINT('',(-0.125,1.820021584374,0.451436600654));
#3320 = VECTOR('',#3321,1.);
#3321 = DIRECTION('',(1.,3.330669073875E-16,0.));
#3322 = ORIENTED_EDGE('',*,*,#3217,.F.);
#3323 = CYLINDRICAL_SURFACE('',#3324,0.11625);
#3324 = AXIS2_PLACEMENT_3D('',#3325,#3326,#3327);
#3325 = CARTESIAN_POINT('',(-0.125,1.705537683087,0.43125));
#3326 = DIRECTION('',(-1.,-3.330669073875E-16,0.));
#3327 = DIRECTION('',(-7.952226867146E-32,2.387576397043E-16,1.));
#3328 = ADVANCED_FACE('',(#3329),#3407,.T.);
#3329 = FACE_BOUND('',#3330,.T.);
#3330 = EDGE_LOOP('',(#3331,#3332,#3333,#3334,#3342,#3351,#3359,#3367,
    #3375,#3384,#3392,#3401));
#3331 = ORIENTED_EDGE('',*,*,#1137,.F.);
#3332 = ORIENTED_EDGE('',*,*,#1115,.T.);
#3333 = ORIENTED_EDGE('',*,*,#3308,.T.);
#3334 = ORIENTED_EDGE('',*,*,#3335,.T.);
#3335 = EDGE_CURVE('',#3309,#3336,#3338,.T.);
#3336 = VERTEX_POINT('',#3337);
#3337 = CARTESIAN_POINT('',(0.125,1.854120896995,0.224147931808));
#3338 = LINE('',#3339,#3340);
#3339 = CARTESIAN_POINT('',(0.125,1.820021584374,0.451436600654));
#3340 = VECTOR('',#3341,1.);
#3341 = DIRECTION('',(-4.941581701296E-17,0.148366036724,-0.988932514961
    ));
#3342 = ORIENTED_EDGE('',*,*,#3343,.T.);
#3343 = EDGE_CURVE('',#3336,#3344,#3346,.T.);
#3344 = VERTEX_POINT('',#3345);
#3345 = CARTESIAN_POINT('',(0.125,2.12125,-1.110223024625E-16));
#3346 = CIRCLE('',#3347,0.27125);
#3347 = AXIS2_PLACEMENT_3D('',#3348,#3349,#3350);
#3348 = CARTESIAN_POINT('',(0.125,2.12125,0.27125));
#3349 = DIRECTION('',(1.,3.330669073875E-16,-1.232595164408E-32));
#3350 = DIRECTION('',(3.28006872667E-16,-0.984807753012,-0.173648177667)
  );
#3351 = ORIENTED_EDGE('',*,*,#3352,.T.);
#3352 = EDGE_CURVE('',#3344,#3353,#3355,.T.);
#3353 = VERTEX_POINT('',#3354);
#3354 = CARTESIAN_POINT('',(0.125,2.45,-1.110223024625E-16));
#3355 = LINE('',#3356,#3357);
#3356 = CARTESIAN_POINT('',(0.125,2.12125,-1.110223024625E-16));
#3357 = VECTOR('',#3358,1.);
#3358 = DIRECTION('',(-3.330669073875E-16,1.,0.));
#3359 = ORIENTED_EDGE('',*,*,#3360,.T.);
#3360 = EDGE_CURVE('',#3353,#3361,#3363,.T.);
#3361 = VERTEX_POINT('',#3362);
#3362 = CARTESIAN_POINT('',(0.125,2.45,0.155));
#3363 = LINE('',#3364,#3365);
#3364 = CARTESIAN_POINT('',(0.125,2.45,-1.110223024625E-16));
#3365 = VECTOR('',#3366,1.);
#3366 = DIRECTION('',(0.,0.,1.));
#3367 = ORIENTED_EDGE('',*,*,#3368,.T.);
#3368 = EDGE_CURVE('',#3361,#3369,#3371,.T.);
#3369 = VERTEX_POINT('',#3370);
#3370 = CARTESIAN_POINT('',(0.125,2.12125,0.155));
#3371 = LINE('',#3372,#3373);
#3372 = CARTESIAN_POINT('',(0.125,2.45,0.155));
#3373 = VECTOR('',#3374,1.);
#3374 = DIRECTION('',(3.330669073875E-16,-1.,0.));
#3375 = ORIENTED_EDGE('',*,*,#3376,.T.);
#3376 = EDGE_CURVE('',#3369,#3377,#3379,.T.);
#3377 = VERTEX_POINT('',#3378);
#3378 = CARTESIAN_POINT('',(0.125,2.006766098712,0.251063399346));
#3379 = CIRCLE('',#3380,0.11625);
#3380 = AXIS2_PLACEMENT_3D('',#3381,#3382,#3383);
#3381 = CARTESIAN_POINT('',(0.125,2.12125,0.27125));
#3382 = DIRECTION('',(-1.,-3.330669073875E-16,4.379057701015E-47));
#3383 = DIRECTION('',(3.180890746859E-31,-9.550305588173E-16,-1.));
#3384 = ORIENTED_EDGE('',*,*,#3385,.T.);
#3385 = EDGE_CURVE('',#3377,#3386,#3388,.T.);
#3386 = VERTEX_POINT('',#3387);
#3387 = CARTESIAN_POINT('',(0.125,1.972666786091,0.478352068192));
#3388 = LINE('',#3389,#3390);
#3389 = CARTESIAN_POINT('',(0.125,2.006766098712,0.251063399346));
#3390 = VECTOR('',#3391,1.);
#3391 = DIRECTION('',(4.941581701296E-17,-0.148366036724,0.988932514961)
  );
#3392 = ORIENTED_EDGE('',*,*,#3393,.T.);
#3393 = EDGE_CURVE('',#3386,#3394,#3396,.T.);
#3394 = VERTEX_POINT('',#3395);
#3395 = CARTESIAN_POINT('',(0.125,1.705537683087,0.7025));
#3396 = CIRCLE('',#3397,0.27125);
#3397 = AXIS2_PLACEMENT_3D('',#3398,#3399,#3400);
#3398 = CARTESIAN_POINT('',(0.125,1.705537683087,0.43125));
#3399 = DIRECTION('',(1.,3.330669073875E-16,-1.232595164408E-32));
#3400 = DIRECTION('',(-3.28006872667E-16,0.984807753012,0.173648177667)
  );
#3401 = ORIENTED_EDGE('',*,*,#3402,.T.);
#3402 = EDGE_CURVE('',#3394,#1138,#3403,.T.);
#3403 = LINE('',#3404,#3405);
#3404 = CARTESIAN_POINT('',(0.125,1.705537683087,0.7025));
#3405 = VECTOR('',#3406,1.);
#3406 = DIRECTION('',(3.330669073875E-16,-1.,0.));
#3407 = PLANE('',#3408);
#3408 = AXIS2_PLACEMENT_3D('',#3409,#3410,#3411);
#3409 = CARTESIAN_POINT('',(0.125,1.92238593548,0.347164380556));
#3410 = DIRECTION('',(1.,3.330669073875E-16,0.));
#3411 = DIRECTION('',(0.,0.,1.));
#3412 = ADVANCED_FACE('',(#3413),#3429,.F.);
#3413 = FACE_BOUND('',#3414,.F.);
#3414 = EDGE_LOOP('',(#3415,#3421,#3422,#3428));
#3415 = ORIENTED_EDGE('',*,*,#3416,.F.);
#3416 = EDGE_CURVE('',#1138,#1558,#3417,.T.);
#3417 = LINE('',#3418,#3419);
#3418 = CARTESIAN_POINT('',(0.125,1.705537683087,0.7025));
#3419 = VECTOR('',#3420,1.);
#3420 = DIRECTION('',(3.330669073875E-16,-1.,0.));
#3421 = ORIENTED_EDGE('',*,*,#1154,.T.);
#3422 = ORIENTED_EDGE('',*,*,#3423,.T.);
#3423 = EDGE_CURVE('',#1147,#1566,#3424,.T.);
#3424 = LINE('',#3425,#3426);
#3425 = CARTESIAN_POINT('',(0.375,1.705537683087,0.7025));
#3426 = VECTOR('',#3427,1.);
#3427 = DIRECTION('',(3.330669073875E-16,-1.,0.));
#3428 = ORIENTED_EDGE('',*,*,#1565,.F.);
#3429 = PLANE('',#3430);
#3430 = AXIS2_PLACEMENT_3D('',#3431,#3432,#3433);
#3431 = CARTESIAN_POINT('',(-1.38125,-1.38125,0.7025));
#3432 = DIRECTION('',(2.591993990471E-15,2.497292822135E-15,-1.));
#3433 = DIRECTION('',(-0.707106781187,0.707106781187,-6.696383831667E-17
    ));
#3434 = ADVANCED_FACE('',(#3435),#3521,.F.);
#3435 = FACE_BOUND('',#3436,.F.);
#3436 = EDGE_LOOP('',(#3437,#3438,#3439,#3448,#3456,#3465,#3473,#3481,
    #3489,#3498,#3506,#3515));
#3437 = ORIENTED_EDGE('',*,*,#1146,.F.);
#3438 = ORIENTED_EDGE('',*,*,#1168,.T.);
#3439 = ORIENTED_EDGE('',*,*,#3440,.T.);
#3440 = EDGE_CURVE('',#1169,#3441,#3443,.T.);
#3441 = VERTEX_POINT('',#3442);
#3442 = CARTESIAN_POINT('',(0.375,1.820021584374,0.451436600654));
#3443 = CIRCLE('',#3444,0.11625);
#3444 = AXIS2_PLACEMENT_3D('',#3445,#3446,#3447);
#3445 = CARTESIAN_POINT('',(0.375,1.705537683087,0.43125));
#3446 = DIRECTION('',(-1.,-3.330669073875E-16,0.));
#3447 = DIRECTION('',(-7.952226867146E-32,2.387576397043E-16,1.));
#3448 = ORIENTED_EDGE('',*,*,#3449,.T.);
#3449 = EDGE_CURVE('',#3441,#3450,#3452,.T.);
#3450 = VERTEX_POINT('',#3451);
#3451 = CARTESIAN_POINT('',(0.375,1.854120896995,0.224147931808));
#3452 = LINE('',#3453,#3454);
#3453 = CARTESIAN_POINT('',(0.375,1.820021584374,0.451436600654));
#3454 = VECTOR('',#3455,1.);
#3455 = DIRECTION('',(-4.941581701296E-17,0.148366036724,-0.988932514961
    ));
#3456 = ORIENTED_EDGE('',*,*,#3457,.T.);
#3457 = EDGE_CURVE('',#3450,#3458,#3460,.T.);
#3458 = VERTEX_POINT('',#3459);
#3459 = CARTESIAN_POINT('',(0.375,2.12125,-1.110223024625E-16));
#3460 = CIRCLE('',#3461,0.27125);
#3461 = AXIS2_PLACEMENT_3D('',#3462,#3463,#3464);
#3462 = CARTESIAN_POINT('',(0.375,2.12125,0.27125));
#3463 = DIRECTION('',(1.,3.330669073875E-16,-1.232595164408E-32));
#3464 = DIRECTION('',(3.28006872667E-16,-0.984807753012,-0.173648177667)
  );
#3465 = ORIENTED_EDGE('',*,*,#3466,.T.);
#3466 = EDGE_CURVE('',#3458,#3467,#3469,.T.);
#3467 = VERTEX_POINT('',#3468);
#3468 = CARTESIAN_POINT('',(0.375,2.45,-1.110223024625E-16));
#3469 = LINE('',#3470,#3471);
#3470 = CARTESIAN_POINT('',(0.375,2.12125,-1.110223024625E-16));
#3471 = VECTOR('',#3472,1.);
#3472 = DIRECTION('',(-3.330669073875E-16,1.,0.));
#3473 = ORIENTED_EDGE('',*,*,#3474,.T.);
#3474 = EDGE_CURVE('',#3467,#3475,#3477,.T.);
#3475 = VERTEX_POINT('',#3476);
#3476 = CARTESIAN_POINT('',(0.375,2.45,0.155));
#3477 = LINE('',#3478,#3479);
#3478 = CARTESIAN_POINT('',(0.375,2.45,-1.110223024625E-16));
#3479 = VECTOR('',#3480,1.);
#3480 = DIRECTION('',(0.,0.,1.));
#3481 = ORIENTED_EDGE('',*,*,#3482,.T.);
#3482 = EDGE_CURVE('',#3475,#3483,#3485,.T.);
#3483 = VERTEX_POINT('',#3484);
#3484 = CARTESIAN_POINT('',(0.375,2.12125,0.155));
#3485 = LINE('',#3486,#3487);
#3486 = CARTESIAN_POINT('',(0.375,2.45,0.155));
#3487 = VECTOR('',#3488,1.);
#3488 = DIRECTION('',(3.330669073875E-16,-1.,0.));
#3489 = ORIENTED_EDGE('',*,*,#3490,.T.);
#3490 = EDGE_CURVE('',#3483,#3491,#3493,.T.);
#3491 = VERTEX_POINT('',#3492);
#3492 = CARTESIAN_POINT('',(0.375,2.006766098712,0.251063399346));
#3493 = CIRCLE('',#3494,0.11625);
#3494 = AXIS2_PLACEMENT_3D('',#3495,#3496,#3497);
#3495 = CARTESIAN_POINT('',(0.375,2.12125,0.27125));
#3496 = DIRECTION('',(-1.,-3.330669073875E-16,4.379057701015E-47));
#3497 = DIRECTION('',(3.180890746859E-31,-9.550305588173E-16,-1.));
#3498 = ORIENTED_EDGE('',*,*,#3499,.T.);
#3499 = EDGE_CURVE('',#3491,#3500,#3502,.T.);
#3500 = VERTEX_POINT('',#3501);
#3501 = CARTESIAN_POINT('',(0.375,1.972666786091,0.478352068192));
#3502 = LINE('',#3503,#3504);
#3503 = CARTESIAN_POINT('',(0.375,2.006766098712,0.251063399346));
#3504 = VECTOR('',#3505,1.);
#3505 = DIRECTION('',(4.941581701296E-17,-0.148366036724,0.988932514961)
  );
#3506 = ORIENTED_EDGE('',*,*,#3507,.T.);
#3507 = EDGE_CURVE('',#3500,#3508,#3510,.T.);
#3508 = VERTEX_POINT('',#3509);
#3509 = CARTESIAN_POINT('',(0.375,1.705537683087,0.7025));
#3510 = CIRCLE('',#3511,0.27125);
#3511 = AXIS2_PLACEMENT_3D('',#3512,#3513,#3514);
#3512 = CARTESIAN_POINT('',(0.375,1.705537683087,0.43125));
#3513 = DIRECTION('',(1.,3.330669073875E-16,-1.232595164408E-32));
#3514 = DIRECTION('',(-3.28006872667E-16,0.984807753012,0.173648177667)
  );
#3515 = ORIENTED_EDGE('',*,*,#3516,.T.);
#3516 = EDGE_CURVE('',#3508,#1147,#3517,.T.);
#3517 = LINE('',#3518,#3519);
#3518 = CARTESIAN_POINT('',(0.375,1.705537683087,0.7025));
#3519 = VECTOR('',#3520,1.);
#3520 = DIRECTION('',(3.330669073875E-16,-1.,0.));
#3521 = PLANE('',#3522);
#3522 = AXIS2_PLACEMENT_3D('',#3523,#3524,#3525);
#3523 = CARTESIAN_POINT('',(0.375,1.92238593548,0.347164380556));
#3524 = DIRECTION('',(1.,3.330669073875E-16,0.));
#3525 = DIRECTION('',(0.,0.,1.));
#3526 = ADVANCED_FACE('',(#3527),#3546,.F.);
#3527 = FACE_BOUND('',#3528,.F.);
#3528 = EDGE_LOOP('',(#3529,#3530,#3539,#3545));
#3529 = ORIENTED_EDGE('',*,*,#1185,.T.);
#3530 = ORIENTED_EDGE('',*,*,#3531,.T.);
#3531 = EDGE_CURVE('',#1178,#3532,#3534,.T.);
#3532 = VERTEX_POINT('',#3533);
#3533 = CARTESIAN_POINT('',(0.625,1.820021584374,0.451436600654));
#3534 = CIRCLE('',#3535,0.11625);
#3535 = AXIS2_PLACEMENT_3D('',#3536,#3537,#3538);
#3536 = CARTESIAN_POINT('',(0.625,1.705537683087,0.43125));
#3537 = DIRECTION('',(-1.,-3.330669073875E-16,0.));
#3538 = DIRECTION('',(-7.952226867146E-32,2.387576397043E-16,1.));
#3539 = ORIENTED_EDGE('',*,*,#3540,.F.);
#3540 = EDGE_CURVE('',#3441,#3532,#3541,.T.);
#3541 = LINE('',#3542,#3543);
#3542 = CARTESIAN_POINT('',(0.375,1.820021584374,0.451436600654));
#3543 = VECTOR('',#3544,1.);
#3544 = DIRECTION('',(1.,3.330669073875E-16,0.));
#3545 = ORIENTED_EDGE('',*,*,#3440,.F.);
#3546 = CYLINDRICAL_SURFACE('',#3547,0.11625);
#3547 = AXIS2_PLACEMENT_3D('',#3548,#3549,#3550);
#3548 = CARTESIAN_POINT('',(0.375,1.705537683087,0.43125));
#3549 = DIRECTION('',(-1.,-3.330669073875E-16,0.));
#3550 = DIRECTION('',(-7.952226867146E-32,2.387576397043E-16,1.));
#3551 = ADVANCED_FACE('',(#3552),#3630,.T.);
#3552 = FACE_BOUND('',#3553,.T.);
#3553 = EDGE_LOOP('',(#3554,#3555,#3556,#3557,#3565,#3574,#3582,#3590,
    #3598,#3607,#3615,#3624));
#3554 = ORIENTED_EDGE('',*,*,#1199,.F.);
#3555 = ORIENTED_EDGE('',*,*,#1177,.T.);
#3556 = ORIENTED_EDGE('',*,*,#3531,.T.);
#3557 = ORIENTED_EDGE('',*,*,#3558,.T.);
#3558 = EDGE_CURVE('',#3532,#3559,#3561,.T.);
#3559 = VERTEX_POINT('',#3560);
#3560 = CARTESIAN_POINT('',(0.625,1.854120896995,0.224147931808));
#3561 = LINE('',#3562,#3563);
#3562 = CARTESIAN_POINT('',(0.625,1.820021584374,0.451436600654));
#3563 = VECTOR('',#3564,1.);
#3564 = DIRECTION('',(-4.941581701296E-17,0.148366036724,-0.988932514961
    ));
#3565 = ORIENTED_EDGE('',*,*,#3566,.T.);
#3566 = EDGE_CURVE('',#3559,#3567,#3569,.T.);
#3567 = VERTEX_POINT('',#3568);
#3568 = CARTESIAN_POINT('',(0.625,2.12125,-1.110223024625E-16));
#3569 = CIRCLE('',#3570,0.27125);
#3570 = AXIS2_PLACEMENT_3D('',#3571,#3572,#3573);
#3571 = CARTESIAN_POINT('',(0.625,2.12125,0.27125));
#3572 = DIRECTION('',(1.,3.330669073875E-16,-1.232595164408E-32));
#3573 = DIRECTION('',(3.28006872667E-16,-0.984807753012,-0.173648177667)
  );
#3574 = ORIENTED_EDGE('',*,*,#3575,.T.);
#3575 = EDGE_CURVE('',#3567,#3576,#3578,.T.);
#3576 = VERTEX_POINT('',#3577);
#3577 = CARTESIAN_POINT('',(0.625,2.45,-1.110223024625E-16));
#3578 = LINE('',#3579,#3580);
#3579 = CARTESIAN_POINT('',(0.625,2.12125,-1.110223024625E-16));
#3580 = VECTOR('',#3581,1.);
#3581 = DIRECTION('',(-3.330669073875E-16,1.,0.));
#3582 = ORIENTED_EDGE('',*,*,#3583,.T.);
#3583 = EDGE_CURVE('',#3576,#3584,#3586,.T.);
#3584 = VERTEX_POINT('',#3585);
#3585 = CARTESIAN_POINT('',(0.625,2.45,0.155));
#3586 = LINE('',#3587,#3588);
#3587 = CARTESIAN_POINT('',(0.625,2.45,-1.110223024625E-16));
#3588 = VECTOR('',#3589,1.);
#3589 = DIRECTION('',(0.,0.,1.));
#3590 = ORIENTED_EDGE('',*,*,#3591,.T.);
#3591 = EDGE_CURVE('',#3584,#3592,#3594,.T.);
#3592 = VERTEX_POINT('',#3593);
#3593 = CARTESIAN_POINT('',(0.625,2.12125,0.155));
#3594 = LINE('',#3595,#3596);
#3595 = CARTESIAN_POINT('',(0.625,2.45,0.155));
#3596 = VECTOR('',#3597,1.);
#3597 = DIRECTION('',(3.330669073875E-16,-1.,0.));
#3598 = ORIENTED_EDGE('',*,*,#3599,.T.);
#3599 = EDGE_CURVE('',#3592,#3600,#3602,.T.);
#3600 = VERTEX_POINT('',#3601);
#3601 = CARTESIAN_POINT('',(0.625,2.006766098712,0.251063399346));
#3602 = CIRCLE('',#3603,0.11625);
#3603 = AXIS2_PLACEMENT_3D('',#3604,#3605,#3606);
#3604 = CARTESIAN_POINT('',(0.625,2.12125,0.27125));
#3605 = DIRECTION('',(-1.,-3.330669073875E-16,4.379057701015E-47));
#3606 = DIRECTION('',(3.180890746859E-31,-9.550305588173E-16,-1.));
#3607 = ORIENTED_EDGE('',*,*,#3608,.T.);
#3608 = EDGE_CURVE('',#3600,#3609,#3611,.T.);
#3609 = VERTEX_POINT('',#3610);
#3610 = CARTESIAN_POINT('',(0.625,1.972666786091,0.478352068192));
#3611 = LINE('',#3612,#3613);
#3612 = CARTESIAN_POINT('',(0.625,2.006766098712,0.251063399346));
#3613 = VECTOR('',#3614,1.);
#3614 = DIRECTION('',(4.941581701296E-17,-0.148366036724,0.988932514961)
  );
#3615 = ORIENTED_EDGE('',*,*,#3616,.T.);
#3616 = EDGE_CURVE('',#3609,#3617,#3619,.T.);
#3617 = VERTEX_POINT('',#3618);
#3618 = CARTESIAN_POINT('',(0.625,1.705537683087,0.7025));
#3619 = CIRCLE('',#3620,0.27125);
#3620 = AXIS2_PLACEMENT_3D('',#3621,#3622,#3623);
#3621 = CARTESIAN_POINT('',(0.625,1.705537683087,0.43125));
#3622 = DIRECTION('',(1.,3.330669073875E-16,-1.232595164408E-32));
#3623 = DIRECTION('',(-3.28006872667E-16,0.984807753012,0.173648177667)
  );
#3624 = ORIENTED_EDGE('',*,*,#3625,.T.);
#3625 = EDGE_CURVE('',#3617,#1200,#3626,.T.);
#3626 = LINE('',#3627,#3628);
#3627 = CARTESIAN_POINT('',(0.625,1.705537683087,0.7025));
#3628 = VECTOR('',#3629,1.);
#3629 = DIRECTION('',(3.330669073875E-16,-1.,0.));
#3630 = PLANE('',#3631);
#3631 = AXIS2_PLACEMENT_3D('',#3632,#3633,#3634);
#3632 = CARTESIAN_POINT('',(0.625,1.92238593548,0.347164380556));
#3633 = DIRECTION('',(1.,3.330669073875E-16,0.));
#3634 = DIRECTION('',(0.,0.,1.));
#3635 = ADVANCED_FACE('',(#3636),#3652,.F.);
#3636 = FACE_BOUND('',#3637,.F.);
#3637 = EDGE_LOOP('',(#3638,#3644,#3645,#3651));
#3638 = ORIENTED_EDGE('',*,*,#3639,.F.);
#3639 = EDGE_CURVE('',#1200,#1574,#3640,.T.);
#3640 = LINE('',#3641,#3642);
#3641 = CARTESIAN_POINT('',(0.625,1.705537683087,0.7025));
#3642 = VECTOR('',#3643,1.);
#3643 = DIRECTION('',(3.330669073875E-16,-1.,0.));
#3644 = ORIENTED_EDGE('',*,*,#1216,.T.);
#3645 = ORIENTED_EDGE('',*,*,#3646,.T.);
#3646 = EDGE_CURVE('',#1209,#1582,#3647,.T.);
#3647 = LINE('',#3648,#3649);
#3648 = CARTESIAN_POINT('',(0.875,1.705537683087,0.7025));
#3649 = VECTOR('',#3650,1.);
#3650 = DIRECTION('',(3.330669073875E-16,-1.,0.));
#3651 = ORIENTED_EDGE('',*,*,#1581,.F.);
#3652 = PLANE('',#3653);
#3653 = AXIS2_PLACEMENT_3D('',#3654,#3655,#3656);
#3654 = CARTESIAN_POINT('',(-1.38125,-1.38125,0.7025));
#3655 = DIRECTION('',(2.591993990471E-15,2.497292822135E-15,-1.));
#3656 = DIRECTION('',(-0.707106781187,0.707106781187,-6.696383831667E-17
    ));
#3657 = ADVANCED_FACE('',(#3658),#3744,.F.);
#3658 = FACE_BOUND('',#3659,.F.);
#3659 = EDGE_LOOP('',(#3660,#3661,#3662,#3671,#3679,#3688,#3696,#3704,
    #3712,#3721,#3729,#3738));
#3660 = ORIENTED_EDGE('',*,*,#1208,.F.);
#3661 = ORIENTED_EDGE('',*,*,#1230,.T.);
#3662 = ORIENTED_EDGE('',*,*,#3663,.T.);
#3663 = EDGE_CURVE('',#1231,#3664,#3666,.T.);
#3664 = VERTEX_POINT('',#3665);
#3665 = CARTESIAN_POINT('',(0.875,1.820021584374,0.451436600654));
#3666 = CIRCLE('',#3667,0.11625);
#3667 = AXIS2_PLACEMENT_3D('',#3668,#3669,#3670);
#3668 = CARTESIAN_POINT('',(0.875,1.705537683087,0.43125));
#3669 = DIRECTION('',(-1.,-3.330669073875E-16,0.));
#3670 = DIRECTION('',(-7.952226867146E-32,2.387576397043E-16,1.));
#3671 = ORIENTED_EDGE('',*,*,#3672,.T.);
#3672 = EDGE_CURVE('',#3664,#3673,#3675,.T.);
#3673 = VERTEX_POINT('',#3674);
#3674 = CARTESIAN_POINT('',(0.875,1.854120896995,0.224147931808));
#3675 = LINE('',#3676,#3677);
#3676 = CARTESIAN_POINT('',(0.875,1.820021584374,0.451436600654));
#3677 = VECTOR('',#3678,1.);
#3678 = DIRECTION('',(-4.941581701296E-17,0.148366036724,-0.988932514961
    ));
#3679 = ORIENTED_EDGE('',*,*,#3680,.T.);
#3680 = EDGE_CURVE('',#3673,#3681,#3683,.T.);
#3681 = VERTEX_POINT('',#3682);
#3682 = CARTESIAN_POINT('',(0.875,2.12125,-1.110223024625E-16));
#3683 = CIRCLE('',#3684,0.27125);
#3684 = AXIS2_PLACEMENT_3D('',#3685,#3686,#3687);
#3685 = CARTESIAN_POINT('',(0.875,2.12125,0.27125));
#3686 = DIRECTION('',(1.,3.330669073875E-16,-1.232595164408E-32));
#3687 = DIRECTION('',(3.28006872667E-16,-0.984807753012,-0.173648177667)
  );
#3688 = ORIENTED_EDGE('',*,*,#3689,.T.);
#3689 = EDGE_CURVE('',#3681,#3690,#3692,.T.);
#3690 = VERTEX_POINT('',#3691);
#3691 = CARTESIAN_POINT('',(0.875,2.45,-1.110223024625E-16));
#3692 = LINE('',#3693,#3694);
#3693 = CARTESIAN_POINT('',(0.875,2.12125,-1.110223024625E-16));
#3694 = VECTOR('',#3695,1.);
#3695 = DIRECTION('',(-3.330669073875E-16,1.,0.));
#3696 = ORIENTED_EDGE('',*,*,#3697,.T.);
#3697 = EDGE_CURVE('',#3690,#3698,#3700,.T.);
#3698 = VERTEX_POINT('',#3699);
#3699 = CARTESIAN_POINT('',(0.875,2.45,0.155));
#3700 = LINE('',#3701,#3702);
#3701 = CARTESIAN_POINT('',(0.875,2.45,-1.110223024625E-16));
#3702 = VECTOR('',#3703,1.);
#3703 = DIRECTION('',(0.,0.,1.));
#3704 = ORIENTED_EDGE('',*,*,#3705,.T.);
#3705 = EDGE_CURVE('',#3698,#3706,#3708,.T.);
#3706 = VERTEX_POINT('',#3707);
#3707 = CARTESIAN_POINT('',(0.875,2.12125,0.155));
#3708 = LINE('',#3709,#3710);
#3709 = CARTESIAN_POINT('',(0.875,2.45,0.155));
#3710 = VECTOR('',#3711,1.);
#3711 = DIRECTION('',(3.330669073875E-16,-1.,0.));
#3712 = ORIENTED_EDGE('',*,*,#3713,.T.);
#3713 = EDGE_CURVE('',#3706,#3714,#3716,.T.);
#3714 = VERTEX_POINT('',#3715);
#3715 = CARTESIAN_POINT('',(0.875,2.006766098712,0.251063399346));
#3716 = CIRCLE('',#3717,0.11625);
#3717 = AXIS2_PLACEMENT_3D('',#3718,#3719,#3720);
#3718 = CARTESIAN_POINT('',(0.875,2.12125,0.27125));
#3719 = DIRECTION('',(-1.,-3.330669073875E-16,4.379057701015E-47));
#3720 = DIRECTION('',(3.180890746859E-31,-9.550305588173E-16,-1.));
#3721 = ORIENTED_EDGE('',*,*,#3722,.T.);
#3722 = EDGE_CURVE('',#3714,#3723,#3725,.T.);
#3723 = VERTEX_POINT('',#3724);
#3724 = CARTESIAN_POINT('',(0.875,1.972666786091,0.478352068192));
#3725 = LINE('',#3726,#3727);
#3726 = CARTESIAN_POINT('',(0.875,2.006766098712,0.251063399346));
#3727 = VECTOR('',#3728,1.);
#3728 = DIRECTION('',(4.941581701296E-17,-0.148366036724,0.988932514961)
  );
#3729 = ORIENTED_EDGE('',*,*,#3730,.T.);
#3730 = EDGE_CURVE('',#3723,#3731,#3733,.T.);
#3731 = VERTEX_POINT('',#3732);
#3732 = CARTESIAN_POINT('',(0.875,1.705537683087,0.7025));
#3733 = CIRCLE('',#3734,0.27125);
#3734 = AXIS2_PLACEMENT_3D('',#3735,#3736,#3737);
#3735 = CARTESIAN_POINT('',(0.875,1.705537683087,0.43125));
#3736 = DIRECTION('',(1.,3.330669073875E-16,-1.232595164408E-32));
#3737 = DIRECTION('',(-3.28006872667E-16,0.984807753012,0.173648177667)
  );
#3738 = ORIENTED_EDGE('',*,*,#3739,.T.);
#3739 = EDGE_CURVE('',#3731,#1209,#3740,.T.);
#3740 = LINE('',#3741,#3742);
#3741 = CARTESIAN_POINT('',(0.875,1.705537683087,0.7025));
#3742 = VECTOR('',#3743,1.);
#3743 = DIRECTION('',(3.330669073875E-16,-1.,0.));
#3744 = PLANE('',#3745);
#3745 = AXIS2_PLACEMENT_3D('',#3746,#3747,#3748);
#3746 = CARTESIAN_POINT('',(0.875,1.92238593548,0.347164380556));
#3747 = DIRECTION('',(1.,3.330669073875E-16,0.));
#3748 = DIRECTION('',(0.,0.,1.));
#3749 = ADVANCED_FACE('',(#3750),#3769,.F.);
#3750 = FACE_BOUND('',#3751,.F.);
#3751 = EDGE_LOOP('',(#3752,#3753,#3762,#3768));
#3752 = ORIENTED_EDGE('',*,*,#1247,.T.);
#3753 = ORIENTED_EDGE('',*,*,#3754,.T.);
#3754 = EDGE_CURVE('',#1240,#3755,#3757,.T.);
#3755 = VERTEX_POINT('',#3756);
#3756 = CARTESIAN_POINT('',(1.125,1.820021584374,0.451436600654));
#3757 = CIRCLE('',#3758,0.11625);
#3758 = AXIS2_PLACEMENT_3D('',#3759,#3760,#3761);
#3759 = CARTESIAN_POINT('',(1.125,1.705537683087,0.43125));
#3760 = DIRECTION('',(-1.,-3.330669073875E-16,0.));
#3761 = DIRECTION('',(-7.952226867146E-32,2.387576397043E-16,1.));
#3762 = ORIENTED_EDGE('',*,*,#3763,.F.);
#3763 = EDGE_CURVE('',#3664,#3755,#3764,.T.);
#3764 = LINE('',#3765,#3766);
#3765 = CARTESIAN_POINT('',(0.875,1.820021584374,0.451436600654));
#3766 = VECTOR('',#3767,1.);
#3767 = DIRECTION('',(1.,3.330669073875E-16,0.));
#3768 = ORIENTED_EDGE('',*,*,#3663,.F.);
#3769 = CYLINDRICAL_SURFACE('',#3770,0.11625);
#3770 = AXIS2_PLACEMENT_3D('',#3771,#3772,#3773);
#3771 = CARTESIAN_POINT('',(0.875,1.705537683087,0.43125));
#3772 = DIRECTION('',(-1.,-3.330669073875E-16,0.));
#3773 = DIRECTION('',(-7.952226867146E-32,2.387576397043E-16,1.));
#3774 = ADVANCED_FACE('',(#3775),#3853,.T.);
#3775 = FACE_BOUND('',#3776,.T.);
#3776 = EDGE_LOOP('',(#3777,#3778,#3779,#3780,#3788,#3797,#3805,#3813,
    #3821,#3830,#3838,#3847));
#3777 = ORIENTED_EDGE('',*,*,#1261,.F.);
#3778 = ORIENTED_EDGE('',*,*,#1239,.T.);
#3779 = ORIENTED_EDGE('',*,*,#3754,.T.);
#3780 = ORIENTED_EDGE('',*,*,#3781,.T.);
#3781 = EDGE_CURVE('',#3755,#3782,#3784,.T.);
#3782 = VERTEX_POINT('',#3783);
#3783 = CARTESIAN_POINT('',(1.125,1.854120896995,0.224147931808));
#3784 = LINE('',#3785,#3786);
#3785 = CARTESIAN_POINT('',(1.125,1.820021584374,0.451436600654));
#3786 = VECTOR('',#3787,1.);
#3787 = DIRECTION('',(-4.941581701296E-17,0.148366036724,-0.988932514961
    ));
#3788 = ORIENTED_EDGE('',*,*,#3789,.T.);
#3789 = EDGE_CURVE('',#3782,#3790,#3792,.T.);
#3790 = VERTEX_POINT('',#3791);
#3791 = CARTESIAN_POINT('',(1.125,2.12125,-1.110223024625E-16));
#3792 = CIRCLE('',#3793,0.27125);
#3793 = AXIS2_PLACEMENT_3D('',#3794,#3795,#3796);
#3794 = CARTESIAN_POINT('',(1.125,2.12125,0.27125));
#3795 = DIRECTION('',(1.,3.330669073875E-16,-1.232595164408E-32));
#3796 = DIRECTION('',(3.28006872667E-16,-0.984807753012,-0.173648177667)
  );
#3797 = ORIENTED_EDGE('',*,*,#3798,.T.);
#3798 = EDGE_CURVE('',#3790,#3799,#3801,.T.);
#3799 = VERTEX_POINT('',#3800);
#3800 = CARTESIAN_POINT('',(1.125,2.45,-1.110223024625E-16));
#3801 = LINE('',#3802,#3803);
#3802 = CARTESIAN_POINT('',(1.125,2.12125,-1.110223024625E-16));
#3803 = VECTOR('',#3804,1.);
#3804 = DIRECTION('',(-3.330669073875E-16,1.,0.));
#3805 = ORIENTED_EDGE('',*,*,#3806,.T.);
#3806 = EDGE_CURVE('',#3799,#3807,#3809,.T.);
#3807 = VERTEX_POINT('',#3808);
#3808 = CARTESIAN_POINT('',(1.125,2.45,0.155));
#3809 = LINE('',#3810,#3811);
#3810 = CARTESIAN_POINT('',(1.125,2.45,-1.110223024625E-16));
#3811 = VECTOR('',#3812,1.);
#3812 = DIRECTION('',(0.,0.,1.));
#3813 = ORIENTED_EDGE('',*,*,#3814,.T.);
#3814 = EDGE_CURVE('',#3807,#3815,#3817,.T.);
#3815 = VERTEX_POINT('',#3816);
#3816 = CARTESIAN_POINT('',(1.125,2.12125,0.155));
#3817 = LINE('',#3818,#3819);
#3818 = CARTESIAN_POINT('',(1.125,2.45,0.155));
#3819 = VECTOR('',#3820,1.);
#3820 = DIRECTION('',(3.330669073875E-16,-1.,0.));
#3821 = ORIENTED_EDGE('',*,*,#3822,.T.);
#3822 = EDGE_CURVE('',#3815,#3823,#3825,.T.);
#3823 = VERTEX_POINT('',#3824);
#3824 = CARTESIAN_POINT('',(1.125,2.006766098712,0.251063399346));
#3825 = CIRCLE('',#3826,0.11625);
#3826 = AXIS2_PLACEMENT_3D('',#3827,#3828,#3829);
#3827 = CARTESIAN_POINT('',(1.125,2.12125,0.27125));
#3828 = DIRECTION('',(-1.,-3.330669073875E-16,4.379057701015E-47));
#3829 = DIRECTION('',(3.180890746859E-31,-9.550305588173E-16,-1.));
#3830 = ORIENTED_EDGE('',*,*,#3831,.T.);
#3831 = EDGE_CURVE('',#3823,#3832,#3834,.T.);
#3832 = VERTEX_POINT('',#3833);
#3833 = CARTESIAN_POINT('',(1.125,1.972666786091,0.478352068192));
#3834 = LINE('',#3835,#3836);
#3835 = CARTESIAN_POINT('',(1.125,2.006766098712,0.251063399346));
#3836 = VECTOR('',#3837,1.);
#3837 = DIRECTION('',(4.941581701296E-17,-0.148366036724,0.988932514961)
  );
#3838 = ORIENTED_EDGE('',*,*,#3839,.T.);
#3839 = EDGE_CURVE('',#3832,#3840,#3842,.T.);
#3840 = VERTEX_POINT('',#3841);
#3841 = CARTESIAN_POINT('',(1.125,1.705537683087,0.7025));
#3842 = CIRCLE('',#3843,0.27125);
#3843 = AXIS2_PLACEMENT_3D('',#3844,#3845,#3846);
#3844 = CARTESIAN_POINT('',(1.125,1.705537683087,0.43125));
#3845 = DIRECTION('',(1.,3.330669073875E-16,-1.232595164408E-32));
#3846 = DIRECTION('',(-3.28006872667E-16,0.984807753012,0.173648177667)
  );
#3847 = ORIENTED_EDGE('',*,*,#3848,.T.);
#3848 = EDGE_CURVE('',#3840,#1262,#3849,.T.);
#3849 = LINE('',#3850,#3851);
#3850 = CARTESIAN_POINT('',(1.125,1.705537683087,0.7025));
#3851 = VECTOR('',#3852,1.);
#3852 = DIRECTION('',(3.330669073875E-16,-1.,0.));
#3853 = PLANE('',#3854);
#3854 = AXIS2_PLACEMENT_3D('',#3855,#3856,#3857);
#3855 = CARTESIAN_POINT('',(1.125,1.92238593548,0.347164380556));
#3856 = DIRECTION('',(1.,3.330669073875E-16,0.));
#3857 = DIRECTION('',(0.,0.,1.));
#3858 = ADVANCED_FACE('',(#3859),#3870,.T.);
#3859 = FACE_BOUND('',#3860,.T.);
#3860 = EDGE_LOOP('',(#3861,#3862,#3863,#3864));
#3861 = ORIENTED_EDGE('',*,*,#2755,.T.);
#3862 = ORIENTED_EDGE('',*,*,#1316,.T.);
#3863 = ORIENTED_EDGE('',*,*,#1734,.F.);
#3864 = ORIENTED_EDGE('',*,*,#3865,.F.);
#3865 = EDGE_CURVE('',#2748,#1727,#3866,.T.);
#3866 = LINE('',#3867,#3868);
#3867 = CARTESIAN_POINT('',(-0.875,-1.972666786091,0.478352068192));
#3868 = VECTOR('',#3869,1.);
#3869 = DIRECTION('',(-1.,-1.110223024625E-16,0.));
#3870 = CYLINDRICAL_SURFACE('',#3871,0.27125);
#3871 = AXIS2_PLACEMENT_3D('',#3872,#3873,#3874);
#3872 = CARTESIAN_POINT('',(-0.875,-1.705537683087,0.43125));
#3873 = DIRECTION('',(1.,1.110223024625E-16,-0.));
#3874 = DIRECTION('',(1.093356242224E-16,-0.984807753012,0.173648177667)
  );
#3875 = ADVANCED_FACE('',(#3876),#3889,.F.);
#3876 = FACE_BOUND('',#3877,.F.);
#3877 = EDGE_LOOP('',(#3878,#3879,#3885,#3886,#3887,#3888));
#3878 = ORIENTED_EDGE('',*,*,#1877,.F.);
#3879 = ORIENTED_EDGE('',*,*,#3880,.T.);
#3880 = EDGE_CURVE('',#1869,#1978,#3881,.T.);
#3881 = LINE('',#3882,#3883);
#3882 = CARTESIAN_POINT('',(1.125,-1.705537683087,0.7025));
#3883 = VECTOR('',#3884,1.);
#3884 = DIRECTION('',(-1.,-1.110223024625E-16,0.));
#3885 = ORIENTED_EDGE('',*,*,#1986,.T.);
#3886 = ORIENTED_EDGE('',*,*,#2008,.T.);
#3887 = ORIENTED_EDGE('',*,*,#1363,.F.);
#3888 = ORIENTED_EDGE('',*,*,#1751,.F.);
#3889 = PLANE('',#3890);
#3890 = AXIS2_PLACEMENT_3D('',#3891,#3892,#3893);
#3891 = CARTESIAN_POINT('',(1.125,-1.705537683087,0.7025));
#3892 = DIRECTION('',(-0.,0.,-1.));
#3893 = DIRECTION('',(-1.110223024625E-16,1.,0.));
#3894 = ADVANCED_FACE('',(#3895),#3908,.F.);
#3895 = FACE_BOUND('',#3896,.F.);
#3896 = EDGE_LOOP('',(#3897,#3898,#3904,#3905,#3906,#3907));
#3897 = ORIENTED_EDGE('',*,*,#2100,.F.);
#3898 = ORIENTED_EDGE('',*,*,#3899,.T.);
#3899 = EDGE_CURVE('',#2092,#2201,#3900,.T.);
#3900 = LINE('',#3901,#3902);
#3901 = CARTESIAN_POINT('',(0.625,-1.705537683087,0.7025));
#3902 = VECTOR('',#3903,1.);
#3903 = DIRECTION('',(-1.,-1.110223024625E-16,0.));
#3904 = ORIENTED_EDGE('',*,*,#2209,.T.);
#3905 = ORIENTED_EDGE('',*,*,#2231,.T.);
#3906 = ORIENTED_EDGE('',*,*,#1379,.F.);
#3907 = ORIENTED_EDGE('',*,*,#2001,.F.);
#3908 = PLANE('',#3909);
#3909 = AXIS2_PLACEMENT_3D('',#3910,#3911,#3912);
#3910 = CARTESIAN_POINT('',(0.625,-1.705537683087,0.7025));
#3911 = DIRECTION('',(-0.,0.,-1.));
#3912 = DIRECTION('',(-1.110223024625E-16,1.,0.));
#3913 = ADVANCED_FACE('',(#3914),#3927,.F.);
#3914 = FACE_BOUND('',#3915,.F.);
#3915 = EDGE_LOOP('',(#3916,#3917,#3923,#3924,#3925,#3926));
#3916 = ORIENTED_EDGE('',*,*,#2323,.F.);
#3917 = ORIENTED_EDGE('',*,*,#3918,.T.);
#3918 = EDGE_CURVE('',#2315,#2424,#3919,.T.);
#3919 = LINE('',#3920,#3921);
#3920 = CARTESIAN_POINT('',(0.125,-1.705537683087,0.7025));
#3921 = VECTOR('',#3922,1.);
#3922 = DIRECTION('',(-1.,-1.110223024625E-16,0.));
#3923 = ORIENTED_EDGE('',*,*,#2432,.T.);
#3924 = ORIENTED_EDGE('',*,*,#2454,.T.);
#3925 = ORIENTED_EDGE('',*,*,#1395,.F.);
#3926 = ORIENTED_EDGE('',*,*,#2224,.F.);
#3927 = PLANE('',#3928);
#3928 = AXIS2_PLACEMENT_3D('',#3929,#3930,#3931);
#3929 = CARTESIAN_POINT('',(0.125,-1.705537683087,0.7025));
#3930 = DIRECTION('',(-0.,0.,-1.));
#3931 = DIRECTION('',(-1.110223024625E-16,1.,0.));
#3932 = ADVANCED_FACE('',(#3933),#3946,.F.);
#3933 = FACE_BOUND('',#3934,.F.);
#3934 = EDGE_LOOP('',(#3935,#3936,#3942,#3943,#3944,#3945));
#3935 = ORIENTED_EDGE('',*,*,#2546,.F.);
#3936 = ORIENTED_EDGE('',*,*,#3937,.T.);
#3937 = EDGE_CURVE('',#2538,#2647,#3938,.T.);
#3938 = LINE('',#3939,#3940);
#3939 = CARTESIAN_POINT('',(-0.375,-1.705537683087,0.7025));
#3940 = VECTOR('',#3941,1.);
#3941 = DIRECTION('',(-1.,-1.110223024625E-16,0.));
#3942 = ORIENTED_EDGE('',*,*,#2655,.T.);
#3943 = ORIENTED_EDGE('',*,*,#2672,.T.);
#3944 = ORIENTED_EDGE('',*,*,#1411,.F.);
#3945 = ORIENTED_EDGE('',*,*,#2447,.F.);
#3946 = PLANE('',#3947);
#3947 = AXIS2_PLACEMENT_3D('',#3948,#3949,#3950);
#3948 = CARTESIAN_POINT('',(-0.375,-1.705537683087,0.7025));
#3949 = DIRECTION('',(-0.,0.,-1.));
#3950 = DIRECTION('',(-1.110223024625E-16,1.,0.));
#3951 = ADVANCED_FACE('',(#3952,#3981),#3992,.T.);
#3952 = FACE_BOUND('',#3953,.T.);
#3953 = EDGE_LOOP('',(#3954,#3955,#3956,#3964,#3972,#3978,#3979,#3980));
#3954 = ORIENTED_EDGE('',*,*,#1463,.F.);
#3955 = ORIENTED_EDGE('',*,*,#1434,.F.);
#3956 = ORIENTED_EDGE('',*,*,#3957,.F.);
#3957 = EDGE_CURVE('',#3958,#1435,#3960,.T.);
#3958 = VERTEX_POINT('',#3959);
#3959 = CARTESIAN_POINT('',(1.379910025168,-1.239955012584,1.1));
#3960 = LINE('',#3961,#3962);
#3961 = CARTESIAN_POINT('',(1.379910025168,-1.239955012584,1.1));
#3962 = VECTOR('',#3963,1.);
#3963 = DIRECTION('',(-0.707106781187,-0.707106781187,0.));
#3964 = ORIENTED_EDGE('',*,*,#3965,.F.);
#3965 = EDGE_CURVE('',#3966,#3958,#3968,.T.);
#3966 = VERTEX_POINT('',#3967);
#3967 = CARTESIAN_POINT('',(1.379910025168,1.239955012584,1.1));
#3968 = LINE('',#3969,#3970);
#3969 = CARTESIAN_POINT('',(1.379910025168,1.239955012584,1.1));
#3970 = VECTOR('',#3971,1.);
#3971 = DIRECTION('',(2.22044604925E-16,-1.,0.));
#3972 = ORIENTED_EDGE('',*,*,#3973,.F.);
#3973 = EDGE_CURVE('',#1606,#3966,#3974,.T.);
#3974 = LINE('',#3975,#3976);
#3975 = CARTESIAN_POINT('',(1.239955012584,1.379910025168,1.1));
#3976 = VECTOR('',#3977,1.);
#3977 = DIRECTION('',(0.707106781187,-0.707106781187,0.));
#3978 = ORIENTED_EDGE('',*,*,#1612,.F.);
#3979 = ORIENTED_EDGE('',*,*,#1509,.F.);
#3980 = ORIENTED_EDGE('',*,*,#1486,.F.);
#3981 = FACE_BOUND('',#3982,.T.);
#3982 = EDGE_LOOP('',(#3983));
#3983 = ORIENTED_EDGE('',*,*,#3984,.F.);
#3984 = EDGE_CURVE('',#3985,#3985,#3987,.T.);
#3985 = VERTEX_POINT('',#3986);
#3986 = CARTESIAN_POINT('',(-1.093928020135,-0.950937017618,1.1));
#3987 = CIRCLE('',#3988,0.142991002517);
#3988 = AXIS2_PLACEMENT_3D('',#3989,#3990,#3991);
#3989 = CARTESIAN_POINT('',(-1.093928020135,-1.093928020135,1.1));
#3990 = DIRECTION('',(0.,0.,1.));
#3991 = DIRECTION('',(-2.22044604925E-16,1.,0.));
#3992 = PLANE('',#3993);
#3993 = AXIS2_PLACEMENT_3D('',#3994,#3995,#3996);
#3994 = CARTESIAN_POINT('',(-1.239955012584,-1.379910025168,1.1));
#3995 = DIRECTION('',(0.,0.,1.));
#3996 = DIRECTION('',(0.668379623446,0.743820327069,0.));
#3997 = ADVANCED_FACE('',(#3998),#4008,.F.);
#3998 = FACE_BOUND('',#3999,.F.);
#3999 = EDGE_LOOP('',(#4000,#4001,#4002,#4003));
#4000 = ORIENTED_EDGE('',*,*,#1758,.T.);
#4001 = ORIENTED_EDGE('',*,*,#1442,.T.);
#4002 = ORIENTED_EDGE('',*,*,#3957,.F.);
#4003 = ORIENTED_EDGE('',*,*,#4004,.F.);
#4004 = EDGE_CURVE('',#1759,#3958,#4005,.T.);
#4005 = B_SPLINE_CURVE_WITH_KNOTS('',1,(#4006,#4007),.UNSPECIFIED.,.F.,
  .F.,(2,2),(0.,1.),.PIECEWISE_BEZIER_KNOTS.);
#4006 = CARTESIAN_POINT('',(1.45,-1.275,0.7025));
#4007 = CARTESIAN_POINT('',(1.379910025168,-1.239955012584,1.1));
#4008 = B_SPLINE_SURFACE_WITH_KNOTS('',1,1,(
    (#4009,#4010)
    ,(#4011,#4012
    )),.UNSPECIFIED.,.F.,.F.,.F.,(2,2),(2,2),(0.,0.247487373415),(0.,1.)
  ,.PIECEWISE_BEZIER_KNOTS.);
#4009 = CARTESIAN_POINT('',(1.45,-1.275,0.7025));
#4010 = CARTESIAN_POINT('',(1.379910025168,-1.239955012584,1.1));
#4011 = CARTESIAN_POINT('',(1.275,-1.45,0.7025));
#4012 = CARTESIAN_POINT('',(1.239955012584,-1.379910025168,1.1));
#4013 = ADVANCED_FACE('',(#4014),#4027,.F.);
#4014 = FACE_BOUND('',#4015,.F.);
#4015 = EDGE_LOOP('',(#4016,#4017,#4023,#4024,#4025,#4026));
#4016 = ORIENTED_EDGE('',*,*,#3070,.F.);
#4017 = ORIENTED_EDGE('',*,*,#4018,.T.);
#4018 = EDGE_CURVE('',#3062,#3171,#4019,.T.);
#4019 = LINE('',#4020,#4021);
#4020 = CARTESIAN_POINT('',(-0.625,1.705537683087,0.7025));
#4021 = VECTOR('',#4022,1.);
#4022 = DIRECTION('',(1.,3.330669073875E-16,0.));
#4023 = ORIENTED_EDGE('',*,*,#3179,.T.);
#4024 = ORIENTED_EDGE('',*,*,#3193,.T.);
#4025 = ORIENTED_EDGE('',*,*,#1541,.F.);
#4026 = ORIENTED_EDGE('',*,*,#2977,.F.);
#4027 = PLANE('',#4028);
#4028 = AXIS2_PLACEMENT_3D('',#4029,#4030,#4031);
#4029 = CARTESIAN_POINT('',(-0.625,1.705537683087,0.7025));
#4030 = DIRECTION('',(-0.,0.,-1.));
#4031 = DIRECTION('',(3.330669073875E-16,-1.,-0.));
#4032 = ADVANCED_FACE('',(#4033),#4046,.F.);
#4033 = FACE_BOUND('',#4034,.F.);
#4034 = EDGE_LOOP('',(#4035,#4036,#4042,#4043,#4044,#4045));
#4035 = ORIENTED_EDGE('',*,*,#3293,.F.);
#4036 = ORIENTED_EDGE('',*,*,#4037,.T.);
#4037 = EDGE_CURVE('',#3285,#3394,#4038,.T.);
#4038 = LINE('',#4039,#4040);
#4039 = CARTESIAN_POINT('',(-0.125,1.705537683087,0.7025));
#4040 = VECTOR('',#4041,1.);
#4041 = DIRECTION('',(1.,3.330669073875E-16,0.));
#4042 = ORIENTED_EDGE('',*,*,#3402,.T.);
#4043 = ORIENTED_EDGE('',*,*,#3416,.T.);
#4044 = ORIENTED_EDGE('',*,*,#1557,.F.);
#4045 = ORIENTED_EDGE('',*,*,#3200,.F.);
#4046 = PLANE('',#4047);
#4047 = AXIS2_PLACEMENT_3D('',#4048,#4049,#4050);
#4048 = CARTESIAN_POINT('',(-0.125,1.705537683087,0.7025));
#4049 = DIRECTION('',(-0.,0.,-1.));
#4050 = DIRECTION('',(3.330669073875E-16,-1.,-0.));
#4051 = ADVANCED_FACE('',(#4052),#4065,.F.);
#4052 = FACE_BOUND('',#4053,.F.);
#4053 = EDGE_LOOP('',(#4054,#4055,#4061,#4062,#4063,#4064));
#4054 = ORIENTED_EDGE('',*,*,#3516,.F.);
#4055 = ORIENTED_EDGE('',*,*,#4056,.T.);
#4056 = EDGE_CURVE('',#3508,#3617,#4057,.T.);
#4057 = LINE('',#4058,#4059);
#4058 = CARTESIAN_POINT('',(0.375,1.705537683087,0.7025));
#4059 = VECTOR('',#4060,1.);
#4060 = DIRECTION('',(1.,3.330669073875E-16,0.));
#4061 = ORIENTED_EDGE('',*,*,#3625,.T.);
#4062 = ORIENTED_EDGE('',*,*,#3639,.T.);
#4063 = ORIENTED_EDGE('',*,*,#1573,.F.);
#4064 = ORIENTED_EDGE('',*,*,#3423,.F.);
#4065 = PLANE('',#4066);
#4066 = AXIS2_PLACEMENT_3D('',#4067,#4068,#4069);
#4067 = CARTESIAN_POINT('',(0.375,1.705537683087,0.7025));
#4068 = DIRECTION('',(-0.,0.,-1.));
#4069 = DIRECTION('',(3.330669073875E-16,-1.,-0.));
#4070 = ADVANCED_FACE('',(#4071),#4084,.F.);
#4071 = FACE_BOUND('',#4072,.F.);
#4072 = EDGE_LOOP('',(#4073,#4074,#4080,#4081,#4082,#4083));
#4073 = ORIENTED_EDGE('',*,*,#3739,.F.);
#4074 = ORIENTED_EDGE('',*,*,#4075,.T.);
#4075 = EDGE_CURVE('',#3731,#3840,#4076,.T.);
#4076 = LINE('',#4077,#4078);
#4077 = CARTESIAN_POINT('',(0.875,1.705537683087,0.7025));
#4078 = VECTOR('',#4079,1.);
#4079 = DIRECTION('',(1.,3.330669073875E-16,0.));
#4080 = ORIENTED_EDGE('',*,*,#3848,.T.);
#4081 = ORIENTED_EDGE('',*,*,#1781,.T.);
#4082 = ORIENTED_EDGE('',*,*,#1589,.F.);
#4083 = ORIENTED_EDGE('',*,*,#3646,.F.);
#4084 = PLANE('',#4085);
#4085 = AXIS2_PLACEMENT_3D('',#4086,#4087,#4088);
#4086 = CARTESIAN_POINT('',(0.875,1.705537683087,0.7025));
#4087 = DIRECTION('',(-0.,0.,-1.));
#4088 = DIRECTION('',(3.330669073875E-16,-1.,-0.));
#4089 = ADVANCED_FACE('',(#4090),#4100,.F.);
#4090 = FACE_BOUND('',#4091,.F.);
#4091 = EDGE_LOOP('',(#4092,#4093,#4098,#4099));
#4092 = ORIENTED_EDGE('',*,*,#1774,.T.);
#4093 = ORIENTED_EDGE('',*,*,#4094,.T.);
#4094 = EDGE_CURVE('',#1767,#3966,#4095,.T.);
#4095 = B_SPLINE_CURVE_WITH_KNOTS('',1,(#4096,#4097),.UNSPECIFIED.,.F.,
  .F.,(2,2),(0.,1.),.PIECEWISE_BEZIER_KNOTS.);
#4096 = CARTESIAN_POINT('',(1.45,1.275,0.7025));
#4097 = CARTESIAN_POINT('',(1.379910025168,1.239955012584,1.1));
#4098 = ORIENTED_EDGE('',*,*,#3973,.F.);
#4099 = ORIENTED_EDGE('',*,*,#1605,.F.);
#4100 = B_SPLINE_SURFACE_WITH_KNOTS('',1,1,(
    (#4101,#4102)
    ,(#4103,#4104
    )),.UNSPECIFIED.,.F.,.F.,.F.,(2,2),(2,2),(0.,0.247487373415),(0.,1.)
  ,.PIECEWISE_BEZIER_KNOTS.);
#4101 = CARTESIAN_POINT('',(1.275,1.45,0.7025));
#4102 = CARTESIAN_POINT('',(1.239955012584,1.379910025168,1.1));
#4103 = CARTESIAN_POINT('',(1.45,1.275,0.7025));
#4104 = CARTESIAN_POINT('',(1.379910025168,1.239955012584,1.1));
#4105 = ADVANCED_FACE('',(#4106),#4117,.T.);
#4106 = FACE_BOUND('',#4107,.T.);
#4107 = EDGE_LOOP('',(#4108,#4109,#4110,#4111));
#4108 = ORIENTED_EDGE('',*,*,#2857,.T.);
#4109 = ORIENTED_EDGE('',*,*,#1635,.T.);
#4110 = ORIENTED_EDGE('',*,*,#2959,.F.);
#4111 = ORIENTED_EDGE('',*,*,#4112,.F.);
#4112 = EDGE_CURVE('',#2850,#2952,#4113,.T.);
#4113 = LINE('',#4114,#4115);
#4114 = CARTESIAN_POINT('',(-1.125,1.972666786091,0.478352068192));
#4115 = VECTOR('',#4116,1.);
#4116 = DIRECTION('',(1.,3.330669073875E-16,0.));
#4117 = CYLINDRICAL_SURFACE('',#4118,0.27125);
#4118 = AXIS2_PLACEMENT_3D('',#4119,#4120,#4121);
#4119 = CARTESIAN_POINT('',(-1.125,1.705537683087,0.43125));
#4120 = DIRECTION('',(-1.,-3.330669073875E-16,0.));
#4121 = DIRECTION('',(-3.28006872667E-16,0.984807753012,0.173648177667)
  );
#4122 = ADVANCED_FACE('',(#4123),#4134,.F.);
#4123 = FACE_BOUND('',#4124,.F.);
#4124 = EDGE_LOOP('',(#4125,#4131,#4132,#4133));
#4125 = ORIENTED_EDGE('',*,*,#4126,.T.);
#4126 = EDGE_CURVE('',#2739,#1718,#4127,.T.);
#4127 = LINE('',#4128,#4129);
#4128 = CARTESIAN_POINT('',(-0.875,-2.006766098712,0.251063399346));
#4129 = VECTOR('',#4130,1.);
#4130 = DIRECTION('',(-1.,-1.110223024625E-16,0.));
#4131 = ORIENTED_EDGE('',*,*,#1726,.T.);
#4132 = ORIENTED_EDGE('',*,*,#3865,.F.);
#4133 = ORIENTED_EDGE('',*,*,#2747,.F.);
#4134 = PLANE('',#4135);
#4135 = AXIS2_PLACEMENT_3D('',#4136,#4137,#4138);
#4136 = CARTESIAN_POINT('',(-0.875,-2.006766098712,0.251063399346));
#4137 = DIRECTION('',(-1.09793564791E-16,0.988932514961,-0.148366036724)
  );
#4138 = DIRECTION('',(-1.647193900438E-17,0.148366036724,0.988932514961)
  );
#4139 = ADVANCED_FACE('',(#4140),#4151,.F.);
#4140 = FACE_BOUND('',#4141,.F.);
#4141 = EDGE_LOOP('',(#4142,#4148,#4149,#4150));
#4142 = ORIENTED_EDGE('',*,*,#4143,.T.);
#4143 = EDGE_CURVE('',#2731,#1710,#4144,.T.);
#4144 = LINE('',#4145,#4146);
#4145 = CARTESIAN_POINT('',(-0.875,-2.12125,0.155));
#4146 = VECTOR('',#4147,1.);
#4147 = DIRECTION('',(-1.,-1.110223024625E-16,0.));
#4148 = ORIENTED_EDGE('',*,*,#1717,.T.);
#4149 = ORIENTED_EDGE('',*,*,#4126,.F.);
#4150 = ORIENTED_EDGE('',*,*,#2738,.F.);
#4151 = CYLINDRICAL_SURFACE('',#4152,0.11625);
#4152 = AXIS2_PLACEMENT_3D('',#4153,#4154,#4155);
#4153 = CARTESIAN_POINT('',(-0.875,-2.12125,0.27125));
#4154 = DIRECTION('',(1.,1.110223024625E-16,0.));
#4155 = DIRECTION('',(-1.06029691562E-31,9.550305588173E-16,-1.));
#4156 = ADVANCED_FACE('',(#4157),#4168,.F.);
#4157 = FACE_BOUND('',#4158,.F.);
#4158 = EDGE_LOOP('',(#4159,#4165,#4166,#4167));
#4159 = ORIENTED_EDGE('',*,*,#4160,.T.);
#4160 = EDGE_CURVE('',#2723,#1702,#4161,.T.);
#4161 = LINE('',#4162,#4163);
#4162 = CARTESIAN_POINT('',(-0.875,-2.45,0.155));
#4163 = VECTOR('',#4164,1.);
#4164 = DIRECTION('',(-1.,-1.110223024625E-16,0.));
#4165 = ORIENTED_EDGE('',*,*,#1709,.T.);
#4166 = ORIENTED_EDGE('',*,*,#4143,.F.);
#4167 = ORIENTED_EDGE('',*,*,#2730,.F.);
#4168 = PLANE('',#4169);
#4169 = AXIS2_PLACEMENT_3D('',#4170,#4171,#4172);
#4170 = CARTESIAN_POINT('',(-0.875,-2.45,0.155));
#4171 = DIRECTION('',(-0.,0.,-1.));
#4172 = DIRECTION('',(-1.110223024625E-16,1.,0.));
#4173 = ADVANCED_FACE('',(#4174),#4185,.F.);
#4174 = FACE_BOUND('',#4175,.F.);
#4175 = EDGE_LOOP('',(#4176,#4182,#4183,#4184));
#4176 = ORIENTED_EDGE('',*,*,#4177,.T.);
#4177 = EDGE_CURVE('',#2715,#1694,#4178,.T.);
#4178 = LINE('',#4179,#4180);
#4179 = CARTESIAN_POINT('',(-0.875,-2.45,-1.110223024625E-16));
#4180 = VECTOR('',#4181,1.);
#4181 = DIRECTION('',(-1.,-1.110223024625E-16,0.));
#4182 = ORIENTED_EDGE('',*,*,#1701,.T.);
#4183 = ORIENTED_EDGE('',*,*,#4160,.F.);
#4184 = ORIENTED_EDGE('',*,*,#2722,.F.);
#4185 = PLANE('',#4186);
#4186 = AXIS2_PLACEMENT_3D('',#4187,#4188,#4189);
#4187 = CARTESIAN_POINT('',(-0.875,-2.45,-1.110223024625E-16));
#4188 = DIRECTION('',(-1.110223024625E-16,1.,0.));
#4189 = DIRECTION('',(0.,0.,1.));
#4190 = ADVANCED_FACE('',(#4191),#4202,.F.);
#4191 = FACE_BOUND('',#4192,.F.);
#4192 = EDGE_LOOP('',(#4193,#4199,#4200,#4201));
#4193 = ORIENTED_EDGE('',*,*,#4194,.T.);
#4194 = EDGE_CURVE('',#2706,#1685,#4195,.T.);
#4195 = LINE('',#4196,#4197);
#4196 = CARTESIAN_POINT('',(-0.875,-2.12125,-1.110223024625E-16));
#4197 = VECTOR('',#4198,1.);
#4198 = DIRECTION('',(-1.,-1.110223024625E-16,0.));
#4199 = ORIENTED_EDGE('',*,*,#1693,.T.);
#4200 = ORIENTED_EDGE('',*,*,#4177,.F.);
#4201 = ORIENTED_EDGE('',*,*,#2714,.F.);
#4202 = PLANE('',#4203);
#4203 = AXIS2_PLACEMENT_3D('',#4204,#4205,#4206);
#4204 = CARTESIAN_POINT('',(-0.875,-2.12125,-1.110223024625E-16));
#4205 = DIRECTION('',(0.,0.,1.));
#4206 = DIRECTION('',(1.110223024625E-16,-1.,0.));
#4207 = ADVANCED_FACE('',(#4208),#4219,.T.);
#4208 = FACE_BOUND('',#4209,.T.);
#4209 = EDGE_LOOP('',(#4210,#4211,#4212,#4213));
#4210 = ORIENTED_EDGE('',*,*,#2705,.T.);
#4211 = ORIENTED_EDGE('',*,*,#4194,.T.);
#4212 = ORIENTED_EDGE('',*,*,#1684,.F.);
#4213 = ORIENTED_EDGE('',*,*,#4214,.F.);
#4214 = EDGE_CURVE('',#2698,#1677,#4215,.T.);
#4215 = LINE('',#4216,#4217);
#4216 = CARTESIAN_POINT('',(-0.875,-1.854120896995,0.224147931808));
#4217 = VECTOR('',#4218,1.);
#4218 = DIRECTION('',(-1.,-1.110223024625E-16,0.));
#4219 = CYLINDRICAL_SURFACE('',#4220,0.27125);
#4220 = AXIS2_PLACEMENT_3D('',#4221,#4222,#4223);
#4221 = CARTESIAN_POINT('',(-0.875,-2.12125,0.27125));
#4222 = DIRECTION('',(1.,1.110223024625E-16,-0.));
#4223 = DIRECTION('',(-1.093356242224E-16,0.984807753012,-0.173648177667
    ));
#4224 = ADVANCED_FACE('',(#4225),#4231,.F.);
#4225 = FACE_BOUND('',#4226,.F.);
#4226 = EDGE_LOOP('',(#4227,#4228,#4229,#4230));
#4227 = ORIENTED_EDGE('',*,*,#2773,.T.);
#4228 = ORIENTED_EDGE('',*,*,#1676,.T.);
#4229 = ORIENTED_EDGE('',*,*,#4214,.F.);
#4230 = ORIENTED_EDGE('',*,*,#2697,.F.);
#4231 = PLANE('',#4232);
#4232 = AXIS2_PLACEMENT_3D('',#4233,#4234,#4235);
#4233 = CARTESIAN_POINT('',(-0.875,-1.820021584374,0.451436600654));
#4234 = DIRECTION('',(1.09793564791E-16,-0.988932514961,0.148366036724)
  );
#4235 = DIRECTION('',(1.647193900438E-17,-0.148366036724,-0.988932514961
    ));
#4236 = ADVANCED_FACE('',(#4237),#4243,.F.);
#4237 = FACE_BOUND('',#4238,.F.);
#4238 = EDGE_LOOP('',(#4239,#4240,#4241,#4242));
#4239 = ORIENTED_EDGE('',*,*,#1766,.T.);
#4240 = ORIENTED_EDGE('',*,*,#4004,.T.);
#4241 = ORIENTED_EDGE('',*,*,#3965,.F.);
#4242 = ORIENTED_EDGE('',*,*,#4094,.F.);
#4243 = B_SPLINE_SURFACE_WITH_KNOTS('',1,1,(
    (#4244,#4245)
    ,(#4246,#4247
    )),.UNSPECIFIED.,.F.,.F.,.F.,(2,2),(2,2),(0.,2.55),(0.,1.),
  .PIECEWISE_BEZIER_KNOTS.);
#4244 = CARTESIAN_POINT('',(1.45,1.275,0.7025));
#4245 = CARTESIAN_POINT('',(1.379910025168,1.239955012584,1.1));
#4246 = CARTESIAN_POINT('',(1.45,-1.275,0.7025));
#4247 = CARTESIAN_POINT('',(1.379910025168,-1.239955012584,1.1));
#4248 = ADVANCED_FACE('',(#4249),#4260,.T.);
#4249 = FACE_BOUND('',#4250,.T.);
#4250 = EDGE_LOOP('',(#4251,#4252,#4253,#4254));
#4251 = ORIENTED_EDGE('',*,*,#1868,.T.);
#4252 = ORIENTED_EDGE('',*,*,#3880,.T.);
#4253 = ORIENTED_EDGE('',*,*,#1977,.F.);
#4254 = ORIENTED_EDGE('',*,*,#4255,.F.);
#4255 = EDGE_CURVE('',#1861,#1970,#4256,.T.);
#4256 = LINE('',#4257,#4258);
#4257 = CARTESIAN_POINT('',(1.125,-1.972666786091,0.478352068192));
#4258 = VECTOR('',#4259,1.);
#4259 = DIRECTION('',(-1.,-1.110223024625E-16,0.));
#4260 = CYLINDRICAL_SURFACE('',#4261,0.27125);
#4261 = AXIS2_PLACEMENT_3D('',#4262,#4263,#4264);
#4262 = CARTESIAN_POINT('',(1.125,-1.705537683087,0.43125));
#4263 = DIRECTION('',(1.,1.110223024625E-16,-0.));
#4264 = DIRECTION('',(1.093356242224E-16,-0.984807753012,0.173648177667)
  );
#4265 = ADVANCED_FACE('',(#4266),#4277,.F.);
#4266 = FACE_BOUND('',#4267,.F.);
#4267 = EDGE_LOOP('',(#4268,#4274,#4275,#4276));
#4268 = ORIENTED_EDGE('',*,*,#4269,.T.);
#4269 = EDGE_CURVE('',#1852,#1961,#4270,.T.);
#4270 = LINE('',#4271,#4272);
#4271 = CARTESIAN_POINT('',(1.125,-2.006766098712,0.251063399346));
#4272 = VECTOR('',#4273,1.);
#4273 = DIRECTION('',(-1.,-1.110223024625E-16,0.));
#4274 = ORIENTED_EDGE('',*,*,#1969,.T.);
#4275 = ORIENTED_EDGE('',*,*,#4255,.F.);
#4276 = ORIENTED_EDGE('',*,*,#1860,.F.);
#4277 = PLANE('',#4278);
#4278 = AXIS2_PLACEMENT_3D('',#4279,#4280,#4281);
#4279 = CARTESIAN_POINT('',(1.125,-2.006766098712,0.251063399346));
#4280 = DIRECTION('',(-1.09793564791E-16,0.988932514961,-0.148366036724)
  );
#4281 = DIRECTION('',(-1.647193900438E-17,0.148366036724,0.988932514961)
  );
#4282 = ADVANCED_FACE('',(#4283),#4294,.F.);
#4283 = FACE_BOUND('',#4284,.F.);
#4284 = EDGE_LOOP('',(#4285,#4291,#4292,#4293));
#4285 = ORIENTED_EDGE('',*,*,#4286,.T.);
#4286 = EDGE_CURVE('',#1844,#1953,#4287,.T.);
#4287 = LINE('',#4288,#4289);
#4288 = CARTESIAN_POINT('',(1.125,-2.12125,0.155));
#4289 = VECTOR('',#4290,1.);
#4290 = DIRECTION('',(-1.,-1.110223024625E-16,0.));
#4291 = ORIENTED_EDGE('',*,*,#1960,.T.);
#4292 = ORIENTED_EDGE('',*,*,#4269,.F.);
#4293 = ORIENTED_EDGE('',*,*,#1851,.F.);
#4294 = CYLINDRICAL_SURFACE('',#4295,0.11625);
#4295 = AXIS2_PLACEMENT_3D('',#4296,#4297,#4298);
#4296 = CARTESIAN_POINT('',(1.125,-2.12125,0.27125));
#4297 = DIRECTION('',(1.,1.110223024625E-16,0.));
#4298 = DIRECTION('',(-1.06029691562E-31,9.550305588173E-16,-1.));
#4299 = ADVANCED_FACE('',(#4300),#4311,.F.);
#4300 = FACE_BOUND('',#4301,.F.);
#4301 = EDGE_LOOP('',(#4302,#4308,#4309,#4310));
#4302 = ORIENTED_EDGE('',*,*,#4303,.T.);
#4303 = EDGE_CURVE('',#1836,#1945,#4304,.T.);
#4304 = LINE('',#4305,#4306);
#4305 = CARTESIAN_POINT('',(1.125,-2.45,0.155));
#4306 = VECTOR('',#4307,1.);
#4307 = DIRECTION('',(-1.,-1.110223024625E-16,0.));
#4308 = ORIENTED_EDGE('',*,*,#1952,.T.);
#4309 = ORIENTED_EDGE('',*,*,#4286,.F.);
#4310 = ORIENTED_EDGE('',*,*,#1843,.F.);
#4311 = PLANE('',#4312);
#4312 = AXIS2_PLACEMENT_3D('',#4313,#4314,#4315);
#4313 = CARTESIAN_POINT('',(1.125,-2.45,0.155));
#4314 = DIRECTION('',(-0.,0.,-1.));
#4315 = DIRECTION('',(-1.110223024625E-16,1.,0.));
#4316 = ADVANCED_FACE('',(#4317),#4328,.F.);
#4317 = FACE_BOUND('',#4318,.F.);
#4318 = EDGE_LOOP('',(#4319,#4325,#4326,#4327));
#4319 = ORIENTED_EDGE('',*,*,#4320,.T.);
#4320 = EDGE_CURVE('',#1828,#1937,#4321,.T.);
#4321 = LINE('',#4322,#4323);
#4322 = CARTESIAN_POINT('',(1.125,-2.45,-1.110223024625E-16));
#4323 = VECTOR('',#4324,1.);
#4324 = DIRECTION('',(-1.,-1.110223024625E-16,0.));
#4325 = ORIENTED_EDGE('',*,*,#1944,.T.);
#4326 = ORIENTED_EDGE('',*,*,#4303,.F.);
#4327 = ORIENTED_EDGE('',*,*,#1835,.F.);
#4328 = PLANE('',#4329);
#4329 = AXIS2_PLACEMENT_3D('',#4330,#4331,#4332);
#4330 = CARTESIAN_POINT('',(1.125,-2.45,-1.110223024625E-16));
#4331 = DIRECTION('',(-1.110223024625E-16,1.,0.));
#4332 = DIRECTION('',(0.,0.,1.));
#4333 = ADVANCED_FACE('',(#4334),#4345,.F.);
#4334 = FACE_BOUND('',#4335,.F.);
#4335 = EDGE_LOOP('',(#4336,#4342,#4343,#4344));
#4336 = ORIENTED_EDGE('',*,*,#4337,.T.);
#4337 = EDGE_CURVE('',#1819,#1928,#4338,.T.);
#4338 = LINE('',#4339,#4340);
#4339 = CARTESIAN_POINT('',(1.125,-2.12125,-1.110223024625E-16));
#4340 = VECTOR('',#4341,1.);
#4341 = DIRECTION('',(-1.,-1.110223024625E-16,0.));
#4342 = ORIENTED_EDGE('',*,*,#1936,.T.);
#4343 = ORIENTED_EDGE('',*,*,#4320,.F.);
#4344 = ORIENTED_EDGE('',*,*,#1827,.F.);
#4345 = PLANE('',#4346);
#4346 = AXIS2_PLACEMENT_3D('',#4347,#4348,#4349);
#4347 = CARTESIAN_POINT('',(1.125,-2.12125,-1.110223024625E-16));
#4348 = DIRECTION('',(0.,0.,1.));
#4349 = DIRECTION('',(1.110223024625E-16,-1.,0.));
#4350 = ADVANCED_FACE('',(#4351),#4362,.T.);
#4351 = FACE_BOUND('',#4352,.T.);
#4352 = EDGE_LOOP('',(#4353,#4354,#4355,#4356));
#4353 = ORIENTED_EDGE('',*,*,#1818,.T.);
#4354 = ORIENTED_EDGE('',*,*,#4337,.T.);
#4355 = ORIENTED_EDGE('',*,*,#1927,.F.);
#4356 = ORIENTED_EDGE('',*,*,#4357,.F.);
#4357 = EDGE_CURVE('',#1811,#1920,#4358,.T.);
#4358 = LINE('',#4359,#4360);
#4359 = CARTESIAN_POINT('',(1.125,-1.854120896995,0.224147931808));
#4360 = VECTOR('',#4361,1.);
#4361 = DIRECTION('',(-1.,-1.110223024625E-16,0.));
#4362 = CYLINDRICAL_SURFACE('',#4363,0.27125);
#4363 = AXIS2_PLACEMENT_3D('',#4364,#4365,#4366);
#4364 = CARTESIAN_POINT('',(1.125,-2.12125,0.27125));
#4365 = DIRECTION('',(1.,1.110223024625E-16,-0.));
#4366 = DIRECTION('',(-1.093356242224E-16,0.984807753012,-0.173648177667
    ));
#4367 = ADVANCED_FACE('',(#4368),#4374,.F.);
#4368 = FACE_BOUND('',#4369,.F.);
#4369 = EDGE_LOOP('',(#4370,#4371,#4372,#4373));
#4370 = ORIENTED_EDGE('',*,*,#1901,.T.);
#4371 = ORIENTED_EDGE('',*,*,#1919,.T.);
#4372 = ORIENTED_EDGE('',*,*,#4357,.F.);
#4373 = ORIENTED_EDGE('',*,*,#1810,.F.);
#4374 = PLANE('',#4375);
#4375 = AXIS2_PLACEMENT_3D('',#4376,#4377,#4378);
#4376 = CARTESIAN_POINT('',(1.125,-1.820021584374,0.451436600654));
#4377 = DIRECTION('',(1.09793564791E-16,-0.988932514961,0.148366036724)
  );
#4378 = DIRECTION('',(1.647193900438E-17,-0.148366036724,-0.988932514961
    ));
#4379 = ADVANCED_FACE('',(#4380),#4391,.T.);
#4380 = FACE_BOUND('',#4381,.T.);
#4381 = EDGE_LOOP('',(#4382,#4383,#4384,#4385));
#4382 = ORIENTED_EDGE('',*,*,#2091,.T.);
#4383 = ORIENTED_EDGE('',*,*,#3899,.T.);
#4384 = ORIENTED_EDGE('',*,*,#2200,.F.);
#4385 = ORIENTED_EDGE('',*,*,#4386,.F.);
#4386 = EDGE_CURVE('',#2084,#2193,#4387,.T.);
#4387 = LINE('',#4388,#4389);
#4388 = CARTESIAN_POINT('',(0.625,-1.972666786091,0.478352068192));
#4389 = VECTOR('',#4390,1.);
#4390 = DIRECTION('',(-1.,-1.110223024625E-16,0.));
#4391 = CYLINDRICAL_SURFACE('',#4392,0.27125);
#4392 = AXIS2_PLACEMENT_3D('',#4393,#4394,#4395);
#4393 = CARTESIAN_POINT('',(0.625,-1.705537683087,0.43125));
#4394 = DIRECTION('',(1.,1.110223024625E-16,-0.));
#4395 = DIRECTION('',(1.093356242224E-16,-0.984807753012,0.173648177667)
  );
#4396 = ADVANCED_FACE('',(#4397),#4408,.F.);
#4397 = FACE_BOUND('',#4398,.F.);
#4398 = EDGE_LOOP('',(#4399,#4405,#4406,#4407));
#4399 = ORIENTED_EDGE('',*,*,#4400,.T.);
#4400 = EDGE_CURVE('',#2075,#2184,#4401,.T.);
#4401 = LINE('',#4402,#4403);
#4402 = CARTESIAN_POINT('',(0.625,-2.006766098712,0.251063399346));
#4403 = VECTOR('',#4404,1.);
#4404 = DIRECTION('',(-1.,-1.110223024625E-16,0.));
#4405 = ORIENTED_EDGE('',*,*,#2192,.T.);
#4406 = ORIENTED_EDGE('',*,*,#4386,.F.);
#4407 = ORIENTED_EDGE('',*,*,#2083,.F.);
#4408 = PLANE('',#4409);
#4409 = AXIS2_PLACEMENT_3D('',#4410,#4411,#4412);
#4410 = CARTESIAN_POINT('',(0.625,-2.006766098712,0.251063399346));
#4411 = DIRECTION('',(-1.09793564791E-16,0.988932514961,-0.148366036724)
  );
#4412 = DIRECTION('',(-1.647193900438E-17,0.148366036724,0.988932514961)
  );
#4413 = ADVANCED_FACE('',(#4414),#4425,.F.);
#4414 = FACE_BOUND('',#4415,.F.);
#4415 = EDGE_LOOP('',(#4416,#4422,#4423,#4424));
#4416 = ORIENTED_EDGE('',*,*,#4417,.T.);
#4417 = EDGE_CURVE('',#2067,#2176,#4418,.T.);
#4418 = LINE('',#4419,#4420);
#4419 = CARTESIAN_POINT('',(0.625,-2.12125,0.155));
#4420 = VECTOR('',#4421,1.);
#4421 = DIRECTION('',(-1.,-1.110223024625E-16,0.));
#4422 = ORIENTED_EDGE('',*,*,#2183,.T.);
#4423 = ORIENTED_EDGE('',*,*,#4400,.F.);
#4424 = ORIENTED_EDGE('',*,*,#2074,.F.);
#4425 = CYLINDRICAL_SURFACE('',#4426,0.11625);
#4426 = AXIS2_PLACEMENT_3D('',#4427,#4428,#4429);
#4427 = CARTESIAN_POINT('',(0.625,-2.12125,0.27125));
#4428 = DIRECTION('',(1.,1.110223024625E-16,0.));
#4429 = DIRECTION('',(-1.06029691562E-31,9.550305588173E-16,-1.));
#4430 = ADVANCED_FACE('',(#4431),#4442,.F.);
#4431 = FACE_BOUND('',#4432,.F.);
#4432 = EDGE_LOOP('',(#4433,#4439,#4440,#4441));
#4433 = ORIENTED_EDGE('',*,*,#4434,.T.);
#4434 = EDGE_CURVE('',#2059,#2168,#4435,.T.);
#4435 = LINE('',#4436,#4437);
#4436 = CARTESIAN_POINT('',(0.625,-2.45,0.155));
#4437 = VECTOR('',#4438,1.);
#4438 = DIRECTION('',(-1.,-1.110223024625E-16,0.));
#4439 = ORIENTED_EDGE('',*,*,#2175,.T.);
#4440 = ORIENTED_EDGE('',*,*,#4417,.F.);
#4441 = ORIENTED_EDGE('',*,*,#2066,.F.);
#4442 = PLANE('',#4443);
#4443 = AXIS2_PLACEMENT_3D('',#4444,#4445,#4446);
#4444 = CARTESIAN_POINT('',(0.625,-2.45,0.155));
#4445 = DIRECTION('',(-0.,0.,-1.));
#4446 = DIRECTION('',(-1.110223024625E-16,1.,0.));
#4447 = ADVANCED_FACE('',(#4448),#4459,.F.);
#4448 = FACE_BOUND('',#4449,.F.);
#4449 = EDGE_LOOP('',(#4450,#4456,#4457,#4458));
#4450 = ORIENTED_EDGE('',*,*,#4451,.T.);
#4451 = EDGE_CURVE('',#2051,#2160,#4452,.T.);
#4452 = LINE('',#4453,#4454);
#4453 = CARTESIAN_POINT('',(0.625,-2.45,-1.110223024625E-16));
#4454 = VECTOR('',#4455,1.);
#4455 = DIRECTION('',(-1.,-1.110223024625E-16,0.));
#4456 = ORIENTED_EDGE('',*,*,#2167,.T.);
#4457 = ORIENTED_EDGE('',*,*,#4434,.F.);
#4458 = ORIENTED_EDGE('',*,*,#2058,.F.);
#4459 = PLANE('',#4460);
#4460 = AXIS2_PLACEMENT_3D('',#4461,#4462,#4463);
#4461 = CARTESIAN_POINT('',(0.625,-2.45,-1.110223024625E-16));
#4462 = DIRECTION('',(-1.110223024625E-16,1.,0.));
#4463 = DIRECTION('',(0.,0.,1.));
#4464 = ADVANCED_FACE('',(#4465),#4476,.F.);
#4465 = FACE_BOUND('',#4466,.F.);
#4466 = EDGE_LOOP('',(#4467,#4473,#4474,#4475));
#4467 = ORIENTED_EDGE('',*,*,#4468,.T.);
#4468 = EDGE_CURVE('',#2042,#2151,#4469,.T.);
#4469 = LINE('',#4470,#4471);
#4470 = CARTESIAN_POINT('',(0.625,-2.12125,-1.110223024625E-16));
#4471 = VECTOR('',#4472,1.);
#4472 = DIRECTION('',(-1.,-1.110223024625E-16,0.));
#4473 = ORIENTED_EDGE('',*,*,#2159,.T.);
#4474 = ORIENTED_EDGE('',*,*,#4451,.F.);
#4475 = ORIENTED_EDGE('',*,*,#2050,.F.);
#4476 = PLANE('',#4477);
#4477 = AXIS2_PLACEMENT_3D('',#4478,#4479,#4480);
#4478 = CARTESIAN_POINT('',(0.625,-2.12125,-1.110223024625E-16));
#4479 = DIRECTION('',(0.,0.,1.));
#4480 = DIRECTION('',(1.110223024625E-16,-1.,0.));
#4481 = ADVANCED_FACE('',(#4482),#4493,.T.);
#4482 = FACE_BOUND('',#4483,.T.);
#4483 = EDGE_LOOP('',(#4484,#4485,#4486,#4487));
#4484 = ORIENTED_EDGE('',*,*,#2041,.T.);
#4485 = ORIENTED_EDGE('',*,*,#4468,.T.);
#4486 = ORIENTED_EDGE('',*,*,#2150,.F.);
#4487 = ORIENTED_EDGE('',*,*,#4488,.F.);
#4488 = EDGE_CURVE('',#2034,#2143,#4489,.T.);
#4489 = LINE('',#4490,#4491);
#4490 = CARTESIAN_POINT('',(0.625,-1.854120896995,0.224147931808));
#4491 = VECTOR('',#4492,1.);
#4492 = DIRECTION('',(-1.,-1.110223024625E-16,0.));
#4493 = CYLINDRICAL_SURFACE('',#4494,0.27125);
#4494 = AXIS2_PLACEMENT_3D('',#4495,#4496,#4497);
#4495 = CARTESIAN_POINT('',(0.625,-2.12125,0.27125));
#4496 = DIRECTION('',(1.,1.110223024625E-16,-0.));
#4497 = DIRECTION('',(-1.093356242224E-16,0.984807753012,-0.173648177667
    ));
#4498 = ADVANCED_FACE('',(#4499),#4505,.F.);
#4499 = FACE_BOUND('',#4500,.F.);
#4500 = EDGE_LOOP('',(#4501,#4502,#4503,#4504));
#4501 = ORIENTED_EDGE('',*,*,#2124,.T.);
#4502 = ORIENTED_EDGE('',*,*,#2142,.T.);
#4503 = ORIENTED_EDGE('',*,*,#4488,.F.);
#4504 = ORIENTED_EDGE('',*,*,#2033,.F.);
#4505 = PLANE('',#4506);
#4506 = AXIS2_PLACEMENT_3D('',#4507,#4508,#4509);
#4507 = CARTESIAN_POINT('',(0.625,-1.820021584374,0.451436600654));
#4508 = DIRECTION('',(1.09793564791E-16,-0.988932514961,0.148366036724)
  );
#4509 = DIRECTION('',(1.647193900438E-17,-0.148366036724,-0.988932514961
    ));
#4510 = ADVANCED_FACE('',(#4511),#4522,.T.);
#4511 = FACE_BOUND('',#4512,.T.);
#4512 = EDGE_LOOP('',(#4513,#4514,#4515,#4516));
#4513 = ORIENTED_EDGE('',*,*,#2314,.T.);
#4514 = ORIENTED_EDGE('',*,*,#3918,.T.);
#4515 = ORIENTED_EDGE('',*,*,#2423,.F.);
#4516 = ORIENTED_EDGE('',*,*,#4517,.F.);
#4517 = EDGE_CURVE('',#2307,#2416,#4518,.T.);
#4518 = LINE('',#4519,#4520);
#4519 = CARTESIAN_POINT('',(0.125,-1.972666786091,0.478352068192));
#4520 = VECTOR('',#4521,1.);
#4521 = DIRECTION('',(-1.,-1.110223024625E-16,0.));
#4522 = CYLINDRICAL_SURFACE('',#4523,0.27125);
#4523 = AXIS2_PLACEMENT_3D('',#4524,#4525,#4526);
#4524 = CARTESIAN_POINT('',(0.125,-1.705537683087,0.43125));
#4525 = DIRECTION('',(1.,1.110223024625E-16,-0.));
#4526 = DIRECTION('',(1.093356242224E-16,-0.984807753012,0.173648177667)
  );
#4527 = ADVANCED_FACE('',(#4528),#4539,.F.);
#4528 = FACE_BOUND('',#4529,.F.);
#4529 = EDGE_LOOP('',(#4530,#4536,#4537,#4538));
#4530 = ORIENTED_EDGE('',*,*,#4531,.T.);
#4531 = EDGE_CURVE('',#2298,#2407,#4532,.T.);
#4532 = LINE('',#4533,#4534);
#4533 = CARTESIAN_POINT('',(0.125,-2.006766098712,0.251063399346));
#4534 = VECTOR('',#4535,1.);
#4535 = DIRECTION('',(-1.,-1.110223024625E-16,0.));
#4536 = ORIENTED_EDGE('',*,*,#2415,.T.);
#4537 = ORIENTED_EDGE('',*,*,#4517,.F.);
#4538 = ORIENTED_EDGE('',*,*,#2306,.F.);
#4539 = PLANE('',#4540);
#4540 = AXIS2_PLACEMENT_3D('',#4541,#4542,#4543);
#4541 = CARTESIAN_POINT('',(0.125,-2.006766098712,0.251063399346));
#4542 = DIRECTION('',(-1.09793564791E-16,0.988932514961,-0.148366036724)
  );
#4543 = DIRECTION('',(-1.647193900438E-17,0.148366036724,0.988932514961)
  );
#4544 = ADVANCED_FACE('',(#4545),#4556,.F.);
#4545 = FACE_BOUND('',#4546,.F.);
#4546 = EDGE_LOOP('',(#4547,#4553,#4554,#4555));
#4547 = ORIENTED_EDGE('',*,*,#4548,.T.);
#4548 = EDGE_CURVE('',#2290,#2399,#4549,.T.);
#4549 = LINE('',#4550,#4551);
#4550 = CARTESIAN_POINT('',(0.125,-2.12125,0.155));
#4551 = VECTOR('',#4552,1.);
#4552 = DIRECTION('',(-1.,-1.110223024625E-16,0.));
#4553 = ORIENTED_EDGE('',*,*,#2406,.T.);
#4554 = ORIENTED_EDGE('',*,*,#4531,.F.);
#4555 = ORIENTED_EDGE('',*,*,#2297,.F.);
#4556 = CYLINDRICAL_SURFACE('',#4557,0.11625);
#4557 = AXIS2_PLACEMENT_3D('',#4558,#4559,#4560);
#4558 = CARTESIAN_POINT('',(0.125,-2.12125,0.27125));
#4559 = DIRECTION('',(1.,1.110223024625E-16,0.));
#4560 = DIRECTION('',(-1.06029691562E-31,9.550305588173E-16,-1.));
#4561 = ADVANCED_FACE('',(#4562),#4573,.F.);
#4562 = FACE_BOUND('',#4563,.F.);
#4563 = EDGE_LOOP('',(#4564,#4570,#4571,#4572));
#4564 = ORIENTED_EDGE('',*,*,#4565,.T.);
#4565 = EDGE_CURVE('',#2282,#2391,#4566,.T.);
#4566 = LINE('',#4567,#4568);
#4567 = CARTESIAN_POINT('',(0.125,-2.45,0.155));
#4568 = VECTOR('',#4569,1.);
#4569 = DIRECTION('',(-1.,-1.110223024625E-16,0.));
#4570 = ORIENTED_EDGE('',*,*,#2398,.T.);
#4571 = ORIENTED_EDGE('',*,*,#4548,.F.);
#4572 = ORIENTED_EDGE('',*,*,#2289,.F.);
#4573 = PLANE('',#4574);
#4574 = AXIS2_PLACEMENT_3D('',#4575,#4576,#4577);
#4575 = CARTESIAN_POINT('',(0.125,-2.45,0.155));
#4576 = DIRECTION('',(-0.,0.,-1.));
#4577 = DIRECTION('',(-1.110223024625E-16,1.,0.));
#4578 = ADVANCED_FACE('',(#4579),#4590,.F.);
#4579 = FACE_BOUND('',#4580,.F.);
#4580 = EDGE_LOOP('',(#4581,#4587,#4588,#4589));
#4581 = ORIENTED_EDGE('',*,*,#4582,.T.);
#4582 = EDGE_CURVE('',#2274,#2383,#4583,.T.);
#4583 = LINE('',#4584,#4585);
#4584 = CARTESIAN_POINT('',(0.125,-2.45,-1.110223024625E-16));
#4585 = VECTOR('',#4586,1.);
#4586 = DIRECTION('',(-1.,-1.110223024625E-16,0.));
#4587 = ORIENTED_EDGE('',*,*,#2390,.T.);
#4588 = ORIENTED_EDGE('',*,*,#4565,.F.);
#4589 = ORIENTED_EDGE('',*,*,#2281,.F.);
#4590 = PLANE('',#4591);
#4591 = AXIS2_PLACEMENT_3D('',#4592,#4593,#4594);
#4592 = CARTESIAN_POINT('',(0.125,-2.45,-1.110223024625E-16));
#4593 = DIRECTION('',(-1.110223024625E-16,1.,0.));
#4594 = DIRECTION('',(0.,0.,1.));
#4595 = ADVANCED_FACE('',(#4596),#4607,.F.);
#4596 = FACE_BOUND('',#4597,.F.);
#4597 = EDGE_LOOP('',(#4598,#4604,#4605,#4606));
#4598 = ORIENTED_EDGE('',*,*,#4599,.T.);
#4599 = EDGE_CURVE('',#2265,#2374,#4600,.T.);
#4600 = LINE('',#4601,#4602);
#4601 = CARTESIAN_POINT('',(0.125,-2.12125,-1.110223024625E-16));
#4602 = VECTOR('',#4603,1.);
#4603 = DIRECTION('',(-1.,-1.110223024625E-16,0.));
#4604 = ORIENTED_EDGE('',*,*,#2382,.T.);
#4605 = ORIENTED_EDGE('',*,*,#4582,.F.);
#4606 = ORIENTED_EDGE('',*,*,#2273,.F.);
#4607 = PLANE('',#4608);
#4608 = AXIS2_PLACEMENT_3D('',#4609,#4610,#4611);
#4609 = CARTESIAN_POINT('',(0.125,-2.12125,-1.110223024625E-16));
#4610 = DIRECTION('',(0.,0.,1.));
#4611 = DIRECTION('',(1.110223024625E-16,-1.,0.));
#4612 = ADVANCED_FACE('',(#4613),#4624,.T.);
#4613 = FACE_BOUND('',#4614,.T.);
#4614 = EDGE_LOOP('',(#4615,#4616,#4617,#4618));
#4615 = ORIENTED_EDGE('',*,*,#2264,.T.);
#4616 = ORIENTED_EDGE('',*,*,#4599,.T.);
#4617 = ORIENTED_EDGE('',*,*,#2373,.F.);
#4618 = ORIENTED_EDGE('',*,*,#4619,.F.);
#4619 = EDGE_CURVE('',#2257,#2366,#4620,.T.);
#4620 = LINE('',#4621,#4622);
#4621 = CARTESIAN_POINT('',(0.125,-1.854120896995,0.224147931808));
#4622 = VECTOR('',#4623,1.);
#4623 = DIRECTION('',(-1.,-1.110223024625E-16,0.));
#4624 = CYLINDRICAL_SURFACE('',#4625,0.27125);
#4625 = AXIS2_PLACEMENT_3D('',#4626,#4627,#4628);
#4626 = CARTESIAN_POINT('',(0.125,-2.12125,0.27125));
#4627 = DIRECTION('',(1.,1.110223024625E-16,-0.));
#4628 = DIRECTION('',(-1.093356242224E-16,0.984807753012,-0.173648177667
    ));
#4629 = ADVANCED_FACE('',(#4630),#4636,.F.);
#4630 = FACE_BOUND('',#4631,.F.);
#4631 = EDGE_LOOP('',(#4632,#4633,#4634,#4635));
#4632 = ORIENTED_EDGE('',*,*,#2347,.T.);
#4633 = ORIENTED_EDGE('',*,*,#2365,.T.);
#4634 = ORIENTED_EDGE('',*,*,#4619,.F.);
#4635 = ORIENTED_EDGE('',*,*,#2256,.F.);
#4636 = PLANE('',#4637);
#4637 = AXIS2_PLACEMENT_3D('',#4638,#4639,#4640);
#4638 = CARTESIAN_POINT('',(0.125,-1.820021584374,0.451436600654));
#4639 = DIRECTION('',(1.09793564791E-16,-0.988932514961,0.148366036724)
  );
#4640 = DIRECTION('',(1.647193900438E-17,-0.148366036724,-0.988932514961
    ));
#4641 = ADVANCED_FACE('',(#4642),#4653,.T.);
#4642 = FACE_BOUND('',#4643,.T.);
#4643 = EDGE_LOOP('',(#4644,#4645,#4646,#4647));
#4644 = ORIENTED_EDGE('',*,*,#2537,.T.);
#4645 = ORIENTED_EDGE('',*,*,#3937,.T.);
#4646 = ORIENTED_EDGE('',*,*,#2646,.F.);
#4647 = ORIENTED_EDGE('',*,*,#4648,.F.);
#4648 = EDGE_CURVE('',#2530,#2639,#4649,.T.);
#4649 = LINE('',#4650,#4651);
#4650 = CARTESIAN_POINT('',(-0.375,-1.972666786091,0.478352068192));
#4651 = VECTOR('',#4652,1.);
#4652 = DIRECTION('',(-1.,-1.110223024625E-16,0.));
#4653 = CYLINDRICAL_SURFACE('',#4654,0.27125);
#4654 = AXIS2_PLACEMENT_3D('',#4655,#4656,#4657);
#4655 = CARTESIAN_POINT('',(-0.375,-1.705537683087,0.43125));
#4656 = DIRECTION('',(1.,1.110223024625E-16,-0.));
#4657 = DIRECTION('',(1.093356242224E-16,-0.984807753012,0.173648177667)
  );
#4658 = ADVANCED_FACE('',(#4659),#4670,.F.);
#4659 = FACE_BOUND('',#4660,.F.);
#4660 = EDGE_LOOP('',(#4661,#4667,#4668,#4669));
#4661 = ORIENTED_EDGE('',*,*,#4662,.T.);
#4662 = EDGE_CURVE('',#2521,#2630,#4663,.T.);
#4663 = LINE('',#4664,#4665);
#4664 = CARTESIAN_POINT('',(-0.375,-2.006766098712,0.251063399346));
#4665 = VECTOR('',#4666,1.);
#4666 = DIRECTION('',(-1.,-1.110223024625E-16,0.));
#4667 = ORIENTED_EDGE('',*,*,#2638,.T.);
#4668 = ORIENTED_EDGE('',*,*,#4648,.F.);
#4669 = ORIENTED_EDGE('',*,*,#2529,.F.);
#4670 = PLANE('',#4671);
#4671 = AXIS2_PLACEMENT_3D('',#4672,#4673,#4674);
#4672 = CARTESIAN_POINT('',(-0.375,-2.006766098712,0.251063399346));
#4673 = DIRECTION('',(-1.09793564791E-16,0.988932514961,-0.148366036724)
  );
#4674 = DIRECTION('',(-1.647193900438E-17,0.148366036724,0.988932514961)
  );
#4675 = ADVANCED_FACE('',(#4676),#4687,.F.);
#4676 = FACE_BOUND('',#4677,.F.);
#4677 = EDGE_LOOP('',(#4678,#4684,#4685,#4686));
#4678 = ORIENTED_EDGE('',*,*,#4679,.T.);
#4679 = EDGE_CURVE('',#2513,#2622,#4680,.T.);
#4680 = LINE('',#4681,#4682);
#4681 = CARTESIAN_POINT('',(-0.375,-2.12125,0.155));
#4682 = VECTOR('',#4683,1.);
#4683 = DIRECTION('',(-1.,-1.110223024625E-16,0.));
#4684 = ORIENTED_EDGE('',*,*,#2629,.T.);
#4685 = ORIENTED_EDGE('',*,*,#4662,.F.);
#4686 = ORIENTED_EDGE('',*,*,#2520,.F.);
#4687 = CYLINDRICAL_SURFACE('',#4688,0.11625);
#4688 = AXIS2_PLACEMENT_3D('',#4689,#4690,#4691);
#4689 = CARTESIAN_POINT('',(-0.375,-2.12125,0.27125));
#4690 = DIRECTION('',(1.,1.110223024625E-16,0.));
#4691 = DIRECTION('',(-1.06029691562E-31,9.550305588173E-16,-1.));
#4692 = ADVANCED_FACE('',(#4693),#4704,.F.);
#4693 = FACE_BOUND('',#4694,.F.);
#4694 = EDGE_LOOP('',(#4695,#4701,#4702,#4703));
#4695 = ORIENTED_EDGE('',*,*,#4696,.T.);
#4696 = EDGE_CURVE('',#2505,#2614,#4697,.T.);
#4697 = LINE('',#4698,#4699);
#4698 = CARTESIAN_POINT('',(-0.375,-2.45,0.155));
#4699 = VECTOR('',#4700,1.);
#4700 = DIRECTION('',(-1.,-1.110223024625E-16,0.));
#4701 = ORIENTED_EDGE('',*,*,#2621,.T.);
#4702 = ORIENTED_EDGE('',*,*,#4679,.F.);
#4703 = ORIENTED_EDGE('',*,*,#2512,.F.);
#4704 = PLANE('',#4705);
#4705 = AXIS2_PLACEMENT_3D('',#4706,#4707,#4708);
#4706 = CARTESIAN_POINT('',(-0.375,-2.45,0.155));
#4707 = DIRECTION('',(-0.,0.,-1.));
#4708 = DIRECTION('',(-1.110223024625E-16,1.,0.));
#4709 = ADVANCED_FACE('',(#4710),#4721,.F.);
#4710 = FACE_BOUND('',#4711,.F.);
#4711 = EDGE_LOOP('',(#4712,#4718,#4719,#4720));
#4712 = ORIENTED_EDGE('',*,*,#4713,.T.);
#4713 = EDGE_CURVE('',#2497,#2606,#4714,.T.);
#4714 = LINE('',#4715,#4716);
#4715 = CARTESIAN_POINT('',(-0.375,-2.45,-1.110223024625E-16));
#4716 = VECTOR('',#4717,1.);
#4717 = DIRECTION('',(-1.,-1.110223024625E-16,0.));
#4718 = ORIENTED_EDGE('',*,*,#2613,.T.);
#4719 = ORIENTED_EDGE('',*,*,#4696,.F.);
#4720 = ORIENTED_EDGE('',*,*,#2504,.F.);
#4721 = PLANE('',#4722);
#4722 = AXIS2_PLACEMENT_3D('',#4723,#4724,#4725);
#4723 = CARTESIAN_POINT('',(-0.375,-2.45,-1.110223024625E-16));
#4724 = DIRECTION('',(-1.110223024625E-16,1.,0.));
#4725 = DIRECTION('',(0.,0.,1.));
#4726 = ADVANCED_FACE('',(#4727),#4738,.F.);
#4727 = FACE_BOUND('',#4728,.F.);
#4728 = EDGE_LOOP('',(#4729,#4735,#4736,#4737));
#4729 = ORIENTED_EDGE('',*,*,#4730,.T.);
#4730 = EDGE_CURVE('',#2488,#2597,#4731,.T.);
#4731 = LINE('',#4732,#4733);
#4732 = CARTESIAN_POINT('',(-0.375,-2.12125,-1.110223024625E-16));
#4733 = VECTOR('',#4734,1.);
#4734 = DIRECTION('',(-1.,-1.110223024625E-16,0.));
#4735 = ORIENTED_EDGE('',*,*,#2605,.T.);
#4736 = ORIENTED_EDGE('',*,*,#4713,.F.);
#4737 = ORIENTED_EDGE('',*,*,#2496,.F.);
#4738 = PLANE('',#4739);
#4739 = AXIS2_PLACEMENT_3D('',#4740,#4741,#4742);
#4740 = CARTESIAN_POINT('',(-0.375,-2.12125,-1.110223024625E-16));
#4741 = DIRECTION('',(0.,0.,1.));
#4742 = DIRECTION('',(1.110223024625E-16,-1.,0.));
#4743 = ADVANCED_FACE('',(#4744),#4755,.T.);
#4744 = FACE_BOUND('',#4745,.T.);
#4745 = EDGE_LOOP('',(#4746,#4747,#4748,#4749));
#4746 = ORIENTED_EDGE('',*,*,#2487,.T.);
#4747 = ORIENTED_EDGE('',*,*,#4730,.T.);
#4748 = ORIENTED_EDGE('',*,*,#2596,.F.);
#4749 = ORIENTED_EDGE('',*,*,#4750,.F.);
#4750 = EDGE_CURVE('',#2480,#2589,#4751,.T.);
#4751 = LINE('',#4752,#4753);
#4752 = CARTESIAN_POINT('',(-0.375,-1.854120896995,0.224147931808));
#4753 = VECTOR('',#4754,1.);
#4754 = DIRECTION('',(-1.,-1.110223024625E-16,0.));
#4755 = CYLINDRICAL_SURFACE('',#4756,0.27125);
#4756 = AXIS2_PLACEMENT_3D('',#4757,#4758,#4759);
#4757 = CARTESIAN_POINT('',(-0.375,-2.12125,0.27125));
#4758 = DIRECTION('',(1.,1.110223024625E-16,-0.));
#4759 = DIRECTION('',(-1.093356242224E-16,0.984807753012,-0.173648177667
    ));
#4760 = ADVANCED_FACE('',(#4761),#4767,.F.);
#4761 = FACE_BOUND('',#4762,.F.);
#4762 = EDGE_LOOP('',(#4763,#4764,#4765,#4766));
#4763 = ORIENTED_EDGE('',*,*,#2570,.T.);
#4764 = ORIENTED_EDGE('',*,*,#2588,.T.);
#4765 = ORIENTED_EDGE('',*,*,#4750,.F.);
#4766 = ORIENTED_EDGE('',*,*,#2479,.F.);
#4767 = PLANE('',#4768);
#4768 = AXIS2_PLACEMENT_3D('',#4769,#4770,#4771);
#4769 = CARTESIAN_POINT('',(-0.375,-1.820021584374,0.451436600654));
#4770 = DIRECTION('',(1.09793564791E-16,-0.988932514961,0.148366036724)
  );
#4771 = DIRECTION('',(1.647193900438E-17,-0.148366036724,-0.988932514961
    ));
#4772 = ADVANCED_FACE('',(#4773),#4784,.F.);
#4773 = FACE_BOUND('',#4774,.F.);
#4774 = EDGE_LOOP('',(#4775,#4781,#4782,#4783));
#4775 = ORIENTED_EDGE('',*,*,#4776,.T.);
#4776 = EDGE_CURVE('',#2841,#2943,#4777,.T.);
#4777 = LINE('',#4778,#4779);
#4778 = CARTESIAN_POINT('',(-1.125,2.006766098712,0.251063399346));
#4779 = VECTOR('',#4780,1.);
#4780 = DIRECTION('',(1.,3.330669073875E-16,0.));
#4781 = ORIENTED_EDGE('',*,*,#2951,.T.);
#4782 = ORIENTED_EDGE('',*,*,#4112,.F.);
#4783 = ORIENTED_EDGE('',*,*,#2849,.F.);
#4784 = PLANE('',#4785);
#4785 = AXIS2_PLACEMENT_3D('',#4786,#4787,#4788);
#4786 = CARTESIAN_POINT('',(-1.125,2.006766098712,0.251063399346));
#4787 = DIRECTION('',(3.29380694373E-16,-0.988932514961,-0.148366036724)
  );
#4788 = DIRECTION('',(4.941581701296E-17,-0.148366036724,0.988932514961)
  );
#4789 = ADVANCED_FACE('',(#4790),#4801,.F.);
#4790 = FACE_BOUND('',#4791,.F.);
#4791 = EDGE_LOOP('',(#4792,#4798,#4799,#4800));
#4792 = ORIENTED_EDGE('',*,*,#4793,.T.);
#4793 = EDGE_CURVE('',#2833,#2935,#4794,.T.);
#4794 = LINE('',#4795,#4796);
#4795 = CARTESIAN_POINT('',(-1.125,2.12125,0.155));
#4796 = VECTOR('',#4797,1.);
#4797 = DIRECTION('',(1.,3.330669073875E-16,0.));
#4798 = ORIENTED_EDGE('',*,*,#2942,.T.);
#4799 = ORIENTED_EDGE('',*,*,#4776,.F.);
#4800 = ORIENTED_EDGE('',*,*,#2840,.F.);
#4801 = CYLINDRICAL_SURFACE('',#4802,0.11625);
#4802 = AXIS2_PLACEMENT_3D('',#4803,#4804,#4805);
#4803 = CARTESIAN_POINT('',(-1.125,2.12125,0.27125));
#4804 = DIRECTION('',(-1.,-3.330669073875E-16,0.));
#4805 = DIRECTION('',(3.180890746859E-31,-9.550305588173E-16,-1.));
#4806 = ADVANCED_FACE('',(#4807),#4818,.F.);
#4807 = FACE_BOUND('',#4808,.F.);
#4808 = EDGE_LOOP('',(#4809,#4815,#4816,#4817));
#4809 = ORIENTED_EDGE('',*,*,#4810,.T.);
#4810 = EDGE_CURVE('',#2825,#2927,#4811,.T.);
#4811 = LINE('',#4812,#4813);
#4812 = CARTESIAN_POINT('',(-1.125,2.45,0.155));
#4813 = VECTOR('',#4814,1.);
#4814 = DIRECTION('',(1.,3.330669073875E-16,0.));
#4815 = ORIENTED_EDGE('',*,*,#2934,.T.);
#4816 = ORIENTED_EDGE('',*,*,#4793,.F.);
#4817 = ORIENTED_EDGE('',*,*,#2832,.F.);
#4818 = PLANE('',#4819);
#4819 = AXIS2_PLACEMENT_3D('',#4820,#4821,#4822);
#4820 = CARTESIAN_POINT('',(-1.125,2.45,0.155));
#4821 = DIRECTION('',(-0.,0.,-1.));
#4822 = DIRECTION('',(3.330669073875E-16,-1.,-0.));
#4823 = ADVANCED_FACE('',(#4824),#4835,.F.);
#4824 = FACE_BOUND('',#4825,.F.);
#4825 = EDGE_LOOP('',(#4826,#4832,#4833,#4834));
#4826 = ORIENTED_EDGE('',*,*,#4827,.T.);
#4827 = EDGE_CURVE('',#2817,#2919,#4828,.T.);
#4828 = LINE('',#4829,#4830);
#4829 = CARTESIAN_POINT('',(-1.125,2.45,-1.110223024625E-16));
#4830 = VECTOR('',#4831,1.);
#4831 = DIRECTION('',(1.,3.330669073875E-16,0.));
#4832 = ORIENTED_EDGE('',*,*,#2926,.T.);
#4833 = ORIENTED_EDGE('',*,*,#4810,.F.);
#4834 = ORIENTED_EDGE('',*,*,#2824,.F.);
#4835 = PLANE('',#4836);
#4836 = AXIS2_PLACEMENT_3D('',#4837,#4838,#4839);
#4837 = CARTESIAN_POINT('',(-1.125,2.45,-1.110223024625E-16));
#4838 = DIRECTION('',(3.330669073875E-16,-1.,0.));
#4839 = DIRECTION('',(0.,0.,1.));
#4840 = ADVANCED_FACE('',(#4841),#4852,.F.);
#4841 = FACE_BOUND('',#4842,.F.);
#4842 = EDGE_LOOP('',(#4843,#4849,#4850,#4851));
#4843 = ORIENTED_EDGE('',*,*,#4844,.T.);
#4844 = EDGE_CURVE('',#2808,#2910,#4845,.T.);
#4845 = LINE('',#4846,#4847);
#4846 = CARTESIAN_POINT('',(-1.125,2.12125,-1.110223024625E-16));
#4847 = VECTOR('',#4848,1.);
#4848 = DIRECTION('',(1.,3.330669073875E-16,0.));
#4849 = ORIENTED_EDGE('',*,*,#2918,.T.);
#4850 = ORIENTED_EDGE('',*,*,#4827,.F.);
#4851 = ORIENTED_EDGE('',*,*,#2816,.F.);
#4852 = PLANE('',#4853);
#4853 = AXIS2_PLACEMENT_3D('',#4854,#4855,#4856);
#4854 = CARTESIAN_POINT('',(-1.125,2.12125,-1.110223024625E-16));
#4855 = DIRECTION('',(0.,0.,1.));
#4856 = DIRECTION('',(-3.330669073875E-16,1.,0.));
#4857 = ADVANCED_FACE('',(#4858),#4869,.T.);
#4858 = FACE_BOUND('',#4859,.T.);
#4859 = EDGE_LOOP('',(#4860,#4861,#4862,#4863));
#4860 = ORIENTED_EDGE('',*,*,#2807,.T.);
#4861 = ORIENTED_EDGE('',*,*,#4844,.T.);
#4862 = ORIENTED_EDGE('',*,*,#2909,.F.);
#4863 = ORIENTED_EDGE('',*,*,#4864,.F.);
#4864 = EDGE_CURVE('',#2800,#2902,#4865,.T.);
#4865 = LINE('',#4866,#4867);
#4866 = CARTESIAN_POINT('',(-1.125,1.854120896995,0.224147931808));
#4867 = VECTOR('',#4868,1.);
#4868 = DIRECTION('',(1.,3.330669073875E-16,0.));
#4869 = CYLINDRICAL_SURFACE('',#4870,0.27125);
#4870 = AXIS2_PLACEMENT_3D('',#4871,#4872,#4873);
#4871 = CARTESIAN_POINT('',(-1.125,2.12125,0.27125));
#4872 = DIRECTION('',(-1.,-3.330669073875E-16,0.));
#4873 = DIRECTION('',(3.28006872667E-16,-0.984807753012,-0.173648177667)
  );
#4874 = ADVANCED_FACE('',(#4875),#4881,.F.);
#4875 = FACE_BOUND('',#4876,.F.);
#4876 = EDGE_LOOP('',(#4877,#4878,#4879,#4880));
#4877 = ORIENTED_EDGE('',*,*,#2883,.T.);
#4878 = ORIENTED_EDGE('',*,*,#2901,.T.);
#4879 = ORIENTED_EDGE('',*,*,#4864,.F.);
#4880 = ORIENTED_EDGE('',*,*,#2799,.F.);
#4881 = PLANE('',#4882);
#4882 = AXIS2_PLACEMENT_3D('',#4883,#4884,#4885);
#4883 = CARTESIAN_POINT('',(-1.125,1.820021584374,0.451436600654));
#4884 = DIRECTION('',(-3.29380694373E-16,0.988932514961,0.148366036724)
  );
#4885 = DIRECTION('',(-4.941581701296E-17,0.148366036724,-0.988932514961
    ));
#4886 = ADVANCED_FACE('',(#4887),#4898,.T.);
#4887 = FACE_BOUND('',#4888,.T.);
#4888 = EDGE_LOOP('',(#4889,#4890,#4891,#4892));
#4889 = ORIENTED_EDGE('',*,*,#3061,.T.);
#4890 = ORIENTED_EDGE('',*,*,#4018,.T.);
#4891 = ORIENTED_EDGE('',*,*,#3170,.F.);
#4892 = ORIENTED_EDGE('',*,*,#4893,.F.);
#4893 = EDGE_CURVE('',#3054,#3163,#4894,.T.);
#4894 = LINE('',#4895,#4896);
#4895 = CARTESIAN_POINT('',(-0.625,1.972666786091,0.478352068192));
#4896 = VECTOR('',#4897,1.);
#4897 = DIRECTION('',(1.,3.330669073875E-16,0.));
#4898 = CYLINDRICAL_SURFACE('',#4899,0.27125);
#4899 = AXIS2_PLACEMENT_3D('',#4900,#4901,#4902);
#4900 = CARTESIAN_POINT('',(-0.625,1.705537683087,0.43125));
#4901 = DIRECTION('',(-1.,-3.330669073875E-16,0.));
#4902 = DIRECTION('',(-3.28006872667E-16,0.984807753012,0.173648177667)
  );
#4903 = ADVANCED_FACE('',(#4904),#4915,.F.);
#4904 = FACE_BOUND('',#4905,.F.);
#4905 = EDGE_LOOP('',(#4906,#4912,#4913,#4914));
#4906 = ORIENTED_EDGE('',*,*,#4907,.T.);
#4907 = EDGE_CURVE('',#3045,#3154,#4908,.T.);
#4908 = LINE('',#4909,#4910);
#4909 = CARTESIAN_POINT('',(-0.625,2.006766098712,0.251063399346));
#4910 = VECTOR('',#4911,1.);
#4911 = DIRECTION('',(1.,3.330669073875E-16,0.));
#4912 = ORIENTED_EDGE('',*,*,#3162,.T.);
#4913 = ORIENTED_EDGE('',*,*,#4893,.F.);
#4914 = ORIENTED_EDGE('',*,*,#3053,.F.);
#4915 = PLANE('',#4916);
#4916 = AXIS2_PLACEMENT_3D('',#4917,#4918,#4919);
#4917 = CARTESIAN_POINT('',(-0.625,2.006766098712,0.251063399346));
#4918 = DIRECTION('',(3.29380694373E-16,-0.988932514961,-0.148366036724)
  );
#4919 = DIRECTION('',(4.941581701296E-17,-0.148366036724,0.988932514961)
  );
#4920 = ADVANCED_FACE('',(#4921),#4932,.F.);
#4921 = FACE_BOUND('',#4922,.F.);
#4922 = EDGE_LOOP('',(#4923,#4929,#4930,#4931));
#4923 = ORIENTED_EDGE('',*,*,#4924,.T.);
#4924 = EDGE_CURVE('',#3037,#3146,#4925,.T.);
#4925 = LINE('',#4926,#4927);
#4926 = CARTESIAN_POINT('',(-0.625,2.12125,0.155));
#4927 = VECTOR('',#4928,1.);
#4928 = DIRECTION('',(1.,3.330669073875E-16,0.));
#4929 = ORIENTED_EDGE('',*,*,#3153,.T.);
#4930 = ORIENTED_EDGE('',*,*,#4907,.F.);
#4931 = ORIENTED_EDGE('',*,*,#3044,.F.);
#4932 = CYLINDRICAL_SURFACE('',#4933,0.11625);
#4933 = AXIS2_PLACEMENT_3D('',#4934,#4935,#4936);
#4934 = CARTESIAN_POINT('',(-0.625,2.12125,0.27125));
#4935 = DIRECTION('',(-1.,-3.330669073875E-16,0.));
#4936 = DIRECTION('',(3.180890746859E-31,-9.550305588173E-16,-1.));
#4937 = ADVANCED_FACE('',(#4938),#4949,.F.);
#4938 = FACE_BOUND('',#4939,.F.);
#4939 = EDGE_LOOP('',(#4940,#4946,#4947,#4948));
#4940 = ORIENTED_EDGE('',*,*,#4941,.T.);
#4941 = EDGE_CURVE('',#3029,#3138,#4942,.T.);
#4942 = LINE('',#4943,#4944);
#4943 = CARTESIAN_POINT('',(-0.625,2.45,0.155));
#4944 = VECTOR('',#4945,1.);
#4945 = DIRECTION('',(1.,3.330669073875E-16,0.));
#4946 = ORIENTED_EDGE('',*,*,#3145,.T.);
#4947 = ORIENTED_EDGE('',*,*,#4924,.F.);
#4948 = ORIENTED_EDGE('',*,*,#3036,.F.);
#4949 = PLANE('',#4950);
#4950 = AXIS2_PLACEMENT_3D('',#4951,#4952,#4953);
#4951 = CARTESIAN_POINT('',(-0.625,2.45,0.155));
#4952 = DIRECTION('',(-0.,0.,-1.));
#4953 = DIRECTION('',(3.330669073875E-16,-1.,-0.));
#4954 = ADVANCED_FACE('',(#4955),#4966,.F.);
#4955 = FACE_BOUND('',#4956,.F.);
#4956 = EDGE_LOOP('',(#4957,#4963,#4964,#4965));
#4957 = ORIENTED_EDGE('',*,*,#4958,.T.);
#4958 = EDGE_CURVE('',#3021,#3130,#4959,.T.);
#4959 = LINE('',#4960,#4961);
#4960 = CARTESIAN_POINT('',(-0.625,2.45,-1.110223024625E-16));
#4961 = VECTOR('',#4962,1.);
#4962 = DIRECTION('',(1.,3.330669073875E-16,0.));
#4963 = ORIENTED_EDGE('',*,*,#3137,.T.);
#4964 = ORIENTED_EDGE('',*,*,#4941,.F.);
#4965 = ORIENTED_EDGE('',*,*,#3028,.F.);
#4966 = PLANE('',#4967);
#4967 = AXIS2_PLACEMENT_3D('',#4968,#4969,#4970);
#4968 = CARTESIAN_POINT('',(-0.625,2.45,-1.110223024625E-16));
#4969 = DIRECTION('',(3.330669073875E-16,-1.,0.));
#4970 = DIRECTION('',(0.,0.,1.));
#4971 = ADVANCED_FACE('',(#4972),#4983,.F.);
#4972 = FACE_BOUND('',#4973,.F.);
#4973 = EDGE_LOOP('',(#4974,#4980,#4981,#4982));
#4974 = ORIENTED_EDGE('',*,*,#4975,.T.);
#4975 = EDGE_CURVE('',#3012,#3121,#4976,.T.);
#4976 = LINE('',#4977,#4978);
#4977 = CARTESIAN_POINT('',(-0.625,2.12125,-1.110223024625E-16));
#4978 = VECTOR('',#4979,1.);
#4979 = DIRECTION('',(1.,3.330669073875E-16,0.));
#4980 = ORIENTED_EDGE('',*,*,#3129,.T.);
#4981 = ORIENTED_EDGE('',*,*,#4958,.F.);
#4982 = ORIENTED_EDGE('',*,*,#3020,.F.);
#4983 = PLANE('',#4984);
#4984 = AXIS2_PLACEMENT_3D('',#4985,#4986,#4987);
#4985 = CARTESIAN_POINT('',(-0.625,2.12125,-1.110223024625E-16));
#4986 = DIRECTION('',(0.,0.,1.));
#4987 = DIRECTION('',(-3.330669073875E-16,1.,0.));
#4988 = ADVANCED_FACE('',(#4989),#5000,.T.);
#4989 = FACE_BOUND('',#4990,.T.);
#4990 = EDGE_LOOP('',(#4991,#4992,#4993,#4994));
#4991 = ORIENTED_EDGE('',*,*,#3011,.T.);
#4992 = ORIENTED_EDGE('',*,*,#4975,.T.);
#4993 = ORIENTED_EDGE('',*,*,#3120,.F.);
#4994 = ORIENTED_EDGE('',*,*,#4995,.F.);
#4995 = EDGE_CURVE('',#3004,#3113,#4996,.T.);
#4996 = LINE('',#4997,#4998);
#4997 = CARTESIAN_POINT('',(-0.625,1.854120896995,0.224147931808));
#4998 = VECTOR('',#4999,1.);
#4999 = DIRECTION('',(1.,3.330669073875E-16,0.));
#5000 = CYLINDRICAL_SURFACE('',#5001,0.27125);
#5001 = AXIS2_PLACEMENT_3D('',#5002,#5003,#5004);
#5002 = CARTESIAN_POINT('',(-0.625,2.12125,0.27125));
#5003 = DIRECTION('',(-1.,-3.330669073875E-16,0.));
#5004 = DIRECTION('',(3.28006872667E-16,-0.984807753012,-0.173648177667)
  );
#5005 = ADVANCED_FACE('',(#5006),#5012,.F.);
#5006 = FACE_BOUND('',#5007,.F.);
#5007 = EDGE_LOOP('',(#5008,#5009,#5010,#5011));
#5008 = ORIENTED_EDGE('',*,*,#3094,.T.);
#5009 = ORIENTED_EDGE('',*,*,#3112,.T.);
#5010 = ORIENTED_EDGE('',*,*,#4995,.F.);
#5011 = ORIENTED_EDGE('',*,*,#3003,.F.);
#5012 = PLANE('',#5013);
#5013 = AXIS2_PLACEMENT_3D('',#5014,#5015,#5016);
#5014 = CARTESIAN_POINT('',(-0.625,1.820021584374,0.451436600654));
#5015 = DIRECTION('',(-3.29380694373E-16,0.988932514961,0.148366036724)
  );
#5016 = DIRECTION('',(-4.941581701296E-17,0.148366036724,-0.988932514961
    ));
#5017 = ADVANCED_FACE('',(#5018),#5029,.T.);
#5018 = FACE_BOUND('',#5019,.T.);
#5019 = EDGE_LOOP('',(#5020,#5021,#5022,#5023));
#5020 = ORIENTED_EDGE('',*,*,#3284,.T.);
#5021 = ORIENTED_EDGE('',*,*,#4037,.T.);
#5022 = ORIENTED_EDGE('',*,*,#3393,.F.);
#5023 = ORIENTED_EDGE('',*,*,#5024,.F.);
#5024 = EDGE_CURVE('',#3277,#3386,#5025,.T.);
#5025 = LINE('',#5026,#5027);
#5026 = CARTESIAN_POINT('',(-0.125,1.972666786091,0.478352068192));
#5027 = VECTOR('',#5028,1.);
#5028 = DIRECTION('',(1.,3.330669073875E-16,0.));
#5029 = CYLINDRICAL_SURFACE('',#5030,0.27125);
#5030 = AXIS2_PLACEMENT_3D('',#5031,#5032,#5033);
#5031 = CARTESIAN_POINT('',(-0.125,1.705537683087,0.43125));
#5032 = DIRECTION('',(-1.,-3.330669073875E-16,0.));
#5033 = DIRECTION('',(-3.28006872667E-16,0.984807753012,0.173648177667)
  );
#5034 = ADVANCED_FACE('',(#5035),#5046,.F.);
#5035 = FACE_BOUND('',#5036,.F.);
#5036 = EDGE_LOOP('',(#5037,#5043,#5044,#5045));
#5037 = ORIENTED_EDGE('',*,*,#5038,.T.);
#5038 = EDGE_CURVE('',#3268,#3377,#5039,.T.);
#5039 = LINE('',#5040,#5041);
#5040 = CARTESIAN_POINT('',(-0.125,2.006766098712,0.251063399346));
#5041 = VECTOR('',#5042,1.);
#5042 = DIRECTION('',(1.,3.330669073875E-16,0.));
#5043 = ORIENTED_EDGE('',*,*,#3385,.T.);
#5044 = ORIENTED_EDGE('',*,*,#5024,.F.);
#5045 = ORIENTED_EDGE('',*,*,#3276,.F.);
#5046 = PLANE('',#5047);
#5047 = AXIS2_PLACEMENT_3D('',#5048,#5049,#5050);
#5048 = CARTESIAN_POINT('',(-0.125,2.006766098712,0.251063399346));
#5049 = DIRECTION('',(3.29380694373E-16,-0.988932514961,-0.148366036724)
  );
#5050 = DIRECTION('',(4.941581701296E-17,-0.148366036724,0.988932514961)
  );
#5051 = ADVANCED_FACE('',(#5052),#5063,.F.);
#5052 = FACE_BOUND('',#5053,.F.);
#5053 = EDGE_LOOP('',(#5054,#5060,#5061,#5062));
#5054 = ORIENTED_EDGE('',*,*,#5055,.T.);
#5055 = EDGE_CURVE('',#3260,#3369,#5056,.T.);
#5056 = LINE('',#5057,#5058);
#5057 = CARTESIAN_POINT('',(-0.125,2.12125,0.155));
#5058 = VECTOR('',#5059,1.);
#5059 = DIRECTION('',(1.,3.330669073875E-16,0.));
#5060 = ORIENTED_EDGE('',*,*,#3376,.T.);
#5061 = ORIENTED_EDGE('',*,*,#5038,.F.);
#5062 = ORIENTED_EDGE('',*,*,#3267,.F.);
#5063 = CYLINDRICAL_SURFACE('',#5064,0.11625);
#5064 = AXIS2_PLACEMENT_3D('',#5065,#5066,#5067);
#5065 = CARTESIAN_POINT('',(-0.125,2.12125,0.27125));
#5066 = DIRECTION('',(-1.,-3.330669073875E-16,0.));
#5067 = DIRECTION('',(3.180890746859E-31,-9.550305588173E-16,-1.));
#5068 = ADVANCED_FACE('',(#5069),#5080,.F.);
#5069 = FACE_BOUND('',#5070,.F.);
#5070 = EDGE_LOOP('',(#5071,#5077,#5078,#5079));
#5071 = ORIENTED_EDGE('',*,*,#5072,.T.);
#5072 = EDGE_CURVE('',#3252,#3361,#5073,.T.);
#5073 = LINE('',#5074,#5075);
#5074 = CARTESIAN_POINT('',(-0.125,2.45,0.155));
#5075 = VECTOR('',#5076,1.);
#5076 = DIRECTION('',(1.,3.330669073875E-16,0.));
#5077 = ORIENTED_EDGE('',*,*,#3368,.T.);
#5078 = ORIENTED_EDGE('',*,*,#5055,.F.);
#5079 = ORIENTED_EDGE('',*,*,#3259,.F.);
#5080 = PLANE('',#5081);
#5081 = AXIS2_PLACEMENT_3D('',#5082,#5083,#5084);
#5082 = CARTESIAN_POINT('',(-0.125,2.45,0.155));
#5083 = DIRECTION('',(-0.,0.,-1.));
#5084 = DIRECTION('',(3.330669073875E-16,-1.,-0.));
#5085 = ADVANCED_FACE('',(#5086),#5097,.F.);
#5086 = FACE_BOUND('',#5087,.F.);
#5087 = EDGE_LOOP('',(#5088,#5094,#5095,#5096));
#5088 = ORIENTED_EDGE('',*,*,#5089,.T.);
#5089 = EDGE_CURVE('',#3244,#3353,#5090,.T.);
#5090 = LINE('',#5091,#5092);
#5091 = CARTESIAN_POINT('',(-0.125,2.45,-1.110223024625E-16));
#5092 = VECTOR('',#5093,1.);
#5093 = DIRECTION('',(1.,3.330669073875E-16,0.));
#5094 = ORIENTED_EDGE('',*,*,#3360,.T.);
#5095 = ORIENTED_EDGE('',*,*,#5072,.F.);
#5096 = ORIENTED_EDGE('',*,*,#3251,.F.);
#5097 = PLANE('',#5098);
#5098 = AXIS2_PLACEMENT_3D('',#5099,#5100,#5101);
#5099 = CARTESIAN_POINT('',(-0.125,2.45,-1.110223024625E-16));
#5100 = DIRECTION('',(3.330669073875E-16,-1.,0.));
#5101 = DIRECTION('',(0.,0.,1.));
#5102 = ADVANCED_FACE('',(#5103),#5114,.F.);
#5103 = FACE_BOUND('',#5104,.F.);
#5104 = EDGE_LOOP('',(#5105,#5111,#5112,#5113));
#5105 = ORIENTED_EDGE('',*,*,#5106,.T.);
#5106 = EDGE_CURVE('',#3235,#3344,#5107,.T.);
#5107 = LINE('',#5108,#5109);
#5108 = CARTESIAN_POINT('',(-0.125,2.12125,-1.110223024625E-16));
#5109 = VECTOR('',#5110,1.);
#5110 = DIRECTION('',(1.,3.330669073875E-16,0.));
#5111 = ORIENTED_EDGE('',*,*,#3352,.T.);
#5112 = ORIENTED_EDGE('',*,*,#5089,.F.);
#5113 = ORIENTED_EDGE('',*,*,#3243,.F.);
#5114 = PLANE('',#5115);
#5115 = AXIS2_PLACEMENT_3D('',#5116,#5117,#5118);
#5116 = CARTESIAN_POINT('',(-0.125,2.12125,-1.110223024625E-16));
#5117 = DIRECTION('',(0.,0.,1.));
#5118 = DIRECTION('',(-3.330669073875E-16,1.,0.));
#5119 = ADVANCED_FACE('',(#5120),#5131,.T.);
#5120 = FACE_BOUND('',#5121,.T.);
#5121 = EDGE_LOOP('',(#5122,#5123,#5124,#5125));
#5122 = ORIENTED_EDGE('',*,*,#3234,.T.);
#5123 = ORIENTED_EDGE('',*,*,#5106,.T.);
#5124 = ORIENTED_EDGE('',*,*,#3343,.F.);
#5125 = ORIENTED_EDGE('',*,*,#5126,.F.);
#5126 = EDGE_CURVE('',#3227,#3336,#5127,.T.);
#5127 = LINE('',#5128,#5129);
#5128 = CARTESIAN_POINT('',(-0.125,1.854120896995,0.224147931808));
#5129 = VECTOR('',#5130,1.);
#5130 = DIRECTION('',(1.,3.330669073875E-16,0.));
#5131 = CYLINDRICAL_SURFACE('',#5132,0.27125);
#5132 = AXIS2_PLACEMENT_3D('',#5133,#5134,#5135);
#5133 = CARTESIAN_POINT('',(-0.125,2.12125,0.27125));
#5134 = DIRECTION('',(-1.,-3.330669073875E-16,0.));
#5135 = DIRECTION('',(3.28006872667E-16,-0.984807753012,-0.173648177667)
  );
#5136 = ADVANCED_FACE('',(#5137),#5143,.F.);
#5137 = FACE_BOUND('',#5138,.F.);
#5138 = EDGE_LOOP('',(#5139,#5140,#5141,#5142));
#5139 = ORIENTED_EDGE('',*,*,#3317,.T.);
#5140 = ORIENTED_EDGE('',*,*,#3335,.T.);
#5141 = ORIENTED_EDGE('',*,*,#5126,.F.);
#5142 = ORIENTED_EDGE('',*,*,#3226,.F.);
#5143 = PLANE('',#5144);
#5144 = AXIS2_PLACEMENT_3D('',#5145,#5146,#5147);
#5145 = CARTESIAN_POINT('',(-0.125,1.820021584374,0.451436600654));
#5146 = DIRECTION('',(-3.29380694373E-16,0.988932514961,0.148366036724)
  );
#5147 = DIRECTION('',(-4.941581701296E-17,0.148366036724,-0.988932514961
    ));
#5148 = ADVANCED_FACE('',(#5149),#5160,.T.);
#5149 = FACE_BOUND('',#5150,.T.);
#5150 = EDGE_LOOP('',(#5151,#5152,#5153,#5154));
#5151 = ORIENTED_EDGE('',*,*,#3507,.T.);
#5152 = ORIENTED_EDGE('',*,*,#4056,.T.);
#5153 = ORIENTED_EDGE('',*,*,#3616,.F.);
#5154 = ORIENTED_EDGE('',*,*,#5155,.F.);
#5155 = EDGE_CURVE('',#3500,#3609,#5156,.T.);
#5156 = LINE('',#5157,#5158);
#5157 = CARTESIAN_POINT('',(0.375,1.972666786091,0.478352068192));
#5158 = VECTOR('',#5159,1.);
#5159 = DIRECTION('',(1.,3.330669073875E-16,0.));
#5160 = CYLINDRICAL_SURFACE('',#5161,0.27125);
#5161 = AXIS2_PLACEMENT_3D('',#5162,#5163,#5164);
#5162 = CARTESIAN_POINT('',(0.375,1.705537683087,0.43125));
#5163 = DIRECTION('',(-1.,-3.330669073875E-16,0.));
#5164 = DIRECTION('',(-3.28006872667E-16,0.984807753012,0.173648177667)
  );
#5165 = ADVANCED_FACE('',(#5166),#5177,.F.);
#5166 = FACE_BOUND('',#5167,.F.);
#5167 = EDGE_LOOP('',(#5168,#5174,#5175,#5176));
#5168 = ORIENTED_EDGE('',*,*,#5169,.T.);
#5169 = EDGE_CURVE('',#3491,#3600,#5170,.T.);
#5170 = LINE('',#5171,#5172);
#5171 = CARTESIAN_POINT('',(0.375,2.006766098712,0.251063399346));
#5172 = VECTOR('',#5173,1.);
#5173 = DIRECTION('',(1.,3.330669073875E-16,0.));
#5174 = ORIENTED_EDGE('',*,*,#3608,.T.);
#5175 = ORIENTED_EDGE('',*,*,#5155,.F.);
#5176 = ORIENTED_EDGE('',*,*,#3499,.F.);
#5177 = PLANE('',#5178);
#5178 = AXIS2_PLACEMENT_3D('',#5179,#5180,#5181);
#5179 = CARTESIAN_POINT('',(0.375,2.006766098712,0.251063399346));
#5180 = DIRECTION('',(3.29380694373E-16,-0.988932514961,-0.148366036724)
  );
#5181 = DIRECTION('',(4.941581701296E-17,-0.148366036724,0.988932514961)
  );
#5182 = ADVANCED_FACE('',(#5183),#5194,.F.);
#5183 = FACE_BOUND('',#5184,.F.);
#5184 = EDGE_LOOP('',(#5185,#5191,#5192,#5193));
#5185 = ORIENTED_EDGE('',*,*,#5186,.T.);
#5186 = EDGE_CURVE('',#3483,#3592,#5187,.T.);
#5187 = LINE('',#5188,#5189);
#5188 = CARTESIAN_POINT('',(0.375,2.12125,0.155));
#5189 = VECTOR('',#5190,1.);
#5190 = DIRECTION('',(1.,3.330669073875E-16,0.));
#5191 = ORIENTED_EDGE('',*,*,#3599,.T.);
#5192 = ORIENTED_EDGE('',*,*,#5169,.F.);
#5193 = ORIENTED_EDGE('',*,*,#3490,.F.);
#5194 = CYLINDRICAL_SURFACE('',#5195,0.11625);
#5195 = AXIS2_PLACEMENT_3D('',#5196,#5197,#5198);
#5196 = CARTESIAN_POINT('',(0.375,2.12125,0.27125));
#5197 = DIRECTION('',(-1.,-3.330669073875E-16,0.));
#5198 = DIRECTION('',(3.180890746859E-31,-9.550305588173E-16,-1.));
#5199 = ADVANCED_FACE('',(#5200),#5211,.F.);
#5200 = FACE_BOUND('',#5201,.F.);
#5201 = EDGE_LOOP('',(#5202,#5208,#5209,#5210));
#5202 = ORIENTED_EDGE('',*,*,#5203,.T.);
#5203 = EDGE_CURVE('',#3475,#3584,#5204,.T.);
#5204 = LINE('',#5205,#5206);
#5205 = CARTESIAN_POINT('',(0.375,2.45,0.155));
#5206 = VECTOR('',#5207,1.);
#5207 = DIRECTION('',(1.,3.330669073875E-16,0.));
#5208 = ORIENTED_EDGE('',*,*,#3591,.T.);
#5209 = ORIENTED_EDGE('',*,*,#5186,.F.);
#5210 = ORIENTED_EDGE('',*,*,#3482,.F.);
#5211 = PLANE('',#5212);
#5212 = AXIS2_PLACEMENT_3D('',#5213,#5214,#5215);
#5213 = CARTESIAN_POINT('',(0.375,2.45,0.155));
#5214 = DIRECTION('',(-0.,0.,-1.));
#5215 = DIRECTION('',(3.330669073875E-16,-1.,-0.));
#5216 = ADVANCED_FACE('',(#5217),#5228,.F.);
#5217 = FACE_BOUND('',#5218,.F.);
#5218 = EDGE_LOOP('',(#5219,#5225,#5226,#5227));
#5219 = ORIENTED_EDGE('',*,*,#5220,.T.);
#5220 = EDGE_CURVE('',#3467,#3576,#5221,.T.);
#5221 = LINE('',#5222,#5223);
#5222 = CARTESIAN_POINT('',(0.375,2.45,-1.110223024625E-16));
#5223 = VECTOR('',#5224,1.);
#5224 = DIRECTION('',(1.,3.330669073875E-16,0.));
#5225 = ORIENTED_EDGE('',*,*,#3583,.T.);
#5226 = ORIENTED_EDGE('',*,*,#5203,.F.);
#5227 = ORIENTED_EDGE('',*,*,#3474,.F.);
#5228 = PLANE('',#5229);
#5229 = AXIS2_PLACEMENT_3D('',#5230,#5231,#5232);
#5230 = CARTESIAN_POINT('',(0.375,2.45,-1.110223024625E-16));
#5231 = DIRECTION('',(3.330669073875E-16,-1.,0.));
#5232 = DIRECTION('',(0.,0.,1.));
#5233 = ADVANCED_FACE('',(#5234),#5245,.F.);
#5234 = FACE_BOUND('',#5235,.F.);
#5235 = EDGE_LOOP('',(#5236,#5242,#5243,#5244));
#5236 = ORIENTED_EDGE('',*,*,#5237,.T.);
#5237 = EDGE_CURVE('',#3458,#3567,#5238,.T.);
#5238 = LINE('',#5239,#5240);
#5239 = CARTESIAN_POINT('',(0.375,2.12125,-1.110223024625E-16));
#5240 = VECTOR('',#5241,1.);
#5241 = DIRECTION('',(1.,3.330669073875E-16,0.));
#5242 = ORIENTED_EDGE('',*,*,#3575,.T.);
#5243 = ORIENTED_EDGE('',*,*,#5220,.F.);
#5244 = ORIENTED_EDGE('',*,*,#3466,.F.);
#5245 = PLANE('',#5246);
#5246 = AXIS2_PLACEMENT_3D('',#5247,#5248,#5249);
#5247 = CARTESIAN_POINT('',(0.375,2.12125,-1.110223024625E-16));
#5248 = DIRECTION('',(0.,0.,1.));
#5249 = DIRECTION('',(-3.330669073875E-16,1.,0.));
#5250 = ADVANCED_FACE('',(#5251),#5262,.T.);
#5251 = FACE_BOUND('',#5252,.T.);
#5252 = EDGE_LOOP('',(#5253,#5254,#5255,#5256));
#5253 = ORIENTED_EDGE('',*,*,#3457,.T.);
#5254 = ORIENTED_EDGE('',*,*,#5237,.T.);
#5255 = ORIENTED_EDGE('',*,*,#3566,.F.);
#5256 = ORIENTED_EDGE('',*,*,#5257,.F.);
#5257 = EDGE_CURVE('',#3450,#3559,#5258,.T.);
#5258 = LINE('',#5259,#5260);
#5259 = CARTESIAN_POINT('',(0.375,1.854120896995,0.224147931808));
#5260 = VECTOR('',#5261,1.);
#5261 = DIRECTION('',(1.,3.330669073875E-16,0.));
#5262 = CYLINDRICAL_SURFACE('',#5263,0.27125);
#5263 = AXIS2_PLACEMENT_3D('',#5264,#5265,#5266);
#5264 = CARTESIAN_POINT('',(0.375,2.12125,0.27125));
#5265 = DIRECTION('',(-1.,-3.330669073875E-16,0.));
#5266 = DIRECTION('',(3.28006872667E-16,-0.984807753012,-0.173648177667)
  );
#5267 = ADVANCED_FACE('',(#5268),#5274,.F.);
#5268 = FACE_BOUND('',#5269,.F.);
#5269 = EDGE_LOOP('',(#5270,#5271,#5272,#5273));
#5270 = ORIENTED_EDGE('',*,*,#3540,.T.);
#5271 = ORIENTED_EDGE('',*,*,#3558,.T.);
#5272 = ORIENTED_EDGE('',*,*,#5257,.F.);
#5273 = ORIENTED_EDGE('',*,*,#3449,.F.);
#5274 = PLANE('',#5275);
#5275 = AXIS2_PLACEMENT_3D('',#5276,#5277,#5278);
#5276 = CARTESIAN_POINT('',(0.375,1.820021584374,0.451436600654));
#5277 = DIRECTION('',(-3.29380694373E-16,0.988932514961,0.148366036724)
  );
#5278 = DIRECTION('',(-4.941581701296E-17,0.148366036724,-0.988932514961
    ));
#5279 = ADVANCED_FACE('',(#5280),#5291,.T.);
#5280 = FACE_BOUND('',#5281,.T.);
#5281 = EDGE_LOOP('',(#5282,#5283,#5284,#5285));
#5282 = ORIENTED_EDGE('',*,*,#3730,.T.);
#5283 = ORIENTED_EDGE('',*,*,#4075,.T.);
#5284 = ORIENTED_EDGE('',*,*,#3839,.F.);
#5285 = ORIENTED_EDGE('',*,*,#5286,.F.);
#5286 = EDGE_CURVE('',#3723,#3832,#5287,.T.);
#5287 = LINE('',#5288,#5289);
#5288 = CARTESIAN_POINT('',(0.875,1.972666786091,0.478352068192));
#5289 = VECTOR('',#5290,1.);
#5290 = DIRECTION('',(1.,3.330669073875E-16,0.));
#5291 = CYLINDRICAL_SURFACE('',#5292,0.27125);
#5292 = AXIS2_PLACEMENT_3D('',#5293,#5294,#5295);
#5293 = CARTESIAN_POINT('',(0.875,1.705537683087,0.43125));
#5294 = DIRECTION('',(-1.,-3.330669073875E-16,0.));
#5295 = DIRECTION('',(-3.28006872667E-16,0.984807753012,0.173648177667)
  );
#5296 = ADVANCED_FACE('',(#5297),#5308,.F.);
#5297 = FACE_BOUND('',#5298,.F.);
#5298 = EDGE_LOOP('',(#5299,#5305,#5306,#5307));
#5299 = ORIENTED_EDGE('',*,*,#5300,.T.);
#5300 = EDGE_CURVE('',#3714,#3823,#5301,.T.);
#5301 = LINE('',#5302,#5303);
#5302 = CARTESIAN_POINT('',(0.875,2.006766098712,0.251063399346));
#5303 = VECTOR('',#5304,1.);
#5304 = DIRECTION('',(1.,3.330669073875E-16,0.));
#5305 = ORIENTED_EDGE('',*,*,#3831,.T.);
#5306 = ORIENTED_EDGE('',*,*,#5286,.F.);
#5307 = ORIENTED_EDGE('',*,*,#3722,.F.);
#5308 = PLANE('',#5309);
#5309 = AXIS2_PLACEMENT_3D('',#5310,#5311,#5312);
#5310 = CARTESIAN_POINT('',(0.875,2.006766098712,0.251063399346));
#5311 = DIRECTION('',(3.29380694373E-16,-0.988932514961,-0.148366036724)
  );
#5312 = DIRECTION('',(4.941581701296E-17,-0.148366036724,0.988932514961)
  );
#5313 = ADVANCED_FACE('',(#5314),#5325,.F.);
#5314 = FACE_BOUND('',#5315,.F.);
#5315 = EDGE_LOOP('',(#5316,#5322,#5323,#5324));
#5316 = ORIENTED_EDGE('',*,*,#5317,.T.);
#5317 = EDGE_CURVE('',#3706,#3815,#5318,.T.);
#5318 = LINE('',#5319,#5320);
#5319 = CARTESIAN_POINT('',(0.875,2.12125,0.155));
#5320 = VECTOR('',#5321,1.);
#5321 = DIRECTION('',(1.,3.330669073875E-16,0.));
#5322 = ORIENTED_EDGE('',*,*,#3822,.T.);
#5323 = ORIENTED_EDGE('',*,*,#5300,.F.);
#5324 = ORIENTED_EDGE('',*,*,#3713,.F.);
#5325 = CYLINDRICAL_SURFACE('',#5326,0.11625);
#5326 = AXIS2_PLACEMENT_3D('',#5327,#5328,#5329);
#5327 = CARTESIAN_POINT('',(0.875,2.12125,0.27125));
#5328 = DIRECTION('',(-1.,-3.330669073875E-16,0.));
#5329 = DIRECTION('',(3.180890746859E-31,-9.550305588173E-16,-1.));
#5330 = ADVANCED_FACE('',(#5331),#5342,.F.);
#5331 = FACE_BOUND('',#5332,.F.);
#5332 = EDGE_LOOP('',(#5333,#5339,#5340,#5341));
#5333 = ORIENTED_EDGE('',*,*,#5334,.T.);
#5334 = EDGE_CURVE('',#3698,#3807,#5335,.T.);
#5335 = LINE('',#5336,#5337);
#5336 = CARTESIAN_POINT('',(0.875,2.45,0.155));
#5337 = VECTOR('',#5338,1.);
#5338 = DIRECTION('',(1.,3.330669073875E-16,0.));
#5339 = ORIENTED_EDGE('',*,*,#3814,.T.);
#5340 = ORIENTED_EDGE('',*,*,#5317,.F.);
#5341 = ORIENTED_EDGE('',*,*,#3705,.F.);
#5342 = PLANE('',#5343);
#5343 = AXIS2_PLACEMENT_3D('',#5344,#5345,#5346);
#5344 = CARTESIAN_POINT('',(0.875,2.45,0.155));
#5345 = DIRECTION('',(-0.,0.,-1.));
#5346 = DIRECTION('',(3.330669073875E-16,-1.,-0.));
#5347 = ADVANCED_FACE('',(#5348),#5359,.F.);
#5348 = FACE_BOUND('',#5349,.F.);
#5349 = EDGE_LOOP('',(#5350,#5356,#5357,#5358));
#5350 = ORIENTED_EDGE('',*,*,#5351,.T.);
#5351 = EDGE_CURVE('',#3690,#3799,#5352,.T.);
#5352 = LINE('',#5353,#5354);
#5353 = CARTESIAN_POINT('',(0.875,2.45,-1.110223024625E-16));
#5354 = VECTOR('',#5355,1.);
#5355 = DIRECTION('',(1.,3.330669073875E-16,0.));
#5356 = ORIENTED_EDGE('',*,*,#3806,.T.);
#5357 = ORIENTED_EDGE('',*,*,#5334,.F.);
#5358 = ORIENTED_EDGE('',*,*,#3697,.F.);
#5359 = PLANE('',#5360);
#5360 = AXIS2_PLACEMENT_3D('',#5361,#5362,#5363);
#5361 = CARTESIAN_POINT('',(0.875,2.45,-1.110223024625E-16));
#5362 = DIRECTION('',(3.330669073875E-16,-1.,0.));
#5363 = DIRECTION('',(0.,0.,1.));
#5364 = ADVANCED_FACE('',(#5365),#5376,.F.);
#5365 = FACE_BOUND('',#5366,.F.);
#5366 = EDGE_LOOP('',(#5367,#5373,#5374,#5375));
#5367 = ORIENTED_EDGE('',*,*,#5368,.T.);
#5368 = EDGE_CURVE('',#3681,#3790,#5369,.T.);
#5369 = LINE('',#5370,#5371);
#5370 = CARTESIAN_POINT('',(0.875,2.12125,-1.110223024625E-16));
#5371 = VECTOR('',#5372,1.);
#5372 = DIRECTION('',(1.,3.330669073875E-16,0.));
#5373 = ORIENTED_EDGE('',*,*,#3798,.T.);
#5374 = ORIENTED_EDGE('',*,*,#5351,.F.);
#5375 = ORIENTED_EDGE('',*,*,#3689,.F.);
#5376 = PLANE('',#5377);
#5377 = AXIS2_PLACEMENT_3D('',#5378,#5379,#5380);
#5378 = CARTESIAN_POINT('',(0.875,2.12125,-1.110223024625E-16));
#5379 = DIRECTION('',(0.,0.,1.));
#5380 = DIRECTION('',(-3.330669073875E-16,1.,0.));
#5381 = ADVANCED_FACE('',(#5382),#5393,.T.);
#5382 = FACE_BOUND('',#5383,.T.);
#5383 = EDGE_LOOP('',(#5384,#5385,#5386,#5387));
#5384 = ORIENTED_EDGE('',*,*,#3680,.T.);
#5385 = ORIENTED_EDGE('',*,*,#5368,.T.);
#5386 = ORIENTED_EDGE('',*,*,#3789,.F.);
#5387 = ORIENTED_EDGE('',*,*,#5388,.F.);
#5388 = EDGE_CURVE('',#3673,#3782,#5389,.T.);
#5389 = LINE('',#5390,#5391);
#5390 = CARTESIAN_POINT('',(0.875,1.854120896995,0.224147931808));
#5391 = VECTOR('',#5392,1.);
#5392 = DIRECTION('',(1.,3.330669073875E-16,0.));
#5393 = CYLINDRICAL_SURFACE('',#5394,0.27125);
#5394 = AXIS2_PLACEMENT_3D('',#5395,#5396,#5397);
#5395 = CARTESIAN_POINT('',(0.875,2.12125,0.27125));
#5396 = DIRECTION('',(-1.,-3.330669073875E-16,0.));
#5397 = DIRECTION('',(3.28006872667E-16,-0.984807753012,-0.173648177667)
  );
#5398 = ADVANCED_FACE('',(#5399),#5405,.F.);
#5399 = FACE_BOUND('',#5400,.F.);
#5400 = EDGE_LOOP('',(#5401,#5402,#5403,#5404));
#5401 = ORIENTED_EDGE('',*,*,#3763,.T.);
#5402 = ORIENTED_EDGE('',*,*,#3781,.T.);
#5403 = ORIENTED_EDGE('',*,*,#5388,.F.);
#5404 = ORIENTED_EDGE('',*,*,#3672,.F.);
#5405 = PLANE('',#5406);
#5406 = AXIS2_PLACEMENT_3D('',#5407,#5408,#5409);
#5407 = CARTESIAN_POINT('',(0.875,1.820021584374,0.451436600654));
#5408 = DIRECTION('',(-3.29380694373E-16,0.988932514961,0.148366036724)
  );
#5409 = DIRECTION('',(-4.941581701296E-17,0.148366036724,-0.988932514961
    ));
#5410 = ADVANCED_FACE('',(#5411),#5412,.T.);
#5411 = FACE_BOUND('',#3982,.F.);
#5412 = PLANE('',#5413);
#5413 = AXIS2_PLACEMENT_3D('',#5414,#5415,#5416);
#5414 = CARTESIAN_POINT('',(-1.093928020135,-1.093928020135,1.1));
#5415 = DIRECTION('',(0.,0.,1.));
#5416 = DIRECTION('',(-2.22044604925E-16,1.,0.));
#5417 = ( GEOMETRIC_REPRESENTATION_CONTEXT(3) 
GLOBAL_UNCERTAINTY_ASSIGNED_CONTEXT((#5421)) 
GLOBAL_UNIT_ASSIGNED_CONTEXT((#5418,#5419,#5420)) REPRESENTATION_CONTEXT
('Context #1','3D Context with UNIT and UNCERTAINTY') );
#5418 = ( LENGTH_UNIT() NAMED_UNIT(*) SI_UNIT(.MILLI.,.METRE.) );
#5419 = ( NAMED_UNIT(*) PLANE_ANGLE_UNIT() SI_UNIT($,.RADIAN.) );
#5420 = ( NAMED_UNIT(*) SI_UNIT($,.STERADIAN.) SOLID_ANGLE_UNIT() );
#5421 = UNCERTAINTY_MEASURE_WITH_UNIT(LENGTH_MEASURE(1.E-07),#5418,
  'distance_accuracy_value','confusion accuracy');
#5422 = PRODUCT_RELATED_PRODUCT_CATEGORY('part',$,(#7));
#5423 = MECHANICAL_DESIGN_GEOMETRIC_PRESENTATION_REPRESENTATION('',(
    #5424,#5435,#5443,#5450,#5457,#5464,#5471,#5478,#5485,#5492,#5499,
    #5506,#5513,#5520,#5527,#5534,#5541,#5548,#5555,#5562,#5569,#5576,
    #5583,#5590,#5597,#5604,#5611,#5618,#5625,#5632,#5639,#5646,#5653,
    #5660,#5667,#5674,#5681,#5688,#5695,#5702,#5709,#5716,#5723,#5730,
    #5737,#5744,#5751,#5758,#5765,#5772,#5779,#5786,#5793,#5800,#5807,
    #5814,#5821,#5828,#5835,#5842,#5849,#5856,#5863,#5870,#5877,#5884,
    #5891,#5898,#5905,#5912,#5919,#5926,#5933,#5940,#5947,#5954,#5961,
    #5968,#5975,#5982,#5989,#5996,#6003,#6010,#6017,#6024,#6031,#6038,
    #6045,#6052,#6059,#6066,#6073,#6080,#6087,#6094,#6101,#6108,#6115,
    #6122,#6129,#6136,#6143,#6150,#6157,#6164,#6171,#6178,#6185,#6192,
    #6199,#6206,#6213,#6220,#6227,#6234,#6241,#6248,#6255,#6262,#6269,
    #6276,#6283,#6290,#6297,#6304,#6311,#6318,#6325,#6332,#6339,#6346),
  #5417);
#5424 = STYLED_ITEM('color',(#5425),#15);
#5425 = PRESENTATION_STYLE_ASSIGNMENT((#5426,#5432));
#5426 = SURFACE_STYLE_USAGE(.BOTH.,#5427);
#5427 = SURFACE_SIDE_STYLE('',(#5428));
#5428 = SURFACE_STYLE_FILL_AREA(#5429);
#5429 = FILL_AREA_STYLE('',(#5430));
#5430 = FILL_AREA_STYLE_COLOUR('',#5431);
#5431 = COLOUR_RGB('',0.147999998088,0.144999993226,0.144999993226);
#5432 = CURVE_STYLE('',#5433,POSITIVE_LENGTH_MEASURE(0.1),#5434);
#5433 = DRAUGHTING_PRE_DEFINED_CURVE_FONT('continuous');
#5434 = COLOUR_RGB('',9.803921802644E-02,9.803921802644E-02,
  9.803921802644E-02);
#5435 = OVER_RIDING_STYLED_ITEM('overriding color',(#5436),#620,#5424);
#5436 = PRESENTATION_STYLE_ASSIGNMENT((#5437));
#5437 = SURFACE_STYLE_USAGE(.BOTH.,#5438);
#5438 = SURFACE_SIDE_STYLE('',(#5439));
#5439 = SURFACE_STYLE_FILL_AREA(#5440);
#5440 = FILL_AREA_STYLE('',(#5441));
#5441 = FILL_AREA_STYLE_COLOUR('',#5442);
#5442 = COLOUR_RGB('',0.823999987314,0.819999987296,0.781000009244);
#5443 = OVER_RIDING_STYLED_ITEM('overriding color',(#5444),#682,#5424);
#5444 = PRESENTATION_STYLE_ASSIGNMENT((#5445));
#5445 = SURFACE_STYLE_USAGE(.BOTH.,#5446);
#5446 = SURFACE_SIDE_STYLE('',(#5447));
#5447 = SURFACE_STYLE_FILL_AREA(#5448);
#5448 = FILL_AREA_STYLE('',(#5449));
#5449 = FILL_AREA_STYLE_COLOUR('',#5442);
#5450 = OVER_RIDING_STYLED_ITEM('overriding color',(#5451),#744,#5424);
#5451 = PRESENTATION_STYLE_ASSIGNMENT((#5452));
#5452 = SURFACE_STYLE_USAGE(.BOTH.,#5453);
#5453 = SURFACE_SIDE_STYLE('',(#5454));
#5454 = SURFACE_STYLE_FILL_AREA(#5455);
#5455 = FILL_AREA_STYLE('',(#5456));
#5456 = FILL_AREA_STYLE_COLOUR('',#5442);
#5457 = OVER_RIDING_STYLED_ITEM('overriding color',(#5458),#806,#5424);
#5458 = PRESENTATION_STYLE_ASSIGNMENT((#5459));
#5459 = SURFACE_STYLE_USAGE(.BOTH.,#5460);
#5460 = SURFACE_SIDE_STYLE('',(#5461));
#5461 = SURFACE_STYLE_FILL_AREA(#5462);
#5462 = FILL_AREA_STYLE('',(#5463));
#5463 = FILL_AREA_STYLE_COLOUR('',#5442);
#5464 = OVER_RIDING_STYLED_ITEM('overriding color',(#5465),#868,#5424);
#5465 = PRESENTATION_STYLE_ASSIGNMENT((#5466));
#5466 = SURFACE_STYLE_USAGE(.BOTH.,#5467);
#5467 = SURFACE_SIDE_STYLE('',(#5468));
#5468 = SURFACE_STYLE_FILL_AREA(#5469);
#5469 = FILL_AREA_STYLE('',(#5470));
#5470 = FILL_AREA_STYLE_COLOUR('',#5442);
#5471 = OVER_RIDING_STYLED_ITEM('overriding color',(#5472),#978,#5424);
#5472 = PRESENTATION_STYLE_ASSIGNMENT((#5473));
#5473 = SURFACE_STYLE_USAGE(.BOTH.,#5474);
#5474 = SURFACE_SIDE_STYLE('',(#5475));
#5475 = SURFACE_STYLE_FILL_AREA(#5476);
#5476 = FILL_AREA_STYLE('',(#5477));
#5477 = FILL_AREA_STYLE_COLOUR('',#5442);
#5478 = OVER_RIDING_STYLED_ITEM('overriding color',(#5479),#1040,#5424);
#5479 = PRESENTATION_STYLE_ASSIGNMENT((#5480));
#5480 = SURFACE_STYLE_USAGE(.BOTH.,#5481);
#5481 = SURFACE_SIDE_STYLE('',(#5482));
#5482 = SURFACE_STYLE_FILL_AREA(#5483);
#5483 = FILL_AREA_STYLE('',(#5484));
#5484 = FILL_AREA_STYLE_COLOUR('',#5442);
#5485 = OVER_RIDING_STYLED_ITEM('overriding color',(#5486),#1102,#5424);
#5486 = PRESENTATION_STYLE_ASSIGNMENT((#5487));
#5487 = SURFACE_STYLE_USAGE(.BOTH.,#5488);
#5488 = SURFACE_SIDE_STYLE('',(#5489));
#5489 = SURFACE_STYLE_FILL_AREA(#5490);
#5490 = FILL_AREA_STYLE('',(#5491));
#5491 = FILL_AREA_STYLE_COLOUR('',#5442);
#5492 = OVER_RIDING_STYLED_ITEM('overriding color',(#5493),#1164,#5424);
#5493 = PRESENTATION_STYLE_ASSIGNMENT((#5494));
#5494 = SURFACE_STYLE_USAGE(.BOTH.,#5495);
#5495 = SURFACE_SIDE_STYLE('',(#5496));
#5496 = SURFACE_STYLE_FILL_AREA(#5497);
#5497 = FILL_AREA_STYLE('',(#5498));
#5498 = FILL_AREA_STYLE_COLOUR('',#5442);
#5499 = OVER_RIDING_STYLED_ITEM('overriding color',(#5500),#1226,#5424);
#5500 = PRESENTATION_STYLE_ASSIGNMENT((#5501));
#5501 = SURFACE_STYLE_USAGE(.BOTH.,#5502);
#5502 = SURFACE_SIDE_STYLE('',(#5503));
#5503 = SURFACE_STYLE_FILL_AREA(#5504);
#5504 = FILL_AREA_STYLE('',(#5505));
#5505 = FILL_AREA_STYLE_COLOUR('',#5442);
#5506 = OVER_RIDING_STYLED_ITEM('overriding color',(#5507),#1304,#5424);
#5507 = PRESENTATION_STYLE_ASSIGNMENT((#5508));
#5508 = SURFACE_STYLE_USAGE(.BOTH.,#5509);
#5509 = SURFACE_SIDE_STYLE('',(#5510));
#5510 = SURFACE_STYLE_FILL_AREA(#5511);
#5511 = FILL_AREA_STYLE('',(#5512));
#5512 = FILL_AREA_STYLE_COLOUR('',#5442);
#5513 = OVER_RIDING_STYLED_ITEM('overriding color',(#5514),#1623,#5424);
#5514 = PRESENTATION_STYLE_ASSIGNMENT((#5515));
#5515 = SURFACE_STYLE_USAGE(.BOTH.,#5516);
#5516 = SURFACE_SIDE_STYLE('',(#5517));
#5517 = SURFACE_STYLE_FILL_AREA(#5518);
#5518 = FILL_AREA_STYLE('',(#5519));
#5519 = FILL_AREA_STYLE_COLOUR('',#5442);
#5520 = OVER_RIDING_STYLED_ITEM('overriding color',(#5521),#1661,#5424);
#5521 = PRESENTATION_STYLE_ASSIGNMENT((#5522));
#5522 = SURFACE_STYLE_USAGE(.BOTH.,#5523);
#5523 = SURFACE_SIDE_STYLE('',(#5524));
#5524 = SURFACE_STYLE_FILL_AREA(#5525);
#5525 = FILL_AREA_STYLE('',(#5526));
#5526 = FILL_AREA_STYLE_COLOUR('',#5442);
#5527 = OVER_RIDING_STYLED_ITEM('overriding color',(#5528),#1795,#5424);
#5528 = PRESENTATION_STYLE_ASSIGNMENT((#5529));
#5529 = SURFACE_STYLE_USAGE(.BOTH.,#5530);
#5530 = SURFACE_SIDE_STYLE('',(#5531));
#5531 = SURFACE_STYLE_FILL_AREA(#5532);
#5532 = FILL_AREA_STYLE('',(#5533));
#5533 = FILL_AREA_STYLE_COLOUR('',#5442);
#5534 = OVER_RIDING_STYLED_ITEM('overriding color',(#5535),#1887,#5424);
#5535 = PRESENTATION_STYLE_ASSIGNMENT((#5536));
#5536 = SURFACE_STYLE_USAGE(.BOTH.,#5537);
#5537 = SURFACE_SIDE_STYLE('',(#5538));
#5538 = SURFACE_STYLE_FILL_AREA(#5539);
#5539 = FILL_AREA_STYLE('',(#5540));
#5540 = FILL_AREA_STYLE_COLOUR('',#5442);
#5541 = OVER_RIDING_STYLED_ITEM('overriding color',(#5542),#1912,#5424);
#5542 = PRESENTATION_STYLE_ASSIGNMENT((#5543));
#5543 = SURFACE_STYLE_USAGE(.BOTH.,#5544);
#5544 = SURFACE_SIDE_STYLE('',(#5545));
#5545 = SURFACE_STYLE_FILL_AREA(#5546);
#5546 = FILL_AREA_STYLE('',(#5547));
#5547 = FILL_AREA_STYLE_COLOUR('',#5442);
#5548 = OVER_RIDING_STYLED_ITEM('overriding color',(#5549),#2018,#5424);
#5549 = PRESENTATION_STYLE_ASSIGNMENT((#5550));
#5550 = SURFACE_STYLE_USAGE(.BOTH.,#5551);
#5551 = SURFACE_SIDE_STYLE('',(#5552));
#5552 = SURFACE_STYLE_FILL_AREA(#5553);
#5553 = FILL_AREA_STYLE('',(#5554));
#5554 = FILL_AREA_STYLE_COLOUR('',#5442);
#5555 = OVER_RIDING_STYLED_ITEM('overriding color',(#5556),#2110,#5424);
#5556 = PRESENTATION_STYLE_ASSIGNMENT((#5557));
#5557 = SURFACE_STYLE_USAGE(.BOTH.,#5558);
#5558 = SURFACE_SIDE_STYLE('',(#5559));
#5559 = SURFACE_STYLE_FILL_AREA(#5560);
#5560 = FILL_AREA_STYLE('',(#5561));
#5561 = FILL_AREA_STYLE_COLOUR('',#5442);
#5562 = OVER_RIDING_STYLED_ITEM('overriding color',(#5563),#2135,#5424);
#5563 = PRESENTATION_STYLE_ASSIGNMENT((#5564));
#5564 = SURFACE_STYLE_USAGE(.BOTH.,#5565);
#5565 = SURFACE_SIDE_STYLE('',(#5566));
#5566 = SURFACE_STYLE_FILL_AREA(#5567);
#5567 = FILL_AREA_STYLE('',(#5568));
#5568 = FILL_AREA_STYLE_COLOUR('',#5442);
#5569 = OVER_RIDING_STYLED_ITEM('overriding color',(#5570),#2241,#5424);
#5570 = PRESENTATION_STYLE_ASSIGNMENT((#5571));
#5571 = SURFACE_STYLE_USAGE(.BOTH.,#5572);
#5572 = SURFACE_SIDE_STYLE('',(#5573));
#5573 = SURFACE_STYLE_FILL_AREA(#5574);
#5574 = FILL_AREA_STYLE('',(#5575));
#5575 = FILL_AREA_STYLE_COLOUR('',#5442);
#5576 = OVER_RIDING_STYLED_ITEM('overriding color',(#5577),#2333,#5424);
#5577 = PRESENTATION_STYLE_ASSIGNMENT((#5578));
#5578 = SURFACE_STYLE_USAGE(.BOTH.,#5579);
#5579 = SURFACE_SIDE_STYLE('',(#5580));
#5580 = SURFACE_STYLE_FILL_AREA(#5581);
#5581 = FILL_AREA_STYLE('',(#5582));
#5582 = FILL_AREA_STYLE_COLOUR('',#5442);
#5583 = OVER_RIDING_STYLED_ITEM('overriding color',(#5584),#2358,#5424);
#5584 = PRESENTATION_STYLE_ASSIGNMENT((#5585));
#5585 = SURFACE_STYLE_USAGE(.BOTH.,#5586);
#5586 = SURFACE_SIDE_STYLE('',(#5587));
#5587 = SURFACE_STYLE_FILL_AREA(#5588);
#5588 = FILL_AREA_STYLE('',(#5589));
#5589 = FILL_AREA_STYLE_COLOUR('',#5442);
#5590 = OVER_RIDING_STYLED_ITEM('overriding color',(#5591),#2464,#5424);
#5591 = PRESENTATION_STYLE_ASSIGNMENT((#5592));
#5592 = SURFACE_STYLE_USAGE(.BOTH.,#5593);
#5593 = SURFACE_SIDE_STYLE('',(#5594));
#5594 = SURFACE_STYLE_FILL_AREA(#5595);
#5595 = FILL_AREA_STYLE('',(#5596));
#5596 = FILL_AREA_STYLE_COLOUR('',#5442);
#5597 = OVER_RIDING_STYLED_ITEM('overriding color',(#5598),#2556,#5424);
#5598 = PRESENTATION_STYLE_ASSIGNMENT((#5599));
#5599 = SURFACE_STYLE_USAGE(.BOTH.,#5600);
#5600 = SURFACE_SIDE_STYLE('',(#5601));
#5601 = SURFACE_STYLE_FILL_AREA(#5602);
#5602 = FILL_AREA_STYLE('',(#5603));
#5603 = FILL_AREA_STYLE_COLOUR('',#5442);
#5604 = OVER_RIDING_STYLED_ITEM('overriding color',(#5605),#2581,#5424);
#5605 = PRESENTATION_STYLE_ASSIGNMENT((#5606));
#5606 = SURFACE_STYLE_USAGE(.BOTH.,#5607);
#5607 = SURFACE_SIDE_STYLE('',(#5608));
#5608 = SURFACE_STYLE_FILL_AREA(#5609);
#5609 = FILL_AREA_STYLE('',(#5610));
#5610 = FILL_AREA_STYLE_COLOUR('',#5442);
#5611 = OVER_RIDING_STYLED_ITEM('overriding color',(#5612),#2682,#5424);
#5612 = PRESENTATION_STYLE_ASSIGNMENT((#5613));
#5613 = SURFACE_STYLE_USAGE(.BOTH.,#5614);
#5614 = SURFACE_SIDE_STYLE('',(#5615));
#5615 = SURFACE_STYLE_FILL_AREA(#5616);
#5616 = FILL_AREA_STYLE('',(#5617));
#5617 = FILL_AREA_STYLE_COLOUR('',#5442);
#5618 = OVER_RIDING_STYLED_ITEM('overriding color',(#5619),#2767,#5424);
#5619 = PRESENTATION_STYLE_ASSIGNMENT((#5620));
#5620 = SURFACE_STYLE_USAGE(.BOTH.,#5621);
#5621 = SURFACE_SIDE_STYLE('',(#5622));
#5622 = SURFACE_STYLE_FILL_AREA(#5623);
#5623 = FILL_AREA_STYLE('',(#5624));
#5624 = FILL_AREA_STYLE_COLOUR('',#5442);
#5625 = OVER_RIDING_STYLED_ITEM('overriding color',(#5626),#2784,#5424);
#5626 = PRESENTATION_STYLE_ASSIGNMENT((#5627));
#5627 = SURFACE_STYLE_USAGE(.BOTH.,#5628);
#5628 = SURFACE_SIDE_STYLE('',(#5629));
#5629 = SURFACE_STYLE_FILL_AREA(#5630);
#5630 = FILL_AREA_STYLE('',(#5631));
#5631 = FILL_AREA_STYLE_COLOUR('',#5442);
#5632 = OVER_RIDING_STYLED_ITEM('overriding color',(#5633),#2869,#5424);
#5633 = PRESENTATION_STYLE_ASSIGNMENT((#5634));
#5634 = SURFACE_STYLE_USAGE(.BOTH.,#5635);
#5635 = SURFACE_SIDE_STYLE('',(#5636));
#5636 = SURFACE_STYLE_FILL_AREA(#5637);
#5637 = FILL_AREA_STYLE('',(#5638));
#5638 = FILL_AREA_STYLE_COLOUR('',#5442);
#5639 = OVER_RIDING_STYLED_ITEM('overriding color',(#5640),#2894,#5424);
#5640 = PRESENTATION_STYLE_ASSIGNMENT((#5641));
#5641 = SURFACE_STYLE_USAGE(.BOTH.,#5642);
#5642 = SURFACE_SIDE_STYLE('',(#5643));
#5643 = SURFACE_STYLE_FILL_AREA(#5644);
#5644 = FILL_AREA_STYLE('',(#5645));
#5645 = FILL_AREA_STYLE_COLOUR('',#5442);
#5646 = OVER_RIDING_STYLED_ITEM('overriding color',(#5647),#2988,#5424);
#5647 = PRESENTATION_STYLE_ASSIGNMENT((#5648));
#5648 = SURFACE_STYLE_USAGE(.BOTH.,#5649);
#5649 = SURFACE_SIDE_STYLE('',(#5650));
#5650 = SURFACE_STYLE_FILL_AREA(#5651);
#5651 = FILL_AREA_STYLE('',(#5652));
#5652 = FILL_AREA_STYLE_COLOUR('',#5442);
#5653 = OVER_RIDING_STYLED_ITEM('overriding color',(#5654),#3080,#5424);
#5654 = PRESENTATION_STYLE_ASSIGNMENT((#5655));
#5655 = SURFACE_STYLE_USAGE(.BOTH.,#5656);
#5656 = SURFACE_SIDE_STYLE('',(#5657));
#5657 = SURFACE_STYLE_FILL_AREA(#5658);
#5658 = FILL_AREA_STYLE('',(#5659));
#5659 = FILL_AREA_STYLE_COLOUR('',#5442);
#5660 = OVER_RIDING_STYLED_ITEM('overriding color',(#5661),#3105,#5424);
#5661 = PRESENTATION_STYLE_ASSIGNMENT((#5662));
#5662 = SURFACE_STYLE_USAGE(.BOTH.,#5663);
#5663 = SURFACE_SIDE_STYLE('',(#5664));
#5664 = SURFACE_STYLE_FILL_AREA(#5665);
#5665 = FILL_AREA_STYLE('',(#5666));
#5666 = FILL_AREA_STYLE_COLOUR('',#5442);
#5667 = OVER_RIDING_STYLED_ITEM('overriding color',(#5668),#3211,#5424);
#5668 = PRESENTATION_STYLE_ASSIGNMENT((#5669));
#5669 = SURFACE_STYLE_USAGE(.BOTH.,#5670);
#5670 = SURFACE_SIDE_STYLE('',(#5671));
#5671 = SURFACE_STYLE_FILL_AREA(#5672);
#5672 = FILL_AREA_STYLE('',(#5673));
#5673 = FILL_AREA_STYLE_COLOUR('',#5442);
#5674 = OVER_RIDING_STYLED_ITEM('overriding color',(#5675),#3303,#5424);
#5675 = PRESENTATION_STYLE_ASSIGNMENT((#5676));
#5676 = SURFACE_STYLE_USAGE(.BOTH.,#5677);
#5677 = SURFACE_SIDE_STYLE('',(#5678));
#5678 = SURFACE_STYLE_FILL_AREA(#5679);
#5679 = FILL_AREA_STYLE('',(#5680));
#5680 = FILL_AREA_STYLE_COLOUR('',#5442);
#5681 = OVER_RIDING_STYLED_ITEM('overriding color',(#5682),#3328,#5424);
#5682 = PRESENTATION_STYLE_ASSIGNMENT((#5683));
#5683 = SURFACE_STYLE_USAGE(.BOTH.,#5684);
#5684 = SURFACE_SIDE_STYLE('',(#5685));
#5685 = SURFACE_STYLE_FILL_AREA(#5686);
#5686 = FILL_AREA_STYLE('',(#5687));
#5687 = FILL_AREA_STYLE_COLOUR('',#5442);
#5688 = OVER_RIDING_STYLED_ITEM('overriding color',(#5689),#3434,#5424);
#5689 = PRESENTATION_STYLE_ASSIGNMENT((#5690));
#5690 = SURFACE_STYLE_USAGE(.BOTH.,#5691);
#5691 = SURFACE_SIDE_STYLE('',(#5692));
#5692 = SURFACE_STYLE_FILL_AREA(#5693);
#5693 = FILL_AREA_STYLE('',(#5694));
#5694 = FILL_AREA_STYLE_COLOUR('',#5442);
#5695 = OVER_RIDING_STYLED_ITEM('overriding color',(#5696),#3526,#5424);
#5696 = PRESENTATION_STYLE_ASSIGNMENT((#5697));
#5697 = SURFACE_STYLE_USAGE(.BOTH.,#5698);
#5698 = SURFACE_SIDE_STYLE('',(#5699));
#5699 = SURFACE_STYLE_FILL_AREA(#5700);
#5700 = FILL_AREA_STYLE('',(#5701));
#5701 = FILL_AREA_STYLE_COLOUR('',#5442);
#5702 = OVER_RIDING_STYLED_ITEM('overriding color',(#5703),#3551,#5424);
#5703 = PRESENTATION_STYLE_ASSIGNMENT((#5704));
#5704 = SURFACE_STYLE_USAGE(.BOTH.,#5705);
#5705 = SURFACE_SIDE_STYLE('',(#5706));
#5706 = SURFACE_STYLE_FILL_AREA(#5707);
#5707 = FILL_AREA_STYLE('',(#5708));
#5708 = FILL_AREA_STYLE_COLOUR('',#5442);
#5709 = OVER_RIDING_STYLED_ITEM('overriding color',(#5710),#3657,#5424);
#5710 = PRESENTATION_STYLE_ASSIGNMENT((#5711));
#5711 = SURFACE_STYLE_USAGE(.BOTH.,#5712);
#5712 = SURFACE_SIDE_STYLE('',(#5713));
#5713 = SURFACE_STYLE_FILL_AREA(#5714);
#5714 = FILL_AREA_STYLE('',(#5715));
#5715 = FILL_AREA_STYLE_COLOUR('',#5442);
#5716 = OVER_RIDING_STYLED_ITEM('overriding color',(#5717),#3749,#5424);
#5717 = PRESENTATION_STYLE_ASSIGNMENT((#5718));
#5718 = SURFACE_STYLE_USAGE(.BOTH.,#5719);
#5719 = SURFACE_SIDE_STYLE('',(#5720));
#5720 = SURFACE_STYLE_FILL_AREA(#5721);
#5721 = FILL_AREA_STYLE('',(#5722));
#5722 = FILL_AREA_STYLE_COLOUR('',#5442);
#5723 = OVER_RIDING_STYLED_ITEM('overriding color',(#5724),#3774,#5424);
#5724 = PRESENTATION_STYLE_ASSIGNMENT((#5725));
#5725 = SURFACE_STYLE_USAGE(.BOTH.,#5726);
#5726 = SURFACE_SIDE_STYLE('',(#5727));
#5727 = SURFACE_STYLE_FILL_AREA(#5728);
#5728 = FILL_AREA_STYLE('',(#5729));
#5729 = FILL_AREA_STYLE_COLOUR('',#5442);
#5730 = OVER_RIDING_STYLED_ITEM('overriding color',(#5731),#3858,#5424);
#5731 = PRESENTATION_STYLE_ASSIGNMENT((#5732));
#5732 = SURFACE_STYLE_USAGE(.BOTH.,#5733);
#5733 = SURFACE_SIDE_STYLE('',(#5734));
#5734 = SURFACE_STYLE_FILL_AREA(#5735);
#5735 = FILL_AREA_STYLE('',(#5736));
#5736 = FILL_AREA_STYLE_COLOUR('',#5442);
#5737 = OVER_RIDING_STYLED_ITEM('overriding color',(#5738),#3875,#5424);
#5738 = PRESENTATION_STYLE_ASSIGNMENT((#5739));
#5739 = SURFACE_STYLE_USAGE(.BOTH.,#5740);
#5740 = SURFACE_SIDE_STYLE('',(#5741));
#5741 = SURFACE_STYLE_FILL_AREA(#5742);
#5742 = FILL_AREA_STYLE('',(#5743));
#5743 = FILL_AREA_STYLE_COLOUR('',#5442);
#5744 = OVER_RIDING_STYLED_ITEM('overriding color',(#5745),#3894,#5424);
#5745 = PRESENTATION_STYLE_ASSIGNMENT((#5746));
#5746 = SURFACE_STYLE_USAGE(.BOTH.,#5747);
#5747 = SURFACE_SIDE_STYLE('',(#5748));
#5748 = SURFACE_STYLE_FILL_AREA(#5749);
#5749 = FILL_AREA_STYLE('',(#5750));
#5750 = FILL_AREA_STYLE_COLOUR('',#5442);
#5751 = OVER_RIDING_STYLED_ITEM('overriding color',(#5752),#3913,#5424);
#5752 = PRESENTATION_STYLE_ASSIGNMENT((#5753));
#5753 = SURFACE_STYLE_USAGE(.BOTH.,#5754);
#5754 = SURFACE_SIDE_STYLE('',(#5755));
#5755 = SURFACE_STYLE_FILL_AREA(#5756);
#5756 = FILL_AREA_STYLE('',(#5757));
#5757 = FILL_AREA_STYLE_COLOUR('',#5442);
#5758 = OVER_RIDING_STYLED_ITEM('overriding color',(#5759),#3932,#5424);
#5759 = PRESENTATION_STYLE_ASSIGNMENT((#5760));
#5760 = SURFACE_STYLE_USAGE(.BOTH.,#5761);
#5761 = SURFACE_SIDE_STYLE('',(#5762));
#5762 = SURFACE_STYLE_FILL_AREA(#5763);
#5763 = FILL_AREA_STYLE('',(#5764));
#5764 = FILL_AREA_STYLE_COLOUR('',#5442);
#5765 = OVER_RIDING_STYLED_ITEM('overriding color',(#5766),#4013,#5424);
#5766 = PRESENTATION_STYLE_ASSIGNMENT((#5767));
#5767 = SURFACE_STYLE_USAGE(.BOTH.,#5768);
#5768 = SURFACE_SIDE_STYLE('',(#5769));
#5769 = SURFACE_STYLE_FILL_AREA(#5770);
#5770 = FILL_AREA_STYLE('',(#5771));
#5771 = FILL_AREA_STYLE_COLOUR('',#5442);
#5772 = OVER_RIDING_STYLED_ITEM('overriding color',(#5773),#4032,#5424);
#5773 = PRESENTATION_STYLE_ASSIGNMENT((#5774));
#5774 = SURFACE_STYLE_USAGE(.BOTH.,#5775);
#5775 = SURFACE_SIDE_STYLE('',(#5776));
#5776 = SURFACE_STYLE_FILL_AREA(#5777);
#5777 = FILL_AREA_STYLE('',(#5778));
#5778 = FILL_AREA_STYLE_COLOUR('',#5442);
#5779 = OVER_RIDING_STYLED_ITEM('overriding color',(#5780),#4051,#5424);
#5780 = PRESENTATION_STYLE_ASSIGNMENT((#5781));
#5781 = SURFACE_STYLE_USAGE(.BOTH.,#5782);
#5782 = SURFACE_SIDE_STYLE('',(#5783));
#5783 = SURFACE_STYLE_FILL_AREA(#5784);
#5784 = FILL_AREA_STYLE('',(#5785));
#5785 = FILL_AREA_STYLE_COLOUR('',#5442);
#5786 = OVER_RIDING_STYLED_ITEM('overriding color',(#5787),#4070,#5424);
#5787 = PRESENTATION_STYLE_ASSIGNMENT((#5788));
#5788 = SURFACE_STYLE_USAGE(.BOTH.,#5789);
#5789 = SURFACE_SIDE_STYLE('',(#5790));
#5790 = SURFACE_STYLE_FILL_AREA(#5791);
#5791 = FILL_AREA_STYLE('',(#5792));
#5792 = FILL_AREA_STYLE_COLOUR('',#5442);
#5793 = OVER_RIDING_STYLED_ITEM('overriding color',(#5794),#4105,#5424);
#5794 = PRESENTATION_STYLE_ASSIGNMENT((#5795));
#5795 = SURFACE_STYLE_USAGE(.BOTH.,#5796);
#5796 = SURFACE_SIDE_STYLE('',(#5797));
#5797 = SURFACE_STYLE_FILL_AREA(#5798);
#5798 = FILL_AREA_STYLE('',(#5799));
#5799 = FILL_AREA_STYLE_COLOUR('',#5442);
#5800 = OVER_RIDING_STYLED_ITEM('overriding color',(#5801),#4122,#5424);
#5801 = PRESENTATION_STYLE_ASSIGNMENT((#5802));
#5802 = SURFACE_STYLE_USAGE(.BOTH.,#5803);
#5803 = SURFACE_SIDE_STYLE('',(#5804));
#5804 = SURFACE_STYLE_FILL_AREA(#5805);
#5805 = FILL_AREA_STYLE('',(#5806));
#5806 = FILL_AREA_STYLE_COLOUR('',#5442);
#5807 = OVER_RIDING_STYLED_ITEM('overriding color',(#5808),#4139,#5424);
#5808 = PRESENTATION_STYLE_ASSIGNMENT((#5809));
#5809 = SURFACE_STYLE_USAGE(.BOTH.,#5810);
#5810 = SURFACE_SIDE_STYLE('',(#5811));
#5811 = SURFACE_STYLE_FILL_AREA(#5812);
#5812 = FILL_AREA_STYLE('',(#5813));
#5813 = FILL_AREA_STYLE_COLOUR('',#5442);
#5814 = OVER_RIDING_STYLED_ITEM('overriding color',(#5815),#4156,#5424);
#5815 = PRESENTATION_STYLE_ASSIGNMENT((#5816));
#5816 = SURFACE_STYLE_USAGE(.BOTH.,#5817);
#5817 = SURFACE_SIDE_STYLE('',(#5818));
#5818 = SURFACE_STYLE_FILL_AREA(#5819);
#5819 = FILL_AREA_STYLE('',(#5820));
#5820 = FILL_AREA_STYLE_COLOUR('',#5442);
#5821 = OVER_RIDING_STYLED_ITEM('overriding color',(#5822),#4173,#5424);
#5822 = PRESENTATION_STYLE_ASSIGNMENT((#5823));
#5823 = SURFACE_STYLE_USAGE(.BOTH.,#5824);
#5824 = SURFACE_SIDE_STYLE('',(#5825));
#5825 = SURFACE_STYLE_FILL_AREA(#5826);
#5826 = FILL_AREA_STYLE('',(#5827));
#5827 = FILL_AREA_STYLE_COLOUR('',#5442);
#5828 = OVER_RIDING_STYLED_ITEM('overriding color',(#5829),#4190,#5424);
#5829 = PRESENTATION_STYLE_ASSIGNMENT((#5830));
#5830 = SURFACE_STYLE_USAGE(.BOTH.,#5831);
#5831 = SURFACE_SIDE_STYLE('',(#5832));
#5832 = SURFACE_STYLE_FILL_AREA(#5833);
#5833 = FILL_AREA_STYLE('',(#5834));
#5834 = FILL_AREA_STYLE_COLOUR('',#5442);
#5835 = OVER_RIDING_STYLED_ITEM('overriding color',(#5836),#4207,#5424);
#5836 = PRESENTATION_STYLE_ASSIGNMENT((#5837));
#5837 = SURFACE_STYLE_USAGE(.BOTH.,#5838);
#5838 = SURFACE_SIDE_STYLE('',(#5839));
#5839 = SURFACE_STYLE_FILL_AREA(#5840);
#5840 = FILL_AREA_STYLE('',(#5841));
#5841 = FILL_AREA_STYLE_COLOUR('',#5442);
#5842 = OVER_RIDING_STYLED_ITEM('overriding color',(#5843),#4224,#5424);
#5843 = PRESENTATION_STYLE_ASSIGNMENT((#5844));
#5844 = SURFACE_STYLE_USAGE(.BOTH.,#5845);
#5845 = SURFACE_SIDE_STYLE('',(#5846));
#5846 = SURFACE_STYLE_FILL_AREA(#5847);
#5847 = FILL_AREA_STYLE('',(#5848));
#5848 = FILL_AREA_STYLE_COLOUR('',#5442);
#5849 = OVER_RIDING_STYLED_ITEM('overriding color',(#5850),#4248,#5424);
#5850 = PRESENTATION_STYLE_ASSIGNMENT((#5851));
#5851 = SURFACE_STYLE_USAGE(.BOTH.,#5852);
#5852 = SURFACE_SIDE_STYLE('',(#5853));
#5853 = SURFACE_STYLE_FILL_AREA(#5854);
#5854 = FILL_AREA_STYLE('',(#5855));
#5855 = FILL_AREA_STYLE_COLOUR('',#5442);
#5856 = OVER_RIDING_STYLED_ITEM('overriding color',(#5857),#4265,#5424);
#5857 = PRESENTATION_STYLE_ASSIGNMENT((#5858));
#5858 = SURFACE_STYLE_USAGE(.BOTH.,#5859);
#5859 = SURFACE_SIDE_STYLE('',(#5860));
#5860 = SURFACE_STYLE_FILL_AREA(#5861);
#5861 = FILL_AREA_STYLE('',(#5862));
#5862 = FILL_AREA_STYLE_COLOUR('',#5442);
#5863 = OVER_RIDING_STYLED_ITEM('overriding color',(#5864),#4282,#5424);
#5864 = PRESENTATION_STYLE_ASSIGNMENT((#5865));
#5865 = SURFACE_STYLE_USAGE(.BOTH.,#5866);
#5866 = SURFACE_SIDE_STYLE('',(#5867));
#5867 = SURFACE_STYLE_FILL_AREA(#5868);
#5868 = FILL_AREA_STYLE('',(#5869));
#5869 = FILL_AREA_STYLE_COLOUR('',#5442);
#5870 = OVER_RIDING_STYLED_ITEM('overriding color',(#5871),#4299,#5424);
#5871 = PRESENTATION_STYLE_ASSIGNMENT((#5872));
#5872 = SURFACE_STYLE_USAGE(.BOTH.,#5873);
#5873 = SURFACE_SIDE_STYLE('',(#5874));
#5874 = SURFACE_STYLE_FILL_AREA(#5875);
#5875 = FILL_AREA_STYLE('',(#5876));
#5876 = FILL_AREA_STYLE_COLOUR('',#5442);
#5877 = OVER_RIDING_STYLED_ITEM('overriding color',(#5878),#4316,#5424);
#5878 = PRESENTATION_STYLE_ASSIGNMENT((#5879));
#5879 = SURFACE_STYLE_USAGE(.BOTH.,#5880);
#5880 = SURFACE_SIDE_STYLE('',(#5881));
#5881 = SURFACE_STYLE_FILL_AREA(#5882);
#5882 = FILL_AREA_STYLE('',(#5883));
#5883 = FILL_AREA_STYLE_COLOUR('',#5442);
#5884 = OVER_RIDING_STYLED_ITEM('overriding color',(#5885),#4333,#5424);
#5885 = PRESENTATION_STYLE_ASSIGNMENT((#5886));
#5886 = SURFACE_STYLE_USAGE(.BOTH.,#5887);
#5887 = SURFACE_SIDE_STYLE('',(#5888));
#5888 = SURFACE_STYLE_FILL_AREA(#5889);
#5889 = FILL_AREA_STYLE('',(#5890));
#5890 = FILL_AREA_STYLE_COLOUR('',#5442);
#5891 = OVER_RIDING_STYLED_ITEM('overriding color',(#5892),#4350,#5424);
#5892 = PRESENTATION_STYLE_ASSIGNMENT((#5893));
#5893 = SURFACE_STYLE_USAGE(.BOTH.,#5894);
#5894 = SURFACE_SIDE_STYLE('',(#5895));
#5895 = SURFACE_STYLE_FILL_AREA(#5896);
#5896 = FILL_AREA_STYLE('',(#5897));
#5897 = FILL_AREA_STYLE_COLOUR('',#5442);
#5898 = OVER_RIDING_STYLED_ITEM('overriding color',(#5899),#4367,#5424);
#5899 = PRESENTATION_STYLE_ASSIGNMENT((#5900));
#5900 = SURFACE_STYLE_USAGE(.BOTH.,#5901);
#5901 = SURFACE_SIDE_STYLE('',(#5902));
#5902 = SURFACE_STYLE_FILL_AREA(#5903);
#5903 = FILL_AREA_STYLE('',(#5904));
#5904 = FILL_AREA_STYLE_COLOUR('',#5442);
#5905 = OVER_RIDING_STYLED_ITEM('overriding color',(#5906),#4379,#5424);
#5906 = PRESENTATION_STYLE_ASSIGNMENT((#5907));
#5907 = SURFACE_STYLE_USAGE(.BOTH.,#5908);
#5908 = SURFACE_SIDE_STYLE('',(#5909));
#5909 = SURFACE_STYLE_FILL_AREA(#5910);
#5910 = FILL_AREA_STYLE('',(#5911));
#5911 = FILL_AREA_STYLE_COLOUR('',#5442);
#5912 = OVER_RIDING_STYLED_ITEM('overriding color',(#5913),#4396,#5424);
#5913 = PRESENTATION_STYLE_ASSIGNMENT((#5914));
#5914 = SURFACE_STYLE_USAGE(.BOTH.,#5915);
#5915 = SURFACE_SIDE_STYLE('',(#5916));
#5916 = SURFACE_STYLE_FILL_AREA(#5917);
#5917 = FILL_AREA_STYLE('',(#5918));
#5918 = FILL_AREA_STYLE_COLOUR('',#5442);
#5919 = OVER_RIDING_STYLED_ITEM('overriding color',(#5920),#4413,#5424);
#5920 = PRESENTATION_STYLE_ASSIGNMENT((#5921));
#5921 = SURFACE_STYLE_USAGE(.BOTH.,#5922);
#5922 = SURFACE_SIDE_STYLE('',(#5923));
#5923 = SURFACE_STYLE_FILL_AREA(#5924);
#5924 = FILL_AREA_STYLE('',(#5925));
#5925 = FILL_AREA_STYLE_COLOUR('',#5442);
#5926 = OVER_RIDING_STYLED_ITEM('overriding color',(#5927),#4430,#5424);
#5927 = PRESENTATION_STYLE_ASSIGNMENT((#5928));
#5928 = SURFACE_STYLE_USAGE(.BOTH.,#5929);
#5929 = SURFACE_SIDE_STYLE('',(#5930));
#5930 = SURFACE_STYLE_FILL_AREA(#5931);
#5931 = FILL_AREA_STYLE('',(#5932));
#5932 = FILL_AREA_STYLE_COLOUR('',#5442);
#5933 = OVER_RIDING_STYLED_ITEM('overriding color',(#5934),#4447,#5424);
#5934 = PRESENTATION_STYLE_ASSIGNMENT((#5935));
#5935 = SURFACE_STYLE_USAGE(.BOTH.,#5936);
#5936 = SURFACE_SIDE_STYLE('',(#5937));
#5937 = SURFACE_STYLE_FILL_AREA(#5938);
#5938 = FILL_AREA_STYLE('',(#5939));
#5939 = FILL_AREA_STYLE_COLOUR('',#5442);
#5940 = OVER_RIDING_STYLED_ITEM('overriding color',(#5941),#4464,#5424);
#5941 = PRESENTATION_STYLE_ASSIGNMENT((#5942));
#5942 = SURFACE_STYLE_USAGE(.BOTH.,#5943);
#5943 = SURFACE_SIDE_STYLE('',(#5944));
#5944 = SURFACE_STYLE_FILL_AREA(#5945);
#5945 = FILL_AREA_STYLE('',(#5946));
#5946 = FILL_AREA_STYLE_COLOUR('',#5442);
#5947 = OVER_RIDING_STYLED_ITEM('overriding color',(#5948),#4481,#5424);
#5948 = PRESENTATION_STYLE_ASSIGNMENT((#5949));
#5949 = SURFACE_STYLE_USAGE(.BOTH.,#5950);
#5950 = SURFACE_SIDE_STYLE('',(#5951));
#5951 = SURFACE_STYLE_FILL_AREA(#5952);
#5952 = FILL_AREA_STYLE('',(#5953));
#5953 = FILL_AREA_STYLE_COLOUR('',#5442);
#5954 = OVER_RIDING_STYLED_ITEM('overriding color',(#5955),#4498,#5424);
#5955 = PRESENTATION_STYLE_ASSIGNMENT((#5956));
#5956 = SURFACE_STYLE_USAGE(.BOTH.,#5957);
#5957 = SURFACE_SIDE_STYLE('',(#5958));
#5958 = SURFACE_STYLE_FILL_AREA(#5959);
#5959 = FILL_AREA_STYLE('',(#5960));
#5960 = FILL_AREA_STYLE_COLOUR('',#5442);
#5961 = OVER_RIDING_STYLED_ITEM('overriding color',(#5962),#4510,#5424);
#5962 = PRESENTATION_STYLE_ASSIGNMENT((#5963));
#5963 = SURFACE_STYLE_USAGE(.BOTH.,#5964);
#5964 = SURFACE_SIDE_STYLE('',(#5965));
#5965 = SURFACE_STYLE_FILL_AREA(#5966);
#5966 = FILL_AREA_STYLE('',(#5967));
#5967 = FILL_AREA_STYLE_COLOUR('',#5442);
#5968 = OVER_RIDING_STYLED_ITEM('overriding color',(#5969),#4527,#5424);
#5969 = PRESENTATION_STYLE_ASSIGNMENT((#5970));
#5970 = SURFACE_STYLE_USAGE(.BOTH.,#5971);
#5971 = SURFACE_SIDE_STYLE('',(#5972));
#5972 = SURFACE_STYLE_FILL_AREA(#5973);
#5973 = FILL_AREA_STYLE('',(#5974));
#5974 = FILL_AREA_STYLE_COLOUR('',#5442);
#5975 = OVER_RIDING_STYLED_ITEM('overriding color',(#5976),#4544,#5424);
#5976 = PRESENTATION_STYLE_ASSIGNMENT((#5977));
#5977 = SURFACE_STYLE_USAGE(.BOTH.,#5978);
#5978 = SURFACE_SIDE_STYLE('',(#5979));
#5979 = SURFACE_STYLE_FILL_AREA(#5980);
#5980 = FILL_AREA_STYLE('',(#5981));
#5981 = FILL_AREA_STYLE_COLOUR('',#5442);
#5982 = OVER_RIDING_STYLED_ITEM('overriding color',(#5983),#4561,#5424);
#5983 = PRESENTATION_STYLE_ASSIGNMENT((#5984));
#5984 = SURFACE_STYLE_USAGE(.BOTH.,#5985);
#5985 = SURFACE_SIDE_STYLE('',(#5986));
#5986 = SURFACE_STYLE_FILL_AREA(#5987);
#5987 = FILL_AREA_STYLE('',(#5988));
#5988 = FILL_AREA_STYLE_COLOUR('',#5442);
#5989 = OVER_RIDING_STYLED_ITEM('overriding color',(#5990),#4578,#5424);
#5990 = PRESENTATION_STYLE_ASSIGNMENT((#5991));
#5991 = SURFACE_STYLE_USAGE(.BOTH.,#5992);
#5992 = SURFACE_SIDE_STYLE('',(#5993));
#5993 = SURFACE_STYLE_FILL_AREA(#5994);
#5994 = FILL_AREA_STYLE('',(#5995));
#5995 = FILL_AREA_STYLE_COLOUR('',#5442);
#5996 = OVER_RIDING_STYLED_ITEM('overriding color',(#5997),#4595,#5424);
#5997 = PRESENTATION_STYLE_ASSIGNMENT((#5998));
#5998 = SURFACE_STYLE_USAGE(.BOTH.,#5999);
#5999 = SURFACE_SIDE_STYLE('',(#6000));
#6000 = SURFACE_STYLE_FILL_AREA(#6001);
#6001 = FILL_AREA_STYLE('',(#6002));
#6002 = FILL_AREA_STYLE_COLOUR('',#5442);
#6003 = OVER_RIDING_STYLED_ITEM('overriding color',(#6004),#4612,#5424);
#6004 = PRESENTATION_STYLE_ASSIGNMENT((#6005));
#6005 = SURFACE_STYLE_USAGE(.BOTH.,#6006);
#6006 = SURFACE_SIDE_STYLE('',(#6007));
#6007 = SURFACE_STYLE_FILL_AREA(#6008);
#6008 = FILL_AREA_STYLE('',(#6009));
#6009 = FILL_AREA_STYLE_COLOUR('',#5442);
#6010 = OVER_RIDING_STYLED_ITEM('overriding color',(#6011),#4629,#5424);
#6011 = PRESENTATION_STYLE_ASSIGNMENT((#6012));
#6012 = SURFACE_STYLE_USAGE(.BOTH.,#6013);
#6013 = SURFACE_SIDE_STYLE('',(#6014));
#6014 = SURFACE_STYLE_FILL_AREA(#6015);
#6015 = FILL_AREA_STYLE('',(#6016));
#6016 = FILL_AREA_STYLE_COLOUR('',#5442);
#6017 = OVER_RIDING_STYLED_ITEM('overriding color',(#6018),#4641,#5424);
#6018 = PRESENTATION_STYLE_ASSIGNMENT((#6019));
#6019 = SURFACE_STYLE_USAGE(.BOTH.,#6020);
#6020 = SURFACE_SIDE_STYLE('',(#6021));
#6021 = SURFACE_STYLE_FILL_AREA(#6022);
#6022 = FILL_AREA_STYLE('',(#6023));
#6023 = FILL_AREA_STYLE_COLOUR('',#5442);
#6024 = OVER_RIDING_STYLED_ITEM('overriding color',(#6025),#4658,#5424);
#6025 = PRESENTATION_STYLE_ASSIGNMENT((#6026));
#6026 = SURFACE_STYLE_USAGE(.BOTH.,#6027);
#6027 = SURFACE_SIDE_STYLE('',(#6028));
#6028 = SURFACE_STYLE_FILL_AREA(#6029);
#6029 = FILL_AREA_STYLE('',(#6030));
#6030 = FILL_AREA_STYLE_COLOUR('',#5442);
#6031 = OVER_RIDING_STYLED_ITEM('overriding color',(#6032),#4675,#5424);
#6032 = PRESENTATION_STYLE_ASSIGNMENT((#6033));
#6033 = SURFACE_STYLE_USAGE(.BOTH.,#6034);
#6034 = SURFACE_SIDE_STYLE('',(#6035));
#6035 = SURFACE_STYLE_FILL_AREA(#6036);
#6036 = FILL_AREA_STYLE('',(#6037));
#6037 = FILL_AREA_STYLE_COLOUR('',#5442);
#6038 = OVER_RIDING_STYLED_ITEM('overriding color',(#6039),#4692,#5424);
#6039 = PRESENTATION_STYLE_ASSIGNMENT((#6040));
#6040 = SURFACE_STYLE_USAGE(.BOTH.,#6041);
#6041 = SURFACE_SIDE_STYLE('',(#6042));
#6042 = SURFACE_STYLE_FILL_AREA(#6043);
#6043 = FILL_AREA_STYLE('',(#6044));
#6044 = FILL_AREA_STYLE_COLOUR('',#5442);
#6045 = OVER_RIDING_STYLED_ITEM('overriding color',(#6046),#4709,#5424);
#6046 = PRESENTATION_STYLE_ASSIGNMENT((#6047));
#6047 = SURFACE_STYLE_USAGE(.BOTH.,#6048);
#6048 = SURFACE_SIDE_STYLE('',(#6049));
#6049 = SURFACE_STYLE_FILL_AREA(#6050);
#6050 = FILL_AREA_STYLE('',(#6051));
#6051 = FILL_AREA_STYLE_COLOUR('',#5442);
#6052 = OVER_RIDING_STYLED_ITEM('overriding color',(#6053),#4726,#5424);
#6053 = PRESENTATION_STYLE_ASSIGNMENT((#6054));
#6054 = SURFACE_STYLE_USAGE(.BOTH.,#6055);
#6055 = SURFACE_SIDE_STYLE('',(#6056));
#6056 = SURFACE_STYLE_FILL_AREA(#6057);
#6057 = FILL_AREA_STYLE('',(#6058));
#6058 = FILL_AREA_STYLE_COLOUR('',#5442);
#6059 = OVER_RIDING_STYLED_ITEM('overriding color',(#6060),#4743,#5424);
#6060 = PRESENTATION_STYLE_ASSIGNMENT((#6061));
#6061 = SURFACE_STYLE_USAGE(.BOTH.,#6062);
#6062 = SURFACE_SIDE_STYLE('',(#6063));
#6063 = SURFACE_STYLE_FILL_AREA(#6064);
#6064 = FILL_AREA_STYLE('',(#6065));
#6065 = FILL_AREA_STYLE_COLOUR('',#5442);
#6066 = OVER_RIDING_STYLED_ITEM('overriding color',(#6067),#4760,#5424);
#6067 = PRESENTATION_STYLE_ASSIGNMENT((#6068));
#6068 = SURFACE_STYLE_USAGE(.BOTH.,#6069);
#6069 = SURFACE_SIDE_STYLE('',(#6070));
#6070 = SURFACE_STYLE_FILL_AREA(#6071);
#6071 = FILL_AREA_STYLE('',(#6072));
#6072 = FILL_AREA_STYLE_COLOUR('',#5442);
#6073 = OVER_RIDING_STYLED_ITEM('overriding color',(#6074),#4772,#5424);
#6074 = PRESENTATION_STYLE_ASSIGNMENT((#6075));
#6075 = SURFACE_STYLE_USAGE(.BOTH.,#6076);
#6076 = SURFACE_SIDE_STYLE('',(#6077));
#6077 = SURFACE_STYLE_FILL_AREA(#6078);
#6078 = FILL_AREA_STYLE('',(#6079));
#6079 = FILL_AREA_STYLE_COLOUR('',#5442);
#6080 = OVER_RIDING_STYLED_ITEM('overriding color',(#6081),#4789,#5424);
#6081 = PRESENTATION_STYLE_ASSIGNMENT((#6082));
#6082 = SURFACE_STYLE_USAGE(.BOTH.,#6083);
#6083 = SURFACE_SIDE_STYLE('',(#6084));
#6084 = SURFACE_STYLE_FILL_AREA(#6085);
#6085 = FILL_AREA_STYLE('',(#6086));
#6086 = FILL_AREA_STYLE_COLOUR('',#5442);
#6087 = OVER_RIDING_STYLED_ITEM('overriding color',(#6088),#4806,#5424);
#6088 = PRESENTATION_STYLE_ASSIGNMENT((#6089));
#6089 = SURFACE_STYLE_USAGE(.BOTH.,#6090);
#6090 = SURFACE_SIDE_STYLE('',(#6091));
#6091 = SURFACE_STYLE_FILL_AREA(#6092);
#6092 = FILL_AREA_STYLE('',(#6093));
#6093 = FILL_AREA_STYLE_COLOUR('',#5442);
#6094 = OVER_RIDING_STYLED_ITEM('overriding color',(#6095),#4823,#5424);
#6095 = PRESENTATION_STYLE_ASSIGNMENT((#6096));
#6096 = SURFACE_STYLE_USAGE(.BOTH.,#6097);
#6097 = SURFACE_SIDE_STYLE('',(#6098));
#6098 = SURFACE_STYLE_FILL_AREA(#6099);
#6099 = FILL_AREA_STYLE('',(#6100));
#6100 = FILL_AREA_STYLE_COLOUR('',#5442);
#6101 = OVER_RIDING_STYLED_ITEM('overriding color',(#6102),#4840,#5424);
#6102 = PRESENTATION_STYLE_ASSIGNMENT((#6103));
#6103 = SURFACE_STYLE_USAGE(.BOTH.,#6104);
#6104 = SURFACE_SIDE_STYLE('',(#6105));
#6105 = SURFACE_STYLE_FILL_AREA(#6106);
#6106 = FILL_AREA_STYLE('',(#6107));
#6107 = FILL_AREA_STYLE_COLOUR('',#5442);
#6108 = OVER_RIDING_STYLED_ITEM('overriding color',(#6109),#4857,#5424);
#6109 = PRESENTATION_STYLE_ASSIGNMENT((#6110));
#6110 = SURFACE_STYLE_USAGE(.BOTH.,#6111);
#6111 = SURFACE_SIDE_STYLE('',(#6112));
#6112 = SURFACE_STYLE_FILL_AREA(#6113);
#6113 = FILL_AREA_STYLE('',(#6114));
#6114 = FILL_AREA_STYLE_COLOUR('',#5442);
#6115 = OVER_RIDING_STYLED_ITEM('overriding color',(#6116),#4874,#5424);
#6116 = PRESENTATION_STYLE_ASSIGNMENT((#6117));
#6117 = SURFACE_STYLE_USAGE(.BOTH.,#6118);
#6118 = SURFACE_SIDE_STYLE('',(#6119));
#6119 = SURFACE_STYLE_FILL_AREA(#6120);
#6120 = FILL_AREA_STYLE('',(#6121));
#6121 = FILL_AREA_STYLE_COLOUR('',#5442);
#6122 = OVER_RIDING_STYLED_ITEM('overriding color',(#6123),#4886,#5424);
#6123 = PRESENTATION_STYLE_ASSIGNMENT((#6124));
#6124 = SURFACE_STYLE_USAGE(.BOTH.,#6125);
#6125 = SURFACE_SIDE_STYLE('',(#6126));
#6126 = SURFACE_STYLE_FILL_AREA(#6127);
#6127 = FILL_AREA_STYLE('',(#6128));
#6128 = FILL_AREA_STYLE_COLOUR('',#5442);
#6129 = OVER_RIDING_STYLED_ITEM('overriding color',(#6130),#4903,#5424);
#6130 = PRESENTATION_STYLE_ASSIGNMENT((#6131));
#6131 = SURFACE_STYLE_USAGE(.BOTH.,#6132);
#6132 = SURFACE_SIDE_STYLE('',(#6133));
#6133 = SURFACE_STYLE_FILL_AREA(#6134);
#6134 = FILL_AREA_STYLE('',(#6135));
#6135 = FILL_AREA_STYLE_COLOUR('',#5442);
#6136 = OVER_RIDING_STYLED_ITEM('overriding color',(#6137),#4920,#5424);
#6137 = PRESENTATION_STYLE_ASSIGNMENT((#6138));
#6138 = SURFACE_STYLE_USAGE(.BOTH.,#6139);
#6139 = SURFACE_SIDE_STYLE('',(#6140));
#6140 = SURFACE_STYLE_FILL_AREA(#6141);
#6141 = FILL_AREA_STYLE('',(#6142));
#6142 = FILL_AREA_STYLE_COLOUR('',#5442);
#6143 = OVER_RIDING_STYLED_ITEM('overriding color',(#6144),#4937,#5424);
#6144 = PRESENTATION_STYLE_ASSIGNMENT((#6145));
#6145 = SURFACE_STYLE_USAGE(.BOTH.,#6146);
#6146 = SURFACE_SIDE_STYLE('',(#6147));
#6147 = SURFACE_STYLE_FILL_AREA(#6148);
#6148 = FILL_AREA_STYLE('',(#6149));
#6149 = FILL_AREA_STYLE_COLOUR('',#5442);
#6150 = OVER_RIDING_STYLED_ITEM('overriding color',(#6151),#4954,#5424);
#6151 = PRESENTATION_STYLE_ASSIGNMENT((#6152));
#6152 = SURFACE_STYLE_USAGE(.BOTH.,#6153);
#6153 = SURFACE_SIDE_STYLE('',(#6154));
#6154 = SURFACE_STYLE_FILL_AREA(#6155);
#6155 = FILL_AREA_STYLE('',(#6156));
#6156 = FILL_AREA_STYLE_COLOUR('',#5442);
#6157 = OVER_RIDING_STYLED_ITEM('overriding color',(#6158),#4971,#5424);
#6158 = PRESENTATION_STYLE_ASSIGNMENT((#6159));
#6159 = SURFACE_STYLE_USAGE(.BOTH.,#6160);
#6160 = SURFACE_SIDE_STYLE('',(#6161));
#6161 = SURFACE_STYLE_FILL_AREA(#6162);
#6162 = FILL_AREA_STYLE('',(#6163));
#6163 = FILL_AREA_STYLE_COLOUR('',#5442);
#6164 = OVER_RIDING_STYLED_ITEM('overriding color',(#6165),#4988,#5424);
#6165 = PRESENTATION_STYLE_ASSIGNMENT((#6166));
#6166 = SURFACE_STYLE_USAGE(.BOTH.,#6167);
#6167 = SURFACE_SIDE_STYLE('',(#6168));
#6168 = SURFACE_STYLE_FILL_AREA(#6169);
#6169 = FILL_AREA_STYLE('',(#6170));
#6170 = FILL_AREA_STYLE_COLOUR('',#5442);
#6171 = OVER_RIDING_STYLED_ITEM('overriding color',(#6172),#5005,#5424);
#6172 = PRESENTATION_STYLE_ASSIGNMENT((#6173));
#6173 = SURFACE_STYLE_USAGE(.BOTH.,#6174);
#6174 = SURFACE_SIDE_STYLE('',(#6175));
#6175 = SURFACE_STYLE_FILL_AREA(#6176);
#6176 = FILL_AREA_STYLE('',(#6177));
#6177 = FILL_AREA_STYLE_COLOUR('',#5442);
#6178 = OVER_RIDING_STYLED_ITEM('overriding color',(#6179),#5017,#5424);
#6179 = PRESENTATION_STYLE_ASSIGNMENT((#6180));
#6180 = SURFACE_STYLE_USAGE(.BOTH.,#6181);
#6181 = SURFACE_SIDE_STYLE('',(#6182));
#6182 = SURFACE_STYLE_FILL_AREA(#6183);
#6183 = FILL_AREA_STYLE('',(#6184));
#6184 = FILL_AREA_STYLE_COLOUR('',#5442);
#6185 = OVER_RIDING_STYLED_ITEM('overriding color',(#6186),#5034,#5424);
#6186 = PRESENTATION_STYLE_ASSIGNMENT((#6187));
#6187 = SURFACE_STYLE_USAGE(.BOTH.,#6188);
#6188 = SURFACE_SIDE_STYLE('',(#6189));
#6189 = SURFACE_STYLE_FILL_AREA(#6190);
#6190 = FILL_AREA_STYLE('',(#6191));
#6191 = FILL_AREA_STYLE_COLOUR('',#5442);
#6192 = OVER_RIDING_STYLED_ITEM('overriding color',(#6193),#5051,#5424);
#6193 = PRESENTATION_STYLE_ASSIGNMENT((#6194));
#6194 = SURFACE_STYLE_USAGE(.BOTH.,#6195);
#6195 = SURFACE_SIDE_STYLE('',(#6196));
#6196 = SURFACE_STYLE_FILL_AREA(#6197);
#6197 = FILL_AREA_STYLE('',(#6198));
#6198 = FILL_AREA_STYLE_COLOUR('',#5442);
#6199 = OVER_RIDING_STYLED_ITEM('overriding color',(#6200),#5068,#5424);
#6200 = PRESENTATION_STYLE_ASSIGNMENT((#6201));
#6201 = SURFACE_STYLE_USAGE(.BOTH.,#6202);
#6202 = SURFACE_SIDE_STYLE('',(#6203));
#6203 = SURFACE_STYLE_FILL_AREA(#6204);
#6204 = FILL_AREA_STYLE('',(#6205));
#6205 = FILL_AREA_STYLE_COLOUR('',#5442);
#6206 = OVER_RIDING_STYLED_ITEM('overriding color',(#6207),#5085,#5424);
#6207 = PRESENTATION_STYLE_ASSIGNMENT((#6208));
#6208 = SURFACE_STYLE_USAGE(.BOTH.,#6209);
#6209 = SURFACE_SIDE_STYLE('',(#6210));
#6210 = SURFACE_STYLE_FILL_AREA(#6211);
#6211 = FILL_AREA_STYLE('',(#6212));
#6212 = FILL_AREA_STYLE_COLOUR('',#5442);
#6213 = OVER_RIDING_STYLED_ITEM('overriding color',(#6214),#5102,#5424);
#6214 = PRESENTATION_STYLE_ASSIGNMENT((#6215));
#6215 = SURFACE_STYLE_USAGE(.BOTH.,#6216);
#6216 = SURFACE_SIDE_STYLE('',(#6217));
#6217 = SURFACE_STYLE_FILL_AREA(#6218);
#6218 = FILL_AREA_STYLE('',(#6219));
#6219 = FILL_AREA_STYLE_COLOUR('',#5442);
#6220 = OVER_RIDING_STYLED_ITEM('overriding color',(#6221),#5119,#5424);
#6221 = PRESENTATION_STYLE_ASSIGNMENT((#6222));
#6222 = SURFACE_STYLE_USAGE(.BOTH.,#6223);
#6223 = SURFACE_SIDE_STYLE('',(#6224));
#6224 = SURFACE_STYLE_FILL_AREA(#6225);
#6225 = FILL_AREA_STYLE('',(#6226));
#6226 = FILL_AREA_STYLE_COLOUR('',#5442);
#6227 = OVER_RIDING_STYLED_ITEM('overriding color',(#6228),#5136,#5424);
#6228 = PRESENTATION_STYLE_ASSIGNMENT((#6229));
#6229 = SURFACE_STYLE_USAGE(.BOTH.,#6230);
#6230 = SURFACE_SIDE_STYLE('',(#6231));
#6231 = SURFACE_STYLE_FILL_AREA(#6232);
#6232 = FILL_AREA_STYLE('',(#6233));
#6233 = FILL_AREA_STYLE_COLOUR('',#5442);
#6234 = OVER_RIDING_STYLED_ITEM('overriding color',(#6235),#5148,#5424);
#6235 = PRESENTATION_STYLE_ASSIGNMENT((#6236));
#6236 = SURFACE_STYLE_USAGE(.BOTH.,#6237);
#6237 = SURFACE_SIDE_STYLE('',(#6238));
#6238 = SURFACE_STYLE_FILL_AREA(#6239);
#6239 = FILL_AREA_STYLE('',(#6240));
#6240 = FILL_AREA_STYLE_COLOUR('',#5442);
#6241 = OVER_RIDING_STYLED_ITEM('overriding color',(#6242),#5165,#5424);
#6242 = PRESENTATION_STYLE_ASSIGNMENT((#6243));
#6243 = SURFACE_STYLE_USAGE(.BOTH.,#6244);
#6244 = SURFACE_SIDE_STYLE('',(#6245));
#6245 = SURFACE_STYLE_FILL_AREA(#6246);
#6246 = FILL_AREA_STYLE('',(#6247));
#6247 = FILL_AREA_STYLE_COLOUR('',#5442);
#6248 = OVER_RIDING_STYLED_ITEM('overriding color',(#6249),#5182,#5424);
#6249 = PRESENTATION_STYLE_ASSIGNMENT((#6250));
#6250 = SURFACE_STYLE_USAGE(.BOTH.,#6251);
#6251 = SURFACE_SIDE_STYLE('',(#6252));
#6252 = SURFACE_STYLE_FILL_AREA(#6253);
#6253 = FILL_AREA_STYLE('',(#6254));
#6254 = FILL_AREA_STYLE_COLOUR('',#5442);
#6255 = OVER_RIDING_STYLED_ITEM('overriding color',(#6256),#5199,#5424);
#6256 = PRESENTATION_STYLE_ASSIGNMENT((#6257));
#6257 = SURFACE_STYLE_USAGE(.BOTH.,#6258);
#6258 = SURFACE_SIDE_STYLE('',(#6259));
#6259 = SURFACE_STYLE_FILL_AREA(#6260);
#6260 = FILL_AREA_STYLE('',(#6261));
#6261 = FILL_AREA_STYLE_COLOUR('',#5442);
#6262 = OVER_RIDING_STYLED_ITEM('overriding color',(#6263),#5216,#5424);
#6263 = PRESENTATION_STYLE_ASSIGNMENT((#6264));
#6264 = SURFACE_STYLE_USAGE(.BOTH.,#6265);
#6265 = SURFACE_SIDE_STYLE('',(#6266));
#6266 = SURFACE_STYLE_FILL_AREA(#6267);
#6267 = FILL_AREA_STYLE('',(#6268));
#6268 = FILL_AREA_STYLE_COLOUR('',#5442);
#6269 = OVER_RIDING_STYLED_ITEM('overriding color',(#6270),#5233,#5424);
#6270 = PRESENTATION_STYLE_ASSIGNMENT((#6271));
#6271 = SURFACE_STYLE_USAGE(.BOTH.,#6272);
#6272 = SURFACE_SIDE_STYLE('',(#6273));
#6273 = SURFACE_STYLE_FILL_AREA(#6274);
#6274 = FILL_AREA_STYLE('',(#6275));
#6275 = FILL_AREA_STYLE_COLOUR('',#5442);
#6276 = OVER_RIDING_STYLED_ITEM('overriding color',(#6277),#5250,#5424);
#6277 = PRESENTATION_STYLE_ASSIGNMENT((#6278));
#6278 = SURFACE_STYLE_USAGE(.BOTH.,#6279);
#6279 = SURFACE_SIDE_STYLE('',(#6280));
#6280 = SURFACE_STYLE_FILL_AREA(#6281);
#6281 = FILL_AREA_STYLE('',(#6282));
#6282 = FILL_AREA_STYLE_COLOUR('',#5442);
#6283 = OVER_RIDING_STYLED_ITEM('overriding color',(#6284),#5267,#5424);
#6284 = PRESENTATION_STYLE_ASSIGNMENT((#6285));
#6285 = SURFACE_STYLE_USAGE(.BOTH.,#6286);
#6286 = SURFACE_SIDE_STYLE('',(#6287));
#6287 = SURFACE_STYLE_FILL_AREA(#6288);
#6288 = FILL_AREA_STYLE('',(#6289));
#6289 = FILL_AREA_STYLE_COLOUR('',#5442);
#6290 = OVER_RIDING_STYLED_ITEM('overriding color',(#6291),#5279,#5424);
#6291 = PRESENTATION_STYLE_ASSIGNMENT((#6292));
#6292 = SURFACE_STYLE_USAGE(.BOTH.,#6293);
#6293 = SURFACE_SIDE_STYLE('',(#6294));
#6294 = SURFACE_STYLE_FILL_AREA(#6295);
#6295 = FILL_AREA_STYLE('',(#6296));
#6296 = FILL_AREA_STYLE_COLOUR('',#5442);
#6297 = OVER_RIDING_STYLED_ITEM('overriding color',(#6298),#5296,#5424);
#6298 = PRESENTATION_STYLE_ASSIGNMENT((#6299));
#6299 = SURFACE_STYLE_USAGE(.BOTH.,#6300);
#6300 = SURFACE_SIDE_STYLE('',(#6301));
#6301 = SURFACE_STYLE_FILL_AREA(#6302);
#6302 = FILL_AREA_STYLE('',(#6303));
#6303 = FILL_AREA_STYLE_COLOUR('',#5442);
#6304 = OVER_RIDING_STYLED_ITEM('overriding color',(#6305),#5313,#5424);
#6305 = PRESENTATION_STYLE_ASSIGNMENT((#6306));
#6306 = SURFACE_STYLE_USAGE(.BOTH.,#6307);
#6307 = SURFACE_SIDE_STYLE('',(#6308));
#6308 = SURFACE_STYLE_FILL_AREA(#6309);
#6309 = FILL_AREA_STYLE('',(#6310));
#6310 = FILL_AREA_STYLE_COLOUR('',#5442);
#6311 = OVER_RIDING_STYLED_ITEM('overriding color',(#6312),#5330,#5424);
#6312 = PRESENTATION_STYLE_ASSIGNMENT((#6313));
#6313 = SURFACE_STYLE_USAGE(.BOTH.,#6314);
#6314 = SURFACE_SIDE_STYLE('',(#6315));
#6315 = SURFACE_STYLE_FILL_AREA(#6316);
#6316 = FILL_AREA_STYLE('',(#6317));
#6317 = FILL_AREA_STYLE_COLOUR('',#5442);
#6318 = OVER_RIDING_STYLED_ITEM('overriding color',(#6319),#5347,#5424);
#6319 = PRESENTATION_STYLE_ASSIGNMENT((#6320));
#6320 = SURFACE_STYLE_USAGE(.BOTH.,#6321);
#6321 = SURFACE_SIDE_STYLE('',(#6322));
#6322 = SURFACE_STYLE_FILL_AREA(#6323);
#6323 = FILL_AREA_STYLE('',(#6324));
#6324 = FILL_AREA_STYLE_COLOUR('',#5442);
#6325 = OVER_RIDING_STYLED_ITEM('overriding color',(#6326),#5364,#5424);
#6326 = PRESENTATION_STYLE_ASSIGNMENT((#6327));
#6327 = SURFACE_STYLE_USAGE(.BOTH.,#6328);
#6328 = SURFACE_SIDE_STYLE('',(#6329));
#6329 = SURFACE_STYLE_FILL_AREA(#6330);
#6330 = FILL_AREA_STYLE('',(#6331));
#6331 = FILL_AREA_STYLE_COLOUR('',#5442);
#6332 = OVER_RIDING_STYLED_ITEM('overriding color',(#6333),#5381,#5424);
#6333 = PRESENTATION_STYLE_ASSIGNMENT((#6334));
#6334 = SURFACE_STYLE_USAGE(.BOTH.,#6335);
#6335 = SURFACE_SIDE_STYLE('',(#6336));
#6336 = SURFACE_STYLE_FILL_AREA(#6337);
#6337 = FILL_AREA_STYLE('',(#6338));
#6338 = FILL_AREA_STYLE_COLOUR('',#5442);
#6339 = OVER_RIDING_STYLED_ITEM('overriding color',(#6340),#5398,#5424);
#6340 = PRESENTATION_STYLE_ASSIGNMENT((#6341));
#6341 = SURFACE_STYLE_USAGE(.BOTH.,#6342);
#6342 = SURFACE_SIDE_STYLE('',(#6343));
#6343 = SURFACE_STYLE_FILL_AREA(#6344);
#6344 = FILL_AREA_STYLE('',(#6345));
#6345 = FILL_AREA_STYLE_COLOUR('',#5442);
#6346 = OVER_RIDING_STYLED_ITEM('overriding color',(#6347),#5410,#5424);
#6347 = PRESENTATION_STYLE_ASSIGNMENT((#6348));
#6348 = SURFACE_STYLE_USAGE(.BOTH.,#6349);
#6349 = SURFACE_SIDE_STYLE('',(#6350));
#6350 = SURFACE_STYLE_FILL_AREA(#6351);
#6351 = FILL_AREA_STYLE('',(#6352));
#6352 = FILL_AREA_STYLE_COLOUR('',#6353);
#6353 = COLOUR_RGB('',0.690999977303,0.664000029585,0.597999987832);
ENDSEC;
END-ISO-10303-21;
