DBRep_DrawableShape

CASCADE Topology V1, (c) Matra-Datavision
Locations 1
1
              1               0               0               0 
              0               1               0               0 
              0               0               1               0 
Curve2ds 2928
1 0 0 1 0 
1 0 0 1 0 
1 1.2999999999999998 0 0 -1 
1 0 0 0 1 
1 0 -5.5049999999999955 1 0 
1 0 0 1 0 
1 0 0 0 -1 
1 0 0 0 1 
1 0 0 1 0 
1 0 5.4500000000000171 1 0 
1 1.2999999999999998 0 0 -1 
1 5.4500000000000171 0 0 1 
1 0 -5.5049999999999955 1 0 
1 0 5.4500000000000171 1 0 
1 0 0 0 -1 
1 5.4500000000000171 0 0 1 
1 0 0 0 1 
1 0 0 1 0 
1 1.2999999999999998 0 0 1 
1 0 0 1 0 
1 0 0 0 1 
1 0 5.5049999999999955 1 0 
1 1.2999999999999998 0 0 1 
1 0 5.5049999999999955 1 0 
1 0 0 1 0 
1 0 0 1 0 
1 1.2999999999999998 0 0 -1 
1 0 0 0 1 
1 0 -6.5500000000000114 1 0 
1 0 0 1 0 
1 0 0 0 -1 
1 0 0 0 1 
1 0 0 1 0 
1 0 3.6309329999999989 1 0 
1 1.2999999999999998 0 0 -1 
1 3.6309329999999989 0 0 1 
1 0 -6.5500000000000114 1 0 
1 0 3.6309329999999989 1 0 
1 0 0 0 -1 
1 3.6309329999999989 0 0 1 
1 0 0 0 1 
1 0 0 1 0 
1 1.2999999999999998 0 0 1 
1 0 0 1 0 
1 0 0 0 1 
1 0 6.5500000000000114 1 0 
1 1.2999999999999998 0 0 1 
1 0 6.5500000000000114 1 0 
1 0 0 1 0 
1 0 0 1 0 
1 0.70000000000000018 0 0 -1 
1 0 0 0 1 
1 0 -2.0405000000000086 1 0 
1 0 0 1 0 
1 0 0 0 -1 
1 0 0 0 1 
1 0 0 1 0 
1 0 1.1551829999999939 1 0 
1 0.70000000000000018 0 0 -1 
1 1.1551829999999939 0 0 1 
1 0 -2.0405000000000086 1 0 
1 0 1.1551829999999939 1 0 
1 0 0 0 -1 
1 1.1551829999999939 0 0 1 
1 0 0 0 1 
1 0 0 1 0 
1 0.70000000000000018 0 0 1 
1 0 0 1 0 
1 0 0 0 1 
1 0 2.0405000000000086 1 0 
1 0.70000000000000018 0 0 1 
1 0 2.0405000000000086 1 0 
1 0 0 1 0 
1 0 0 1 0 
1 5.5 0 0 -1 
1 0 0 0 1 
1 0 -8.2509330000000034 1 0 
1 0 0 1 0 
1 0 0 0 -1 
1 0 0 0 1 
1 0 0 1 0 
1 0 3.1309329999999989 1 0 
1 5.5 0 0 -1 
1 3.1309329999999989 0 0 1 
1 0 -8.2509330000000034 1 0 
1 0 3.1309329999999989 1 0 
1 0 0 0 -1 
1 3.1309329999999989 0 0 1 
1 0 0 0 1 
1 0 0 1 0 
1 5.5 0 0 1 
1 0 0 1 0 
1 0 0 0 1 
1 0 8.2509330000000034 1 0 
1 5.5 0 0 1 
1 0 8.2509330000000034 1 0 
1 0 0 1 0 
1 0 0 1 0 
1 0.70000000000000018 0 0 -1 
1 0 0 0 1 
1 0 -1.1551830000000081 1 0 
1 0 0 1 0 
1 0 0 0 -1 
1 0 0 0 1 
1 0 0 1 0 
1 0 2.0405000000000086 1 0 
1 0.70000000000000018 0 0 -1 
1 2.0405000000000086 0 0 1 
1 0 -1.1551830000000081 1 0 
1 0 2.0405000000000086 1 0 
1 0 0 0 -1 
1 2.0405000000000086 0 0 1 
1 0 0 0 1 
1 0 0 1 0 
1 0.70000000000000018 0 0 1 
1 0 0 1 0 
1 0 0 0 1 
1 0 1.1551830000000081 1 0 
1 0.70000000000000018 0 0 1 
1 0 1.1551830000000081 1 0 
1 0 0 1 0 
1 0 0 1 0 
1 1 0 0 -1 
1 0 0 0 1 
1 0 -2.4895020000000017 1 0 
1 0 0 1 0 
1 0 0 0 -1 
1 0 0 0 1 
1 0 0 1 0 
1 0 1.1551829999999939 1 0 
1 1 0 0 -1 
1 1.1551829999999939 0 0 1 
1 0 -2.4895020000000017 1 0 
1 0 1.1551829999999939 1 0 
1 0 0 0 -1 
1 1.1551829999999939 0 0 1 
1 0 0 0 1 
1 0 0 1 0 
1 1 0 0 1 
1 0 0 1 0 
1 0 0 0 1 
1 0 2.4895020000000017 1 0 
1 1 0 0 1 
1 0 2.4895020000000017 1 0 
1 0 0 1 0 
1 0 0 1 0 
1 1 0 0 -1 
1 0 0 0 1 
1 0 -2.4895020000000017 1 0 
1 0 0 1 0 
1 0 0 0 -1 
1 0 0 0 1 
1 0 0 1 0 
1 0 1.1551829999999939 1 0 
1 1 0 0 -1 
1 1.1551829999999939 0 0 1 
1 0 -2.4895020000000017 1 0 
1 0 1.1551829999999939 1 0 
1 0 0 0 -1 
1 1.1551829999999939 0 0 1 
1 0 0 0 1 
1 0 0 1 0 
1 1 0 0 1 
1 0 0 1 0 
1 0 0 0 1 
1 0 2.4895020000000017 1 0 
1 1 0 0 1 
1 0 2.4895020000000017 1 0 
1 0 0 1 0 
1 0 0 1 0 
1 0.70000000000000018 0 0 -1 
1 0 0 0 1 
1 0 -1.1551829999999939 1 0 
1 0 0 1 0 
1 0 0 0 -1 
1 0 0 0 1 
1 0 0 1 0 
1 0 2.0405000000000086 1 0 
1 0.70000000000000018 0 0 -1 
1 2.0405000000000086 0 0 1 
1 0 -1.1551829999999939 1 0 
1 0 2.0405000000000086 1 0 
1 0 0 0 -1 
1 2.0405000000000086 0 0 1 
1 0 0 0 1 
1 0 0 1 0 
1 0.70000000000000018 0 0 1 
1 0 0 1 0 
1 0 0 0 1 
1 0 1.1551829999999939 1 0 
1 0.70000000000000018 0 0 1 
1 0 1.1551829999999939 1 0 
1 0 0 1 0 
1 0 0 1 0 
1 1.2999999999999998 0 0 -1 
1 0 0 0 1 
1 0 -4.2000000000000028 1 0 
1 0 0 1 0 
1 0 0 0 -1 
1 0 0 0 1 
1 0 0 1 0 
1 0 4.402000000000001 1 0 
1 1.2999999999999998 0 0 -1 
1 4.402000000000001 0 0 1 
1 0 -4.2000000000000028 1 0 
1 0 4.402000000000001 1 0 
1 0 0 0 -1 
1 4.402000000000001 0 0 1 
1 0 0 0 1 
1 0 0 1 0 
1 1.2999999999999998 0 0 1 
1 0 0 1 0 
1 0 0 0 1 
1 0 4.2000000000000028 1 0 
1 1.2999999999999998 0 0 1 
1 0 4.2000000000000028 1 0 
1 0 0 1 0 
1 0 0 1 0 
1 0.70000000000000018 0 0 -1 
1 0 0 0 1 
1 0 -2.0404999999999944 1 0 
1 0 0 1 0 
1 0 0 0 -1 
1 0 0 0 1 
1 0 0 1 0 
1 0 1.1551829999999939 1 0 
1 0.70000000000000018 0 0 -1 
1 1.1551829999999939 0 0 1 
1 0 -2.0404999999999944 1 0 
1 0 1.1551829999999939 1 0 
1 0 0 0 -1 
1 1.1551829999999939 0 0 1 
1 0 0 0 1 
1 0 0 1 0 
1 0.70000000000000018 0 0 1 
1 0 0 1 0 
1 0 0 0 1 
1 0 2.0404999999999944 1 0 
1 0.70000000000000018 0 0 1 
1 0 2.0404999999999944 1 0 
1 0 0 1 0 
1 0 0 1 0 
1 1 0 0 -1 
1 0 0 0 1 
1 0 -3.049500000000009 1 0 
1 0 0 1 0 
1 0 0 0 -1 
1 0 0 0 1 
1 0 0 1 0 
1 0 1.6795000000000044 1 0 
1 1 0 0 -1 
1 1.6795000000000044 0 0 1 
1 0 -3.049500000000009 1 0 
1 0 1.6795000000000044 1 0 
1 0 0 0 -1 
1 1.6795000000000044 0 0 1 
1 0 0 0 1 
1 0 0 1 0 
1 1 0 0 1 
1 0 0 1 0 
1 0 0 0 1 
1 0 3.049500000000009 1 0 
1 1 0 0 1 
1 0 3.049500000000009 1 0 
1 0 0 1 0 
1 0 0 1 0 
1 2.5 0 0 -1 
1 0 0 0 1 
1 0 -3.0005000000000024 1 0 
1 0 0 1 0 
1 0 0 0 -1 
1 0 0 0 1 
1 0 0 1 0 
1 0 1.4566829999999982 1 0 
1 2.5 0 0 -1 
1 1.4566829999999982 0 0 1 
1 0 -3.0005000000000024 1 0 
1 0 1.4566829999999982 1 0 
1 0 0 0 -1 
1 1.4566829999999982 0 0 1 
1 0 0 0 1 
1 0 0 1 0 
1 2.5 0 0 1 
1 0 0 1 0 
1 0 0 0 1 
1 0 3.0005000000000024 1 0 
1 2.5 0 0 1 
1 0 3.0005000000000024 1 0 
1 0 0 1 0 
1 0 0 1 0 
1 1 0 0 -1 
1 0 0 0 1 
1 0 -1.1551829999999939 1 0 
1 0 0 1 0 
1 0 0 0 -1 
1 0 0 0 1 
1 0 0 1 0 
1 0 2.4895020000000017 1 0 
1 1 0 0 -1 
1 2.4895020000000017 0 0 1 
1 0 -1.1551829999999939 1 0 
1 0 2.4895020000000017 1 0 
1 0 0 0 -1 
1 2.4895020000000017 0 0 1 
1 0 0 0 1 
1 0 0 1 0 
1 1 0 0 1 
1 0 0 1 0 
1 0 0 0 1 
1 0 1.1551829999999939 1 0 
1 1 0 0 1 
1 0 1.1551829999999939 1 0 
1 0 0 1 0 
1 0 0 1 0 
1 0.70000000000000018 0 0 -1 
1 0 0 0 1 
1 0 -1.155183000000001 1 0 
1 0 0 1 0 
1 0 0 0 -1 
1 0 0 0 1 
1 0 0 1 0 
1 0 2.0404999999999944 1 0 
1 0.70000000000000018 0 0 -1 
1 2.0404999999999944 0 0 1 
1 0 -1.155183000000001 1 0 
1 0 2.0404999999999944 1 0 
1 0 0 0 -1 
1 2.0404999999999944 0 0 1 
1 0 0 0 1 
1 0 0 1 0 
1 0.70000000000000018 0 0 1 
1 0 0 1 0 
1 0 0 0 1 
1 0 1.155183000000001 1 0 
1 0.70000000000000018 0 0 1 
1 0 1.155183000000001 1 0 
1 0 0 1 0 
1 0 0 1 0 
1 1 0 0 -1 
1 0 0 0 1 
1 0 -1.1561829999999986 1 0 
1 0 0 1 0 
1 0 0 0 -1 
1 0 0 0 1 
1 0 0 1 0 
1 0 1.9005000000000081 1 0 
1 1 0 0 -1 
1 1.9005000000000081 0 0 1 
1 0 -1.1561829999999986 1 0 
1 0 1.9005000000000081 1 0 
1 0 0 0 -1 
1 1.9005000000000081 0 0 1 
1 0 0 0 1 
1 0 0 1 0 
1 1 0 0 1 
1 0 0 1 0 
1 0 0 0 1 
1 0 1.1561829999999986 1 0 
1 1 0 0 1 
1 0 1.1561829999999986 1 0 
1 0 0 1 0 
1 0 0 1 0 
1 1 0 0 -1 
1 0 0 0 1 
1 0 -1.1551829999999939 1 0 
1 0 0 1 0 
1 0 0 0 -1 
1 0 0 0 1 
1 0 0 1 0 
1 0 2.4895020000000017 1 0 
1 1 0 0 -1 
1 2.4895020000000017 0 0 1 
1 0 -1.1551829999999939 1 0 
1 0 2.4895020000000017 1 0 
1 0 0 0 -1 
1 2.4895020000000017 0 0 1 
1 0 0 0 1 
1 0 0 1 0 
1 1 0 0 1 
1 0 0 1 0 
1 0 0 0 1 
1 0 1.1551829999999939 1 0 
1 1 0 0 1 
1 0 1.1551829999999939 1 0 
1 0 0 1 0 
1 0 0 1 0 
1 0.70000000000000018 0 0 -1 
1 0 0 0 1 
1 0 -2.0404999999999944 1 0 
1 0 0 1 0 
1 0 0 0 -1 
1 0 0 0 1 
1 0 0 1 0 
1 0 1.1551829999999939 1 0 
1 0.70000000000000018 0 0 -1 
1 1.1551829999999939 0 0 1 
1 0 -2.0404999999999944 1 0 
1 0 1.1551829999999939 1 0 
1 0 0 0 -1 
1 1.1551829999999939 0 0 1 
1 0 0 0 1 
1 0 0 1 0 
1 0.70000000000000018 0 0 1 
1 0 0 1 0 
1 0 0 0 1 
1 0 2.0404999999999944 1 0 
1 0.70000000000000018 0 0 1 
1 0 2.0404999999999944 1 0 
1 0 0 1 0 
1 0 0 1 0 
1 1 0 0 -1 
1 0 0 0 1 
1 0 -3.049500000000009 1 0 
1 0 0 1 0 
1 0 0 0 -1 
1 0 0 0 1 
1 0 0 1 0 
1 0 1.6794999999999902 1 0 
1 1 0 0 -1 
1 1.6794999999999902 0 0 1 
1 0 -3.049500000000009 1 0 
1 0 1.6794999999999902 1 0 
1 0 0 0 -1 
1 1.6794999999999902 0 0 1 
1 0 0 0 1 
1 0 0 1 0 
1 1 0 0 1 
1 0 0 1 0 
1 0 0 0 1 
1 0 3.049500000000009 1 0 
1 1 0 0 1 
1 0 3.049500000000009 1 0 
1 0 0 1 0 
1 0 0 1 0 
1 0.70000000000000018 0 0 -1 
1 0 0 0 1 
1 0 -1.1551830000000081 1 0 
1 0 0 1 0 
1 0 0 0 -1 
1 0 0 0 1 
1 0 0 1 0 
1 0 2.0405000000000086 1 0 
1 0.70000000000000018 0 0 -1 
1 2.0405000000000086 0 0 1 
1 0 -1.1551830000000081 1 0 
1 0 2.0405000000000086 1 0 
1 0 0 0 -1 
1 2.0405000000000086 0 0 1 
1 0 0 0 1 
1 0 0 1 0 
1 0.70000000000000018 0 0 1 
1 0 0 1 0 
1 0 0 0 1 
1 0 1.1551830000000081 1 0 
1 0.70000000000000018 0 0 1 
1 0 1.1551830000000081 1 0 
1 0 0 1 0 
1 0 0 1 0 
1 0.70000000000000018 0 0 -1 
1 0 0 0 1 
1 0 -1.1551829999999939 1 0 
1 0 0 1 0 
1 0 0 0 -1 
1 0 0 0 1 
1 0 0 1 0 
1 0 2.0405000000000086 1 0 
1 0.70000000000000018 0 0 -1 
1 2.0405000000000086 0 0 1 
1 0 -1.1551829999999939 1 0 
1 0 2.0405000000000086 1 0 
1 0 0 0 -1 
1 2.0405000000000086 0 0 1 
1 0 0 0 1 
1 0 0 1 0 
1 0.70000000000000018 0 0 1 
1 0 0 1 0 
1 0 0 0 1 
1 0 1.1551829999999939 1 0 
1 0.70000000000000018 0 0 1 
1 0 1.1551829999999939 1 0 
1 0 0 1 0 
1 0 0 1 0 
1 1 0 0 -1 
1 0 0 0 1 
1 0 -1.1551829999999939 1 0 
1 0 0 1 0 
1 0 0 0 -1 
1 0 0 0 1 
1 0 0 1 0 
1 0 2.4895020000000017 1 0 
1 1 0 0 -1 
1 2.4895020000000017 0 0 1 
1 0 -1.1551829999999939 1 0 
1 0 2.4895020000000017 1 0 
1 0 0 0 -1 
1 2.4895020000000017 0 0 1 
1 0 0 0 1 
1 0 0 1 0 
1 1 0 0 1 
1 0 0 1 0 
1 0 0 0 1 
1 0 1.1551829999999939 1 0 
1 1 0 0 1 
1 0 1.1551829999999939 1 0 
1 0 0 1 0 
1 0 0 1 0 
1 1 0 0 -1 
1 0 0 0 1 
1 0 -2.4895020000000017 1 0 
1 0 0 1 0 
1 0 0 0 -1 
1 0 0 0 1 
1 0 0 1 0 
1 0 1.1551830000000081 1 0 
1 1 0 0 -1 
1 1.1551830000000081 0 0 1 
1 0 -2.4895020000000017 1 0 
1 0 1.1551830000000081 1 0 
1 0 0 0 -1 
1 1.1551830000000081 0 0 1 
1 0 0 0 1 
1 0 0 1 0 
1 1 0 0 1 
1 0 0 1 0 
1 0 0 0 1 
1 0 2.4895020000000017 1 0 
1 1 0 0 1 
1 0 2.4895020000000017 1 0 
1 0 0 1 0 
1 0 0 1 0 
1 1 0 0 -1 
1 0 0 0 1 
1 0 -2.4895019999999874 1 0 
1 0 0 1 0 
1 0 0 0 -1 
1 0 0 0 1 
1 0 0 1 0 
1 0 1.1551830000000223 1 0 
1 1 0 0 -1 
1 1.1551830000000223 0 0 1 
1 0 -2.4895019999999874 1 0 
1 0 1.1551830000000223 1 0 
1 0 0 0 -1 
1 1.1551830000000223 0 0 1 
1 0 0 0 1 
1 0 0 1 0 
1 1 0 0 1 
1 0 0 1 0 
1 0 0 0 1 
1 0 2.4895019999999874 1 0 
1 1 0 0 1 
1 0 2.4895019999999874 1 0 
1 0 0 1 0 
1 0 0 1 0 
1 1 0 0 -1 
1 0 0 0 1 
1 0 -1.1551829999999939 1 0 
1 0 0 1 0 
1 0 0 0 -1 
1 0 0 0 1 
1 0 0 1 0 
1 0 2.4895020000000017 1 0 
1 1 0 0 -1 
1 2.4895020000000017 0 0 1 
1 0 -1.1551829999999939 1 0 
1 0 2.4895020000000017 1 0 
1 0 0 0 -1 
1 2.4895020000000017 0 0 1 
1 0 0 0 1 
1 0 0 1 0 
1 1 0 0 1 
1 0 0 1 0 
1 0 0 0 1 
1 0 1.1551829999999939 1 0 
1 1 0 0 1 
1 0 1.1551829999999939 1 0 
1 0 0 1 0 
1 0 0 1 0 
1 0.70000000000000018 0 0 -1 
1 0 0 0 1 
1 0 -2.0405000000000086 1 0 
1 0 0 1 0 
1 0 0 0 -1 
1 0 0 0 1 
1 0 0 1 0 
1 0 1.1551829999999939 1 0 
1 0.70000000000000018 0 0 -1 
1 1.1551829999999939 0 0 1 
1 0 -2.0405000000000086 1 0 
1 0 1.1551829999999939 1 0 
1 0 0 0 -1 
1 1.1551829999999939 0 0 1 
1 0 0 0 1 
1 0 0 1 0 
1 0.70000000000000018 0 0 1 
1 0 0 1 0 
1 0 0 0 1 
1 0 2.0405000000000086 1 0 
1 0.70000000000000018 0 0 1 
1 0 2.0405000000000086 1 0 
1 0 0 1 0 
1 0 0 1 0 
1 1 0 0 -1 
1 0 0 0 1 
1 0 -1.1551829999999939 1 0 
1 0 0 1 0 
1 0 0 0 -1 
1 0 0 0 1 
1 0 0 1 0 
1 0 2.4895020000000017 1 0 
1 1 0 0 -1 
1 2.4895020000000017 0 0 1 
1 0 -1.1551829999999939 1 0 
1 0 2.4895020000000017 1 0 
1 0 0 0 -1 
1 2.4895020000000017 0 0 1 
1 0 0 0 1 
1 0 0 1 0 
1 1 0 0 1 
1 0 0 1 0 
1 0 0 0 1 
1 0 1.1551829999999939 1 0 
1 1 0 0 1 
1 0 1.1551829999999939 1 0 
1 0 0 1 0 
1 0 0 1 0 
1 1.2999999999999998 0 0 -1 
1 0 0 0 1 
1 0 -4.3500000000000085 1 0 
1 0 0 1 0 
1 0 0 0 -1 
1 0 0 0 1 
1 0 0 1 0 
1 0 4.125 1 0 
1 1.2999999999999998 0 0 -1 
1 4.125 0 0 1 
1 0 -4.3500000000000085 1 0 
1 0 4.125 1 0 
1 0 0 0 -1 
1 4.125 0 0 1 
1 0 0 0 1 
1 0 0 1 0 
1 1.2999999999999998 0 0 1 
1 0 0 1 0 
1 0 0 0 1 
1 0 4.3500000000000085 1 0 
1 1.2999999999999998 0 0 1 
1 0 4.3500000000000085 1 0 
1 0 0 1 0 
1 0 0 1 0 
1 0.70000000000000018 0 0 -1 
1 0 0 0 1 
1 0 -2.0404999999999944 1 0 
1 0 0 1 0 
1 0 0 0 -1 
1 0 0 0 1 
1 0 0 1 0 
1 0 1.1551829999999939 1 0 
1 0.70000000000000018 0 0 -1 
1 1.1551829999999939 0 0 1 
1 0 -2.0404999999999944 1 0 
1 0 1.1551829999999939 1 0 
1 0 0 0 -1 
1 1.1551829999999939 0 0 1 
1 0 0 0 1 
1 0 0 1 0 
1 0.70000000000000018 0 0 1 
1 0 0 1 0 
1 0 0 0 1 
1 0 2.0404999999999944 1 0 
1 0.70000000000000018 0 0 1 
1 0 2.0404999999999944 1 0 
1 0 0 1 0 
1 0 0 1 0 
1 3.2000000000000002 0 0 -1 
1 0 0 0 1 
1 0 -5.5720000000000027 1 0 
1 0 0 1 0 
1 0 0 0 -1 
1 0 0 0 1 
1 0 0 1 0 
1 0 9.0719999999999992 1 0 
1 3.2000000000000002 0 0 -1 
1 9.0719999999999992 0 0 1 
1 0 -5.5720000000000027 1 0 
1 0 9.0719999999999992 1 0 
1 0 0 0 -1 
1 9.0719999999999992 0 0 1 
1 0 0 0 1 
1 0 0 1 0 
1 3.2000000000000002 0 0 1 
1 0 0 1 0 
1 0 0 0 1 
1 0 5.5720000000000027 1 0 
1 3.2000000000000002 0 0 1 
1 0 5.5720000000000027 1 0 
1 0 0 1 0 
1 0 0 1 0 
1 1 0 0 -1 
1 0 0 0 1 
1 0 -1.1561829999999986 1 0 
1 0 0 1 0 
1 0 0 0 -1 
1 0 0 0 1 
1 0 0 1 0 
1 0 1.9005000000000081 1 0 
1 1 0 0 -1 
1 1.9005000000000081 0 0 1 
1 0 -1.1561829999999986 1 0 
1 0 1.9005000000000081 1 0 
1 0 0 0 -1 
1 1.9005000000000081 0 0 1 
1 0 0 0 1 
1 0 0 1 0 
1 1 0 0 1 
1 0 0 1 0 
1 0 0 0 1 
1 0 1.1561829999999986 1 0 
1 1 0 0 1 
1 0 1.1561829999999986 1 0 
1 0 0 1 0 
1 0 0 1 0 
1 1.2999999999999998 0 0 -1 
1 0 0 0 1 
1 0 -4.8499999999999943 1 0 
1 0 0 1 0 
1 0 0 0 -1 
1 0 0 0 1 
1 0 0 1 0 
1 0 4.8500000000000085 1 0 
1 1.2999999999999998 0 0 -1 
1 4.8500000000000085 0 0 1 
1 0 -4.8499999999999943 1 0 
1 0 4.8500000000000085 1 0 
1 0 0 0 -1 
1 4.8500000000000085 0 0 1 
1 0 0 0 1 
1 0 0 1 0 
1 1.2999999999999998 0 0 1 
1 0 0 1 0 
1 0 0 0 1 
1 0 4.8499999999999943 1 0 
1 1.2999999999999998 0 0 1 
1 0 4.8499999999999943 1 0 
1 0 0 1 0 
1 0 0 1 0 
1 3.2000000000000002 0 0 -1 
1 0 0 0 1 
1 0 -30.254000000000005 1 0 
1 0 0 1 0 
1 0 0 0 -1 
1 0 0 0 1 
1 0 0 1 0 
1 0 22.254000000000005 1 0 
1 3.2000000000000002 0 0 -1 
1 22.254000000000005 0 0 1 
1 0 -30.254000000000005 1 0 
1 0 22.254000000000005 1 0 
1 0 0 0 -1 
1 22.254000000000005 0 0 1 
1 0 0 0 1 
1 0 0 1 0 
1 3.2000000000000002 0 0 1 
1 0 0 1 0 
1 0 0 0 1 
1 0 30.254000000000005 1 0 
1 3.2000000000000002 0 0 1 
1 0 30.254000000000005 1 0 
1 0 0 1 0 
1 0 0 1 0 
1 1.2999999999999998 0 0 -1 
1 0 0 0 1 
1 0 -6.3490000000000038 1 0 
1 0 0 1 0 
1 0 0 0 -1 
1 0 0 0 1 
1 0 0 1 0 
1 0 6.6750069999999937 1 0 
1 1.2999999999999998 0 0 -1 
1 6.6750069999999937 0 0 1 
1 0 -6.3490000000000038 1 0 
1 0 6.6750069999999937 1 0 
1 0 0 0 -1 
1 6.6750069999999937 0 0 1 
1 0 0 0 1 
1 0 0 1 0 
1 1.2999999999999998 0 0 1 
1 0 0 1 0 
1 0 0 0 1 
1 0 6.3490000000000038 1 0 
1 1.2999999999999998 0 0 1 
1 0 6.3490000000000038 1 0 
1 0 0 1 0 
1 0 0 1 0 
1 1 0 0 -1 
1 0 0 0 1 
1 0 -1.1551829999999939 1 0 
1 0 0 1 0 
1 0 0 0 -1 
1 0 0 0 1 
1 0 0 1 0 
1 0 2.4895020000000017 1 0 
1 1 0 0 -1 
1 2.4895020000000017 0 0 1 
1 0 -1.1551829999999939 1 0 
1 0 2.4895020000000017 1 0 
1 0 0 0 -1 
1 2.4895020000000017 0 0 1 
1 0 0 0 1 
1 0 0 1 0 
1 1 0 0 1 
1 0 0 1 0 
1 0 0 0 1 
1 0 1.1551829999999939 1 0 
1 1 0 0 1 
1 0 1.1551829999999939 1 0 
1 0 0 1 0 
1 0 0 1 0 
1 1 0 0 -1 
1 0 0 0 1 
1 0 -1.1561829999999986 1 0 
1 0 0 1 0 
1 0 0 0 -1 
1 0 0 0 1 
1 0 0 1 0 
1 0 1.9004999999999939 1 0 
1 1 0 0 -1 
1 1.9004999999999939 0 0 1 
1 0 -1.1561829999999986 1 0 
1 0 1.9004999999999939 1 0 
1 0 0 0 -1 
1 1.9004999999999939 0 0 1 
1 0 0 0 1 
1 0 0 1 0 
1 1 0 0 1 
1 0 0 1 0 
1 0 0 0 1 
1 0 1.1561829999999986 1 0 
1 1 0 0 1 
1 0 1.1561829999999986 1 0 
1 0 0 1 0 
1 0 0 1 0 
1 0.70000000000000018 0 0 -1 
1 0 0 0 1 
1 0 -1.1551829999999939 1 0 
1 0 0 1 0 
1 0 0 0 -1 
1 0 0 0 1 
1 0 0 1 0 
1 0 2.0405000000000086 1 0 
1 0.70000000000000018 0 0 -1 
1 2.0405000000000086 0 0 1 
1 0 -1.1551829999999939 1 0 
1 0 2.0405000000000086 1 0 
1 0 0 0 -1 
1 2.0405000000000086 0 0 1 
1 0 0 0 1 
1 0 0 1 0 
1 0.70000000000000018 0 0 1 
1 0 0 1 0 
1 0 0 0 1 
1 0 1.1551829999999939 1 0 
1 0.70000000000000018 0 0 1 
1 0 1.1551829999999939 1 0 
1 0 0 1 0 
1 0 0 1 0 
1 1 0 0 -1 
1 0 0 0 1 
1 0 -2.4895020000000017 1 0 
1 0 0 1 0 
1 0 0 0 -1 
1 0 0 0 1 
1 0 0 1 0 
1 0 1.1551829999999939 1 0 
1 1 0 0 -1 
1 1.1551829999999939 0 0 1 
1 0 -2.4895020000000017 1 0 
1 0 1.1551829999999939 1 0 
1 0 0 0 -1 
1 1.1551829999999939 0 0 1 
1 0 0 0 1 
1 0 0 1 0 
1 1 0 0 1 
1 0 0 1 0 
1 0 0 0 1 
1 0 2.4895020000000017 1 0 
1 1 0 0 1 
1 0 2.4895020000000017 1 0 
1 0 0 1 0 
1 0 0 1 0 
1 5.5 0 0 -1 
1 0 0 0 1 
1 0 -3.1309329999999989 1 0 
1 0 0 1 0 
1 0 0 0 -1 
1 0 0 0 1 
1 0 0 1 0 
1 0 6.1109329999999886 1 0 
1 5.5 0 0 -1 
1 6.1109329999999886 0 0 1 
1 0 -3.1309329999999989 1 0 
1 0 6.1109329999999886 1 0 
1 0 0 0 -1 
1 6.1109329999999886 0 0 1 
1 0 0 0 1 
1 0 0 1 0 
1 5.5 0 0 1 
1 0 0 1 0 
1 0 0 0 1 
1 0 3.1309329999999989 1 0 
1 5.5 0 0 1 
1 0 3.1309329999999989 1 0 
1 0 0 1 0 
1 0 0 1 0 
1 1 0 0 -1 
1 0 0 0 1 
1 0 -2.4895020000000017 1 0 
1 0 0 1 0 
1 0 0 0 -1 
1 0 0 0 1 
1 0 0 1 0 
1 0 1.1551829999999939 1 0 
1 1 0 0 -1 
1 1.1551829999999939 0 0 1 
1 0 -2.4895020000000017 1 0 
1 0 1.1551829999999939 1 0 
1 0 0 0 -1 
1 1.1551829999999939 0 0 1 
1 0 0 0 1 
1 0 0 1 0 
1 1 0 0 1 
1 0 0 1 0 
1 0 0 0 1 
1 0 2.4895020000000017 1 0 
1 1 0 0 1 
1 0 2.4895020000000017 1 0 
1 0 0 1 0 
1 0 0 1 0 
1 0.70000000000000018 0 0 -1 
1 0 0 0 1 
1 0 -1.1551830000000081 1 0 
1 0 0 1 0 
1 0 0 0 -1 
1 0 0 0 1 
1 0 0 1 0 
1 0 2.0404999999999944 1 0 
1 0.70000000000000018 0 0 -1 
1 2.0404999999999944 0 0 1 
1 0 -1.1551830000000081 1 0 
1 0 2.0404999999999944 1 0 
1 0 0 0 -1 
1 2.0404999999999944 0 0 1 
1 0 0 0 1 
1 0 0 1 0 
1 0.70000000000000018 0 0 1 
1 0 0 1 0 
1 0 0 0 1 
1 0 1.1551830000000081 1 0 
1 0.70000000000000018 0 0 1 
1 0 1.1551830000000081 1 0 
1 0 0 1 0 
1 0 0 1 0 
1 1 0 0 -1 
1 0 0 0 1 
1 0 -2.4895020000000017 1 0 
1 0 0 1 0 
1 0 0 0 -1 
1 0 0 0 1 
1 0 0 1 0 
1 0 1.1551829999999939 1 0 
1 1 0 0 -1 
1 1.1551829999999939 0 0 1 
1 0 -2.4895020000000017 1 0 
1 0 1.1551829999999939 1 0 
1 0 0 0 -1 
1 1.1551829999999939 0 0 1 
1 0 0 0 1 
1 0 0 1 0 
1 1 0 0 1 
1 0 0 1 0 
1 0 0 0 1 
1 0 2.4895020000000017 1 0 
1 1 0 0 1 
1 0 2.4895020000000017 1 0 
1 0 0 1 0 
1 0 0 1 0 
1 1 0 0 -1 
1 0 0 0 1 
1 0 -1.6740010000000041 1 0 
1 0 0 1 0 
1 0 0 0 -1 
1 0 0 0 1 
1 0 0 1 0 
1 0 3.0340010000000177 1 0 
1 1 0 0 -1 
1 3.0340010000000177 0 0 1 
1 0 -1.6740010000000041 1 0 
1 0 3.0340010000000177 1 0 
1 0 0 0 -1 
1 3.0340010000000177 0 0 1 
1 0 0 0 1 
1 0 0 1 0 
1 1 0 0 1 
1 0 0 1 0 
1 0 0 0 1 
1 0 1.6740010000000041 1 0 
1 1 0 0 1 
1 0 1.6740010000000041 1 0 
1 0 0 1 0 
1 0 0 1 0 
1 1 0 0 -1 
1 0 0 0 1 
1 0 -1.1551829999999939 1 0 
1 0 0 1 0 
1 0 0 0 -1 
1 0 0 0 1 
1 0 0 1 0 
1 0 2.4895020000000159 1 0 
1 1 0 0 -1 
1 2.4895020000000159 0 0 1 
1 0 -1.1551829999999939 1 0 
1 0 2.4895020000000159 1 0 
1 0 0 0 -1 
1 2.4895020000000159 0 0 1 
1 0 0 0 1 
1 0 0 1 0 
1 1 0 0 1 
1 0 0 1 0 
1 0 0 0 1 
1 0 1.1551829999999939 1 0 
1 1 0 0 1 
1 0 1.1551829999999939 1 0 
1 0 0 1 0 
1 0 0 1 0 
1 1 0 0 -1 
1 0 0 0 1 
1 0 -1.1561829999999986 1 0 
1 0 0 1 0 
1 0 0 0 -1 
1 0 0 0 1 
1 0 0 1 0 
1 0 1.9004999999999939 1 0 
1 1 0 0 -1 
1 1.9004999999999939 0 0 1 
1 0 -1.1561829999999986 1 0 
1 0 1.9004999999999939 1 0 
1 0 0 0 -1 
1 1.9004999999999939 0 0 1 
1 0 0 0 1 
1 0 0 1 0 
1 1 0 0 1 
1 0 0 1 0 
1 0 0 0 1 
1 0 1.1561829999999986 1 0 
1 1 0 0 1 
1 0 1.1561829999999986 1 0 
1 0 0 1 0 
1 0 0 1 0 
1 0.70000000000000018 0 0 -1 
1 0 0 0 1 
1 0 -2.0404999999999944 1 0 
1 0 0 1 0 
1 0 0 0 -1 
1 0 0 0 1 
1 0 0 1 0 
1 0 1.1551829999999939 1 0 
1 0.70000000000000018 0 0 -1 
1 1.1551829999999939 0 0 1 
1 0 -2.0404999999999944 1 0 
1 0 1.1551829999999939 1 0 
1 0 0 0 -1 
1 1.1551829999999939 0 0 1 
1 0 0 0 1 
1 0 0 1 0 
1 0.70000000000000018 0 0 1 
1 0 0 1 0 
1 0 0 0 1 
1 0 2.0404999999999944 1 0 
1 0.70000000000000018 0 0 1 
1 0 2.0404999999999944 1 0 
1 0 0 1 0 
1 0 0 1 0 
1 1 0 0 -1 
1 0 0 0 1 
1 0 -1.1561829999999986 1 0 
1 0 0 1 0 
1 0 0 0 -1 
1 0 0 0 1 
1 0 0 1 0 
1 0 1.9005000000000223 1 0 
1 1 0 0 -1 
1 1.9005000000000223 0 0 1 
1 0 -1.1561829999999986 1 0 
1 0 1.9005000000000223 1 0 
1 0 0 0 -1 
1 1.9005000000000223 0 0 1 
1 0 0 0 1 
1 0 0 1 0 
1 1 0 0 1 
1 0 0 1 0 
1 0 0 0 1 
1 0 1.1561829999999986 1 0 
1 1 0 0 1 
1 0 1.1561829999999986 1 0 
1 0 0 1 0 
1 0 0 1 0 
1 1 0 0 -1 
1 0 0 0 1 
1 0 -2.4895020000000017 1 0 
1 0 0 1 0 
1 0 0 0 -1 
1 0 0 0 1 
1 0 0 1 0 
1 0 1.1551829999999939 1 0 
1 1 0 0 -1 
1 1.1551829999999939 0 0 1 
1 0 -2.4895020000000017 1 0 
1 0 1.1551829999999939 1 0 
1 0 0 0 -1 
1 1.1551829999999939 0 0 1 
1 0 0 0 1 
1 0 0 1 0 
1 1 0 0 1 
1 0 0 1 0 
1 0 0 0 1 
1 0 2.4895020000000017 1 0 
1 1 0 0 1 
1 0 2.4895020000000017 1 0 
1 0 0 1 0 
1 0 0 1 0 
1 1 0 0 -1 
1 0 0 0 1 
1 0 -1.6740009999999899 1 0 
1 0 0 1 0 
1 0 0 0 -1 
1 0 0 0 1 
1 0 0 1 0 
1 0 3.0340009999999893 1 0 
1 1 0 0 -1 
1 3.0340009999999893 0 0 1 
1 0 -1.6740009999999899 1 0 
1 0 3.0340009999999893 1 0 
1 0 0 0 -1 
1 3.0340009999999893 0 0 1 
1 0 0 0 1 
1 0 0 1 0 
1 1 0 0 1 
1 0 0 1 0 
1 0 0 0 1 
1 0 1.6740009999999899 1 0 
1 1 0 0 1 
1 0 1.6740009999999899 1 0 
1 0 0 1 0 
1 0 0 1 0 
1 1 0 0 -1 
1 0 0 0 1 
1 0 -2.4895020000000017 1 0 
1 0 0 1 0 
1 0 0 0 -1 
1 0 0 0 1 
1 0 0 1 0 
1 0 1.1551830000000223 1 0 
1 1 0 0 -1 
1 1.1551830000000223 0 0 1 
1 0 -2.4895020000000017 1 0 
1 0 1.1551830000000223 1 0 
1 0 0 0 -1 
1 1.1551830000000223 0 0 1 
1 0 0 0 1 
1 0 0 1 0 
1 1 0 0 1 
1 0 0 1 0 
1 0 0 0 1 
1 0 2.4895020000000017 1 0 
1 1 0 0 1 
1 0 2.4895020000000017 1 0 
1 0 0 1 0 
1 0 0 1 0 
1 1.2999999999999998 0 0 -1 
1 0 0 0 1 
1 0 -3.7325000000000017 1 0 
1 0 0 1 0 
1 0 0 0 -1 
1 0 0 0 1 
1 0 0 1 0 
1 0 3.9200000000000159 1 0 
1 1.2999999999999998 0 0 -1 
1 3.9200000000000159 0 0 1 
1 0 -3.7325000000000017 1 0 
1 0 3.9200000000000159 1 0 
1 0 0 0 -1 
1 3.9200000000000159 0 0 1 
1 0 0 0 1 
1 0 0 1 0 
1 1.2999999999999998 0 0 1 
1 0 0 1 0 
1 0 0 0 1 
1 0 3.7325000000000017 1 0 
1 1.2999999999999998 0 0 1 
1 0 3.7325000000000017 1 0 
1 0 0 1 0 
1 0 0 1 0 
1 1 0 0 -1 
1 0 0 0 1 
1 0 -1.1561829999999986 1 0 
1 0 0 1 0 
1 0 0 0 -1 
1 0 0 0 1 
1 0 0 1 0 
1 0 1.9004999999999939 1 0 
1 1 0 0 -1 
1 1.9004999999999939 0 0 1 
1 0 -1.1561829999999986 1 0 
1 0 1.9004999999999939 1 0 
1 0 0 0 -1 
1 1.9004999999999939 0 0 1 
1 0 0 0 1 
1 0 0 1 0 
1 1 0 0 1 
1 0 0 1 0 
1 0 0 0 1 
1 0 1.1561829999999986 1 0 
1 1 0 0 1 
1 0 1.1561829999999986 1 0 
1 0 0 1 0 
1 0 0 1 0 
1 1 0 0 -1 
1 0 0 0 1 
1 0 -4.0795000000000101 1 0 
1 0 0 1 0 
1 0 0 0 -1 
1 0 0 0 1 
1 0 0 1 0 
1 0 1.9594999999999914 1 0 
1 1 0 0 -1 
1 1.9594999999999914 0 0 1 
1 0 -4.0795000000000101 1 0 
1 0 1.9594999999999914 1 0 
1 0 0 0 -1 
1 1.9594999999999914 0 0 1 
1 0 0 0 1 
1 0 0 1 0 
1 1 0 0 1 
1 0 0 1 0 
1 0 0 0 1 
1 0 4.0795000000000101 1 0 
1 1 0 0 1 
1 0 4.0795000000000101 1 0 
1 0 0 1 0 
1 0 0 1 0 
1 1 0 0 -1 
1 0 0 0 1 
1 0 -1.1551830000000081 1 0 
1 0 0 1 0 
1 0 0 0 -1 
1 0 0 0 1 
1 0 0 1 0 
1 0 2.4895020000000017 1 0 
1 1 0 0 -1 
1 2.4895020000000017 0 0 1 
1 0 -1.1551830000000081 1 0 
1 0 2.4895020000000017 1 0 
1 0 0 0 -1 
1 2.4895020000000017 0 0 1 
1 0 0 0 1 
1 0 0 1 0 
1 1 0 0 1 
1 0 0 1 0 
1 0 0 0 1 
1 0 1.1551830000000081 1 0 
1 1 0 0 1 
1 0 1.1551830000000081 1 0 
1 0 0 1 0 
1 0 0 1 0 
1 1.2999999999999998 0 0 -1 
1 0 0 0 1 
1 0 -4.4379999999999882 1 0 
1 0 0 1 0 
1 0 0 0 -1 
1 0 0 0 1 
1 0 0 1 0 
1 0 3.7379999999999995 1 0 
1 1.2999999999999998 0 0 -1 
1 3.7379999999999995 0 0 1 
1 0 -4.4379999999999882 1 0 
1 0 3.7379999999999995 1 0 
1 0 0 0 -1 
1 3.7379999999999995 0 0 1 
1 0 0 0 1 
1 0 0 1 0 
1 1.2999999999999998 0 0 1 
1 0 0 1 0 
1 0 0 0 1 
1 0 4.4379999999999882 1 0 
1 1.2999999999999998 0 0 1 
1 0 4.4379999999999882 1 0 
1 0 0 1 0 
1 0 0 1 0 
1 1 0 0 -1 
1 0 0 0 1 
1 0 -1.1561829999999986 1 0 
1 0 0 1 0 
1 0 0 0 -1 
1 0 0 0 1 
1 0 0 1 0 
1 0 1.9005000000000081 1 0 
1 1 0 0 -1 
1 1.9005000000000081 0 0 1 
1 0 -1.1561829999999986 1 0 
1 0 1.9005000000000081 1 0 
1 0 0 0 -1 
1 1.9005000000000081 0 0 1 
1 0 0 0 1 
1 0 0 1 0 
1 1 0 0 1 
1 0 0 1 0 
1 0 0 0 1 
1 0 1.1561829999999986 1 0 
1 1 0 0 1 
1 0 1.1561829999999986 1 0 
1 0 0 1 0 
1 0 0 1 0 
1 1.2999999999999998 0 0 -1 
1 0 0 0 1 
1 0 -2.0314329999999927 1 0 
1 0 0 1 0 
1 0 0 0 -1 
1 0 0 0 1 
1 0 0 1 0 
1 0 2.0985000000000014 1 0 
1 1.2999999999999998 0 0 -1 
1 2.0985000000000014 0 0 1 
1 0 -2.0314329999999927 1 0 
1 0 2.0985000000000014 1 0 
1 0 0 0 -1 
1 2.0985000000000014 0 0 1 
1 0 0 0 1 
1 0 0 1 0 
1 1.2999999999999998 0 0 1 
1 0 0 1 0 
1 0 0 0 1 
1 0 2.0314329999999927 1 0 
1 1.2999999999999998 0 0 1 
1 0 2.0314329999999927 1 0 
1 0 0 1 0 
1 0 0 1 0 
1 1 0 0 -1 
1 0 0 0 1 
1 0 -1.6740010000000041 1 0 
1 0 0 1 0 
1 0 0 0 -1 
1 0 0 0 1 
1 0 0 1 0 
1 0 3.0340010000000177 1 0 
1 1 0 0 -1 
1 3.0340010000000177 0 0 1 
1 0 -1.6740010000000041 1 0 
1 0 3.0340010000000177 1 0 
1 0 0 0 -1 
1 3.0340010000000177 0 0 1 
1 0 0 0 1 
1 0 0 1 0 
1 1 0 0 1 
1 0 0 1 0 
1 0 0 0 1 
1 0 1.6740010000000041 1 0 
1 1 0 0 1 
1 0 1.6740010000000041 1 0 
1 0 0 1 0 
1 0 0 1 0 
1 1 0 0 -1 
1 0 0 0 1 
1 0 -1.900500000000001 1 0 
1 0 0 1 0 
1 0 0 0 -1 
1 0 0 0 1 
1 0 0 1 0 
1 0 1.1561829999999986 1 0 
1 1 0 0 -1 
1 1.1561829999999986 0 0 1 
1 0 -1.900500000000001 1 0 
1 0 1.1561829999999986 1 0 
1 0 0 0 -1 
1 1.1561829999999986 0 0 1 
1 0 0 0 1 
1 0 0 1 0 
1 1 0 0 1 
1 0 0 1 0 
1 0 0 0 1 
1 0 1.900500000000001 1 0 
1 1 0 0 1 
1 0 1.900500000000001 1 0 
1 0 0 1 0 
1 0 0 1 0 
1 0.70000000000000018 0 0 -1 
1 0 0 0 1 
1 0 -2.0404999999999944 1 0 
1 0 0 1 0 
1 0 0 0 -1 
1 0 0 0 1 
1 0 0 1 0 
1 0 1.1551829999999939 1 0 
1 0.70000000000000018 0 0 -1 
1 1.1551829999999939 0 0 1 
1 0 -2.0404999999999944 1 0 
1 0 1.1551829999999939 1 0 
1 0 0 0 -1 
1 1.1551829999999939 0 0 1 
1 0 0 0 1 
1 0 0 1 0 
1 0.70000000000000018 0 0 1 
1 0 0 1 0 
1 0 0 0 1 
1 0 2.0404999999999944 1 0 
1 0.70000000000000018 0 0 1 
1 0 2.0404999999999944 1 0 
1 0 0 1 0 
1 0 0 1 0 
1 0.70000000000000018 0 0 -1 
1 0 0 0 1 
1 0 -1.1551829999999939 1 0 
1 0 0 1 0 
1 0 0 0 -1 
1 0 0 0 1 
1 0 0 1 0 
1 0 2.0404999999999944 1 0 
1 0.70000000000000018 0 0 -1 
1 2.0404999999999944 0 0 1 
1 0 -1.1551829999999939 1 0 
1 0 2.0404999999999944 1 0 
1 0 0 0 -1 
1 2.0404999999999944 0 0 1 
1 0 0 0 1 
1 0 0 1 0 
1 0.70000000000000018 0 0 1 
1 0 0 1 0 
1 0 0 0 1 
1 0 1.1551829999999939 1 0 
1 0.70000000000000018 0 0 1 
1 0 1.1551829999999939 1 0 
1 0 0 1 0 
1 0 0 1 0 
1 1.2999999999999998 0 0 -1 
1 0 0 0 1 
1 0 -3.3529999999999944 1 0 
1 0 0 1 0 
1 0 0 0 -1 
1 0 0 0 1 
1 0 0 1 0 
1 0 3.6309329999999989 1 0 
1 1.2999999999999998 0 0 -1 
1 3.6309329999999989 0 0 1 
1 0 -3.3529999999999944 1 0 
1 0 3.6309329999999989 1 0 
1 0 0 0 -1 
1 3.6309329999999989 0 0 1 
1 0 0 0 1 
1 0 0 1 0 
1 1.2999999999999998 0 0 1 
1 0 0 1 0 
1 0 0 0 1 
1 0 3.3529999999999944 1 0 
1 1.2999999999999998 0 0 1 
1 0 3.3529999999999944 1 0 
1 0 0 1 0 
1 0 0 1 0 
1 0.70000000000000018 0 0 -1 
1 0 0 0 1 
1 0 -1.1551829999999939 1 0 
1 0 0 1 0 
1 0 0 0 -1 
1 0 0 0 1 
1 0 0 1 0 
1 0 2.0405000000000086 1 0 
1 0.70000000000000018 0 0 -1 
1 2.0405000000000086 0 0 1 
1 0 -1.1551829999999939 1 0 
1 0 2.0405000000000086 1 0 
1 0 0 0 -1 
1 2.0405000000000086 0 0 1 
1 0 0 0 1 
1 0 0 1 0 
1 0.70000000000000018 0 0 1 
1 0 0 1 0 
1 0 0 0 1 
1 0 1.1551829999999939 1 0 
1 0.70000000000000018 0 0 1 
1 0 1.1551829999999939 1 0 
1 0 0 1 0 
1 0 0 1 0 
1 5.5 0 0 -1 
1 0 0 0 1 
1 0 -14.139999999999986 1 0 
1 0 0 1 0 
1 0 0 0 -1 
1 0 0 0 1 
1 0 0 1 0 
1 0 6.4800000000000004 1 0 
1 5.5 0 0 -1 
1 6.4800000000000004 0 0 1 
1 0 -14.139999999999986 1 0 
1 0 6.4800000000000004 1 0 
1 0 0 0 -1 
1 6.4800000000000004 0 0 1 
1 0 0 0 1 
1 0 0 1 0 
1 5.5 0 0 1 
1 0 0 1 0 
1 0 0 0 1 
1 0 14.139999999999986 1 0 
1 5.5 0 0 1 
1 0 14.139999999999986 1 0 
1 0 0 1 0 
1 0 0 1 0 
1 0.70000000000000018 0 0 -1 
1 0 0 0 1 
1 0 -1.1551829999999939 1 0 
1 0 0 1 0 
1 0 0 0 -1 
1 0 0 0 1 
1 0 0 1 0 
1 0 2.0405000000000086 1 0 
1 0.70000000000000018 0 0 -1 
1 2.0405000000000086 0 0 1 
1 0 -1.1551829999999939 1 0 
1 0 2.0405000000000086 1 0 
1 0 0 0 -1 
1 2.0405000000000086 0 0 1 
1 0 0 0 1 
1 0 0 1 0 
1 0.70000000000000018 0 0 1 
1 0 0 1 0 
1 0 0 0 1 
1 0 1.1551829999999939 1 0 
1 0.70000000000000018 0 0 1 
1 0 1.1551829999999939 1 0 
1 0 0 1 0 
1 0 0 1 0 
1 1 0 0 -1 
1 0 0 0 1 
1 0 -1.6740010000000041 1 0 
1 0 0 1 0 
1 0 0 0 -1 
1 0 0 0 1 
1 0 0 1 0 
1 0 3.0340010000000177 1 0 
1 1 0 0 -1 
1 3.0340010000000177 0 0 1 
1 0 -1.6740010000000041 1 0 
1 0 3.0340010000000177 1 0 
1 0 0 0 -1 
1 3.0340010000000177 0 0 1 
1 0 0 0 1 
1 0 0 1 0 
1 1 0 0 1 
1 0 0 1 0 
1 0 0 0 1 
1 0 1.6740010000000041 1 0 
1 1 0 0 1 
1 0 1.6740010000000041 1 0 
1 0 0 1 0 
1 0 0 1 0 
1 1 0 0 -1 
1 0 0 0 1 
1 0 -1.9004999999999939 1 0 
1 0 0 1 0 
1 0 0 0 -1 
1 0 0 0 1 
1 0 0 1 0 
1 0 1.1561829999999986 1 0 
1 1 0 0 -1 
1 1.1561829999999986 0 0 1 
1 0 -1.9004999999999939 1 0 
1 0 1.1561829999999986 1 0 
1 0 0 0 -1 
1 1.1561829999999986 0 0 1 
1 0 0 0 1 
1 0 0 1 0 
1 1 0 0 1 
1 0 0 1 0 
1 0 0 0 1 
1 0 1.9004999999999939 1 0 
1 1 0 0 1 
1 0 1.9004999999999939 1 0 
1 0 0 1 0 
1 0 0 1 0 
1 1 0 0 -1 
1 0 0 0 1 
1 0 -1.900500000000001 1 0 
1 0 0 1 0 
1 0 0 0 -1 
1 0 0 0 1 
1 0 0 1 0 
1 0 1.1561829999999986 1 0 
1 1 0 0 -1 
1 1.1561829999999986 0 0 1 
1 0 -1.900500000000001 1 0 
1 0 1.1561829999999986 1 0 
1 0 0 0 -1 
1 1.1561829999999986 0 0 1 
1 0 0 0 1 
1 0 0 1 0 
1 1 0 0 1 
1 0 0 1 0 
1 0 0 0 1 
1 0 1.900500000000001 1 0 
1 1 0 0 1 
1 0 1.900500000000001 1 0 
1 0 0 1 0 
1 0 0 1 0 
1 1 0 0 -1 
1 0 0 0 1 
1 0 -1.9004999999999939 1 0 
1 0 0 1 0 
1 0 0 0 -1 
1 0 0 0 1 
1 0 0 1 0 
1 0 1.1561829999999986 1 0 
1 1 0 0 -1 
1 1.1561829999999986 0 0 1 
1 0 -1.9004999999999939 1 0 
1 0 1.1561829999999986 1 0 
1 0 0 0 -1 
1 1.1561829999999986 0 0 1 
1 0 0 0 1 
1 0 0 1 0 
1 1 0 0 1 
1 0 0 1 0 
1 0 0 0 1 
1 0 1.9004999999999939 1 0 
1 1 0 0 1 
1 0 1.9004999999999939 1 0 
1 0 0 1 0 
1 0 0 1 0 
1 1 0 0 -1 
1 0 0 0 1 
1 0 -1.900500000000001 1 0 
1 0 0 1 0 
1 0 0 0 -1 
1 0 0 0 1 
1 0 0 1 0 
1 0 1.1561829999999986 1 0 
1 1 0 0 -1 
1 1.1561829999999986 0 0 1 
1 0 -1.900500000000001 1 0 
1 0 1.1561829999999986 1 0 
1 0 0 0 -1 
1 1.1561829999999986 0 0 1 
1 0 0 0 1 
1 0 0 1 0 
1 1 0 0 1 
1 0 0 1 0 
1 0 0 0 1 
1 0 1.900500000000001 1 0 
1 1 0 0 1 
1 0 1.900500000000001 1 0 
1 0 0 1 0 
1 0 0 1 0 
1 1.2999999999999998 0 0 -1 
1 0 0 0 1 
1 0 -3.9295000000000044 1 0 
1 0 0 1 0 
1 0 0 0 -1 
1 0 0 0 1 
1 0 0 1 0 
1 0 3.25 1 0 
1 1.2999999999999998 0 0 -1 
1 3.25 0 0 1 
1 0 -3.9295000000000044 1 0 
1 0 3.25 1 0 
1 0 0 0 -1 
1 3.25 0 0 1 
1 0 0 0 1 
1 0 0 1 0 
1 1.2999999999999998 0 0 1 
1 0 0 1 0 
1 0 0 0 1 
1 0 3.9295000000000044 1 0 
1 1.2999999999999998 0 0 1 
1 0 3.9295000000000044 1 0 
1 0 0 1 0 
1 0 0 1 0 
1 1.2999999999999998 0 0 -1 
1 0 0 0 1 
1 0 -3.7325000000000017 1 0 
1 0 0 1 0 
1 0 0 0 -1 
1 0 0 0 1 
1 0 0 1 0 
1 0 3.9199999999999875 1 0 
1 1.2999999999999998 0 0 -1 
1 3.9199999999999875 0 0 1 
1 0 -3.7325000000000017 1 0 
1 0 3.9199999999999875 1 0 
1 0 0 0 -1 
1 3.9199999999999875 0 0 1 
1 0 0 0 1 
1 0 0 1 0 
1 1.2999999999999998 0 0 1 
1 0 0 1 0 
1 0 0 0 1 
1 0 3.7325000000000017 1 0 
1 1.2999999999999998 0 0 1 
1 0 3.7325000000000017 1 0 
1 0 0 1 0 
1 0 0 1 0 
1 1.2999999999999998 0 0 -1 
1 0 0 0 1 
1 0 -4.8850000000000051 1 0 
1 0 0 1 0 
1 0 0 0 -1 
1 0 0 0 1 
1 0 0 1 0 
1 0 2.4309329999999818 1 0 
1 1.2999999999999998 0 0 -1 
1 2.4309329999999818 0 0 1 
1 0 -4.8850000000000051 1 0 
1 0 2.4309329999999818 1 0 
1 0 0 0 -1 
1 2.4309329999999818 0 0 1 
1 0 0 0 1 
1 0 0 1 0 
1 1.2999999999999998 0 0 1 
1 0 0 1 0 
1 0 0 0 1 
1 0 4.8850000000000051 1 0 
1 1.2999999999999998 0 0 1 
1 0 4.8850000000000051 1 0 
1 0 0 1 0 
1 0 0 1 0 
1 1 0 0 -1 
1 0 0 0 1 
1 0 -1.900500000000001 1 0 
1 0 0 1 0 
1 0 0 0 -1 
1 0 0 0 1 
1 0 0 1 0 
1 0 1.1561830000000128 1 0 
1 1 0 0 -1 
1 1.1561830000000128 0 0 1 
1 0 -1.900500000000001 1 0 
1 0 1.1561830000000128 1 0 
1 0 0 0 -1 
1 1.1561830000000128 0 0 1 
1 0 0 0 1 
1 0 0 1 0 
1 1 0 0 1 
1 0 0 1 0 
1 0 0 0 1 
1 0 1.900500000000001 1 0 
1 1 0 0 1 
1 0 1.900500000000001 1 0 
1 0 0 1 0 
1 0 0 1 0 
1 0.70000000000000018 0 0 -1 
1 0 0 0 1 
1 0 -1.1551830000000081 1 0 
1 0 0 1 0 
1 0 0 0 -1 
1 0 0 0 1 
1 0 0 1 0 
1 0 2.0404999999999944 1 0 
1 0.70000000000000018 0 0 -1 
1 2.0404999999999944 0 0 1 
1 0 -1.1551830000000081 1 0 
1 0 2.0404999999999944 1 0 
1 0 0 0 -1 
1 2.0404999999999944 0 0 1 
1 0 0 0 1 
1 0 0 1 0 
1 0.70000000000000018 0 0 1 
1 0 0 1 0 
1 0 0 0 1 
1 0 1.1551830000000081 1 0 
1 0.70000000000000018 0 0 1 
1 0 1.1551830000000081 1 0 
1 0 0 1 0 
1 0 0 1 0 
1 0.70000000000000018 0 0 -1 
1 0 0 0 1 
1 0 -2.0404999999999944 1 0 
1 0 0 1 0 
1 0 0 0 -1 
1 0 0 0 1 
1 0 0 1 0 
1 0 1.1551829999999939 1 0 
1 0.70000000000000018 0 0 -1 
1 1.1551829999999939 0 0 1 
1 0 -2.0404999999999944 1 0 
1 0 1.1551829999999939 1 0 
1 0 0 0 -1 
1 1.1551829999999939 0 0 1 
1 0 0 0 1 
1 0 0 1 0 
1 0.70000000000000018 0 0 1 
1 0 0 1 0 
1 0 0 0 1 
1 0 2.0404999999999944 1 0 
1 0.70000000000000018 0 0 1 
1 0 2.0404999999999944 1 0 
1 0 0 1 0 
1 0 0 1 0 
1 1.2999999999999998 0 0 -1 
1 0 0 0 1 
1 0 -3.6555000000000035 1 0 
1 0 0 1 0 
1 0 0 0 -1 
1 0 0 0 1 
1 0 0 1 0 
1 0 4.1500000000000057 1 0 
1 1.2999999999999998 0 0 -1 
1 4.1500000000000057 0 0 1 
1 0 -3.6555000000000035 1 0 
1 0 4.1500000000000057 1 0 
1 0 0 0 -1 
1 4.1500000000000057 0 0 1 
1 0 0 0 1 
1 0 0 1 0 
1 1.2999999999999998 0 0 1 
1 0 0 1 0 
1 0 0 0 1 
1 0 3.6555000000000035 1 0 
1 1.2999999999999998 0 0 1 
1 0 3.6555000000000035 1 0 
1 0 0 1 0 
1 0 0 1 0 
1 1 0 0 -1 
1 0 0 0 1 
1 0 -1.1551830000000081 1 0 
1 0 0 1 0 
1 0 0 0 -1 
1 0 0 0 1 
1 0 0 1 0 
1 0 2.4895020000000017 1 0 
1 1 0 0 -1 
1 2.4895020000000017 0 0 1 
1 0 -1.1551830000000081 1 0 
1 0 2.4895020000000017 1 0 
1 0 0 0 -1 
1 2.4895020000000017 0 0 1 
1 0 0 0 1 
1 0 0 1 0 
1 1 0 0 1 
1 0 0 1 0 
1 0 0 0 1 
1 0 1.1551830000000081 1 0 
1 1 0 0 1 
1 0 1.1551830000000081 1 0 
1 0 0 1 0 
1 0 0 1 0 
1 0.70000000000000018 0 0 -1 
1 0 0 0 1 
1 0 -1.155183000000001 1 0 
1 0 0 1 0 
1 0 0 0 -1 
1 0 0 0 1 
1 0 0 1 0 
1 0 2.0404999999999944 1 0 
1 0.70000000000000018 0 0 -1 
1 2.0404999999999944 0 0 1 
1 0 -1.155183000000001 1 0 
1 0 2.0404999999999944 1 0 
1 0 0 0 -1 
1 2.0404999999999944 0 0 1 
1 0 0 0 1 
1 0 0 1 0 
1 0.70000000000000018 0 0 1 
1 0 0 1 0 
1 0 0 0 1 
1 0 1.155183000000001 1 0 
1 0.70000000000000018 0 0 1 
1 0 1.155183000000001 1 0 
1 0 0 1 0 
1 0 0 1 0 
1 1 0 0 -1 
1 0 0 0 1 
1 0 -1.9004999999999939 1 0 
1 0 0 1 0 
1 0 0 0 -1 
1 0 0 0 1 
1 0 0 1 0 
1 0 1.1561829999999986 1 0 
1 1 0 0 -1 
1 1.1561829999999986 0 0 1 
1 0 -1.9004999999999939 1 0 
1 0 1.1561829999999986 1 0 
1 0 0 0 -1 
1 1.1561829999999986 0 0 1 
1 0 0 0 1 
1 0 0 1 0 
1 1 0 0 1 
1 0 0 1 0 
1 0 0 0 1 
1 0 1.9004999999999939 1 0 
1 1 0 0 1 
1 0 1.9004999999999939 1 0 
1 0 0 1 0 
1 0 0 1 0 
1 0.70000000000000018 0 0 -1 
1 0 0 0 1 
1 0 -4.7745000000000033 1 0 
1 0 0 1 0 
1 0 0 0 -1 
1 0 0 0 1 
1 0 0 1 0 
1 0 2.3105000000000189 1 0 
1 0.70000000000000018 0 0 -1 
1 2.3105000000000189 0 0 1 
1 0 -4.7745000000000033 1 0 
1 0 2.3105000000000189 1 0 
1 0 0 0 -1 
1 2.3105000000000189 0 0 1 
1 0 0 0 1 
1 0 0 1 0 
1 0.70000000000000018 0 0 1 
1 0 0 1 0 
1 0 0 0 1 
1 0 4.7745000000000033 1 0 
1 0.70000000000000018 0 0 1 
1 0 4.7745000000000033 1 0 
1 0 0 1 0 
1 0 0 1 0 
1 2.5 0 0 -1 
1 0 0 0 1 
1 0 -2.269999999999996 1 0 
1 0 0 1 0 
1 0 0 0 -1 
1 0 0 0 1 
1 0 0 1 0 
1 0 3.2059999999999889 1 0 
1 2.5 0 0 -1 
1 3.2059999999999889 0 0 1 
1 0 -2.269999999999996 1 0 
1 0 3.2059999999999889 1 0 
1 0 0 0 -1 
1 3.2059999999999889 0 0 1 
1 0 0 0 1 
1 0 0 1 0 
1 2.5 0 0 1 
1 0 0 1 0 
1 0 0 0 1 
1 0 2.269999999999996 1 0 
1 2.5 0 0 1 
1 0 2.269999999999996 1 0 
1 0 0 1 0 
1 0 0 1 0 
1 1 0 0 -1 
1 0 0 0 1 
1 0 -1.9004999999999939 1 0 
1 0 0 1 0 
1 0 0 0 -1 
1 0 0 0 1 
1 0 0 1 0 
1 0 1.1561829999999986 1 0 
1 1 0 0 -1 
1 1.1561829999999986 0 0 1 
1 0 -1.9004999999999939 1 0 
1 0 1.1561829999999986 1 0 
1 0 0 0 -1 
1 1.1561829999999986 0 0 1 
1 0 0 0 1 
1 0 0 1 0 
1 1 0 0 1 
1 0 0 1 0 
1 0 0 0 1 
1 0 1.9004999999999939 1 0 
1 1 0 0 1 
1 0 1.9004999999999939 1 0 
1 0 0 1 0 
1 0 0 1 0 
1 1 0 0 -1 
1 0 0 0 1 
1 0 -1.6740010000000041 1 0 
1 0 0 1 0 
1 0 0 0 -1 
1 0 0 0 1 
1 0 0 1 0 
1 0 3.0340010000000177 1 0 
1 1 0 0 -1 
1 3.0340010000000177 0 0 1 
1 0 -1.6740010000000041 1 0 
1 0 3.0340010000000177 1 0 
1 0 0 0 -1 
1 3.0340010000000177 0 0 1 
1 0 0 0 1 
1 0 0 1 0 
1 1 0 0 1 
1 0 0 1 0 
1 0 0 0 1 
1 0 1.6740010000000041 1 0 
1 1 0 0 1 
1 0 1.6740010000000041 1 0 
1 0 0 1 0 
1 0 0 1 0 
1 1 0 0 -1 
1 0 0 0 1 
1 0 -2.4895020000000017 1 0 
1 0 0 1 0 
1 0 0 0 -1 
1 0 0 0 1 
1 0 0 1 0 
1 0 1.1551829999999939 1 0 
1 1 0 0 -1 
1 1.1551829999999939 0 0 1 
1 0 -2.4895020000000017 1 0 
1 0 1.1551829999999939 1 0 
1 0 0 0 -1 
1 1.1551829999999939 0 0 1 
1 0 0 0 1 
1 0 0 1 0 
1 1 0 0 1 
1 0 0 1 0 
1 0 0 0 1 
1 0 2.4895020000000017 1 0 
1 1 0 0 1 
1 0 2.4895020000000017 1 0 
1 0 0 1 0 
1 0 0 1 0 
1 1.7999999999999998 0 0 -1 
1 0 0 0 1 
1 0 -17.249999999999993 1 0 
1 0 0 1 0 
1 0 0 0 -1 
1 0 0 0 1 
1 0 0 1 0 
1 0 16.370500000000007 1 0 
1 1.7999999999999998 0 0 -1 
1 16.370500000000007 0 0 1 
1 0 -17.249999999999993 1 0 
1 0 16.370500000000007 1 0 
1 0 0 0 -1 
1 16.370500000000007 0 0 1 
1 0 0 0 1 
1 0 0 1 0 
1 1.7999999999999998 0 0 1 
1 0 0 1 0 
1 0 0 0 1 
1 0 17.249999999999993 1 0 
1 1.7999999999999998 0 0 1 
1 0 17.249999999999993 1 0 
1 0 0 1 0 
1 0 0 1 0 
1 0.70000000000000018 0 0 -1 
1 0 0 0 1 
1 0 -2.0405000000000086 1 0 
1 0 0 1 0 
1 0 0 0 -1 
1 0 0 0 1 
1 0 0 1 0 
1 0 1.1551829999999939 1 0 
1 0.70000000000000018 0 0 -1 
1 1.1551829999999939 0 0 1 
1 0 -2.0405000000000086 1 0 
1 0 1.1551829999999939 1 0 
1 0 0 0 -1 
1 1.1551829999999939 0 0 1 
1 0 0 0 1 
1 0 0 1 0 
1 0.70000000000000018 0 0 1 
1 0 0 1 0 
1 0 0 0 1 
1 0 2.0405000000000086 1 0 
1 0.70000000000000018 0 0 1 
1 0 2.0405000000000086 1 0 
1 0 0 1 0 
1 0 0 1 0 
1 1 0 0 -1 
1 0 0 0 1 
1 0 -1.9005000000000081 1 0 
1 0 0 1 0 
1 0 0 0 -1 
1 0 0 0 1 
1 0 0 1 0 
1 0 1.1561829999999986 1 0 
1 1 0 0 -1 
1 1.1561829999999986 0 0 1 
1 0 -1.9005000000000081 1 0 
1 0 1.1561829999999986 1 0 
1 0 0 0 -1 
1 1.1561829999999986 0 0 1 
1 0 0 0 1 
1 0 0 1 0 
1 1 0 0 1 
1 0 0 1 0 
1 0 0 0 1 
1 0 1.9005000000000081 1 0 
1 1 0 0 1 
1 0 1.9005000000000081 1 0 
1 0 0 1 0 
1 0 0 1 0 
1 1.2999999999999998 0 0 -1 
1 0 0 0 1 
1 0 -6.0900000000000034 1 0 
1 0 0 1 0 
1 0 0 0 -1 
1 0 0 0 1 
1 0 0 1 0 
1 0 3.6009999999999991 1 0 
1 1.2999999999999998 0 0 -1 
1 3.6009999999999991 0 0 1 
1 0 -6.0900000000000034 1 0 
1 0 3.6009999999999991 1 0 
1 0 0 0 -1 
1 3.6009999999999991 0 0 1 
1 0 0 0 1 
1 0 0 1 0 
1 1.2999999999999998 0 0 1 
1 0 0 1 0 
1 0 0 0 1 
1 0 6.0900000000000034 1 0 
1 1.2999999999999998 0 0 1 
1 0 6.0900000000000034 1 0 
1 0 0 1 0 
1 0 0 1 0 
1 1 0 0 -1 
1 0 0 0 1 
1 0 -1.900500000000001 1 0 
1 0 0 1 0 
1 0 0 0 -1 
1 0 0 0 1 
1 0 0 1 0 
1 0 1.1561829999999986 1 0 
1 1 0 0 -1 
1 1.1561829999999986 0 0 1 
1 0 -1.900500000000001 1 0 
1 0 1.1561829999999986 1 0 
1 0 0 0 -1 
1 1.1561829999999986 0 0 1 
1 0 0 0 1 
1 0 0 1 0 
1 1 0 0 1 
1 0 0 1 0 
1 0 0 0 1 
1 0 1.900500000000001 1 0 
1 1 0 0 1 
1 0 1.900500000000001 1 0 
1 0 0 1 0 
1 0 0 1 0 
1 2.5 0 0 -1 
1 0 0 0 1 
1 0 -3.2060000000000031 1 0 
1 0 0 1 0 
1 0 0 0 -1 
1 0 0 0 1 
1 0 0 1 0 
1 0 2.2700000000000102 1 0 
1 2.5 0 0 -1 
1 2.2700000000000102 0 0 1 
1 0 -3.2060000000000031 1 0 
1 0 2.2700000000000102 1 0 
1 0 0 0 -1 
1 2.2700000000000102 0 0 1 
1 0 0 0 1 
1 0 0 1 0 
1 2.5 0 0 1 
1 0 0 1 0 
1 0 0 0 1 
1 0 3.2060000000000031 1 0 
1 2.5 0 0 1 
1 0 3.2060000000000031 1 0 
1 0 0 1 0 
1 0 0 1 0 
1 0.70000000000000018 0 0 -1 
1 0 0 0 1 
1 0 -2.0404999999999944 1 0 
1 0 0 1 0 
1 0 0 0 -1 
1 0 0 0 1 
1 0 0 1 0 
1 0 1.1551829999999939 1 0 
1 0.70000000000000018 0 0 -1 
1 1.1551829999999939 0 0 1 
1 0 -2.0404999999999944 1 0 
1 0 1.1551829999999939 1 0 
1 0 0 0 -1 
1 1.1551829999999939 0 0 1 
1 0 0 0 1 
1 0 0 1 0 
1 0.70000000000000018 0 0 1 
1 0 0 1 0 
1 0 0 0 1 
1 0 2.0404999999999944 1 0 
1 0.70000000000000018 0 0 1 
1 0 2.0404999999999944 1 0 
1 0 0 1 0 
1 0 0 1 0 
1 0.70000000000000018 0 0 -1 
1 0 0 0 1 
1 0 -1.1551830000000081 1 0 
1 0 0 1 0 
1 0 0 0 -1 
1 0 0 0 1 
1 0 0 1 0 
1 0 2.0405000000000086 1 0 
1 0.70000000000000018 0 0 -1 
1 2.0405000000000086 0 0 1 
1 0 -1.1551830000000081 1 0 
1 0 2.0405000000000086 1 0 
1 0 0 0 -1 
1 2.0405000000000086 0 0 1 
1 0 0 0 1 
1 0 0 1 0 
1 0.70000000000000018 0 0 1 
1 0 0 1 0 
1 0 0 0 1 
1 0 1.1551830000000081 1 0 
1 0.70000000000000018 0 0 1 
1 0 1.1551830000000081 1 0 
1 0 0 1 0 
1 0 0 1 0 
1 1 0 0 -1 
1 0 0 0 1 
1 0 -1.1551830000000081 1 0 
1 0 0 1 0 
1 0 0 0 -1 
1 0 0 0 1 
1 0 0 1 0 
1 0 2.4895020000000017 1 0 
1 1 0 0 -1 
1 2.4895020000000017 0 0 1 
1 0 -1.1551830000000081 1 0 
1 0 2.4895020000000017 1 0 
1 0 0 0 -1 
1 2.4895020000000017 0 0 1 
1 0 0 0 1 
1 0 0 1 0 
1 1 0 0 1 
1 0 0 1 0 
1 0 0 0 1 
1 0 1.1551830000000081 1 0 
1 1 0 0 1 
1 0 1.1551830000000081 1 0 
1 0 0 1 0 
1 0 0 1 0 
1 0.70000000000000018 0 0 -1 
1 0 0 0 1 
1 0 -2.0404999999999944 1 0 
1 0 0 1 0 
1 0 0 0 -1 
1 0 0 0 1 
1 0 0 1 0 
1 0 1.1551829999999939 1 0 
1 0.70000000000000018 0 0 -1 
1 1.1551829999999939 0 0 1 
1 0 -2.0404999999999944 1 0 
1 0 1.1551829999999939 1 0 
1 0 0 0 -1 
1 1.1551829999999939 0 0 1 
1 0 0 0 1 
1 0 0 1 0 
1 0.70000000000000018 0 0 1 
1 0 0 1 0 
1 0 0 0 1 
1 0 2.0404999999999944 1 0 
1 0.70000000000000018 0 0 1 
1 0 2.0404999999999944 1 0 
1 0 0 1 0 
1 0 0 1 0 
1 1 0 0 -1 
1 0 0 0 1 
1 0 -2.4895020000000017 1 0 
1 0 0 1 0 
1 0 0 0 -1 
1 0 0 0 1 
1 0 0 1 0 
1 0 1.1551830000000081 1 0 
1 1 0 0 -1 
1 1.1551830000000081 0 0 1 
1 0 -2.4895020000000017 1 0 
1 0 1.1551830000000081 1 0 
1 0 0 0 -1 
1 1.1551830000000081 0 0 1 
1 0 0 0 1 
1 0 0 1 0 
1 1 0 0 1 
1 0 0 1 0 
1 0 0 0 1 
1 0 2.4895020000000017 1 0 
1 1 0 0 1 
1 0 2.4895020000000017 1 0 
1 0 0 1 0 
1 0 0 1 0 
1 0.70000000000000018 0 0 -1 
1 0 0 0 1 
1 0 -2.0405000000000086 1 0 
1 0 0 1 0 
1 0 0 0 -1 
1 0 0 0 1 
1 0 0 1 0 
1 0 1.1551829999999939 1 0 
1 0.70000000000000018 0 0 -1 
1 1.1551829999999939 0 0 1 
1 0 -2.0405000000000086 1 0 
1 0 1.1551829999999939 1 0 
1 0 0 0 -1 
1 1.1551829999999939 0 0 1 
1 0 0 0 1 
1 0 0 1 0 
1 0.70000000000000018 0 0 1 
1 0 0 1 0 
1 0 0 0 1 
1 0 2.0405000000000086 1 0 
1 0.70000000000000018 0 0 1 
1 0 2.0405000000000086 1 0 
1 0 0 1 0 
1 0 0 1 0 
1 1 0 0 -1 
1 0 0 0 1 
1 0 -1.6740010000000041 1 0 
1 0 0 1 0 
1 0 0 0 -1 
1 0 0 0 1 
1 0 0 1 0 
1 0 3.0340009999999893 1 0 
1 1 0 0 -1 
1 3.0340009999999893 0 0 1 
1 0 -1.6740010000000041 1 0 
1 0 3.0340009999999893 1 0 
1 0 0 0 -1 
1 3.0340009999999893 0 0 1 
1 0 0 0 1 
1 0 0 1 0 
1 1 0 0 1 
1 0 0 1 0 
1 0 0 0 1 
1 0 1.6740010000000041 1 0 
1 1 0 0 1 
1 0 1.6740010000000041 1 0 
1 0 0 1 0 
1 0 0 1 0 
1 1 0 0 -1 
1 0 0 0 1 
1 0 -1.1561829999999986 1 0 
1 0 0 1 0 
1 0 0 0 -1 
1 0 0 0 1 
1 0 0 1 0 
1 0 1.9004999999999939 1 0 
1 1 0 0 -1 
1 1.9004999999999939 0 0 1 
1 0 -1.1561829999999986 1 0 
1 0 1.9004999999999939 1 0 
1 0 0 0 -1 
1 1.9004999999999939 0 0 1 
1 0 0 0 1 
1 0 0 1 0 
1 1 0 0 1 
1 0 0 1 0 
1 0 0 0 1 
1 0 1.1561829999999986 1 0 
1 1 0 0 1 
1 0 1.1561829999999986 1 0 
1 0 0 1 0 
1 0 0 1 0 
1 1.2999999999999998 0 0 -1 
1 0 0 0 1 
1 0 -4.25 1 0 
1 0 0 1 0 
1 0 0 0 -1 
1 0 0 0 1 
1 0 0 1 0 
1 0 3.5309330000000045 1 0 
1 1.2999999999999998 0 0 -1 
1 3.5309330000000045 0 0 1 
1 0 -4.25 1 0 
1 0 3.5309330000000045 1 0 
1 0 0 0 -1 
1 3.5309330000000045 0 0 1 
1 0 0 0 1 
1 0 0 1 0 
1 1.2999999999999998 0 0 1 
1 0 0 1 0 
1 0 0 0 1 
1 0 4.25 1 0 
1 1.2999999999999998 0 0 1 
1 0 4.25 1 0 
1 0 0 1 0 
1 0 0 1 0 
1 1 0 0 -1 
1 0 0 0 1 
1 0 -1.6740010000000041 1 0 
1 0 0 1 0 
1 0 0 0 -1 
1 0 0 0 1 
1 0 0 1 0 
1 0 3.0340009999999893 1 0 
1 1 0 0 -1 
1 3.0340009999999893 0 0 1 
1 0 -1.6740010000000041 1 0 
1 0 3.0340009999999893 1 0 
1 0 0 0 -1 
1 3.0340009999999893 0 0 1 
1 0 0 0 1 
1 0 0 1 0 
1 1 0 0 1 
1 0 0 1 0 
1 0 0 0 1 
1 0 1.6740010000000041 1 0 
1 1 0 0 1 
1 0 1.6740010000000041 1 0 
1 0 0 1 0 
1 0 0 1 0 
1 0.70000000000000018 0 0 -1 
1 0 0 0 1 
1 0 -1.1551829999999939 1 0 
1 0 0 1 0 
1 0 0 0 -1 
1 0 0 0 1 
1 0 0 1 0 
1 0 2.0405000000000086 1 0 
1 0.70000000000000018 0 0 -1 
1 2.0405000000000086 0 0 1 
1 0 -1.1551829999999939 1 0 
1 0 2.0405000000000086 1 0 
1 0 0 0 -1 
1 2.0405000000000086 0 0 1 
1 0 0 0 1 
1 0 0 1 0 
1 0.70000000000000018 0 0 1 
1 0 0 1 0 
1 0 0 0 1 
1 0 1.1551829999999939 1 0 
1 0.70000000000000018 0 0 1 
1 0 1.1551829999999939 1 0 
1 0 0 1 0 
1 0 0 1 0 
1 0.70000000000000018 0 0 -1 
1 0 0 0 1 
1 0 -2.0405000000000086 1 0 
1 0 0 1 0 
1 0 0 0 -1 
1 0 0 0 1 
1 0 0 1 0 
1 0 1.1551830000000081 1 0 
1 0.70000000000000018 0 0 -1 
1 1.1551830000000081 0 0 1 
1 0 -2.0405000000000086 1 0 
1 0 1.1551830000000081 1 0 
1 0 0 0 -1 
1 1.1551830000000081 0 0 1 
1 0 0 0 1 
1 0 0 1 0 
1 0.70000000000000018 0 0 1 
1 0 0 1 0 
1 0 0 0 1 
1 0 2.0405000000000086 1 0 
1 0.70000000000000018 0 0 1 
1 0 2.0405000000000086 1 0 
1 0 0 1 0 
1 0 0 1 0 
1 0.70000000000000018 0 0 -1 
1 0 0 0 1 
1 0 -2.0404999999999944 1 0 
1 0 0 1 0 
1 0 0 0 -1 
1 0 0 0 1 
1 0 0 1 0 
1 0 1.1551829999999939 1 0 
1 0.70000000000000018 0 0 -1 
1 1.1551829999999939 0 0 1 
1 0 -2.0404999999999944 1 0 
1 0 1.1551829999999939 1 0 
1 0 0 0 -1 
1 1.1551829999999939 0 0 1 
1 0 0 0 1 
1 0 0 1 0 
1 0.70000000000000018 0 0 1 
1 0 0 1 0 
1 0 0 0 1 
1 0 2.0404999999999944 1 0 
1 0.70000000000000018 0 0 1 
1 0 2.0404999999999944 1 0 
1 0 0 1 0 
1 0 0 1 0 
1 0.70000000000000018 0 0 -1 
1 0 0 0 1 
1 0 -2.0404999999999944 1 0 
1 0 0 1 0 
1 0 0 0 -1 
1 0 0 0 1 
1 0 0 1 0 
1 0 1.1551829999999939 1 0 
1 0.70000000000000018 0 0 -1 
1 1.1551829999999939 0 0 1 
1 0 -2.0404999999999944 1 0 
1 0 1.1551829999999939 1 0 
1 0 0 0 -1 
1 1.1551829999999939 0 0 1 
1 0 0 0 1 
1 0 0 1 0 
1 0.70000000000000018 0 0 1 
1 0 0 1 0 
1 0 0 0 1 
1 0 2.0404999999999944 1 0 
1 0.70000000000000018 0 0 1 
1 0 2.0404999999999944 1 0 
1 0 0 1 0 
1 0 0 1 0 
1 1.3000000000000007 0 0 -1 
1 0 0 0 1 
1 0 -3.5309330000000045 1 0 
1 0 0 1 0 
1 0 0 0 -1 
1 0 0 0 1 
1 0 0 1 0 
1 0 4.25 1 0 
1 1.3000000000000007 0 0 -1 
1 4.25 0 0 1 
1 0 -3.5309330000000045 1 0 
1 0 4.25 1 0 
1 0 0 0 -1 
1 4.25 0 0 1 
1 0 0 0 1 
1 0 0 1 0 
1 1.3000000000000007 0 0 1 
1 0 0 1 0 
1 0 0 0 1 
1 0 3.5309330000000045 1 0 
1 1.3000000000000007 0 0 1 
1 0 3.5309330000000045 1 0 
1 0 0 1 0 
1 0 0 1 0 
1 0.69999999999999929 0 0 -1 
1 0 0 0 1 
1 0 -4.7744999999999891 1 0 
1 0 0 1 0 
1 0 0 0 -1 
1 0 0 0 1 
1 0 0 1 0 
1 0 2.3105000000000189 1 0 
1 0.69999999999999929 0 0 -1 
1 2.3105000000000189 0 0 1 
1 0 -4.7744999999999891 1 0 
1 0 2.3105000000000189 1 0 
1 0 0 0 -1 
1 2.3105000000000189 0 0 1 
1 0 0 0 1 
1 0 0 1 0 
1 0.69999999999999929 0 0 1 
1 0 0 1 0 
1 0 0 0 1 
1 0 4.7744999999999891 1 0 
1 0.69999999999999929 0 0 1 
1 0 4.7744999999999891 1 0 
1 0 0 1 0 
1 0 0 1 0 
1 0.69999999999999929 0 0 -1 
1 0 0 0 1 
1 0 -1.1551830000000081 1 0 
1 0 0 1 0 
1 0 0 0 -1 
1 0 0 0 1 
1 0 0 1 0 
1 0 2.0405000000000086 1 0 
1 0.69999999999999929 0 0 -1 
1 2.0405000000000086 0 0 1 
1 0 -1.1551830000000081 1 0 
1 0 2.0405000000000086 1 0 
1 0 0 0 -1 
1 2.0405000000000086 0 0 1 
1 0 0 0 1 
1 0 0 1 0 
1 0.69999999999999929 0 0 1 
1 0 0 1 0 
1 0 0 0 1 
1 0 1.1551830000000081 1 0 
1 0.69999999999999929 0 0 1 
1 0 1.1551830000000081 1 0 
1 0 0 1 0 
1 0 0 1 0 
1 1 0 0 -1 
1 0 0 0 1 
1 0 -1.6740000000000066 1 0 
1 0 0 1 0 
1 0 0 0 -1 
1 0 0 0 1 
1 0 0 1 0 
1 0 3.0339999999999918 1 0 
1 1 0 0 -1 
1 3.0339999999999918 0 0 1 
1 0 -1.6740000000000066 1 0 
1 0 3.0339999999999918 1 0 
1 0 0 0 -1 
1 3.0339999999999918 0 0 1 
1 0 0 0 1 
1 0 0 1 0 
1 1 0 0 1 
1 0 0 1 0 
1 0 0 0 1 
1 0 1.6740000000000066 1 0 
1 1 0 0 1 
1 0 1.6740000000000066 1 0 
1 0 0 1 0 
1 0 0 1 0 
1 0.69999999999999929 0 0 -1 
1 0 0 0 1 
1 0 -1.1551830000000081 1 0 
1 0 0 1 0 
1 0 0 0 -1 
1 0 0 0 1 
1 0 0 1 0 
1 0 2.0405000000000086 1 0 
1 0.69999999999999929 0 0 -1 
1 2.0405000000000086 0 0 1 
1 0 -1.1551830000000081 1 0 
1 0 2.0405000000000086 1 0 
1 0 0 0 -1 
1 2.0405000000000086 0 0 1 
1 0 0 0 1 
1 0 0 1 0 
1 0.69999999999999929 0 0 1 
1 0 0 1 0 
1 0 0 0 1 
1 0 1.1551830000000081 1 0 
1 0.69999999999999929 0 0 1 
1 0 1.1551830000000081 1 0 
1 0 0 1 0 
1 0 0 1 0 
1 0.69999999999999929 0 0 -1 
1 0 0 0 1 
1 0 -1.1551829999999939 1 0 
1 0 0 1 0 
1 0 0 0 -1 
1 0 0 0 1 
1 0 0 1 0 
1 0 2.0405000000000086 1 0 
1 0.69999999999999929 0 0 -1 
1 2.0405000000000086 0 0 1 
1 0 -1.1551829999999939 1 0 
1 0 2.0405000000000086 1 0 
1 0 0 0 -1 
1 2.0405000000000086 0 0 1 
1 0 0 0 1 
1 0 0 1 0 
1 0.69999999999999929 0 0 1 
1 0 0 1 0 
1 0 0 0 1 
1 0 1.1551829999999939 1 0 
1 0.69999999999999929 0 0 1 
1 0 1.1551829999999939 1 0 
1 0 0 1 0 
1 0 0 1 0 
1 2.5 0 0 -1 
1 0 0 0 1 
1 0 -2.269999999999996 1 0 
1 0 0 1 0 
1 0 0 0 -1 
1 0 0 0 1 
1 0 0 1 0 
1 0 3.2060000000000173 1 0 
1 2.5 0 0 -1 
1 3.2060000000000173 0 0 1 
1 0 -2.269999999999996 1 0 
1 0 3.2060000000000173 1 0 
1 0 0 0 -1 
1 3.2060000000000173 0 0 1 
1 0 0 0 1 
1 0 0 1 0 
1 2.5 0 0 1 
1 0 0 1 0 
1 0 0 0 1 
1 0 2.269999999999996 1 0 
1 2.5 0 0 1 
1 0 2.269999999999996 1 0 
1 0 0 1 0 
1 0 0 1 0 
1 1 0 0 -1 
1 0 0 0 1 
1 0 -1.6739999999999924 1 0 
1 0 0 1 0 
1 0 0 0 -1 
1 0 0 0 1 
1 0 0 1 0 
1 0 3.0339999999999918 1 0 
1 1 0 0 -1 
1 3.0339999999999918 0 0 1 
1 0 -1.6739999999999924 1 0 
1 0 3.0339999999999918 1 0 
1 0 0 0 -1 
1 3.0339999999999918 0 0 1 
1 0 0 0 1 
1 0 0 1 0 
1 1 0 0 1 
1 0 0 1 0 
1 0 0 0 1 
1 0 1.6739999999999924 1 0 
1 1 0 0 1 
1 0 1.6739999999999924 1 0 
1 0 0 1 0 
1 0 0 1 0 
1 0.69999999999999929 0 0 -1 
1 0 0 0 1 
1 0 -1.1551830000000081 1 0 
1 0 0 1 0 
1 0 0 0 -1 
1 0 0 0 1 
1 0 0 1 0 
1 0 2.0404999999999802 1 0 
1 0.69999999999999929 0 0 -1 
1 2.0404999999999802 0 0 1 
1 0 -1.1551830000000081 1 0 
1 0 2.0404999999999802 1 0 
1 0 0 0 -1 
1 2.0404999999999802 0 0 1 
1 0 0 0 1 
1 0 0 1 0 
1 0.69999999999999929 0 0 1 
1 0 0 1 0 
1 0 0 0 1 
1 0 1.1551830000000081 1 0 
1 0.69999999999999929 0 0 1 
1 0 1.1551830000000081 1 0 
1 0 0 1 0 
1 0 0 1 0 
1 0.69999999999999929 0 0 -1 
1 0 0 0 1 
1 0 -2.0404999999999944 1 0 
1 0 0 1 0 
1 0 0 0 -1 
1 0 0 0 1 
1 0 0 1 0 
1 0 1.1551829999999939 1 0 
1 0.69999999999999929 0 0 -1 
1 1.1551829999999939 0 0 1 
1 0 -2.0404999999999944 1 0 
1 0 1.1551829999999939 1 0 
1 0 0 0 -1 
1 1.1551829999999939 0 0 1 
1 0 0 0 1 
1 0 0 1 0 
1 0.69999999999999929 0 0 1 
1 0 0 1 0 
1 0 0 0 1 
1 0 2.0404999999999944 1 0 
1 0.69999999999999929 0 0 1 
1 0 2.0404999999999944 1 0 
1 0 0 1 0 
1 0 0 1 0 
1 0.69999999999999929 0 0 -1 
1 0 0 0 1 
1 0 -1.155183000000001 1 0 
1 0 0 1 0 
1 0 0 0 -1 
1 0 0 0 1 
1 0 0 1 0 
1 0 2.0404999999999802 1 0 
1 0.69999999999999929 0 0 -1 
1 2.0404999999999802 0 0 1 
1 0 -1.155183000000001 1 0 
1 0 2.0404999999999802 1 0 
1 0 0 0 -1 
1 2.0404999999999802 0 0 1 
1 0 0 0 1 
1 0 0 1 0 
1 0.69999999999999929 0 0 1 
1 0 0 1 0 
1 0 0 0 1 
1 0 1.155183000000001 1 0 
1 0.69999999999999929 0 0 1 
1 0 1.155183000000001 1 0 
1 0 0 1 0 
1 0 0 1 0 
1 1 0 0 -1 
1 0 0 0 1 
1 0 -3.0339999999999918 1 0 
1 0 0 1 0 
1 0 0 0 -1 
1 0 0 0 1 
1 0 0 1 0 
1 0 1.6740000000000066 1 0 
1 1 0 0 -1 
1 1.6740000000000066 0 0 1 
1 0 -3.0339999999999918 1 0 
1 0 1.6740000000000066 1 0 
1 0 0 0 -1 
1 1.6740000000000066 0 0 1 
1 0 0 0 1 
1 0 0 1 0 
1 1 0 0 1 
1 0 0 1 0 
1 0 0 0 1 
1 0 3.0339999999999918 1 0 
1 1 0 0 1 
1 0 3.0339999999999918 1 0 
1 0 0 1 0 
1 0 0 1 0 
1 1.5 0 0 -1 
1 0 0 0 1 
1 0 -8.5735790000000023 1 0 
1 0 0 1 0 
1 0 0 0 -1 
1 0 0 0 1 
1 0 0 1 0 
1 0 4.4105789999999843 1 0 
1 1.5 0 0 -1 
1 4.4105789999999843 0 0 1 
1 0 -8.5735790000000023 1 0 
1 0 4.4105789999999843 1 0 
1 0 0 0 -1 
1 4.4105789999999843 0 0 1 
1 0 0 0 1 
1 0 0 1 0 
1 1.5 0 0 1 
1 0 0 1 0 
1 0 0 0 1 
1 0 8.5735790000000023 1 0 
1 1.5 0 0 1 
1 0 8.5735790000000023 1 0 
1 0 0 1 0 
1 0 0 1 0 
1 1 0 0 -1 
1 0 0 0 1 
1 0 -1.1561829999999986 1 0 
1 0 0 1 0 
1 0 0 0 -1 
1 0 0 0 1 
1 0 0 1 0 
1 0 1.9004999999999939 1 0 
1 1 0 0 -1 
1 1.9004999999999939 0 0 1 
1 0 -1.1561829999999986 1 0 
1 0 1.9004999999999939 1 0 
1 0 0 0 -1 
1 1.9004999999999939 0 0 1 
1 0 0 0 1 
1 0 0 1 0 
1 1 0 0 1 
1 0 0 1 0 
1 0 0 0 1 
1 0 1.1561829999999986 1 0 
1 1 0 0 1 
1 0 1.1561829999999986 1 0 
1 0 0 1 0 
1 0 0 1 0 
1 1 0 0 -1 
1 0 0 0 1 
1 0 -3.0339999999999918 1 0 
1 0 0 1 0 
1 0 0 0 -1 
1 0 0 0 1 
1 0 0 1 0 
1 0 1.6740000000000066 1 0 
1 1 0 0 -1 
1 1.6740000000000066 0 0 1 
1 0 -3.0339999999999918 1 0 
1 0 1.6740000000000066 1 0 
1 0 0 0 -1 
1 1.6740000000000066 0 0 1 
1 0 0 0 1 
1 0 0 1 0 
1 1 0 0 1 
1 0 0 1 0 
1 0 0 0 1 
1 0 3.0339999999999918 1 0 
1 1 0 0 1 
1 0 3.0339999999999918 1 0 
1 0 0 1 0 
1 0 0 1 0 
1 0.69999999999999929 0 0 -1 
1 0 0 0 1 
1 0 -1.1551830000000081 1 0 
1 0 0 1 0 
1 0 0 0 -1 
1 0 0 0 1 
1 0 0 1 0 
1 0 2.0405000000000086 1 0 
1 0.69999999999999929 0 0 -1 
1 2.0405000000000086 0 0 1 
1 0 -1.1551830000000081 1 0 
1 0 2.0405000000000086 1 0 
1 0 0 0 -1 
1 2.0405000000000086 0 0 1 
1 0 0 0 1 
1 0 0 1 0 
1 0.69999999999999929 0 0 1 
1 0 0 1 0 
1 0 0 0 1 
1 0 1.1551830000000081 1 0 
1 0.69999999999999929 0 0 1 
1 0 1.1551830000000081 1 0 
1 0 0 1 0 
1 0 0 1 0 
1 1 0 0 -1 
1 0 0 0 1 
1 0 -1.1561830000000057 1 0 
1 0 0 1 0 
1 0 0 0 -1 
1 0 0 0 1 
1 0 0 1 0 
1 0 1.9004999999999939 1 0 
1 1 0 0 -1 
1 1.9004999999999939 0 0 1 
1 0 -1.1561830000000057 1 0 
1 0 1.9004999999999939 1 0 
1 0 0 0 -1 
1 1.9004999999999939 0 0 1 
1 0 0 0 1 
1 0 0 1 0 
1 1 0 0 1 
1 0 0 1 0 
1 0 0 0 1 
1 0 1.1561830000000057 1 0 
1 1 0 0 1 
1 0 1.1561830000000057 1 0 
1 0 0 1 0 
1 0 0 1 0 
1 0.69999999999999929 0 0 -1 
1 0 0 0 1 
1 0 -1.1551829999999939 1 0 
1 0 0 1 0 
1 0 0 0 -1 
1 0 0 0 1 
1 0 0 1 0 
1 0 2.0404999999999802 1 0 
1 0.69999999999999929 0 0 -1 
1 2.0404999999999802 0 0 1 
1 0 -1.1551829999999939 1 0 
1 0 2.0404999999999802 1 0 
1 0 0 0 -1 
1 2.0404999999999802 0 0 1 
1 0 0 0 1 
1 0 0 1 0 
1 0.69999999999999929 0 0 1 
1 0 0 1 0 
1 0 0 0 1 
1 0 1.1551829999999939 1 0 
1 0.69999999999999929 0 0 1 
1 0 1.1551829999999939 1 0 
Curves 1464
1 37.349999999999994 60.231999999999999 5.7999999999999998 0 0 1 
1 37.349999999999994 60.231999999999999 7.0999999999999996 -0 1 0 
1 37.349999999999994 65.736999999999995 5.7999999999999998 0 0 1 
1 37.349999999999994 60.231999999999999 5.7999999999999998 -0 1 0 
1 42.800000000000011 60.231999999999999 5.7999999999999998 0 0 1 
1 42.800000000000011 60.231999999999999 7.0999999999999996 -0 1 0 
1 42.800000000000011 65.736999999999995 5.7999999999999998 0 0 1 
1 42.800000000000011 60.231999999999999 5.7999999999999998 -0 1 0 
1 37.349999999999994 60.231999999999999 5.7999999999999998 1 0 -0 
1 37.349999999999994 60.231999999999999 7.0999999999999996 1 0 -0 
1 37.349999999999994 65.736999999999995 5.7999999999999998 1 0 -0 
1 37.349999999999994 65.736999999999995 7.0999999999999996 1 0 -0 
1 42.649499999999989 66.876999999999995 5.7999999999999998 0 0 1 
1 42.649499999999989 66.876999999999995 7.0999999999999996 -0 1 0 
1 42.649499999999989 73.427000000000007 5.7999999999999998 0 0 1 
1 42.649499999999989 66.876999999999995 5.7999999999999998 -0 1 0 
1 46.280432999999988 66.876999999999995 5.7999999999999998 0 0 1 
1 46.280432999999988 66.876999999999995 7.0999999999999996 -0 1 0 
1 46.280432999999988 73.427000000000007 5.7999999999999998 0 0 1 
1 46.280432999999988 66.876999999999995 5.7999999999999998 -0 1 0 
1 42.649499999999989 66.876999999999995 5.7999999999999998 1 0 -0 
1 42.649499999999989 66.876999999999995 7.0999999999999996 1 0 -0 
1 42.649499999999989 73.427000000000007 5.7999999999999998 1 0 -0 
1 42.649499999999989 73.427000000000007 7.0999999999999996 1 0 -0 
1 42.678750000000008 48.533249999999995 6.3999999999999995 0 0 1 
1 42.678750000000008 48.533249999999995 7.0999999999999996 -0 1 0 
1 42.678750000000008 50.573750000000004 6.3999999999999995 0 0 1 
1 42.678750000000008 48.533249999999995 6.3999999999999995 -0 1 0 
1 43.833933000000002 48.533249999999995 6.3999999999999995 0 0 1 
1 43.833933000000002 48.533249999999995 7.0999999999999996 -0 1 0 
1 43.833933000000002 50.573750000000004 6.3999999999999995 0 0 1 
1 43.833933000000002 48.533249999999995 6.3999999999999995 -0 1 0 
1 42.678750000000008 48.533249999999995 6.3999999999999995 1 0 -0 
1 42.678750000000008 48.533249999999995 7.0999999999999996 1 0 -0 
1 42.678750000000008 50.573750000000004 6.3999999999999995 1 0 -0 
1 42.678750000000008 50.573750000000004 7.0999999999999996 1 0 -0 
1 45.18549999999999 49.912499999999994 1.5999999999999996 0 0 1 
1 45.18549999999999 49.912499999999994 7.0999999999999996 -0 1 0 
1 45.18549999999999 58.163432999999998 1.5999999999999996 0 0 1 
1 45.18549999999999 49.912499999999994 1.5999999999999996 -0 1 0 
1 48.316432999999989 49.912499999999994 1.5999999999999996 0 0 1 
1 48.316432999999989 49.912499999999994 7.0999999999999996 -0 1 0 
1 48.316432999999989 58.163432999999998 1.5999999999999996 0 0 1 
1 48.316432999999989 49.912499999999994 1.5999999999999996 -0 1 0 
1 45.18549999999999 49.912499999999994 1.5999999999999996 1 0 -0 
1 45.18549999999999 49.912499999999994 7.0999999999999996 1 0 -0 
1 45.18549999999999 58.163432999999998 1.5999999999999996 1 0 -0 
1 45.18549999999999 58.163432999999998 7.0999999999999996 1 0 -0 
1 44.213750000000005 62.260566999999995 6.3999999999999995 0 0 1 
1 44.213750000000005 62.260566999999995 7.0999999999999996 -0 1 0 
1 44.213750000000005 63.415750000000003 6.3999999999999995 0 0 1 
1 44.213750000000005 62.260566999999995 6.3999999999999995 -0 1 0 
1 46.254250000000013 62.260566999999995 6.3999999999999995 0 0 1 
1 46.254250000000013 62.260566999999995 7.0999999999999996 -0 1 0 
1 46.254250000000013 63.415750000000003 6.3999999999999995 0 0 1 
1 46.254250000000013 62.260566999999995 6.3999999999999995 -0 1 0 
1 44.213750000000005 62.260566999999995 6.3999999999999995 1 0 -0 
1 44.213750000000005 62.260566999999995 7.0999999999999996 1 0 -0 
1 44.213750000000005 63.415750000000003 6.3999999999999995 1 0 -0 
1 44.213750000000005 63.415750000000003 7.0999999999999996 1 0 -0 
1 16.824250000000006 54.073750000000004 6.0999999999999996 0 0 1 
1 16.824250000000006 54.073750000000004 7.0999999999999996 -0 1 0 
1 16.824250000000006 56.563252000000006 6.0999999999999996 0 0 1 
1 16.824250000000006 54.073750000000004 6.0999999999999996 -0 1 0 
1 17.979433 54.073750000000004 6.0999999999999996 0 0 1 
1 17.979433 54.073750000000004 7.0999999999999996 -0 1 0 
1 17.979433 56.563252000000006 6.0999999999999996 0 0 1 
1 17.979433 54.073750000000004 6.0999999999999996 -0 1 0 
1 16.824250000000006 54.073750000000004 6.0999999999999996 1 0 -0 
1 16.824250000000006 54.073750000000004 7.0999999999999996 1 0 -0 
1 16.824250000000006 56.563252000000006 6.0999999999999996 1 0 -0 
1 16.824250000000006 56.563252000000006 7.0999999999999996 1 0 -0 
1 6.7855670000000003 59.255247999999995 6.0999999999999996 0 0 1 
1 6.7855670000000003 59.255247999999995 7.0999999999999996 -0 1 0 
1 6.7855670000000003 61.744749999999996 6.0999999999999996 0 0 1 
1 6.7855670000000003 59.255247999999995 6.0999999999999996 -0 1 0 
1 7.9407499999999942 59.255247999999995 6.0999999999999996 0 0 1 
1 7.9407499999999942 59.255247999999995 7.0999999999999996 -0 1 0 
1 7.9407499999999942 61.744749999999996 6.0999999999999996 0 0 1 
1 7.9407499999999942 59.255247999999995 6.0999999999999996 -0 1 0 
1 6.7855670000000003 59.255247999999995 6.0999999999999996 1 0 -0 
1 6.7855670000000003 59.255247999999995 7.0999999999999996 1 0 -0 
1 6.7855670000000003 61.744749999999996 6.0999999999999996 1 0 -0 
1 6.7855670000000003 61.744749999999996 7.0999999999999996 1 0 -0 
1 4.8217499999999944 42.393567000000004 6.3999999999999995 0 0 1 
1 4.8217499999999944 42.393567000000004 7.0999999999999996 -0 1 0 
1 4.8217499999999944 43.548749999999998 6.3999999999999995 0 0 1 
1 4.8217499999999944 42.393567000000004 6.3999999999999995 -0 1 0 
1 6.8622500000000031 42.393567000000004 6.3999999999999995 0 0 1 
1 6.8622500000000031 42.393567000000004 7.0999999999999996 -0 1 0 
1 6.8622500000000031 43.548749999999998 6.3999999999999995 0 0 1 
1 6.8622500000000031 42.393567000000004 6.3999999999999995 -0 1 0 
1 4.8217499999999944 42.393567000000004 6.3999999999999995 1 0 -0 
1 4.8217499999999944 42.393567000000004 7.0999999999999996 1 0 -0 
1 4.8217499999999944 43.548749999999998 6.3999999999999995 1 0 -0 
1 4.8217499999999944 43.548749999999998 7.0999999999999996 1 0 -0 
1 22.869500000000002 47.680999999999997 5.7999999999999998 0 0 1 
1 22.869500000000002 47.680999999999997 7.0999999999999996 -0 1 0 
1 22.869500000000002 51.881 5.7999999999999998 0 0 1 
1 22.869500000000002 47.680999999999997 5.7999999999999998 -0 1 0 
1 27.271500000000003 47.680999999999997 5.7999999999999998 0 0 1 
1 27.271500000000003 47.680999999999997 7.0999999999999996 -0 1 0 
1 27.271500000000003 51.881 5.7999999999999998 0 0 1 
1 27.271500000000003 47.680999999999997 5.7999999999999998 -0 1 0 
1 22.869500000000002 47.680999999999997 5.7999999999999998 1 0 -0 
1 22.869500000000002 47.680999999999997 7.0999999999999996 1 0 -0 
1 22.869500000000002 51.881 5.7999999999999998 1 0 -0 
1 22.869500000000002 51.881 7.0999999999999996 1 0 -0 
1 23.174250000000001 11.933750000000003 6.3999999999999995 0 0 1 
1 23.174250000000001 11.933750000000003 7.0999999999999996 -0 1 0 
1 23.174250000000001 13.974249999999998 6.3999999999999995 0 0 1 
1 23.174250000000001 11.933750000000003 6.3999999999999995 -0 1 0 
1 24.329432999999995 11.933750000000003 6.3999999999999995 0 0 1 
1 24.329432999999995 11.933750000000003 7.0999999999999996 -0 1 0 
1 24.329432999999995 13.974249999999998 6.3999999999999995 0 0 1 
1 24.329432999999995 11.933750000000003 6.3999999999999995 -0 1 0 
1 23.174250000000001 11.933750000000003 6.3999999999999995 1 0 -0 
1 23.174250000000001 11.933750000000003 7.0999999999999996 1 0 -0 
1 23.174250000000001 13.974249999999998 6.3999999999999995 1 0 -0 
1 23.174250000000001 13.974249999999998 7.0999999999999996 1 0 -0 
1 6.5289999999999964 55.766999999999996 6.0999999999999996 0 0 1 
1 6.5289999999999964 55.766999999999996 7.0999999999999996 -0 1 0 
1 6.5289999999999964 58.816500000000005 6.0999999999999996 0 0 1 
1 6.5289999999999964 55.766999999999996 6.0999999999999996 -0 1 0 
1 8.2085000000000008 55.766999999999996 6.0999999999999996 0 0 1 
1 8.2085000000000008 55.766999999999996 7.0999999999999996 -0 1 0 
1 8.2085000000000008 58.816500000000005 6.0999999999999996 0 0 1 
1 8.2085000000000008 55.766999999999996 6.0999999999999996 -0 1 0 
1 6.5289999999999964 55.766999999999996 6.0999999999999996 1 0 -0 
1 6.5289999999999964 55.766999999999996 7.0999999999999996 1 0 -0 
1 6.5289999999999964 58.816500000000005 6.0999999999999996 1 0 -0 
1 6.5289999999999964 58.816500000000005 7.0999999999999996 1 0 -0 
1 40.802750000000003 66.619749999999996 4.5999999999999996 0 0 1 
1 40.802750000000003 66.619749999999996 7.0999999999999996 -0 1 0 
1 40.802750000000003 69.620249999999999 4.5999999999999996 0 0 1 
1 40.802750000000003 66.619749999999996 4.5999999999999996 -0 1 0 
1 42.259433000000001 66.619749999999996 4.5999999999999996 0 0 1 
1 42.259433000000001 66.619749999999996 7.0999999999999996 -0 1 0 
1 42.259433000000001 69.620249999999999 4.5999999999999996 0 0 1 
1 42.259433000000001 66.619749999999996 4.5999999999999996 -0 1 0 
1 40.802750000000003 66.619749999999996 4.5999999999999996 1 0 -0 
1 40.802750000000003 66.619749999999996 7.0999999999999996 1 0 -0 
1 40.802750000000003 69.620249999999999 4.5999999999999996 1 0 -0 
1 40.802750000000003 69.620249999999999 7.0999999999999996 1 0 -0 
1 5.5757499999999993 53.151567 6.0999999999999996 0 0 1 
1 5.5757499999999993 53.151567 7.0999999999999996 -0 1 0 
1 5.5757499999999993 54.306749999999994 6.0999999999999996 0 0 1 
1 5.5757499999999993 53.151567 6.0999999999999996 -0 1 0 
1 8.065252000000001 53.151567 6.0999999999999996 0 0 1 
1 8.065252000000001 53.151567 7.0999999999999996 -0 1 0 
1 8.065252000000001 54.306749999999994 6.0999999999999996 0 0 1 
1 8.065252000000001 53.151567 6.0999999999999996 -0 1 0 
1 5.5757499999999993 53.151567 6.0999999999999996 1 0 -0 
1 5.5757499999999993 53.151567 7.0999999999999996 1 0 -0 
1 5.5757499999999993 54.306749999999994 6.0999999999999996 1 0 -0 
1 5.5757499999999993 54.306749999999994 7.0999999999999996 1 0 -0 
1 20.188749999999999 10.722566999999998 6.3999999999999995 0 0 1 
1 20.188749999999999 10.722566999999998 7.0999999999999996 -0 1 0 
1 20.188749999999999 11.877749999999999 6.3999999999999995 0 0 1 
1 20.188749999999999 10.722566999999998 6.3999999999999995 -0 1 0 
1 22.229249999999993 10.722566999999998 6.3999999999999995 0 0 1 
1 22.229249999999993 10.722566999999998 7.0999999999999996 -0 1 0 
1 22.229249999999993 11.877749999999999 6.3999999999999995 0 0 1 
1 22.229249999999993 10.722566999999998 6.3999999999999995 -0 1 0 
1 20.188749999999999 10.722566999999998 6.3999999999999995 1 0 -0 
1 20.188749999999999 10.722566999999998 7.0999999999999996 1 0 -0 
1 20.188749999999999 11.877749999999999 6.3999999999999995 1 0 -0 
1 20.188749999999999 11.877749999999999 7.0999999999999996 1 0 -0 
1 22.265249999999995 46.337567000000007 6.0999999999999996 0 0 1 
1 22.265249999999995 46.337567000000007 7.0999999999999996 -0 1 0 
1 22.265249999999995 47.493750000000006 6.0999999999999996 0 0 1 
1 22.265249999999995 46.337567000000007 6.0999999999999996 -0 1 0 
1 24.165750000000003 46.337567000000007 6.0999999999999996 0 0 1 
1 24.165750000000003 46.337567000000007 7.0999999999999996 -0 1 0 
1 24.165750000000003 47.493750000000006 6.0999999999999996 0 0 1 
1 24.165750000000003 46.337567000000007 6.0999999999999996 -0 1 0 
1 22.265249999999995 46.337567000000007 6.0999999999999996 1 0 -0 
1 22.265249999999995 46.337567000000007 7.0999999999999996 1 0 -0 
1 22.265249999999995 47.493750000000006 6.0999999999999996 1 0 -0 
1 22.265249999999995 47.493750000000006 7.0999999999999996 1 0 -0 
1 5.4102500000000049 47.194067000000004 6.0999999999999996 0 0 1 
1 5.4102500000000049 47.194067000000004 7.0999999999999996 -0 1 0 
1 5.4102500000000049 48.349249999999998 6.0999999999999996 0 0 1 
1 5.4102500000000049 47.194067000000004 6.0999999999999996 -0 1 0 
1 7.8997520000000065 47.194067000000004 6.0999999999999996 0 0 1 
1 7.8997520000000065 47.194067000000004 7.0999999999999996 -0 1 0 
1 7.8997520000000065 48.349249999999998 6.0999999999999996 0 0 1 
1 7.8997520000000065 47.194067000000004 6.0999999999999996 -0 1 0 
1 5.4102500000000049 47.194067000000004 6.0999999999999996 1 0 -0 
1 5.4102500000000049 47.194067000000004 7.0999999999999996 1 0 -0 
1 5.4102500000000049 48.349249999999998 6.0999999999999996 1 0 -0 
1 5.4102500000000049 48.349249999999998 7.0999999999999996 1 0 -0 
1 24.317250000000001 44.620750000000001 6.3999999999999995 0 0 1 
1 24.317250000000001 44.620750000000001 7.0999999999999996 -0 1 0 
1 24.317250000000001 46.661249999999995 6.3999999999999995 0 0 1 
1 24.317250000000001 44.620750000000001 6.3999999999999995 -0 1 0 
1 25.472432999999995 44.620750000000001 6.3999999999999995 0 0 1 
1 25.472432999999995 44.620750000000001 7.0999999999999996 -0 1 0 
1 25.472432999999995 46.661249999999995 6.3999999999999995 0 0 1 
1 25.472432999999995 44.620750000000001 6.3999999999999995 -0 1 0 
1 24.317250000000001 44.620750000000001 6.3999999999999995 1 0 -0 
1 24.317250000000001 44.620750000000001 7.0999999999999996 1 0 -0 
1 24.317250000000001 46.661249999999995 6.3999999999999995 1 0 -0 
1 24.317250000000001 46.661249999999995 7.0999999999999996 1 0 -0 
1 4.7510000000000048 55.766999999999996 6.0999999999999996 0 0 1 
1 4.7510000000000048 55.766999999999996 7.0999999999999996 -0 1 0 
1 4.7510000000000048 58.816500000000005 6.0999999999999996 0 0 1 
1 4.7510000000000048 55.766999999999996 6.0999999999999996 -0 1 0 
1 6.430499999999995 55.766999999999996 6.0999999999999996 0 0 1 
1 6.430499999999995 55.766999999999996 7.0999999999999996 -0 1 0 
1 6.430499999999995 58.816500000000005 6.0999999999999996 0 0 1 
1 6.430499999999995 55.766999999999996 6.0999999999999996 -0 1 0 
1 4.7510000000000048 55.766999999999996 6.0999999999999996 1 0 -0 
1 4.7510000000000048 55.766999999999996 7.0999999999999996 1 0 -0 
1 4.7510000000000048 58.816500000000005 6.0999999999999996 1 0 -0 
1 4.7510000000000048 58.816500000000005 7.0999999999999996 1 0 -0 
1 44.213750000000005 60.990566999999999 6.3999999999999995 0 0 1 
1 44.213750000000005 60.990566999999999 7.0999999999999996 -0 1 0 
1 44.213750000000005 62.145750000000007 6.3999999999999995 0 0 1 
1 44.213750000000005 60.990566999999999 6.3999999999999995 -0 1 0 
1 46.254250000000013 60.990566999999999 6.3999999999999995 0 0 1 
1 46.254250000000013 60.990566999999999 7.0999999999999996 -0 1 0 
1 46.254250000000013 62.145750000000007 6.3999999999999995 0 0 1 
1 46.254250000000013 60.990566999999999 6.3999999999999995 -0 1 0 
1 44.213750000000005 60.990566999999999 6.3999999999999995 1 0 -0 
1 44.213750000000005 60.990566999999999 7.0999999999999996 1 0 -0 
1 44.213750000000005 62.145750000000007 6.3999999999999995 1 0 -0 
1 44.213750000000005 62.145750000000007 7.0999999999999996 1 0 -0 
1 39.492750000000001 47.225250000000003 6.3999999999999995 0 0 1 
1 39.492750000000001 47.225250000000003 7.0999999999999996 -0 1 0 
1 39.492750000000001 48.380432999999996 6.3999999999999995 0 0 1 
1 39.492750000000001 47.225250000000003 6.3999999999999995 -0 1 0 
1 41.53325000000001 47.225250000000003 6.3999999999999995 0 0 1 
1 41.53325000000001 47.225250000000003 7.0999999999999996 -0 1 0 
1 41.53325000000001 48.380432999999996 6.3999999999999995 0 0 1 
1 41.53325000000001 47.225250000000003 6.3999999999999995 -0 1 0 
1 39.492750000000001 47.225250000000003 6.3999999999999995 1 0 -0 
1 39.492750000000001 47.225250000000003 7.0999999999999996 1 0 -0 
1 39.492750000000001 48.380432999999996 6.3999999999999995 1 0 -0 
1 39.492750000000001 48.380432999999996 7.0999999999999996 1 0 -0 
1 16.662248000000005 52.686250000000001 6.0999999999999996 0 0 1 
1 16.662248000000005 52.686250000000001 7.0999999999999996 -0 1 0 
1 16.662248000000005 53.841432999999995 6.0999999999999996 0 0 1 
1 16.662248000000005 52.686250000000001 6.0999999999999996 -0 1 0 
1 19.151750000000007 52.686250000000001 6.0999999999999996 0 0 1 
1 19.151750000000007 52.686250000000001 7.0999999999999996 -0 1 0 
1 19.151750000000007 53.841432999999995 6.0999999999999996 0 0 1 
1 19.151750000000007 52.686250000000001 6.0999999999999996 -0 1 0 
1 16.662248000000005 52.686250000000001 6.0999999999999996 1 0 -0 
1 16.662248000000005 52.686250000000001 7.0999999999999996 1 0 -0 
1 16.662248000000005 53.841432999999995 6.0999999999999996 1 0 -0 
1 16.662248000000005 53.841432999999995 7.0999999999999996 1 0 -0 
1 13.897566999999995 60.017247999999995 6.0999999999999996 0 0 1 
1 13.897566999999995 60.017247999999995 7.0999999999999996 -0 1 0 
1 13.897566999999995 62.506749999999997 6.0999999999999996 0 0 1 
1 13.897566999999995 60.017247999999995 6.0999999999999996 -0 1 0 
1 15.052750000000003 60.017247999999995 6.0999999999999996 0 0 1 
1 15.052750000000003 60.017247999999995 7.0999999999999996 -0 1 0 
1 15.052750000000003 62.506749999999997 6.0999999999999996 0 0 1 
1 15.052750000000003 60.017247999999995 6.0999999999999996 -0 1 0 
1 13.897566999999995 60.017247999999995 6.0999999999999996 1 0 -0 
1 13.897566999999995 60.017247999999995 7.0999999999999996 1 0 -0 
1 13.897566999999995 62.506749999999997 6.0999999999999996 1 0 -0 
1 13.897566999999995 62.506749999999997 7.0999999999999996 1 0 -0 
1 30.128066999999987 47.698248000000007 6.0999999999999996 0 0 1 
1 30.128066999999987 47.698248000000007 7.0999999999999996 -0 1 0 
1 30.128066999999987 50.187749999999994 6.0999999999999996 0 0 1 
1 30.128066999999987 47.698248000000007 6.0999999999999996 -0 1 0 
1 31.28325000000001 47.698248000000007 6.0999999999999996 0 0 1 
1 31.28325000000001 47.698248000000007 7.0999999999999996 -0 1 0 
1 31.28325000000001 50.187749999999994 6.0999999999999996 0 0 1 
1 31.28325000000001 47.698248000000007 6.0999999999999996 -0 1 0 
1 30.128066999999987 47.698248000000007 6.0999999999999996 1 0 -0 
1 30.128066999999987 47.698248000000007 7.0999999999999996 1 0 -0 
1 30.128066999999987 50.187749999999994 6.0999999999999996 1 0 -0 
1 30.128066999999987 50.187749999999994 7.0999999999999996 1 0 -0 
1 8.4072479999999956 60.306250000000006 6.0999999999999996 0 0 1 
1 8.4072479999999956 60.306250000000006 7.0999999999999996 -0 1 0 
1 8.4072479999999956 61.461433 6.0999999999999996 0 0 1 
1 8.4072479999999956 60.306250000000006 6.0999999999999996 -0 1 0 
1 10.896749999999997 60.306250000000006 6.0999999999999996 0 0 1 
1 10.896749999999997 60.306250000000006 7.0999999999999996 -0 1 0 
1 10.896749999999997 61.461433 6.0999999999999996 0 0 1 
1 10.896749999999997 60.306250000000006 6.0999999999999996 -0 1 0 
1 8.4072479999999956 60.306250000000006 6.0999999999999996 1 0 -0 
1 8.4072479999999956 60.306250000000006 7.0999999999999996 1 0 -0 
1 8.4072479999999956 61.461433 6.0999999999999996 1 0 -0 
1 8.4072479999999956 61.461433 7.0999999999999996 1 0 -0 
1 29.391567000000009 71.417749999999998 6.3999999999999995 0 0 1 
1 29.391567000000009 71.417749999999998 7.0999999999999996 -0 1 0 
1 29.391567000000009 73.458250000000007 6.3999999999999995 0 0 1 
1 29.391567000000009 71.417749999999998 6.3999999999999995 -0 1 0 
1 30.546750000000003 71.417749999999998 6.3999999999999995 0 0 1 
1 30.546750000000003 71.417749999999998 7.0999999999999996 -0 1 0 
1 30.546750000000003 73.458250000000007 6.3999999999999995 0 0 1 
1 30.546750000000003 71.417749999999998 6.3999999999999995 -0 1 0 
1 29.391567000000009 71.417749999999998 6.3999999999999995 1 0 -0 
1 29.391567000000009 71.417749999999998 7.0999999999999996 1 0 -0 
1 29.391567000000009 73.458250000000007 6.3999999999999995 1 0 -0 
1 29.391567000000009 73.458250000000007 7.0999999999999996 1 0 -0 
1 5.6132499999999936 54.458567000000002 6.0999999999999996 0 0 1 
1 5.6132499999999936 54.458567000000002 7.0999999999999996 -0 1 0 
1 5.6132499999999936 55.613749999999996 6.0999999999999996 0 0 1 
1 5.6132499999999936 54.458567000000002 6.0999999999999996 -0 1 0 
1 8.1027519999999953 54.458567000000002 6.0999999999999996 0 0 1 
1 8.1027519999999953 54.458567000000002 7.0999999999999996 -0 1 0 
1 8.1027519999999953 55.613749999999996 6.0999999999999996 0 0 1 
1 8.1027519999999953 54.458567000000002 6.0999999999999996 -0 1 0 
1 5.6132499999999936 54.458567000000002 6.0999999999999996 1 0 -0 
1 5.6132499999999936 54.458567000000002 7.0999999999999996 1 0 -0 
1 5.6132499999999936 55.613749999999996 6.0999999999999996 1 0 -0 
1 5.6132499999999936 55.613749999999996 7.0999999999999996 1 0 -0 
1 35.443000000000012 39.578999999999994 5.7999999999999998 0 0 1 
1 35.443000000000012 39.578999999999994 7.0999999999999996 -0 1 0 
1 35.443000000000012 43.929000000000002 5.7999999999999998 0 0 1 
1 35.443000000000012 39.578999999999994 5.7999999999999998 -0 1 0 
1 39.568000000000012 39.578999999999994 5.7999999999999998 0 0 1 
1 39.568000000000012 39.578999999999994 7.0999999999999996 -0 1 0 
1 39.568000000000012 43.929000000000002 5.7999999999999998 0 0 1 
1 39.568000000000012 39.578999999999994 5.7999999999999998 -0 1 0 
1 35.443000000000012 39.578999999999994 5.7999999999999998 1 0 -0 
1 35.443000000000012 39.578999999999994 7.0999999999999996 1 0 -0 
1 35.443000000000012 43.929000000000002 5.7999999999999998 1 0 -0 
1 35.443000000000012 43.929000000000002 7.0999999999999996 1 0 -0 
1 42.478250000000003 32.888750000000002 6.3999999999999995 0 0 1 
1 42.478250000000003 32.888750000000002 7.0999999999999996 -0 1 0 
1 42.478250000000003 34.929249999999996 6.3999999999999995 0 0 1 
1 42.478250000000003 32.888750000000002 6.3999999999999995 -0 1 0 
1 43.633432999999997 32.888750000000002 6.3999999999999995 0 0 1 
1 43.633432999999997 32.888750000000002 7.0999999999999996 -0 1 0 
1 43.633432999999997 34.929249999999996 6.3999999999999995 0 0 1 
1 43.633432999999997 32.888750000000002 6.3999999999999995 -0 1 0 
1 42.478250000000003 32.888750000000002 6.3999999999999995 1 0 -0 
1 42.478250000000003 32.888750000000002 7.0999999999999996 1 0 -0 
1 42.478250000000003 34.929249999999996 6.3999999999999995 1 0 -0 
1 42.478250000000003 34.929249999999996 7.0999999999999996 1 0 -0 
1 31.949000000000002 72.349000000000004 3.8999999999999995 0 0 1 
1 31.949000000000002 72.349000000000004 7.0999999999999996 -0 1 0 
1 31.949000000000002 77.921000000000006 3.8999999999999995 0 0 1 
1 31.949000000000002 72.349000000000004 3.8999999999999995 -0 1 0 
1 41.021000000000001 72.349000000000004 3.8999999999999995 0 0 1 
1 41.021000000000001 72.349000000000004 7.0999999999999996 -0 1 0 
1 41.021000000000001 77.921000000000006 3.8999999999999995 0 0 1 
1 41.021000000000001 72.349000000000004 3.8999999999999995 -0 1 0 
1 31.949000000000002 72.349000000000004 3.8999999999999995 1 0 -0 
1 31.949000000000002 72.349000000000004 7.0999999999999996 1 0 -0 
1 31.949000000000002 77.921000000000006 3.8999999999999995 1 0 -0 
1 31.949000000000002 77.921000000000006 7.0999999999999996 1 0 -0 
1 22.544749999999993 52.172567000000001 6.0999999999999996 0 0 1 
1 22.544749999999993 52.172567000000001 7.0999999999999996 -0 1 0 
1 22.544749999999993 53.328749999999999 6.0999999999999996 0 0 1 
1 22.544749999999993 52.172567000000001 6.0999999999999996 -0 1 0 
1 24.445250000000001 52.172567000000001 6.0999999999999996 0 0 1 
1 24.445250000000001 52.172567000000001 7.0999999999999996 -0 1 0 
1 24.445250000000001 53.328749999999999 6.0999999999999996 0 0 1 
1 24.445250000000001 52.172567000000001 6.0999999999999996 -0 1 0 
1 22.544749999999993 52.172567000000001 6.0999999999999996 1 0 -0 
1 22.544749999999993 52.172567000000001 7.0999999999999996 1 0 -0 
1 22.544749999999993 53.328749999999999 6.0999999999999996 1 0 -0 
1 22.544749999999993 53.328749999999999 7.0999999999999996 1 0 -0 
1 12.793499999999995 38.724500000000006 5.7999999999999998 0 0 1 
1 12.793499999999995 38.724500000000006 7.0999999999999996 -0 1 0 
1 12.793499999999995 43.5745 5.7999999999999998 0 0 1 
1 12.793499999999995 38.724500000000006 5.7999999999999998 -0 1 0 
1 17.643500000000003 38.724500000000006 5.7999999999999998 0 0 1 
1 17.643500000000003 38.724500000000006 7.0999999999999996 -0 1 0 
1 17.643500000000003 43.5745 5.7999999999999998 0 0 1 
1 17.643500000000003 38.724500000000006 5.7999999999999998 -0 1 0 
1 12.793499999999995 38.724500000000006 5.7999999999999998 1 0 -0 
1 12.793499999999995 38.724500000000006 7.0999999999999996 1 0 -0 
1 12.793499999999995 43.5745 5.7999999999999998 1 0 -0 
1 12.793499999999995 43.5745 7.0999999999999996 1 0 -0 
1 26.591999999999999 1.304000000000002 3.8999999999999995 0 0 1 
1 26.591999999999999 1.304000000000002 7.0999999999999996 -0 1 0 
1 26.591999999999999 31.558000000000007 3.8999999999999995 0 0 1 
1 26.591999999999999 1.304000000000002 3.8999999999999995 -0 1 0 
1 48.846000000000004 1.304000000000002 3.8999999999999995 0 0 1 
1 48.846000000000004 1.304000000000002 7.0999999999999996 -0 1 0 
1 48.846000000000004 31.558000000000007 3.8999999999999995 0 0 1 
1 48.846000000000004 1.304000000000002 3.8999999999999995 -0 1 0 
1 26.591999999999999 1.304000000000002 3.8999999999999995 1 0 -0 
1 26.591999999999999 1.304000000000002 7.0999999999999996 1 0 -0 
1 26.591999999999999 31.558000000000007 3.8999999999999995 1 0 -0 
1 26.591999999999999 31.558000000000007 7.0999999999999996 1 0 -0 
1 9.1994930000000039 53.515500000000003 5.7999999999999998 0 0 1 
1 9.1994930000000039 53.515500000000003 7.0999999999999996 -0 1 0 
1 9.1994930000000039 59.864500000000007 5.7999999999999998 0 0 1 
1 9.1994930000000039 53.515500000000003 5.7999999999999998 -0 1 0 
1 15.874499999999998 53.515500000000003 5.7999999999999998 0 0 1 
1 15.874499999999998 53.515500000000003 7.0999999999999996 -0 1 0 
1 15.874499999999998 59.864500000000007 5.7999999999999998 0 0 1 
1 15.874499999999998 53.515500000000003 5.7999999999999998 -0 1 0 
1 9.1994930000000039 53.515500000000003 5.7999999999999998 1 0 -0 
1 9.1994930000000039 53.515500000000003 7.0999999999999996 1 0 -0 
1 9.1994930000000039 59.864500000000007 5.7999999999999998 1 0 -0 
1 9.1994930000000039 59.864500000000007 7.0999999999999996 1 0 -0 
1 16.789248000000001 61.449250000000006 6.0999999999999996 0 0 1 
1 16.789248000000001 61.449250000000006 7.0999999999999996 -0 1 0 
1 16.789248000000001 62.604433 6.0999999999999996 0 0 1 
1 16.789248000000001 61.449250000000006 6.0999999999999996 -0 1 0 
1 19.278750000000002 61.449250000000006 6.0999999999999996 0 0 1 
1 19.278750000000002 61.449250000000006 7.0999999999999996 -0 1 0 
1 19.278750000000002 62.604433 6.0999999999999996 0 0 1 
1 19.278750000000002 61.449250000000006 6.0999999999999996 -0 1 0 
1 16.789248000000001 61.449250000000006 6.0999999999999996 1 0 -0 
1 16.789248000000001 61.449250000000006 7.0999999999999996 1 0 -0 
1 16.789248000000001 62.604433 6.0999999999999996 1 0 -0 
1 16.789248000000001 62.604433 7.0999999999999996 1 0 -0 
1 33.72075000000001 60.048249999999996 6.0999999999999996 0 0 1 
1 33.72075000000001 60.048249999999996 7.0999999999999996 -0 1 0 
1 33.72075000000001 61.204432999999995 6.0999999999999996 0 0 1 
1 33.72075000000001 60.048249999999996 6.0999999999999996 -0 1 0 
1 35.621250000000003 60.048249999999996 6.0999999999999996 0 0 1 
1 35.621250000000003 60.048249999999996 7.0999999999999996 -0 1 0 
1 35.621250000000003 61.204432999999995 6.0999999999999996 0 0 1 
1 35.621250000000003 60.048249999999996 6.0999999999999996 -0 1 0 
1 33.72075000000001 60.048249999999996 6.0999999999999996 1 0 -0 
1 33.72075000000001 60.048249999999996 7.0999999999999996 1 0 -0 
1 33.72075000000001 61.204432999999995 6.0999999999999996 1 0 -0 
1 33.72075000000001 61.204432999999995 7.0999999999999996 1 0 -0 
1 44.213750000000005 64.800567000000001 6.3999999999999995 0 0 1 
1 44.213750000000005 64.800567000000001 7.0999999999999996 -0 1 0 
1 44.213750000000005 65.955749999999995 6.3999999999999995 0 0 1 
1 44.213750000000005 64.800567000000001 6.3999999999999995 -0 1 0 
1 46.254250000000013 64.800567000000001 6.3999999999999995 0 0 1 
1 46.254250000000013 64.800567000000001 7.0999999999999996 -0 1 0 
1 46.254250000000013 65.955749999999995 6.3999999999999995 0 0 1 
1 46.254250000000013 64.800567000000001 6.3999999999999995 -0 1 0 
1 44.213750000000005 64.800567000000001 6.3999999999999995 1 0 -0 
1 44.213750000000005 64.800567000000001 7.0999999999999996 1 0 -0 
1 44.213750000000005 65.955749999999995 6.3999999999999995 1 0 -0 
1 44.213750000000005 65.955749999999995 7.0999999999999996 1 0 -0 
1 18.094250000000002 57.096249999999998 6.0999999999999996 0 0 1 
1 18.094250000000002 57.096249999999998 7.0999999999999996 -0 1 0 
1 18.094250000000002 59.585751999999999 6.0999999999999996 0 0 1 
1 18.094250000000002 57.096249999999998 6.0999999999999996 -0 1 0 
1 19.249432999999996 57.096249999999998 6.0999999999999996 0 0 1 
1 19.249432999999996 57.096249999999998 7.0999999999999996 -0 1 0 
1 19.249432999999996 59.585751999999999 6.0999999999999996 0 0 1 
1 19.249432999999996 57.096249999999998 6.0999999999999996 -0 1 0 
1 18.094250000000002 57.096249999999998 6.0999999999999996 1 0 -0 
1 18.094250000000002 57.096249999999998 7.0999999999999996 1 0 -0 
1 18.094250000000002 59.585751999999999 6.0999999999999996 1 0 -0 
1 18.094250000000002 59.585751999999999 7.0999999999999996 1 0 -0 
1 41.663499999999999 73.651567 1.5999999999999996 0 0 1 
1 41.663499999999999 73.651567 7.0999999999999996 -0 1 0 
1 41.663499999999999 76.782499999999999 1.5999999999999996 0 0 1 
1 41.663499999999999 73.651567 1.5999999999999996 -0 1 0 
1 47.774432999999988 73.651567 1.5999999999999996 0 0 1 
1 47.774432999999988 73.651567 7.0999999999999996 -0 1 0 
1 47.774432999999988 76.782499999999999 1.5999999999999996 0 0 1 
1 47.774432999999988 73.651567 1.5999999999999996 -0 1 0 
1 41.663499999999999 73.651567 1.5999999999999996 1 0 -0 
1 41.663499999999999 73.651567 7.0999999999999996 1 0 -0 
1 41.663499999999999 76.782499999999999 1.5999999999999996 1 0 -0 
1 41.663499999999999 76.782499999999999 7.0999999999999996 1 0 -0 
1 18.094250000000002 54.048249999999996 6.0999999999999996 0 0 1 
1 18.094250000000002 54.048249999999996 7.0999999999999996 -0 1 0 
1 18.094250000000002 56.537751999999998 6.0999999999999996 0 0 1 
1 18.094250000000002 54.048249999999996 6.0999999999999996 -0 1 0 
1 19.249432999999996 54.048249999999996 6.0999999999999996 0 0 1 
1 19.249432999999996 54.048249999999996 7.0999999999999996 -0 1 0 
1 19.249432999999996 56.537751999999998 6.0999999999999996 0 0 1 
1 19.249432999999996 54.048249999999996 6.0999999999999996 -0 1 0 
1 18.094250000000002 54.048249999999996 6.0999999999999996 1 0 -0 
1 18.094250000000002 54.048249999999996 7.0999999999999996 1 0 -0 
1 18.094250000000002 56.537751999999998 6.0999999999999996 1 0 -0 
1 18.094250000000002 56.537751999999998 7.0999999999999996 1 0 -0 
1 20.188749999999999 17.326566999999997 6.3999999999999995 0 0 1 
1 20.188749999999999 17.326566999999997 7.0999999999999996 -0 1 0 
1 20.188749999999999 18.481750000000005 6.3999999999999995 0 0 1 
1 20.188749999999999 17.326566999999997 6.3999999999999995 -0 1 0 
1 22.229249999999993 17.326566999999997 6.3999999999999995 0 0 1 
1 22.229249999999993 17.326566999999997 7.0999999999999996 -0 1 0 
1 22.229249999999993 18.481750000000005 6.3999999999999995 0 0 1 
1 22.229249999999993 17.326566999999997 6.3999999999999995 -0 1 0 
1 20.188749999999999 17.326566999999997 6.3999999999999995 1 0 -0 
1 20.188749999999999 17.326566999999997 7.0999999999999996 1 0 -0 
1 20.188749999999999 18.481750000000005 6.3999999999999995 1 0 -0 
1 20.188749999999999 18.481750000000005 7.0999999999999996 1 0 -0 
1 16.818567000000002 57.096248000000003 6.0999999999999996 0 0 1 
1 16.818567000000002 57.096248000000003 7.0999999999999996 -0 1 0 
1 16.818567000000002 59.585750000000004 6.0999999999999996 0 0 1 
1 16.818567000000002 57.096248000000003 6.0999999999999996 -0 1 0 
1 17.973749999999995 57.096248000000003 6.0999999999999996 0 0 1 
1 17.973749999999995 57.096248000000003 7.0999999999999996 -0 1 0 
1 17.973749999999995 59.585750000000004 6.0999999999999996 0 0 1 
1 17.973749999999995 57.096248000000003 6.0999999999999996 -0 1 0 
1 16.818567000000002 57.096248000000003 6.0999999999999996 1 0 -0 
1 16.818567000000002 57.096248000000003 7.0999999999999996 1 0 -0 
1 16.818567000000002 59.585750000000004 6.0999999999999996 1 0 -0 
1 16.818567000000002 59.585750000000004 7.0999999999999996 1 0 -0 
1 35.919999999999987 46.862499999999997 6.0999999999999996 0 0 1 
1 35.919999999999987 46.862499999999997 7.0999999999999996 -0 1 0 
1 35.919999999999987 48.536501000000001 6.0999999999999996 0 0 1 
1 35.919999999999987 46.862499999999997 6.0999999999999996 -0 1 0 
1 38.954001000000005 46.862499999999997 6.0999999999999996 0 0 1 
1 38.954001000000005 46.862499999999997 7.0999999999999996 -0 1 0 
1 38.954001000000005 48.536501000000001 6.0999999999999996 0 0 1 
1 38.954001000000005 46.862499999999997 6.0999999999999996 -0 1 0 
1 35.919999999999987 46.862499999999997 6.0999999999999996 1 0 -0 
1 35.919999999999987 46.862499999999997 7.0999999999999996 1 0 -0 
1 35.919999999999987 48.536501000000001 6.0999999999999996 1 0 -0 
1 35.919999999999987 48.536501000000001 7.0999999999999996 1 0 -0 
1 33.045247999999987 50.40025 6.0999999999999996 0 0 1 
1 33.045247999999987 50.40025 7.0999999999999996 -0 1 0 
1 33.045247999999987 51.555432999999994 6.0999999999999996 0 0 1 
1 33.045247999999987 50.40025 6.0999999999999996 -0 1 0 
1 35.534750000000003 50.40025 6.0999999999999996 0 0 1 
1 35.534750000000003 50.40025 7.0999999999999996 -0 1 0 
1 35.534750000000003 51.555432999999994 6.0999999999999996 0 0 1 
1 35.534750000000003 50.40025 6.0999999999999996 -0 1 0 
1 33.045247999999987 50.40025 6.0999999999999996 1 0 -0 
1 33.045247999999987 50.40025 7.0999999999999996 1 0 -0 
1 33.045247999999987 51.555432999999994 6.0999999999999996 1 0 -0 
1 33.045247999999987 51.555432999999994 7.0999999999999996 1 0 -0 
1 35.193749999999994 38.202567000000002 6.0999999999999996 0 0 1 
1 35.193749999999994 38.202567000000002 7.0999999999999996 -0 1 0 
1 35.193749999999994 39.358750000000001 6.0999999999999996 0 0 1 
1 35.193749999999994 38.202567000000002 6.0999999999999996 -0 1 0 
1 37.094249999999988 38.202567000000002 6.0999999999999996 0 0 1 
1 37.094249999999988 38.202567000000002 7.0999999999999996 -0 1 0 
1 37.094249999999988 39.358750000000001 6.0999999999999996 0 0 1 
1 37.094249999999988 38.202567000000002 6.0999999999999996 -0 1 0 
1 35.193749999999994 38.202567000000002 6.0999999999999996 1 0 -0 
1 35.193749999999994 38.202567000000002 7.0999999999999996 1 0 -0 
1 35.193749999999994 39.358750000000001 6.0999999999999996 1 0 -0 
1 35.193749999999994 39.358750000000001 7.0999999999999996 1 0 -0 
1 41.081250000000011 32.888750000000002 6.3999999999999995 0 0 1 
1 41.081250000000011 32.888750000000002 7.0999999999999996 -0 1 0 
1 41.081250000000011 34.929249999999996 6.3999999999999995 0 0 1 
1 41.081250000000011 32.888750000000002 6.3999999999999995 -0 1 0 
1 42.236433000000005 32.888750000000002 6.3999999999999995 0 0 1 
1 42.236433000000005 32.888750000000002 7.0999999999999996 -0 1 0 
1 42.236433000000005 34.929249999999996 6.3999999999999995 0 0 1 
1 42.236433000000005 32.888750000000002 6.3999999999999995 -0 1 0 
1 41.081250000000011 32.888750000000002 6.3999999999999995 1 0 -0 
1 41.081250000000011 32.888750000000002 7.0999999999999996 1 0 -0 
1 41.081250000000011 34.929249999999996 6.3999999999999995 1 0 -0 
1 41.081250000000011 34.929249999999996 7.0999999999999996 1 0 -0 
1 38.26724999999999 38.207250000000002 6.0999999999999996 0 0 1 
1 38.26724999999999 38.207250000000002 7.0999999999999996 -0 1 0 
1 38.26724999999999 39.363433000000001 6.0999999999999996 0 0 1 
1 38.26724999999999 38.207250000000002 6.0999999999999996 -0 1 0 
1 40.167750000000012 38.207250000000002 6.0999999999999996 0 0 1 
1 40.167750000000012 38.207250000000002 7.0999999999999996 -0 1 0 
1 40.167750000000012 39.363433000000001 6.0999999999999996 0 0 1 
1 40.167750000000012 38.207250000000002 6.0999999999999996 -0 1 0 
1 38.26724999999999 38.207250000000002 6.0999999999999996 1 0 -0 
1 38.26724999999999 38.207250000000002 7.0999999999999996 1 0 -0 
1 38.26724999999999 39.363433000000001 6.0999999999999996 1 0 -0 
1 38.26724999999999 39.363433000000001 7.0999999999999996 1 0 -0 
1 46.40956700000001 70.685248000000001 6.0999999999999996 0 0 1 
1 46.40956700000001 70.685248000000001 7.0999999999999996 -0 1 0 
1 46.40956700000001 73.174750000000003 6.0999999999999996 0 0 1 
1 46.40956700000001 70.685248000000001 6.0999999999999996 -0 1 0 
1 47.564750000000004 70.685248000000001 6.0999999999999996 0 0 1 
1 47.564750000000004 70.685248000000001 7.0999999999999996 -0 1 0 
1 47.564750000000004 73.174750000000003 6.0999999999999996 0 0 1 
1 47.564750000000004 70.685248000000001 6.0999999999999996 -0 1 0 
1 46.40956700000001 70.685248000000001 6.0999999999999996 1 0 -0 
1 46.40956700000001 70.685248000000001 7.0999999999999996 1 0 -0 
1 46.40956700000001 73.174750000000003 6.0999999999999996 1 0 -0 
1 46.40956700000001 73.174750000000003 7.0999999999999996 1 0 -0 
1 31.375999000000007 56.741999000000007 6.0999999999999996 0 0 1 
1 31.375999000000007 56.741999000000007 7.0999999999999996 -0 1 0 
1 31.375999000000007 58.415999999999997 6.0999999999999996 0 0 1 
1 31.375999000000007 56.741999000000007 6.0999999999999996 -0 1 0 
1 34.409999999999997 56.741999000000007 6.0999999999999996 0 0 1 
1 34.409999999999997 56.741999000000007 7.0999999999999996 -0 1 0 
1 34.409999999999997 58.415999999999997 6.0999999999999996 0 0 1 
1 34.409999999999997 56.741999000000007 6.0999999999999996 -0 1 0 
1 31.375999000000007 56.741999000000007 6.0999999999999996 1 0 -0 
1 31.375999000000007 56.741999000000007 7.0999999999999996 1 0 -0 
1 31.375999000000007 58.415999999999997 6.0999999999999996 1 0 -0 
1 31.375999000000007 58.415999999999997 7.0999999999999996 1 0 -0 
1 47.679566999999992 70.685248000000001 6.0999999999999996 0 0 1 
1 47.679566999999992 70.685248000000001 7.0999999999999996 -0 1 0 
1 47.679566999999992 73.174750000000003 6.0999999999999996 0 0 1 
1 47.679566999999992 70.685248000000001 6.0999999999999996 -0 1 0 
1 48.834750000000014 70.685248000000001 6.0999999999999996 0 0 1 
1 48.834750000000014 70.685248000000001 7.0999999999999996 -0 1 0 
1 48.834750000000014 73.174750000000003 6.0999999999999996 0 0 1 
1 48.834750000000014 70.685248000000001 6.0999999999999996 -0 1 0 
1 47.679566999999992 70.685248000000001 6.0999999999999996 1 0 -0 
1 47.679566999999992 70.685248000000001 7.0999999999999996 1 0 -0 
1 47.679566999999992 73.174750000000003 6.0999999999999996 1 0 -0 
1 47.679566999999992 73.174750000000003 7.0999999999999996 1 0 -0 
1 32.837999999999994 51.799999999999997 5.7999999999999998 0 0 1 
1 32.837999999999994 51.799999999999997 7.0999999999999996 -0 1 0 
1 32.837999999999994 55.532499999999999 5.7999999999999998 0 0 1 
1 32.837999999999994 51.799999999999997 5.7999999999999998 -0 1 0 
1 36.75800000000001 51.799999999999997 5.7999999999999998 0 0 1 
1 36.75800000000001 51.799999999999997 7.0999999999999996 -0 1 0 
1 36.75800000000001 55.532499999999999 5.7999999999999998 0 0 1 
1 36.75800000000001 51.799999999999997 5.7999999999999998 -0 1 0 
1 32.837999999999994 51.799999999999997 5.7999999999999998 1 0 -0 
1 32.837999999999994 51.799999999999997 7.0999999999999996 1 0 -0 
1 32.837999999999994 55.532499999999999 5.7999999999999998 1 0 -0 
1 32.837999999999994 55.532499999999999 7.0999999999999996 1 0 -0 
1 6.9747500000000002 27.08475 6.0999999999999996 0 0 1 
1 6.9747500000000002 27.08475 7.0999999999999996 -0 1 0 
1 6.9747500000000002 28.240932999999998 6.0999999999999996 0 0 1 
1 6.9747500000000002 27.08475 6.0999999999999996 -0 1 0 
1 8.8752499999999941 27.08475 6.0999999999999996 0 0 1 
1 8.8752499999999941 27.08475 7.0999999999999996 -0 1 0 
1 8.8752499999999941 28.240932999999998 6.0999999999999996 0 0 1 
1 8.8752499999999941 27.08475 6.0999999999999996 -0 1 0 
1 6.9747500000000002 27.08475 6.0999999999999996 1 0 -0 
1 6.9747500000000002 27.08475 7.0999999999999996 1 0 -0 
1 6.9747500000000002 28.240932999999998 6.0999999999999996 1 0 -0 
1 6.9747500000000002 28.240932999999998 7.0999999999999996 1 0 -0 
1 34.199250000000006 63.286249999999995 6.0999999999999996 0 0 1 
1 34.199250000000006 63.286249999999995 7.0999999999999996 -0 1 0 
1 34.199250000000006 67.365750000000006 6.0999999999999996 0 0 1 
1 34.199250000000006 63.286249999999995 6.0999999999999996 -0 1 0 
1 36.158749999999998 63.286249999999995 6.0999999999999996 0 0 1 
1 36.158749999999998 63.286249999999995 7.0999999999999996 -0 1 0 
1 36.158749999999998 67.365750000000006 6.0999999999999996 0 0 1 
1 36.158749999999998 63.286249999999995 6.0999999999999996 -0 1 0 
1 34.199250000000006 63.286249999999995 6.0999999999999996 1 0 -0 
1 34.199250000000006 63.286249999999995 7.0999999999999996 1 0 -0 
1 34.199250000000006 67.365750000000006 6.0999999999999996 1 0 -0 
1 34.199250000000006 67.365750000000006 7.0999999999999996 1 0 -0 
1 16.789248000000001 59.798249999999996 6.0999999999999996 0 0 1 
1 16.789248000000001 59.798249999999996 7.0999999999999996 -0 1 0 
1 16.789248000000001 60.953433000000004 6.0999999999999996 0 0 1 
1 16.789248000000001 59.798249999999996 6.0999999999999996 -0 1 0 
1 19.278750000000002 59.798249999999996 6.0999999999999996 0 0 1 
1 19.278750000000002 59.798249999999996 7.0999999999999996 -0 1 0 
1 19.278750000000002 60.953433000000004 6.0999999999999996 0 0 1 
1 19.278750000000002 59.798249999999996 6.0999999999999996 -0 1 0 
1 16.789248000000001 59.798249999999996 6.0999999999999996 1 0 -0 
1 16.789248000000001 59.798249999999996 7.0999999999999996 1 0 -0 
1 16.789248000000001 60.953433000000004 6.0999999999999996 1 0 -0 
1 16.789248000000001 60.953433000000004 7.0999999999999996 1 0 -0 
1 4.5072499999999991 48.452250000000006 5.7999999999999998 0 0 1 
1 4.5072499999999991 48.452250000000006 7.0999999999999996 -0 1 0 
1 4.5072499999999991 52.890249999999995 5.7999999999999998 0 0 1 
1 4.5072499999999991 48.452250000000006 5.7999999999999998 -0 1 0 
1 8.2452499999999986 48.452250000000006 5.7999999999999998 0 0 1 
1 8.2452499999999986 48.452250000000006 7.0999999999999996 -0 1 0 
1 8.2452499999999986 52.890249999999995 5.7999999999999998 0 0 1 
1 8.2452499999999986 48.452250000000006 5.7999999999999998 -0 1 0 
1 4.5072499999999991 48.452250000000006 5.7999999999999998 1 0 -0 
1 4.5072499999999991 48.452250000000006 7.0999999999999996 1 0 -0 
1 4.5072499999999991 52.890249999999995 5.7999999999999998 1 0 -0 
1 4.5072499999999991 52.890249999999995 7.0999999999999996 1 0 -0 
1 22.417749999999998 60.808566999999996 6.0999999999999996 0 0 1 
1 22.417749999999998 60.808566999999996 7.0999999999999996 -0 1 0 
1 22.417749999999998 61.964749999999995 6.0999999999999996 0 0 1 
1 22.417749999999998 60.808566999999996 6.0999999999999996 -0 1 0 
1 24.318250000000006 60.808566999999996 6.0999999999999996 0 0 1 
1 24.318250000000006 60.808566999999996 7.0999999999999996 -0 1 0 
1 24.318250000000006 61.964749999999995 6.0999999999999996 0 0 1 
1 24.318250000000006 60.808566999999996 6.0999999999999996 -0 1 0 
1 22.417749999999998 60.808566999999996 6.0999999999999996 1 0 -0 
1 22.417749999999998 60.808566999999996 7.0999999999999996 1 0 -0 
1 22.417749999999998 61.964749999999995 6.0999999999999996 1 0 -0 
1 22.417749999999998 61.964749999999995 7.0999999999999996 1 0 -0 
1 7.8114999999999952 41.054067000000003 5.7999999999999998 0 0 1 
1 7.8114999999999952 41.054067000000003 7.0999999999999996 -0 1 0 
1 7.8114999999999952 43.085499999999996 5.7999999999999998 0 0 1 
1 7.8114999999999952 41.054067000000003 5.7999999999999998 -0 1 0 
1 9.9099999999999966 41.054067000000003 5.7999999999999998 0 0 1 
1 9.9099999999999966 41.054067000000003 7.0999999999999996 -0 1 0 
1 9.9099999999999966 43.085499999999996 5.7999999999999998 0 0 1 
1 9.9099999999999966 41.054067000000003 5.7999999999999998 -0 1 0 
1 7.8114999999999952 41.054067000000003 5.7999999999999998 1 0 -0 
1 7.8114999999999952 41.054067000000003 7.0999999999999996 1 0 -0 
1 7.8114999999999952 43.085499999999996 5.7999999999999998 1 0 -0 
1 7.8114999999999952 43.085499999999996 7.0999999999999996 1 0 -0 
1 36.455998999999991 65.758999000000003 6.0999999999999996 0 0 1 
1 36.455998999999991 65.758999000000003 7.0999999999999996 -0 1 0 
1 36.455998999999991 67.433000000000007 6.0999999999999996 0 0 1 
1 36.455998999999991 65.758999000000003 6.0999999999999996 -0 1 0 
1 39.490000000000009 65.758999000000003 6.0999999999999996 0 0 1 
1 39.490000000000009 65.758999000000003 7.0999999999999996 -0 1 0 
1 39.490000000000009 67.433000000000007 6.0999999999999996 0 0 1 
1 39.490000000000009 65.758999000000003 6.0999999999999996 -0 1 0 
1 36.455998999999991 65.758999000000003 6.0999999999999996 1 0 -0 
1 36.455998999999991 65.758999000000003 7.0999999999999996 1 0 -0 
1 36.455998999999991 67.433000000000007 6.0999999999999996 1 0 -0 
1 36.455998999999991 67.433000000000007 7.0999999999999996 1 0 -0 
1 24.443250000000006 9.4637499999999974 6.0999999999999996 0 0 1 
1 24.443250000000006 9.4637499999999974 7.0999999999999996 -0 1 0 
1 24.443250000000006 11.364249999999998 6.0999999999999996 0 0 1 
1 24.443250000000006 9.4637499999999974 6.0999999999999996 -0 1 0 
1 25.599433000000005 9.4637499999999974 6.0999999999999996 0 0 1 
1 25.599433000000005 9.4637499999999974 7.0999999999999996 -0 1 0 
1 25.599433000000005 11.364249999999998 6.0999999999999996 0 0 1 
1 25.599433000000005 9.4637499999999974 6.0999999999999996 -0 1 0 
1 24.443250000000006 9.4637499999999974 6.0999999999999996 1 0 -0 
1 24.443250000000006 9.4637499999999974 7.0999999999999996 1 0 -0 
1 24.443250000000006 11.364249999999998 6.0999999999999996 1 0 -0 
1 24.443250000000006 11.364249999999998 7.0999999999999996 1 0 -0 
1 47.431250000000006 38.651750000000007 6.3999999999999995 0 0 1 
1 47.431250000000006 38.651750000000007 7.0999999999999996 -0 1 0 
1 47.431250000000006 40.692250000000001 6.3999999999999995 0 0 1 
1 47.431250000000006 38.651750000000007 6.3999999999999995 -0 1 0 
1 48.586433 38.651750000000007 6.3999999999999995 0 0 1 
1 48.586433 38.651750000000007 7.0999999999999996 -0 1 0 
1 48.586433 40.692250000000001 6.3999999999999995 0 0 1 
1 48.586433 38.651750000000007 6.3999999999999995 -0 1 0 
1 47.431250000000006 38.651750000000007 6.3999999999999995 1 0 -0 
1 47.431250000000006 38.651750000000007 7.0999999999999996 1 0 -0 
1 47.431250000000006 40.692250000000001 6.3999999999999995 1 0 -0 
1 47.431250000000006 40.692250000000001 7.0999999999999996 1 0 -0 
1 20.188749999999999 16.056567000000001 6.3999999999999995 0 0 1 
1 20.188749999999999 16.056567000000001 7.0999999999999996 -0 1 0 
1 20.188749999999999 17.211749999999995 6.3999999999999995 0 0 1 
1 20.188749999999999 16.056567000000001 6.3999999999999995 -0 1 0 
1 22.229249999999993 16.056567000000001 6.3999999999999995 0 0 1 
1 22.229249999999993 16.056567000000001 7.0999999999999996 -0 1 0 
1 22.229249999999993 17.211749999999995 6.3999999999999995 0 0 1 
1 22.229249999999993 16.056567000000001 6.3999999999999995 -0 1 0 
1 20.188749999999999 16.056567000000001 6.3999999999999995 1 0 -0 
1 20.188749999999999 16.056567000000001 7.0999999999999996 1 0 -0 
1 20.188749999999999 17.211749999999995 6.3999999999999995 1 0 -0 
1 20.188749999999999 17.211749999999995 7.0999999999999996 1 0 -0 
1 43.538499999999999 37.513000000000005 5.7999999999999998 0 0 1 
1 43.538499999999999 37.513000000000005 7.0999999999999996 -0 1 0 
1 43.538499999999999 40.866 5.7999999999999998 0 0 1 
1 43.538499999999999 37.513000000000005 5.7999999999999998 -0 1 0 
1 47.169432999999998 37.513000000000005 5.7999999999999998 0 0 1 
1 47.169432999999998 37.513000000000005 7.0999999999999996 -0 1 0 
1 47.169432999999998 40.866 5.7999999999999998 0 0 1 
1 47.169432999999998 37.513000000000005 5.7999999999999998 -0 1 0 
1 43.538499999999999 37.513000000000005 5.7999999999999998 1 0 -0 
1 43.538499999999999 37.513000000000005 7.0999999999999996 1 0 -0 
1 43.538499999999999 40.866 5.7999999999999998 1 0 -0 
1 43.538499999999999 40.866 7.0999999999999996 1 0 -0 
1 44.213750000000005 59.720567000000003 6.3999999999999995 0 0 1 
1 44.213750000000005 59.720567000000003 7.0999999999999996 -0 1 0 
1 44.213750000000005 60.875749999999996 6.3999999999999995 0 0 1 
1 44.213750000000005 59.720567000000003 6.3999999999999995 -0 1 0 
1 46.254250000000013 59.720567000000003 6.3999999999999995 0 0 1 
1 46.254250000000013 59.720567000000003 7.0999999999999996 -0 1 0 
1 46.254250000000013 60.875749999999996 6.3999999999999995 0 0 1 
1 46.254250000000013 59.720567000000003 6.3999999999999995 -0 1 0 
1 44.213750000000005 59.720567000000003 6.3999999999999995 1 0 -0 
1 44.213750000000005 59.720567000000003 7.0999999999999996 1 0 -0 
1 44.213750000000005 60.875749999999996 6.3999999999999995 1 0 -0 
1 44.213750000000005 60.875749999999996 7.0999999999999996 1 0 -0 
1 8.8650000000000002 64.77000000000001 1.5999999999999996 0 0 1 
1 8.8650000000000002 64.77000000000001 7.0999999999999996 -0 1 0 
1 8.8650000000000002 78.909999999999997 1.5999999999999996 0 0 1 
1 8.8650000000000002 64.77000000000001 1.5999999999999996 -0 1 0 
1 15.345000000000001 64.77000000000001 1.5999999999999996 0 0 1 
1 15.345000000000001 64.77000000000001 7.0999999999999996 -0 1 0 
1 15.345000000000001 78.909999999999997 1.5999999999999996 0 0 1 
1 15.345000000000001 64.77000000000001 1.5999999999999996 -0 1 0 
1 8.8650000000000002 64.77000000000001 1.5999999999999996 1 0 -0 
1 8.8650000000000002 64.77000000000001 7.0999999999999996 1 0 -0 
1 8.8650000000000002 78.909999999999997 1.5999999999999996 1 0 -0 
1 8.8650000000000002 78.909999999999997 7.0999999999999996 1 0 -0 
1 44.213750000000005 63.530567000000005 6.3999999999999995 0 0 1 
1 44.213750000000005 63.530567000000005 7.0999999999999996 -0 1 0 
1 44.213750000000005 64.685749999999999 6.3999999999999995 0 0 1 
1 44.213750000000005 63.530567000000005 6.3999999999999995 -0 1 0 
1 46.254250000000013 63.530567000000005 6.3999999999999995 0 0 1 
1 46.254250000000013 63.530567000000005 7.0999999999999996 -0 1 0 
1 46.254250000000013 64.685749999999999 6.3999999999999995 0 0 1 
1 46.254250000000013 63.530567000000005 6.3999999999999995 -0 1 0 
1 44.213750000000005 63.530567000000005 6.3999999999999995 1 0 -0 
1 44.213750000000005 63.530567000000005 7.0999999999999996 1 0 -0 
1 44.213750000000005 64.685749999999999 6.3999999999999995 1 0 -0 
1 44.213750000000005 64.685749999999999 7.0999999999999996 1 0 -0 
1 40.823499999999996 58.072999999999993 6.0999999999999996 0 0 1 
1 40.823499999999996 58.072999999999993 7.0999999999999996 -0 1 0 
1 40.823499999999996 59.747000999999997 6.0999999999999996 0 0 1 
1 40.823499999999996 58.072999999999993 6.0999999999999996 -0 1 0 
1 43.857501000000013 58.072999999999993 6.0999999999999996 0 0 1 
1 43.857501000000013 58.072999999999993 7.0999999999999996 -0 1 0 
1 43.857501000000013 59.747000999999997 6.0999999999999996 0 0 1 
1 43.857501000000013 58.072999999999993 6.0999999999999996 -0 1 0 
1 40.823499999999996 58.072999999999993 6.0999999999999996 1 0 -0 
1 40.823499999999996 58.072999999999993 7.0999999999999996 1 0 -0 
1 40.823499999999996 59.747000999999997 6.0999999999999996 1 0 -0 
1 40.823499999999996 59.747000999999997 7.0999999999999996 1 0 -0 
1 39.670567000000005 41.766750000000002 6.0999999999999996 0 0 1 
1 39.670567000000005 41.766750000000002 7.0999999999999996 -0 1 0 
1 39.670567000000005 43.667249999999996 6.0999999999999996 0 0 1 
1 39.670567000000005 41.766750000000002 6.0999999999999996 -0 1 0 
1 40.826750000000004 41.766750000000002 6.0999999999999996 0 0 1 
1 40.826750000000004 41.766750000000002 7.0999999999999996 -0 1 0 
1 40.826750000000004 43.667249999999996 6.0999999999999996 0 0 1 
1 40.826750000000004 41.766750000000002 6.0999999999999996 -0 1 0 
1 39.670567000000005 41.766750000000002 6.0999999999999996 1 0 -0 
1 39.670567000000005 41.766750000000002 7.0999999999999996 1 0 -0 
1 39.670567000000005 43.667249999999996 6.0999999999999996 1 0 -0 
1 39.670567000000005 43.667249999999996 7.0999999999999996 1 0 -0 
1 19.993566999999999 13.984749999999998 6.0999999999999996 0 0 1 
1 19.993566999999999 13.984749999999998 7.0999999999999996 -0 1 0 
1 19.993566999999999 15.885249999999999 6.0999999999999996 0 0 1 
1 19.993566999999999 13.984749999999998 6.0999999999999996 -0 1 0 
1 21.149749999999997 13.984749999999998 6.0999999999999996 0 0 1 
1 21.149749999999997 13.984749999999998 7.0999999999999996 -0 1 0 
1 21.149749999999997 15.885249999999999 6.0999999999999996 0 0 1 
1 21.149749999999997 13.984749999999998 6.0999999999999996 -0 1 0 
1 19.993566999999999 13.984749999999998 6.0999999999999996 1 0 -0 
1 19.993566999999999 13.984749999999998 7.0999999999999996 1 0 -0 
1 19.993566999999999 15.885249999999999 6.0999999999999996 1 0 -0 
1 19.993566999999999 15.885249999999999 7.0999999999999996 1 0 -0 
1 8.5635670000000061 30.21575 6.0999999999999996 0 0 1 
1 8.5635670000000061 30.21575 7.0999999999999996 -0 1 0 
1 8.5635670000000061 32.116249999999994 6.0999999999999996 0 0 1 
1 8.5635670000000061 30.21575 6.0999999999999996 -0 1 0 
1 9.7197500000000048 30.21575 6.0999999999999996 0 0 1 
1 9.7197500000000048 30.21575 7.0999999999999996 -0 1 0 
1 9.7197500000000048 32.116249999999994 6.0999999999999996 0 0 1 
1 9.7197500000000048 30.21575 6.0999999999999996 -0 1 0 
1 8.5635670000000061 30.21575 6.0999999999999996 1 0 -0 
1 8.5635670000000061 30.21575 7.0999999999999996 1 0 -0 
1 8.5635670000000061 32.116249999999994 6.0999999999999996 1 0 -0 
1 8.5635670000000061 32.116249999999994 7.0999999999999996 1 0 -0 
1 23.173249999999996 9.4637499999999974 6.0999999999999996 0 0 1 
1 23.173249999999996 9.4637499999999974 7.0999999999999996 -0 1 0 
1 23.173249999999996 11.364249999999998 6.0999999999999996 0 0 1 
1 23.173249999999996 9.4637499999999974 6.0999999999999996 -0 1 0 
1 24.329432999999995 9.4637499999999974 6.0999999999999996 0 0 1 
1 24.329432999999995 9.4637499999999974 7.0999999999999996 -0 1 0 
1 24.329432999999995 11.364249999999998 6.0999999999999996 0 0 1 
1 24.329432999999995 9.4637499999999974 6.0999999999999996 -0 1 0 
1 23.173249999999996 9.4637499999999974 6.0999999999999996 1 0 -0 
1 23.173249999999996 9.4637499999999974 7.0999999999999996 1 0 -0 
1 23.173249999999996 11.364249999999998 6.0999999999999996 1 0 -0 
1 23.173249999999996 11.364249999999998 7.0999999999999996 1 0 -0 
1 4.9989999999999952 28.327500000000001 5.7999999999999998 0 0 1 
1 4.9989999999999952 28.327500000000001 7.0999999999999996 -0 1 0 
1 4.9989999999999952 32.257000000000005 5.7999999999999998 0 0 1 
1 4.9989999999999952 28.327500000000001 5.7999999999999998 -0 1 0 
1 8.2489999999999952 28.327500000000001 5.7999999999999998 0 0 1 
1 8.2489999999999952 28.327500000000001 7.0999999999999996 -0 1 0 
1 8.2489999999999952 32.257000000000005 5.7999999999999998 0 0 1 
1 8.2489999999999952 28.327500000000001 5.7999999999999998 -0 1 0 
1 4.9989999999999952 28.327500000000001 5.7999999999999998 1 0 -0 
1 4.9989999999999952 28.327500000000001 7.0999999999999996 1 0 -0 
1 4.9989999999999952 32.257000000000005 5.7999999999999998 1 0 -0 
1 4.9989999999999952 32.257000000000005 7.0999999999999996 1 0 -0 
1 25.725999999999999 65.848500000000001 5.7999999999999998 0 0 1 
1 25.725999999999999 65.848500000000001 7.0999999999999996 -0 1 0 
1 25.725999999999999 69.581000000000003 5.7999999999999998 0 0 1 
1 25.725999999999999 65.848500000000001 5.7999999999999998 -0 1 0 
1 29.645999999999987 65.848500000000001 5.7999999999999998 0 0 1 
1 29.645999999999987 65.848500000000001 7.0999999999999996 -0 1 0 
1 29.645999999999987 69.581000000000003 5.7999999999999998 0 0 1 
1 29.645999999999987 65.848500000000001 5.7999999999999998 -0 1 0 
1 25.725999999999999 65.848500000000001 5.7999999999999998 1 0 -0 
1 25.725999999999999 65.848500000000001 7.0999999999999996 1 0 -0 
1 25.725999999999999 69.581000000000003 5.7999999999999998 1 0 -0 
1 25.725999999999999 69.581000000000003 7.0999999999999996 1 0 -0 
1 30.422500000000014 60.089500000000001 5.7999999999999998 0 0 1 
1 30.422500000000014 60.089500000000001 7.0999999999999996 -0 1 0 
1 30.422500000000014 64.974500000000006 5.7999999999999998 0 0 1 
1 30.422500000000014 60.089500000000001 5.7999999999999998 -0 1 0 
1 32.853432999999995 60.089500000000001 5.7999999999999998 0 0 1 
1 32.853432999999995 60.089500000000001 7.0999999999999996 -0 1 0 
1 32.853432999999995 64.974500000000006 5.7999999999999998 0 0 1 
1 32.853432999999995 60.089500000000001 5.7999999999999998 -0 1 0 
1 30.422500000000014 60.089500000000001 5.7999999999999998 1 0 -0 
1 30.422500000000014 60.089500000000001 7.0999999999999996 1 0 -0 
1 30.422500000000014 64.974500000000006 5.7999999999999998 1 0 -0 
1 30.422500000000014 64.974500000000006 7.0999999999999996 1 0 -0 
1 21.281066999999993 13.979750000000003 6.0999999999999996 0 0 1 
1 21.281066999999993 13.979750000000003 7.0999999999999996 -0 1 0 
1 21.281066999999993 15.880250000000004 6.0999999999999996 0 0 1 
1 21.281066999999993 13.979750000000003 6.0999999999999996 -0 1 0 
1 22.437250000000006 13.979750000000003 6.0999999999999996 0 0 1 
1 22.437250000000006 13.979750000000003 7.0999999999999996 -0 1 0 
1 22.437250000000006 15.880250000000004 6.0999999999999996 0 0 1 
1 22.437250000000006 13.979750000000003 6.0999999999999996 -0 1 0 
1 21.281066999999993 13.979750000000003 6.0999999999999996 1 0 -0 
1 21.281066999999993 13.979750000000003 7.0999999999999996 1 0 -0 
1 21.281066999999993 15.880250000000004 6.0999999999999996 1 0 -0 
1 21.281066999999993 15.880250000000004 7.0999999999999996 1 0 -0 
1 20.188749999999999 18.596566999999993 6.3999999999999995 0 0 1 
1 20.188749999999999 18.596566999999993 7.0999999999999996 -0 1 0 
1 20.188749999999999 19.751750000000001 6.3999999999999995 0 0 1 
1 20.188749999999999 18.596566999999993 6.3999999999999995 -0 1 0 
1 22.229249999999993 18.596566999999993 6.3999999999999995 0 0 1 
1 22.229249999999993 18.596566999999993 7.0999999999999996 -0 1 0 
1 22.229249999999993 19.751750000000001 6.3999999999999995 0 0 1 
1 22.229249999999993 18.596566999999993 6.3999999999999995 -0 1 0 
1 20.188749999999999 18.596566999999993 6.3999999999999995 1 0 -0 
1 20.188749999999999 18.596566999999993 7.0999999999999996 1 0 -0 
1 20.188749999999999 19.751750000000001 6.3999999999999995 1 0 -0 
1 20.188749999999999 19.751750000000001 7.0999999999999996 1 0 -0 
1 25.708567000000002 44.620750000000001 6.3999999999999995 0 0 1 
1 25.708567000000002 44.620750000000001 7.0999999999999996 -0 1 0 
1 25.708567000000002 46.661249999999995 6.3999999999999995 0 0 1 
1 25.708567000000002 44.620750000000001 6.3999999999999995 -0 1 0 
1 26.863749999999996 44.620750000000001 6.3999999999999995 0 0 1 
1 26.863749999999996 44.620750000000001 7.0999999999999996 -0 1 0 
1 26.863749999999996 46.661249999999995 6.3999999999999995 0 0 1 
1 26.863749999999996 44.620750000000001 6.3999999999999995 -0 1 0 
1 25.708567000000002 44.620750000000001 6.3999999999999995 1 0 -0 
1 25.708567000000002 44.620750000000001 7.0999999999999996 1 0 -0 
1 25.708567000000002 46.661249999999995 6.3999999999999995 1 0 -0 
1 25.708567000000002 46.661249999999995 7.0999999999999996 1 0 -0 
1 31.453000000000003 46.811499999999995 5.7999999999999998 0 0 1 
1 31.453000000000003 46.811499999999995 7.0999999999999996 -0 1 0 
1 31.453000000000003 50.466999999999999 5.7999999999999998 0 0 1 
1 31.453000000000003 46.811499999999995 5.7999999999999998 -0 1 0 
1 35.603000000000009 46.811499999999995 5.7999999999999998 0 0 1 
1 35.603000000000009 46.811499999999995 7.0999999999999996 -0 1 0 
1 35.603000000000009 50.466999999999999 5.7999999999999998 0 0 1 
1 35.603000000000009 46.811499999999995 5.7999999999999998 -0 1 0 
1 31.453000000000003 46.811499999999995 5.7999999999999998 1 0 -0 
1 31.453000000000003 46.811499999999995 7.0999999999999996 1 0 -0 
1 31.453000000000003 50.466999999999999 5.7999999999999998 1 0 -0 
1 31.453000000000003 50.466999999999999 7.0999999999999996 1 0 -0 
1 4.470249999999993 39.599566999999993 6.0999999999999996 0 0 1 
1 4.470249999999993 39.599566999999993 7.0999999999999996 -0 1 0 
1 4.470249999999993 40.754750000000001 6.0999999999999996 0 0 1 
1 4.470249999999993 39.599566999999993 6.0999999999999996 -0 1 0 
1 6.9597519999999946 39.599566999999993 6.0999999999999996 0 0 1 
1 6.9597519999999946 39.599566999999993 7.0999999999999996 -0 1 0 
1 6.9597519999999946 40.754750000000001 6.0999999999999996 0 0 1 
1 6.9597519999999946 39.599566999999993 6.0999999999999996 -0 1 0 
1 4.470249999999993 39.599566999999993 6.0999999999999996 1 0 -0 
1 4.470249999999993 39.599566999999993 7.0999999999999996 1 0 -0 
1 4.470249999999993 40.754750000000001 6.0999999999999996 1 0 -0 
1 4.470249999999993 40.754750000000001 7.0999999999999996 1 0 -0 
1 20.188749999999999 11.992567000000001 6.3999999999999995 0 0 1 
1 20.188749999999999 11.992567000000001 7.0999999999999996 -0 1 0 
1 20.188749999999999 13.147750000000002 6.3999999999999995 0 0 1 
1 20.188749999999999 11.992567000000001 6.3999999999999995 -0 1 0 
1 22.229249999999993 11.992567000000001 6.3999999999999995 0 0 1 
1 22.229249999999993 11.992567000000001 7.0999999999999996 -0 1 0 
1 22.229249999999993 13.147750000000002 6.3999999999999995 0 0 1 
1 22.229249999999993 11.992567000000001 6.3999999999999995 -0 1 0 
1 20.188749999999999 11.992567000000001 6.3999999999999995 1 0 -0 
1 20.188749999999999 11.992567000000001 7.0999999999999996 1 0 -0 
1 20.188749999999999 13.147750000000002 6.3999999999999995 1 0 -0 
1 20.188749999999999 13.147750000000002 7.0999999999999996 1 0 -0 
1 39.675250000000005 39.684250000000006 6.0999999999999996 0 0 1 
1 39.675250000000005 39.684250000000006 7.0999999999999996 -0 1 0 
1 39.675250000000005 41.58475 6.0999999999999996 0 0 1 
1 39.675250000000005 39.684250000000006 6.0999999999999996 -0 1 0 
1 40.831433000000004 39.684250000000006 6.0999999999999996 0 0 1 
1 40.831433000000004 39.684250000000006 7.0999999999999996 -0 1 0 
1 40.831433000000004 41.58475 6.0999999999999996 0 0 1 
1 40.831433000000004 39.684250000000006 6.0999999999999996 -0 1 0 
1 39.675250000000005 39.684250000000006 6.0999999999999996 1 0 -0 
1 39.675250000000005 39.684250000000006 7.0999999999999996 1 0 -0 
1 39.675250000000005 41.58475 6.0999999999999996 1 0 -0 
1 39.675250000000005 41.58475 7.0999999999999996 1 0 -0 
1 45.580749999999995 44.650750000000002 6.3999999999999995 0 0 1 
1 45.580749999999995 44.650750000000002 7.0999999999999996 -0 1 0 
1 45.580749999999995 49.425250000000005 6.3999999999999995 0 0 1 
1 45.580749999999995 44.650750000000002 6.3999999999999995 -0 1 0 
1 47.891250000000014 44.650750000000002 6.3999999999999995 0 0 1 
1 47.891250000000014 44.650750000000002 7.0999999999999996 -0 1 0 
1 47.891250000000014 49.425250000000005 6.3999999999999995 0 0 1 
1 47.891250000000014 44.650750000000002 6.3999999999999995 -0 1 0 
1 45.580749999999995 44.650750000000002 6.3999999999999995 1 0 -0 
1 45.580749999999995 44.650750000000002 7.0999999999999996 1 0 -0 
1 45.580749999999995 49.425250000000005 6.3999999999999995 1 0 -0 
1 45.580749999999995 49.425250000000005 7.0999999999999996 1 0 -0 
1 35.834000000000003 48.723500000000001 4.5999999999999996 0 0 1 
1 35.834000000000003 48.723500000000001 7.0999999999999996 -0 1 0 
1 35.834000000000003 50.993499999999997 4.5999999999999996 0 0 1 
1 35.834000000000003 48.723500000000001 4.5999999999999996 -0 1 0 
1 39.039999999999992 48.723500000000001 4.5999999999999996 0 0 1 
1 39.039999999999992 48.723500000000001 7.0999999999999996 -0 1 0 
1 39.039999999999992 50.993499999999997 4.5999999999999996 0 0 1 
1 39.039999999999992 48.723500000000001 4.5999999999999996 -0 1 0 
1 35.834000000000003 48.723500000000001 4.5999999999999996 1 0 -0 
1 35.834000000000003 48.723500000000001 7.0999999999999996 1 0 -0 
1 35.834000000000003 50.993499999999997 4.5999999999999996 1 0 -0 
1 35.834000000000003 50.993499999999997 7.0999999999999996 1 0 -0 
1 21.52225 48.627750000000006 6.0999999999999996 0 0 1 
1 21.52225 48.627750000000006 7.0999999999999996 -0 1 0 
1 21.52225 50.52825 6.0999999999999996 0 0 1 
1 21.52225 48.627750000000006 6.0999999999999996 -0 1 0 
1 22.678432999999998 48.627750000000006 6.0999999999999996 0 0 1 
1 22.678432999999998 48.627750000000006 7.0999999999999996 -0 1 0 
1 22.678432999999998 50.52825 6.0999999999999996 0 0 1 
1 22.678432999999998 48.627750000000006 6.0999999999999996 -0 1 0 
1 21.52225 48.627750000000006 6.0999999999999996 1 0 -0 
1 21.52225 48.627750000000006 7.0999999999999996 1 0 -0 
1 21.52225 50.52825 6.0999999999999996 1 0 -0 
1 21.52225 50.52825 7.0999999999999996 1 0 -0 
1 32.772999999999996 61.441000000000003 6.0999999999999996 0 0 1 
1 32.772999999999996 61.441000000000003 7.0999999999999996 -0 1 0 
1 32.772999999999996 63.115001000000007 6.0999999999999996 0 0 1 
1 32.772999999999996 61.441000000000003 6.0999999999999996 -0 1 0 
1 35.807001000000014 61.441000000000003 6.0999999999999996 0 0 1 
1 35.807001000000014 61.441000000000003 7.0999999999999996 -0 1 0 
1 35.807001000000014 63.115001000000007 6.0999999999999996 0 0 1 
1 35.807001000000014 61.441000000000003 6.0999999999999996 -0 1 0 
1 32.772999999999996 61.441000000000003 6.0999999999999996 1 0 -0 
1 32.772999999999996 61.441000000000003 7.0999999999999996 1 0 -0 
1 32.772999999999996 63.115001000000007 6.0999999999999996 1 0 -0 
1 32.772999999999996 63.115001000000007 7.0999999999999996 1 0 -0 
1 46.542249999999996 67.002250000000004 6.0999999999999996 0 0 1 
1 46.542249999999996 67.002250000000004 7.0999999999999996 -0 1 0 
1 46.542249999999996 69.491752000000005 6.0999999999999996 0 0 1 
1 46.542249999999996 67.002250000000004 6.0999999999999996 -0 1 0 
1 47.69743299999999 67.002250000000004 6.0999999999999996 0 0 1 
1 47.69743299999999 67.002250000000004 7.0999999999999996 -0 1 0 
1 47.69743299999999 69.491752000000005 6.0999999999999996 0 0 1 
1 47.69743299999999 67.002250000000004 6.0999999999999996 -0 1 0 
1 46.542249999999996 67.002250000000004 6.0999999999999996 1 0 -0 
1 46.542249999999996 67.002250000000004 7.0999999999999996 1 0 -0 
1 46.542249999999996 69.491752000000005 6.0999999999999996 1 0 -0 
1 46.542249999999996 69.491752000000005 7.0999999999999996 1 0 -0 
1 2.7044999999999959 8.1390000000000029 5.2999999999999998 0 0 1 
1 2.7044999999999959 8.1390000000000029 7.0999999999999996 -0 1 0 
1 2.7044999999999959 25.388999999999996 5.2999999999999998 0 0 1 
1 2.7044999999999959 8.1390000000000029 5.2999999999999998 -0 1 0 
1 19.075000000000003 8.1390000000000029 5.2999999999999998 0 0 1 
1 19.075000000000003 8.1390000000000029 7.0999999999999996 -0 1 0 
1 19.075000000000003 25.388999999999996 5.2999999999999998 0 0 1 
1 19.075000000000003 8.1390000000000029 5.2999999999999998 -0 1 0 
1 2.7044999999999959 8.1390000000000029 5.2999999999999998 1 0 -0 
1 2.7044999999999959 8.1390000000000029 7.0999999999999996 1 0 -0 
1 2.7044999999999959 25.388999999999996 5.2999999999999998 1 0 -0 
1 2.7044999999999959 25.388999999999996 7.0999999999999996 1 0 -0 
1 26.851567000000003 55.288749999999993 6.3999999999999995 0 0 1 
1 26.851567000000003 55.288749999999993 7.0999999999999996 -0 1 0 
1 26.851567000000003 57.329250000000002 6.3999999999999995 0 0 1 
1 26.851567000000003 55.288749999999993 6.3999999999999995 -0 1 0 
1 28.006749999999997 55.288749999999993 6.3999999999999995 0 0 1 
1 28.006749999999997 55.288749999999993 7.0999999999999996 -0 1 0 
1 28.006749999999997 57.329250000000002 6.3999999999999995 0 0 1 
1 28.006749999999997 55.288749999999993 6.3999999999999995 -0 1 0 
1 26.851567000000003 55.288749999999993 6.3999999999999995 1 0 -0 
1 26.851567000000003 55.288749999999993 7.0999999999999996 1 0 -0 
1 26.851567000000003 57.329250000000002 6.3999999999999995 1 0 -0 
1 26.851567000000003 57.329250000000002 7.0999999999999996 1 0 -0 
1 36.889250000000004 52.310749999999999 6.0999999999999996 0 0 1 
1 36.889250000000004 52.310749999999999 7.0999999999999996 -0 1 0 
1 36.889250000000004 54.211250000000007 6.0999999999999996 0 0 1 
1 36.889250000000004 52.310749999999999 6.0999999999999996 -0 1 0 
1 38.045433000000003 52.310749999999999 6.0999999999999996 0 0 1 
1 38.045433000000003 52.310749999999999 7.0999999999999996 -0 1 0 
1 38.045433000000003 54.211250000000007 6.0999999999999996 0 0 1 
1 38.045433000000003 52.310749999999999 6.0999999999999996 -0 1 0 
1 36.889250000000004 52.310749999999999 6.0999999999999996 1 0 -0 
1 36.889250000000004 52.310749999999999 7.0999999999999996 1 0 -0 
1 36.889250000000004 54.211250000000007 6.0999999999999996 1 0 -0 
1 36.889250000000004 54.211250000000007 7.0999999999999996 1 0 -0 
1 23.091499999999996 54.457999999999998 5.7999999999999998 0 0 1 
1 23.091499999999996 54.457999999999998 7.0999999999999996 -0 1 0 
1 23.091499999999996 60.548000000000002 5.7999999999999998 0 0 1 
1 23.091499999999996 54.457999999999998 5.7999999999999998 -0 1 0 
1 26.692499999999995 54.457999999999998 5.7999999999999998 0 0 1 
1 26.692499999999995 54.457999999999998 7.0999999999999996 -0 1 0 
1 26.692499999999995 60.548000000000002 5.7999999999999998 0 0 1 
1 26.692499999999995 54.457999999999998 5.7999999999999998 -0 1 0 
1 23.091499999999996 54.457999999999998 5.7999999999999998 1 0 -0 
1 23.091499999999996 54.457999999999998 7.0999999999999996 1 0 -0 
1 23.091499999999996 60.548000000000002 5.7999999999999998 1 0 -0 
1 23.091499999999996 60.548000000000002 7.0999999999999996 1 0 -0 
1 24.438567000000006 12.130749999999999 6.0999999999999996 0 0 1 
1 24.438567000000006 12.130749999999999 7.0999999999999996 -0 1 0 
1 24.438567000000006 14.03125 6.0999999999999996 0 0 1 
1 24.438567000000006 12.130749999999999 6.0999999999999996 -0 1 0 
1 25.594750000000005 12.130749999999999 6.0999999999999996 0 0 1 
1 25.594750000000005 12.130749999999999 7.0999999999999996 -0 1 0 
1 25.594750000000005 14.03125 6.0999999999999996 0 0 1 
1 25.594750000000005 12.130749999999999 6.0999999999999996 -0 1 0 
1 24.438567000000006 12.130749999999999 6.0999999999999996 1 0 -0 
1 24.438567000000006 12.130749999999999 7.0999999999999996 1 0 -0 
1 24.438567000000006 14.03125 6.0999999999999996 1 0 -0 
1 24.438567000000006 14.03125 7.0999999999999996 1 0 -0 
1 34.551999999999992 56.738 4.5999999999999996 0 0 1 
1 34.551999999999992 56.738 7.0999999999999996 -0 1 0 
1 34.551999999999992 59.944000000000003 4.5999999999999996 0 0 1 
1 34.551999999999992 56.738 4.5999999999999996 -0 1 0 
1 36.822000000000003 56.738 4.5999999999999996 0 0 1 
1 36.822000000000003 56.738 7.0999999999999996 -0 1 0 
1 36.822000000000003 59.944000000000003 4.5999999999999996 0 0 1 
1 36.822000000000003 56.738 4.5999999999999996 -0 1 0 
1 34.551999999999992 56.738 4.5999999999999996 1 0 -0 
1 34.551999999999992 56.738 7.0999999999999996 1 0 -0 
1 34.551999999999992 59.944000000000003 4.5999999999999996 1 0 -0 
1 34.551999999999992 59.944000000000003 7.0999999999999996 1 0 -0 
1 44.504567000000009 41.064750000000004 6.3999999999999995 0 0 1 
1 44.504567000000009 41.064750000000004 7.0999999999999996 -0 1 0 
1 44.504567000000009 43.105249999999998 6.3999999999999995 0 0 1 
1 44.504567000000009 41.064750000000004 6.3999999999999995 -0 1 0 
1 45.659750000000003 41.064750000000004 6.3999999999999995 0 0 1 
1 45.659750000000003 41.064750000000004 7.0999999999999996 -0 1 0 
1 45.659750000000003 43.105249999999998 6.3999999999999995 0 0 1 
1 45.659750000000003 41.064750000000004 6.3999999999999995 -0 1 0 
1 44.504567000000009 41.064750000000004 6.3999999999999995 1 0 -0 
1 44.504567000000009 41.064750000000004 7.0999999999999996 1 0 -0 
1 44.504567000000009 43.105249999999998 6.3999999999999995 1 0 -0 
1 44.504567000000009 43.105249999999998 7.0999999999999996 1 0 -0 
1 4.8217499999999944 40.996566999999999 6.3999999999999995 0 0 1 
1 4.8217499999999944 40.996566999999999 7.0999999999999996 -0 1 0 
1 4.8217499999999944 42.151750000000007 6.3999999999999995 0 0 1 
1 4.8217499999999944 40.996566999999999 6.3999999999999995 -0 1 0 
1 6.8622500000000031 40.996566999999999 6.3999999999999995 0 0 1 
1 6.8622500000000031 40.996566999999999 7.0999999999999996 -0 1 0 
1 6.8622500000000031 42.151750000000007 6.3999999999999995 0 0 1 
1 6.8622500000000031 40.996566999999999 6.3999999999999995 -0 1 0 
1 4.8217499999999944 40.996566999999999 6.3999999999999995 1 0 -0 
1 4.8217499999999944 40.996566999999999 7.0999999999999996 1 0 -0 
1 4.8217499999999944 42.151750000000007 6.3999999999999995 1 0 -0 
1 4.8217499999999944 42.151750000000007 7.0999999999999996 1 0 -0 
1 15.265249999999995 37.364566999999994 6.0999999999999996 0 0 1 
1 15.265249999999995 37.364566999999994 7.0999999999999996 -0 1 0 
1 15.265249999999995 38.519750000000002 6.0999999999999996 0 0 1 
1 15.265249999999995 37.364566999999994 6.0999999999999996 -0 1 0 
1 17.754751999999996 37.364566999999994 6.0999999999999996 0 0 1 
1 17.754751999999996 37.364566999999994 7.0999999999999996 -0 1 0 
1 17.754751999999996 38.519750000000002 6.0999999999999996 0 0 1 
1 17.754751999999996 37.364566999999994 6.0999999999999996 -0 1 0 
1 15.265249999999995 37.364566999999994 6.0999999999999996 1 0 -0 
1 15.265249999999995 37.364566999999994 7.0999999999999996 1 0 -0 
1 15.265249999999995 38.519750000000002 6.0999999999999996 1 0 -0 
1 15.265249999999995 38.519750000000002 7.0999999999999996 1 0 -0 
1 43.234566999999998 41.064750000000004 6.3999999999999995 0 0 1 
1 43.234566999999998 41.064750000000004 7.0999999999999996 -0 1 0 
1 43.234566999999998 43.105249999999998 6.3999999999999995 0 0 1 
1 43.234566999999998 41.064750000000004 6.3999999999999995 -0 1 0 
1 44.389749999999992 41.064750000000004 6.3999999999999995 0 0 1 
1 44.389749999999992 41.064750000000004 7.0999999999999996 -0 1 0 
1 44.389749999999992 43.105249999999998 6.3999999999999995 0 0 1 
1 44.389749999999992 41.064750000000004 6.3999999999999995 -0 1 0 
1 43.234566999999998 41.064750000000004 6.3999999999999995 1 0 -0 
1 43.234566999999998 41.064750000000004 7.0999999999999996 1 0 -0 
1 43.234566999999998 43.105249999999998 6.3999999999999995 1 0 -0 
1 43.234566999999998 43.105249999999998 7.0999999999999996 1 0 -0 
1 5.0075669999999946 59.255247999999995 6.0999999999999996 0 0 1 
1 5.0075669999999946 59.255247999999995 7.0999999999999996 -0 1 0 
1 5.0075669999999946 61.744749999999996 6.0999999999999996 0 0 1 
1 5.0075669999999946 59.255247999999995 6.0999999999999996 -0 1 0 
1 6.1627500000000026 59.255247999999995 6.0999999999999996 0 0 1 
1 6.1627500000000026 59.255247999999995 7.0999999999999996 -0 1 0 
1 6.1627500000000026 61.744749999999996 6.0999999999999996 0 0 1 
1 6.1627500000000026 59.255247999999995 6.0999999999999996 -0 1 0 
1 5.0075669999999946 59.255247999999995 6.0999999999999996 1 0 -0 
1 5.0075669999999946 59.255247999999995 7.0999999999999996 1 0 -0 
1 5.0075669999999946 61.744749999999996 6.0999999999999996 1 0 -0 
1 5.0075669999999946 61.744749999999996 7.0999999999999996 1 0 -0 
1 8.8232500000000016 38.905749999999998 6.3999999999999995 0 0 1 
1 8.8232500000000016 38.905749999999998 7.0999999999999996 -0 1 0 
1 8.8232500000000016 40.946250000000006 6.3999999999999995 0 0 1 
1 8.8232500000000016 38.905749999999998 6.3999999999999995 -0 1 0 
1 9.9784329999999954 38.905749999999998 6.3999999999999995 0 0 1 
1 9.9784329999999954 38.905749999999998 7.0999999999999996 -0 1 0 
1 9.9784329999999954 40.946250000000006 6.3999999999999995 0 0 1 
1 9.9784329999999954 38.905749999999998 6.3999999999999995 -0 1 0 
1 8.8232500000000016 38.905749999999998 6.3999999999999995 1 0 -0 
1 8.8232500000000016 38.905749999999998 7.0999999999999996 1 0 -0 
1 8.8232500000000016 40.946250000000006 6.3999999999999995 1 0 -0 
1 8.8232500000000016 40.946250000000006 7.0999999999999996 1 0 -0 
1 37.620999000000012 58.066998999999996 6.0999999999999996 0 0 1 
1 37.620999000000012 58.066998999999996 7.0999999999999996 -0 1 0 
1 37.620999000000012 59.741 6.0999999999999996 0 0 1 
1 37.620999000000012 58.066998999999996 6.0999999999999996 -0 1 0 
1 40.655000000000001 58.066998999999996 6.0999999999999996 0 0 1 
1 40.655000000000001 58.066998999999996 7.0999999999999996 -0 1 0 
1 40.655000000000001 59.741 6.0999999999999996 0 0 1 
1 40.655000000000001 58.066998999999996 6.0999999999999996 -0 1 0 
1 37.620999000000012 58.066998999999996 6.0999999999999996 1 0 -0 
1 37.620999000000012 58.066998999999996 7.0999999999999996 1 0 -0 
1 37.620999000000012 59.741 6.0999999999999996 1 0 -0 
1 37.620999000000012 59.741 7.0999999999999996 1 0 -0 
1 45.785750000000007 41.052250000000001 6.0999999999999996 0 0 1 
1 45.785750000000007 41.052250000000001 7.0999999999999996 -0 1 0 
1 45.785750000000007 42.208432999999999 6.0999999999999996 0 0 1 
1 45.785750000000007 41.052250000000001 6.0999999999999996 -0 1 0 
1 47.686250000000001 41.052250000000001 6.0999999999999996 0 0 1 
1 47.686250000000001 41.052250000000001 7.0999999999999996 -0 1 0 
1 47.686250000000001 42.208432999999999 6.0999999999999996 0 0 1 
1 47.686250000000001 41.052250000000001 6.0999999999999996 -0 1 0 
1 45.785750000000007 41.052250000000001 6.0999999999999996 1 0 -0 
1 45.785750000000007 41.052250000000001 7.0999999999999996 1 0 -0 
1 45.785750000000007 42.208432999999999 6.0999999999999996 1 0 -0 
1 45.785750000000007 42.208432999999999 7.0999999999999996 1 0 -0 
1 38.988499999999988 48.622500000000002 5.7999999999999998 0 0 1 
1 38.988499999999988 48.622500000000002 7.0999999999999996 -0 1 0 
1 38.988499999999988 52.872500000000002 5.7999999999999998 0 0 1 
1 38.988499999999988 48.622500000000002 5.7999999999999998 -0 1 0 
1 42.519432999999992 48.622500000000002 5.7999999999999998 0 0 1 
1 42.519432999999992 48.622500000000002 7.0999999999999996 -0 1 0 
1 42.519432999999992 52.872500000000002 5.7999999999999998 0 0 1 
1 42.519432999999992 48.622500000000002 5.7999999999999998 -0 1 0 
1 38.988499999999988 48.622500000000002 5.7999999999999998 1 0 -0 
1 38.988499999999988 48.622500000000002 7.0999999999999996 1 0 -0 
1 38.988499999999988 52.872500000000002 5.7999999999999998 1 0 -0 
1 38.988499999999988 52.872500000000002 7.0999999999999996 1 0 -0 
1 38.996000000000009 52.932000000000002 6.0999999999999996 0 0 1 
1 38.996000000000009 52.932000000000002 7.0999999999999996 -0 1 0 
1 38.996000000000009 54.606001000000006 6.0999999999999996 0 0 1 
1 38.996000000000009 52.932000000000002 6.0999999999999996 -0 1 0 
1 42.030000999999999 52.932000000000002 6.0999999999999996 0 0 1 
1 42.030000999999999 52.932000000000002 7.0999999999999996 -0 1 0 
1 42.030000999999999 54.606001000000006 6.0999999999999996 0 0 1 
1 42.030000999999999 52.932000000000002 6.0999999999999996 -0 1 0 
1 38.996000000000009 52.932000000000002 6.0999999999999996 1 0 -0 
1 38.996000000000009 52.932000000000002 7.0999999999999996 1 0 -0 
1 38.996000000000009 54.606001000000006 6.0999999999999996 1 0 -0 
1 38.996000000000009 54.606001000000006 7.0999999999999996 1 0 -0 
1 44.213750000000005 58.450567000000007 6.3999999999999995 0 0 1 
1 44.213750000000005 58.450567000000007 7.0999999999999996 -0 1 0 
1 44.213750000000005 59.60575 6.3999999999999995 0 0 1 
1 44.213750000000005 58.450567000000007 6.3999999999999995 -0 1 0 
1 46.254250000000013 58.450567000000007 6.3999999999999995 0 0 1 
1 46.254250000000013 58.450567000000007 7.0999999999999996 -0 1 0 
1 46.254250000000013 59.60575 6.3999999999999995 0 0 1 
1 46.254250000000013 58.450567000000007 6.3999999999999995 -0 1 0 
1 44.213750000000005 58.450567000000007 6.3999999999999995 1 0 -0 
1 44.213750000000005 58.450567000000007 7.0999999999999996 1 0 -0 
1 44.213750000000005 59.60575 6.3999999999999995 1 0 -0 
1 44.213750000000005 59.60575 7.0999999999999996 1 0 -0 
1 27.867566999999994 71.417749999999998 6.3999999999999995 0 0 1 
1 27.867566999999994 71.417749999999998 7.0999999999999996 -0 1 0 
1 27.867566999999994 73.458250000000007 6.3999999999999995 0 0 1 
1 27.867566999999994 71.417749999999998 6.3999999999999995 -0 1 0 
1 29.022750000000002 71.417749999999998 6.3999999999999995 0 0 1 
1 29.022750000000002 71.417749999999998 7.0999999999999996 -0 1 0 
1 29.022750000000002 73.458250000000007 6.3999999999999995 0 0 1 
1 29.022750000000002 71.417749999999998 6.3999999999999995 -0 1 0 
1 27.867566999999994 71.417749999999998 6.3999999999999995 1 0 -0 
1 27.867566999999994 71.417749999999998 7.0999999999999996 1 0 -0 
1 27.867566999999994 73.458250000000007 6.3999999999999995 1 0 -0 
1 27.867566999999994 73.458250000000007 7.0999999999999996 1 0 -0 
1 42.678750000000008 50.895750000000007 6.3999999999999995 0 0 1 
1 42.678750000000008 50.895750000000007 7.0999999999999996 -0 1 0 
1 42.678750000000008 52.936250000000001 6.3999999999999995 0 0 1 
1 42.678750000000008 50.895750000000007 6.3999999999999995 -0 1 0 
1 43.833933000000002 50.895750000000007 6.3999999999999995 0 0 1 
1 43.833933000000002 50.895750000000007 7.0999999999999996 -0 1 0 
1 43.833933000000002 52.936250000000001 6.3999999999999995 0 0 1 
1 43.833933000000002 50.895750000000007 6.3999999999999995 -0 1 0 
1 42.678750000000008 50.895750000000007 6.3999999999999995 1 0 -0 
1 42.678750000000008 50.895750000000007 7.0999999999999996 1 0 -0 
1 42.678750000000008 52.936250000000001 6.3999999999999995 1 0 -0 
1 42.678750000000008 52.936250000000001 7.0999999999999996 1 0 -0 
1 26.851567000000003 57.701750000000004 6.3999999999999995 0 0 1 
1 26.851567000000003 57.701750000000004 7.0999999999999996 -0 1 0 
1 26.851567000000003 59.742249999999999 6.3999999999999995 0 0 1 
1 26.851567000000003 57.701750000000004 6.3999999999999995 -0 1 0 
1 28.006749999999997 57.701750000000004 6.3999999999999995 0 0 1 
1 28.006749999999997 57.701750000000004 7.0999999999999996 -0 1 0 
1 28.006749999999997 59.742249999999999 6.3999999999999995 0 0 1 
1 28.006749999999997 57.701750000000004 6.3999999999999995 -0 1 0 
1 26.851567000000003 57.701750000000004 6.3999999999999995 1 0 -0 
1 26.851567000000003 57.701750000000004 7.0999999999999996 1 0 -0 
1 26.851567000000003 59.742249999999999 6.3999999999999995 1 0 -0 
1 26.851567000000003 59.742249999999999 7.0999999999999996 1 0 -0 
1 33.435000000000002 25.808499999999995 8.0999999999999996 0 0 1 
1 33.435000000000002 25.808499999999995 9.4000000000000004 -0 1 0 
1 33.435000000000002 29.339433 8.0999999999999996 0 0 1 
1 33.435000000000002 25.808499999999995 8.0999999999999996 -0 1 0 
1 37.685000000000002 25.808499999999995 8.0999999999999996 0 0 1 
1 37.685000000000002 25.808499999999995 9.4000000000000004 -0 1 0 
1 37.685000000000002 29.339433 8.0999999999999996 0 0 1 
1 37.685000000000002 25.808499999999995 8.0999999999999996 -0 1 0 
1 33.435000000000002 25.808499999999995 8.0999999999999996 1 0 -0 
1 33.435000000000002 25.808499999999995 9.4000000000000004 1 0 -0 
1 33.435000000000002 29.339433 8.0999999999999996 1 0 -0 
1 33.435000000000002 29.339433 9.4000000000000004 1 0 -0 
1 42.532749999999993 22.377750000000006 8.0999999999999996 0 0 1 
1 42.532749999999993 22.377750000000006 8.7999999999999989 -0 1 0 
1 42.532749999999993 27.152249999999995 8.0999999999999996 0 0 1 
1 42.532749999999993 22.377750000000006 8.0999999999999996 -0 1 0 
1 44.843250000000012 22.377750000000006 8.0999999999999996 0 0 1 
1 44.843250000000012 22.377750000000006 8.7999999999999989 -0 1 0 
1 44.843250000000012 27.152249999999995 8.0999999999999996 0 0 1 
1 44.843250000000012 22.377750000000006 8.0999999999999996 -0 1 0 
1 42.532749999999993 22.377750000000006 8.0999999999999996 1 0 -0 
1 42.532749999999993 22.377750000000006 8.7999999999999989 1 0 -0 
1 42.532749999999993 27.152249999999995 8.0999999999999996 1 0 -0 
1 42.532749999999993 27.152249999999995 8.7999999999999989 1 0 -0 
1 28.445750000000004 17.702749999999995 8.0999999999999996 0 0 1 
1 28.445750000000004 17.702749999999995 8.7999999999999989 -0 1 0 
1 28.445750000000004 18.857933000000003 8.0999999999999996 0 0 1 
1 28.445750000000004 17.702749999999995 8.0999999999999996 -0 1 0 
1 30.486250000000013 17.702749999999995 8.0999999999999996 0 0 1 
1 30.486250000000013 17.702749999999995 8.7999999999999989 -0 1 0 
1 30.486250000000013 18.857933000000003 8.0999999999999996 0 0 1 
1 30.486250000000013 17.702749999999995 8.0999999999999996 -0 1 0 
1 28.445750000000004 17.702749999999995 8.0999999999999996 1 0 -0 
1 28.445750000000004 17.702749999999995 8.7999999999999989 1 0 -0 
1 28.445750000000004 18.857933000000003 8.0999999999999996 1 0 -0 
1 28.445750000000004 18.857933000000003 8.7999999999999989 1 0 -0 
1 36.963999999999999 22.403999999999996 8.0999999999999996 0 0 1 
1 36.963999999999999 22.403999999999996 9.0999999999999996 -0 1 0 
1 36.963999999999999 24.078000000000003 8.0999999999999996 0 0 1 
1 36.963999999999999 22.403999999999996 8.0999999999999996 -0 1 0 
1 39.99799999999999 22.403999999999996 8.0999999999999996 0 0 1 
1 39.99799999999999 22.403999999999996 9.0999999999999996 -0 1 0 
1 39.99799999999999 24.078000000000003 8.0999999999999996 0 0 1 
1 39.99799999999999 22.403999999999996 8.0999999999999996 -0 1 0 
1 36.963999999999999 22.403999999999996 8.0999999999999996 1 0 -0 
1 36.963999999999999 22.403999999999996 9.0999999999999996 1 0 -0 
1 36.963999999999999 24.078000000000003 8.0999999999999996 1 0 -0 
1 36.963999999999999 24.078000000000003 9.0999999999999996 1 0 -0 
1 45.461749999999995 26.216566999999998 8.0999999999999996 0 0 1 
1 45.461749999999995 26.216566999999998 8.7999999999999989 -0 1 0 
1 45.461749999999995 27.371750000000006 8.0999999999999996 0 0 1 
1 45.461749999999995 26.216566999999998 8.0999999999999996 -0 1 0 
1 47.502250000000004 26.216566999999998 8.0999999999999996 0 0 1 
1 47.502250000000004 26.216566999999998 8.7999999999999989 -0 1 0 
1 47.502250000000004 27.371750000000006 8.0999999999999996 0 0 1 
1 47.502250000000004 26.216566999999998 8.0999999999999996 -0 1 0 
1 45.461749999999995 26.216566999999998 8.0999999999999996 1 0 -0 
1 45.461749999999995 26.216566999999998 8.7999999999999989 1 0 -0 
1 45.461749999999995 27.371750000000006 8.0999999999999996 1 0 -0 
1 45.461749999999995 27.371750000000006 8.7999999999999989 1 0 -0 
1 28.443749999999994 19.237250000000003 8.0999999999999996 0 0 1 
1 28.443749999999994 19.237250000000003 8.7999999999999989 -0 1 0 
1 28.443749999999994 20.392432999999997 8.0999999999999996 0 0 1 
1 28.443749999999994 19.237250000000003 8.0999999999999996 -0 1 0 
1 30.484250000000003 19.237250000000003 8.0999999999999996 0 0 1 
1 30.484250000000003 19.237250000000003 8.7999999999999989 -0 1 0 
1 30.484250000000003 20.392432999999997 8.0999999999999996 0 0 1 
1 30.484250000000003 19.237250000000003 8.0999999999999996 -0 1 0 
1 28.443749999999994 19.237250000000003 8.0999999999999996 1 0 -0 
1 28.443749999999994 19.237250000000003 8.7999999999999989 1 0 -0 
1 28.443749999999994 20.392432999999997 8.0999999999999996 1 0 -0 
1 28.443749999999994 20.392432999999997 8.7999999999999989 1 0 -0 
1 33.575999999999993 23.503 8.0999999999999996 0 0 1 
1 33.575999999999993 23.503 10.6 -0 1 0 
1 33.575999999999993 25.772999999999996 8.0999999999999996 0 0 1 
1 33.575999999999993 23.503 8.0999999999999996 -0 1 0 
1 36.782000000000011 23.503 8.0999999999999996 0 0 1 
1 36.782000000000011 23.503 10.6 -0 1 0 
1 36.782000000000011 25.772999999999996 8.0999999999999996 0 0 1 
1 36.782000000000011 23.503 8.0999999999999996 -0 1 0 
1 33.575999999999993 23.503 8.0999999999999996 1 0 -0 
1 33.575999999999993 23.503 10.6 1 0 -0 
1 33.575999999999993 25.772999999999996 8.0999999999999996 1 0 -0 
1 33.575999999999993 25.772999999999996 10.6 1 0 -0 
1 36.963999999999999 24.182000000000002 8.0999999999999996 0 0 1 
1 36.963999999999999 24.182000000000002 9.0999999999999996 -0 1 0 
1 36.963999999999999 25.855999999999995 8.0999999999999996 0 0 1 
1 36.963999999999999 24.182000000000002 8.0999999999999996 -0 1 0 
1 39.99799999999999 24.182000000000002 8.0999999999999996 0 0 1 
1 39.99799999999999 24.182000000000002 9.0999999999999996 -0 1 0 
1 39.99799999999999 25.855999999999995 8.0999999999999996 0 0 1 
1 39.99799999999999 24.182000000000002 8.0999999999999996 -0 1 0 
1 36.963999999999999 24.182000000000002 8.0999999999999996 1 0 -0 
1 36.963999999999999 24.182000000000002 9.0999999999999996 1 0 -0 
1 36.963999999999999 25.855999999999995 8.0999999999999996 1 0 -0 
1 36.963999999999999 25.855999999999995 9.0999999999999996 1 0 -0 
1 31.212250000000012 27.918566999999996 8.0999999999999996 0 0 1 
1 31.212250000000012 27.918566999999996 8.7999999999999989 -0 1 0 
1 31.212250000000012 29.073750000000004 8.0999999999999996 0 0 1 
1 31.212250000000012 27.918566999999996 8.0999999999999996 -0 1 0 
1 33.252749999999992 27.918566999999996 8.0999999999999996 0 0 1 
1 33.252749999999992 27.918566999999996 8.7999999999999989 -0 1 0 
1 33.252749999999992 29.073750000000004 8.0999999999999996 0 0 1 
1 33.252749999999992 27.918566999999996 8.0999999999999996 -0 1 0 
1 31.212250000000012 27.918566999999996 8.0999999999999996 1 0 -0 
1 31.212250000000012 27.918566999999996 8.7999999999999989 1 0 -0 
1 31.212250000000012 29.073750000000004 8.0999999999999996 1 0 -0 
1 31.212250000000012 29.073750000000004 8.7999999999999989 1 0 -0 
1 43.514067000000011 27.580250000000007 8.0999999999999996 0 0 1 
1 43.514067000000011 27.580250000000007 8.7999999999999989 -0 1 0 
1 43.514067000000011 29.620750000000001 8.0999999999999996 0 0 1 
1 43.514067000000011 27.580250000000007 8.0999999999999996 -0 1 0 
1 44.669250000000005 27.580250000000007 8.0999999999999996 0 0 1 
1 44.669250000000005 27.580250000000007 8.7999999999999989 -0 1 0 
1 44.669250000000005 29.620750000000001 8.0999999999999996 0 0 1 
1 44.669250000000005 27.580250000000007 8.0999999999999996 -0 1 0 
1 43.514067000000011 27.580250000000007 8.0999999999999996 1 0 -0 
1 43.514067000000011 27.580250000000007 8.7999999999999989 1 0 -0 
1 43.514067000000011 29.620750000000001 8.0999999999999996 1 0 -0 
1 43.514067000000011 29.620750000000001 8.7999999999999989 1 0 -0 
1 44.572750000000013 9.1985669999999971 8.0999999999999996 0 0 1 
1 44.572750000000013 9.1985669999999971 8.7999999999999989 -0 1 0 
1 44.572750000000013 10.353749999999998 8.0999999999999996 0 0 1 
1 44.572750000000013 9.1985669999999971 8.0999999999999996 -0 1 0 
1 46.613249999999994 9.1985669999999971 8.0999999999999996 0 0 1 
1 46.613249999999994 9.1985669999999971 8.7999999999999989 -0 1 0 
1 46.613249999999994 10.353749999999998 8.0999999999999996 0 0 1 
1 46.613249999999994 9.1985669999999971 8.0999999999999996 -0 1 0 
1 44.572750000000013 9.1985669999999971 8.0999999999999996 1 0 -0 
1 44.572750000000013 9.1985669999999971 8.7999999999999989 1 0 -0 
1 44.572750000000013 10.353749999999998 8.0999999999999996 1 0 -0 
1 44.572750000000013 10.353749999999998 8.7999999999999989 1 0 -0 
1 39.675999999999988 26.042000000000002 8.0999999999999996 0 0 1 
1 39.675999999999988 26.042000000000002 9.0999999999999996 -0 1 0 
1 39.675999999999988 29.075999999999993 8.0999999999999996 0 0 1 
1 39.675999999999988 26.042000000000002 8.0999999999999996 -0 1 0 
1 41.349999999999994 26.042000000000002 8.0999999999999996 0 0 1 
1 41.349999999999994 26.042000000000002 9.0999999999999996 -0 1 0 
1 41.349999999999994 29.075999999999993 8.0999999999999996 0 0 1 
1 41.349999999999994 26.042000000000002 8.0999999999999996 -0 1 0 
1 39.675999999999988 26.042000000000002 8.0999999999999996 1 0 -0 
1 39.675999999999988 26.042000000000002 9.0999999999999996 1 0 -0 
1 39.675999999999988 29.075999999999993 8.0999999999999996 1 0 -0 
1 39.675999999999988 29.075999999999993 9.0999999999999996 1 0 -0 
1 38.774921000000006 13.783499999999997 8.0999999999999996 0 0 1 
1 38.774921000000006 13.783499999999997 9.5999999999999996 -0 1 0 
1 38.774921000000006 22.357078999999999 8.0999999999999996 0 0 1 
1 38.774921000000006 13.783499999999997 8.0999999999999996 -0 1 0 
1 43.18549999999999 13.783499999999997 8.0999999999999996 0 0 1 
1 43.18549999999999 13.783499999999997 9.5999999999999996 -0 1 0 
1 43.18549999999999 22.357078999999999 8.0999999999999996 0 0 1 
1 43.18549999999999 13.783499999999997 8.0999999999999996 -0 1 0 
1 38.774921000000006 13.783499999999997 8.0999999999999996 1 0 -0 
1 38.774921000000006 13.783499999999997 9.5999999999999996 1 0 -0 
1 38.774921000000006 22.357078999999999 8.0999999999999996 1 0 -0 
1 38.774921000000006 22.357078999999999 9.5999999999999996 1 0 -0 
1 43.372749999999996 16.437567000000001 8.0999999999999996 0 0 1 
1 43.372749999999996 16.437567000000001 9.0999999999999996 -0 1 0 
1 43.372749999999996 17.59375 8.0999999999999996 0 0 1 
1 43.372749999999996 16.437567000000001 8.0999999999999996 -0 1 0 
1 45.27324999999999 16.437567000000001 8.0999999999999996 0 0 1 
1 45.27324999999999 16.437567000000001 9.0999999999999996 -0 1 0 
1 45.27324999999999 17.59375 8.0999999999999996 0 0 1 
1 45.27324999999999 16.437567000000001 8.0999999999999996 -0 1 0 
1 43.372749999999996 16.437567000000001 8.0999999999999996 1 0 -0 
1 43.372749999999996 16.437567000000001 9.0999999999999996 1 0 -0 
1 43.372749999999996 17.59375 8.0999999999999996 1 0 -0 
1 43.372749999999996 17.59375 9.0999999999999996 1 0 -0 
1 37.770999999999987 26.042000000000002 8.0999999999999996 0 0 1 
1 37.770999999999987 26.042000000000002 9.0999999999999996 -0 1 0 
1 37.770999999999987 29.075999999999993 8.0999999999999996 0 0 1 
1 37.770999999999987 26.042000000000002 8.0999999999999996 -0 1 0 
1 39.444999999999993 26.042000000000002 8.0999999999999996 0 0 1 
1 39.444999999999993 26.042000000000002 9.0999999999999996 -0 1 0 
1 39.444999999999993 29.075999999999993 8.0999999999999996 0 0 1 
1 39.444999999999993 26.042000000000002 8.0999999999999996 -0 1 0 
1 37.770999999999987 26.042000000000002 8.0999999999999996 1 0 -0 
1 37.770999999999987 26.042000000000002 9.0999999999999996 1 0 -0 
1 37.770999999999987 29.075999999999993 8.0999999999999996 1 0 -0 
1 37.770999999999987 29.075999999999993 9.0999999999999996 1 0 -0 
1 45.461749999999995 28.248566999999994 8.0999999999999996 0 0 1 
1 45.461749999999995 28.248566999999994 8.7999999999999989 -0 1 0 
1 45.461749999999995 29.403750000000002 8.0999999999999996 0 0 1 
1 45.461749999999995 28.248566999999994 8.0999999999999996 -0 1 0 
1 47.502250000000004 28.248566999999994 8.0999999999999996 0 0 1 
1 47.502250000000004 28.248566999999994 8.7999999999999989 -0 1 0 
1 47.502250000000004 29.403750000000002 8.0999999999999996 0 0 1 
1 47.502250000000004 28.248566999999994 8.0999999999999996 -0 1 0 
1 45.461749999999995 28.248566999999994 8.0999999999999996 1 0 -0 
1 45.461749999999995 28.248566999999994 8.7999999999999989 1 0 -0 
1 45.461749999999995 29.403750000000002 8.0999999999999996 1 0 -0 
1 45.461749999999995 29.403750000000002 8.7999999999999989 1 0 -0 
1 37.657749999999993 12.500566999999997 8.0999999999999996 0 0 1 
1 37.657749999999993 12.500566999999997 9.0999999999999996 -0 1 0 
1 37.657749999999993 13.656750000000002 8.0999999999999996 0 0 1 
1 37.657749999999993 12.500566999999997 8.0999999999999996 -0 1 0 
1 39.558249999999987 12.500566999999997 8.0999999999999996 0 0 1 
1 39.558249999999987 12.500566999999997 9.0999999999999996 -0 1 0 
1 39.558249999999987 13.656750000000002 8.0999999999999996 0 0 1 
1 39.558249999999987 12.500566999999997 8.0999999999999996 -0 1 0 
1 37.657749999999993 12.500566999999997 8.0999999999999996 1 0 -0 
1 37.657749999999993 12.500566999999997 9.0999999999999996 1 0 -0 
1 37.657749999999993 13.656750000000002 8.0999999999999996 1 0 -0 
1 37.657749999999993 13.656750000000002 9.0999999999999996 1 0 -0 
1 44.572750000000013 10.595567000000003 8.0999999999999996 0 0 1 
1 44.572750000000013 10.595567000000003 8.7999999999999989 -0 1 0 
1 44.572750000000013 11.750749999999996 8.0999999999999996 0 0 1 
1 44.572750000000013 10.595567000000003 8.0999999999999996 -0 1 0 
1 46.613249999999994 10.595567000000003 8.0999999999999996 0 0 1 
1 46.613249999999994 10.595567000000003 8.7999999999999989 -0 1 0 
1 46.613249999999994 11.750749999999996 8.0999999999999996 0 0 1 
1 46.613249999999994 10.595567000000003 8.0999999999999996 -0 1 0 
1 44.572750000000013 10.595567000000003 8.0999999999999996 1 0 -0 
1 44.572750000000013 10.595567000000003 8.7999999999999989 1 0 -0 
1 44.572750000000013 11.750749999999996 8.0999999999999996 1 0 -0 
1 44.572750000000013 11.750749999999996 8.7999999999999989 1 0 -0 
Polygon3D 0
PolygonOnTriangulations 0
Surfaces 732
1 37.349999999999994 60.231999999999999 5.7999999999999998 1 0 -0 0 0 1 0 -1 0 
1 37.349999999999994 60.231999999999999 5.7999999999999998 -0 1 0 0 0 1 1 0 -0 
1 37.349999999999994 60.231999999999999 7.0999999999999996 0 0 1 1 0 -0 -0 1 0 
1 37.349999999999994 65.736999999999995 5.7999999999999998 -0 1 0 0 0 1 1 0 -0 
1 37.349999999999994 60.231999999999999 5.7999999999999998 0 0 1 1 0 -0 -0 1 0 
1 42.800000000000011 60.231999999999999 5.7999999999999998 1 0 -0 0 0 1 0 -1 0 
1 42.649499999999989 66.876999999999995 5.7999999999999998 1 0 -0 0 0 1 0 -1 0 
1 42.649499999999989 66.876999999999995 5.7999999999999998 -0 1 0 0 0 1 1 0 -0 
1 42.649499999999989 66.876999999999995 7.0999999999999996 0 0 1 1 0 -0 -0 1 0 
1 42.649499999999989 73.427000000000007 5.7999999999999998 -0 1 0 0 0 1 1 0 -0 
1 42.649499999999989 66.876999999999995 5.7999999999999998 0 0 1 1 0 -0 -0 1 0 
1 46.280432999999988 66.876999999999995 5.7999999999999998 1 0 -0 0 0 1 0 -1 0 
1 42.678750000000008 48.533249999999995 6.3999999999999995 1 0 -0 0 0 1 0 -1 0 
1 42.678750000000008 48.533249999999995 6.3999999999999995 -0 1 0 0 0 1 1 0 -0 
1 42.678750000000008 48.533249999999995 7.0999999999999996 0 0 1 1 0 -0 -0 1 0 
1 42.678750000000008 50.573750000000004 6.3999999999999995 -0 1 0 0 0 1 1 0 -0 
1 42.678750000000008 48.533249999999995 6.3999999999999995 0 0 1 1 0 -0 -0 1 0 
1 43.833933000000002 48.533249999999995 6.3999999999999995 1 0 -0 0 0 1 0 -1 0 
1 45.18549999999999 49.912499999999994 1.5999999999999996 1 0 -0 0 0 1 0 -1 0 
1 45.18549999999999 49.912499999999994 1.5999999999999996 -0 1 0 0 0 1 1 0 -0 
1 45.18549999999999 49.912499999999994 7.0999999999999996 0 0 1 1 0 -0 -0 1 0 
1 45.18549999999999 58.163432999999998 1.5999999999999996 -0 1 0 0 0 1 1 0 -0 
1 45.18549999999999 49.912499999999994 1.5999999999999996 0 0 1 1 0 -0 -0 1 0 
1 48.316432999999989 49.912499999999994 1.5999999999999996 1 0 -0 0 0 1 0 -1 0 
1 44.213750000000005 62.260566999999995 6.3999999999999995 1 0 -0 0 0 1 0 -1 0 
1 44.213750000000005 62.260566999999995 6.3999999999999995 -0 1 0 0 0 1 1 0 -0 
1 44.213750000000005 62.260566999999995 7.0999999999999996 0 0 1 1 0 -0 -0 1 0 
1 44.213750000000005 63.415750000000003 6.3999999999999995 -0 1 0 0 0 1 1 0 -0 
1 44.213750000000005 62.260566999999995 6.3999999999999995 0 0 1 1 0 -0 -0 1 0 
1 46.254250000000013 62.260566999999995 6.3999999999999995 1 0 -0 0 0 1 0 -1 0 
1 16.824250000000006 54.073750000000004 6.0999999999999996 1 0 -0 0 0 1 0 -1 0 
1 16.824250000000006 54.073750000000004 6.0999999999999996 -0 1 0 0 0 1 1 0 -0 
1 16.824250000000006 54.073750000000004 7.0999999999999996 0 0 1 1 0 -0 -0 1 0 
1 16.824250000000006 56.563252000000006 6.0999999999999996 -0 1 0 0 0 1 1 0 -0 
1 16.824250000000006 54.073750000000004 6.0999999999999996 0 0 1 1 0 -0 -0 1 0 
1 17.979433 54.073750000000004 6.0999999999999996 1 0 -0 0 0 1 0 -1 0 
1 6.7855670000000003 59.255247999999995 6.0999999999999996 1 0 -0 0 0 1 0 -1 0 
1 6.7855670000000003 59.255247999999995 6.0999999999999996 -0 1 0 0 0 1 1 0 -0 
1 6.7855670000000003 59.255247999999995 7.0999999999999996 0 0 1 1 0 -0 -0 1 0 
1 6.7855670000000003 61.744749999999996 6.0999999999999996 -0 1 0 0 0 1 1 0 -0 
1 6.7855670000000003 59.255247999999995 6.0999999999999996 0 0 1 1 0 -0 -0 1 0 
1 7.9407499999999942 59.255247999999995 6.0999999999999996 1 0 -0 0 0 1 0 -1 0 
1 4.8217499999999944 42.393567000000004 6.3999999999999995 1 0 -0 0 0 1 0 -1 0 
1 4.8217499999999944 42.393567000000004 6.3999999999999995 -0 1 0 0 0 1 1 0 -0 
1 4.8217499999999944 42.393567000000004 7.0999999999999996 0 0 1 1 0 -0 -0 1 0 
1 4.8217499999999944 43.548749999999998 6.3999999999999995 -0 1 0 0 0 1 1 0 -0 
1 4.8217499999999944 42.393567000000004 6.3999999999999995 0 0 1 1 0 -0 -0 1 0 
1 6.8622500000000031 42.393567000000004 6.3999999999999995 1 0 -0 0 0 1 0 -1 0 
1 22.869500000000002 47.680999999999997 5.7999999999999998 1 0 -0 0 0 1 0 -1 0 
1 22.869500000000002 47.680999999999997 5.7999999999999998 -0 1 0 0 0 1 1 0 -0 
1 22.869500000000002 47.680999999999997 7.0999999999999996 0 0 1 1 0 -0 -0 1 0 
1 22.869500000000002 51.881 5.7999999999999998 -0 1 0 0 0 1 1 0 -0 
1 22.869500000000002 47.680999999999997 5.7999999999999998 0 0 1 1 0 -0 -0 1 0 
1 27.271500000000003 47.680999999999997 5.7999999999999998 1 0 -0 0 0 1 0 -1 0 
1 23.174250000000001 11.933750000000003 6.3999999999999995 1 0 -0 0 0 1 0 -1 0 
1 23.174250000000001 11.933750000000003 6.3999999999999995 -0 1 0 0 0 1 1 0 -0 
1 23.174250000000001 11.933750000000003 7.0999999999999996 0 0 1 1 0 -0 -0 1 0 
1 23.174250000000001 13.974249999999998 6.3999999999999995 -0 1 0 0 0 1 1 0 -0 
1 23.174250000000001 11.933750000000003 6.3999999999999995 0 0 1 1 0 -0 -0 1 0 
1 24.329432999999995 11.933750000000003 6.3999999999999995 1 0 -0 0 0 1 0 -1 0 
1 6.5289999999999964 55.766999999999996 6.0999999999999996 1 0 -0 0 0 1 0 -1 0 
1 6.5289999999999964 55.766999999999996 6.0999999999999996 -0 1 0 0 0 1 1 0 -0 
1 6.5289999999999964 55.766999999999996 7.0999999999999996 0 0 1 1 0 -0 -0 1 0 
1 6.5289999999999964 58.816500000000005 6.0999999999999996 -0 1 0 0 0 1 1 0 -0 
1 6.5289999999999964 55.766999999999996 6.0999999999999996 0 0 1 1 0 -0 -0 1 0 
1 8.2085000000000008 55.766999999999996 6.0999999999999996 1 0 -0 0 0 1 0 -1 0 
1 40.802750000000003 66.619749999999996 4.5999999999999996 1 0 -0 0 0 1 0 -1 0 
1 40.802750000000003 66.619749999999996 4.5999999999999996 -0 1 0 0 0 1 1 0 -0 
1 40.802750000000003 66.619749999999996 7.0999999999999996 0 0 1 1 0 -0 -0 1 0 
1 40.802750000000003 69.620249999999999 4.5999999999999996 -0 1 0 0 0 1 1 0 -0 
1 40.802750000000003 66.619749999999996 4.5999999999999996 0 0 1 1 0 -0 -0 1 0 
1 42.259433000000001 66.619749999999996 4.5999999999999996 1 0 -0 0 0 1 0 -1 0 
1 5.5757499999999993 53.151567 6.0999999999999996 1 0 -0 0 0 1 0 -1 0 
1 5.5757499999999993 53.151567 6.0999999999999996 -0 1 0 0 0 1 1 0 -0 
1 5.5757499999999993 53.151567 7.0999999999999996 0 0 1 1 0 -0 -0 1 0 
1 5.5757499999999993 54.306749999999994 6.0999999999999996 -0 1 0 0 0 1 1 0 -0 
1 5.5757499999999993 53.151567 6.0999999999999996 0 0 1 1 0 -0 -0 1 0 
1 8.065252000000001 53.151567 6.0999999999999996 1 0 -0 0 0 1 0 -1 0 
1 20.188749999999999 10.722566999999998 6.3999999999999995 1 0 -0 0 0 1 0 -1 0 
1 20.188749999999999 10.722566999999998 6.3999999999999995 -0 1 0 0 0 1 1 0 -0 
1 20.188749999999999 10.722566999999998 7.0999999999999996 0 0 1 1 0 -0 -0 1 0 
1 20.188749999999999 11.877749999999999 6.3999999999999995 -0 1 0 0 0 1 1 0 -0 
1 20.188749999999999 10.722566999999998 6.3999999999999995 0 0 1 1 0 -0 -0 1 0 
1 22.229249999999993 10.722566999999998 6.3999999999999995 1 0 -0 0 0 1 0 -1 0 
1 22.265249999999995 46.337567000000007 6.0999999999999996 1 0 -0 0 0 1 0 -1 0 
1 22.265249999999995 46.337567000000007 6.0999999999999996 -0 1 0 0 0 1 1 0 -0 
1 22.265249999999995 46.337567000000007 7.0999999999999996 0 0 1 1 0 -0 -0 1 0 
1 22.265249999999995 47.493750000000006 6.0999999999999996 -0 1 0 0 0 1 1 0 -0 
1 22.265249999999995 46.337567000000007 6.0999999999999996 0 0 1 1 0 -0 -0 1 0 
1 24.165750000000003 46.337567000000007 6.0999999999999996 1 0 -0 0 0 1 0 -1 0 
1 5.4102500000000049 47.194067000000004 6.0999999999999996 1 0 -0 0 0 1 0 -1 0 
1 5.4102500000000049 47.194067000000004 6.0999999999999996 -0 1 0 0 0 1 1 0 -0 
1 5.4102500000000049 47.194067000000004 7.0999999999999996 0 0 1 1 0 -0 -0 1 0 
1 5.4102500000000049 48.349249999999998 6.0999999999999996 -0 1 0 0 0 1 1 0 -0 
1 5.4102500000000049 47.194067000000004 6.0999999999999996 0 0 1 1 0 -0 -0 1 0 
1 7.8997520000000065 47.194067000000004 6.0999999999999996 1 0 -0 0 0 1 0 -1 0 
1 24.317250000000001 44.620750000000001 6.3999999999999995 1 0 -0 0 0 1 0 -1 0 
1 24.317250000000001 44.620750000000001 6.3999999999999995 -0 1 0 0 0 1 1 0 -0 
1 24.317250000000001 44.620750000000001 7.0999999999999996 0 0 1 1 0 -0 -0 1 0 
1 24.317250000000001 46.661249999999995 6.3999999999999995 -0 1 0 0 0 1 1 0 -0 
1 24.317250000000001 44.620750000000001 6.3999999999999995 0 0 1 1 0 -0 -0 1 0 
1 25.472432999999995 44.620750000000001 6.3999999999999995 1 0 -0 0 0 1 0 -1 0 
1 4.7510000000000048 55.766999999999996 6.0999999999999996 1 0 -0 0 0 1 0 -1 0 
1 4.7510000000000048 55.766999999999996 6.0999999999999996 -0 1 0 0 0 1 1 0 -0 
1 4.7510000000000048 55.766999999999996 7.0999999999999996 0 0 1 1 0 -0 -0 1 0 
1 4.7510000000000048 58.816500000000005 6.0999999999999996 -0 1 0 0 0 1 1 0 -0 
1 4.7510000000000048 55.766999999999996 6.0999999999999996 0 0 1 1 0 -0 -0 1 0 
1 6.430499999999995 55.766999999999996 6.0999999999999996 1 0 -0 0 0 1 0 -1 0 
1 44.213750000000005 60.990566999999999 6.3999999999999995 1 0 -0 0 0 1 0 -1 0 
1 44.213750000000005 60.990566999999999 6.3999999999999995 -0 1 0 0 0 1 1 0 -0 
1 44.213750000000005 60.990566999999999 7.0999999999999996 0 0 1 1 0 -0 -0 1 0 
1 44.213750000000005 62.145750000000007 6.3999999999999995 -0 1 0 0 0 1 1 0 -0 
1 44.213750000000005 60.990566999999999 6.3999999999999995 0 0 1 1 0 -0 -0 1 0 
1 46.254250000000013 60.990566999999999 6.3999999999999995 1 0 -0 0 0 1 0 -1 0 
1 39.492750000000001 47.225250000000003 6.3999999999999995 1 0 -0 0 0 1 0 -1 0 
1 39.492750000000001 47.225250000000003 6.3999999999999995 -0 1 0 0 0 1 1 0 -0 
1 39.492750000000001 47.225250000000003 7.0999999999999996 0 0 1 1 0 -0 -0 1 0 
1 39.492750000000001 48.380432999999996 6.3999999999999995 -0 1 0 0 0 1 1 0 -0 
1 39.492750000000001 47.225250000000003 6.3999999999999995 0 0 1 1 0 -0 -0 1 0 
1 41.53325000000001 47.225250000000003 6.3999999999999995 1 0 -0 0 0 1 0 -1 0 
1 16.662248000000005 52.686250000000001 6.0999999999999996 1 0 -0 0 0 1 0 -1 0 
1 16.662248000000005 52.686250000000001 6.0999999999999996 -0 1 0 0 0 1 1 0 -0 
1 16.662248000000005 52.686250000000001 7.0999999999999996 0 0 1 1 0 -0 -0 1 0 
1 16.662248000000005 53.841432999999995 6.0999999999999996 -0 1 0 0 0 1 1 0 -0 
1 16.662248000000005 52.686250000000001 6.0999999999999996 0 0 1 1 0 -0 -0 1 0 
1 19.151750000000007 52.686250000000001 6.0999999999999996 1 0 -0 0 0 1 0 -1 0 
1 13.897566999999995 60.017247999999995 6.0999999999999996 1 0 -0 0 0 1 0 -1 0 
1 13.897566999999995 60.017247999999995 6.0999999999999996 -0 1 0 0 0 1 1 0 -0 
1 13.897566999999995 60.017247999999995 7.0999999999999996 0 0 1 1 0 -0 -0 1 0 
1 13.897566999999995 62.506749999999997 6.0999999999999996 -0 1 0 0 0 1 1 0 -0 
1 13.897566999999995 60.017247999999995 6.0999999999999996 0 0 1 1 0 -0 -0 1 0 
1 15.052750000000003 60.017247999999995 6.0999999999999996 1 0 -0 0 0 1 0 -1 0 
1 30.128066999999987 47.698248000000007 6.0999999999999996 1 0 -0 0 0 1 0 -1 0 
1 30.128066999999987 47.698248000000007 6.0999999999999996 -0 1 0 0 0 1 1 0 -0 
1 30.128066999999987 47.698248000000007 7.0999999999999996 0 0 1 1 0 -0 -0 1 0 
1 30.128066999999987 50.187749999999994 6.0999999999999996 -0 1 0 0 0 1 1 0 -0 
1 30.128066999999987 47.698248000000007 6.0999999999999996 0 0 1 1 0 -0 -0 1 0 
1 31.28325000000001 47.698248000000007 6.0999999999999996 1 0 -0 0 0 1 0 -1 0 
1 8.4072479999999956 60.306250000000006 6.0999999999999996 1 0 -0 0 0 1 0 -1 0 
1 8.4072479999999956 60.306250000000006 6.0999999999999996 -0 1 0 0 0 1 1 0 -0 
1 8.4072479999999956 60.306250000000006 7.0999999999999996 0 0 1 1 0 -0 -0 1 0 
1 8.4072479999999956 61.461433 6.0999999999999996 -0 1 0 0 0 1 1 0 -0 
1 8.4072479999999956 60.306250000000006 6.0999999999999996 0 0 1 1 0 -0 -0 1 0 
1 10.896749999999997 60.306250000000006 6.0999999999999996 1 0 -0 0 0 1 0 -1 0 
1 29.391567000000009 71.417749999999998 6.3999999999999995 1 0 -0 0 0 1 0 -1 0 
1 29.391567000000009 71.417749999999998 6.3999999999999995 -0 1 0 0 0 1 1 0 -0 
1 29.391567000000009 71.417749999999998 7.0999999999999996 0 0 1 1 0 -0 -0 1 0 
1 29.391567000000009 73.458250000000007 6.3999999999999995 -0 1 0 0 0 1 1 0 -0 
1 29.391567000000009 71.417749999999998 6.3999999999999995 0 0 1 1 0 -0 -0 1 0 
1 30.546750000000003 71.417749999999998 6.3999999999999995 1 0 -0 0 0 1 0 -1 0 
1 5.6132499999999936 54.458567000000002 6.0999999999999996 1 0 -0 0 0 1 0 -1 0 
1 5.6132499999999936 54.458567000000002 6.0999999999999996 -0 1 0 0 0 1 1 0 -0 
1 5.6132499999999936 54.458567000000002 7.0999999999999996 0 0 1 1 0 -0 -0 1 0 
1 5.6132499999999936 55.613749999999996 6.0999999999999996 -0 1 0 0 0 1 1 0 -0 
1 5.6132499999999936 54.458567000000002 6.0999999999999996 0 0 1 1 0 -0 -0 1 0 
1 8.1027519999999953 54.458567000000002 6.0999999999999996 1 0 -0 0 0 1 0 -1 0 
1 35.443000000000012 39.578999999999994 5.7999999999999998 1 0 -0 0 0 1 0 -1 0 
1 35.443000000000012 39.578999999999994 5.7999999999999998 -0 1 0 0 0 1 1 0 -0 
1 35.443000000000012 39.578999999999994 7.0999999999999996 0 0 1 1 0 -0 -0 1 0 
1 35.443000000000012 43.929000000000002 5.7999999999999998 -0 1 0 0 0 1 1 0 -0 
1 35.443000000000012 39.578999999999994 5.7999999999999998 0 0 1 1 0 -0 -0 1 0 
1 39.568000000000012 39.578999999999994 5.7999999999999998 1 0 -0 0 0 1 0 -1 0 
1 42.478250000000003 32.888750000000002 6.3999999999999995 1 0 -0 0 0 1 0 -1 0 
1 42.478250000000003 32.888750000000002 6.3999999999999995 -0 1 0 0 0 1 1 0 -0 
1 42.478250000000003 32.888750000000002 7.0999999999999996 0 0 1 1 0 -0 -0 1 0 
1 42.478250000000003 34.929249999999996 6.3999999999999995 -0 1 0 0 0 1 1 0 -0 
1 42.478250000000003 32.888750000000002 6.3999999999999995 0 0 1 1 0 -0 -0 1 0 
1 43.633432999999997 32.888750000000002 6.3999999999999995 1 0 -0 0 0 1 0 -1 0 
1 31.949000000000002 72.349000000000004 3.8999999999999995 1 0 -0 0 0 1 0 -1 0 
1 31.949000000000002 72.349000000000004 3.8999999999999995 -0 1 0 0 0 1 1 0 -0 
1 31.949000000000002 72.349000000000004 7.0999999999999996 0 0 1 1 0 -0 -0 1 0 
1 31.949000000000002 77.921000000000006 3.8999999999999995 -0 1 0 0 0 1 1 0 -0 
1 31.949000000000002 72.349000000000004 3.8999999999999995 0 0 1 1 0 -0 -0 1 0 
1 41.021000000000001 72.349000000000004 3.8999999999999995 1 0 -0 0 0 1 0 -1 0 
1 22.544749999999993 52.172567000000001 6.0999999999999996 1 0 -0 0 0 1 0 -1 0 
1 22.544749999999993 52.172567000000001 6.0999999999999996 -0 1 0 0 0 1 1 0 -0 
1 22.544749999999993 52.172567000000001 7.0999999999999996 0 0 1 1 0 -0 -0 1 0 
1 22.544749999999993 53.328749999999999 6.0999999999999996 -0 1 0 0 0 1 1 0 -0 
1 22.544749999999993 52.172567000000001 6.0999999999999996 0 0 1 1 0 -0 -0 1 0 
1 24.445250000000001 52.172567000000001 6.0999999999999996 1 0 -0 0 0 1 0 -1 0 
1 12.793499999999995 38.724500000000006 5.7999999999999998 1 0 -0 0 0 1 0 -1 0 
1 12.793499999999995 38.724500000000006 5.7999999999999998 -0 1 0 0 0 1 1 0 -0 
1 12.793499999999995 38.724500000000006 7.0999999999999996 0 0 1 1 0 -0 -0 1 0 
1 12.793499999999995 43.5745 5.7999999999999998 -0 1 0 0 0 1 1 0 -0 
1 12.793499999999995 38.724500000000006 5.7999999999999998 0 0 1 1 0 -0 -0 1 0 
1 17.643500000000003 38.724500000000006 5.7999999999999998 1 0 -0 0 0 1 0 -1 0 
1 26.591999999999999 1.304000000000002 3.8999999999999995 1 0 -0 0 0 1 0 -1 0 
1 26.591999999999999 1.304000000000002 3.8999999999999995 -0 1 0 0 0 1 1 0 -0 
1 26.591999999999999 1.304000000000002 7.0999999999999996 0 0 1 1 0 -0 -0 1 0 
1 26.591999999999999 31.558000000000007 3.8999999999999995 -0 1 0 0 0 1 1 0 -0 
1 26.591999999999999 1.304000000000002 3.8999999999999995 0 0 1 1 0 -0 -0 1 0 
1 48.846000000000004 1.304000000000002 3.8999999999999995 1 0 -0 0 0 1 0 -1 0 
1 9.1994930000000039 53.515500000000003 5.7999999999999998 1 0 -0 0 0 1 0 -1 0 
1 9.1994930000000039 53.515500000000003 5.7999999999999998 -0 1 0 0 0 1 1 0 -0 
1 9.1994930000000039 53.515500000000003 7.0999999999999996 0 0 1 1 0 -0 -0 1 0 
1 9.1994930000000039 59.864500000000007 5.7999999999999998 -0 1 0 0 0 1 1 0 -0 
1 9.1994930000000039 53.515500000000003 5.7999999999999998 0 0 1 1 0 -0 -0 1 0 
1 15.874499999999998 53.515500000000003 5.7999999999999998 1 0 -0 0 0 1 0 -1 0 
1 16.789248000000001 61.449250000000006 6.0999999999999996 1 0 -0 0 0 1 0 -1 0 
1 16.789248000000001 61.449250000000006 6.0999999999999996 -0 1 0 0 0 1 1 0 -0 
1 16.789248000000001 61.449250000000006 7.0999999999999996 0 0 1 1 0 -0 -0 1 0 
1 16.789248000000001 62.604433 6.0999999999999996 -0 1 0 0 0 1 1 0 -0 
1 16.789248000000001 61.449250000000006 6.0999999999999996 0 0 1 1 0 -0 -0 1 0 
1 19.278750000000002 61.449250000000006 6.0999999999999996 1 0 -0 0 0 1 0 -1 0 
1 33.72075000000001 60.048249999999996 6.0999999999999996 1 0 -0 0 0 1 0 -1 0 
1 33.72075000000001 60.048249999999996 6.0999999999999996 -0 1 0 0 0 1 1 0 -0 
1 33.72075000000001 60.048249999999996 7.0999999999999996 0 0 1 1 0 -0 -0 1 0 
1 33.72075000000001 61.204432999999995 6.0999999999999996 -0 1 0 0 0 1 1 0 -0 
1 33.72075000000001 60.048249999999996 6.0999999999999996 0 0 1 1 0 -0 -0 1 0 
1 35.621250000000003 60.048249999999996 6.0999999999999996 1 0 -0 0 0 1 0 -1 0 
1 44.213750000000005 64.800567000000001 6.3999999999999995 1 0 -0 0 0 1 0 -1 0 
1 44.213750000000005 64.800567000000001 6.3999999999999995 -0 1 0 0 0 1 1 0 -0 
1 44.213750000000005 64.800567000000001 7.0999999999999996 0 0 1 1 0 -0 -0 1 0 
1 44.213750000000005 65.955749999999995 6.3999999999999995 -0 1 0 0 0 1 1 0 -0 
1 44.213750000000005 64.800567000000001 6.3999999999999995 0 0 1 1 0 -0 -0 1 0 
1 46.254250000000013 64.800567000000001 6.3999999999999995 1 0 -0 0 0 1 0 -1 0 
1 18.094250000000002 57.096249999999998 6.0999999999999996 1 0 -0 0 0 1 0 -1 0 
1 18.094250000000002 57.096249999999998 6.0999999999999996 -0 1 0 0 0 1 1 0 -0 
1 18.094250000000002 57.096249999999998 7.0999999999999996 0 0 1 1 0 -0 -0 1 0 
1 18.094250000000002 59.585751999999999 6.0999999999999996 -0 1 0 0 0 1 1 0 -0 
1 18.094250000000002 57.096249999999998 6.0999999999999996 0 0 1 1 0 -0 -0 1 0 
1 19.249432999999996 57.096249999999998 6.0999999999999996 1 0 -0 0 0 1 0 -1 0 
1 41.663499999999999 73.651567 1.5999999999999996 1 0 -0 0 0 1 0 -1 0 
1 41.663499999999999 73.651567 1.5999999999999996 -0 1 0 0 0 1 1 0 -0 
1 41.663499999999999 73.651567 7.0999999999999996 0 0 1 1 0 -0 -0 1 0 
1 41.663499999999999 76.782499999999999 1.5999999999999996 -0 1 0 0 0 1 1 0 -0 
1 41.663499999999999 73.651567 1.5999999999999996 0 0 1 1 0 -0 -0 1 0 
1 47.774432999999988 73.651567 1.5999999999999996 1 0 -0 0 0 1 0 -1 0 
1 18.094250000000002 54.048249999999996 6.0999999999999996 1 0 -0 0 0 1 0 -1 0 
1 18.094250000000002 54.048249999999996 6.0999999999999996 -0 1 0 0 0 1 1 0 -0 
1 18.094250000000002 54.048249999999996 7.0999999999999996 0 0 1 1 0 -0 -0 1 0 
1 18.094250000000002 56.537751999999998 6.0999999999999996 -0 1 0 0 0 1 1 0 -0 
1 18.094250000000002 54.048249999999996 6.0999999999999996 0 0 1 1 0 -0 -0 1 0 
1 19.249432999999996 54.048249999999996 6.0999999999999996 1 0 -0 0 0 1 0 -1 0 
1 20.188749999999999 17.326566999999997 6.3999999999999995 1 0 -0 0 0 1 0 -1 0 
1 20.188749999999999 17.326566999999997 6.3999999999999995 -0 1 0 0 0 1 1 0 -0 
1 20.188749999999999 17.326566999999997 7.0999999999999996 0 0 1 1 0 -0 -0 1 0 
1 20.188749999999999 18.481750000000005 6.3999999999999995 -0 1 0 0 0 1 1 0 -0 
1 20.188749999999999 17.326566999999997 6.3999999999999995 0 0 1 1 0 -0 -0 1 0 
1 22.229249999999993 17.326566999999997 6.3999999999999995 1 0 -0 0 0 1 0 -1 0 
1 16.818567000000002 57.096248000000003 6.0999999999999996 1 0 -0 0 0 1 0 -1 0 
1 16.818567000000002 57.096248000000003 6.0999999999999996 -0 1 0 0 0 1 1 0 -0 
1 16.818567000000002 57.096248000000003 7.0999999999999996 0 0 1 1 0 -0 -0 1 0 
1 16.818567000000002 59.585750000000004 6.0999999999999996 -0 1 0 0 0 1 1 0 -0 
1 16.818567000000002 57.096248000000003 6.0999999999999996 0 0 1 1 0 -0 -0 1 0 
1 17.973749999999995 57.096248000000003 6.0999999999999996 1 0 -0 0 0 1 0 -1 0 
1 35.919999999999987 46.862499999999997 6.0999999999999996 1 0 -0 0 0 1 0 -1 0 
1 35.919999999999987 46.862499999999997 6.0999999999999996 -0 1 0 0 0 1 1 0 -0 
1 35.919999999999987 46.862499999999997 7.0999999999999996 0 0 1 1 0 -0 -0 1 0 
1 35.919999999999987 48.536501000000001 6.0999999999999996 -0 1 0 0 0 1 1 0 -0 
1 35.919999999999987 46.862499999999997 6.0999999999999996 0 0 1 1 0 -0 -0 1 0 
1 38.954001000000005 46.862499999999997 6.0999999999999996 1 0 -0 0 0 1 0 -1 0 
1 33.045247999999987 50.40025 6.0999999999999996 1 0 -0 0 0 1 0 -1 0 
1 33.045247999999987 50.40025 6.0999999999999996 -0 1 0 0 0 1 1 0 -0 
1 33.045247999999987 50.40025 7.0999999999999996 0 0 1 1 0 -0 -0 1 0 
1 33.045247999999987 51.555432999999994 6.0999999999999996 -0 1 0 0 0 1 1 0 -0 
1 33.045247999999987 50.40025 6.0999999999999996 0 0 1 1 0 -0 -0 1 0 
1 35.534750000000003 50.40025 6.0999999999999996 1 0 -0 0 0 1 0 -1 0 
1 35.193749999999994 38.202567000000002 6.0999999999999996 1 0 -0 0 0 1 0 -1 0 
1 35.193749999999994 38.202567000000002 6.0999999999999996 -0 1 0 0 0 1 1 0 -0 
1 35.193749999999994 38.202567000000002 7.0999999999999996 0 0 1 1 0 -0 -0 1 0 
1 35.193749999999994 39.358750000000001 6.0999999999999996 -0 1 0 0 0 1 1 0 -0 
1 35.193749999999994 38.202567000000002 6.0999999999999996 0 0 1 1 0 -0 -0 1 0 
1 37.094249999999988 38.202567000000002 6.0999999999999996 1 0 -0 0 0 1 0 -1 0 
1 41.081250000000011 32.888750000000002 6.3999999999999995 1 0 -0 0 0 1 0 -1 0 
1 41.081250000000011 32.888750000000002 6.3999999999999995 -0 1 0 0 0 1 1 0 -0 
1 41.081250000000011 32.888750000000002 7.0999999999999996 0 0 1 1 0 -0 -0 1 0 
1 41.081250000000011 34.929249999999996 6.3999999999999995 -0 1 0 0 0 1 1 0 -0 
1 41.081250000000011 32.888750000000002 6.3999999999999995 0 0 1 1 0 -0 -0 1 0 
1 42.236433000000005 32.888750000000002 6.3999999999999995 1 0 -0 0 0 1 0 -1 0 
1 38.26724999999999 38.207250000000002 6.0999999999999996 1 0 -0 0 0 1 0 -1 0 
1 38.26724999999999 38.207250000000002 6.0999999999999996 -0 1 0 0 0 1 1 0 -0 
1 38.26724999999999 38.207250000000002 7.0999999999999996 0 0 1 1 0 -0 -0 1 0 
1 38.26724999999999 39.363433000000001 6.0999999999999996 -0 1 0 0 0 1 1 0 -0 
1 38.26724999999999 38.207250000000002 6.0999999999999996 0 0 1 1 0 -0 -0 1 0 
1 40.167750000000012 38.207250000000002 6.0999999999999996 1 0 -0 0 0 1 0 -1 0 
1 46.40956700000001 70.685248000000001 6.0999999999999996 1 0 -0 0 0 1 0 -1 0 
1 46.40956700000001 70.685248000000001 6.0999999999999996 -0 1 0 0 0 1 1 0 -0 
1 46.40956700000001 70.685248000000001 7.0999999999999996 0 0 1 1 0 -0 -0 1 0 
1 46.40956700000001 73.174750000000003 6.0999999999999996 -0 1 0 0 0 1 1 0 -0 
1 46.40956700000001 70.685248000000001 6.0999999999999996 0 0 1 1 0 -0 -0 1 0 
1 47.564750000000004 70.685248000000001 6.0999999999999996 1 0 -0 0 0 1 0 -1 0 
1 31.375999000000007 56.741999000000007 6.0999999999999996 1 0 -0 0 0 1 0 -1 0 
1 31.375999000000007 56.741999000000007 6.0999999999999996 -0 1 0 0 0 1 1 0 -0 
1 31.375999000000007 56.741999000000007 7.0999999999999996 0 0 1 1 0 -0 -0 1 0 
1 31.375999000000007 58.415999999999997 6.0999999999999996 -0 1 0 0 0 1 1 0 -0 
1 31.375999000000007 56.741999000000007 6.0999999999999996 0 0 1 1 0 -0 -0 1 0 
1 34.409999999999997 56.741999000000007 6.0999999999999996 1 0 -0 0 0 1 0 -1 0 
1 47.679566999999992 70.685248000000001 6.0999999999999996 1 0 -0 0 0 1 0 -1 0 
1 47.679566999999992 70.685248000000001 6.0999999999999996 -0 1 0 0 0 1 1 0 -0 
1 47.679566999999992 70.685248000000001 7.0999999999999996 0 0 1 1 0 -0 -0 1 0 
1 47.679566999999992 73.174750000000003 6.0999999999999996 -0 1 0 0 0 1 1 0 -0 
1 47.679566999999992 70.685248000000001 6.0999999999999996 0 0 1 1 0 -0 -0 1 0 
1 48.834750000000014 70.685248000000001 6.0999999999999996 1 0 -0 0 0 1 0 -1 0 
1 32.837999999999994 51.799999999999997 5.7999999999999998 1 0 -0 0 0 1 0 -1 0 
1 32.837999999999994 51.799999999999997 5.7999999999999998 -0 1 0 0 0 1 1 0 -0 
1 32.837999999999994 51.799999999999997 7.0999999999999996 0 0 1 1 0 -0 -0 1 0 
1 32.837999999999994 55.532499999999999 5.7999999999999998 -0 1 0 0 0 1 1 0 -0 
1 32.837999999999994 51.799999999999997 5.7999999999999998 0 0 1 1 0 -0 -0 1 0 
1 36.75800000000001 51.799999999999997 5.7999999999999998 1 0 -0 0 0 1 0 -1 0 
1 6.9747500000000002 27.08475 6.0999999999999996 1 0 -0 0 0 1 0 -1 0 
1 6.9747500000000002 27.08475 6.0999999999999996 -0 1 0 0 0 1 1 0 -0 
1 6.9747500000000002 27.08475 7.0999999999999996 0 0 1 1 0 -0 -0 1 0 
1 6.9747500000000002 28.240932999999998 6.0999999999999996 -0 1 0 0 0 1 1 0 -0 
1 6.9747500000000002 27.08475 6.0999999999999996 0 0 1 1 0 -0 -0 1 0 
1 8.8752499999999941 27.08475 6.0999999999999996 1 0 -0 0 0 1 0 -1 0 
1 34.199250000000006 63.286249999999995 6.0999999999999996 1 0 -0 0 0 1 0 -1 0 
1 34.199250000000006 63.286249999999995 6.0999999999999996 -0 1 0 0 0 1 1 0 -0 
1 34.199250000000006 63.286249999999995 7.0999999999999996 0 0 1 1 0 -0 -0 1 0 
1 34.199250000000006 67.365750000000006 6.0999999999999996 -0 1 0 0 0 1 1 0 -0 
1 34.199250000000006 63.286249999999995 6.0999999999999996 0 0 1 1 0 -0 -0 1 0 
1 36.158749999999998 63.286249999999995 6.0999999999999996 1 0 -0 0 0 1 0 -1 0 
1 16.789248000000001 59.798249999999996 6.0999999999999996 1 0 -0 0 0 1 0 -1 0 
1 16.789248000000001 59.798249999999996 6.0999999999999996 -0 1 0 0 0 1 1 0 -0 
1 16.789248000000001 59.798249999999996 7.0999999999999996 0 0 1 1 0 -0 -0 1 0 
1 16.789248000000001 60.953433000000004 6.0999999999999996 -0 1 0 0 0 1 1 0 -0 
1 16.789248000000001 59.798249999999996 6.0999999999999996 0 0 1 1 0 -0 -0 1 0 
1 19.278750000000002 59.798249999999996 6.0999999999999996 1 0 -0 0 0 1 0 -1 0 
1 4.5072499999999991 48.452250000000006 5.7999999999999998 1 0 -0 0 0 1 0 -1 0 
1 4.5072499999999991 48.452250000000006 5.7999999999999998 -0 1 0 0 0 1 1 0 -0 
1 4.5072499999999991 48.452250000000006 7.0999999999999996 0 0 1 1 0 -0 -0 1 0 
1 4.5072499999999991 52.890249999999995 5.7999999999999998 -0 1 0 0 0 1 1 0 -0 
1 4.5072499999999991 48.452250000000006 5.7999999999999998 0 0 1 1 0 -0 -0 1 0 
1 8.2452499999999986 48.452250000000006 5.7999999999999998 1 0 -0 0 0 1 0 -1 0 
1 22.417749999999998 60.808566999999996 6.0999999999999996 1 0 -0 0 0 1 0 -1 0 
1 22.417749999999998 60.808566999999996 6.0999999999999996 -0 1 0 0 0 1 1 0 -0 
1 22.417749999999998 60.808566999999996 7.0999999999999996 0 0 1 1 0 -0 -0 1 0 
1 22.417749999999998 61.964749999999995 6.0999999999999996 -0 1 0 0 0 1 1 0 -0 
1 22.417749999999998 60.808566999999996 6.0999999999999996 0 0 1 1 0 -0 -0 1 0 
1 24.318250000000006 60.808566999999996 6.0999999999999996 1 0 -0 0 0 1 0 -1 0 
1 7.8114999999999952 41.054067000000003 5.7999999999999998 1 0 -0 0 0 1 0 -1 0 
1 7.8114999999999952 41.054067000000003 5.7999999999999998 -0 1 0 0 0 1 1 0 -0 
1 7.8114999999999952 41.054067000000003 7.0999999999999996 0 0 1 1 0 -0 -0 1 0 
1 7.8114999999999952 43.085499999999996 5.7999999999999998 -0 1 0 0 0 1 1 0 -0 
1 7.8114999999999952 41.054067000000003 5.7999999999999998 0 0 1 1 0 -0 -0 1 0 
1 9.9099999999999966 41.054067000000003 5.7999999999999998 1 0 -0 0 0 1 0 -1 0 
1 36.455998999999991 65.758999000000003 6.0999999999999996 1 0 -0 0 0 1 0 -1 0 
1 36.455998999999991 65.758999000000003 6.0999999999999996 -0 1 0 0 0 1 1 0 -0 
1 36.455998999999991 65.758999000000003 7.0999999999999996 0 0 1 1 0 -0 -0 1 0 
1 36.455998999999991 67.433000000000007 6.0999999999999996 -0 1 0 0 0 1 1 0 -0 
1 36.455998999999991 65.758999000000003 6.0999999999999996 0 0 1 1 0 -0 -0 1 0 
1 39.490000000000009 65.758999000000003 6.0999999999999996 1 0 -0 0 0 1 0 -1 0 
1 24.443250000000006 9.4637499999999974 6.0999999999999996 1 0 -0 0 0 1 0 -1 0 
1 24.443250000000006 9.4637499999999974 6.0999999999999996 -0 1 0 0 0 1 1 0 -0 
1 24.443250000000006 9.4637499999999974 7.0999999999999996 0 0 1 1 0 -0 -0 1 0 
1 24.443250000000006 11.364249999999998 6.0999999999999996 -0 1 0 0 0 1 1 0 -0 
1 24.443250000000006 9.4637499999999974 6.0999999999999996 0 0 1 1 0 -0 -0 1 0 
1 25.599433000000005 9.4637499999999974 6.0999999999999996 1 0 -0 0 0 1 0 -1 0 
1 47.431250000000006 38.651750000000007 6.3999999999999995 1 0 -0 0 0 1 0 -1 0 
1 47.431250000000006 38.651750000000007 6.3999999999999995 -0 1 0 0 0 1 1 0 -0 
1 47.431250000000006 38.651750000000007 7.0999999999999996 0 0 1 1 0 -0 -0 1 0 
1 47.431250000000006 40.692250000000001 6.3999999999999995 -0 1 0 0 0 1 1 0 -0 
1 47.431250000000006 38.651750000000007 6.3999999999999995 0 0 1 1 0 -0 -0 1 0 
1 48.586433 38.651750000000007 6.3999999999999995 1 0 -0 0 0 1 0 -1 0 
1 20.188749999999999 16.056567000000001 6.3999999999999995 1 0 -0 0 0 1 0 -1 0 
1 20.188749999999999 16.056567000000001 6.3999999999999995 -0 1 0 0 0 1 1 0 -0 
1 20.188749999999999 16.056567000000001 7.0999999999999996 0 0 1 1 0 -0 -0 1 0 
1 20.188749999999999 17.211749999999995 6.3999999999999995 -0 1 0 0 0 1 1 0 -0 
1 20.188749999999999 16.056567000000001 6.3999999999999995 0 0 1 1 0 -0 -0 1 0 
1 22.229249999999993 16.056567000000001 6.3999999999999995 1 0 -0 0 0 1 0 -1 0 
1 43.538499999999999 37.513000000000005 5.7999999999999998 1 0 -0 0 0 1 0 -1 0 
1 43.538499999999999 37.513000000000005 5.7999999999999998 -0 1 0 0 0 1 1 0 -0 
1 43.538499999999999 37.513000000000005 7.0999999999999996 0 0 1 1 0 -0 -0 1 0 
1 43.538499999999999 40.866 5.7999999999999998 -0 1 0 0 0 1 1 0 -0 
1 43.538499999999999 37.513000000000005 5.7999999999999998 0 0 1 1 0 -0 -0 1 0 
1 47.169432999999998 37.513000000000005 5.7999999999999998 1 0 -0 0 0 1 0 -1 0 
1 44.213750000000005 59.720567000000003 6.3999999999999995 1 0 -0 0 0 1 0 -1 0 
1 44.213750000000005 59.720567000000003 6.3999999999999995 -0 1 0 0 0 1 1 0 -0 
1 44.213750000000005 59.720567000000003 7.0999999999999996 0 0 1 1 0 -0 -0 1 0 
1 44.213750000000005 60.875749999999996 6.3999999999999995 -0 1 0 0 0 1 1 0 -0 
1 44.213750000000005 59.720567000000003 6.3999999999999995 0 0 1 1 0 -0 -0 1 0 
1 46.254250000000013 59.720567000000003 6.3999999999999995 1 0 -0 0 0 1 0 -1 0 
1 8.8650000000000002 64.77000000000001 1.5999999999999996 1 0 -0 0 0 1 0 -1 0 
1 8.8650000000000002 64.77000000000001 1.5999999999999996 -0 1 0 0 0 1 1 0 -0 
1 8.8650000000000002 64.77000000000001 7.0999999999999996 0 0 1 1 0 -0 -0 1 0 
1 8.8650000000000002 78.909999999999997 1.5999999999999996 -0 1 0 0 0 1 1 0 -0 
1 8.8650000000000002 64.77000000000001 1.5999999999999996 0 0 1 1 0 -0 -0 1 0 
1 15.345000000000001 64.77000000000001 1.5999999999999996 1 0 -0 0 0 1 0 -1 0 
1 44.213750000000005 63.530567000000005 6.3999999999999995 1 0 -0 0 0 1 0 -1 0 
1 44.213750000000005 63.530567000000005 6.3999999999999995 -0 1 0 0 0 1 1 0 -0 
1 44.213750000000005 63.530567000000005 7.0999999999999996 0 0 1 1 0 -0 -0 1 0 
1 44.213750000000005 64.685749999999999 6.3999999999999995 -0 1 0 0 0 1 1 0 -0 
1 44.213750000000005 63.530567000000005 6.3999999999999995 0 0 1 1 0 -0 -0 1 0 
1 46.254250000000013 63.530567000000005 6.3999999999999995 1 0 -0 0 0 1 0 -1 0 
1 40.823499999999996 58.072999999999993 6.0999999999999996 1 0 -0 0 0 1 0 -1 0 
1 40.823499999999996 58.072999999999993 6.0999999999999996 -0 1 0 0 0 1 1 0 -0 
1 40.823499999999996 58.072999999999993 7.0999999999999996 0 0 1 1 0 -0 -0 1 0 
1 40.823499999999996 59.747000999999997 6.0999999999999996 -0 1 0 0 0 1 1 0 -0 
1 40.823499999999996 58.072999999999993 6.0999999999999996 0 0 1 1 0 -0 -0 1 0 
1 43.857501000000013 58.072999999999993 6.0999999999999996 1 0 -0 0 0 1 0 -1 0 
1 39.670567000000005 41.766750000000002 6.0999999999999996 1 0 -0 0 0 1 0 -1 0 
1 39.670567000000005 41.766750000000002 6.0999999999999996 -0 1 0 0 0 1 1 0 -0 
1 39.670567000000005 41.766750000000002 7.0999999999999996 0 0 1 1 0 -0 -0 1 0 
1 39.670567000000005 43.667249999999996 6.0999999999999996 -0 1 0 0 0 1 1 0 -0 
1 39.670567000000005 41.766750000000002 6.0999999999999996 0 0 1 1 0 -0 -0 1 0 
1 40.826750000000004 41.766750000000002 6.0999999999999996 1 0 -0 0 0 1 0 -1 0 
1 19.993566999999999 13.984749999999998 6.0999999999999996 1 0 -0 0 0 1 0 -1 0 
1 19.993566999999999 13.984749999999998 6.0999999999999996 -0 1 0 0 0 1 1 0 -0 
1 19.993566999999999 13.984749999999998 7.0999999999999996 0 0 1 1 0 -0 -0 1 0 
1 19.993566999999999 15.885249999999999 6.0999999999999996 -0 1 0 0 0 1 1 0 -0 
1 19.993566999999999 13.984749999999998 6.0999999999999996 0 0 1 1 0 -0 -0 1 0 
1 21.149749999999997 13.984749999999998 6.0999999999999996 1 0 -0 0 0 1 0 -1 0 
1 8.5635670000000061 30.21575 6.0999999999999996 1 0 -0 0 0 1 0 -1 0 
1 8.5635670000000061 30.21575 6.0999999999999996 -0 1 0 0 0 1 1 0 -0 
1 8.5635670000000061 30.21575 7.0999999999999996 0 0 1 1 0 -0 -0 1 0 
1 8.5635670000000061 32.116249999999994 6.0999999999999996 -0 1 0 0 0 1 1 0 -0 
1 8.5635670000000061 30.21575 6.0999999999999996 0 0 1 1 0 -0 -0 1 0 
1 9.7197500000000048 30.21575 6.0999999999999996 1 0 -0 0 0 1 0 -1 0 
1 23.173249999999996 9.4637499999999974 6.0999999999999996 1 0 -0 0 0 1 0 -1 0 
1 23.173249999999996 9.4637499999999974 6.0999999999999996 -0 1 0 0 0 1 1 0 -0 
1 23.173249999999996 9.4637499999999974 7.0999999999999996 0 0 1 1 0 -0 -0 1 0 
1 23.173249999999996 11.364249999999998 6.0999999999999996 -0 1 0 0 0 1 1 0 -0 
1 23.173249999999996 9.4637499999999974 6.0999999999999996 0 0 1 1 0 -0 -0 1 0 
1 24.329432999999995 9.4637499999999974 6.0999999999999996 1 0 -0 0 0 1 0 -1 0 
1 4.9989999999999952 28.327500000000001 5.7999999999999998 1 0 -0 0 0 1 0 -1 0 
1 4.9989999999999952 28.327500000000001 5.7999999999999998 -0 1 0 0 0 1 1 0 -0 
1 4.9989999999999952 28.327500000000001 7.0999999999999996 0 0 1 1 0 -0 -0 1 0 
1 4.9989999999999952 32.257000000000005 5.7999999999999998 -0 1 0 0 0 1 1 0 -0 
1 4.9989999999999952 28.327500000000001 5.7999999999999998 0 0 1 1 0 -0 -0 1 0 
1 8.2489999999999952 28.327500000000001 5.7999999999999998 1 0 -0 0 0 1 0 -1 0 
1 25.725999999999999 65.848500000000001 5.7999999999999998 1 0 -0 0 0 1 0 -1 0 
1 25.725999999999999 65.848500000000001 5.7999999999999998 -0 1 0 0 0 1 1 0 -0 
1 25.725999999999999 65.848500000000001 7.0999999999999996 0 0 1 1 0 -0 -0 1 0 
1 25.725999999999999 69.581000000000003 5.7999999999999998 -0 1 0 0 0 1 1 0 -0 
1 25.725999999999999 65.848500000000001 5.7999999999999998 0 0 1 1 0 -0 -0 1 0 
1 29.645999999999987 65.848500000000001 5.7999999999999998 1 0 -0 0 0 1 0 -1 0 
1 30.422500000000014 60.089500000000001 5.7999999999999998 1 0 -0 0 0 1 0 -1 0 
1 30.422500000000014 60.089500000000001 5.7999999999999998 -0 1 0 0 0 1 1 0 -0 
1 30.422500000000014 60.089500000000001 7.0999999999999996 0 0 1 1 0 -0 -0 1 0 
1 30.422500000000014 64.974500000000006 5.7999999999999998 -0 1 0 0 0 1 1 0 -0 
1 30.422500000000014 60.089500000000001 5.7999999999999998 0 0 1 1 0 -0 -0 1 0 
1 32.853432999999995 60.089500000000001 5.7999999999999998 1 0 -0 0 0 1 0 -1 0 
1 21.281066999999993 13.979750000000003 6.0999999999999996 1 0 -0 0 0 1 0 -1 0 
1 21.281066999999993 13.979750000000003 6.0999999999999996 -0 1 0 0 0 1 1 0 -0 
1 21.281066999999993 13.979750000000003 7.0999999999999996 0 0 1 1 0 -0 -0 1 0 
1 21.281066999999993 15.880250000000004 6.0999999999999996 -0 1 0 0 0 1 1 0 -0 
1 21.281066999999993 13.979750000000003 6.0999999999999996 0 0 1 1 0 -0 -0 1 0 
1 22.437250000000006 13.979750000000003 6.0999999999999996 1 0 -0 0 0 1 0 -1 0 
1 20.188749999999999 18.596566999999993 6.3999999999999995 1 0 -0 0 0 1 0 -1 0 
1 20.188749999999999 18.596566999999993 6.3999999999999995 -0 1 0 0 0 1 1 0 -0 
1 20.188749999999999 18.596566999999993 7.0999999999999996 0 0 1 1 0 -0 -0 1 0 
1 20.188749999999999 19.751750000000001 6.3999999999999995 -0 1 0 0 0 1 1 0 -0 
1 20.188749999999999 18.596566999999993 6.3999999999999995 0 0 1 1 0 -0 -0 1 0 
1 22.229249999999993 18.596566999999993 6.3999999999999995 1 0 -0 0 0 1 0 -1 0 
1 25.708567000000002 44.620750000000001 6.3999999999999995 1 0 -0 0 0 1 0 -1 0 
1 25.708567000000002 44.620750000000001 6.3999999999999995 -0 1 0 0 0 1 1 0 -0 
1 25.708567000000002 44.620750000000001 7.0999999999999996 0 0 1 1 0 -0 -0 1 0 
1 25.708567000000002 46.661249999999995 6.3999999999999995 -0 1 0 0 0 1 1 0 -0 
1 25.708567000000002 44.620750000000001 6.3999999999999995 0 0 1 1 0 -0 -0 1 0 
1 26.863749999999996 44.620750000000001 6.3999999999999995 1 0 -0 0 0 1 0 -1 0 
1 31.453000000000003 46.811499999999995 5.7999999999999998 1 0 -0 0 0 1 0 -1 0 
1 31.453000000000003 46.811499999999995 5.7999999999999998 -0 1 0 0 0 1 1 0 -0 
1 31.453000000000003 46.811499999999995 7.0999999999999996 0 0 1 1 0 -0 -0 1 0 
1 31.453000000000003 50.466999999999999 5.7999999999999998 -0 1 0 0 0 1 1 0 -0 
1 31.453000000000003 46.811499999999995 5.7999999999999998 0 0 1 1 0 -0 -0 1 0 
1 35.603000000000009 46.811499999999995 5.7999999999999998 1 0 -0 0 0 1 0 -1 0 
1 4.470249999999993 39.599566999999993 6.0999999999999996 1 0 -0 0 0 1 0 -1 0 
1 4.470249999999993 39.599566999999993 6.0999999999999996 -0 1 0 0 0 1 1 0 -0 
1 4.470249999999993 39.599566999999993 7.0999999999999996 0 0 1 1 0 -0 -0 1 0 
1 4.470249999999993 40.754750000000001 6.0999999999999996 -0 1 0 0 0 1 1 0 -0 
1 4.470249999999993 39.599566999999993 6.0999999999999996 0 0 1 1 0 -0 -0 1 0 
1 6.9597519999999946 39.599566999999993 6.0999999999999996 1 0 -0 0 0 1 0 -1 0 
1 20.188749999999999 11.992567000000001 6.3999999999999995 1 0 -0 0 0 1 0 -1 0 
1 20.188749999999999 11.992567000000001 6.3999999999999995 -0 1 0 0 0 1 1 0 -0 
1 20.188749999999999 11.992567000000001 7.0999999999999996 0 0 1 1 0 -0 -0 1 0 
1 20.188749999999999 13.147750000000002 6.3999999999999995 -0 1 0 0 0 1 1 0 -0 
1 20.188749999999999 11.992567000000001 6.3999999999999995 0 0 1 1 0 -0 -0 1 0 
1 22.229249999999993 11.992567000000001 6.3999999999999995 1 0 -0 0 0 1 0 -1 0 
1 39.675250000000005 39.684250000000006 6.0999999999999996 1 0 -0 0 0 1 0 -1 0 
1 39.675250000000005 39.684250000000006 6.0999999999999996 -0 1 0 0 0 1 1 0 -0 
1 39.675250000000005 39.684250000000006 7.0999999999999996 0 0 1 1 0 -0 -0 1 0 
1 39.675250000000005 41.58475 6.0999999999999996 -0 1 0 0 0 1 1 0 -0 
1 39.675250000000005 39.684250000000006 6.0999999999999996 0 0 1 1 0 -0 -0 1 0 
1 40.831433000000004 39.684250000000006 6.0999999999999996 1 0 -0 0 0 1 0 -1 0 
1 45.580749999999995 44.650750000000002 6.3999999999999995 1 0 -0 0 0 1 0 -1 0 
1 45.580749999999995 44.650750000000002 6.3999999999999995 -0 1 0 0 0 1 1 0 -0 
1 45.580749999999995 44.650750000000002 7.0999999999999996 0 0 1 1 0 -0 -0 1 0 
1 45.580749999999995 49.425250000000005 6.3999999999999995 -0 1 0 0 0 1 1 0 -0 
1 45.580749999999995 44.650750000000002 6.3999999999999995 0 0 1 1 0 -0 -0 1 0 
1 47.891250000000014 44.650750000000002 6.3999999999999995 1 0 -0 0 0 1 0 -1 0 
1 35.834000000000003 48.723500000000001 4.5999999999999996 1 0 -0 0 0 1 0 -1 0 
1 35.834000000000003 48.723500000000001 4.5999999999999996 -0 1 0 0 0 1 1 0 -0 
1 35.834000000000003 48.723500000000001 7.0999999999999996 0 0 1 1 0 -0 -0 1 0 
1 35.834000000000003 50.993499999999997 4.5999999999999996 -0 1 0 0 0 1 1 0 -0 
1 35.834000000000003 48.723500000000001 4.5999999999999996 0 0 1 1 0 -0 -0 1 0 
1 39.039999999999992 48.723500000000001 4.5999999999999996 1 0 -0 0 0 1 0 -1 0 
1 21.52225 48.627750000000006 6.0999999999999996 1 0 -0 0 0 1 0 -1 0 
1 21.52225 48.627750000000006 6.0999999999999996 -0 1 0 0 0 1 1 0 -0 
1 21.52225 48.627750000000006 7.0999999999999996 0 0 1 1 0 -0 -0 1 0 
1 21.52225 50.52825 6.0999999999999996 -0 1 0 0 0 1 1 0 -0 
1 21.52225 48.627750000000006 6.0999999999999996 0 0 1 1 0 -0 -0 1 0 
1 22.678432999999998 48.627750000000006 6.0999999999999996 1 0 -0 0 0 1 0 -1 0 
1 32.772999999999996 61.441000000000003 6.0999999999999996 1 0 -0 0 0 1 0 -1 0 
1 32.772999999999996 61.441000000000003 6.0999999999999996 -0 1 0 0 0 1 1 0 -0 
1 32.772999999999996 61.441000000000003 7.0999999999999996 0 0 1 1 0 -0 -0 1 0 
1 32.772999999999996 63.115001000000007 6.0999999999999996 -0 1 0 0 0 1 1 0 -0 
1 32.772999999999996 61.441000000000003 6.0999999999999996 0 0 1 1 0 -0 -0 1 0 
1 35.807001000000014 61.441000000000003 6.0999999999999996 1 0 -0 0 0 1 0 -1 0 
1 46.542249999999996 67.002250000000004 6.0999999999999996 1 0 -0 0 0 1 0 -1 0 
1 46.542249999999996 67.002250000000004 6.0999999999999996 -0 1 0 0 0 1 1 0 -0 
1 46.542249999999996 67.002250000000004 7.0999999999999996 0 0 1 1 0 -0 -0 1 0 
1 46.542249999999996 69.491752000000005 6.0999999999999996 -0 1 0 0 0 1 1 0 -0 
1 46.542249999999996 67.002250000000004 6.0999999999999996 0 0 1 1 0 -0 -0 1 0 
1 47.69743299999999 67.002250000000004 6.0999999999999996 1 0 -0 0 0 1 0 -1 0 
1 2.7044999999999959 8.1390000000000029 5.2999999999999998 1 0 -0 0 0 1 0 -1 0 
1 2.7044999999999959 8.1390000000000029 5.2999999999999998 -0 1 0 0 0 1 1 0 -0 
1 2.7044999999999959 8.1390000000000029 7.0999999999999996 0 0 1 1 0 -0 -0 1 0 
1 2.7044999999999959 25.388999999999996 5.2999999999999998 -0 1 0 0 0 1 1 0 -0 
1 2.7044999999999959 8.1390000000000029 5.2999999999999998 0 0 1 1 0 -0 -0 1 0 
1 19.075000000000003 8.1390000000000029 5.2999999999999998 1 0 -0 0 0 1 0 -1 0 
1 26.851567000000003 55.288749999999993 6.3999999999999995 1 0 -0 0 0 1 0 -1 0 
1 26.851567000000003 55.288749999999993 6.3999999999999995 -0 1 0 0 0 1 1 0 -0 
1 26.851567000000003 55.288749999999993 7.0999999999999996 0 0 1 1 0 -0 -0 1 0 
1 26.851567000000003 57.329250000000002 6.3999999999999995 -0 1 0 0 0 1 1 0 -0 
1 26.851567000000003 55.288749999999993 6.3999999999999995 0 0 1 1 0 -0 -0 1 0 
1 28.006749999999997 55.288749999999993 6.3999999999999995 1 0 -0 0 0 1 0 -1 0 
1 36.889250000000004 52.310749999999999 6.0999999999999996 1 0 -0 0 0 1 0 -1 0 
1 36.889250000000004 52.310749999999999 6.0999999999999996 -0 1 0 0 0 1 1 0 -0 
1 36.889250000000004 52.310749999999999 7.0999999999999996 0 0 1 1 0 -0 -0 1 0 
1 36.889250000000004 54.211250000000007 6.0999999999999996 -0 1 0 0 0 1 1 0 -0 
1 36.889250000000004 52.310749999999999 6.0999999999999996 0 0 1 1 0 -0 -0 1 0 
1 38.045433000000003 52.310749999999999 6.0999999999999996 1 0 -0 0 0 1 0 -1 0 
1 23.091499999999996 54.457999999999998 5.7999999999999998 1 0 -0 0 0 1 0 -1 0 
1 23.091499999999996 54.457999999999998 5.7999999999999998 -0 1 0 0 0 1 1 0 -0 
1 23.091499999999996 54.457999999999998 7.0999999999999996 0 0 1 1 0 -0 -0 1 0 
1 23.091499999999996 60.548000000000002 5.7999999999999998 -0 1 0 0 0 1 1 0 -0 
1 23.091499999999996 54.457999999999998 5.7999999999999998 0 0 1 1 0 -0 -0 1 0 
1 26.692499999999995 54.457999999999998 5.7999999999999998 1 0 -0 0 0 1 0 -1 0 
1 24.438567000000006 12.130749999999999 6.0999999999999996 1 0 -0 0 0 1 0 -1 0 
1 24.438567000000006 12.130749999999999 6.0999999999999996 -0 1 0 0 0 1 1 0 -0 
1 24.438567000000006 12.130749999999999 7.0999999999999996 0 0 1 1 0 -0 -0 1 0 
1 24.438567000000006 14.03125 6.0999999999999996 -0 1 0 0 0 1 1 0 -0 
1 24.438567000000006 12.130749999999999 6.0999999999999996 0 0 1 1 0 -0 -0 1 0 
1 25.594750000000005 12.130749999999999 6.0999999999999996 1 0 -0 0 0 1 0 -1 0 
1 34.551999999999992 56.738 4.5999999999999996 1 0 -0 0 0 1 0 -1 0 
1 34.551999999999992 56.738 4.5999999999999996 -0 1 0 0 0 1 1 0 -0 
1 34.551999999999992 56.738 7.0999999999999996 0 0 1 1 0 -0 -0 1 0 
1 34.551999999999992 59.944000000000003 4.5999999999999996 -0 1 0 0 0 1 1 0 -0 
1 34.551999999999992 56.738 4.5999999999999996 0 0 1 1 0 -0 -0 1 0 
1 36.822000000000003 56.738 4.5999999999999996 1 0 -0 0 0 1 0 -1 0 
1 44.504567000000009 41.064750000000004 6.3999999999999995 1 0 -0 0 0 1 0 -1 0 
1 44.504567000000009 41.064750000000004 6.3999999999999995 -0 1 0 0 0 1 1 0 -0 
1 44.504567000000009 41.064750000000004 7.0999999999999996 0 0 1 1 0 -0 -0 1 0 
1 44.504567000000009 43.105249999999998 6.3999999999999995 -0 1 0 0 0 1 1 0 -0 
1 44.504567000000009 41.064750000000004 6.3999999999999995 0 0 1 1 0 -0 -0 1 0 
1 45.659750000000003 41.064750000000004 6.3999999999999995 1 0 -0 0 0 1 0 -1 0 
1 4.8217499999999944 40.996566999999999 6.3999999999999995 1 0 -0 0 0 1 0 -1 0 
1 4.8217499999999944 40.996566999999999 6.3999999999999995 -0 1 0 0 0 1 1 0 -0 
1 4.8217499999999944 40.996566999999999 7.0999999999999996 0 0 1 1 0 -0 -0 1 0 
1 4.8217499999999944 42.151750000000007 6.3999999999999995 -0 1 0 0 0 1 1 0 -0 
1 4.8217499999999944 40.996566999999999 6.3999999999999995 0 0 1 1 0 -0 -0 1 0 
1 6.8622500000000031 40.996566999999999 6.3999999999999995 1 0 -0 0 0 1 0 -1 0 
1 15.265249999999995 37.364566999999994 6.0999999999999996 1 0 -0 0 0 1 0 -1 0 
1 15.265249999999995 37.364566999999994 6.0999999999999996 -0 1 0 0 0 1 1 0 -0 
1 15.265249999999995 37.364566999999994 7.0999999999999996 0 0 1 1 0 -0 -0 1 0 
1 15.265249999999995 38.519750000000002 6.0999999999999996 -0 1 0 0 0 1 1 0 -0 
1 15.265249999999995 37.364566999999994 6.0999999999999996 0 0 1 1 0 -0 -0 1 0 
1 17.754751999999996 37.364566999999994 6.0999999999999996 1 0 -0 0 0 1 0 -1 0 
1 43.234566999999998 41.064750000000004 6.3999999999999995 1 0 -0 0 0 1 0 -1 0 
1 43.234566999999998 41.064750000000004 6.3999999999999995 -0 1 0 0 0 1 1 0 -0 
1 43.234566999999998 41.064750000000004 7.0999999999999996 0 0 1 1 0 -0 -0 1 0 
1 43.234566999999998 43.105249999999998 6.3999999999999995 -0 1 0 0 0 1 1 0 -0 
1 43.234566999999998 41.064750000000004 6.3999999999999995 0 0 1 1 0 -0 -0 1 0 
1 44.389749999999992 41.064750000000004 6.3999999999999995 1 0 -0 0 0 1 0 -1 0 
1 5.0075669999999946 59.255247999999995 6.0999999999999996 1 0 -0 0 0 1 0 -1 0 
1 5.0075669999999946 59.255247999999995 6.0999999999999996 -0 1 0 0 0 1 1 0 -0 
1 5.0075669999999946 59.255247999999995 7.0999999999999996 0 0 1 1 0 -0 -0 1 0 
1 5.0075669999999946 61.744749999999996 6.0999999999999996 -0 1 0 0 0 1 1 0 -0 
1 5.0075669999999946 59.255247999999995 6.0999999999999996 0 0 1 1 0 -0 -0 1 0 
1 6.1627500000000026 59.255247999999995 6.0999999999999996 1 0 -0 0 0 1 0 -1 0 
1 8.8232500000000016 38.905749999999998 6.3999999999999995 1 0 -0 0 0 1 0 -1 0 
1 8.8232500000000016 38.905749999999998 6.3999999999999995 -0 1 0 0 0 1 1 0 -0 
1 8.8232500000000016 38.905749999999998 7.0999999999999996 0 0 1 1 0 -0 -0 1 0 
1 8.8232500000000016 40.946250000000006 6.3999999999999995 -0 1 0 0 0 1 1 0 -0 
1 8.8232500000000016 38.905749999999998 6.3999999999999995 0 0 1 1 0 -0 -0 1 0 
1 9.9784329999999954 38.905749999999998 6.3999999999999995 1 0 -0 0 0 1 0 -1 0 
1 37.620999000000012 58.066998999999996 6.0999999999999996 1 0 -0 0 0 1 0 -1 0 
1 37.620999000000012 58.066998999999996 6.0999999999999996 -0 1 0 0 0 1 1 0 -0 
1 37.620999000000012 58.066998999999996 7.0999999999999996 0 0 1 1 0 -0 -0 1 0 
1 37.620999000000012 59.741 6.0999999999999996 -0 1 0 0 0 1 1 0 -0 
1 37.620999000000012 58.066998999999996 6.0999999999999996 0 0 1 1 0 -0 -0 1 0 
1 40.655000000000001 58.066998999999996 6.0999999999999996 1 0 -0 0 0 1 0 -1 0 
1 45.785750000000007 41.052250000000001 6.0999999999999996 1 0 -0 0 0 1 0 -1 0 
1 45.785750000000007 41.052250000000001 6.0999999999999996 -0 1 0 0 0 1 1 0 -0 
1 45.785750000000007 41.052250000000001 7.0999999999999996 0 0 1 1 0 -0 -0 1 0 
1 45.785750000000007 42.208432999999999 6.0999999999999996 -0 1 0 0 0 1 1 0 -0 
1 45.785750000000007 41.052250000000001 6.0999999999999996 0 0 1 1 0 -0 -0 1 0 
1 47.686250000000001 41.052250000000001 6.0999999999999996 1 0 -0 0 0 1 0 -1 0 
1 38.988499999999988 48.622500000000002 5.7999999999999998 1 0 -0 0 0 1 0 -1 0 
1 38.988499999999988 48.622500000000002 5.7999999999999998 -0 1 0 0 0 1 1 0 -0 
1 38.988499999999988 48.622500000000002 7.0999999999999996 0 0 1 1 0 -0 -0 1 0 
1 38.988499999999988 52.872500000000002 5.7999999999999998 -0 1 0 0 0 1 1 0 -0 
1 38.988499999999988 48.622500000000002 5.7999999999999998 0 0 1 1 0 -0 -0 1 0 
1 42.519432999999992 48.622500000000002 5.7999999999999998 1 0 -0 0 0 1 0 -1 0 
1 38.996000000000009 52.932000000000002 6.0999999999999996 1 0 -0 0 0 1 0 -1 0 
1 38.996000000000009 52.932000000000002 6.0999999999999996 -0 1 0 0 0 1 1 0 -0 
1 38.996000000000009 52.932000000000002 7.0999999999999996 0 0 1 1 0 -0 -0 1 0 
1 38.996000000000009 54.606001000000006 6.0999999999999996 -0 1 0 0 0 1 1 0 -0 
1 38.996000000000009 52.932000000000002 6.0999999999999996 0 0 1 1 0 -0 -0 1 0 
1 42.030000999999999 52.932000000000002 6.0999999999999996 1 0 -0 0 0 1 0 -1 0 
1 44.213750000000005 58.450567000000007 6.3999999999999995 1 0 -0 0 0 1 0 -1 0 
1 44.213750000000005 58.450567000000007 6.3999999999999995 -0 1 0 0 0 1 1 0 -0 
1 44.213750000000005 58.450567000000007 7.0999999999999996 0 0 1 1 0 -0 -0 1 0 
1 44.213750000000005 59.60575 6.3999999999999995 -0 1 0 0 0 1 1 0 -0 
1 44.213750000000005 58.450567000000007 6.3999999999999995 0 0 1 1 0 -0 -0 1 0 
1 46.254250000000013 58.450567000000007 6.3999999999999995 1 0 -0 0 0 1 0 -1 0 
1 27.867566999999994 71.417749999999998 6.3999999999999995 1 0 -0 0 0 1 0 -1 0 
1 27.867566999999994 71.417749999999998 6.3999999999999995 -0 1 0 0 0 1 1 0 -0 
1 27.867566999999994 71.417749999999998 7.0999999999999996 0 0 1 1 0 -0 -0 1 0 
1 27.867566999999994 73.458250000000007 6.3999999999999995 -0 1 0 0 0 1 1 0 -0 
1 27.867566999999994 71.417749999999998 6.3999999999999995 0 0 1 1 0 -0 -0 1 0 
1 29.022750000000002 71.417749999999998 6.3999999999999995 1 0 -0 0 0 1 0 -1 0 
1 42.678750000000008 50.895750000000007 6.3999999999999995 1 0 -0 0 0 1 0 -1 0 
1 42.678750000000008 50.895750000000007 6.3999999999999995 -0 1 0 0 0 1 1 0 -0 
1 42.678750000000008 50.895750000000007 7.0999999999999996 0 0 1 1 0 -0 -0 1 0 
1 42.678750000000008 52.936250000000001 6.3999999999999995 -0 1 0 0 0 1 1 0 -0 
1 42.678750000000008 50.895750000000007 6.3999999999999995 0 0 1 1 0 -0 -0 1 0 
1 43.833933000000002 50.895750000000007 6.3999999999999995 1 0 -0 0 0 1 0 -1 0 
1 26.851567000000003 57.701750000000004 6.3999999999999995 1 0 -0 0 0 1 0 -1 0 
1 26.851567000000003 57.701750000000004 6.3999999999999995 -0 1 0 0 0 1 1 0 -0 
1 26.851567000000003 57.701750000000004 7.0999999999999996 0 0 1 1 0 -0 -0 1 0 
1 26.851567000000003 59.742249999999999 6.3999999999999995 -0 1 0 0 0 1 1 0 -0 
1 26.851567000000003 57.701750000000004 6.3999999999999995 0 0 1 1 0 -0 -0 1 0 
1 28.006749999999997 57.701750000000004 6.3999999999999995 1 0 -0 0 0 1 0 -1 0 
1 33.435000000000002 25.808499999999995 8.0999999999999996 1 0 -0 0 0 1 0 -1 0 
1 33.435000000000002 25.808499999999995 8.0999999999999996 -0 1 0 0 0 1 1 0 -0 
1 33.435000000000002 25.808499999999995 9.4000000000000004 0 0 1 1 0 -0 -0 1 0 
1 33.435000000000002 29.339433 8.0999999999999996 -0 1 0 0 0 1 1 0 -0 
1 33.435000000000002 25.808499999999995 8.0999999999999996 0 0 1 1 0 -0 -0 1 0 
1 37.685000000000002 25.808499999999995 8.0999999999999996 1 0 -0 0 0 1 0 -1 0 
1 42.532749999999993 22.377750000000006 8.0999999999999996 1 0 -0 0 0 1 0 -1 0 
1 42.532749999999993 22.377750000000006 8.0999999999999996 -0 1 0 0 0 1 1 0 -0 
1 42.532749999999993 22.377750000000006 8.7999999999999989 0 0 1 1 0 -0 -0 1 0 
1 42.532749999999993 27.152249999999995 8.0999999999999996 -0 1 0 0 0 1 1 0 -0 
1 42.532749999999993 22.377750000000006 8.0999999999999996 0 0 1 1 0 -0 -0 1 0 
1 44.843250000000012 22.377750000000006 8.0999999999999996 1 0 -0 0 0 1 0 -1 0 
1 28.445750000000004 17.702749999999995 8.0999999999999996 1 0 -0 0 0 1 0 -1 0 
1 28.445750000000004 17.702749999999995 8.0999999999999996 -0 1 0 0 0 1 1 0 -0 
1 28.445750000000004 17.702749999999995 8.7999999999999989 0 0 1 1 0 -0 -0 1 0 
1 28.445750000000004 18.857933000000003 8.0999999999999996 -0 1 0 0 0 1 1 0 -0 
1 28.445750000000004 17.702749999999995 8.0999999999999996 0 0 1 1 0 -0 -0 1 0 
1 30.486250000000013 17.702749999999995 8.0999999999999996 1 0 -0 0 0 1 0 -1 0 
1 36.963999999999999 22.403999999999996 8.0999999999999996 1 0 -0 0 0 1 0 -1 0 
1 36.963999999999999 22.403999999999996 8.0999999999999996 -0 1 0 0 0 1 1 0 -0 
1 36.963999999999999 22.403999999999996 9.0999999999999996 0 0 1 1 0 -0 -0 1 0 
1 36.963999999999999 24.078000000000003 8.0999999999999996 -0 1 0 0 0 1 1 0 -0 
1 36.963999999999999 22.403999999999996 8.0999999999999996 0 0 1 1 0 -0 -0 1 0 
1 39.99799999999999 22.403999999999996 8.0999999999999996 1 0 -0 0 0 1 0 -1 0 
1 45.461749999999995 26.216566999999998 8.0999999999999996 1 0 -0 0 0 1 0 -1 0 
1 45.461749999999995 26.216566999999998 8.0999999999999996 -0 1 0 0 0 1 1 0 -0 
1 45.461749999999995 26.216566999999998 8.7999999999999989 0 0 1 1 0 -0 -0 1 0 
1 45.461749999999995 27.371750000000006 8.0999999999999996 -0 1 0 0 0 1 1 0 -0 
1 45.461749999999995 26.216566999999998 8.0999999999999996 0 0 1 1 0 -0 -0 1 0 
1 47.502250000000004 26.216566999999998 8.0999999999999996 1 0 -0 0 0 1 0 -1 0 
1 28.443749999999994 19.237250000000003 8.0999999999999996 1 0 -0 0 0 1 0 -1 0 
1 28.443749999999994 19.237250000000003 8.0999999999999996 -0 1 0 0 0 1 1 0 -0 
1 28.443749999999994 19.237250000000003 8.7999999999999989 0 0 1 1 0 -0 -0 1 0 
1 28.443749999999994 20.392432999999997 8.0999999999999996 -0 1 0 0 0 1 1 0 -0 
1 28.443749999999994 19.237250000000003 8.0999999999999996 0 0 1 1 0 -0 -0 1 0 
1 30.484250000000003 19.237250000000003 8.0999999999999996 1 0 -0 0 0 1 0 -1 0 
1 33.575999999999993 23.503 8.0999999999999996 1 0 -0 0 0 1 0 -1 0 
1 33.575999999999993 23.503 8.0999999999999996 -0 1 0 0 0 1 1 0 -0 
1 33.575999999999993 23.503 10.6 0 0 1 1 0 -0 -0 1 0 
1 33.575999999999993 25.772999999999996 8.0999999999999996 -0 1 0 0 0 1 1 0 -0 
1 33.575999999999993 23.503 8.0999999999999996 0 0 1 1 0 -0 -0 1 0 
1 36.782000000000011 23.503 8.0999999999999996 1 0 -0 0 0 1 0 -1 0 
1 36.963999999999999 24.182000000000002 8.0999999999999996 1 0 -0 0 0 1 0 -1 0 
1 36.963999999999999 24.182000000000002 8.0999999999999996 -0 1 0 0 0 1 1 0 -0 
1 36.963999999999999 24.182000000000002 9.0999999999999996 0 0 1 1 0 -0 -0 1 0 
1 36.963999999999999 25.855999999999995 8.0999999999999996 -0 1 0 0 0 1 1 0 -0 
1 36.963999999999999 24.182000000000002 8.0999999999999996 0 0 1 1 0 -0 -0 1 0 
1 39.99799999999999 24.182000000000002 8.0999999999999996 1 0 -0 0 0 1 0 -1 0 
1 31.212250000000012 27.918566999999996 8.0999999999999996 1 0 -0 0 0 1 0 -1 0 
1 31.212250000000012 27.918566999999996 8.0999999999999996 -0 1 0 0 0 1 1 0 -0 
1 31.212250000000012 27.918566999999996 8.7999999999999989 0 0 1 1 0 -0 -0 1 0 
1 31.212250000000012 29.073750000000004 8.0999999999999996 -0 1 0 0 0 1 1 0 -0 
1 31.212250000000012 27.918566999999996 8.0999999999999996 0 0 1 1 0 -0 -0 1 0 
1 33.252749999999992 27.918566999999996 8.0999999999999996 1 0 -0 0 0 1 0 -1 0 
1 43.514067000000011 27.580250000000007 8.0999999999999996 1 0 -0 0 0 1 0 -1 0 
1 43.514067000000011 27.580250000000007 8.0999999999999996 -0 1 0 0 0 1 1 0 -0 
1 43.514067000000011 27.580250000000007 8.7999999999999989 0 0 1 1 0 -0 -0 1 0 
1 43.514067000000011 29.620750000000001 8.0999999999999996 -0 1 0 0 0 1 1 0 -0 
1 43.514067000000011 27.580250000000007 8.0999999999999996 0 0 1 1 0 -0 -0 1 0 
1 44.669250000000005 27.580250000000007 8.0999999999999996 1 0 -0 0 0 1 0 -1 0 
1 44.572750000000013 9.1985669999999971 8.0999999999999996 1 0 -0 0 0 1 0 -1 0 
1 44.572750000000013 9.1985669999999971 8.0999999999999996 -0 1 0 0 0 1 1 0 -0 
1 44.572750000000013 9.1985669999999971 8.7999999999999989 0 0 1 1 0 -0 -0 1 0 
1 44.572750000000013 10.353749999999998 8.0999999999999996 -0 1 0 0 0 1 1 0 -0 
1 44.572750000000013 9.1985669999999971 8.0999999999999996 0 0 1 1 0 -0 -0 1 0 
1 46.613249999999994 9.1985669999999971 8.0999999999999996 1 0 -0 0 0 1 0 -1 0 
1 39.675999999999988 26.042000000000002 8.0999999999999996 1 0 -0 0 0 1 0 -1 0 
1 39.675999999999988 26.042000000000002 8.0999999999999996 -0 1 0 0 0 1 1 0 -0 
1 39.675999999999988 26.042000000000002 9.0999999999999996 0 0 1 1 0 -0 -0 1 0 
1 39.675999999999988 29.075999999999993 8.0999999999999996 -0 1 0 0 0 1 1 0 -0 
1 39.675999999999988 26.042000000000002 8.0999999999999996 0 0 1 1 0 -0 -0 1 0 
1 41.349999999999994 26.042000000000002 8.0999999999999996 1 0 -0 0 0 1 0 -1 0 
1 38.774921000000006 13.783499999999997 8.0999999999999996 1 0 -0 0 0 1 0 -1 0 
1 38.774921000000006 13.783499999999997 8.0999999999999996 -0 1 0 0 0 1 1 0 -0 
1 38.774921000000006 13.783499999999997 9.5999999999999996 0 0 1 1 0 -0 -0 1 0 
1 38.774921000000006 22.357078999999999 8.0999999999999996 -0 1 0 0 0 1 1 0 -0 
1 38.774921000000006 13.783499999999997 8.0999999999999996 0 0 1 1 0 -0 -0 1 0 
1 43.18549999999999 13.783499999999997 8.0999999999999996 1 0 -0 0 0 1 0 -1 0 
1 43.372749999999996 16.437567000000001 8.0999999999999996 1 0 -0 0 0 1 0 -1 0 
1 43.372749999999996 16.437567000000001 8.0999999999999996 -0 1 0 0 0 1 1 0 -0 
1 43.372749999999996 16.437567000000001 9.0999999999999996 0 0 1 1 0 -0 -0 1 0 
1 43.372749999999996 17.59375 8.0999999999999996 -0 1 0 0 0 1 1 0 -0 
1 43.372749999999996 16.437567000000001 8.0999999999999996 0 0 1 1 0 -0 -0 1 0 
1 45.27324999999999 16.437567000000001 8.0999999999999996 1 0 -0 0 0 1 0 -1 0 
1 37.770999999999987 26.042000000000002 8.0999999999999996 1 0 -0 0 0 1 0 -1 0 
1 37.770999999999987 26.042000000000002 8.0999999999999996 -0 1 0 0 0 1 1 0 -0 
1 37.770999999999987 26.042000000000002 9.0999999999999996 0 0 1 1 0 -0 -0 1 0 
1 37.770999999999987 29.075999999999993 8.0999999999999996 -0 1 0 0 0 1 1 0 -0 
1 37.770999999999987 26.042000000000002 8.0999999999999996 0 0 1 1 0 -0 -0 1 0 
1 39.444999999999993 26.042000000000002 8.0999999999999996 1 0 -0 0 0 1 0 -1 0 
1 45.461749999999995 28.248566999999994 8.0999999999999996 1 0 -0 0 0 1 0 -1 0 
1 45.461749999999995 28.248566999999994 8.0999999999999996 -0 1 0 0 0 1 1 0 -0 
1 45.461749999999995 28.248566999999994 8.7999999999999989 0 0 1 1 0 -0 -0 1 0 
1 45.461749999999995 29.403750000000002 8.0999999999999996 -0 1 0 0 0 1 1 0 -0 
1 45.461749999999995 28.248566999999994 8.0999999999999996 0 0 1 1 0 -0 -0 1 0 
1 47.502250000000004 28.248566999999994 8.0999999999999996 1 0 -0 0 0 1 0 -1 0 
1 37.657749999999993 12.500566999999997 8.0999999999999996 1 0 -0 0 0 1 0 -1 0 
1 37.657749999999993 12.500566999999997 8.0999999999999996 -0 1 0 0 0 1 1 0 -0 
1 37.657749999999993 12.500566999999997 9.0999999999999996 0 0 1 1 0 -0 -0 1 0 
1 37.657749999999993 13.656750000000002 8.0999999999999996 -0 1 0 0 0 1 1 0 -0 
1 37.657749999999993 12.500566999999997 8.0999999999999996 0 0 1 1 0 -0 -0 1 0 
1 39.558249999999987 12.500566999999997 8.0999999999999996 1 0 -0 0 0 1 0 -1 0 
1 44.572750000000013 10.595567000000003 8.0999999999999996 1 0 -0 0 0 1 0 -1 0 
1 44.572750000000013 10.595567000000003 8.0999999999999996 -0 1 0 0 0 1 1 0 -0 
1 44.572750000000013 10.595567000000003 8.7999999999999989 0 0 1 1 0 -0 -0 1 0 
1 44.572750000000013 11.750749999999996 8.0999999999999996 -0 1 0 0 0 1 1 0 -0 
1 44.572750000000013 10.595567000000003 8.0999999999999996 0 0 1 1 0 -0 -0 1 0 
1 46.613249999999994 10.595567000000003 8.0999999999999996 1 0 -0 0 0 1 0 -1 0 
Triangulations 0

TShapes 4149
Ve
1e-07
37.35 60.232 7.1
0 0

0101101
*
Ve
1e-07
37.35 60.232 5.8
0 0

0101101
*
Ed
 1e-07 1 1 0
1  1 0 0 1.3
2  1 1 0 0 1.3
2  2 2 0 0 1.3
0

0101000
-4149 0 +4148 0 *
Ve
1e-07
37.35 65.737 7.1
0 0

0101101
*
Ed
 1e-07 1 1 0
1  2 0 0 5.50499999999999
2  3 1 0 0 5.50499999999999
2  4 3 0 0 5.50499999999999
0

0101000
-4146 0 +4149 0 *
Ve
1e-07
37.35 65.737 5.8
0 0

0101101
*
Ed
 1e-07 1 1 0
1  3 0 0 1.3
2  5 1 0 0 1.3
2  6 4 0 0 1.3
0

0101000
-4146 0 +4144 0 *
Ed
 1e-07 1 1 0
1  4 0 0 5.50499999999999
2  7 1 0 0 5.50499999999999
2  8 5 0 0 5.50499999999999
0

0101000
-4144 0 +4148 0 *
Wi

0101100
-4147 0 -4145 0 +4143 0 +4142 0 *
Fa
0  1e-07 1 0

0111000
+4141 0 *
Ve
1e-07
42.8 60.232 7.1
0 0

0101101
*
Ve
1e-07
42.8 60.232 5.8
0 0

0101101
*
Ed
 1e-07 1 1 0
1  5 0 0 1.3
2  9 6 0 0 1.3
2  10 2 0 0 1.3
0

0101000
-4139 0 +4138 0 *
Ve
1e-07
42.8 65.737 7.1
0 0

0101101
*
Ed
 1e-07 1 1 0
1  6 0 0 5.50499999999999
2  11 6 0 0 5.50499999999999
2  12 3 0 0 5.50499999999999
0

0101000
-4136 0 +4139 0 *
Ve
1e-07
42.8 65.737 5.8
0 0

0101101
*
Ed
 1e-07 1 1 0
1  7 0 0 1.3
2  13 6 0 0 1.3
2  14 4 0 0 1.3
0

0101000
-4136 0 +4134 0 *
Ed
 1e-07 1 1 0
1  8 0 0 5.50499999999999
2  15 6 0 0 5.50499999999999
2  16 5 0 0 5.50499999999999
0

0101000
-4134 0 +4138 0 *
Wi

0101100
-4137 0 -4135 0 +4133 0 +4132 0 *
Fa
0  1e-07 6 0

0111000
+4131 0 *
Ed
 1e-07 1 1 0
1  9 0 0 5.45000000000002
2  17 2 0 0 5.45000000000002
2  18 5 0 0 5.45000000000002
0

0101000
-4138 0 +4148 0 *
Ed
 1e-07 1 1 0
1  10 0 0 5.45000000000002
2  19 2 0 0 5.45000000000002
2  20 3 0 0 5.45000000000002
0

0101000
-4139 0 +4149 0 *
Wi

0101100
-4129 0 -4137 0 +4128 0 +4147 0 *
Fa
0  1e-07 2 0

0111000
+4127 0 *
Ed
 1e-07 1 1 0
1  11 0 0 5.45000000000002
2  21 4 0 0 5.45000000000002
2  22 5 0 0 5.45000000000002
0

0101000
-4134 0 +4144 0 *
Ed
 1e-07 1 1 0
1  12 0 0 5.45000000000002
2  23 4 0 0 5.45000000000002
2  24 3 0 0 5.45000000000002
0

0101000
-4136 0 +4146 0 *
Wi

0101100
-4125 0 -4133 0 +4124 0 +4143 0 *
Fa
0  1e-07 4 0

0111000
+4123 0 *
Wi

0101100
-4142 0 -4125 0 +4132 0 +4129 0 *
Fa
0  1e-07 5 0

0111000
+4121 0 *
Wi

0101100
-4145 0 -4124 0 +4135 0 +4128 0 *
Fa
0  1e-07 3 0

0111000
+4119 0 *
Sh

0101100
-4140 0 +4130 0 -4126 0 +4122 0 -4120 0 +4118 0 *
So

0100000
+4117 0 *
Ve
1e-07
42.6495 66.877 7.1
0 0

0101101
*
Ve
1e-07
42.6495 66.877 5.8
0 0

0101101
*
Ed
 1e-07 1 1 0
1  13 0 0 1.3
2  25 7 0 0 1.3
2  26 8 0 0 1.3
0

0101000
-4115 0 +4114 0 *
Ve
1e-07
42.6495 73.427 7.1
0 0

0101101
*
Ed
 1e-07 1 1 0
1  14 0 0 6.55000000000001
2  27 7 0 0 6.55000000000001
2  28 9 0 0 6.55000000000001
0

0101000
-4112 0 +4115 0 *
Ve
1e-07
42.6495 73.427 5.8
0 0

0101101
*
Ed
 1e-07 1 1 0
1  15 0 0 1.3
2  29 7 0 0 1.3
2  30 10 0 0 1.3
0

0101000
-4112 0 +4110 0 *
Ed
 1e-07 1 1 0
1  16 0 0 6.55000000000001
2  31 7 0 0 6.55000000000001
2  32 11 0 0 6.55000000000001
0

0101000
-4110 0 +4114 0 *
Wi

0101100
-4113 0 -4111 0 +4109 0 +4108 0 *
Fa
0  1e-07 7 0

0111000
+4107 0 *
Ve
1e-07
46.280433 66.877 7.1
0 0

0101101
*
Ve
1e-07
46.280433 66.877 5.8
0 0

0101101
*
Ed
 1e-07 1 1 0
1  17 0 0 1.3
2  33 12 0 0 1.3
2  34 8 0 0 1.3
0

0101000
-4105 0 +4104 0 *
Ve
1e-07
46.280433 73.427 7.1
0 0

0101101
*
Ed
 1e-07 1 1 0
1  18 0 0 6.55000000000001
2  35 12 0 0 6.55000000000001
2  36 9 0 0 6.55000000000001
0

0101000
-4102 0 +4105 0 *
Ve
1e-07
46.280433 73.427 5.8
0 0

0101101
*
Ed
 1e-07 1 1 0
1  19 0 0 1.3
2  37 12 0 0 1.3
2  38 10 0 0 1.3
0

0101000
-4102 0 +4100 0 *
Ed
 1e-07 1 1 0
1  20 0 0 6.55000000000001
2  39 12 0 0 6.55000000000001
2  40 11 0 0 6.55000000000001
0

0101000
-4100 0 +4104 0 *
Wi

0101100
-4103 0 -4101 0 +4099 0 +4098 0 *
Fa
0  1e-07 12 0

0111000
+4097 0 *
Ed
 1e-07 1 1 0
1  21 0 0 3.630933
2  41 8 0 0 3.630933
2  42 11 0 0 3.630933
0

0101000
-4104 0 +4114 0 *
Ed
 1e-07 1 1 0
1  22 0 0 3.630933
2  43 8 0 0 3.630933
2  44 9 0 0 3.630933
0

0101000
-4105 0 +4115 0 *
Wi

0101100
-4095 0 -4103 0 +4094 0 +4113 0 *
Fa
0  1e-07 8 0

0111000
+4093 0 *
Ed
 1e-07 1 1 0
1  23 0 0 3.630933
2  45 10 0 0 3.630933
2  46 11 0 0 3.630933
0

0101000
-4100 0 +4110 0 *
Ed
 1e-07 1 1 0
1  24 0 0 3.630933
2  47 10 0 0 3.630933
2  48 9 0 0 3.630933
0

0101000
-4102 0 +4112 0 *
Wi

0101100
-4091 0 -4099 0 +4090 0 +4109 0 *
Fa
0  1e-07 10 0

0111000
+4089 0 *
Wi

0101100
-4108 0 -4091 0 +4098 0 +4095 0 *
Fa
0  1e-07 11 0

0111000
+4087 0 *
Wi

0101100
-4111 0 -4090 0 +4101 0 +4094 0 *
Fa
0  1e-07 9 0

0111000
+4085 0 *
Sh

0101100
-4106 0 +4096 0 -4092 0 +4088 0 -4086 0 +4084 0 *
So

0100000
+4083 0 *
Ve
1e-07
42.67875 48.53325 7.1
0 0

0101101
*
Ve
1e-07
42.67875 48.53325 6.4
0 0

0101101
*
Ed
 1e-07 1 1 0
1  25 0 0 0.7
2  49 13 0 0 0.7
2  50 14 0 0 0.7
0

0101000
-4081 0 +4080 0 *
Ve
1e-07
42.67875 50.57375 7.1
0 0

0101101
*
Ed
 1e-07 1 1 0
1  26 0 0 2.04050000000001
2  51 13 0 0 2.04050000000001
2  52 15 0 0 2.04050000000001
0

0101000
-4078 0 +4081 0 *
Ve
1e-07
42.67875 50.57375 6.4
0 0

0101101
*
Ed
 1e-07 1 1 0
1  27 0 0 0.7
2  53 13 0 0 0.7
2  54 16 0 0 0.7
0

0101000
-4078 0 +4076 0 *
Ed
 1e-07 1 1 0
1  28 0 0 2.04050000000001
2  55 13 0 0 2.04050000000001
2  56 17 0 0 2.04050000000001
0

0101000
-4076 0 +4080 0 *
Wi

0101100
-4079 0 -4077 0 +4075 0 +4074 0 *
Fa
0  1e-07 13 0

0111000
+4073 0 *
Ve
1e-07
43.833933 48.53325 7.1
0 0

0101101
*
Ve
1e-07
43.833933 48.53325 6.4
0 0

0101101
*
Ed
 1e-07 1 1 0
1  29 0 0 0.7
2  57 18 0 0 0.7
2  58 14 0 0 0.7
0

0101000
-4071 0 +4070 0 *
Ve
1e-07
43.833933 50.57375 7.1
0 0

0101101
*
Ed
 1e-07 1 1 0
1  30 0 0 2.04050000000001
2  59 18 0 0 2.04050000000001
2  60 15 0 0 2.04050000000001
0

0101000
-4068 0 +4071 0 *
Ve
1e-07
43.833933 50.57375 6.4
0 0

0101101
*
Ed
 1e-07 1 1 0
1  31 0 0 0.7
2  61 18 0 0 0.7
2  62 16 0 0 0.7
0

0101000
-4068 0 +4066 0 *
Ed
 1e-07 1 1 0
1  32 0 0 2.04050000000001
2  63 18 0 0 2.04050000000001
2  64 17 0 0 2.04050000000001
0

0101000
-4066 0 +4070 0 *
Wi

0101100
-4069 0 -4067 0 +4065 0 +4064 0 *
Fa
0  1e-07 18 0

0111000
+4063 0 *
Ed
 1e-07 1 1 0
1  33 0 0 1.15518299999999
2  65 14 0 0 1.15518299999999
2  66 17 0 0 1.15518299999999
0

0101000
-4070 0 +4080 0 *
Ed
 1e-07 1 1 0
1  34 0 0 1.15518299999999
2  67 14 0 0 1.15518299999999
2  68 15 0 0 1.15518299999999
0

0101000
-4071 0 +4081 0 *
Wi

0101100
-4061 0 -4069 0 +4060 0 +4079 0 *
Fa
0  1e-07 14 0

0111000
+4059 0 *
Ed
 1e-07 1 1 0
1  35 0 0 1.15518299999999
2  69 16 0 0 1.15518299999999
2  70 17 0 0 1.15518299999999
0

0101000
-4066 0 +4076 0 *
Ed
 1e-07 1 1 0
1  36 0 0 1.15518299999999
2  71 16 0 0 1.15518299999999
2  72 15 0 0 1.15518299999999
0

0101000
-4068 0 +4078 0 *
Wi

0101100
-4057 0 -4065 0 +4056 0 +4075 0 *
Fa
0  1e-07 16 0

0111000
+4055 0 *
Wi

0101100
-4074 0 -4057 0 +4064 0 +4061 0 *
Fa
0  1e-07 17 0

0111000
+4053 0 *
Wi

0101100
-4077 0 -4056 0 +4067 0 +4060 0 *
Fa
0  1e-07 15 0

0111000
+4051 0 *
Sh

0101100
-4072 0 +4062 0 -4058 0 +4054 0 -4052 0 +4050 0 *
So

0100000
+4049 0 *
Ve
1e-07
45.1855 49.9125 7.1
0 0

0101101
*
Ve
1e-07
45.1855 49.9125 1.6
0 0

0101101
*
Ed
 1e-07 1 1 0
1  37 0 0 5.5
2  73 19 0 0 5.5
2  74 20 0 0 5.5
0

0101000
-4047 0 +4046 0 *
Ve
1e-07
45.1855 58.163433 7.1
0 0

0101101
*
Ed
 1e-07 1 1 0
1  38 0 0 8.250933
2  75 19 0 0 8.250933
2  76 21 0 0 8.250933
0

0101000
-4044 0 +4047 0 *
Ve
1e-07
45.1855 58.163433 1.6
0 0

0101101
*
Ed
 1e-07 1 1 0
1  39 0 0 5.5
2  77 19 0 0 5.5
2  78 22 0 0 5.5
0

0101000
-4044 0 +4042 0 *
Ed
 1e-07 1 1 0
1  40 0 0 8.250933
2  79 19 0 0 8.250933
2  80 23 0 0 8.250933
0

0101000
-4042 0 +4046 0 *
Wi

0101100
-4045 0 -4043 0 +4041 0 +4040 0 *
Fa
0  1e-07 19 0

0111000
+4039 0 *
Ve
1e-07
48.316433 49.9125 7.1
0 0

0101101
*
Ve
1e-07
48.316433 49.9125 1.6
0 0

0101101
*
Ed
 1e-07 1 1 0
1  41 0 0 5.5
2  81 24 0 0 5.5
2  82 20 0 0 5.5
0

0101000
-4037 0 +4036 0 *
Ve
1e-07
48.316433 58.163433 7.1
0 0

0101101
*
Ed
 1e-07 1 1 0
1  42 0 0 8.250933
2  83 24 0 0 8.250933
2  84 21 0 0 8.250933
0

0101000
-4034 0 +4037 0 *
Ve
1e-07
48.316433 58.163433 1.6
0 0

0101101
*
Ed
 1e-07 1 1 0
1  43 0 0 5.5
2  85 24 0 0 5.5
2  86 22 0 0 5.5
0

0101000
-4034 0 +4032 0 *
Ed
 1e-07 1 1 0
1  44 0 0 8.250933
2  87 24 0 0 8.250933
2  88 23 0 0 8.250933
0

0101000
-4032 0 +4036 0 *
Wi

0101100
-4035 0 -4033 0 +4031 0 +4030 0 *
Fa
0  1e-07 24 0

0111000
+4029 0 *
Ed
 1e-07 1 1 0
1  45 0 0 3.130933
2  89 20 0 0 3.130933
2  90 23 0 0 3.130933
0

0101000
-4036 0 +4046 0 *
Ed
 1e-07 1 1 0
1  46 0 0 3.130933
2  91 20 0 0 3.130933
2  92 21 0 0 3.130933
0

0101000
-4037 0 +4047 0 *
Wi

0101100
-4027 0 -4035 0 +4026 0 +4045 0 *
Fa
0  1e-07 20 0

0111000
+4025 0 *
Ed
 1e-07 1 1 0
1  47 0 0 3.130933
2  93 22 0 0 3.130933
2  94 23 0 0 3.130933
0

0101000
-4032 0 +4042 0 *
Ed
 1e-07 1 1 0
1  48 0 0 3.130933
2  95 22 0 0 3.130933
2  96 21 0 0 3.130933
0

0101000
-4034 0 +4044 0 *
Wi

0101100
-4023 0 -4031 0 +4022 0 +4041 0 *
Fa
0  1e-07 22 0

0111000
+4021 0 *
Wi

0101100
-4040 0 -4023 0 +4030 0 +4027 0 *
Fa
0  1e-07 23 0

0111000
+4019 0 *
Wi

0101100
-4043 0 -4022 0 +4033 0 +4026 0 *
Fa
0  1e-07 21 0

0111000
+4017 0 *
Sh

0101100
-4038 0 +4028 0 -4024 0 +4020 0 -4018 0 +4016 0 *
So

0100000
+4015 0 *
Ve
1e-07
44.21375 62.260567 7.1
0 0

0101101
*
Ve
1e-07
44.21375 62.260567 6.4
0 0

0101101
*
Ed
 1e-07 1 1 0
1  49 0 0 0.7
2  97 25 0 0 0.7
2  98 26 0 0 0.7
0

0101000
-4013 0 +4012 0 *
Ve
1e-07
44.21375 63.41575 7.1
0 0

0101101
*
Ed
 1e-07 1 1 0
1  50 0 0 1.15518300000001
2  99 25 0 0 1.15518300000001
2  100 27 0 0 1.15518300000001
0

0101000
-4010 0 +4013 0 *
Ve
1e-07
44.21375 63.41575 6.4
0 0

0101101
*
Ed
 1e-07 1 1 0
1  51 0 0 0.7
2  101 25 0 0 0.7
2  102 28 0 0 0.7
0

0101000
-4010 0 +4008 0 *
Ed
 1e-07 1 1 0
1  52 0 0 1.15518300000001
2  103 25 0 0 1.15518300000001
2  104 29 0 0 1.15518300000001
0

0101000
-4008 0 +4012 0 *
Wi

0101100
-4011 0 -4009 0 +4007 0 +4006 0 *
Fa
0  1e-07 25 0

0111000
+4005 0 *
Ve
1e-07
46.25425 62.260567 7.1
0 0

0101101
*
Ve
1e-07
46.25425 62.260567 6.4
0 0

0101101
*
Ed
 1e-07 1 1 0
1  53 0 0 0.7
2  105 30 0 0 0.7
2  106 26 0 0 0.7
0

0101000
-4003 0 +4002 0 *
Ve
1e-07
46.25425 63.41575 7.1
0 0

0101101
*
Ed
 1e-07 1 1 0
1  54 0 0 1.15518300000001
2  107 30 0 0 1.15518300000001
2  108 27 0 0 1.15518300000001
0

0101000
-4000 0 +4003 0 *
Ve
1e-07
46.25425 63.41575 6.4
0 0

0101101
*
Ed
 1e-07 1 1 0
1  55 0 0 0.7
2  109 30 0 0 0.7
2  110 28 0 0 0.7
0

0101000
-4000 0 +3998 0 *
Ed
 1e-07 1 1 0
1  56 0 0 1.15518300000001
2  111 30 0 0 1.15518300000001
2  112 29 0 0 1.15518300000001
0

0101000
-3998 0 +4002 0 *
Wi

0101100
-4001 0 -3999 0 +3997 0 +3996 0 *
Fa
0  1e-07 30 0

0111000
+3995 0 *
Ed
 1e-07 1 1 0
1  57 0 0 2.04050000000001
2  113 26 0 0 2.04050000000001
2  114 29 0 0 2.04050000000001
0

0101000
-4002 0 +4012 0 *
Ed
 1e-07 1 1 0
1  58 0 0 2.04050000000001
2  115 26 0 0 2.04050000000001
2  116 27 0 0 2.04050000000001
0

0101000
-4003 0 +4013 0 *
Wi

0101100
-3993 0 -4001 0 +3992 0 +4011 0 *
Fa
0  1e-07 26 0

0111000
+3991 0 *
Ed
 1e-07 1 1 0
1  59 0 0 2.04050000000001
2  117 28 0 0 2.04050000000001
2  118 29 0 0 2.04050000000001
0

0101000
-3998 0 +4008 0 *
Ed
 1e-07 1 1 0
1  60 0 0 2.04050000000001
2  119 28 0 0 2.04050000000001
2  120 27 0 0 2.04050000000001
0

0101000
-4000 0 +4010 0 *
Wi

0101100
-3989 0 -3997 0 +3988 0 +4007 0 *
Fa
0  1e-07 28 0

0111000
+3987 0 *
Wi

0101100
-4006 0 -3989 0 +3996 0 +3993 0 *
Fa
0  1e-07 29 0

0111000
+3985 0 *
Wi

0101100
-4009 0 -3988 0 +3999 0 +3992 0 *
Fa
0  1e-07 27 0

0111000
+3983 0 *
Sh

0101100
-4004 0 +3994 0 -3990 0 +3986 0 -3984 0 +3982 0 *
So

0100000
+3981 0 *
Ve
1e-07
16.82425 54.07375 7.1
0 0

0101101
*
Ve
1e-07
16.82425 54.07375 6.1
0 0

0101101
*
Ed
 1e-07 1 1 0
1  61 0 0 1
2  121 31 0 0 1
2  122 32 0 0 1
0

0101000
-3979 0 +3978 0 *
Ve
1e-07
16.82425 56.563252 7.1
0 0

0101101
*
Ed
 1e-07 1 1 0
1  62 0 0 2.489502
2  123 31 0 0 2.489502
2  124 33 0 0 2.489502
0

0101000
-3976 0 +3979 0 *
Ve
1e-07
16.82425 56.563252 6.1
0 0

0101101
*
Ed
 1e-07 1 1 0
1  63 0 0 1
2  125 31 0 0 1
2  126 34 0 0 1
0

0101000
-3976 0 +3974 0 *
Ed
 1e-07 1 1 0
1  64 0 0 2.489502
2  127 31 0 0 2.489502
2  128 35 0 0 2.489502
0

0101000
-3974 0 +3978 0 *
Wi

0101100
-3977 0 -3975 0 +3973 0 +3972 0 *
Fa
0  1e-07 31 0

0111000
+3971 0 *
Ve
1e-07
17.979433 54.07375 7.1
0 0

0101101
*
Ve
1e-07
17.979433 54.07375 6.1
0 0

0101101
*
Ed
 1e-07 1 1 0
1  65 0 0 1
2  129 36 0 0 1
2  130 32 0 0 1
0

0101000
-3969 0 +3968 0 *
Ve
1e-07
17.979433 56.563252 7.1
0 0

0101101
*
Ed
 1e-07 1 1 0
1  66 0 0 2.489502
2  131 36 0 0 2.489502
2  132 33 0 0 2.489502
0

0101000
-3966 0 +3969 0 *
Ve
1e-07
17.979433 56.563252 6.1
0 0

0101101
*
Ed
 1e-07 1 1 0
1  67 0 0 1
2  133 36 0 0 1
2  134 34 0 0 1
0

0101000
-3966 0 +3964 0 *
Ed
 1e-07 1 1 0
1  68 0 0 2.489502
2  135 36 0 0 2.489502
2  136 35 0 0 2.489502
0

0101000
-3964 0 +3968 0 *
Wi

0101100
-3967 0 -3965 0 +3963 0 +3962 0 *
Fa
0  1e-07 36 0

0111000
+3961 0 *
Ed
 1e-07 1 1 0
1  69 0 0 1.15518299999999
2  137 32 0 0 1.15518299999999
2  138 35 0 0 1.15518299999999
0

0101000
-3968 0 +3978 0 *
Ed
 1e-07 1 1 0
1  70 0 0 1.15518299999999
2  139 32 0 0 1.15518299999999
2  140 33 0 0 1.15518299999999
0

0101000
-3969 0 +3979 0 *
Wi

0101100
-3959 0 -3967 0 +3958 0 +3977 0 *
Fa
0  1e-07 32 0

0111000
+3957 0 *
Ed
 1e-07 1 1 0
1  71 0 0 1.15518299999999
2  141 34 0 0 1.15518299999999
2  142 35 0 0 1.15518299999999
0

0101000
-3964 0 +3974 0 *
Ed
 1e-07 1 1 0
1  72 0 0 1.15518299999999
2  143 34 0 0 1.15518299999999
2  144 33 0 0 1.15518299999999
0

0101000
-3966 0 +3976 0 *
Wi

0101100
-3955 0 -3963 0 +3954 0 +3973 0 *
Fa
0  1e-07 34 0

0111000
+3953 0 *
Wi

0101100
-3972 0 -3955 0 +3962 0 +3959 0 *
Fa
0  1e-07 35 0

0111000
+3951 0 *
Wi

0101100
-3975 0 -3954 0 +3965 0 +3958 0 *
Fa
0  1e-07 33 0

0111000
+3949 0 *
Sh

0101100
-3970 0 +3960 0 -3956 0 +3952 0 -3950 0 +3948 0 *
So

0100000
+3947 0 *
Ve
1e-07
6.785567 59.255248 7.1
0 0

0101101
*
Ve
1e-07
6.785567 59.255248 6.1
0 0

0101101
*
Ed
 1e-07 1 1 0
1  73 0 0 1
2  145 37 0 0 1
2  146 38 0 0 1
0

0101000
-3945 0 +3944 0 *
Ve
1e-07
6.785567 61.74475 7.1
0 0

0101101
*
Ed
 1e-07 1 1 0
1  74 0 0 2.489502
2  147 37 0 0 2.489502
2  148 39 0 0 2.489502
0

0101000
-3942 0 +3945 0 *
Ve
1e-07
6.785567 61.74475 6.1
0 0

0101101
*
Ed
 1e-07 1 1 0
1  75 0 0 1
2  149 37 0 0 1
2  150 40 0 0 1
0

0101000
-3942 0 +3940 0 *
Ed
 1e-07 1 1 0
1  76 0 0 2.489502
2  151 37 0 0 2.489502
2  152 41 0 0 2.489502
0

0101000
-3940 0 +3944 0 *
Wi

0101100
-3943 0 -3941 0 +3939 0 +3938 0 *
Fa
0  1e-07 37 0

0111000
+3937 0 *
Ve
1e-07
7.94074999999999 59.255248 7.1
0 0

0101101
*
Ve
1e-07
7.94074999999999 59.255248 6.1
0 0

0101101
*
Ed
 1e-07 1 1 0
1  77 0 0 1
2  153 42 0 0 1
2  154 38 0 0 1
0

0101000
-3935 0 +3934 0 *
Ve
1e-07
7.94074999999999 61.74475 7.1
0 0

0101101
*
Ed
 1e-07 1 1 0
1  78 0 0 2.489502
2  155 42 0 0 2.489502
2  156 39 0 0 2.489502
0

0101000
-3932 0 +3935 0 *
Ve
1e-07
7.94074999999999 61.74475 6.1
0 0

0101101
*
Ed
 1e-07 1 1 0
1  79 0 0 1
2  157 42 0 0 1
2  158 40 0 0 1
0

0101000
-3932 0 +3930 0 *
Ed
 1e-07 1 1 0
1  80 0 0 2.489502
2  159 42 0 0 2.489502
2  160 41 0 0 2.489502
0

0101000
-3930 0 +3934 0 *
Wi

0101100
-3933 0 -3931 0 +3929 0 +3928 0 *
Fa
0  1e-07 42 0

0111000
+3927 0 *
Ed
 1e-07 1 1 0
1  81 0 0 1.15518299999999
2  161 38 0 0 1.15518299999999
2  162 41 0 0 1.15518299999999
0

0101000
-3934 0 +3944 0 *
Ed
 1e-07 1 1 0
1  82 0 0 1.15518299999999
2  163 38 0 0 1.15518299999999
2  164 39 0 0 1.15518299999999
0

0101000
-3935 0 +3945 0 *
Wi

0101100
-3925 0 -3933 0 +3924 0 +3943 0 *
Fa
0  1e-07 38 0

0111000
+3923 0 *
Ed
 1e-07 1 1 0
1  83 0 0 1.15518299999999
2  165 40 0 0 1.15518299999999
2  166 41 0 0 1.15518299999999
0

0101000
-3930 0 +3940 0 *
Ed
 1e-07 1 1 0
1  84 0 0 1.15518299999999
2  167 40 0 0 1.15518299999999
2  168 39 0 0 1.15518299999999
0

0101000
-3932 0 +3942 0 *
Wi

0101100
-3921 0 -3929 0 +3920 0 +3939 0 *
Fa
0  1e-07 40 0

0111000
+3919 0 *
Wi

0101100
-3938 0 -3921 0 +3928 0 +3925 0 *
Fa
0  1e-07 41 0

0111000
+3917 0 *
Wi

0101100
-3941 0 -3920 0 +3931 0 +3924 0 *
Fa
0  1e-07 39 0

0111000
+3915 0 *
Sh

0101100
-3936 0 +3926 0 -3922 0 +3918 0 -3916 0 +3914 0 *
So

0100000
+3913 0 *
Ve
1e-07
4.82174999999999 42.393567 7.1
0 0

0101101
*
Ve
1e-07
4.82174999999999 42.393567 6.4
0 0

0101101
*
Ed
 1e-07 1 1 0
1  85 0 0 0.7
2  169 43 0 0 0.7
2  170 44 0 0 0.7
0

0101000
-3911 0 +3910 0 *
Ve
1e-07
4.82174999999999 43.54875 7.1
0 0

0101101
*
Ed
 1e-07 1 1 0
1  86 0 0 1.15518299999999
2  171 43 0 0 1.15518299999999
2  172 45 0 0 1.15518299999999
0

0101000
-3908 0 +3911 0 *
Ve
1e-07
4.82174999999999 43.54875 6.4
0 0

0101101
*
Ed
 1e-07 1 1 0
1  87 0 0 0.7
2  173 43 0 0 0.7
2  174 46 0 0 0.7
0

0101000
-3908 0 +3906 0 *
Ed
 1e-07 1 1 0
1  88 0 0 1.15518299999999
2  175 43 0 0 1.15518299999999
2  176 47 0 0 1.15518299999999
0

0101000
-3906 0 +3910 0 *
Wi

0101100
-3909 0 -3907 0 +3905 0 +3904 0 *
Fa
0  1e-07 43 0

0111000
+3903 0 *
Ve
1e-07
6.86225 42.393567 7.1
0 0

0101101
*
Ve
1e-07
6.86225 42.393567 6.4
0 0

0101101
*
Ed
 1e-07 1 1 0
1  89 0 0 0.7
2  177 48 0 0 0.7
2  178 44 0 0 0.7
0

0101000
-3901 0 +3900 0 *
Ve
1e-07
6.86225 43.54875 7.1
0 0

0101101
*
Ed
 1e-07 1 1 0
1  90 0 0 1.15518299999999
2  179 48 0 0 1.15518299999999
2  180 45 0 0 1.15518299999999
0

0101000
-3898 0 +3901 0 *
Ve
1e-07
6.86225 43.54875 6.4
0 0

0101101
*
Ed
 1e-07 1 1 0
1  91 0 0 0.7
2  181 48 0 0 0.7
2  182 46 0 0 0.7
0

0101000
-3898 0 +3896 0 *
Ed
 1e-07 1 1 0
1  92 0 0 1.15518299999999
2  183 48 0 0 1.15518299999999
2  184 47 0 0 1.15518299999999
0

0101000
-3896 0 +3900 0 *
Wi

0101100
-3899 0 -3897 0 +3895 0 +3894 0 *
Fa
0  1e-07 48 0

0111000
+3893 0 *
Ed
 1e-07 1 1 0
1  93 0 0 2.04050000000001
2  185 44 0 0 2.04050000000001
2  186 47 0 0 2.04050000000001
0

0101000
-3900 0 +3910 0 *
Ed
 1e-07 1 1 0
1  94 0 0 2.04050000000001
2  187 44 0 0 2.04050000000001
2  188 45 0 0 2.04050000000001
0

0101000
-3901 0 +3911 0 *
Wi

0101100
-3891 0 -3899 0 +3890 0 +3909 0 *
Fa
0  1e-07 44 0

0111000
+3889 0 *
Ed
 1e-07 1 1 0
1  95 0 0 2.04050000000001
2  189 46 0 0 2.04050000000001
2  190 47 0 0 2.04050000000001
0

0101000
-3896 0 +3906 0 *
Ed
 1e-07 1 1 0
1  96 0 0 2.04050000000001
2  191 46 0 0 2.04050000000001
2  192 45 0 0 2.04050000000001
0

0101000
-3898 0 +3908 0 *
Wi

0101100
-3887 0 -3895 0 +3886 0 +3905 0 *
Fa
0  1e-07 46 0

0111000
+3885 0 *
Wi

0101100
-3904 0 -3887 0 +3894 0 +3891 0 *
Fa
0  1e-07 47 0

0111000
+3883 0 *
Wi

0101100
-3907 0 -3886 0 +3897 0 +3890 0 *
Fa
0  1e-07 45 0

0111000
+3881 0 *
Sh

0101100
-3902 0 +3892 0 -3888 0 +3884 0 -3882 0 +3880 0 *
So

0100000
+3879 0 *
Ve
1e-07
22.8695 47.681 7.1
0 0

0101101
*
Ve
1e-07
22.8695 47.681 5.8
0 0

0101101
*
Ed
 1e-07 1 1 0
1  97 0 0 1.3
2  193 49 0 0 1.3
2  194 50 0 0 1.3
0

0101000
-3877 0 +3876 0 *
Ve
1e-07
22.8695 51.881 7.1
0 0

0101101
*
Ed
 1e-07 1 1 0
1  98 0 0 4.2
2  195 49 0 0 4.2
2  196 51 0 0 4.2
0

0101000
-3874 0 +3877 0 *
Ve
1e-07
22.8695 51.881 5.8
0 0

0101101
*
Ed
 1e-07 1 1 0
1  99 0 0 1.3
2  197 49 0 0 1.3
2  198 52 0 0 1.3
0

0101000
-3874 0 +3872 0 *
Ed
 1e-07 1 1 0
1  100 0 0 4.2
2  199 49 0 0 4.2
2  200 53 0 0 4.2
0

0101000
-3872 0 +3876 0 *
Wi

0101100
-3875 0 -3873 0 +3871 0 +3870 0 *
Fa
0  1e-07 49 0

0111000
+3869 0 *
Ve
1e-07
27.2715 47.681 7.1
0 0

0101101
*
Ve
1e-07
27.2715 47.681 5.8
0 0

0101101
*
Ed
 1e-07 1 1 0
1  101 0 0 1.3
2  201 54 0 0 1.3
2  202 50 0 0 1.3
0

0101000
-3867 0 +3866 0 *
Ve
1e-07
27.2715 51.881 7.1
0 0

0101101
*
Ed
 1e-07 1 1 0
1  102 0 0 4.2
2  203 54 0 0 4.2
2  204 51 0 0 4.2
0

0101000
-3864 0 +3867 0 *
Ve
1e-07
27.2715 51.881 5.8
0 0

0101101
*
Ed
 1e-07 1 1 0
1  103 0 0 1.3
2  205 54 0 0 1.3
2  206 52 0 0 1.3
0

0101000
-3864 0 +3862 0 *
Ed
 1e-07 1 1 0
1  104 0 0 4.2
2  207 54 0 0 4.2
2  208 53 0 0 4.2
0

0101000
-3862 0 +3866 0 *
Wi

0101100
-3865 0 -3863 0 +3861 0 +3860 0 *
Fa
0  1e-07 54 0

0111000
+3859 0 *
Ed
 1e-07 1 1 0
1  105 0 0 4.402
2  209 50 0 0 4.402
2  210 53 0 0 4.402
0

0101000
-3866 0 +3876 0 *
Ed
 1e-07 1 1 0
1  106 0 0 4.402
2  211 50 0 0 4.402
2  212 51 0 0 4.402
0

0101000
-3867 0 +3877 0 *
Wi

0101100
-3857 0 -3865 0 +3856 0 +3875 0 *
Fa
0  1e-07 50 0

0111000
+3855 0 *
Ed
 1e-07 1 1 0
1  107 0 0 4.402
2  213 52 0 0 4.402
2  214 53 0 0 4.402
0

0101000
-3862 0 +3872 0 *
Ed
 1e-07 1 1 0
1  108 0 0 4.402
2  215 52 0 0 4.402
2  216 51 0 0 4.402
0

0101000
-3864 0 +3874 0 *
Wi

0101100
-3853 0 -3861 0 +3852 0 +3871 0 *
Fa
0  1e-07 52 0

0111000
+3851 0 *
Wi

0101100
-3870 0 -3853 0 +3860 0 +3857 0 *
Fa
0  1e-07 53 0

0111000
+3849 0 *
Wi

0101100
-3873 0 -3852 0 +3863 0 +3856 0 *
Fa
0  1e-07 51 0

0111000
+3847 0 *
Sh

0101100
-3868 0 +3858 0 -3854 0 +3850 0 -3848 0 +3846 0 *
So

0100000
+3845 0 *
Ve
1e-07
23.17425 11.93375 7.1
0 0

0101101
*
Ve
1e-07
23.17425 11.93375 6.4
0 0

0101101
*
Ed
 1e-07 1 1 0
1  109 0 0 0.7
2  217 55 0 0 0.7
2  218 56 0 0 0.7
0

0101000
-3843 0 +3842 0 *
Ve
1e-07
23.17425 13.97425 7.1
0 0

0101101
*
Ed
 1e-07 1 1 0
1  110 0 0 2.04049999999999
2  219 55 0 0 2.04049999999999
2  220 57 0 0 2.04049999999999
0

0101000
-3840 0 +3843 0 *
Ve
1e-07
23.17425 13.97425 6.4
0 0

0101101
*
Ed
 1e-07 1 1 0
1  111 0 0 0.7
2  221 55 0 0 0.7
2  222 58 0 0 0.7
0

0101000
-3840 0 +3838 0 *
Ed
 1e-07 1 1 0
1  112 0 0 2.04049999999999
2  223 55 0 0 2.04049999999999
2  224 59 0 0 2.04049999999999
0

0101000
-3838 0 +3842 0 *
Wi

0101100
-3841 0 -3839 0 +3837 0 +3836 0 *
Fa
0  1e-07 55 0

0111000
+3835 0 *
Ve
1e-07
24.329433 11.93375 7.1
0 0

0101101
*
Ve
1e-07
24.329433 11.93375 6.4
0 0

0101101
*
Ed
 1e-07 1 1 0
1  113 0 0 0.7
2  225 60 0 0 0.7
2  226 56 0 0 0.7
0

0101000
-3833 0 +3832 0 *
Ve
1e-07
24.329433 13.97425 7.1
0 0

0101101
*
Ed
 1e-07 1 1 0
1  114 0 0 2.04049999999999
2  227 60 0 0 2.04049999999999
2  228 57 0 0 2.04049999999999
0

0101000
-3830 0 +3833 0 *
Ve
1e-07
24.329433 13.97425 6.4
0 0

0101101
*
Ed
 1e-07 1 1 0
1  115 0 0 0.7
2  229 60 0 0 0.7
2  230 58 0 0 0.7
0

0101000
-3830 0 +3828 0 *
Ed
 1e-07 1 1 0
1  116 0 0 2.04049999999999
2  231 60 0 0 2.04049999999999
2  232 59 0 0 2.04049999999999
0

0101000
-3828 0 +3832 0 *
Wi

0101100
-3831 0 -3829 0 +3827 0 +3826 0 *
Fa
0  1e-07 60 0

0111000
+3825 0 *
Ed
 1e-07 1 1 0
1  117 0 0 1.15518299999999
2  233 56 0 0 1.15518299999999
2  234 59 0 0 1.15518299999999
0

0101000
-3832 0 +3842 0 *
Ed
 1e-07 1 1 0
1  118 0 0 1.15518299999999
2  235 56 0 0 1.15518299999999
2  236 57 0 0 1.15518299999999
0

0101000
-3833 0 +3843 0 *
Wi

0101100
-3823 0 -3831 0 +3822 0 +3841 0 *
Fa
0  1e-07 56 0

0111000
+3821 0 *
Ed
 1e-07 1 1 0
1  119 0 0 1.15518299999999
2  237 58 0 0 1.15518299999999
2  238 59 0 0 1.15518299999999
0

0101000
-3828 0 +3838 0 *
Ed
 1e-07 1 1 0
1  120 0 0 1.15518299999999
2  239 58 0 0 1.15518299999999
2  240 57 0 0 1.15518299999999
0

0101000
-3830 0 +3840 0 *
Wi

0101100
-3819 0 -3827 0 +3818 0 +3837 0 *
Fa
0  1e-07 58 0

0111000
+3817 0 *
Wi

0101100
-3836 0 -3819 0 +3826 0 +3823 0 *
Fa
0  1e-07 59 0

0111000
+3815 0 *
Wi

0101100
-3839 0 -3818 0 +3829 0 +3822 0 *
Fa
0  1e-07 57 0

0111000
+3813 0 *
Sh

0101100
-3834 0 +3824 0 -3820 0 +3816 0 -3814 0 +3812 0 *
So

0100000
+3811 0 *
Ve
1e-07
6.529 55.767 7.1
0 0

0101101
*
Ve
1e-07
6.529 55.767 6.1
0 0

0101101
*
Ed
 1e-07 1 1 0
1  121 0 0 1
2  241 61 0 0 1
2  242 62 0 0 1
0

0101000
-3809 0 +3808 0 *
Ve
1e-07
6.529 58.8165 7.1
0 0

0101101
*
Ed
 1e-07 1 1 0
1  122 0 0 3.04950000000001
2  243 61 0 0 3.04950000000001
2  244 63 0 0 3.04950000000001
0

0101000
-3806 0 +3809 0 *
Ve
1e-07
6.529 58.8165 6.1
0 0

0101101
*
Ed
 1e-07 1 1 0
1  123 0 0 1
2  245 61 0 0 1
2  246 64 0 0 1
0

0101000
-3806 0 +3804 0 *
Ed
 1e-07 1 1 0
1  124 0 0 3.04950000000001
2  247 61 0 0 3.04950000000001
2  248 65 0 0 3.04950000000001
0

0101000
-3804 0 +3808 0 *
Wi

0101100
-3807 0 -3805 0 +3803 0 +3802 0 *
Fa
0  1e-07 61 0

0111000
+3801 0 *
Ve
1e-07
8.2085 55.767 7.1
0 0

0101101
*
Ve
1e-07
8.2085 55.767 6.1
0 0

0101101
*
Ed
 1e-07 1 1 0
1  125 0 0 1
2  249 66 0 0 1
2  250 62 0 0 1
0

0101000
-3799 0 +3798 0 *
Ve
1e-07
8.2085 58.8165 7.1
0 0

0101101
*
Ed
 1e-07 1 1 0
1  126 0 0 3.04950000000001
2  251 66 0 0 3.04950000000001
2  252 63 0 0 3.04950000000001
0

0101000
-3796 0 +3799 0 *
Ve
1e-07
8.2085 58.8165 6.1
0 0

0101101
*
Ed
 1e-07 1 1 0
1  127 0 0 1
2  253 66 0 0 1
2  254 64 0 0 1
0

0101000
-3796 0 +3794 0 *
Ed
 1e-07 1 1 0
1  128 0 0 3.04950000000001
2  255 66 0 0 3.04950000000001
2  256 65 0 0 3.04950000000001
0

0101000
-3794 0 +3798 0 *
Wi

0101100
-3797 0 -3795 0 +3793 0 +3792 0 *
Fa
0  1e-07 66 0

0111000
+3791 0 *
Ed
 1e-07 1 1 0
1  129 0 0 1.6795
2  257 62 0 0 1.6795
2  258 65 0 0 1.6795
0

0101000
-3798 0 +3808 0 *
Ed
 1e-07 1 1 0
1  130 0 0 1.6795
2  259 62 0 0 1.6795
2  260 63 0 0 1.6795
0

0101000
-3799 0 +3809 0 *
Wi

0101100
-3789 0 -3797 0 +3788 0 +3807 0 *
Fa
0  1e-07 62 0

0111000
+3787 0 *
Ed
 1e-07 1 1 0
1  131 0 0 1.6795
2  261 64 0 0 1.6795
2  262 65 0 0 1.6795
0

0101000
-3794 0 +3804 0 *
Ed
 1e-07 1 1 0
1  132 0 0 1.6795
2  263 64 0 0 1.6795
2  264 63 0 0 1.6795
0

0101000
-3796 0 +3806 0 *
Wi

0101100
-3785 0 -3793 0 +3784 0 +3803 0 *
Fa
0  1e-07 64 0

0111000
+3783 0 *
Wi

0101100
-3802 0 -3785 0 +3792 0 +3789 0 *
Fa
0  1e-07 65 0

0111000
+3781 0 *
Wi

0101100
-3805 0 -3784 0 +3795 0 +3788 0 *
Fa
0  1e-07 63 0

0111000
+3779 0 *
Sh

0101100
-3800 0 +3790 0 -3786 0 +3782 0 -3780 0 +3778 0 *
So

0100000
+3777 0 *
Ve
1e-07
40.80275 66.61975 7.1
0 0

0101101
*
Ve
1e-07
40.80275 66.61975 4.6
0 0

0101101
*
Ed
 1e-07 1 1 0
1  133 0 0 2.5
2  265 67 0 0 2.5
2  266 68 0 0 2.5
0

0101000
-3775 0 +3774 0 *
Ve
1e-07
40.80275 69.62025 7.1
0 0

0101101
*
Ed
 1e-07 1 1 0
1  134 0 0 3.0005
2  267 67 0 0 3.0005
2  268 69 0 0 3.0005
0

0101000
-3772 0 +3775 0 *
Ve
1e-07
40.80275 69.62025 4.6
0 0

0101101
*
Ed
 1e-07 1 1 0
1  135 0 0 2.5
2  269 67 0 0 2.5
2  270 70 0 0 2.5
0

0101000
-3772 0 +3770 0 *
Ed
 1e-07 1 1 0
1  136 0 0 3.0005
2  271 67 0 0 3.0005
2  272 71 0 0 3.0005
0

0101000
-3770 0 +3774 0 *
Wi

0101100
-3773 0 -3771 0 +3769 0 +3768 0 *
Fa
0  1e-07 67 0

0111000
+3767 0 *
Ve
1e-07
42.259433 66.61975 7.1
0 0

0101101
*
Ve
1e-07
42.259433 66.61975 4.6
0 0

0101101
*
Ed
 1e-07 1 1 0
1  137 0 0 2.5
2  273 72 0 0 2.5
2  274 68 0 0 2.5
0

0101000
-3765 0 +3764 0 *
Ve
1e-07
42.259433 69.62025 7.1
0 0

0101101
*
Ed
 1e-07 1 1 0
1  138 0 0 3.0005
2  275 72 0 0 3.0005
2  276 69 0 0 3.0005
0

0101000
-3762 0 +3765 0 *
Ve
1e-07
42.259433 69.62025 4.6
0 0

0101101
*
Ed
 1e-07 1 1 0
1  139 0 0 2.5
2  277 72 0 0 2.5
2  278 70 0 0 2.5
0

0101000
-3762 0 +3760 0 *
Ed
 1e-07 1 1 0
1  140 0 0 3.0005
2  279 72 0 0 3.0005
2  280 71 0 0 3.0005
0

0101000
-3760 0 +3764 0 *
Wi

0101100
-3763 0 -3761 0 +3759 0 +3758 0 *
Fa
0  1e-07 72 0

0111000
+3757 0 *
Ed
 1e-07 1 1 0
1  141 0 0 1.456683
2  281 68 0 0 1.456683
2  282 71 0 0 1.456683
0

0101000
-3764 0 +3774 0 *
Ed
 1e-07 1 1 0
1  142 0 0 1.456683
2  283 68 0 0 1.456683
2  284 69 0 0 1.456683
0

0101000
-3765 0 +3775 0 *
Wi

0101100
-3755 0 -3763 0 +3754 0 +3773 0 *
Fa
0  1e-07 68 0

0111000
+3753 0 *
Ed
 1e-07 1 1 0
1  143 0 0 1.456683
2  285 70 0 0 1.456683
2  286 71 0 0 1.456683
0

0101000
-3760 0 +3770 0 *
Ed
 1e-07 1 1 0
1  144 0 0 1.456683
2  287 70 0 0 1.456683
2  288 69 0 0 1.456683
0

0101000
-3762 0 +3772 0 *
Wi

0101100
-3751 0 -3759 0 +3750 0 +3769 0 *
Fa
0  1e-07 70 0

0111000
+3749 0 *
Wi

0101100
-3768 0 -3751 0 +3758 0 +3755 0 *
Fa
0  1e-07 71 0

0111000
+3747 0 *
Wi

0101100
-3771 0 -3750 0 +3761 0 +3754 0 *
Fa
0  1e-07 69 0

0111000
+3745 0 *
Sh

0101100
-3766 0 +3756 0 -3752 0 +3748 0 -3746 0 +3744 0 *
So

0100000
+3743 0 *
Ve
1e-07
5.57575 53.151567 7.1
0 0

0101101
*
Ve
1e-07
5.57575 53.151567 6.1
0 0

0101101
*
Ed
 1e-07 1 1 0
1  145 0 0 1
2  289 73 0 0 1
2  290 74 0 0 1
0

0101000
-3741 0 +3740 0 *
Ve
1e-07
5.57575 54.30675 7.1
0 0

0101101
*
Ed
 1e-07 1 1 0
1  146 0 0 1.15518299999999
2  291 73 0 0 1.15518299999999
2  292 75 0 0 1.15518299999999
0

0101000
-3738 0 +3741 0 *
Ve
1e-07
5.57575 54.30675 6.1
0 0

0101101
*
Ed
 1e-07 1 1 0
1  147 0 0 1
2  293 73 0 0 1
2  294 76 0 0 1
0

0101000
-3738 0 +3736 0 *
Ed
 1e-07 1 1 0
1  148 0 0 1.15518299999999
2  295 73 0 0 1.15518299999999
2  296 77 0 0 1.15518299999999
0

0101000
-3736 0 +3740 0 *
Wi

0101100
-3739 0 -3737 0 +3735 0 +3734 0 *
Fa
0  1e-07 73 0

0111000
+3733 0 *
Ve
1e-07
8.065252 53.151567 7.1
0 0

0101101
*
Ve
1e-07
8.065252 53.151567 6.1
0 0

0101101
*
Ed
 1e-07 1 1 0
1  149 0 0 1
2  297 78 0 0 1
2  298 74 0 0 1
0

0101000
-3731 0 +3730 0 *
Ve
1e-07
8.065252 54.30675 7.1
0 0

0101101
*
Ed
 1e-07 1 1 0
1  150 0 0 1.15518299999999
2  299 78 0 0 1.15518299999999
2  300 75 0 0 1.15518299999999
0

0101000
-3728 0 +3731 0 *
Ve
1e-07
8.065252 54.30675 6.1
0 0

0101101
*
Ed
 1e-07 1 1 0
1  151 0 0 1
2  301 78 0 0 1
2  302 76 0 0 1
0

0101000
-3728 0 +3726 0 *
Ed
 1e-07 1 1 0
1  152 0 0 1.15518299999999
2  303 78 0 0 1.15518299999999
2  304 77 0 0 1.15518299999999
0

0101000
-3726 0 +3730 0 *
Wi

0101100
-3729 0 -3727 0 +3725 0 +3724 0 *
Fa
0  1e-07 78 0

0111000
+3723 0 *
Ed
 1e-07 1 1 0
1  153 0 0 2.489502
2  305 74 0 0 2.489502
2  306 77 0 0 2.489502
0

0101000
-3730 0 +3740 0 *
Ed
 1e-07 1 1 0
1  154 0 0 2.489502
2  307 74 0 0 2.489502
2  308 75 0 0 2.489502
0

0101000
-3731 0 +3741 0 *
Wi

0101100
-3721 0 -3729 0 +3720 0 +3739 0 *
Fa
0  1e-07 74 0

0111000
+3719 0 *
Ed
 1e-07 1 1 0
1  155 0 0 2.489502
2  309 76 0 0 2.489502
2  310 77 0 0 2.489502
0

0101000
-3726 0 +3736 0 *
Ed
 1e-07 1 1 0
1  156 0 0 2.489502
2  311 76 0 0 2.489502
2  312 75 0 0 2.489502
0

0101000
-3728 0 +3738 0 *
Wi

0101100
-3717 0 -3725 0 +3716 0 +3735 0 *
Fa
0  1e-07 76 0

0111000
+3715 0 *
Wi

0101100
-3734 0 -3717 0 +3724 0 +3721 0 *
Fa
0  1e-07 77 0

0111000
+3713 0 *
Wi

0101100
-3737 0 -3716 0 +3727 0 +3720 0 *
Fa
0  1e-07 75 0

0111000
+3711 0 *
Sh

0101100
-3732 0 +3722 0 -3718 0 +3714 0 -3712 0 +3710 0 *
So

0100000
+3709 0 *
Ve
1e-07
20.18875 10.722567 7.1
0 0

0101101
*
Ve
1e-07
20.18875 10.722567 6.4
0 0

0101101
*
Ed
 1e-07 1 1 0
1  157 0 0 0.7
2  313 79 0 0 0.7
2  314 80 0 0 0.7
0

0101000
-3707 0 +3706 0 *
Ve
1e-07
20.18875 11.87775 7.1
0 0

0101101
*
Ed
 1e-07 1 1 0
1  158 0 0 1.155183
2  315 79 0 0 1.155183
2  316 81 0 0 1.155183
0

0101000
-3704 0 +3707 0 *
Ve
1e-07
20.18875 11.87775 6.4
0 0

0101101
*
Ed
 1e-07 1 1 0
1  159 0 0 0.7
2  317 79 0 0 0.7
2  318 82 0 0 0.7
0

0101000
-3704 0 +3702 0 *
Ed
 1e-07 1 1 0
1  160 0 0 1.155183
2  319 79 0 0 1.155183
2  320 83 0 0 1.155183
0

0101000
-3702 0 +3706 0 *
Wi

0101100
-3705 0 -3703 0 +3701 0 +3700 0 *
Fa
0  1e-07 79 0

0111000
+3699 0 *
Ve
1e-07
22.22925 10.722567 7.1
0 0

0101101
*
Ve
1e-07
22.22925 10.722567 6.4
0 0

0101101
*
Ed
 1e-07 1 1 0
1  161 0 0 0.7
2  321 84 0 0 0.7
2  322 80 0 0 0.7
0

0101000
-3697 0 +3696 0 *
Ve
1e-07
22.22925 11.87775 7.1
0 0

0101101
*
Ed
 1e-07 1 1 0
1  162 0 0 1.155183
2  323 84 0 0 1.155183
2  324 81 0 0 1.155183
0

0101000
-3694 0 +3697 0 *
Ve
1e-07
22.22925 11.87775 6.4
0 0

0101101
*
Ed
 1e-07 1 1 0
1  163 0 0 0.7
2  325 84 0 0 0.7
2  326 82 0 0 0.7
0

0101000
-3694 0 +3692 0 *
Ed
 1e-07 1 1 0
1  164 0 0 1.155183
2  327 84 0 0 1.155183
2  328 83 0 0 1.155183
0

0101000
-3692 0 +3696 0 *
Wi

0101100
-3695 0 -3693 0 +3691 0 +3690 0 *
Fa
0  1e-07 84 0

0111000
+3689 0 *
Ed
 1e-07 1 1 0
1  165 0 0 2.04049999999999
2  329 80 0 0 2.04049999999999
2  330 83 0 0 2.04049999999999
0

0101000
-3696 0 +3706 0 *
Ed
 1e-07 1 1 0
1  166 0 0 2.04049999999999
2  331 80 0 0 2.04049999999999
2  332 81 0 0 2.04049999999999
0

0101000
-3697 0 +3707 0 *
Wi

0101100
-3687 0 -3695 0 +3686 0 +3705 0 *
Fa
0  1e-07 80 0

0111000
+3685 0 *
Ed
 1e-07 1 1 0
1  167 0 0 2.04049999999999
2  333 82 0 0 2.04049999999999
2  334 83 0 0 2.04049999999999
0

0101000
-3692 0 +3702 0 *
Ed
 1e-07 1 1 0
1  168 0 0 2.04049999999999
2  335 82 0 0 2.04049999999999
2  336 81 0 0 2.04049999999999
0

0101000
-3694 0 +3704 0 *
Wi

0101100
-3683 0 -3691 0 +3682 0 +3701 0 *
Fa
0  1e-07 82 0

0111000
+3681 0 *
Wi

0101100
-3700 0 -3683 0 +3690 0 +3687 0 *
Fa
0  1e-07 83 0

0111000
+3679 0 *
Wi

0101100
-3703 0 -3682 0 +3693 0 +3686 0 *
Fa
0  1e-07 81 0

0111000
+3677 0 *
Sh

0101100
-3698 0 +3688 0 -3684 0 +3680 0 -3678 0 +3676 0 *
So

0100000
+3675 0 *
Ve
1e-07
22.26525 46.337567 7.1
0 0

0101101
*
Ve
1e-07
22.26525 46.337567 6.1
0 0

0101101
*
Ed
 1e-07 1 1 0
1  169 0 0 1
2  337 85 0 0 1
2  338 86 0 0 1
0

0101000
-3673 0 +3672 0 *
Ve
1e-07
22.26525 47.49375 7.1
0 0

0101101
*
Ed
 1e-07 1 1 0
1  170 0 0 1.156183
2  339 85 0 0 1.156183
2  340 87 0 0 1.156183
0

0101000
-3670 0 +3673 0 *
Ve
1e-07
22.26525 47.49375 6.1
0 0

0101101
*
Ed
 1e-07 1 1 0
1  171 0 0 1
2  341 85 0 0 1
2  342 88 0 0 1
0

0101000
-3670 0 +3668 0 *
Ed
 1e-07 1 1 0
1  172 0 0 1.156183
2  343 85 0 0 1.156183
2  344 89 0 0 1.156183
0

0101000
-3668 0 +3672 0 *
Wi

0101100
-3671 0 -3669 0 +3667 0 +3666 0 *
Fa
0  1e-07 85 0

0111000
+3665 0 *
Ve
1e-07
24.16575 46.337567 7.1
0 0

0101101
*
Ve
1e-07
24.16575 46.337567 6.1
0 0

0101101
*
Ed
 1e-07 1 1 0
1  173 0 0 1
2  345 90 0 0 1
2  346 86 0 0 1
0

0101000
-3663 0 +3662 0 *
Ve
1e-07
24.16575 47.49375 7.1
0 0

0101101
*
Ed
 1e-07 1 1 0
1  174 0 0 1.156183
2  347 90 0 0 1.156183
2  348 87 0 0 1.156183
0

0101000
-3660 0 +3663 0 *
Ve
1e-07
24.16575 47.49375 6.1
0 0

0101101
*
Ed
 1e-07 1 1 0
1  175 0 0 1
2  349 90 0 0 1
2  350 88 0 0 1
0

0101000
-3660 0 +3658 0 *
Ed
 1e-07 1 1 0
1  176 0 0 1.156183
2  351 90 0 0 1.156183
2  352 89 0 0 1.156183
0

0101000
-3658 0 +3662 0 *
Wi

0101100
-3661 0 -3659 0 +3657 0 +3656 0 *
Fa
0  1e-07 90 0

0111000
+3655 0 *
Ed
 1e-07 1 1 0
1  177 0 0 1.90050000000001
2  353 86 0 0 1.90050000000001
2  354 89 0 0 1.90050000000001
0

0101000
-3662 0 +3672 0 *
Ed
 1e-07 1 1 0
1  178 0 0 1.90050000000001
2  355 86 0 0 1.90050000000001
2  356 87 0 0 1.90050000000001
0

0101000
-3663 0 +3673 0 *
Wi

0101100
-3653 0 -3661 0 +3652 0 +3671 0 *
Fa
0  1e-07 86 0

0111000
+3651 0 *
Ed
 1e-07 1 1 0
1  179 0 0 1.90050000000001
2  357 88 0 0 1.90050000000001
2  358 89 0 0 1.90050000000001
0

0101000
-3658 0 +3668 0 *
Ed
 1e-07 1 1 0
1  180 0 0 1.90050000000001
2  359 88 0 0 1.90050000000001
2  360 87 0 0 1.90050000000001
0

0101000
-3660 0 +3670 0 *
Wi

0101100
-3649 0 -3657 0 +3648 0 +3667 0 *
Fa
0  1e-07 88 0

0111000
+3647 0 *
Wi

0101100
-3666 0 -3649 0 +3656 0 +3653 0 *
Fa
0  1e-07 89 0

0111000
+3645 0 *
Wi

0101100
-3669 0 -3648 0 +3659 0 +3652 0 *
Fa
0  1e-07 87 0

0111000
+3643 0 *
Sh

0101100
-3664 0 +3654 0 -3650 0 +3646 0 -3644 0 +3642 0 *
So

0100000
+3641 0 *
Ve
1e-07
5.41025 47.194067 7.1
0 0

0101101
*
Ve
1e-07
5.41025 47.194067 6.1
0 0

0101101
*
Ed
 1e-07 1 1 0
1  181 0 0 1
2  361 91 0 0 1
2  362 92 0 0 1
0

0101000
-3639 0 +3638 0 *
Ve
1e-07
5.41025 48.34925 7.1
0 0

0101101
*
Ed
 1e-07 1 1 0
1  182 0 0 1.15518299999999
2  363 91 0 0 1.15518299999999
2  364 93 0 0 1.15518299999999
0

0101000
-3636 0 +3639 0 *
Ve
1e-07
5.41025 48.34925 6.1
0 0

0101101
*
Ed
 1e-07 1 1 0
1  183 0 0 1
2  365 91 0 0 1
2  366 94 0 0 1
0

0101000
-3636 0 +3634 0 *
Ed
 1e-07 1 1 0
1  184 0 0 1.15518299999999
2  367 91 0 0 1.15518299999999
2  368 95 0 0 1.15518299999999
0

0101000
-3634 0 +3638 0 *
Wi

0101100
-3637 0 -3635 0 +3633 0 +3632 0 *
Fa
0  1e-07 91 0

0111000
+3631 0 *
Ve
1e-07
7.89975200000001 47.194067 7.1
0 0

0101101
*
Ve
1e-07
7.89975200000001 47.194067 6.1
0 0

0101101
*
Ed
 1e-07 1 1 0
1  185 0 0 1
2  369 96 0 0 1
2  370 92 0 0 1
0

0101000
-3629 0 +3628 0 *
Ve
1e-07
7.89975200000001 48.34925 7.1
0 0

0101101
*
Ed
 1e-07 1 1 0
1  186 0 0 1.15518299999999
2  371 96 0 0 1.15518299999999
2  372 93 0 0 1.15518299999999
0

0101000
-3626 0 +3629 0 *
Ve
1e-07
7.89975200000001 48.34925 6.1
0 0

0101101
*
Ed
 1e-07 1 1 0
1  187 0 0 1
2  373 96 0 0 1
2  374 94 0 0 1
0

0101000
-3626 0 +3624 0 *
Ed
 1e-07 1 1 0
1  188 0 0 1.15518299999999
2  375 96 0 0 1.15518299999999
2  376 95 0 0 1.15518299999999
0

0101000
-3624 0 +3628 0 *
Wi

0101100
-3627 0 -3625 0 +3623 0 +3622 0 *
Fa
0  1e-07 96 0

0111000
+3621 0 *
Ed
 1e-07 1 1 0
1  189 0 0 2.489502
2  377 92 0 0 2.489502
2  378 95 0 0 2.489502
0

0101000
-3628 0 +3638 0 *
Ed
 1e-07 1 1 0
1  190 0 0 2.489502
2  379 92 0 0 2.489502
2  380 93 0 0 2.489502
0

0101000
-3629 0 +3639 0 *
Wi

0101100
-3619 0 -3627 0 +3618 0 +3637 0 *
Fa
0  1e-07 92 0

0111000
+3617 0 *
Ed
 1e-07 1 1 0
1  191 0 0 2.489502
2  381 94 0 0 2.489502
2  382 95 0 0 2.489502
0

0101000
-3624 0 +3634 0 *
Ed
 1e-07 1 1 0
1  192 0 0 2.489502
2  383 94 0 0 2.489502
2  384 93 0 0 2.489502
0

0101000
-3626 0 +3636 0 *
Wi

0101100
-3615 0 -3623 0 +3614 0 +3633 0 *
Fa
0  1e-07 94 0

0111000
+3613 0 *
Wi

0101100
-3632 0 -3615 0 +3622 0 +3619 0 *
Fa
0  1e-07 95 0

0111000
+3611 0 *
Wi

0101100
-3635 0 -3614 0 +3625 0 +3618 0 *
Fa
0  1e-07 93 0

0111000
+3609 0 *
Sh

0101100
-3630 0 +3620 0 -3616 0 +3612 0 -3610 0 +3608 0 *
So

0100000
+3607 0 *
Ve
1e-07
24.31725 44.62075 7.1
0 0

0101101
*
Ve
1e-07
24.31725 44.62075 6.4
0 0

0101101
*
Ed
 1e-07 1 1 0
1  193 0 0 0.7
2  385 97 0 0 0.7
2  386 98 0 0 0.7
0

0101000
-3605 0 +3604 0 *
Ve
1e-07
24.31725 46.66125 7.1
0 0

0101101
*
Ed
 1e-07 1 1 0
1  194 0 0 2.04049999999999
2  387 97 0 0 2.04049999999999
2  388 99 0 0 2.04049999999999
0

0101000
-3602 0 +3605 0 *
Ve
1e-07
24.31725 46.66125 6.4
0 0

0101101
*
Ed
 1e-07 1 1 0
1  195 0 0 0.7
2  389 97 0 0 0.7
2  390 100 0 0 0.7
0

0101000
-3602 0 +3600 0 *
Ed
 1e-07 1 1 0
1  196 0 0 2.04049999999999
2  391 97 0 0 2.04049999999999
2  392 101 0 0 2.04049999999999
0

0101000
-3600 0 +3604 0 *
Wi

0101100
-3603 0 -3601 0 +3599 0 +3598 0 *
Fa
0  1e-07 97 0

0111000
+3597 0 *
Ve
1e-07
25.472433 44.62075 7.1
0 0

0101101
*
Ve
1e-07
25.472433 44.62075 6.4
0 0

0101101
*
Ed
 1e-07 1 1 0
1  197 0 0 0.7
2  393 102 0 0 0.7
2  394 98 0 0 0.7
0

0101000
-3595 0 +3594 0 *
Ve
1e-07
25.472433 46.66125 7.1
0 0

0101101
*
Ed
 1e-07 1 1 0
1  198 0 0 2.04049999999999
2  395 102 0 0 2.04049999999999
2  396 99 0 0 2.04049999999999
0

0101000
-3592 0 +3595 0 *
Ve
1e-07
25.472433 46.66125 6.4
0 0

0101101
*
Ed
 1e-07 1 1 0
1  199 0 0 0.7
2  397 102 0 0 0.7
2  398 100 0 0 0.7
0

0101000
-3592 0 +3590 0 *
Ed
 1e-07 1 1 0
1  200 0 0 2.04049999999999
2  399 102 0 0 2.04049999999999
2  400 101 0 0 2.04049999999999
0

0101000
-3590 0 +3594 0 *
Wi

0101100
-3593 0 -3591 0 +3589 0 +3588 0 *
Fa
0  1e-07 102 0

0111000
+3587 0 *
Ed
 1e-07 1 1 0
1  201 0 0 1.15518299999999
2  401 98 0 0 1.15518299999999
2  402 101 0 0 1.15518299999999
0

0101000
-3594 0 +3604 0 *
Ed
 1e-07 1 1 0
1  202 0 0 1.15518299999999
2  403 98 0 0 1.15518299999999
2  404 99 0 0 1.15518299999999
0

0101000
-3595 0 +3605 0 *
Wi

0101100
-3585 0 -3593 0 +3584 0 +3603 0 *
Fa
0  1e-07 98 0

0111000
+3583 0 *
Ed
 1e-07 1 1 0
1  203 0 0 1.15518299999999
2  405 100 0 0 1.15518299999999
2  406 101 0 0 1.15518299999999
0

0101000
-3590 0 +3600 0 *
Ed
 1e-07 1 1 0
1  204 0 0 1.15518299999999
2  407 100 0 0 1.15518299999999
2  408 99 0 0 1.15518299999999
0

0101000
-3592 0 +3602 0 *
Wi

0101100
-3581 0 -3589 0 +3580 0 +3599 0 *
Fa
0  1e-07 100 0

0111000
+3579 0 *
Wi

0101100
-3598 0 -3581 0 +3588 0 +3585 0 *
Fa
0  1e-07 101 0

0111000
+3577 0 *
Wi

0101100
-3601 0 -3580 0 +3591 0 +3584 0 *
Fa
0  1e-07 99 0

0111000
+3575 0 *
Sh

0101100
-3596 0 +3586 0 -3582 0 +3578 0 -3576 0 +3574 0 *
So

0100000
+3573 0 *
Ve
1e-07
4.751 55.767 7.1
0 0

0101101
*
Ve
1e-07
4.751 55.767 6.1
0 0

0101101
*
Ed
 1e-07 1 1 0
1  205 0 0 1
2  409 103 0 0 1
2  410 104 0 0 1
0

0101000
-3571 0 +3570 0 *
Ve
1e-07
4.751 58.8165 7.1
0 0

0101101
*
Ed
 1e-07 1 1 0
1  206 0 0 3.04950000000001
2  411 103 0 0 3.04950000000001
2  412 105 0 0 3.04950000000001
0

0101000
-3568 0 +3571 0 *
Ve
1e-07
4.751 58.8165 6.1
0 0

0101101
*
Ed
 1e-07 1 1 0
1  207 0 0 1
2  413 103 0 0 1
2  414 106 0 0 1
0

0101000
-3568 0 +3566 0 *
Ed
 1e-07 1 1 0
1  208 0 0 3.04950000000001
2  415 103 0 0 3.04950000000001
2  416 107 0 0 3.04950000000001
0

0101000
-3566 0 +3570 0 *
Wi

0101100
-3569 0 -3567 0 +3565 0 +3564 0 *
Fa
0  1e-07 103 0

0111000
+3563 0 *
Ve
1e-07
6.43049999999999 55.767 7.1
0 0

0101101
*
Ve
1e-07
6.43049999999999 55.767 6.1
0 0

0101101
*
Ed
 1e-07 1 1 0
1  209 0 0 1
2  417 108 0 0 1
2  418 104 0 0 1
0

0101000
-3561 0 +3560 0 *
Ve
1e-07
6.43049999999999 58.8165 7.1
0 0

0101101
*
Ed
 1e-07 1 1 0
1  210 0 0 3.04950000000001
2  419 108 0 0 3.04950000000001
2  420 105 0 0 3.04950000000001
0

0101000
-3558 0 +3561 0 *
Ve
1e-07
6.43049999999999 58.8165 6.1
0 0

0101101
*
Ed
 1e-07 1 1 0
1  211 0 0 1
2  421 108 0 0 1
2  422 106 0 0 1
0

0101000
-3558 0 +3556 0 *
Ed
 1e-07 1 1 0
1  212 0 0 3.04950000000001
2  423 108 0 0 3.04950000000001
2  424 107 0 0 3.04950000000001
0

0101000
-3556 0 +3560 0 *
Wi

0101100
-3559 0 -3557 0 +3555 0 +3554 0 *
Fa
0  1e-07 108 0

0111000
+3553 0 *
Ed
 1e-07 1 1 0
1  213 0 0 1.67949999999999
2  425 104 0 0 1.67949999999999
2  426 107 0 0 1.67949999999999
0

0101000
-3560 0 +3570 0 *
Ed
 1e-07 1 1 0
1  214 0 0 1.67949999999999
2  427 104 0 0 1.67949999999999
2  428 105 0 0 1.67949999999999
0

0101000
-3561 0 +3571 0 *
Wi

0101100
-3551 0 -3559 0 +3550 0 +3569 0 *
Fa
0  1e-07 104 0

0111000
+3549 0 *
Ed
 1e-07 1 1 0
1  215 0 0 1.67949999999999
2  429 106 0 0 1.67949999999999
2  430 107 0 0 1.67949999999999
0

0101000
-3556 0 +3566 0 *
Ed
 1e-07 1 1 0
1  216 0 0 1.67949999999999
2  431 106 0 0 1.67949999999999
2  432 105 0 0 1.67949999999999
0

0101000
-3558 0 +3568 0 *
Wi

0101100
-3547 0 -3555 0 +3546 0 +3565 0 *
Fa
0  1e-07 106 0

0111000
+3545 0 *
Wi

0101100
-3564 0 -3547 0 +3554 0 +3551 0 *
Fa
0  1e-07 107 0

0111000
+3543 0 *
Wi

0101100
-3567 0 -3546 0 +3557 0 +3550 0 *
Fa
0  1e-07 105 0

0111000
+3541 0 *
Sh

0101100
-3562 0 +3552 0 -3548 0 +3544 0 -3542 0 +3540 0 *
So

0100000
+3539 0 *
Ve
1e-07
44.21375 60.990567 7.1
0 0

0101101
*
Ve
1e-07
44.21375 60.990567 6.4
0 0

0101101
*
Ed
 1e-07 1 1 0
1  217 0 0 0.7
2  433 109 0 0 0.7
2  434 110 0 0 0.7
0

0101000
-3537 0 +3536 0 *
Ve
1e-07
44.21375 62.14575 7.1
0 0

0101101
*
Ed
 1e-07 1 1 0
1  218 0 0 1.15518300000001
2  435 109 0 0 1.15518300000001
2  436 111 0 0 1.15518300000001
0

0101000
-3534 0 +3537 0 *
Ve
1e-07
44.21375 62.14575 6.4
0 0

0101101
*
Ed
 1e-07 1 1 0
1  219 0 0 0.7
2  437 109 0 0 0.7
2  438 112 0 0 0.7
0

0101000
-3534 0 +3532 0 *
Ed
 1e-07 1 1 0
1  220 0 0 1.15518300000001
2  439 109 0 0 1.15518300000001
2  440 113 0 0 1.15518300000001
0

0101000
-3532 0 +3536 0 *
Wi

0101100
-3535 0 -3533 0 +3531 0 +3530 0 *
Fa
0  1e-07 109 0

0111000
+3529 0 *
Ve
1e-07
46.25425 60.990567 7.1
0 0

0101101
*
Ve
1e-07
46.25425 60.990567 6.4
0 0

0101101
*
Ed
 1e-07 1 1 0
1  221 0 0 0.7
2  441 114 0 0 0.7
2  442 110 0 0 0.7
0

0101000
-3527 0 +3526 0 *
Ve
1e-07
46.25425 62.14575 7.1
0 0

0101101
*
Ed
 1e-07 1 1 0
1  222 0 0 1.15518300000001
2  443 114 0 0 1.15518300000001
2  444 111 0 0 1.15518300000001
0

0101000
-3524 0 +3527 0 *
Ve
1e-07
46.25425 62.14575 6.4
0 0

0101101
*
Ed
 1e-07 1 1 0
1  223 0 0 0.7
2  445 114 0 0 0.7
2  446 112 0 0 0.7
0

0101000
-3524 0 +3522 0 *
Ed
 1e-07 1 1 0
1  224 0 0 1.15518300000001
2  447 114 0 0 1.15518300000001
2  448 113 0 0 1.15518300000001
0

0101000
-3522 0 +3526 0 *
Wi

0101100
-3525 0 -3523 0 +3521 0 +3520 0 *
Fa
0  1e-07 114 0

0111000
+3519 0 *
Ed
 1e-07 1 1 0
1  225 0 0 2.04050000000001
2  449 110 0 0 2.04050000000001
2  450 113 0 0 2.04050000000001
0

0101000
-3526 0 +3536 0 *
Ed
 1e-07 1 1 0
1  226 0 0 2.04050000000001
2  451 110 0 0 2.04050000000001
2  452 111 0 0 2.04050000000001
0

0101000
-3527 0 +3537 0 *
Wi

0101100
-3517 0 -3525 0 +3516 0 +3535 0 *
Fa
0  1e-07 110 0

0111000
+3515 0 *
Ed
 1e-07 1 1 0
1  227 0 0 2.04050000000001
2  453 112 0 0 2.04050000000001
2  454 113 0 0 2.04050000000001
0

0101000
-3522 0 +3532 0 *
Ed
 1e-07 1 1 0
1  228 0 0 2.04050000000001
2  455 112 0 0 2.04050000000001
2  456 111 0 0 2.04050000000001
0

0101000
-3524 0 +3534 0 *
Wi

0101100
-3513 0 -3521 0 +3512 0 +3531 0 *
Fa
0  1e-07 112 0

0111000
+3511 0 *
Wi

0101100
-3530 0 -3513 0 +3520 0 +3517 0 *
Fa
0  1e-07 113 0

0111000
+3509 0 *
Wi

0101100
-3533 0 -3512 0 +3523 0 +3516 0 *
Fa
0  1e-07 111 0

0111000
+3507 0 *
Sh

0101100
-3528 0 +3518 0 -3514 0 +3510 0 -3508 0 +3506 0 *
So

0100000
+3505 0 *
Ve
1e-07
39.49275 47.22525 7.1
0 0

0101101
*
Ve
1e-07
39.49275 47.22525 6.4
0 0

0101101
*
Ed
 1e-07 1 1 0
1  229 0 0 0.7
2  457 115 0 0 0.7
2  458 116 0 0 0.7
0

0101000
-3503 0 +3502 0 *
Ve
1e-07
39.49275 48.380433 7.1
0 0

0101101
*
Ed
 1e-07 1 1 0
1  230 0 0 1.15518299999999
2  459 115 0 0 1.15518299999999
2  460 117 0 0 1.15518299999999
0

0101000
-3500 0 +3503 0 *
Ve
1e-07
39.49275 48.380433 6.4
0 0

0101101
*
Ed
 1e-07 1 1 0
1  231 0 0 0.7
2  461 115 0 0 0.7
2  462 118 0 0 0.7
0

0101000
-3500 0 +3498 0 *
Ed
 1e-07 1 1 0
1  232 0 0 1.15518299999999
2  463 115 0 0 1.15518299999999
2  464 119 0 0 1.15518299999999
0

0101000
-3498 0 +3502 0 *
Wi

0101100
-3501 0 -3499 0 +3497 0 +3496 0 *
Fa
0  1e-07 115 0

0111000
+3495 0 *
Ve
1e-07
41.53325 47.22525 7.1
0 0

0101101
*
Ve
1e-07
41.53325 47.22525 6.4
0 0

0101101
*
Ed
 1e-07 1 1 0
1  233 0 0 0.7
2  465 120 0 0 0.7
2  466 116 0 0 0.7
0

0101000
-3493 0 +3492 0 *
Ve
1e-07
41.53325 48.380433 7.1
0 0

0101101
*
Ed
 1e-07 1 1 0
1  234 0 0 1.15518299999999
2  467 120 0 0 1.15518299999999
2  468 117 0 0 1.15518299999999
0

0101000
-3490 0 +3493 0 *
Ve
1e-07
41.53325 48.380433 6.4
0 0

0101101
*
Ed
 1e-07 1 1 0
1  235 0 0 0.7
2  469 120 0 0 0.7
2  470 118 0 0 0.7
0

0101000
-3490 0 +3488 0 *
Ed
 1e-07 1 1 0
1  236 0 0 1.15518299999999
2  471 120 0 0 1.15518299999999
2  472 119 0 0 1.15518299999999
0

0101000
-3488 0 +3492 0 *
Wi

0101100
-3491 0 -3489 0 +3487 0 +3486 0 *
Fa
0  1e-07 120 0

0111000
+3485 0 *
Ed
 1e-07 1 1 0
1  237 0 0 2.04050000000001
2  473 116 0 0 2.04050000000001
2  474 119 0 0 2.04050000000001
0

0101000
-3492 0 +3502 0 *
Ed
 1e-07 1 1 0
1  238 0 0 2.04050000000001
2  475 116 0 0 2.04050000000001
2  476 117 0 0 2.04050000000001
0

0101000
-3493 0 +3503 0 *
Wi

0101100
-3483 0 -3491 0 +3482 0 +3501 0 *
Fa
0  1e-07 116 0

0111000
+3481 0 *
Ed
 1e-07 1 1 0
1  239 0 0 2.04050000000001
2  477 118 0 0 2.04050000000001
2  478 119 0 0 2.04050000000001
0

0101000
-3488 0 +3498 0 *
Ed
 1e-07 1 1 0
1  240 0 0 2.04050000000001
2  479 118 0 0 2.04050000000001
2  480 117 0 0 2.04050000000001
0

0101000
-3490 0 +3500 0 *
Wi

0101100
-3479 0 -3487 0 +3478 0 +3497 0 *
Fa
0  1e-07 118 0

0111000
+3477 0 *
Wi

0101100
-3496 0 -3479 0 +3486 0 +3483 0 *
Fa
0  1e-07 119 0

0111000
+3475 0 *
Wi

0101100
-3499 0 -3478 0 +3489 0 +3482 0 *
Fa
0  1e-07 117 0

0111000
+3473 0 *
Sh

0101100
-3494 0 +3484 0 -3480 0 +3476 0 -3474 0 +3472 0 *
So

0100000
+3471 0 *
Ve
1e-07
16.662248 52.68625 7.1
0 0

0101101
*
Ve
1e-07
16.662248 52.68625 6.1
0 0

0101101
*
Ed
 1e-07 1 1 0
1  241 0 0 1
2  481 121 0 0 1
2  482 122 0 0 1
0

0101000
-3469 0 +3468 0 *
Ve
1e-07
16.662248 53.841433 7.1
0 0

0101101
*
Ed
 1e-07 1 1 0
1  242 0 0 1.15518299999999
2  483 121 0 0 1.15518299999999
2  484 123 0 0 1.15518299999999
0

0101000
-3466 0 +3469 0 *
Ve
1e-07
16.662248 53.841433 6.1
0 0

0101101
*
Ed
 1e-07 1 1 0
1  243 0 0 1
2  485 121 0 0 1
2  486 124 0 0 1
0

0101000
-3466 0 +3464 0 *
Ed
 1e-07 1 1 0
1  244 0 0 1.15518299999999
2  487 121 0 0 1.15518299999999
2  488 125 0 0 1.15518299999999
0

0101000
-3464 0 +3468 0 *
Wi

0101100
-3467 0 -3465 0 +3463 0 +3462 0 *
Fa
0  1e-07 121 0

0111000
+3461 0 *
Ve
1e-07
19.15175 52.68625 7.1
0 0

0101101
*
Ve
1e-07
19.15175 52.68625 6.1
0 0

0101101
*
Ed
 1e-07 1 1 0
1  245 0 0 1
2  489 126 0 0 1
2  490 122 0 0 1
0

0101000
-3459 0 +3458 0 *
Ve
1e-07
19.15175 53.841433 7.1
0 0

0101101
*
Ed
 1e-07 1 1 0
1  246 0 0 1.15518299999999
2  491 126 0 0 1.15518299999999
2  492 123 0 0 1.15518299999999
0

0101000
-3456 0 +3459 0 *
Ve
1e-07
19.15175 53.841433 6.1
0 0

0101101
*
Ed
 1e-07 1 1 0
1  247 0 0 1
2  493 126 0 0 1
2  494 124 0 0 1
0

0101000
-3456 0 +3454 0 *
Ed
 1e-07 1 1 0
1  248 0 0 1.15518299999999
2  495 126 0 0 1.15518299999999
2  496 125 0 0 1.15518299999999
0

0101000
-3454 0 +3458 0 *
Wi

0101100
-3457 0 -3455 0 +3453 0 +3452 0 *
Fa
0  1e-07 126 0

0111000
+3451 0 *
Ed
 1e-07 1 1 0
1  249 0 0 2.489502
2  497 122 0 0 2.489502
2  498 125 0 0 2.489502
0

0101000
-3458 0 +3468 0 *
Ed
 1e-07 1 1 0
1  250 0 0 2.489502
2  499 122 0 0 2.489502
2  500 123 0 0 2.489502
0

0101000
-3459 0 +3469 0 *
Wi

0101100
-3449 0 -3457 0 +3448 0 +3467 0 *
Fa
0  1e-07 122 0

0111000
+3447 0 *
Ed
 1e-07 1 1 0
1  251 0 0 2.489502
2  501 124 0 0 2.489502
2  502 125 0 0 2.489502
0

0101000
-3454 0 +3464 0 *
Ed
 1e-07 1 1 0
1  252 0 0 2.489502
2  503 124 0 0 2.489502
2  504 123 0 0 2.489502
0

0101000
-3456 0 +3466 0 *
Wi

0101100
-3445 0 -3453 0 +3444 0 +3463 0 *
Fa
0  1e-07 124 0

0111000
+3443 0 *
Wi

0101100
-3462 0 -3445 0 +3452 0 +3449 0 *
Fa
0  1e-07 125 0

0111000
+3441 0 *
Wi

0101100
-3465 0 -3444 0 +3455 0 +3448 0 *
Fa
0  1e-07 123 0

0111000
+3439 0 *
Sh

0101100
-3460 0 +3450 0 -3446 0 +3442 0 -3440 0 +3438 0 *
So

0100000
+3437 0 *
Ve
1e-07
13.897567 60.017248 7.1
0 0

0101101
*
Ve
1e-07
13.897567 60.017248 6.1
0 0

0101101
*
Ed
 1e-07 1 1 0
1  253 0 0 1
2  505 127 0 0 1
2  506 128 0 0 1
0

0101000
-3435 0 +3434 0 *
Ve
1e-07
13.897567 62.50675 7.1
0 0

0101101
*
Ed
 1e-07 1 1 0
1  254 0 0 2.489502
2  507 127 0 0 2.489502
2  508 129 0 0 2.489502
0

0101000
-3432 0 +3435 0 *
Ve
1e-07
13.897567 62.50675 6.1
0 0

0101101
*
Ed
 1e-07 1 1 0
1  255 0 0 1
2  509 127 0 0 1
2  510 130 0 0 1
0

0101000
-3432 0 +3430 0 *
Ed
 1e-07 1 1 0
1  256 0 0 2.489502
2  511 127 0 0 2.489502
2  512 131 0 0 2.489502
0

0101000
-3430 0 +3434 0 *
Wi

0101100
-3433 0 -3431 0 +3429 0 +3428 0 *
Fa
0  1e-07 127 0

0111000
+3427 0 *
Ve
1e-07
15.05275 60.017248 7.1
0 0

0101101
*
Ve
1e-07
15.05275 60.017248 6.1
0 0

0101101
*
Ed
 1e-07 1 1 0
1  257 0 0 1
2  513 132 0 0 1
2  514 128 0 0 1
0

0101000
-3425 0 +3424 0 *
Ve
1e-07
15.05275 62.50675 7.1
0 0

0101101
*
Ed
 1e-07 1 1 0
1  258 0 0 2.489502
2  515 132 0 0 2.489502
2  516 129 0 0 2.489502
0

0101000
-3422 0 +3425 0 *
Ve
1e-07
15.05275 62.50675 6.1
0 0

0101101
*
Ed
 1e-07 1 1 0
1  259 0 0 1
2  517 132 0 0 1
2  518 130 0 0 1
0

0101000
-3422 0 +3420 0 *
Ed
 1e-07 1 1 0
1  260 0 0 2.489502
2  519 132 0 0 2.489502
2  520 131 0 0 2.489502
0

0101000
-3420 0 +3424 0 *
Wi

0101100
-3423 0 -3421 0 +3419 0 +3418 0 *
Fa
0  1e-07 132 0

0111000
+3417 0 *
Ed
 1e-07 1 1 0
1  261 0 0 1.15518300000001
2  521 128 0 0 1.15518300000001
2  522 131 0 0 1.15518300000001
0

0101000
-3424 0 +3434 0 *
Ed
 1e-07 1 1 0
1  262 0 0 1.15518300000001
2  523 128 0 0 1.15518300000001
2  524 129 0 0 1.15518300000001
0

0101000
-3425 0 +3435 0 *
Wi

0101100
-3415 0 -3423 0 +3414 0 +3433 0 *
Fa
0  1e-07 128 0

0111000
+3413 0 *
Ed
 1e-07 1 1 0
1  263 0 0 1.15518300000001
2  525 130 0 0 1.15518300000001
2  526 131 0 0 1.15518300000001
0

0101000
-3420 0 +3430 0 *
Ed
 1e-07 1 1 0
1  264 0 0 1.15518300000001
2  527 130 0 0 1.15518300000001
2  528 129 0 0 1.15518300000001
0

0101000
-3422 0 +3432 0 *
Wi

0101100
-3411 0 -3419 0 +3410 0 +3429 0 *
Fa
0  1e-07 130 0

0111000
+3409 0 *
Wi

0101100
-3428 0 -3411 0 +3418 0 +3415 0 *
Fa
0  1e-07 131 0

0111000
+3407 0 *
Wi

0101100
-3431 0 -3410 0 +3421 0 +3414 0 *
Fa
0  1e-07 129 0

0111000
+3405 0 *
Sh

0101100
-3426 0 +3416 0 -3412 0 +3408 0 -3406 0 +3404 0 *
So

0100000
+3403 0 *
Ve
1e-07
30.128067 47.698248 7.1
0 0

0101101
*
Ve
1e-07
30.128067 47.698248 6.1
0 0

0101101
*
Ed
 1e-07 1 1 0
1  265 0 0 1
2  529 133 0 0 1
2  530 134 0 0 1
0

0101000
-3401 0 +3400 0 *
Ve
1e-07
30.128067 50.18775 7.1
0 0

0101101
*
Ed
 1e-07 1 1 0
1  266 0 0 2.48950199999999
2  531 133 0 0 2.48950199999999
2  532 135 0 0 2.48950199999999
0

0101000
-3398 0 +3401 0 *
Ve
1e-07
30.128067 50.18775 6.1
0 0

0101101
*
Ed
 1e-07 1 1 0
1  267 0 0 1
2  533 133 0 0 1
2  534 136 0 0 1
0

0101000
-3398 0 +3396 0 *
Ed
 1e-07 1 1 0
1  268 0 0 2.48950199999999
2  535 133 0 0 2.48950199999999
2  536 137 0 0 2.48950199999999
0

0101000
-3396 0 +3400 0 *
Wi

0101100
-3399 0 -3397 0 +3395 0 +3394 0 *
Fa
0  1e-07 133 0

0111000
+3393 0 *
Ve
1e-07
31.28325 47.698248 7.1
0 0

0101101
*
Ve
1e-07
31.28325 47.698248 6.1
0 0

0101101
*
Ed
 1e-07 1 1 0
1  269 0 0 1
2  537 138 0 0 1
2  538 134 0 0 1
0

0101000
-3391 0 +3390 0 *
Ve
1e-07
31.28325 50.18775 7.1
0 0

0101101
*
Ed
 1e-07 1 1 0
1  270 0 0 2.48950199999999
2  539 138 0 0 2.48950199999999
2  540 135 0 0 2.48950199999999
0

0101000
-3388 0 +3391 0 *
Ve
1e-07
31.28325 50.18775 6.1
0 0

0101101
*
Ed
 1e-07 1 1 0
1  271 0 0 1
2  541 138 0 0 1
2  542 136 0 0 1
0

0101000
-3388 0 +3386 0 *
Ed
 1e-07 1 1 0
1  272 0 0 2.48950199999999
2  543 138 0 0 2.48950199999999
2  544 137 0 0 2.48950199999999
0

0101000
-3386 0 +3390 0 *
Wi

0101100
-3389 0 -3387 0 +3385 0 +3384 0 *
Fa
0  1e-07 138 0

0111000
+3383 0 *
Ed
 1e-07 1 1 0
1  273 0 0 1.15518300000002
2  545 134 0 0 1.15518300000002
2  546 137 0 0 1.15518300000002
0

0101000
-3390 0 +3400 0 *
Ed
 1e-07 1 1 0
1  274 0 0 1.15518300000002
2  547 134 0 0 1.15518300000002
2  548 135 0 0 1.15518300000002
0

0101000
-3391 0 +3401 0 *
Wi

0101100
-3381 0 -3389 0 +3380 0 +3399 0 *
Fa
0  1e-07 134 0

0111000
+3379 0 *
Ed
 1e-07 1 1 0
1  275 0 0 1.15518300000002
2  549 136 0 0 1.15518300000002
2  550 137 0 0 1.15518300000002
0

0101000
-3386 0 +3396 0 *
Ed
 1e-07 1 1 0
1  276 0 0 1.15518300000002
2  551 136 0 0 1.15518300000002
2  552 135 0 0 1.15518300000002
0

0101000
-3388 0 +3398 0 *
Wi

0101100
-3377 0 -3385 0 +3376 0 +3395 0 *
Fa
0  1e-07 136 0

0111000
+3375 0 *
Wi

0101100
-3394 0 -3377 0 +3384 0 +3381 0 *
Fa
0  1e-07 137 0

0111000
+3373 0 *
Wi

0101100
-3397 0 -3376 0 +3387 0 +3380 0 *
Fa
0  1e-07 135 0

0111000
+3371 0 *
Sh

0101100
-3392 0 +3382 0 -3378 0 +3374 0 -3372 0 +3370 0 *
So

0100000
+3369 0 *
Ve
1e-07
8.407248 60.30625 7.1
0 0

0101101
*
Ve
1e-07
8.407248 60.30625 6.1
0 0

0101101
*
Ed
 1e-07 1 1 0
1  277 0 0 1
2  553 139 0 0 1
2  554 140 0 0 1
0

0101000
-3367 0 +3366 0 *
Ve
1e-07
8.407248 61.461433 7.1
0 0

0101101
*
Ed
 1e-07 1 1 0
1  278 0 0 1.15518299999999
2  555 139 0 0 1.15518299999999
2  556 141 0 0 1.15518299999999
0

0101000
-3364 0 +3367 0 *
Ve
1e-07
8.407248 61.461433 6.1
0 0

0101101
*
Ed
 1e-07 1 1 0
1  279 0 0 1
2  557 139 0 0 1
2  558 142 0 0 1
0

0101000
-3364 0 +3362 0 *
Ed
 1e-07 1 1 0
1  280 0 0 1.15518299999999
2  559 139 0 0 1.15518299999999
2  560 143 0 0 1.15518299999999
0

0101000
-3362 0 +3366 0 *
Wi

0101100
-3365 0 -3363 0 +3361 0 +3360 0 *
Fa
0  1e-07 139 0

0111000
+3359 0 *
Ve
1e-07
10.89675 60.30625 7.1
0 0

0101101
*
Ve
1e-07
10.89675 60.30625 6.1
0 0

0101101
*
Ed
 1e-07 1 1 0
1  281 0 0 1
2  561 144 0 0 1
2  562 140 0 0 1
0

0101000
-3357 0 +3356 0 *
Ve
1e-07
10.89675 61.461433 7.1
0 0

0101101
*
Ed
 1e-07 1 1 0
1  282 0 0 1.15518299999999
2  563 144 0 0 1.15518299999999
2  564 141 0 0 1.15518299999999
0

0101000
-3354 0 +3357 0 *
Ve
1e-07
10.89675 61.461433 6.1
0 0

0101101
*
Ed
 1e-07 1 1 0
1  283 0 0 1
2  565 144 0 0 1
2  566 142 0 0 1
0

0101000
-3354 0 +3352 0 *
Ed
 1e-07 1 1 0
1  284 0 0 1.15518299999999
2  567 144 0 0 1.15518299999999
2  568 143 0 0 1.15518299999999
0

0101000
-3352 0 +3356 0 *
Wi

0101100
-3355 0 -3353 0 +3351 0 +3350 0 *
Fa
0  1e-07 144 0

0111000
+3349 0 *
Ed
 1e-07 1 1 0
1  285 0 0 2.489502
2  569 140 0 0 2.489502
2  570 143 0 0 2.489502
0

0101000
-3356 0 +3366 0 *
Ed
 1e-07 1 1 0
1  286 0 0 2.489502
2  571 140 0 0 2.489502
2  572 141 0 0 2.489502
0

0101000
-3357 0 +3367 0 *
Wi

0101100
-3347 0 -3355 0 +3346 0 +3365 0 *
Fa
0  1e-07 140 0

0111000
+3345 0 *
Ed
 1e-07 1 1 0
1  287 0 0 2.489502
2  573 142 0 0 2.489502
2  574 143 0 0 2.489502
0

0101000
-3352 0 +3362 0 *
Ed
 1e-07 1 1 0
1  288 0 0 2.489502
2  575 142 0 0 2.489502
2  576 141 0 0 2.489502
0

0101000
-3354 0 +3364 0 *
Wi

0101100
-3343 0 -3351 0 +3342 0 +3361 0 *
Fa
0  1e-07 142 0

0111000
+3341 0 *
Wi

0101100
-3360 0 -3343 0 +3350 0 +3347 0 *
Fa
0  1e-07 143 0

0111000
+3339 0 *
Wi

0101100
-3363 0 -3342 0 +3353 0 +3346 0 *
Fa
0  1e-07 141 0

0111000
+3337 0 *
Sh

0101100
-3358 0 +3348 0 -3344 0 +3340 0 -3338 0 +3336 0 *
So

0100000
+3335 0 *
Ve
1e-07
29.391567 71.41775 7.1
0 0

0101101
*
Ve
1e-07
29.391567 71.41775 6.4
0 0

0101101
*
Ed
 1e-07 1 1 0
1  289 0 0 0.7
2  577 145 0 0 0.7
2  578 146 0 0 0.7
0

0101000
-3333 0 +3332 0 *
Ve
1e-07
29.391567 73.45825 7.1
0 0

0101101
*
Ed
 1e-07 1 1 0
1  290 0 0 2.04050000000001
2  579 145 0 0 2.04050000000001
2  580 147 0 0 2.04050000000001
0

0101000
-3330 0 +3333 0 *
Ve
1e-07
29.391567 73.45825 6.4
0 0

0101101
*
Ed
 1e-07 1 1 0
1  291 0 0 0.7
2  581 145 0 0 0.7
2  582 148 0 0 0.7
0

0101000
-3330 0 +3328 0 *
Ed
 1e-07 1 1 0
1  292 0 0 2.04050000000001
2  583 145 0 0 2.04050000000001
2  584 149 0 0 2.04050000000001
0

0101000
-3328 0 +3332 0 *
Wi

0101100
-3331 0 -3329 0 +3327 0 +3326 0 *
Fa
0  1e-07 145 0

0111000
+3325 0 *
Ve
1e-07
30.54675 71.41775 7.1
0 0

0101101
*
Ve
1e-07
30.54675 71.41775 6.4
0 0

0101101
*
Ed
 1e-07 1 1 0
1  293 0 0 0.7
2  585 150 0 0 0.7
2  586 146 0 0 0.7
0

0101000
-3323 0 +3322 0 *
Ve
1e-07
30.54675 73.45825 7.1
0 0

0101101
*
Ed
 1e-07 1 1 0
1  294 0 0 2.04050000000001
2  587 150 0 0 2.04050000000001
2  588 147 0 0 2.04050000000001
0

0101000
-3320 0 +3323 0 *
Ve
1e-07
30.54675 73.45825 6.4
0 0

0101101
*
Ed
 1e-07 1 1 0
1  295 0 0 0.7
2  589 150 0 0 0.7
2  590 148 0 0 0.7
0

0101000
-3320 0 +3318 0 *
Ed
 1e-07 1 1 0
1  296 0 0 2.04050000000001
2  591 150 0 0 2.04050000000001
2  592 149 0 0 2.04050000000001
0

0101000
-3318 0 +3322 0 *
Wi

0101100
-3321 0 -3319 0 +3317 0 +3316 0 *
Fa
0  1e-07 150 0

0111000
+3315 0 *
Ed
 1e-07 1 1 0
1  297 0 0 1.15518299999999
2  593 146 0 0 1.15518299999999
2  594 149 0 0 1.15518299999999
0

0101000
-3322 0 +3332 0 *
Ed
 1e-07 1 1 0
1  298 0 0 1.15518299999999
2  595 146 0 0 1.15518299999999
2  596 147 0 0 1.15518299999999
0

0101000
-3323 0 +3333 0 *
Wi

0101100
-3313 0 -3321 0 +3312 0 +3331 0 *
Fa
0  1e-07 146 0

0111000
+3311 0 *
Ed
 1e-07 1 1 0
1  299 0 0 1.15518299999999
2  597 148 0 0 1.15518299999999
2  598 149 0 0 1.15518299999999
0

0101000
-3318 0 +3328 0 *
Ed
 1e-07 1 1 0
1  300 0 0 1.15518299999999
2  599 148 0 0 1.15518299999999
2  600 147 0 0 1.15518299999999
0

0101000
-3320 0 +3330 0 *
Wi

0101100
-3309 0 -3317 0 +3308 0 +3327 0 *
Fa
0  1e-07 148 0

0111000
+3307 0 *
Wi

0101100
-3326 0 -3309 0 +3316 0 +3313 0 *
Fa
0  1e-07 149 0

0111000
+3305 0 *
Wi

0101100
-3329 0 -3308 0 +3319 0 +3312 0 *
Fa
0  1e-07 147 0

0111000
+3303 0 *
Sh

0101100
-3324 0 +3314 0 -3310 0 +3306 0 -3304 0 +3302 0 *
So

0100000
+3301 0 *
Ve
1e-07
5.61324999999999 54.458567 7.1
0 0

0101101
*
Ve
1e-07
5.61324999999999 54.458567 6.1
0 0

0101101
*
Ed
 1e-07 1 1 0
1  301 0 0 1
2  601 151 0 0 1
2  602 152 0 0 1
0

0101000
-3299 0 +3298 0 *
Ve
1e-07
5.61324999999999 55.61375 7.1
0 0

0101101
*
Ed
 1e-07 1 1 0
1  302 0 0 1.15518299999999
2  603 151 0 0 1.15518299999999
2  604 153 0 0 1.15518299999999
0

0101000
-3296 0 +3299 0 *
Ve
1e-07
5.61324999999999 55.61375 6.1
0 0

0101101
*
Ed
 1e-07 1 1 0
1  303 0 0 1
2  605 151 0 0 1
2  606 154 0 0 1
0

0101000
-3296 0 +3294 0 *
Ed
 1e-07 1 1 0
1  304 0 0 1.15518299999999
2  607 151 0 0 1.15518299999999
2  608 155 0 0 1.15518299999999
0

0101000
-3294 0 +3298 0 *
Wi

0101100
-3297 0 -3295 0 +3293 0 +3292 0 *
Fa
0  1e-07 151 0

0111000
+3291 0 *
Ve
1e-07
8.102752 54.458567 7.1
0 0

0101101
*
Ve
1e-07
8.102752 54.458567 6.1
0 0

0101101
*
Ed
 1e-07 1 1 0
1  305 0 0 1
2  609 156 0 0 1
2  610 152 0 0 1
0

0101000
-3289 0 +3288 0 *
Ve
1e-07
8.102752 55.61375 7.1
0 0

0101101
*
Ed
 1e-07 1 1 0
1  306 0 0 1.15518299999999
2  611 156 0 0 1.15518299999999
2  612 153 0 0 1.15518299999999
0

0101000
-3286 0 +3289 0 *
Ve
1e-07
8.102752 55.61375 6.1
0 0

0101101
*
Ed
 1e-07 1 1 0
1  307 0 0 1
2  613 156 0 0 1
2  614 154 0 0 1
0

0101000
-3286 0 +3284 0 *
Ed
 1e-07 1 1 0
1  308 0 0 1.15518299999999
2  615 156 0 0 1.15518299999999
2  616 155 0 0 1.15518299999999
0

0101000
-3284 0 +3288 0 *
Wi

0101100
-3287 0 -3285 0 +3283 0 +3282 0 *
Fa
0  1e-07 156 0

0111000
+3281 0 *
Ed
 1e-07 1 1 0
1  309 0 0 2.489502
2  617 152 0 0 2.489502
2  618 155 0 0 2.489502
0

0101000
-3288 0 +3298 0 *
Ed
 1e-07 1 1 0
1  310 0 0 2.489502
2  619 152 0 0 2.489502
2  620 153 0 0 2.489502
0

0101000
-3289 0 +3299 0 *
Wi

0101100
-3279 0 -3287 0 +3278 0 +3297 0 *
Fa
0  1e-07 152 0

0111000
+3277 0 *
Ed
 1e-07 1 1 0
1  311 0 0 2.489502
2  621 154 0 0 2.489502
2  622 155 0 0 2.489502
0

0101000
-3284 0 +3294 0 *
Ed
 1e-07 1 1 0
1  312 0 0 2.489502
2  623 154 0 0 2.489502
2  624 153 0 0 2.489502
0

0101000
-3286 0 +3296 0 *
Wi

0101100
-3275 0 -3283 0 +3274 0 +3293 0 *
Fa
0  1e-07 154 0

0111000
+3273 0 *
Wi

0101100
-3292 0 -3275 0 +3282 0 +3279 0 *
Fa
0  1e-07 155 0

0111000
+3271 0 *
Wi

0101100
-3295 0 -3274 0 +3285 0 +3278 0 *
Fa
0  1e-07 153 0

0111000
+3269 0 *
Sh

0101100
-3290 0 +3280 0 -3276 0 +3272 0 -3270 0 +3268 0 *
So

0100000
+3267 0 *
Ve
1e-07
35.443 39.579 7.1
0 0

0101101
*
Ve
1e-07
35.443 39.579 5.8
0 0

0101101
*
Ed
 1e-07 1 1 0
1  313 0 0 1.3
2  625 157 0 0 1.3
2  626 158 0 0 1.3
0

0101000
-3265 0 +3264 0 *
Ve
1e-07
35.443 43.929 7.1
0 0

0101101
*
Ed
 1e-07 1 1 0
1  314 0 0 4.35000000000001
2  627 157 0 0 4.35000000000001
2  628 159 0 0 4.35000000000001
0

0101000
-3262 0 +3265 0 *
Ve
1e-07
35.443 43.929 5.8
0 0

0101101
*
Ed
 1e-07 1 1 0
1  315 0 0 1.3
2  629 157 0 0 1.3
2  630 160 0 0 1.3
0

0101000
-3262 0 +3260 0 *
Ed
 1e-07 1 1 0
1  316 0 0 4.35000000000001
2  631 157 0 0 4.35000000000001
2  632 161 0 0 4.35000000000001
0

0101000
-3260 0 +3264 0 *
Wi

0101100
-3263 0 -3261 0 +3259 0 +3258 0 *
Fa
0  1e-07 157 0

0111000
+3257 0 *
Ve
1e-07
39.568 39.579 7.1
0 0

0101101
*
Ve
1e-07
39.568 39.579 5.8
0 0

0101101
*
Ed
 1e-07 1 1 0
1  317 0 0 1.3
2  633 162 0 0 1.3
2  634 158 0 0 1.3
0

0101000
-3255 0 +3254 0 *
Ve
1e-07
39.568 43.929 7.1
0 0

0101101
*
Ed
 1e-07 1 1 0
1  318 0 0 4.35000000000001
2  635 162 0 0 4.35000000000001
2  636 159 0 0 4.35000000000001
0

0101000
-3252 0 +3255 0 *
Ve
1e-07
39.568 43.929 5.8
0 0

0101101
*
Ed
 1e-07 1 1 0
1  319 0 0 1.3
2  637 162 0 0 1.3
2  638 160 0 0 1.3
0

0101000
-3252 0 +3250 0 *
Ed
 1e-07 1 1 0
1  320 0 0 4.35000000000001
2  639 162 0 0 4.35000000000001
2  640 161 0 0 4.35000000000001
0

0101000
-3250 0 +3254 0 *
Wi

0101100
-3253 0 -3251 0 +3249 0 +3248 0 *
Fa
0  1e-07 162 0

0111000
+3247 0 *
Ed
 1e-07 1 1 0
1  321 0 0 4.125
2  641 158 0 0 4.125
2  642 161 0 0 4.125
0

0101000
-3254 0 +3264 0 *
Ed
 1e-07 1 1 0
1  322 0 0 4.125
2  643 158 0 0 4.125
2  644 159 0 0 4.125
0

0101000
-3255 0 +3265 0 *
Wi

0101100
-3245 0 -3253 0 +3244 0 +3263 0 *
Fa
0  1e-07 158 0

0111000
+3243 0 *
Ed
 1e-07 1 1 0
1  323 0 0 4.125
2  645 160 0 0 4.125
2  646 161 0 0 4.125
0

0101000
-3250 0 +3260 0 *
Ed
 1e-07 1 1 0
1  324 0 0 4.125
2  647 160 0 0 4.125
2  648 159 0 0 4.125
0

0101000
-3252 0 +3262 0 *
Wi

0101100
-3241 0 -3249 0 +3240 0 +3259 0 *
Fa
0  1e-07 160 0

0111000
+3239 0 *
Wi

0101100
-3258 0 -3241 0 +3248 0 +3245 0 *
Fa
0  1e-07 161 0

0111000
+3237 0 *
Wi

0101100
-3261 0 -3240 0 +3251 0 +3244 0 *
Fa
0  1e-07 159 0

0111000
+3235 0 *
Sh

0101100
-3256 0 +3246 0 -3242 0 +3238 0 -3236 0 +3234 0 *
So

0100000
+3233 0 *
Ve
1e-07
42.47825 32.88875 7.1
0 0

0101101
*
Ve
1e-07
42.47825 32.88875 6.4
0 0

0101101
*
Ed
 1e-07 1 1 0
1  325 0 0 0.7
2  649 163 0 0 0.7
2  650 164 0 0 0.7
0

0101000
-3231 0 +3230 0 *
Ve
1e-07
42.47825 34.92925 7.1
0 0

0101101
*
Ed
 1e-07 1 1 0
1  326 0 0 2.04049999999999
2  651 163 0 0 2.04049999999999
2  652 165 0 0 2.04049999999999
0

0101000
-3228 0 +3231 0 *
Ve
1e-07
42.47825 34.92925 6.4
0 0

0101101
*
Ed
 1e-07 1 1 0
1  327 0 0 0.7
2  653 163 0 0 0.7
2  654 166 0 0 0.7
0

0101000
-3228 0 +3226 0 *
Ed
 1e-07 1 1 0
1  328 0 0 2.04049999999999
2  655 163 0 0 2.04049999999999
2  656 167 0 0 2.04049999999999
0

0101000
-3226 0 +3230 0 *
Wi

0101100
-3229 0 -3227 0 +3225 0 +3224 0 *
Fa
0  1e-07 163 0

0111000
+3223 0 *
Ve
1e-07
43.633433 32.88875 7.1
0 0

0101101
*
Ve
1e-07
43.633433 32.88875 6.4
0 0

0101101
*
Ed
 1e-07 1 1 0
1  329 0 0 0.7
2  657 168 0 0 0.7
2  658 164 0 0 0.7
0

0101000
-3221 0 +3220 0 *
Ve
1e-07
43.633433 34.92925 7.1
0 0

0101101
*
Ed
 1e-07 1 1 0
1  330 0 0 2.04049999999999
2  659 168 0 0 2.04049999999999
2  660 165 0 0 2.04049999999999
0

0101000
-3218 0 +3221 0 *
Ve
1e-07
43.633433 34.92925 6.4
0 0

0101101
*
Ed
 1e-07 1 1 0
1  331 0 0 0.7
2  661 168 0 0 0.7
2  662 166 0 0 0.7
0

0101000
-3218 0 +3216 0 *
Ed
 1e-07 1 1 0
1  332 0 0 2.04049999999999
2  663 168 0 0 2.04049999999999
2  664 167 0 0 2.04049999999999
0

0101000
-3216 0 +3220 0 *
Wi

0101100
-3219 0 -3217 0 +3215 0 +3214 0 *
Fa
0  1e-07 168 0

0111000
+3213 0 *
Ed
 1e-07 1 1 0
1  333 0 0 1.15518299999999
2  665 164 0 0 1.15518299999999
2  666 167 0 0 1.15518299999999
0

0101000
-3220 0 +3230 0 *
Ed
 1e-07 1 1 0
1  334 0 0 1.15518299999999
2  667 164 0 0 1.15518299999999
2  668 165 0 0 1.15518299999999
0

0101000
-3221 0 +3231 0 *
Wi

0101100
-3211 0 -3219 0 +3210 0 +3229 0 *
Fa
0  1e-07 164 0

0111000
+3209 0 *
Ed
 1e-07 1 1 0
1  335 0 0 1.15518299999999
2  669 166 0 0 1.15518299999999
2  670 167 0 0 1.15518299999999
0

0101000
-3216 0 +3226 0 *
Ed
 1e-07 1 1 0
1  336 0 0 1.15518299999999
2  671 166 0 0 1.15518299999999
2  672 165 0 0 1.15518299999999
0

0101000
-3218 0 +3228 0 *
Wi

0101100
-3207 0 -3215 0 +3206 0 +3225 0 *
Fa
0  1e-07 166 0

0111000
+3205 0 *
Wi

0101100
-3224 0 -3207 0 +3214 0 +3211 0 *
Fa
0  1e-07 167 0

0111000
+3203 0 *
Wi

0101100
-3227 0 -3206 0 +3217 0 +3210 0 *
Fa
0  1e-07 165 0

0111000
+3201 0 *
Sh

0101100
-3222 0 +3212 0 -3208 0 +3204 0 -3202 0 +3200 0 *
So

0100000
+3199 0 *
Ve
1e-07
31.949 72.349 7.1
0 0

0101101
*
Ve
1e-07
31.949 72.349 3.9
0 0

0101101
*
Ed
 1e-07 1 1 0
1  337 0 0 3.2
2  673 169 0 0 3.2
2  674 170 0 0 3.2
0

0101000
-3197 0 +3196 0 *
Ve
1e-07
31.949 77.921 7.1
0 0

0101101
*
Ed
 1e-07 1 1 0
1  338 0 0 5.572
2  675 169 0 0 5.572
2  676 171 0 0 5.572
0

0101000
-3194 0 +3197 0 *
Ve
1e-07
31.949 77.921 3.9
0 0

0101101
*
Ed
 1e-07 1 1 0
1  339 0 0 3.2
2  677 169 0 0 3.2
2  678 172 0 0 3.2
0

0101000
-3194 0 +3192 0 *
Ed
 1e-07 1 1 0
1  340 0 0 5.572
2  679 169 0 0 5.572
2  680 173 0 0 5.572
0

0101000
-3192 0 +3196 0 *
Wi

0101100
-3195 0 -3193 0 +3191 0 +3190 0 *
Fa
0  1e-07 169 0

0111000
+3189 0 *
Ve
1e-07
41.021 72.349 7.1
0 0

0101101
*
Ve
1e-07
41.021 72.349 3.9
0 0

0101101
*
Ed
 1e-07 1 1 0
1  341 0 0 3.2
2  681 174 0 0 3.2
2  682 170 0 0 3.2
0

0101000
-3187 0 +3186 0 *
Ve
1e-07
41.021 77.921 7.1
0 0

0101101
*
Ed
 1e-07 1 1 0
1  342 0 0 5.572
2  683 174 0 0 5.572
2  684 171 0 0 5.572
0

0101000
-3184 0 +3187 0 *
Ve
1e-07
41.021 77.921 3.9
0 0

0101101
*
Ed
 1e-07 1 1 0
1  343 0 0 3.2
2  685 174 0 0 3.2
2  686 172 0 0 3.2
0

0101000
-3184 0 +3182 0 *
Ed
 1e-07 1 1 0
1  344 0 0 5.572
2  687 174 0 0 5.572
2  688 173 0 0 5.572
0

0101000
-3182 0 +3186 0 *
Wi

0101100
-3185 0 -3183 0 +3181 0 +3180 0 *
Fa
0  1e-07 174 0

0111000
+3179 0 *
Ed
 1e-07 1 1 0
1  345 0 0 9.072
2  689 170 0 0 9.072
2  690 173 0 0 9.072
0

0101000
-3186 0 +3196 0 *
Ed
 1e-07 1 1 0
1  346 0 0 9.072
2  691 170 0 0 9.072
2  692 171 0 0 9.072
0

0101000
-3187 0 +3197 0 *
Wi

0101100
-3177 0 -3185 0 +3176 0 +3195 0 *
Fa
0  1e-07 170 0

0111000
+3175 0 *
Ed
 1e-07 1 1 0
1  347 0 0 9.072
2  693 172 0 0 9.072
2  694 173 0 0 9.072
0

0101000
-3182 0 +3192 0 *
Ed
 1e-07 1 1 0
1  348 0 0 9.072
2  695 172 0 0 9.072
2  696 171 0 0 9.072
0

0101000
-3184 0 +3194 0 *
Wi

0101100
-3173 0 -3181 0 +3172 0 +3191 0 *
Fa
0  1e-07 172 0

0111000
+3171 0 *
Wi

0101100
-3190 0 -3173 0 +3180 0 +3177 0 *
Fa
0  1e-07 173 0

0111000
+3169 0 *
Wi

0101100
-3193 0 -3172 0 +3183 0 +3176 0 *
Fa
0  1e-07 171 0

0111000
+3167 0 *
Sh

0101100
-3188 0 +3178 0 -3174 0 +3170 0 -3168 0 +3166 0 *
So

0100000
+3165 0 *
Ve
1e-07
22.54475 52.172567 7.1
0 0

0101101
*
Ve
1e-07
22.54475 52.172567 6.1
0 0

0101101
*
Ed
 1e-07 1 1 0
1  349 0 0 1
2  697 175 0 0 1
2  698 176 0 0 1
0

0101000
-3163 0 +3162 0 *
Ve
1e-07
22.54475 53.32875 7.1
0 0

0101101
*
Ed
 1e-07 1 1 0
1  350 0 0 1.156183
2  699 175 0 0 1.156183
2  700 177 0 0 1.156183
0

0101000
-3160 0 +3163 0 *
Ve
1e-07
22.54475 53.32875 6.1
0 0

0101101
*
Ed
 1e-07 1 1 0
1  351 0 0 1
2  701 175 0 0 1
2  702 178 0 0 1
0

0101000
-3160 0 +3158 0 *
Ed
 1e-07 1 1 0
1  352 0 0 1.156183
2  703 175 0 0 1.156183
2  704 179 0 0 1.156183
0

0101000
-3158 0 +3162 0 *
Wi

0101100
-3161 0 -3159 0 +3157 0 +3156 0 *
Fa
0  1e-07 175 0

0111000
+3155 0 *
Ve
1e-07
24.44525 52.172567 7.1
0 0

0101101
*
Ve
1e-07
24.44525 52.172567 6.1
0 0

0101101
*
Ed
 1e-07 1 1 0
1  353 0 0 1
2  705 180 0 0 1
2  706 176 0 0 1
0

0101000
-3153 0 +3152 0 *
Ve
1e-07
24.44525 53.32875 7.1
0 0

0101101
*
Ed
 1e-07 1 1 0
1  354 0 0 1.156183
2  707 180 0 0 1.156183
2  708 177 0 0 1.156183
0

0101000
-3150 0 +3153 0 *
Ve
1e-07
24.44525 53.32875 6.1
0 0

0101101
*
Ed
 1e-07 1 1 0
1  355 0 0 1
2  709 180 0 0 1
2  710 178 0 0 1
0

0101000
-3150 0 +3148 0 *
Ed
 1e-07 1 1 0
1  356 0 0 1.156183
2  711 180 0 0 1.156183
2  712 179 0 0 1.156183
0

0101000
-3148 0 +3152 0 *
Wi

0101100
-3151 0 -3149 0 +3147 0 +3146 0 *
Fa
0  1e-07 180 0

0111000
+3145 0 *
Ed
 1e-07 1 1 0
1  357 0 0 1.90050000000001
2  713 176 0 0 1.90050000000001
2  714 179 0 0 1.90050000000001
0

0101000
-3152 0 +3162 0 *
Ed
 1e-07 1 1 0
1  358 0 0 1.90050000000001
2  715 176 0 0 1.90050000000001
2  716 177 0 0 1.90050000000001
0

0101000
-3153 0 +3163 0 *
Wi

0101100
-3143 0 -3151 0 +3142 0 +3161 0 *
Fa
0  1e-07 176 0

0111000
+3141 0 *
Ed
 1e-07 1 1 0
1  359 0 0 1.90050000000001
2  717 178 0 0 1.90050000000001
2  718 179 0 0 1.90050000000001
0

0101000
-3148 0 +3158 0 *
Ed
 1e-07 1 1 0
1  360 0 0 1.90050000000001
2  719 178 0 0 1.90050000000001
2  720 177 0 0 1.90050000000001
0

0101000
-3150 0 +3160 0 *
Wi

0101100
-3139 0 -3147 0 +3138 0 +3157 0 *
Fa
0  1e-07 178 0

0111000
+3137 0 *
Wi

0101100
-3156 0 -3139 0 +3146 0 +3143 0 *
Fa
0  1e-07 179 0

0111000
+3135 0 *
Wi

0101100
-3159 0 -3138 0 +3149 0 +3142 0 *
Fa
0  1e-07 177 0

0111000
+3133 0 *
Sh

0101100
-3154 0 +3144 0 -3140 0 +3136 0 -3134 0 +3132 0 *
So

0100000
+3131 0 *
Ve
1e-07
12.7935 38.7245 7.1
0 0

0101101
*
Ve
1e-07
12.7935 38.7245 5.8
0 0

0101101
*
Ed
 1e-07 1 1 0
1  361 0 0 1.3
2  721 181 0 0 1.3
2  722 182 0 0 1.3
0

0101000
-3129 0 +3128 0 *
Ve
1e-07
12.7935 43.5745 7.1
0 0

0101101
*
Ed
 1e-07 1 1 0
1  362 0 0 4.84999999999999
2  723 181 0 0 4.84999999999999
2  724 183 0 0 4.84999999999999
0

0101000
-3126 0 +3129 0 *
Ve
1e-07
12.7935 43.5745 5.8
0 0

0101101
*
Ed
 1e-07 1 1 0
1  363 0 0 1.3
2  725 181 0 0 1.3
2  726 184 0 0 1.3
0

0101000
-3126 0 +3124 0 *
Ed
 1e-07 1 1 0
1  364 0 0 4.84999999999999
2  727 181 0 0 4.84999999999999
2  728 185 0 0 4.84999999999999
0

0101000
-3124 0 +3128 0 *
Wi

0101100
-3127 0 -3125 0 +3123 0 +3122 0 *
Fa
0  1e-07 181 0

0111000
+3121 0 *
Ve
1e-07
17.6435 38.7245 7.1
0 0

0101101
*
Ve
1e-07
17.6435 38.7245 5.8
0 0

0101101
*
Ed
 1e-07 1 1 0
1  365 0 0 1.3
2  729 186 0 0 1.3
2  730 182 0 0 1.3
0

0101000
-3119 0 +3118 0 *
Ve
1e-07
17.6435 43.5745 7.1
0 0

0101101
*
Ed
 1e-07 1 1 0
1  366 0 0 4.84999999999999
2  731 186 0 0 4.84999999999999
2  732 183 0 0 4.84999999999999
0

0101000
-3116 0 +3119 0 *
Ve
1e-07
17.6435 43.5745 5.8
0 0

0101101
*
Ed
 1e-07 1 1 0
1  367 0 0 1.3
2  733 186 0 0 1.3
2  734 184 0 0 1.3
0

0101000
-3116 0 +3114 0 *
Ed
 1e-07 1 1 0
1  368 0 0 4.84999999999999
2  735 186 0 0 4.84999999999999
2  736 185 0 0 4.84999999999999
0

0101000
-3114 0 +3118 0 *
Wi

0101100
-3117 0 -3115 0 +3113 0 +3112 0 *
Fa
0  1e-07 186 0

0111000
+3111 0 *
Ed
 1e-07 1 1 0
1  369 0 0 4.85000000000001
2  737 182 0 0 4.85000000000001
2  738 185 0 0 4.85000000000001
0

0101000
-3118 0 +3128 0 *
Ed
 1e-07 1 1 0
1  370 0 0 4.85000000000001
2  739 182 0 0 4.85000000000001
2  740 183 0 0 4.85000000000001
0

0101000
-3119 0 +3129 0 *
Wi

0101100
-3109 0 -3117 0 +3108 0 +3127 0 *
Fa
0  1e-07 182 0

0111000
+3107 0 *
Ed
 1e-07 1 1 0
1  371 0 0 4.85000000000001
2  741 184 0 0 4.85000000000001
2  742 185 0 0 4.85000000000001
0

0101000
-3114 0 +3124 0 *
Ed
 1e-07 1 1 0
1  372 0 0 4.85000000000001
2  743 184 0 0 4.85000000000001
2  744 183 0 0 4.85000000000001
0

0101000
-3116 0 +3126 0 *
Wi

0101100
-3105 0 -3113 0 +3104 0 +3123 0 *
Fa
0  1e-07 184 0

0111000
+3103 0 *
Wi

0101100
-3122 0 -3105 0 +3112 0 +3109 0 *
Fa
0  1e-07 185 0

0111000
+3101 0 *
Wi

0101100
-3125 0 -3104 0 +3115 0 +3108 0 *
Fa
0  1e-07 183 0

0111000
+3099 0 *
Sh

0101100
-3120 0 +3110 0 -3106 0 +3102 0 -3100 0 +3098 0 *
So

0100000
+3097 0 *
Ve
1e-07
26.592 1.304 7.1
0 0

0101101
*
Ve
1e-07
26.592 1.304 3.9
0 0

0101101
*
Ed
 1e-07 1 1 0
1  373 0 0 3.2
2  745 187 0 0 3.2
2  746 188 0 0 3.2
0

0101000
-3095 0 +3094 0 *
Ve
1e-07
26.592 31.558 7.1
0 0

0101101
*
Ed
 1e-07 1 1 0
1  374 0 0 30.254
2  747 187 0 0 30.254
2  748 189 0 0 30.254
0

0101000
-3092 0 +3095 0 *
Ve
1e-07
26.592 31.558 3.9
0 0

0101101
*
Ed
 1e-07 1 1 0
1  375 0 0 3.2
2  749 187 0 0 3.2
2  750 190 0 0 3.2
0

0101000
-3092 0 +3090 0 *
Ed
 1e-07 1 1 0
1  376 0 0 30.254
2  751 187 0 0 30.254
2  752 191 0 0 30.254
0

0101000
-3090 0 +3094 0 *
Wi

0101100
-3093 0 -3091 0 +3089 0 +3088 0 *
Fa
0  1e-07 187 0

0111000
+3087 0 *
Ve
1e-07
48.846 1.304 7.1
0 0

0101101
*
Ve
1e-07
48.846 1.304 3.9
0 0

0101101
*
Ed
 1e-07 1 1 0
1  377 0 0 3.2
2  753 192 0 0 3.2
2  754 188 0 0 3.2
0

0101000
-3085 0 +3084 0 *
Ve
1e-07
48.846 31.558 7.1
0 0

0101101
*
Ed
 1e-07 1 1 0
1  378 0 0 30.254
2  755 192 0 0 30.254
2  756 189 0 0 30.254
0

0101000
-3082 0 +3085 0 *
Ve
1e-07
48.846 31.558 3.9
0 0

0101101
*
Ed
 1e-07 1 1 0
1  379 0 0 3.2
2  757 192 0 0 3.2
2  758 190 0 0 3.2
0

0101000
-3082 0 +3080 0 *
Ed
 1e-07 1 1 0
1  380 0 0 30.254
2  759 192 0 0 30.254
2  760 191 0 0 30.254
0

0101000
-3080 0 +3084 0 *
Wi

0101100
-3083 0 -3081 0 +3079 0 +3078 0 *
Fa
0  1e-07 192 0

0111000
+3077 0 *
Ed
 1e-07 1 1 0
1  381 0 0 22.254
2  761 188 0 0 22.254
2  762 191 0 0 22.254
0

0101000
-3084 0 +3094 0 *
Ed
 1e-07 1 1 0
1  382 0 0 22.254
2  763 188 0 0 22.254
2  764 189 0 0 22.254
0

0101000
-3085 0 +3095 0 *
Wi

0101100
-3075 0 -3083 0 +3074 0 +3093 0 *
Fa
0  1e-07 188 0

0111000
+3073 0 *
Ed
 1e-07 1 1 0
1  383 0 0 22.254
2  765 190 0 0 22.254
2  766 191 0 0 22.254
0

0101000
-3080 0 +3090 0 *
Ed
 1e-07 1 1 0
1  384 0 0 22.254
2  767 190 0 0 22.254
2  768 189 0 0 22.254
0

0101000
-3082 0 +3092 0 *
Wi

0101100
-3071 0 -3079 0 +3070 0 +3089 0 *
Fa
0  1e-07 190 0

0111000
+3069 0 *
Wi

0101100
-3088 0 -3071 0 +3078 0 +3075 0 *
Fa
0  1e-07 191 0

0111000
+3067 0 *
Wi

0101100
-3091 0 -3070 0 +3081 0 +3074 0 *
Fa
0  1e-07 189 0

0111000
+3065 0 *
Sh

0101100
-3086 0 +3076 0 -3072 0 +3068 0 -3066 0 +3064 0 *
So

0100000
+3063 0 *
Ve
1e-07
9.199493 53.5155 7.1
0 0

0101101
*
Ve
1e-07
9.199493 53.5155 5.8
0 0

0101101
*
Ed
 1e-07 1 1 0
1  385 0 0 1.3
2  769 193 0 0 1.3
2  770 194 0 0 1.3
0

0101000
-3061 0 +3060 0 *
Ve
1e-07
9.199493 59.8645 7.1
0 0

0101101
*
Ed
 1e-07 1 1 0
1  386 0 0 6.349
2  771 193 0 0 6.349
2  772 195 0 0 6.349
0

0101000
-3058 0 +3061 0 *
Ve
1e-07
9.199493 59.8645 5.8
0 0

0101101
*
Ed
 1e-07 1 1 0
1  387 0 0 1.3
2  773 193 0 0 1.3
2  774 196 0 0 1.3
0

0101000
-3058 0 +3056 0 *
Ed
 1e-07 1 1 0
1  388 0 0 6.349
2  775 193 0 0 6.349
2  776 197 0 0 6.349
0

0101000
-3056 0 +3060 0 *
Wi

0101100
-3059 0 -3057 0 +3055 0 +3054 0 *
Fa
0  1e-07 193 0

0111000
+3053 0 *
Ve
1e-07
15.8745 53.5155 7.1
0 0

0101101
*
Ve
1e-07
15.8745 53.5155 5.8
0 0

0101101
*
Ed
 1e-07 1 1 0
1  389 0 0 1.3
2  777 198 0 0 1.3
2  778 194 0 0 1.3
0

0101000
-3051 0 +3050 0 *
Ve
1e-07
15.8745 59.8645 7.1
0 0

0101101
*
Ed
 1e-07 1 1 0
1  390 0 0 6.349
2  779 198 0 0 6.349
2  780 195 0 0 6.349
0

0101000
-3048 0 +3051 0 *
Ve
1e-07
15.8745 59.8645 5.8
0 0

0101101
*
Ed
 1e-07 1 1 0
1  391 0 0 1.3
2  781 198 0 0 1.3
2  782 196 0 0 1.3
0

0101000
-3048 0 +3046 0 *
Ed
 1e-07 1 1 0
1  392 0 0 6.349
2  783 198 0 0 6.349
2  784 197 0 0 6.349
0

0101000
-3046 0 +3050 0 *
Wi

0101100
-3049 0 -3047 0 +3045 0 +3044 0 *
Fa
0  1e-07 198 0

0111000
+3043 0 *
Ed
 1e-07 1 1 0
1  393 0 0 6.67500699999999
2  785 194 0 0 6.67500699999999
2  786 197 0 0 6.67500699999999
0

0101000
-3050 0 +3060 0 *
Ed
 1e-07 1 1 0
1  394 0 0 6.67500699999999
2  787 194 0 0 6.67500699999999
2  788 195 0 0 6.67500699999999
0

0101000
-3051 0 +3061 0 *
Wi

0101100
-3041 0 -3049 0 +3040 0 +3059 0 *
Fa
0  1e-07 194 0

0111000
+3039 0 *
Ed
 1e-07 1 1 0
1  395 0 0 6.67500699999999
2  789 196 0 0 6.67500699999999
2  790 197 0 0 6.67500699999999
0

0101000
-3046 0 +3056 0 *
Ed
 1e-07 1 1 0
1  396 0 0 6.67500699999999
2  791 196 0 0 6.67500699999999
2  792 195 0 0 6.67500699999999
0

0101000
-3048 0 +3058 0 *
Wi

0101100
-3037 0 -3045 0 +3036 0 +3055 0 *
Fa
0  1e-07 196 0

0111000
+3035 0 *
Wi

0101100
-3054 0 -3037 0 +3044 0 +3041 0 *
Fa
0  1e-07 197 0

0111000
+3033 0 *
Wi

0101100
-3057 0 -3036 0 +3047 0 +3040 0 *
Fa
0  1e-07 195 0

0111000
+3031 0 *
Sh

0101100
-3052 0 +3042 0 -3038 0 +3034 0 -3032 0 +3030 0 *
So

0100000
+3029 0 *
Ve
1e-07
16.789248 61.44925 7.1
0 0

0101101
*
Ve
1e-07
16.789248 61.44925 6.1
0 0

0101101
*
Ed
 1e-07 1 1 0
1  397 0 0 1
2  793 199 0 0 1
2  794 200 0 0 1
0

0101000
-3027 0 +3026 0 *
Ve
1e-07
16.789248 62.604433 7.1
0 0

0101101
*
Ed
 1e-07 1 1 0
1  398 0 0 1.15518299999999
2  795 199 0 0 1.15518299999999
2  796 201 0 0 1.15518299999999
0

0101000
-3024 0 +3027 0 *
Ve
1e-07
16.789248 62.604433 6.1
0 0

0101101
*
Ed
 1e-07 1 1 0
1  399 0 0 1
2  797 199 0 0 1
2  798 202 0 0 1
0

0101000
-3024 0 +3022 0 *
Ed
 1e-07 1 1 0
1  400 0 0 1.15518299999999
2  799 199 0 0 1.15518299999999
2  800 203 0 0 1.15518299999999
0

0101000
-3022 0 +3026 0 *
Wi

0101100
-3025 0 -3023 0 +3021 0 +3020 0 *
Fa
0  1e-07 199 0

0111000
+3019 0 *
Ve
1e-07
19.27875 61.44925 7.1
0 0

0101101
*
Ve
1e-07
19.27875 61.44925 6.1
0 0

0101101
*
Ed
 1e-07 1 1 0
1  401 0 0 1
2  801 204 0 0 1
2  802 200 0 0 1
0

0101000
-3017 0 +3016 0 *
Ve
1e-07
19.27875 62.604433 7.1
0 0

0101101
*
Ed
 1e-07 1 1 0
1  402 0 0 1.15518299999999
2  803 204 0 0 1.15518299999999
2  804 201 0 0 1.15518299999999
0

0101000
-3014 0 +3017 0 *
Ve
1e-07
19.27875 62.604433 6.1
0 0

0101101
*
Ed
 1e-07 1 1 0
1  403 0 0 1
2  805 204 0 0 1
2  806 202 0 0 1
0

0101000
-3014 0 +3012 0 *
Ed
 1e-07 1 1 0
1  404 0 0 1.15518299999999
2  807 204 0 0 1.15518299999999
2  808 203 0 0 1.15518299999999
0

0101000
-3012 0 +3016 0 *
Wi

0101100
-3015 0 -3013 0 +3011 0 +3010 0 *
Fa
0  1e-07 204 0

0111000
+3009 0 *
Ed
 1e-07 1 1 0
1  405 0 0 2.489502
2  809 200 0 0 2.489502
2  810 203 0 0 2.489502
0

0101000
-3016 0 +3026 0 *
Ed
 1e-07 1 1 0
1  406 0 0 2.489502
2  811 200 0 0 2.489502
2  812 201 0 0 2.489502
0

0101000
-3017 0 +3027 0 *
Wi

0101100
-3007 0 -3015 0 +3006 0 +3025 0 *
Fa
0  1e-07 200 0

0111000
+3005 0 *
Ed
 1e-07 1 1 0
1  407 0 0 2.489502
2  813 202 0 0 2.489502
2  814 203 0 0 2.489502
0

0101000
-3012 0 +3022 0 *
Ed
 1e-07 1 1 0
1  408 0 0 2.489502
2  815 202 0 0 2.489502
2  816 201 0 0 2.489502
0

0101000
-3014 0 +3024 0 *
Wi

0101100
-3003 0 -3011 0 +3002 0 +3021 0 *
Fa
0  1e-07 202 0

0111000
+3001 0 *
Wi

0101100
-3020 0 -3003 0 +3010 0 +3007 0 *
Fa
0  1e-07 203 0

0111000
+2999 0 *
Wi

0101100
-3023 0 -3002 0 +3013 0 +3006 0 *
Fa
0  1e-07 201 0

0111000
+2997 0 *
Sh

0101100
-3018 0 +3008 0 -3004 0 +3000 0 -2998 0 +2996 0 *
So

0100000
+2995 0 *
Ve
1e-07
33.72075 60.04825 7.1
0 0

0101101
*
Ve
1e-07
33.72075 60.04825 6.1
0 0

0101101
*
Ed
 1e-07 1 1 0
1  409 0 0 1
2  817 205 0 0 1
2  818 206 0 0 1
0

0101000
-2993 0 +2992 0 *
Ve
1e-07
33.72075 61.204433 7.1
0 0

0101101
*
Ed
 1e-07 1 1 0
1  410 0 0 1.156183
2  819 205 0 0 1.156183
2  820 207 0 0 1.156183
0

0101000
-2990 0 +2993 0 *
Ve
1e-07
33.72075 61.204433 6.1
0 0

0101101
*
Ed
 1e-07 1 1 0
1  411 0 0 1
2  821 205 0 0 1
2  822 208 0 0 1
0

0101000
-2990 0 +2988 0 *
Ed
 1e-07 1 1 0
1  412 0 0 1.156183
2  823 205 0 0 1.156183
2  824 209 0 0 1.156183
0

0101000
-2988 0 +2992 0 *
Wi

0101100
-2991 0 -2989 0 +2987 0 +2986 0 *
Fa
0  1e-07 205 0

0111000
+2985 0 *
Ve
1e-07
35.62125 60.04825 7.1
0 0

0101101
*
Ve
1e-07
35.62125 60.04825 6.1
0 0

0101101
*
Ed
 1e-07 1 1 0
1  413 0 0 1
2  825 210 0 0 1
2  826 206 0 0 1
0

0101000
-2983 0 +2982 0 *
Ve
1e-07
35.62125 61.204433 7.1
0 0

0101101
*
Ed
 1e-07 1 1 0
1  414 0 0 1.156183
2  827 210 0 0 1.156183
2  828 207 0 0 1.156183
0

0101000
-2980 0 +2983 0 *
Ve
1e-07
35.62125 61.204433 6.1
0 0

0101101
*
Ed
 1e-07 1 1 0
1  415 0 0 1
2  829 210 0 0 1
2  830 208 0 0 1
0

0101000
-2980 0 +2978 0 *
Ed
 1e-07 1 1 0
1  416 0 0 1.156183
2  831 210 0 0 1.156183
2  832 209 0 0 1.156183
0

0101000
-2978 0 +2982 0 *
Wi

0101100
-2981 0 -2979 0 +2977 0 +2976 0 *
Fa
0  1e-07 210 0

0111000
+2975 0 *
Ed
 1e-07 1 1 0
1  417 0 0 1.90049999999999
2  833 206 0 0 1.90049999999999
2  834 209 0 0 1.90049999999999
0

0101000
-2982 0 +2992 0 *
Ed
 1e-07 1 1 0
1  418 0 0 1.90049999999999
2  835 206 0 0 1.90049999999999
2  836 207 0 0 1.90049999999999
0

0101000
-2983 0 +2993 0 *
Wi

0101100
-2973 0 -2981 0 +2972 0 +2991 0 *
Fa
0  1e-07 206 0

0111000
+2971 0 *
Ed
 1e-07 1 1 0
1  419 0 0 1.90049999999999
2  837 208 0 0 1.90049999999999
2  838 209 0 0 1.90049999999999
0

0101000
-2978 0 +2988 0 *
Ed
 1e-07 1 1 0
1  420 0 0 1.90049999999999
2  839 208 0 0 1.90049999999999
2  840 207 0 0 1.90049999999999
0

0101000
-2980 0 +2990 0 *
Wi

0101100
-2969 0 -2977 0 +2968 0 +2987 0 *
Fa
0  1e-07 208 0

0111000
+2967 0 *
Wi

0101100
-2986 0 -2969 0 +2976 0 +2973 0 *
Fa
0  1e-07 209 0

0111000
+2965 0 *
Wi

0101100
-2989 0 -2968 0 +2979 0 +2972 0 *
Fa
0  1e-07 207 0

0111000
+2963 0 *
Sh

0101100
-2984 0 +2974 0 -2970 0 +2966 0 -2964 0 +2962 0 *
So

0100000
+2961 0 *
Ve
1e-07
44.21375 64.800567 7.1
0 0

0101101
*
Ve
1e-07
44.21375 64.800567 6.4
0 0

0101101
*
Ed
 1e-07 1 1 0
1  421 0 0 0.7
2  841 211 0 0 0.7
2  842 212 0 0 0.7
0

0101000
-2959 0 +2958 0 *
Ve
1e-07
44.21375 65.95575 7.1
0 0

0101101
*
Ed
 1e-07 1 1 0
1  422 0 0 1.15518299999999
2  843 211 0 0 1.15518299999999
2  844 213 0 0 1.15518299999999
0

0101000
-2956 0 +2959 0 *
Ve
1e-07
44.21375 65.95575 6.4
0 0

0101101
*
Ed
 1e-07 1 1 0
1  423 0 0 0.7
2  845 211 0 0 0.7
2  846 214 0 0 0.7
0

0101000
-2956 0 +2954 0 *
Ed
 1e-07 1 1 0
1  424 0 0 1.15518299999999
2  847 211 0 0 1.15518299999999
2  848 215 0 0 1.15518299999999
0

0101000
-2954 0 +2958 0 *
Wi

0101100
-2957 0 -2955 0 +2953 0 +2952 0 *
Fa
0  1e-07 211 0

0111000
+2951 0 *
Ve
1e-07
46.25425 64.800567 7.1
0 0

0101101
*
Ve
1e-07
46.25425 64.800567 6.4
0 0

0101101
*
Ed
 1e-07 1 1 0
1  425 0 0 0.7
2  849 216 0 0 0.7
2  850 212 0 0 0.7
0

0101000
-2949 0 +2948 0 *
Ve
1e-07
46.25425 65.95575 7.1
0 0

0101101
*
Ed
 1e-07 1 1 0
1  426 0 0 1.15518299999999
2  851 216 0 0 1.15518299999999
2  852 213 0 0 1.15518299999999
0

0101000
-2946 0 +2949 0 *
Ve
1e-07
46.25425 65.95575 6.4
0 0

0101101
*
Ed
 1e-07 1 1 0
1  427 0 0 0.7
2  853 216 0 0 0.7
2  854 214 0 0 0.7
0

0101000
-2946 0 +2944 0 *
Ed
 1e-07 1 1 0
1  428 0 0 1.15518299999999
2  855 216 0 0 1.15518299999999
2  856 215 0 0 1.15518299999999
0

0101000
-2944 0 +2948 0 *
Wi

0101100
-2947 0 -2945 0 +2943 0 +2942 0 *
Fa
0  1e-07 216 0

0111000
+2941 0 *
Ed
 1e-07 1 1 0
1  429 0 0 2.04050000000001
2  857 212 0 0 2.04050000000001
2  858 215 0 0 2.04050000000001
0

0101000
-2948 0 +2958 0 *
Ed
 1e-07 1 1 0
1  430 0 0 2.04050000000001
2  859 212 0 0 2.04050000000001
2  860 213 0 0 2.04050000000001
0

0101000
-2949 0 +2959 0 *
Wi

0101100
-2939 0 -2947 0 +2938 0 +2957 0 *
Fa
0  1e-07 212 0

0111000
+2937 0 *
Ed
 1e-07 1 1 0
1  431 0 0 2.04050000000001
2  861 214 0 0 2.04050000000001
2  862 215 0 0 2.04050000000001
0

0101000
-2944 0 +2954 0 *
Ed
 1e-07 1 1 0
1  432 0 0 2.04050000000001
2  863 214 0 0 2.04050000000001
2  864 213 0 0 2.04050000000001
0

0101000
-2946 0 +2956 0 *
Wi

0101100
-2935 0 -2943 0 +2934 0 +2953 0 *
Fa
0  1e-07 214 0

0111000
+2933 0 *
Wi

0101100
-2952 0 -2935 0 +2942 0 +2939 0 *
Fa
0  1e-07 215 0

0111000
+2931 0 *
Wi

0101100
-2955 0 -2934 0 +2945 0 +2938 0 *
Fa
0  1e-07 213 0

0111000
+2929 0 *
Sh

0101100
-2950 0 +2940 0 -2936 0 +2932 0 -2930 0 +2928 0 *
So

0100000
+2927 0 *
Ve
1e-07
18.09425 57.09625 7.1
0 0

0101101
*
Ve
1e-07
18.09425 57.09625 6.1
0 0

0101101
*
Ed
 1e-07 1 1 0
1  433 0 0 1
2  865 217 0 0 1
2  866 218 0 0 1
0

0101000
-2925 0 +2924 0 *
Ve
1e-07
18.09425 59.585752 7.1
0 0

0101101
*
Ed
 1e-07 1 1 0
1  434 0 0 2.489502
2  867 217 0 0 2.489502
2  868 219 0 0 2.489502
0

0101000
-2922 0 +2925 0 *
Ve
1e-07
18.09425 59.585752 6.1
0 0

0101101
*
Ed
 1e-07 1 1 0
1  435 0 0 1
2  869 217 0 0 1
2  870 220 0 0 1
0

0101000
-2922 0 +2920 0 *
Ed
 1e-07 1 1 0
1  436 0 0 2.489502
2  871 217 0 0 2.489502
2  872 221 0 0 2.489502
0

0101000
-2920 0 +2924 0 *
Wi

0101100
-2923 0 -2921 0 +2919 0 +2918 0 *
Fa
0  1e-07 217 0

0111000
+2917 0 *
Ve
1e-07
19.249433 57.09625 7.1
0 0

0101101
*
Ve
1e-07
19.249433 57.09625 6.1
0 0

0101101
*
Ed
 1e-07 1 1 0
1  437 0 0 1
2  873 222 0 0 1
2  874 218 0 0 1
0

0101000
-2915 0 +2914 0 *
Ve
1e-07
19.249433 59.585752 7.1
0 0

0101101
*
Ed
 1e-07 1 1 0
1  438 0 0 2.489502
2  875 222 0 0 2.489502
2  876 219 0 0 2.489502
0

0101000
-2912 0 +2915 0 *
Ve
1e-07
19.249433 59.585752 6.1
0 0

0101101
*
Ed
 1e-07 1 1 0
1  439 0 0 1
2  877 222 0 0 1
2  878 220 0 0 1
0

0101000
-2912 0 +2910 0 *
Ed
 1e-07 1 1 0
1  440 0 0 2.489502
2  879 222 0 0 2.489502
2  880 221 0 0 2.489502
0

0101000
-2910 0 +2914 0 *
Wi

0101100
-2913 0 -2911 0 +2909 0 +2908 0 *
Fa
0  1e-07 222 0

0111000
+2907 0 *
Ed
 1e-07 1 1 0
1  441 0 0 1.15518299999999
2  881 218 0 0 1.15518299999999
2  882 221 0 0 1.15518299999999
0

0101000
-2914 0 +2924 0 *
Ed
 1e-07 1 1 0
1  442 0 0 1.15518299999999
2  883 218 0 0 1.15518299999999
2  884 219 0 0 1.15518299999999
0

0101000
-2915 0 +2925 0 *
Wi

0101100
-2905 0 -2913 0 +2904 0 +2923 0 *
Fa
0  1e-07 218 0

0111000
+2903 0 *
Ed
 1e-07 1 1 0
1  443 0 0 1.15518299999999
2  885 220 0 0 1.15518299999999
2  886 221 0 0 1.15518299999999
0

0101000
-2910 0 +2920 0 *
Ed
 1e-07 1 1 0
1  444 0 0 1.15518299999999
2  887 220 0 0 1.15518299999999
2  888 219 0 0 1.15518299999999
0

0101000
-2912 0 +2922 0 *
Wi

0101100
-2901 0 -2909 0 +2900 0 +2919 0 *
Fa
0  1e-07 220 0

0111000
+2899 0 *
Wi

0101100
-2918 0 -2901 0 +2908 0 +2905 0 *
Fa
0  1e-07 221 0

0111000
+2897 0 *
Wi

0101100
-2921 0 -2900 0 +2911 0 +2904 0 *
Fa
0  1e-07 219 0

0111000
+2895 0 *
Sh

0101100
-2916 0 +2906 0 -2902 0 +2898 0 -2896 0 +2894 0 *
So

0100000
+2893 0 *
Ve
1e-07
41.6635 73.651567 7.1
0 0

0101101
*
Ve
1e-07
41.6635 73.651567 1.6
0 0

0101101
*
Ed
 1e-07 1 1 0
1  445 0 0 5.5
2  889 223 0 0 5.5
2  890 224 0 0 5.5
0

0101000
-2891 0 +2890 0 *
Ve
1e-07
41.6635 76.7825 7.1
0 0

0101101
*
Ed
 1e-07 1 1 0
1  446 0 0 3.130933
2  891 223 0 0 3.130933
2  892 225 0 0 3.130933
0

0101000
-2888 0 +2891 0 *
Ve
1e-07
41.6635 76.7825 1.6
0 0

0101101
*
Ed
 1e-07 1 1 0
1  447 0 0 5.5
2  893 223 0 0 5.5
2  894 226 0 0 5.5
0

0101000
-2888 0 +2886 0 *
Ed
 1e-07 1 1 0
1  448 0 0 3.130933
2  895 223 0 0 3.130933
2  896 227 0 0 3.130933
0

0101000
-2886 0 +2890 0 *
Wi

0101100
-2889 0 -2887 0 +2885 0 +2884 0 *
Fa
0  1e-07 223 0

0111000
+2883 0 *
Ve
1e-07
47.774433 73.651567 7.1
0 0

0101101
*
Ve
1e-07
47.774433 73.651567 1.6
0 0

0101101
*
Ed
 1e-07 1 1 0
1  449 0 0 5.5
2  897 228 0 0 5.5
2  898 224 0 0 5.5
0

0101000
-2881 0 +2880 0 *
Ve
1e-07
47.774433 76.7825 7.1
0 0

0101101
*
Ed
 1e-07 1 1 0
1  450 0 0 3.130933
2  899 228 0 0 3.130933
2  900 225 0 0 3.130933
0

0101000
-2878 0 +2881 0 *
Ve
1e-07
47.774433 76.7825 1.6
0 0

0101101
*
Ed
 1e-07 1 1 0
1  451 0 0 5.5
2  901 228 0 0 5.5
2  902 226 0 0 5.5
0

0101000
-2878 0 +2876 0 *
Ed
 1e-07 1 1 0
1  452 0 0 3.130933
2  903 228 0 0 3.130933
2  904 227 0 0 3.130933
0

0101000
-2876 0 +2880 0 *
Wi

0101100
-2879 0 -2877 0 +2875 0 +2874 0 *
Fa
0  1e-07 228 0

0111000
+2873 0 *
Ed
 1e-07 1 1 0
1  453 0 0 6.11093299999999
2  905 224 0 0 6.11093299999999
2  906 227 0 0 6.11093299999999
0

0101000
-2880 0 +2890 0 *
Ed
 1e-07 1 1 0
1  454 0 0 6.11093299999999
2  907 224 0 0 6.11093299999999
2  908 225 0 0 6.11093299999999
0

0101000
-2881 0 +2891 0 *
Wi

0101100
-2871 0 -2879 0 +2870 0 +2889 0 *
Fa
0  1e-07 224 0

0111000
+2869 0 *
Ed
 1e-07 1 1 0
1  455 0 0 6.11093299999999
2  909 226 0 0 6.11093299999999
2  910 227 0 0 6.11093299999999
0

0101000
-2876 0 +2886 0 *
Ed
 1e-07 1 1 0
1  456 0 0 6.11093299999999
2  911 226 0 0 6.11093299999999
2  912 225 0 0 6.11093299999999
0

0101000
-2878 0 +2888 0 *
Wi

0101100
-2867 0 -2875 0 +2866 0 +2885 0 *
Fa
0  1e-07 226 0

0111000
+2865 0 *
Wi

0101100
-2884 0 -2867 0 +2874 0 +2871 0 *
Fa
0  1e-07 227 0

0111000
+2863 0 *
Wi

0101100
-2887 0 -2866 0 +2877 0 +2870 0 *
Fa
0  1e-07 225 0

0111000
+2861 0 *
Sh

0101100
-2882 0 +2872 0 -2868 0 +2864 0 -2862 0 +2860 0 *
So

0100000
+2859 0 *
Ve
1e-07
18.09425 54.04825 7.1
0 0

0101101
*
Ve
1e-07
18.09425 54.04825 6.1
0 0

0101101
*
Ed
 1e-07 1 1 0
1  457 0 0 1
2  913 229 0 0 1
2  914 230 0 0 1
0

0101000
-2857 0 +2856 0 *
Ve
1e-07
18.09425 56.537752 7.1
0 0

0101101
*
Ed
 1e-07 1 1 0
1  458 0 0 2.489502
2  915 229 0 0 2.489502
2  916 231 0 0 2.489502
0

0101000
-2854 0 +2857 0 *
Ve
1e-07
18.09425 56.537752 6.1
0 0

0101101
*
Ed
 1e-07 1 1 0
1  459 0 0 1
2  917 229 0 0 1
2  918 232 0 0 1
0

0101000
-2854 0 +2852 0 *
Ed
 1e-07 1 1 0
1  460 0 0 2.489502
2  919 229 0 0 2.489502
2  920 233 0 0 2.489502
0

0101000
-2852 0 +2856 0 *
Wi

0101100
-2855 0 -2853 0 +2851 0 +2850 0 *
Fa
0  1e-07 229 0

0111000
+2849 0 *
Ve
1e-07
19.249433 54.04825 7.1
0 0

0101101
*
Ve
1e-07
19.249433 54.04825 6.1
0 0

0101101
*
Ed
 1e-07 1 1 0
1  461 0 0 1
2  921 234 0 0 1
2  922 230 0 0 1
0

0101000
-2847 0 +2846 0 *
Ve
1e-07
19.249433 56.537752 7.1
0 0

0101101
*
Ed
 1e-07 1 1 0
1  462 0 0 2.489502
2  923 234 0 0 2.489502
2  924 231 0 0 2.489502
0

0101000
-2844 0 +2847 0 *
Ve
1e-07
19.249433 56.537752 6.1
0 0

0101101
*
Ed
 1e-07 1 1 0
1  463 0 0 1
2  925 234 0 0 1
2  926 232 0 0 1
0

0101000
-2844 0 +2842 0 *
Ed
 1e-07 1 1 0
1  464 0 0 2.489502
2  927 234 0 0 2.489502
2  928 233 0 0 2.489502
0

0101000
-2842 0 +2846 0 *
Wi

0101100
-2845 0 -2843 0 +2841 0 +2840 0 *
Fa
0  1e-07 234 0

0111000
+2839 0 *
Ed
 1e-07 1 1 0
1  465 0 0 1.15518299999999
2  929 230 0 0 1.15518299999999
2  930 233 0 0 1.15518299999999
0

0101000
-2846 0 +2856 0 *
Ed
 1e-07 1 1 0
1  466 0 0 1.15518299999999
2  931 230 0 0 1.15518299999999
2  932 231 0 0 1.15518299999999
0

0101000
-2847 0 +2857 0 *
Wi

0101100
-2837 0 -2845 0 +2836 0 +2855 0 *
Fa
0  1e-07 230 0

0111000
+2835 0 *
Ed
 1e-07 1 1 0
1  467 0 0 1.15518299999999
2  933 232 0 0 1.15518299999999
2  934 233 0 0 1.15518299999999
0

0101000
-2842 0 +2852 0 *
Ed
 1e-07 1 1 0
1  468 0 0 1.15518299999999
2  935 232 0 0 1.15518299999999
2  936 231 0 0 1.15518299999999
0

0101000
-2844 0 +2854 0 *
Wi

0101100
-2833 0 -2841 0 +2832 0 +2851 0 *
Fa
0  1e-07 232 0

0111000
+2831 0 *
Wi

0101100
-2850 0 -2833 0 +2840 0 +2837 0 *
Fa
0  1e-07 233 0

0111000
+2829 0 *
Wi

0101100
-2853 0 -2832 0 +2843 0 +2836 0 *
Fa
0  1e-07 231 0

0111000
+2827 0 *
Sh

0101100
-2848 0 +2838 0 -2834 0 +2830 0 -2828 0 +2826 0 *
So

0100000
+2825 0 *
Ve
1e-07
20.18875 17.326567 7.1
0 0

0101101
*
Ve
1e-07
20.18875 17.326567 6.4
0 0

0101101
*
Ed
 1e-07 1 1 0
1  469 0 0 0.7
2  937 235 0 0 0.7
2  938 236 0 0 0.7
0

0101000
-2823 0 +2822 0 *
Ve
1e-07
20.18875 18.48175 7.1
0 0

0101101
*
Ed
 1e-07 1 1 0
1  470 0 0 1.15518300000001
2  939 235 0 0 1.15518300000001
2  940 237 0 0 1.15518300000001
0

0101000
-2820 0 +2823 0 *
Ve
1e-07
20.18875 18.48175 6.4
0 0

0101101
*
Ed
 1e-07 1 1 0
1  471 0 0 0.7
2  941 235 0 0 0.7
2  942 238 0 0 0.7
0

0101000
-2820 0 +2818 0 *
Ed
 1e-07 1 1 0
1  472 0 0 1.15518300000001
2  943 235 0 0 1.15518300000001
2  944 239 0 0 1.15518300000001
0

0101000
-2818 0 +2822 0 *
Wi

0101100
-2821 0 -2819 0 +2817 0 +2816 0 *
Fa
0  1e-07 235 0

0111000
+2815 0 *
Ve
1e-07
22.22925 17.326567 7.1
0 0

0101101
*
Ve
1e-07
22.22925 17.326567 6.4
0 0

0101101
*
Ed
 1e-07 1 1 0
1  473 0 0 0.7
2  945 240 0 0 0.7
2  946 236 0 0 0.7
0

0101000
-2813 0 +2812 0 *
Ve
1e-07
22.22925 18.48175 7.1
0 0

0101101
*
Ed
 1e-07 1 1 0
1  474 0 0 1.15518300000001
2  947 240 0 0 1.15518300000001
2  948 237 0 0 1.15518300000001
0

0101000
-2810 0 +2813 0 *
Ve
1e-07
22.22925 18.48175 6.4
0 0

0101101
*
Ed
 1e-07 1 1 0
1  475 0 0 0.7
2  949 240 0 0 0.7
2  950 238 0 0 0.7
0

0101000
-2810 0 +2808 0 *
Ed
 1e-07 1 1 0
1  476 0 0 1.15518300000001
2  951 240 0 0 1.15518300000001
2  952 239 0 0 1.15518300000001
0

0101000
-2808 0 +2812 0 *
Wi

0101100
-2811 0 -2809 0 +2807 0 +2806 0 *
Fa
0  1e-07 240 0

0111000
+2805 0 *
Ed
 1e-07 1 1 0
1  477 0 0 2.04049999999999
2  953 236 0 0 2.04049999999999
2  954 239 0 0 2.04049999999999
0

0101000
-2812 0 +2822 0 *
Ed
 1e-07 1 1 0
1  478 0 0 2.04049999999999
2  955 236 0 0 2.04049999999999
2  956 237 0 0 2.04049999999999
0

0101000
-2813 0 +2823 0 *
Wi

0101100
-2803 0 -2811 0 +2802 0 +2821 0 *
Fa
0  1e-07 236 0

0111000
+2801 0 *
Ed
 1e-07 1 1 0
1  479 0 0 2.04049999999999
2  957 238 0 0 2.04049999999999
2  958 239 0 0 2.04049999999999
0

0101000
-2808 0 +2818 0 *
Ed
 1e-07 1 1 0
1  480 0 0 2.04049999999999
2  959 238 0 0 2.04049999999999
2  960 237 0 0 2.04049999999999
0

0101000
-2810 0 +2820 0 *
Wi

0101100
-2799 0 -2807 0 +2798 0 +2817 0 *
Fa
0  1e-07 238 0

0111000
+2797 0 *
Wi

0101100
-2816 0 -2799 0 +2806 0 +2803 0 *
Fa
0  1e-07 239 0

0111000
+2795 0 *
Wi

0101100
-2819 0 -2798 0 +2809 0 +2802 0 *
Fa
0  1e-07 237 0

0111000
+2793 0 *
Sh

0101100
-2814 0 +2804 0 -2800 0 +2796 0 -2794 0 +2792 0 *
So

0100000
+2791 0 *
Ve
1e-07
16.818567 57.096248 7.1
0 0

0101101
*
Ve
1e-07
16.818567 57.096248 6.1
0 0

0101101
*
Ed
 1e-07 1 1 0
1  481 0 0 1
2  961 241 0 0 1
2  962 242 0 0 1
0

0101000
-2789 0 +2788 0 *
Ve
1e-07
16.818567 59.58575 7.1
0 0

0101101
*
Ed
 1e-07 1 1 0
1  482 0 0 2.489502
2  963 241 0 0 2.489502
2  964 243 0 0 2.489502
0

0101000
-2786 0 +2789 0 *
Ve
1e-07
16.818567 59.58575 6.1
0 0

0101101
*
Ed
 1e-07 1 1 0
1  483 0 0 1
2  965 241 0 0 1
2  966 244 0 0 1
0

0101000
-2786 0 +2784 0 *
Ed
 1e-07 1 1 0
1  484 0 0 2.489502
2  967 241 0 0 2.489502
2  968 245 0 0 2.489502
0

0101000
-2784 0 +2788 0 *
Wi

0101100
-2787 0 -2785 0 +2783 0 +2782 0 *
Fa
0  1e-07 241 0

0111000
+2781 0 *
Ve
1e-07
17.97375 57.096248 7.1
0 0

0101101
*
Ve
1e-07
17.97375 57.096248 6.1
0 0

0101101
*
Ed
 1e-07 1 1 0
1  485 0 0 1
2  969 246 0 0 1
2  970 242 0 0 1
0

0101000
-2779 0 +2778 0 *
Ve
1e-07
17.97375 59.58575 7.1
0 0

0101101
*
Ed
 1e-07 1 1 0
1  486 0 0 2.489502
2  971 246 0 0 2.489502
2  972 243 0 0 2.489502
0

0101000
-2776 0 +2779 0 *
Ve
1e-07
17.97375 59.58575 6.1
0 0

0101101
*
Ed
 1e-07 1 1 0
1  487 0 0 1
2  973 246 0 0 1
2  974 244 0 0 1
0

0101000
-2776 0 +2774 0 *
Ed
 1e-07 1 1 0
1  488 0 0 2.489502
2  975 246 0 0 2.489502
2  976 245 0 0 2.489502
0

0101000
-2774 0 +2778 0 *
Wi

0101100
-2777 0 -2775 0 +2773 0 +2772 0 *
Fa
0  1e-07 246 0

0111000
+2771 0 *
Ed
 1e-07 1 1 0
1  489 0 0 1.15518299999999
2  977 242 0 0 1.15518299999999
2  978 245 0 0 1.15518299999999
0

0101000
-2778 0 +2788 0 *
Ed
 1e-07 1 1 0
1  490 0 0 1.15518299999999
2  979 242 0 0 1.15518299999999
2  980 243 0 0 1.15518299999999
0

0101000
-2779 0 +2789 0 *
Wi

0101100
-2769 0 -2777 0 +2768 0 +2787 0 *
Fa
0  1e-07 242 0

0111000
+2767 0 *
Ed
 1e-07 1 1 0
1  491 0 0 1.15518299999999
2  981 244 0 0 1.15518299999999
2  982 245 0 0 1.15518299999999
0

0101000
-2774 0 +2784 0 *
Ed
 1e-07 1 1 0
1  492 0 0 1.15518299999999
2  983 244 0 0 1.15518299999999
2  984 243 0 0 1.15518299999999
0

0101000
-2776 0 +2786 0 *
Wi

0101100
-2765 0 -2773 0 +2764 0 +2783 0 *
Fa
0  1e-07 244 0

0111000
+2763 0 *
Wi

0101100
-2782 0 -2765 0 +2772 0 +2769 0 *
Fa
0  1e-07 245 0

0111000
+2761 0 *
Wi

0101100
-2785 0 -2764 0 +2775 0 +2768 0 *
Fa
0  1e-07 243 0

0111000
+2759 0 *
Sh

0101100
-2780 0 +2770 0 -2766 0 +2762 0 -2760 0 +2758 0 *
So

0100000
+2757 0 *
Ve
1e-07
35.92 46.8625 7.1
0 0

0101101
*
Ve
1e-07
35.92 46.8625 6.1
0 0

0101101
*
Ed
 1e-07 1 1 0
1  493 0 0 1
2  985 247 0 0 1
2  986 248 0 0 1
0

0101000
-2755 0 +2754 0 *
Ve
1e-07
35.92 48.536501 7.1
0 0

0101101
*
Ed
 1e-07 1 1 0
1  494 0 0 1.674001
2  987 247 0 0 1.674001
2  988 249 0 0 1.674001
0

0101000
-2752 0 +2755 0 *
Ve
1e-07
35.92 48.536501 6.1
0 0

0101101
*
Ed
 1e-07 1 1 0
1  495 0 0 1
2  989 247 0 0 1
2  990 250 0 0 1
0

0101000
-2752 0 +2750 0 *
Ed
 1e-07 1 1 0
1  496 0 0 1.674001
2  991 247 0 0 1.674001
2  992 251 0 0 1.674001
0

0101000
-2750 0 +2754 0 *
Wi

0101100
-2753 0 -2751 0 +2749 0 +2748 0 *
Fa
0  1e-07 247 0

0111000
+2747 0 *
Ve
1e-07
38.954001 46.8625 7.1
0 0

0101101
*
Ve
1e-07
38.954001 46.8625 6.1
0 0

0101101
*
Ed
 1e-07 1 1 0
1  497 0 0 1
2  993 252 0 0 1
2  994 248 0 0 1
0

0101000
-2745 0 +2744 0 *
Ve
1e-07
38.954001 48.536501 7.1
0 0

0101101
*
Ed
 1e-07 1 1 0
1  498 0 0 1.674001
2  995 252 0 0 1.674001
2  996 249 0 0 1.674001
0

0101000
-2742 0 +2745 0 *
Ve
1e-07
38.954001 48.536501 6.1
0 0

0101101
*
Ed
 1e-07 1 1 0
1  499 0 0 1
2  997 252 0 0 1
2  998 250 0 0 1
0

0101000
-2742 0 +2740 0 *
Ed
 1e-07 1 1 0
1  500 0 0 1.674001
2  999 252 0 0 1.674001
2  1000 251 0 0 1.674001
0

0101000
-2740 0 +2744 0 *
Wi

0101100
-2743 0 -2741 0 +2739 0 +2738 0 *
Fa
0  1e-07 252 0

0111000
+2737 0 *
Ed
 1e-07 1 1 0
1  501 0 0 3.03400100000002
2  1001 248 0 0 3.03400100000002
2  1002 251 0 0 3.03400100000002
0

0101000
-2744 0 +2754 0 *
Ed
 1e-07 1 1 0
1  502 0 0 3.03400100000002
2  1003 248 0 0 3.03400100000002
2  1004 249 0 0 3.03400100000002
0

0101000
-2745 0 +2755 0 *
Wi

0101100
-2735 0 -2743 0 +2734 0 +2753 0 *
Fa
0  1e-07 248 0

0111000
+2733 0 *
Ed
 1e-07 1 1 0
1  503 0 0 3.03400100000002
2  1005 250 0 0 3.03400100000002
2  1006 251 0 0 3.03400100000002
0

0101000
-2740 0 +2750 0 *
Ed
 1e-07 1 1 0
1  504 0 0 3.03400100000002
2  1007 250 0 0 3.03400100000002
2  1008 249 0 0 3.03400100000002
0

0101000
-2742 0 +2752 0 *
Wi

0101100
-2731 0 -2739 0 +2730 0 +2749 0 *
Fa
0  1e-07 250 0

0111000
+2729 0 *
Wi

0101100
-2748 0 -2731 0 +2738 0 +2735 0 *
Fa
0  1e-07 251 0

0111000
+2727 0 *
Wi

0101100
-2751 0 -2730 0 +2741 0 +2734 0 *
Fa
0  1e-07 249 0

0111000
+2725 0 *
Sh

0101100
-2746 0 +2736 0 -2732 0 +2728 0 -2726 0 +2724 0 *
So

0100000
+2723 0 *
Ve
1e-07
33.045248 50.40025 7.1
0 0

0101101
*
Ve
1e-07
33.045248 50.40025 6.1
0 0

0101101
*
Ed
 1e-07 1 1 0
1  505 0 0 1
2  1009 253 0 0 1
2  1010 254 0 0 1
0

0101000
-2721 0 +2720 0 *
Ve
1e-07
33.045248 51.555433 7.1
0 0

0101101
*
Ed
 1e-07 1 1 0
1  506 0 0 1.15518299999999
2  1011 253 0 0 1.15518299999999
2  1012 255 0 0 1.15518299999999
0

0101000
-2718 0 +2721 0 *
Ve
1e-07
33.045248 51.555433 6.1
0 0

0101101
*
Ed
 1e-07 1 1 0
1  507 0 0 1
2  1013 253 0 0 1
2  1014 256 0 0 1
0

0101000
-2718 0 +2716 0 *
Ed
 1e-07 1 1 0
1  508 0 0 1.15518299999999
2  1015 253 0 0 1.15518299999999
2  1016 257 0 0 1.15518299999999
0

0101000
-2716 0 +2720 0 *
Wi

0101100
-2719 0 -2717 0 +2715 0 +2714 0 *
Fa
0  1e-07 253 0

0111000
+2713 0 *
Ve
1e-07
35.53475 50.40025 7.1
0 0

0101101
*
Ve
1e-07
35.53475 50.40025 6.1
0 0

0101101
*
Ed
 1e-07 1 1 0
1  509 0 0 1
2  1017 258 0 0 1
2  1018 254 0 0 1
0

0101000
-2711 0 +2710 0 *
Ve
1e-07
35.53475 51.555433 7.1
0 0

0101101
*
Ed
 1e-07 1 1 0
1  510 0 0 1.15518299999999
2  1019 258 0 0 1.15518299999999
2  1020 255 0 0 1.15518299999999
0

0101000
-2708 0 +2711 0 *
Ve
1e-07
35.53475 51.555433 6.1
0 0

0101101
*
Ed
 1e-07 1 1 0
1  511 0 0 1
2  1021 258 0 0 1
2  1022 256 0 0 1
0

0101000
-2708 0 +2706 0 *
Ed
 1e-07 1 1 0
1  512 0 0 1.15518299999999
2  1023 258 0 0 1.15518299999999
2  1024 257 0 0 1.15518299999999
0

0101000
-2706 0 +2710 0 *
Wi

0101100
-2709 0 -2707 0 +2705 0 +2704 0 *
Fa
0  1e-07 258 0

0111000
+2703 0 *
Ed
 1e-07 1 1 0
1  513 0 0 2.48950200000002
2  1025 254 0 0 2.48950200000002
2  1026 257 0 0 2.48950200000002
0

0101000
-2710 0 +2720 0 *
Ed
 1e-07 1 1 0
1  514 0 0 2.48950200000002
2  1027 254 0 0 2.48950200000002
2  1028 255 0 0 2.48950200000002
0

0101000
-2711 0 +2721 0 *
Wi

0101100
-2701 0 -2709 0 +2700 0 +2719 0 *
Fa
0  1e-07 254 0

0111000
+2699 0 *
Ed
 1e-07 1 1 0
1  515 0 0 2.48950200000002
2  1029 256 0 0 2.48950200000002
2  1030 257 0 0 2.48950200000002
0

0101000
-2706 0 +2716 0 *
Ed
 1e-07 1 1 0
1  516 0 0 2.48950200000002
2  1031 256 0 0 2.48950200000002
2  1032 255 0 0 2.48950200000002
0

0101000
-2708 0 +2718 0 *
Wi

0101100
-2697 0 -2705 0 +2696 0 +2715 0 *
Fa
0  1e-07 256 0

0111000
+2695 0 *
Wi

0101100
-2714 0 -2697 0 +2704 0 +2701 0 *
Fa
0  1e-07 257 0

0111000
+2693 0 *
Wi

0101100
-2717 0 -2696 0 +2707 0 +2700 0 *
Fa
0  1e-07 255 0

0111000
+2691 0 *
Sh

0101100
-2712 0 +2702 0 -2698 0 +2694 0 -2692 0 +2690 0 *
So

0100000
+2689 0 *
Ve
1e-07
35.19375 38.202567 7.1
0 0

0101101
*
Ve
1e-07
35.19375 38.202567 6.1
0 0

0101101
*
Ed
 1e-07 1 1 0
1  517 0 0 1
2  1033 259 0 0 1
2  1034 260 0 0 1
0

0101000
-2687 0 +2686 0 *
Ve
1e-07
35.19375 39.35875 7.1
0 0

0101101
*
Ed
 1e-07 1 1 0
1  518 0 0 1.156183
2  1035 259 0 0 1.156183
2  1036 261 0 0 1.156183
0

0101000
-2684 0 +2687 0 *
Ve
1e-07
35.19375 39.35875 6.1
0 0

0101101
*
Ed
 1e-07 1 1 0
1  519 0 0 1
2  1037 259 0 0 1
2  1038 262 0 0 1
0

0101000
-2684 0 +2682 0 *
Ed
 1e-07 1 1 0
1  520 0 0 1.156183
2  1039 259 0 0 1.156183
2  1040 263 0 0 1.156183
0

0101000
-2682 0 +2686 0 *
Wi

0101100
-2685 0 -2683 0 +2681 0 +2680 0 *
Fa
0  1e-07 259 0

0111000
+2679 0 *
Ve
1e-07
37.09425 38.202567 7.1
0 0

0101101
*
Ve
1e-07
37.09425 38.202567 6.1
0 0

0101101
*
Ed
 1e-07 1 1 0
1  521 0 0 1
2  1041 264 0 0 1
2  1042 260 0 0 1
0

0101000
-2677 0 +2676 0 *
Ve
1e-07
37.09425 39.35875 7.1
0 0

0101101
*
Ed
 1e-07 1 1 0
1  522 0 0 1.156183
2  1043 264 0 0 1.156183
2  1044 261 0 0 1.156183
0

0101000
-2674 0 +2677 0 *
Ve
1e-07
37.09425 39.35875 6.1
0 0

0101101
*
Ed
 1e-07 1 1 0
1  523 0 0 1
2  1045 264 0 0 1
2  1046 262 0 0 1
0

0101000
-2674 0 +2672 0 *
Ed
 1e-07 1 1 0
1  524 0 0 1.156183
2  1047 264 0 0 1.156183
2  1048 263 0 0 1.156183
0

0101000
-2672 0 +2676 0 *
Wi

0101100
-2675 0 -2673 0 +2671 0 +2670 0 *
Fa
0  1e-07 264 0

0111000
+2669 0 *
Ed
 1e-07 1 1 0
1  525 0 0 1.90049999999999
2  1049 260 0 0 1.90049999999999
2  1050 263 0 0 1.90049999999999
0

0101000
-2676 0 +2686 0 *
Ed
 1e-07 1 1 0
1  526 0 0 1.90049999999999
2  1051 260 0 0 1.90049999999999
2  1052 261 0 0 1.90049999999999
0

0101000
-2677 0 +2687 0 *
Wi

0101100
-2667 0 -2675 0 +2666 0 +2685 0 *
Fa
0  1e-07 260 0

0111000
+2665 0 *
Ed
 1e-07 1 1 0
1  527 0 0 1.90049999999999
2  1053 262 0 0 1.90049999999999
2  1054 263 0 0 1.90049999999999
0

0101000
-2672 0 +2682 0 *
Ed
 1e-07 1 1 0
1  528 0 0 1.90049999999999
2  1055 262 0 0 1.90049999999999
2  1056 261 0 0 1.90049999999999
0

0101000
-2674 0 +2684 0 *
Wi

0101100
-2663 0 -2671 0 +2662 0 +2681 0 *
Fa
0  1e-07 262 0

0111000
+2661 0 *
Wi

0101100
-2680 0 -2663 0 +2670 0 +2667 0 *
Fa
0  1e-07 263 0

0111000
+2659 0 *
Wi

0101100
-2683 0 -2662 0 +2673 0 +2666 0 *
Fa
0  1e-07 261 0

0111000
+2657 0 *
Sh

0101100
-2678 0 +2668 0 -2664 0 +2660 0 -2658 0 +2656 0 *
So

0100000
+2655 0 *
Ve
1e-07
41.08125 32.88875 7.1
0 0

0101101
*
Ve
1e-07
41.08125 32.88875 6.4
0 0

0101101
*
Ed
 1e-07 1 1 0
1  529 0 0 0.7
2  1057 265 0 0 0.7
2  1058 266 0 0 0.7
0

0101000
-2653 0 +2652 0 *
Ve
1e-07
41.08125 34.92925 7.1
0 0

0101101
*
Ed
 1e-07 1 1 0
1  530 0 0 2.04049999999999
2  1059 265 0 0 2.04049999999999
2  1060 267 0 0 2.04049999999999
0

0101000
-2650 0 +2653 0 *
Ve
1e-07
41.08125 34.92925 6.4
0 0

0101101
*
Ed
 1e-07 1 1 0
1  531 0 0 0.7
2  1061 265 0 0 0.7
2  1062 268 0 0 0.7
0

0101000
-2650 0 +2648 0 *
Ed
 1e-07 1 1 0
1  532 0 0 2.04049999999999
2  1063 265 0 0 2.04049999999999
2  1064 269 0 0 2.04049999999999
0

0101000
-2648 0 +2652 0 *
Wi

0101100
-2651 0 -2649 0 +2647 0 +2646 0 *
Fa
0  1e-07 265 0

0111000
+2645 0 *
Ve
1e-07
42.236433 32.88875 7.1
0 0

0101101
*
Ve
1e-07
42.236433 32.88875 6.4
0 0

0101101
*
Ed
 1e-07 1 1 0
1  533 0 0 0.7
2  1065 270 0 0 0.7
2  1066 266 0 0 0.7
0

0101000
-2643 0 +2642 0 *
Ve
1e-07
42.236433 34.92925 7.1
0 0

0101101
*
Ed
 1e-07 1 1 0
1  534 0 0 2.04049999999999
2  1067 270 0 0 2.04049999999999
2  1068 267 0 0 2.04049999999999
0

0101000
-2640 0 +2643 0 *
Ve
1e-07
42.236433 34.92925 6.4
0 0

0101101
*
Ed
 1e-07 1 1 0
1  535 0 0 0.7
2  1069 270 0 0 0.7
2  1070 268 0 0 0.7
0

0101000
-2640 0 +2638 0 *
Ed
 1e-07 1 1 0
1  536 0 0 2.04049999999999
2  1071 270 0 0 2.04049999999999
2  1072 269 0 0 2.04049999999999
0

0101000
-2638 0 +2642 0 *
Wi

0101100
-2641 0 -2639 0 +2637 0 +2636 0 *
Fa
0  1e-07 270 0

0111000
+2635 0 *
Ed
 1e-07 1 1 0
1  537 0 0 1.15518299999999
2  1073 266 0 0 1.15518299999999
2  1074 269 0 0 1.15518299999999
0

0101000
-2642 0 +2652 0 *
Ed
 1e-07 1 1 0
1  538 0 0 1.15518299999999
2  1075 266 0 0 1.15518299999999
2  1076 267 0 0 1.15518299999999
0

0101000
-2643 0 +2653 0 *
Wi

0101100
-2633 0 -2641 0 +2632 0 +2651 0 *
Fa
0  1e-07 266 0

0111000
+2631 0 *
Ed
 1e-07 1 1 0
1  539 0 0 1.15518299999999
2  1077 268 0 0 1.15518299999999
2  1078 269 0 0 1.15518299999999
0

0101000
-2638 0 +2648 0 *
Ed
 1e-07 1 1 0
1  540 0 0 1.15518299999999
2  1079 268 0 0 1.15518299999999
2  1080 267 0 0 1.15518299999999
0

0101000
-2640 0 +2650 0 *
Wi

0101100
-2629 0 -2637 0 +2628 0 +2647 0 *
Fa
0  1e-07 268 0

0111000
+2627 0 *
Wi

0101100
-2646 0 -2629 0 +2636 0 +2633 0 *
Fa
0  1e-07 269 0

0111000
+2625 0 *
Wi

0101100
-2649 0 -2628 0 +2639 0 +2632 0 *
Fa
0  1e-07 267 0

0111000
+2623 0 *
Sh

0101100
-2644 0 +2634 0 -2630 0 +2626 0 -2624 0 +2622 0 *
So

0100000
+2621 0 *
Ve
1e-07
38.26725 38.20725 7.1
0 0

0101101
*
Ve
1e-07
38.26725 38.20725 6.1
0 0

0101101
*
Ed
 1e-07 1 1 0
1  541 0 0 1
2  1081 271 0 0 1
2  1082 272 0 0 1
0

0101000
-2619 0 +2618 0 *
Ve
1e-07
38.26725 39.363433 7.1
0 0

0101101
*
Ed
 1e-07 1 1 0
1  542 0 0 1.156183
2  1083 271 0 0 1.156183
2  1084 273 0 0 1.156183
0

0101000
-2616 0 +2619 0 *
Ve
1e-07
38.26725 39.363433 6.1
0 0

0101101
*
Ed
 1e-07 1 1 0
1  543 0 0 1
2  1085 271 0 0 1
2  1086 274 0 0 1
0

0101000
-2616 0 +2614 0 *
Ed
 1e-07 1 1 0
1  544 0 0 1.156183
2  1087 271 0 0 1.156183
2  1088 275 0 0 1.156183
0

0101000
-2614 0 +2618 0 *
Wi

0101100
-2617 0 -2615 0 +2613 0 +2612 0 *
Fa
0  1e-07 271 0

0111000
+2611 0 *
Ve
1e-07
40.16775 38.20725 7.1
0 0

0101101
*
Ve
1e-07
40.16775 38.20725 6.1
0 0

0101101
*
Ed
 1e-07 1 1 0
1  545 0 0 1
2  1089 276 0 0 1
2  1090 272 0 0 1
0

0101000
-2609 0 +2608 0 *
Ve
1e-07
40.16775 39.363433 7.1
0 0

0101101
*
Ed
 1e-07 1 1 0
1  546 0 0 1.156183
2  1091 276 0 0 1.156183
2  1092 273 0 0 1.156183
0

0101000
-2606 0 +2609 0 *
Ve
1e-07
40.16775 39.363433 6.1
0 0

0101101
*
Ed
 1e-07 1 1 0
1  547 0 0 1
2  1093 276 0 0 1
2  1094 274 0 0 1
0

0101000
-2606 0 +2604 0 *
Ed
 1e-07 1 1 0
1  548 0 0 1.156183
2  1095 276 0 0 1.156183
2  1096 275 0 0 1.156183
0

0101000
-2604 0 +2608 0 *
Wi

0101100
-2607 0 -2605 0 +2603 0 +2602 0 *
Fa
0  1e-07 276 0

0111000
+2601 0 *
Ed
 1e-07 1 1 0
1  549 0 0 1.90050000000002
2  1097 272 0 0 1.90050000000002
2  1098 275 0 0 1.90050000000002
0

0101000
-2608 0 +2618 0 *
Ed
 1e-07 1 1 0
1  550 0 0 1.90050000000002
2  1099 272 0 0 1.90050000000002
2  1100 273 0 0 1.90050000000002
0

0101000
-2609 0 +2619 0 *
Wi

0101100
-2599 0 -2607 0 +2598 0 +2617 0 *
Fa
0  1e-07 272 0

0111000
+2597 0 *
Ed
 1e-07 1 1 0
1  551 0 0 1.90050000000002
2  1101 274 0 0 1.90050000000002
2  1102 275 0 0 1.90050000000002
0

0101000
-2604 0 +2614 0 *
Ed
 1e-07 1 1 0
1  552 0 0 1.90050000000002
2  1103 274 0 0 1.90050000000002
2  1104 273 0 0 1.90050000000002
0

0101000
-2606 0 +2616 0 *
Wi

0101100
-2595 0 -2603 0 +2594 0 +2613 0 *
Fa
0  1e-07 274 0

0111000
+2593 0 *
Wi

0101100
-2612 0 -2595 0 +2602 0 +2599 0 *
Fa
0  1e-07 275 0

0111000
+2591 0 *
Wi

0101100
-2615 0 -2594 0 +2605 0 +2598 0 *
Fa
0  1e-07 273 0

0111000
+2589 0 *
Sh

0101100
-2610 0 +2600 0 -2596 0 +2592 0 -2590 0 +2588 0 *
So

0100000
+2587 0 *
Ve
1e-07
46.409567 70.685248 7.1
0 0

0101101
*
Ve
1e-07
46.409567 70.685248 6.1
0 0

0101101
*
Ed
 1e-07 1 1 0
1  553 0 0 1
2  1105 277 0 0 1
2  1106 278 0 0 1
0

0101000
-2585 0 +2584 0 *
Ve
1e-07
46.409567 73.17475 7.1
0 0

0101101
*
Ed
 1e-07 1 1 0
1  554 0 0 2.489502
2  1107 277 0 0 2.489502
2  1108 279 0 0 2.489502
0

0101000
-2582 0 +2585 0 *
Ve
1e-07
46.409567 73.17475 6.1
0 0

0101101
*
Ed
 1e-07 1 1 0
1  555 0 0 1
2  1109 277 0 0 1
2  1110 280 0 0 1
0

0101000
-2582 0 +2580 0 *
Ed
 1e-07 1 1 0
1  556 0 0 2.489502
2  1111 277 0 0 2.489502
2  1112 281 0 0 2.489502
0

0101000
-2580 0 +2584 0 *
Wi

0101100
-2583 0 -2581 0 +2579 0 +2578 0 *
Fa
0  1e-07 277 0

0111000
+2577 0 *
Ve
1e-07
47.56475 70.685248 7.1
0 0

0101101
*
Ve
1e-07
47.56475 70.685248 6.1
0 0

0101101
*
Ed
 1e-07 1 1 0
1  557 0 0 1
2  1113 282 0 0 1
2  1114 278 0 0 1
0

0101000
-2575 0 +2574 0 *
Ve
1e-07
47.56475 73.17475 7.1
0 0

0101101
*
Ed
 1e-07 1 1 0
1  558 0 0 2.489502
2  1115 282 0 0 2.489502
2  1116 279 0 0 2.489502
0

0101000
-2572 0 +2575 0 *
Ve
1e-07
47.56475 73.17475 6.1
0 0

0101101
*
Ed
 1e-07 1 1 0
1  559 0 0 1
2  1117 282 0 0 1
2  1118 280 0 0 1
0

0101000
-2572 0 +2570 0 *
Ed
 1e-07 1 1 0
1  560 0 0 2.489502
2  1119 282 0 0 2.489502
2  1120 281 0 0 2.489502
0

0101000
-2570 0 +2574 0 *
Wi

0101100
-2573 0 -2571 0 +2569 0 +2568 0 *
Fa
0  1e-07 282 0

0111000
+2567 0 *
Ed
 1e-07 1 1 0
1  561 0 0 1.15518299999999
2  1121 278 0 0 1.15518299999999
2  1122 281 0 0 1.15518299999999
0

0101000
-2574 0 +2584 0 *
Ed
 1e-07 1 1 0
1  562 0 0 1.15518299999999
2  1123 278 0 0 1.15518299999999
2  1124 279 0 0 1.15518299999999
0

0101000
-2575 0 +2585 0 *
Wi

0101100
-2565 0 -2573 0 +2564 0 +2583 0 *
Fa
0  1e-07 278 0

0111000
+2563 0 *
Ed
 1e-07 1 1 0
1  563 0 0 1.15518299999999
2  1125 280 0 0 1.15518299999999
2  1126 281 0 0 1.15518299999999
0

0101000
-2570 0 +2580 0 *
Ed
 1e-07 1 1 0
1  564 0 0 1.15518299999999
2  1127 280 0 0 1.15518299999999
2  1128 279 0 0 1.15518299999999
0

0101000
-2572 0 +2582 0 *
Wi

0101100
-2561 0 -2569 0 +2560 0 +2579 0 *
Fa
0  1e-07 280 0

0111000
+2559 0 *
Wi

0101100
-2578 0 -2561 0 +2568 0 +2565 0 *
Fa
0  1e-07 281 0

0111000
+2557 0 *
Wi

0101100
-2581 0 -2560 0 +2571 0 +2564 0 *
Fa
0  1e-07 279 0

0111000
+2555 0 *
Sh

0101100
-2576 0 +2566 0 -2562 0 +2558 0 -2556 0 +2554 0 *
So

0100000
+2553 0 *
Ve
1e-07
31.375999 56.741999 7.1
0 0

0101101
*
Ve
1e-07
31.375999 56.741999 6.1
0 0

0101101
*
Ed
 1e-07 1 1 0
1  565 0 0 1
2  1129 283 0 0 1
2  1130 284 0 0 1
0

0101000
-2551 0 +2550 0 *
Ve
1e-07
31.375999 58.416 7.1
0 0

0101101
*
Ed
 1e-07 1 1 0
1  566 0 0 1.67400099999999
2  1131 283 0 0 1.67400099999999
2  1132 285 0 0 1.67400099999999
0

0101000
-2548 0 +2551 0 *
Ve
1e-07
31.375999 58.416 6.1
0 0

0101101
*
Ed
 1e-07 1 1 0
1  567 0 0 1
2  1133 283 0 0 1
2  1134 286 0 0 1
0

0101000
-2548 0 +2546 0 *
Ed
 1e-07 1 1 0
1  568 0 0 1.67400099999999
2  1135 283 0 0 1.67400099999999
2  1136 287 0 0 1.67400099999999
0

0101000
-2546 0 +2550 0 *
Wi

0101100
-2549 0 -2547 0 +2545 0 +2544 0 *
Fa
0  1e-07 283 0

0111000
+2543 0 *
Ve
1e-07
34.41 56.741999 7.1
0 0

0101101
*
Ve
1e-07
34.41 56.741999 6.1
0 0

0101101
*
Ed
 1e-07 1 1 0
1  569 0 0 1
2  1137 288 0 0 1
2  1138 284 0 0 1
0

0101000
-2541 0 +2540 0 *
Ve
1e-07
34.41 58.416 7.1
0 0

0101101
*
Ed
 1e-07 1 1 0
1  570 0 0 1.67400099999999
2  1139 288 0 0 1.67400099999999
2  1140 285 0 0 1.67400099999999
0

0101000
-2538 0 +2541 0 *
Ve
1e-07
34.41 58.416 6.1
0 0

0101101
*
Ed
 1e-07 1 1 0
1  571 0 0 1
2  1141 288 0 0 1
2  1142 286 0 0 1
0

0101000
-2538 0 +2536 0 *
Ed
 1e-07 1 1 0
1  572 0 0 1.67400099999999
2  1143 288 0 0 1.67400099999999
2  1144 287 0 0 1.67400099999999
0

0101000
-2536 0 +2540 0 *
Wi

0101100
-2539 0 -2537 0 +2535 0 +2534 0 *
Fa
0  1e-07 288 0

0111000
+2533 0 *
Ed
 1e-07 1 1 0
1  573 0 0 3.03400099999999
2  1145 284 0 0 3.03400099999999
2  1146 287 0 0 3.03400099999999
0

0101000
-2540 0 +2550 0 *
Ed
 1e-07 1 1 0
1  574 0 0 3.03400099999999
2  1147 284 0 0 3.03400099999999
2  1148 285 0 0 3.03400099999999
0

0101000
-2541 0 +2551 0 *
Wi

0101100
-2531 0 -2539 0 +2530 0 +2549 0 *
Fa
0  1e-07 284 0

0111000
+2529 0 *
Ed
 1e-07 1 1 0
1  575 0 0 3.03400099999999
2  1149 286 0 0 3.03400099999999
2  1150 287 0 0 3.03400099999999
0

0101000
-2536 0 +2546 0 *
Ed
 1e-07 1 1 0
1  576 0 0 3.03400099999999
2  1151 286 0 0 3.03400099999999
2  1152 285 0 0 3.03400099999999
0

0101000
-2538 0 +2548 0 *
Wi

0101100
-2527 0 -2535 0 +2526 0 +2545 0 *
Fa
0  1e-07 286 0

0111000
+2525 0 *
Wi

0101100
-2544 0 -2527 0 +2534 0 +2531 0 *
Fa
0  1e-07 287 0

0111000
+2523 0 *
Wi

0101100
-2547 0 -2526 0 +2537 0 +2530 0 *
Fa
0  1e-07 285 0

0111000
+2521 0 *
Sh

0101100
-2542 0 +2532 0 -2528 0 +2524 0 -2522 0 +2520 0 *
So

0100000
+2519 0 *
Ve
1e-07
47.679567 70.685248 7.1
0 0

0101101
*
Ve
1e-07
47.679567 70.685248 6.1
0 0

0101101
*
Ed
 1e-07 1 1 0
1  577 0 0 1
2  1153 289 0 0 1
2  1154 290 0 0 1
0

0101000
-2517 0 +2516 0 *
Ve
1e-07
47.679567 73.17475 7.1
0 0

0101101
*
Ed
 1e-07 1 1 0
1  578 0 0 2.489502
2  1155 289 0 0 2.489502
2  1156 291 0 0 2.489502
0

0101000
-2514 0 +2517 0 *
Ve
1e-07
47.679567 73.17475 6.1
0 0

0101101
*
Ed
 1e-07 1 1 0
1  579 0 0 1
2  1157 289 0 0 1
2  1158 292 0 0 1
0

0101000
-2514 0 +2512 0 *
Ed
 1e-07 1 1 0
1  580 0 0 2.489502
2  1159 289 0 0 2.489502
2  1160 293 0 0 2.489502
0

0101000
-2512 0 +2516 0 *
Wi

0101100
-2515 0 -2513 0 +2511 0 +2510 0 *
Fa
0  1e-07 289 0

0111000
+2509 0 *
Ve
1e-07
48.83475 70.685248 7.1
0 0

0101101
*
Ve
1e-07
48.83475 70.685248 6.1
0 0

0101101
*
Ed
 1e-07 1 1 0
1  581 0 0 1
2  1161 294 0 0 1
2  1162 290 0 0 1
0

0101000
-2507 0 +2506 0 *
Ve
1e-07
48.83475 73.17475 7.1
0 0

0101101
*
Ed
 1e-07 1 1 0
1  582 0 0 2.489502
2  1163 294 0 0 2.489502
2  1164 291 0 0 2.489502
0

0101000
-2504 0 +2507 0 *
Ve
1e-07
48.83475 73.17475 6.1
0 0

0101101
*
Ed
 1e-07 1 1 0
1  583 0 0 1
2  1165 294 0 0 1
2  1166 292 0 0 1
0

0101000
-2504 0 +2502 0 *
Ed
 1e-07 1 1 0
1  584 0 0 2.489502
2  1167 294 0 0 2.489502
2  1168 293 0 0 2.489502
0

0101000
-2502 0 +2506 0 *
Wi

0101100
-2505 0 -2503 0 +2501 0 +2500 0 *
Fa
0  1e-07 294 0

0111000
+2499 0 *
Ed
 1e-07 1 1 0
1  585 0 0 1.15518300000002
2  1169 290 0 0 1.15518300000002
2  1170 293 0 0 1.15518300000002
0

0101000
-2506 0 +2516 0 *
Ed
 1e-07 1 1 0
1  586 0 0 1.15518300000002
2  1171 290 0 0 1.15518300000002
2  1172 291 0 0 1.15518300000002
0

0101000
-2507 0 +2517 0 *
Wi

0101100
-2497 0 -2505 0 +2496 0 +2515 0 *
Fa
0  1e-07 290 0

0111000
+2495 0 *
Ed
 1e-07 1 1 0
1  587 0 0 1.15518300000002
2  1173 292 0 0 1.15518300000002
2  1174 293 0 0 1.15518300000002
0

0101000
-2502 0 +2512 0 *
Ed
 1e-07 1 1 0
1  588 0 0 1.15518300000002
2  1175 292 0 0 1.15518300000002
2  1176 291 0 0 1.15518300000002
0

0101000
-2504 0 +2514 0 *
Wi

0101100
-2493 0 -2501 0 +2492 0 +2511 0 *
Fa
0  1e-07 292 0

0111000
+2491 0 *
Wi

0101100
-2510 0 -2493 0 +2500 0 +2497 0 *
Fa
0  1e-07 293 0

0111000
+2489 0 *
Wi

0101100
-2513 0 -2492 0 +2503 0 +2496 0 *
Fa
0  1e-07 291 0

0111000
+2487 0 *
Sh

0101100
-2508 0 +2498 0 -2494 0 +2490 0 -2488 0 +2486 0 *
So

0100000
+2485 0 *
Ve
1e-07
32.838 51.8 7.1
0 0

0101101
*
Ve
1e-07
32.838 51.8 5.8
0 0

0101101
*
Ed
 1e-07 1 1 0
1  589 0 0 1.3
2  1177 295 0 0 1.3
2  1178 296 0 0 1.3
0

0101000
-2483 0 +2482 0 *
Ve
1e-07
32.838 55.5325 7.1
0 0

0101101
*
Ed
 1e-07 1 1 0
1  590 0 0 3.7325
2  1179 295 0 0 3.7325
2  1180 297 0 0 3.7325
0

0101000
-2480 0 +2483 0 *
Ve
1e-07
32.838 55.5325 5.8
0 0

0101101
*
Ed
 1e-07 1 1 0
1  591 0 0 1.3
2  1181 295 0 0 1.3
2  1182 298 0 0 1.3
0

0101000
-2480 0 +2478 0 *
Ed
 1e-07 1 1 0
1  592 0 0 3.7325
2  1183 295 0 0 3.7325
2  1184 299 0 0 3.7325
0

0101000
-2478 0 +2482 0 *
Wi

0101100
-2481 0 -2479 0 +2477 0 +2476 0 *
Fa
0  1e-07 295 0

0111000
+2475 0 *
Ve
1e-07
36.758 51.8 7.1
0 0

0101101
*
Ve
1e-07
36.758 51.8 5.8
0 0

0101101
*
Ed
 1e-07 1 1 0
1  593 0 0 1.3
2  1185 300 0 0 1.3
2  1186 296 0 0 1.3
0

0101000
-2473 0 +2472 0 *
Ve
1e-07
36.758 55.5325 7.1
0 0

0101101
*
Ed
 1e-07 1 1 0
1  594 0 0 3.7325
2  1187 300 0 0 3.7325
2  1188 297 0 0 3.7325
0

0101000
-2470 0 +2473 0 *
Ve
1e-07
36.758 55.5325 5.8
0 0

0101101
*
Ed
 1e-07 1 1 0
1  595 0 0 1.3
2  1189 300 0 0 1.3
2  1190 298 0 0 1.3
0

0101000
-2470 0 +2468 0 *
Ed
 1e-07 1 1 0
1  596 0 0 3.7325
2  1191 300 0 0 3.7325
2  1192 299 0 0 3.7325
0

0101000
-2468 0 +2472 0 *
Wi

0101100
-2471 0 -2469 0 +2467 0 +2466 0 *
Fa
0  1e-07 300 0

0111000
+2465 0 *
Ed
 1e-07 1 1 0
1  597 0 0 3.92000000000002
2  1193 296 0 0 3.92000000000002
2  1194 299 0 0 3.92000000000002
0

0101000
-2472 0 +2482 0 *
Ed
 1e-07 1 1 0
1  598 0 0 3.92000000000002
2  1195 296 0 0 3.92000000000002
2  1196 297 0 0 3.92000000000002
0

0101000
-2473 0 +2483 0 *
Wi

0101100
-2463 0 -2471 0 +2462 0 +2481 0 *
Fa
0  1e-07 296 0

0111000
+2461 0 *
Ed
 1e-07 1 1 0
1  599 0 0 3.92000000000002
2  1197 298 0 0 3.92000000000002
2  1198 299 0 0 3.92000000000002
0

0101000
-2468 0 +2478 0 *
Ed
 1e-07 1 1 0
1  600 0 0 3.92000000000002
2  1199 298 0 0 3.92000000000002
2  1200 297 0 0 3.92000000000002
0

0101000
-2470 0 +2480 0 *
Wi

0101100
-2459 0 -2467 0 +2458 0 +2477 0 *
Fa
0  1e-07 298 0

0111000
+2457 0 *
Wi

0101100
-2476 0 -2459 0 +2466 0 +2463 0 *
Fa
0  1e-07 299 0

0111000
+2455 0 *
Wi

0101100
-2479 0 -2458 0 +2469 0 +2462 0 *
Fa
0  1e-07 297 0

0111000
+2453 0 *
Sh

0101100
-2474 0 +2464 0 -2460 0 +2456 0 -2454 0 +2452 0 *
So

0100000
+2451 0 *
Ve
1e-07
6.97475 27.08475 7.1
0 0

0101101
*
Ve
1e-07
6.97475 27.08475 6.1
0 0

0101101
*
Ed
 1e-07 1 1 0
1  601 0 0 1
2  1201 301 0 0 1
2  1202 302 0 0 1
0

0101000
-2449 0 +2448 0 *
Ve
1e-07
6.97475 28.240933 7.1
0 0

0101101
*
Ed
 1e-07 1 1 0
1  602 0 0 1.156183
2  1203 301 0 0 1.156183
2  1204 303 0 0 1.156183
0

0101000
-2446 0 +2449 0 *
Ve
1e-07
6.97475 28.240933 6.1
0 0

0101101
*
Ed
 1e-07 1 1 0
1  603 0 0 1
2  1205 301 0 0 1
2  1206 304 0 0 1
0

0101000
-2446 0 +2444 0 *
Ed
 1e-07 1 1 0
1  604 0 0 1.156183
2  1207 301 0 0 1.156183
2  1208 305 0 0 1.156183
0

0101000
-2444 0 +2448 0 *
Wi

0101100
-2447 0 -2445 0 +2443 0 +2442 0 *
Fa
0  1e-07 301 0

0111000
+2441 0 *
Ve
1e-07
8.87524999999999 27.08475 7.1
0 0

0101101
*
Ve
1e-07
8.87524999999999 27.08475 6.1
0 0

0101101
*
Ed
 1e-07 1 1 0
1  605 0 0 1
2  1209 306 0 0 1
2  1210 302 0 0 1
0

0101000
-2439 0 +2438 0 *
Ve
1e-07
8.87524999999999 28.240933 7.1
0 0

0101101
*
Ed
 1e-07 1 1 0
1  606 0 0 1.156183
2  1211 306 0 0 1.156183
2  1212 303 0 0 1.156183
0

0101000
-2436 0 +2439 0 *
Ve
1e-07
8.87524999999999 28.240933 6.1
0 0

0101101
*
Ed
 1e-07 1 1 0
1  607 0 0 1
2  1213 306 0 0 1
2  1214 304 0 0 1
0

0101000
-2436 0 +2434 0 *
Ed
 1e-07 1 1 0
1  608 0 0 1.156183
2  1215 306 0 0 1.156183
2  1216 305 0 0 1.156183
0

0101000
-2434 0 +2438 0 *
Wi

0101100
-2437 0 -2435 0 +2433 0 +2432 0 *
Fa
0  1e-07 306 0

0111000
+2431 0 *
Ed
 1e-07 1 1 0
1  609 0 0 1.90049999999999
2  1217 302 0 0 1.90049999999999
2  1218 305 0 0 1.90049999999999
0

0101000
-2438 0 +2448 0 *
Ed
 1e-07 1 1 0
1  610 0 0 1.90049999999999
2  1219 302 0 0 1.90049999999999
2  1220 303 0 0 1.90049999999999
0

0101000
-2439 0 +2449 0 *
Wi

0101100
-2429 0 -2437 0 +2428 0 +2447 0 *
Fa
0  1e-07 302 0

0111000
+2427 0 *
Ed
 1e-07 1 1 0
1  611 0 0 1.90049999999999
2  1221 304 0 0 1.90049999999999
2  1222 305 0 0 1.90049999999999
0

0101000
-2434 0 +2444 0 *
Ed
 1e-07 1 1 0
1  612 0 0 1.90049999999999
2  1223 304 0 0 1.90049999999999
2  1224 303 0 0 1.90049999999999
0

0101000
-2436 0 +2446 0 *
Wi

0101100
-2425 0 -2433 0 +2424 0 +2443 0 *
Fa
0  1e-07 304 0

0111000
+2423 0 *
Wi

0101100
-2442 0 -2425 0 +2432 0 +2429 0 *
Fa
0  1e-07 305 0

0111000
+2421 0 *
Wi

0101100
-2445 0 -2424 0 +2435 0 +2428 0 *
Fa
0  1e-07 303 0

0111000
+2419 0 *
Sh

0101100
-2440 0 +2430 0 -2426 0 +2422 0 -2420 0 +2418 0 *
So

0100000
+2417 0 *
Ve
1e-07
34.19925 63.28625 7.1
0 0

0101101
*
Ve
1e-07
34.19925 63.28625 6.1
0 0

0101101
*
Ed
 1e-07 1 1 0
1  613 0 0 1
2  1225 307 0 0 1
2  1226 308 0 0 1
0

0101000
-2415 0 +2414 0 *
Ve
1e-07
34.19925 67.36575 7.1
0 0

0101101
*
Ed
 1e-07 1 1 0
1  614 0 0 4.07950000000001
2  1227 307 0 0 4.07950000000001
2  1228 309 0 0 4.07950000000001
0

0101000
-2412 0 +2415 0 *
Ve
1e-07
34.19925 67.36575 6.1
0 0

0101101
*
Ed
 1e-07 1 1 0
1  615 0 0 1
2  1229 307 0 0 1
2  1230 310 0 0 1
0

0101000
-2412 0 +2410 0 *
Ed
 1e-07 1 1 0
1  616 0 0 4.07950000000001
2  1231 307 0 0 4.07950000000001
2  1232 311 0 0 4.07950000000001
0

0101000
-2410 0 +2414 0 *
Wi

0101100
-2413 0 -2411 0 +2409 0 +2408 0 *
Fa
0  1e-07 307 0

0111000
+2407 0 *
Ve
1e-07
36.15875 63.28625 7.1
0 0

0101101
*
Ve
1e-07
36.15875 63.28625 6.1
0 0

0101101
*
Ed
 1e-07 1 1 0
1  617 0 0 1
2  1233 312 0 0 1
2  1234 308 0 0 1
0

0101000
-2405 0 +2404 0 *
Ve
1e-07
36.15875 67.36575 7.1
0 0

0101101
*
Ed
 1e-07 1 1 0
1  618 0 0 4.07950000000001
2  1235 312 0 0 4.07950000000001
2  1236 309 0 0 4.07950000000001
0

0101000
-2402 0 +2405 0 *
Ve
1e-07
36.15875 67.36575 6.1
0 0

0101101
*
Ed
 1e-07 1 1 0
1  619 0 0 1
2  1237 312 0 0 1
2  1238 310 0 0 1
0

0101000
-2402 0 +2400 0 *
Ed
 1e-07 1 1 0
1  620 0 0 4.07950000000001
2  1239 312 0 0 4.07950000000001
2  1240 311 0 0 4.07950000000001
0

0101000
-2400 0 +2404 0 *
Wi

0101100
-2403 0 -2401 0 +2399 0 +2398 0 *
Fa
0  1e-07 312 0

0111000
+2397 0 *
Ed
 1e-07 1 1 0
1  621 0 0 1.95949999999999
2  1241 308 0 0 1.95949999999999
2  1242 311 0 0 1.95949999999999
0

0101000
-2404 0 +2414 0 *
Ed
 1e-07 1 1 0
1  622 0 0 1.95949999999999
2  1243 308 0 0 1.95949999999999
2  1244 309 0 0 1.95949999999999
0

0101000
-2405 0 +2415 0 *
Wi

0101100
-2395 0 -2403 0 +2394 0 +2413 0 *
Fa
0  1e-07 308 0

0111000
+2393 0 *
Ed
 1e-07 1 1 0
1  623 0 0 1.95949999999999
2  1245 310 0 0 1.95949999999999
2  1246 311 0 0 1.95949999999999
0

0101000
-2400 0 +2410 0 *
Ed
 1e-07 1 1 0
1  624 0 0 1.95949999999999
2  1247 310 0 0 1.95949999999999
2  1248 309 0 0 1.95949999999999
0

0101000
-2402 0 +2412 0 *
Wi

0101100
-2391 0 -2399 0 +2390 0 +2409 0 *
Fa
0  1e-07 310 0

0111000
+2389 0 *
Wi

0101100
-2408 0 -2391 0 +2398 0 +2395 0 *
Fa
0  1e-07 311 0

0111000
+2387 0 *
Wi

0101100
-2411 0 -2390 0 +2401 0 +2394 0 *
Fa
0  1e-07 309 0

0111000
+2385 0 *
Sh

0101100
-2406 0 +2396 0 -2392 0 +2388 0 -2386 0 +2384 0 *
So

0100000
+2383 0 *
Ve
1e-07
16.789248 59.79825 7.1
0 0

0101101
*
Ve
1e-07
16.789248 59.79825 6.1
0 0

0101101
*
Ed
 1e-07 1 1 0
1  625 0 0 1
2  1249 313 0 0 1
2  1250 314 0 0 1
0

0101000
-2381 0 +2380 0 *
Ve
1e-07
16.789248 60.953433 7.1
0 0

0101101
*
Ed
 1e-07 1 1 0
1  626 0 0 1.15518300000001
2  1251 313 0 0 1.15518300000001
2  1252 315 0 0 1.15518300000001
0

0101000
-2378 0 +2381 0 *
Ve
1e-07
16.789248 60.953433 6.1
0 0

0101101
*
Ed
 1e-07 1 1 0
1  627 0 0 1
2  1253 313 0 0 1
2  1254 316 0 0 1
0

0101000
-2378 0 +2376 0 *
Ed
 1e-07 1 1 0
1  628 0 0 1.15518300000001
2  1255 313 0 0 1.15518300000001
2  1256 317 0 0 1.15518300000001
0

0101000
-2376 0 +2380 0 *
Wi

0101100
-2379 0 -2377 0 +2375 0 +2374 0 *
Fa
0  1e-07 313 0

0111000
+2373 0 *
Ve
1e-07
19.27875 59.79825 7.1
0 0

0101101
*
Ve
1e-07
19.27875 59.79825 6.1
0 0

0101101
*
Ed
 1e-07 1 1 0
1  629 0 0 1
2  1257 318 0 0 1
2  1258 314 0 0 1
0

0101000
-2371 0 +2370 0 *
Ve
1e-07
19.27875 60.953433 7.1
0 0

0101101
*
Ed
 1e-07 1 1 0
1  630 0 0 1.15518300000001
2  1259 318 0 0 1.15518300000001
2  1260 315 0 0 1.15518300000001
0

0101000
-2368 0 +2371 0 *
Ve
1e-07
19.27875 60.953433 6.1
0 0

0101101
*
Ed
 1e-07 1 1 0
1  631 0 0 1
2  1261 318 0 0 1
2  1262 316 0 0 1
0

0101000
-2368 0 +2366 0 *
Ed
 1e-07 1 1 0
1  632 0 0 1.15518300000001
2  1263 318 0 0 1.15518300000001
2  1264 317 0 0 1.15518300000001
0

0101000
-2366 0 +2370 0 *
Wi

0101100
-2369 0 -2367 0 +2365 0 +2364 0 *
Fa
0  1e-07 318 0

0111000
+2363 0 *
Ed
 1e-07 1 1 0
1  633 0 0 2.489502
2  1265 314 0 0 2.489502
2  1266 317 0 0 2.489502
0

0101000
-2370 0 +2380 0 *
Ed
 1e-07 1 1 0
1  634 0 0 2.489502
2  1267 314 0 0 2.489502
2  1268 315 0 0 2.489502
0

0101000
-2371 0 +2381 0 *
Wi

0101100
-2361 0 -2369 0 +2360 0 +2379 0 *
Fa
0  1e-07 314 0

0111000
+2359 0 *
Ed
 1e-07 1 1 0
1  635 0 0 2.489502
2  1269 316 0 0 2.489502
2  1270 317 0 0 2.489502
0

0101000
-2366 0 +2376 0 *
Ed
 1e-07 1 1 0
1  636 0 0 2.489502
2  1271 316 0 0 2.489502
2  1272 315 0 0 2.489502
0

0101000
-2368 0 +2378 0 *
Wi

0101100
-2357 0 -2365 0 +2356 0 +2375 0 *
Fa
0  1e-07 316 0

0111000
+2355 0 *
Wi

0101100
-2374 0 -2357 0 +2364 0 +2361 0 *
Fa
0  1e-07 317 0

0111000
+2353 0 *
Wi

0101100
-2377 0 -2356 0 +2367 0 +2360 0 *
Fa
0  1e-07 315 0

0111000
+2351 0 *
Sh

0101100
-2372 0 +2362 0 -2358 0 +2354 0 -2352 0 +2350 0 *
So

0100000
+2349 0 *
Ve
1e-07
4.50725 48.45225 7.1
0 0

0101101
*
Ve
1e-07
4.50725 48.45225 5.8
0 0

0101101
*
Ed
 1e-07 1 1 0
1  637 0 0 1.3
2  1273 319 0 0 1.3
2  1274 320 0 0 1.3
0

0101000
-2347 0 +2346 0 *
Ve
1e-07
4.50725 52.89025 7.1
0 0

0101101
*
Ed
 1e-07 1 1 0
1  638 0 0 4.43799999999999
2  1275 319 0 0 4.43799999999999
2  1276 321 0 0 4.43799999999999
0

0101000
-2344 0 +2347 0 *
Ve
1e-07
4.50725 52.89025 5.8
0 0

0101101
*
Ed
 1e-07 1 1 0
1  639 0 0 1.3
2  1277 319 0 0 1.3
2  1278 322 0 0 1.3
0

0101000
-2344 0 +2342 0 *
Ed
 1e-07 1 1 0
1  640 0 0 4.43799999999999
2  1279 319 0 0 4.43799999999999
2  1280 323 0 0 4.43799999999999
0

0101000
-2342 0 +2346 0 *
Wi

0101100
-2345 0 -2343 0 +2341 0 +2340 0 *
Fa
0  1e-07 319 0

0111000
+2339 0 *
Ve
1e-07
8.24525 48.45225 7.1
0 0

0101101
*
Ve
1e-07
8.24525 48.45225 5.8
0 0

0101101
*
Ed
 1e-07 1 1 0
1  641 0 0 1.3
2  1281 324 0 0 1.3
2  1282 320 0 0 1.3
0

0101000
-2337 0 +2336 0 *
Ve
1e-07
8.24525 52.89025 7.1
0 0

0101101
*
Ed
 1e-07 1 1 0
1  642 0 0 4.43799999999999
2  1283 324 0 0 4.43799999999999
2  1284 321 0 0 4.43799999999999
0

0101000
-2334 0 +2337 0 *
Ve
1e-07
8.24525 52.89025 5.8
0 0

0101101
*
Ed
 1e-07 1 1 0
1  643 0 0 1.3
2  1285 324 0 0 1.3
2  1286 322 0 0 1.3
0

0101000
-2334 0 +2332 0 *
Ed
 1e-07 1 1 0
1  644 0 0 4.43799999999999
2  1287 324 0 0 4.43799999999999
2  1288 323 0 0 4.43799999999999
0

0101000
-2332 0 +2336 0 *
Wi

0101100
-2335 0 -2333 0 +2331 0 +2330 0 *
Fa
0  1e-07 324 0

0111000
+2329 0 *
Ed
 1e-07 1 1 0
1  645 0 0 3.738
2  1289 320 0 0 3.738
2  1290 323 0 0 3.738
0

0101000
-2336 0 +2346 0 *
Ed
 1e-07 1 1 0
1  646 0 0 3.738
2  1291 320 0 0 3.738
2  1292 321 0 0 3.738
0

0101000
-2337 0 +2347 0 *
Wi

0101100
-2327 0 -2335 0 +2326 0 +2345 0 *
Fa
0  1e-07 320 0

0111000
+2325 0 *
Ed
 1e-07 1 1 0
1  647 0 0 3.738
2  1293 322 0 0 3.738
2  1294 323 0 0 3.738
0

0101000
-2332 0 +2342 0 *
Ed
 1e-07 1 1 0
1  648 0 0 3.738
2  1295 322 0 0 3.738
2  1296 321 0 0 3.738
0

0101000
-2334 0 +2344 0 *
Wi

0101100
-2323 0 -2331 0 +2322 0 +2341 0 *
Fa
0  1e-07 322 0

0111000
+2321 0 *
Wi

0101100
-2340 0 -2323 0 +2330 0 +2327 0 *
Fa
0  1e-07 323 0

0111000
+2319 0 *
Wi

0101100
-2343 0 -2322 0 +2333 0 +2326 0 *
Fa
0  1e-07 321 0

0111000
+2317 0 *
Sh

0101100
-2338 0 +2328 0 -2324 0 +2320 0 -2318 0 +2316 0 *
So

0100000
+2315 0 *
Ve
1e-07
22.41775 60.808567 7.1
0 0

0101101
*
Ve
1e-07
22.41775 60.808567 6.1
0 0

0101101
*
Ed
 1e-07 1 1 0
1  649 0 0 1
2  1297 325 0 0 1
2  1298 326 0 0 1
0

0101000
-2313 0 +2312 0 *
Ve
1e-07
22.41775 61.96475 7.1
0 0

0101101
*
Ed
 1e-07 1 1 0
1  650 0 0 1.156183
2  1299 325 0 0 1.156183
2  1300 327 0 0 1.156183
0

0101000
-2310 0 +2313 0 *
Ve
1e-07
22.41775 61.96475 6.1
0 0

0101101
*
Ed
 1e-07 1 1 0
1  651 0 0 1
2  1301 325 0 0 1
2  1302 328 0 0 1
0

0101000
-2310 0 +2308 0 *
Ed
 1e-07 1 1 0
1  652 0 0 1.156183
2  1303 325 0 0 1.156183
2  1304 329 0 0 1.156183
0

0101000
-2308 0 +2312 0 *
Wi

0101100
-2311 0 -2309 0 +2307 0 +2306 0 *
Fa
0  1e-07 325 0

0111000
+2305 0 *
Ve
1e-07
24.31825 60.808567 7.1
0 0

0101101
*
Ve
1e-07
24.31825 60.808567 6.1
0 0

0101101
*
Ed
 1e-07 1 1 0
1  653 0 0 1
2  1305 330 0 0 1
2  1306 326 0 0 1
0

0101000
-2303 0 +2302 0 *
Ve
1e-07
24.31825 61.96475 7.1
0 0

0101101
*
Ed
 1e-07 1 1 0
1  654 0 0 1.156183
2  1307 330 0 0 1.156183
2  1308 327 0 0 1.156183
0

0101000
-2300 0 +2303 0 *
Ve
1e-07
24.31825 61.96475 6.1
0 0

0101101
*
Ed
 1e-07 1 1 0
1  655 0 0 1
2  1309 330 0 0 1
2  1310 328 0 0 1
0

0101000
-2300 0 +2298 0 *
Ed
 1e-07 1 1 0
1  656 0 0 1.156183
2  1311 330 0 0 1.156183
2  1312 329 0 0 1.156183
0

0101000
-2298 0 +2302 0 *
Wi

0101100
-2301 0 -2299 0 +2297 0 +2296 0 *
Fa
0  1e-07 330 0

0111000
+2295 0 *
Ed
 1e-07 1 1 0
1  657 0 0 1.90050000000001
2  1313 326 0 0 1.90050000000001
2  1314 329 0 0 1.90050000000001
0

0101000
-2302 0 +2312 0 *
Ed
 1e-07 1 1 0
1  658 0 0 1.90050000000001
2  1315 326 0 0 1.90050000000001
2  1316 327 0 0 1.90050000000001
0

0101000
-2303 0 +2313 0 *
Wi

0101100
-2293 0 -2301 0 +2292 0 +2311 0 *
Fa
0  1e-07 326 0

0111000
+2291 0 *
Ed
 1e-07 1 1 0
1  659 0 0 1.90050000000001
2  1317 328 0 0 1.90050000000001
2  1318 329 0 0 1.90050000000001
0

0101000
-2298 0 +2308 0 *
Ed
 1e-07 1 1 0
1  660 0 0 1.90050000000001
2  1319 328 0 0 1.90050000000001
2  1320 327 0 0 1.90050000000001
0

0101000
-2300 0 +2310 0 *
Wi

0101100
-2289 0 -2297 0 +2288 0 +2307 0 *
Fa
0  1e-07 328 0

0111000
+2287 0 *
Wi

0101100
-2306 0 -2289 0 +2296 0 +2293 0 *
Fa
0  1e-07 329 0

0111000
+2285 0 *
Wi

0101100
-2309 0 -2288 0 +2299 0 +2292 0 *
Fa
0  1e-07 327 0

0111000
+2283 0 *
Sh

0101100
-2304 0 +2294 0 -2290 0 +2286 0 -2284 0 +2282 0 *
So

0100000
+2281 0 *
Ve
1e-07
7.8115 41.054067 7.1
0 0

0101101
*
Ve
1e-07
7.8115 41.054067 5.8
0 0

0101101
*
Ed
 1e-07 1 1 0
1  661 0 0 1.3
2  1321 331 0 0 1.3
2  1322 332 0 0 1.3
0

0101000
-2279 0 +2278 0 *
Ve
1e-07
7.8115 43.0855 7.1
0 0

0101101
*
Ed
 1e-07 1 1 0
1  662 0 0 2.03143299999999
2  1323 331 0 0 2.03143299999999
2  1324 333 0 0 2.03143299999999
0

0101000
-2276 0 +2279 0 *
Ve
1e-07
7.8115 43.0855 5.8
0 0

0101101
*
Ed
 1e-07 1 1 0
1  663 0 0 1.3
2  1325 331 0 0 1.3
2  1326 334 0 0 1.3
0

0101000
-2276 0 +2274 0 *
Ed
 1e-07 1 1 0
1  664 0 0 2.03143299999999
2  1327 331 0 0 2.03143299999999
2  1328 335 0 0 2.03143299999999
0

0101000
-2274 0 +2278 0 *
Wi

0101100
-2277 0 -2275 0 +2273 0 +2272 0 *
Fa
0  1e-07 331 0

0111000
+2271 0 *
Ve
1e-07
9.91 41.054067 7.1
0 0

0101101
*
Ve
1e-07
9.91 41.054067 5.8
0 0

0101101
*
Ed
 1e-07 1 1 0
1  665 0 0 1.3
2  1329 336 0 0 1.3
2  1330 332 0 0 1.3
0

0101000
-2269 0 +2268 0 *
Ve
1e-07
9.91 43.0855 7.1
0 0

0101101
*
Ed
 1e-07 1 1 0
1  666 0 0 2.03143299999999
2  1331 336 0 0 2.03143299999999
2  1332 333 0 0 2.03143299999999
0

0101000
-2266 0 +2269 0 *
Ve
1e-07
9.91 43.0855 5.8
0 0

0101101
*
Ed
 1e-07 1 1 0
1  667 0 0 1.3
2  1333 336 0 0 1.3
2  1334 334 0 0 1.3
0

0101000
-2266 0 +2264 0 *
Ed
 1e-07 1 1 0
1  668 0 0 2.03143299999999
2  1335 336 0 0 2.03143299999999
2  1336 335 0 0 2.03143299999999
0

0101000
-2264 0 +2268 0 *
Wi

0101100
-2267 0 -2265 0 +2263 0 +2262 0 *
Fa
0  1e-07 336 0

0111000
+2261 0 *
Ed
 1e-07 1 1 0
1  669 0 0 2.0985
2  1337 332 0 0 2.0985
2  1338 335 0 0 2.0985
0

0101000
-2268 0 +2278 0 *
Ed
 1e-07 1 1 0
1  670 0 0 2.0985
2  1339 332 0 0 2.0985
2  1340 333 0 0 2.0985
0

0101000
-2269 0 +2279 0 *
Wi

0101100
-2259 0 -2267 0 +2258 0 +2277 0 *
Fa
0  1e-07 332 0

0111000
+2257 0 *
Ed
 1e-07 1 1 0
1  671 0 0 2.0985
2  1341 334 0 0 2.0985
2  1342 335 0 0 2.0985
0

0101000
-2264 0 +2274 0 *
Ed
 1e-07 1 1 0
1  672 0 0 2.0985
2  1343 334 0 0 2.0985
2  1344 333 0 0 2.0985
0

0101000
-2266 0 +2276 0 *
Wi

0101100
-2255 0 -2263 0 +2254 0 +2273 0 *
Fa
0  1e-07 334 0

0111000
+2253 0 *
Wi

0101100
-2272 0 -2255 0 +2262 0 +2259 0 *
Fa
0  1e-07 335 0

0111000
+2251 0 *
Wi

0101100
-2275 0 -2254 0 +2265 0 +2258 0 *
Fa
0  1e-07 333 0

0111000
+2249 0 *
Sh

0101100
-2270 0 +2260 0 -2256 0 +2252 0 -2250 0 +2248 0 *
So

0100000
+2247 0 *
Ve
1e-07
36.455999 65.758999 7.1
0 0

0101101
*
Ve
1e-07
36.455999 65.758999 6.1
0 0

0101101
*
Ed
 1e-07 1 1 0
1  673 0 0 1
2  1345 337 0 0 1
2  1346 338 0 0 1
0

0101000
-2245 0 +2244 0 *
Ve
1e-07
36.455999 67.433 7.1
0 0

0101101
*
Ed
 1e-07 1 1 0
1  674 0 0 1.674001
2  1347 337 0 0 1.674001
2  1348 339 0 0 1.674001
0

0101000
-2242 0 +2245 0 *
Ve
1e-07
36.455999 67.433 6.1
0 0

0101101
*
Ed
 1e-07 1 1 0
1  675 0 0 1
2  1349 337 0 0 1
2  1350 340 0 0 1
0

0101000
-2242 0 +2240 0 *
Ed
 1e-07 1 1 0
1  676 0 0 1.674001
2  1351 337 0 0 1.674001
2  1352 341 0 0 1.674001
0

0101000
-2240 0 +2244 0 *
Wi

0101100
-2243 0 -2241 0 +2239 0 +2238 0 *
Fa
0  1e-07 337 0

0111000
+2237 0 *
Ve
1e-07
39.49 65.758999 7.1
0 0

0101101
*
Ve
1e-07
39.49 65.758999 6.1
0 0

0101101
*
Ed
 1e-07 1 1 0
1  677 0 0 1
2  1353 342 0 0 1
2  1354 338 0 0 1
0

0101000
-2235 0 +2234 0 *
Ve
1e-07
39.49 67.433 7.1
0 0

0101101
*
Ed
 1e-07 1 1 0
1  678 0 0 1.674001
2  1355 342 0 0 1.674001
2  1356 339 0 0 1.674001
0

0101000
-2232 0 +2235 0 *
Ve
1e-07
39.49 67.433 6.1
0 0

0101101
*
Ed
 1e-07 1 1 0
1  679 0 0 1
2  1357 342 0 0 1
2  1358 340 0 0 1
0

0101000
-2232 0 +2230 0 *
Ed
 1e-07 1 1 0
1  680 0 0 1.674001
2  1359 342 0 0 1.674001
2  1360 341 0 0 1.674001
0

0101000
-2230 0 +2234 0 *
Wi

0101100
-2233 0 -2231 0 +2229 0 +2228 0 *
Fa
0  1e-07 342 0

0111000
+2227 0 *
Ed
 1e-07 1 1 0
1  681 0 0 3.03400100000002
2  1361 338 0 0 3.03400100000002
2  1362 341 0 0 3.03400100000002
0

0101000
-2234 0 +2244 0 *
Ed
 1e-07 1 1 0
1  682 0 0 3.03400100000002
2  1363 338 0 0 3.03400100000002
2  1364 339 0 0 3.03400100000002
0

0101000
-2235 0 +2245 0 *
Wi

0101100
-2225 0 -2233 0 +2224 0 +2243 0 *
Fa
0  1e-07 338 0

0111000
+2223 0 *
Ed
 1e-07 1 1 0
1  683 0 0 3.03400100000002
2  1365 340 0 0 3.03400100000002
2  1366 341 0 0 3.03400100000002
0

0101000
-2230 0 +2240 0 *
Ed
 1e-07 1 1 0
1  684 0 0 3.03400100000002
2  1367 340 0 0 3.03400100000002
2  1368 339 0 0 3.03400100000002
0

0101000
-2232 0 +2242 0 *
Wi

0101100
-2221 0 -2229 0 +2220 0 +2239 0 *
Fa
0  1e-07 340 0

0111000
+2219 0 *
Wi

0101100
-2238 0 -2221 0 +2228 0 +2225 0 *
Fa
0  1e-07 341 0

0111000
+2217 0 *
Wi

0101100
-2241 0 -2220 0 +2231 0 +2224 0 *
Fa
0  1e-07 339 0

0111000
+2215 0 *
Sh

0101100
-2236 0 +2226 0 -2222 0 +2218 0 -2216 0 +2214 0 *
So

0100000
+2213 0 *
Ve
1e-07
24.44325 9.46375 7.1
0 0

0101101
*
Ve
1e-07
24.44325 9.46375 6.1
0 0

0101101
*
Ed
 1e-07 1 1 0
1  685 0 0 1
2  1369 343 0 0 1
2  1370 344 0 0 1
0

0101000
-2211 0 +2210 0 *
Ve
1e-07
24.44325 11.36425 7.1
0 0

0101101
*
Ed
 1e-07 1 1 0
1  686 0 0 1.9005
2  1371 343 0 0 1.9005
2  1372 345 0 0 1.9005
0

0101000
-2208 0 +2211 0 *
Ve
1e-07
24.44325 11.36425 6.1
0 0

0101101
*
Ed
 1e-07 1 1 0
1  687 0 0 1
2  1373 343 0 0 1
2  1374 346 0 0 1
0

0101000
-2208 0 +2206 0 *
Ed
 1e-07 1 1 0
1  688 0 0 1.9005
2  1375 343 0 0 1.9005
2  1376 347 0 0 1.9005
0

0101000
-2206 0 +2210 0 *
Wi

0101100
-2209 0 -2207 0 +2205 0 +2204 0 *
Fa
0  1e-07 343 0

0111000
+2203 0 *
Ve
1e-07
25.599433 9.46375 7.1
0 0

0101101
*
Ve
1e-07
25.599433 9.46375 6.1
0 0

0101101
*
Ed
 1e-07 1 1 0
1  689 0 0 1
2  1377 348 0 0 1
2  1378 344 0 0 1
0

0101000
-2201 0 +2200 0 *
Ve
1e-07
25.599433 11.36425 7.1
0 0

0101101
*
Ed
 1e-07 1 1 0
1  690 0 0 1.9005
2  1379 348 0 0 1.9005
2  1380 345 0 0 1.9005
0

0101000
-2198 0 +2201 0 *
Ve
1e-07
25.599433 11.36425 6.1
0 0

0101101
*
Ed
 1e-07 1 1 0
1  691 0 0 1
2  1381 348 0 0 1
2  1382 346 0 0 1
0

0101000
-2198 0 +2196 0 *
Ed
 1e-07 1 1 0
1  692 0 0 1.9005
2  1383 348 0 0 1.9005
2  1384 347 0 0 1.9005
0

0101000
-2196 0 +2200 0 *
Wi

0101100
-2199 0 -2197 0 +2195 0 +2194 0 *
Fa
0  1e-07 348 0

0111000
+2193 0 *
Ed
 1e-07 1 1 0
1  693 0 0 1.156183
2  1385 344 0 0 1.156183
2  1386 347 0 0 1.156183
0

0101000
-2200 0 +2210 0 *
Ed
 1e-07 1 1 0
1  694 0 0 1.156183
2  1387 344 0 0 1.156183
2  1388 345 0 0 1.156183
0

0101000
-2201 0 +2211 0 *
Wi

0101100
-2191 0 -2199 0 +2190 0 +2209 0 *
Fa
0  1e-07 344 0

0111000
+2189 0 *
Ed
 1e-07 1 1 0
1  695 0 0 1.156183
2  1389 346 0 0 1.156183
2  1390 347 0 0 1.156183
0

0101000
-2196 0 +2206 0 *
Ed
 1e-07 1 1 0
1  696 0 0 1.156183
2  1391 346 0 0 1.156183
2  1392 345 0 0 1.156183
0

0101000
-2198 0 +2208 0 *
Wi

0101100
-2187 0 -2195 0 +2186 0 +2205 0 *
Fa
0  1e-07 346 0

0111000
+2185 0 *
Wi

0101100
-2204 0 -2187 0 +2194 0 +2191 0 *
Fa
0  1e-07 347 0

0111000
+2183 0 *
Wi

0101100
-2207 0 -2186 0 +2197 0 +2190 0 *
Fa
0  1e-07 345 0

0111000
+2181 0 *
Sh

0101100
-2202 0 +2192 0 -2188 0 +2184 0 -2182 0 +2180 0 *
So

0100000
+2179 0 *
Ve
1e-07
47.43125 38.65175 7.1
0 0

0101101
*
Ve
1e-07
47.43125 38.65175 6.4
0 0

0101101
*
Ed
 1e-07 1 1 0
1  697 0 0 0.7
2  1393 349 0 0 0.7
2  1394 350 0 0 0.7
0

0101000
-2177 0 +2176 0 *
Ve
1e-07
47.43125 40.69225 7.1
0 0

0101101
*
Ed
 1e-07 1 1 0
1  698 0 0 2.04049999999999
2  1395 349 0 0 2.04049999999999
2  1396 351 0 0 2.04049999999999
0

0101000
-2174 0 +2177 0 *
Ve
1e-07
47.43125 40.69225 6.4
0 0

0101101
*
Ed
 1e-07 1 1 0
1  699 0 0 0.7
2  1397 349 0 0 0.7
2  1398 352 0 0 0.7
0

0101000
-2174 0 +2172 0 *
Ed
 1e-07 1 1 0
1  700 0 0 2.04049999999999
2  1399 349 0 0 2.04049999999999
2  1400 353 0 0 2.04049999999999
0

0101000
-2172 0 +2176 0 *
Wi

0101100
-2175 0 -2173 0 +2171 0 +2170 0 *
Fa
0  1e-07 349 0

0111000
+2169 0 *
Ve
1e-07
48.586433 38.65175 7.1
0 0

0101101
*
Ve
1e-07
48.586433 38.65175 6.4
0 0

0101101
*
Ed
 1e-07 1 1 0
1  701 0 0 0.7
2  1401 354 0 0 0.7
2  1402 350 0 0 0.7
0

0101000
-2167 0 +2166 0 *
Ve
1e-07
48.586433 40.69225 7.1
0 0

0101101
*
Ed
 1e-07 1 1 0
1  702 0 0 2.04049999999999
2  1403 354 0 0 2.04049999999999
2  1404 351 0 0 2.04049999999999
0

0101000
-2164 0 +2167 0 *
Ve
1e-07
48.586433 40.69225 6.4
0 0

0101101
*
Ed
 1e-07 1 1 0
1  703 0 0 0.7
2  1405 354 0 0 0.7
2  1406 352 0 0 0.7
0

0101000
-2164 0 +2162 0 *
Ed
 1e-07 1 1 0
1  704 0 0 2.04049999999999
2  1407 354 0 0 2.04049999999999
2  1408 353 0 0 2.04049999999999
0

0101000
-2162 0 +2166 0 *
Wi

0101100
-2165 0 -2163 0 +2161 0 +2160 0 *
Fa
0  1e-07 354 0

0111000
+2159 0 *
Ed
 1e-07 1 1 0
1  705 0 0 1.15518299999999
2  1409 350 0 0 1.15518299999999
2  1410 353 0 0 1.15518299999999
0

0101000
-2166 0 +2176 0 *
Ed
 1e-07 1 1 0
1  706 0 0 1.15518299999999
2  1411 350 0 0 1.15518299999999
2  1412 351 0 0 1.15518299999999
0

0101000
-2167 0 +2177 0 *
Wi

0101100
-2157 0 -2165 0 +2156 0 +2175 0 *
Fa
0  1e-07 350 0

0111000
+2155 0 *
Ed
 1e-07 1 1 0
1  707 0 0 1.15518299999999
2  1413 352 0 0 1.15518299999999
2  1414 353 0 0 1.15518299999999
0

0101000
-2162 0 +2172 0 *
Ed
 1e-07 1 1 0
1  708 0 0 1.15518299999999
2  1415 352 0 0 1.15518299999999
2  1416 351 0 0 1.15518299999999
0

0101000
-2164 0 +2174 0 *
Wi

0101100
-2153 0 -2161 0 +2152 0 +2171 0 *
Fa
0  1e-07 352 0

0111000
+2151 0 *
Wi

0101100
-2170 0 -2153 0 +2160 0 +2157 0 *
Fa
0  1e-07 353 0

0111000
+2149 0 *
Wi

0101100
-2173 0 -2152 0 +2163 0 +2156 0 *
Fa
0  1e-07 351 0

0111000
+2147 0 *
Sh

0101100
-2168 0 +2158 0 -2154 0 +2150 0 -2148 0 +2146 0 *
So

0100000
+2145 0 *
Ve
1e-07
20.18875 16.056567 7.1
0 0

0101101
*
Ve
1e-07
20.18875 16.056567 6.4
0 0

0101101
*
Ed
 1e-07 1 1 0
1  709 0 0 0.7
2  1417 355 0 0 0.7
2  1418 356 0 0 0.7
0

0101000
-2143 0 +2142 0 *
Ve
1e-07
20.18875 17.21175 7.1
0 0

0101101
*
Ed
 1e-07 1 1 0
1  710 0 0 1.15518299999999
2  1419 355 0 0 1.15518299999999
2  1420 357 0 0 1.15518299999999
0

0101000
-2140 0 +2143 0 *
Ve
1e-07
20.18875 17.21175 6.4
0 0

0101101
*
Ed
 1e-07 1 1 0
1  711 0 0 0.7
2  1421 355 0 0 0.7
2  1422 358 0 0 0.7
0

0101000
-2140 0 +2138 0 *
Ed
 1e-07 1 1 0
1  712 0 0 1.15518299999999
2  1423 355 0 0 1.15518299999999
2  1424 359 0 0 1.15518299999999
0

0101000
-2138 0 +2142 0 *
Wi

0101100
-2141 0 -2139 0 +2137 0 +2136 0 *
Fa
0  1e-07 355 0

0111000
+2135 0 *
Ve
1e-07
22.22925 16.056567 7.1
0 0

0101101
*
Ve
1e-07
22.22925 16.056567 6.4
0 0

0101101
*
Ed
 1e-07 1 1 0
1  713 0 0 0.7
2  1425 360 0 0 0.7
2  1426 356 0 0 0.7
0

0101000
-2133 0 +2132 0 *
Ve
1e-07
22.22925 17.21175 7.1
0 0

0101101
*
Ed
 1e-07 1 1 0
1  714 0 0 1.15518299999999
2  1427 360 0 0 1.15518299999999
2  1428 357 0 0 1.15518299999999
0

0101000
-2130 0 +2133 0 *
Ve
1e-07
22.22925 17.21175 6.4
0 0

0101101
*
Ed
 1e-07 1 1 0
1  715 0 0 0.7
2  1429 360 0 0 0.7
2  1430 358 0 0 0.7
0

0101000
-2130 0 +2128 0 *
Ed
 1e-07 1 1 0
1  716 0 0 1.15518299999999
2  1431 360 0 0 1.15518299999999
2  1432 359 0 0 1.15518299999999
0

0101000
-2128 0 +2132 0 *
Wi

0101100
-2131 0 -2129 0 +2127 0 +2126 0 *
Fa
0  1e-07 360 0

0111000
+2125 0 *
Ed
 1e-07 1 1 0
1  717 0 0 2.04049999999999
2  1433 356 0 0 2.04049999999999
2  1434 359 0 0 2.04049999999999
0

0101000
-2132 0 +2142 0 *
Ed
 1e-07 1 1 0
1  718 0 0 2.04049999999999
2  1435 356 0 0 2.04049999999999
2  1436 357 0 0 2.04049999999999
0

0101000
-2133 0 +2143 0 *
Wi

0101100
-2123 0 -2131 0 +2122 0 +2141 0 *
Fa
0  1e-07 356 0

0111000
+2121 0 *
Ed
 1e-07 1 1 0
1  719 0 0 2.04049999999999
2  1437 358 0 0 2.04049999999999
2  1438 359 0 0 2.04049999999999
0

0101000
-2128 0 +2138 0 *
Ed
 1e-07 1 1 0
1  720 0 0 2.04049999999999
2  1439 358 0 0 2.04049999999999
2  1440 357 0 0 2.04049999999999
0

0101000
-2130 0 +2140 0 *
Wi

0101100
-2119 0 -2127 0 +2118 0 +2137 0 *
Fa
0  1e-07 358 0

0111000
+2117 0 *
Wi

0101100
-2136 0 -2119 0 +2126 0 +2123 0 *
Fa
0  1e-07 359 0

0111000
+2115 0 *
Wi

0101100
-2139 0 -2118 0 +2129 0 +2122 0 *
Fa
0  1e-07 357 0

0111000
+2113 0 *
Sh

0101100
-2134 0 +2124 0 -2120 0 +2116 0 -2114 0 +2112 0 *
So

0100000
+2111 0 *
Ve
1e-07
43.5385 37.513 7.1
0 0

0101101
*
Ve
1e-07
43.5385 37.513 5.8
0 0

0101101
*
Ed
 1e-07 1 1 0
1  721 0 0 1.3
2  1441 361 0 0 1.3
2  1442 362 0 0 1.3
0

0101000
-2109 0 +2108 0 *
Ve
1e-07
43.5385 40.866 7.1
0 0

0101101
*
Ed
 1e-07 1 1 0
1  722 0 0 3.35299999999999
2  1443 361 0 0 3.35299999999999
2  1444 363 0 0 3.35299999999999
0

0101000
-2106 0 +2109 0 *
Ve
1e-07
43.5385 40.866 5.8
0 0

0101101
*
Ed
 1e-07 1 1 0
1  723 0 0 1.3
2  1445 361 0 0 1.3
2  1446 364 0 0 1.3
0

0101000
-2106 0 +2104 0 *
Ed
 1e-07 1 1 0
1  724 0 0 3.35299999999999
2  1447 361 0 0 3.35299999999999
2  1448 365 0 0 3.35299999999999
0

0101000
-2104 0 +2108 0 *
Wi

0101100
-2107 0 -2105 0 +2103 0 +2102 0 *
Fa
0  1e-07 361 0

0111000
+2101 0 *
Ve
1e-07
47.169433 37.513 7.1
0 0

0101101
*
Ve
1e-07
47.169433 37.513 5.8
0 0

0101101
*
Ed
 1e-07 1 1 0
1  725 0 0 1.3
2  1449 366 0 0 1.3
2  1450 362 0 0 1.3
0

0101000
-2099 0 +2098 0 *
Ve
1e-07
47.169433 40.866 7.1
0 0

0101101
*
Ed
 1e-07 1 1 0
1  726 0 0 3.35299999999999
2  1451 366 0 0 3.35299999999999
2  1452 363 0 0 3.35299999999999
0

0101000
-2096 0 +2099 0 *
Ve
1e-07
47.169433 40.866 5.8
0 0

0101101
*
Ed
 1e-07 1 1 0
1  727 0 0 1.3
2  1453 366 0 0 1.3
2  1454 364 0 0 1.3
0

0101000
-2096 0 +2094 0 *
Ed
 1e-07 1 1 0
1  728 0 0 3.35299999999999
2  1455 366 0 0 3.35299999999999
2  1456 365 0 0 3.35299999999999
0

0101000
-2094 0 +2098 0 *
Wi

0101100
-2097 0 -2095 0 +2093 0 +2092 0 *
Fa
0  1e-07 366 0

0111000
+2091 0 *
Ed
 1e-07 1 1 0
1  729 0 0 3.630933
2  1457 362 0 0 3.630933
2  1458 365 0 0 3.630933
0

0101000
-2098 0 +2108 0 *
Ed
 1e-07 1 1 0
1  730 0 0 3.630933
2  1459 362 0 0 3.630933
2  1460 363 0 0 3.630933
0

0101000
-2099 0 +2109 0 *
Wi

0101100
-2089 0 -2097 0 +2088 0 +2107 0 *
Fa
0  1e-07 362 0

0111000
+2087 0 *
Ed
 1e-07 1 1 0
1  731 0 0 3.630933
2  1461 364 0 0 3.630933
2  1462 365 0 0 3.630933
0

0101000
-2094 0 +2104 0 *
Ed
 1e-07 1 1 0
1  732 0 0 3.630933
2  1463 364 0 0 3.630933
2  1464 363 0 0 3.630933
0

0101000
-2096 0 +2106 0 *
Wi

0101100
-2085 0 -2093 0 +2084 0 +2103 0 *
Fa
0  1e-07 364 0

0111000
+2083 0 *
Wi

0101100
-2102 0 -2085 0 +2092 0 +2089 0 *
Fa
0  1e-07 365 0

0111000
+2081 0 *
Wi

0101100
-2105 0 -2084 0 +2095 0 +2088 0 *
Fa
0  1e-07 363 0

0111000
+2079 0 *
Sh

0101100
-2100 0 +2090 0 -2086 0 +2082 0 -2080 0 +2078 0 *
So

0100000
+2077 0 *
Ve
1e-07
44.21375 59.720567 7.1
0 0

0101101
*
Ve
1e-07
44.21375 59.720567 6.4
0 0

0101101
*
Ed
 1e-07 1 1 0
1  733 0 0 0.7
2  1465 367 0 0 0.7
2  1466 368 0 0 0.7
0

0101000
-2075 0 +2074 0 *
Ve
1e-07
44.21375 60.87575 7.1
0 0

0101101
*
Ed
 1e-07 1 1 0
1  734 0 0 1.15518299999999
2  1467 367 0 0 1.15518299999999
2  1468 369 0 0 1.15518299999999
0

0101000
-2072 0 +2075 0 *
Ve
1e-07
44.21375 60.87575 6.4
0 0

0101101
*
Ed
 1e-07 1 1 0
1  735 0 0 0.7
2  1469 367 0 0 0.7
2  1470 370 0 0 0.7
0

0101000
-2072 0 +2070 0 *
Ed
 1e-07 1 1 0
1  736 0 0 1.15518299999999
2  1471 367 0 0 1.15518299999999
2  1472 371 0 0 1.15518299999999
0

0101000
-2070 0 +2074 0 *
Wi

0101100
-2073 0 -2071 0 +2069 0 +2068 0 *
Fa
0  1e-07 367 0

0111000
+2067 0 *
Ve
1e-07
46.25425 59.720567 7.1
0 0

0101101
*
Ve
1e-07
46.25425 59.720567 6.4
0 0

0101101
*
Ed
 1e-07 1 1 0
1  737 0 0 0.7
2  1473 372 0 0 0.7
2  1474 368 0 0 0.7
0

0101000
-2065 0 +2064 0 *
Ve
1e-07
46.25425 60.87575 7.1
0 0

0101101
*
Ed
 1e-07 1 1 0
1  738 0 0 1.15518299999999
2  1475 372 0 0 1.15518299999999
2  1476 369 0 0 1.15518299999999
0

0101000
-2062 0 +2065 0 *
Ve
1e-07
46.25425 60.87575 6.4
0 0

0101101
*
Ed
 1e-07 1 1 0
1  739 0 0 0.7
2  1477 372 0 0 0.7
2  1478 370 0 0 0.7
0

0101000
-2062 0 +2060 0 *
Ed
 1e-07 1 1 0
1  740 0 0 1.15518299999999
2  1479 372 0 0 1.15518299999999
2  1480 371 0 0 1.15518299999999
0

0101000
-2060 0 +2064 0 *
Wi

0101100
-2063 0 -2061 0 +2059 0 +2058 0 *
Fa
0  1e-07 372 0

0111000
+2057 0 *
Ed
 1e-07 1 1 0
1  741 0 0 2.04050000000001
2  1481 368 0 0 2.04050000000001
2  1482 371 0 0 2.04050000000001
0

0101000
-2064 0 +2074 0 *
Ed
 1e-07 1 1 0
1  742 0 0 2.04050000000001
2  1483 368 0 0 2.04050000000001
2  1484 369 0 0 2.04050000000001
0

0101000
-2065 0 +2075 0 *
Wi

0101100
-2055 0 -2063 0 +2054 0 +2073 0 *
Fa
0  1e-07 368 0

0111000
+2053 0 *
Ed
 1e-07 1 1 0
1  743 0 0 2.04050000000001
2  1485 370 0 0 2.04050000000001
2  1486 371 0 0 2.04050000000001
0

0101000
-2060 0 +2070 0 *
Ed
 1e-07 1 1 0
1  744 0 0 2.04050000000001
2  1487 370 0 0 2.04050000000001
2  1488 369 0 0 2.04050000000001
0

0101000
-2062 0 +2072 0 *
Wi

0101100
-2051 0 -2059 0 +2050 0 +2069 0 *
Fa
0  1e-07 370 0

0111000
+2049 0 *
Wi

0101100
-2068 0 -2051 0 +2058 0 +2055 0 *
Fa
0  1e-07 371 0

0111000
+2047 0 *
Wi

0101100
-2071 0 -2050 0 +2061 0 +2054 0 *
Fa
0  1e-07 369 0

0111000
+2045 0 *
Sh

0101100
-2066 0 +2056 0 -2052 0 +2048 0 -2046 0 +2044 0 *
So

0100000
+2043 0 *
Ve
1e-07
8.865 64.77 7.1
0 0

0101101
*
Ve
1e-07
8.865 64.77 1.6
0 0

0101101
*
Ed
 1e-07 1 1 0
1  745 0 0 5.5
2  1489 373 0 0 5.5
2  1490 374 0 0 5.5
0

0101000
-2041 0 +2040 0 *
Ve
1e-07
8.865 78.91 7.1
0 0

0101101
*
Ed
 1e-07 1 1 0
1  746 0 0 14.14
2  1491 373 0 0 14.14
2  1492 375 0 0 14.14
0

0101000
-2038 0 +2041 0 *
Ve
1e-07
8.865 78.91 1.6
0 0

0101101
*
Ed
 1e-07 1 1 0
1  747 0 0 5.5
2  1493 373 0 0 5.5
2  1494 376 0 0 5.5
0

0101000
-2038 0 +2036 0 *
Ed
 1e-07 1 1 0
1  748 0 0 14.14
2  1495 373 0 0 14.14
2  1496 377 0 0 14.14
0

0101000
-2036 0 +2040 0 *
Wi

0101100
-2039 0 -2037 0 +2035 0 +2034 0 *
Fa
0  1e-07 373 0

0111000
+2033 0 *
Ve
1e-07
15.345 64.77 7.1
0 0

0101101
*
Ve
1e-07
15.345 64.77 1.6
0 0

0101101
*
Ed
 1e-07 1 1 0
1  749 0 0 5.5
2  1497 378 0 0 5.5
2  1498 374 0 0 5.5
0

0101000
-2031 0 +2030 0 *
Ve
1e-07
15.345 78.91 7.1
0 0

0101101
*
Ed
 1e-07 1 1 0
1  750 0 0 14.14
2  1499 378 0 0 14.14
2  1500 375 0 0 14.14
0

0101000
-2028 0 +2031 0 *
Ve
1e-07
15.345 78.91 1.6
0 0

0101101
*
Ed
 1e-07 1 1 0
1  751 0 0 5.5
2  1501 378 0 0 5.5
2  1502 376 0 0 5.5
0

0101000
-2028 0 +2026 0 *
Ed
 1e-07 1 1 0
1  752 0 0 14.14
2  1503 378 0 0 14.14
2  1504 377 0 0 14.14
0

0101000
-2026 0 +2030 0 *
Wi

0101100
-2029 0 -2027 0 +2025 0 +2024 0 *
Fa
0  1e-07 378 0

0111000
+2023 0 *
Ed
 1e-07 1 1 0
1  753 0 0 6.48
2  1505 374 0 0 6.48
2  1506 377 0 0 6.48
0

0101000
-2030 0 +2040 0 *
Ed
 1e-07 1 1 0
1  754 0 0 6.48
2  1507 374 0 0 6.48
2  1508 375 0 0 6.48
0

0101000
-2031 0 +2041 0 *
Wi

0101100
-2021 0 -2029 0 +2020 0 +2039 0 *
Fa
0  1e-07 374 0

0111000
+2019 0 *
Ed
 1e-07 1 1 0
1  755 0 0 6.48
2  1509 376 0 0 6.48
2  1510 377 0 0 6.48
0

0101000
-2026 0 +2036 0 *
Ed
 1e-07 1 1 0
1  756 0 0 6.48
2  1511 376 0 0 6.48
2  1512 375 0 0 6.48
0

0101000
-2028 0 +2038 0 *
Wi

0101100
-2017 0 -2025 0 +2016 0 +2035 0 *
Fa
0  1e-07 376 0

0111000
+2015 0 *
Wi

0101100
-2034 0 -2017 0 +2024 0 +2021 0 *
Fa
0  1e-07 377 0

0111000
+2013 0 *
Wi

0101100
-2037 0 -2016 0 +2027 0 +2020 0 *
Fa
0  1e-07 375 0

0111000
+2011 0 *
Sh

0101100
-2032 0 +2022 0 -2018 0 +2014 0 -2012 0 +2010 0 *
So

0100000
+2009 0 *
Ve
1e-07
44.21375 63.530567 7.1
0 0

0101101
*
Ve
1e-07
44.21375 63.530567 6.4
0 0

0101101
*
Ed
 1e-07 1 1 0
1  757 0 0 0.7
2  1513 379 0 0 0.7
2  1514 380 0 0 0.7
0

0101000
-2007 0 +2006 0 *
Ve
1e-07
44.21375 64.68575 7.1
0 0

0101101
*
Ed
 1e-07 1 1 0
1  758 0 0 1.15518299999999
2  1515 379 0 0 1.15518299999999
2  1516 381 0 0 1.15518299999999
0

0101000
-2004 0 +2007 0 *
Ve
1e-07
44.21375 64.68575 6.4
0 0

0101101
*
Ed
 1e-07 1 1 0
1  759 0 0 0.7
2  1517 379 0 0 0.7
2  1518 382 0 0 0.7
0

0101000
-2004 0 +2002 0 *
Ed
 1e-07 1 1 0
1  760 0 0 1.15518299999999
2  1519 379 0 0 1.15518299999999
2  1520 383 0 0 1.15518299999999
0

0101000
-2002 0 +2006 0 *
Wi

0101100
-2005 0 -2003 0 +2001 0 +2000 0 *
Fa
0  1e-07 379 0

0111000
+1999 0 *
Ve
1e-07
46.25425 63.530567 7.1
0 0

0101101
*
Ve
1e-07
46.25425 63.530567 6.4
0 0

0101101
*
Ed
 1e-07 1 1 0
1  761 0 0 0.7
2  1521 384 0 0 0.7
2  1522 380 0 0 0.7
0

0101000
-1997 0 +1996 0 *
Ve
1e-07
46.25425 64.68575 7.1
0 0

0101101
*
Ed
 1e-07 1 1 0
1  762 0 0 1.15518299999999
2  1523 384 0 0 1.15518299999999
2  1524 381 0 0 1.15518299999999
0

0101000
-1994 0 +1997 0 *
Ve
1e-07
46.25425 64.68575 6.4
0 0

0101101
*
Ed
 1e-07 1 1 0
1  763 0 0 0.7
2  1525 384 0 0 0.7
2  1526 382 0 0 0.7
0

0101000
-1994 0 +1992 0 *
Ed
 1e-07 1 1 0
1  764 0 0 1.15518299999999
2  1527 384 0 0 1.15518299999999
2  1528 383 0 0 1.15518299999999
0

0101000
-1992 0 +1996 0 *
Wi

0101100
-1995 0 -1993 0 +1991 0 +1990 0 *
Fa
0  1e-07 384 0

0111000
+1989 0 *
Ed
 1e-07 1 1 0
1  765 0 0 2.04050000000001
2  1529 380 0 0 2.04050000000001
2  1530 383 0 0 2.04050000000001
0

0101000
-1996 0 +2006 0 *
Ed
 1e-07 1 1 0
1  766 0 0 2.04050000000001
2  1531 380 0 0 2.04050000000001
2  1532 381 0 0 2.04050000000001
0

0101000
-1997 0 +2007 0 *
Wi

0101100
-1987 0 -1995 0 +1986 0 +2005 0 *
Fa
0  1e-07 380 0

0111000
+1985 0 *
Ed
 1e-07 1 1 0
1  767 0 0 2.04050000000001
2  1533 382 0 0 2.04050000000001
2  1534 383 0 0 2.04050000000001
0

0101000
-1992 0 +2002 0 *
Ed
 1e-07 1 1 0
1  768 0 0 2.04050000000001
2  1535 382 0 0 2.04050000000001
2  1536 381 0 0 2.04050000000001
0

0101000
-1994 0 +2004 0 *
Wi

0101100
-1983 0 -1991 0 +1982 0 +2001 0 *
Fa
0  1e-07 382 0

0111000
+1981 0 *
Wi

0101100
-2000 0 -1983 0 +1990 0 +1987 0 *
Fa
0  1e-07 383 0

0111000
+1979 0 *
Wi

0101100
-2003 0 -1982 0 +1993 0 +1986 0 *
Fa
0  1e-07 381 0

0111000
+1977 0 *
Sh

0101100
-1998 0 +1988 0 -1984 0 +1980 0 -1978 0 +1976 0 *
So

0100000
+1975 0 *
Ve
1e-07
40.8235 58.073 7.1
0 0

0101101
*
Ve
1e-07
40.8235 58.073 6.1
0 0

0101101
*
Ed
 1e-07 1 1 0
1  769 0 0 1
2  1537 385 0 0 1
2  1538 386 0 0 1
0

0101000
-1973 0 +1972 0 *
Ve
1e-07
40.8235 59.747001 7.1
0 0

0101101
*
Ed
 1e-07 1 1 0
1  770 0 0 1.674001
2  1539 385 0 0 1.674001
2  1540 387 0 0 1.674001
0

0101000
-1970 0 +1973 0 *
Ve
1e-07
40.8235 59.747001 6.1
0 0

0101101
*
Ed
 1e-07 1 1 0
1  771 0 0 1
2  1541 385 0 0 1
2  1542 388 0 0 1
0

0101000
-1970 0 +1968 0 *
Ed
 1e-07 1 1 0
1  772 0 0 1.674001
2  1543 385 0 0 1.674001
2  1544 389 0 0 1.674001
0

0101000
-1968 0 +1972 0 *
Wi

0101100
-1971 0 -1969 0 +1967 0 +1966 0 *
Fa
0  1e-07 385 0

0111000
+1965 0 *
Ve
1e-07
43.857501 58.073 7.1
0 0

0101101
*
Ve
1e-07
43.857501 58.073 6.1
0 0

0101101
*
Ed
 1e-07 1 1 0
1  773 0 0 1
2  1545 390 0 0 1
2  1546 386 0 0 1
0

0101000
-1963 0 +1962 0 *
Ve
1e-07
43.857501 59.747001 7.1
0 0

0101101
*
Ed
 1e-07 1 1 0
1  774 0 0 1.674001
2  1547 390 0 0 1.674001
2  1548 387 0 0 1.674001
0

0101000
-1960 0 +1963 0 *
Ve
1e-07
43.857501 59.747001 6.1
0 0

0101101
*
Ed
 1e-07 1 1 0
1  775 0 0 1
2  1549 390 0 0 1
2  1550 388 0 0 1
0

0101000
-1960 0 +1958 0 *
Ed
 1e-07 1 1 0
1  776 0 0 1.674001
2  1551 390 0 0 1.674001
2  1552 389 0 0 1.674001
0

0101000
-1958 0 +1962 0 *
Wi

0101100
-1961 0 -1959 0 +1957 0 +1956 0 *
Fa
0  1e-07 390 0

0111000
+1955 0 *
Ed
 1e-07 1 1 0
1  777 0 0 3.03400100000002
2  1553 386 0 0 3.03400100000002
2  1554 389 0 0 3.03400100000002
0

0101000
-1962 0 +1972 0 *
Ed
 1e-07 1 1 0
1  778 0 0 3.03400100000002
2  1555 386 0 0 3.03400100000002
2  1556 387 0 0 3.03400100000002
0

0101000
-1963 0 +1973 0 *
Wi

0101100
-1953 0 -1961 0 +1952 0 +1971 0 *
Fa
0  1e-07 386 0

0111000
+1951 0 *
Ed
 1e-07 1 1 0
1  779 0 0 3.03400100000002
2  1557 388 0 0 3.03400100000002
2  1558 389 0 0 3.03400100000002
0

0101000
-1958 0 +1968 0 *
Ed
 1e-07 1 1 0
1  780 0 0 3.03400100000002
2  1559 388 0 0 3.03400100000002
2  1560 387 0 0 3.03400100000002
0

0101000
-1960 0 +1970 0 *
Wi

0101100
-1949 0 -1957 0 +1948 0 +1967 0 *
Fa
0  1e-07 388 0

0111000
+1947 0 *
Wi

0101100
-1966 0 -1949 0 +1956 0 +1953 0 *
Fa
0  1e-07 389 0

0111000
+1945 0 *
Wi

0101100
-1969 0 -1948 0 +1959 0 +1952 0 *
Fa
0  1e-07 387 0

0111000
+1943 0 *
Sh

0101100
-1964 0 +1954 0 -1950 0 +1946 0 -1944 0 +1942 0 *
So

0100000
+1941 0 *
Ve
1e-07
39.670567 41.76675 7.1
0 0

0101101
*
Ve
1e-07
39.670567 41.76675 6.1
0 0

0101101
*
Ed
 1e-07 1 1 0
1  781 0 0 1
2  1561 391 0 0 1
2  1562 392 0 0 1
0

0101000
-1939 0 +1938 0 *
Ve
1e-07
39.670567 43.66725 7.1
0 0

0101101
*
Ed
 1e-07 1 1 0
1  782 0 0 1.90049999999999
2  1563 391 0 0 1.90049999999999
2  1564 393 0 0 1.90049999999999
0

0101000
-1936 0 +1939 0 *
Ve
1e-07
39.670567 43.66725 6.1
0 0

0101101
*
Ed
 1e-07 1 1 0
1  783 0 0 1
2  1565 391 0 0 1
2  1566 394 0 0 1
0

0101000
-1936 0 +1934 0 *
Ed
 1e-07 1 1 0
1  784 0 0 1.90049999999999
2  1567 391 0 0 1.90049999999999
2  1568 395 0 0 1.90049999999999
0

0101000
-1934 0 +1938 0 *
Wi

0101100
-1937 0 -1935 0 +1933 0 +1932 0 *
Fa
0  1e-07 391 0

0111000
+1931 0 *
Ve
1e-07
40.82675 41.76675 7.1
0 0

0101101
*
Ve
1e-07
40.82675 41.76675 6.1
0 0

0101101
*
Ed
 1e-07 1 1 0
1  785 0 0 1
2  1569 396 0 0 1
2  1570 392 0 0 1
0

0101000
-1929 0 +1928 0 *
Ve
1e-07
40.82675 43.66725 7.1
0 0

0101101
*
Ed
 1e-07 1 1 0
1  786 0 0 1.90049999999999
2  1571 396 0 0 1.90049999999999
2  1572 393 0 0 1.90049999999999
0

0101000
-1926 0 +1929 0 *
Ve
1e-07
40.82675 43.66725 6.1
0 0

0101101
*
Ed
 1e-07 1 1 0
1  787 0 0 1
2  1573 396 0 0 1
2  1574 394 0 0 1
0

0101000
-1926 0 +1924 0 *
Ed
 1e-07 1 1 0
1  788 0 0 1.90049999999999
2  1575 396 0 0 1.90049999999999
2  1576 395 0 0 1.90049999999999
0

0101000
-1924 0 +1928 0 *
Wi

0101100
-1927 0 -1925 0 +1923 0 +1922 0 *
Fa
0  1e-07 396 0

0111000
+1921 0 *
Ed
 1e-07 1 1 0
1  789 0 0 1.156183
2  1577 392 0 0 1.156183
2  1578 395 0 0 1.156183
0

0101000
-1928 0 +1938 0 *
Ed
 1e-07 1 1 0
1  790 0 0 1.156183
2  1579 392 0 0 1.156183
2  1580 393 0 0 1.156183
0

0101000
-1929 0 +1939 0 *
Wi

0101100
-1919 0 -1927 0 +1918 0 +1937 0 *
Fa
0  1e-07 392 0

0111000
+1917 0 *
Ed
 1e-07 1 1 0
1  791 0 0 1.156183
2  1581 394 0 0 1.156183
2  1582 395 0 0 1.156183
0

0101000
-1924 0 +1934 0 *
Ed
 1e-07 1 1 0
1  792 0 0 1.156183
2  1583 394 0 0 1.156183
2  1584 393 0 0 1.156183
0

0101000
-1926 0 +1936 0 *
Wi

0101100
-1915 0 -1923 0 +1914 0 +1933 0 *
Fa
0  1e-07 394 0

0111000
+1913 0 *
Wi

0101100
-1932 0 -1915 0 +1922 0 +1919 0 *
Fa
0  1e-07 395 0

0111000
+1911 0 *
Wi

0101100
-1935 0 -1914 0 +1925 0 +1918 0 *
Fa
0  1e-07 393 0

0111000
+1909 0 *
Sh

0101100
-1930 0 +1920 0 -1916 0 +1912 0 -1910 0 +1908 0 *
So

0100000
+1907 0 *
Ve
1e-07
19.993567 13.98475 7.1
0 0

0101101
*
Ve
1e-07
19.993567 13.98475 6.1
0 0

0101101
*
Ed
 1e-07 1 1 0
1  793 0 0 1
2  1585 397 0 0 1
2  1586 398 0 0 1
0

0101000
-1905 0 +1904 0 *
Ve
1e-07
19.993567 15.88525 7.1
0 0

0101101
*
Ed
 1e-07 1 1 0
1  794 0 0 1.9005
2  1587 397 0 0 1.9005
2  1588 399 0 0 1.9005
0

0101000
-1902 0 +1905 0 *
Ve
1e-07
19.993567 15.88525 6.1
0 0

0101101
*
Ed
 1e-07 1 1 0
1  795 0 0 1
2  1589 397 0 0 1
2  1590 400 0 0 1
0

0101000
-1902 0 +1900 0 *
Ed
 1e-07 1 1 0
1  796 0 0 1.9005
2  1591 397 0 0 1.9005
2  1592 401 0 0 1.9005
0

0101000
-1900 0 +1904 0 *
Wi

0101100
-1903 0 -1901 0 +1899 0 +1898 0 *
Fa
0  1e-07 397 0

0111000
+1897 0 *
Ve
1e-07
21.14975 13.98475 7.1
0 0

0101101
*
Ve
1e-07
21.14975 13.98475 6.1
0 0

0101101
*
Ed
 1e-07 1 1 0
1  797 0 0 1
2  1593 402 0 0 1
2  1594 398 0 0 1
0

0101000
-1895 0 +1894 0 *
Ve
1e-07
21.14975 15.88525 7.1
0 0

0101101
*
Ed
 1e-07 1 1 0
1  798 0 0 1.9005
2  1595 402 0 0 1.9005
2  1596 399 0 0 1.9005
0

0101000
-1892 0 +1895 0 *
Ve
1e-07
21.14975 15.88525 6.1
0 0

0101101
*
Ed
 1e-07 1 1 0
1  799 0 0 1
2  1597 402 0 0 1
2  1598 400 0 0 1
0

0101000
-1892 0 +1890 0 *
Ed
 1e-07 1 1 0
1  800 0 0 1.9005
2  1599 402 0 0 1.9005
2  1600 401 0 0 1.9005
0

0101000
-1890 0 +1894 0 *
Wi

0101100
-1893 0 -1891 0 +1889 0 +1888 0 *
Fa
0  1e-07 402 0

0111000
+1887 0 *
Ed
 1e-07 1 1 0
1  801 0 0 1.156183
2  1601 398 0 0 1.156183
2  1602 401 0 0 1.156183
0

0101000
-1894 0 +1904 0 *
Ed
 1e-07 1 1 0
1  802 0 0 1.156183
2  1603 398 0 0 1.156183
2  1604 399 0 0 1.156183
0

0101000
-1895 0 +1905 0 *
Wi

0101100
-1885 0 -1893 0 +1884 0 +1903 0 *
Fa
0  1e-07 398 0

0111000
+1883 0 *
Ed
 1e-07 1 1 0
1  803 0 0 1.156183
2  1605 400 0 0 1.156183
2  1606 401 0 0 1.156183
0

0101000
-1890 0 +1900 0 *
Ed
 1e-07 1 1 0
1  804 0 0 1.156183
2  1607 400 0 0 1.156183
2  1608 399 0 0 1.156183
0

0101000
-1892 0 +1902 0 *
Wi

0101100
-1881 0 -1889 0 +1880 0 +1899 0 *
Fa
0  1e-07 400 0

0111000
+1879 0 *
Wi

0101100
-1898 0 -1881 0 +1888 0 +1885 0 *
Fa
0  1e-07 401 0

0111000
+1877 0 *
Wi

0101100
-1901 0 -1880 0 +1891 0 +1884 0 *
Fa
0  1e-07 399 0

0111000
+1875 0 *
Sh

0101100
-1896 0 +1886 0 -1882 0 +1878 0 -1876 0 +1874 0 *
So

0100000
+1873 0 *
Ve
1e-07
8.56356700000001 30.21575 7.1
0 0

0101101
*
Ve
1e-07
8.56356700000001 30.21575 6.1
0 0

0101101
*
Ed
 1e-07 1 1 0
1  805 0 0 1
2  1609 403 0 0 1
2  1610 404 0 0 1
0

0101000
-1871 0 +1870 0 *
Ve
1e-07
8.56356700000001 32.11625 7.1
0 0

0101101
*
Ed
 1e-07 1 1 0
1  806 0 0 1.90049999999999
2  1611 403 0 0 1.90049999999999
2  1612 405 0 0 1.90049999999999
0

0101000
-1868 0 +1871 0 *
Ve
1e-07
8.56356700000001 32.11625 6.1
0 0

0101101
*
Ed
 1e-07 1 1 0
1  807 0 0 1
2  1613 403 0 0 1
2  1614 406 0 0 1
0

0101000
-1868 0 +1866 0 *
Ed
 1e-07 1 1 0
1  808 0 0 1.90049999999999
2  1615 403 0 0 1.90049999999999
2  1616 407 0 0 1.90049999999999
0

0101000
-1866 0 +1870 0 *
Wi

0101100
-1869 0 -1867 0 +1865 0 +1864 0 *
Fa
0  1e-07 403 0

0111000
+1863 0 *
Ve
1e-07
9.71975 30.21575 7.1
0 0

0101101
*
Ve
1e-07
9.71975 30.21575 6.1
0 0

0101101
*
Ed
 1e-07 1 1 0
1  809 0 0 1
2  1617 408 0 0 1
2  1618 404 0 0 1
0

0101000
-1861 0 +1860 0 *
Ve
1e-07
9.71975 32.11625 7.1
0 0

0101101
*
Ed
 1e-07 1 1 0
1  810 0 0 1.90049999999999
2  1619 408 0 0 1.90049999999999
2  1620 405 0 0 1.90049999999999
0

0101000
-1858 0 +1861 0 *
Ve
1e-07
9.71975 32.11625 6.1
0 0

0101101
*
Ed
 1e-07 1 1 0
1  811 0 0 1
2  1621 408 0 0 1
2  1622 406 0 0 1
0

0101000
-1858 0 +1856 0 *
Ed
 1e-07 1 1 0
1  812 0 0 1.90049999999999
2  1623 408 0 0 1.90049999999999
2  1624 407 0 0 1.90049999999999
0

0101000
-1856 0 +1860 0 *
Wi

0101100
-1859 0 -1857 0 +1855 0 +1854 0 *
Fa
0  1e-07 408 0

0111000
+1853 0 *
Ed
 1e-07 1 1 0
1  813 0 0 1.156183
2  1625 404 0 0 1.156183
2  1626 407 0 0 1.156183
0

0101000
-1860 0 +1870 0 *
Ed
 1e-07 1 1 0
1  814 0 0 1.156183
2  1627 404 0 0 1.156183
2  1628 405 0 0 1.156183
0

0101000
-1861 0 +1871 0 *
Wi

0101100
-1851 0 -1859 0 +1850 0 +1869 0 *
Fa
0  1e-07 404 0

0111000
+1849 0 *
Ed
 1e-07 1 1 0
1  815 0 0 1.156183
2  1629 406 0 0 1.156183
2  1630 407 0 0 1.156183
0

0101000
-1856 0 +1866 0 *
Ed
 1e-07 1 1 0
1  816 0 0 1.156183
2  1631 406 0 0 1.156183
2  1632 405 0 0 1.156183
0

0101000
-1858 0 +1868 0 *
Wi

0101100
-1847 0 -1855 0 +1846 0 +1865 0 *
Fa
0  1e-07 406 0

0111000
+1845 0 *
Wi

0101100
-1864 0 -1847 0 +1854 0 +1851 0 *
Fa
0  1e-07 407 0

0111000
+1843 0 *
Wi

0101100
-1867 0 -1846 0 +1857 0 +1850 0 *
Fa
0  1e-07 405 0

0111000
+1841 0 *
Sh

0101100
-1862 0 +1852 0 -1848 0 +1844 0 -1842 0 +1840 0 *
So

0100000
+1839 0 *
Ve
1e-07
23.17325 9.46375 7.1
0 0

0101101
*
Ve
1e-07
23.17325 9.46375 6.1
0 0

0101101
*
Ed
 1e-07 1 1 0
1  817 0 0 1
2  1633 409 0 0 1
2  1634 410 0 0 1
0

0101000
-1837 0 +1836 0 *
Ve
1e-07
23.17325 11.36425 7.1
0 0

0101101
*
Ed
 1e-07 1 1 0
1  818 0 0 1.9005
2  1635 409 0 0 1.9005
2  1636 411 0 0 1.9005
0

0101000
-1834 0 +1837 0 *
Ve
1e-07
23.17325 11.36425 6.1
0 0

0101101
*
Ed
 1e-07 1 1 0
1  819 0 0 1
2  1637 409 0 0 1
2  1638 412 0 0 1
0

0101000
-1834 0 +1832 0 *
Ed
 1e-07 1 1 0
1  820 0 0 1.9005
2  1639 409 0 0 1.9005
2  1640 413 0 0 1.9005
0

0101000
-1832 0 +1836 0 *
Wi

0101100
-1835 0 -1833 0 +1831 0 +1830 0 *
Fa
0  1e-07 409 0

0111000
+1829 0 *
Ve
1e-07
24.329433 9.46375 7.1
0 0

0101101
*
Ve
1e-07
24.329433 9.46375 6.1
0 0

0101101
*
Ed
 1e-07 1 1 0
1  821 0 0 1
2  1641 414 0 0 1
2  1642 410 0 0 1
0

0101000
-1827 0 +1826 0 *
Ve
1e-07
24.329433 11.36425 7.1
0 0

0101101
*
Ed
 1e-07 1 1 0
1  822 0 0 1.9005
2  1643 414 0 0 1.9005
2  1644 411 0 0 1.9005
0

0101000
-1824 0 +1827 0 *
Ve
1e-07
24.329433 11.36425 6.1
0 0

0101101
*
Ed
 1e-07 1 1 0
1  823 0 0 1
2  1645 414 0 0 1
2  1646 412 0 0 1
0

0101000
-1824 0 +1822 0 *
Ed
 1e-07 1 1 0
1  824 0 0 1.9005
2  1647 414 0 0 1.9005
2  1648 413 0 0 1.9005
0

0101000
-1822 0 +1826 0 *
Wi

0101100
-1825 0 -1823 0 +1821 0 +1820 0 *
Fa
0  1e-07 414 0

0111000
+1819 0 *
Ed
 1e-07 1 1 0
1  825 0 0 1.156183
2  1649 410 0 0 1.156183
2  1650 413 0 0 1.156183
0

0101000
-1826 0 +1836 0 *
Ed
 1e-07 1 1 0
1  826 0 0 1.156183
2  1651 410 0 0 1.156183
2  1652 411 0 0 1.156183
0

0101000
-1827 0 +1837 0 *
Wi

0101100
-1817 0 -1825 0 +1816 0 +1835 0 *
Fa
0  1e-07 410 0

0111000
+1815 0 *
Ed
 1e-07 1 1 0
1  827 0 0 1.156183
2  1653 412 0 0 1.156183
2  1654 413 0 0 1.156183
0

0101000
-1822 0 +1832 0 *
Ed
 1e-07 1 1 0
1  828 0 0 1.156183
2  1655 412 0 0 1.156183
2  1656 411 0 0 1.156183
0

0101000
-1824 0 +1834 0 *
Wi

0101100
-1813 0 -1821 0 +1812 0 +1831 0 *
Fa
0  1e-07 412 0

0111000
+1811 0 *
Wi

0101100
-1830 0 -1813 0 +1820 0 +1817 0 *
Fa
0  1e-07 413 0

0111000
+1809 0 *
Wi

0101100
-1833 0 -1812 0 +1823 0 +1816 0 *
Fa
0  1e-07 411 0

0111000
+1807 0 *
Sh

0101100
-1828 0 +1818 0 -1814 0 +1810 0 -1808 0 +1806 0 *
So

0100000
+1805 0 *
Ve
1e-07
4.999 28.3275 7.1
0 0

0101101
*
Ve
1e-07
4.999 28.3275 5.8
0 0

0101101
*
Ed
 1e-07 1 1 0
1  829 0 0 1.3
2  1657 415 0 0 1.3
2  1658 416 0 0 1.3
0

0101000
-1803 0 +1802 0 *
Ve
1e-07
4.999 32.257 7.1
0 0

0101101
*
Ed
 1e-07 1 1 0
1  830 0 0 3.9295
2  1659 415 0 0 3.9295
2  1660 417 0 0 3.9295
0

0101000
-1800 0 +1803 0 *
Ve
1e-07
4.999 32.257 5.8
0 0

0101101
*
Ed
 1e-07 1 1 0
1  831 0 0 1.3
2  1661 415 0 0 1.3
2  1662 418 0 0 1.3
0

0101000
-1800 0 +1798 0 *
Ed
 1e-07 1 1 0
1  832 0 0 3.9295
2  1663 415 0 0 3.9295
2  1664 419 0 0 3.9295
0

0101000
-1798 0 +1802 0 *
Wi

0101100
-1801 0 -1799 0 +1797 0 +1796 0 *
Fa
0  1e-07 415 0

0111000
+1795 0 *
Ve
1e-07
8.249 28.3275 7.1
0 0

0101101
*
Ve
1e-07
8.249 28.3275 5.8
0 0

0101101
*
Ed
 1e-07 1 1 0
1  833 0 0 1.3
2  1665 420 0 0 1.3
2  1666 416 0 0 1.3
0

0101000
-1793 0 +1792 0 *
Ve
1e-07
8.249 32.257 7.1
0 0

0101101
*
Ed
 1e-07 1 1 0
1  834 0 0 3.9295
2  1667 420 0 0 3.9295
2  1668 417 0 0 3.9295
0

0101000
-1790 0 +1793 0 *
Ve
1e-07
8.249 32.257 5.8
0 0

0101101
*
Ed
 1e-07 1 1 0
1  835 0 0 1.3
2  1669 420 0 0 1.3
2  1670 418 0 0 1.3
0

0101000
-1790 0 +1788 0 *
Ed
 1e-07 1 1 0
1  836 0 0 3.9295
2  1671 420 0 0 3.9295
2  1672 419 0 0 3.9295
0

0101000
-1788 0 +1792 0 *
Wi

0101100
-1791 0 -1789 0 +1787 0 +1786 0 *
Fa
0  1e-07 420 0

0111000
+1785 0 *
Ed
 1e-07 1 1 0
1  837 0 0 3.25
2  1673 416 0 0 3.25
2  1674 419 0 0 3.25
0

0101000
-1792 0 +1802 0 *
Ed
 1e-07 1 1 0
1  838 0 0 3.25
2  1675 416 0 0 3.25
2  1676 417 0 0 3.25
0

0101000
-1793 0 +1803 0 *
Wi

0101100
-1783 0 -1791 0 +1782 0 +1801 0 *
Fa
0  1e-07 416 0

0111000
+1781 0 *
Ed
 1e-07 1 1 0
1  839 0 0 3.25
2  1677 418 0 0 3.25
2  1678 419 0 0 3.25
0

0101000
-1788 0 +1798 0 *
Ed
 1e-07 1 1 0
1  840 0 0 3.25
2  1679 418 0 0 3.25
2  1680 417 0 0 3.25
0

0101000
-1790 0 +1800 0 *
Wi

0101100
-1779 0 -1787 0 +1778 0 +1797 0 *
Fa
0  1e-07 418 0

0111000
+1777 0 *
Wi

0101100
-1796 0 -1779 0 +1786 0 +1783 0 *
Fa
0  1e-07 419 0

0111000
+1775 0 *
Wi

0101100
-1799 0 -1778 0 +1789 0 +1782 0 *
Fa
0  1e-07 417 0

0111000
+1773 0 *
Sh

0101100
-1794 0 +1784 0 -1780 0 +1776 0 -1774 0 +1772 0 *
So

0100000
+1771 0 *
Ve
1e-07
25.726 65.8485 7.1
0 0

0101101
*
Ve
1e-07
25.726 65.8485 5.8
0 0

0101101
*
Ed
 1e-07 1 1 0
1  841 0 0 1.3
2  1681 421 0 0 1.3
2  1682 422 0 0 1.3
0

0101000
-1769 0 +1768 0 *
Ve
1e-07
25.726 69.581 7.1
0 0

0101101
*
Ed
 1e-07 1 1 0
1  842 0 0 3.7325
2  1683 421 0 0 3.7325
2  1684 423 0 0 3.7325
0

0101000
-1766 0 +1769 0 *
Ve
1e-07
25.726 69.581 5.8
0 0

0101101
*
Ed
 1e-07 1 1 0
1  843 0 0 1.3
2  1685 421 0 0 1.3
2  1686 424 0 0 1.3
0

0101000
-1766 0 +1764 0 *
Ed
 1e-07 1 1 0
1  844 0 0 3.7325
2  1687 421 0 0 3.7325
2  1688 425 0 0 3.7325
0

0101000
-1764 0 +1768 0 *
Wi

0101100
-1767 0 -1765 0 +1763 0 +1762 0 *
Fa
0  1e-07 421 0

0111000
+1761 0 *
Ve
1e-07
29.646 65.8485 7.1
0 0

0101101
*
Ve
1e-07
29.646 65.8485 5.8
0 0

0101101
*
Ed
 1e-07 1 1 0
1  845 0 0 1.3
2  1689 426 0 0 1.3
2  1690 422 0 0 1.3
0

0101000
-1759 0 +1758 0 *
Ve
1e-07
29.646 69.581 7.1
0 0

0101101
*
Ed
 1e-07 1 1 0
1  846 0 0 3.7325
2  1691 426 0 0 3.7325
2  1692 423 0 0 3.7325
0

0101000
-1756 0 +1759 0 *
Ve
1e-07
29.646 69.581 5.8
0 0

0101101
*
Ed
 1e-07 1 1 0
1  847 0 0 1.3
2  1693 426 0 0 1.3
2  1694 424 0 0 1.3
0

0101000
-1756 0 +1754 0 *
Ed
 1e-07 1 1 0
1  848 0 0 3.7325
2  1695 426 0 0 3.7325
2  1696 425 0 0 3.7325
0

0101000
-1754 0 +1758 0 *
Wi

0101100
-1757 0 -1755 0 +1753 0 +1752 0 *
Fa
0  1e-07 426 0

0111000
+1751 0 *
Ed
 1e-07 1 1 0
1  849 0 0 3.91999999999999
2  1697 422 0 0 3.91999999999999
2  1698 425 0 0 3.91999999999999
0

0101000
-1758 0 +1768 0 *
Ed
 1e-07 1 1 0
1  850 0 0 3.91999999999999
2  1699 422 0 0 3.91999999999999
2  1700 423 0 0 3.91999999999999
0

0101000
-1759 0 +1769 0 *
Wi

0101100
-1749 0 -1757 0 +1748 0 +1767 0 *
Fa
0  1e-07 422 0

0111000
+1747 0 *
Ed
 1e-07 1 1 0
1  851 0 0 3.91999999999999
2  1701 424 0 0 3.91999999999999
2  1702 425 0 0 3.91999999999999
0

0101000
-1754 0 +1764 0 *
Ed
 1e-07 1 1 0
1  852 0 0 3.91999999999999
2  1703 424 0 0 3.91999999999999
2  1704 423 0 0 3.91999999999999
0

0101000
-1756 0 +1766 0 *
Wi

0101100
-1745 0 -1753 0 +1744 0 +1763 0 *
Fa
0  1e-07 424 0

0111000
+1743 0 *
Wi

0101100
-1762 0 -1745 0 +1752 0 +1749 0 *
Fa
0  1e-07 425 0

0111000
+1741 0 *
Wi

0101100
-1765 0 -1744 0 +1755 0 +1748 0 *
Fa
0  1e-07 423 0

0111000
+1739 0 *
Sh

0101100
-1760 0 +1750 0 -1746 0 +1742 0 -1740 0 +1738 0 *
So

0100000
+1737 0 *
Ve
1e-07
30.4225 60.0895 7.1
0 0

0101101
*
Ve
1e-07
30.4225 60.0895 5.8
0 0

0101101
*
Ed
 1e-07 1 1 0
1  853 0 0 1.3
2  1705 427 0 0 1.3
2  1706 428 0 0 1.3
0

0101000
-1735 0 +1734 0 *
Ve
1e-07
30.4225 64.9745 7.1
0 0

0101101
*
Ed
 1e-07 1 1 0
1  854 0 0 4.88500000000001
2  1707 427 0 0 4.88500000000001
2  1708 429 0 0 4.88500000000001
0

0101000
-1732 0 +1735 0 *
Ve
1e-07
30.4225 64.9745 5.8
0 0

0101101
*
Ed
 1e-07 1 1 0
1  855 0 0 1.3
2  1709 427 0 0 1.3
2  1710 430 0 0 1.3
0

0101000
-1732 0 +1730 0 *
Ed
 1e-07 1 1 0
1  856 0 0 4.88500000000001
2  1711 427 0 0 4.88500000000001
2  1712 431 0 0 4.88500000000001
0

0101000
-1730 0 +1734 0 *
Wi

0101100
-1733 0 -1731 0 +1729 0 +1728 0 *
Fa
0  1e-07 427 0

0111000
+1727 0 *
Ve
1e-07
32.853433 60.0895 7.1
0 0

0101101
*
Ve
1e-07
32.853433 60.0895 5.8
0 0

0101101
*
Ed
 1e-07 1 1 0
1  857 0 0 1.3
2  1713 432 0 0 1.3
2  1714 428 0 0 1.3
0

0101000
-1725 0 +1724 0 *
Ve
1e-07
32.853433 64.9745 7.1
0 0

0101101
*
Ed
 1e-07 1 1 0
1  858 0 0 4.88500000000001
2  1715 432 0 0 4.88500000000001
2  1716 429 0 0 4.88500000000001
0

0101000
-1722 0 +1725 0 *
Ve
1e-07
32.853433 64.9745 5.8
0 0

0101101
*
Ed
 1e-07 1 1 0
1  859 0 0 1.3
2  1717 432 0 0 1.3
2  1718 430 0 0 1.3
0

0101000
-1722 0 +1720 0 *
Ed
 1e-07 1 1 0
1  860 0 0 4.88500000000001
2  1719 432 0 0 4.88500000000001
2  1720 431 0 0 4.88500000000001
0

0101000
-1720 0 +1724 0 *
Wi

0101100
-1723 0 -1721 0 +1719 0 +1718 0 *
Fa
0  1e-07 432 0

0111000
+1717 0 *
Ed
 1e-07 1 1 0
1  861 0 0 2.43093299999998
2  1721 428 0 0 2.43093299999998
2  1722 431 0 0 2.43093299999998
0

0101000
-1724 0 +1734 0 *
Ed
 1e-07 1 1 0
1  862 0 0 2.43093299999998
2  1723 428 0 0 2.43093299999998
2  1724 429 0 0 2.43093299999998
0

0101000
-1725 0 +1735 0 *
Wi

0101100
-1715 0 -1723 0 +1714 0 +1733 0 *
Fa
0  1e-07 428 0

0111000
+1713 0 *
Ed
 1e-07 1 1 0
1  863 0 0 2.43093299999998
2  1725 430 0 0 2.43093299999998
2  1726 431 0 0 2.43093299999998
0

0101000
-1720 0 +1730 0 *
Ed
 1e-07 1 1 0
1  864 0 0 2.43093299999998
2  1727 430 0 0 2.43093299999998
2  1728 429 0 0 2.43093299999998
0

0101000
-1722 0 +1732 0 *
Wi

0101100
-1711 0 -1719 0 +1710 0 +1729 0 *
Fa
0  1e-07 430 0

0111000
+1709 0 *
Wi

0101100
-1728 0 -1711 0 +1718 0 +1715 0 *
Fa
0  1e-07 431 0

0111000
+1707 0 *
Wi

0101100
-1731 0 -1710 0 +1721 0 +1714 0 *
Fa
0  1e-07 429 0

0111000
+1705 0 *
Sh

0101100
-1726 0 +1716 0 -1712 0 +1708 0 -1706 0 +1704 0 *
So

0100000
+1703 0 *
Ve
1e-07
21.281067 13.97975 7.1
0 0

0101101
*
Ve
1e-07
21.281067 13.97975 6.1
0 0

0101101
*
Ed
 1e-07 1 1 0
1  865 0 0 1
2  1729 433 0 0 1
2  1730 434 0 0 1
0

0101000
-1701 0 +1700 0 *
Ve
1e-07
21.281067 15.88025 7.1
0 0

0101101
*
Ed
 1e-07 1 1 0
1  866 0 0 1.9005
2  1731 433 0 0 1.9005
2  1732 435 0 0 1.9005
0

0101000
-1698 0 +1701 0 *
Ve
1e-07
21.281067 15.88025 6.1
0 0

0101101
*
Ed
 1e-07 1 1 0
1  867 0 0 1
2  1733 433 0 0 1
2  1734 436 0 0 1
0

0101000
-1698 0 +1696 0 *
Ed
 1e-07 1 1 0
1  868 0 0 1.9005
2  1735 433 0 0 1.9005
2  1736 437 0 0 1.9005
0

0101000
-1696 0 +1700 0 *
Wi

0101100
-1699 0 -1697 0 +1695 0 +1694 0 *
Fa
0  1e-07 433 0

0111000
+1693 0 *
Ve
1e-07
22.43725 13.97975 7.1
0 0

0101101
*
Ve
1e-07
22.43725 13.97975 6.1
0 0

0101101
*
Ed
 1e-07 1 1 0
1  869 0 0 1
2  1737 438 0 0 1
2  1738 434 0 0 1
0

0101000
-1691 0 +1690 0 *
Ve
1e-07
22.43725 15.88025 7.1
0 0

0101101
*
Ed
 1e-07 1 1 0
1  870 0 0 1.9005
2  1739 438 0 0 1.9005
2  1740 435 0 0 1.9005
0

0101000
-1688 0 +1691 0 *
Ve
1e-07
22.43725 15.88025 6.1
0 0

0101101
*
Ed
 1e-07 1 1 0
1  871 0 0 1
2  1741 438 0 0 1
2  1742 436 0 0 1
0

0101000
-1688 0 +1686 0 *
Ed
 1e-07 1 1 0
1  872 0 0 1.9005
2  1743 438 0 0 1.9005
2  1744 437 0 0 1.9005
0

0101000
-1686 0 +1690 0 *
Wi

0101100
-1689 0 -1687 0 +1685 0 +1684 0 *
Fa
0  1e-07 438 0

0111000
+1683 0 *
Ed
 1e-07 1 1 0
1  873 0 0 1.15618300000001
2  1745 434 0 0 1.15618300000001
2  1746 437 0 0 1.15618300000001
0

0101000
-1690 0 +1700 0 *
Ed
 1e-07 1 1 0
1  874 0 0 1.15618300000001
2  1747 434 0 0 1.15618300000001
2  1748 435 0 0 1.15618300000001
0

0101000
-1691 0 +1701 0 *
Wi

0101100
-1681 0 -1689 0 +1680 0 +1699 0 *
Fa
0  1e-07 434 0

0111000
+1679 0 *
Ed
 1e-07 1 1 0
1  875 0 0 1.15618300000001
2  1749 436 0 0 1.15618300000001
2  1750 437 0 0 1.15618300000001
0

0101000
-1686 0 +1696 0 *
Ed
 1e-07 1 1 0
1  876 0 0 1.15618300000001
2  1751 436 0 0 1.15618300000001
2  1752 435 0 0 1.15618300000001
0

0101000
-1688 0 +1698 0 *
Wi

0101100
-1677 0 -1685 0 +1676 0 +1695 0 *
Fa
0  1e-07 436 0

0111000
+1675 0 *
Wi

0101100
-1694 0 -1677 0 +1684 0 +1681 0 *
Fa
0  1e-07 437 0

0111000
+1673 0 *
Wi

0101100
-1697 0 -1676 0 +1687 0 +1680 0 *
Fa
0  1e-07 435 0

0111000
+1671 0 *
Sh

0101100
-1692 0 +1682 0 -1678 0 +1674 0 -1672 0 +1670 0 *
So

0100000
+1669 0 *
Ve
1e-07
20.18875 18.596567 7.1
0 0

0101101
*
Ve
1e-07
20.18875 18.596567 6.4
0 0

0101101
*
Ed
 1e-07 1 1 0
1  877 0 0 0.7
2  1753 439 0 0 0.7
2  1754 440 0 0 0.7
0

0101000
-1667 0 +1666 0 *
Ve
1e-07
20.18875 19.75175 7.1
0 0

0101101
*
Ed
 1e-07 1 1 0
1  878 0 0 1.15518300000001
2  1755 439 0 0 1.15518300000001
2  1756 441 0 0 1.15518300000001
0

0101000
-1664 0 +1667 0 *
Ve
1e-07
20.18875 19.75175 6.4
0 0

0101101
*
Ed
 1e-07 1 1 0
1  879 0 0 0.7
2  1757 439 0 0 0.7
2  1758 442 0 0 0.7
0

0101000
-1664 0 +1662 0 *
Ed
 1e-07 1 1 0
1  880 0 0 1.15518300000001
2  1759 439 0 0 1.15518300000001
2  1760 443 0 0 1.15518300000001
0

0101000
-1662 0 +1666 0 *
Wi

0101100
-1665 0 -1663 0 +1661 0 +1660 0 *
Fa
0  1e-07 439 0

0111000
+1659 0 *
Ve
1e-07
22.22925 18.596567 7.1
0 0

0101101
*
Ve
1e-07
22.22925 18.596567 6.4
0 0

0101101
*
Ed
 1e-07 1 1 0
1  881 0 0 0.7
2  1761 444 0 0 0.7
2  1762 440 0 0 0.7
0

0101000
-1657 0 +1656 0 *
Ve
1e-07
22.22925 19.75175 7.1
0 0

0101101
*
Ed
 1e-07 1 1 0
1  882 0 0 1.15518300000001
2  1763 444 0 0 1.15518300000001
2  1764 441 0 0 1.15518300000001
0

0101000
-1654 0 +1657 0 *
Ve
1e-07
22.22925 19.75175 6.4
0 0

0101101
*
Ed
 1e-07 1 1 0
1  883 0 0 0.7
2  1765 444 0 0 0.7
2  1766 442 0 0 0.7
0

0101000
-1654 0 +1652 0 *
Ed
 1e-07 1 1 0
1  884 0 0 1.15518300000001
2  1767 444 0 0 1.15518300000001
2  1768 443 0 0 1.15518300000001
0

0101000
-1652 0 +1656 0 *
Wi

0101100
-1655 0 -1653 0 +1651 0 +1650 0 *
Fa
0  1e-07 444 0

0111000
+1649 0 *
Ed
 1e-07 1 1 0
1  885 0 0 2.04049999999999
2  1769 440 0 0 2.04049999999999
2  1770 443 0 0 2.04049999999999
0

0101000
-1656 0 +1666 0 *
Ed
 1e-07 1 1 0
1  886 0 0 2.04049999999999
2  1771 440 0 0 2.04049999999999
2  1772 441 0 0 2.04049999999999
0

0101000
-1657 0 +1667 0 *
Wi

0101100
-1647 0 -1655 0 +1646 0 +1665 0 *
Fa
0  1e-07 440 0

0111000
+1645 0 *
Ed
 1e-07 1 1 0
1  887 0 0 2.04049999999999
2  1773 442 0 0 2.04049999999999
2  1774 443 0 0 2.04049999999999
0

0101000
-1652 0 +1662 0 *
Ed
 1e-07 1 1 0
1  888 0 0 2.04049999999999
2  1775 442 0 0 2.04049999999999
2  1776 441 0 0 2.04049999999999
0

0101000
-1654 0 +1664 0 *
Wi

0101100
-1643 0 -1651 0 +1642 0 +1661 0 *
Fa
0  1e-07 442 0

0111000
+1641 0 *
Wi

0101100
-1660 0 -1643 0 +1650 0 +1647 0 *
Fa
0  1e-07 443 0

0111000
+1639 0 *
Wi

0101100
-1663 0 -1642 0 +1653 0 +1646 0 *
Fa
0  1e-07 441 0

0111000
+1637 0 *
Sh

0101100
-1658 0 +1648 0 -1644 0 +1640 0 -1638 0 +1636 0 *
So

0100000
+1635 0 *
Ve
1e-07
25.708567 44.62075 7.1
0 0

0101101
*
Ve
1e-07
25.708567 44.62075 6.4
0 0

0101101
*
Ed
 1e-07 1 1 0
1  889 0 0 0.7
2  1777 445 0 0 0.7
2  1778 446 0 0 0.7
0

0101000
-1633 0 +1632 0 *
Ve
1e-07
25.708567 46.66125 7.1
0 0

0101101
*
Ed
 1e-07 1 1 0
1  890 0 0 2.04049999999999
2  1779 445 0 0 2.04049999999999
2  1780 447 0 0 2.04049999999999
0

0101000
-1630 0 +1633 0 *
Ve
1e-07
25.708567 46.66125 6.4
0 0

0101101
*
Ed
 1e-07 1 1 0
1  891 0 0 0.7
2  1781 445 0 0 0.7
2  1782 448 0 0 0.7
0

0101000
-1630 0 +1628 0 *
Ed
 1e-07 1 1 0
1  892 0 0 2.04049999999999
2  1783 445 0 0 2.04049999999999
2  1784 449 0 0 2.04049999999999
0

0101000
-1628 0 +1632 0 *
Wi

0101100
-1631 0 -1629 0 +1627 0 +1626 0 *
Fa
0  1e-07 445 0

0111000
+1625 0 *
Ve
1e-07
26.86375 44.62075 7.1
0 0

0101101
*
Ve
1e-07
26.86375 44.62075 6.4
0 0

0101101
*
Ed
 1e-07 1 1 0
1  893 0 0 0.7
2  1785 450 0 0 0.7
2  1786 446 0 0 0.7
0

0101000
-1623 0 +1622 0 *
Ve
1e-07
26.86375 46.66125 7.1
0 0

0101101
*
Ed
 1e-07 1 1 0
1  894 0 0 2.04049999999999
2  1787 450 0 0 2.04049999999999
2  1788 447 0 0 2.04049999999999
0

0101000
-1620 0 +1623 0 *
Ve
1e-07
26.86375 46.66125 6.4
0 0

0101101
*
Ed
 1e-07 1 1 0
1  895 0 0 0.7
2  1789 450 0 0 0.7
2  1790 448 0 0 0.7
0

0101000
-1620 0 +1618 0 *
Ed
 1e-07 1 1 0
1  896 0 0 2.04049999999999
2  1791 450 0 0 2.04049999999999
2  1792 449 0 0 2.04049999999999
0

0101000
-1618 0 +1622 0 *
Wi

0101100
-1621 0 -1619 0 +1617 0 +1616 0 *
Fa
0  1e-07 450 0

0111000
+1615 0 *
Ed
 1e-07 1 1 0
1  897 0 0 1.15518299999999
2  1793 446 0 0 1.15518299999999
2  1794 449 0 0 1.15518299999999
0

0101000
-1622 0 +1632 0 *
Ed
 1e-07 1 1 0
1  898 0 0 1.15518299999999
2  1795 446 0 0 1.15518299999999
2  1796 447 0 0 1.15518299999999
0

0101000
-1623 0 +1633 0 *
Wi

0101100
-1613 0 -1621 0 +1612 0 +1631 0 *
Fa
0  1e-07 446 0

0111000
+1611 0 *
Ed
 1e-07 1 1 0
1  899 0 0 1.15518299999999
2  1797 448 0 0 1.15518299999999
2  1798 449 0 0 1.15518299999999
0

0101000
-1618 0 +1628 0 *
Ed
 1e-07 1 1 0
1  900 0 0 1.15518299999999
2  1799 448 0 0 1.15518299999999
2  1800 447 0 0 1.15518299999999
0

0101000
-1620 0 +1630 0 *
Wi

0101100
-1609 0 -1617 0 +1608 0 +1627 0 *
Fa
0  1e-07 448 0

0111000
+1607 0 *
Wi

0101100
-1626 0 -1609 0 +1616 0 +1613 0 *
Fa
0  1e-07 449 0

0111000
+1605 0 *
Wi

0101100
-1629 0 -1608 0 +1619 0 +1612 0 *
Fa
0  1e-07 447 0

0111000
+1603 0 *
Sh

0101100
-1624 0 +1614 0 -1610 0 +1606 0 -1604 0 +1602 0 *
So

0100000
+1601 0 *
Ve
1e-07
31.453 46.8115 7.1
0 0

0101101
*
Ve
1e-07
31.453 46.8115 5.8
0 0

0101101
*
Ed
 1e-07 1 1 0
1  901 0 0 1.3
2  1801 451 0 0 1.3
2  1802 452 0 0 1.3
0

0101000
-1599 0 +1598 0 *
Ve
1e-07
31.453 50.467 7.1
0 0

0101101
*
Ed
 1e-07 1 1 0
1  902 0 0 3.6555
2  1803 451 0 0 3.6555
2  1804 453 0 0 3.6555
0

0101000
-1596 0 +1599 0 *
Ve
1e-07
31.453 50.467 5.8
0 0

0101101
*
Ed
 1e-07 1 1 0
1  903 0 0 1.3
2  1805 451 0 0 1.3
2  1806 454 0 0 1.3
0

0101000
-1596 0 +1594 0 *
Ed
 1e-07 1 1 0
1  904 0 0 3.6555
2  1807 451 0 0 3.6555
2  1808 455 0 0 3.6555
0

0101000
-1594 0 +1598 0 *
Wi

0101100
-1597 0 -1595 0 +1593 0 +1592 0 *
Fa
0  1e-07 451 0

0111000
+1591 0 *
Ve
1e-07
35.603 46.8115 7.1
0 0

0101101
*
Ve
1e-07
35.603 46.8115 5.8
0 0

0101101
*
Ed
 1e-07 1 1 0
1  905 0 0 1.3
2  1809 456 0 0 1.3
2  1810 452 0 0 1.3
0

0101000
-1589 0 +1588 0 *
Ve
1e-07
35.603 50.467 7.1
0 0

0101101
*
Ed
 1e-07 1 1 0
1  906 0 0 3.6555
2  1811 456 0 0 3.6555
2  1812 453 0 0 3.6555
0

0101000
-1586 0 +1589 0 *
Ve
1e-07
35.603 50.467 5.8
0 0

0101101
*
Ed
 1e-07 1 1 0
1  907 0 0 1.3
2  1813 456 0 0 1.3
2  1814 454 0 0 1.3
0

0101000
-1586 0 +1584 0 *
Ed
 1e-07 1 1 0
1  908 0 0 3.6555
2  1815 456 0 0 3.6555
2  1816 455 0 0 3.6555
0

0101000
-1584 0 +1588 0 *
Wi

0101100
-1587 0 -1585 0 +1583 0 +1582 0 *
Fa
0  1e-07 456 0

0111000
+1581 0 *
Ed
 1e-07 1 1 0
1  909 0 0 4.15000000000001
2  1817 452 0 0 4.15000000000001
2  1818 455 0 0 4.15000000000001
0

0101000
-1588 0 +1598 0 *
Ed
 1e-07 1 1 0
1  910 0 0 4.15000000000001
2  1819 452 0 0 4.15000000000001
2  1820 453 0 0 4.15000000000001
0

0101000
-1589 0 +1599 0 *
Wi

0101100
-1579 0 -1587 0 +1578 0 +1597 0 *
Fa
0  1e-07 452 0

0111000
+1577 0 *
Ed
 1e-07 1 1 0
1  911 0 0 4.15000000000001
2  1821 454 0 0 4.15000000000001
2  1822 455 0 0 4.15000000000001
0

0101000
-1584 0 +1594 0 *
Ed
 1e-07 1 1 0
1  912 0 0 4.15000000000001
2  1823 454 0 0 4.15000000000001
2  1824 453 0 0 4.15000000000001
0

0101000
-1586 0 +1596 0 *
Wi

0101100
-1575 0 -1583 0 +1574 0 +1593 0 *
Fa
0  1e-07 454 0

0111000
+1573 0 *
Wi

0101100
-1592 0 -1575 0 +1582 0 +1579 0 *
Fa
0  1e-07 455 0

0111000
+1571 0 *
Wi

0101100
-1595 0 -1574 0 +1585 0 +1578 0 *
Fa
0  1e-07 453 0

0111000
+1569 0 *
Sh

0101100
-1590 0 +1580 0 -1576 0 +1572 0 -1570 0 +1568 0 *
So

0100000
+1567 0 *
Ve
1e-07
4.47024999999999 39.599567 7.1
0 0

0101101
*
Ve
1e-07
4.47024999999999 39.599567 6.1
0 0

0101101
*
Ed
 1e-07 1 1 0
1  913 0 0 1
2  1825 457 0 0 1
2  1826 458 0 0 1
0

0101000
-1565 0 +1564 0 *
Ve
1e-07
4.47024999999999 40.75475 7.1
0 0

0101101
*
Ed
 1e-07 1 1 0
1  914 0 0 1.15518300000001
2  1827 457 0 0 1.15518300000001
2  1828 459 0 0 1.15518300000001
0

0101000
-1562 0 +1565 0 *
Ve
1e-07
4.47024999999999 40.75475 6.1
0 0

0101101
*
Ed
 1e-07 1 1 0
1  915 0 0 1
2  1829 457 0 0 1
2  1830 460 0 0 1
0

0101000
-1562 0 +1560 0 *
Ed
 1e-07 1 1 0
1  916 0 0 1.15518300000001
2  1831 457 0 0 1.15518300000001
2  1832 461 0 0 1.15518300000001
0

0101000
-1560 0 +1564 0 *
Wi

0101100
-1563 0 -1561 0 +1559 0 +1558 0 *
Fa
0  1e-07 457 0

0111000
+1557 0 *
Ve
1e-07
6.95975199999999 39.599567 7.1
0 0

0101101
*
Ve
1e-07
6.95975199999999 39.599567 6.1
0 0

0101101
*
Ed
 1e-07 1 1 0
1  917 0 0 1
2  1833 462 0 0 1
2  1834 458 0 0 1
0

0101000
-1555 0 +1554 0 *
Ve
1e-07
6.95975199999999 40.75475 7.1
0 0

0101101
*
Ed
 1e-07 1 1 0
1  918 0 0 1.15518300000001
2  1835 462 0 0 1.15518300000001
2  1836 459 0 0 1.15518300000001
0

0101000
-1552 0 +1555 0 *
Ve
1e-07
6.95975199999999 40.75475 6.1
0 0

0101101
*
Ed
 1e-07 1 1 0
1  919 0 0 1
2  1837 462 0 0 1
2  1838 460 0 0 1
0

0101000
-1552 0 +1550 0 *
Ed
 1e-07 1 1 0
1  920 0 0 1.15518300000001
2  1839 462 0 0 1.15518300000001
2  1840 461 0 0 1.15518300000001
0

0101000
-1550 0 +1554 0 *
Wi

0101100
-1553 0 -1551 0 +1549 0 +1548 0 *
Fa
0  1e-07 462 0

0111000
+1547 0 *
Ed
 1e-07 1 1 0
1  921 0 0 2.489502
2  1841 458 0 0 2.489502
2  1842 461 0 0 2.489502
0

0101000
-1554 0 +1564 0 *
Ed
 1e-07 1 1 0
1  922 0 0 2.489502
2  1843 458 0 0 2.489502
2  1844 459 0 0 2.489502
0

0101000
-1555 0 +1565 0 *
Wi

0101100
-1545 0 -1553 0 +1544 0 +1563 0 *
Fa
0  1e-07 458 0

0111000
+1543 0 *
Ed
 1e-07 1 1 0
1  923 0 0 2.489502
2  1845 460 0 0 2.489502
2  1846 461 0 0 2.489502
0

0101000
-1550 0 +1560 0 *
Ed
 1e-07 1 1 0
1  924 0 0 2.489502
2  1847 460 0 0 2.489502
2  1848 459 0 0 2.489502
0

0101000
-1552 0 +1562 0 *
Wi

0101100
-1541 0 -1549 0 +1540 0 +1559 0 *
Fa
0  1e-07 460 0

0111000
+1539 0 *
Wi

0101100
-1558 0 -1541 0 +1548 0 +1545 0 *
Fa
0  1e-07 461 0

0111000
+1537 0 *
Wi

0101100
-1561 0 -1540 0 +1551 0 +1544 0 *
Fa
0  1e-07 459 0

0111000
+1535 0 *
Sh

0101100
-1556 0 +1546 0 -1542 0 +1538 0 -1536 0 +1534 0 *
So

0100000
+1533 0 *
Ve
1e-07
20.18875 11.992567 7.1
0 0

0101101
*
Ve
1e-07
20.18875 11.992567 6.4
0 0

0101101
*
Ed
 1e-07 1 1 0
1  925 0 0 0.7
2  1849 463 0 0 0.7
2  1850 464 0 0 0.7
0

0101000
-1531 0 +1530 0 *
Ve
1e-07
20.18875 13.14775 7.1
0 0

0101101
*
Ed
 1e-07 1 1 0
1  926 0 0 1.155183
2  1851 463 0 0 1.155183
2  1852 465 0 0 1.155183
0

0101000
-1528 0 +1531 0 *
Ve
1e-07
20.18875 13.14775 6.4
0 0

0101101
*
Ed
 1e-07 1 1 0
1  927 0 0 0.7
2  1853 463 0 0 0.7
2  1854 466 0 0 0.7
0

0101000
-1528 0 +1526 0 *
Ed
 1e-07 1 1 0
1  928 0 0 1.155183
2  1855 463 0 0 1.155183
2  1856 467 0 0 1.155183
0

0101000
-1526 0 +1530 0 *
Wi

0101100
-1529 0 -1527 0 +1525 0 +1524 0 *
Fa
0  1e-07 463 0

0111000
+1523 0 *
Ve
1e-07
22.22925 11.992567 7.1
0 0

0101101
*
Ve
1e-07
22.22925 11.992567 6.4
0 0

0101101
*
Ed
 1e-07 1 1 0
1  929 0 0 0.7
2  1857 468 0 0 0.7
2  1858 464 0 0 0.7
0

0101000
-1521 0 +1520 0 *
Ve
1e-07
22.22925 13.14775 7.1
0 0

0101101
*
Ed
 1e-07 1 1 0
1  930 0 0 1.155183
2  1859 468 0 0 1.155183
2  1860 465 0 0 1.155183
0

0101000
-1518 0 +1521 0 *
Ve
1e-07
22.22925 13.14775 6.4
0 0

0101101
*
Ed
 1e-07 1 1 0
1  931 0 0 0.7
2  1861 468 0 0 0.7
2  1862 466 0 0 0.7
0

0101000
-1518 0 +1516 0 *
Ed
 1e-07 1 1 0
1  932 0 0 1.155183
2  1863 468 0 0 1.155183
2  1864 467 0 0 1.155183
0

0101000
-1516 0 +1520 0 *
Wi

0101100
-1519 0 -1517 0 +1515 0 +1514 0 *
Fa
0  1e-07 468 0

0111000
+1513 0 *
Ed
 1e-07 1 1 0
1  933 0 0 2.04049999999999
2  1865 464 0 0 2.04049999999999
2  1866 467 0 0 2.04049999999999
0

0101000
-1520 0 +1530 0 *
Ed
 1e-07 1 1 0
1  934 0 0 2.04049999999999
2  1867 464 0 0 2.04049999999999
2  1868 465 0 0 2.04049999999999
0

0101000
-1521 0 +1531 0 *
Wi

0101100
-1511 0 -1519 0 +1510 0 +1529 0 *
Fa
0  1e-07 464 0

0111000
+1509 0 *
Ed
 1e-07 1 1 0
1  935 0 0 2.04049999999999
2  1869 466 0 0 2.04049999999999
2  1870 467 0 0 2.04049999999999
0

0101000
-1516 0 +1526 0 *
Ed
 1e-07 1 1 0
1  936 0 0 2.04049999999999
2  1871 466 0 0 2.04049999999999
2  1872 465 0 0 2.04049999999999
0

0101000
-1518 0 +1528 0 *
Wi

0101100
-1507 0 -1515 0 +1506 0 +1525 0 *
Fa
0  1e-07 466 0

0111000
+1505 0 *
Wi

0101100
-1524 0 -1507 0 +1514 0 +1511 0 *
Fa
0  1e-07 467 0

0111000
+1503 0 *
Wi

0101100
-1527 0 -1506 0 +1517 0 +1510 0 *
Fa
0  1e-07 465 0

0111000
+1501 0 *
Sh

0101100
-1522 0 +1512 0 -1508 0 +1504 0 -1502 0 +1500 0 *
So

0100000
+1499 0 *
Ve
1e-07
39.67525 39.68425 7.1
0 0

0101101
*
Ve
1e-07
39.67525 39.68425 6.1
0 0

0101101
*
Ed
 1e-07 1 1 0
1  937 0 0 1
2  1873 469 0 0 1
2  1874 470 0 0 1
0

0101000
-1497 0 +1496 0 *
Ve
1e-07
39.67525 41.58475 7.1
0 0

0101101
*
Ed
 1e-07 1 1 0
1  938 0 0 1.90049999999999
2  1875 469 0 0 1.90049999999999
2  1876 471 0 0 1.90049999999999
0

0101000
-1494 0 +1497 0 *
Ve
1e-07
39.67525 41.58475 6.1
0 0

0101101
*
Ed
 1e-07 1 1 0
1  939 0 0 1
2  1877 469 0 0 1
2  1878 472 0 0 1
0

0101000
-1494 0 +1492 0 *
Ed
 1e-07 1 1 0
1  940 0 0 1.90049999999999
2  1879 469 0 0 1.90049999999999
2  1880 473 0 0 1.90049999999999
0

0101000
-1492 0 +1496 0 *
Wi

0101100
-1495 0 -1493 0 +1491 0 +1490 0 *
Fa
0  1e-07 469 0

0111000
+1489 0 *
Ve
1e-07
40.831433 39.68425 7.1
0 0

0101101
*
Ve
1e-07
40.831433 39.68425 6.1
0 0

0101101
*
Ed
 1e-07 1 1 0
1  941 0 0 1
2  1881 474 0 0 1
2  1882 470 0 0 1
0

0101000
-1487 0 +1486 0 *
Ve
1e-07
40.831433 41.58475 7.1
0 0

0101101
*
Ed
 1e-07 1 1 0
1  942 0 0 1.90049999999999
2  1883 474 0 0 1.90049999999999
2  1884 471 0 0 1.90049999999999
0

0101000
-1484 0 +1487 0 *
Ve
1e-07
40.831433 41.58475 6.1
0 0

0101101
*
Ed
 1e-07 1 1 0
1  943 0 0 1
2  1885 474 0 0 1
2  1886 472 0 0 1
0

0101000
-1484 0 +1482 0 *
Ed
 1e-07 1 1 0
1  944 0 0 1.90049999999999
2  1887 474 0 0 1.90049999999999
2  1888 473 0 0 1.90049999999999
0

0101000
-1482 0 +1486 0 *
Wi

0101100
-1485 0 -1483 0 +1481 0 +1480 0 *
Fa
0  1e-07 474 0

0111000
+1479 0 *
Ed
 1e-07 1 1 0
1  945 0 0 1.156183
2  1889 470 0 0 1.156183
2  1890 473 0 0 1.156183
0

0101000
-1486 0 +1496 0 *
Ed
 1e-07 1 1 0
1  946 0 0 1.156183
2  1891 470 0 0 1.156183
2  1892 471 0 0 1.156183
0

0101000
-1487 0 +1497 0 *
Wi

0101100
-1477 0 -1485 0 +1476 0 +1495 0 *
Fa
0  1e-07 470 0

0111000
+1475 0 *
Ed
 1e-07 1 1 0
1  947 0 0 1.156183
2  1893 472 0 0 1.156183
2  1894 473 0 0 1.156183
0

0101000
-1482 0 +1492 0 *
Ed
 1e-07 1 1 0
1  948 0 0 1.156183
2  1895 472 0 0 1.156183
2  1896 471 0 0 1.156183
0

0101000
-1484 0 +1494 0 *
Wi

0101100
-1473 0 -1481 0 +1472 0 +1491 0 *
Fa
0  1e-07 472 0

0111000
+1471 0 *
Wi

0101100
-1490 0 -1473 0 +1480 0 +1477 0 *
Fa
0  1e-07 473 0

0111000
+1469 0 *
Wi

0101100
-1493 0 -1472 0 +1483 0 +1476 0 *
Fa
0  1e-07 471 0

0111000
+1467 0 *
Sh

0101100
-1488 0 +1478 0 -1474 0 +1470 0 -1468 0 +1466 0 *
So

0100000
+1465 0 *
Ve
1e-07
45.58075 44.65075 7.1
0 0

0101101
*
Ve
1e-07
45.58075 44.65075 6.4
0 0

0101101
*
Ed
 1e-07 1 1 0
1  949 0 0 0.7
2  1897 475 0 0 0.7
2  1898 476 0 0 0.7
0

0101000
-1463 0 +1462 0 *
Ve
1e-07
45.58075 49.42525 7.1
0 0

0101101
*
Ed
 1e-07 1 1 0
1  950 0 0 4.7745
2  1899 475 0 0 4.7745
2  1900 477 0 0 4.7745
0

0101000
-1460 0 +1463 0 *
Ve
1e-07
45.58075 49.42525 6.4
0 0

0101101
*
Ed
 1e-07 1 1 0
1  951 0 0 0.7
2  1901 475 0 0 0.7
2  1902 478 0 0 0.7
0

0101000
-1460 0 +1458 0 *
Ed
 1e-07 1 1 0
1  952 0 0 4.7745
2  1903 475 0 0 4.7745
2  1904 479 0 0 4.7745
0

0101000
-1458 0 +1462 0 *
Wi

0101100
-1461 0 -1459 0 +1457 0 +1456 0 *
Fa
0  1e-07 475 0

0111000
+1455 0 *
Ve
1e-07
47.89125 44.65075 7.1
0 0

0101101
*
Ve
1e-07
47.89125 44.65075 6.4
0 0

0101101
*
Ed
 1e-07 1 1 0
1  953 0 0 0.7
2  1905 480 0 0 0.7
2  1906 476 0 0 0.7
0

0101000
-1453 0 +1452 0 *
Ve
1e-07
47.89125 49.42525 7.1
0 0

0101101
*
Ed
 1e-07 1 1 0
1  954 0 0 4.7745
2  1907 480 0 0 4.7745
2  1908 477 0 0 4.7745
0

0101000
-1450 0 +1453 0 *
Ve
1e-07
47.89125 49.42525 6.4
0 0

0101101
*
Ed
 1e-07 1 1 0
1  955 0 0 0.7
2  1909 480 0 0 0.7
2  1910 478 0 0 0.7
0

0101000
-1450 0 +1448 0 *
Ed
 1e-07 1 1 0
1  956 0 0 4.7745
2  1911 480 0 0 4.7745
2  1912 479 0 0 4.7745
0

0101000
-1448 0 +1452 0 *
Wi

0101100
-1451 0 -1449 0 +1447 0 +1446 0 *
Fa
0  1e-07 480 0

0111000
+1445 0 *
Ed
 1e-07 1 1 0
1  957 0 0 2.31050000000002
2  1913 476 0 0 2.31050000000002
2  1914 479 0 0 2.31050000000002
0

0101000
-1452 0 +1462 0 *
Ed
 1e-07 1 1 0
1  958 0 0 2.31050000000002
2  1915 476 0 0 2.31050000000002
2  1916 477 0 0 2.31050000000002
0

0101000
-1453 0 +1463 0 *
Wi

0101100
-1443 0 -1451 0 +1442 0 +1461 0 *
Fa
0  1e-07 476 0

0111000
+1441 0 *
Ed
 1e-07 1 1 0
1  959 0 0 2.31050000000002
2  1917 478 0 0 2.31050000000002
2  1918 479 0 0 2.31050000000002
0

0101000
-1448 0 +1458 0 *
Ed
 1e-07 1 1 0
1  960 0 0 2.31050000000002
2  1919 478 0 0 2.31050000000002
2  1920 477 0 0 2.31050000000002
0

0101000
-1450 0 +1460 0 *
Wi

0101100
-1439 0 -1447 0 +1438 0 +1457 0 *
Fa
0  1e-07 478 0

0111000
+1437 0 *
Wi

0101100
-1456 0 -1439 0 +1446 0 +1443 0 *
Fa
0  1e-07 479 0

0111000
+1435 0 *
Wi

0101100
-1459 0 -1438 0 +1449 0 +1442 0 *
Fa
0  1e-07 477 0

0111000
+1433 0 *
Sh

0101100
-1454 0 +1444 0 -1440 0 +1436 0 -1434 0 +1432 0 *
So

0100000
+1431 0 *
Ve
1e-07
35.834 48.7235 7.1
0 0

0101101
*
Ve
1e-07
35.834 48.7235 4.6
0 0

0101101
*
Ed
 1e-07 1 1 0
1  961 0 0 2.5
2  1921 481 0 0 2.5
2  1922 482 0 0 2.5
0

0101000
-1429 0 +1428 0 *
Ve
1e-07
35.834 50.9935 7.1
0 0

0101101
*
Ed
 1e-07 1 1 0
1  962 0 0 2.27
2  1923 481 0 0 2.27
2  1924 483 0 0 2.27
0

0101000
-1426 0 +1429 0 *
Ve
1e-07
35.834 50.9935 4.6
0 0

0101101
*
Ed
 1e-07 1 1 0
1  963 0 0 2.5
2  1925 481 0 0 2.5
2  1926 484 0 0 2.5
0

0101000
-1426 0 +1424 0 *
Ed
 1e-07 1 1 0
1  964 0 0 2.27
2  1927 481 0 0 2.27
2  1928 485 0 0 2.27
0

0101000
-1424 0 +1428 0 *
Wi

0101100
-1427 0 -1425 0 +1423 0 +1422 0 *
Fa
0  1e-07 481 0

0111000
+1421 0 *
Ve
1e-07
39.04 48.7235 7.1
0 0

0101101
*
Ve
1e-07
39.04 48.7235 4.6
0 0

0101101
*
Ed
 1e-07 1 1 0
1  965 0 0 2.5
2  1929 486 0 0 2.5
2  1930 482 0 0 2.5
0

0101000
-1419 0 +1418 0 *
Ve
1e-07
39.04 50.9935 7.1
0 0

0101101
*
Ed
 1e-07 1 1 0
1  966 0 0 2.27
2  1931 486 0 0 2.27
2  1932 483 0 0 2.27
0

0101000
-1416 0 +1419 0 *
Ve
1e-07
39.04 50.9935 4.6
0 0

0101101
*
Ed
 1e-07 1 1 0
1  967 0 0 2.5
2  1933 486 0 0 2.5
2  1934 484 0 0 2.5
0

0101000
-1416 0 +1414 0 *
Ed
 1e-07 1 1 0
1  968 0 0 2.27
2  1935 486 0 0 2.27
2  1936 485 0 0 2.27
0

0101000
-1414 0 +1418 0 *
Wi

0101100
-1417 0 -1415 0 +1413 0 +1412 0 *
Fa
0  1e-07 486 0

0111000
+1411 0 *
Ed
 1e-07 1 1 0
1  969 0 0 3.20599999999999
2  1937 482 0 0 3.20599999999999
2  1938 485 0 0 3.20599999999999
0

0101000
-1418 0 +1428 0 *
Ed
 1e-07 1 1 0
1  970 0 0 3.20599999999999
2  1939 482 0 0 3.20599999999999
2  1940 483 0 0 3.20599999999999
0

0101000
-1419 0 +1429 0 *
Wi

0101100
-1409 0 -1417 0 +1408 0 +1427 0 *
Fa
0  1e-07 482 0

0111000
+1407 0 *
Ed
 1e-07 1 1 0
1  971 0 0 3.20599999999999
2  1941 484 0 0 3.20599999999999
2  1942 485 0 0 3.20599999999999
0

0101000
-1414 0 +1424 0 *
Ed
 1e-07 1 1 0
1  972 0 0 3.20599999999999
2  1943 484 0 0 3.20599999999999
2  1944 483 0 0 3.20599999999999
0

0101000
-1416 0 +1426 0 *
Wi

0101100
-1405 0 -1413 0 +1404 0 +1423 0 *
Fa
0  1e-07 484 0

0111000
+1403 0 *
Wi

0101100
-1422 0 -1405 0 +1412 0 +1409 0 *
Fa
0  1e-07 485 0

0111000
+1401 0 *
Wi

0101100
-1425 0 -1404 0 +1415 0 +1408 0 *
Fa
0  1e-07 483 0

0111000
+1399 0 *
Sh

0101100
-1420 0 +1410 0 -1406 0 +1402 0 -1400 0 +1398 0 *
So

0100000
+1397 0 *
Ve
1e-07
21.52225 48.62775 7.1
0 0

0101101
*
Ve
1e-07
21.52225 48.62775 6.1
0 0

0101101
*
Ed
 1e-07 1 1 0
1  973 0 0 1
2  1945 487 0 0 1
2  1946 488 0 0 1
0

0101000
-1395 0 +1394 0 *
Ve
1e-07
21.52225 50.52825 7.1
0 0

0101101
*
Ed
 1e-07 1 1 0
1  974 0 0 1.90049999999999
2  1947 487 0 0 1.90049999999999
2  1948 489 0 0 1.90049999999999
0

0101000
-1392 0 +1395 0 *
Ve
1e-07
21.52225 50.52825 6.1
0 0

0101101
*
Ed
 1e-07 1 1 0
1  975 0 0 1
2  1949 487 0 0 1
2  1950 490 0 0 1
0

0101000
-1392 0 +1390 0 *
Ed
 1e-07 1 1 0
1  976 0 0 1.90049999999999
2  1951 487 0 0 1.90049999999999
2  1952 491 0 0 1.90049999999999
0

0101000
-1390 0 +1394 0 *
Wi

0101100
-1393 0 -1391 0 +1389 0 +1388 0 *
Fa
0  1e-07 487 0

0111000
+1387 0 *
Ve
1e-07
22.678433 48.62775 7.1
0 0

0101101
*
Ve
1e-07
22.678433 48.62775 6.1
0 0

0101101
*
Ed
 1e-07 1 1 0
1  977 0 0 1
2  1953 492 0 0 1
2  1954 488 0 0 1
0

0101000
-1385 0 +1384 0 *
Ve
1e-07
22.678433 50.52825 7.1
0 0

0101101
*
Ed
 1e-07 1 1 0
1  978 0 0 1.90049999999999
2  1955 492 0 0 1.90049999999999
2  1956 489 0 0 1.90049999999999
0

0101000
-1382 0 +1385 0 *
Ve
1e-07
22.678433 50.52825 6.1
0 0

0101101
*
Ed
 1e-07 1 1 0
1  979 0 0 1
2  1957 492 0 0 1
2  1958 490 0 0 1
0

0101000
-1382 0 +1380 0 *
Ed
 1e-07 1 1 0
1  980 0 0 1.90049999999999
2  1959 492 0 0 1.90049999999999
2  1960 491 0 0 1.90049999999999
0

0101000
-1380 0 +1384 0 *
Wi

0101100
-1383 0 -1381 0 +1379 0 +1378 0 *
Fa
0  1e-07 492 0

0111000
+1377 0 *
Ed
 1e-07 1 1 0
1  981 0 0 1.156183
2  1961 488 0 0 1.156183
2  1962 491 0 0 1.156183
0

0101000
-1384 0 +1394 0 *
Ed
 1e-07 1 1 0
1  982 0 0 1.156183
2  1963 488 0 0 1.156183
2  1964 489 0 0 1.156183
0

0101000
-1385 0 +1395 0 *
Wi

0101100
-1375 0 -1383 0 +1374 0 +1393 0 *
Fa
0  1e-07 488 0

0111000
+1373 0 *
Ed
 1e-07 1 1 0
1  983 0 0 1.156183
2  1965 490 0 0 1.156183
2  1966 491 0 0 1.156183
0

0101000
-1380 0 +1390 0 *
Ed
 1e-07 1 1 0
1  984 0 0 1.156183
2  1967 490 0 0 1.156183
2  1968 489 0 0 1.156183
0

0101000
-1382 0 +1392 0 *
Wi

0101100
-1371 0 -1379 0 +1370 0 +1389 0 *
Fa
0  1e-07 490 0

0111000
+1369 0 *
Wi

0101100
-1388 0 -1371 0 +1378 0 +1375 0 *
Fa
0  1e-07 491 0

0111000
+1367 0 *
Wi

0101100
-1391 0 -1370 0 +1381 0 +1374 0 *
Fa
0  1e-07 489 0

0111000
+1365 0 *
Sh

0101100
-1386 0 +1376 0 -1372 0 +1368 0 -1366 0 +1364 0 *
So

0100000
+1363 0 *
Ve
1e-07
32.773 61.441 7.1
0 0

0101101
*
Ve
1e-07
32.773 61.441 6.1
0 0

0101101
*
Ed
 1e-07 1 1 0
1  985 0 0 1
2  1969 493 0 0 1
2  1970 494 0 0 1
0

0101000
-1361 0 +1360 0 *
Ve
1e-07
32.773 63.115001 7.1
0 0

0101101
*
Ed
 1e-07 1 1 0
1  986 0 0 1.674001
2  1971 493 0 0 1.674001
2  1972 495 0 0 1.674001
0

0101000
-1358 0 +1361 0 *
Ve
1e-07
32.773 63.115001 6.1
0 0

0101101
*
Ed
 1e-07 1 1 0
1  987 0 0 1
2  1973 493 0 0 1
2  1974 496 0 0 1
0

0101000
-1358 0 +1356 0 *
Ed
 1e-07 1 1 0
1  988 0 0 1.674001
2  1975 493 0 0 1.674001
2  1976 497 0 0 1.674001
0

0101000
-1356 0 +1360 0 *
Wi

0101100
-1359 0 -1357 0 +1355 0 +1354 0 *
Fa
0  1e-07 493 0

0111000
+1353 0 *
Ve
1e-07
35.807001 61.441 7.1
0 0

0101101
*
Ve
1e-07
35.807001 61.441 6.1
0 0

0101101
*
Ed
 1e-07 1 1 0
1  989 0 0 1
2  1977 498 0 0 1
2  1978 494 0 0 1
0

0101000
-1351 0 +1350 0 *
Ve
1e-07
35.807001 63.115001 7.1
0 0

0101101
*
Ed
 1e-07 1 1 0
1  990 0 0 1.674001
2  1979 498 0 0 1.674001
2  1980 495 0 0 1.674001
0

0101000
-1348 0 +1351 0 *
Ve
1e-07
35.807001 63.115001 6.1
0 0

0101101
*
Ed
 1e-07 1 1 0
1  991 0 0 1
2  1981 498 0 0 1
2  1982 496 0 0 1
0

0101000
-1348 0 +1346 0 *
Ed
 1e-07 1 1 0
1  992 0 0 1.674001
2  1983 498 0 0 1.674001
2  1984 497 0 0 1.674001
0

0101000
-1346 0 +1350 0 *
Wi

0101100
-1349 0 -1347 0 +1345 0 +1344 0 *
Fa
0  1e-07 498 0

0111000
+1343 0 *
Ed
 1e-07 1 1 0
1  993 0 0 3.03400100000002
2  1985 494 0 0 3.03400100000002
2  1986 497 0 0 3.03400100000002
0

0101000
-1350 0 +1360 0 *
Ed
 1e-07 1 1 0
1  994 0 0 3.03400100000002
2  1987 494 0 0 3.03400100000002
2  1988 495 0 0 3.03400100000002
0

0101000
-1351 0 +1361 0 *
Wi

0101100
-1341 0 -1349 0 +1340 0 +1359 0 *
Fa
0  1e-07 494 0

0111000
+1339 0 *
Ed
 1e-07 1 1 0
1  995 0 0 3.03400100000002
2  1989 496 0 0 3.03400100000002
2  1990 497 0 0 3.03400100000002
0

0101000
-1346 0 +1356 0 *
Ed
 1e-07 1 1 0
1  996 0 0 3.03400100000002
2  1991 496 0 0 3.03400100000002
2  1992 495 0 0 3.03400100000002
0

0101000
-1348 0 +1358 0 *
Wi

0101100
-1337 0 -1345 0 +1336 0 +1355 0 *
Fa
0  1e-07 496 0

0111000
+1335 0 *
Wi

0101100
-1354 0 -1337 0 +1344 0 +1341 0 *
Fa
0  1e-07 497 0

0111000
+1333 0 *
Wi

0101100
-1357 0 -1336 0 +1347 0 +1340 0 *
Fa
0  1e-07 495 0

0111000
+1331 0 *
Sh

0101100
-1352 0 +1342 0 -1338 0 +1334 0 -1332 0 +1330 0 *
So

0100000
+1329 0 *
Ve
1e-07
46.54225 67.00225 7.1
0 0

0101101
*
Ve
1e-07
46.54225 67.00225 6.1
0 0

0101101
*
Ed
 1e-07 1 1 0
1  997 0 0 1
2  1993 499 0 0 1
2  1994 500 0 0 1
0

0101000
-1327 0 +1326 0 *
Ve
1e-07
46.54225 69.491752 7.1
0 0

0101101
*
Ed
 1e-07 1 1 0
1  998 0 0 2.489502
2  1995 499 0 0 2.489502
2  1996 501 0 0 2.489502
0

0101000
-1324 0 +1327 0 *
Ve
1e-07
46.54225 69.491752 6.1
0 0

0101101
*
Ed
 1e-07 1 1 0
1  999 0 0 1
2  1997 499 0 0 1
2  1998 502 0 0 1
0

0101000
-1324 0 +1322 0 *
Ed
 1e-07 1 1 0
1  1000 0 0 2.489502
2  1999 499 0 0 2.489502
2  2000 503 0 0 2.489502
0

0101000
-1322 0 +1326 0 *
Wi

0101100
-1325 0 -1323 0 +1321 0 +1320 0 *
Fa
0  1e-07 499 0

0111000
+1319 0 *
Ve
1e-07
47.697433 67.00225 7.1
0 0

0101101
*
Ve
1e-07
47.697433 67.00225 6.1
0 0

0101101
*
Ed
 1e-07 1 1 0
1  1001 0 0 1
2  2001 504 0 0 1
2  2002 500 0 0 1
0

0101000
-1317 0 +1316 0 *
Ve
1e-07
47.697433 69.491752 7.1
0 0

0101101
*
Ed
 1e-07 1 1 0
1  1002 0 0 2.489502
2  2003 504 0 0 2.489502
2  2004 501 0 0 2.489502
0

0101000
-1314 0 +1317 0 *
Ve
1e-07
47.697433 69.491752 6.1
0 0

0101101
*
Ed
 1e-07 1 1 0
1  1003 0 0 1
2  2005 504 0 0 1
2  2006 502 0 0 1
0

0101000
-1314 0 +1312 0 *
Ed
 1e-07 1 1 0
1  1004 0 0 2.489502
2  2007 504 0 0 2.489502
2  2008 503 0 0 2.489502
0

0101000
-1312 0 +1316 0 *
Wi

0101100
-1315 0 -1313 0 +1311 0 +1310 0 *
Fa
0  1e-07 504 0

0111000
+1309 0 *
Ed
 1e-07 1 1 0
1  1005 0 0 1.15518299999999
2  2009 500 0 0 1.15518299999999
2  2010 503 0 0 1.15518299999999
0

0101000
-1316 0 +1326 0 *
Ed
 1e-07 1 1 0
1  1006 0 0 1.15518299999999
2  2011 500 0 0 1.15518299999999
2  2012 501 0 0 1.15518299999999
0

0101000
-1317 0 +1327 0 *
Wi

0101100
-1307 0 -1315 0 +1306 0 +1325 0 *
Fa
0  1e-07 500 0

0111000
+1305 0 *
Ed
 1e-07 1 1 0
1  1007 0 0 1.15518299999999
2  2013 502 0 0 1.15518299999999
2  2014 503 0 0 1.15518299999999
0

0101000
-1312 0 +1322 0 *
Ed
 1e-07 1 1 0
1  1008 0 0 1.15518299999999
2  2015 502 0 0 1.15518299999999
2  2016 501 0 0 1.15518299999999
0

0101000
-1314 0 +1324 0 *
Wi

0101100
-1303 0 -1311 0 +1302 0 +1321 0 *
Fa
0  1e-07 502 0

0111000
+1301 0 *
Wi

0101100
-1320 0 -1303 0 +1310 0 +1307 0 *
Fa
0  1e-07 503 0

0111000
+1299 0 *
Wi

0101100
-1323 0 -1302 0 +1313 0 +1306 0 *
Fa
0  1e-07 501 0

0111000
+1297 0 *
Sh

0101100
-1318 0 +1308 0 -1304 0 +1300 0 -1298 0 +1296 0 *
So

0100000
+1295 0 *
Ve
1e-07
2.7045 8.139 7.1
0 0

0101101
*
Ve
1e-07
2.7045 8.139 5.3
0 0

0101101
*
Ed
 1e-07 1 1 0
1  1009 0 0 1.8
2  2017 505 0 0 1.8
2  2018 506 0 0 1.8
0

0101000
-1293 0 +1292 0 *
Ve
1e-07
2.7045 25.389 7.1
0 0

0101101
*
Ed
 1e-07 1 1 0
1  1010 0 0 17.25
2  2019 505 0 0 17.25
2  2020 507 0 0 17.25
0

0101000
-1290 0 +1293 0 *
Ve
1e-07
2.7045 25.389 5.3
0 0

0101101
*
Ed
 1e-07 1 1 0
1  1011 0 0 1.8
2  2021 505 0 0 1.8
2  2022 508 0 0 1.8
0

0101000
-1290 0 +1288 0 *
Ed
 1e-07 1 1 0
1  1012 0 0 17.25
2  2023 505 0 0 17.25
2  2024 509 0 0 17.25
0

0101000
-1288 0 +1292 0 *
Wi

0101100
-1291 0 -1289 0 +1287 0 +1286 0 *
Fa
0  1e-07 505 0

0111000
+1285 0 *
Ve
1e-07
19.075 8.139 7.1
0 0

0101101
*
Ve
1e-07
19.075 8.139 5.3
0 0

0101101
*
Ed
 1e-07 1 1 0
1  1013 0 0 1.8
2  2025 510 0 0 1.8
2  2026 506 0 0 1.8
0

0101000
-1283 0 +1282 0 *
Ve
1e-07
19.075 25.389 7.1
0 0

0101101
*
Ed
 1e-07 1 1 0
1  1014 0 0 17.25
2  2027 510 0 0 17.25
2  2028 507 0 0 17.25
0

0101000
-1280 0 +1283 0 *
Ve
1e-07
19.075 25.389 5.3
0 0

0101101
*
Ed
 1e-07 1 1 0
1  1015 0 0 1.8
2  2029 510 0 0 1.8
2  2030 508 0 0 1.8
0

0101000
-1280 0 +1278 0 *
Ed
 1e-07 1 1 0
1  1016 0 0 17.25
2  2031 510 0 0 17.25
2  2032 509 0 0 17.25
0

0101000
-1278 0 +1282 0 *
Wi

0101100
-1281 0 -1279 0 +1277 0 +1276 0 *
Fa
0  1e-07 510 0

0111000
+1275 0 *
Ed
 1e-07 1 1 0
1  1017 0 0 16.3705
2  2033 506 0 0 16.3705
2  2034 509 0 0 16.3705
0

0101000
-1282 0 +1292 0 *
Ed
 1e-07 1 1 0
1  1018 0 0 16.3705
2  2035 506 0 0 16.3705
2  2036 507 0 0 16.3705
0

0101000
-1283 0 +1293 0 *
Wi

0101100
-1273 0 -1281 0 +1272 0 +1291 0 *
Fa
0  1e-07 506 0

0111000
+1271 0 *
Ed
 1e-07 1 1 0
1  1019 0 0 16.3705
2  2037 508 0 0 16.3705
2  2038 509 0 0 16.3705
0

0101000
-1278 0 +1288 0 *
Ed
 1e-07 1 1 0
1  1020 0 0 16.3705
2  2039 508 0 0 16.3705
2  2040 507 0 0 16.3705
0

0101000
-1280 0 +1290 0 *
Wi

0101100
-1269 0 -1277 0 +1268 0 +1287 0 *
Fa
0  1e-07 508 0

0111000
+1267 0 *
Wi

0101100
-1286 0 -1269 0 +1276 0 +1273 0 *
Fa
0  1e-07 509 0

0111000
+1265 0 *
Wi

0101100
-1289 0 -1268 0 +1279 0 +1272 0 *
Fa
0  1e-07 507 0

0111000
+1263 0 *
Sh

0101100
-1284 0 +1274 0 -1270 0 +1266 0 -1264 0 +1262 0 *
So

0100000
+1261 0 *
Ve
1e-07
26.851567 55.28875 7.1
0 0

0101101
*
Ve
1e-07
26.851567 55.28875 6.4
0 0

0101101
*
Ed
 1e-07 1 1 0
1  1021 0 0 0.7
2  2041 511 0 0 0.7
2  2042 512 0 0 0.7
0

0101000
-1259 0 +1258 0 *
Ve
1e-07
26.851567 57.32925 7.1
0 0

0101101
*
Ed
 1e-07 1 1 0
1  1022 0 0 2.04050000000001
2  2043 511 0 0 2.04050000000001
2  2044 513 0 0 2.04050000000001
0

0101000
-1256 0 +1259 0 *
Ve
1e-07
26.851567 57.32925 6.4
0 0

0101101
*
Ed
 1e-07 1 1 0
1  1023 0 0 0.7
2  2045 511 0 0 0.7
2  2046 514 0 0 0.7
0

0101000
-1256 0 +1254 0 *
Ed
 1e-07 1 1 0
1  1024 0 0 2.04050000000001
2  2047 511 0 0 2.04050000000001
2  2048 515 0 0 2.04050000000001
0

0101000
-1254 0 +1258 0 *
Wi

0101100
-1257 0 -1255 0 +1253 0 +1252 0 *
Fa
0  1e-07 511 0

0111000
+1251 0 *
Ve
1e-07
28.00675 55.28875 7.1
0 0

0101101
*
Ve
1e-07
28.00675 55.28875 6.4
0 0

0101101
*
Ed
 1e-07 1 1 0
1  1025 0 0 0.7
2  2049 516 0 0 0.7
2  2050 512 0 0 0.7
0

0101000
-1249 0 +1248 0 *
Ve
1e-07
28.00675 57.32925 7.1
0 0

0101101
*
Ed
 1e-07 1 1 0
1  1026 0 0 2.04050000000001
2  2051 516 0 0 2.04050000000001
2  2052 513 0 0 2.04050000000001
0

0101000
-1246 0 +1249 0 *
Ve
1e-07
28.00675 57.32925 6.4
0 0

0101101
*
Ed
 1e-07 1 1 0
1  1027 0 0 0.7
2  2053 516 0 0 0.7
2  2054 514 0 0 0.7
0

0101000
-1246 0 +1244 0 *
Ed
 1e-07 1 1 0
1  1028 0 0 2.04050000000001
2  2055 516 0 0 2.04050000000001
2  2056 515 0 0 2.04050000000001
0

0101000
-1244 0 +1248 0 *
Wi

0101100
-1247 0 -1245 0 +1243 0 +1242 0 *
Fa
0  1e-07 516 0

0111000
+1241 0 *
Ed
 1e-07 1 1 0
1  1029 0 0 1.15518299999999
2  2057 512 0 0 1.15518299999999
2  2058 515 0 0 1.15518299999999
0

0101000
-1248 0 +1258 0 *
Ed
 1e-07 1 1 0
1  1030 0 0 1.15518299999999
2  2059 512 0 0 1.15518299999999
2  2060 513 0 0 1.15518299999999
0

0101000
-1249 0 +1259 0 *
Wi

0101100
-1239 0 -1247 0 +1238 0 +1257 0 *
Fa
0  1e-07 512 0

0111000
+1237 0 *
Ed
 1e-07 1 1 0
1  1031 0 0 1.15518299999999
2  2061 514 0 0 1.15518299999999
2  2062 515 0 0 1.15518299999999
0

0101000
-1244 0 +1254 0 *
Ed
 1e-07 1 1 0
1  1032 0 0 1.15518299999999
2  2063 514 0 0 1.15518299999999
2  2064 513 0 0 1.15518299999999
0

0101000
-1246 0 +1256 0 *
Wi

0101100
-1235 0 -1243 0 +1234 0 +1253 0 *
Fa
0  1e-07 514 0

0111000
+1233 0 *
Wi

0101100
-1252 0 -1235 0 +1242 0 +1239 0 *
Fa
0  1e-07 515 0

0111000
+1231 0 *
Wi

0101100
-1255 0 -1234 0 +1245 0 +1238 0 *
Fa
0  1e-07 513 0

0111000
+1229 0 *
Sh

0101100
-1250 0 +1240 0 -1236 0 +1232 0 -1230 0 +1228 0 *
So

0100000
+1227 0 *
Ve
1e-07
36.88925 52.31075 7.1
0 0

0101101
*
Ve
1e-07
36.88925 52.31075 6.1
0 0

0101101
*
Ed
 1e-07 1 1 0
1  1033 0 0 1
2  2065 517 0 0 1
2  2066 518 0 0 1
0

0101000
-1225 0 +1224 0 *
Ve
1e-07
36.88925 54.21125 7.1
0 0

0101101
*
Ed
 1e-07 1 1 0
1  1034 0 0 1.90050000000001
2  2067 517 0 0 1.90050000000001
2  2068 519 0 0 1.90050000000001
0

0101000
-1222 0 +1225 0 *
Ve
1e-07
36.88925 54.21125 6.1
0 0

0101101
*
Ed
 1e-07 1 1 0
1  1035 0 0 1
2  2069 517 0 0 1
2  2070 520 0 0 1
0

0101000
-1222 0 +1220 0 *
Ed
 1e-07 1 1 0
1  1036 0 0 1.90050000000001
2  2071 517 0 0 1.90050000000001
2  2072 521 0 0 1.90050000000001
0

0101000
-1220 0 +1224 0 *
Wi

0101100
-1223 0 -1221 0 +1219 0 +1218 0 *
Fa
0  1e-07 517 0

0111000
+1217 0 *
Ve
1e-07
38.045433 52.31075 7.1
0 0

0101101
*
Ve
1e-07
38.045433 52.31075 6.1
0 0

0101101
*
Ed
 1e-07 1 1 0
1  1037 0 0 1
2  2073 522 0 0 1
2  2074 518 0 0 1
0

0101000
-1215 0 +1214 0 *
Ve
1e-07
38.045433 54.21125 7.1
0 0

0101101
*
Ed
 1e-07 1 1 0
1  1038 0 0 1.90050000000001
2  2075 522 0 0 1.90050000000001
2  2076 519 0 0 1.90050000000001
0

0101000
-1212 0 +1215 0 *
Ve
1e-07
38.045433 54.21125 6.1
0 0

0101101
*
Ed
 1e-07 1 1 0
1  1039 0 0 1
2  2077 522 0 0 1
2  2078 520 0 0 1
0

0101000
-1212 0 +1210 0 *
Ed
 1e-07 1 1 0
1  1040 0 0 1.90050000000001
2  2079 522 0 0 1.90050000000001
2  2080 521 0 0 1.90050000000001
0

0101000
-1210 0 +1214 0 *
Wi

0101100
-1213 0 -1211 0 +1209 0 +1208 0 *
Fa
0  1e-07 522 0

0111000
+1207 0 *
Ed
 1e-07 1 1 0
1  1041 0 0 1.156183
2  2081 518 0 0 1.156183
2  2082 521 0 0 1.156183
0

0101000
-1214 0 +1224 0 *
Ed
 1e-07 1 1 0
1  1042 0 0 1.156183
2  2083 518 0 0 1.156183
2  2084 519 0 0 1.156183
0

0101000
-1215 0 +1225 0 *
Wi

0101100
-1205 0 -1213 0 +1204 0 +1223 0 *
Fa
0  1e-07 518 0

0111000
+1203 0 *
Ed
 1e-07 1 1 0
1  1043 0 0 1.156183
2  2085 520 0 0 1.156183
2  2086 521 0 0 1.156183
0

0101000
-1210 0 +1220 0 *
Ed
 1e-07 1 1 0
1  1044 0 0 1.156183
2  2087 520 0 0 1.156183
2  2088 519 0 0 1.156183
0

0101000
-1212 0 +1222 0 *
Wi

0101100
-1201 0 -1209 0 +1200 0 +1219 0 *
Fa
0  1e-07 520 0

0111000
+1199 0 *
Wi

0101100
-1218 0 -1201 0 +1208 0 +1205 0 *
Fa
0  1e-07 521 0

0111000
+1197 0 *
Wi

0101100
-1221 0 -1200 0 +1211 0 +1204 0 *
Fa
0  1e-07 519 0

0111000
+1195 0 *
Sh

0101100
-1216 0 +1206 0 -1202 0 +1198 0 -1196 0 +1194 0 *
So

0100000
+1193 0 *
Ve
1e-07
23.0915 54.458 7.1
0 0

0101101
*
Ve
1e-07
23.0915 54.458 5.8
0 0

0101101
*
Ed
 1e-07 1 1 0
1  1045 0 0 1.3
2  2089 523 0 0 1.3
2  2090 524 0 0 1.3
0

0101000
-1191 0 +1190 0 *
Ve
1e-07
23.0915 60.548 7.1
0 0

0101101
*
Ed
 1e-07 1 1 0
1  1046 0 0 6.09
2  2091 523 0 0 6.09
2  2092 525 0 0 6.09
0

0101000
-1188 0 +1191 0 *
Ve
1e-07
23.0915 60.548 5.8
0 0

0101101
*
Ed
 1e-07 1 1 0
1  1047 0 0 1.3
2  2093 523 0 0 1.3
2  2094 526 0 0 1.3
0

0101000
-1188 0 +1186 0 *
Ed
 1e-07 1 1 0
1  1048 0 0 6.09
2  2095 523 0 0 6.09
2  2096 527 0 0 6.09
0

0101000
-1186 0 +1190 0 *
Wi

0101100
-1189 0 -1187 0 +1185 0 +1184 0 *
Fa
0  1e-07 523 0

0111000
+1183 0 *
Ve
1e-07
26.6925 54.458 7.1
0 0

0101101
*
Ve
1e-07
26.6925 54.458 5.8
0 0

0101101
*
Ed
 1e-07 1 1 0
1  1049 0 0 1.3
2  2097 528 0 0 1.3
2  2098 524 0 0 1.3
0

0101000
-1181 0 +1180 0 *
Ve
1e-07
26.6925 60.548 7.1
0 0

0101101
*
Ed
 1e-07 1 1 0
1  1050 0 0 6.09
2  2099 528 0 0 6.09
2  2100 525 0 0 6.09
0

0101000
-1178 0 +1181 0 *
Ve
1e-07
26.6925 60.548 5.8
0 0

0101101
*
Ed
 1e-07 1 1 0
1  1051 0 0 1.3
2  2101 528 0 0 1.3
2  2102 526 0 0 1.3
0

0101000
-1178 0 +1176 0 *
Ed
 1e-07 1 1 0
1  1052 0 0 6.09
2  2103 528 0 0 6.09
2  2104 527 0 0 6.09
0

0101000
-1176 0 +1180 0 *
Wi

0101100
-1179 0 -1177 0 +1175 0 +1174 0 *
Fa
0  1e-07 528 0

0111000
+1173 0 *
Ed
 1e-07 1 1 0
1  1053 0 0 3.601
2  2105 524 0 0 3.601
2  2106 527 0 0 3.601
0

0101000
-1180 0 +1190 0 *
Ed
 1e-07 1 1 0
1  1054 0 0 3.601
2  2107 524 0 0 3.601
2  2108 525 0 0 3.601
0

0101000
-1181 0 +1191 0 *
Wi

0101100
-1171 0 -1179 0 +1170 0 +1189 0 *
Fa
0  1e-07 524 0

0111000
+1169 0 *
Ed
 1e-07 1 1 0
1  1055 0 0 3.601
2  2109 526 0 0 3.601
2  2110 527 0 0 3.601
0

0101000
-1176 0 +1186 0 *
Ed
 1e-07 1 1 0
1  1056 0 0 3.601
2  2111 526 0 0 3.601
2  2112 525 0 0 3.601
0

0101000
-1178 0 +1188 0 *
Wi

0101100
-1167 0 -1175 0 +1166 0 +1185 0 *
Fa
0  1e-07 526 0

0111000
+1165 0 *
Wi

0101100
-1184 0 -1167 0 +1174 0 +1171 0 *
Fa
0  1e-07 527 0

0111000
+1163 0 *
Wi

0101100
-1187 0 -1166 0 +1177 0 +1170 0 *
Fa
0  1e-07 525 0

0111000
+1161 0 *
Sh

0101100
-1182 0 +1172 0 -1168 0 +1164 0 -1162 0 +1160 0 *
So

0100000
+1159 0 *
Ve
1e-07
24.438567 12.13075 7.1
0 0

0101101
*
Ve
1e-07
24.438567 12.13075 6.1
0 0

0101101
*
Ed
 1e-07 1 1 0
1  1057 0 0 1
2  2113 529 0 0 1
2  2114 530 0 0 1
0

0101000
-1157 0 +1156 0 *
Ve
1e-07
24.438567 14.03125 7.1
0 0

0101101
*
Ed
 1e-07 1 1 0
1  1058 0 0 1.9005
2  2115 529 0 0 1.9005
2  2116 531 0 0 1.9005
0

0101000
-1154 0 +1157 0 *
Ve
1e-07
24.438567 14.03125 6.1
0 0

0101101
*
Ed
 1e-07 1 1 0
1  1059 0 0 1
2  2117 529 0 0 1
2  2118 532 0 0 1
0

0101000
-1154 0 +1152 0 *
Ed
 1e-07 1 1 0
1  1060 0 0 1.9005
2  2119 529 0 0 1.9005
2  2120 533 0 0 1.9005
0

0101000
-1152 0 +1156 0 *
Wi

0101100
-1155 0 -1153 0 +1151 0 +1150 0 *
Fa
0  1e-07 529 0

0111000
+1149 0 *
Ve
1e-07
25.59475 12.13075 7.1
0 0

0101101
*
Ve
1e-07
25.59475 12.13075 6.1
0 0

0101101
*
Ed
 1e-07 1 1 0
1  1061 0 0 1
2  2121 534 0 0 1
2  2122 530 0 0 1
0

0101000
-1147 0 +1146 0 *
Ve
1e-07
25.59475 14.03125 7.1
0 0

0101101
*
Ed
 1e-07 1 1 0
1  1062 0 0 1.9005
2  2123 534 0 0 1.9005
2  2124 531 0 0 1.9005
0

0101000
-1144 0 +1147 0 *
Ve
1e-07
25.59475 14.03125 6.1
0 0

0101101
*
Ed
 1e-07 1 1 0
1  1063 0 0 1
2  2125 534 0 0 1
2  2126 532 0 0 1
0

0101000
-1144 0 +1142 0 *
Ed
 1e-07 1 1 0
1  1064 0 0 1.9005
2  2127 534 0 0 1.9005
2  2128 533 0 0 1.9005
0

0101000
-1142 0 +1146 0 *
Wi

0101100
-1145 0 -1143 0 +1141 0 +1140 0 *
Fa
0  1e-07 534 0

0111000
+1139 0 *
Ed
 1e-07 1 1 0
1  1065 0 0 1.156183
2  2129 530 0 0 1.156183
2  2130 533 0 0 1.156183
0

0101000
-1146 0 +1156 0 *
Ed
 1e-07 1 1 0
1  1066 0 0 1.156183
2  2131 530 0 0 1.156183
2  2132 531 0 0 1.156183
0

0101000
-1147 0 +1157 0 *
Wi

0101100
-1137 0 -1145 0 +1136 0 +1155 0 *
Fa
0  1e-07 530 0

0111000
+1135 0 *
Ed
 1e-07 1 1 0
1  1067 0 0 1.156183
2  2133 532 0 0 1.156183
2  2134 533 0 0 1.156183
0

0101000
-1142 0 +1152 0 *
Ed
 1e-07 1 1 0
1  1068 0 0 1.156183
2  2135 532 0 0 1.156183
2  2136 531 0 0 1.156183
0

0101000
-1144 0 +1154 0 *
Wi

0101100
-1133 0 -1141 0 +1132 0 +1151 0 *
Fa
0  1e-07 532 0

0111000
+1131 0 *
Wi

0101100
-1150 0 -1133 0 +1140 0 +1137 0 *
Fa
0  1e-07 533 0

0111000
+1129 0 *
Wi

0101100
-1153 0 -1132 0 +1143 0 +1136 0 *
Fa
0  1e-07 531 0

0111000
+1127 0 *
Sh

0101100
-1148 0 +1138 0 -1134 0 +1130 0 -1128 0 +1126 0 *
So

0100000
+1125 0 *
Ve
1e-07
34.552 56.738 7.1
0 0

0101101
*
Ve
1e-07
34.552 56.738 4.6
0 0

0101101
*
Ed
 1e-07 1 1 0
1  1069 0 0 2.5
2  2137 535 0 0 2.5
2  2138 536 0 0 2.5
0

0101000
-1123 0 +1122 0 *
Ve
1e-07
34.552 59.944 7.1
0 0

0101101
*
Ed
 1e-07 1 1 0
1  1070 0 0 3.206
2  2139 535 0 0 3.206
2  2140 537 0 0 3.206
0

0101000
-1120 0 +1123 0 *
Ve
1e-07
34.552 59.944 4.6
0 0

0101101
*
Ed
 1e-07 1 1 0
1  1071 0 0 2.5
2  2141 535 0 0 2.5
2  2142 538 0 0 2.5
0

0101000
-1120 0 +1118 0 *
Ed
 1e-07 1 1 0
1  1072 0 0 3.206
2  2143 535 0 0 3.206
2  2144 539 0 0 3.206
0

0101000
-1118 0 +1122 0 *
Wi

0101100
-1121 0 -1119 0 +1117 0 +1116 0 *
Fa
0  1e-07 535 0

0111000
+1115 0 *
Ve
1e-07
36.822 56.738 7.1
0 0

0101101
*
Ve
1e-07
36.822 56.738 4.6
0 0

0101101
*
Ed
 1e-07 1 1 0
1  1073 0 0 2.5
2  2145 540 0 0 2.5
2  2146 536 0 0 2.5
0

0101000
-1113 0 +1112 0 *
Ve
1e-07
36.822 59.944 7.1
0 0

0101101
*
Ed
 1e-07 1 1 0
1  1074 0 0 3.206
2  2147 540 0 0 3.206
2  2148 537 0 0 3.206
0

0101000
-1110 0 +1113 0 *
Ve
1e-07
36.822 59.944 4.6
0 0

0101101
*
Ed
 1e-07 1 1 0
1  1075 0 0 2.5
2  2149 540 0 0 2.5
2  2150 538 0 0 2.5
0

0101000
-1110 0 +1108 0 *
Ed
 1e-07 1 1 0
1  1076 0 0 3.206
2  2151 540 0 0 3.206
2  2152 539 0 0 3.206
0

0101000
-1108 0 +1112 0 *
Wi

0101100
-1111 0 -1109 0 +1107 0 +1106 0 *
Fa
0  1e-07 540 0

0111000
+1105 0 *
Ed
 1e-07 1 1 0
1  1077 0 0 2.27000000000001
2  2153 536 0 0 2.27000000000001
2  2154 539 0 0 2.27000000000001
0

0101000
-1112 0 +1122 0 *
Ed
 1e-07 1 1 0
1  1078 0 0 2.27000000000001
2  2155 536 0 0 2.27000000000001
2  2156 537 0 0 2.27000000000001
0

0101000
-1113 0 +1123 0 *
Wi

0101100
-1103 0 -1111 0 +1102 0 +1121 0 *
Fa
0  1e-07 536 0

0111000
+1101 0 *
Ed
 1e-07 1 1 0
1  1079 0 0 2.27000000000001
2  2157 538 0 0 2.27000000000001
2  2158 539 0 0 2.27000000000001
0

0101000
-1108 0 +1118 0 *
Ed
 1e-07 1 1 0
1  1080 0 0 2.27000000000001
2  2159 538 0 0 2.27000000000001
2  2160 537 0 0 2.27000000000001
0

0101000
-1110 0 +1120 0 *
Wi

0101100
-1099 0 -1107 0 +1098 0 +1117 0 *
Fa
0  1e-07 538 0

0111000
+1097 0 *
Wi

0101100
-1116 0 -1099 0 +1106 0 +1103 0 *
Fa
0  1e-07 539 0

0111000
+1095 0 *
Wi

0101100
-1119 0 -1098 0 +1109 0 +1102 0 *
Fa
0  1e-07 537 0

0111000
+1093 0 *
Sh

0101100
-1114 0 +1104 0 -1100 0 +1096 0 -1094 0 +1092 0 *
So

0100000
+1091 0 *
Ve
1e-07
44.504567 41.06475 7.1
0 0

0101101
*
Ve
1e-07
44.504567 41.06475 6.4
0 0

0101101
*
Ed
 1e-07 1 1 0
1  1081 0 0 0.7
2  2161 541 0 0 0.7
2  2162 542 0 0 0.7
0

0101000
-1089 0 +1088 0 *
Ve
1e-07
44.504567 43.10525 7.1
0 0

0101101
*
Ed
 1e-07 1 1 0
1  1082 0 0 2.04049999999999
2  2163 541 0 0 2.04049999999999
2  2164 543 0 0 2.04049999999999
0

0101000
-1086 0 +1089 0 *
Ve
1e-07
44.504567 43.10525 6.4
0 0

0101101
*
Ed
 1e-07 1 1 0
1  1083 0 0 0.7
2  2165 541 0 0 0.7
2  2166 544 0 0 0.7
0

0101000
-1086 0 +1084 0 *
Ed
 1e-07 1 1 0
1  1084 0 0 2.04049999999999
2  2167 541 0 0 2.04049999999999
2  2168 545 0 0 2.04049999999999
0

0101000
-1084 0 +1088 0 *
Wi

0101100
-1087 0 -1085 0 +1083 0 +1082 0 *
Fa
0  1e-07 541 0

0111000
+1081 0 *
Ve
1e-07
45.65975 41.06475 7.1
0 0

0101101
*
Ve
1e-07
45.65975 41.06475 6.4
0 0

0101101
*
Ed
 1e-07 1 1 0
1  1085 0 0 0.7
2  2169 546 0 0 0.7
2  2170 542 0 0 0.7
0

0101000
-1079 0 +1078 0 *
Ve
1e-07
45.65975 43.10525 7.1
0 0

0101101
*
Ed
 1e-07 1 1 0
1  1086 0 0 2.04049999999999
2  2171 546 0 0 2.04049999999999
2  2172 543 0 0 2.04049999999999
0

0101000
-1076 0 +1079 0 *
Ve
1e-07
45.65975 43.10525 6.4
0 0

0101101
*
Ed
 1e-07 1 1 0
1  1087 0 0 0.7
2  2173 546 0 0 0.7
2  2174 544 0 0 0.7
0

0101000
-1076 0 +1074 0 *
Ed
 1e-07 1 1 0
1  1088 0 0 2.04049999999999
2  2175 546 0 0 2.04049999999999
2  2176 545 0 0 2.04049999999999
0

0101000
-1074 0 +1078 0 *
Wi

0101100
-1077 0 -1075 0 +1073 0 +1072 0 *
Fa
0  1e-07 546 0

0111000
+1071 0 *
Ed
 1e-07 1 1 0
1  1089 0 0 1.15518299999999
2  2177 542 0 0 1.15518299999999
2  2178 545 0 0 1.15518299999999
0

0101000
-1078 0 +1088 0 *
Ed
 1e-07 1 1 0
1  1090 0 0 1.15518299999999
2  2179 542 0 0 1.15518299999999
2  2180 543 0 0 1.15518299999999
0

0101000
-1079 0 +1089 0 *
Wi

0101100
-1069 0 -1077 0 +1068 0 +1087 0 *
Fa
0  1e-07 542 0

0111000
+1067 0 *
Ed
 1e-07 1 1 0
1  1091 0 0 1.15518299999999
2  2181 544 0 0 1.15518299999999
2  2182 545 0 0 1.15518299999999
0

0101000
-1074 0 +1084 0 *
Ed
 1e-07 1 1 0
1  1092 0 0 1.15518299999999
2  2183 544 0 0 1.15518299999999
2  2184 543 0 0 1.15518299999999
0

0101000
-1076 0 +1086 0 *
Wi

0101100
-1065 0 -1073 0 +1064 0 +1083 0 *
Fa
0  1e-07 544 0

0111000
+1063 0 *
Wi

0101100
-1082 0 -1065 0 +1072 0 +1069 0 *
Fa
0  1e-07 545 0

0111000
+1061 0 *
Wi

0101100
-1085 0 -1064 0 +1075 0 +1068 0 *
Fa
0  1e-07 543 0

0111000
+1059 0 *
Sh

0101100
-1080 0 +1070 0 -1066 0 +1062 0 -1060 0 +1058 0 *
So

0100000
+1057 0 *
Ve
1e-07
4.82174999999999 40.996567 7.1
0 0

0101101
*
Ve
1e-07
4.82174999999999 40.996567 6.4
0 0

0101101
*
Ed
 1e-07 1 1 0
1  1093 0 0 0.7
2  2185 547 0 0 0.7
2  2186 548 0 0 0.7
0

0101000
-1055 0 +1054 0 *
Ve
1e-07
4.82174999999999 42.15175 7.1
0 0

0101101
*
Ed
 1e-07 1 1 0
1  1094 0 0 1.15518300000001
2  2187 547 0 0 1.15518300000001
2  2188 549 0 0 1.15518300000001
0

0101000
-1052 0 +1055 0 *
Ve
1e-07
4.82174999999999 42.15175 6.4
0 0

0101101
*
Ed
 1e-07 1 1 0
1  1095 0 0 0.7
2  2189 547 0 0 0.7
2  2190 550 0 0 0.7
0

0101000
-1052 0 +1050 0 *
Ed
 1e-07 1 1 0
1  1096 0 0 1.15518300000001
2  2191 547 0 0 1.15518300000001
2  2192 551 0 0 1.15518300000001
0

0101000
-1050 0 +1054 0 *
Wi

0101100
-1053 0 -1051 0 +1049 0 +1048 0 *
Fa
0  1e-07 547 0

0111000
+1047 0 *
Ve
1e-07
6.86225 40.996567 7.1
0 0

0101101
*
Ve
1e-07
6.86225 40.996567 6.4
0 0

0101101
*
Ed
 1e-07 1 1 0
1  1097 0 0 0.7
2  2193 552 0 0 0.7
2  2194 548 0 0 0.7
0

0101000
-1045 0 +1044 0 *
Ve
1e-07
6.86225 42.15175 7.1
0 0

0101101
*
Ed
 1e-07 1 1 0
1  1098 0 0 1.15518300000001
2  2195 552 0 0 1.15518300000001
2  2196 549 0 0 1.15518300000001
0

0101000
-1042 0 +1045 0 *
Ve
1e-07
6.86225 42.15175 6.4
0 0

0101101
*
Ed
 1e-07 1 1 0
1  1099 0 0 0.7
2  2197 552 0 0 0.7
2  2198 550 0 0 0.7
0

0101000
-1042 0 +1040 0 *
Ed
 1e-07 1 1 0
1  1100 0 0 1.15518300000001
2  2199 552 0 0 1.15518300000001
2  2200 551 0 0 1.15518300000001
0

0101000
-1040 0 +1044 0 *
Wi

0101100
-1043 0 -1041 0 +1039 0 +1038 0 *
Fa
0  1e-07 552 0

0111000
+1037 0 *
Ed
 1e-07 1 1 0
1  1101 0 0 2.04050000000001
2  2201 548 0 0 2.04050000000001
2  2202 551 0 0 2.04050000000001
0

0101000
-1044 0 +1054 0 *
Ed
 1e-07 1 1 0
1  1102 0 0 2.04050000000001
2  2203 548 0 0 2.04050000000001
2  2204 549 0 0 2.04050000000001
0

0101000
-1045 0 +1055 0 *
Wi

0101100
-1035 0 -1043 0 +1034 0 +1053 0 *
Fa
0  1e-07 548 0

0111000
+1033 0 *
Ed
 1e-07 1 1 0
1  1103 0 0 2.04050000000001
2  2205 550 0 0 2.04050000000001
2  2206 551 0 0 2.04050000000001
0

0101000
-1040 0 +1050 0 *
Ed
 1e-07 1 1 0
1  1104 0 0 2.04050000000001
2  2207 550 0 0 2.04050000000001
2  2208 549 0 0 2.04050000000001
0

0101000
-1042 0 +1052 0 *
Wi

0101100
-1031 0 -1039 0 +1030 0 +1049 0 *
Fa
0  1e-07 550 0

0111000
+1029 0 *
Wi

0101100
-1048 0 -1031 0 +1038 0 +1035 0 *
Fa
0  1e-07 551 0

0111000
+1027 0 *
Wi

0101100
-1051 0 -1030 0 +1041 0 +1034 0 *
Fa
0  1e-07 549 0

0111000
+1025 0 *
Sh

0101100
-1046 0 +1036 0 -1032 0 +1028 0 -1026 0 +1024 0 *
So

0100000
+1023 0 *
Ve
1e-07
15.26525 37.364567 7.1
0 0

0101101
*
Ve
1e-07
15.26525 37.364567 6.1
0 0

0101101
*
Ed
 1e-07 1 1 0
1  1105 0 0 1
2  2209 553 0 0 1
2  2210 554 0 0 1
0

0101000
-1021 0 +1020 0 *
Ve
1e-07
15.26525 38.51975 7.1
0 0

0101101
*
Ed
 1e-07 1 1 0
1  1106 0 0 1.15518300000001
2  2211 553 0 0 1.15518300000001
2  2212 555 0 0 1.15518300000001
0

0101000
-1018 0 +1021 0 *
Ve
1e-07
15.26525 38.51975 6.1
0 0

0101101
*
Ed
 1e-07 1 1 0
1  1107 0 0 1
2  2213 553 0 0 1
2  2214 556 0 0 1
0

0101000
-1018 0 +1016 0 *
Ed
 1e-07 1 1 0
1  1108 0 0 1.15518300000001
2  2215 553 0 0 1.15518300000001
2  2216 557 0 0 1.15518300000001
0

0101000
-1016 0 +1020 0 *
Wi

0101100
-1019 0 -1017 0 +1015 0 +1014 0 *
Fa
0  1e-07 553 0

0111000
+1013 0 *
Ve
1e-07
17.754752 37.364567 7.1
0 0

0101101
*
Ve
1e-07
17.754752 37.364567 6.1
0 0

0101101
*
Ed
 1e-07 1 1 0
1  1109 0 0 1
2  2217 558 0 0 1
2  2218 554 0 0 1
0

0101000
-1011 0 +1010 0 *
Ve
1e-07
17.754752 38.51975 7.1
0 0

0101101
*
Ed
 1e-07 1 1 0
1  1110 0 0 1.15518300000001
2  2219 558 0 0 1.15518300000001
2  2220 555 0 0 1.15518300000001
0

0101000
-1008 0 +1011 0 *
Ve
1e-07
17.754752 38.51975 6.1
0 0

0101101
*
Ed
 1e-07 1 1 0
1  1111 0 0 1
2  2221 558 0 0 1
2  2222 556 0 0 1
0

0101000
-1008 0 +1006 0 *
Ed
 1e-07 1 1 0
1  1112 0 0 1.15518300000001
2  2223 558 0 0 1.15518300000001
2  2224 557 0 0 1.15518300000001
0

0101000
-1006 0 +1010 0 *
Wi

0101100
-1009 0 -1007 0 +1005 0 +1004 0 *
Fa
0  1e-07 558 0

0111000
+1003 0 *
Ed
 1e-07 1 1 0
1  1113 0 0 2.489502
2  2225 554 0 0 2.489502
2  2226 557 0 0 2.489502
0

0101000
-1010 0 +1020 0 *
Ed
 1e-07 1 1 0
1  1114 0 0 2.489502
2  2227 554 0 0 2.489502
2  2228 555 0 0 2.489502
0

0101000
-1011 0 +1021 0 *
Wi

0101100
-1001 0 -1009 0 +1000 0 +1019 0 *
Fa
0  1e-07 554 0

0111000
+999 0 *
Ed
 1e-07 1 1 0
1  1115 0 0 2.489502
2  2229 556 0 0 2.489502
2  2230 557 0 0 2.489502
0

0101000
-1006 0 +1016 0 *
Ed
 1e-07 1 1 0
1  1116 0 0 2.489502
2  2231 556 0 0 2.489502
2  2232 555 0 0 2.489502
0

0101000
-1008 0 +1018 0 *
Wi

0101100
-997 0 -1005 0 +996 0 +1015 0 *
Fa
0  1e-07 556 0

0111000
+995 0 *
Wi

0101100
-1014 0 -997 0 +1004 0 +1001 0 *
Fa
0  1e-07 557 0

0111000
+993 0 *
Wi

0101100
-1017 0 -996 0 +1007 0 +1000 0 *
Fa
0  1e-07 555 0

0111000
+991 0 *
Sh

0101100
-1012 0 +1002 0 -998 0 +994 0 -992 0 +990 0 *
So

0100000
+989 0 *
Ve
1e-07
43.234567 41.06475 7.1
0 0

0101101
*
Ve
1e-07
43.234567 41.06475 6.4
0 0

0101101
*
Ed
 1e-07 1 1 0
1  1117 0 0 0.7
2  2233 559 0 0 0.7
2  2234 560 0 0 0.7
0

0101000
-987 0 +986 0 *
Ve
1e-07
43.234567 43.10525 7.1
0 0

0101101
*
Ed
 1e-07 1 1 0
1  1118 0 0 2.04049999999999
2  2235 559 0 0 2.04049999999999
2  2236 561 0 0 2.04049999999999
0

0101000
-984 0 +987 0 *
Ve
1e-07
43.234567 43.10525 6.4
0 0

0101101
*
Ed
 1e-07 1 1 0
1  1119 0 0 0.7
2  2237 559 0 0 0.7
2  2238 562 0 0 0.7
0

0101000
-984 0 +982 0 *
Ed
 1e-07 1 1 0
1  1120 0 0 2.04049999999999
2  2239 559 0 0 2.04049999999999
2  2240 563 0 0 2.04049999999999
0

0101000
-982 0 +986 0 *
Wi

0101100
-985 0 -983 0 +981 0 +980 0 *
Fa
0  1e-07 559 0

0111000
+979 0 *
Ve
1e-07
44.38975 41.06475 7.1
0 0

0101101
*
Ve
1e-07
44.38975 41.06475 6.4
0 0

0101101
*
Ed
 1e-07 1 1 0
1  1121 0 0 0.7
2  2241 564 0 0 0.7
2  2242 560 0 0 0.7
0

0101000
-977 0 +976 0 *
Ve
1e-07
44.38975 43.10525 7.1
0 0

0101101
*
Ed
 1e-07 1 1 0
1  1122 0 0 2.04049999999999
2  2243 564 0 0 2.04049999999999
2  2244 561 0 0 2.04049999999999
0

0101000
-974 0 +977 0 *
Ve
1e-07
44.38975 43.10525 6.4
0 0

0101101
*
Ed
 1e-07 1 1 0
1  1123 0 0 0.7
2  2245 564 0 0 0.7
2  2246 562 0 0 0.7
0

0101000
-974 0 +972 0 *
Ed
 1e-07 1 1 0
1  1124 0 0 2.04049999999999
2  2247 564 0 0 2.04049999999999
2  2248 563 0 0 2.04049999999999
0

0101000
-972 0 +976 0 *
Wi

0101100
-975 0 -973 0 +971 0 +970 0 *
Fa
0  1e-07 564 0

0111000
+969 0 *
Ed
 1e-07 1 1 0
1  1125 0 0 1.15518299999999
2  2249 560 0 0 1.15518299999999
2  2250 563 0 0 1.15518299999999
0

0101000
-976 0 +986 0 *
Ed
 1e-07 1 1 0
1  1126 0 0 1.15518299999999
2  2251 560 0 0 1.15518299999999
2  2252 561 0 0 1.15518299999999
0

0101000
-977 0 +987 0 *
Wi

0101100
-967 0 -975 0 +966 0 +985 0 *
Fa
0  1e-07 560 0

0111000
+965 0 *
Ed
 1e-07 1 1 0
1  1127 0 0 1.15518299999999
2  2253 562 0 0 1.15518299999999
2  2254 563 0 0 1.15518299999999
0

0101000
-972 0 +982 0 *
Ed
 1e-07 1 1 0
1  1128 0 0 1.15518299999999
2  2255 562 0 0 1.15518299999999
2  2256 561 0 0 1.15518299999999
0

0101000
-974 0 +984 0 *
Wi

0101100
-963 0 -971 0 +962 0 +981 0 *
Fa
0  1e-07 562 0

0111000
+961 0 *
Wi

0101100
-980 0 -963 0 +970 0 +967 0 *
Fa
0  1e-07 563 0

0111000
+959 0 *
Wi

0101100
-983 0 -962 0 +973 0 +966 0 *
Fa
0  1e-07 561 0

0111000
+957 0 *
Sh

0101100
-978 0 +968 0 -964 0 +960 0 -958 0 +956 0 *
So

0100000
+955 0 *
Ve
1e-07
5.007567 59.255248 7.1
0 0

0101101
*
Ve
1e-07
5.007567 59.255248 6.1
0 0

0101101
*
Ed
 1e-07 1 1 0
1  1129 0 0 1
2  2257 565 0 0 1
2  2258 566 0 0 1
0

0101000
-953 0 +952 0 *
Ve
1e-07
5.007567 61.74475 7.1
0 0

0101101
*
Ed
 1e-07 1 1 0
1  1130 0 0 2.489502
2  2259 565 0 0 2.489502
2  2260 567 0 0 2.489502
0

0101000
-950 0 +953 0 *
Ve
1e-07
5.007567 61.74475 6.1
0 0

0101101
*
Ed
 1e-07 1 1 0
1  1131 0 0 1
2  2261 565 0 0 1
2  2262 568 0 0 1
0

0101000
-950 0 +948 0 *
Ed
 1e-07 1 1 0
1  1132 0 0 2.489502
2  2263 565 0 0 2.489502
2  2264 569 0 0 2.489502
0

0101000
-948 0 +952 0 *
Wi

0101100
-951 0 -949 0 +947 0 +946 0 *
Fa
0  1e-07 565 0

0111000
+945 0 *
Ve
1e-07
6.16275 59.255248 7.1
0 0

0101101
*
Ve
1e-07
6.16275 59.255248 6.1
0 0

0101101
*
Ed
 1e-07 1 1 0
1  1133 0 0 1
2  2265 570 0 0 1
2  2266 566 0 0 1
0

0101000
-943 0 +942 0 *
Ve
1e-07
6.16275 61.74475 7.1
0 0

0101101
*
Ed
 1e-07 1 1 0
1  1134 0 0 2.489502
2  2267 570 0 0 2.489502
2  2268 567 0 0 2.489502
0

0101000
-940 0 +943 0 *
Ve
1e-07
6.16275 61.74475 6.1
0 0

0101101
*
Ed
 1e-07 1 1 0
1  1135 0 0 1
2  2269 570 0 0 1
2  2270 568 0 0 1
0

0101000
-940 0 +938 0 *
Ed
 1e-07 1 1 0
1  1136 0 0 2.489502
2  2271 570 0 0 2.489502
2  2272 569 0 0 2.489502
0

0101000
-938 0 +942 0 *
Wi

0101100
-941 0 -939 0 +937 0 +936 0 *
Fa
0  1e-07 570 0

0111000
+935 0 *
Ed
 1e-07 1 1 0
1  1137 0 0 1.15518300000001
2  2273 566 0 0 1.15518300000001
2  2274 569 0 0 1.15518300000001
0

0101000
-942 0 +952 0 *
Ed
 1e-07 1 1 0
1  1138 0 0 1.15518300000001
2  2275 566 0 0 1.15518300000001
2  2276 567 0 0 1.15518300000001
0

0101000
-943 0 +953 0 *
Wi

0101100
-933 0 -941 0 +932 0 +951 0 *
Fa
0  1e-07 566 0

0111000
+931 0 *
Ed
 1e-07 1 1 0
1  1139 0 0 1.15518300000001
2  2277 568 0 0 1.15518300000001
2  2278 569 0 0 1.15518300000001
0

0101000
-938 0 +948 0 *
Ed
 1e-07 1 1 0
1  1140 0 0 1.15518300000001
2  2279 568 0 0 1.15518300000001
2  2280 567 0 0 1.15518300000001
0

0101000
-940 0 +950 0 *
Wi

0101100
-929 0 -937 0 +928 0 +947 0 *
Fa
0  1e-07 568 0

0111000
+927 0 *
Wi

0101100
-946 0 -929 0 +936 0 +933 0 *
Fa
0  1e-07 569 0

0111000
+925 0 *
Wi

0101100
-949 0 -928 0 +939 0 +932 0 *
Fa
0  1e-07 567 0

0111000
+923 0 *
Sh

0101100
-944 0 +934 0 -930 0 +926 0 -924 0 +922 0 *
So

0100000
+921 0 *
Ve
1e-07
8.82325 38.90575 7.1
0 0

0101101
*
Ve
1e-07
8.82325 38.90575 6.4
0 0

0101101
*
Ed
 1e-07 1 1 0
1  1141 0 0 0.7
2  2281 571 0 0 0.7
2  2282 572 0 0 0.7
0

0101000
-919 0 +918 0 *
Ve
1e-07
8.82325 40.94625 7.1
0 0

0101101
*
Ed
 1e-07 1 1 0
1  1142 0 0 2.04050000000001
2  2283 571 0 0 2.04050000000001
2  2284 573 0 0 2.04050000000001
0

0101000
-916 0 +919 0 *
Ve
1e-07
8.82325 40.94625 6.4
0 0

0101101
*
Ed
 1e-07 1 1 0
1  1143 0 0 0.7
2  2285 571 0 0 0.7
2  2286 574 0 0 0.7
0

0101000
-916 0 +914 0 *
Ed
 1e-07 1 1 0
1  1144 0 0 2.04050000000001
2  2287 571 0 0 2.04050000000001
2  2288 575 0 0 2.04050000000001
0

0101000
-914 0 +918 0 *
Wi

0101100
-917 0 -915 0 +913 0 +912 0 *
Fa
0  1e-07 571 0

0111000
+911 0 *
Ve
1e-07
9.978433 38.90575 7.1
0 0

0101101
*
Ve
1e-07
9.978433 38.90575 6.4
0 0

0101101
*
Ed
 1e-07 1 1 0
1  1145 0 0 0.7
2  2289 576 0 0 0.7
2  2290 572 0 0 0.7
0

0101000
-909 0 +908 0 *
Ve
1e-07
9.978433 40.94625 7.1
0 0

0101101
*
Ed
 1e-07 1 1 0
1  1146 0 0 2.04050000000001
2  2291 576 0 0 2.04050000000001
2  2292 573 0 0 2.04050000000001
0

0101000
-906 0 +909 0 *
Ve
1e-07
9.978433 40.94625 6.4
0 0

0101101
*
Ed
 1e-07 1 1 0
1  1147 0 0 0.7
2  2293 576 0 0 0.7
2  2294 574 0 0 0.7
0

0101000
-906 0 +904 0 *
Ed
 1e-07 1 1 0
1  1148 0 0 2.04050000000001
2  2295 576 0 0 2.04050000000001
2  2296 575 0 0 2.04050000000001
0

0101000
-904 0 +908 0 *
Wi

0101100
-907 0 -905 0 +903 0 +902 0 *
Fa
0  1e-07 576 0

0111000
+901 0 *
Ed
 1e-07 1 1 0
1  1149 0 0 1.15518299999999
2  2297 572 0 0 1.15518299999999
2  2298 575 0 0 1.15518299999999
0

0101000
-908 0 +918 0 *
Ed
 1e-07 1 1 0
1  1150 0 0 1.15518299999999
2  2299 572 0 0 1.15518299999999
2  2300 573 0 0 1.15518299999999
0

0101000
-909 0 +919 0 *
Wi

0101100
-899 0 -907 0 +898 0 +917 0 *
Fa
0  1e-07 572 0

0111000
+897 0 *
Ed
 1e-07 1 1 0
1  1151 0 0 1.15518299999999
2  2301 574 0 0 1.15518299999999
2  2302 575 0 0 1.15518299999999
0

0101000
-904 0 +914 0 *
Ed
 1e-07 1 1 0
1  1152 0 0 1.15518299999999
2  2303 574 0 0 1.15518299999999
2  2304 573 0 0 1.15518299999999
0

0101000
-906 0 +916 0 *
Wi

0101100
-895 0 -903 0 +894 0 +913 0 *
Fa
0  1e-07 574 0

0111000
+893 0 *
Wi

0101100
-912 0 -895 0 +902 0 +899 0 *
Fa
0  1e-07 575 0

0111000
+891 0 *
Wi

0101100
-915 0 -894 0 +905 0 +898 0 *
Fa
0  1e-07 573 0

0111000
+889 0 *
Sh

0101100
-910 0 +900 0 -896 0 +892 0 -890 0 +888 0 *
So

0100000
+887 0 *
Ve
1e-07
37.620999 58.066999 7.1
0 0

0101101
*
Ve
1e-07
37.620999 58.066999 6.1
0 0

0101101
*
Ed
 1e-07 1 1 0
1  1153 0 0 1
2  2305 577 0 0 1
2  2306 578 0 0 1
0

0101000
-885 0 +884 0 *
Ve
1e-07
37.620999 59.741 7.1
0 0

0101101
*
Ed
 1e-07 1 1 0
1  1154 0 0 1.674001
2  2307 577 0 0 1.674001
2  2308 579 0 0 1.674001
0

0101000
-882 0 +885 0 *
Ve
1e-07
37.620999 59.741 6.1
0 0

0101101
*
Ed
 1e-07 1 1 0
1  1155 0 0 1
2  2309 577 0 0 1
2  2310 580 0 0 1
0

0101000
-882 0 +880 0 *
Ed
 1e-07 1 1 0
1  1156 0 0 1.674001
2  2311 577 0 0 1.674001
2  2312 581 0 0 1.674001
0

0101000
-880 0 +884 0 *
Wi

0101100
-883 0 -881 0 +879 0 +878 0 *
Fa
0  1e-07 577 0

0111000
+877 0 *
Ve
1e-07
40.655 58.066999 7.1
0 0

0101101
*
Ve
1e-07
40.655 58.066999 6.1
0 0

0101101
*
Ed
 1e-07 1 1 0
1  1157 0 0 1
2  2313 582 0 0 1
2  2314 578 0 0 1
0

0101000
-875 0 +874 0 *
Ve
1e-07
40.655 59.741 7.1
0 0

0101101
*
Ed
 1e-07 1 1 0
1  1158 0 0 1.674001
2  2315 582 0 0 1.674001
2  2316 579 0 0 1.674001
0

0101000
-872 0 +875 0 *
Ve
1e-07
40.655 59.741 6.1
0 0

0101101
*
Ed
 1e-07 1 1 0
1  1159 0 0 1
2  2317 582 0 0 1
2  2318 580 0 0 1
0

0101000
-872 0 +870 0 *
Ed
 1e-07 1 1 0
1  1160 0 0 1.674001
2  2319 582 0 0 1.674001
2  2320 581 0 0 1.674001
0

0101000
-870 0 +874 0 *
Wi

0101100
-873 0 -871 0 +869 0 +868 0 *
Fa
0  1e-07 582 0

0111000
+867 0 *
Ed
 1e-07 1 1 0
1  1161 0 0 3.03400099999999
2  2321 578 0 0 3.03400099999999
2  2322 581 0 0 3.03400099999999
0

0101000
-874 0 +884 0 *
Ed
 1e-07 1 1 0
1  1162 0 0 3.03400099999999
2  2323 578 0 0 3.03400099999999
2  2324 579 0 0 3.03400099999999
0

0101000
-875 0 +885 0 *
Wi

0101100
-865 0 -873 0 +864 0 +883 0 *
Fa
0  1e-07 578 0

0111000
+863 0 *
Ed
 1e-07 1 1 0
1  1163 0 0 3.03400099999999
2  2325 580 0 0 3.03400099999999
2  2326 581 0 0 3.03400099999999
0

0101000
-870 0 +880 0 *
Ed
 1e-07 1 1 0
1  1164 0 0 3.03400099999999
2  2327 580 0 0 3.03400099999999
2  2328 579 0 0 3.03400099999999
0

0101000
-872 0 +882 0 *
Wi

0101100
-861 0 -869 0 +860 0 +879 0 *
Fa
0  1e-07 580 0

0111000
+859 0 *
Wi

0101100
-878 0 -861 0 +868 0 +865 0 *
Fa
0  1e-07 581 0

0111000
+857 0 *
Wi

0101100
-881 0 -860 0 +871 0 +864 0 *
Fa
0  1e-07 579 0

0111000
+855 0 *
Sh

0101100
-876 0 +866 0 -862 0 +858 0 -856 0 +854 0 *
So

0100000
+853 0 *
Ve
1e-07
45.78575 41.05225 7.1
0 0

0101101
*
Ve
1e-07
45.78575 41.05225 6.1
0 0

0101101
*
Ed
 1e-07 1 1 0
1  1165 0 0 1
2  2329 583 0 0 1
2  2330 584 0 0 1
0

0101000
-851 0 +850 0 *
Ve
1e-07
45.78575 42.208433 7.1
0 0

0101101
*
Ed
 1e-07 1 1 0
1  1166 0 0 1.156183
2  2331 583 0 0 1.156183
2  2332 585 0 0 1.156183
0

0101000
-848 0 +851 0 *
Ve
1e-07
45.78575 42.208433 6.1
0 0

0101101
*
Ed
 1e-07 1 1 0
1  1167 0 0 1
2  2333 583 0 0 1
2  2334 586 0 0 1
0

0101000
-848 0 +846 0 *
Ed
 1e-07 1 1 0
1  1168 0 0 1.156183
2  2335 583 0 0 1.156183
2  2336 587 0 0 1.156183
0

0101000
-846 0 +850 0 *
Wi

0101100
-849 0 -847 0 +845 0 +844 0 *
Fa
0  1e-07 583 0

0111000
+843 0 *
Ve
1e-07
47.68625 41.05225 7.1
0 0

0101101
*
Ve
1e-07
47.68625 41.05225 6.1
0 0

0101101
*
Ed
 1e-07 1 1 0
1  1169 0 0 1
2  2337 588 0 0 1
2  2338 584 0 0 1
0

0101000
-841 0 +840 0 *
Ve
1e-07
47.68625 42.208433 7.1
0 0

0101101
*
Ed
 1e-07 1 1 0
1  1170 0 0 1.156183
2  2339 588 0 0 1.156183
2  2340 585 0 0 1.156183
0

0101000
-838 0 +841 0 *
Ve
1e-07
47.68625 42.208433 6.1
0 0

0101101
*
Ed
 1e-07 1 1 0
1  1171 0 0 1
2  2341 588 0 0 1
2  2342 586 0 0 1
0

0101000
-838 0 +836 0 *
Ed
 1e-07 1 1 0
1  1172 0 0 1.156183
2  2343 588 0 0 1.156183
2  2344 587 0 0 1.156183
0

0101000
-836 0 +840 0 *
Wi

0101100
-839 0 -837 0 +835 0 +834 0 *
Fa
0  1e-07 588 0

0111000
+833 0 *
Ed
 1e-07 1 1 0
1  1173 0 0 1.90049999999999
2  2345 584 0 0 1.90049999999999
2  2346 587 0 0 1.90049999999999
0

0101000
-840 0 +850 0 *
Ed
 1e-07 1 1 0
1  1174 0 0 1.90049999999999
2  2347 584 0 0 1.90049999999999
2  2348 585 0 0 1.90049999999999
0

0101000
-841 0 +851 0 *
Wi

0101100
-831 0 -839 0 +830 0 +849 0 *
Fa
0  1e-07 584 0

0111000
+829 0 *
Ed
 1e-07 1 1 0
1  1175 0 0 1.90049999999999
2  2349 586 0 0 1.90049999999999
2  2350 587 0 0 1.90049999999999
0

0101000
-836 0 +846 0 *
Ed
 1e-07 1 1 0
1  1176 0 0 1.90049999999999
2  2351 586 0 0 1.90049999999999
2  2352 585 0 0 1.90049999999999
0

0101000
-838 0 +848 0 *
Wi

0101100
-827 0 -835 0 +826 0 +845 0 *
Fa
0  1e-07 586 0

0111000
+825 0 *
Wi

0101100
-844 0 -827 0 +834 0 +831 0 *
Fa
0  1e-07 587 0

0111000
+823 0 *
Wi

0101100
-847 0 -826 0 +837 0 +830 0 *
Fa
0  1e-07 585 0

0111000
+821 0 *
Sh

0101100
-842 0 +832 0 -828 0 +824 0 -822 0 +820 0 *
So

0100000
+819 0 *
Ve
1e-07
38.9885 48.6225 7.1
0 0

0101101
*
Ve
1e-07
38.9885 48.6225 5.8
0 0

0101101
*
Ed
 1e-07 1 1 0
1  1177 0 0 1.3
2  2353 589 0 0 1.3
2  2354 590 0 0 1.3
0

0101000
-817 0 +816 0 *
Ve
1e-07
38.9885 52.8725 7.1
0 0

0101101
*
Ed
 1e-07 1 1 0
1  1178 0 0 4.25
2  2355 589 0 0 4.25
2  2356 591 0 0 4.25
0

0101000
-814 0 +817 0 *
Ve
1e-07
38.9885 52.8725 5.8
0 0

0101101
*
Ed
 1e-07 1 1 0
1  1179 0 0 1.3
2  2357 589 0 0 1.3
2  2358 592 0 0 1.3
0

0101000
-814 0 +812 0 *
Ed
 1e-07 1 1 0
1  1180 0 0 4.25
2  2359 589 0 0 4.25
2  2360 593 0 0 4.25
0

0101000
-812 0 +816 0 *
Wi

0101100
-815 0 -813 0 +811 0 +810 0 *
Fa
0  1e-07 589 0

0111000
+809 0 *
Ve
1e-07
42.519433 48.6225 7.1
0 0

0101101
*
Ve
1e-07
42.519433 48.6225 5.8
0 0

0101101
*
Ed
 1e-07 1 1 0
1  1181 0 0 1.3
2  2361 594 0 0 1.3
2  2362 590 0 0 1.3
0

0101000
-807 0 +806 0 *
Ve
1e-07
42.519433 52.8725 7.1
0 0

0101101
*
Ed
 1e-07 1 1 0
1  1182 0 0 4.25
2  2363 594 0 0 4.25
2  2364 591 0 0 4.25
0

0101000
-804 0 +807 0 *
Ve
1e-07
42.519433 52.8725 5.8
0 0

0101101
*
Ed
 1e-07 1 1 0
1  1183 0 0 1.3
2  2365 594 0 0 1.3
2  2366 592 0 0 1.3
0

0101000
-804 0 +802 0 *
Ed
 1e-07 1 1 0
1  1184 0 0 4.25
2  2367 594 0 0 4.25
2  2368 593 0 0 4.25
0

0101000
-802 0 +806 0 *
Wi

0101100
-805 0 -803 0 +801 0 +800 0 *
Fa
0  1e-07 594 0

0111000
+799 0 *
Ed
 1e-07 1 1 0
1  1185 0 0 3.530933
2  2369 590 0 0 3.530933
2  2370 593 0 0 3.530933
0

0101000
-806 0 +816 0 *
Ed
 1e-07 1 1 0
1  1186 0 0 3.530933
2  2371 590 0 0 3.530933
2  2372 591 0 0 3.530933
0

0101000
-807 0 +817 0 *
Wi

0101100
-797 0 -805 0 +796 0 +815 0 *
Fa
0  1e-07 590 0

0111000
+795 0 *
Ed
 1e-07 1 1 0
1  1187 0 0 3.530933
2  2373 592 0 0 3.530933
2  2374 593 0 0 3.530933
0

0101000
-802 0 +812 0 *
Ed
 1e-07 1 1 0
1  1188 0 0 3.530933
2  2375 592 0 0 3.530933
2  2376 591 0 0 3.530933
0

0101000
-804 0 +814 0 *
Wi

0101100
-793 0 -801 0 +792 0 +811 0 *
Fa
0  1e-07 592 0

0111000
+791 0 *
Wi

0101100
-810 0 -793 0 +800 0 +797 0 *
Fa
0  1e-07 593 0

0111000
+789 0 *
Wi

0101100
-813 0 -792 0 +803 0 +796 0 *
Fa
0  1e-07 591 0

0111000
+787 0 *
Sh

0101100
-808 0 +798 0 -794 0 +790 0 -788 0 +786 0 *
So

0100000
+785 0 *
Ve
1e-07
38.996 52.932 7.1
0 0

0101101
*
Ve
1e-07
38.996 52.932 6.1
0 0

0101101
*
Ed
 1e-07 1 1 0
1  1189 0 0 1
2  2377 595 0 0 1
2  2378 596 0 0 1
0

0101000
-783 0 +782 0 *
Ve
1e-07
38.996 54.606001 7.1
0 0

0101101
*
Ed
 1e-07 1 1 0
1  1190 0 0 1.674001
2  2379 595 0 0 1.674001
2  2380 597 0 0 1.674001
0

0101000
-780 0 +783 0 *
Ve
1e-07
38.996 54.606001 6.1
0 0

0101101
*
Ed
 1e-07 1 1 0
1  1191 0 0 1
2  2381 595 0 0 1
2  2382 598 0 0 1
0

0101000
-780 0 +778 0 *
Ed
 1e-07 1 1 0
1  1192 0 0 1.674001
2  2383 595 0 0 1.674001
2  2384 599 0 0 1.674001
0

0101000
-778 0 +782 0 *
Wi

0101100
-781 0 -779 0 +777 0 +776 0 *
Fa
0  1e-07 595 0

0111000
+775 0 *
Ve
1e-07
42.030001 52.932 7.1
0 0

0101101
*
Ve
1e-07
42.030001 52.932 6.1
0 0

0101101
*
Ed
 1e-07 1 1 0
1  1193 0 0 1
2  2385 600 0 0 1
2  2386 596 0 0 1
0

0101000
-773 0 +772 0 *
Ve
1e-07
42.030001 54.606001 7.1
0 0

0101101
*
Ed
 1e-07 1 1 0
1  1194 0 0 1.674001
2  2387 600 0 0 1.674001
2  2388 597 0 0 1.674001
0

0101000
-770 0 +773 0 *
Ve
1e-07
42.030001 54.606001 6.1
0 0

0101101
*
Ed
 1e-07 1 1 0
1  1195 0 0 1
2  2389 600 0 0 1
2  2390 598 0 0 1
0

0101000
-770 0 +768 0 *
Ed
 1e-07 1 1 0
1  1196 0 0 1.674001
2  2391 600 0 0 1.674001
2  2392 599 0 0 1.674001
0

0101000
-768 0 +772 0 *
Wi

0101100
-771 0 -769 0 +767 0 +766 0 *
Fa
0  1e-07 600 0

0111000
+765 0 *
Ed
 1e-07 1 1 0
1  1197 0 0 3.03400099999999
2  2393 596 0 0 3.03400099999999
2  2394 599 0 0 3.03400099999999
0

0101000
-772 0 +782 0 *
Ed
 1e-07 1 1 0
1  1198 0 0 3.03400099999999
2  2395 596 0 0 3.03400099999999
2  2396 597 0 0 3.03400099999999
0

0101000
-773 0 +783 0 *
Wi

0101100
-763 0 -771 0 +762 0 +781 0 *
Fa
0  1e-07 596 0

0111000
+761 0 *
Ed
 1e-07 1 1 0
1  1199 0 0 3.03400099999999
2  2397 598 0 0 3.03400099999999
2  2398 599 0 0 3.03400099999999
0

0101000
-768 0 +778 0 *
Ed
 1e-07 1 1 0
1  1200 0 0 3.03400099999999
2  2399 598 0 0 3.03400099999999
2  2400 597 0 0 3.03400099999999
0

0101000
-770 0 +780 0 *
Wi

0101100
-759 0 -767 0 +758 0 +777 0 *
Fa
0  1e-07 598 0

0111000
+757 0 *
Wi

0101100
-776 0 -759 0 +766 0 +763 0 *
Fa
0  1e-07 599 0

0111000
+755 0 *
Wi

0101100
-779 0 -758 0 +769 0 +762 0 *
Fa
0  1e-07 597 0

0111000
+753 0 *
Sh

0101100
-774 0 +764 0 -760 0 +756 0 -754 0 +752 0 *
So

0100000
+751 0 *
Ve
1e-07
44.21375 58.450567 7.1
0 0

0101101
*
Ve
1e-07
44.21375 58.450567 6.4
0 0

0101101
*
Ed
 1e-07 1 1 0
1  1201 0 0 0.7
2  2401 601 0 0 0.7
2  2402 602 0 0 0.7
0

0101000
-749 0 +748 0 *
Ve
1e-07
44.21375 59.60575 7.1
0 0

0101101
*
Ed
 1e-07 1 1 0
1  1202 0 0 1.15518299999999
2  2403 601 0 0 1.15518299999999
2  2404 603 0 0 1.15518299999999
0

0101000
-746 0 +749 0 *
Ve
1e-07
44.21375 59.60575 6.4
0 0

0101101
*
Ed
 1e-07 1 1 0
1  1203 0 0 0.7
2  2405 601 0 0 0.7
2  2406 604 0 0 0.7
0

0101000
-746 0 +744 0 *
Ed
 1e-07 1 1 0
1  1204 0 0 1.15518299999999
2  2407 601 0 0 1.15518299999999
2  2408 605 0 0 1.15518299999999
0

0101000
-744 0 +748 0 *
Wi

0101100
-747 0 -745 0 +743 0 +742 0 *
Fa
0  1e-07 601 0

0111000
+741 0 *
Ve
1e-07
46.25425 58.450567 7.1
0 0

0101101
*
Ve
1e-07
46.25425 58.450567 6.4
0 0

0101101
*
Ed
 1e-07 1 1 0
1  1205 0 0 0.7
2  2409 606 0 0 0.7
2  2410 602 0 0 0.7
0

0101000
-739 0 +738 0 *
Ve
1e-07
46.25425 59.60575 7.1
0 0

0101101
*
Ed
 1e-07 1 1 0
1  1206 0 0 1.15518299999999
2  2411 606 0 0 1.15518299999999
2  2412 603 0 0 1.15518299999999
0

0101000
-736 0 +739 0 *
Ve
1e-07
46.25425 59.60575 6.4
0 0

0101101
*
Ed
 1e-07 1 1 0
1  1207 0 0 0.7
2  2413 606 0 0 0.7
2  2414 604 0 0 0.7
0

0101000
-736 0 +734 0 *
Ed
 1e-07 1 1 0
1  1208 0 0 1.15518299999999
2  2415 606 0 0 1.15518299999999
2  2416 605 0 0 1.15518299999999
0

0101000
-734 0 +738 0 *
Wi

0101100
-737 0 -735 0 +733 0 +732 0 *
Fa
0  1e-07 606 0

0111000
+731 0 *
Ed
 1e-07 1 1 0
1  1209 0 0 2.04050000000001
2  2417 602 0 0 2.04050000000001
2  2418 605 0 0 2.04050000000001
0

0101000
-738 0 +748 0 *
Ed
 1e-07 1 1 0
1  1210 0 0 2.04050000000001
2  2419 602 0 0 2.04050000000001
2  2420 603 0 0 2.04050000000001
0

0101000
-739 0 +749 0 *
Wi

0101100
-729 0 -737 0 +728 0 +747 0 *
Fa
0  1e-07 602 0

0111000
+727 0 *
Ed
 1e-07 1 1 0
1  1211 0 0 2.04050000000001
2  2421 604 0 0 2.04050000000001
2  2422 605 0 0 2.04050000000001
0

0101000
-734 0 +744 0 *
Ed
 1e-07 1 1 0
1  1212 0 0 2.04050000000001
2  2423 604 0 0 2.04050000000001
2  2424 603 0 0 2.04050000000001
0

0101000
-736 0 +746 0 *
Wi

0101100
-725 0 -733 0 +724 0 +743 0 *
Fa
0  1e-07 604 0

0111000
+723 0 *
Wi

0101100
-742 0 -725 0 +732 0 +729 0 *
Fa
0  1e-07 605 0

0111000
+721 0 *
Wi

0101100
-745 0 -724 0 +735 0 +728 0 *
Fa
0  1e-07 603 0

0111000
+719 0 *
Sh

0101100
-740 0 +730 0 -726 0 +722 0 -720 0 +718 0 *
So

0100000
+717 0 *
Ve
1e-07
27.867567 71.41775 7.1
0 0

0101101
*
Ve
1e-07
27.867567 71.41775 6.4
0 0

0101101
*
Ed
 1e-07 1 1 0
1  1213 0 0 0.7
2  2425 607 0 0 0.7
2  2426 608 0 0 0.7
0

0101000
-715 0 +714 0 *
Ve
1e-07
27.867567 73.45825 7.1
0 0

0101101
*
Ed
 1e-07 1 1 0
1  1214 0 0 2.04050000000001
2  2427 607 0 0 2.04050000000001
2  2428 609 0 0 2.04050000000001
0

0101000
-712 0 +715 0 *
Ve
1e-07
27.867567 73.45825 6.4
0 0

0101101
*
Ed
 1e-07 1 1 0
1  1215 0 0 0.7
2  2429 607 0 0 0.7
2  2430 610 0 0 0.7
0

0101000
-712 0 +710 0 *
Ed
 1e-07 1 1 0
1  1216 0 0 2.04050000000001
2  2431 607 0 0 2.04050000000001
2  2432 611 0 0 2.04050000000001
0

0101000
-710 0 +714 0 *
Wi

0101100
-713 0 -711 0 +709 0 +708 0 *
Fa
0  1e-07 607 0

0111000
+707 0 *
Ve
1e-07
29.02275 71.41775 7.1
0 0

0101101
*
Ve
1e-07
29.02275 71.41775 6.4
0 0

0101101
*
Ed
 1e-07 1 1 0
1  1217 0 0 0.7
2  2433 612 0 0 0.7
2  2434 608 0 0 0.7
0

0101000
-705 0 +704 0 *
Ve
1e-07
29.02275 73.45825 7.1
0 0

0101101
*
Ed
 1e-07 1 1 0
1  1218 0 0 2.04050000000001
2  2435 612 0 0 2.04050000000001
2  2436 609 0 0 2.04050000000001
0

0101000
-702 0 +705 0 *
Ve
1e-07
29.02275 73.45825 6.4
0 0

0101101
*
Ed
 1e-07 1 1 0
1  1219 0 0 0.7
2  2437 612 0 0 0.7
2  2438 610 0 0 0.7
0

0101000
-702 0 +700 0 *
Ed
 1e-07 1 1 0
1  1220 0 0 2.04050000000001
2  2439 612 0 0 2.04050000000001
2  2440 611 0 0 2.04050000000001
0

0101000
-700 0 +704 0 *
Wi

0101100
-703 0 -701 0 +699 0 +698 0 *
Fa
0  1e-07 612 0

0111000
+697 0 *
Ed
 1e-07 1 1 0
1  1221 0 0 1.15518300000001
2  2441 608 0 0 1.15518300000001
2  2442 611 0 0 1.15518300000001
0

0101000
-704 0 +714 0 *
Ed
 1e-07 1 1 0
1  1222 0 0 1.15518300000001
2  2443 608 0 0 1.15518300000001
2  2444 609 0 0 1.15518300000001
0

0101000
-705 0 +715 0 *
Wi

0101100
-695 0 -703 0 +694 0 +713 0 *
Fa
0  1e-07 608 0

0111000
+693 0 *
Ed
 1e-07 1 1 0
1  1223 0 0 1.15518300000001
2  2445 610 0 0 1.15518300000001
2  2446 611 0 0 1.15518300000001
0

0101000
-700 0 +710 0 *
Ed
 1e-07 1 1 0
1  1224 0 0 1.15518300000001
2  2447 610 0 0 1.15518300000001
2  2448 609 0 0 1.15518300000001
0

0101000
-702 0 +712 0 *
Wi

0101100
-691 0 -699 0 +690 0 +709 0 *
Fa
0  1e-07 610 0

0111000
+689 0 *
Wi

0101100
-708 0 -691 0 +698 0 +695 0 *
Fa
0  1e-07 611 0

0111000
+687 0 *
Wi

0101100
-711 0 -690 0 +701 0 +694 0 *
Fa
0  1e-07 609 0

0111000
+685 0 *
Sh

0101100
-706 0 +696 0 -692 0 +688 0 -686 0 +684 0 *
So

0100000
+683 0 *
Ve
1e-07
42.67875 50.89575 7.1
0 0

0101101
*
Ve
1e-07
42.67875 50.89575 6.4
0 0

0101101
*
Ed
 1e-07 1 1 0
1  1225 0 0 0.7
2  2449 613 0 0 0.7
2  2450 614 0 0 0.7
0

0101000
-681 0 +680 0 *
Ve
1e-07
42.67875 52.93625 7.1
0 0

0101101
*
Ed
 1e-07 1 1 0
1  1226 0 0 2.04049999999999
2  2451 613 0 0 2.04049999999999
2  2452 615 0 0 2.04049999999999
0

0101000
-678 0 +681 0 *
Ve
1e-07
42.67875 52.93625 6.4
0 0

0101101
*
Ed
 1e-07 1 1 0
1  1227 0 0 0.7
2  2453 613 0 0 0.7
2  2454 616 0 0 0.7
0

0101000
-678 0 +676 0 *
Ed
 1e-07 1 1 0
1  1228 0 0 2.04049999999999
2  2455 613 0 0 2.04049999999999
2  2456 617 0 0 2.04049999999999
0

0101000
-676 0 +680 0 *
Wi

0101100
-679 0 -677 0 +675 0 +674 0 *
Fa
0  1e-07 613 0

0111000
+673 0 *
Ve
1e-07
43.833933 50.89575 7.1
0 0

0101101
*
Ve
1e-07
43.833933 50.89575 6.4
0 0

0101101
*
Ed
 1e-07 1 1 0
1  1229 0 0 0.7
2  2457 618 0 0 0.7
2  2458 614 0 0 0.7
0

0101000
-671 0 +670 0 *
Ve
1e-07
43.833933 52.93625 7.1
0 0

0101101
*
Ed
 1e-07 1 1 0
1  1230 0 0 2.04049999999999
2  2459 618 0 0 2.04049999999999
2  2460 615 0 0 2.04049999999999
0

0101000
-668 0 +671 0 *
Ve
1e-07
43.833933 52.93625 6.4
0 0

0101101
*
Ed
 1e-07 1 1 0
1  1231 0 0 0.7
2  2461 618 0 0 0.7
2  2462 616 0 0 0.7
0

0101000
-668 0 +666 0 *
Ed
 1e-07 1 1 0
1  1232 0 0 2.04049999999999
2  2463 618 0 0 2.04049999999999
2  2464 617 0 0 2.04049999999999
0

0101000
-666 0 +670 0 *
Wi

0101100
-669 0 -667 0 +665 0 +664 0 *
Fa
0  1e-07 618 0

0111000
+663 0 *
Ed
 1e-07 1 1 0
1  1233 0 0 1.15518299999999
2  2465 614 0 0 1.15518299999999
2  2466 617 0 0 1.15518299999999
0

0101000
-670 0 +680 0 *
Ed
 1e-07 1 1 0
1  1234 0 0 1.15518299999999
2  2467 614 0 0 1.15518299999999
2  2468 615 0 0 1.15518299999999
0

0101000
-671 0 +681 0 *
Wi

0101100
-661 0 -669 0 +660 0 +679 0 *
Fa
0  1e-07 614 0

0111000
+659 0 *
Ed
 1e-07 1 1 0
1  1235 0 0 1.15518299999999
2  2469 616 0 0 1.15518299999999
2  2470 617 0 0 1.15518299999999
0

0101000
-666 0 +676 0 *
Ed
 1e-07 1 1 0
1  1236 0 0 1.15518299999999
2  2471 616 0 0 1.15518299999999
2  2472 615 0 0 1.15518299999999
0

0101000
-668 0 +678 0 *
Wi

0101100
-657 0 -665 0 +656 0 +675 0 *
Fa
0  1e-07 616 0

0111000
+655 0 *
Wi

0101100
-674 0 -657 0 +664 0 +661 0 *
Fa
0  1e-07 617 0

0111000
+653 0 *
Wi

0101100
-677 0 -656 0 +667 0 +660 0 *
Fa
0  1e-07 615 0

0111000
+651 0 *
Sh

0101100
-672 0 +662 0 -658 0 +654 0 -652 0 +650 0 *
So

0100000
+649 0 *
Ve
1e-07
26.851567 57.70175 7.1
0 0

0101101
*
Ve
1e-07
26.851567 57.70175 6.4
0 0

0101101
*
Ed
 1e-07 1 1 0
1  1237 0 0 0.7
2  2473 619 0 0 0.7
2  2474 620 0 0 0.7
0

0101000
-647 0 +646 0 *
Ve
1e-07
26.851567 59.74225 7.1
0 0

0101101
*
Ed
 1e-07 1 1 0
1  1238 0 0 2.04049999999999
2  2475 619 0 0 2.04049999999999
2  2476 621 0 0 2.04049999999999
0

0101000
-644 0 +647 0 *
Ve
1e-07
26.851567 59.74225 6.4
0 0

0101101
*
Ed
 1e-07 1 1 0
1  1239 0 0 0.7
2  2477 619 0 0 0.7
2  2478 622 0 0 0.7
0

0101000
-644 0 +642 0 *
Ed
 1e-07 1 1 0
1  1240 0 0 2.04049999999999
2  2479 619 0 0 2.04049999999999
2  2480 623 0 0 2.04049999999999
0

0101000
-642 0 +646 0 *
Wi

0101100
-645 0 -643 0 +641 0 +640 0 *
Fa
0  1e-07 619 0

0111000
+639 0 *
Ve
1e-07
28.00675 57.70175 7.1
0 0

0101101
*
Ve
1e-07
28.00675 57.70175 6.4
0 0

0101101
*
Ed
 1e-07 1 1 0
1  1241 0 0 0.7
2  2481 624 0 0 0.7
2  2482 620 0 0 0.7
0

0101000
-637 0 +636 0 *
Ve
1e-07
28.00675 59.74225 7.1
0 0

0101101
*
Ed
 1e-07 1 1 0
1  1242 0 0 2.04049999999999
2  2483 624 0 0 2.04049999999999
2  2484 621 0 0 2.04049999999999
0

0101000
-634 0 +637 0 *
Ve
1e-07
28.00675 59.74225 6.4
0 0

0101101
*
Ed
 1e-07 1 1 0
1  1243 0 0 0.7
2  2485 624 0 0 0.7
2  2486 622 0 0 0.7
0

0101000
-634 0 +632 0 *
Ed
 1e-07 1 1 0
1  1244 0 0 2.04049999999999
2  2487 624 0 0 2.04049999999999
2  2488 623 0 0 2.04049999999999
0

0101000
-632 0 +636 0 *
Wi

0101100
-635 0 -633 0 +631 0 +630 0 *
Fa
0  1e-07 624 0

0111000
+629 0 *
Ed
 1e-07 1 1 0
1  1245 0 0 1.15518299999999
2  2489 620 0 0 1.15518299999999
2  2490 623 0 0 1.15518299999999
0

0101000
-636 0 +646 0 *
Ed
 1e-07 1 1 0
1  1246 0 0 1.15518299999999
2  2491 620 0 0 1.15518299999999
2  2492 621 0 0 1.15518299999999
0

0101000
-637 0 +647 0 *
Wi

0101100
-627 0 -635 0 +626 0 +645 0 *
Fa
0  1e-07 620 0

0111000
+625 0 *
Ed
 1e-07 1 1 0
1  1247 0 0 1.15518299999999
2  2493 622 0 0 1.15518299999999
2  2494 623 0 0 1.15518299999999
0

0101000
-632 0 +642 0 *
Ed
 1e-07 1 1 0
1  1248 0 0 1.15518299999999
2  2495 622 0 0 1.15518299999999
2  2496 621 0 0 1.15518299999999
0

0101000
-634 0 +644 0 *
Wi

0101100
-623 0 -631 0 +622 0 +641 0 *
Fa
0  1e-07 622 0

0111000
+621 0 *
Wi

0101100
-640 0 -623 0 +630 0 +627 0 *
Fa
0  1e-07 623 0

0111000
+619 0 *
Wi

0101100
-643 0 -622 0 +633 0 +626 0 *
Fa
0  1e-07 621 0

0111000
+617 0 *
Sh

0101100
-638 0 +628 0 -624 0 +620 0 -618 0 +616 0 *
So

0100000
+615 0 *
Ve
1e-07
33.435 25.8085 9.4
0 0

0101101
*
Ve
1e-07
33.435 25.8085 8.1
0 0

0101101
*
Ed
 1e-07 1 1 0
1  1249 0 0 1.3
2  2497 625 0 0 1.3
2  2498 626 0 0 1.3
0

0101000
-613 0 +612 0 *
Ve
1e-07
33.435 29.339433 9.4
0 0

0101101
*
Ed
 1e-07 1 1 0
1  1250 0 0 3.530933
2  2499 625 0 0 3.530933
2  2500 627 0 0 3.530933
0

0101000
-610 0 +613 0 *
Ve
1e-07
33.435 29.339433 8.1
0 0

0101101
*
Ed
 1e-07 1 1 0
1  1251 0 0 1.3
2  2501 625 0 0 1.3
2  2502 628 0 0 1.3
0

0101000
-610 0 +608 0 *
Ed
 1e-07 1 1 0
1  1252 0 0 3.530933
2  2503 625 0 0 3.530933
2  2504 629 0 0 3.530933
0

0101000
-608 0 +612 0 *
Wi

0101100
-611 0 -609 0 +607 0 +606 0 *
Fa
0  1e-07 625 0

0111000
+605 0 *
Ve
1e-07
37.685 25.8085 9.4
0 0

0101101
*
Ve
1e-07
37.685 25.8085 8.1
0 0

0101101
*
Ed
 1e-07 1 1 0
1  1253 0 0 1.3
2  2505 630 0 0 1.3
2  2506 626 0 0 1.3
0

0101000
-603 0 +602 0 *
Ve
1e-07
37.685 29.339433 9.4
0 0

0101101
*
Ed
 1e-07 1 1 0
1  1254 0 0 3.530933
2  2507 630 0 0 3.530933
2  2508 627 0 0 3.530933
0

0101000
-600 0 +603 0 *
Ve
1e-07
37.685 29.339433 8.1
0 0

0101101
*
Ed
 1e-07 1 1 0
1  1255 0 0 1.3
2  2509 630 0 0 1.3
2  2510 628 0 0 1.3
0

0101000
-600 0 +598 0 *
Ed
 1e-07 1 1 0
1  1256 0 0 3.530933
2  2511 630 0 0 3.530933
2  2512 629 0 0 3.530933
0

0101000
-598 0 +602 0 *
Wi

0101100
-601 0 -599 0 +597 0 +596 0 *
Fa
0  1e-07 630 0

0111000
+595 0 *
Ed
 1e-07 1 1 0
1  1257 0 0 4.25
2  2513 626 0 0 4.25
2  2514 629 0 0 4.25
0

0101000
-602 0 +612 0 *
Ed
 1e-07 1 1 0
1  1258 0 0 4.25
2  2515 626 0 0 4.25
2  2516 627 0 0 4.25
0

0101000
-603 0 +613 0 *
Wi

0101100
-593 0 -601 0 +592 0 +611 0 *
Fa
0  1e-07 626 0

0111000
+591 0 *
Ed
 1e-07 1 1 0
1  1259 0 0 4.25
2  2517 628 0 0 4.25
2  2518 629 0 0 4.25
0

0101000
-598 0 +608 0 *
Ed
 1e-07 1 1 0
1  1260 0 0 4.25
2  2519 628 0 0 4.25
2  2520 627 0 0 4.25
0

0101000
-600 0 +610 0 *
Wi

0101100
-589 0 -597 0 +588 0 +607 0 *
Fa
0  1e-07 628 0

0111000
+587 0 *
Wi

0101100
-606 0 -589 0 +596 0 +593 0 *
Fa
0  1e-07 629 0

0111000
+585 0 *
Wi

0101100
-609 0 -588 0 +599 0 +592 0 *
Fa
0  1e-07 627 0

0111000
+583 0 *
Sh

0101100
-604 0 +594 0 -590 0 +586 0 -584 0 +582 0 *
So

0100000
+581 0 *
Ve
1e-07
42.53275 22.37775 8.8
0 0

0101101
*
Ve
1e-07
42.53275 22.37775 8.1
0 0

0101101
*
Ed
 1e-07 1 1 0
1  1261 0 0 0.699999999999999
2  2521 631 0 0 0.699999999999999
2  2522 632 0 0 0.699999999999999
0

0101000
-579 0 +578 0 *
Ve
1e-07
42.53275 27.15225 8.8
0 0

0101101
*
Ed
 1e-07 1 1 0
1  1262 0 0 4.77449999999999
2  2523 631 0 0 4.77449999999999
2  2524 633 0 0 4.77449999999999
0

0101000
-576 0 +579 0 *
Ve
1e-07
42.53275 27.15225 8.1
0 0

0101101
*
Ed
 1e-07 1 1 0
1  1263 0 0 0.699999999999999
2  2525 631 0 0 0.699999999999999
2  2526 634 0 0 0.699999999999999
0

0101000
-576 0 +574 0 *
Ed
 1e-07 1 1 0
1  1264 0 0 4.77449999999999
2  2527 631 0 0 4.77449999999999
2  2528 635 0 0 4.77449999999999
0

0101000
-574 0 +578 0 *
Wi

0101100
-577 0 -575 0 +573 0 +572 0 *
Fa
0  1e-07 631 0

0111000
+571 0 *
Ve
1e-07
44.84325 22.37775 8.8
0 0

0101101
*
Ve
1e-07
44.84325 22.37775 8.1
0 0

0101101
*
Ed
 1e-07 1 1 0
1  1265 0 0 0.699999999999999
2  2529 636 0 0 0.699999999999999
2  2530 632 0 0 0.699999999999999
0

0101000
-569 0 +568 0 *
Ve
1e-07
44.84325 27.15225 8.8
0 0

0101101
*
Ed
 1e-07 1 1 0
1  1266 0 0 4.77449999999999
2  2531 636 0 0 4.77449999999999
2  2532 633 0 0 4.77449999999999
0

0101000
-566 0 +569 0 *
Ve
1e-07
44.84325 27.15225 8.1
0 0

0101101
*
Ed
 1e-07 1 1 0
1  1267 0 0 0.699999999999999
2  2533 636 0 0 0.699999999999999
2  2534 634 0 0 0.699999999999999
0

0101000
-566 0 +564 0 *
Ed
 1e-07 1 1 0
1  1268 0 0 4.77449999999999
2  2535 636 0 0 4.77449999999999
2  2536 635 0 0 4.77449999999999
0

0101000
-564 0 +568 0 *
Wi

0101100
-567 0 -565 0 +563 0 +562 0 *
Fa
0  1e-07 636 0

0111000
+561 0 *
Ed
 1e-07 1 1 0
1  1269 0 0 2.31050000000002
2  2537 632 0 0 2.31050000000002
2  2538 635 0 0 2.31050000000002
0

0101000
-568 0 +578 0 *
Ed
 1e-07 1 1 0
1  1270 0 0 2.31050000000002
2  2539 632 0 0 2.31050000000002
2  2540 633 0 0 2.31050000000002
0

0101000
-569 0 +579 0 *
Wi

0101100
-559 0 -567 0 +558 0 +577 0 *
Fa
0  1e-07 632 0

0111000
+557 0 *
Ed
 1e-07 1 1 0
1  1271 0 0 2.31050000000002
2  2541 634 0 0 2.31050000000002
2  2542 635 0 0 2.31050000000002
0

0101000
-564 0 +574 0 *
Ed
 1e-07 1 1 0
1  1272 0 0 2.31050000000002
2  2543 634 0 0 2.31050000000002
2  2544 633 0 0 2.31050000000002
0

0101000
-566 0 +576 0 *
Wi

0101100
-555 0 -563 0 +554 0 +573 0 *
Fa
0  1e-07 634 0

0111000
+553 0 *
Wi

0101100
-572 0 -555 0 +562 0 +559 0 *
Fa
0  1e-07 635 0

0111000
+551 0 *
Wi

0101100
-575 0 -554 0 +565 0 +558 0 *
Fa
0  1e-07 633 0

0111000
+549 0 *
Sh

0101100
-570 0 +560 0 -556 0 +552 0 -550 0 +548 0 *
So

0100000
+547 0 *
Ve
1e-07
28.44575 17.70275 8.8
0 0

0101101
*
Ve
1e-07
28.44575 17.70275 8.1
0 0

0101101
*
Ed
 1e-07 1 1 0
1  1273 0 0 0.699999999999999
2  2545 637 0 0 0.699999999999999
2  2546 638 0 0 0.699999999999999
0

0101000
-545 0 +544 0 *
Ve
1e-07
28.44575 18.857933 8.8
0 0

0101101
*
Ed
 1e-07 1 1 0
1  1274 0 0 1.15518300000001
2  2547 637 0 0 1.15518300000001
2  2548 639 0 0 1.15518300000001
0

0101000
-542 0 +545 0 *
Ve
1e-07
28.44575 18.857933 8.1
0 0

0101101
*
Ed
 1e-07 1 1 0
1  1275 0 0 0.699999999999999
2  2549 637 0 0 0.699999999999999
2  2550 640 0 0 0.699999999999999
0

0101000
-542 0 +540 0 *
Ed
 1e-07 1 1 0
1  1276 0 0 1.15518300000001
2  2551 637 0 0 1.15518300000001
2  2552 641 0 0 1.15518300000001
0

0101000
-540 0 +544 0 *
Wi

0101100
-543 0 -541 0 +539 0 +538 0 *
Fa
0  1e-07 637 0

0111000
+537 0 *
Ve
1e-07
30.48625 17.70275 8.8
0 0

0101101
*
Ve
1e-07
30.48625 17.70275 8.1
0 0

0101101
*
Ed
 1e-07 1 1 0
1  1277 0 0 0.699999999999999
2  2553 642 0 0 0.699999999999999
2  2554 638 0 0 0.699999999999999
0

0101000
-535 0 +534 0 *
Ve
1e-07
30.48625 18.857933 8.8
0 0

0101101
*
Ed
 1e-07 1 1 0
1  1278 0 0 1.15518300000001
2  2555 642 0 0 1.15518300000001
2  2556 639 0 0 1.15518300000001
0

0101000
-532 0 +535 0 *
Ve
1e-07
30.48625 18.857933 8.1
0 0

0101101
*
Ed
 1e-07 1 1 0
1  1279 0 0 0.699999999999999
2  2557 642 0 0 0.699999999999999
2  2558 640 0 0 0.699999999999999
0

0101000
-532 0 +530 0 *
Ed
 1e-07 1 1 0
1  1280 0 0 1.15518300000001
2  2559 642 0 0 1.15518300000001
2  2560 641 0 0 1.15518300000001
0

0101000
-530 0 +534 0 *
Wi

0101100
-533 0 -531 0 +529 0 +528 0 *
Fa
0  1e-07 642 0

0111000
+527 0 *
Ed
 1e-07 1 1 0
1  1281 0 0 2.04050000000001
2  2561 638 0 0 2.04050000000001
2  2562 641 0 0 2.04050000000001
0

0101000
-534 0 +544 0 *
Ed
 1e-07 1 1 0
1  1282 0 0 2.04050000000001
2  2563 638 0 0 2.04050000000001
2  2564 639 0 0 2.04050000000001
0

0101000
-535 0 +545 0 *
Wi

0101100
-525 0 -533 0 +524 0 +543 0 *
Fa
0  1e-07 638 0

0111000
+523 0 *
Ed
 1e-07 1 1 0
1  1283 0 0 2.04050000000001
2  2565 640 0 0 2.04050000000001
2  2566 641 0 0 2.04050000000001
0

0101000
-530 0 +540 0 *
Ed
 1e-07 1 1 0
1  1284 0 0 2.04050000000001
2  2567 640 0 0 2.04050000000001
2  2568 639 0 0 2.04050000000001
0

0101000
-532 0 +542 0 *
Wi

0101100
-521 0 -529 0 +520 0 +539 0 *
Fa
0  1e-07 640 0

0111000
+519 0 *
Wi

0101100
-538 0 -521 0 +528 0 +525 0 *
Fa
0  1e-07 641 0

0111000
+517 0 *
Wi

0101100
-541 0 -520 0 +531 0 +524 0 *
Fa
0  1e-07 639 0

0111000
+515 0 *
Sh

0101100
-536 0 +526 0 -522 0 +518 0 -516 0 +514 0 *
So

0100000
+513 0 *
Ve
1e-07
36.964 22.404 9.1
0 0

0101101
*
Ve
1e-07
36.964 22.404 8.1
0 0

0101101
*
Ed
 1e-07 1 1 0
1  1285 0 0 1
2  2569 643 0 0 1
2  2570 644 0 0 1
0

0101000
-511 0 +510 0 *
Ve
1e-07
36.964 24.078 9.1
0 0

0101101
*
Ed
 1e-07 1 1 0
1  1286 0 0 1.67400000000001
2  2571 643 0 0 1.67400000000001
2  2572 645 0 0 1.67400000000001
0

0101000
-508 0 +511 0 *
Ve
1e-07
36.964 24.078 8.1
0 0

0101101
*
Ed
 1e-07 1 1 0
1  1287 0 0 1
2  2573 643 0 0 1
2  2574 646 0 0 1
0

0101000
-508 0 +506 0 *
Ed
 1e-07 1 1 0
1  1288 0 0 1.67400000000001
2  2575 643 0 0 1.67400000000001
2  2576 647 0 0 1.67400000000001
0

0101000
-506 0 +510 0 *
Wi

0101100
-509 0 -507 0 +505 0 +504 0 *
Fa
0  1e-07 643 0

0111000
+503 0 *
Ve
1e-07
39.998 22.404 9.1
0 0

0101101
*
Ve
1e-07
39.998 22.404 8.1
0 0

0101101
*
Ed
 1e-07 1 1 0
1  1289 0 0 1
2  2577 648 0 0 1
2  2578 644 0 0 1
0

0101000
-501 0 +500 0 *
Ve
1e-07
39.998 24.078 9.1
0 0

0101101
*
Ed
 1e-07 1 1 0
1  1290 0 0 1.67400000000001
2  2579 648 0 0 1.67400000000001
2  2580 645 0 0 1.67400000000001
0

0101000
-498 0 +501 0 *
Ve
1e-07
39.998 24.078 8.1
0 0

0101101
*
Ed
 1e-07 1 1 0
1  1291 0 0 1
2  2581 648 0 0 1
2  2582 646 0 0 1
0

0101000
-498 0 +496 0 *
Ed
 1e-07 1 1 0
1  1292 0 0 1.67400000000001
2  2583 648 0 0 1.67400000000001
2  2584 647 0 0 1.67400000000001
0

0101000
-496 0 +500 0 *
Wi

0101100
-499 0 -497 0 +495 0 +494 0 *
Fa
0  1e-07 648 0

0111000
+493 0 *
Ed
 1e-07 1 1 0
1  1293 0 0 3.03399999999999
2  2585 644 0 0 3.03399999999999
2  2586 647 0 0 3.03399999999999
0

0101000
-500 0 +510 0 *
Ed
 1e-07 1 1 0
1  1294 0 0 3.03399999999999
2  2587 644 0 0 3.03399999999999
2  2588 645 0 0 3.03399999999999
0

0101000
-501 0 +511 0 *
Wi

0101100
-491 0 -499 0 +490 0 +509 0 *
Fa
0  1e-07 644 0

0111000
+489 0 *
Ed
 1e-07 1 1 0
1  1295 0 0 3.03399999999999
2  2589 646 0 0 3.03399999999999
2  2590 647 0 0 3.03399999999999
0

0101000
-496 0 +506 0 *
Ed
 1e-07 1 1 0
1  1296 0 0 3.03399999999999
2  2591 646 0 0 3.03399999999999
2  2592 645 0 0 3.03399999999999
0

0101000
-498 0 +508 0 *
Wi

0101100
-487 0 -495 0 +486 0 +505 0 *
Fa
0  1e-07 646 0

0111000
+485 0 *
Wi

0101100
-504 0 -487 0 +494 0 +491 0 *
Fa
0  1e-07 647 0

0111000
+483 0 *
Wi

0101100
-507 0 -486 0 +497 0 +490 0 *
Fa
0  1e-07 645 0

0111000
+481 0 *
Sh

0101100
-502 0 +492 0 -488 0 +484 0 -482 0 +480 0 *
So

0100000
+479 0 *
Ve
1e-07
45.46175 26.216567 8.8
0 0

0101101
*
Ve
1e-07
45.46175 26.216567 8.1
0 0

0101101
*
Ed
 1e-07 1 1 0
1  1297 0 0 0.699999999999999
2  2593 649 0 0 0.699999999999999
2  2594 650 0 0 0.699999999999999
0

0101000
-477 0 +476 0 *
Ve
1e-07
45.46175 27.37175 8.8
0 0

0101101
*
Ed
 1e-07 1 1 0
1  1298 0 0 1.15518300000001
2  2595 649 0 0 1.15518300000001
2  2596 651 0 0 1.15518300000001
0

0101000
-474 0 +477 0 *
Ve
1e-07
45.46175 27.37175 8.1
0 0

0101101
*
Ed
 1e-07 1 1 0
1  1299 0 0 0.699999999999999
2  2597 649 0 0 0.699999999999999
2  2598 652 0 0 0.699999999999999
0

0101000
-474 0 +472 0 *
Ed
 1e-07 1 1 0
1  1300 0 0 1.15518300000001
2  2599 649 0 0 1.15518300000001
2  2600 653 0 0 1.15518300000001
0

0101000
-472 0 +476 0 *
Wi

0101100
-475 0 -473 0 +471 0 +470 0 *
Fa
0  1e-07 649 0

0111000
+469 0 *
Ve
1e-07
47.50225 26.216567 8.8
0 0

0101101
*
Ve
1e-07
47.50225 26.216567 8.1
0 0

0101101
*
Ed
 1e-07 1 1 0
1  1301 0 0 0.699999999999999
2  2601 654 0 0 0.699999999999999
2  2602 650 0 0 0.699999999999999
0

0101000
-467 0 +466 0 *
Ve
1e-07
47.50225 27.37175 8.8
0 0

0101101
*
Ed
 1e-07 1 1 0
1  1302 0 0 1.15518300000001
2  2603 654 0 0 1.15518300000001
2  2604 651 0 0 1.15518300000001
0

0101000
-464 0 +467 0 *
Ve
1e-07
47.50225 27.37175 8.1
0 0

0101101
*
Ed
 1e-07 1 1 0
1  1303 0 0 0.699999999999999
2  2605 654 0 0 0.699999999999999
2  2606 652 0 0 0.699999999999999
0

0101000
-464 0 +462 0 *
Ed
 1e-07 1 1 0
1  1304 0 0 1.15518300000001
2  2607 654 0 0 1.15518300000001
2  2608 653 0 0 1.15518300000001
0

0101000
-462 0 +466 0 *
Wi

0101100
-465 0 -463 0 +461 0 +460 0 *
Fa
0  1e-07 654 0

0111000
+459 0 *
Ed
 1e-07 1 1 0
1  1305 0 0 2.04050000000001
2  2609 650 0 0 2.04050000000001
2  2610 653 0 0 2.04050000000001
0

0101000
-466 0 +476 0 *
Ed
 1e-07 1 1 0
1  1306 0 0 2.04050000000001
2  2611 650 0 0 2.04050000000001
2  2612 651 0 0 2.04050000000001
0

0101000
-467 0 +477 0 *
Wi

0101100
-457 0 -465 0 +456 0 +475 0 *
Fa
0  1e-07 650 0

0111000
+455 0 *
Ed
 1e-07 1 1 0
1  1307 0 0 2.04050000000001
2  2613 652 0 0 2.04050000000001
2  2614 653 0 0 2.04050000000001
0

0101000
-462 0 +472 0 *
Ed
 1e-07 1 1 0
1  1308 0 0 2.04050000000001
2  2615 652 0 0 2.04050000000001
2  2616 651 0 0 2.04050000000001
0

0101000
-464 0 +474 0 *
Wi

0101100
-453 0 -461 0 +452 0 +471 0 *
Fa
0  1e-07 652 0

0111000
+451 0 *
Wi

0101100
-470 0 -453 0 +460 0 +457 0 *
Fa
0  1e-07 653 0

0111000
+449 0 *
Wi

0101100
-473 0 -452 0 +463 0 +456 0 *
Fa
0  1e-07 651 0

0111000
+447 0 *
Sh

0101100
-468 0 +458 0 -454 0 +450 0 -448 0 +446 0 *
So

0100000
+445 0 *
Ve
1e-07
28.44375 19.23725 8.8
0 0

0101101
*
Ve
1e-07
28.44375 19.23725 8.1
0 0

0101101
*
Ed
 1e-07 1 1 0
1  1309 0 0 0.699999999999999
2  2617 655 0 0 0.699999999999999
2  2618 656 0 0 0.699999999999999
0

0101000
-443 0 +442 0 *
Ve
1e-07
28.44375 20.392433 8.8
0 0

0101101
*
Ed
 1e-07 1 1 0
1  1310 0 0 1.15518299999999
2  2619 655 0 0 1.15518299999999
2  2620 657 0 0 1.15518299999999
0

0101000
-440 0 +443 0 *
Ve
1e-07
28.44375 20.392433 8.1
0 0

0101101
*
Ed
 1e-07 1 1 0
1  1311 0 0 0.699999999999999
2  2621 655 0 0 0.699999999999999
2  2622 658 0 0 0.699999999999999
0

0101000
-440 0 +438 0 *
Ed
 1e-07 1 1 0
1  1312 0 0 1.15518299999999
2  2623 655 0 0 1.15518299999999
2  2624 659 0 0 1.15518299999999
0

0101000
-438 0 +442 0 *
Wi

0101100
-441 0 -439 0 +437 0 +436 0 *
Fa
0  1e-07 655 0

0111000
+435 0 *
Ve
1e-07
30.48425 19.23725 8.8
0 0

0101101
*
Ve
1e-07
30.48425 19.23725 8.1
0 0

0101101
*
Ed
 1e-07 1 1 0
1  1313 0 0 0.699999999999999
2  2625 660 0 0 0.699999999999999
2  2626 656 0 0 0.699999999999999
0

0101000
-433 0 +432 0 *
Ve
1e-07
30.48425 20.392433 8.8
0 0

0101101
*
Ed
 1e-07 1 1 0
1  1314 0 0 1.15518299999999
2  2627 660 0 0 1.15518299999999
2  2628 657 0 0 1.15518299999999
0

0101000
-430 0 +433 0 *
Ve
1e-07
30.48425 20.392433 8.1
0 0

0101101
*
Ed
 1e-07 1 1 0
1  1315 0 0 0.699999999999999
2  2629 660 0 0 0.699999999999999
2  2630 658 0 0 0.699999999999999
0

0101000
-430 0 +428 0 *
Ed
 1e-07 1 1 0
1  1316 0 0 1.15518299999999
2  2631 660 0 0 1.15518299999999
2  2632 659 0 0 1.15518299999999
0

0101000
-428 0 +432 0 *
Wi

0101100
-431 0 -429 0 +427 0 +426 0 *
Fa
0  1e-07 660 0

0111000
+425 0 *
Ed
 1e-07 1 1 0
1  1317 0 0 2.04050000000001
2  2633 656 0 0 2.04050000000001
2  2634 659 0 0 2.04050000000001
0

0101000
-432 0 +442 0 *
Ed
 1e-07 1 1 0
1  1318 0 0 2.04050000000001
2  2635 656 0 0 2.04050000000001
2  2636 657 0 0 2.04050000000001
0

0101000
-433 0 +443 0 *
Wi

0101100
-423 0 -431 0 +422 0 +441 0 *
Fa
0  1e-07 656 0

0111000
+421 0 *
Ed
 1e-07 1 1 0
1  1319 0 0 2.04050000000001
2  2637 658 0 0 2.04050000000001
2  2638 659 0 0 2.04050000000001
0

0101000
-428 0 +438 0 *
Ed
 1e-07 1 1 0
1  1320 0 0 2.04050000000001
2  2639 658 0 0 2.04050000000001
2  2640 657 0 0 2.04050000000001
0

0101000
-430 0 +440 0 *
Wi

0101100
-419 0 -427 0 +418 0 +437 0 *
Fa
0  1e-07 658 0

0111000
+417 0 *
Wi

0101100
-436 0 -419 0 +426 0 +423 0 *
Fa
0  1e-07 659 0

0111000
+415 0 *
Wi

0101100
-439 0 -418 0 +429 0 +422 0 *
Fa
0  1e-07 657 0

0111000
+413 0 *
Sh

0101100
-434 0 +424 0 -420 0 +416 0 -414 0 +412 0 *
So

0100000
+411 0 *
Ve
1e-07
33.576 23.503 10.6
0 0

0101101
*
Ve
1e-07
33.576 23.503 8.1
0 0

0101101
*
Ed
 1e-07 1 1 0
1  1321 0 0 2.5
2  2641 661 0 0 2.5
2  2642 662 0 0 2.5
0

0101000
-409 0 +408 0 *
Ve
1e-07
33.576 25.773 10.6
0 0

0101101
*
Ed
 1e-07 1 1 0
1  1322 0 0 2.27
2  2643 661 0 0 2.27
2  2644 663 0 0 2.27
0

0101000
-406 0 +409 0 *
Ve
1e-07
33.576 25.773 8.1
0 0

0101101
*
Ed
 1e-07 1 1 0
1  1323 0 0 2.5
2  2645 661 0 0 2.5
2  2646 664 0 0 2.5
0

0101000
-406 0 +404 0 *
Ed
 1e-07 1 1 0
1  1324 0 0 2.27
2  2647 661 0 0 2.27
2  2648 665 0 0 2.27
0

0101000
-404 0 +408 0 *
Wi

0101100
-407 0 -405 0 +403 0 +402 0 *
Fa
0  1e-07 661 0

0111000
+401 0 *
Ve
1e-07
36.782 23.503 10.6
0 0

0101101
*
Ve
1e-07
36.782 23.503 8.1
0 0

0101101
*
Ed
 1e-07 1 1 0
1  1325 0 0 2.5
2  2649 666 0 0 2.5
2  2650 662 0 0 2.5
0

0101000
-399 0 +398 0 *
Ve
1e-07
36.782 25.773 10.6
0 0

0101101
*
Ed
 1e-07 1 1 0
1  1326 0 0 2.27
2  2651 666 0 0 2.27
2  2652 663 0 0 2.27
0

0101000
-396 0 +399 0 *
Ve
1e-07
36.782 25.773 8.1
0 0

0101101
*
Ed
 1e-07 1 1 0
1  1327 0 0 2.5
2  2653 666 0 0 2.5
2  2654 664 0 0 2.5
0

0101000
-396 0 +394 0 *
Ed
 1e-07 1 1 0
1  1328 0 0 2.27
2  2655 666 0 0 2.27
2  2656 665 0 0 2.27
0

0101000
-394 0 +398 0 *
Wi

0101100
-397 0 -395 0 +393 0 +392 0 *
Fa
0  1e-07 666 0

0111000
+391 0 *
Ed
 1e-07 1 1 0
1  1329 0 0 3.20600000000002
2  2657 662 0 0 3.20600000000002
2  2658 665 0 0 3.20600000000002
0

0101000
-398 0 +408 0 *
Ed
 1e-07 1 1 0
1  1330 0 0 3.20600000000002
2  2659 662 0 0 3.20600000000002
2  2660 663 0 0 3.20600000000002
0

0101000
-399 0 +409 0 *
Wi

0101100
-389 0 -397 0 +388 0 +407 0 *
Fa
0  1e-07 662 0

0111000
+387 0 *
Ed
 1e-07 1 1 0
1  1331 0 0 3.20600000000002
2  2661 664 0 0 3.20600000000002
2  2662 665 0 0 3.20600000000002
0

0101000
-394 0 +404 0 *
Ed
 1e-07 1 1 0
1  1332 0 0 3.20600000000002
2  2663 664 0 0 3.20600000000002
2  2664 663 0 0 3.20600000000002
0

0101000
-396 0 +406 0 *
Wi

0101100
-385 0 -393 0 +384 0 +403 0 *
Fa
0  1e-07 664 0

0111000
+383 0 *
Wi

0101100
-402 0 -385 0 +392 0 +389 0 *
Fa
0  1e-07 665 0

0111000
+381 0 *
Wi

0101100
-405 0 -384 0 +395 0 +388 0 *
Fa
0  1e-07 663 0

0111000
+379 0 *
Sh

0101100
-400 0 +390 0 -386 0 +382 0 -380 0 +378 0 *
So

0100000
+377 0 *
Ve
1e-07
36.964 24.182 9.1
0 0

0101101
*
Ve
1e-07
36.964 24.182 8.1
0 0

0101101
*
Ed
 1e-07 1 1 0
1  1333 0 0 1
2  2665 667 0 0 1
2  2666 668 0 0 1
0

0101000
-375 0 +374 0 *
Ve
1e-07
36.964 25.856 9.1
0 0

0101101
*
Ed
 1e-07 1 1 0
1  1334 0 0 1.67399999999999
2  2667 667 0 0 1.67399999999999
2  2668 669 0 0 1.67399999999999
0

0101000
-372 0 +375 0 *
Ve
1e-07
36.964 25.856 8.1
0 0

0101101
*
Ed
 1e-07 1 1 0
1  1335 0 0 1
2  2669 667 0 0 1
2  2670 670 0 0 1
0

0101000
-372 0 +370 0 *
Ed
 1e-07 1 1 0
1  1336 0 0 1.67399999999999
2  2671 667 0 0 1.67399999999999
2  2672 671 0 0 1.67399999999999
0

0101000
-370 0 +374 0 *
Wi

0101100
-373 0 -371 0 +369 0 +368 0 *
Fa
0  1e-07 667 0

0111000
+367 0 *
Ve
1e-07
39.998 24.182 9.1
0 0

0101101
*
Ve
1e-07
39.998 24.182 8.1
0 0

0101101
*
Ed
 1e-07 1 1 0
1  1337 0 0 1
2  2673 672 0 0 1
2  2674 668 0 0 1
0

0101000
-365 0 +364 0 *
Ve
1e-07
39.998 25.856 9.1
0 0

0101101
*
Ed
 1e-07 1 1 0
1  1338 0 0 1.67399999999999
2  2675 672 0 0 1.67399999999999
2  2676 669 0 0 1.67399999999999
0

0101000
-362 0 +365 0 *
Ve
1e-07
39.998 25.856 8.1
0 0

0101101
*
Ed
 1e-07 1 1 0
1  1339 0 0 1
2  2677 672 0 0 1
2  2678 670 0 0 1
0

0101000
-362 0 +360 0 *
Ed
 1e-07 1 1 0
1  1340 0 0 1.67399999999999
2  2679 672 0 0 1.67399999999999
2  2680 671 0 0 1.67399999999999
0

0101000
-360 0 +364 0 *
Wi

0101100
-363 0 -361 0 +359 0 +358 0 *
Fa
0  1e-07 672 0

0111000
+357 0 *
Ed
 1e-07 1 1 0
1  1341 0 0 3.03399999999999
2  2681 668 0 0 3.03399999999999
2  2682 671 0 0 3.03399999999999
0

0101000
-364 0 +374 0 *
Ed
 1e-07 1 1 0
1  1342 0 0 3.03399999999999
2  2683 668 0 0 3.03399999999999
2  2684 669 0 0 3.03399999999999
0

0101000
-365 0 +375 0 *
Wi

0101100
-355 0 -363 0 +354 0 +373 0 *
Fa
0  1e-07 668 0

0111000
+353 0 *
Ed
 1e-07 1 1 0
1  1343 0 0 3.03399999999999
2  2685 670 0 0 3.03399999999999
2  2686 671 0 0 3.03399999999999
0

0101000
-360 0 +370 0 *
Ed
 1e-07 1 1 0
1  1344 0 0 3.03399999999999
2  2687 670 0 0 3.03399999999999
2  2688 669 0 0 3.03399999999999
0

0101000
-362 0 +372 0 *
Wi

0101100
-351 0 -359 0 +350 0 +369 0 *
Fa
0  1e-07 670 0

0111000
+349 0 *
Wi

0101100
-368 0 -351 0 +358 0 +355 0 *
Fa
0  1e-07 671 0

0111000
+347 0 *
Wi

0101100
-371 0 -350 0 +361 0 +354 0 *
Fa
0  1e-07 669 0

0111000
+345 0 *
Sh

0101100
-366 0 +356 0 -352 0 +348 0 -346 0 +344 0 *
So

0100000
+343 0 *
Ve
1e-07
31.21225 27.918567 8.8
0 0

0101101
*
Ve
1e-07
31.21225 27.918567 8.1
0 0

0101101
*
Ed
 1e-07 1 1 0
1  1345 0 0 0.699999999999999
2  2689 673 0 0 0.699999999999999
2  2690 674 0 0 0.699999999999999
0

0101000
-341 0 +340 0 *
Ve
1e-07
31.21225 29.07375 8.8
0 0

0101101
*
Ed
 1e-07 1 1 0
1  1346 0 0 1.15518300000001
2  2691 673 0 0 1.15518300000001
2  2692 675 0 0 1.15518300000001
0

0101000
-338 0 +341 0 *
Ve
1e-07
31.21225 29.07375 8.1
0 0

0101101
*
Ed
 1e-07 1 1 0
1  1347 0 0 0.699999999999999
2  2693 673 0 0 0.699999999999999
2  2694 676 0 0 0.699999999999999
0

0101000
-338 0 +336 0 *
Ed
 1e-07 1 1 0
1  1348 0 0 1.15518300000001
2  2695 673 0 0 1.15518300000001
2  2696 677 0 0 1.15518300000001
0

0101000
-336 0 +340 0 *
Wi

0101100
-339 0 -337 0 +335 0 +334 0 *
Fa
0  1e-07 673 0

0111000
+333 0 *
Ve
1e-07
33.25275 27.918567 8.8
0 0

0101101
*
Ve
1e-07
33.25275 27.918567 8.1
0 0

0101101
*
Ed
 1e-07 1 1 0
1  1349 0 0 0.699999999999999
2  2697 678 0 0 0.699999999999999
2  2698 674 0 0 0.699999999999999
0

0101000
-331 0 +330 0 *
Ve
1e-07
33.25275 29.07375 8.8
0 0

0101101
*
Ed
 1e-07 1 1 0
1  1350 0 0 1.15518300000001
2  2699 678 0 0 1.15518300000001
2  2700 675 0 0 1.15518300000001
0

0101000
-328 0 +331 0 *
Ve
1e-07
33.25275 29.07375 8.1
0 0

0101101
*
Ed
 1e-07 1 1 0
1  1351 0 0 0.699999999999999
2  2701 678 0 0 0.699999999999999
2  2702 676 0 0 0.699999999999999
0

0101000
-328 0 +326 0 *
Ed
 1e-07 1 1 0
1  1352 0 0 1.15518300000001
2  2703 678 0 0 1.15518300000001
2  2704 677 0 0 1.15518300000001
0

0101000
-326 0 +330 0 *
Wi

0101100
-329 0 -327 0 +325 0 +324 0 *
Fa
0  1e-07 678 0

0111000
+323 0 *
Ed
 1e-07 1 1 0
1  1353 0 0 2.04049999999998
2  2705 674 0 0 2.04049999999998
2  2706 677 0 0 2.04049999999998
0

0101000
-330 0 +340 0 *
Ed
 1e-07 1 1 0
1  1354 0 0 2.04049999999998
2  2707 674 0 0 2.04049999999998
2  2708 675 0 0 2.04049999999998
0

0101000
-331 0 +341 0 *
Wi

0101100
-321 0 -329 0 +320 0 +339 0 *
Fa
0  1e-07 674 0

0111000
+319 0 *
Ed
 1e-07 1 1 0
1  1355 0 0 2.04049999999998
2  2709 676 0 0 2.04049999999998
2  2710 677 0 0 2.04049999999998
0

0101000
-326 0 +336 0 *
Ed
 1e-07 1 1 0
1  1356 0 0 2.04049999999998
2  2711 676 0 0 2.04049999999998
2  2712 675 0 0 2.04049999999998
0

0101000
-328 0 +338 0 *
Wi

0101100
-317 0 -325 0 +316 0 +335 0 *
Fa
0  1e-07 676 0

0111000
+315 0 *
Wi

0101100
-334 0 -317 0 +324 0 +321 0 *
Fa
0  1e-07 677 0

0111000
+313 0 *
Wi

0101100
-337 0 -316 0 +327 0 +320 0 *
Fa
0  1e-07 675 0

0111000
+311 0 *
Sh

0101100
-332 0 +322 0 -318 0 +314 0 -312 0 +310 0 *
So

0100000
+309 0 *
Ve
1e-07
43.514067 27.58025 8.8
0 0

0101101
*
Ve
1e-07
43.514067 27.58025 8.1
0 0

0101101
*
Ed
 1e-07 1 1 0
1  1357 0 0 0.699999999999999
2  2713 679 0 0 0.699999999999999
2  2714 680 0 0 0.699999999999999
0

0101000
-307 0 +306 0 *
Ve
1e-07
43.514067 29.62075 8.8
0 0

0101101
*
Ed
 1e-07 1 1 0
1  1358 0 0 2.04049999999999
2  2715 679 0 0 2.04049999999999
2  2716 681 0 0 2.04049999999999
0

0101000
-304 0 +307 0 *
Ve
1e-07
43.514067 29.62075 8.1
0 0

0101101
*
Ed
 1e-07 1 1 0
1  1359 0 0 0.699999999999999
2  2717 679 0 0 0.699999999999999
2  2718 682 0 0 0.699999999999999
0

0101000
-304 0 +302 0 *
Ed
 1e-07 1 1 0
1  1360 0 0 2.04049999999999
2  2719 679 0 0 2.04049999999999
2  2720 683 0 0 2.04049999999999
0

0101000
-302 0 +306 0 *
Wi

0101100
-305 0 -303 0 +301 0 +300 0 *
Fa
0  1e-07 679 0

0111000
+299 0 *
Ve
1e-07
44.66925 27.58025 8.8
0 0

0101101
*
Ve
1e-07
44.66925 27.58025 8.1
0 0

0101101
*
Ed
 1e-07 1 1 0
1  1361 0 0 0.699999999999999
2  2721 684 0 0 0.699999999999999
2  2722 680 0 0 0.699999999999999
0

0101000
-297 0 +296 0 *
Ve
1e-07
44.66925 29.62075 8.8
0 0

0101101
*
Ed
 1e-07 1 1 0
1  1362 0 0 2.04049999999999
2  2723 684 0 0 2.04049999999999
2  2724 681 0 0 2.04049999999999
0

0101000
-294 0 +297 0 *
Ve
1e-07
44.66925 29.62075 8.1
0 0

0101101
*
Ed
 1e-07 1 1 0
1  1363 0 0 0.699999999999999
2  2725 684 0 0 0.699999999999999
2  2726 682 0 0 0.699999999999999
0

0101000
-294 0 +292 0 *
Ed
 1e-07 1 1 0
1  1364 0 0 2.04049999999999
2  2727 684 0 0 2.04049999999999
2  2728 683 0 0 2.04049999999999
0

0101000
-292 0 +296 0 *
Wi

0101100
-295 0 -293 0 +291 0 +290 0 *
Fa
0  1e-07 684 0

0111000
+289 0 *
Ed
 1e-07 1 1 0
1  1365 0 0 1.15518299999999
2  2729 680 0 0 1.15518299999999
2  2730 683 0 0 1.15518299999999
0

0101000
-296 0 +306 0 *
Ed
 1e-07 1 1 0
1  1366 0 0 1.15518299999999
2  2731 680 0 0 1.15518299999999
2  2732 681 0 0 1.15518299999999
0

0101000
-297 0 +307 0 *
Wi

0101100
-287 0 -295 0 +286 0 +305 0 *
Fa
0  1e-07 680 0

0111000
+285 0 *
Ed
 1e-07 1 1 0
1  1367 0 0 1.15518299999999
2  2733 682 0 0 1.15518299999999
2  2734 683 0 0 1.15518299999999
0

0101000
-292 0 +302 0 *
Ed
 1e-07 1 1 0
1  1368 0 0 1.15518299999999
2  2735 682 0 0 1.15518299999999
2  2736 681 0 0 1.15518299999999
0

0101000
-294 0 +304 0 *
Wi

0101100
-283 0 -291 0 +282 0 +301 0 *
Fa
0  1e-07 682 0

0111000
+281 0 *
Wi

0101100
-300 0 -283 0 +290 0 +287 0 *
Fa
0  1e-07 683 0

0111000
+279 0 *
Wi

0101100
-303 0 -282 0 +293 0 +286 0 *
Fa
0  1e-07 681 0

0111000
+277 0 *
Sh

0101100
-298 0 +288 0 -284 0 +280 0 -278 0 +276 0 *
So

0100000
+275 0 *
Ve
1e-07
44.57275 9.198567 8.8
0 0

0101101
*
Ve
1e-07
44.57275 9.198567 8.1
0 0

0101101
*
Ed
 1e-07 1 1 0
1  1369 0 0 0.699999999999999
2  2737 685 0 0 0.699999999999999
2  2738 686 0 0 0.699999999999999
0

0101000
-273 0 +272 0 *
Ve
1e-07
44.57275 10.35375 8.8
0 0

0101101
*
Ed
 1e-07 1 1 0
1  1370 0 0 1.155183
2  2739 685 0 0 1.155183
2  2740 687 0 0 1.155183
0

0101000
-270 0 +273 0 *
Ve
1e-07
44.57275 10.35375 8.1
0 0

0101101
*
Ed
 1e-07 1 1 0
1  1371 0 0 0.699999999999999
2  2741 685 0 0 0.699999999999999
2  2742 688 0 0 0.699999999999999
0

0101000
-270 0 +268 0 *
Ed
 1e-07 1 1 0
1  1372 0 0 1.155183
2  2743 685 0 0 1.155183
2  2744 689 0 0 1.155183
0

0101000
-268 0 +272 0 *
Wi

0101100
-271 0 -269 0 +267 0 +266 0 *
Fa
0  1e-07 685 0

0111000
+265 0 *
Ve
1e-07
46.61325 9.198567 8.8
0 0

0101101
*
Ve
1e-07
46.61325 9.198567 8.1
0 0

0101101
*
Ed
 1e-07 1 1 0
1  1373 0 0 0.699999999999999
2  2745 690 0 0 0.699999999999999
2  2746 686 0 0 0.699999999999999
0

0101000
-263 0 +262 0 *
Ve
1e-07
46.61325 10.35375 8.8
0 0

0101101
*
Ed
 1e-07 1 1 0
1  1374 0 0 1.155183
2  2747 690 0 0 1.155183
2  2748 687 0 0 1.155183
0

0101000
-260 0 +263 0 *
Ve
1e-07
46.61325 10.35375 8.1
0 0

0101101
*
Ed
 1e-07 1 1 0
1  1375 0 0 0.699999999999999
2  2749 690 0 0 0.699999999999999
2  2750 688 0 0 0.699999999999999
0

0101000
-260 0 +258 0 *
Ed
 1e-07 1 1 0
1  1376 0 0 1.155183
2  2751 690 0 0 1.155183
2  2752 689 0 0 1.155183
0

0101000
-258 0 +262 0 *
Wi

0101100
-261 0 -259 0 +257 0 +256 0 *
Fa
0  1e-07 690 0

0111000
+255 0 *
Ed
 1e-07 1 1 0
1  1377 0 0 2.04049999999998
2  2753 686 0 0 2.04049999999998
2  2754 689 0 0 2.04049999999998
0

0101000
-262 0 +272 0 *
Ed
 1e-07 1 1 0
1  1378 0 0 2.04049999999998
2  2755 686 0 0 2.04049999999998
2  2756 687 0 0 2.04049999999998
0

0101000
-263 0 +273 0 *
Wi

0101100
-253 0 -261 0 +252 0 +271 0 *
Fa
0  1e-07 686 0

0111000
+251 0 *
Ed
 1e-07 1 1 0
1  1379 0 0 2.04049999999998
2  2757 688 0 0 2.04049999999998
2  2758 689 0 0 2.04049999999998
0

0101000
-258 0 +268 0 *
Ed
 1e-07 1 1 0
1  1380 0 0 2.04049999999998
2  2759 688 0 0 2.04049999999998
2  2760 687 0 0 2.04049999999998
0

0101000
-260 0 +270 0 *
Wi

0101100
-249 0 -257 0 +248 0 +267 0 *
Fa
0  1e-07 688 0

0111000
+247 0 *
Wi

0101100
-266 0 -249 0 +256 0 +253 0 *
Fa
0  1e-07 689 0

0111000
+245 0 *
Wi

0101100
-269 0 -248 0 +259 0 +252 0 *
Fa
0  1e-07 687 0

0111000
+243 0 *
Sh

0101100
-264 0 +254 0 -250 0 +246 0 -244 0 +242 0 *
So

0100000
+241 0 *
Ve
1e-07
39.676 26.042 9.1
0 0

0101101
*
Ve
1e-07
39.676 26.042 8.1
0 0

0101101
*
Ed
 1e-07 1 1 0
1  1381 0 0 1
2  2761 691 0 0 1
2  2762 692 0 0 1
0

0101000
-239 0 +238 0 *
Ve
1e-07
39.676 29.076 9.1
0 0

0101101
*
Ed
 1e-07 1 1 0
1  1382 0 0 3.03399999999999
2  2763 691 0 0 3.03399999999999
2  2764 693 0 0 3.03399999999999
0

0101000
-236 0 +239 0 *
Ve
1e-07
39.676 29.076 8.1
0 0

0101101
*
Ed
 1e-07 1 1 0
1  1383 0 0 1
2  2765 691 0 0 1
2  2766 694 0 0 1
0

0101000
-236 0 +234 0 *
Ed
 1e-07 1 1 0
1  1384 0 0 3.03399999999999
2  2767 691 0 0 3.03399999999999
2  2768 695 0 0 3.03399999999999
0

0101000
-234 0 +238 0 *
Wi

0101100
-237 0 -235 0 +233 0 +232 0 *
Fa
0  1e-07 691 0

0111000
+231 0 *
Ve
1e-07
41.35 26.042 9.1
0 0

0101101
*
Ve
1e-07
41.35 26.042 8.1
0 0

0101101
*
Ed
 1e-07 1 1 0
1  1385 0 0 1
2  2769 696 0 0 1
2  2770 692 0 0 1
0

0101000
-229 0 +228 0 *
Ve
1e-07
41.35 29.076 9.1
0 0

0101101
*
Ed
 1e-07 1 1 0
1  1386 0 0 3.03399999999999
2  2771 696 0 0 3.03399999999999
2  2772 693 0 0 3.03399999999999
0

0101000
-226 0 +229 0 *
Ve
1e-07
41.35 29.076 8.1
0 0

0101101
*
Ed
 1e-07 1 1 0
1  1387 0 0 1
2  2773 696 0 0 1
2  2774 694 0 0 1
0

0101000
-226 0 +224 0 *
Ed
 1e-07 1 1 0
1  1388 0 0 3.03399999999999
2  2775 696 0 0 3.03399999999999
2  2776 695 0 0 3.03399999999999
0

0101000
-224 0 +228 0 *
Wi

0101100
-227 0 -225 0 +223 0 +222 0 *
Fa
0  1e-07 696 0

0111000
+221 0 *
Ed
 1e-07 1 1 0
1  1389 0 0 1.67400000000001
2  2777 692 0 0 1.67400000000001
2  2778 695 0 0 1.67400000000001
0

0101000
-228 0 +238 0 *
Ed
 1e-07 1 1 0
1  1390 0 0 1.67400000000001
2  2779 692 0 0 1.67400000000001
2  2780 693 0 0 1.67400000000001
0

0101000
-229 0 +239 0 *
Wi

0101100
-219 0 -227 0 +218 0 +237 0 *
Fa
0  1e-07 692 0

0111000
+217 0 *
Ed
 1e-07 1 1 0
1  1391 0 0 1.67400000000001
2  2781 694 0 0 1.67400000000001
2  2782 695 0 0 1.67400000000001
0

0101000
-224 0 +234 0 *
Ed
 1e-07 1 1 0
1  1392 0 0 1.67400000000001
2  2783 694 0 0 1.67400000000001
2  2784 693 0 0 1.67400000000001
0

0101000
-226 0 +236 0 *
Wi

0101100
-215 0 -223 0 +214 0 +233 0 *
Fa
0  1e-07 694 0

0111000
+213 0 *
Wi

0101100
-232 0 -215 0 +222 0 +219 0 *
Fa
0  1e-07 695 0

0111000
+211 0 *
Wi

0101100
-235 0 -214 0 +225 0 +218 0 *
Fa
0  1e-07 693 0

0111000
+209 0 *
Sh

0101100
-230 0 +220 0 -216 0 +212 0 -210 0 +208 0 *
So

0100000
+207 0 *
Ve
1e-07
38.774921 13.7835 9.6
0 0

0101101
*
Ve
1e-07
38.774921 13.7835 8.1
0 0

0101101
*
Ed
 1e-07 1 1 0
1  1393 0 0 1.5
2  2785 697 0 0 1.5
2  2786 698 0 0 1.5
0

0101000
-205 0 +204 0 *
Ve
1e-07
38.774921 22.357079 9.6
0 0

0101101
*
Ed
 1e-07 1 1 0
1  1394 0 0 8.573579
2  2787 697 0 0 8.573579
2  2788 699 0 0 8.573579
0

0101000
-202 0 +205 0 *
Ve
1e-07
38.774921 22.357079 8.1
0 0

0101101
*
Ed
 1e-07 1 1 0
1  1395 0 0 1.5
2  2789 697 0 0 1.5
2  2790 700 0 0 1.5
0

0101000
-202 0 +200 0 *
Ed
 1e-07 1 1 0
1  1396 0 0 8.573579
2  2791 697 0 0 8.573579
2  2792 701 0 0 8.573579
0

0101000
-200 0 +204 0 *
Wi

0101100
-203 0 -201 0 +199 0 +198 0 *
Fa
0  1e-07 697 0

0111000
+197 0 *
Ve
1e-07
43.1855 13.7835 9.6
0 0

0101101
*
Ve
1e-07
43.1855 13.7835 8.1
0 0

0101101
*
Ed
 1e-07 1 1 0
1  1397 0 0 1.5
2  2793 702 0 0 1.5
2  2794 698 0 0 1.5
0

0101000
-195 0 +194 0 *
Ve
1e-07
43.1855 22.357079 9.6
0 0

0101101
*
Ed
 1e-07 1 1 0
1  1398 0 0 8.573579
2  2795 702 0 0 8.573579
2  2796 699 0 0 8.573579
0

0101000
-192 0 +195 0 *
Ve
1e-07
43.1855 22.357079 8.1
0 0

0101101
*
Ed
 1e-07 1 1 0
1  1399 0 0 1.5
2  2797 702 0 0 1.5
2  2798 700 0 0 1.5
0

0101000
-192 0 +190 0 *
Ed
 1e-07 1 1 0
1  1400 0 0 8.573579
2  2799 702 0 0 8.573579
2  2800 701 0 0 8.573579
0

0101000
-190 0 +194 0 *
Wi

0101100
-193 0 -191 0 +189 0 +188 0 *
Fa
0  1e-07 702 0

0111000
+187 0 *
Ed
 1e-07 1 1 0
1  1401 0 0 4.41057899999998
2  2801 698 0 0 4.41057899999998
2  2802 701 0 0 4.41057899999998
0

0101000
-194 0 +204 0 *
Ed
 1e-07 1 1 0
1  1402 0 0 4.41057899999998
2  2803 698 0 0 4.41057899999998
2  2804 699 0 0 4.41057899999998
0

0101000
-195 0 +205 0 *
Wi

0101100
-185 0 -193 0 +184 0 +203 0 *
Fa
0  1e-07 698 0

0111000
+183 0 *
Ed
 1e-07 1 1 0
1  1403 0 0 4.41057899999998
2  2805 700 0 0 4.41057899999998
2  2806 701 0 0 4.41057899999998
0

0101000
-190 0 +200 0 *
Ed
 1e-07 1 1 0
1  1404 0 0 4.41057899999998
2  2807 700 0 0 4.41057899999998
2  2808 699 0 0 4.41057899999998
0

0101000
-192 0 +202 0 *
Wi

0101100
-181 0 -189 0 +180 0 +199 0 *
Fa
0  1e-07 700 0

0111000
+179 0 *
Wi

0101100
-198 0 -181 0 +188 0 +185 0 *
Fa
0  1e-07 701 0

0111000
+177 0 *
Wi

0101100
-201 0 -180 0 +191 0 +184 0 *
Fa
0  1e-07 699 0

0111000
+175 0 *
Sh

0101100
-196 0 +186 0 -182 0 +178 0 -176 0 +174 0 *
So

0100000
+173 0 *
Ve
1e-07
43.37275 16.437567 9.1
0 0

0101101
*
Ve
1e-07
43.37275 16.437567 8.1
0 0

0101101
*
Ed
 1e-07 1 1 0
1  1405 0 0 1
2  2809 703 0 0 1
2  2810 704 0 0 1
0

0101000
-171 0 +170 0 *
Ve
1e-07
43.37275 17.59375 9.1
0 0

0101101
*
Ed
 1e-07 1 1 0
1  1406 0 0 1.156183
2  2811 703 0 0 1.156183
2  2812 705 0 0 1.156183
0

0101000
-168 0 +171 0 *
Ve
1e-07
43.37275 17.59375 8.1
0 0

0101101
*
Ed
 1e-07 1 1 0
1  1407 0 0 1
2  2813 703 0 0 1
2  2814 706 0 0 1
0

0101000
-168 0 +166 0 *
Ed
 1e-07 1 1 0
1  1408 0 0 1.156183
2  2815 703 0 0 1.156183
2  2816 707 0 0 1.156183
0

0101000
-166 0 +170 0 *
Wi

0101100
-169 0 -167 0 +165 0 +164 0 *
Fa
0  1e-07 703 0

0111000
+163 0 *
Ve
1e-07
45.27325 16.437567 9.1
0 0

0101101
*
Ve
1e-07
45.27325 16.437567 8.1
0 0

0101101
*
Ed
 1e-07 1 1 0
1  1409 0 0 1
2  2817 708 0 0 1
2  2818 704 0 0 1
0

0101000
-161 0 +160 0 *
Ve
1e-07
45.27325 17.59375 9.1
0 0

0101101
*
Ed
 1e-07 1 1 0
1  1410 0 0 1.156183
2  2819 708 0 0 1.156183
2  2820 705 0 0 1.156183
0

0101000
-158 0 +161 0 *
Ve
1e-07
45.27325 17.59375 8.1
0 0

0101101
*
Ed
 1e-07 1 1 0
1  1411 0 0 1
2  2821 708 0 0 1
2  2822 706 0 0 1
0

0101000
-158 0 +156 0 *
Ed
 1e-07 1 1 0
1  1412 0 0 1.156183
2  2823 708 0 0 1.156183
2  2824 707 0 0 1.156183
0

0101000
-156 0 +160 0 *
Wi

0101100
-159 0 -157 0 +155 0 +154 0 *
Fa
0  1e-07 708 0

0111000
+153 0 *
Ed
 1e-07 1 1 0
1  1413 0 0 1.90049999999999
2  2825 704 0 0 1.90049999999999
2  2826 707 0 0 1.90049999999999
0

0101000
-160 0 +170 0 *
Ed
 1e-07 1 1 0
1  1414 0 0 1.90049999999999
2  2827 704 0 0 1.90049999999999
2  2828 705 0 0 1.90049999999999
0

0101000
-161 0 +171 0 *
Wi

0101100
-151 0 -159 0 +150 0 +169 0 *
Fa
0  1e-07 704 0

0111000
+149 0 *
Ed
 1e-07 1 1 0
1  1415 0 0 1.90049999999999
2  2829 706 0 0 1.90049999999999
2  2830 707 0 0 1.90049999999999
0

0101000
-156 0 +166 0 *
Ed
 1e-07 1 1 0
1  1416 0 0 1.90049999999999
2  2831 706 0 0 1.90049999999999
2  2832 705 0 0 1.90049999999999
0

0101000
-158 0 +168 0 *
Wi

0101100
-147 0 -155 0 +146 0 +165 0 *
Fa
0  1e-07 706 0

0111000
+145 0 *
Wi

0101100
-164 0 -147 0 +154 0 +151 0 *
Fa
0  1e-07 707 0

0111000
+143 0 *
Wi

0101100
-167 0 -146 0 +157 0 +150 0 *
Fa
0  1e-07 705 0

0111000
+141 0 *
Sh

0101100
-162 0 +152 0 -148 0 +144 0 -142 0 +140 0 *
So

0100000
+139 0 *
Ve
1e-07
37.771 26.042 9.1
0 0

0101101
*
Ve
1e-07
37.771 26.042 8.1
0 0

0101101
*
Ed
 1e-07 1 1 0
1  1417 0 0 1
2  2833 709 0 0 1
2  2834 710 0 0 1
0

0101000
-137 0 +136 0 *
Ve
1e-07
37.771 29.076 9.1
0 0

0101101
*
Ed
 1e-07 1 1 0
1  1418 0 0 3.03399999999999
2  2835 709 0 0 3.03399999999999
2  2836 711 0 0 3.03399999999999
0

0101000
-134 0 +137 0 *
Ve
1e-07
37.771 29.076 8.1
0 0

0101101
*
Ed
 1e-07 1 1 0
1  1419 0 0 1
2  2837 709 0 0 1
2  2838 712 0 0 1
0

0101000
-134 0 +132 0 *
Ed
 1e-07 1 1 0
1  1420 0 0 3.03399999999999
2  2839 709 0 0 3.03399999999999
2  2840 713 0 0 3.03399999999999
0

0101000
-132 0 +136 0 *
Wi

0101100
-135 0 -133 0 +131 0 +130 0 *
Fa
0  1e-07 709 0

0111000
+129 0 *
Ve
1e-07
39.445 26.042 9.1
0 0

0101101
*
Ve
1e-07
39.445 26.042 8.1
0 0

0101101
*
Ed
 1e-07 1 1 0
1  1421 0 0 1
2  2841 714 0 0 1
2  2842 710 0 0 1
0

0101000
-127 0 +126 0 *
Ve
1e-07
39.445 29.076 9.1
0 0

0101101
*
Ed
 1e-07 1 1 0
1  1422 0 0 3.03399999999999
2  2843 714 0 0 3.03399999999999
2  2844 711 0 0 3.03399999999999
0

0101000
-124 0 +127 0 *
Ve
1e-07
39.445 29.076 8.1
0 0

0101101
*
Ed
 1e-07 1 1 0
1  1423 0 0 1
2  2845 714 0 0 1
2  2846 712 0 0 1
0

0101000
-124 0 +122 0 *
Ed
 1e-07 1 1 0
1  1424 0 0 3.03399999999999
2  2847 714 0 0 3.03399999999999
2  2848 713 0 0 3.03399999999999
0

0101000
-122 0 +126 0 *
Wi

0101100
-125 0 -123 0 +121 0 +120 0 *
Fa
0  1e-07 714 0

0111000
+119 0 *
Ed
 1e-07 1 1 0
1  1425 0 0 1.67400000000001
2  2849 710 0 0 1.67400000000001
2  2850 713 0 0 1.67400000000001
0

0101000
-126 0 +136 0 *
Ed
 1e-07 1 1 0
1  1426 0 0 1.67400000000001
2  2851 710 0 0 1.67400000000001
2  2852 711 0 0 1.67400000000001
0

0101000
-127 0 +137 0 *
Wi

0101100
-117 0 -125 0 +116 0 +135 0 *
Fa
0  1e-07 710 0

0111000
+115 0 *
Ed
 1e-07 1 1 0
1  1427 0 0 1.67400000000001
2  2853 712 0 0 1.67400000000001
2  2854 713 0 0 1.67400000000001
0

0101000
-122 0 +132 0 *
Ed
 1e-07 1 1 0
1  1428 0 0 1.67400000000001
2  2855 712 0 0 1.67400000000001
2  2856 711 0 0 1.67400000000001
0

0101000
-124 0 +134 0 *
Wi

0101100
-113 0 -121 0 +112 0 +131 0 *
Fa
0  1e-07 712 0

0111000
+111 0 *
Wi

0101100
-130 0 -113 0 +120 0 +117 0 *
Fa
0  1e-07 713 0

0111000
+109 0 *
Wi

0101100
-133 0 -112 0 +123 0 +116 0 *
Fa
0  1e-07 711 0

0111000
+107 0 *
Sh

0101100
-128 0 +118 0 -114 0 +110 0 -108 0 +106 0 *
So

0100000
+105 0 *
Ve
1e-07
45.46175 28.248567 8.8
0 0

0101101
*
Ve
1e-07
45.46175 28.248567 8.1
0 0

0101101
*
Ed
 1e-07 1 1 0
1  1429 0 0 0.699999999999999
2  2857 715 0 0 0.699999999999999
2  2858 716 0 0 0.699999999999999
0

0101000
-103 0 +102 0 *
Ve
1e-07
45.46175 29.40375 8.8
0 0

0101101
*
Ed
 1e-07 1 1 0
1  1430 0 0 1.15518300000001
2  2859 715 0 0 1.15518300000001
2  2860 717 0 0 1.15518300000001
0

0101000
-100 0 +103 0 *
Ve
1e-07
45.46175 29.40375 8.1
0 0

0101101
*
Ed
 1e-07 1 1 0
1  1431 0 0 0.699999999999999
2  2861 715 0 0 0.699999999999999
2  2862 718 0 0 0.699999999999999
0

0101000
-100 0 +98 0 *
Ed
 1e-07 1 1 0
1  1432 0 0 1.15518300000001
2  2863 715 0 0 1.15518300000001
2  2864 719 0 0 1.15518300000001
0

0101000
-98 0 +102 0 *
Wi

0101100
-101 0 -99 0 +97 0 +96 0 *
Fa
0  1e-07 715 0

0111000
+95 0 *
Ve
1e-07
47.50225 28.248567 8.8
0 0

0101101
*
Ve
1e-07
47.50225 28.248567 8.1
0 0

0101101
*
Ed
 1e-07 1 1 0
1  1433 0 0 0.699999999999999
2  2865 720 0 0 0.699999999999999
2  2866 716 0 0 0.699999999999999
0

0101000
-93 0 +92 0 *
Ve
1e-07
47.50225 29.40375 8.8
0 0

0101101
*
Ed
 1e-07 1 1 0
1  1434 0 0 1.15518300000001
2  2867 720 0 0 1.15518300000001
2  2868 717 0 0 1.15518300000001
0

0101000
-90 0 +93 0 *
Ve
1e-07
47.50225 29.40375 8.1
0 0

0101101
*
Ed
 1e-07 1 1 0
1  1435 0 0 0.699999999999999
2  2869 720 0 0 0.699999999999999
2  2870 718 0 0 0.699999999999999
0

0101000
-90 0 +88 0 *
Ed
 1e-07 1 1 0
1  1436 0 0 1.15518300000001
2  2871 720 0 0 1.15518300000001
2  2872 719 0 0 1.15518300000001
0

0101000
-88 0 +92 0 *
Wi

0101100
-91 0 -89 0 +87 0 +86 0 *
Fa
0  1e-07 720 0

0111000
+85 0 *
Ed
 1e-07 1 1 0
1  1437 0 0 2.04050000000001
2  2873 716 0 0 2.04050000000001
2  2874 719 0 0 2.04050000000001
0

0101000
-92 0 +102 0 *
Ed
 1e-07 1 1 0
1  1438 0 0 2.04050000000001
2  2875 716 0 0 2.04050000000001
2  2876 717 0 0 2.04050000000001
0

0101000
-93 0 +103 0 *
Wi

0101100
-83 0 -91 0 +82 0 +101 0 *
Fa
0  1e-07 716 0

0111000
+81 0 *
Ed
 1e-07 1 1 0
1  1439 0 0 2.04050000000001
2  2877 718 0 0 2.04050000000001
2  2878 719 0 0 2.04050000000001
0

0101000
-88 0 +98 0 *
Ed
 1e-07 1 1 0
1  1440 0 0 2.04050000000001
2  2879 718 0 0 2.04050000000001
2  2880 717 0 0 2.04050000000001
0

0101000
-90 0 +100 0 *
Wi

0101100
-79 0 -87 0 +78 0 +97 0 *
Fa
0  1e-07 718 0

0111000
+77 0 *
Wi

0101100
-96 0 -79 0 +86 0 +83 0 *
Fa
0  1e-07 719 0

0111000
+75 0 *
Wi

0101100
-99 0 -78 0 +89 0 +82 0 *
Fa
0  1e-07 717 0

0111000
+73 0 *
Sh

0101100
-94 0 +84 0 -80 0 +76 0 -74 0 +72 0 *
So

0100000
+71 0 *
Ve
1e-07
37.65775 12.500567 9.1
0 0

0101101
*
Ve
1e-07
37.65775 12.500567 8.1
0 0

0101101
*
Ed
 1e-07 1 1 0
1  1441 0 0 1
2  2881 721 0 0 1
2  2882 722 0 0 1
0

0101000
-69 0 +68 0 *
Ve
1e-07
37.65775 13.65675 9.1
0 0

0101101
*
Ed
 1e-07 1 1 0
1  1442 0 0 1.15618300000001
2  2883 721 0 0 1.15618300000001
2  2884 723 0 0 1.15618300000001
0

0101000
-66 0 +69 0 *
Ve
1e-07
37.65775 13.65675 8.1
0 0

0101101
*
Ed
 1e-07 1 1 0
1  1443 0 0 1
2  2885 721 0 0 1
2  2886 724 0 0 1
0

0101000
-66 0 +64 0 *
Ed
 1e-07 1 1 0
1  1444 0 0 1.15618300000001
2  2887 721 0 0 1.15618300000001
2  2888 725 0 0 1.15618300000001
0

0101000
-64 0 +68 0 *
Wi

0101100
-67 0 -65 0 +63 0 +62 0 *
Fa
0  1e-07 721 0

0111000
+61 0 *
Ve
1e-07
39.55825 12.500567 9.1
0 0

0101101
*
Ve
1e-07
39.55825 12.500567 8.1
0 0

0101101
*
Ed
 1e-07 1 1 0
1  1445 0 0 1
2  2889 726 0 0 1
2  2890 722 0 0 1
0

0101000
-59 0 +58 0 *
Ve
1e-07
39.55825 13.65675 9.1
0 0

0101101
*
Ed
 1e-07 1 1 0
1  1446 0 0 1.15618300000001
2  2891 726 0 0 1.15618300000001
2  2892 723 0 0 1.15618300000001
0

0101000
-56 0 +59 0 *
Ve
1e-07
39.55825 13.65675 8.1
0 0

0101101
*
Ed
 1e-07 1 1 0
1  1447 0 0 1
2  2893 726 0 0 1
2  2894 724 0 0 1
0

0101000
-56 0 +54 0 *
Ed
 1e-07 1 1 0
1  1448 0 0 1.15618300000001
2  2895 726 0 0 1.15618300000001
2  2896 725 0 0 1.15618300000001
0

0101000
-54 0 +58 0 *
Wi

0101100
-57 0 -55 0 +53 0 +52 0 *
Fa
0  1e-07 726 0

0111000
+51 0 *
Ed
 1e-07 1 1 0
1  1449 0 0 1.90049999999999
2  2897 722 0 0 1.90049999999999
2  2898 725 0 0 1.90049999999999
0

0101000
-58 0 +68 0 *
Ed
 1e-07 1 1 0
1  1450 0 0 1.90049999999999
2  2899 722 0 0 1.90049999999999
2  2900 723 0 0 1.90049999999999
0

0101000
-59 0 +69 0 *
Wi

0101100
-49 0 -57 0 +48 0 +67 0 *
Fa
0  1e-07 722 0

0111000
+47 0 *
Ed
 1e-07 1 1 0
1  1451 0 0 1.90049999999999
2  2901 724 0 0 1.90049999999999
2  2902 725 0 0 1.90049999999999
0

0101000
-54 0 +64 0 *
Ed
 1e-07 1 1 0
1  1452 0 0 1.90049999999999
2  2903 724 0 0 1.90049999999999
2  2904 723 0 0 1.90049999999999
0

0101000
-56 0 +66 0 *
Wi

0101100
-45 0 -53 0 +44 0 +63 0 *
Fa
0  1e-07 724 0

0111000
+43 0 *
Wi

0101100
-62 0 -45 0 +52 0 +49 0 *
Fa
0  1e-07 725 0

0111000
+41 0 *
Wi

0101100
-65 0 -44 0 +55 0 +48 0 *
Fa
0  1e-07 723 0

0111000
+39 0 *
Sh

0101100
-60 0 +50 0 -46 0 +42 0 -40 0 +38 0 *
So

0100000
+37 0 *
Ve
1e-07
44.57275 10.595567 8.8
0 0

0101101
*
Ve
1e-07
44.57275 10.595567 8.1
0 0

0101101
*
Ed
 1e-07 1 1 0
1  1453 0 0 0.699999999999999
2  2905 727 0 0 0.699999999999999
2  2906 728 0 0 0.699999999999999
0

0101000
-35 0 +34 0 *
Ve
1e-07
44.57275 11.75075 8.8
0 0

0101101
*
Ed
 1e-07 1 1 0
1  1454 0 0 1.15518299999999
2  2907 727 0 0 1.15518299999999
2  2908 729 0 0 1.15518299999999
0

0101000
-32 0 +35 0 *
Ve
1e-07
44.57275 11.75075 8.1
0 0

0101101
*
Ed
 1e-07 1 1 0
1  1455 0 0 0.699999999999999
2  2909 727 0 0 0.699999999999999
2  2910 730 0 0 0.699999999999999
0

0101000
-32 0 +30 0 *
Ed
 1e-07 1 1 0
1  1456 0 0 1.15518299999999
2  2911 727 0 0 1.15518299999999
2  2912 731 0 0 1.15518299999999
0

0101000
-30 0 +34 0 *
Wi

0101100
-33 0 -31 0 +29 0 +28 0 *
Fa
0  1e-07 727 0

0111000
+27 0 *
Ve
1e-07
46.61325 10.595567 8.8
0 0

0101101
*
Ve
1e-07
46.61325 10.595567 8.1
0 0

0101101
*
Ed
 1e-07 1 1 0
1  1457 0 0 0.699999999999999
2  2913 732 0 0 0.699999999999999
2  2914 728 0 0 0.699999999999999
0

0101000
-25 0 +24 0 *
Ve
1e-07
46.61325 11.75075 8.8
0 0

0101101
*
Ed
 1e-07 1 1 0
1  1458 0 0 1.15518299999999
2  2915 732 0 0 1.15518299999999
2  2916 729 0 0 1.15518299999999
0

0101000
-22 0 +25 0 *
Ve
1e-07
46.61325 11.75075 8.1
0 0

0101101
*
Ed
 1e-07 1 1 0
1  1459 0 0 0.699999999999999
2  2917 732 0 0 0.699999999999999
2  2918 730 0 0 0.699999999999999
0

0101000
-22 0 +20 0 *
Ed
 1e-07 1 1 0
1  1460 0 0 1.15518299999999
2  2919 732 0 0 1.15518299999999
2  2920 731 0 0 1.15518299999999
0

0101000
-20 0 +24 0 *
Wi

0101100
-23 0 -21 0 +19 0 +18 0 *
Fa
0  1e-07 732 0

0111000
+17 0 *
Ed
 1e-07 1 1 0
1  1461 0 0 2.04049999999998
2  2921 728 0 0 2.04049999999998
2  2922 731 0 0 2.04049999999998
0

0101000
-24 0 +34 0 *
Ed
 1e-07 1 1 0
1  1462 0 0 2.04049999999998
2  2923 728 0 0 2.04049999999998
2  2924 729 0 0 2.04049999999998
0

0101000
-25 0 +35 0 *
Wi

0101100
-15 0 -23 0 +14 0 +33 0 *
Fa
0  1e-07 728 0

0111000
+13 0 *
Ed
 1e-07 1 1 0
1  1463 0 0 2.04049999999998
2  2925 730 0 0 2.04049999999998
2  2926 731 0 0 2.04049999999998
0

0101000
-20 0 +30 0 *
Ed
 1e-07 1 1 0
1  1464 0 0 2.04049999999998
2  2927 730 0 0 2.04049999999998
2  2928 729 0 0 2.04049999999998
0

0101000
-22 0 +32 0 *
Wi

0101100
-11 0 -19 0 +10 0 +29 0 *
Fa
0  1e-07 730 0

0111000
+9 0 *
Wi

0101100
-28 0 -11 0 +18 0 +15 0 *
Fa
0  1e-07 731 0

0111000
+7 0 *
Wi

0101100
-31 0 -10 0 +21 0 +14 0 *
Fa
0  1e-07 729 0

0111000
+5 0 *
Sh

0101100
-26 0 +16 0 -12 0 +8 0 -6 0 +4 0 *
So

0100000
+3 0 *
Co

0100000
+4116 0 +4082 0 +4048 0 +4014 0 +3980 0 +3946 0 +3912 0 +3878 0 +3844 0 +3810 0 
+3776 0 +3742 0 +3708 0 +3674 0 +3640 0 +3606 0 +3572 0 +3538 0 +3504 0 +3470 0 
+3436 0 +3402 0 +3368 0 +3334 0 +3300 0 +3266 0 +3232 0 +3198 0 +3164 0 +3130 0 
+3096 0 +3062 0 +3028 0 +2994 0 +2960 0 +2926 0 +2892 0 +2858 0 +2824 0 +2790 0 
+2756 0 +2722 0 +2688 0 +2654 0 +2620 0 +2586 0 +2552 0 +2518 0 +2484 0 +2450 0 
+2416 0 +2382 0 +2348 0 +2314 0 +2280 0 +2246 0 +2212 0 +2178 0 +2144 0 +2110 0 
+2076 0 +2042 0 +2008 0 +1974 0 +1940 0 +1906 0 +1872 0 +1838 0 +1804 0 +1770 0 
+1736 0 +1702 0 +1668 0 +1634 0 +1600 0 +1566 0 +1532 0 +1498 0 +1464 0 +1430 0 
+1396 0 +1362 0 +1328 0 +1294 0 +1260 0 +1226 0 +1192 0 +1158 0 +1124 0 +1090 0 
+1056 0 +1022 0 +988 0 +954 0 +920 0 +886 0 +852 0 +818 0 +784 0 +750 0 
+716 0 +682 0 +648 0 +614 0 +580 0 +546 0 +512 0 +478 0 +444 0 +410 0 
+376 0 +342 0 +308 0 +274 0 +240 0 +206 0 +172 0 +138 0 +104 0 +70 0 
+36 0 +2 0 *

+1 1 