ISO-10303-21;
HEADER;
FILE_DESCRIPTION(('FreeCAD Model'),'2;1');
FILE_NAME('Open CASCADE Shape Model','2026-09-21T23:27:07',('Author'),(
    ''),'Open CASCADE STEP processor 7.8','FreeCAD','Unknown');
FILE_SCHEMA(('AUTOMOTIVE_DESIGN { 1 0 10303 214 1 1 1 1 }'));
ENDSEC;
DATA;
#1 = APPLICATION_PROTOCOL_DEFINITION('international standard',
  'automotive_design',2000,#2);
#2 = APPLICATION_CONTEXT(
  'core data for automotive mechanical design processes');
#3 = SHAPE_DEFINITION_REPRESENTATION(#4,#10);
#4 = PRODUCT_DEFINITION_SHAPE('','',#5);
#5 = PRODUCT_DEFINITION('design','',#6,#9);
#6 = PRODUCT_DEFINITION_FORMATION('','',#7);
#7 = PRODUCT('HCTL12','HCTL12','',(#8));
#8 = PRODUCT_CONTEXT('',#2,'mechanical');
#9 = PRODUCT_DEFINITION_CONTEXT('part definition',#2,'design');
#10 = SHAPE_REPRESENTATION('',(#11,#15,#19,#23,#27,#31,#35,#39,#43,#47,
    #51,#55,#59,#63,#67,#71,#75),#79);
#11 = AXIS2_PLACEMENT_3D('',#12,#13,#14);
#12 = CARTESIAN_POINT('',(0.,0.,0.));
#13 = DIRECTION('',(0.,0.,1.));
#14 = DIRECTION('',(1.,0.,-0.));
#15 = AXIS2_PLACEMENT_3D('',#16,#17,#18);
#16 = CARTESIAN_POINT('',(0.,0.,0.));
#17 = DIRECTION('',(0.,0.,1.));
#18 = DIRECTION('',(-1.,0.,0.));
#19 = AXIS2_PLACEMENT_3D('',#20,#21,#22);
#20 = CARTESIAN_POINT('',(0.,0.,0.));
#21 = DIRECTION('',(0.,0.,1.));
#22 = DIRECTION('',(-1.,0.,0.));
#23 = AXIS2_PLACEMENT_3D('',#24,#25,#26);
#24 = CARTESIAN_POINT('',(0.,0.,0.));
#25 = DIRECTION('',(0.,0.,1.));
#26 = DIRECTION('',(-1.,0.,0.));
#27 = AXIS2_PLACEMENT_3D('',#28,#29,#30);
#28 = CARTESIAN_POINT('',(0.,0.,0.));
#29 = DIRECTION('',(0.,0.,1.));
#30 = DIRECTION('',(-1.,0.,0.));
#31 = AXIS2_PLACEMENT_3D('',#32,#33,#34);
#32 = CARTESIAN_POINT('',(0.,0.,0.));
#33 = DIRECTION('',(0.,0.,1.));
#34 = DIRECTION('',(-1.,0.,0.));
#35 = AXIS2_PLACEMENT_3D('',#36,#37,#38);
#36 = CARTESIAN_POINT('',(0.,0.,0.));
#37 = DIRECTION('',(0.,0.,1.));
#38 = DIRECTION('',(-1.,0.,0.));
#39 = AXIS2_PLACEMENT_3D('',#40,#41,#42);
#40 = CARTESIAN_POINT('',(0.,0.,0.));
#41 = DIRECTION('',(0.,0.,1.));
#42 = DIRECTION('',(-1.,0.,0.));
#43 = AXIS2_PLACEMENT_3D('',#44,#45,#46);
#44 = CARTESIAN_POINT('',(0.,0.,0.));
#45 = DIRECTION('',(0.,0.,1.));
#46 = DIRECTION('',(-1.,0.,0.));
#47 = AXIS2_PLACEMENT_3D('',#48,#49,#50);
#48 = CARTESIAN_POINT('',(0.,0.,0.));
#49 = DIRECTION('',(0.,0.,1.));
#50 = DIRECTION('',(-1.,0.,0.));
#51 = AXIS2_PLACEMENT_3D('',#52,#53,#54);
#52 = CARTESIAN_POINT('',(0.,0.,0.));
#53 = DIRECTION('',(0.,0.,1.));
#54 = DIRECTION('',(-1.,0.,0.));
#55 = AXIS2_PLACEMENT_3D('',#56,#57,#58);
#56 = CARTESIAN_POINT('',(0.,0.,0.));
#57 = DIRECTION('',(0.,0.,1.));
#58 = DIRECTION('',(-1.,0.,0.));
#59 = AXIS2_PLACEMENT_3D('',#60,#61,#62);
#60 = CARTESIAN_POINT('',(0.,0.,0.));
#61 = DIRECTION('',(0.,0.,1.));
#62 = DIRECTION('',(-1.,0.,0.));
#63 = AXIS2_PLACEMENT_3D('',#64,#65,#66);
#64 = CARTESIAN_POINT('',(0.,0.,0.));
#65 = DIRECTION('',(0.,0.,1.));
#66 = DIRECTION('',(-1.,0.,0.));
#67 = AXIS2_PLACEMENT_3D('',#68,#69,#70);
#68 = CARTESIAN_POINT('',(0.,0.,0.));
#69 = DIRECTION('',(0.,0.,1.));
#70 = DIRECTION('',(-1.,0.,0.));
#71 = AXIS2_PLACEMENT_3D('',#72,#73,#74);
#72 = CARTESIAN_POINT('',(0.,0.,0.));
#73 = DIRECTION('',(0.,0.,1.));
#74 = DIRECTION('',(-1.,0.,0.));
#75 = AXIS2_PLACEMENT_3D('',#76,#77,#78);
#76 = CARTESIAN_POINT('',(0.,0.,0.));
#77 = DIRECTION('',(0.,0.,1.));
#78 = DIRECTION('',(-1.,0.,0.));
#79 = ( GEOMETRIC_REPRESENTATION_CONTEXT(3) 
GLOBAL_UNCERTAINTY_ASSIGNED_CONTEXT((#83)) GLOBAL_UNIT_ASSIGNED_CONTEXT(
(#80,#81,#82)) REPRESENTATION_CONTEXT('Context #1',
  '3D Context with UNIT and UNCERTAINTY') );
#80 = ( LENGTH_UNIT() NAMED_UNIT(*) SI_UNIT(.MILLI.,.METRE.) );
#81 = ( NAMED_UNIT(*) PLANE_ANGLE_UNIT() SI_UNIT($,.RADIAN.) );
#82 = ( NAMED_UNIT(*) SI_UNIT($,.STERADIAN.) SOLID_ANGLE_UNIT() );
#83 = UNCERTAINTY_MEASURE_WITH_UNIT(LENGTH_MEASURE(1.E-07),#80,
  'distance_accuracy_value','confusion accuracy');
#84 = PRODUCT_RELATED_PRODUCT_CATEGORY('part',$,(#7));
#85 = SHAPE_DEFINITION_REPRESENTATION(#86,#92);
#86 = PRODUCT_DEFINITION_SHAPE('','',#87);
#87 = PRODUCT_DEFINITION('design','',#88,#91);
#88 = PRODUCT_DEFINITION_FORMATION('','',#89);
#89 = PRODUCT('Housing','Housing','',(#90));
#90 = PRODUCT_CONTEXT('',#2,'mechanical');
#91 = PRODUCT_DEFINITION_CONTEXT('part definition',#2,'design');
#92 = ADVANCED_BREP_SHAPE_REPRESENTATION('',(#11,#93),#385);
#93 = MANIFOLD_SOLID_BREP('',#94);
#94 = CLOSED_SHELL('',(#95,#135,#200,#224,#248,#265,#277,#308,#332,#356,
    #373));
#95 = ADVANCED_FACE('',(#96),#130,.F.);
#96 = FACE_BOUND('',#97,.F.);
#97 = EDGE_LOOP('',(#98,#108,#116,#124));
#98 = ORIENTED_EDGE('',*,*,#99,.F.);
#99 = EDGE_CURVE('',#100,#102,#104,.T.);
#100 = VERTEX_POINT('',#101);
#101 = CARTESIAN_POINT('',(-3.885,-2.18,0.));
#102 = VERTEX_POINT('',#103);
#103 = CARTESIAN_POINT('',(-3.885,-2.18,1.));
#104 = LINE('',#105,#106);
#105 = CARTESIAN_POINT('',(-3.885,-2.18,0.));
#106 = VECTOR('',#107,1.);
#107 = DIRECTION('',(0.,0.,1.));
#108 = ORIENTED_EDGE('',*,*,#109,.T.);
#109 = EDGE_CURVE('',#100,#110,#112,.T.);
#110 = VERTEX_POINT('',#111);
#111 = CARTESIAN_POINT('',(-3.885,1.17,0.));
#112 = LINE('',#113,#114);
#113 = CARTESIAN_POINT('',(-3.885,-2.18,0.));
#114 = VECTOR('',#115,1.);
#115 = DIRECTION('',(-0.,1.,0.));
#116 = ORIENTED_EDGE('',*,*,#117,.T.);
#117 = EDGE_CURVE('',#110,#118,#120,.T.);
#118 = VERTEX_POINT('',#119);
#119 = CARTESIAN_POINT('',(-3.885,1.17,1.));
#120 = LINE('',#121,#122);
#121 = CARTESIAN_POINT('',(-3.885,1.17,0.));
#122 = VECTOR('',#123,1.);
#123 = DIRECTION('',(0.,0.,1.));
#124 = ORIENTED_EDGE('',*,*,#125,.F.);
#125 = EDGE_CURVE('',#102,#118,#126,.T.);
#126 = LINE('',#127,#128);
#127 = CARTESIAN_POINT('',(-3.885,-2.18,1.));
#128 = VECTOR('',#129,1.);
#129 = DIRECTION('',(-0.,1.,0.));
#130 = PLANE('',#131);
#131 = AXIS2_PLACEMENT_3D('',#132,#133,#134);
#132 = CARTESIAN_POINT('',(-3.885,-2.18,0.));
#133 = DIRECTION('',(1.,0.,-0.));
#134 = DIRECTION('',(0.,0.,1.));
#135 = ADVANCED_FACE('',(#136,#161),#195,.F.);
#136 = FACE_BOUND('',#137,.F.);
#137 = EDGE_LOOP('',(#138,#146,#147,#155));
#138 = ORIENTED_EDGE('',*,*,#139,.F.);
#139 = EDGE_CURVE('',#100,#140,#142,.T.);
#140 = VERTEX_POINT('',#141);
#141 = CARTESIAN_POINT('',(3.885,-2.18,0.));
#142 = LINE('',#143,#144);
#143 = CARTESIAN_POINT('',(-3.885,-2.18,0.));
#144 = VECTOR('',#145,1.);
#145 = DIRECTION('',(1.,0.,-0.));
#146 = ORIENTED_EDGE('',*,*,#99,.T.);
#147 = ORIENTED_EDGE('',*,*,#148,.T.);
#148 = EDGE_CURVE('',#102,#149,#151,.T.);
#149 = VERTEX_POINT('',#150);
#150 = CARTESIAN_POINT('',(3.885,-2.18,1.));
#151 = LINE('',#152,#153);
#152 = CARTESIAN_POINT('',(-3.885,-2.18,1.));
#153 = VECTOR('',#154,1.);
#154 = DIRECTION('',(1.,0.,-0.));
#155 = ORIENTED_EDGE('',*,*,#156,.F.);
#156 = EDGE_CURVE('',#140,#149,#157,.T.);
#157 = LINE('',#158,#159);
#158 = CARTESIAN_POINT('',(3.885,-2.18,0.));
#159 = VECTOR('',#160,1.);
#160 = DIRECTION('',(0.,0.,1.));
#161 = FACE_BOUND('',#162,.F.);
#162 = EDGE_LOOP('',(#163,#173,#181,#189));
#163 = ORIENTED_EDGE('',*,*,#164,.F.);
#164 = EDGE_CURVE('',#165,#167,#169,.T.);
#165 = VERTEX_POINT('',#166);
#166 = CARTESIAN_POINT('',(-3.3,-2.18,0.56));
#167 = VERTEX_POINT('',#168);
#168 = CARTESIAN_POINT('',(3.3,-2.18,0.56));
#169 = LINE('',#170,#171);
#170 = CARTESIAN_POINT('',(-3.5925,-2.18,0.56));
#171 = VECTOR('',#172,1.);
#172 = DIRECTION('',(1.,0.,-0.));
#173 = ORIENTED_EDGE('',*,*,#174,.T.);
#174 = EDGE_CURVE('',#165,#175,#177,.T.);
#175 = VERTEX_POINT('',#176);
#176 = CARTESIAN_POINT('',(-3.3,-2.18,0.24));
#177 = LINE('',#178,#179);
#178 = CARTESIAN_POINT('',(-3.3,-2.18,0.12));
#179 = VECTOR('',#180,1.);
#180 = DIRECTION('',(-0.,0.,-1.));
#181 = ORIENTED_EDGE('',*,*,#182,.T.);
#182 = EDGE_CURVE('',#175,#183,#185,.T.);
#183 = VERTEX_POINT('',#184);
#184 = CARTESIAN_POINT('',(3.3,-2.18,0.24));
#185 = LINE('',#186,#187);
#186 = CARTESIAN_POINT('',(-3.5925,-2.18,0.24));
#187 = VECTOR('',#188,1.);
#188 = DIRECTION('',(1.,0.,-0.));
#189 = ORIENTED_EDGE('',*,*,#190,.F.);
#190 = EDGE_CURVE('',#167,#183,#191,.T.);
#191 = LINE('',#192,#193);
#192 = CARTESIAN_POINT('',(3.3,-2.18,0.12));
#193 = VECTOR('',#194,1.);
#194 = DIRECTION('',(-0.,0.,-1.));
#195 = PLANE('',#196);
#196 = AXIS2_PLACEMENT_3D('',#197,#198,#199);
#197 = CARTESIAN_POINT('',(-3.885,-2.18,0.));
#198 = DIRECTION('',(-0.,1.,0.));
#199 = DIRECTION('',(0.,0.,1.));
#200 = ADVANCED_FACE('',(#201),#219,.T.);
#201 = FACE_BOUND('',#202,.T.);
#202 = EDGE_LOOP('',(#203,#204,#205,#213));
#203 = ORIENTED_EDGE('',*,*,#125,.F.);
#204 = ORIENTED_EDGE('',*,*,#148,.T.);
#205 = ORIENTED_EDGE('',*,*,#206,.T.);
#206 = EDGE_CURVE('',#149,#207,#209,.T.);
#207 = VERTEX_POINT('',#208);
#208 = CARTESIAN_POINT('',(3.885,1.17,1.));
#209 = LINE('',#210,#211);
#210 = CARTESIAN_POINT('',(3.885,-2.18,1.));
#211 = VECTOR('',#212,1.);
#212 = DIRECTION('',(-0.,1.,0.));
#213 = ORIENTED_EDGE('',*,*,#214,.F.);
#214 = EDGE_CURVE('',#118,#207,#215,.T.);
#215 = LINE('',#216,#217);
#216 = CARTESIAN_POINT('',(-3.885,1.17,1.));
#217 = VECTOR('',#218,1.);
#218 = DIRECTION('',(1.,0.,-0.));
#219 = PLANE('',#220);
#220 = AXIS2_PLACEMENT_3D('',#221,#222,#223);
#221 = CARTESIAN_POINT('',(-3.885,-2.18,1.));
#222 = DIRECTION('',(0.,0.,1.));
#223 = DIRECTION('',(1.,0.,-0.));
#224 = ADVANCED_FACE('',(#225),#243,.T.);
#225 = FACE_BOUND('',#226,.T.);
#226 = EDGE_LOOP('',(#227,#235,#236,#237));
#227 = ORIENTED_EDGE('',*,*,#228,.F.);
#228 = EDGE_CURVE('',#110,#229,#231,.T.);
#229 = VERTEX_POINT('',#230);
#230 = CARTESIAN_POINT('',(3.885,1.17,0.));
#231 = LINE('',#232,#233);
#232 = CARTESIAN_POINT('',(-3.885,1.17,0.));
#233 = VECTOR('',#234,1.);
#234 = DIRECTION('',(1.,0.,-0.));
#235 = ORIENTED_EDGE('',*,*,#117,.T.);
#236 = ORIENTED_EDGE('',*,*,#214,.T.);
#237 = ORIENTED_EDGE('',*,*,#238,.F.);
#238 = EDGE_CURVE('',#229,#207,#239,.T.);
#239 = LINE('',#240,#241);
#240 = CARTESIAN_POINT('',(3.885,1.17,0.));
#241 = VECTOR('',#242,1.);
#242 = DIRECTION('',(0.,0.,1.));
#243 = PLANE('',#244);
#244 = AXIS2_PLACEMENT_3D('',#245,#246,#247);
#245 = CARTESIAN_POINT('',(-3.885,1.17,0.));
#246 = DIRECTION('',(-0.,1.,0.));
#247 = DIRECTION('',(0.,0.,1.));
#248 = ADVANCED_FACE('',(#249),#260,.F.);
#249 = FACE_BOUND('',#250,.F.);
#250 = EDGE_LOOP('',(#251,#252,#253,#259));
#251 = ORIENTED_EDGE('',*,*,#109,.F.);
#252 = ORIENTED_EDGE('',*,*,#139,.T.);
#253 = ORIENTED_EDGE('',*,*,#254,.T.);
#254 = EDGE_CURVE('',#140,#229,#255,.T.);
#255 = LINE('',#256,#257);
#256 = CARTESIAN_POINT('',(3.885,-2.18,0.));
#257 = VECTOR('',#258,1.);
#258 = DIRECTION('',(-0.,1.,0.));
#259 = ORIENTED_EDGE('',*,*,#228,.F.);
#260 = PLANE('',#261);
#261 = AXIS2_PLACEMENT_3D('',#262,#263,#264);
#262 = CARTESIAN_POINT('',(-3.885,-2.18,0.));
#263 = DIRECTION('',(0.,0.,1.));
#264 = DIRECTION('',(1.,0.,-0.));
#265 = ADVANCED_FACE('',(#266),#272,.T.);
#266 = FACE_BOUND('',#267,.T.);
#267 = EDGE_LOOP('',(#268,#269,#270,#271));
#268 = ORIENTED_EDGE('',*,*,#156,.F.);
#269 = ORIENTED_EDGE('',*,*,#254,.T.);
#270 = ORIENTED_EDGE('',*,*,#238,.T.);
#271 = ORIENTED_EDGE('',*,*,#206,.F.);
#272 = PLANE('',#273);
#273 = AXIS2_PLACEMENT_3D('',#274,#275,#276);
#274 = CARTESIAN_POINT('',(3.885,-2.18,0.));
#275 = DIRECTION('',(1.,0.,-0.));
#276 = DIRECTION('',(0.,0.,1.));
#277 = ADVANCED_FACE('',(#278),#303,.F.);
#278 = FACE_BOUND('',#279,.F.);
#279 = EDGE_LOOP('',(#280,#288,#289,#297));
#280 = ORIENTED_EDGE('',*,*,#281,.F.);
#281 = EDGE_CURVE('',#165,#282,#284,.T.);
#282 = VERTEX_POINT('',#283);
#283 = CARTESIAN_POINT('',(-3.3,0.169,0.56));
#284 = LINE('',#285,#286);
#285 = CARTESIAN_POINT('',(-3.3,-2.181,0.56));
#286 = VECTOR('',#287,1.);
#287 = DIRECTION('',(-0.,1.,0.));
#288 = ORIENTED_EDGE('',*,*,#164,.T.);
#289 = ORIENTED_EDGE('',*,*,#290,.T.);
#290 = EDGE_CURVE('',#167,#291,#293,.T.);
#291 = VERTEX_POINT('',#292);
#292 = CARTESIAN_POINT('',(3.3,0.169,0.56));
#293 = LINE('',#294,#295);
#294 = CARTESIAN_POINT('',(3.3,-2.181,0.56));
#295 = VECTOR('',#296,1.);
#296 = DIRECTION('',(-0.,1.,0.));
#297 = ORIENTED_EDGE('',*,*,#298,.F.);
#298 = EDGE_CURVE('',#282,#291,#299,.T.);
#299 = LINE('',#300,#301);
#300 = CARTESIAN_POINT('',(-3.3,0.169,0.56));
#301 = VECTOR('',#302,1.);
#302 = DIRECTION('',(1.,0.,-0.));
#303 = PLANE('',#304);
#304 = AXIS2_PLACEMENT_3D('',#305,#306,#307);
#305 = CARTESIAN_POINT('',(-3.3,-2.181,0.56));
#306 = DIRECTION('',(0.,0.,1.));
#307 = DIRECTION('',(1.,0.,-0.));
#308 = ADVANCED_FACE('',(#309),#327,.F.);
#309 = FACE_BOUND('',#310,.F.);
#310 = EDGE_LOOP('',(#311,#312,#313,#321));
#311 = ORIENTED_EDGE('',*,*,#290,.F.);
#312 = ORIENTED_EDGE('',*,*,#190,.T.);
#313 = ORIENTED_EDGE('',*,*,#314,.T.);
#314 = EDGE_CURVE('',#183,#315,#317,.T.);
#315 = VERTEX_POINT('',#316);
#316 = CARTESIAN_POINT('',(3.3,0.169,0.24));
#317 = LINE('',#318,#319);
#318 = CARTESIAN_POINT('',(3.3,-2.181,0.24));
#319 = VECTOR('',#320,1.);
#320 = DIRECTION('',(-0.,1.,0.));
#321 = ORIENTED_EDGE('',*,*,#322,.T.);
#322 = EDGE_CURVE('',#315,#291,#323,.T.);
#323 = LINE('',#324,#325);
#324 = CARTESIAN_POINT('',(3.3,0.169,0.24));
#325 = VECTOR('',#326,1.);
#326 = DIRECTION('',(0.,0.,1.));
#327 = PLANE('',#328);
#328 = AXIS2_PLACEMENT_3D('',#329,#330,#331);
#329 = CARTESIAN_POINT('',(3.3,-2.181,0.24));
#330 = DIRECTION('',(1.,0.,-0.));
#331 = DIRECTION('',(0.,0.,1.));
#332 = ADVANCED_FACE('',(#333),#351,.T.);
#333 = FACE_BOUND('',#334,.T.);
#334 = EDGE_LOOP('',(#335,#343,#344,#345));
#335 = ORIENTED_EDGE('',*,*,#336,.F.);
#336 = EDGE_CURVE('',#175,#337,#339,.T.);
#337 = VERTEX_POINT('',#338);
#338 = CARTESIAN_POINT('',(-3.3,0.169,0.24));
#339 = LINE('',#340,#341);
#340 = CARTESIAN_POINT('',(-3.3,-2.181,0.24));
#341 = VECTOR('',#342,1.);
#342 = DIRECTION('',(-0.,1.,0.));
#343 = ORIENTED_EDGE('',*,*,#182,.T.);
#344 = ORIENTED_EDGE('',*,*,#314,.T.);
#345 = ORIENTED_EDGE('',*,*,#346,.F.);
#346 = EDGE_CURVE('',#337,#315,#347,.T.);
#347 = LINE('',#348,#349);
#348 = CARTESIAN_POINT('',(-3.3,0.169,0.24));
#349 = VECTOR('',#350,1.);
#350 = DIRECTION('',(1.,0.,-0.));
#351 = PLANE('',#352);
#352 = AXIS2_PLACEMENT_3D('',#353,#354,#355);
#353 = CARTESIAN_POINT('',(-3.3,-2.181,0.24));
#354 = DIRECTION('',(0.,0.,1.));
#355 = DIRECTION('',(1.,0.,-0.));
#356 = ADVANCED_FACE('',(#357),#368,.T.);
#357 = FACE_BOUND('',#358,.T.);
#358 = EDGE_LOOP('',(#359,#360,#361,#362));
#359 = ORIENTED_EDGE('',*,*,#281,.F.);
#360 = ORIENTED_EDGE('',*,*,#174,.T.);
#361 = ORIENTED_EDGE('',*,*,#336,.T.);
#362 = ORIENTED_EDGE('',*,*,#363,.T.);
#363 = EDGE_CURVE('',#337,#282,#364,.T.);
#364 = LINE('',#365,#366);
#365 = CARTESIAN_POINT('',(-3.3,0.169,0.24));
#366 = VECTOR('',#367,1.);
#367 = DIRECTION('',(0.,0.,1.));
#368 = PLANE('',#369);
#369 = AXIS2_PLACEMENT_3D('',#370,#371,#372);
#370 = CARTESIAN_POINT('',(-3.3,-2.181,0.24));
#371 = DIRECTION('',(1.,0.,-0.));
#372 = DIRECTION('',(0.,0.,1.));
#373 = ADVANCED_FACE('',(#374),#380,.F.);
#374 = FACE_BOUND('',#375,.F.);
#375 = EDGE_LOOP('',(#376,#377,#378,#379));
#376 = ORIENTED_EDGE('',*,*,#346,.F.);
#377 = ORIENTED_EDGE('',*,*,#363,.T.);
#378 = ORIENTED_EDGE('',*,*,#298,.T.);
#379 = ORIENTED_EDGE('',*,*,#322,.F.);
#380 = PLANE('',#381);
#381 = AXIS2_PLACEMENT_3D('',#382,#383,#384);
#382 = CARTESIAN_POINT('',(-3.3,0.169,0.24));
#383 = DIRECTION('',(-0.,1.,0.));
#384 = DIRECTION('',(0.,0.,1.));
#385 = ( GEOMETRIC_REPRESENTATION_CONTEXT(3) 
GLOBAL_UNCERTAINTY_ASSIGNED_CONTEXT((#389)) GLOBAL_UNIT_ASSIGNED_CONTEXT
((#386,#387,#388)) REPRESENTATION_CONTEXT('Context #1',
  '3D Context with UNIT and UNCERTAINTY') );
#386 = ( LENGTH_UNIT() NAMED_UNIT(*) SI_UNIT(.MILLI.,.METRE.) );
#387 = ( NAMED_UNIT(*) PLANE_ANGLE_UNIT() SI_UNIT($,.RADIAN.) );
#388 = ( NAMED_UNIT(*) SI_UNIT($,.STERADIAN.) SOLID_ANGLE_UNIT() );
#389 = UNCERTAINTY_MEASURE_WITH_UNIT(LENGTH_MEASURE(1.E-07),#386,
  'distance_accuracy_value','confusion accuracy');
#390 = CONTEXT_DEPENDENT_SHAPE_REPRESENTATION(#391,#393);
#391 = ( REPRESENTATION_RELATIONSHIP('','',#92,#10) 
REPRESENTATION_RELATIONSHIP_WITH_TRANSFORMATION(#392) 
SHAPE_REPRESENTATION_RELATIONSHIP() );
#392 = ITEM_DEFINED_TRANSFORMATION('','',#11,#15);
#393 = PRODUCT_DEFINITION_SHAPE('Placement','Placement of an item',#394
  );
#394 = NEXT_ASSEMBLY_USAGE_OCCURRENCE('1','Housing','',#5,#87,$);
#395 = PRODUCT_RELATED_PRODUCT_CATEGORY('part',$,(#89));
#396 = SHAPE_DEFINITION_REPRESENTATION(#397,#403);
#397 = PRODUCT_DEFINITION_SHAPE('','',#398);
#398 = PRODUCT_DEFINITION('design','',#399,#402);
#399 = PRODUCT_DEFINITION_FORMATION('','',#400);
#400 = PRODUCT('Latch','Latch','',(#401));
#401 = PRODUCT_CONTEXT('',#2,'mechanical');
#402 = PRODUCT_DEFINITION_CONTEXT('part definition',#2,'design');
#403 = ADVANCED_BREP_SHAPE_REPRESENTATION('',(#11,#404),#554);
#404 = MANIFOLD_SOLID_BREP('',#405);
#405 = CLOSED_SHELL('',(#406,#446,#486,#508,#530,#542));
#406 = ADVANCED_FACE('',(#407),#441,.F.);
#407 = FACE_BOUND('',#408,.F.);
#408 = EDGE_LOOP('',(#409,#419,#427,#435));
#409 = ORIENTED_EDGE('',*,*,#410,.F.);
#410 = EDGE_CURVE('',#411,#413,#415,.T.);
#411 = VERTEX_POINT('',#412);
#412 = CARTESIAN_POINT('',(-3.7,-2.18,0.78));
#413 = VERTEX_POINT('',#414);
#414 = CARTESIAN_POINT('',(-3.7,-2.18,1.));
#415 = LINE('',#416,#417);
#416 = CARTESIAN_POINT('',(-3.7,-2.18,0.78));
#417 = VECTOR('',#418,1.);
#418 = DIRECTION('',(0.,0.,1.));
#419 = ORIENTED_EDGE('',*,*,#420,.T.);
#420 = EDGE_CURVE('',#411,#421,#423,.T.);
#421 = VERTEX_POINT('',#422);
#422 = CARTESIAN_POINT('',(-3.7,-1.63,0.78));
#423 = LINE('',#424,#425);
#424 = CARTESIAN_POINT('',(-3.7,-2.18,0.78));
#425 = VECTOR('',#426,1.);
#426 = DIRECTION('',(-0.,1.,0.));
#427 = ORIENTED_EDGE('',*,*,#428,.T.);
#428 = EDGE_CURVE('',#421,#429,#431,.T.);
#429 = VERTEX_POINT('',#430);
#430 = CARTESIAN_POINT('',(-3.7,-1.63,1.));
#431 = LINE('',#432,#433);
#432 = CARTESIAN_POINT('',(-3.7,-1.63,0.78));
#433 = VECTOR('',#434,1.);
#434 = DIRECTION('',(0.,0.,1.));
#435 = ORIENTED_EDGE('',*,*,#436,.F.);
#436 = EDGE_CURVE('',#413,#429,#437,.T.);
#437 = LINE('',#438,#439);
#438 = CARTESIAN_POINT('',(-3.7,-2.18,1.));
#439 = VECTOR('',#440,1.);
#440 = DIRECTION('',(-0.,1.,0.));
#441 = PLANE('',#442);
#442 = AXIS2_PLACEMENT_3D('',#443,#444,#445);
#443 = CARTESIAN_POINT('',(-3.7,-2.18,0.78));
#444 = DIRECTION('',(1.,0.,-0.));
#445 = DIRECTION('',(0.,0.,1.));
#446 = ADVANCED_FACE('',(#447),#481,.T.);
#447 = FACE_BOUND('',#448,.T.);
#448 = EDGE_LOOP('',(#449,#459,#467,#475));
#449 = ORIENTED_EDGE('',*,*,#450,.F.);
#450 = EDGE_CURVE('',#451,#453,#455,.T.);
#451 = VERTEX_POINT('',#452);
#452 = CARTESIAN_POINT('',(3.7,-2.18,0.78));
#453 = VERTEX_POINT('',#454);
#454 = CARTESIAN_POINT('',(3.7,-2.18,1.));
#455 = LINE('',#456,#457);
#456 = CARTESIAN_POINT('',(3.7,-2.18,0.78));
#457 = VECTOR('',#458,1.);
#458 = DIRECTION('',(0.,0.,1.));
#459 = ORIENTED_EDGE('',*,*,#460,.T.);
#460 = EDGE_CURVE('',#451,#461,#463,.T.);
#461 = VERTEX_POINT('',#462);
#462 = CARTESIAN_POINT('',(3.7,-1.63,0.78));
#463 = LINE('',#464,#465);
#464 = CARTESIAN_POINT('',(3.7,-2.18,0.78));
#465 = VECTOR('',#466,1.);
#466 = DIRECTION('',(-0.,1.,0.));
#467 = ORIENTED_EDGE('',*,*,#468,.T.);
#468 = EDGE_CURVE('',#461,#469,#471,.T.);
#469 = VERTEX_POINT('',#470);
#470 = CARTESIAN_POINT('',(3.7,-1.63,1.));
#471 = LINE('',#472,#473);
#472 = CARTESIAN_POINT('',(3.7,-1.63,0.78));
#473 = VECTOR('',#474,1.);
#474 = DIRECTION('',(0.,0.,1.));
#475 = ORIENTED_EDGE('',*,*,#476,.F.);
#476 = EDGE_CURVE('',#453,#469,#477,.T.);
#477 = LINE('',#478,#479);
#478 = CARTESIAN_POINT('',(3.7,-2.18,1.));
#479 = VECTOR('',#480,1.);
#480 = DIRECTION('',(-0.,1.,0.));
#481 = PLANE('',#482);
#482 = AXIS2_PLACEMENT_3D('',#483,#484,#485);
#483 = CARTESIAN_POINT('',(3.7,-2.18,0.78));
#484 = DIRECTION('',(1.,0.,-0.));
#485 = DIRECTION('',(0.,0.,1.));
#486 = ADVANCED_FACE('',(#487),#503,.F.);
#487 = FACE_BOUND('',#488,.F.);
#488 = EDGE_LOOP('',(#489,#495,#496,#502));
#489 = ORIENTED_EDGE('',*,*,#490,.F.);
#490 = EDGE_CURVE('',#411,#451,#491,.T.);
#491 = LINE('',#492,#493);
#492 = CARTESIAN_POINT('',(-3.7,-2.18,0.78));
#493 = VECTOR('',#494,1.);
#494 = DIRECTION('',(1.,0.,-0.));
#495 = ORIENTED_EDGE('',*,*,#410,.T.);
#496 = ORIENTED_EDGE('',*,*,#497,.T.);
#497 = EDGE_CURVE('',#413,#453,#498,.T.);
#498 = LINE('',#499,#500);
#499 = CARTESIAN_POINT('',(-3.7,-2.18,1.));
#500 = VECTOR('',#501,1.);
#501 = DIRECTION('',(1.,0.,-0.));
#502 = ORIENTED_EDGE('',*,*,#450,.F.);
#503 = PLANE('',#504);
#504 = AXIS2_PLACEMENT_3D('',#505,#506,#507);
#505 = CARTESIAN_POINT('',(-3.7,-2.18,0.78));
#506 = DIRECTION('',(-0.,1.,0.));
#507 = DIRECTION('',(0.,0.,1.));
#508 = ADVANCED_FACE('',(#509),#525,.T.);
#509 = FACE_BOUND('',#510,.T.);
#510 = EDGE_LOOP('',(#511,#517,#518,#524));
#511 = ORIENTED_EDGE('',*,*,#512,.F.);
#512 = EDGE_CURVE('',#421,#461,#513,.T.);
#513 = LINE('',#514,#515);
#514 = CARTESIAN_POINT('',(-3.7,-1.63,0.78));
#515 = VECTOR('',#516,1.);
#516 = DIRECTION('',(1.,0.,-0.));
#517 = ORIENTED_EDGE('',*,*,#428,.T.);
#518 = ORIENTED_EDGE('',*,*,#519,.T.);
#519 = EDGE_CURVE('',#429,#469,#520,.T.);
#520 = LINE('',#521,#522);
#521 = CARTESIAN_POINT('',(-3.7,-1.63,1.));
#522 = VECTOR('',#523,1.);
#523 = DIRECTION('',(1.,0.,-0.));
#524 = ORIENTED_EDGE('',*,*,#468,.F.);
#525 = PLANE('',#526);
#526 = AXIS2_PLACEMENT_3D('',#527,#528,#529);
#527 = CARTESIAN_POINT('',(-3.7,-1.63,0.78));
#528 = DIRECTION('',(-0.,1.,0.));
#529 = DIRECTION('',(0.,0.,1.));
#530 = ADVANCED_FACE('',(#531),#537,.F.);
#531 = FACE_BOUND('',#532,.F.);
#532 = EDGE_LOOP('',(#533,#534,#535,#536));
#533 = ORIENTED_EDGE('',*,*,#420,.F.);
#534 = ORIENTED_EDGE('',*,*,#490,.T.);
#535 = ORIENTED_EDGE('',*,*,#460,.T.);
#536 = ORIENTED_EDGE('',*,*,#512,.F.);
#537 = PLANE('',#538);
#538 = AXIS2_PLACEMENT_3D('',#539,#540,#541);
#539 = CARTESIAN_POINT('',(-3.7,-2.18,0.78));
#540 = DIRECTION('',(0.,0.,1.));
#541 = DIRECTION('',(1.,0.,-0.));
#542 = ADVANCED_FACE('',(#543),#549,.T.);
#543 = FACE_BOUND('',#544,.T.);
#544 = EDGE_LOOP('',(#545,#546,#547,#548));
#545 = ORIENTED_EDGE('',*,*,#436,.F.);
#546 = ORIENTED_EDGE('',*,*,#497,.T.);
#547 = ORIENTED_EDGE('',*,*,#476,.T.);
#548 = ORIENTED_EDGE('',*,*,#519,.F.);
#549 = PLANE('',#550);
#550 = AXIS2_PLACEMENT_3D('',#551,#552,#553);
#551 = CARTESIAN_POINT('',(-3.7,-2.18,1.));
#552 = DIRECTION('',(0.,0.,1.));
#553 = DIRECTION('',(1.,0.,-0.));
#554 = ( GEOMETRIC_REPRESENTATION_CONTEXT(3) 
GLOBAL_UNCERTAINTY_ASSIGNED_CONTEXT((#558)) GLOBAL_UNIT_ASSIGNED_CONTEXT
((#555,#556,#557)) REPRESENTATION_CONTEXT('Context #1',
  '3D Context with UNIT and UNCERTAINTY') );
#555 = ( LENGTH_UNIT() NAMED_UNIT(*) SI_UNIT(.MILLI.,.METRE.) );
#556 = ( NAMED_UNIT(*) PLANE_ANGLE_UNIT() SI_UNIT($,.RADIAN.) );
#557 = ( NAMED_UNIT(*) SI_UNIT($,.STERADIAN.) SOLID_ANGLE_UNIT() );
#558 = UNCERTAINTY_MEASURE_WITH_UNIT(LENGTH_MEASURE(1.E-07),#555,
  'distance_accuracy_value','confusion accuracy');
#559 = CONTEXT_DEPENDENT_SHAPE_REPRESENTATION(#560,#562);
#560 = ( REPRESENTATION_RELATIONSHIP('','',#403,#10) 
REPRESENTATION_RELATIONSHIP_WITH_TRANSFORMATION(#561) 
SHAPE_REPRESENTATION_RELATIONSHIP() );
#561 = ITEM_DEFINED_TRANSFORMATION('','',#11,#19);
#562 = PRODUCT_DEFINITION_SHAPE('Placement','Placement of an item',#563
  );
#563 = NEXT_ASSEMBLY_USAGE_OCCURRENCE('2','Latch','',#5,#398,$);
#564 = PRODUCT_RELATED_PRODUCT_CATEGORY('part',$,(#400));
#565 = SHAPE_DEFINITION_REPRESENTATION(#566,#572);
#566 = PRODUCT_DEFINITION_SHAPE('','',#567);
#567 = PRODUCT_DEFINITION('design','',#568,#571);
#568 = PRODUCT_DEFINITION_FORMATION('','',#569);
#569 = PRODUCT('Pin1','Pin1','',(#570));
#570 = PRODUCT_CONTEXT('',#2,'mechanical');
#571 = PRODUCT_DEFINITION_CONTEXT('part definition',#2,'design');
#572 = ADVANCED_BREP_SHAPE_REPRESENTATION('',(#11,#573),#723);
#573 = MANIFOLD_SOLID_BREP('',#574);
#574 = CLOSED_SHELL('',(#575,#615,#655,#677,#699,#711));
#575 = ADVANCED_FACE('',(#576),#610,.F.);
#576 = FACE_BOUND('',#577,.F.);
#577 = EDGE_LOOP('',(#578,#588,#596,#604));
#578 = ORIENTED_EDGE('',*,*,#579,.F.);
#579 = EDGE_CURVE('',#580,#582,#584,.T.);
#580 = VERTEX_POINT('',#581);
#581 = CARTESIAN_POINT('',(2.6,1.08,0.));
#582 = VERTEX_POINT('',#583);
#583 = CARTESIAN_POINT('',(2.6,1.08,8.E-02));
#584 = LINE('',#585,#586);
#585 = CARTESIAN_POINT('',(2.6,1.08,0.));
#586 = VECTOR('',#587,1.);
#587 = DIRECTION('',(0.,0.,1.));
#588 = ORIENTED_EDGE('',*,*,#589,.T.);
#589 = EDGE_CURVE('',#580,#590,#592,.T.);
#590 = VERTEX_POINT('',#591);
#591 = CARTESIAN_POINT('',(2.6,1.73,0.));
#592 = LINE('',#593,#594);
#593 = CARTESIAN_POINT('',(2.6,1.08,0.));
#594 = VECTOR('',#595,1.);
#595 = DIRECTION('',(-0.,1.,0.));
#596 = ORIENTED_EDGE('',*,*,#597,.T.);
#597 = EDGE_CURVE('',#590,#598,#600,.T.);
#598 = VERTEX_POINT('',#599);
#599 = CARTESIAN_POINT('',(2.6,1.73,8.E-02));
#600 = LINE('',#601,#602);
#601 = CARTESIAN_POINT('',(2.6,1.73,0.));
#602 = VECTOR('',#603,1.);
#603 = DIRECTION('',(0.,0.,1.));
#604 = ORIENTED_EDGE('',*,*,#605,.F.);
#605 = EDGE_CURVE('',#582,#598,#606,.T.);
#606 = LINE('',#607,#608);
#607 = CARTESIAN_POINT('',(2.6,1.08,8.E-02));
#608 = VECTOR('',#609,1.);
#609 = DIRECTION('',(-0.,1.,0.));
#610 = PLANE('',#611);
#611 = AXIS2_PLACEMENT_3D('',#612,#613,#614);
#612 = CARTESIAN_POINT('',(2.6,1.08,0.));
#613 = DIRECTION('',(1.,0.,-0.));
#614 = DIRECTION('',(0.,0.,1.));
#615 = ADVANCED_FACE('',(#616),#650,.T.);
#616 = FACE_BOUND('',#617,.T.);
#617 = EDGE_LOOP('',(#618,#628,#636,#644));
#618 = ORIENTED_EDGE('',*,*,#619,.F.);
#619 = EDGE_CURVE('',#620,#622,#624,.T.);
#620 = VERTEX_POINT('',#621);
#621 = CARTESIAN_POINT('',(2.9,1.08,0.));
#622 = VERTEX_POINT('',#623);
#623 = CARTESIAN_POINT('',(2.9,1.08,8.E-02));
#624 = LINE('',#625,#626);
#625 = CARTESIAN_POINT('',(2.9,1.08,0.));
#626 = VECTOR('',#627,1.);
#627 = DIRECTION('',(0.,0.,1.));
#628 = ORIENTED_EDGE('',*,*,#629,.T.);
#629 = EDGE_CURVE('',#620,#630,#632,.T.);
#630 = VERTEX_POINT('',#631);
#631 = CARTESIAN_POINT('',(2.9,1.73,0.));
#632 = LINE('',#633,#634);
#633 = CARTESIAN_POINT('',(2.9,1.08,0.));
#634 = VECTOR('',#635,1.);
#635 = DIRECTION('',(-0.,1.,0.));
#636 = ORIENTED_EDGE('',*,*,#637,.T.);
#637 = EDGE_CURVE('',#630,#638,#640,.T.);
#638 = VERTEX_POINT('',#639);
#639 = CARTESIAN_POINT('',(2.9,1.73,8.E-02));
#640 = LINE('',#641,#642);
#641 = CARTESIAN_POINT('',(2.9,1.73,0.));
#642 = VECTOR('',#643,1.);
#643 = DIRECTION('',(0.,0.,1.));
#644 = ORIENTED_EDGE('',*,*,#645,.F.);
#645 = EDGE_CURVE('',#622,#638,#646,.T.);
#646 = LINE('',#647,#648);
#647 = CARTESIAN_POINT('',(2.9,1.08,8.E-02));
#648 = VECTOR('',#649,1.);
#649 = DIRECTION('',(-0.,1.,0.));
#650 = PLANE('',#651);
#651 = AXIS2_PLACEMENT_3D('',#652,#653,#654);
#652 = CARTESIAN_POINT('',(2.9,1.08,0.));
#653 = DIRECTION('',(1.,0.,-0.));
#654 = DIRECTION('',(0.,0.,1.));
#655 = ADVANCED_FACE('',(#656),#672,.F.);
#656 = FACE_BOUND('',#657,.F.);
#657 = EDGE_LOOP('',(#658,#664,#665,#671));
#658 = ORIENTED_EDGE('',*,*,#659,.F.);
#659 = EDGE_CURVE('',#580,#620,#660,.T.);
#660 = LINE('',#661,#662);
#661 = CARTESIAN_POINT('',(2.6,1.08,0.));
#662 = VECTOR('',#663,1.);
#663 = DIRECTION('',(1.,0.,-0.));
#664 = ORIENTED_EDGE('',*,*,#579,.T.);
#665 = ORIENTED_EDGE('',*,*,#666,.T.);
#666 = EDGE_CURVE('',#582,#622,#667,.T.);
#667 = LINE('',#668,#669);
#668 = CARTESIAN_POINT('',(2.6,1.08,8.E-02));
#669 = VECTOR('',#670,1.);
#670 = DIRECTION('',(1.,0.,-0.));
#671 = ORIENTED_EDGE('',*,*,#619,.F.);
#672 = PLANE('',#673);
#673 = AXIS2_PLACEMENT_3D('',#674,#675,#676);
#674 = CARTESIAN_POINT('',(2.6,1.08,0.));
#675 = DIRECTION('',(-0.,1.,0.));
#676 = DIRECTION('',(0.,0.,1.));
#677 = ADVANCED_FACE('',(#678),#694,.T.);
#678 = FACE_BOUND('',#679,.T.);
#679 = EDGE_LOOP('',(#680,#686,#687,#693));
#680 = ORIENTED_EDGE('',*,*,#681,.F.);
#681 = EDGE_CURVE('',#590,#630,#682,.T.);
#682 = LINE('',#683,#684);
#683 = CARTESIAN_POINT('',(2.6,1.73,0.));
#684 = VECTOR('',#685,1.);
#685 = DIRECTION('',(1.,0.,-0.));
#686 = ORIENTED_EDGE('',*,*,#597,.T.);
#687 = ORIENTED_EDGE('',*,*,#688,.T.);
#688 = EDGE_CURVE('',#598,#638,#689,.T.);
#689 = LINE('',#690,#691);
#690 = CARTESIAN_POINT('',(2.6,1.73,8.E-02));
#691 = VECTOR('',#692,1.);
#692 = DIRECTION('',(1.,0.,-0.));
#693 = ORIENTED_EDGE('',*,*,#637,.F.);
#694 = PLANE('',#695);
#695 = AXIS2_PLACEMENT_3D('',#696,#697,#698);
#696 = CARTESIAN_POINT('',(2.6,1.73,0.));
#697 = DIRECTION('',(-0.,1.,0.));
#698 = DIRECTION('',(0.,0.,1.));
#699 = ADVANCED_FACE('',(#700),#706,.F.);
#700 = FACE_BOUND('',#701,.F.);
#701 = EDGE_LOOP('',(#702,#703,#704,#705));
#702 = ORIENTED_EDGE('',*,*,#589,.F.);
#703 = ORIENTED_EDGE('',*,*,#659,.T.);
#704 = ORIENTED_EDGE('',*,*,#629,.T.);
#705 = ORIENTED_EDGE('',*,*,#681,.F.);
#706 = PLANE('',#707);
#707 = AXIS2_PLACEMENT_3D('',#708,#709,#710);
#708 = CARTESIAN_POINT('',(2.6,1.08,0.));
#709 = DIRECTION('',(0.,0.,1.));
#710 = DIRECTION('',(1.,0.,-0.));
#711 = ADVANCED_FACE('',(#712),#718,.T.);
#712 = FACE_BOUND('',#713,.T.);
#713 = EDGE_LOOP('',(#714,#715,#716,#717));
#714 = ORIENTED_EDGE('',*,*,#605,.F.);
#715 = ORIENTED_EDGE('',*,*,#666,.T.);
#716 = ORIENTED_EDGE('',*,*,#645,.T.);
#717 = ORIENTED_EDGE('',*,*,#688,.F.);
#718 = PLANE('',#719);
#719 = AXIS2_PLACEMENT_3D('',#720,#721,#722);
#720 = CARTESIAN_POINT('',(2.6,1.08,8.E-02));
#721 = DIRECTION('',(0.,0.,1.));
#722 = DIRECTION('',(1.,0.,-0.));
#723 = ( GEOMETRIC_REPRESENTATION_CONTEXT(3) 
GLOBAL_UNCERTAINTY_ASSIGNED_CONTEXT((#727)) GLOBAL_UNIT_ASSIGNED_CONTEXT
((#724,#725,#726)) REPRESENTATION_CONTEXT('Context #1',
  '3D Context with UNIT and UNCERTAINTY') );
#724 = ( LENGTH_UNIT() NAMED_UNIT(*) SI_UNIT(.MILLI.,.METRE.) );
#725 = ( NAMED_UNIT(*) PLANE_ANGLE_UNIT() SI_UNIT($,.RADIAN.) );
#726 = ( NAMED_UNIT(*) SI_UNIT($,.STERADIAN.) SOLID_ANGLE_UNIT() );
#727 = UNCERTAINTY_MEASURE_WITH_UNIT(LENGTH_MEASURE(1.E-07),#724,
  'distance_accuracy_value','confusion accuracy');
#728 = CONTEXT_DEPENDENT_SHAPE_REPRESENTATION(#729,#731);
#729 = ( REPRESENTATION_RELATIONSHIP('','',#572,#10) 
REPRESENTATION_RELATIONSHIP_WITH_TRANSFORMATION(#730) 
SHAPE_REPRESENTATION_RELATIONSHIP() );
#730 = ITEM_DEFINED_TRANSFORMATION('','',#11,#23);
#731 = PRODUCT_DEFINITION_SHAPE('Placement','Placement of an item',#732
  );
#732 = NEXT_ASSEMBLY_USAGE_OCCURRENCE('3','Pin1','',#5,#567,$);
#733 = PRODUCT_RELATED_PRODUCT_CATEGORY('part',$,(#569));
#734 = SHAPE_DEFINITION_REPRESENTATION(#735,#741);
#735 = PRODUCT_DEFINITION_SHAPE('','',#736);
#736 = PRODUCT_DEFINITION('design','',#737,#740);
#737 = PRODUCT_DEFINITION_FORMATION('','',#738);
#738 = PRODUCT('Pin2','Pin2','',(#739));
#739 = PRODUCT_CONTEXT('',#2,'mechanical');
#740 = PRODUCT_DEFINITION_CONTEXT('part definition',#2,'design');
#741 = ADVANCED_BREP_SHAPE_REPRESENTATION('',(#11,#742),#892);
#742 = MANIFOLD_SOLID_BREP('',#743);
#743 = CLOSED_SHELL('',(#744,#784,#824,#846,#868,#880));
#744 = ADVANCED_FACE('',(#745),#779,.F.);
#745 = FACE_BOUND('',#746,.F.);
#746 = EDGE_LOOP('',(#747,#757,#765,#773));
#747 = ORIENTED_EDGE('',*,*,#748,.F.);
#748 = EDGE_CURVE('',#749,#751,#753,.T.);
#749 = VERTEX_POINT('',#750);
#750 = CARTESIAN_POINT('',(2.1,1.08,0.));
#751 = VERTEX_POINT('',#752);
#752 = CARTESIAN_POINT('',(2.1,1.08,8.E-02));
#753 = LINE('',#754,#755);
#754 = CARTESIAN_POINT('',(2.1,1.08,0.));
#755 = VECTOR('',#756,1.);
#756 = DIRECTION('',(0.,0.,1.));
#757 = ORIENTED_EDGE('',*,*,#758,.T.);
#758 = EDGE_CURVE('',#749,#759,#761,.T.);
#759 = VERTEX_POINT('',#760);
#760 = CARTESIAN_POINT('',(2.1,1.73,0.));
#761 = LINE('',#762,#763);
#762 = CARTESIAN_POINT('',(2.1,1.08,0.));
#763 = VECTOR('',#764,1.);
#764 = DIRECTION('',(-0.,1.,0.));
#765 = ORIENTED_EDGE('',*,*,#766,.T.);
#766 = EDGE_CURVE('',#759,#767,#769,.T.);
#767 = VERTEX_POINT('',#768);
#768 = CARTESIAN_POINT('',(2.1,1.73,8.E-02));
#769 = LINE('',#770,#771);
#770 = CARTESIAN_POINT('',(2.1,1.73,0.));
#771 = VECTOR('',#772,1.);
#772 = DIRECTION('',(0.,0.,1.));
#773 = ORIENTED_EDGE('',*,*,#774,.F.);
#774 = EDGE_CURVE('',#751,#767,#775,.T.);
#775 = LINE('',#776,#777);
#776 = CARTESIAN_POINT('',(2.1,1.08,8.E-02));
#777 = VECTOR('',#778,1.);
#778 = DIRECTION('',(-0.,1.,0.));
#779 = PLANE('',#780);
#780 = AXIS2_PLACEMENT_3D('',#781,#782,#783);
#781 = CARTESIAN_POINT('',(2.1,1.08,0.));
#782 = DIRECTION('',(1.,0.,-0.));
#783 = DIRECTION('',(0.,0.,1.));
#784 = ADVANCED_FACE('',(#785),#819,.T.);
#785 = FACE_BOUND('',#786,.T.);
#786 = EDGE_LOOP('',(#787,#797,#805,#813));
#787 = ORIENTED_EDGE('',*,*,#788,.F.);
#788 = EDGE_CURVE('',#789,#791,#793,.T.);
#789 = VERTEX_POINT('',#790);
#790 = CARTESIAN_POINT('',(2.4,1.08,0.));
#791 = VERTEX_POINT('',#792);
#792 = CARTESIAN_POINT('',(2.4,1.08,8.E-02));
#793 = LINE('',#794,#795);
#794 = CARTESIAN_POINT('',(2.4,1.08,0.));
#795 = VECTOR('',#796,1.);
#796 = DIRECTION('',(0.,0.,1.));
#797 = ORIENTED_EDGE('',*,*,#798,.T.);
#798 = EDGE_CURVE('',#789,#799,#801,.T.);
#799 = VERTEX_POINT('',#800);
#800 = CARTESIAN_POINT('',(2.4,1.73,0.));
#801 = LINE('',#802,#803);
#802 = CARTESIAN_POINT('',(2.4,1.08,0.));
#803 = VECTOR('',#804,1.);
#804 = DIRECTION('',(-0.,1.,0.));
#805 = ORIENTED_EDGE('',*,*,#806,.T.);
#806 = EDGE_CURVE('',#799,#807,#809,.T.);
#807 = VERTEX_POINT('',#808);
#808 = CARTESIAN_POINT('',(2.4,1.73,8.E-02));
#809 = LINE('',#810,#811);
#810 = CARTESIAN_POINT('',(2.4,1.73,0.));
#811 = VECTOR('',#812,1.);
#812 = DIRECTION('',(0.,0.,1.));
#813 = ORIENTED_EDGE('',*,*,#814,.F.);
#814 = EDGE_CURVE('',#791,#807,#815,.T.);
#815 = LINE('',#816,#817);
#816 = CARTESIAN_POINT('',(2.4,1.08,8.E-02));
#817 = VECTOR('',#818,1.);
#818 = DIRECTION('',(-0.,1.,0.));
#819 = PLANE('',#820);
#820 = AXIS2_PLACEMENT_3D('',#821,#822,#823);
#821 = CARTESIAN_POINT('',(2.4,1.08,0.));
#822 = DIRECTION('',(1.,0.,-0.));
#823 = DIRECTION('',(0.,0.,1.));
#824 = ADVANCED_FACE('',(#825),#841,.F.);
#825 = FACE_BOUND('',#826,.F.);
#826 = EDGE_LOOP('',(#827,#833,#834,#840));
#827 = ORIENTED_EDGE('',*,*,#828,.F.);
#828 = EDGE_CURVE('',#749,#789,#829,.T.);
#829 = LINE('',#830,#831);
#830 = CARTESIAN_POINT('',(2.1,1.08,0.));
#831 = VECTOR('',#832,1.);
#832 = DIRECTION('',(1.,0.,-0.));
#833 = ORIENTED_EDGE('',*,*,#748,.T.);
#834 = ORIENTED_EDGE('',*,*,#835,.T.);
#835 = EDGE_CURVE('',#751,#791,#836,.T.);
#836 = LINE('',#837,#838);
#837 = CARTESIAN_POINT('',(2.1,1.08,8.E-02));
#838 = VECTOR('',#839,1.);
#839 = DIRECTION('',(1.,0.,-0.));
#840 = ORIENTED_EDGE('',*,*,#788,.F.);
#841 = PLANE('',#842);
#842 = AXIS2_PLACEMENT_3D('',#843,#844,#845);
#843 = CARTESIAN_POINT('',(2.1,1.08,0.));
#844 = DIRECTION('',(-0.,1.,0.));
#845 = DIRECTION('',(0.,0.,1.));
#846 = ADVANCED_FACE('',(#847),#863,.T.);
#847 = FACE_BOUND('',#848,.T.);
#848 = EDGE_LOOP('',(#849,#855,#856,#862));
#849 = ORIENTED_EDGE('',*,*,#850,.F.);
#850 = EDGE_CURVE('',#759,#799,#851,.T.);
#851 = LINE('',#852,#853);
#852 = CARTESIAN_POINT('',(2.1,1.73,0.));
#853 = VECTOR('',#854,1.);
#854 = DIRECTION('',(1.,0.,-0.));
#855 = ORIENTED_EDGE('',*,*,#766,.T.);
#856 = ORIENTED_EDGE('',*,*,#857,.T.);
#857 = EDGE_CURVE('',#767,#807,#858,.T.);
#858 = LINE('',#859,#860);
#859 = CARTESIAN_POINT('',(2.1,1.73,8.E-02));
#860 = VECTOR('',#861,1.);
#861 = DIRECTION('',(1.,0.,-0.));
#862 = ORIENTED_EDGE('',*,*,#806,.F.);
#863 = PLANE('',#864);
#864 = AXIS2_PLACEMENT_3D('',#865,#866,#867);
#865 = CARTESIAN_POINT('',(2.1,1.73,0.));
#866 = DIRECTION('',(-0.,1.,0.));
#867 = DIRECTION('',(0.,0.,1.));
#868 = ADVANCED_FACE('',(#869),#875,.F.);
#869 = FACE_BOUND('',#870,.F.);
#870 = EDGE_LOOP('',(#871,#872,#873,#874));
#871 = ORIENTED_EDGE('',*,*,#758,.F.);
#872 = ORIENTED_EDGE('',*,*,#828,.T.);
#873 = ORIENTED_EDGE('',*,*,#798,.T.);
#874 = ORIENTED_EDGE('',*,*,#850,.F.);
#875 = PLANE('',#876);
#876 = AXIS2_PLACEMENT_3D('',#877,#878,#879);
#877 = CARTESIAN_POINT('',(2.1,1.08,0.));
#878 = DIRECTION('',(0.,0.,1.));
#879 = DIRECTION('',(1.,0.,-0.));
#880 = ADVANCED_FACE('',(#881),#887,.T.);
#881 = FACE_BOUND('',#882,.T.);
#882 = EDGE_LOOP('',(#883,#884,#885,#886));
#883 = ORIENTED_EDGE('',*,*,#774,.F.);
#884 = ORIENTED_EDGE('',*,*,#835,.T.);
#885 = ORIENTED_EDGE('',*,*,#814,.T.);
#886 = ORIENTED_EDGE('',*,*,#857,.F.);
#887 = PLANE('',#888);
#888 = AXIS2_PLACEMENT_3D('',#889,#890,#891);
#889 = CARTESIAN_POINT('',(2.1,1.08,8.E-02));
#890 = DIRECTION('',(0.,0.,1.));
#891 = DIRECTION('',(1.,0.,-0.));
#892 = ( GEOMETRIC_REPRESENTATION_CONTEXT(3) 
GLOBAL_UNCERTAINTY_ASSIGNED_CONTEXT((#896)) GLOBAL_UNIT_ASSIGNED_CONTEXT
((#893,#894,#895)) REPRESENTATION_CONTEXT('Context #1',
  '3D Context with UNIT and UNCERTAINTY') );
#893 = ( LENGTH_UNIT() NAMED_UNIT(*) SI_UNIT(.MILLI.,.METRE.) );
#894 = ( NAMED_UNIT(*) PLANE_ANGLE_UNIT() SI_UNIT($,.RADIAN.) );
#895 = ( NAMED_UNIT(*) SI_UNIT($,.STERADIAN.) SOLID_ANGLE_UNIT() );
#896 = UNCERTAINTY_MEASURE_WITH_UNIT(LENGTH_MEASURE(1.E-07),#893,
  'distance_accuracy_value','confusion accuracy');
#897 = CONTEXT_DEPENDENT_SHAPE_REPRESENTATION(#898,#900);
#898 = ( REPRESENTATION_RELATIONSHIP('','',#741,#10) 
REPRESENTATION_RELATIONSHIP_WITH_TRANSFORMATION(#899) 
SHAPE_REPRESENTATION_RELATIONSHIP() );
#899 = ITEM_DEFINED_TRANSFORMATION('','',#11,#27);
#900 = PRODUCT_DEFINITION_SHAPE('Placement','Placement of an item',#901
  );
#901 = NEXT_ASSEMBLY_USAGE_OCCURRENCE('4','Pin2','',#5,#736,$);
#902 = PRODUCT_RELATED_PRODUCT_CATEGORY('part',$,(#738));
#903 = SHAPE_DEFINITION_REPRESENTATION(#904,#910);
#904 = PRODUCT_DEFINITION_SHAPE('','',#905);
#905 = PRODUCT_DEFINITION('design','',#906,#909);
#906 = PRODUCT_DEFINITION_FORMATION('','',#907);
#907 = PRODUCT('Pin3','Pin3','',(#908));
#908 = PRODUCT_CONTEXT('',#2,'mechanical');
#909 = PRODUCT_DEFINITION_CONTEXT('part definition',#2,'design');
#910 = ADVANCED_BREP_SHAPE_REPRESENTATION('',(#11,#911),#1061);
#911 = MANIFOLD_SOLID_BREP('',#912);
#912 = CLOSED_SHELL('',(#913,#953,#993,#1015,#1037,#1049));
#913 = ADVANCED_FACE('',(#914),#948,.F.);
#914 = FACE_BOUND('',#915,.F.);
#915 = EDGE_LOOP('',(#916,#926,#934,#942));
#916 = ORIENTED_EDGE('',*,*,#917,.F.);
#917 = EDGE_CURVE('',#918,#920,#922,.T.);
#918 = VERTEX_POINT('',#919);
#919 = CARTESIAN_POINT('',(1.6,1.08,0.));
#920 = VERTEX_POINT('',#921);
#921 = CARTESIAN_POINT('',(1.6,1.08,8.E-02));
#922 = LINE('',#923,#924);
#923 = CARTESIAN_POINT('',(1.6,1.08,0.));
#924 = VECTOR('',#925,1.);
#925 = DIRECTION('',(0.,0.,1.));
#926 = ORIENTED_EDGE('',*,*,#927,.T.);
#927 = EDGE_CURVE('',#918,#928,#930,.T.);
#928 = VERTEX_POINT('',#929);
#929 = CARTESIAN_POINT('',(1.6,1.73,0.));
#930 = LINE('',#931,#932);
#931 = CARTESIAN_POINT('',(1.6,1.08,0.));
#932 = VECTOR('',#933,1.);
#933 = DIRECTION('',(-0.,1.,0.));
#934 = ORIENTED_EDGE('',*,*,#935,.T.);
#935 = EDGE_CURVE('',#928,#936,#938,.T.);
#936 = VERTEX_POINT('',#937);
#937 = CARTESIAN_POINT('',(1.6,1.73,8.E-02));
#938 = LINE('',#939,#940);
#939 = CARTESIAN_POINT('',(1.6,1.73,0.));
#940 = VECTOR('',#941,1.);
#941 = DIRECTION('',(0.,0.,1.));
#942 = ORIENTED_EDGE('',*,*,#943,.F.);
#943 = EDGE_CURVE('',#920,#936,#944,.T.);
#944 = LINE('',#945,#946);
#945 = CARTESIAN_POINT('',(1.6,1.08,8.E-02));
#946 = VECTOR('',#947,1.);
#947 = DIRECTION('',(-0.,1.,0.));
#948 = PLANE('',#949);
#949 = AXIS2_PLACEMENT_3D('',#950,#951,#952);
#950 = CARTESIAN_POINT('',(1.6,1.08,0.));
#951 = DIRECTION('',(1.,0.,-0.));
#952 = DIRECTION('',(0.,0.,1.));
#953 = ADVANCED_FACE('',(#954),#988,.T.);
#954 = FACE_BOUND('',#955,.T.);
#955 = EDGE_LOOP('',(#956,#966,#974,#982));
#956 = ORIENTED_EDGE('',*,*,#957,.F.);
#957 = EDGE_CURVE('',#958,#960,#962,.T.);
#958 = VERTEX_POINT('',#959);
#959 = CARTESIAN_POINT('',(1.9,1.08,0.));
#960 = VERTEX_POINT('',#961);
#961 = CARTESIAN_POINT('',(1.9,1.08,8.E-02));
#962 = LINE('',#963,#964);
#963 = CARTESIAN_POINT('',(1.9,1.08,0.));
#964 = VECTOR('',#965,1.);
#965 = DIRECTION('',(0.,0.,1.));
#966 = ORIENTED_EDGE('',*,*,#967,.T.);
#967 = EDGE_CURVE('',#958,#968,#970,.T.);
#968 = VERTEX_POINT('',#969);
#969 = CARTESIAN_POINT('',(1.9,1.73,0.));
#970 = LINE('',#971,#972);
#971 = CARTESIAN_POINT('',(1.9,1.08,0.));
#972 = VECTOR('',#973,1.);
#973 = DIRECTION('',(-0.,1.,0.));
#974 = ORIENTED_EDGE('',*,*,#975,.T.);
#975 = EDGE_CURVE('',#968,#976,#978,.T.);
#976 = VERTEX_POINT('',#977);
#977 = CARTESIAN_POINT('',(1.9,1.73,8.E-02));
#978 = LINE('',#979,#980);
#979 = CARTESIAN_POINT('',(1.9,1.73,0.));
#980 = VECTOR('',#981,1.);
#981 = DIRECTION('',(0.,0.,1.));
#982 = ORIENTED_EDGE('',*,*,#983,.F.);
#983 = EDGE_CURVE('',#960,#976,#984,.T.);
#984 = LINE('',#985,#986);
#985 = CARTESIAN_POINT('',(1.9,1.08,8.E-02));
#986 = VECTOR('',#987,1.);
#987 = DIRECTION('',(-0.,1.,0.));
#988 = PLANE('',#989);
#989 = AXIS2_PLACEMENT_3D('',#990,#991,#992);
#990 = CARTESIAN_POINT('',(1.9,1.08,0.));
#991 = DIRECTION('',(1.,0.,-0.));
#992 = DIRECTION('',(0.,0.,1.));
#993 = ADVANCED_FACE('',(#994),#1010,.F.);
#994 = FACE_BOUND('',#995,.F.);
#995 = EDGE_LOOP('',(#996,#1002,#1003,#1009));
#996 = ORIENTED_EDGE('',*,*,#997,.F.);
#997 = EDGE_CURVE('',#918,#958,#998,.T.);
#998 = LINE('',#999,#1000);
#999 = CARTESIAN_POINT('',(1.6,1.08,0.));
#1000 = VECTOR('',#1001,1.);
#1001 = DIRECTION('',(1.,0.,-0.));
#1002 = ORIENTED_EDGE('',*,*,#917,.T.);
#1003 = ORIENTED_EDGE('',*,*,#1004,.T.);
#1004 = EDGE_CURVE('',#920,#960,#1005,.T.);
#1005 = LINE('',#1006,#1007);
#1006 = CARTESIAN_POINT('',(1.6,1.08,8.E-02));
#1007 = VECTOR('',#1008,1.);
#1008 = DIRECTION('',(1.,0.,-0.));
#1009 = ORIENTED_EDGE('',*,*,#957,.F.);
#1010 = PLANE('',#1011);
#1011 = AXIS2_PLACEMENT_3D('',#1012,#1013,#1014);
#1012 = CARTESIAN_POINT('',(1.6,1.08,0.));
#1013 = DIRECTION('',(-0.,1.,0.));
#1014 = DIRECTION('',(0.,0.,1.));
#1015 = ADVANCED_FACE('',(#1016),#1032,.T.);
#1016 = FACE_BOUND('',#1017,.T.);
#1017 = EDGE_LOOP('',(#1018,#1024,#1025,#1031));
#1018 = ORIENTED_EDGE('',*,*,#1019,.F.);
#1019 = EDGE_CURVE('',#928,#968,#1020,.T.);
#1020 = LINE('',#1021,#1022);
#1021 = CARTESIAN_POINT('',(1.6,1.73,0.));
#1022 = VECTOR('',#1023,1.);
#1023 = DIRECTION('',(1.,0.,-0.));
#1024 = ORIENTED_EDGE('',*,*,#935,.T.);
#1025 = ORIENTED_EDGE('',*,*,#1026,.T.);
#1026 = EDGE_CURVE('',#936,#976,#1027,.T.);
#1027 = LINE('',#1028,#1029);
#1028 = CARTESIAN_POINT('',(1.6,1.73,8.E-02));
#1029 = VECTOR('',#1030,1.);
#1030 = DIRECTION('',(1.,0.,-0.));
#1031 = ORIENTED_EDGE('',*,*,#975,.F.);
#1032 = PLANE('',#1033);
#1033 = AXIS2_PLACEMENT_3D('',#1034,#1035,#1036);
#1034 = CARTESIAN_POINT('',(1.6,1.73,0.));
#1035 = DIRECTION('',(-0.,1.,0.));
#1036 = DIRECTION('',(0.,0.,1.));
#1037 = ADVANCED_FACE('',(#1038),#1044,.F.);
#1038 = FACE_BOUND('',#1039,.F.);
#1039 = EDGE_LOOP('',(#1040,#1041,#1042,#1043));
#1040 = ORIENTED_EDGE('',*,*,#927,.F.);
#1041 = ORIENTED_EDGE('',*,*,#997,.T.);
#1042 = ORIENTED_EDGE('',*,*,#967,.T.);
#1043 = ORIENTED_EDGE('',*,*,#1019,.F.);
#1044 = PLANE('',#1045);
#1045 = AXIS2_PLACEMENT_3D('',#1046,#1047,#1048);
#1046 = CARTESIAN_POINT('',(1.6,1.08,0.));
#1047 = DIRECTION('',(0.,0.,1.));
#1048 = DIRECTION('',(1.,0.,-0.));
#1049 = ADVANCED_FACE('',(#1050),#1056,.T.);
#1050 = FACE_BOUND('',#1051,.T.);
#1051 = EDGE_LOOP('',(#1052,#1053,#1054,#1055));
#1052 = ORIENTED_EDGE('',*,*,#943,.F.);
#1053 = ORIENTED_EDGE('',*,*,#1004,.T.);
#1054 = ORIENTED_EDGE('',*,*,#983,.T.);
#1055 = ORIENTED_EDGE('',*,*,#1026,.F.);
#1056 = PLANE('',#1057);
#1057 = AXIS2_PLACEMENT_3D('',#1058,#1059,#1060);
#1058 = CARTESIAN_POINT('',(1.6,1.08,8.E-02));
#1059 = DIRECTION('',(0.,0.,1.));
#1060 = DIRECTION('',(1.,0.,-0.));
#1061 = ( GEOMETRIC_REPRESENTATION_CONTEXT(3) 
GLOBAL_UNCERTAINTY_ASSIGNED_CONTEXT((#1065)) 
GLOBAL_UNIT_ASSIGNED_CONTEXT((#1062,#1063,#1064)) REPRESENTATION_CONTEXT
('Context #1','3D Context with UNIT and UNCERTAINTY') );
#1062 = ( LENGTH_UNIT() NAMED_UNIT(*) SI_UNIT(.MILLI.,.METRE.) );
#1063 = ( NAMED_UNIT(*) PLANE_ANGLE_UNIT() SI_UNIT($,.RADIAN.) );
#1064 = ( NAMED_UNIT(*) SI_UNIT($,.STERADIAN.) SOLID_ANGLE_UNIT() );
#1065 = UNCERTAINTY_MEASURE_WITH_UNIT(LENGTH_MEASURE(1.E-07),#1062,
  'distance_accuracy_value','confusion accuracy');
#1066 = CONTEXT_DEPENDENT_SHAPE_REPRESENTATION(#1067,#1069);
#1067 = ( REPRESENTATION_RELATIONSHIP('','',#910,#10) 
REPRESENTATION_RELATIONSHIP_WITH_TRANSFORMATION(#1068) 
SHAPE_REPRESENTATION_RELATIONSHIP() );
#1068 = ITEM_DEFINED_TRANSFORMATION('','',#11,#31);
#1069 = PRODUCT_DEFINITION_SHAPE('Placement','Placement of an item',
  #1070);
#1070 = NEXT_ASSEMBLY_USAGE_OCCURRENCE('5','Pin3','',#5,#905,$);
#1071 = PRODUCT_RELATED_PRODUCT_CATEGORY('part',$,(#907));
#1072 = SHAPE_DEFINITION_REPRESENTATION(#1073,#1079);
#1073 = PRODUCT_DEFINITION_SHAPE('','',#1074);
#1074 = PRODUCT_DEFINITION('design','',#1075,#1078);
#1075 = PRODUCT_DEFINITION_FORMATION('','',#1076);
#1076 = PRODUCT('Pin4','Pin4','',(#1077));
#1077 = PRODUCT_CONTEXT('',#2,'mechanical');
#1078 = PRODUCT_DEFINITION_CONTEXT('part definition',#2,'design');
#1079 = ADVANCED_BREP_SHAPE_REPRESENTATION('',(#11,#1080),#1230);
#1080 = MANIFOLD_SOLID_BREP('',#1081);
#1081 = CLOSED_SHELL('',(#1082,#1122,#1162,#1184,#1206,#1218));
#1082 = ADVANCED_FACE('',(#1083),#1117,.F.);
#1083 = FACE_BOUND('',#1084,.F.);
#1084 = EDGE_LOOP('',(#1085,#1095,#1103,#1111));
#1085 = ORIENTED_EDGE('',*,*,#1086,.F.);
#1086 = EDGE_CURVE('',#1087,#1089,#1091,.T.);
#1087 = VERTEX_POINT('',#1088);
#1088 = CARTESIAN_POINT('',(1.1,1.08,0.));
#1089 = VERTEX_POINT('',#1090);
#1090 = CARTESIAN_POINT('',(1.1,1.08,8.E-02));
#1091 = LINE('',#1092,#1093);
#1092 = CARTESIAN_POINT('',(1.1,1.08,0.));
#1093 = VECTOR('',#1094,1.);
#1094 = DIRECTION('',(0.,0.,1.));
#1095 = ORIENTED_EDGE('',*,*,#1096,.T.);
#1096 = EDGE_CURVE('',#1087,#1097,#1099,.T.);
#1097 = VERTEX_POINT('',#1098);
#1098 = CARTESIAN_POINT('',(1.1,1.73,0.));
#1099 = LINE('',#1100,#1101);
#1100 = CARTESIAN_POINT('',(1.1,1.08,0.));
#1101 = VECTOR('',#1102,1.);
#1102 = DIRECTION('',(-0.,1.,0.));
#1103 = ORIENTED_EDGE('',*,*,#1104,.T.);
#1104 = EDGE_CURVE('',#1097,#1105,#1107,.T.);
#1105 = VERTEX_POINT('',#1106);
#1106 = CARTESIAN_POINT('',(1.1,1.73,8.E-02));
#1107 = LINE('',#1108,#1109);
#1108 = CARTESIAN_POINT('',(1.1,1.73,0.));
#1109 = VECTOR('',#1110,1.);
#1110 = DIRECTION('',(0.,0.,1.));
#1111 = ORIENTED_EDGE('',*,*,#1112,.F.);
#1112 = EDGE_CURVE('',#1089,#1105,#1113,.T.);
#1113 = LINE('',#1114,#1115);
#1114 = CARTESIAN_POINT('',(1.1,1.08,8.E-02));
#1115 = VECTOR('',#1116,1.);
#1116 = DIRECTION('',(-0.,1.,0.));
#1117 = PLANE('',#1118);
#1118 = AXIS2_PLACEMENT_3D('',#1119,#1120,#1121);
#1119 = CARTESIAN_POINT('',(1.1,1.08,0.));
#1120 = DIRECTION('',(1.,0.,-0.));
#1121 = DIRECTION('',(0.,0.,1.));
#1122 = ADVANCED_FACE('',(#1123),#1157,.T.);
#1123 = FACE_BOUND('',#1124,.T.);
#1124 = EDGE_LOOP('',(#1125,#1135,#1143,#1151));
#1125 = ORIENTED_EDGE('',*,*,#1126,.F.);
#1126 = EDGE_CURVE('',#1127,#1129,#1131,.T.);
#1127 = VERTEX_POINT('',#1128);
#1128 = CARTESIAN_POINT('',(1.4,1.08,0.));
#1129 = VERTEX_POINT('',#1130);
#1130 = CARTESIAN_POINT('',(1.4,1.08,8.E-02));
#1131 = LINE('',#1132,#1133);
#1132 = CARTESIAN_POINT('',(1.4,1.08,0.));
#1133 = VECTOR('',#1134,1.);
#1134 = DIRECTION('',(0.,0.,1.));
#1135 = ORIENTED_EDGE('',*,*,#1136,.T.);
#1136 = EDGE_CURVE('',#1127,#1137,#1139,.T.);
#1137 = VERTEX_POINT('',#1138);
#1138 = CARTESIAN_POINT('',(1.4,1.73,0.));
#1139 = LINE('',#1140,#1141);
#1140 = CARTESIAN_POINT('',(1.4,1.08,0.));
#1141 = VECTOR('',#1142,1.);
#1142 = DIRECTION('',(-0.,1.,0.));
#1143 = ORIENTED_EDGE('',*,*,#1144,.T.);
#1144 = EDGE_CURVE('',#1137,#1145,#1147,.T.);
#1145 = VERTEX_POINT('',#1146);
#1146 = CARTESIAN_POINT('',(1.4,1.73,8.E-02));
#1147 = LINE('',#1148,#1149);
#1148 = CARTESIAN_POINT('',(1.4,1.73,0.));
#1149 = VECTOR('',#1150,1.);
#1150 = DIRECTION('',(0.,0.,1.));
#1151 = ORIENTED_EDGE('',*,*,#1152,.F.);
#1152 = EDGE_CURVE('',#1129,#1145,#1153,.T.);
#1153 = LINE('',#1154,#1155);
#1154 = CARTESIAN_POINT('',(1.4,1.08,8.E-02));
#1155 = VECTOR('',#1156,1.);
#1156 = DIRECTION('',(-0.,1.,0.));
#1157 = PLANE('',#1158);
#1158 = AXIS2_PLACEMENT_3D('',#1159,#1160,#1161);
#1159 = CARTESIAN_POINT('',(1.4,1.08,0.));
#1160 = DIRECTION('',(1.,0.,-0.));
#1161 = DIRECTION('',(0.,0.,1.));
#1162 = ADVANCED_FACE('',(#1163),#1179,.F.);
#1163 = FACE_BOUND('',#1164,.F.);
#1164 = EDGE_LOOP('',(#1165,#1171,#1172,#1178));
#1165 = ORIENTED_EDGE('',*,*,#1166,.F.);
#1166 = EDGE_CURVE('',#1087,#1127,#1167,.T.);
#1167 = LINE('',#1168,#1169);
#1168 = CARTESIAN_POINT('',(1.1,1.08,0.));
#1169 = VECTOR('',#1170,1.);
#1170 = DIRECTION('',(1.,0.,-0.));
#1171 = ORIENTED_EDGE('',*,*,#1086,.T.);
#1172 = ORIENTED_EDGE('',*,*,#1173,.T.);
#1173 = EDGE_CURVE('',#1089,#1129,#1174,.T.);
#1174 = LINE('',#1175,#1176);
#1175 = CARTESIAN_POINT('',(1.1,1.08,8.E-02));
#1176 = VECTOR('',#1177,1.);
#1177 = DIRECTION('',(1.,0.,-0.));
#1178 = ORIENTED_EDGE('',*,*,#1126,.F.);
#1179 = PLANE('',#1180);
#1180 = AXIS2_PLACEMENT_3D('',#1181,#1182,#1183);
#1181 = CARTESIAN_POINT('',(1.1,1.08,0.));
#1182 = DIRECTION('',(-0.,1.,0.));
#1183 = DIRECTION('',(0.,0.,1.));
#1184 = ADVANCED_FACE('',(#1185),#1201,.T.);
#1185 = FACE_BOUND('',#1186,.T.);
#1186 = EDGE_LOOP('',(#1187,#1193,#1194,#1200));
#1187 = ORIENTED_EDGE('',*,*,#1188,.F.);
#1188 = EDGE_CURVE('',#1097,#1137,#1189,.T.);
#1189 = LINE('',#1190,#1191);
#1190 = CARTESIAN_POINT('',(1.1,1.73,0.));
#1191 = VECTOR('',#1192,1.);
#1192 = DIRECTION('',(1.,0.,-0.));
#1193 = ORIENTED_EDGE('',*,*,#1104,.T.);
#1194 = ORIENTED_EDGE('',*,*,#1195,.T.);
#1195 = EDGE_CURVE('',#1105,#1145,#1196,.T.);
#1196 = LINE('',#1197,#1198);
#1197 = CARTESIAN_POINT('',(1.1,1.73,8.E-02));
#1198 = VECTOR('',#1199,1.);
#1199 = DIRECTION('',(1.,0.,-0.));
#1200 = ORIENTED_EDGE('',*,*,#1144,.F.);
#1201 = PLANE('',#1202);
#1202 = AXIS2_PLACEMENT_3D('',#1203,#1204,#1205);
#1203 = CARTESIAN_POINT('',(1.1,1.73,0.));
#1204 = DIRECTION('',(-0.,1.,0.));
#1205 = DIRECTION('',(0.,0.,1.));
#1206 = ADVANCED_FACE('',(#1207),#1213,.F.);
#1207 = FACE_BOUND('',#1208,.F.);
#1208 = EDGE_LOOP('',(#1209,#1210,#1211,#1212));
#1209 = ORIENTED_EDGE('',*,*,#1096,.F.);
#1210 = ORIENTED_EDGE('',*,*,#1166,.T.);
#1211 = ORIENTED_EDGE('',*,*,#1136,.T.);
#1212 = ORIENTED_EDGE('',*,*,#1188,.F.);
#1213 = PLANE('',#1214);
#1214 = AXIS2_PLACEMENT_3D('',#1215,#1216,#1217);
#1215 = CARTESIAN_POINT('',(1.1,1.08,0.));
#1216 = DIRECTION('',(0.,0.,1.));
#1217 = DIRECTION('',(1.,0.,-0.));
#1218 = ADVANCED_FACE('',(#1219),#1225,.T.);
#1219 = FACE_BOUND('',#1220,.T.);
#1220 = EDGE_LOOP('',(#1221,#1222,#1223,#1224));
#1221 = ORIENTED_EDGE('',*,*,#1112,.F.);
#1222 = ORIENTED_EDGE('',*,*,#1173,.T.);
#1223 = ORIENTED_EDGE('',*,*,#1152,.T.);
#1224 = ORIENTED_EDGE('',*,*,#1195,.F.);
#1225 = PLANE('',#1226);
#1226 = AXIS2_PLACEMENT_3D('',#1227,#1228,#1229);
#1227 = CARTESIAN_POINT('',(1.1,1.08,8.E-02));
#1228 = DIRECTION('',(0.,0.,1.));
#1229 = DIRECTION('',(1.,0.,-0.));
#1230 = ( GEOMETRIC_REPRESENTATION_CONTEXT(3) 
GLOBAL_UNCERTAINTY_ASSIGNED_CONTEXT((#1234)) 
GLOBAL_UNIT_ASSIGNED_CONTEXT((#1231,#1232,#1233)) REPRESENTATION_CONTEXT
('Context #1','3D Context with UNIT and UNCERTAINTY') );
#1231 = ( LENGTH_UNIT() NAMED_UNIT(*) SI_UNIT(.MILLI.,.METRE.) );
#1232 = ( NAMED_UNIT(*) PLANE_ANGLE_UNIT() SI_UNIT($,.RADIAN.) );
#1233 = ( NAMED_UNIT(*) SI_UNIT($,.STERADIAN.) SOLID_ANGLE_UNIT() );
#1234 = UNCERTAINTY_MEASURE_WITH_UNIT(LENGTH_MEASURE(1.E-07),#1231,
  'distance_accuracy_value','confusion accuracy');
#1235 = CONTEXT_DEPENDENT_SHAPE_REPRESENTATION(#1236,#1238);
#1236 = ( REPRESENTATION_RELATIONSHIP('','',#1079,#10) 
REPRESENTATION_RELATIONSHIP_WITH_TRANSFORMATION(#1237) 
SHAPE_REPRESENTATION_RELATIONSHIP() );
#1237 = ITEM_DEFINED_TRANSFORMATION('','',#11,#35);
#1238 = PRODUCT_DEFINITION_SHAPE('Placement','Placement of an item',
  #1239);
#1239 = NEXT_ASSEMBLY_USAGE_OCCURRENCE('6','Pin4','',#5,#1074,$);
#1240 = PRODUCT_RELATED_PRODUCT_CATEGORY('part',$,(#1076));
#1241 = SHAPE_DEFINITION_REPRESENTATION(#1242,#1248);
#1242 = PRODUCT_DEFINITION_SHAPE('','',#1243);
#1243 = PRODUCT_DEFINITION('design','',#1244,#1247);
#1244 = PRODUCT_DEFINITION_FORMATION('','',#1245);
#1245 = PRODUCT('Pin5','Pin5','',(#1246));
#1246 = PRODUCT_CONTEXT('',#2,'mechanical');
#1247 = PRODUCT_DEFINITION_CONTEXT('part definition',#2,'design');
#1248 = ADVANCED_BREP_SHAPE_REPRESENTATION('',(#11,#1249),#1399);
#1249 = MANIFOLD_SOLID_BREP('',#1250);
#1250 = CLOSED_SHELL('',(#1251,#1291,#1331,#1353,#1375,#1387));
#1251 = ADVANCED_FACE('',(#1252),#1286,.F.);
#1252 = FACE_BOUND('',#1253,.F.);
#1253 = EDGE_LOOP('',(#1254,#1264,#1272,#1280));
#1254 = ORIENTED_EDGE('',*,*,#1255,.F.);
#1255 = EDGE_CURVE('',#1256,#1258,#1260,.T.);
#1256 = VERTEX_POINT('',#1257);
#1257 = CARTESIAN_POINT('',(0.6,1.08,0.));
#1258 = VERTEX_POINT('',#1259);
#1259 = CARTESIAN_POINT('',(0.6,1.08,8.E-02));
#1260 = LINE('',#1261,#1262);
#1261 = CARTESIAN_POINT('',(0.6,1.08,0.));
#1262 = VECTOR('',#1263,1.);
#1263 = DIRECTION('',(0.,0.,1.));
#1264 = ORIENTED_EDGE('',*,*,#1265,.T.);
#1265 = EDGE_CURVE('',#1256,#1266,#1268,.T.);
#1266 = VERTEX_POINT('',#1267);
#1267 = CARTESIAN_POINT('',(0.6,1.73,0.));
#1268 = LINE('',#1269,#1270);
#1269 = CARTESIAN_POINT('',(0.6,1.08,0.));
#1270 = VECTOR('',#1271,1.);
#1271 = DIRECTION('',(-0.,1.,0.));
#1272 = ORIENTED_EDGE('',*,*,#1273,.T.);
#1273 = EDGE_CURVE('',#1266,#1274,#1276,.T.);
#1274 = VERTEX_POINT('',#1275);
#1275 = CARTESIAN_POINT('',(0.6,1.73,8.E-02));
#1276 = LINE('',#1277,#1278);
#1277 = CARTESIAN_POINT('',(0.6,1.73,0.));
#1278 = VECTOR('',#1279,1.);
#1279 = DIRECTION('',(0.,0.,1.));
#1280 = ORIENTED_EDGE('',*,*,#1281,.F.);
#1281 = EDGE_CURVE('',#1258,#1274,#1282,.T.);
#1282 = LINE('',#1283,#1284);
#1283 = CARTESIAN_POINT('',(0.6,1.08,8.E-02));
#1284 = VECTOR('',#1285,1.);
#1285 = DIRECTION('',(-0.,1.,0.));
#1286 = PLANE('',#1287);
#1287 = AXIS2_PLACEMENT_3D('',#1288,#1289,#1290);
#1288 = CARTESIAN_POINT('',(0.6,1.08,0.));
#1289 = DIRECTION('',(1.,0.,-0.));
#1290 = DIRECTION('',(0.,0.,1.));
#1291 = ADVANCED_FACE('',(#1292),#1326,.T.);
#1292 = FACE_BOUND('',#1293,.T.);
#1293 = EDGE_LOOP('',(#1294,#1304,#1312,#1320));
#1294 = ORIENTED_EDGE('',*,*,#1295,.F.);
#1295 = EDGE_CURVE('',#1296,#1298,#1300,.T.);
#1296 = VERTEX_POINT('',#1297);
#1297 = CARTESIAN_POINT('',(0.9,1.08,0.));
#1298 = VERTEX_POINT('',#1299);
#1299 = CARTESIAN_POINT('',(0.9,1.08,8.E-02));
#1300 = LINE('',#1301,#1302);
#1301 = CARTESIAN_POINT('',(0.9,1.08,0.));
#1302 = VECTOR('',#1303,1.);
#1303 = DIRECTION('',(0.,0.,1.));
#1304 = ORIENTED_EDGE('',*,*,#1305,.T.);
#1305 = EDGE_CURVE('',#1296,#1306,#1308,.T.);
#1306 = VERTEX_POINT('',#1307);
#1307 = CARTESIAN_POINT('',(0.9,1.73,0.));
#1308 = LINE('',#1309,#1310);
#1309 = CARTESIAN_POINT('',(0.9,1.08,0.));
#1310 = VECTOR('',#1311,1.);
#1311 = DIRECTION('',(-0.,1.,0.));
#1312 = ORIENTED_EDGE('',*,*,#1313,.T.);
#1313 = EDGE_CURVE('',#1306,#1314,#1316,.T.);
#1314 = VERTEX_POINT('',#1315);
#1315 = CARTESIAN_POINT('',(0.9,1.73,8.E-02));
#1316 = LINE('',#1317,#1318);
#1317 = CARTESIAN_POINT('',(0.9,1.73,0.));
#1318 = VECTOR('',#1319,1.);
#1319 = DIRECTION('',(0.,0.,1.));
#1320 = ORIENTED_EDGE('',*,*,#1321,.F.);
#1321 = EDGE_CURVE('',#1298,#1314,#1322,.T.);
#1322 = LINE('',#1323,#1324);
#1323 = CARTESIAN_POINT('',(0.9,1.08,8.E-02));
#1324 = VECTOR('',#1325,1.);
#1325 = DIRECTION('',(-0.,1.,0.));
#1326 = PLANE('',#1327);
#1327 = AXIS2_PLACEMENT_3D('',#1328,#1329,#1330);
#1328 = CARTESIAN_POINT('',(0.9,1.08,0.));
#1329 = DIRECTION('',(1.,0.,-0.));
#1330 = DIRECTION('',(0.,0.,1.));
#1331 = ADVANCED_FACE('',(#1332),#1348,.F.);
#1332 = FACE_BOUND('',#1333,.F.);
#1333 = EDGE_LOOP('',(#1334,#1340,#1341,#1347));
#1334 = ORIENTED_EDGE('',*,*,#1335,.F.);
#1335 = EDGE_CURVE('',#1256,#1296,#1336,.T.);
#1336 = LINE('',#1337,#1338);
#1337 = CARTESIAN_POINT('',(0.6,1.08,0.));
#1338 = VECTOR('',#1339,1.);
#1339 = DIRECTION('',(1.,0.,-0.));
#1340 = ORIENTED_EDGE('',*,*,#1255,.T.);
#1341 = ORIENTED_EDGE('',*,*,#1342,.T.);
#1342 = EDGE_CURVE('',#1258,#1298,#1343,.T.);
#1343 = LINE('',#1344,#1345);
#1344 = CARTESIAN_POINT('',(0.6,1.08,8.E-02));
#1345 = VECTOR('',#1346,1.);
#1346 = DIRECTION('',(1.,0.,-0.));
#1347 = ORIENTED_EDGE('',*,*,#1295,.F.);
#1348 = PLANE('',#1349);
#1349 = AXIS2_PLACEMENT_3D('',#1350,#1351,#1352);
#1350 = CARTESIAN_POINT('',(0.6,1.08,0.));
#1351 = DIRECTION('',(-0.,1.,0.));
#1352 = DIRECTION('',(0.,0.,1.));
#1353 = ADVANCED_FACE('',(#1354),#1370,.T.);
#1354 = FACE_BOUND('',#1355,.T.);
#1355 = EDGE_LOOP('',(#1356,#1362,#1363,#1369));
#1356 = ORIENTED_EDGE('',*,*,#1357,.F.);
#1357 = EDGE_CURVE('',#1266,#1306,#1358,.T.);
#1358 = LINE('',#1359,#1360);
#1359 = CARTESIAN_POINT('',(0.6,1.73,0.));
#1360 = VECTOR('',#1361,1.);
#1361 = DIRECTION('',(1.,0.,-0.));
#1362 = ORIENTED_EDGE('',*,*,#1273,.T.);
#1363 = ORIENTED_EDGE('',*,*,#1364,.T.);
#1364 = EDGE_CURVE('',#1274,#1314,#1365,.T.);
#1365 = LINE('',#1366,#1367);
#1366 = CARTESIAN_POINT('',(0.6,1.73,8.E-02));
#1367 = VECTOR('',#1368,1.);
#1368 = DIRECTION('',(1.,0.,-0.));
#1369 = ORIENTED_EDGE('',*,*,#1313,.F.);
#1370 = PLANE('',#1371);
#1371 = AXIS2_PLACEMENT_3D('',#1372,#1373,#1374);
#1372 = CARTESIAN_POINT('',(0.6,1.73,0.));
#1373 = DIRECTION('',(-0.,1.,0.));
#1374 = DIRECTION('',(0.,0.,1.));
#1375 = ADVANCED_FACE('',(#1376),#1382,.F.);
#1376 = FACE_BOUND('',#1377,.F.);
#1377 = EDGE_LOOP('',(#1378,#1379,#1380,#1381));
#1378 = ORIENTED_EDGE('',*,*,#1265,.F.);
#1379 = ORIENTED_EDGE('',*,*,#1335,.T.);
#1380 = ORIENTED_EDGE('',*,*,#1305,.T.);
#1381 = ORIENTED_EDGE('',*,*,#1357,.F.);
#1382 = PLANE('',#1383);
#1383 = AXIS2_PLACEMENT_3D('',#1384,#1385,#1386);
#1384 = CARTESIAN_POINT('',(0.6,1.08,0.));
#1385 = DIRECTION('',(0.,0.,1.));
#1386 = DIRECTION('',(1.,0.,-0.));
#1387 = ADVANCED_FACE('',(#1388),#1394,.T.);
#1388 = FACE_BOUND('',#1389,.T.);
#1389 = EDGE_LOOP('',(#1390,#1391,#1392,#1393));
#1390 = ORIENTED_EDGE('',*,*,#1281,.F.);
#1391 = ORIENTED_EDGE('',*,*,#1342,.T.);
#1392 = ORIENTED_EDGE('',*,*,#1321,.T.);
#1393 = ORIENTED_EDGE('',*,*,#1364,.F.);
#1394 = PLANE('',#1395);
#1395 = AXIS2_PLACEMENT_3D('',#1396,#1397,#1398);
#1396 = CARTESIAN_POINT('',(0.6,1.08,8.E-02));
#1397 = DIRECTION('',(0.,0.,1.));
#1398 = DIRECTION('',(1.,0.,-0.));
#1399 = ( GEOMETRIC_REPRESENTATION_CONTEXT(3) 
GLOBAL_UNCERTAINTY_ASSIGNED_CONTEXT((#1403)) 
GLOBAL_UNIT_ASSIGNED_CONTEXT((#1400,#1401,#1402)) REPRESENTATION_CONTEXT
('Context #1','3D Context with UNIT and UNCERTAINTY') );
#1400 = ( LENGTH_UNIT() NAMED_UNIT(*) SI_UNIT(.MILLI.,.METRE.) );
#1401 = ( NAMED_UNIT(*) PLANE_ANGLE_UNIT() SI_UNIT($,.RADIAN.) );
#1402 = ( NAMED_UNIT(*) SI_UNIT($,.STERADIAN.) SOLID_ANGLE_UNIT() );
#1403 = UNCERTAINTY_MEASURE_WITH_UNIT(LENGTH_MEASURE(1.E-07),#1400,
  'distance_accuracy_value','confusion accuracy');
#1404 = CONTEXT_DEPENDENT_SHAPE_REPRESENTATION(#1405,#1407);
#1405 = ( REPRESENTATION_RELATIONSHIP('','',#1248,#10) 
REPRESENTATION_RELATIONSHIP_WITH_TRANSFORMATION(#1406) 
SHAPE_REPRESENTATION_RELATIONSHIP() );
#1406 = ITEM_DEFINED_TRANSFORMATION('','',#11,#39);
#1407 = PRODUCT_DEFINITION_SHAPE('Placement','Placement of an item',
  #1408);
#1408 = NEXT_ASSEMBLY_USAGE_OCCURRENCE('7','Pin5','',#5,#1243,$);
#1409 = PRODUCT_RELATED_PRODUCT_CATEGORY('part',$,(#1245));
#1410 = SHAPE_DEFINITION_REPRESENTATION(#1411,#1417);
#1411 = PRODUCT_DEFINITION_SHAPE('','',#1412);
#1412 = PRODUCT_DEFINITION('design','',#1413,#1416);
#1413 = PRODUCT_DEFINITION_FORMATION('','',#1414);
#1414 = PRODUCT('Pin6','Pin6','',(#1415));
#1415 = PRODUCT_CONTEXT('',#2,'mechanical');
#1416 = PRODUCT_DEFINITION_CONTEXT('part definition',#2,'design');
#1417 = ADVANCED_BREP_SHAPE_REPRESENTATION('',(#11,#1418),#1568);
#1418 = MANIFOLD_SOLID_BREP('',#1419);
#1419 = CLOSED_SHELL('',(#1420,#1460,#1500,#1522,#1544,#1556));
#1420 = ADVANCED_FACE('',(#1421),#1455,.F.);
#1421 = FACE_BOUND('',#1422,.F.);
#1422 = EDGE_LOOP('',(#1423,#1433,#1441,#1449));
#1423 = ORIENTED_EDGE('',*,*,#1424,.F.);
#1424 = EDGE_CURVE('',#1425,#1427,#1429,.T.);
#1425 = VERTEX_POINT('',#1426);
#1426 = CARTESIAN_POINT('',(0.1,1.08,0.));
#1427 = VERTEX_POINT('',#1428);
#1428 = CARTESIAN_POINT('',(0.1,1.08,8.E-02));
#1429 = LINE('',#1430,#1431);
#1430 = CARTESIAN_POINT('',(0.1,1.08,0.));
#1431 = VECTOR('',#1432,1.);
#1432 = DIRECTION('',(0.,0.,1.));
#1433 = ORIENTED_EDGE('',*,*,#1434,.T.);
#1434 = EDGE_CURVE('',#1425,#1435,#1437,.T.);
#1435 = VERTEX_POINT('',#1436);
#1436 = CARTESIAN_POINT('',(0.1,1.73,0.));
#1437 = LINE('',#1438,#1439);
#1438 = CARTESIAN_POINT('',(0.1,1.08,0.));
#1439 = VECTOR('',#1440,1.);
#1440 = DIRECTION('',(-0.,1.,0.));
#1441 = ORIENTED_EDGE('',*,*,#1442,.T.);
#1442 = EDGE_CURVE('',#1435,#1443,#1445,.T.);
#1443 = VERTEX_POINT('',#1444);
#1444 = CARTESIAN_POINT('',(0.1,1.73,8.E-02));
#1445 = LINE('',#1446,#1447);
#1446 = CARTESIAN_POINT('',(0.1,1.73,0.));
#1447 = VECTOR('',#1448,1.);
#1448 = DIRECTION('',(0.,0.,1.));
#1449 = ORIENTED_EDGE('',*,*,#1450,.F.);
#1450 = EDGE_CURVE('',#1427,#1443,#1451,.T.);
#1451 = LINE('',#1452,#1453);
#1452 = CARTESIAN_POINT('',(0.1,1.08,8.E-02));
#1453 = VECTOR('',#1454,1.);
#1454 = DIRECTION('',(-0.,1.,0.));
#1455 = PLANE('',#1456);
#1456 = AXIS2_PLACEMENT_3D('',#1457,#1458,#1459);
#1457 = CARTESIAN_POINT('',(0.1,1.08,0.));
#1458 = DIRECTION('',(1.,0.,-0.));
#1459 = DIRECTION('',(0.,0.,1.));
#1460 = ADVANCED_FACE('',(#1461),#1495,.T.);
#1461 = FACE_BOUND('',#1462,.T.);
#1462 = EDGE_LOOP('',(#1463,#1473,#1481,#1489));
#1463 = ORIENTED_EDGE('',*,*,#1464,.F.);
#1464 = EDGE_CURVE('',#1465,#1467,#1469,.T.);
#1465 = VERTEX_POINT('',#1466);
#1466 = CARTESIAN_POINT('',(0.4,1.08,0.));
#1467 = VERTEX_POINT('',#1468);
#1468 = CARTESIAN_POINT('',(0.4,1.08,8.E-02));
#1469 = LINE('',#1470,#1471);
#1470 = CARTESIAN_POINT('',(0.4,1.08,0.));
#1471 = VECTOR('',#1472,1.);
#1472 = DIRECTION('',(0.,0.,1.));
#1473 = ORIENTED_EDGE('',*,*,#1474,.T.);
#1474 = EDGE_CURVE('',#1465,#1475,#1477,.T.);
#1475 = VERTEX_POINT('',#1476);
#1476 = CARTESIAN_POINT('',(0.4,1.73,0.));
#1477 = LINE('',#1478,#1479);
#1478 = CARTESIAN_POINT('',(0.4,1.08,0.));
#1479 = VECTOR('',#1480,1.);
#1480 = DIRECTION('',(-0.,1.,0.));
#1481 = ORIENTED_EDGE('',*,*,#1482,.T.);
#1482 = EDGE_CURVE('',#1475,#1483,#1485,.T.);
#1483 = VERTEX_POINT('',#1484);
#1484 = CARTESIAN_POINT('',(0.4,1.73,8.E-02));
#1485 = LINE('',#1486,#1487);
#1486 = CARTESIAN_POINT('',(0.4,1.73,0.));
#1487 = VECTOR('',#1488,1.);
#1488 = DIRECTION('',(0.,0.,1.));
#1489 = ORIENTED_EDGE('',*,*,#1490,.F.);
#1490 = EDGE_CURVE('',#1467,#1483,#1491,.T.);
#1491 = LINE('',#1492,#1493);
#1492 = CARTESIAN_POINT('',(0.4,1.08,8.E-02));
#1493 = VECTOR('',#1494,1.);
#1494 = DIRECTION('',(-0.,1.,0.));
#1495 = PLANE('',#1496);
#1496 = AXIS2_PLACEMENT_3D('',#1497,#1498,#1499);
#1497 = CARTESIAN_POINT('',(0.4,1.08,0.));
#1498 = DIRECTION('',(1.,0.,-0.));
#1499 = DIRECTION('',(0.,0.,1.));
#1500 = ADVANCED_FACE('',(#1501),#1517,.F.);
#1501 = FACE_BOUND('',#1502,.F.);
#1502 = EDGE_LOOP('',(#1503,#1509,#1510,#1516));
#1503 = ORIENTED_EDGE('',*,*,#1504,.F.);
#1504 = EDGE_CURVE('',#1425,#1465,#1505,.T.);
#1505 = LINE('',#1506,#1507);
#1506 = CARTESIAN_POINT('',(0.1,1.08,0.));
#1507 = VECTOR('',#1508,1.);
#1508 = DIRECTION('',(1.,0.,-0.));
#1509 = ORIENTED_EDGE('',*,*,#1424,.T.);
#1510 = ORIENTED_EDGE('',*,*,#1511,.T.);
#1511 = EDGE_CURVE('',#1427,#1467,#1512,.T.);
#1512 = LINE('',#1513,#1514);
#1513 = CARTESIAN_POINT('',(0.1,1.08,8.E-02));
#1514 = VECTOR('',#1515,1.);
#1515 = DIRECTION('',(1.,0.,-0.));
#1516 = ORIENTED_EDGE('',*,*,#1464,.F.);
#1517 = PLANE('',#1518);
#1518 = AXIS2_PLACEMENT_3D('',#1519,#1520,#1521);
#1519 = CARTESIAN_POINT('',(0.1,1.08,0.));
#1520 = DIRECTION('',(-0.,1.,0.));
#1521 = DIRECTION('',(0.,0.,1.));
#1522 = ADVANCED_FACE('',(#1523),#1539,.T.);
#1523 = FACE_BOUND('',#1524,.T.);
#1524 = EDGE_LOOP('',(#1525,#1531,#1532,#1538));
#1525 = ORIENTED_EDGE('',*,*,#1526,.F.);
#1526 = EDGE_CURVE('',#1435,#1475,#1527,.T.);
#1527 = LINE('',#1528,#1529);
#1528 = CARTESIAN_POINT('',(0.1,1.73,0.));
#1529 = VECTOR('',#1530,1.);
#1530 = DIRECTION('',(1.,0.,-0.));
#1531 = ORIENTED_EDGE('',*,*,#1442,.T.);
#1532 = ORIENTED_EDGE('',*,*,#1533,.T.);
#1533 = EDGE_CURVE('',#1443,#1483,#1534,.T.);
#1534 = LINE('',#1535,#1536);
#1535 = CARTESIAN_POINT('',(0.1,1.73,8.E-02));
#1536 = VECTOR('',#1537,1.);
#1537 = DIRECTION('',(1.,0.,-0.));
#1538 = ORIENTED_EDGE('',*,*,#1482,.F.);
#1539 = PLANE('',#1540);
#1540 = AXIS2_PLACEMENT_3D('',#1541,#1542,#1543);
#1541 = CARTESIAN_POINT('',(0.1,1.73,0.));
#1542 = DIRECTION('',(-0.,1.,0.));
#1543 = DIRECTION('',(0.,0.,1.));
#1544 = ADVANCED_FACE('',(#1545),#1551,.F.);
#1545 = FACE_BOUND('',#1546,.F.);
#1546 = EDGE_LOOP('',(#1547,#1548,#1549,#1550));
#1547 = ORIENTED_EDGE('',*,*,#1434,.F.);
#1548 = ORIENTED_EDGE('',*,*,#1504,.T.);
#1549 = ORIENTED_EDGE('',*,*,#1474,.T.);
#1550 = ORIENTED_EDGE('',*,*,#1526,.F.);
#1551 = PLANE('',#1552);
#1552 = AXIS2_PLACEMENT_3D('',#1553,#1554,#1555);
#1553 = CARTESIAN_POINT('',(0.1,1.08,0.));
#1554 = DIRECTION('',(0.,0.,1.));
#1555 = DIRECTION('',(1.,0.,-0.));
#1556 = ADVANCED_FACE('',(#1557),#1563,.T.);
#1557 = FACE_BOUND('',#1558,.T.);
#1558 = EDGE_LOOP('',(#1559,#1560,#1561,#1562));
#1559 = ORIENTED_EDGE('',*,*,#1450,.F.);
#1560 = ORIENTED_EDGE('',*,*,#1511,.T.);
#1561 = ORIENTED_EDGE('',*,*,#1490,.T.);
#1562 = ORIENTED_EDGE('',*,*,#1533,.F.);
#1563 = PLANE('',#1564);
#1564 = AXIS2_PLACEMENT_3D('',#1565,#1566,#1567);
#1565 = CARTESIAN_POINT('',(0.1,1.08,8.E-02));
#1566 = DIRECTION('',(0.,0.,1.));
#1567 = DIRECTION('',(1.,0.,-0.));
#1568 = ( GEOMETRIC_REPRESENTATION_CONTEXT(3) 
GLOBAL_UNCERTAINTY_ASSIGNED_CONTEXT((#1572)) 
GLOBAL_UNIT_ASSIGNED_CONTEXT((#1569,#1570,#1571)) REPRESENTATION_CONTEXT
('Context #1','3D Context with UNIT and UNCERTAINTY') );
#1569 = ( LENGTH_UNIT() NAMED_UNIT(*) SI_UNIT(.MILLI.,.METRE.) );
#1570 = ( NAMED_UNIT(*) PLANE_ANGLE_UNIT() SI_UNIT($,.RADIAN.) );
#1571 = ( NAMED_UNIT(*) SI_UNIT($,.STERADIAN.) SOLID_ANGLE_UNIT() );
#1572 = UNCERTAINTY_MEASURE_WITH_UNIT(LENGTH_MEASURE(1.E-07),#1569,
  'distance_accuracy_value','confusion accuracy');
#1573 = CONTEXT_DEPENDENT_SHAPE_REPRESENTATION(#1574,#1576);
#1574 = ( REPRESENTATION_RELATIONSHIP('','',#1417,#10) 
REPRESENTATION_RELATIONSHIP_WITH_TRANSFORMATION(#1575) 
SHAPE_REPRESENTATION_RELATIONSHIP() );
#1575 = ITEM_DEFINED_TRANSFORMATION('','',#11,#43);
#1576 = PRODUCT_DEFINITION_SHAPE('Placement','Placement of an item',
  #1577);
#1577 = NEXT_ASSEMBLY_USAGE_OCCURRENCE('8','Pin6','',#5,#1412,$);
#1578 = PRODUCT_RELATED_PRODUCT_CATEGORY('part',$,(#1414));
#1579 = SHAPE_DEFINITION_REPRESENTATION(#1580,#1586);
#1580 = PRODUCT_DEFINITION_SHAPE('','',#1581);
#1581 = PRODUCT_DEFINITION('design','',#1582,#1585);
#1582 = PRODUCT_DEFINITION_FORMATION('','',#1583);
#1583 = PRODUCT('Pin7','Pin7','',(#1584));
#1584 = PRODUCT_CONTEXT('',#2,'mechanical');
#1585 = PRODUCT_DEFINITION_CONTEXT('part definition',#2,'design');
#1586 = ADVANCED_BREP_SHAPE_REPRESENTATION('',(#11,#1587),#1737);
#1587 = MANIFOLD_SOLID_BREP('',#1588);
#1588 = CLOSED_SHELL('',(#1589,#1629,#1669,#1691,#1713,#1725));
#1589 = ADVANCED_FACE('',(#1590),#1624,.F.);
#1590 = FACE_BOUND('',#1591,.F.);
#1591 = EDGE_LOOP('',(#1592,#1602,#1610,#1618));
#1592 = ORIENTED_EDGE('',*,*,#1593,.F.);
#1593 = EDGE_CURVE('',#1594,#1596,#1598,.T.);
#1594 = VERTEX_POINT('',#1595);
#1595 = CARTESIAN_POINT('',(-0.4,1.08,0.));
#1596 = VERTEX_POINT('',#1597);
#1597 = CARTESIAN_POINT('',(-0.4,1.08,8.E-02));
#1598 = LINE('',#1599,#1600);
#1599 = CARTESIAN_POINT('',(-0.4,1.08,0.));
#1600 = VECTOR('',#1601,1.);
#1601 = DIRECTION('',(0.,0.,1.));
#1602 = ORIENTED_EDGE('',*,*,#1603,.T.);
#1603 = EDGE_CURVE('',#1594,#1604,#1606,.T.);
#1604 = VERTEX_POINT('',#1605);
#1605 = CARTESIAN_POINT('',(-0.4,1.73,0.));
#1606 = LINE('',#1607,#1608);
#1607 = CARTESIAN_POINT('',(-0.4,1.08,0.));
#1608 = VECTOR('',#1609,1.);
#1609 = DIRECTION('',(-0.,1.,0.));
#1610 = ORIENTED_EDGE('',*,*,#1611,.T.);
#1611 = EDGE_CURVE('',#1604,#1612,#1614,.T.);
#1612 = VERTEX_POINT('',#1613);
#1613 = CARTESIAN_POINT('',(-0.4,1.73,8.E-02));
#1614 = LINE('',#1615,#1616);
#1615 = CARTESIAN_POINT('',(-0.4,1.73,0.));
#1616 = VECTOR('',#1617,1.);
#1617 = DIRECTION('',(0.,0.,1.));
#1618 = ORIENTED_EDGE('',*,*,#1619,.F.);
#1619 = EDGE_CURVE('',#1596,#1612,#1620,.T.);
#1620 = LINE('',#1621,#1622);
#1621 = CARTESIAN_POINT('',(-0.4,1.08,8.E-02));
#1622 = VECTOR('',#1623,1.);
#1623 = DIRECTION('',(-0.,1.,0.));
#1624 = PLANE('',#1625);
#1625 = AXIS2_PLACEMENT_3D('',#1626,#1627,#1628);
#1626 = CARTESIAN_POINT('',(-0.4,1.08,0.));
#1627 = DIRECTION('',(1.,0.,-0.));
#1628 = DIRECTION('',(0.,0.,1.));
#1629 = ADVANCED_FACE('',(#1630),#1664,.T.);
#1630 = FACE_BOUND('',#1631,.T.);
#1631 = EDGE_LOOP('',(#1632,#1642,#1650,#1658));
#1632 = ORIENTED_EDGE('',*,*,#1633,.F.);
#1633 = EDGE_CURVE('',#1634,#1636,#1638,.T.);
#1634 = VERTEX_POINT('',#1635);
#1635 = CARTESIAN_POINT('',(-0.1,1.08,0.));
#1636 = VERTEX_POINT('',#1637);
#1637 = CARTESIAN_POINT('',(-0.1,1.08,8.E-02));
#1638 = LINE('',#1639,#1640);
#1639 = CARTESIAN_POINT('',(-0.1,1.08,0.));
#1640 = VECTOR('',#1641,1.);
#1641 = DIRECTION('',(0.,0.,1.));
#1642 = ORIENTED_EDGE('',*,*,#1643,.T.);
#1643 = EDGE_CURVE('',#1634,#1644,#1646,.T.);
#1644 = VERTEX_POINT('',#1645);
#1645 = CARTESIAN_POINT('',(-0.1,1.73,0.));
#1646 = LINE('',#1647,#1648);
#1647 = CARTESIAN_POINT('',(-0.1,1.08,0.));
#1648 = VECTOR('',#1649,1.);
#1649 = DIRECTION('',(-0.,1.,0.));
#1650 = ORIENTED_EDGE('',*,*,#1651,.T.);
#1651 = EDGE_CURVE('',#1644,#1652,#1654,.T.);
#1652 = VERTEX_POINT('',#1653);
#1653 = CARTESIAN_POINT('',(-0.1,1.73,8.E-02));
#1654 = LINE('',#1655,#1656);
#1655 = CARTESIAN_POINT('',(-0.1,1.73,0.));
#1656 = VECTOR('',#1657,1.);
#1657 = DIRECTION('',(0.,0.,1.));
#1658 = ORIENTED_EDGE('',*,*,#1659,.F.);
#1659 = EDGE_CURVE('',#1636,#1652,#1660,.T.);
#1660 = LINE('',#1661,#1662);
#1661 = CARTESIAN_POINT('',(-0.1,1.08,8.E-02));
#1662 = VECTOR('',#1663,1.);
#1663 = DIRECTION('',(-0.,1.,0.));
#1664 = PLANE('',#1665);
#1665 = AXIS2_PLACEMENT_3D('',#1666,#1667,#1668);
#1666 = CARTESIAN_POINT('',(-0.1,1.08,0.));
#1667 = DIRECTION('',(1.,0.,-0.));
#1668 = DIRECTION('',(0.,0.,1.));
#1669 = ADVANCED_FACE('',(#1670),#1686,.F.);
#1670 = FACE_BOUND('',#1671,.F.);
#1671 = EDGE_LOOP('',(#1672,#1678,#1679,#1685));
#1672 = ORIENTED_EDGE('',*,*,#1673,.F.);
#1673 = EDGE_CURVE('',#1594,#1634,#1674,.T.);
#1674 = LINE('',#1675,#1676);
#1675 = CARTESIAN_POINT('',(-0.4,1.08,0.));
#1676 = VECTOR('',#1677,1.);
#1677 = DIRECTION('',(1.,0.,-0.));
#1678 = ORIENTED_EDGE('',*,*,#1593,.T.);
#1679 = ORIENTED_EDGE('',*,*,#1680,.T.);
#1680 = EDGE_CURVE('',#1596,#1636,#1681,.T.);
#1681 = LINE('',#1682,#1683);
#1682 = CARTESIAN_POINT('',(-0.4,1.08,8.E-02));
#1683 = VECTOR('',#1684,1.);
#1684 = DIRECTION('',(1.,0.,-0.));
#1685 = ORIENTED_EDGE('',*,*,#1633,.F.);
#1686 = PLANE('',#1687);
#1687 = AXIS2_PLACEMENT_3D('',#1688,#1689,#1690);
#1688 = CARTESIAN_POINT('',(-0.4,1.08,0.));
#1689 = DIRECTION('',(-0.,1.,0.));
#1690 = DIRECTION('',(0.,0.,1.));
#1691 = ADVANCED_FACE('',(#1692),#1708,.T.);
#1692 = FACE_BOUND('',#1693,.T.);
#1693 = EDGE_LOOP('',(#1694,#1700,#1701,#1707));
#1694 = ORIENTED_EDGE('',*,*,#1695,.F.);
#1695 = EDGE_CURVE('',#1604,#1644,#1696,.T.);
#1696 = LINE('',#1697,#1698);
#1697 = CARTESIAN_POINT('',(-0.4,1.73,0.));
#1698 = VECTOR('',#1699,1.);
#1699 = DIRECTION('',(1.,0.,-0.));
#1700 = ORIENTED_EDGE('',*,*,#1611,.T.);
#1701 = ORIENTED_EDGE('',*,*,#1702,.T.);
#1702 = EDGE_CURVE('',#1612,#1652,#1703,.T.);
#1703 = LINE('',#1704,#1705);
#1704 = CARTESIAN_POINT('',(-0.4,1.73,8.E-02));
#1705 = VECTOR('',#1706,1.);
#1706 = DIRECTION('',(1.,0.,-0.));
#1707 = ORIENTED_EDGE('',*,*,#1651,.F.);
#1708 = PLANE('',#1709);
#1709 = AXIS2_PLACEMENT_3D('',#1710,#1711,#1712);
#1710 = CARTESIAN_POINT('',(-0.4,1.73,0.));
#1711 = DIRECTION('',(-0.,1.,0.));
#1712 = DIRECTION('',(0.,0.,1.));
#1713 = ADVANCED_FACE('',(#1714),#1720,.F.);
#1714 = FACE_BOUND('',#1715,.F.);
#1715 = EDGE_LOOP('',(#1716,#1717,#1718,#1719));
#1716 = ORIENTED_EDGE('',*,*,#1603,.F.);
#1717 = ORIENTED_EDGE('',*,*,#1673,.T.);
#1718 = ORIENTED_EDGE('',*,*,#1643,.T.);
#1719 = ORIENTED_EDGE('',*,*,#1695,.F.);
#1720 = PLANE('',#1721);
#1721 = AXIS2_PLACEMENT_3D('',#1722,#1723,#1724);
#1722 = CARTESIAN_POINT('',(-0.4,1.08,0.));
#1723 = DIRECTION('',(0.,0.,1.));
#1724 = DIRECTION('',(1.,0.,-0.));
#1725 = ADVANCED_FACE('',(#1726),#1732,.T.);
#1726 = FACE_BOUND('',#1727,.T.);
#1727 = EDGE_LOOP('',(#1728,#1729,#1730,#1731));
#1728 = ORIENTED_EDGE('',*,*,#1619,.F.);
#1729 = ORIENTED_EDGE('',*,*,#1680,.T.);
#1730 = ORIENTED_EDGE('',*,*,#1659,.T.);
#1731 = ORIENTED_EDGE('',*,*,#1702,.F.);
#1732 = PLANE('',#1733);
#1733 = AXIS2_PLACEMENT_3D('',#1734,#1735,#1736);
#1734 = CARTESIAN_POINT('',(-0.4,1.08,8.E-02));
#1735 = DIRECTION('',(0.,0.,1.));
#1736 = DIRECTION('',(1.,0.,-0.));
#1737 = ( GEOMETRIC_REPRESENTATION_CONTEXT(3) 
GLOBAL_UNCERTAINTY_ASSIGNED_CONTEXT((#1741)) 
GLOBAL_UNIT_ASSIGNED_CONTEXT((#1738,#1739,#1740)) REPRESENTATION_CONTEXT
('Context #1','3D Context with UNIT and UNCERTAINTY') );
#1738 = ( LENGTH_UNIT() NAMED_UNIT(*) SI_UNIT(.MILLI.,.METRE.) );
#1739 = ( NAMED_UNIT(*) PLANE_ANGLE_UNIT() SI_UNIT($,.RADIAN.) );
#1740 = ( NAMED_UNIT(*) SI_UNIT($,.STERADIAN.) SOLID_ANGLE_UNIT() );
#1741 = UNCERTAINTY_MEASURE_WITH_UNIT(LENGTH_MEASURE(1.E-07),#1738,
  'distance_accuracy_value','confusion accuracy');
#1742 = CONTEXT_DEPENDENT_SHAPE_REPRESENTATION(#1743,#1745);
#1743 = ( REPRESENTATION_RELATIONSHIP('','',#1586,#10) 
REPRESENTATION_RELATIONSHIP_WITH_TRANSFORMATION(#1744) 
SHAPE_REPRESENTATION_RELATIONSHIP() );
#1744 = ITEM_DEFINED_TRANSFORMATION('','',#11,#47);
#1745 = PRODUCT_DEFINITION_SHAPE('Placement','Placement of an item',
  #1746);
#1746 = NEXT_ASSEMBLY_USAGE_OCCURRENCE('9','Pin7','',#5,#1581,$);
#1747 = PRODUCT_RELATED_PRODUCT_CATEGORY('part',$,(#1583));
#1748 = SHAPE_DEFINITION_REPRESENTATION(#1749,#1755);
#1749 = PRODUCT_DEFINITION_SHAPE('','',#1750);
#1750 = PRODUCT_DEFINITION('design','',#1751,#1754);
#1751 = PRODUCT_DEFINITION_FORMATION('','',#1752);
#1752 = PRODUCT('Pin8','Pin8','',(#1753));
#1753 = PRODUCT_CONTEXT('',#2,'mechanical');
#1754 = PRODUCT_DEFINITION_CONTEXT('part definition',#2,'design');
#1755 = ADVANCED_BREP_SHAPE_REPRESENTATION('',(#11,#1756),#1906);
#1756 = MANIFOLD_SOLID_BREP('',#1757);
#1757 = CLOSED_SHELL('',(#1758,#1798,#1838,#1860,#1882,#1894));
#1758 = ADVANCED_FACE('',(#1759),#1793,.F.);
#1759 = FACE_BOUND('',#1760,.F.);
#1760 = EDGE_LOOP('',(#1761,#1771,#1779,#1787));
#1761 = ORIENTED_EDGE('',*,*,#1762,.F.);
#1762 = EDGE_CURVE('',#1763,#1765,#1767,.T.);
#1763 = VERTEX_POINT('',#1764);
#1764 = CARTESIAN_POINT('',(-0.9,1.08,0.));
#1765 = VERTEX_POINT('',#1766);
#1766 = CARTESIAN_POINT('',(-0.9,1.08,8.E-02));
#1767 = LINE('',#1768,#1769);
#1768 = CARTESIAN_POINT('',(-0.9,1.08,0.));
#1769 = VECTOR('',#1770,1.);
#1770 = DIRECTION('',(0.,0.,1.));
#1771 = ORIENTED_EDGE('',*,*,#1772,.T.);
#1772 = EDGE_CURVE('',#1763,#1773,#1775,.T.);
#1773 = VERTEX_POINT('',#1774);
#1774 = CARTESIAN_POINT('',(-0.9,1.73,0.));
#1775 = LINE('',#1776,#1777);
#1776 = CARTESIAN_POINT('',(-0.9,1.08,0.));
#1777 = VECTOR('',#1778,1.);
#1778 = DIRECTION('',(-0.,1.,0.));
#1779 = ORIENTED_EDGE('',*,*,#1780,.T.);
#1780 = EDGE_CURVE('',#1773,#1781,#1783,.T.);
#1781 = VERTEX_POINT('',#1782);
#1782 = CARTESIAN_POINT('',(-0.9,1.73,8.E-02));
#1783 = LINE('',#1784,#1785);
#1784 = CARTESIAN_POINT('',(-0.9,1.73,0.));
#1785 = VECTOR('',#1786,1.);
#1786 = DIRECTION('',(0.,0.,1.));
#1787 = ORIENTED_EDGE('',*,*,#1788,.F.);
#1788 = EDGE_CURVE('',#1765,#1781,#1789,.T.);
#1789 = LINE('',#1790,#1791);
#1790 = CARTESIAN_POINT('',(-0.9,1.08,8.E-02));
#1791 = VECTOR('',#1792,1.);
#1792 = DIRECTION('',(-0.,1.,0.));
#1793 = PLANE('',#1794);
#1794 = AXIS2_PLACEMENT_3D('',#1795,#1796,#1797);
#1795 = CARTESIAN_POINT('',(-0.9,1.08,0.));
#1796 = DIRECTION('',(1.,0.,-0.));
#1797 = DIRECTION('',(0.,0.,1.));
#1798 = ADVANCED_FACE('',(#1799),#1833,.T.);
#1799 = FACE_BOUND('',#1800,.T.);
#1800 = EDGE_LOOP('',(#1801,#1811,#1819,#1827));
#1801 = ORIENTED_EDGE('',*,*,#1802,.F.);
#1802 = EDGE_CURVE('',#1803,#1805,#1807,.T.);
#1803 = VERTEX_POINT('',#1804);
#1804 = CARTESIAN_POINT('',(-0.6,1.08,0.));
#1805 = VERTEX_POINT('',#1806);
#1806 = CARTESIAN_POINT('',(-0.6,1.08,8.E-02));
#1807 = LINE('',#1808,#1809);
#1808 = CARTESIAN_POINT('',(-0.6,1.08,0.));
#1809 = VECTOR('',#1810,1.);
#1810 = DIRECTION('',(0.,0.,1.));
#1811 = ORIENTED_EDGE('',*,*,#1812,.T.);
#1812 = EDGE_CURVE('',#1803,#1813,#1815,.T.);
#1813 = VERTEX_POINT('',#1814);
#1814 = CARTESIAN_POINT('',(-0.6,1.73,0.));
#1815 = LINE('',#1816,#1817);
#1816 = CARTESIAN_POINT('',(-0.6,1.08,0.));
#1817 = VECTOR('',#1818,1.);
#1818 = DIRECTION('',(-0.,1.,0.));
#1819 = ORIENTED_EDGE('',*,*,#1820,.T.);
#1820 = EDGE_CURVE('',#1813,#1821,#1823,.T.);
#1821 = VERTEX_POINT('',#1822);
#1822 = CARTESIAN_POINT('',(-0.6,1.73,8.E-02));
#1823 = LINE('',#1824,#1825);
#1824 = CARTESIAN_POINT('',(-0.6,1.73,0.));
#1825 = VECTOR('',#1826,1.);
#1826 = DIRECTION('',(0.,0.,1.));
#1827 = ORIENTED_EDGE('',*,*,#1828,.F.);
#1828 = EDGE_CURVE('',#1805,#1821,#1829,.T.);
#1829 = LINE('',#1830,#1831);
#1830 = CARTESIAN_POINT('',(-0.6,1.08,8.E-02));
#1831 = VECTOR('',#1832,1.);
#1832 = DIRECTION('',(-0.,1.,0.));
#1833 = PLANE('',#1834);
#1834 = AXIS2_PLACEMENT_3D('',#1835,#1836,#1837);
#1835 = CARTESIAN_POINT('',(-0.6,1.08,0.));
#1836 = DIRECTION('',(1.,0.,-0.));
#1837 = DIRECTION('',(0.,0.,1.));
#1838 = ADVANCED_FACE('',(#1839),#1855,.F.);
#1839 = FACE_BOUND('',#1840,.F.);
#1840 = EDGE_LOOP('',(#1841,#1847,#1848,#1854));
#1841 = ORIENTED_EDGE('',*,*,#1842,.F.);
#1842 = EDGE_CURVE('',#1763,#1803,#1843,.T.);
#1843 = LINE('',#1844,#1845);
#1844 = CARTESIAN_POINT('',(-0.9,1.08,0.));
#1845 = VECTOR('',#1846,1.);
#1846 = DIRECTION('',(1.,0.,-0.));
#1847 = ORIENTED_EDGE('',*,*,#1762,.T.);
#1848 = ORIENTED_EDGE('',*,*,#1849,.T.);
#1849 = EDGE_CURVE('',#1765,#1805,#1850,.T.);
#1850 = LINE('',#1851,#1852);
#1851 = CARTESIAN_POINT('',(-0.9,1.08,8.E-02));
#1852 = VECTOR('',#1853,1.);
#1853 = DIRECTION('',(1.,0.,-0.));
#1854 = ORIENTED_EDGE('',*,*,#1802,.F.);
#1855 = PLANE('',#1856);
#1856 = AXIS2_PLACEMENT_3D('',#1857,#1858,#1859);
#1857 = CARTESIAN_POINT('',(-0.9,1.08,0.));
#1858 = DIRECTION('',(-0.,1.,0.));
#1859 = DIRECTION('',(0.,0.,1.));
#1860 = ADVANCED_FACE('',(#1861),#1877,.T.);
#1861 = FACE_BOUND('',#1862,.T.);
#1862 = EDGE_LOOP('',(#1863,#1869,#1870,#1876));
#1863 = ORIENTED_EDGE('',*,*,#1864,.F.);
#1864 = EDGE_CURVE('',#1773,#1813,#1865,.T.);
#1865 = LINE('',#1866,#1867);
#1866 = CARTESIAN_POINT('',(-0.9,1.73,0.));
#1867 = VECTOR('',#1868,1.);
#1868 = DIRECTION('',(1.,0.,-0.));
#1869 = ORIENTED_EDGE('',*,*,#1780,.T.);
#1870 = ORIENTED_EDGE('',*,*,#1871,.T.);
#1871 = EDGE_CURVE('',#1781,#1821,#1872,.T.);
#1872 = LINE('',#1873,#1874);
#1873 = CARTESIAN_POINT('',(-0.9,1.73,8.E-02));
#1874 = VECTOR('',#1875,1.);
#1875 = DIRECTION('',(1.,0.,-0.));
#1876 = ORIENTED_EDGE('',*,*,#1820,.F.);
#1877 = PLANE('',#1878);
#1878 = AXIS2_PLACEMENT_3D('',#1879,#1880,#1881);
#1879 = CARTESIAN_POINT('',(-0.9,1.73,0.));
#1880 = DIRECTION('',(-0.,1.,0.));
#1881 = DIRECTION('',(0.,0.,1.));
#1882 = ADVANCED_FACE('',(#1883),#1889,.F.);
#1883 = FACE_BOUND('',#1884,.F.);
#1884 = EDGE_LOOP('',(#1885,#1886,#1887,#1888));
#1885 = ORIENTED_EDGE('',*,*,#1772,.F.);
#1886 = ORIENTED_EDGE('',*,*,#1842,.T.);
#1887 = ORIENTED_EDGE('',*,*,#1812,.T.);
#1888 = ORIENTED_EDGE('',*,*,#1864,.F.);
#1889 = PLANE('',#1890);
#1890 = AXIS2_PLACEMENT_3D('',#1891,#1892,#1893);
#1891 = CARTESIAN_POINT('',(-0.9,1.08,0.));
#1892 = DIRECTION('',(0.,0.,1.));
#1893 = DIRECTION('',(1.,0.,-0.));
#1894 = ADVANCED_FACE('',(#1895),#1901,.T.);
#1895 = FACE_BOUND('',#1896,.T.);
#1896 = EDGE_LOOP('',(#1897,#1898,#1899,#1900));
#1897 = ORIENTED_EDGE('',*,*,#1788,.F.);
#1898 = ORIENTED_EDGE('',*,*,#1849,.T.);
#1899 = ORIENTED_EDGE('',*,*,#1828,.T.);
#1900 = ORIENTED_EDGE('',*,*,#1871,.F.);
#1901 = PLANE('',#1902);
#1902 = AXIS2_PLACEMENT_3D('',#1903,#1904,#1905);
#1903 = CARTESIAN_POINT('',(-0.9,1.08,8.E-02));
#1904 = DIRECTION('',(0.,0.,1.));
#1905 = DIRECTION('',(1.,0.,-0.));
#1906 = ( GEOMETRIC_REPRESENTATION_CONTEXT(3) 
GLOBAL_UNCERTAINTY_ASSIGNED_CONTEXT((#1910)) 
GLOBAL_UNIT_ASSIGNED_CONTEXT((#1907,#1908,#1909)) REPRESENTATION_CONTEXT
('Context #1','3D Context with UNIT and UNCERTAINTY') );
#1907 = ( LENGTH_UNIT() NAMED_UNIT(*) SI_UNIT(.MILLI.,.METRE.) );
#1908 = ( NAMED_UNIT(*) PLANE_ANGLE_UNIT() SI_UNIT($,.RADIAN.) );
#1909 = ( NAMED_UNIT(*) SI_UNIT($,.STERADIAN.) SOLID_ANGLE_UNIT() );
#1910 = UNCERTAINTY_MEASURE_WITH_UNIT(LENGTH_MEASURE(1.E-07),#1907,
  'distance_accuracy_value','confusion accuracy');
#1911 = CONTEXT_DEPENDENT_SHAPE_REPRESENTATION(#1912,#1914);
#1912 = ( REPRESENTATION_RELATIONSHIP('','',#1755,#10) 
REPRESENTATION_RELATIONSHIP_WITH_TRANSFORMATION(#1913) 
SHAPE_REPRESENTATION_RELATIONSHIP() );
#1913 = ITEM_DEFINED_TRANSFORMATION('','',#11,#51);
#1914 = PRODUCT_DEFINITION_SHAPE('Placement','Placement of an item',
  #1915);
#1915 = NEXT_ASSEMBLY_USAGE_OCCURRENCE('10','Pin8','',#5,#1750,$);
#1916 = PRODUCT_RELATED_PRODUCT_CATEGORY('part',$,(#1752));
#1917 = SHAPE_DEFINITION_REPRESENTATION(#1918,#1924);
#1918 = PRODUCT_DEFINITION_SHAPE('','',#1919);
#1919 = PRODUCT_DEFINITION('design','',#1920,#1923);
#1920 = PRODUCT_DEFINITION_FORMATION('','',#1921);
#1921 = PRODUCT('Pin9','Pin9','',(#1922));
#1922 = PRODUCT_CONTEXT('',#2,'mechanical');
#1923 = PRODUCT_DEFINITION_CONTEXT('part definition',#2,'design');
#1924 = ADVANCED_BREP_SHAPE_REPRESENTATION('',(#11,#1925),#2075);
#1925 = MANIFOLD_SOLID_BREP('',#1926);
#1926 = CLOSED_SHELL('',(#1927,#1967,#2007,#2029,#2051,#2063));
#1927 = ADVANCED_FACE('',(#1928),#1962,.F.);
#1928 = FACE_BOUND('',#1929,.F.);
#1929 = EDGE_LOOP('',(#1930,#1940,#1948,#1956));
#1930 = ORIENTED_EDGE('',*,*,#1931,.F.);
#1931 = EDGE_CURVE('',#1932,#1934,#1936,.T.);
#1932 = VERTEX_POINT('',#1933);
#1933 = CARTESIAN_POINT('',(-1.4,1.08,0.));
#1934 = VERTEX_POINT('',#1935);
#1935 = CARTESIAN_POINT('',(-1.4,1.08,8.E-02));
#1936 = LINE('',#1937,#1938);
#1937 = CARTESIAN_POINT('',(-1.4,1.08,0.));
#1938 = VECTOR('',#1939,1.);
#1939 = DIRECTION('',(0.,0.,1.));
#1940 = ORIENTED_EDGE('',*,*,#1941,.T.);
#1941 = EDGE_CURVE('',#1932,#1942,#1944,.T.);
#1942 = VERTEX_POINT('',#1943);
#1943 = CARTESIAN_POINT('',(-1.4,1.73,0.));
#1944 = LINE('',#1945,#1946);
#1945 = CARTESIAN_POINT('',(-1.4,1.08,0.));
#1946 = VECTOR('',#1947,1.);
#1947 = DIRECTION('',(-0.,1.,0.));
#1948 = ORIENTED_EDGE('',*,*,#1949,.T.);
#1949 = EDGE_CURVE('',#1942,#1950,#1952,.T.);
#1950 = VERTEX_POINT('',#1951);
#1951 = CARTESIAN_POINT('',(-1.4,1.73,8.E-02));
#1952 = LINE('',#1953,#1954);
#1953 = CARTESIAN_POINT('',(-1.4,1.73,0.));
#1954 = VECTOR('',#1955,1.);
#1955 = DIRECTION('',(0.,0.,1.));
#1956 = ORIENTED_EDGE('',*,*,#1957,.F.);
#1957 = EDGE_CURVE('',#1934,#1950,#1958,.T.);
#1958 = LINE('',#1959,#1960);
#1959 = CARTESIAN_POINT('',(-1.4,1.08,8.E-02));
#1960 = VECTOR('',#1961,1.);
#1961 = DIRECTION('',(-0.,1.,0.));
#1962 = PLANE('',#1963);
#1963 = AXIS2_PLACEMENT_3D('',#1964,#1965,#1966);
#1964 = CARTESIAN_POINT('',(-1.4,1.08,0.));
#1965 = DIRECTION('',(1.,0.,-0.));
#1966 = DIRECTION('',(0.,0.,1.));
#1967 = ADVANCED_FACE('',(#1968),#2002,.T.);
#1968 = FACE_BOUND('',#1969,.T.);
#1969 = EDGE_LOOP('',(#1970,#1980,#1988,#1996));
#1970 = ORIENTED_EDGE('',*,*,#1971,.F.);
#1971 = EDGE_CURVE('',#1972,#1974,#1976,.T.);
#1972 = VERTEX_POINT('',#1973);
#1973 = CARTESIAN_POINT('',(-1.1,1.08,0.));
#1974 = VERTEX_POINT('',#1975);
#1975 = CARTESIAN_POINT('',(-1.1,1.08,8.E-02));
#1976 = LINE('',#1977,#1978);
#1977 = CARTESIAN_POINT('',(-1.1,1.08,0.));
#1978 = VECTOR('',#1979,1.);
#1979 = DIRECTION('',(0.,0.,1.));
#1980 = ORIENTED_EDGE('',*,*,#1981,.T.);
#1981 = EDGE_CURVE('',#1972,#1982,#1984,.T.);
#1982 = VERTEX_POINT('',#1983);
#1983 = CARTESIAN_POINT('',(-1.1,1.73,0.));
#1984 = LINE('',#1985,#1986);
#1985 = CARTESIAN_POINT('',(-1.1,1.08,0.));
#1986 = VECTOR('',#1987,1.);
#1987 = DIRECTION('',(-0.,1.,0.));
#1988 = ORIENTED_EDGE('',*,*,#1989,.T.);
#1989 = EDGE_CURVE('',#1982,#1990,#1992,.T.);
#1990 = VERTEX_POINT('',#1991);
#1991 = CARTESIAN_POINT('',(-1.1,1.73,8.E-02));
#1992 = LINE('',#1993,#1994);
#1993 = CARTESIAN_POINT('',(-1.1,1.73,0.));
#1994 = VECTOR('',#1995,1.);
#1995 = DIRECTION('',(0.,0.,1.));
#1996 = ORIENTED_EDGE('',*,*,#1997,.F.);
#1997 = EDGE_CURVE('',#1974,#1990,#1998,.T.);
#1998 = LINE('',#1999,#2000);
#1999 = CARTESIAN_POINT('',(-1.1,1.08,8.E-02));
#2000 = VECTOR('',#2001,1.);
#2001 = DIRECTION('',(-0.,1.,0.));
#2002 = PLANE('',#2003);
#2003 = AXIS2_PLACEMENT_3D('',#2004,#2005,#2006);
#2004 = CARTESIAN_POINT('',(-1.1,1.08,0.));
#2005 = DIRECTION('',(1.,0.,-0.));
#2006 = DIRECTION('',(0.,0.,1.));
#2007 = ADVANCED_FACE('',(#2008),#2024,.F.);
#2008 = FACE_BOUND('',#2009,.F.);
#2009 = EDGE_LOOP('',(#2010,#2016,#2017,#2023));
#2010 = ORIENTED_EDGE('',*,*,#2011,.F.);
#2011 = EDGE_CURVE('',#1932,#1972,#2012,.T.);
#2012 = LINE('',#2013,#2014);
#2013 = CARTESIAN_POINT('',(-1.4,1.08,0.));
#2014 = VECTOR('',#2015,1.);
#2015 = DIRECTION('',(1.,0.,-0.));
#2016 = ORIENTED_EDGE('',*,*,#1931,.T.);
#2017 = ORIENTED_EDGE('',*,*,#2018,.T.);
#2018 = EDGE_CURVE('',#1934,#1974,#2019,.T.);
#2019 = LINE('',#2020,#2021);
#2020 = CARTESIAN_POINT('',(-1.4,1.08,8.E-02));
#2021 = VECTOR('',#2022,1.);
#2022 = DIRECTION('',(1.,0.,-0.));
#2023 = ORIENTED_EDGE('',*,*,#1971,.F.);
#2024 = PLANE('',#2025);
#2025 = AXIS2_PLACEMENT_3D('',#2026,#2027,#2028);
#2026 = CARTESIAN_POINT('',(-1.4,1.08,0.));
#2027 = DIRECTION('',(-0.,1.,0.));
#2028 = DIRECTION('',(0.,0.,1.));
#2029 = ADVANCED_FACE('',(#2030),#2046,.T.);
#2030 = FACE_BOUND('',#2031,.T.);
#2031 = EDGE_LOOP('',(#2032,#2038,#2039,#2045));
#2032 = ORIENTED_EDGE('',*,*,#2033,.F.);
#2033 = EDGE_CURVE('',#1942,#1982,#2034,.T.);
#2034 = LINE('',#2035,#2036);
#2035 = CARTESIAN_POINT('',(-1.4,1.73,0.));
#2036 = VECTOR('',#2037,1.);
#2037 = DIRECTION('',(1.,0.,-0.));
#2038 = ORIENTED_EDGE('',*,*,#1949,.T.);
#2039 = ORIENTED_EDGE('',*,*,#2040,.T.);
#2040 = EDGE_CURVE('',#1950,#1990,#2041,.T.);
#2041 = LINE('',#2042,#2043);
#2042 = CARTESIAN_POINT('',(-1.4,1.73,8.E-02));
#2043 = VECTOR('',#2044,1.);
#2044 = DIRECTION('',(1.,0.,-0.));
#2045 = ORIENTED_EDGE('',*,*,#1989,.F.);
#2046 = PLANE('',#2047);
#2047 = AXIS2_PLACEMENT_3D('',#2048,#2049,#2050);
#2048 = CARTESIAN_POINT('',(-1.4,1.73,0.));
#2049 = DIRECTION('',(-0.,1.,0.));
#2050 = DIRECTION('',(0.,0.,1.));
#2051 = ADVANCED_FACE('',(#2052),#2058,.F.);
#2052 = FACE_BOUND('',#2053,.F.);
#2053 = EDGE_LOOP('',(#2054,#2055,#2056,#2057));
#2054 = ORIENTED_EDGE('',*,*,#1941,.F.);
#2055 = ORIENTED_EDGE('',*,*,#2011,.T.);
#2056 = ORIENTED_EDGE('',*,*,#1981,.T.);
#2057 = ORIENTED_EDGE('',*,*,#2033,.F.);
#2058 = PLANE('',#2059);
#2059 = AXIS2_PLACEMENT_3D('',#2060,#2061,#2062);
#2060 = CARTESIAN_POINT('',(-1.4,1.08,0.));
#2061 = DIRECTION('',(0.,0.,1.));
#2062 = DIRECTION('',(1.,0.,-0.));
#2063 = ADVANCED_FACE('',(#2064),#2070,.T.);
#2064 = FACE_BOUND('',#2065,.T.);
#2065 = EDGE_LOOP('',(#2066,#2067,#2068,#2069));
#2066 = ORIENTED_EDGE('',*,*,#1957,.F.);
#2067 = ORIENTED_EDGE('',*,*,#2018,.T.);
#2068 = ORIENTED_EDGE('',*,*,#1997,.T.);
#2069 = ORIENTED_EDGE('',*,*,#2040,.F.);
#2070 = PLANE('',#2071);
#2071 = AXIS2_PLACEMENT_3D('',#2072,#2073,#2074);
#2072 = CARTESIAN_POINT('',(-1.4,1.08,8.E-02));
#2073 = DIRECTION('',(0.,0.,1.));
#2074 = DIRECTION('',(1.,0.,-0.));
#2075 = ( GEOMETRIC_REPRESENTATION_CONTEXT(3) 
GLOBAL_UNCERTAINTY_ASSIGNED_CONTEXT((#2079)) 
GLOBAL_UNIT_ASSIGNED_CONTEXT((#2076,#2077,#2078)) REPRESENTATION_CONTEXT
('Context #1','3D Context with UNIT and UNCERTAINTY') );
#2076 = ( LENGTH_UNIT() NAMED_UNIT(*) SI_UNIT(.MILLI.,.METRE.) );
#2077 = ( NAMED_UNIT(*) PLANE_ANGLE_UNIT() SI_UNIT($,.RADIAN.) );
#2078 = ( NAMED_UNIT(*) SI_UNIT($,.STERADIAN.) SOLID_ANGLE_UNIT() );
#2079 = UNCERTAINTY_MEASURE_WITH_UNIT(LENGTH_MEASURE(1.E-07),#2076,
  'distance_accuracy_value','confusion accuracy');
#2080 = CONTEXT_DEPENDENT_SHAPE_REPRESENTATION(#2081,#2083);
#2081 = ( REPRESENTATION_RELATIONSHIP('','',#1924,#10) 
REPRESENTATION_RELATIONSHIP_WITH_TRANSFORMATION(#2082) 
SHAPE_REPRESENTATION_RELATIONSHIP() );
#2082 = ITEM_DEFINED_TRANSFORMATION('','',#11,#55);
#2083 = PRODUCT_DEFINITION_SHAPE('Placement','Placement of an item',
  #2084);
#2084 = NEXT_ASSEMBLY_USAGE_OCCURRENCE('11','Pin9','',#5,#1919,$);
#2085 = PRODUCT_RELATED_PRODUCT_CATEGORY('part',$,(#1921));
#2086 = SHAPE_DEFINITION_REPRESENTATION(#2087,#2093);
#2087 = PRODUCT_DEFINITION_SHAPE('','',#2088);
#2088 = PRODUCT_DEFINITION('design','',#2089,#2092);
#2089 = PRODUCT_DEFINITION_FORMATION('','',#2090);
#2090 = PRODUCT('Pin10','Pin10','',(#2091));
#2091 = PRODUCT_CONTEXT('',#2,'mechanical');
#2092 = PRODUCT_DEFINITION_CONTEXT('part definition',#2,'design');
#2093 = ADVANCED_BREP_SHAPE_REPRESENTATION('',(#11,#2094),#2244);
#2094 = MANIFOLD_SOLID_BREP('',#2095);
#2095 = CLOSED_SHELL('',(#2096,#2136,#2176,#2198,#2220,#2232));
#2096 = ADVANCED_FACE('',(#2097),#2131,.F.);
#2097 = FACE_BOUND('',#2098,.F.);
#2098 = EDGE_LOOP('',(#2099,#2109,#2117,#2125));
#2099 = ORIENTED_EDGE('',*,*,#2100,.F.);
#2100 = EDGE_CURVE('',#2101,#2103,#2105,.T.);
#2101 = VERTEX_POINT('',#2102);
#2102 = CARTESIAN_POINT('',(-1.9,1.08,0.));
#2103 = VERTEX_POINT('',#2104);
#2104 = CARTESIAN_POINT('',(-1.9,1.08,8.E-02));
#2105 = LINE('',#2106,#2107);
#2106 = CARTESIAN_POINT('',(-1.9,1.08,0.));
#2107 = VECTOR('',#2108,1.);
#2108 = DIRECTION('',(0.,0.,1.));
#2109 = ORIENTED_EDGE('',*,*,#2110,.T.);
#2110 = EDGE_CURVE('',#2101,#2111,#2113,.T.);
#2111 = VERTEX_POINT('',#2112);
#2112 = CARTESIAN_POINT('',(-1.9,1.73,0.));
#2113 = LINE('',#2114,#2115);
#2114 = CARTESIAN_POINT('',(-1.9,1.08,0.));
#2115 = VECTOR('',#2116,1.);
#2116 = DIRECTION('',(-0.,1.,0.));
#2117 = ORIENTED_EDGE('',*,*,#2118,.T.);
#2118 = EDGE_CURVE('',#2111,#2119,#2121,.T.);
#2119 = VERTEX_POINT('',#2120);
#2120 = CARTESIAN_POINT('',(-1.9,1.73,8.E-02));
#2121 = LINE('',#2122,#2123);
#2122 = CARTESIAN_POINT('',(-1.9,1.73,0.));
#2123 = VECTOR('',#2124,1.);
#2124 = DIRECTION('',(0.,0.,1.));
#2125 = ORIENTED_EDGE('',*,*,#2126,.F.);
#2126 = EDGE_CURVE('',#2103,#2119,#2127,.T.);
#2127 = LINE('',#2128,#2129);
#2128 = CARTESIAN_POINT('',(-1.9,1.08,8.E-02));
#2129 = VECTOR('',#2130,1.);
#2130 = DIRECTION('',(-0.,1.,0.));
#2131 = PLANE('',#2132);
#2132 = AXIS2_PLACEMENT_3D('',#2133,#2134,#2135);
#2133 = CARTESIAN_POINT('',(-1.9,1.08,0.));
#2134 = DIRECTION('',(1.,0.,-0.));
#2135 = DIRECTION('',(0.,0.,1.));
#2136 = ADVANCED_FACE('',(#2137),#2171,.T.);
#2137 = FACE_BOUND('',#2138,.T.);
#2138 = EDGE_LOOP('',(#2139,#2149,#2157,#2165));
#2139 = ORIENTED_EDGE('',*,*,#2140,.F.);
#2140 = EDGE_CURVE('',#2141,#2143,#2145,.T.);
#2141 = VERTEX_POINT('',#2142);
#2142 = CARTESIAN_POINT('',(-1.6,1.08,0.));
#2143 = VERTEX_POINT('',#2144);
#2144 = CARTESIAN_POINT('',(-1.6,1.08,8.E-02));
#2145 = LINE('',#2146,#2147);
#2146 = CARTESIAN_POINT('',(-1.6,1.08,0.));
#2147 = VECTOR('',#2148,1.);
#2148 = DIRECTION('',(0.,0.,1.));
#2149 = ORIENTED_EDGE('',*,*,#2150,.T.);
#2150 = EDGE_CURVE('',#2141,#2151,#2153,.T.);
#2151 = VERTEX_POINT('',#2152);
#2152 = CARTESIAN_POINT('',(-1.6,1.73,0.));
#2153 = LINE('',#2154,#2155);
#2154 = CARTESIAN_POINT('',(-1.6,1.08,0.));
#2155 = VECTOR('',#2156,1.);
#2156 = DIRECTION('',(-0.,1.,0.));
#2157 = ORIENTED_EDGE('',*,*,#2158,.T.);
#2158 = EDGE_CURVE('',#2151,#2159,#2161,.T.);
#2159 = VERTEX_POINT('',#2160);
#2160 = CARTESIAN_POINT('',(-1.6,1.73,8.E-02));
#2161 = LINE('',#2162,#2163);
#2162 = CARTESIAN_POINT('',(-1.6,1.73,0.));
#2163 = VECTOR('',#2164,1.);
#2164 = DIRECTION('',(0.,0.,1.));
#2165 = ORIENTED_EDGE('',*,*,#2166,.F.);
#2166 = EDGE_CURVE('',#2143,#2159,#2167,.T.);
#2167 = LINE('',#2168,#2169);
#2168 = CARTESIAN_POINT('',(-1.6,1.08,8.E-02));
#2169 = VECTOR('',#2170,1.);
#2170 = DIRECTION('',(-0.,1.,0.));
#2171 = PLANE('',#2172);
#2172 = AXIS2_PLACEMENT_3D('',#2173,#2174,#2175);
#2173 = CARTESIAN_POINT('',(-1.6,1.08,0.));
#2174 = DIRECTION('',(1.,0.,-0.));
#2175 = DIRECTION('',(0.,0.,1.));
#2176 = ADVANCED_FACE('',(#2177),#2193,.F.);
#2177 = FACE_BOUND('',#2178,.F.);
#2178 = EDGE_LOOP('',(#2179,#2185,#2186,#2192));
#2179 = ORIENTED_EDGE('',*,*,#2180,.F.);
#2180 = EDGE_CURVE('',#2101,#2141,#2181,.T.);
#2181 = LINE('',#2182,#2183);
#2182 = CARTESIAN_POINT('',(-1.9,1.08,0.));
#2183 = VECTOR('',#2184,1.);
#2184 = DIRECTION('',(1.,0.,-0.));
#2185 = ORIENTED_EDGE('',*,*,#2100,.T.);
#2186 = ORIENTED_EDGE('',*,*,#2187,.T.);
#2187 = EDGE_CURVE('',#2103,#2143,#2188,.T.);
#2188 = LINE('',#2189,#2190);
#2189 = CARTESIAN_POINT('',(-1.9,1.08,8.E-02));
#2190 = VECTOR('',#2191,1.);
#2191 = DIRECTION('',(1.,0.,-0.));
#2192 = ORIENTED_EDGE('',*,*,#2140,.F.);
#2193 = PLANE('',#2194);
#2194 = AXIS2_PLACEMENT_3D('',#2195,#2196,#2197);
#2195 = CARTESIAN_POINT('',(-1.9,1.08,0.));
#2196 = DIRECTION('',(-0.,1.,0.));
#2197 = DIRECTION('',(0.,0.,1.));
#2198 = ADVANCED_FACE('',(#2199),#2215,.T.);
#2199 = FACE_BOUND('',#2200,.T.);
#2200 = EDGE_LOOP('',(#2201,#2207,#2208,#2214));
#2201 = ORIENTED_EDGE('',*,*,#2202,.F.);
#2202 = EDGE_CURVE('',#2111,#2151,#2203,.T.);
#2203 = LINE('',#2204,#2205);
#2204 = CARTESIAN_POINT('',(-1.9,1.73,0.));
#2205 = VECTOR('',#2206,1.);
#2206 = DIRECTION('',(1.,0.,-0.));
#2207 = ORIENTED_EDGE('',*,*,#2118,.T.);
#2208 = ORIENTED_EDGE('',*,*,#2209,.T.);
#2209 = EDGE_CURVE('',#2119,#2159,#2210,.T.);
#2210 = LINE('',#2211,#2212);
#2211 = CARTESIAN_POINT('',(-1.9,1.73,8.E-02));
#2212 = VECTOR('',#2213,1.);
#2213 = DIRECTION('',(1.,0.,-0.));
#2214 = ORIENTED_EDGE('',*,*,#2158,.F.);
#2215 = PLANE('',#2216);
#2216 = AXIS2_PLACEMENT_3D('',#2217,#2218,#2219);
#2217 = CARTESIAN_POINT('',(-1.9,1.73,0.));
#2218 = DIRECTION('',(-0.,1.,0.));
#2219 = DIRECTION('',(0.,0.,1.));
#2220 = ADVANCED_FACE('',(#2221),#2227,.F.);
#2221 = FACE_BOUND('',#2222,.F.);
#2222 = EDGE_LOOP('',(#2223,#2224,#2225,#2226));
#2223 = ORIENTED_EDGE('',*,*,#2110,.F.);
#2224 = ORIENTED_EDGE('',*,*,#2180,.T.);
#2225 = ORIENTED_EDGE('',*,*,#2150,.T.);
#2226 = ORIENTED_EDGE('',*,*,#2202,.F.);
#2227 = PLANE('',#2228);
#2228 = AXIS2_PLACEMENT_3D('',#2229,#2230,#2231);
#2229 = CARTESIAN_POINT('',(-1.9,1.08,0.));
#2230 = DIRECTION('',(0.,0.,1.));
#2231 = DIRECTION('',(1.,0.,-0.));
#2232 = ADVANCED_FACE('',(#2233),#2239,.T.);
#2233 = FACE_BOUND('',#2234,.T.);
#2234 = EDGE_LOOP('',(#2235,#2236,#2237,#2238));
#2235 = ORIENTED_EDGE('',*,*,#2126,.F.);
#2236 = ORIENTED_EDGE('',*,*,#2187,.T.);
#2237 = ORIENTED_EDGE('',*,*,#2166,.T.);
#2238 = ORIENTED_EDGE('',*,*,#2209,.F.);
#2239 = PLANE('',#2240);
#2240 = AXIS2_PLACEMENT_3D('',#2241,#2242,#2243);
#2241 = CARTESIAN_POINT('',(-1.9,1.08,8.E-02));
#2242 = DIRECTION('',(0.,0.,1.));
#2243 = DIRECTION('',(1.,0.,-0.));
#2244 = ( GEOMETRIC_REPRESENTATION_CONTEXT(3) 
GLOBAL_UNCERTAINTY_ASSIGNED_CONTEXT((#2248)) 
GLOBAL_UNIT_ASSIGNED_CONTEXT((#2245,#2246,#2247)) REPRESENTATION_CONTEXT
('Context #1','3D Context with UNIT and UNCERTAINTY') );
#2245 = ( LENGTH_UNIT() NAMED_UNIT(*) SI_UNIT(.MILLI.,.METRE.) );
#2246 = ( NAMED_UNIT(*) PLANE_ANGLE_UNIT() SI_UNIT($,.RADIAN.) );
#2247 = ( NAMED_UNIT(*) SI_UNIT($,.STERADIAN.) SOLID_ANGLE_UNIT() );
#2248 = UNCERTAINTY_MEASURE_WITH_UNIT(LENGTH_MEASURE(1.E-07),#2245,
  'distance_accuracy_value','confusion accuracy');
#2249 = CONTEXT_DEPENDENT_SHAPE_REPRESENTATION(#2250,#2252);
#2250 = ( REPRESENTATION_RELATIONSHIP('','',#2093,#10) 
REPRESENTATION_RELATIONSHIP_WITH_TRANSFORMATION(#2251) 
SHAPE_REPRESENTATION_RELATIONSHIP() );
#2251 = ITEM_DEFINED_TRANSFORMATION('','',#11,#59);
#2252 = PRODUCT_DEFINITION_SHAPE('Placement','Placement of an item',
  #2253);
#2253 = NEXT_ASSEMBLY_USAGE_OCCURRENCE('12','Pin10','',#5,#2088,$);
#2254 = PRODUCT_RELATED_PRODUCT_CATEGORY('part',$,(#2090));
#2255 = SHAPE_DEFINITION_REPRESENTATION(#2256,#2262);
#2256 = PRODUCT_DEFINITION_SHAPE('','',#2257);
#2257 = PRODUCT_DEFINITION('design','',#2258,#2261);
#2258 = PRODUCT_DEFINITION_FORMATION('','',#2259);
#2259 = PRODUCT('Pin11','Pin11','',(#2260));
#2260 = PRODUCT_CONTEXT('',#2,'mechanical');
#2261 = PRODUCT_DEFINITION_CONTEXT('part definition',#2,'design');
#2262 = ADVANCED_BREP_SHAPE_REPRESENTATION('',(#11,#2263),#2413);
#2263 = MANIFOLD_SOLID_BREP('',#2264);
#2264 = CLOSED_SHELL('',(#2265,#2305,#2345,#2367,#2389,#2401));
#2265 = ADVANCED_FACE('',(#2266),#2300,.F.);
#2266 = FACE_BOUND('',#2267,.F.);
#2267 = EDGE_LOOP('',(#2268,#2278,#2286,#2294));
#2268 = ORIENTED_EDGE('',*,*,#2269,.F.);
#2269 = EDGE_CURVE('',#2270,#2272,#2274,.T.);
#2270 = VERTEX_POINT('',#2271);
#2271 = CARTESIAN_POINT('',(-2.4,1.08,0.));
#2272 = VERTEX_POINT('',#2273);
#2273 = CARTESIAN_POINT('',(-2.4,1.08,8.E-02));
#2274 = LINE('',#2275,#2276);
#2275 = CARTESIAN_POINT('',(-2.4,1.08,0.));
#2276 = VECTOR('',#2277,1.);
#2277 = DIRECTION('',(0.,0.,1.));
#2278 = ORIENTED_EDGE('',*,*,#2279,.T.);
#2279 = EDGE_CURVE('',#2270,#2280,#2282,.T.);
#2280 = VERTEX_POINT('',#2281);
#2281 = CARTESIAN_POINT('',(-2.4,1.73,0.));
#2282 = LINE('',#2283,#2284);
#2283 = CARTESIAN_POINT('',(-2.4,1.08,0.));
#2284 = VECTOR('',#2285,1.);
#2285 = DIRECTION('',(-0.,1.,0.));
#2286 = ORIENTED_EDGE('',*,*,#2287,.T.);
#2287 = EDGE_CURVE('',#2280,#2288,#2290,.T.);
#2288 = VERTEX_POINT('',#2289);
#2289 = CARTESIAN_POINT('',(-2.4,1.73,8.E-02));
#2290 = LINE('',#2291,#2292);
#2291 = CARTESIAN_POINT('',(-2.4,1.73,0.));
#2292 = VECTOR('',#2293,1.);
#2293 = DIRECTION('',(0.,0.,1.));
#2294 = ORIENTED_EDGE('',*,*,#2295,.F.);
#2295 = EDGE_CURVE('',#2272,#2288,#2296,.T.);
#2296 = LINE('',#2297,#2298);
#2297 = CARTESIAN_POINT('',(-2.4,1.08,8.E-02));
#2298 = VECTOR('',#2299,1.);
#2299 = DIRECTION('',(-0.,1.,0.));
#2300 = PLANE('',#2301);
#2301 = AXIS2_PLACEMENT_3D('',#2302,#2303,#2304);
#2302 = CARTESIAN_POINT('',(-2.4,1.08,0.));
#2303 = DIRECTION('',(1.,0.,-0.));
#2304 = DIRECTION('',(0.,0.,1.));
#2305 = ADVANCED_FACE('',(#2306),#2340,.T.);
#2306 = FACE_BOUND('',#2307,.T.);
#2307 = EDGE_LOOP('',(#2308,#2318,#2326,#2334));
#2308 = ORIENTED_EDGE('',*,*,#2309,.F.);
#2309 = EDGE_CURVE('',#2310,#2312,#2314,.T.);
#2310 = VERTEX_POINT('',#2311);
#2311 = CARTESIAN_POINT('',(-2.1,1.08,0.));
#2312 = VERTEX_POINT('',#2313);
#2313 = CARTESIAN_POINT('',(-2.1,1.08,8.E-02));
#2314 = LINE('',#2315,#2316);
#2315 = CARTESIAN_POINT('',(-2.1,1.08,0.));
#2316 = VECTOR('',#2317,1.);
#2317 = DIRECTION('',(0.,0.,1.));
#2318 = ORIENTED_EDGE('',*,*,#2319,.T.);
#2319 = EDGE_CURVE('',#2310,#2320,#2322,.T.);
#2320 = VERTEX_POINT('',#2321);
#2321 = CARTESIAN_POINT('',(-2.1,1.73,0.));
#2322 = LINE('',#2323,#2324);
#2323 = CARTESIAN_POINT('',(-2.1,1.08,0.));
#2324 = VECTOR('',#2325,1.);
#2325 = DIRECTION('',(-0.,1.,0.));
#2326 = ORIENTED_EDGE('',*,*,#2327,.T.);
#2327 = EDGE_CURVE('',#2320,#2328,#2330,.T.);
#2328 = VERTEX_POINT('',#2329);
#2329 = CARTESIAN_POINT('',(-2.1,1.73,8.E-02));
#2330 = LINE('',#2331,#2332);
#2331 = CARTESIAN_POINT('',(-2.1,1.73,0.));
#2332 = VECTOR('',#2333,1.);
#2333 = DIRECTION('',(0.,0.,1.));
#2334 = ORIENTED_EDGE('',*,*,#2335,.F.);
#2335 = EDGE_CURVE('',#2312,#2328,#2336,.T.);
#2336 = LINE('',#2337,#2338);
#2337 = CARTESIAN_POINT('',(-2.1,1.08,8.E-02));
#2338 = VECTOR('',#2339,1.);
#2339 = DIRECTION('',(-0.,1.,0.));
#2340 = PLANE('',#2341);
#2341 = AXIS2_PLACEMENT_3D('',#2342,#2343,#2344);
#2342 = CARTESIAN_POINT('',(-2.1,1.08,0.));
#2343 = DIRECTION('',(1.,0.,-0.));
#2344 = DIRECTION('',(0.,0.,1.));
#2345 = ADVANCED_FACE('',(#2346),#2362,.F.);
#2346 = FACE_BOUND('',#2347,.F.);
#2347 = EDGE_LOOP('',(#2348,#2354,#2355,#2361));
#2348 = ORIENTED_EDGE('',*,*,#2349,.F.);
#2349 = EDGE_CURVE('',#2270,#2310,#2350,.T.);
#2350 = LINE('',#2351,#2352);
#2351 = CARTESIAN_POINT('',(-2.4,1.08,0.));
#2352 = VECTOR('',#2353,1.);
#2353 = DIRECTION('',(1.,0.,-0.));
#2354 = ORIENTED_EDGE('',*,*,#2269,.T.);
#2355 = ORIENTED_EDGE('',*,*,#2356,.T.);
#2356 = EDGE_CURVE('',#2272,#2312,#2357,.T.);
#2357 = LINE('',#2358,#2359);
#2358 = CARTESIAN_POINT('',(-2.4,1.08,8.E-02));
#2359 = VECTOR('',#2360,1.);
#2360 = DIRECTION('',(1.,0.,-0.));
#2361 = ORIENTED_EDGE('',*,*,#2309,.F.);
#2362 = PLANE('',#2363);
#2363 = AXIS2_PLACEMENT_3D('',#2364,#2365,#2366);
#2364 = CARTESIAN_POINT('',(-2.4,1.08,0.));
#2365 = DIRECTION('',(-0.,1.,0.));
#2366 = DIRECTION('',(0.,0.,1.));
#2367 = ADVANCED_FACE('',(#2368),#2384,.T.);
#2368 = FACE_BOUND('',#2369,.T.);
#2369 = EDGE_LOOP('',(#2370,#2376,#2377,#2383));
#2370 = ORIENTED_EDGE('',*,*,#2371,.F.);
#2371 = EDGE_CURVE('',#2280,#2320,#2372,.T.);
#2372 = LINE('',#2373,#2374);
#2373 = CARTESIAN_POINT('',(-2.4,1.73,0.));
#2374 = VECTOR('',#2375,1.);
#2375 = DIRECTION('',(1.,0.,-0.));
#2376 = ORIENTED_EDGE('',*,*,#2287,.T.);
#2377 = ORIENTED_EDGE('',*,*,#2378,.T.);
#2378 = EDGE_CURVE('',#2288,#2328,#2379,.T.);
#2379 = LINE('',#2380,#2381);
#2380 = CARTESIAN_POINT('',(-2.4,1.73,8.E-02));
#2381 = VECTOR('',#2382,1.);
#2382 = DIRECTION('',(1.,0.,-0.));
#2383 = ORIENTED_EDGE('',*,*,#2327,.F.);
#2384 = PLANE('',#2385);
#2385 = AXIS2_PLACEMENT_3D('',#2386,#2387,#2388);
#2386 = CARTESIAN_POINT('',(-2.4,1.73,0.));
#2387 = DIRECTION('',(-0.,1.,0.));
#2388 = DIRECTION('',(0.,0.,1.));
#2389 = ADVANCED_FACE('',(#2390),#2396,.F.);
#2390 = FACE_BOUND('',#2391,.F.);
#2391 = EDGE_LOOP('',(#2392,#2393,#2394,#2395));
#2392 = ORIENTED_EDGE('',*,*,#2279,.F.);
#2393 = ORIENTED_EDGE('',*,*,#2349,.T.);
#2394 = ORIENTED_EDGE('',*,*,#2319,.T.);
#2395 = ORIENTED_EDGE('',*,*,#2371,.F.);
#2396 = PLANE('',#2397);
#2397 = AXIS2_PLACEMENT_3D('',#2398,#2399,#2400);
#2398 = CARTESIAN_POINT('',(-2.4,1.08,0.));
#2399 = DIRECTION('',(0.,0.,1.));
#2400 = DIRECTION('',(1.,0.,-0.));
#2401 = ADVANCED_FACE('',(#2402),#2408,.T.);
#2402 = FACE_BOUND('',#2403,.T.);
#2403 = EDGE_LOOP('',(#2404,#2405,#2406,#2407));
#2404 = ORIENTED_EDGE('',*,*,#2295,.F.);
#2405 = ORIENTED_EDGE('',*,*,#2356,.T.);
#2406 = ORIENTED_EDGE('',*,*,#2335,.T.);
#2407 = ORIENTED_EDGE('',*,*,#2378,.F.);
#2408 = PLANE('',#2409);
#2409 = AXIS2_PLACEMENT_3D('',#2410,#2411,#2412);
#2410 = CARTESIAN_POINT('',(-2.4,1.08,8.E-02));
#2411 = DIRECTION('',(0.,0.,1.));
#2412 = DIRECTION('',(1.,0.,-0.));
#2413 = ( GEOMETRIC_REPRESENTATION_CONTEXT(3) 
GLOBAL_UNCERTAINTY_ASSIGNED_CONTEXT((#2417)) 
GLOBAL_UNIT_ASSIGNED_CONTEXT((#2414,#2415,#2416)) REPRESENTATION_CONTEXT
('Context #1','3D Context with UNIT and UNCERTAINTY') );
#2414 = ( LENGTH_UNIT() NAMED_UNIT(*) SI_UNIT(.MILLI.,.METRE.) );
#2415 = ( NAMED_UNIT(*) PLANE_ANGLE_UNIT() SI_UNIT($,.RADIAN.) );
#2416 = ( NAMED_UNIT(*) SI_UNIT($,.STERADIAN.) SOLID_ANGLE_UNIT() );
#2417 = UNCERTAINTY_MEASURE_WITH_UNIT(LENGTH_MEASURE(1.E-07),#2414,
  'distance_accuracy_value','confusion accuracy');
#2418 = CONTEXT_DEPENDENT_SHAPE_REPRESENTATION(#2419,#2421);
#2419 = ( REPRESENTATION_RELATIONSHIP('','',#2262,#10) 
REPRESENTATION_RELATIONSHIP_WITH_TRANSFORMATION(#2420) 
SHAPE_REPRESENTATION_RELATIONSHIP() );
#2420 = ITEM_DEFINED_TRANSFORMATION('','',#11,#63);
#2421 = PRODUCT_DEFINITION_SHAPE('Placement','Placement of an item',
  #2422);
#2422 = NEXT_ASSEMBLY_USAGE_OCCURRENCE('13','Pin11','',#5,#2257,$);
#2423 = PRODUCT_RELATED_PRODUCT_CATEGORY('part',$,(#2259));
#2424 = SHAPE_DEFINITION_REPRESENTATION(#2425,#2431);
#2425 = PRODUCT_DEFINITION_SHAPE('','',#2426);
#2426 = PRODUCT_DEFINITION('design','',#2427,#2430);
#2427 = PRODUCT_DEFINITION_FORMATION('','',#2428);
#2428 = PRODUCT('Pin12','Pin12','',(#2429));
#2429 = PRODUCT_CONTEXT('',#2,'mechanical');
#2430 = PRODUCT_DEFINITION_CONTEXT('part definition',#2,'design');
#2431 = ADVANCED_BREP_SHAPE_REPRESENTATION('',(#11,#2432),#2582);
#2432 = MANIFOLD_SOLID_BREP('',#2433);
#2433 = CLOSED_SHELL('',(#2434,#2474,#2514,#2536,#2558,#2570));
#2434 = ADVANCED_FACE('',(#2435),#2469,.F.);
#2435 = FACE_BOUND('',#2436,.F.);
#2436 = EDGE_LOOP('',(#2437,#2447,#2455,#2463));
#2437 = ORIENTED_EDGE('',*,*,#2438,.F.);
#2438 = EDGE_CURVE('',#2439,#2441,#2443,.T.);
#2439 = VERTEX_POINT('',#2440);
#2440 = CARTESIAN_POINT('',(-2.9,1.08,0.));
#2441 = VERTEX_POINT('',#2442);
#2442 = CARTESIAN_POINT('',(-2.9,1.08,8.E-02));
#2443 = LINE('',#2444,#2445);
#2444 = CARTESIAN_POINT('',(-2.9,1.08,0.));
#2445 = VECTOR('',#2446,1.);
#2446 = DIRECTION('',(0.,0.,1.));
#2447 = ORIENTED_EDGE('',*,*,#2448,.T.);
#2448 = EDGE_CURVE('',#2439,#2449,#2451,.T.);
#2449 = VERTEX_POINT('',#2450);
#2450 = CARTESIAN_POINT('',(-2.9,1.73,0.));
#2451 = LINE('',#2452,#2453);
#2452 = CARTESIAN_POINT('',(-2.9,1.08,0.));
#2453 = VECTOR('',#2454,1.);
#2454 = DIRECTION('',(-0.,1.,0.));
#2455 = ORIENTED_EDGE('',*,*,#2456,.T.);
#2456 = EDGE_CURVE('',#2449,#2457,#2459,.T.);
#2457 = VERTEX_POINT('',#2458);
#2458 = CARTESIAN_POINT('',(-2.9,1.73,8.E-02));
#2459 = LINE('',#2460,#2461);
#2460 = CARTESIAN_POINT('',(-2.9,1.73,0.));
#2461 = VECTOR('',#2462,1.);
#2462 = DIRECTION('',(0.,0.,1.));
#2463 = ORIENTED_EDGE('',*,*,#2464,.F.);
#2464 = EDGE_CURVE('',#2441,#2457,#2465,.T.);
#2465 = LINE('',#2466,#2467);
#2466 = CARTESIAN_POINT('',(-2.9,1.08,8.E-02));
#2467 = VECTOR('',#2468,1.);
#2468 = DIRECTION('',(-0.,1.,0.));
#2469 = PLANE('',#2470);
#2470 = AXIS2_PLACEMENT_3D('',#2471,#2472,#2473);
#2471 = CARTESIAN_POINT('',(-2.9,1.08,0.));
#2472 = DIRECTION('',(1.,0.,-0.));
#2473 = DIRECTION('',(0.,0.,1.));
#2474 = ADVANCED_FACE('',(#2475),#2509,.T.);
#2475 = FACE_BOUND('',#2476,.T.);
#2476 = EDGE_LOOP('',(#2477,#2487,#2495,#2503));
#2477 = ORIENTED_EDGE('',*,*,#2478,.F.);
#2478 = EDGE_CURVE('',#2479,#2481,#2483,.T.);
#2479 = VERTEX_POINT('',#2480);
#2480 = CARTESIAN_POINT('',(-2.6,1.08,0.));
#2481 = VERTEX_POINT('',#2482);
#2482 = CARTESIAN_POINT('',(-2.6,1.08,8.E-02));
#2483 = LINE('',#2484,#2485);
#2484 = CARTESIAN_POINT('',(-2.6,1.08,0.));
#2485 = VECTOR('',#2486,1.);
#2486 = DIRECTION('',(0.,0.,1.));
#2487 = ORIENTED_EDGE('',*,*,#2488,.T.);
#2488 = EDGE_CURVE('',#2479,#2489,#2491,.T.);
#2489 = VERTEX_POINT('',#2490);
#2490 = CARTESIAN_POINT('',(-2.6,1.73,0.));
#2491 = LINE('',#2492,#2493);
#2492 = CARTESIAN_POINT('',(-2.6,1.08,0.));
#2493 = VECTOR('',#2494,1.);
#2494 = DIRECTION('',(-0.,1.,0.));
#2495 = ORIENTED_EDGE('',*,*,#2496,.T.);
#2496 = EDGE_CURVE('',#2489,#2497,#2499,.T.);
#2497 = VERTEX_POINT('',#2498);
#2498 = CARTESIAN_POINT('',(-2.6,1.73,8.E-02));
#2499 = LINE('',#2500,#2501);
#2500 = CARTESIAN_POINT('',(-2.6,1.73,0.));
#2501 = VECTOR('',#2502,1.);
#2502 = DIRECTION('',(0.,0.,1.));
#2503 = ORIENTED_EDGE('',*,*,#2504,.F.);
#2504 = EDGE_CURVE('',#2481,#2497,#2505,.T.);
#2505 = LINE('',#2506,#2507);
#2506 = CARTESIAN_POINT('',(-2.6,1.08,8.E-02));
#2507 = VECTOR('',#2508,1.);
#2508 = DIRECTION('',(-0.,1.,0.));
#2509 = PLANE('',#2510);
#2510 = AXIS2_PLACEMENT_3D('',#2511,#2512,#2513);
#2511 = CARTESIAN_POINT('',(-2.6,1.08,0.));
#2512 = DIRECTION('',(1.,0.,-0.));
#2513 = DIRECTION('',(0.,0.,1.));
#2514 = ADVANCED_FACE('',(#2515),#2531,.F.);
#2515 = FACE_BOUND('',#2516,.F.);
#2516 = EDGE_LOOP('',(#2517,#2523,#2524,#2530));
#2517 = ORIENTED_EDGE('',*,*,#2518,.F.);
#2518 = EDGE_CURVE('',#2439,#2479,#2519,.T.);
#2519 = LINE('',#2520,#2521);
#2520 = CARTESIAN_POINT('',(-2.9,1.08,0.));
#2521 = VECTOR('',#2522,1.);
#2522 = DIRECTION('',(1.,0.,-0.));
#2523 = ORIENTED_EDGE('',*,*,#2438,.T.);
#2524 = ORIENTED_EDGE('',*,*,#2525,.T.);
#2525 = EDGE_CURVE('',#2441,#2481,#2526,.T.);
#2526 = LINE('',#2527,#2528);
#2527 = CARTESIAN_POINT('',(-2.9,1.08,8.E-02));
#2528 = VECTOR('',#2529,1.);
#2529 = DIRECTION('',(1.,0.,-0.));
#2530 = ORIENTED_EDGE('',*,*,#2478,.F.);
#2531 = PLANE('',#2532);
#2532 = AXIS2_PLACEMENT_3D('',#2533,#2534,#2535);
#2533 = CARTESIAN_POINT('',(-2.9,1.08,0.));
#2534 = DIRECTION('',(-0.,1.,0.));
#2535 = DIRECTION('',(0.,0.,1.));
#2536 = ADVANCED_FACE('',(#2537),#2553,.T.);
#2537 = FACE_BOUND('',#2538,.T.);
#2538 = EDGE_LOOP('',(#2539,#2545,#2546,#2552));
#2539 = ORIENTED_EDGE('',*,*,#2540,.F.);
#2540 = EDGE_CURVE('',#2449,#2489,#2541,.T.);
#2541 = LINE('',#2542,#2543);
#2542 = CARTESIAN_POINT('',(-2.9,1.73,0.));
#2543 = VECTOR('',#2544,1.);
#2544 = DIRECTION('',(1.,0.,-0.));
#2545 = ORIENTED_EDGE('',*,*,#2456,.T.);
#2546 = ORIENTED_EDGE('',*,*,#2547,.T.);
#2547 = EDGE_CURVE('',#2457,#2497,#2548,.T.);
#2548 = LINE('',#2549,#2550);
#2549 = CARTESIAN_POINT('',(-2.9,1.73,8.E-02));
#2550 = VECTOR('',#2551,1.);
#2551 = DIRECTION('',(1.,0.,-0.));
#2552 = ORIENTED_EDGE('',*,*,#2496,.F.);
#2553 = PLANE('',#2554);
#2554 = AXIS2_PLACEMENT_3D('',#2555,#2556,#2557);
#2555 = CARTESIAN_POINT('',(-2.9,1.73,0.));
#2556 = DIRECTION('',(-0.,1.,0.));
#2557 = DIRECTION('',(0.,0.,1.));
#2558 = ADVANCED_FACE('',(#2559),#2565,.F.);
#2559 = FACE_BOUND('',#2560,.F.);
#2560 = EDGE_LOOP('',(#2561,#2562,#2563,#2564));
#2561 = ORIENTED_EDGE('',*,*,#2448,.F.);
#2562 = ORIENTED_EDGE('',*,*,#2518,.T.);
#2563 = ORIENTED_EDGE('',*,*,#2488,.T.);
#2564 = ORIENTED_EDGE('',*,*,#2540,.F.);
#2565 = PLANE('',#2566);
#2566 = AXIS2_PLACEMENT_3D('',#2567,#2568,#2569);
#2567 = CARTESIAN_POINT('',(-2.9,1.08,0.));
#2568 = DIRECTION('',(0.,0.,1.));
#2569 = DIRECTION('',(1.,0.,-0.));
#2570 = ADVANCED_FACE('',(#2571),#2577,.T.);
#2571 = FACE_BOUND('',#2572,.T.);
#2572 = EDGE_LOOP('',(#2573,#2574,#2575,#2576));
#2573 = ORIENTED_EDGE('',*,*,#2464,.F.);
#2574 = ORIENTED_EDGE('',*,*,#2525,.T.);
#2575 = ORIENTED_EDGE('',*,*,#2504,.T.);
#2576 = ORIENTED_EDGE('',*,*,#2547,.F.);
#2577 = PLANE('',#2578);
#2578 = AXIS2_PLACEMENT_3D('',#2579,#2580,#2581);
#2579 = CARTESIAN_POINT('',(-2.9,1.08,8.E-02));
#2580 = DIRECTION('',(0.,0.,1.));
#2581 = DIRECTION('',(1.,0.,-0.));
#2582 = ( GEOMETRIC_REPRESENTATION_CONTEXT(3) 
GLOBAL_UNCERTAINTY_ASSIGNED_CONTEXT((#2586)) 
GLOBAL_UNIT_ASSIGNED_CONTEXT((#2583,#2584,#2585)) REPRESENTATION_CONTEXT
('Context #1','3D Context with UNIT and UNCERTAINTY') );
#2583 = ( LENGTH_UNIT() NAMED_UNIT(*) SI_UNIT(.MILLI.,.METRE.) );
#2584 = ( NAMED_UNIT(*) PLANE_ANGLE_UNIT() SI_UNIT($,.RADIAN.) );
#2585 = ( NAMED_UNIT(*) SI_UNIT($,.STERADIAN.) SOLID_ANGLE_UNIT() );
#2586 = UNCERTAINTY_MEASURE_WITH_UNIT(LENGTH_MEASURE(1.E-07),#2583,
  'distance_accuracy_value','confusion accuracy');
#2587 = CONTEXT_DEPENDENT_SHAPE_REPRESENTATION(#2588,#2590);
#2588 = ( REPRESENTATION_RELATIONSHIP('','',#2431,#10) 
REPRESENTATION_RELATIONSHIP_WITH_TRANSFORMATION(#2589) 
SHAPE_REPRESENTATION_RELATIONSHIP() );
#2589 = ITEM_DEFINED_TRANSFORMATION('','',#11,#67);
#2590 = PRODUCT_DEFINITION_SHAPE('Placement','Placement of an item',
  #2591);
#2591 = NEXT_ASSEMBLY_USAGE_OCCURRENCE('14','Pin12','',#5,#2426,$);
#2592 = PRODUCT_RELATED_PRODUCT_CATEGORY('part',$,(#2428));
#2593 = SHAPE_DEFINITION_REPRESENTATION(#2594,#2600);
#2594 = PRODUCT_DEFINITION_SHAPE('','',#2595);
#2595 = PRODUCT_DEFINITION('design','',#2596,#2599);
#2596 = PRODUCT_DEFINITION_FORMATION('','',#2597);
#2597 = PRODUCT('Mount','Mount','',(#2598));
#2598 = PRODUCT_CONTEXT('',#2,'mechanical');
#2599 = PRODUCT_DEFINITION_CONTEXT('part definition',#2,'design');
#2600 = ADVANCED_BREP_SHAPE_REPRESENTATION('',(#11,#2601),#2751);
#2601 = MANIFOLD_SOLID_BREP('',#2602);
#2602 = CLOSED_SHELL('',(#2603,#2643,#2683,#2705,#2727,#2739));
#2603 = ADVANCED_FACE('',(#2604),#2638,.F.);
#2604 = FACE_BOUND('',#2605,.F.);
#2605 = EDGE_LOOP('',(#2606,#2616,#2624,#2632));
#2606 = ORIENTED_EDGE('',*,*,#2607,.F.);
#2607 = EDGE_CURVE('',#2608,#2610,#2612,.T.);
#2608 = VERTEX_POINT('',#2609);
#2609 = CARTESIAN_POINT('',(-3.785,-1.98,0.));
#2610 = VERTEX_POINT('',#2611);
#2611 = CARTESIAN_POINT('',(-3.785,-1.98,0.1));
#2612 = LINE('',#2613,#2614);
#2613 = CARTESIAN_POINT('',(-3.785,-1.98,0.));
#2614 = VECTOR('',#2615,1.);
#2615 = DIRECTION('',(0.,0.,1.));
#2616 = ORIENTED_EDGE('',*,*,#2617,.T.);
#2617 = EDGE_CURVE('',#2608,#2618,#2620,.T.);
#2618 = VERTEX_POINT('',#2619);
#2619 = CARTESIAN_POINT('',(-3.785,-0.83,0.));
#2620 = LINE('',#2621,#2622);
#2621 = CARTESIAN_POINT('',(-3.785,-1.98,0.));
#2622 = VECTOR('',#2623,1.);
#2623 = DIRECTION('',(-0.,1.,0.));
#2624 = ORIENTED_EDGE('',*,*,#2625,.T.);
#2625 = EDGE_CURVE('',#2618,#2626,#2628,.T.);
#2626 = VERTEX_POINT('',#2627);
#2627 = CARTESIAN_POINT('',(-3.785,-0.83,0.1));
#2628 = LINE('',#2629,#2630);
#2629 = CARTESIAN_POINT('',(-3.785,-0.83,0.));
#2630 = VECTOR('',#2631,1.);
#2631 = DIRECTION('',(0.,0.,1.));
#2632 = ORIENTED_EDGE('',*,*,#2633,.F.);
#2633 = EDGE_CURVE('',#2610,#2626,#2634,.T.);
#2634 = LINE('',#2635,#2636);
#2635 = CARTESIAN_POINT('',(-3.785,-1.98,0.1));
#2636 = VECTOR('',#2637,1.);
#2637 = DIRECTION('',(-0.,1.,0.));
#2638 = PLANE('',#2639);
#2639 = AXIS2_PLACEMENT_3D('',#2640,#2641,#2642);
#2640 = CARTESIAN_POINT('',(-3.785,-1.98,0.));
#2641 = DIRECTION('',(1.,0.,-0.));
#2642 = DIRECTION('',(0.,0.,1.));
#2643 = ADVANCED_FACE('',(#2644),#2678,.T.);
#2644 = FACE_BOUND('',#2645,.T.);
#2645 = EDGE_LOOP('',(#2646,#2656,#2664,#2672));
#2646 = ORIENTED_EDGE('',*,*,#2647,.F.);
#2647 = EDGE_CURVE('',#2648,#2650,#2652,.T.);
#2648 = VERTEX_POINT('',#2649);
#2649 = CARTESIAN_POINT('',(-3.485,-1.98,0.));
#2650 = VERTEX_POINT('',#2651);
#2651 = CARTESIAN_POINT('',(-3.485,-1.98,0.1));
#2652 = LINE('',#2653,#2654);
#2653 = CARTESIAN_POINT('',(-3.485,-1.98,0.));
#2654 = VECTOR('',#2655,1.);
#2655 = DIRECTION('',(0.,0.,1.));
#2656 = ORIENTED_EDGE('',*,*,#2657,.T.);
#2657 = EDGE_CURVE('',#2648,#2658,#2660,.T.);
#2658 = VERTEX_POINT('',#2659);
#2659 = CARTESIAN_POINT('',(-3.485,-0.83,0.));
#2660 = LINE('',#2661,#2662);
#2661 = CARTESIAN_POINT('',(-3.485,-1.98,0.));
#2662 = VECTOR('',#2663,1.);
#2663 = DIRECTION('',(-0.,1.,0.));
#2664 = ORIENTED_EDGE('',*,*,#2665,.T.);
#2665 = EDGE_CURVE('',#2658,#2666,#2668,.T.);
#2666 = VERTEX_POINT('',#2667);
#2667 = CARTESIAN_POINT('',(-3.485,-0.83,0.1));
#2668 = LINE('',#2669,#2670);
#2669 = CARTESIAN_POINT('',(-3.485,-0.83,0.));
#2670 = VECTOR('',#2671,1.);
#2671 = DIRECTION('',(0.,0.,1.));
#2672 = ORIENTED_EDGE('',*,*,#2673,.F.);
#2673 = EDGE_CURVE('',#2650,#2666,#2674,.T.);
#2674 = LINE('',#2675,#2676);
#2675 = CARTESIAN_POINT('',(-3.485,-1.98,0.1));
#2676 = VECTOR('',#2677,1.);
#2677 = DIRECTION('',(-0.,1.,0.));
#2678 = PLANE('',#2679);
#2679 = AXIS2_PLACEMENT_3D('',#2680,#2681,#2682);
#2680 = CARTESIAN_POINT('',(-3.485,-1.98,0.));
#2681 = DIRECTION('',(1.,0.,-0.));
#2682 = DIRECTION('',(0.,0.,1.));
#2683 = ADVANCED_FACE('',(#2684),#2700,.F.);
#2684 = FACE_BOUND('',#2685,.F.);
#2685 = EDGE_LOOP('',(#2686,#2692,#2693,#2699));
#2686 = ORIENTED_EDGE('',*,*,#2687,.F.);
#2687 = EDGE_CURVE('',#2608,#2648,#2688,.T.);
#2688 = LINE('',#2689,#2690);
#2689 = CARTESIAN_POINT('',(-3.785,-1.98,0.));
#2690 = VECTOR('',#2691,1.);
#2691 = DIRECTION('',(1.,0.,-0.));
#2692 = ORIENTED_EDGE('',*,*,#2607,.T.);
#2693 = ORIENTED_EDGE('',*,*,#2694,.T.);
#2694 = EDGE_CURVE('',#2610,#2650,#2695,.T.);
#2695 = LINE('',#2696,#2697);
#2696 = CARTESIAN_POINT('',(-3.785,-1.98,0.1));
#2697 = VECTOR('',#2698,1.);
#2698 = DIRECTION('',(1.,0.,-0.));
#2699 = ORIENTED_EDGE('',*,*,#2647,.F.);
#2700 = PLANE('',#2701);
#2701 = AXIS2_PLACEMENT_3D('',#2702,#2703,#2704);
#2702 = CARTESIAN_POINT('',(-3.785,-1.98,0.));
#2703 = DIRECTION('',(-0.,1.,0.));
#2704 = DIRECTION('',(0.,0.,1.));
#2705 = ADVANCED_FACE('',(#2706),#2722,.T.);
#2706 = FACE_BOUND('',#2707,.T.);
#2707 = EDGE_LOOP('',(#2708,#2714,#2715,#2721));
#2708 = ORIENTED_EDGE('',*,*,#2709,.F.);
#2709 = EDGE_CURVE('',#2618,#2658,#2710,.T.);
#2710 = LINE('',#2711,#2712);
#2711 = CARTESIAN_POINT('',(-3.785,-0.83,0.));
#2712 = VECTOR('',#2713,1.);
#2713 = DIRECTION('',(1.,0.,-0.));
#2714 = ORIENTED_EDGE('',*,*,#2625,.T.);
#2715 = ORIENTED_EDGE('',*,*,#2716,.T.);
#2716 = EDGE_CURVE('',#2626,#2666,#2717,.T.);
#2717 = LINE('',#2718,#2719);
#2718 = CARTESIAN_POINT('',(-3.785,-0.83,0.1));
#2719 = VECTOR('',#2720,1.);
#2720 = DIRECTION('',(1.,0.,-0.));
#2721 = ORIENTED_EDGE('',*,*,#2665,.F.);
#2722 = PLANE('',#2723);
#2723 = AXIS2_PLACEMENT_3D('',#2724,#2725,#2726);
#2724 = CARTESIAN_POINT('',(-3.785,-0.83,0.));
#2725 = DIRECTION('',(-0.,1.,0.));
#2726 = DIRECTION('',(0.,0.,1.));
#2727 = ADVANCED_FACE('',(#2728),#2734,.F.);
#2728 = FACE_BOUND('',#2729,.F.);
#2729 = EDGE_LOOP('',(#2730,#2731,#2732,#2733));
#2730 = ORIENTED_EDGE('',*,*,#2617,.F.);
#2731 = ORIENTED_EDGE('',*,*,#2687,.T.);
#2732 = ORIENTED_EDGE('',*,*,#2657,.T.);
#2733 = ORIENTED_EDGE('',*,*,#2709,.F.);
#2734 = PLANE('',#2735);
#2735 = AXIS2_PLACEMENT_3D('',#2736,#2737,#2738);
#2736 = CARTESIAN_POINT('',(-3.785,-1.98,0.));
#2737 = DIRECTION('',(0.,0.,1.));
#2738 = DIRECTION('',(1.,0.,-0.));
#2739 = ADVANCED_FACE('',(#2740),#2746,.T.);
#2740 = FACE_BOUND('',#2741,.T.);
#2741 = EDGE_LOOP('',(#2742,#2743,#2744,#2745));
#2742 = ORIENTED_EDGE('',*,*,#2633,.F.);
#2743 = ORIENTED_EDGE('',*,*,#2694,.T.);
#2744 = ORIENTED_EDGE('',*,*,#2673,.T.);
#2745 = ORIENTED_EDGE('',*,*,#2716,.F.);
#2746 = PLANE('',#2747);
#2747 = AXIS2_PLACEMENT_3D('',#2748,#2749,#2750);
#2748 = CARTESIAN_POINT('',(-3.785,-1.98,0.1));
#2749 = DIRECTION('',(0.,0.,1.));
#2750 = DIRECTION('',(1.,0.,-0.));
#2751 = ( GEOMETRIC_REPRESENTATION_CONTEXT(3) 
GLOBAL_UNCERTAINTY_ASSIGNED_CONTEXT((#2755)) 
GLOBAL_UNIT_ASSIGNED_CONTEXT((#2752,#2753,#2754)) REPRESENTATION_CONTEXT
('Context #1','3D Context with UNIT and UNCERTAINTY') );
#2752 = ( LENGTH_UNIT() NAMED_UNIT(*) SI_UNIT(.MILLI.,.METRE.) );
#2753 = ( NAMED_UNIT(*) PLANE_ANGLE_UNIT() SI_UNIT($,.RADIAN.) );
#2754 = ( NAMED_UNIT(*) SI_UNIT($,.STERADIAN.) SOLID_ANGLE_UNIT() );
#2755 = UNCERTAINTY_MEASURE_WITH_UNIT(LENGTH_MEASURE(1.E-07),#2752,
  'distance_accuracy_value','confusion accuracy');
#2756 = CONTEXT_DEPENDENT_SHAPE_REPRESENTATION(#2757,#2759);
#2757 = ( REPRESENTATION_RELATIONSHIP('','',#2600,#10) 
REPRESENTATION_RELATIONSHIP_WITH_TRANSFORMATION(#2758) 
SHAPE_REPRESENTATION_RELATIONSHIP() );
#2758 = ITEM_DEFINED_TRANSFORMATION('','',#11,#71);
#2759 = PRODUCT_DEFINITION_SHAPE('Placement','Placement of an item',
  #2760);
#2760 = NEXT_ASSEMBLY_USAGE_OCCURRENCE('15','Mount','',#5,#2595,$);
#2761 = PRODUCT_RELATED_PRODUCT_CATEGORY('part',$,(#2597));
#2762 = SHAPE_DEFINITION_REPRESENTATION(#2763,#2769);
#2763 = PRODUCT_DEFINITION_SHAPE('','',#2764);
#2764 = PRODUCT_DEFINITION('design','',#2765,#2768);
#2765 = PRODUCT_DEFINITION_FORMATION('','',#2766);
#2766 = PRODUCT('Mount001','Mount001','',(#2767));
#2767 = PRODUCT_CONTEXT('',#2,'mechanical');
#2768 = PRODUCT_DEFINITION_CONTEXT('part definition',#2,'design');
#2769 = ADVANCED_BREP_SHAPE_REPRESENTATION('',(#11,#2770),#2920);
#2770 = MANIFOLD_SOLID_BREP('',#2771);
#2771 = CLOSED_SHELL('',(#2772,#2812,#2852,#2874,#2896,#2908));
#2772 = ADVANCED_FACE('',(#2773),#2807,.F.);
#2773 = FACE_BOUND('',#2774,.F.);
#2774 = EDGE_LOOP('',(#2775,#2785,#2793,#2801));
#2775 = ORIENTED_EDGE('',*,*,#2776,.F.);
#2776 = EDGE_CURVE('',#2777,#2779,#2781,.T.);
#2777 = VERTEX_POINT('',#2778);
#2778 = CARTESIAN_POINT('',(3.485,-1.98,0.));
#2779 = VERTEX_POINT('',#2780);
#2780 = CARTESIAN_POINT('',(3.485,-1.98,0.1));
#2781 = LINE('',#2782,#2783);
#2782 = CARTESIAN_POINT('',(3.485,-1.98,0.));
#2783 = VECTOR('',#2784,1.);
#2784 = DIRECTION('',(0.,0.,1.));
#2785 = ORIENTED_EDGE('',*,*,#2786,.T.);
#2786 = EDGE_CURVE('',#2777,#2787,#2789,.T.);
#2787 = VERTEX_POINT('',#2788);
#2788 = CARTESIAN_POINT('',(3.485,-0.83,0.));
#2789 = LINE('',#2790,#2791);
#2790 = CARTESIAN_POINT('',(3.485,-1.98,0.));
#2791 = VECTOR('',#2792,1.);
#2792 = DIRECTION('',(-0.,1.,0.));
#2793 = ORIENTED_EDGE('',*,*,#2794,.T.);
#2794 = EDGE_CURVE('',#2787,#2795,#2797,.T.);
#2795 = VERTEX_POINT('',#2796);
#2796 = CARTESIAN_POINT('',(3.485,-0.83,0.1));
#2797 = LINE('',#2798,#2799);
#2798 = CARTESIAN_POINT('',(3.485,-0.83,0.));
#2799 = VECTOR('',#2800,1.);
#2800 = DIRECTION('',(0.,0.,1.));
#2801 = ORIENTED_EDGE('',*,*,#2802,.F.);
#2802 = EDGE_CURVE('',#2779,#2795,#2803,.T.);
#2803 = LINE('',#2804,#2805);
#2804 = CARTESIAN_POINT('',(3.485,-1.98,0.1));
#2805 = VECTOR('',#2806,1.);
#2806 = DIRECTION('',(-0.,1.,0.));
#2807 = PLANE('',#2808);
#2808 = AXIS2_PLACEMENT_3D('',#2809,#2810,#2811);
#2809 = CARTESIAN_POINT('',(3.485,-1.98,0.));
#2810 = DIRECTION('',(1.,0.,-0.));
#2811 = DIRECTION('',(0.,0.,1.));
#2812 = ADVANCED_FACE('',(#2813),#2847,.T.);
#2813 = FACE_BOUND('',#2814,.T.);
#2814 = EDGE_LOOP('',(#2815,#2825,#2833,#2841));
#2815 = ORIENTED_EDGE('',*,*,#2816,.F.);
#2816 = EDGE_CURVE('',#2817,#2819,#2821,.T.);
#2817 = VERTEX_POINT('',#2818);
#2818 = CARTESIAN_POINT('',(3.785,-1.98,0.));
#2819 = VERTEX_POINT('',#2820);
#2820 = CARTESIAN_POINT('',(3.785,-1.98,0.1));
#2821 = LINE('',#2822,#2823);
#2822 = CARTESIAN_POINT('',(3.785,-1.98,0.));
#2823 = VECTOR('',#2824,1.);
#2824 = DIRECTION('',(0.,0.,1.));
#2825 = ORIENTED_EDGE('',*,*,#2826,.T.);
#2826 = EDGE_CURVE('',#2817,#2827,#2829,.T.);
#2827 = VERTEX_POINT('',#2828);
#2828 = CARTESIAN_POINT('',(3.785,-0.83,0.));
#2829 = LINE('',#2830,#2831);
#2830 = CARTESIAN_POINT('',(3.785,-1.98,0.));
#2831 = VECTOR('',#2832,1.);
#2832 = DIRECTION('',(-0.,1.,0.));
#2833 = ORIENTED_EDGE('',*,*,#2834,.T.);
#2834 = EDGE_CURVE('',#2827,#2835,#2837,.T.);
#2835 = VERTEX_POINT('',#2836);
#2836 = CARTESIAN_POINT('',(3.785,-0.83,0.1));
#2837 = LINE('',#2838,#2839);
#2838 = CARTESIAN_POINT('',(3.785,-0.83,0.));
#2839 = VECTOR('',#2840,1.);
#2840 = DIRECTION('',(0.,0.,1.));
#2841 = ORIENTED_EDGE('',*,*,#2842,.F.);
#2842 = EDGE_CURVE('',#2819,#2835,#2843,.T.);
#2843 = LINE('',#2844,#2845);
#2844 = CARTESIAN_POINT('',(3.785,-1.98,0.1));
#2845 = VECTOR('',#2846,1.);
#2846 = DIRECTION('',(-0.,1.,0.));
#2847 = PLANE('',#2848);
#2848 = AXIS2_PLACEMENT_3D('',#2849,#2850,#2851);
#2849 = CARTESIAN_POINT('',(3.785,-1.98,0.));
#2850 = DIRECTION('',(1.,0.,-0.));
#2851 = DIRECTION('',(0.,0.,1.));
#2852 = ADVANCED_FACE('',(#2853),#2869,.F.);
#2853 = FACE_BOUND('',#2854,.F.);
#2854 = EDGE_LOOP('',(#2855,#2861,#2862,#2868));
#2855 = ORIENTED_EDGE('',*,*,#2856,.F.);
#2856 = EDGE_CURVE('',#2777,#2817,#2857,.T.);
#2857 = LINE('',#2858,#2859);
#2858 = CARTESIAN_POINT('',(3.485,-1.98,0.));
#2859 = VECTOR('',#2860,1.);
#2860 = DIRECTION('',(1.,0.,-0.));
#2861 = ORIENTED_EDGE('',*,*,#2776,.T.);
#2862 = ORIENTED_EDGE('',*,*,#2863,.T.);
#2863 = EDGE_CURVE('',#2779,#2819,#2864,.T.);
#2864 = LINE('',#2865,#2866);
#2865 = CARTESIAN_POINT('',(3.485,-1.98,0.1));
#2866 = VECTOR('',#2867,1.);
#2867 = DIRECTION('',(1.,0.,-0.));
#2868 = ORIENTED_EDGE('',*,*,#2816,.F.);
#2869 = PLANE('',#2870);
#2870 = AXIS2_PLACEMENT_3D('',#2871,#2872,#2873);
#2871 = CARTESIAN_POINT('',(3.485,-1.98,0.));
#2872 = DIRECTION('',(-0.,1.,0.));
#2873 = DIRECTION('',(0.,0.,1.));
#2874 = ADVANCED_FACE('',(#2875),#2891,.T.);
#2875 = FACE_BOUND('',#2876,.T.);
#2876 = EDGE_LOOP('',(#2877,#2883,#2884,#2890));
#2877 = ORIENTED_EDGE('',*,*,#2878,.F.);
#2878 = EDGE_CURVE('',#2787,#2827,#2879,.T.);
#2879 = LINE('',#2880,#2881);
#2880 = CARTESIAN_POINT('',(3.485,-0.83,0.));
#2881 = VECTOR('',#2882,1.);
#2882 = DIRECTION('',(1.,0.,-0.));
#2883 = ORIENTED_EDGE('',*,*,#2794,.T.);
#2884 = ORIENTED_EDGE('',*,*,#2885,.T.);
#2885 = EDGE_CURVE('',#2795,#2835,#2886,.T.);
#2886 = LINE('',#2887,#2888);
#2887 = CARTESIAN_POINT('',(3.485,-0.83,0.1));
#2888 = VECTOR('',#2889,1.);
#2889 = DIRECTION('',(1.,0.,-0.));
#2890 = ORIENTED_EDGE('',*,*,#2834,.F.);
#2891 = PLANE('',#2892);
#2892 = AXIS2_PLACEMENT_3D('',#2893,#2894,#2895);
#2893 = CARTESIAN_POINT('',(3.485,-0.83,0.));
#2894 = DIRECTION('',(-0.,1.,0.));
#2895 = DIRECTION('',(0.,0.,1.));
#2896 = ADVANCED_FACE('',(#2897),#2903,.F.);
#2897 = FACE_BOUND('',#2898,.F.);
#2898 = EDGE_LOOP('',(#2899,#2900,#2901,#2902));
#2899 = ORIENTED_EDGE('',*,*,#2786,.F.);
#2900 = ORIENTED_EDGE('',*,*,#2856,.T.);
#2901 = ORIENTED_EDGE('',*,*,#2826,.T.);
#2902 = ORIENTED_EDGE('',*,*,#2878,.F.);
#2903 = PLANE('',#2904);
#2904 = AXIS2_PLACEMENT_3D('',#2905,#2906,#2907);
#2905 = CARTESIAN_POINT('',(3.485,-1.98,0.));
#2906 = DIRECTION('',(0.,0.,1.));
#2907 = DIRECTION('',(1.,0.,-0.));
#2908 = ADVANCED_FACE('',(#2909),#2915,.T.);
#2909 = FACE_BOUND('',#2910,.T.);
#2910 = EDGE_LOOP('',(#2911,#2912,#2913,#2914));
#2911 = ORIENTED_EDGE('',*,*,#2802,.F.);
#2912 = ORIENTED_EDGE('',*,*,#2863,.T.);
#2913 = ORIENTED_EDGE('',*,*,#2842,.T.);
#2914 = ORIENTED_EDGE('',*,*,#2885,.F.);
#2915 = PLANE('',#2916);
#2916 = AXIS2_PLACEMENT_3D('',#2917,#2918,#2919);
#2917 = CARTESIAN_POINT('',(3.485,-1.98,0.1));
#2918 = DIRECTION('',(0.,0.,1.));
#2919 = DIRECTION('',(1.,0.,-0.));
#2920 = ( GEOMETRIC_REPRESENTATION_CONTEXT(3) 
GLOBAL_UNCERTAINTY_ASSIGNED_CONTEXT((#2924)) 
GLOBAL_UNIT_ASSIGNED_CONTEXT((#2921,#2922,#2923)) REPRESENTATION_CONTEXT
('Context #1','3D Context with UNIT and UNCERTAINTY') );
#2921 = ( LENGTH_UNIT() NAMED_UNIT(*) SI_UNIT(.MILLI.,.METRE.) );
#2922 = ( NAMED_UNIT(*) PLANE_ANGLE_UNIT() SI_UNIT($,.RADIAN.) );
#2923 = ( NAMED_UNIT(*) SI_UNIT($,.STERADIAN.) SOLID_ANGLE_UNIT() );
#2924 = UNCERTAINTY_MEASURE_WITH_UNIT(LENGTH_MEASURE(1.E-07),#2921,
  'distance_accuracy_value','confusion accuracy');
#2925 = CONTEXT_DEPENDENT_SHAPE_REPRESENTATION(#2926,#2928);
#2926 = ( REPRESENTATION_RELATIONSHIP('','',#2769,#10) 
REPRESENTATION_RELATIONSHIP_WITH_TRANSFORMATION(#2927) 
SHAPE_REPRESENTATION_RELATIONSHIP() );
#2927 = ITEM_DEFINED_TRANSFORMATION('','',#11,#75);
#2928 = PRODUCT_DEFINITION_SHAPE('Placement','Placement of an item',
  #2929);
#2929 = NEXT_ASSEMBLY_USAGE_OCCURRENCE('16','Mount001','',#5,#2764,$);
#2930 = PRODUCT_RELATED_PRODUCT_CATEGORY('part',$,(#2766));
ENDSEC;
END-ISO-10303-21;
