ISO-10303-21;
HEADER;
FILE_DESCRIPTION(('FreeCAD Model'),'2;1');
FILE_NAME('Open CASCADE Shape Model','2026-09-21T09:26:54',('FreeCAD'),(
    'FreeCAD'),'Open CASCADE STEP processor 7.8','FreeCAD','Unknown');
FILE_SCHEMA(('AUTOMOTIVE_DESIGN { 1 0 10303 214 1 1 1 1 }'));
ENDSEC;
DATA;
#1 = APPLICATION_PROTOCOL_DEFINITION('international standard',
  'automotive_design',2000,#2);
#2 = APPLICATION_CONTEXT(
  'core data for automotive mechanical design processes');
#3 = SHAPE_DEFINITION_REPRESENTATION(#4,#10);
#4 = PRODUCT_DEFINITION_SHAPE('','',#5);
#5 = PRODUCT_DEFINITION('design','',#6,#9);
#6 = PRODUCT_DEFINITION_FORMATION('','',#7);
#7 = PRODUCT('Open CASCADE STEP translator 7.8 1',
  'Open CASCADE STEP translator 7.8 1','',(#8));
#8 = PRODUCT_CONTEXT('',#2,'mechanical');
#9 = PRODUCT_DEFINITION_CONTEXT('part definition',#2,'design');
#10 = ADVANCED_BREP_SHAPE_REPRESENTATION('',(#11,#15),#2827);
#11 = AXIS2_PLACEMENT_3D('',#12,#13,#14);
#12 = CARTESIAN_POINT('',(0.,0.,0.));
#13 = DIRECTION('',(0.,0.,1.));
#14 = DIRECTION('',(1.,0.,-0.));
#15 = MANIFOLD_SOLID_BREP('',#16);
#16 = CLOSED_SHELL('',(#17,#124,#155,#189,#261,#302,#332,#356,#389,#423,
    #457,#490,#515,#540,#565,#698,#723,#747,#765,#841,#866,#917,#956,
    #1149,#1180,#1198,#1216,#1234,#1259,#1277,#1295,#1326,#1351,#1375,
    #1400,#1424,#1449,#1473,#1491,#1516,#1608,#1649,#1789,#1868,#1908,
    #1926,#1950,#1984,#2090,#2118,#2193,#2210,#2222,#2250,#2275,#2300,
    #2370,#2456,#2476,#2500,#2517,#2534,#2551,#2570,#2592,#2609,#2626,
    #2643,#2660,#2677,#2694,#2706,#2723,#2734,#2745,#2762,#2779,#2791,
    #2800,#2809));
#17 = ADVANCED_FACE('',(#18),#119,.T.);
#18 = FACE_BOUND('',#19,.F.);
#19 = EDGE_LOOP('',(#20,#30,#39,#47,#56,#73,#81,#95,#104,#112));
#20 = ORIENTED_EDGE('',*,*,#21,.F.);
#21 = EDGE_CURVE('',#22,#24,#26,.T.);
#22 = VERTEX_POINT('',#23);
#23 = CARTESIAN_POINT('',(12.,0.,1.75));
#24 = VERTEX_POINT('',#25);
#25 = CARTESIAN_POINT('',(12.,0.,12.95));
#26 = LINE('',#27,#28);
#27 = CARTESIAN_POINT('',(12.,0.,1.2));
#28 = VECTOR('',#29,1.);
#29 = DIRECTION('',(0.,0.,1.));
#30 = ORIENTED_EDGE('',*,*,#31,.F.);
#31 = EDGE_CURVE('',#32,#22,#34,.T.);
#32 = VERTEX_POINT('',#33);
#33 = CARTESIAN_POINT('',(0.,12.,1.75));
#34 = CIRCLE('',#35,12.);
#35 = AXIS2_PLACEMENT_3D('',#36,#37,#38);
#36 = CARTESIAN_POINT('',(12.,12.,1.75));
#37 = DIRECTION('',(0.,-0.,1.));
#38 = DIRECTION('',(-1.,1.480297366167E-16,0.));
#39 = ORIENTED_EDGE('',*,*,#40,.T.);
#40 = EDGE_CURVE('',#32,#41,#43,.T.);
#41 = VERTEX_POINT('',#42);
#42 = CARTESIAN_POINT('',(0.,12.,4.95));
#43 = LINE('',#44,#45);
#44 = CARTESIAN_POINT('',(0.,12.,1.2));
#45 = VECTOR('',#46,1.);
#46 = DIRECTION('',(0.,0.,1.));
#47 = ORIENTED_EDGE('',*,*,#48,.F.);
#48 = EDGE_CURVE('',#49,#41,#51,.T.);
#49 = VERTEX_POINT('',#50);
#50 = CARTESIAN_POINT('',(0.19417516647,9.85,4.95));
#51 = CIRCLE('',#52,12.);
#52 = AXIS2_PLACEMENT_3D('',#53,#54,#55);
#53 = CARTESIAN_POINT('',(12.,12.,4.95));
#54 = DIRECTION('',(0.,0.,-1.));
#55 = DIRECTION('',(1.,0.,0.));
#56 = ORIENTED_EDGE('',*,*,#57,.F.);
#57 = EDGE_CURVE('',#58,#49,#60,.T.);
#58 = VERTEX_POINT('',#59);
#59 = CARTESIAN_POINT('',(0.296261281112,9.35,5.45));
#60 = B_SPLINE_CURVE_WITH_KNOTS('',6,(#61,#62,#63,#64,#65,#66,#67,#68,
    #69,#70,#71,#72),.UNSPECIFIED.,.F.,.F.,(7,5,7),(0.,0.553957501237,1.
    ),.UNSPECIFIED.);
#61 = CARTESIAN_POINT('',(0.296261281112,9.35,5.45));
#62 = CARTESIAN_POINT('',(0.296261281112,9.35,5.380497305269));
#63 = CARTESIAN_POINT('',(0.293636317178,9.361593280947,5.310852298702)
  );
#64 = CARTESIAN_POINT('',(0.288365719923,9.384870353056,5.243259930969)
  );
#65 = CARTESIAN_POINT('',(0.280617750505,9.419490609195,5.179944747473)
  );
#66 = CARTESIAN_POINT('',(0.270743083448,9.464719092822,5.123102858325)
  );
#67 = CARTESIAN_POINT('',(0.249908553723,9.563327694373,5.036167681831)
  );
#68 = CARTESIAN_POINT('',(0.239518808071,9.613479757381,5.002953204331)
  );
#69 = CARTESIAN_POINT('',(0.228352165863,9.668794627356,4.9768555009));
#70 = CARTESIAN_POINT('',(0.216823584589,9.727796025643,4.958992950944)
  );
#71 = CARTESIAN_POINT('',(0.205322793284,9.788787474663,4.95));
#72 = CARTESIAN_POINT('',(0.19417516647,9.85,4.95));
#73 = ORIENTED_EDGE('',*,*,#74,.F.);
#74 = EDGE_CURVE('',#75,#58,#77,.T.);
#75 = VERTEX_POINT('',#76);
#76 = CARTESIAN_POINT('',(0.296261281112,9.35,6.85));
#77 = LINE('',#78,#79);
#78 = CARTESIAN_POINT('',(0.296261281112,9.35,1.2));
#79 = VECTOR('',#80,1.);
#80 = DIRECTION('',(-0.,-0.,-1.));
#81 = ORIENTED_EDGE('',*,*,#82,.F.);
#82 = EDGE_CURVE('',#83,#75,#85,.T.);
#83 = VERTEX_POINT('',#84);
#84 = CARTESIAN_POINT('',(0.19417516647,9.85,7.35));
#85 = B_SPLINE_CURVE_WITH_KNOTS('',8,(#86,#87,#88,#89,#90,#91,#92,#93,
    #94),.UNSPECIFIED.,.F.,.F.,(9,9),(0.,1.),.PIECEWISE_BEZIER_KNOTS.);
#86 = CARTESIAN_POINT('',(0.19417516647,9.85,7.35));
#87 = CARTESIAN_POINT('',(0.213164036211,9.745730572115,7.35));
#88 = CARTESIAN_POINT('',(0.232737726713,9.644221321342,7.325148661567)
  );
#89 = CARTESIAN_POINT('',(0.2517108943,9.551461349607,7.277754636329));
#90 = CARTESIAN_POINT('',(0.268752078405,9.472361459875,7.211088060334)
  );
#91 = CARTESIAN_POINT('',(0.282459224521,9.410958990983,7.129523948978)
  );
#92 = CARTESIAN_POINT('',(0.291774588695,9.369815051071,7.038246648456)
  );
#93 = CARTESIAN_POINT('',(0.296261281112,9.35,6.943108734391));
#94 = CARTESIAN_POINT('',(0.296261281112,9.35,6.85));
#95 = ORIENTED_EDGE('',*,*,#96,.T.);
#96 = EDGE_CURVE('',#83,#97,#99,.T.);
#97 = VERTEX_POINT('',#98);
#98 = CARTESIAN_POINT('',(0.,12.,7.35));
#99 = CIRCLE('',#100,12.);
#100 = AXIS2_PLACEMENT_3D('',#101,#102,#103);
#101 = CARTESIAN_POINT('',(12.,12.,7.35));
#102 = DIRECTION('',(0.,0.,-1.));
#103 = DIRECTION('',(1.,0.,0.));
#104 = ORIENTED_EDGE('',*,*,#105,.T.);
#105 = EDGE_CURVE('',#97,#106,#108,.T.);
#106 = VERTEX_POINT('',#107);
#107 = CARTESIAN_POINT('',(0.,12.,12.95));
#108 = LINE('',#109,#110);
#109 = CARTESIAN_POINT('',(0.,12.,1.2));
#110 = VECTOR('',#111,1.);
#111 = DIRECTION('',(0.,0.,1.));
#112 = ORIENTED_EDGE('',*,*,#113,.T.);
#113 = EDGE_CURVE('',#106,#24,#114,.T.);
#114 = CIRCLE('',#115,12.);
#115 = AXIS2_PLACEMENT_3D('',#116,#117,#118);
#116 = CARTESIAN_POINT('',(12.,12.,12.95));
#117 = DIRECTION('',(0.,0.,1.));
#118 = DIRECTION('',(-1.,1.480297366167E-16,0.));
#119 = CYLINDRICAL_SURFACE('',#120,12.);
#120 = AXIS2_PLACEMENT_3D('',#121,#122,#123);
#121 = CARTESIAN_POINT('',(12.,12.,1.2));
#122 = DIRECTION('',(-0.,-0.,-1.));
#123 = DIRECTION('',(1.,0.,0.));
#124 = ADVANCED_FACE('',(#125),#150,.F.);
#125 = FACE_BOUND('',#126,.F.);
#126 = EDGE_LOOP('',(#127,#137,#143,#144));
#127 = ORIENTED_EDGE('',*,*,#128,.F.);
#128 = EDGE_CURVE('',#129,#131,#133,.T.);
#129 = VERTEX_POINT('',#130);
#130 = CARTESIAN_POINT('',(38.,-1.110223024625E-16,1.75));
#131 = VERTEX_POINT('',#132);
#132 = CARTESIAN_POINT('',(38.,-1.110223024625E-16,12.95));
#133 = LINE('',#134,#135);
#134 = CARTESIAN_POINT('',(38.,0.,1.2));
#135 = VECTOR('',#136,1.);
#136 = DIRECTION('',(0.,0.,1.));
#137 = ORIENTED_EDGE('',*,*,#138,.F.);
#138 = EDGE_CURVE('',#22,#129,#139,.T.);
#139 = LINE('',#140,#141);
#140 = CARTESIAN_POINT('',(12.,-1.110223024625E-16,1.75));
#141 = VECTOR('',#142,1.);
#142 = DIRECTION('',(1.,0.,0.));
#143 = ORIENTED_EDGE('',*,*,#21,.T.);
#144 = ORIENTED_EDGE('',*,*,#145,.T.);
#145 = EDGE_CURVE('',#24,#131,#146,.T.);
#146 = LINE('',#147,#148);
#147 = CARTESIAN_POINT('',(12.,-1.110223024625E-16,12.95));
#148 = VECTOR('',#149,1.);
#149 = DIRECTION('',(1.,0.,0.));
#150 = PLANE('',#151);
#151 = AXIS2_PLACEMENT_3D('',#152,#153,#154);
#152 = CARTESIAN_POINT('',(12.,0.,1.2));
#153 = DIRECTION('',(0.,1.,0.));
#154 = DIRECTION('',(0.,0.,1.));
#155 = ADVANCED_FACE('',(#156),#184,.T.);
#156 = FACE_BOUND('',#157,.T.);
#157 = EDGE_LOOP('',(#158,#167,#168,#177));
#158 = ORIENTED_EDGE('',*,*,#159,.F.);
#159 = EDGE_CURVE('',#106,#160,#162,.T.);
#160 = VERTEX_POINT('',#161);
#161 = CARTESIAN_POINT('',(0.55,12.,13.5));
#162 = CIRCLE('',#163,0.55);
#163 = AXIS2_PLACEMENT_3D('',#164,#165,#166);
#164 = CARTESIAN_POINT('',(0.55,12.,12.95));
#165 = DIRECTION('',(1.480297366167E-16,1.,-0.));
#166 = DIRECTION('',(-1.,1.480297366167E-16,0.));
#167 = ORIENTED_EDGE('',*,*,#113,.T.);
#168 = ORIENTED_EDGE('',*,*,#169,.T.);
#169 = EDGE_CURVE('',#24,#170,#172,.T.);
#170 = VERTEX_POINT('',#171);
#171 = CARTESIAN_POINT('',(12.,0.55,13.5));
#172 = CIRCLE('',#173,0.55);
#173 = AXIS2_PLACEMENT_3D('',#174,#175,#176);
#174 = CARTESIAN_POINT('',(12.,0.55,12.95));
#175 = DIRECTION('',(-1.,2.092620765741E-16,0.));
#176 = DIRECTION('',(-2.092620765741E-16,-1.,0.));
#177 = ORIENTED_EDGE('',*,*,#178,.F.);
#178 = EDGE_CURVE('',#160,#170,#179,.T.);
#179 = CIRCLE('',#180,11.45);
#180 = AXIS2_PLACEMENT_3D('',#181,#182,#183);
#181 = CARTESIAN_POINT('',(12.,12.,13.5));
#182 = DIRECTION('',(0.,0.,1.));
#183 = DIRECTION('',(-1.,1.480297366167E-16,0.));
#184 = TOROIDAL_SURFACE('',#185,11.45,0.55);
#185 = AXIS2_PLACEMENT_3D('',#186,#187,#188);
#186 = CARTESIAN_POINT('',(12.,12.,12.95));
#187 = DIRECTION('',(0.,0.,1.));
#188 = DIRECTION('',(-1.,1.480297366167E-16,0.));
#189 = ADVANCED_FACE('',(#190),#256,.F.);
#190 = FACE_BOUND('',#191,.F.);
#191 = EDGE_LOOP('',(#192,#193,#201,#209,#215,#216,#224,#233,#241,#250)
  );
#192 = ORIENTED_EDGE('',*,*,#40,.F.);
#193 = ORIENTED_EDGE('',*,*,#194,.F.);
#194 = EDGE_CURVE('',#195,#32,#197,.T.);
#195 = VERTEX_POINT('',#196);
#196 = CARTESIAN_POINT('',(0.,68.,1.75));
#197 = LINE('',#198,#199);
#198 = CARTESIAN_POINT('',(-1.110223024625E-16,68.,1.75));
#199 = VECTOR('',#200,1.);
#200 = DIRECTION('',(-0.,-1.,-0.));
#201 = ORIENTED_EDGE('',*,*,#202,.T.);
#202 = EDGE_CURVE('',#195,#203,#205,.T.);
#203 = VERTEX_POINT('',#204);
#204 = CARTESIAN_POINT('',(0.,68.,12.95));
#205 = LINE('',#206,#207);
#206 = CARTESIAN_POINT('',(0.,68.,1.2));
#207 = VECTOR('',#208,1.);
#208 = DIRECTION('',(0.,0.,1.));
#209 = ORIENTED_EDGE('',*,*,#210,.T.);
#210 = EDGE_CURVE('',#203,#106,#211,.T.);
#211 = LINE('',#212,#213);
#212 = CARTESIAN_POINT('',(-1.110223024625E-16,68.,12.95));
#213 = VECTOR('',#214,1.);
#214 = DIRECTION('',(-0.,-1.,-0.));
#215 = ORIENTED_EDGE('',*,*,#105,.F.);
#216 = ORIENTED_EDGE('',*,*,#217,.F.);
#217 = EDGE_CURVE('',#218,#97,#220,.T.);
#218 = VERTEX_POINT('',#219);
#219 = CARTESIAN_POINT('',(0.,24.45,7.35));
#220 = LINE('',#221,#222);
#221 = CARTESIAN_POINT('',(0.,10.925,7.35));
#222 = VECTOR('',#223,1.);
#223 = DIRECTION('',(0.,-1.,0.));
#224 = ORIENTED_EDGE('',*,*,#225,.T.);
#225 = EDGE_CURVE('',#218,#226,#228,.T.);
#226 = VERTEX_POINT('',#227);
#227 = CARTESIAN_POINT('',(0.,24.95,6.85));
#228 = CIRCLE('',#229,0.5);
#229 = AXIS2_PLACEMENT_3D('',#230,#231,#232);
#230 = CARTESIAN_POINT('',(0.,24.45,6.85));
#231 = DIRECTION('',(-1.,0.,0.));
#232 = DIRECTION('',(0.,1.,0.));
#233 = ORIENTED_EDGE('',*,*,#234,.F.);
#234 = EDGE_CURVE('',#235,#226,#237,.T.);
#235 = VERTEX_POINT('',#236);
#236 = CARTESIAN_POINT('',(0.,24.95,5.45));
#237 = LINE('',#238,#239);
#238 = CARTESIAN_POINT('',(0.,24.95,3.325));
#239 = VECTOR('',#240,1.);
#240 = DIRECTION('',(0.,0.,1.));
#241 = ORIENTED_EDGE('',*,*,#242,.T.);
#242 = EDGE_CURVE('',#235,#243,#245,.T.);
#243 = VERTEX_POINT('',#244);
#244 = CARTESIAN_POINT('',(0.,24.45,4.95));
#245 = CIRCLE('',#246,0.5);
#246 = AXIS2_PLACEMENT_3D('',#247,#248,#249);
#247 = CARTESIAN_POINT('',(0.,24.45,5.45));
#248 = DIRECTION('',(-1.,0.,0.));
#249 = DIRECTION('',(0.,1.,0.));
#250 = ORIENTED_EDGE('',*,*,#251,.T.);
#251 = EDGE_CURVE('',#243,#41,#252,.T.);
#252 = LINE('',#253,#254);
#253 = CARTESIAN_POINT('',(0.,10.925,4.95));
#254 = VECTOR('',#255,1.);
#255 = DIRECTION('',(0.,-1.,0.));
#256 = PLANE('',#257);
#257 = AXIS2_PLACEMENT_3D('',#258,#259,#260);
#258 = CARTESIAN_POINT('',(0.,12.,1.2));
#259 = DIRECTION('',(1.,0.,0.));
#260 = DIRECTION('',(0.,0.,1.));
#261 = ADVANCED_FACE('',(#262),#297,.F.);
#262 = FACE_BOUND('',#263,.F.);
#263 = EDGE_LOOP('',(#264,#265,#273,#282,#290,#296));
#264 = ORIENTED_EDGE('',*,*,#96,.F.);
#265 = ORIENTED_EDGE('',*,*,#266,.T.);
#266 = EDGE_CURVE('',#83,#267,#269,.T.);
#267 = VERTEX_POINT('',#268);
#268 = CARTESIAN_POINT('',(1.416167990751,9.85,7.35));
#269 = LINE('',#270,#271);
#270 = CARTESIAN_POINT('',(-1.,9.85,7.35));
#271 = VECTOR('',#272,1.);
#272 = DIRECTION('',(1.,0.,0.));
#273 = ORIENTED_EDGE('',*,*,#274,.T.);
#274 = EDGE_CURVE('',#267,#275,#277,.T.);
#275 = VERTEX_POINT('',#276);
#276 = CARTESIAN_POINT('',(1.2,12.,7.35));
#277 = CIRCLE('',#278,10.8);
#278 = AXIS2_PLACEMENT_3D('',#279,#280,#281);
#279 = CARTESIAN_POINT('',(12.,12.,7.35));
#280 = DIRECTION('',(0.,0.,-1.));
#281 = DIRECTION('',(1.,0.,0.));
#282 = ORIENTED_EDGE('',*,*,#283,.F.);
#283 = EDGE_CURVE('',#284,#275,#286,.T.);
#284 = VERTEX_POINT('',#285);
#285 = CARTESIAN_POINT('',(1.2,24.45,7.35));
#286 = LINE('',#287,#288);
#287 = CARTESIAN_POINT('',(1.2,10.925,7.35));
#288 = VECTOR('',#289,1.);
#289 = DIRECTION('',(0.,-1.,0.));
#290 = ORIENTED_EDGE('',*,*,#291,.F.);
#291 = EDGE_CURVE('',#218,#284,#292,.T.);
#292 = LINE('',#293,#294);
#293 = CARTESIAN_POINT('',(-1.,24.45,7.35));
#294 = VECTOR('',#295,1.);
#295 = DIRECTION('',(1.,0.,0.));
#296 = ORIENTED_EDGE('',*,*,#217,.T.);
#297 = PLANE('',#298);
#298 = AXIS2_PLACEMENT_3D('',#299,#300,#301);
#299 = CARTESIAN_POINT('',(-1.,9.85,7.35));
#300 = DIRECTION('',(0.,0.,1.));
#301 = DIRECTION('',(1.,0.,0.));
#302 = ADVANCED_FACE('',(#303),#327,.F.);
#303 = FACE_BOUND('',#304,.T.);
#304 = EDGE_LOOP('',(#305,#306,#307,#321));
#305 = ORIENTED_EDGE('',*,*,#82,.F.);
#306 = ORIENTED_EDGE('',*,*,#266,.T.);
#307 = ORIENTED_EDGE('',*,*,#308,.T.);
#308 = EDGE_CURVE('',#267,#309,#311,.T.);
#309 = VERTEX_POINT('',#310);
#310 = CARTESIAN_POINT('',(1.530162369931,9.35,6.85));
#311 = B_SPLINE_CURVE_WITH_KNOTS('',8,(#312,#313,#314,#315,#316,#317,
    #318,#319,#320),.UNSPECIFIED.,.F.,.F.,(9,9),(0.,1.),
  .PIECEWISE_BEZIER_KNOTS.);
#312 = CARTESIAN_POINT('',(1.416167990751,9.85,7.35));
#313 = CARTESIAN_POINT('',(1.437322992794,9.745860005684,7.35));
#314 = CARTESIAN_POINT('',(1.459149794384,9.64441627402,7.325210309391)
  );
#315 = CARTESIAN_POINT('',(1.480327949659,9.551668256819,7.277883574937)
  );
#316 = CARTESIAN_POINT('',(1.49936850435,9.472545817636,7.211275260004)
  );
#317 = CARTESIAN_POINT('',(1.514700635369,9.411089517399,7.129746499057)
  );
#318 = CARTESIAN_POINT('',(1.525132577903,9.369871688709,7.038457155015)
  );
#319 = CARTESIAN_POINT('',(1.530162369931,9.35,6.943241606582));
#320 = CARTESIAN_POINT('',(1.530162369931,9.35,6.85));
#321 = ORIENTED_EDGE('',*,*,#322,.F.);
#322 = EDGE_CURVE('',#75,#309,#323,.T.);
#323 = LINE('',#324,#325);
#324 = CARTESIAN_POINT('',(-1.,9.35,6.85));
#325 = VECTOR('',#326,1.);
#326 = DIRECTION('',(1.,0.,0.));
#327 = CYLINDRICAL_SURFACE('',#328,0.5);
#328 = AXIS2_PLACEMENT_3D('',#329,#330,#331);
#329 = CARTESIAN_POINT('',(-1.,9.85,6.85));
#330 = DIRECTION('',(-1.,-0.,-0.));
#331 = DIRECTION('',(0.,1.,0.));
#332 = ADVANCED_FACE('',(#333),#351,.T.);
#333 = FACE_BOUND('',#334,.T.);
#334 = EDGE_LOOP('',(#335,#343,#344,#345));
#335 = ORIENTED_EDGE('',*,*,#336,.F.);
#336 = EDGE_CURVE('',#58,#337,#339,.T.);
#337 = VERTEX_POINT('',#338);
#338 = CARTESIAN_POINT('',(1.530162369931,9.35,5.45));
#339 = LINE('',#340,#341);
#340 = CARTESIAN_POINT('',(-1.,9.35,5.45));
#341 = VECTOR('',#342,1.);
#342 = DIRECTION('',(1.,0.,0.));
#343 = ORIENTED_EDGE('',*,*,#74,.F.);
#344 = ORIENTED_EDGE('',*,*,#322,.T.);
#345 = ORIENTED_EDGE('',*,*,#346,.T.);
#346 = EDGE_CURVE('',#309,#337,#347,.T.);
#347 = LINE('',#348,#349);
#348 = CARTESIAN_POINT('',(1.530162369931,9.35,-1.));
#349 = VECTOR('',#350,1.);
#350 = DIRECTION('',(-0.,-0.,-1.));
#351 = PLANE('',#352);
#352 = AXIS2_PLACEMENT_3D('',#353,#354,#355);
#353 = CARTESIAN_POINT('',(-1.,9.35,5.45));
#354 = DIRECTION('',(0.,1.,0.));
#355 = DIRECTION('',(1.,0.,0.));
#356 = ADVANCED_FACE('',(#357),#384,.F.);
#357 = FACE_BOUND('',#358,.T.);
#358 = EDGE_LOOP('',(#359,#367,#368,#369));
#359 = ORIENTED_EDGE('',*,*,#360,.F.);
#360 = EDGE_CURVE('',#49,#361,#363,.T.);
#361 = VERTEX_POINT('',#362);
#362 = CARTESIAN_POINT('',(1.416167990751,9.85,4.95));
#363 = LINE('',#364,#365);
#364 = CARTESIAN_POINT('',(-1.,9.85,4.95));
#365 = VECTOR('',#366,1.);
#366 = DIRECTION('',(1.,0.,0.));
#367 = ORIENTED_EDGE('',*,*,#57,.F.);
#368 = ORIENTED_EDGE('',*,*,#336,.T.);
#369 = ORIENTED_EDGE('',*,*,#370,.T.);
#370 = EDGE_CURVE('',#337,#361,#371,.T.);
#371 = B_SPLINE_CURVE_WITH_KNOTS('',6,(#372,#373,#374,#375,#376,#377,
    #378,#379,#380,#381,#382,#383),.UNSPECIFIED.,.F.,.F.,(7,5,7),(0.,
    0.553632516472,1.),.UNSPECIFIED.);
#372 = CARTESIAN_POINT('',(1.530162369931,9.35,5.45));
#373 = CARTESIAN_POINT('',(1.530162369931,9.35,5.380462615486));
#374 = CARTESIAN_POINT('',(1.527225119939,9.361604866559,5.310788581414)
  );
#375 = CARTESIAN_POINT('',(1.521328379585,9.384901532134,5.243182248726)
  );
#376 = CARTESIAN_POINT('',(1.512664546146,9.419538581557,5.179874544118)
  );
#377 = CARTESIAN_POINT('',(1.501632334313,9.464764064225,5.123063210701)
  );
#378 = CARTESIAN_POINT('',(1.478366202054,9.563349319768,5.036148616481)
  );
#379 = CARTESIAN_POINT('',(1.466761360942,9.613511671201,5.002935902313)
  );
#380 = CARTESIAN_POINT('',(1.454295334036,9.66882408547,4.976846584957)
  );
#381 = CARTESIAN_POINT('',(1.441430764224,9.727815365655,4.958990708417)
  );
#382 = CARTESIAN_POINT('',(1.428601163528,9.78879506418,4.95));
#383 = CARTESIAN_POINT('',(1.416167990751,9.85,4.95));
#384 = CYLINDRICAL_SURFACE('',#385,0.5);
#385 = AXIS2_PLACEMENT_3D('',#386,#387,#388);
#386 = CARTESIAN_POINT('',(-1.,9.85,5.45));
#387 = DIRECTION('',(-1.,-0.,-0.));
#388 = DIRECTION('',(0.,1.,0.));
#389 = ADVANCED_FACE('',(#390),#418,.T.);
#390 = FACE_BOUND('',#391,.T.);
#391 = EDGE_LOOP('',(#392,#393,#394,#403,#411,#417));
#392 = ORIENTED_EDGE('',*,*,#48,.F.);
#393 = ORIENTED_EDGE('',*,*,#360,.T.);
#394 = ORIENTED_EDGE('',*,*,#395,.T.);
#395 = EDGE_CURVE('',#361,#396,#398,.T.);
#396 = VERTEX_POINT('',#397);
#397 = CARTESIAN_POINT('',(1.2,12.,4.95));
#398 = CIRCLE('',#399,10.8);
#399 = AXIS2_PLACEMENT_3D('',#400,#401,#402);
#400 = CARTESIAN_POINT('',(12.,12.,4.95));
#401 = DIRECTION('',(0.,0.,-1.));
#402 = DIRECTION('',(1.,0.,0.));
#403 = ORIENTED_EDGE('',*,*,#404,.F.);
#404 = EDGE_CURVE('',#405,#396,#407,.T.);
#405 = VERTEX_POINT('',#406);
#406 = CARTESIAN_POINT('',(1.2,24.45,4.95));
#407 = LINE('',#408,#409);
#408 = CARTESIAN_POINT('',(1.2,10.925,4.95));
#409 = VECTOR('',#410,1.);
#410 = DIRECTION('',(0.,-1.,0.));
#411 = ORIENTED_EDGE('',*,*,#412,.F.);
#412 = EDGE_CURVE('',#243,#405,#413,.T.);
#413 = LINE('',#414,#415);
#414 = CARTESIAN_POINT('',(-1.,24.45,4.95));
#415 = VECTOR('',#416,1.);
#416 = DIRECTION('',(1.,0.,0.));
#417 = ORIENTED_EDGE('',*,*,#251,.T.);
#418 = PLANE('',#419);
#419 = AXIS2_PLACEMENT_3D('',#420,#421,#422);
#420 = CARTESIAN_POINT('',(-1.,9.85,4.95));
#421 = DIRECTION('',(0.,0.,1.));
#422 = DIRECTION('',(1.,0.,0.));
#423 = ADVANCED_FACE('',(#424),#452,.T.);
#424 = FACE_BOUND('',#425,.F.);
#425 = EDGE_LOOP('',(#426,#435,#436,#445));
#426 = ORIENTED_EDGE('',*,*,#427,.F.);
#427 = EDGE_CURVE('',#32,#428,#430,.T.);
#428 = VERTEX_POINT('',#429);
#429 = CARTESIAN_POINT('',(0.55,12.,1.2));
#430 = CIRCLE('',#431,0.55);
#431 = AXIS2_PLACEMENT_3D('',#432,#433,#434);
#432 = CARTESIAN_POINT('',(0.55,12.,1.75));
#433 = DIRECTION('',(-1.480297366167E-16,-1.,-0.));
#434 = DIRECTION('',(-1.,1.480297366167E-16,0.));
#435 = ORIENTED_EDGE('',*,*,#31,.T.);
#436 = ORIENTED_EDGE('',*,*,#437,.T.);
#437 = EDGE_CURVE('',#22,#438,#440,.T.);
#438 = VERTEX_POINT('',#439);
#439 = CARTESIAN_POINT('',(12.,0.55,1.2));
#440 = CIRCLE('',#441,0.55);
#441 = AXIS2_PLACEMENT_3D('',#442,#443,#444);
#442 = CARTESIAN_POINT('',(12.,0.55,1.75));
#443 = DIRECTION('',(1.,-2.092620765741E-16,0.));
#444 = DIRECTION('',(-2.092620765741E-16,-1.,0.));
#445 = ORIENTED_EDGE('',*,*,#446,.F.);
#446 = EDGE_CURVE('',#428,#438,#447,.T.);
#447 = CIRCLE('',#448,11.45);
#448 = AXIS2_PLACEMENT_3D('',#449,#450,#451);
#449 = CARTESIAN_POINT('',(12.,12.,1.2));
#450 = DIRECTION('',(0.,-0.,1.));
#451 = DIRECTION('',(-1.,1.480297366167E-16,0.));
#452 = TOROIDAL_SURFACE('',#453,11.45,0.55);
#453 = AXIS2_PLACEMENT_3D('',#454,#455,#456);
#454 = CARTESIAN_POINT('',(12.,12.,1.75));
#455 = DIRECTION('',(0.,0.,-1.));
#456 = DIRECTION('',(-1.,1.480297366167E-16,0.));
#457 = ADVANCED_FACE('',(#458),#485,.T.);
#458 = FACE_BOUND('',#459,.F.);
#459 = EDGE_LOOP('',(#460,#470,#477,#478));
#460 = ORIENTED_EDGE('',*,*,#461,.F.);
#461 = EDGE_CURVE('',#462,#464,#466,.T.);
#462 = VERTEX_POINT('',#463);
#463 = CARTESIAN_POINT('',(50.,12.,1.75));
#464 = VERTEX_POINT('',#465);
#465 = CARTESIAN_POINT('',(50.,12.,12.95));
#466 = LINE('',#467,#468);
#467 = CARTESIAN_POINT('',(50.,12.,1.2));
#468 = VECTOR('',#469,1.);
#469 = DIRECTION('',(0.,0.,1.));
#470 = ORIENTED_EDGE('',*,*,#471,.F.);
#471 = EDGE_CURVE('',#129,#462,#472,.T.);
#472 = CIRCLE('',#473,12.);
#473 = AXIS2_PLACEMENT_3D('',#474,#475,#476);
#474 = CARTESIAN_POINT('',(38.,12.,1.75));
#475 = DIRECTION('',(-0.,0.,1.));
#476 = DIRECTION('',(0.,-1.,0.));
#477 = ORIENTED_EDGE('',*,*,#128,.T.);
#478 = ORIENTED_EDGE('',*,*,#479,.T.);
#479 = EDGE_CURVE('',#131,#464,#480,.T.);
#480 = CIRCLE('',#481,12.);
#481 = AXIS2_PLACEMENT_3D('',#482,#483,#484);
#482 = CARTESIAN_POINT('',(38.,12.,12.95));
#483 = DIRECTION('',(-0.,0.,1.));
#484 = DIRECTION('',(0.,-1.,0.));
#485 = CYLINDRICAL_SURFACE('',#486,12.);
#486 = AXIS2_PLACEMENT_3D('',#487,#488,#489);
#487 = CARTESIAN_POINT('',(38.,12.,1.2));
#488 = DIRECTION('',(-0.,-0.,-1.));
#489 = DIRECTION('',(1.,0.,0.));
#490 = ADVANCED_FACE('',(#491),#510,.T.);
#491 = FACE_BOUND('',#492,.T.);
#492 = EDGE_LOOP('',(#493,#494,#502,#509));
#493 = ORIENTED_EDGE('',*,*,#437,.T.);
#494 = ORIENTED_EDGE('',*,*,#495,.T.);
#495 = EDGE_CURVE('',#438,#496,#498,.T.);
#496 = VERTEX_POINT('',#497);
#497 = CARTESIAN_POINT('',(38.,0.55,1.2));
#498 = LINE('',#499,#500);
#499 = CARTESIAN_POINT('',(12.,0.55,1.2));
#500 = VECTOR('',#501,1.);
#501 = DIRECTION('',(1.,0.,0.));
#502 = ORIENTED_EDGE('',*,*,#503,.F.);
#503 = EDGE_CURVE('',#129,#496,#504,.T.);
#504 = CIRCLE('',#505,0.55);
#505 = AXIS2_PLACEMENT_3D('',#506,#507,#508);
#506 = CARTESIAN_POINT('',(38.,0.55,1.75));
#507 = DIRECTION('',(1.,0.,0.));
#508 = DIRECTION('',(0.,-1.,0.));
#509 = ORIENTED_EDGE('',*,*,#138,.F.);
#510 = CYLINDRICAL_SURFACE('',#511,0.55);
#511 = AXIS2_PLACEMENT_3D('',#512,#513,#514);
#512 = CARTESIAN_POINT('',(12.,0.55,1.75));
#513 = DIRECTION('',(1.,0.,0.));
#514 = DIRECTION('',(0.,-1.,0.));
#515 = ADVANCED_FACE('',(#516),#535,.T.);
#516 = FACE_BOUND('',#517,.F.);
#517 = EDGE_LOOP('',(#518,#519,#527,#534));
#518 = ORIENTED_EDGE('',*,*,#169,.T.);
#519 = ORIENTED_EDGE('',*,*,#520,.T.);
#520 = EDGE_CURVE('',#170,#521,#523,.T.);
#521 = VERTEX_POINT('',#522);
#522 = CARTESIAN_POINT('',(38.,0.55,13.5));
#523 = LINE('',#524,#525);
#524 = CARTESIAN_POINT('',(12.,0.55,13.5));
#525 = VECTOR('',#526,1.);
#526 = DIRECTION('',(1.,0.,0.));
#527 = ORIENTED_EDGE('',*,*,#528,.F.);
#528 = EDGE_CURVE('',#131,#521,#529,.T.);
#529 = CIRCLE('',#530,0.55);
#530 = AXIS2_PLACEMENT_3D('',#531,#532,#533);
#531 = CARTESIAN_POINT('',(38.,0.55,12.95));
#532 = DIRECTION('',(-1.,0.,0.));
#533 = DIRECTION('',(0.,-1.,0.));
#534 = ORIENTED_EDGE('',*,*,#145,.F.);
#535 = CYLINDRICAL_SURFACE('',#536,0.55);
#536 = AXIS2_PLACEMENT_3D('',#537,#538,#539);
#537 = CARTESIAN_POINT('',(12.,0.55,12.95));
#538 = DIRECTION('',(1.,0.,0.));
#539 = DIRECTION('',(0.,-1.,0.));
#540 = ADVANCED_FACE('',(#541),#560,.T.);
#541 = FACE_BOUND('',#542,.F.);
#542 = EDGE_LOOP('',(#543,#552,#558,#559));
#543 = ORIENTED_EDGE('',*,*,#544,.T.);
#544 = EDGE_CURVE('',#203,#545,#547,.T.);
#545 = VERTEX_POINT('',#546);
#546 = CARTESIAN_POINT('',(0.55,68.,13.5));
#547 = CIRCLE('',#548,0.55);
#548 = AXIS2_PLACEMENT_3D('',#549,#550,#551);
#549 = CARTESIAN_POINT('',(0.55,68.,12.95));
#550 = DIRECTION('',(6.123233995737E-17,1.,-0.));
#551 = DIRECTION('',(-1.,6.123233995737E-17,0.));
#552 = ORIENTED_EDGE('',*,*,#553,.T.);
#553 = EDGE_CURVE('',#545,#160,#554,.T.);
#554 = LINE('',#555,#556);
#555 = CARTESIAN_POINT('',(0.55,68.,13.5));
#556 = VECTOR('',#557,1.);
#557 = DIRECTION('',(-0.,-1.,-0.));
#558 = ORIENTED_EDGE('',*,*,#159,.F.);
#559 = ORIENTED_EDGE('',*,*,#210,.F.);
#560 = CYLINDRICAL_SURFACE('',#561,0.55);
#561 = AXIS2_PLACEMENT_3D('',#562,#563,#564);
#562 = CARTESIAN_POINT('',(0.55,68.,12.95));
#563 = DIRECTION('',(-0.,-1.,-0.));
#564 = DIRECTION('',(-1.,0.,0.));
#565 = ADVANCED_FACE('',(#566,#612,#682),#693,.T.);
#566 = FACE_BOUND('',#567,.T.);
#567 = EDGE_LOOP('',(#568,#569,#570,#579,#587,#596,#604,#611));
#568 = ORIENTED_EDGE('',*,*,#178,.T.);
#569 = ORIENTED_EDGE('',*,*,#520,.T.);
#570 = ORIENTED_EDGE('',*,*,#571,.T.);
#571 = EDGE_CURVE('',#521,#572,#574,.T.);
#572 = VERTEX_POINT('',#573);
#573 = CARTESIAN_POINT('',(49.45,12.,13.5));
#574 = CIRCLE('',#575,11.45);
#575 = AXIS2_PLACEMENT_3D('',#576,#577,#578);
#576 = CARTESIAN_POINT('',(38.,12.,13.5));
#577 = DIRECTION('',(-0.,0.,1.));
#578 = DIRECTION('',(0.,-1.,0.));
#579 = ORIENTED_EDGE('',*,*,#580,.T.);
#580 = EDGE_CURVE('',#572,#581,#583,.T.);
#581 = VERTEX_POINT('',#582);
#582 = CARTESIAN_POINT('',(49.45,68.,13.5));
#583 = LINE('',#584,#585);
#584 = CARTESIAN_POINT('',(49.45,12.,13.5));
#585 = VECTOR('',#586,1.);
#586 = DIRECTION('',(0.,1.,0.));
#587 = ORIENTED_EDGE('',*,*,#588,.T.);
#588 = EDGE_CURVE('',#581,#589,#591,.T.);
#589 = VERTEX_POINT('',#590);
#590 = CARTESIAN_POINT('',(38.,79.45,13.5));
#591 = CIRCLE('',#592,11.45);
#592 = AXIS2_PLACEMENT_3D('',#593,#594,#595);
#593 = CARTESIAN_POINT('',(38.,68.,13.5));
#594 = DIRECTION('',(0.,0.,1.));
#595 = DIRECTION('',(1.,0.,0.));
#596 = ORIENTED_EDGE('',*,*,#597,.T.);
#597 = EDGE_CURVE('',#589,#598,#600,.T.);
#598 = VERTEX_POINT('',#599);
#599 = CARTESIAN_POINT('',(12.,79.45,13.5));
#600 = LINE('',#601,#602);
#601 = CARTESIAN_POINT('',(38.,79.45,13.5));
#602 = VECTOR('',#603,1.);
#603 = DIRECTION('',(-1.,-0.,-0.));
#604 = ORIENTED_EDGE('',*,*,#605,.T.);
#605 = EDGE_CURVE('',#598,#545,#606,.T.);
#606 = CIRCLE('',#607,11.45);
#607 = AXIS2_PLACEMENT_3D('',#608,#609,#610);
#608 = CARTESIAN_POINT('',(12.,68.,13.5));
#609 = DIRECTION('',(0.,-0.,1.));
#610 = DIRECTION('',(0.,1.,0.));
#611 = ORIENTED_EDGE('',*,*,#553,.T.);
#612 = FACE_BOUND('',#613,.T.);
#613 = EDGE_LOOP('',(#614,#624,#633,#641,#650,#658,#667,#675));
#614 = ORIENTED_EDGE('',*,*,#615,.T.);
#615 = EDGE_CURVE('',#616,#618,#620,.T.);
#616 = VERTEX_POINT('',#617);
#617 = CARTESIAN_POINT('',(37.5,1.85,13.5));
#618 = VERTEX_POINT('',#619);
#619 = CARTESIAN_POINT('',(12.5,1.85,13.5));
#620 = LINE('',#621,#622);
#621 = CARTESIAN_POINT('',(18.75,1.85,13.5));
#622 = VECTOR('',#623,1.);
#623 = DIRECTION('',(-1.,0.,0.));
#624 = ORIENTED_EDGE('',*,*,#625,.T.);
#625 = EDGE_CURVE('',#618,#626,#628,.T.);
#626 = VERTEX_POINT('',#627);
#627 = CARTESIAN_POINT('',(1.85,12.5,13.5));
#628 = CIRCLE('',#629,10.65);
#629 = AXIS2_PLACEMENT_3D('',#630,#631,#632);
#630 = CARTESIAN_POINT('',(12.5,12.5,13.5));
#631 = DIRECTION('',(0.,0.,-1.));
#632 = DIRECTION('',(1.,0.,0.));
#633 = ORIENTED_EDGE('',*,*,#634,.T.);
#634 = EDGE_CURVE('',#626,#635,#637,.T.);
#635 = VERTEX_POINT('',#636);
#636 = CARTESIAN_POINT('',(1.85,31.5,13.5));
#637 = LINE('',#638,#639);
#638 = CARTESIAN_POINT('',(1.85,26.25,13.5));
#639 = VECTOR('',#640,1.);
#640 = DIRECTION('',(0.,1.,0.));
#641 = ORIENTED_EDGE('',*,*,#642,.T.);
#642 = EDGE_CURVE('',#635,#643,#645,.T.);
#643 = VERTEX_POINT('',#644);
#644 = CARTESIAN_POINT('',(12.5,42.15,13.5));
#645 = CIRCLE('',#646,10.65);
#646 = AXIS2_PLACEMENT_3D('',#647,#648,#649);
#647 = CARTESIAN_POINT('',(12.5,31.5,13.5));
#648 = DIRECTION('',(0.,0.,-1.));
#649 = DIRECTION('',(1.,0.,0.));
#650 = ORIENTED_EDGE('',*,*,#651,.F.);
#651 = EDGE_CURVE('',#652,#643,#654,.T.);
#652 = VERTEX_POINT('',#653);
#653 = CARTESIAN_POINT('',(37.5,42.15,13.5));
#654 = LINE('',#655,#656);
#655 = CARTESIAN_POINT('',(18.75,42.15,13.5));
#656 = VECTOR('',#657,1.);
#657 = DIRECTION('',(-1.,0.,0.));
#658 = ORIENTED_EDGE('',*,*,#659,.T.);
#659 = EDGE_CURVE('',#652,#660,#662,.T.);
#660 = VERTEX_POINT('',#661);
#661 = CARTESIAN_POINT('',(48.15,31.5,13.5));
#662 = CIRCLE('',#663,10.65);
#663 = AXIS2_PLACEMENT_3D('',#664,#665,#666);
#664 = CARTESIAN_POINT('',(37.5,31.5,13.5));
#665 = DIRECTION('',(0.,0.,-1.));
#666 = DIRECTION('',(1.,0.,0.));
#667 = ORIENTED_EDGE('',*,*,#668,.F.);
#668 = EDGE_CURVE('',#669,#660,#671,.T.);
#669 = VERTEX_POINT('',#670);
#670 = CARTESIAN_POINT('',(48.15,12.5,13.5));
#671 = LINE('',#672,#673);
#672 = CARTESIAN_POINT('',(48.15,26.25,13.5));
#673 = VECTOR('',#674,1.);
#674 = DIRECTION('',(0.,1.,0.));
#675 = ORIENTED_EDGE('',*,*,#676,.T.);
#676 = EDGE_CURVE('',#669,#616,#677,.T.);
#677 = CIRCLE('',#678,10.65);
#678 = AXIS2_PLACEMENT_3D('',#679,#680,#681);
#679 = CARTESIAN_POINT('',(37.5,12.5,13.5));
#680 = DIRECTION('',(0.,0.,-1.));
#681 = DIRECTION('',(1.,0.,0.));
#682 = FACE_BOUND('',#683,.T.);
#683 = EDGE_LOOP('',(#684));
#684 = ORIENTED_EDGE('',*,*,#685,.T.);
#685 = EDGE_CURVE('',#686,#686,#688,.T.);
#686 = VERTEX_POINT('',#687);
#687 = CARTESIAN_POINT('',(41.7,61.3,13.5));
#688 = CIRCLE('',#689,16.7);
#689 = AXIS2_PLACEMENT_3D('',#690,#691,#692);
#690 = CARTESIAN_POINT('',(25.,61.3,13.5));
#691 = DIRECTION('',(0.,0.,-1.));
#692 = DIRECTION('',(1.,0.,0.));
#693 = PLANE('',#694);
#694 = AXIS2_PLACEMENT_3D('',#695,#696,#697);
#695 = CARTESIAN_POINT('',(25.,40.,13.5));
#696 = DIRECTION('',(0.,0.,1.));
#697 = DIRECTION('',(1.,0.,0.));
#698 = ADVANCED_FACE('',(#699),#718,.F.);
#699 = FACE_BOUND('',#700,.T.);
#700 = EDGE_LOOP('',(#701,#709,#710,#711));
#701 = ORIENTED_EDGE('',*,*,#702,.F.);
#702 = EDGE_CURVE('',#235,#703,#705,.T.);
#703 = VERTEX_POINT('',#704);
#704 = CARTESIAN_POINT('',(1.2,24.95,5.45));
#705 = LINE('',#706,#707);
#706 = CARTESIAN_POINT('',(-1.,24.95,5.45));
#707 = VECTOR('',#708,1.);
#708 = DIRECTION('',(1.,0.,0.));
#709 = ORIENTED_EDGE('',*,*,#242,.T.);
#710 = ORIENTED_EDGE('',*,*,#412,.T.);
#711 = ORIENTED_EDGE('',*,*,#712,.F.);
#712 = EDGE_CURVE('',#703,#405,#713,.T.);
#713 = CIRCLE('',#714,0.5);
#714 = AXIS2_PLACEMENT_3D('',#715,#716,#717);
#715 = CARTESIAN_POINT('',(1.2,24.45,5.45));
#716 = DIRECTION('',(-1.,0.,0.));
#717 = DIRECTION('',(0.,1.,0.));
#718 = CYLINDRICAL_SURFACE('',#719,0.5);
#719 = AXIS2_PLACEMENT_3D('',#720,#721,#722);
#720 = CARTESIAN_POINT('',(-1.,24.45,5.45));
#721 = DIRECTION('',(-1.,-0.,-0.));
#722 = DIRECTION('',(0.,1.,0.));
#723 = ADVANCED_FACE('',(#724),#742,.F.);
#724 = FACE_BOUND('',#725,.F.);
#725 = EDGE_LOOP('',(#726,#727,#728,#736));
#726 = ORIENTED_EDGE('',*,*,#702,.F.);
#727 = ORIENTED_EDGE('',*,*,#234,.T.);
#728 = ORIENTED_EDGE('',*,*,#729,.T.);
#729 = EDGE_CURVE('',#226,#730,#732,.T.);
#730 = VERTEX_POINT('',#731);
#731 = CARTESIAN_POINT('',(1.2,24.95,6.85));
#732 = LINE('',#733,#734);
#733 = CARTESIAN_POINT('',(-1.,24.95,6.85));
#734 = VECTOR('',#735,1.);
#735 = DIRECTION('',(1.,0.,0.));
#736 = ORIENTED_EDGE('',*,*,#737,.F.);
#737 = EDGE_CURVE('',#703,#730,#738,.T.);
#738 = LINE('',#739,#740);
#739 = CARTESIAN_POINT('',(1.2,24.95,2.225));
#740 = VECTOR('',#741,1.);
#741 = DIRECTION('',(0.,0.,1.));
#742 = PLANE('',#743);
#743 = AXIS2_PLACEMENT_3D('',#744,#745,#746);
#744 = CARTESIAN_POINT('',(-1.,24.95,5.45));
#745 = DIRECTION('',(0.,1.,0.));
#746 = DIRECTION('',(1.,0.,0.));
#747 = ADVANCED_FACE('',(#748),#760,.F.);
#748 = FACE_BOUND('',#749,.T.);
#749 = EDGE_LOOP('',(#750,#751,#752,#759));
#750 = ORIENTED_EDGE('',*,*,#225,.T.);
#751 = ORIENTED_EDGE('',*,*,#729,.T.);
#752 = ORIENTED_EDGE('',*,*,#753,.F.);
#753 = EDGE_CURVE('',#284,#730,#754,.T.);
#754 = CIRCLE('',#755,0.5);
#755 = AXIS2_PLACEMENT_3D('',#756,#757,#758);
#756 = CARTESIAN_POINT('',(1.2,24.45,6.85));
#757 = DIRECTION('',(-1.,0.,0.));
#758 = DIRECTION('',(0.,1.,0.));
#759 = ORIENTED_EDGE('',*,*,#291,.F.);
#760 = CYLINDRICAL_SURFACE('',#761,0.5);
#761 = AXIS2_PLACEMENT_3D('',#762,#763,#764);
#762 = CARTESIAN_POINT('',(-1.,24.45,6.85));
#763 = DIRECTION('',(-1.,-0.,-0.));
#764 = DIRECTION('',(0.,1.,0.));
#765 = ADVANCED_FACE('',(#766),#836,.T.);
#766 = FACE_BOUND('',#767,.F.);
#767 = EDGE_LOOP('',(#768,#769,#778,#821,#829));
#768 = ORIENTED_EDGE('',*,*,#202,.F.);
#769 = ORIENTED_EDGE('',*,*,#770,.F.);
#770 = EDGE_CURVE('',#771,#195,#773,.T.);
#771 = VERTEX_POINT('',#772);
#772 = CARTESIAN_POINT('',(9.628301413798,79.763292303442,1.75));
#773 = CIRCLE('',#774,12.);
#774 = AXIS2_PLACEMENT_3D('',#775,#776,#777);
#775 = CARTESIAN_POINT('',(12.,68.,1.75));
#776 = DIRECTION('',(0.,-0.,1.));
#777 = DIRECTION('',(0.,1.,0.));
#778 = ORIENTED_EDGE('',*,*,#779,.F.);
#779 = EDGE_CURVE('',#780,#771,#782,.T.);
#780 = VERTEX_POINT('',#781);
#781 = CARTESIAN_POINT('',(12.,80.,7.999413146612));
#782 = B_SPLINE_CURVE_WITH_KNOTS('',7,(#783,#784,#785,#786,#787,#788,
    #789,#790,#791,#792,#793,#794,#795,#796,#797,#798,#799,#800,#801,
    #802,#803,#804,#805,#806,#807,#808,#809,#810,#811,#812,#813,#814,
    #815,#816,#817,#818,#819,#820),.UNSPECIFIED.,.F.,.F.,(8,6,6,6,6,6,8)
  ,(0.,0.175290796163,0.409595725815,0.63145722076,0.79766420425,
    0.9184852142,1.),.UNSPECIFIED.);
#783 = CARTESIAN_POINT('',(12.,80.,7.999413146612));
#784 = CARTESIAN_POINT('',(11.729314449781,80.,7.994524971776));
#785 = CARTESIAN_POINT('',(11.461628087821,79.992876809279,
    7.965933996202));
#786 = CARTESIAN_POINT('',(11.200275876776,79.978912706509,
    7.914513704461));
#787 = CARTESIAN_POINT('',(10.948438935428,79.95889123553,7.841895994415
    ));
#788 = CARTESIAN_POINT('',(10.709011214766,79.934018633984,
    7.750458278269));
#789 = CARTESIAN_POINT('',(10.484467889163,79.90576431141,7.643332710194
    ));
#790 = CARTESIAN_POINT('',(9.999066967538,79.835328058979,7.365514625088
    ));
#791 = CARTESIAN_POINT('',(9.748416315552,79.791222415829,7.183835661679
    ));
#792 = CARTESIAN_POINT('',(9.524468659031,79.745857056242,6.984441631761
    ));
#793 = CARTESIAN_POINT('',(9.326405288252,79.701324556374,6.771177859511
    ));
#794 = CARTESIAN_POINT('',(9.153244003544,79.659212210421,6.546995150697
    ));
#795 = CARTESIAN_POINT('',(9.004040732673,79.620725385861,6.314140637664
    ));
#796 = CARTESIAN_POINT('',(8.758719059302,79.554625369214,5.847177432821
    ));
#797 = CARTESIAN_POINT('',(8.660157712851,79.526531285328,5.613707702068
    ));
#798 = CARTESIAN_POINT('',(8.581839177021,79.503298845358,5.375494535399
    ));
#799 = CARTESIAN_POINT('',(8.52336595959,79.485501486653,5.133886894732)
  );
#800 = CARTESIAN_POINT('',(8.484464279248,79.473509662373,4.89005478376)
  );
#801 = CARTESIAN_POINT('',(8.465,79.46750953782,4.645072587075));
#802 = CARTESIAN_POINT('',(8.465,79.46750953782,4.21640448495));
#803 = CARTESIAN_POINT('',(8.475923609755,79.470877050117,4.032830545037
    ));
#804 = CARTESIAN_POINT('',(8.49776639436,79.477610028448,3.849738431938)
  );
#805 = CARTESIAN_POINT('',(8.530568116495,79.487649788524,3.667592140117
    ));
#806 = CARTESIAN_POINT('',(8.574410410951,79.500878039209,3.486877290101
    ));
#807 = CARTESIAN_POINT('',(8.629414459152,79.517113913705,3.308119011741
    ));
#808 = CARTESIAN_POINT('',(8.743951784483,79.549920572347,3.003800638344
    ));
#809 = CARTESIAN_POINT('',(8.798146354754,79.565189045398,2.877044552342
    ));
#810 = CARTESIAN_POINT('',(8.858392586819,79.581824136667,2.751830186915
    ));
#811 = CARTESIAN_POINT('',(8.924776805512,79.599716355093,2.628378752018
    ));
#812 = CARTESIAN_POINT('',(8.997398453283,79.618736444514,2.50694034765)
  );
#813 = CARTESIAN_POINT('',(9.076367095313,79.638732826392,2.387800261384
    ));
#814 = CARTESIAN_POINT('',(9.219438390146,79.673559707463,2.192675635795
    ));
#815 = CARTESIAN_POINT('',(9.280022145898,79.687955077509,2.115257243625
    ));
#816 = CARTESIAN_POINT('',(9.343590799644,79.702661926932,2.039125914373
    ));
#817 = CARTESIAN_POINT('',(9.410184452879,79.717621338485,1.96438932685)
  );
#818 = CARTESIAN_POINT('',(9.479843129226,79.732768461927,1.891167069433
    ));
#819 = CARTESIAN_POINT('',(9.552606702827,79.748032272503,1.819590695818
    ));
#820 = CARTESIAN_POINT('',(9.628514826724,79.763335329443,1.749803780773
    ));
#821 = ORIENTED_EDGE('',*,*,#822,.T.);
#822 = EDGE_CURVE('',#780,#823,#825,.T.);
#823 = VERTEX_POINT('',#824);
#824 = CARTESIAN_POINT('',(12.,80.,12.95));
#825 = LINE('',#826,#827);
#826 = CARTESIAN_POINT('',(12.,80.,1.2));
#827 = VECTOR('',#828,1.);
#828 = DIRECTION('',(0.,0.,1.));
#829 = ORIENTED_EDGE('',*,*,#830,.T.);
#830 = EDGE_CURVE('',#823,#203,#831,.T.);
#831 = CIRCLE('',#832,12.);
#832 = AXIS2_PLACEMENT_3D('',#833,#834,#835);
#833 = CARTESIAN_POINT('',(12.,68.,12.95));
#834 = DIRECTION('',(0.,-0.,1.));
#835 = DIRECTION('',(0.,1.,0.));
#836 = CYLINDRICAL_SURFACE('',#837,12.);
#837 = AXIS2_PLACEMENT_3D('',#838,#839,#840);
#838 = CARTESIAN_POINT('',(12.,68.,1.2));
#839 = DIRECTION('',(-0.,-0.,-1.));
#840 = DIRECTION('',(1.,0.,0.));
#841 = ADVANCED_FACE('',(#842),#861,.T.);
#842 = FACE_BOUND('',#843,.T.);
#843 = EDGE_LOOP('',(#844,#853,#859,#860));
#844 = ORIENTED_EDGE('',*,*,#845,.T.);
#845 = EDGE_CURVE('',#195,#846,#848,.T.);
#846 = VERTEX_POINT('',#847);
#847 = CARTESIAN_POINT('',(0.55,68.,1.2));
#848 = CIRCLE('',#849,0.55);
#849 = AXIS2_PLACEMENT_3D('',#850,#851,#852);
#850 = CARTESIAN_POINT('',(0.55,68.,1.75));
#851 = DIRECTION('',(-6.123233995737E-17,-1.,-0.));
#852 = DIRECTION('',(-1.,6.123233995737E-17,0.));
#853 = ORIENTED_EDGE('',*,*,#854,.T.);
#854 = EDGE_CURVE('',#846,#428,#855,.T.);
#855 = LINE('',#856,#857);
#856 = CARTESIAN_POINT('',(0.55,68.,1.2));
#857 = VECTOR('',#858,1.);
#858 = DIRECTION('',(-0.,-1.,-0.));
#859 = ORIENTED_EDGE('',*,*,#427,.F.);
#860 = ORIENTED_EDGE('',*,*,#194,.F.);
#861 = CYLINDRICAL_SURFACE('',#862,0.55);
#862 = AXIS2_PLACEMENT_3D('',#863,#864,#865);
#863 = CARTESIAN_POINT('',(0.55,68.,1.75));
#864 = DIRECTION('',(-0.,-1.,-0.));
#865 = DIRECTION('',(-1.,0.,0.));
#866 = ADVANCED_FACE('',(#867),#912,.T.);
#867 = FACE_BOUND('',#868,.T.);
#868 = EDGE_LOOP('',(#869,#877,#885,#893,#901,#907,#908,#909,#910,#911)
  );
#869 = ORIENTED_EDGE('',*,*,#870,.F.);
#870 = EDGE_CURVE('',#871,#396,#873,.T.);
#871 = VERTEX_POINT('',#872);
#872 = CARTESIAN_POINT('',(1.2,12.,1.2));
#873 = LINE('',#874,#875);
#874 = CARTESIAN_POINT('',(1.2,12.,-1.));
#875 = VECTOR('',#876,1.);
#876 = DIRECTION('',(0.,0.,1.));
#877 = ORIENTED_EDGE('',*,*,#878,.F.);
#878 = EDGE_CURVE('',#879,#871,#881,.T.);
#879 = VERTEX_POINT('',#880);
#880 = CARTESIAN_POINT('',(1.2,68.,1.2));
#881 = LINE('',#882,#883);
#882 = CARTESIAN_POINT('',(1.2,26.,1.2));
#883 = VECTOR('',#884,1.);
#884 = DIRECTION('',(0.,-1.,0.));
#885 = ORIENTED_EDGE('',*,*,#886,.T.);
#886 = EDGE_CURVE('',#879,#887,#889,.T.);
#887 = VERTEX_POINT('',#888);
#888 = CARTESIAN_POINT('',(1.2,68.,12.3));
#889 = LINE('',#890,#891);
#890 = CARTESIAN_POINT('',(1.2,68.,-1.));
#891 = VECTOR('',#892,1.);
#892 = DIRECTION('',(0.,0.,1.));
#893 = ORIENTED_EDGE('',*,*,#894,.F.);
#894 = EDGE_CURVE('',#895,#887,#897,.T.);
#895 = VERTEX_POINT('',#896);
#896 = CARTESIAN_POINT('',(1.2,12.,12.3));
#897 = LINE('',#898,#899);
#898 = CARTESIAN_POINT('',(1.2,12.,12.3));
#899 = VECTOR('',#900,1.);
#900 = DIRECTION('',(0.,1.,0.));
#901 = ORIENTED_EDGE('',*,*,#902,.F.);
#902 = EDGE_CURVE('',#275,#895,#903,.T.);
#903 = LINE('',#904,#905);
#904 = CARTESIAN_POINT('',(1.2,12.,-1.));
#905 = VECTOR('',#906,1.);
#906 = DIRECTION('',(0.,0.,1.));
#907 = ORIENTED_EDGE('',*,*,#283,.F.);
#908 = ORIENTED_EDGE('',*,*,#753,.T.);
#909 = ORIENTED_EDGE('',*,*,#737,.F.);
#910 = ORIENTED_EDGE('',*,*,#712,.T.);
#911 = ORIENTED_EDGE('',*,*,#404,.T.);
#912 = PLANE('',#913);
#913 = AXIS2_PLACEMENT_3D('',#914,#915,#916);
#914 = CARTESIAN_POINT('',(1.2,12.,-1.));
#915 = DIRECTION('',(1.,0.,0.));
#916 = DIRECTION('',(0.,0.,1.));
#917 = ADVANCED_FACE('',(#918),#951,.F.);
#918 = FACE_BOUND('',#919,.T.);
#919 = EDGE_LOOP('',(#920,#930,#937,#938,#939,#940,#941,#942,#943,#944)
  );
#920 = ORIENTED_EDGE('',*,*,#921,.F.);
#921 = EDGE_CURVE('',#922,#924,#926,.T.);
#922 = VERTEX_POINT('',#923);
#923 = CARTESIAN_POINT('',(12.,1.2,1.2));
#924 = VERTEX_POINT('',#925);
#925 = CARTESIAN_POINT('',(12.,1.2,12.3));
#926 = LINE('',#927,#928);
#927 = CARTESIAN_POINT('',(12.,1.2,-1.));
#928 = VECTOR('',#929,1.);
#929 = DIRECTION('',(0.,0.,1.));
#930 = ORIENTED_EDGE('',*,*,#931,.T.);
#931 = EDGE_CURVE('',#922,#871,#932,.T.);
#932 = CIRCLE('',#933,10.8);
#933 = AXIS2_PLACEMENT_3D('',#934,#935,#936);
#934 = CARTESIAN_POINT('',(12.,12.,1.2));
#935 = DIRECTION('',(0.,0.,-1.));
#936 = DIRECTION('',(1.,0.,0.));
#937 = ORIENTED_EDGE('',*,*,#870,.T.);
#938 = ORIENTED_EDGE('',*,*,#395,.F.);
#939 = ORIENTED_EDGE('',*,*,#370,.F.);
#940 = ORIENTED_EDGE('',*,*,#346,.F.);
#941 = ORIENTED_EDGE('',*,*,#308,.F.);
#942 = ORIENTED_EDGE('',*,*,#274,.T.);
#943 = ORIENTED_EDGE('',*,*,#902,.T.);
#944 = ORIENTED_EDGE('',*,*,#945,.T.);
#945 = EDGE_CURVE('',#895,#924,#946,.T.);
#946 = CIRCLE('',#947,10.8);
#947 = AXIS2_PLACEMENT_3D('',#948,#949,#950);
#948 = CARTESIAN_POINT('',(12.,12.,12.3));
#949 = DIRECTION('',(0.,0.,1.));
#950 = DIRECTION('',(1.,0.,0.));
#951 = CYLINDRICAL_SURFACE('',#952,10.8);
#952 = AXIS2_PLACEMENT_3D('',#953,#954,#955);
#953 = CARTESIAN_POINT('',(12.,12.,-1.));
#954 = DIRECTION('',(-0.,-0.,-1.));
#955 = DIRECTION('',(1.,0.,0.));
#956 = ADVANCED_FACE('',(#957,#1122,#1133),#1144,.T.);
#957 = FACE_BOUND('',#958,.T.);
#958 = EDGE_LOOP('',(#959,#960,#961,#970,#978,#985,#986,#987,#995,#1004,
    #1013,#1021,#1030,#1038,#1047,#1055,#1064,#1073,#1081,#1089,#1097,
    #1106,#1114,#1121));
#959 = ORIENTED_EDGE('',*,*,#446,.F.);
#960 = ORIENTED_EDGE('',*,*,#854,.F.);
#961 = ORIENTED_EDGE('',*,*,#962,.F.);
#962 = EDGE_CURVE('',#963,#846,#965,.T.);
#963 = VERTEX_POINT('',#964);
#964 = CARTESIAN_POINT('',(10.415757749753,79.339871096822,1.2));
#965 = CIRCLE('',#966,11.45);
#966 = AXIS2_PLACEMENT_3D('',#967,#968,#969);
#967 = CARTESIAN_POINT('',(12.,68.,1.2));
#968 = DIRECTION('',(0.,-0.,1.));
#969 = DIRECTION('',(0.,1.,0.));
#970 = ORIENTED_EDGE('',*,*,#971,.F.);
#971 = EDGE_CURVE('',#972,#963,#974,.T.);
#972 = VERTEX_POINT('',#973);
#973 = CARTESIAN_POINT('',(10.415757749753,78.683172585545,1.2));
#974 = LINE('',#975,#976);
#975 = CARTESIAN_POINT('',(10.415757749753,81.,1.2));
#976 = VECTOR('',#977,1.);
#977 = DIRECTION('',(0.,1.,2.22044604925E-16));
#978 = ORIENTED_EDGE('',*,*,#979,.F.);
#979 = EDGE_CURVE('',#879,#972,#980,.T.);
#980 = CIRCLE('',#981,10.8);
#981 = AXIS2_PLACEMENT_3D('',#982,#983,#984);
#982 = CARTESIAN_POINT('',(12.,68.,1.2));
#983 = DIRECTION('',(0.,0.,-1.));
#984 = DIRECTION('',(1.,0.,0.));
#985 = ORIENTED_EDGE('',*,*,#878,.T.);
#986 = ORIENTED_EDGE('',*,*,#931,.F.);
#987 = ORIENTED_EDGE('',*,*,#988,.T.);
#988 = EDGE_CURVE('',#922,#989,#991,.T.);
#989 = VERTEX_POINT('',#990);
#990 = CARTESIAN_POINT('',(23.412549213361,1.2,1.2));
#991 = LINE('',#992,#993);
#992 = CARTESIAN_POINT('',(18.5,1.2,1.2));
#993 = VECTOR('',#994,1.);
#994 = DIRECTION('',(1.,0.,0.));
#995 = ORIENTED_EDGE('',*,*,#996,.F.);
#996 = EDGE_CURVE('',#997,#989,#999,.T.);
#997 = VERTEX_POINT('',#998);
#998 = CARTESIAN_POINT('',(27.4,3.,1.2));
#999 = CIRCLE('',#1000,2.4);
#1000 = AXIS2_PLACEMENT_3D('',#1001,#1002,#1003);
#1001 = CARTESIAN_POINT('',(25.,3.,1.2));
#1002 = DIRECTION('',(0.,0.,1.));
#1003 = DIRECTION('',(1.,0.,0.));
#1004 = ORIENTED_EDGE('',*,*,#1005,.F.);
#1005 = EDGE_CURVE('',#1006,#997,#1008,.T.);
#1006 = VERTEX_POINT('',#1007);
#1007 = CARTESIAN_POINT('',(26.587450786639,1.2,1.2));
#1008 = CIRCLE('',#1009,2.4);
#1009 = AXIS2_PLACEMENT_3D('',#1010,#1011,#1012);
#1010 = CARTESIAN_POINT('',(25.,3.,1.2));
#1011 = DIRECTION('',(0.,0.,1.));
#1012 = DIRECTION('',(1.,0.,0.));
#1013 = ORIENTED_EDGE('',*,*,#1014,.T.);
#1014 = EDGE_CURVE('',#1006,#1015,#1017,.T.);
#1015 = VERTEX_POINT('',#1016);
#1016 = CARTESIAN_POINT('',(38.,1.2,1.2));
#1017 = LINE('',#1018,#1019);
#1018 = CARTESIAN_POINT('',(18.5,1.2,1.2));
#1019 = VECTOR('',#1020,1.);
#1020 = DIRECTION('',(1.,0.,0.));
#1021 = ORIENTED_EDGE('',*,*,#1022,.F.);
#1022 = EDGE_CURVE('',#1023,#1015,#1025,.T.);
#1023 = VERTEX_POINT('',#1024);
#1024 = CARTESIAN_POINT('',(48.8,12.,1.2));
#1025 = CIRCLE('',#1026,10.8);
#1026 = AXIS2_PLACEMENT_3D('',#1027,#1028,#1029);
#1027 = CARTESIAN_POINT('',(38.,12.,1.2));
#1028 = DIRECTION('',(0.,0.,-1.));
#1029 = DIRECTION('',(1.,0.,0.));
#1030 = ORIENTED_EDGE('',*,*,#1031,.F.);
#1031 = EDGE_CURVE('',#1032,#1023,#1034,.T.);
#1032 = VERTEX_POINT('',#1033);
#1033 = CARTESIAN_POINT('',(48.8,68.,1.2));
#1034 = LINE('',#1035,#1036);
#1035 = CARTESIAN_POINT('',(48.8,26.,1.2));
#1036 = VECTOR('',#1037,1.);
#1037 = DIRECTION('',(0.,-1.,0.));
#1038 = ORIENTED_EDGE('',*,*,#1039,.F.);
#1039 = EDGE_CURVE('',#1040,#1032,#1042,.T.);
#1040 = VERTEX_POINT('',#1041);
#1041 = CARTESIAN_POINT('',(38.,78.8,1.2));
#1042 = CIRCLE('',#1043,10.8);
#1043 = AXIS2_PLACEMENT_3D('',#1044,#1045,#1046);
#1044 = CARTESIAN_POINT('',(38.,68.,1.2));
#1045 = DIRECTION('',(0.,0.,-1.));
#1046 = DIRECTION('',(1.,0.,0.));
#1047 = ORIENTED_EDGE('',*,*,#1048,.F.);
#1048 = EDGE_CURVE('',#1049,#1040,#1051,.T.);
#1049 = VERTEX_POINT('',#1050);
#1050 = CARTESIAN_POINT('',(26.587450786639,78.8,1.2));
#1051 = LINE('',#1052,#1053);
#1052 = CARTESIAN_POINT('',(18.5,78.8,1.2));
#1053 = VECTOR('',#1054,1.);
#1054 = DIRECTION('',(1.,0.,0.));
#1055 = ORIENTED_EDGE('',*,*,#1056,.F.);
#1056 = EDGE_CURVE('',#1057,#1049,#1059,.T.);
#1057 = VERTEX_POINT('',#1058);
#1058 = CARTESIAN_POINT('',(27.4,77.,1.2));
#1059 = CIRCLE('',#1060,2.4);
#1060 = AXIS2_PLACEMENT_3D('',#1061,#1062,#1063);
#1061 = CARTESIAN_POINT('',(25.,77.,1.2));
#1062 = DIRECTION('',(0.,0.,1.));
#1063 = DIRECTION('',(1.,0.,0.));
#1064 = ORIENTED_EDGE('',*,*,#1065,.F.);
#1065 = EDGE_CURVE('',#1066,#1057,#1068,.T.);
#1066 = VERTEX_POINT('',#1067);
#1067 = CARTESIAN_POINT('',(23.412549213361,78.8,1.2));
#1068 = CIRCLE('',#1069,2.4);
#1069 = AXIS2_PLACEMENT_3D('',#1070,#1071,#1072);
#1070 = CARTESIAN_POINT('',(25.,77.,1.2));
#1071 = DIRECTION('',(0.,0.,1.));
#1072 = DIRECTION('',(1.,0.,0.));
#1073 = ORIENTED_EDGE('',*,*,#1074,.F.);
#1074 = EDGE_CURVE('',#1075,#1066,#1077,.T.);
#1075 = VERTEX_POINT('',#1076);
#1076 = CARTESIAN_POINT('',(13.714242250247,78.8,1.2));
#1077 = LINE('',#1078,#1079);
#1078 = CARTESIAN_POINT('',(18.5,78.8,1.2));
#1079 = VECTOR('',#1080,1.);
#1080 = DIRECTION('',(1.,0.,0.));
#1081 = ORIENTED_EDGE('',*,*,#1082,.T.);
#1082 = EDGE_CURVE('',#1075,#1083,#1085,.T.);
#1083 = VERTEX_POINT('',#1084);
#1084 = CARTESIAN_POINT('',(13.714242250247,79.45,1.2));
#1085 = LINE('',#1086,#1087);
#1086 = CARTESIAN_POINT('',(13.714242250247,81.,1.2));
#1087 = VECTOR('',#1088,1.);
#1088 = DIRECTION('',(0.,1.,2.22044604925E-16));
#1089 = ORIENTED_EDGE('',*,*,#1090,.F.);
#1090 = EDGE_CURVE('',#1091,#1083,#1093,.T.);
#1091 = VERTEX_POINT('',#1092);
#1092 = CARTESIAN_POINT('',(38.,79.45,1.2));
#1093 = LINE('',#1094,#1095);
#1094 = CARTESIAN_POINT('',(38.,79.45,1.2));
#1095 = VECTOR('',#1096,1.);
#1096 = DIRECTION('',(-1.,-0.,-0.));
#1097 = ORIENTED_EDGE('',*,*,#1098,.F.);
#1098 = EDGE_CURVE('',#1099,#1091,#1101,.T.);
#1099 = VERTEX_POINT('',#1100);
#1100 = CARTESIAN_POINT('',(49.45,68.,1.2));
#1101 = CIRCLE('',#1102,11.45);
#1102 = AXIS2_PLACEMENT_3D('',#1103,#1104,#1105);
#1103 = CARTESIAN_POINT('',(38.,68.,1.2));
#1104 = DIRECTION('',(0.,0.,1.));
#1105 = DIRECTION('',(1.,0.,0.));
#1106 = ORIENTED_EDGE('',*,*,#1107,.F.);
#1107 = EDGE_CURVE('',#1108,#1099,#1110,.T.);
#1108 = VERTEX_POINT('',#1109);
#1109 = CARTESIAN_POINT('',(49.45,12.,1.2));
#1110 = LINE('',#1111,#1112);
#1111 = CARTESIAN_POINT('',(49.45,12.,1.2));
#1112 = VECTOR('',#1113,1.);
#1113 = DIRECTION('',(0.,1.,0.));
#1114 = ORIENTED_EDGE('',*,*,#1115,.F.);
#1115 = EDGE_CURVE('',#496,#1108,#1116,.T.);
#1116 = CIRCLE('',#1117,11.45);
#1117 = AXIS2_PLACEMENT_3D('',#1118,#1119,#1120);
#1118 = CARTESIAN_POINT('',(38.,12.,1.2));
#1119 = DIRECTION('',(-0.,0.,1.));
#1120 = DIRECTION('',(0.,-1.,0.));
#1121 = ORIENTED_EDGE('',*,*,#495,.F.);
#1122 = FACE_BOUND('',#1123,.T.);
#1123 = EDGE_LOOP('',(#1124));
#1124 = ORIENTED_EDGE('',*,*,#1125,.F.);
#1125 = EDGE_CURVE('',#1126,#1126,#1128,.T.);
#1126 = VERTEX_POINT('',#1127);
#1127 = CARTESIAN_POINT('',(25.65,3.,1.2));
#1128 = CIRCLE('',#1129,0.65);
#1129 = AXIS2_PLACEMENT_3D('',#1130,#1131,#1132);
#1130 = CARTESIAN_POINT('',(25.,3.,1.2));
#1131 = DIRECTION('',(0.,0.,-1.));
#1132 = DIRECTION('',(1.,0.,0.));
#1133 = FACE_BOUND('',#1134,.T.);
#1134 = EDGE_LOOP('',(#1135));
#1135 = ORIENTED_EDGE('',*,*,#1136,.F.);
#1136 = EDGE_CURVE('',#1137,#1137,#1139,.T.);
#1137 = VERTEX_POINT('',#1138);
#1138 = CARTESIAN_POINT('',(25.65,77.,1.2));
#1139 = CIRCLE('',#1140,0.65);
#1140 = AXIS2_PLACEMENT_3D('',#1141,#1142,#1143);
#1141 = CARTESIAN_POINT('',(25.,77.,1.2));
#1142 = DIRECTION('',(0.,0.,-1.));
#1143 = DIRECTION('',(1.,0.,0.));
#1144 = PLANE('',#1145);
#1145 = AXIS2_PLACEMENT_3D('',#1146,#1147,#1148);
#1146 = CARTESIAN_POINT('',(25.,40.,1.2));
#1147 = DIRECTION('',(-0.,-0.,-1.));
#1148 = DIRECTION('',(-1.,0.,0.));
#1149 = ADVANCED_FACE('',(#1150),#1175,.T.);
#1150 = FACE_BOUND('',#1151,.T.);
#1151 = EDGE_LOOP('',(#1152,#1153,#1161,#1169));
#1152 = ORIENTED_EDGE('',*,*,#461,.F.);
#1153 = ORIENTED_EDGE('',*,*,#1154,.T.);
#1154 = EDGE_CURVE('',#462,#1155,#1157,.T.);
#1155 = VERTEX_POINT('',#1156);
#1156 = CARTESIAN_POINT('',(50.,68.,1.75));
#1157 = LINE('',#1158,#1159);
#1158 = CARTESIAN_POINT('',(50.,12.,1.75));
#1159 = VECTOR('',#1160,1.);
#1160 = DIRECTION('',(0.,1.,0.));
#1161 = ORIENTED_EDGE('',*,*,#1162,.T.);
#1162 = EDGE_CURVE('',#1155,#1163,#1165,.T.);
#1163 = VERTEX_POINT('',#1164);
#1164 = CARTESIAN_POINT('',(50.,68.,12.95));
#1165 = LINE('',#1166,#1167);
#1166 = CARTESIAN_POINT('',(50.,68.,1.2));
#1167 = VECTOR('',#1168,1.);
#1168 = DIRECTION('',(0.,0.,1.));
#1169 = ORIENTED_EDGE('',*,*,#1170,.F.);
#1170 = EDGE_CURVE('',#464,#1163,#1171,.T.);
#1171 = LINE('',#1172,#1173);
#1172 = CARTESIAN_POINT('',(50.,12.,12.95));
#1173 = VECTOR('',#1174,1.);
#1174 = DIRECTION('',(0.,1.,0.));
#1175 = PLANE('',#1176);
#1176 = AXIS2_PLACEMENT_3D('',#1177,#1178,#1179);
#1177 = CARTESIAN_POINT('',(50.,12.,1.2));
#1178 = DIRECTION('',(1.,0.,0.));
#1179 = DIRECTION('',(0.,0.,1.));
#1180 = ADVANCED_FACE('',(#1181),#1193,.T.);
#1181 = FACE_BOUND('',#1182,.F.);
#1182 = EDGE_LOOP('',(#1183,#1184,#1185,#1192));
#1183 = ORIENTED_EDGE('',*,*,#503,.F.);
#1184 = ORIENTED_EDGE('',*,*,#471,.T.);
#1185 = ORIENTED_EDGE('',*,*,#1186,.T.);
#1186 = EDGE_CURVE('',#462,#1108,#1187,.T.);
#1187 = CIRCLE('',#1188,0.55);
#1188 = AXIS2_PLACEMENT_3D('',#1189,#1190,#1191);
#1189 = CARTESIAN_POINT('',(49.45,12.,1.75));
#1190 = DIRECTION('',(6.123233995737E-17,1.,0.));
#1191 = DIRECTION('',(1.,-6.123233995737E-17,0.));
#1192 = ORIENTED_EDGE('',*,*,#1115,.F.);
#1193 = TOROIDAL_SURFACE('',#1194,11.45,0.55);
#1194 = AXIS2_PLACEMENT_3D('',#1195,#1196,#1197);
#1195 = CARTESIAN_POINT('',(38.,12.,1.75));
#1196 = DIRECTION('',(0.,0.,-1.));
#1197 = DIRECTION('',(0.,-1.,0.));
#1198 = ADVANCED_FACE('',(#1199),#1211,.T.);
#1199 = FACE_BOUND('',#1200,.T.);
#1200 = EDGE_LOOP('',(#1201,#1202,#1203,#1210));
#1201 = ORIENTED_EDGE('',*,*,#528,.F.);
#1202 = ORIENTED_EDGE('',*,*,#479,.T.);
#1203 = ORIENTED_EDGE('',*,*,#1204,.T.);
#1204 = EDGE_CURVE('',#464,#572,#1205,.T.);
#1205 = CIRCLE('',#1206,0.55);
#1206 = AXIS2_PLACEMENT_3D('',#1207,#1208,#1209);
#1207 = CARTESIAN_POINT('',(49.45,12.,12.95));
#1208 = DIRECTION('',(-6.123233995737E-17,-1.,0.));
#1209 = DIRECTION('',(1.,-6.123233995737E-17,0.));
#1210 = ORIENTED_EDGE('',*,*,#571,.F.);
#1211 = TOROIDAL_SURFACE('',#1212,11.45,0.55);
#1212 = AXIS2_PLACEMENT_3D('',#1213,#1214,#1215);
#1213 = CARTESIAN_POINT('',(38.,12.,12.95));
#1214 = DIRECTION('',(0.,0.,1.));
#1215 = DIRECTION('',(0.,-1.,0.));
#1216 = ADVANCED_FACE('',(#1217),#1229,.T.);
#1217 = FACE_BOUND('',#1218,.T.);
#1218 = EDGE_LOOP('',(#1219,#1226,#1227,#1228));
#1219 = ORIENTED_EDGE('',*,*,#1220,.F.);
#1220 = EDGE_CURVE('',#823,#598,#1221,.T.);
#1221 = CIRCLE('',#1222,0.55);
#1222 = AXIS2_PLACEMENT_3D('',#1223,#1224,#1225);
#1223 = CARTESIAN_POINT('',(12.,79.45,12.95));
#1224 = DIRECTION('',(1.,0.,0.));
#1225 = DIRECTION('',(0.,1.,0.));
#1226 = ORIENTED_EDGE('',*,*,#830,.T.);
#1227 = ORIENTED_EDGE('',*,*,#544,.T.);
#1228 = ORIENTED_EDGE('',*,*,#605,.F.);
#1229 = TOROIDAL_SURFACE('',#1230,11.45,0.55);
#1230 = AXIS2_PLACEMENT_3D('',#1231,#1232,#1233);
#1231 = CARTESIAN_POINT('',(12.,68.,12.95));
#1232 = DIRECTION('',(0.,0.,1.));
#1233 = DIRECTION('',(0.,1.,0.));
#1234 = ADVANCED_FACE('',(#1235),#1254,.T.);
#1235 = FACE_BOUND('',#1236,.F.);
#1236 = EDGE_LOOP('',(#1237,#1246,#1247,#1248));
#1237 = ORIENTED_EDGE('',*,*,#1238,.T.);
#1238 = EDGE_CURVE('',#1239,#589,#1241,.T.);
#1239 = VERTEX_POINT('',#1240);
#1240 = CARTESIAN_POINT('',(38.,80.,12.95));
#1241 = CIRCLE('',#1242,0.55);
#1242 = AXIS2_PLACEMENT_3D('',#1243,#1244,#1245);
#1243 = CARTESIAN_POINT('',(38.,79.45,12.95));
#1244 = DIRECTION('',(1.,-6.123233995737E-17,0.));
#1245 = DIRECTION('',(6.123233995737E-17,1.,0.));
#1246 = ORIENTED_EDGE('',*,*,#597,.T.);
#1247 = ORIENTED_EDGE('',*,*,#1220,.F.);
#1248 = ORIENTED_EDGE('',*,*,#1249,.F.);
#1249 = EDGE_CURVE('',#1239,#823,#1250,.T.);
#1250 = LINE('',#1251,#1252);
#1251 = CARTESIAN_POINT('',(38.,80.,12.95));
#1252 = VECTOR('',#1253,1.);
#1253 = DIRECTION('',(-1.,-0.,-0.));
#1254 = CYLINDRICAL_SURFACE('',#1255,0.55);
#1255 = AXIS2_PLACEMENT_3D('',#1256,#1257,#1258);
#1256 = CARTESIAN_POINT('',(38.,79.45,12.95));
#1257 = DIRECTION('',(-1.,-0.,-0.));
#1258 = DIRECTION('',(0.,1.,0.));
#1259 = ADVANCED_FACE('',(#1260),#1272,.T.);
#1260 = FACE_BOUND('',#1261,.F.);
#1261 = EDGE_LOOP('',(#1262,#1263,#1264,#1271));
#1262 = ORIENTED_EDGE('',*,*,#1204,.T.);
#1263 = ORIENTED_EDGE('',*,*,#580,.T.);
#1264 = ORIENTED_EDGE('',*,*,#1265,.F.);
#1265 = EDGE_CURVE('',#1163,#581,#1266,.T.);
#1266 = CIRCLE('',#1267,0.55);
#1267 = AXIS2_PLACEMENT_3D('',#1268,#1269,#1270);
#1268 = CARTESIAN_POINT('',(49.45,68.,12.95));
#1269 = DIRECTION('',(0.,-1.,0.));
#1270 = DIRECTION('',(1.,0.,0.));
#1271 = ORIENTED_EDGE('',*,*,#1170,.F.);
#1272 = CYLINDRICAL_SURFACE('',#1273,0.55);
#1273 = AXIS2_PLACEMENT_3D('',#1274,#1275,#1276);
#1274 = CARTESIAN_POINT('',(49.45,12.,12.95));
#1275 = DIRECTION('',(0.,1.,0.));
#1276 = DIRECTION('',(1.,0.,0.));
#1277 = ADVANCED_FACE('',(#1278),#1290,.T.);
#1278 = FACE_BOUND('',#1279,.T.);
#1279 = EDGE_LOOP('',(#1280,#1281,#1288,#1289));
#1280 = ORIENTED_EDGE('',*,*,#1265,.F.);
#1281 = ORIENTED_EDGE('',*,*,#1282,.T.);
#1282 = EDGE_CURVE('',#1163,#1239,#1283,.T.);
#1283 = CIRCLE('',#1284,12.);
#1284 = AXIS2_PLACEMENT_3D('',#1285,#1286,#1287);
#1285 = CARTESIAN_POINT('',(38.,68.,12.95));
#1286 = DIRECTION('',(0.,0.,1.));
#1287 = DIRECTION('',(1.,0.,0.));
#1288 = ORIENTED_EDGE('',*,*,#1238,.T.);
#1289 = ORIENTED_EDGE('',*,*,#588,.F.);
#1290 = TOROIDAL_SURFACE('',#1291,11.45,0.55);
#1291 = AXIS2_PLACEMENT_3D('',#1292,#1293,#1294);
#1292 = CARTESIAN_POINT('',(38.,68.,12.95));
#1293 = DIRECTION('',(0.,0.,1.));
#1294 = DIRECTION('',(1.,0.,0.));
#1295 = ADVANCED_FACE('',(#1296),#1321,.T.);
#1296 = FACE_BOUND('',#1297,.T.);
#1297 = EDGE_LOOP('',(#1298,#1308,#1314,#1315));
#1298 = ORIENTED_EDGE('',*,*,#1299,.F.);
#1299 = EDGE_CURVE('',#1300,#1302,#1304,.T.);
#1300 = VERTEX_POINT('',#1301);
#1301 = CARTESIAN_POINT('',(12.5,1.85,13.42));
#1302 = VERTEX_POINT('',#1303);
#1303 = CARTESIAN_POINT('',(37.5,1.85,13.42));
#1304 = LINE('',#1305,#1306);
#1305 = CARTESIAN_POINT('',(12.5,1.85,13.42));
#1306 = VECTOR('',#1307,1.);
#1307 = DIRECTION('',(1.,0.,0.));
#1308 = ORIENTED_EDGE('',*,*,#1309,.T.);
#1309 = EDGE_CURVE('',#1300,#618,#1310,.T.);
#1310 = LINE('',#1311,#1312);
#1311 = CARTESIAN_POINT('',(12.5,1.85,13.42));
#1312 = VECTOR('',#1313,1.);
#1313 = DIRECTION('',(0.,0.,1.));
#1314 = ORIENTED_EDGE('',*,*,#615,.F.);
#1315 = ORIENTED_EDGE('',*,*,#1316,.F.);
#1316 = EDGE_CURVE('',#1302,#616,#1317,.T.);
#1317 = LINE('',#1318,#1319);
#1318 = CARTESIAN_POINT('',(37.5,1.85,13.42));
#1319 = VECTOR('',#1320,1.);
#1320 = DIRECTION('',(0.,0.,1.));
#1321 = PLANE('',#1322);
#1322 = AXIS2_PLACEMENT_3D('',#1323,#1324,#1325);
#1323 = CARTESIAN_POINT('',(12.5,1.85,13.42));
#1324 = DIRECTION('',(0.,1.,0.));
#1325 = DIRECTION('',(0.,0.,1.));
#1326 = ADVANCED_FACE('',(#1327),#1346,.F.);
#1327 = FACE_BOUND('',#1328,.T.);
#1328 = EDGE_LOOP('',(#1329,#1337,#1344,#1345));
#1329 = ORIENTED_EDGE('',*,*,#1330,.F.);
#1330 = EDGE_CURVE('',#1331,#669,#1333,.T.);
#1331 = VERTEX_POINT('',#1332);
#1332 = CARTESIAN_POINT('',(48.15,12.5,13.42));
#1333 = LINE('',#1334,#1335);
#1334 = CARTESIAN_POINT('',(48.15,12.5,13.42));
#1335 = VECTOR('',#1336,1.);
#1336 = DIRECTION('',(0.,0.,1.));
#1337 = ORIENTED_EDGE('',*,*,#1338,.F.);
#1338 = EDGE_CURVE('',#1302,#1331,#1339,.T.);
#1339 = CIRCLE('',#1340,10.65);
#1340 = AXIS2_PLACEMENT_3D('',#1341,#1342,#1343);
#1341 = CARTESIAN_POINT('',(37.5,12.5,13.42));
#1342 = DIRECTION('',(0.,0.,1.));
#1343 = DIRECTION('',(1.,0.,0.));
#1344 = ORIENTED_EDGE('',*,*,#1316,.T.);
#1345 = ORIENTED_EDGE('',*,*,#676,.F.);
#1346 = CYLINDRICAL_SURFACE('',#1347,10.65);
#1347 = AXIS2_PLACEMENT_3D('',#1348,#1349,#1350);
#1348 = CARTESIAN_POINT('',(37.5,12.5,13.42));
#1349 = DIRECTION('',(-0.,-0.,-1.));
#1350 = DIRECTION('',(1.,0.,0.));
#1351 = ADVANCED_FACE('',(#1352),#1370,.F.);
#1352 = FACE_BOUND('',#1353,.F.);
#1353 = EDGE_LOOP('',(#1354,#1355,#1363,#1369));
#1354 = ORIENTED_EDGE('',*,*,#1330,.F.);
#1355 = ORIENTED_EDGE('',*,*,#1356,.T.);
#1356 = EDGE_CURVE('',#1331,#1357,#1359,.T.);
#1357 = VERTEX_POINT('',#1358);
#1358 = CARTESIAN_POINT('',(48.15,31.5,13.42));
#1359 = LINE('',#1360,#1361);
#1360 = CARTESIAN_POINT('',(48.15,12.5,13.42));
#1361 = VECTOR('',#1362,1.);
#1362 = DIRECTION('',(0.,1.,0.));
#1363 = ORIENTED_EDGE('',*,*,#1364,.T.);
#1364 = EDGE_CURVE('',#1357,#660,#1365,.T.);
#1365 = LINE('',#1366,#1367);
#1366 = CARTESIAN_POINT('',(48.15,31.5,13.42));
#1367 = VECTOR('',#1368,1.);
#1368 = DIRECTION('',(0.,0.,1.));
#1369 = ORIENTED_EDGE('',*,*,#668,.F.);
#1370 = PLANE('',#1371);
#1371 = AXIS2_PLACEMENT_3D('',#1372,#1373,#1374);
#1372 = CARTESIAN_POINT('',(48.15,12.5,13.42));
#1373 = DIRECTION('',(1.,0.,0.));
#1374 = DIRECTION('',(0.,0.,1.));
#1375 = ADVANCED_FACE('',(#1376),#1395,.F.);
#1376 = FACE_BOUND('',#1377,.T.);
#1377 = EDGE_LOOP('',(#1378,#1387,#1388,#1389));
#1378 = ORIENTED_EDGE('',*,*,#1379,.F.);
#1379 = EDGE_CURVE('',#1357,#1380,#1382,.T.);
#1380 = VERTEX_POINT('',#1381);
#1381 = CARTESIAN_POINT('',(37.5,42.15,13.42));
#1382 = CIRCLE('',#1383,10.65);
#1383 = AXIS2_PLACEMENT_3D('',#1384,#1385,#1386);
#1384 = CARTESIAN_POINT('',(37.5,31.5,13.42));
#1385 = DIRECTION('',(0.,0.,1.));
#1386 = DIRECTION('',(1.,0.,0.));
#1387 = ORIENTED_EDGE('',*,*,#1364,.T.);
#1388 = ORIENTED_EDGE('',*,*,#659,.F.);
#1389 = ORIENTED_EDGE('',*,*,#1390,.F.);
#1390 = EDGE_CURVE('',#1380,#652,#1391,.T.);
#1391 = LINE('',#1392,#1393);
#1392 = CARTESIAN_POINT('',(37.5,42.15,13.42));
#1393 = VECTOR('',#1394,1.);
#1394 = DIRECTION('',(0.,0.,1.));
#1395 = CYLINDRICAL_SURFACE('',#1396,10.65);
#1396 = AXIS2_PLACEMENT_3D('',#1397,#1398,#1399);
#1397 = CARTESIAN_POINT('',(37.5,31.5,13.42));
#1398 = DIRECTION('',(-0.,-0.,-1.));
#1399 = DIRECTION('',(1.,0.,0.));
#1400 = ADVANCED_FACE('',(#1401),#1419,.F.);
#1401 = FACE_BOUND('',#1402,.F.);
#1402 = EDGE_LOOP('',(#1403,#1411,#1417,#1418));
#1403 = ORIENTED_EDGE('',*,*,#1404,.F.);
#1404 = EDGE_CURVE('',#1405,#1380,#1407,.T.);
#1405 = VERTEX_POINT('',#1406);
#1406 = CARTESIAN_POINT('',(12.5,42.15,13.42));
#1407 = LINE('',#1408,#1409);
#1408 = CARTESIAN_POINT('',(12.5,42.15,13.42));
#1409 = VECTOR('',#1410,1.);
#1410 = DIRECTION('',(1.,0.,0.));
#1411 = ORIENTED_EDGE('',*,*,#1412,.T.);
#1412 = EDGE_CURVE('',#1405,#643,#1413,.T.);
#1413 = LINE('',#1414,#1415);
#1414 = CARTESIAN_POINT('',(12.5,42.15,13.42));
#1415 = VECTOR('',#1416,1.);
#1416 = DIRECTION('',(0.,0.,1.));
#1417 = ORIENTED_EDGE('',*,*,#651,.F.);
#1418 = ORIENTED_EDGE('',*,*,#1390,.F.);
#1419 = PLANE('',#1420);
#1420 = AXIS2_PLACEMENT_3D('',#1421,#1422,#1423);
#1421 = CARTESIAN_POINT('',(12.5,42.15,13.42));
#1422 = DIRECTION('',(0.,1.,0.));
#1423 = DIRECTION('',(0.,0.,1.));
#1424 = ADVANCED_FACE('',(#1425),#1444,.F.);
#1425 = FACE_BOUND('',#1426,.T.);
#1426 = EDGE_LOOP('',(#1427,#1436,#1437,#1438));
#1427 = ORIENTED_EDGE('',*,*,#1428,.F.);
#1428 = EDGE_CURVE('',#1405,#1429,#1431,.T.);
#1429 = VERTEX_POINT('',#1430);
#1430 = CARTESIAN_POINT('',(1.85,31.5,13.42));
#1431 = CIRCLE('',#1432,10.65);
#1432 = AXIS2_PLACEMENT_3D('',#1433,#1434,#1435);
#1433 = CARTESIAN_POINT('',(12.5,31.5,13.42));
#1434 = DIRECTION('',(0.,0.,1.));
#1435 = DIRECTION('',(1.,0.,0.));
#1436 = ORIENTED_EDGE('',*,*,#1412,.T.);
#1437 = ORIENTED_EDGE('',*,*,#642,.F.);
#1438 = ORIENTED_EDGE('',*,*,#1439,.F.);
#1439 = EDGE_CURVE('',#1429,#635,#1440,.T.);
#1440 = LINE('',#1441,#1442);
#1441 = CARTESIAN_POINT('',(1.85,31.5,13.42));
#1442 = VECTOR('',#1443,1.);
#1443 = DIRECTION('',(0.,0.,1.));
#1444 = CYLINDRICAL_SURFACE('',#1445,10.65);
#1445 = AXIS2_PLACEMENT_3D('',#1446,#1447,#1448);
#1446 = CARTESIAN_POINT('',(12.5,31.5,13.42));
#1447 = DIRECTION('',(-0.,-0.,-1.));
#1448 = DIRECTION('',(1.,0.,0.));
#1449 = ADVANCED_FACE('',(#1450),#1468,.T.);
#1450 = FACE_BOUND('',#1451,.T.);
#1451 = EDGE_LOOP('',(#1452,#1460,#1466,#1467));
#1452 = ORIENTED_EDGE('',*,*,#1453,.F.);
#1453 = EDGE_CURVE('',#1454,#626,#1456,.T.);
#1454 = VERTEX_POINT('',#1455);
#1455 = CARTESIAN_POINT('',(1.85,12.5,13.42));
#1456 = LINE('',#1457,#1458);
#1457 = CARTESIAN_POINT('',(1.85,12.5,13.42));
#1458 = VECTOR('',#1459,1.);
#1459 = DIRECTION('',(0.,0.,1.));
#1460 = ORIENTED_EDGE('',*,*,#1461,.T.);
#1461 = EDGE_CURVE('',#1454,#1429,#1462,.T.);
#1462 = LINE('',#1463,#1464);
#1463 = CARTESIAN_POINT('',(1.85,12.5,13.42));
#1464 = VECTOR('',#1465,1.);
#1465 = DIRECTION('',(0.,1.,0.));
#1466 = ORIENTED_EDGE('',*,*,#1439,.T.);
#1467 = ORIENTED_EDGE('',*,*,#634,.F.);
#1468 = PLANE('',#1469);
#1469 = AXIS2_PLACEMENT_3D('',#1470,#1471,#1472);
#1470 = CARTESIAN_POINT('',(1.85,12.5,13.42));
#1471 = DIRECTION('',(1.,0.,0.));
#1472 = DIRECTION('',(0.,0.,1.));
#1473 = ADVANCED_FACE('',(#1474),#1486,.F.);
#1474 = FACE_BOUND('',#1475,.T.);
#1475 = EDGE_LOOP('',(#1476,#1477,#1484,#1485));
#1476 = ORIENTED_EDGE('',*,*,#1309,.F.);
#1477 = ORIENTED_EDGE('',*,*,#1478,.F.);
#1478 = EDGE_CURVE('',#1454,#1300,#1479,.T.);
#1479 = CIRCLE('',#1480,10.65);
#1480 = AXIS2_PLACEMENT_3D('',#1481,#1482,#1483);
#1481 = CARTESIAN_POINT('',(12.5,12.5,13.42));
#1482 = DIRECTION('',(0.,0.,1.));
#1483 = DIRECTION('',(1.,0.,0.));
#1484 = ORIENTED_EDGE('',*,*,#1453,.T.);
#1485 = ORIENTED_EDGE('',*,*,#625,.F.);
#1486 = CYLINDRICAL_SURFACE('',#1487,10.65);
#1487 = AXIS2_PLACEMENT_3D('',#1488,#1489,#1490);
#1488 = CARTESIAN_POINT('',(12.5,12.5,13.42));
#1489 = DIRECTION('',(-0.,-0.,-1.));
#1490 = DIRECTION('',(1.,0.,0.));
#1491 = ADVANCED_FACE('',(#1492),#1511,.F.);
#1492 = FACE_BOUND('',#1493,.T.);
#1493 = EDGE_LOOP('',(#1494,#1503,#1509,#1510));
#1494 = ORIENTED_EDGE('',*,*,#1495,.F.);
#1495 = EDGE_CURVE('',#1496,#1496,#1498,.T.);
#1496 = VERTEX_POINT('',#1497);
#1497 = CARTESIAN_POINT('',(41.7,61.3,12.85));
#1498 = CIRCLE('',#1499,16.7);
#1499 = AXIS2_PLACEMENT_3D('',#1500,#1501,#1502);
#1500 = CARTESIAN_POINT('',(25.,61.3,12.85));
#1501 = DIRECTION('',(0.,0.,1.));
#1502 = DIRECTION('',(1.,0.,0.));
#1503 = ORIENTED_EDGE('',*,*,#1504,.T.);
#1504 = EDGE_CURVE('',#1496,#686,#1505,.T.);
#1505 = LINE('',#1506,#1507);
#1506 = CARTESIAN_POINT('',(41.7,61.3,12.85));
#1507 = VECTOR('',#1508,1.);
#1508 = DIRECTION('',(0.,0.,1.));
#1509 = ORIENTED_EDGE('',*,*,#685,.F.);
#1510 = ORIENTED_EDGE('',*,*,#1504,.F.);
#1511 = CYLINDRICAL_SURFACE('',#1512,16.7);
#1512 = AXIS2_PLACEMENT_3D('',#1513,#1514,#1515);
#1513 = CARTESIAN_POINT('',(25.,61.3,12.85));
#1514 = DIRECTION('',(-0.,-0.,-1.));
#1515 = DIRECTION('',(1.,0.,0.));
#1516 = ADVANCED_FACE('',(#1517),#1603,.T.);
#1517 = FACE_BOUND('',#1518,.T.);
#1518 = EDGE_LOOP('',(#1519,#1529,#1537,#1546,#1553,#1554,#1555,#1563,
    #1571,#1580,#1588,#1597));
#1519 = ORIENTED_EDGE('',*,*,#1520,.F.);
#1520 = EDGE_CURVE('',#1521,#1523,#1525,.T.);
#1521 = VERTEX_POINT('',#1522);
#1522 = CARTESIAN_POINT('',(38.,80.,1.75));
#1523 = VERTEX_POINT('',#1524);
#1524 = CARTESIAN_POINT('',(38.,80.,2.75));
#1525 = LINE('',#1526,#1527);
#1526 = CARTESIAN_POINT('',(38.,80.,1.2));
#1527 = VECTOR('',#1528,1.);
#1528 = DIRECTION('',(0.,0.,1.));
#1529 = ORIENTED_EDGE('',*,*,#1530,.T.);
#1530 = EDGE_CURVE('',#1521,#1531,#1533,.T.);
#1531 = VERTEX_POINT('',#1532);
#1532 = CARTESIAN_POINT('',(14.501698586202,80.,1.75));
#1533 = LINE('',#1534,#1535);
#1534 = CARTESIAN_POINT('',(38.,80.,1.75));
#1535 = VECTOR('',#1536,1.);
#1536 = DIRECTION('',(-1.,-0.,-0.));
#1537 = ORIENTED_EDGE('',*,*,#1538,.F.);
#1538 = EDGE_CURVE('',#1539,#1531,#1541,.T.);
#1539 = VERTEX_POINT('',#1540);
#1540 = CARTESIAN_POINT('',(15.665,80.,4.4));
#1541 = CIRCLE('',#1542,3.6);
#1542 = AXIS2_PLACEMENT_3D('',#1543,#1544,#1545);
#1543 = CARTESIAN_POINT('',(12.065,80.,4.4));
#1544 = DIRECTION('',(-0.,1.,2.22044604925E-16));
#1545 = DIRECTION('',(1.,0.,0.));
#1546 = ORIENTED_EDGE('',*,*,#1547,.F.);
#1547 = EDGE_CURVE('',#780,#1539,#1548,.T.);
#1548 = CIRCLE('',#1549,3.6);
#1549 = AXIS2_PLACEMENT_3D('',#1550,#1551,#1552);
#1550 = CARTESIAN_POINT('',(12.065,80.,4.4));
#1551 = DIRECTION('',(-0.,1.,2.22044604925E-16));
#1552 = DIRECTION('',(1.,0.,0.));
#1553 = ORIENTED_EDGE('',*,*,#822,.T.);
#1554 = ORIENTED_EDGE('',*,*,#1249,.F.);
#1555 = ORIENTED_EDGE('',*,*,#1556,.F.);
#1556 = EDGE_CURVE('',#1557,#1239,#1559,.T.);
#1557 = VERTEX_POINT('',#1558);
#1558 = CARTESIAN_POINT('',(38.,80.,8.25));
#1559 = LINE('',#1560,#1561);
#1560 = CARTESIAN_POINT('',(38.,80.,1.2));
#1561 = VECTOR('',#1562,1.);
#1562 = DIRECTION('',(0.,0.,1.));
#1563 = ORIENTED_EDGE('',*,*,#1564,.F.);
#1564 = EDGE_CURVE('',#1565,#1557,#1567,.T.);
#1565 = VERTEX_POINT('',#1566);
#1566 = CARTESIAN_POINT('',(31.449,80.,8.25));
#1567 = LINE('',#1568,#1569);
#1568 = CARTESIAN_POINT('',(21.7245,80.,8.25));
#1569 = VECTOR('',#1570,1.);
#1570 = DIRECTION('',(1.,0.,0.));
#1571 = ORIENTED_EDGE('',*,*,#1572,.F.);
#1572 = EDGE_CURVE('',#1573,#1565,#1575,.T.);
#1573 = VERTEX_POINT('',#1574);
#1574 = CARTESIAN_POINT('',(30.449,80.,7.25));
#1575 = CIRCLE('',#1576,1.);
#1576 = AXIS2_PLACEMENT_3D('',#1577,#1578,#1579);
#1577 = CARTESIAN_POINT('',(31.449,80.,7.25));
#1578 = DIRECTION('',(-0.,1.,2.22044604925E-16));
#1579 = DIRECTION('',(1.,0.,0.));
#1580 = ORIENTED_EDGE('',*,*,#1581,.T.);
#1581 = EDGE_CURVE('',#1573,#1582,#1584,.T.);
#1582 = VERTEX_POINT('',#1583);
#1583 = CARTESIAN_POINT('',(30.449,80.,3.75));
#1584 = LINE('',#1585,#1586);
#1585 = CARTESIAN_POINT('',(30.449,80.,2.475));
#1586 = VECTOR('',#1587,1.);
#1587 = DIRECTION('',(0.,0.,-1.));
#1588 = ORIENTED_EDGE('',*,*,#1589,.F.);
#1589 = EDGE_CURVE('',#1590,#1582,#1592,.T.);
#1590 = VERTEX_POINT('',#1591);
#1591 = CARTESIAN_POINT('',(31.449,80.,2.75));
#1592 = CIRCLE('',#1593,1.);
#1593 = AXIS2_PLACEMENT_3D('',#1594,#1595,#1596);
#1594 = CARTESIAN_POINT('',(31.449,80.,3.75));
#1595 = DIRECTION('',(-0.,1.,2.22044604925E-16));
#1596 = DIRECTION('',(1.,0.,0.));
#1597 = ORIENTED_EDGE('',*,*,#1598,.T.);
#1598 = EDGE_CURVE('',#1590,#1523,#1599,.T.);
#1599 = LINE('',#1600,#1601);
#1600 = CARTESIAN_POINT('',(21.7245,80.,2.75));
#1601 = VECTOR('',#1602,1.);
#1602 = DIRECTION('',(1.,0.,0.));
#1603 = PLANE('',#1604);
#1604 = AXIS2_PLACEMENT_3D('',#1605,#1606,#1607);
#1605 = CARTESIAN_POINT('',(12.,80.,1.2));
#1606 = DIRECTION('',(0.,1.,0.));
#1607 = DIRECTION('',(0.,0.,1.));
#1608 = ADVANCED_FACE('',(#1609),#1644,.T.);
#1609 = FACE_BOUND('',#1610,.F.);
#1610 = EDGE_LOOP('',(#1611,#1641,#1642,#1643));
#1611 = ORIENTED_EDGE('',*,*,#1612,.F.);
#1612 = EDGE_CURVE('',#771,#963,#1613,.T.);
#1613 = B_SPLINE_CURVE_WITH_KNOTS('',6,(#1614,#1615,#1616,#1617,#1618,
    #1619,#1620,#1621,#1622,#1623,#1624,#1625,#1626,#1627,#1628,#1629,
    #1630,#1631,#1632,#1633,#1634,#1635,#1636,#1637,#1638,#1639,#1640),
  .UNSPECIFIED.,.F.,.F.,(7,5,5,5,5,7),(0.,0.28067584618,0.590441808297,
    0.696861329107,0.944697154954,1.),.UNSPECIFIED.);
#1614 = CARTESIAN_POINT('',(9.628301413798,79.763292303442,1.75));
#1615 = CARTESIAN_POINT('',(9.671757733217,79.772053905948,
    1.710041527513));
#1616 = CARTESIAN_POINT('',(9.716831987809,79.777387479913,
    1.670173380976));
#1617 = CARTESIAN_POINT('',(9.763220860685,79.779246666156,
    1.630788400139));
#1618 = CARTESIAN_POINT('',(9.810567704777,79.777645327424,
    1.592246755544));
#1619 = CARTESIAN_POINT('',(9.858455005398,79.772634084717,
    1.554872962819));
#1620 = CARTESIAN_POINT('',(9.959307521069,79.755053453117,
    1.479309964036));
#1621 = CARTESIAN_POINT('',(10.012269570588,79.741757134163,
    1.441449301383));
#1622 = CARTESIAN_POINT('',(10.06466108891,79.724471531903,
    1.405729880916));
#1623 = CARTESIAN_POINT('',(10.115712922644,79.703290733624,
    1.372502182409));
#1624 = CARTESIAN_POINT('',(10.164458104785,79.678317215056,
    1.342103692525));
#1625 = CARTESIAN_POINT('',(10.225267597396,79.639809599006,
    1.305534957778));
#1626 = CARTESIAN_POINT('',(10.24040328796,79.629529242177,
    1.296560917048));
#1627 = CARTESIAN_POINT('',(10.255076745813,79.618820405667,
    1.287978418445));
#1628 = CARTESIAN_POINT('',(10.269234889487,79.60768969928,
    1.279803217063));
#1629 = CARTESIAN_POINT('',(10.28282161799,79.596145557988,
    1.272051539186));
#1630 = CARTESIAN_POINT('',(10.325955111022,79.556376692428,
    1.247711398041));
#1631 = CARTESIAN_POINT('',(10.35273613173,79.526354333962,
    1.233058131912));
#1632 = CARTESIAN_POINT('',(10.375358350517,79.494291791175,
    1.221007768789));
#1633 = CARTESIAN_POINT('',(10.393025292961,79.460431559997,
    1.21177052375));
#1634 = CARTESIAN_POINT('',(10.405111196378,79.425137838383,
    1.205501489856));
#1635 = CARTESIAN_POINT('',(10.41291365311,79.380850906137,
    1.201467012782));
#1636 = CARTESIAN_POINT('',(10.414052980101,79.372725451474,
    1.200878856518));
#1637 = CARTESIAN_POINT('',(10.414906776017,79.364559354996,
    1.200438581107));
#1638 = CARTESIAN_POINT('',(10.415474751178,79.356357996885,
    1.200145854126));
#1639 = CARTESIAN_POINT('',(10.415757749753,79.348126773388,1.2));
#1640 = CARTESIAN_POINT('',(10.415757749753,79.339871096822,1.2));
#1641 = ORIENTED_EDGE('',*,*,#770,.T.);
#1642 = ORIENTED_EDGE('',*,*,#845,.T.);
#1643 = ORIENTED_EDGE('',*,*,#962,.F.);
#1644 = TOROIDAL_SURFACE('',#1645,11.45,0.55);
#1645 = AXIS2_PLACEMENT_3D('',#1646,#1647,#1648);
#1646 = CARTESIAN_POINT('',(12.,68.,1.75));
#1647 = DIRECTION('',(0.,0.,-1.));
#1648 = DIRECTION('',(0.,1.,0.));
#1649 = ADVANCED_FACE('',(#1650,#1703,#1773),#1784,.F.);
#1650 = FACE_BOUND('',#1651,.F.);
#1651 = EDGE_LOOP('',(#1652,#1653,#1661,#1670,#1678,#1687,#1695,#1702));
#1652 = ORIENTED_EDGE('',*,*,#945,.T.);
#1653 = ORIENTED_EDGE('',*,*,#1654,.T.);
#1654 = EDGE_CURVE('',#924,#1655,#1657,.T.);
#1655 = VERTEX_POINT('',#1656);
#1656 = CARTESIAN_POINT('',(38.,1.2,12.3));
#1657 = LINE('',#1658,#1659);
#1658 = CARTESIAN_POINT('',(12.,1.2,12.3));
#1659 = VECTOR('',#1660,1.);
#1660 = DIRECTION('',(1.,0.,0.));
#1661 = ORIENTED_EDGE('',*,*,#1662,.T.);
#1662 = EDGE_CURVE('',#1655,#1663,#1665,.T.);
#1663 = VERTEX_POINT('',#1664);
#1664 = CARTESIAN_POINT('',(48.8,12.,12.3));
#1665 = CIRCLE('',#1666,10.8);
#1666 = AXIS2_PLACEMENT_3D('',#1667,#1668,#1669);
#1667 = CARTESIAN_POINT('',(38.,12.,12.3));
#1668 = DIRECTION('',(0.,0.,1.));
#1669 = DIRECTION('',(1.,0.,0.));
#1670 = ORIENTED_EDGE('',*,*,#1671,.T.);
#1671 = EDGE_CURVE('',#1663,#1672,#1674,.T.);
#1672 = VERTEX_POINT('',#1673);
#1673 = CARTESIAN_POINT('',(48.8,68.,12.3));
#1674 = LINE('',#1675,#1676);
#1675 = CARTESIAN_POINT('',(48.8,12.,12.3));
#1676 = VECTOR('',#1677,1.);
#1677 = DIRECTION('',(0.,1.,0.));
#1678 = ORIENTED_EDGE('',*,*,#1679,.T.);
#1679 = EDGE_CURVE('',#1672,#1680,#1682,.T.);
#1680 = VERTEX_POINT('',#1681);
#1681 = CARTESIAN_POINT('',(38.,78.8,12.3));
#1682 = CIRCLE('',#1683,10.8);
#1683 = AXIS2_PLACEMENT_3D('',#1684,#1685,#1686);
#1684 = CARTESIAN_POINT('',(38.,68.,12.3));
#1685 = DIRECTION('',(0.,0.,1.));
#1686 = DIRECTION('',(1.,0.,0.));
#1687 = ORIENTED_EDGE('',*,*,#1688,.F.);
#1688 = EDGE_CURVE('',#1689,#1680,#1691,.T.);
#1689 = VERTEX_POINT('',#1690);
#1690 = CARTESIAN_POINT('',(12.,78.8,12.3));
#1691 = LINE('',#1692,#1693);
#1692 = CARTESIAN_POINT('',(12.,78.8,12.3));
#1693 = VECTOR('',#1694,1.);
#1694 = DIRECTION('',(1.,0.,0.));
#1695 = ORIENTED_EDGE('',*,*,#1696,.T.);
#1696 = EDGE_CURVE('',#1689,#887,#1697,.T.);
#1697 = CIRCLE('',#1698,10.8);
#1698 = AXIS2_PLACEMENT_3D('',#1699,#1700,#1701);
#1699 = CARTESIAN_POINT('',(12.,68.,12.3));
#1700 = DIRECTION('',(0.,0.,1.));
#1701 = DIRECTION('',(1.,0.,0.));
#1702 = ORIENTED_EDGE('',*,*,#894,.F.);
#1703 = FACE_BOUND('',#1704,.F.);
#1704 = EDGE_LOOP('',(#1705,#1715,#1724,#1732,#1741,#1749,#1758,#1766));
#1705 = ORIENTED_EDGE('',*,*,#1706,.T.);
#1706 = EDGE_CURVE('',#1707,#1709,#1711,.T.);
#1707 = VERTEX_POINT('',#1708);
#1708 = CARTESIAN_POINT('',(36.725,3.435,12.3));
#1709 = VERTEX_POINT('',#1710);
#1710 = CARTESIAN_POINT('',(13.275,3.435,12.3));
#1711 = LINE('',#1712,#1713);
#1712 = CARTESIAN_POINT('',(19.1375,3.435,12.3));
#1713 = VECTOR('',#1714,1.);
#1714 = DIRECTION('',(-1.,0.,0.));
#1715 = ORIENTED_EDGE('',*,*,#1716,.T.);
#1716 = EDGE_CURVE('',#1709,#1717,#1719,.T.);
#1717 = VERTEX_POINT('',#1718);
#1718 = CARTESIAN_POINT('',(2.975,13.735,12.3));
#1719 = CIRCLE('',#1720,10.3);
#1720 = AXIS2_PLACEMENT_3D('',#1721,#1722,#1723);
#1721 = CARTESIAN_POINT('',(13.275,13.735,12.3));
#1722 = DIRECTION('',(0.,0.,-1.));
#1723 = DIRECTION('',(1.,0.,0.));
#1724 = ORIENTED_EDGE('',*,*,#1725,.T.);
#1725 = EDGE_CURVE('',#1717,#1726,#1728,.T.);
#1726 = VERTEX_POINT('',#1727);
#1727 = CARTESIAN_POINT('',(2.975,30.065,12.3));
#1728 = LINE('',#1729,#1730);
#1729 = CARTESIAN_POINT('',(2.975,26.8675,12.3));
#1730 = VECTOR('',#1731,1.);
#1731 = DIRECTION('',(0.,1.,0.));
#1732 = ORIENTED_EDGE('',*,*,#1733,.T.);
#1733 = EDGE_CURVE('',#1726,#1734,#1736,.T.);
#1734 = VERTEX_POINT('',#1735);
#1735 = CARTESIAN_POINT('',(13.275,40.365,12.3));
#1736 = CIRCLE('',#1737,10.3);
#1737 = AXIS2_PLACEMENT_3D('',#1738,#1739,#1740);
#1738 = CARTESIAN_POINT('',(13.275,30.065,12.3));
#1739 = DIRECTION('',(0.,0.,-1.));
#1740 = DIRECTION('',(1.,0.,0.));
#1741 = ORIENTED_EDGE('',*,*,#1742,.F.);
#1742 = EDGE_CURVE('',#1743,#1734,#1745,.T.);
#1743 = VERTEX_POINT('',#1744);
#1744 = CARTESIAN_POINT('',(36.725,40.365,12.3));
#1745 = LINE('',#1746,#1747);
#1746 = CARTESIAN_POINT('',(19.1375,40.365,12.3));
#1747 = VECTOR('',#1748,1.);
#1748 = DIRECTION('',(-1.,0.,0.));
#1749 = ORIENTED_EDGE('',*,*,#1750,.T.);
#1750 = EDGE_CURVE('',#1743,#1751,#1753,.T.);
#1751 = VERTEX_POINT('',#1752);
#1752 = CARTESIAN_POINT('',(47.025,30.065,12.3));
#1753 = CIRCLE('',#1754,10.3);
#1754 = AXIS2_PLACEMENT_3D('',#1755,#1756,#1757);
#1755 = CARTESIAN_POINT('',(36.725,30.065,12.3));
#1756 = DIRECTION('',(0.,0.,-1.));
#1757 = DIRECTION('',(1.,0.,0.));
#1758 = ORIENTED_EDGE('',*,*,#1759,.F.);
#1759 = EDGE_CURVE('',#1760,#1751,#1762,.T.);
#1760 = VERTEX_POINT('',#1761);
#1761 = CARTESIAN_POINT('',(47.025,13.735,12.3));
#1762 = LINE('',#1763,#1764);
#1763 = CARTESIAN_POINT('',(47.025,26.8675,12.3));
#1764 = VECTOR('',#1765,1.);
#1765 = DIRECTION('',(0.,1.,0.));
#1766 = ORIENTED_EDGE('',*,*,#1767,.T.);
#1767 = EDGE_CURVE('',#1760,#1707,#1768,.T.);
#1768 = CIRCLE('',#1769,10.3);
#1769 = AXIS2_PLACEMENT_3D('',#1770,#1771,#1772);
#1770 = CARTESIAN_POINT('',(36.725,13.735,12.3));
#1771 = DIRECTION('',(0.,0.,-1.));
#1772 = DIRECTION('',(1.,0.,0.));
#1773 = FACE_BOUND('',#1774,.F.);
#1774 = EDGE_LOOP('',(#1775));
#1775 = ORIENTED_EDGE('',*,*,#1776,.T.);
#1776 = EDGE_CURVE('',#1777,#1777,#1779,.T.);
#1777 = VERTEX_POINT('',#1778);
#1778 = CARTESIAN_POINT('',(31.,61.3,12.3));
#1779 = CIRCLE('',#1780,6.);
#1780 = AXIS2_PLACEMENT_3D('',#1781,#1782,#1783);
#1781 = CARTESIAN_POINT('',(25.,61.3,12.3));
#1782 = DIRECTION('',(0.,0.,-1.));
#1783 = DIRECTION('',(1.,0.,0.));
#1784 = PLANE('',#1785);
#1785 = AXIS2_PLACEMENT_3D('',#1786,#1787,#1788);
#1786 = CARTESIAN_POINT('',(25.,40.,12.3));
#1787 = DIRECTION('',(0.,0.,1.));
#1788 = DIRECTION('',(1.,0.,0.));
#1789 = ADVANCED_FACE('',(#1790),#1863,.F.);
#1790 = FACE_BOUND('',#1791,.T.);
#1791 = EDGE_LOOP('',(#1792,#1793,#1794,#1856,#1862));
#1792 = ORIENTED_EDGE('',*,*,#886,.F.);
#1793 = ORIENTED_EDGE('',*,*,#979,.T.);
#1794 = ORIENTED_EDGE('',*,*,#1795,.F.);
#1795 = EDGE_CURVE('',#1796,#972,#1798,.T.);
#1796 = VERTEX_POINT('',#1797);
#1797 = CARTESIAN_POINT('',(12.,78.8,7.999413146612));
#1798 = B_SPLINE_CURVE_WITH_KNOTS('',6,(#1799,#1800,#1801,#1802,#1803,
    #1804,#1805,#1806,#1807,#1808,#1809,#1810,#1811,#1812,#1813,#1814,
    #1815,#1816,#1817,#1818,#1819,#1820,#1821,#1822,#1823,#1824,#1825,
    #1826,#1827,#1828,#1829,#1830,#1831,#1832,#1833,#1834,#1835,#1836,
    #1837,#1838,#1839,#1840,#1841,#1842,#1843,#1844,#1845,#1846,#1847,
    #1848,#1849,#1850,#1851,#1852,#1853,#1854,#1855),.UNSPECIFIED.,.F.,
  .F.,(7,5,5,5,5,5,5,5,5,5,5,7),(0.,9.206003997768E-02,0.234569265231,
    0.30083328669,0.357063578438,0.406212049514,0.572044709327,
    0.741743979469,0.790788528774,0.849133912029,0.916556811416,1.),
  .UNSPECIFIED.);
#1799 = CARTESIAN_POINT('',(12.,78.8,7.999413146612));
#1800 = CARTESIAN_POINT('',(11.817545275558,78.8,7.996118288087));
#1801 = CARTESIAN_POINT('',(11.635783208824,78.796301151224,
    7.981733912649));
#1802 = CARTESIAN_POINT('',(11.456188171703,78.788956046137,
    7.956399106537));
#1803 = CARTESIAN_POINT('',(11.280211089654,78.778206988692,
    7.920593583904));
#1804 = CARTESIAN_POINT('',(11.109229953341,78.764475188699,
    7.875133104351));
#1805 = CARTESIAN_POINT('',(10.68949966999,78.723257040629,
    7.737663796253));
#1806 = CARTESIAN_POINT('',(10.449722063106,78.692380639501,
    7.633877888699));
#1807 = CARTESIAN_POINT('',(10.226167300216,78.65733190409,
    7.513028181504));
#1808 = CARTESIAN_POINT('',(10.019380405463,78.619762533813,
    7.377994415717));
#1809 = CARTESIAN_POINT('',(9.829556481153,78.58114180073,7.231418724009
    ));
#1810 = CARTESIAN_POINT('',(9.57619882222,78.524826550151,7.003377437036
    ));
#1811 = CARTESIAN_POINT('',(9.499328701148,78.506967783065,
    6.928938986175));
#1812 = CARTESIAN_POINT('',(9.425952663672,78.489235044084,
    6.852624479238));
#1813 = CARTESIAN_POINT('',(9.356019488603,78.47172821629,6.774597523287
    ));
#1814 = CARTESIAN_POINT('',(9.289477666086,78.454537066158,6.69500267887
    ));
#1815 = CARTESIAN_POINT('',(9.172643529448,78.423489574342,
    6.545199119941));
#1816 = CARTESIAN_POINT('',(9.121417243564,78.409522727264,
    6.475395351733));
#1817 = CARTESIAN_POINT('',(9.072566045685,78.395890236614,
    6.404631590379));
#1818 = CARTESIAN_POINT('',(9.026061684329,78.382637179487,
    6.332979474013));
#1819 = CARTESIAN_POINT('',(8.981878303738,78.369804674501,
    6.260504943707));
#1820 = CARTESIAN_POINT('',(8.903381821583,78.346613609607,6.12325520475
    ));
#1821 = CARTESIAN_POINT('',(8.868526593802,78.336147131293,
    6.058660404528));
#1822 = CARTESIAN_POINT('',(8.835411270452,78.326055364838,5.99352441227
    ));
#1823 = CARTESIAN_POINT('',(8.804021907668,78.31636125917,5.9278859507)
  );
#1824 = CARTESIAN_POINT('',(8.774346107791,78.307085794166,
    5.861781895799));
#1825 = CARTESIAN_POINT('',(8.65198856439,78.268428169564,5.570751731066
    ));
#1826 = CARTESIAN_POINT('',(8.57695756834,78.243581499031,5.341281923255
    ));
#1827 = CARTESIAN_POINT('',(8.520926243663,78.22445784305,5.10828297423)
  );
#1828 = CARTESIAN_POINT('',(8.483647981009,78.211545608125,
    4.872989649141));
#1829 = CARTESIAN_POINT('',(8.465,78.205085741923,4.636525165292));
#1830 = CARTESIAN_POINT('',(8.465,78.205085741923,4.157959934034));
#1831 = CARTESIAN_POINT('',(8.484527718671,78.211850394251,
    3.915987847267));
#1832 = CARTESIAN_POINT('',(8.523562853132,78.225371063204,
    3.675270610878));
#1833 = CARTESIAN_POINT('',(8.582240865273,78.245384031194,
    3.437009132468));
#1834 = CARTESIAN_POINT('',(8.660833717705,78.271354176681,
    3.202530087815));
#1835 = CARTESIAN_POINT('',(8.788312662477,78.311448113148,
    2.907176407207));
#1836 = CARTESIAN_POINT('',(8.818593610844,78.320867312041,
    2.841395021358));
#1837 = CARTESIAN_POINT('',(8.850584589208,78.330696919306,
    2.776088612846));
#1838 = CARTESIAN_POINT('',(8.884298272184,78.34091563781,2.711294215581
    ));
#1839 = CARTESIAN_POINT('',(8.919748874601,78.351500202764,
    2.647050779614));
#1840 = CARTESIAN_POINT('',(9.001210677264,78.375422417323,
    2.507676638373));
#1841 = CARTESIAN_POINT('',(9.0479493899,78.388901315757,2.432792533172)
  );
#1842 = CARTESIAN_POINT('',(9.097195184705,78.402819805906,2.35881494838
    ));
#1843 = CARTESIAN_POINT('',(9.148977620489,78.417130933686,
    2.285818931488));
#1844 = CARTESIAN_POINT('',(9.203328919577,78.431783062052,
    2.213886484633));
#1845 = CARTESIAN_POINT('',(9.326100220476,78.463980584865,
    2.061314533063));
#1846 = CARTESIAN_POINT('',(9.395392558774,78.481621115888,
    1.981062862486));
#1847 = CARTESIAN_POINT('',(9.468215916458,78.499554493117,1.90248865424
    ));
#1848 = CARTESIAN_POINT('',(9.544624468671,78.517683158024,
    1.825749871593));
#1849 = CARTESIAN_POINT('',(9.624671431433,78.535898477375,1.75102545562
    ));
#1850 = CARTESIAN_POINT('',(9.812043059653,78.576582189502,
    1.588776392955));
#1851 = CARTESIAN_POINT('',(9.921363946715,78.599040116757,
    1.502399461752));
#1852 = CARTESIAN_POINT('',(10.036424793509,78.62121491088,
    1.419815180859));
#1853 = CARTESIAN_POINT('',(10.157250093477,78.642837616979,
    1.341498883176));
#1854 = CARTESIAN_POINT('',(10.283833960423,78.66361399213,
    1.267972070149));
#1855 = CARTESIAN_POINT('',(10.416138526605,78.683229045242,
    1.199803780773));
#1856 = ORIENTED_EDGE('',*,*,#1857,.T.);
#1857 = EDGE_CURVE('',#1796,#1689,#1858,.T.);
#1858 = LINE('',#1859,#1860);
#1859 = CARTESIAN_POINT('',(12.,78.8,-1.));
#1860 = VECTOR('',#1861,1.);
#1861 = DIRECTION('',(0.,0.,1.));
#1862 = ORIENTED_EDGE('',*,*,#1696,.T.);
#1863 = CYLINDRICAL_SURFACE('',#1864,10.8);
#1864 = AXIS2_PLACEMENT_3D('',#1865,#1866,#1867);
#1865 = CARTESIAN_POINT('',(12.,68.,-1.));
#1866 = DIRECTION('',(-0.,-0.,-1.));
#1867 = DIRECTION('',(1.,0.,0.));
#1868 = ADVANCED_FACE('',(#1869),#1903,.T.);
#1869 = FACE_BOUND('',#1870,.T.);
#1870 = EDGE_LOOP('',(#1871,#1872,#1873,#1874,#1880,#1881,#1889,#1897));
#1871 = ORIENTED_EDGE('',*,*,#988,.F.);
#1872 = ORIENTED_EDGE('',*,*,#921,.T.);
#1873 = ORIENTED_EDGE('',*,*,#1654,.T.);
#1874 = ORIENTED_EDGE('',*,*,#1875,.F.);
#1875 = EDGE_CURVE('',#1015,#1655,#1876,.T.);
#1876 = LINE('',#1877,#1878);
#1877 = CARTESIAN_POINT('',(38.,1.2,-1.));
#1878 = VECTOR('',#1879,1.);
#1879 = DIRECTION('',(0.,0.,1.));
#1880 = ORIENTED_EDGE('',*,*,#1014,.F.);
#1881 = ORIENTED_EDGE('',*,*,#1882,.F.);
#1882 = EDGE_CURVE('',#1883,#1006,#1885,.T.);
#1883 = VERTEX_POINT('',#1884);
#1884 = CARTESIAN_POINT('',(26.587450786639,1.2,10.6));
#1885 = LINE('',#1886,#1887);
#1886 = CARTESIAN_POINT('',(26.587450786639,1.2,1.2));
#1887 = VECTOR('',#1888,1.);
#1888 = DIRECTION('',(-0.,-0.,-1.));
#1889 = ORIENTED_EDGE('',*,*,#1890,.F.);
#1890 = EDGE_CURVE('',#1891,#1883,#1893,.T.);
#1891 = VERTEX_POINT('',#1892);
#1892 = CARTESIAN_POINT('',(23.412549213361,1.2,10.6));
#1893 = LINE('',#1894,#1895);
#1894 = CARTESIAN_POINT('',(18.5,1.2,10.6));
#1895 = VECTOR('',#1896,1.);
#1896 = DIRECTION('',(1.,0.,0.));
#1897 = ORIENTED_EDGE('',*,*,#1898,.T.);
#1898 = EDGE_CURVE('',#1891,#989,#1899,.T.);
#1899 = LINE('',#1900,#1901);
#1900 = CARTESIAN_POINT('',(23.412549213361,1.2,1.2));
#1901 = VECTOR('',#1902,1.);
#1902 = DIRECTION('',(-0.,-0.,-1.));
#1903 = PLANE('',#1904);
#1904 = AXIS2_PLACEMENT_3D('',#1905,#1906,#1907);
#1905 = CARTESIAN_POINT('',(12.,1.2,-1.));
#1906 = DIRECTION('',(0.,1.,0.));
#1907 = DIRECTION('',(0.,0.,1.));
#1908 = ADVANCED_FACE('',(#1909),#1921,.T.);
#1909 = FACE_BOUND('',#1910,.T.);
#1910 = EDGE_LOOP('',(#1911,#1912,#1913,#1920));
#1911 = ORIENTED_EDGE('',*,*,#1186,.T.);
#1912 = ORIENTED_EDGE('',*,*,#1107,.T.);
#1913 = ORIENTED_EDGE('',*,*,#1914,.F.);
#1914 = EDGE_CURVE('',#1155,#1099,#1915,.T.);
#1915 = CIRCLE('',#1916,0.55);
#1916 = AXIS2_PLACEMENT_3D('',#1917,#1918,#1919);
#1917 = CARTESIAN_POINT('',(49.45,68.,1.75));
#1918 = DIRECTION('',(-0.,1.,0.));
#1919 = DIRECTION('',(1.,0.,0.));
#1920 = ORIENTED_EDGE('',*,*,#1154,.F.);
#1921 = CYLINDRICAL_SURFACE('',#1922,0.55);
#1922 = AXIS2_PLACEMENT_3D('',#1923,#1924,#1925);
#1923 = CARTESIAN_POINT('',(49.45,12.,1.75));
#1924 = DIRECTION('',(0.,1.,0.));
#1925 = DIRECTION('',(1.,0.,0.));
#1926 = ADVANCED_FACE('',(#1927),#1945,.T.);
#1927 = FACE_BOUND('',#1928,.F.);
#1928 = EDGE_LOOP('',(#1929,#1930,#1937,#1944));
#1929 = ORIENTED_EDGE('',*,*,#1914,.F.);
#1930 = ORIENTED_EDGE('',*,*,#1931,.T.);
#1931 = EDGE_CURVE('',#1155,#1521,#1932,.T.);
#1932 = CIRCLE('',#1933,12.);
#1933 = AXIS2_PLACEMENT_3D('',#1934,#1935,#1936);
#1934 = CARTESIAN_POINT('',(38.,68.,1.75));
#1935 = DIRECTION('',(0.,0.,1.));
#1936 = DIRECTION('',(1.,0.,0.));
#1937 = ORIENTED_EDGE('',*,*,#1938,.T.);
#1938 = EDGE_CURVE('',#1521,#1091,#1939,.T.);
#1939 = CIRCLE('',#1940,0.55);
#1940 = AXIS2_PLACEMENT_3D('',#1941,#1942,#1943);
#1941 = CARTESIAN_POINT('',(38.,79.45,1.75));
#1942 = DIRECTION('',(-1.,6.123233995737E-17,0.));
#1943 = DIRECTION('',(6.123233995737E-17,1.,0.));
#1944 = ORIENTED_EDGE('',*,*,#1098,.F.);
#1945 = TOROIDAL_SURFACE('',#1946,11.45,0.55);
#1946 = AXIS2_PLACEMENT_3D('',#1947,#1948,#1949);
#1947 = CARTESIAN_POINT('',(38.,68.,1.75));
#1948 = DIRECTION('',(0.,0.,-1.));
#1949 = DIRECTION('',(1.,0.,0.));
#1950 = ADVANCED_FACE('',(#1951),#1979,.T.);
#1951 = FACE_BOUND('',#1952,.T.);
#1952 = EDGE_LOOP('',(#1953,#1954,#1955,#1956));
#1953 = ORIENTED_EDGE('',*,*,#1530,.F.);
#1954 = ORIENTED_EDGE('',*,*,#1938,.T.);
#1955 = ORIENTED_EDGE('',*,*,#1090,.T.);
#1956 = ORIENTED_EDGE('',*,*,#1957,.F.);
#1957 = EDGE_CURVE('',#1531,#1083,#1958,.T.);
#1958 = B_SPLINE_CURVE_WITH_KNOTS('',7,(#1959,#1960,#1961,#1962,#1963,
    #1964,#1965,#1966,#1967,#1968,#1969,#1970,#1971,#1972,#1973,#1974,
    #1975,#1976,#1977,#1978),.UNSPECIFIED.,.F.,.F.,(8,6,6,8),(0.,
    0.34458674616,0.770845416772,1.),.UNSPECIFIED.);
#1959 = CARTESIAN_POINT('',(14.501698586202,80.,1.75));
#1960 = CARTESIAN_POINT('',(14.45547636493,80.,1.707498256141));
#1961 = CARTESIAN_POINT('',(14.408116475091,79.99616820877,
    1.665686293409));
#1962 = CARTESIAN_POINT('',(14.359888481169,79.988728691676,
    1.624848791915));
#1963 = CARTESIAN_POINT('',(14.311076659614,79.977885325226,
    1.585223475157));
#1964 = CARTESIAN_POINT('',(14.261994148441,79.963822569129,
    1.547018166235));
#1965 = CARTESIAN_POINT('',(14.213001456761,79.946704704475,
    1.510423848258));
#1966 = CARTESIAN_POINT('',(14.104568634259,79.901894702365,
    1.432575489997));
#1967 = CARTESIAN_POINT('',(14.045652123642,79.872760036603,
    1.392450409713));
#1968 = CARTESIAN_POINT('',(13.98805096971,79.839384526503,
    1.355173529284));
#1969 = CARTESIAN_POINT('',(13.932451690026,79.801674906962,
    1.32095298663));
#1970 = CARTESIAN_POINT('',(13.880182310515,79.759582099865,
    1.290312737776));
#1971 = CARTESIAN_POINT('',(13.83332517516,79.713150983974,
    1.263923139941));
#1972 = CARTESIAN_POINT('',(13.773745874517,79.63522368315,1.23128548459
    ));
#1973 = CARTESIAN_POINT('',(13.755068840723,79.606501292014,
    1.221262510246));
#1974 = CARTESIAN_POINT('',(13.739275779084,79.576583169561,
    1.212947635259));
#1975 = CARTESIAN_POINT('',(13.72694904961,79.545736634662,
    1.206548714917));
#1976 = CARTESIAN_POINT('',(13.718515205301,79.514207180195,
    1.202202324809));
#1977 = CARTESIAN_POINT('',(13.714242250247,79.482221208433,1.2));
#1978 = CARTESIAN_POINT('',(13.714242250247,79.45,1.2));
#1979 = CYLINDRICAL_SURFACE('',#1980,0.55);
#1980 = AXIS2_PLACEMENT_3D('',#1981,#1982,#1983);
#1981 = CARTESIAN_POINT('',(38.,79.45,1.75));
#1982 = DIRECTION('',(-1.,-0.,-0.));
#1983 = DIRECTION('',(0.,1.,0.));
#1984 = ADVANCED_FACE('',(#1985),#2085,.F.);
#1985 = FACE_BOUND('',#1986,.F.);
#1986 = EDGE_LOOP('',(#1987,#1988,#1997,#2004,#2005,#2006,#2014,#2022,
    #2031,#2039,#2048,#2056,#2062,#2063,#2071,#2079));
#1987 = ORIENTED_EDGE('',*,*,#1074,.F.);
#1988 = ORIENTED_EDGE('',*,*,#1989,.F.);
#1989 = EDGE_CURVE('',#1990,#1075,#1992,.T.);
#1990 = VERTEX_POINT('',#1991);
#1991 = CARTESIAN_POINT('',(15.665,78.8,4.4));
#1992 = CIRCLE('',#1993,3.6);
#1993 = AXIS2_PLACEMENT_3D('',#1994,#1995,#1996);
#1994 = CARTESIAN_POINT('',(12.065,78.8,4.4));
#1995 = DIRECTION('',(-0.,1.,2.22044604925E-16));
#1996 = DIRECTION('',(1.,0.,0.));
#1997 = ORIENTED_EDGE('',*,*,#1998,.F.);
#1998 = EDGE_CURVE('',#1796,#1990,#1999,.T.);
#1999 = CIRCLE('',#2000,3.6);
#2000 = AXIS2_PLACEMENT_3D('',#2001,#2002,#2003);
#2001 = CARTESIAN_POINT('',(12.065,78.8,4.4));
#2002 = DIRECTION('',(-0.,1.,2.22044604925E-16));
#2003 = DIRECTION('',(1.,0.,0.));
#2004 = ORIENTED_EDGE('',*,*,#1857,.T.);
#2005 = ORIENTED_EDGE('',*,*,#1688,.T.);
#2006 = ORIENTED_EDGE('',*,*,#2007,.F.);
#2007 = EDGE_CURVE('',#2008,#1680,#2010,.T.);
#2008 = VERTEX_POINT('',#2009);
#2009 = CARTESIAN_POINT('',(38.,78.8,8.25));
#2010 = LINE('',#2011,#2012);
#2011 = CARTESIAN_POINT('',(38.,78.8,-1.));
#2012 = VECTOR('',#2013,1.);
#2013 = DIRECTION('',(0.,0.,1.));
#2014 = ORIENTED_EDGE('',*,*,#2015,.F.);
#2015 = EDGE_CURVE('',#2016,#2008,#2018,.T.);
#2016 = VERTEX_POINT('',#2017);
#2017 = CARTESIAN_POINT('',(31.449,78.8,8.25));
#2018 = LINE('',#2019,#2020);
#2019 = CARTESIAN_POINT('',(21.7245,78.8,8.25));
#2020 = VECTOR('',#2021,1.);
#2021 = DIRECTION('',(1.,0.,0.));
#2022 = ORIENTED_EDGE('',*,*,#2023,.F.);
#2023 = EDGE_CURVE('',#2024,#2016,#2026,.T.);
#2024 = VERTEX_POINT('',#2025);
#2025 = CARTESIAN_POINT('',(30.449,78.8,7.25));
#2026 = CIRCLE('',#2027,1.);
#2027 = AXIS2_PLACEMENT_3D('',#2028,#2029,#2030);
#2028 = CARTESIAN_POINT('',(31.449,78.8,7.25));
#2029 = DIRECTION('',(-0.,1.,2.22044604925E-16));
#2030 = DIRECTION('',(1.,0.,0.));
#2031 = ORIENTED_EDGE('',*,*,#2032,.T.);
#2032 = EDGE_CURVE('',#2024,#2033,#2035,.T.);
#2033 = VERTEX_POINT('',#2034);
#2034 = CARTESIAN_POINT('',(30.449,78.8,3.75));
#2035 = LINE('',#2036,#2037);
#2036 = CARTESIAN_POINT('',(30.449,78.8,1.375));
#2037 = VECTOR('',#2038,1.);
#2038 = DIRECTION('',(0.,0.,-1.));
#2039 = ORIENTED_EDGE('',*,*,#2040,.F.);
#2040 = EDGE_CURVE('',#2041,#2033,#2043,.T.);
#2041 = VERTEX_POINT('',#2042);
#2042 = CARTESIAN_POINT('',(31.449,78.8,2.75));
#2043 = CIRCLE('',#2044,1.);
#2044 = AXIS2_PLACEMENT_3D('',#2045,#2046,#2047);
#2045 = CARTESIAN_POINT('',(31.449,78.8,3.75));
#2046 = DIRECTION('',(-0.,1.,2.22044604925E-16));
#2047 = DIRECTION('',(1.,0.,0.));
#2048 = ORIENTED_EDGE('',*,*,#2049,.T.);
#2049 = EDGE_CURVE('',#2041,#2050,#2052,.T.);
#2050 = VERTEX_POINT('',#2051);
#2051 = CARTESIAN_POINT('',(38.,78.8,2.75));
#2052 = LINE('',#2053,#2054);
#2053 = CARTESIAN_POINT('',(21.7245,78.8,2.75));
#2054 = VECTOR('',#2055,1.);
#2055 = DIRECTION('',(1.,0.,0.));
#2056 = ORIENTED_EDGE('',*,*,#2057,.F.);
#2057 = EDGE_CURVE('',#1040,#2050,#2058,.T.);
#2058 = LINE('',#2059,#2060);
#2059 = CARTESIAN_POINT('',(38.,78.8,-1.));
#2060 = VECTOR('',#2061,1.);
#2061 = DIRECTION('',(0.,0.,1.));
#2062 = ORIENTED_EDGE('',*,*,#1048,.F.);
#2063 = ORIENTED_EDGE('',*,*,#2064,.F.);
#2064 = EDGE_CURVE('',#2065,#1049,#2067,.T.);
#2065 = VERTEX_POINT('',#2066);
#2066 = CARTESIAN_POINT('',(26.587450786639,78.8,10.6));
#2067 = LINE('',#2068,#2069);
#2068 = CARTESIAN_POINT('',(26.587450786639,78.8,1.2));
#2069 = VECTOR('',#2070,1.);
#2070 = DIRECTION('',(-0.,-0.,-1.));
#2071 = ORIENTED_EDGE('',*,*,#2072,.F.);
#2072 = EDGE_CURVE('',#2073,#2065,#2075,.T.);
#2073 = VERTEX_POINT('',#2074);
#2074 = CARTESIAN_POINT('',(23.412549213361,78.8,10.6));
#2075 = LINE('',#2076,#2077);
#2076 = CARTESIAN_POINT('',(18.5,78.8,10.6));
#2077 = VECTOR('',#2078,1.);
#2078 = DIRECTION('',(1.,0.,0.));
#2079 = ORIENTED_EDGE('',*,*,#2080,.T.);
#2080 = EDGE_CURVE('',#2073,#1066,#2081,.T.);
#2081 = LINE('',#2082,#2083);
#2082 = CARTESIAN_POINT('',(23.412549213361,78.8,1.2));
#2083 = VECTOR('',#2084,1.);
#2084 = DIRECTION('',(-0.,-0.,-1.));
#2085 = PLANE('',#2086);
#2086 = AXIS2_PLACEMENT_3D('',#2087,#2088,#2089);
#2087 = CARTESIAN_POINT('',(12.,78.8,-1.));
#2088 = DIRECTION('',(0.,1.,0.));
#2089 = DIRECTION('',(0.,0.,1.));
#2090 = ADVANCED_FACE('',(#2091),#2113,.T.);
#2091 = FACE_BOUND('',#2092,.F.);
#2092 = EDGE_LOOP('',(#2093,#2094,#2095,#2096,#2097,#2106));
#2093 = ORIENTED_EDGE('',*,*,#2064,.T.);
#2094 = ORIENTED_EDGE('',*,*,#1056,.F.);
#2095 = ORIENTED_EDGE('',*,*,#1065,.F.);
#2096 = ORIENTED_EDGE('',*,*,#2080,.F.);
#2097 = ORIENTED_EDGE('',*,*,#2098,.T.);
#2098 = EDGE_CURVE('',#2073,#2099,#2101,.T.);
#2099 = VERTEX_POINT('',#2100);
#2100 = CARTESIAN_POINT('',(27.4,77.,10.6));
#2101 = CIRCLE('',#2102,2.4);
#2102 = AXIS2_PLACEMENT_3D('',#2103,#2104,#2105);
#2103 = CARTESIAN_POINT('',(25.,77.,10.6));
#2104 = DIRECTION('',(0.,0.,1.));
#2105 = DIRECTION('',(1.,0.,0.));
#2106 = ORIENTED_EDGE('',*,*,#2107,.T.);
#2107 = EDGE_CURVE('',#2099,#2065,#2108,.T.);
#2108 = CIRCLE('',#2109,2.4);
#2109 = AXIS2_PLACEMENT_3D('',#2110,#2111,#2112);
#2110 = CARTESIAN_POINT('',(25.,77.,10.6));
#2111 = DIRECTION('',(0.,0.,1.));
#2112 = DIRECTION('',(1.,0.,0.));
#2113 = CYLINDRICAL_SURFACE('',#2114,2.4);
#2114 = AXIS2_PLACEMENT_3D('',#2115,#2116,#2117);
#2115 = CARTESIAN_POINT('',(25.,77.,1.2));
#2116 = DIRECTION('',(-0.,-0.,-1.));
#2117 = DIRECTION('',(1.,0.,0.));
#2118 = ADVANCED_FACE('',(#2119),#2188,.F.);
#2119 = FACE_BOUND('',#2120,.T.);
#2120 = EDGE_LOOP('',(#2121,#2122,#2123,#2129,#2130,#2131,#2140,#2159,
    #2167,#2181));
#2121 = ORIENTED_EDGE('',*,*,#2057,.F.);
#2122 = ORIENTED_EDGE('',*,*,#1039,.T.);
#2123 = ORIENTED_EDGE('',*,*,#2124,.T.);
#2124 = EDGE_CURVE('',#1032,#1672,#2125,.T.);
#2125 = LINE('',#2126,#2127);
#2126 = CARTESIAN_POINT('',(48.8,68.,-1.));
#2127 = VECTOR('',#2128,1.);
#2128 = DIRECTION('',(0.,0.,1.));
#2129 = ORIENTED_EDGE('',*,*,#1679,.T.);
#2130 = ORIENTED_EDGE('',*,*,#2007,.F.);
#2131 = ORIENTED_EDGE('',*,*,#2132,.T.);
#2132 = EDGE_CURVE('',#2008,#2133,#2135,.T.);
#2133 = VERTEX_POINT('',#2134);
#2134 = CARTESIAN_POINT('',(41.449,78.234471114816,8.25));
#2135 = CIRCLE('',#2136,10.8);
#2136 = AXIS2_PLACEMENT_3D('',#2137,#2138,#2139);
#2137 = CARTESIAN_POINT('',(38.,68.,8.25));
#2138 = DIRECTION('',(0.,0.,-1.));
#2139 = DIRECTION('',(1.,0.,0.));
#2140 = ORIENTED_EDGE('',*,*,#2141,.F.);
#2141 = EDGE_CURVE('',#2142,#2133,#2144,.T.);
#2142 = VERTEX_POINT('',#2143);
#2143 = CARTESIAN_POINT('',(42.449,77.841056803006,7.25));
#2144 = B_SPLINE_CURVE_WITH_KNOTS('',7,(#2145,#2146,#2147,#2148,#2149,
    #2150,#2151,#2152,#2153,#2154,#2155,#2156,#2157,#2158),
  .UNSPECIFIED.,.F.,.F.,(8,6,8),(0.,0.483121232021,1.),.UNSPECIFIED.);
#2145 = CARTESIAN_POINT('',(42.449,77.841056803006,7.25));
#2146 = CARTESIAN_POINT('',(42.449,77.841056803006,7.351530974931));
#2147 = CARTESIAN_POINT('',(42.436973426385,77.84649388694,
    7.453082898798));
#2148 = CARTESIAN_POINT('',(42.412910970216,77.857372023907,
    7.553271872485));
#2149 = CARTESIAN_POINT('',(42.376877308108,77.87355102585,
    7.650695061183));
#2150 = CARTESIAN_POINT('',(42.329024651784,77.894737811644,
    7.743897225595));
#2151 = CARTESIAN_POINT('',(42.269623568116,77.920492532102,
    7.831331135452));
#2152 = CARTESIAN_POINT('',(42.123671592065,77.982085817258,
    7.996881155966));
#2153 = CARTESIAN_POINT('',(42.034833102225,78.018790419064,
    8.074691233394));
#2154 = CARTESIAN_POINT('',(41.933540292328,78.059473071054,
    8.141466714149));
#2155 = CARTESIAN_POINT('',(41.82161894302,78.10281091428,8.194374161368
    ));
#2156 = CARTESIAN_POINT('',(41.701529774898,78.147314211524,
    8.231115781208));
#2157 = CARTESIAN_POINT('',(41.576226414192,78.19159602165,8.25));
#2158 = CARTESIAN_POINT('',(41.449,78.234471114816,8.25));
#2159 = ORIENTED_EDGE('',*,*,#2160,.T.);
#2160 = EDGE_CURVE('',#2142,#2161,#2163,.T.);
#2161 = VERTEX_POINT('',#2162);
#2162 = CARTESIAN_POINT('',(42.449,77.841056803006,3.75));
#2163 = LINE('',#2164,#2165);
#2164 = CARTESIAN_POINT('',(42.449,77.841056803006,-1.));
#2165 = VECTOR('',#2166,1.);
#2166 = DIRECTION('',(-0.,-0.,-1.));
#2167 = ORIENTED_EDGE('',*,*,#2168,.F.);
#2168 = EDGE_CURVE('',#2169,#2161,#2171,.T.);
#2169 = VERTEX_POINT('',#2170);
#2170 = CARTESIAN_POINT('',(41.449,78.234471114816,2.75));
#2171 = B_SPLINE_CURVE_WITH_KNOTS('',8,(#2172,#2173,#2174,#2175,#2176,
    #2177,#2178,#2179,#2180),.UNSPECIFIED.,.F.,.F.,(9,9),(0.,1.),
  .PIECEWISE_BEZIER_KNOTS.);
#2172 = CARTESIAN_POINT('',(41.449,78.234471114816,2.75));
#2173 = CARTESIAN_POINT('',(41.667258818377,78.160918250565,2.75));
#2174 = CARTESIAN_POINT('',(41.875230368908,78.084908086752,
    2.804440716235));
#2175 = CARTESIAN_POINT('',(42.060522707922,78.011427362106,
    2.904354393753));
#2176 = CARTESIAN_POINT('',(42.214944512768,77.945888510696,
    3.040573875008));
#2177 = CARTESIAN_POINT('',(42.332762400203,77.893603984714,
    3.203206156884));
#2178 = CARTESIAN_POINT('',(42.411060459725,77.858209185969,
    3.382275721489));
#2179 = CARTESIAN_POINT('',(42.449,77.841056803006,3.567800584616));
#2180 = CARTESIAN_POINT('',(42.449,77.841056803006,3.75));
#2181 = ORIENTED_EDGE('',*,*,#2182,.F.);
#2182 = EDGE_CURVE('',#2050,#2169,#2183,.T.);
#2183 = CIRCLE('',#2184,10.8);
#2184 = AXIS2_PLACEMENT_3D('',#2185,#2186,#2187);
#2185 = CARTESIAN_POINT('',(38.,68.,2.75));
#2186 = DIRECTION('',(0.,0.,-1.));
#2187 = DIRECTION('',(1.,0.,0.));
#2188 = CYLINDRICAL_SURFACE('',#2189,10.8);
#2189 = AXIS2_PLACEMENT_3D('',#2190,#2191,#2192);
#2190 = CARTESIAN_POINT('',(38.,68.,-1.));
#2191 = DIRECTION('',(-0.,-0.,-1.));
#2192 = DIRECTION('',(1.,0.,0.));
#2193 = ADVANCED_FACE('',(#2194),#2205,.F.);
#2194 = FACE_BOUND('',#2195,.F.);
#2195 = EDGE_LOOP('',(#2196,#2202,#2203,#2204));
#2196 = ORIENTED_EDGE('',*,*,#2197,.F.);
#2197 = EDGE_CURVE('',#1023,#1663,#2198,.T.);
#2198 = LINE('',#2199,#2200);
#2199 = CARTESIAN_POINT('',(48.8,12.,-1.));
#2200 = VECTOR('',#2201,1.);
#2201 = DIRECTION('',(0.,0.,1.));
#2202 = ORIENTED_EDGE('',*,*,#1031,.F.);
#2203 = ORIENTED_EDGE('',*,*,#2124,.T.);
#2204 = ORIENTED_EDGE('',*,*,#1671,.F.);
#2205 = PLANE('',#2206);
#2206 = AXIS2_PLACEMENT_3D('',#2207,#2208,#2209);
#2207 = CARTESIAN_POINT('',(48.8,12.,-1.));
#2208 = DIRECTION('',(1.,0.,0.));
#2209 = DIRECTION('',(0.,0.,1.));
#2210 = ADVANCED_FACE('',(#2211),#2217,.F.);
#2211 = FACE_BOUND('',#2212,.T.);
#2212 = EDGE_LOOP('',(#2213,#2214,#2215,#2216));
#2213 = ORIENTED_EDGE('',*,*,#1662,.T.);
#2214 = ORIENTED_EDGE('',*,*,#2197,.F.);
#2215 = ORIENTED_EDGE('',*,*,#1022,.T.);
#2216 = ORIENTED_EDGE('',*,*,#1875,.T.);
#2217 = CYLINDRICAL_SURFACE('',#2218,10.8);
#2218 = AXIS2_PLACEMENT_3D('',#2219,#2220,#2221);
#2219 = CARTESIAN_POINT('',(38.,12.,-1.));
#2220 = DIRECTION('',(-0.,-0.,-1.));
#2221 = DIRECTION('',(1.,0.,0.));
#2222 = ADVANCED_FACE('',(#2223),#2245,.T.);
#2223 = FACE_BOUND('',#2224,.F.);
#2224 = EDGE_LOOP('',(#2225,#2226,#2235,#2242,#2243,#2244));
#2225 = ORIENTED_EDGE('',*,*,#1882,.F.);
#2226 = ORIENTED_EDGE('',*,*,#2227,.T.);
#2227 = EDGE_CURVE('',#1883,#2228,#2230,.T.);
#2228 = VERTEX_POINT('',#2229);
#2229 = CARTESIAN_POINT('',(27.4,3.,10.6));
#2230 = CIRCLE('',#2231,2.4);
#2231 = AXIS2_PLACEMENT_3D('',#2232,#2233,#2234);
#2232 = CARTESIAN_POINT('',(25.,3.,10.6));
#2233 = DIRECTION('',(0.,0.,1.));
#2234 = DIRECTION('',(1.,0.,0.));
#2235 = ORIENTED_EDGE('',*,*,#2236,.T.);
#2236 = EDGE_CURVE('',#2228,#1891,#2237,.T.);
#2237 = CIRCLE('',#2238,2.4);
#2238 = AXIS2_PLACEMENT_3D('',#2239,#2240,#2241);
#2239 = CARTESIAN_POINT('',(25.,3.,10.6));
#2240 = DIRECTION('',(0.,0.,1.));
#2241 = DIRECTION('',(1.,0.,0.));
#2242 = ORIENTED_EDGE('',*,*,#1898,.T.);
#2243 = ORIENTED_EDGE('',*,*,#996,.F.);
#2244 = ORIENTED_EDGE('',*,*,#1005,.F.);
#2245 = CYLINDRICAL_SURFACE('',#2246,2.4);
#2246 = AXIS2_PLACEMENT_3D('',#2247,#2248,#2249);
#2247 = CARTESIAN_POINT('',(25.,3.,1.2));
#2248 = DIRECTION('',(-0.,-0.,-1.));
#2249 = DIRECTION('',(1.,0.,0.));
#2250 = ADVANCED_FACE('',(#2251),#2270,.F.);
#2251 = FACE_BOUND('',#2252,.T.);
#2252 = EDGE_LOOP('',(#2253,#2254,#2262,#2269));
#2253 = ORIENTED_EDGE('',*,*,#1125,.T.);
#2254 = ORIENTED_EDGE('',*,*,#2255,.T.);
#2255 = EDGE_CURVE('',#1126,#2256,#2258,.T.);
#2256 = VERTEX_POINT('',#2257);
#2257 = CARTESIAN_POINT('',(25.65,3.,9.2));
#2258 = LINE('',#2259,#2260);
#2259 = CARTESIAN_POINT('',(25.65,3.,0.8));
#2260 = VECTOR('',#2261,1.);
#2261 = DIRECTION('',(0.,0.,1.));
#2262 = ORIENTED_EDGE('',*,*,#2263,.T.);
#2263 = EDGE_CURVE('',#2256,#2256,#2264,.T.);
#2264 = CIRCLE('',#2265,0.65);
#2265 = AXIS2_PLACEMENT_3D('',#2266,#2267,#2268);
#2266 = CARTESIAN_POINT('',(25.,3.,9.2));
#2267 = DIRECTION('',(0.,0.,1.));
#2268 = DIRECTION('',(1.,0.,0.));
#2269 = ORIENTED_EDGE('',*,*,#2255,.F.);
#2270 = CYLINDRICAL_SURFACE('',#2271,0.65);
#2271 = AXIS2_PLACEMENT_3D('',#2272,#2273,#2274);
#2272 = CARTESIAN_POINT('',(25.,3.,0.8));
#2273 = DIRECTION('',(-0.,-0.,-1.));
#2274 = DIRECTION('',(1.,0.,0.));
#2275 = ADVANCED_FACE('',(#2276),#2295,.F.);
#2276 = FACE_BOUND('',#2277,.T.);
#2277 = EDGE_LOOP('',(#2278,#2279,#2287,#2294));
#2278 = ORIENTED_EDGE('',*,*,#1136,.T.);
#2279 = ORIENTED_EDGE('',*,*,#2280,.T.);
#2280 = EDGE_CURVE('',#1137,#2281,#2283,.T.);
#2281 = VERTEX_POINT('',#2282);
#2282 = CARTESIAN_POINT('',(25.65,77.,9.2));
#2283 = LINE('',#2284,#2285);
#2284 = CARTESIAN_POINT('',(25.65,77.,0.8));
#2285 = VECTOR('',#2286,1.);
#2286 = DIRECTION('',(0.,0.,1.));
#2287 = ORIENTED_EDGE('',*,*,#2288,.T.);
#2288 = EDGE_CURVE('',#2281,#2281,#2289,.T.);
#2289 = CIRCLE('',#2290,0.65);
#2290 = AXIS2_PLACEMENT_3D('',#2291,#2292,#2293);
#2291 = CARTESIAN_POINT('',(25.,77.,9.2));
#2292 = DIRECTION('',(0.,0.,1.));
#2293 = DIRECTION('',(1.,0.,0.));
#2294 = ORIENTED_EDGE('',*,*,#2280,.F.);
#2295 = CYLINDRICAL_SURFACE('',#2296,0.65);
#2296 = AXIS2_PLACEMENT_3D('',#2297,#2298,#2299);
#2297 = CARTESIAN_POINT('',(25.,77.,0.8));
#2298 = DIRECTION('',(-0.,-0.,-1.));
#2299 = DIRECTION('',(1.,0.,0.));
#2300 = ADVANCED_FACE('',(#2301),#2365,.T.);
#2301 = FACE_BOUND('',#2302,.F.);
#2302 = EDGE_LOOP('',(#2303,#2304,#2305,#2306,#2307,#2308,#2317,#2336,
    #2344,#2358));
#2303 = ORIENTED_EDGE('',*,*,#1520,.F.);
#2304 = ORIENTED_EDGE('',*,*,#1931,.F.);
#2305 = ORIENTED_EDGE('',*,*,#1162,.T.);
#2306 = ORIENTED_EDGE('',*,*,#1282,.T.);
#2307 = ORIENTED_EDGE('',*,*,#1556,.F.);
#2308 = ORIENTED_EDGE('',*,*,#2309,.T.);
#2309 = EDGE_CURVE('',#1557,#2310,#2312,.T.);
#2310 = VERTEX_POINT('',#2311);
#2311 = CARTESIAN_POINT('',(41.449,79.49366777839,8.25));
#2312 = CIRCLE('',#2313,12.);
#2313 = AXIS2_PLACEMENT_3D('',#2314,#2315,#2316);
#2314 = CARTESIAN_POINT('',(38.,68.,8.25));
#2315 = DIRECTION('',(0.,0.,-1.));
#2316 = DIRECTION('',(1.,0.,0.));
#2317 = ORIENTED_EDGE('',*,*,#2318,.F.);
#2318 = EDGE_CURVE('',#2319,#2310,#2321,.T.);
#2319 = VERTEX_POINT('',#2320);
#2320 = CARTESIAN_POINT('',(42.449,79.144792461055,7.25));
#2321 = B_SPLINE_CURVE_WITH_KNOTS('',7,(#2322,#2323,#2324,#2325,#2326,
    #2327,#2328,#2329,#2330,#2331,#2332,#2333,#2334,#2335),
  .UNSPECIFIED.,.F.,.F.,(8,6,8),(0.,0.465065351534,1.),.UNSPECIFIED.);
#2322 = CARTESIAN_POINT('',(42.449,79.144792461056,7.25));
#2323 = CARTESIAN_POINT('',(42.449,79.144792461056,7.347032901271));
#2324 = CARTESIAN_POINT('',(42.438015388623,79.149177560107,
    7.444096908613));
#2325 = CARTESIAN_POINT('',(42.416033385375,79.157952622451,
    7.540021084397));
#2326 = CARTESIAN_POINT('',(42.383077180396,79.171029868438,
    7.633615006375));
#2327 = CARTESIAN_POINT('',(42.339220229884,79.188220609303,
    7.723633435143));
#2328 = CARTESIAN_POINT('',(42.284611726222,79.209234499236,
    7.808733440935));
#2329 = CARTESIAN_POINT('',(42.144634660135,79.261811638032,
    7.977936647654));
#2330 = CARTESIAN_POINT('',(42.055055186498,79.294794305739,
    8.060963091484));
#2331 = CARTESIAN_POINT('',(41.951634627092,79.331849168291,
    8.13267432747));
#2332 = CARTESIAN_POINT('',(41.836320083665,79.371700111711,
    8.189756238187));
#2333 = CARTESIAN_POINT('',(41.711831657553,79.412855576063,
    8.229522585681));
#2334 = CARTESIAN_POINT('',(41.581484638574,79.453912016587,8.25));
#2335 = CARTESIAN_POINT('',(41.449,79.49366777839,8.25));
#2336 = ORIENTED_EDGE('',*,*,#2337,.T.);
#2337 = EDGE_CURVE('',#2319,#2338,#2340,.T.);
#2338 = VERTEX_POINT('',#2339);
#2339 = CARTESIAN_POINT('',(42.449,79.144792461055,3.75));
#2340 = LINE('',#2341,#2342);
#2341 = CARTESIAN_POINT('',(42.449,79.144792461056,1.2));
#2342 = VECTOR('',#2343,1.);
#2343 = DIRECTION('',(-0.,-0.,-1.));
#2344 = ORIENTED_EDGE('',*,*,#2345,.F.);
#2345 = EDGE_CURVE('',#2346,#2338,#2348,.T.);
#2346 = VERTEX_POINT('',#2347);
#2347 = CARTESIAN_POINT('',(41.449,79.49366777839,2.75));
#2348 = B_SPLINE_CURVE_WITH_KNOTS('',8,(#2349,#2350,#2351,#2352,#2353,
    #2354,#2355,#2356,#2357),.UNSPECIFIED.,.F.,.F.,(9,9),(0.,1.),
  .PIECEWISE_BEZIER_KNOTS.);
#2349 = CARTESIAN_POINT('',(41.449,79.49366777839,2.75));
#2350 = CARTESIAN_POINT('',(41.668880861632,79.427686308733,2.75));
#2351 = CARTESIAN_POINT('',(41.877806592868,79.359751584387,
    2.805253471567));
#2352 = CARTESIAN_POINT('',(42.063230424793,79.294425053092,
    2.90613425481));
#2353 = CARTESIAN_POINT('',(42.217247832104,79.236504817093,
    3.043068600071));
#2354 = CARTESIAN_POINT('',(42.334341322928,79.190561905557,
    3.206037952127));
#2355 = CARTESIAN_POINT('',(42.41173595988,79.15966873407,3.384889886632
    ));
#2356 = CARTESIAN_POINT('',(42.449,79.144792461056,3.569427884667));
#2357 = CARTESIAN_POINT('',(42.449,79.144792461056,3.75));
#2358 = ORIENTED_EDGE('',*,*,#2359,.F.);
#2359 = EDGE_CURVE('',#1523,#2346,#2360,.T.);
#2360 = CIRCLE('',#2361,12.);
#2361 = AXIS2_PLACEMENT_3D('',#2362,#2363,#2364);
#2362 = CARTESIAN_POINT('',(38.,68.,2.75));
#2363 = DIRECTION('',(0.,0.,-1.));
#2364 = DIRECTION('',(1.,0.,0.));
#2365 = CYLINDRICAL_SURFACE('',#2366,12.);
#2366 = AXIS2_PLACEMENT_3D('',#2367,#2368,#2369);
#2367 = CARTESIAN_POINT('',(38.,68.,1.2));
#2368 = DIRECTION('',(-0.,-0.,-1.));
#2369 = DIRECTION('',(1.,0.,0.));
#2370 = ADVANCED_FACE('',(#2371,#2381),#2451,.F.);
#2371 = FACE_BOUND('',#2372,.F.);
#2372 = EDGE_LOOP('',(#2373,#2374,#2375,#2376,#2377,#2378,#2379,#2380));
#2373 = ORIENTED_EDGE('',*,*,#1478,.F.);
#2374 = ORIENTED_EDGE('',*,*,#1461,.T.);
#2375 = ORIENTED_EDGE('',*,*,#1428,.F.);
#2376 = ORIENTED_EDGE('',*,*,#1404,.T.);
#2377 = ORIENTED_EDGE('',*,*,#1379,.F.);
#2378 = ORIENTED_EDGE('',*,*,#1356,.F.);
#2379 = ORIENTED_EDGE('',*,*,#1338,.F.);
#2380 = ORIENTED_EDGE('',*,*,#1299,.F.);
#2381 = FACE_BOUND('',#2382,.F.);
#2382 = EDGE_LOOP('',(#2383,#2394,#2402,#2411,#2419,#2428,#2436,#2445));
#2383 = ORIENTED_EDGE('',*,*,#2384,.F.);
#2384 = EDGE_CURVE('',#2385,#2387,#2389,.T.);
#2385 = VERTEX_POINT('',#2386);
#2386 = CARTESIAN_POINT('',(13.275,3.435,13.42));
#2387 = VERTEX_POINT('',#2388);
#2388 = CARTESIAN_POINT('',(2.975,13.735,13.42));
#2389 = CIRCLE('',#2390,10.3);
#2390 = AXIS2_PLACEMENT_3D('',#2391,#2392,#2393);
#2391 = CARTESIAN_POINT('',(13.275,13.735,13.42));
#2392 = DIRECTION('',(0.,0.,-1.));
#2393 = DIRECTION('',(1.,0.,0.));
#2394 = ORIENTED_EDGE('',*,*,#2395,.F.);
#2395 = EDGE_CURVE('',#2396,#2385,#2398,.T.);
#2396 = VERTEX_POINT('',#2397);
#2397 = CARTESIAN_POINT('',(36.725,3.435,13.42));
#2398 = LINE('',#2399,#2400);
#2399 = CARTESIAN_POINT('',(19.1375,3.435,13.42));
#2400 = VECTOR('',#2401,1.);
#2401 = DIRECTION('',(-1.,0.,0.));
#2402 = ORIENTED_EDGE('',*,*,#2403,.F.);
#2403 = EDGE_CURVE('',#2404,#2396,#2406,.T.);
#2404 = VERTEX_POINT('',#2405);
#2405 = CARTESIAN_POINT('',(47.025,13.735,13.42));
#2406 = CIRCLE('',#2407,10.3);
#2407 = AXIS2_PLACEMENT_3D('',#2408,#2409,#2410);
#2408 = CARTESIAN_POINT('',(36.725,13.735,13.42));
#2409 = DIRECTION('',(0.,0.,-1.));
#2410 = DIRECTION('',(1.,0.,0.));
#2411 = ORIENTED_EDGE('',*,*,#2412,.T.);
#2412 = EDGE_CURVE('',#2404,#2413,#2415,.T.);
#2413 = VERTEX_POINT('',#2414);
#2414 = CARTESIAN_POINT('',(47.025,30.065,13.42));
#2415 = LINE('',#2416,#2417);
#2416 = CARTESIAN_POINT('',(47.025,17.8675,13.42));
#2417 = VECTOR('',#2418,1.);
#2418 = DIRECTION('',(0.,1.,0.));
#2419 = ORIENTED_EDGE('',*,*,#2420,.F.);
#2420 = EDGE_CURVE('',#2421,#2413,#2423,.T.);
#2421 = VERTEX_POINT('',#2422);
#2422 = CARTESIAN_POINT('',(36.725,40.365,13.42));
#2423 = CIRCLE('',#2424,10.3);
#2424 = AXIS2_PLACEMENT_3D('',#2425,#2426,#2427);
#2425 = CARTESIAN_POINT('',(36.725,30.065,13.42));
#2426 = DIRECTION('',(0.,0.,-1.));
#2427 = DIRECTION('',(1.,0.,0.));
#2428 = ORIENTED_EDGE('',*,*,#2429,.T.);
#2429 = EDGE_CURVE('',#2421,#2430,#2432,.T.);
#2430 = VERTEX_POINT('',#2431);
#2431 = CARTESIAN_POINT('',(13.275,40.365,13.42));
#2432 = LINE('',#2433,#2434);
#2433 = CARTESIAN_POINT('',(19.1375,40.365,13.42));
#2434 = VECTOR('',#2435,1.);
#2435 = DIRECTION('',(-1.,0.,0.));
#2436 = ORIENTED_EDGE('',*,*,#2437,.F.);
#2437 = EDGE_CURVE('',#2438,#2430,#2440,.T.);
#2438 = VERTEX_POINT('',#2439);
#2439 = CARTESIAN_POINT('',(2.975,30.065,13.42));
#2440 = CIRCLE('',#2441,10.3);
#2441 = AXIS2_PLACEMENT_3D('',#2442,#2443,#2444);
#2442 = CARTESIAN_POINT('',(13.275,30.065,13.42));
#2443 = DIRECTION('',(0.,0.,-1.));
#2444 = DIRECTION('',(1.,0.,0.));
#2445 = ORIENTED_EDGE('',*,*,#2446,.F.);
#2446 = EDGE_CURVE('',#2387,#2438,#2447,.T.);
#2447 = LINE('',#2448,#2449);
#2448 = CARTESIAN_POINT('',(2.975,17.8675,13.42));
#2449 = VECTOR('',#2450,1.);
#2450 = DIRECTION('',(0.,1.,0.));
#2451 = PLANE('',#2452);
#2452 = AXIS2_PLACEMENT_3D('',#2453,#2454,#2455);
#2453 = CARTESIAN_POINT('',(25.,22.,13.42));
#2454 = DIRECTION('',(-0.,-0.,-1.));
#2455 = DIRECTION('',(-1.,0.,0.));
#2456 = ADVANCED_FACE('',(#2457,#2460),#2471,.T.);
#2457 = FACE_BOUND('',#2458,.T.);
#2458 = EDGE_LOOP('',(#2459));
#2459 = ORIENTED_EDGE('',*,*,#1495,.T.);
#2460 = FACE_BOUND('',#2461,.T.);
#2461 = EDGE_LOOP('',(#2462));
#2462 = ORIENTED_EDGE('',*,*,#2463,.T.);
#2463 = EDGE_CURVE('',#2464,#2464,#2466,.T.);
#2464 = VERTEX_POINT('',#2465);
#2465 = CARTESIAN_POINT('',(31.,61.3,12.85));
#2466 = CIRCLE('',#2467,6.);
#2467 = AXIS2_PLACEMENT_3D('',#2468,#2469,#2470);
#2468 = CARTESIAN_POINT('',(25.,61.3,12.85));
#2469 = DIRECTION('',(0.,0.,-1.));
#2470 = DIRECTION('',(1.,0.,0.));
#2471 = PLANE('',#2472);
#2472 = AXIS2_PLACEMENT_3D('',#2473,#2474,#2475);
#2473 = CARTESIAN_POINT('',(25.,61.3,12.85));
#2474 = DIRECTION('',(0.,0.,1.));
#2475 = DIRECTION('',(1.,0.,0.));
#2476 = ADVANCED_FACE('',(#2477),#2495,.T.);
#2477 = FACE_BOUND('',#2478,.T.);
#2478 = EDGE_LOOP('',(#2479,#2480,#2486,#2487,#2488,#2494));
#2479 = ORIENTED_EDGE('',*,*,#1598,.F.);
#2480 = ORIENTED_EDGE('',*,*,#2481,.T.);
#2481 = EDGE_CURVE('',#1590,#2041,#2482,.T.);
#2482 = LINE('',#2483,#2484);
#2483 = CARTESIAN_POINT('',(31.449,81.,2.75));
#2484 = VECTOR('',#2485,1.);
#2485 = DIRECTION('',(0.,-1.,-2.22044604925E-16));
#2486 = ORIENTED_EDGE('',*,*,#2049,.T.);
#2487 = ORIENTED_EDGE('',*,*,#2182,.T.);
#2488 = ORIENTED_EDGE('',*,*,#2489,.F.);
#2489 = EDGE_CURVE('',#2346,#2169,#2490,.T.);
#2490 = LINE('',#2491,#2492);
#2491 = CARTESIAN_POINT('',(41.449,81.,2.75));
#2492 = VECTOR('',#2493,1.);
#2493 = DIRECTION('',(0.,-1.,-2.22044604925E-16));
#2494 = ORIENTED_EDGE('',*,*,#2359,.F.);
#2495 = PLANE('',#2496);
#2496 = AXIS2_PLACEMENT_3D('',#2497,#2498,#2499);
#2497 = CARTESIAN_POINT('',(31.449,81.,2.75));
#2498 = DIRECTION('',(0.,-2.22044604925E-16,1.));
#2499 = DIRECTION('',(0.,-1.,-2.22044604925E-16));
#2500 = ADVANCED_FACE('',(#2501),#2512,.F.);
#2501 = FACE_BOUND('',#2502,.T.);
#2502 = EDGE_LOOP('',(#2503,#2504,#2505,#2511));
#2503 = ORIENTED_EDGE('',*,*,#2481,.F.);
#2504 = ORIENTED_EDGE('',*,*,#1589,.T.);
#2505 = ORIENTED_EDGE('',*,*,#2506,.T.);
#2506 = EDGE_CURVE('',#1582,#2033,#2507,.T.);
#2507 = LINE('',#2508,#2509);
#2508 = CARTESIAN_POINT('',(30.449,81.,3.75));
#2509 = VECTOR('',#2510,1.);
#2510 = DIRECTION('',(0.,-1.,-2.22044604925E-16));
#2511 = ORIENTED_EDGE('',*,*,#2040,.F.);
#2512 = CYLINDRICAL_SURFACE('',#2513,1.);
#2513 = AXIS2_PLACEMENT_3D('',#2514,#2515,#2516);
#2514 = CARTESIAN_POINT('',(31.449,81.,3.75));
#2515 = DIRECTION('',(-0.,1.,2.22044604925E-16));
#2516 = DIRECTION('',(1.,0.,0.));
#2517 = ADVANCED_FACE('',(#2518),#2529,.T.);
#2518 = FACE_BOUND('',#2519,.T.);
#2519 = EDGE_LOOP('',(#2520,#2521,#2522,#2528));
#2520 = ORIENTED_EDGE('',*,*,#2506,.F.);
#2521 = ORIENTED_EDGE('',*,*,#1581,.F.);
#2522 = ORIENTED_EDGE('',*,*,#2523,.T.);
#2523 = EDGE_CURVE('',#1573,#2024,#2524,.T.);
#2524 = LINE('',#2525,#2526);
#2525 = CARTESIAN_POINT('',(30.449,81.,7.25));
#2526 = VECTOR('',#2527,1.);
#2527 = DIRECTION('',(0.,-1.,-2.22044604925E-16));
#2528 = ORIENTED_EDGE('',*,*,#2032,.T.);
#2529 = PLANE('',#2530);
#2530 = AXIS2_PLACEMENT_3D('',#2531,#2532,#2533);
#2531 = CARTESIAN_POINT('',(30.449,81.,3.75));
#2532 = DIRECTION('',(1.,0.,0.));
#2533 = DIRECTION('',(0.,-1.,-2.22044604925E-16));
#2534 = ADVANCED_FACE('',(#2535),#2546,.F.);
#2535 = FACE_BOUND('',#2536,.T.);
#2536 = EDGE_LOOP('',(#2537,#2538,#2544,#2545));
#2537 = ORIENTED_EDGE('',*,*,#1572,.T.);
#2538 = ORIENTED_EDGE('',*,*,#2539,.T.);
#2539 = EDGE_CURVE('',#1565,#2016,#2540,.T.);
#2540 = LINE('',#2541,#2542);
#2541 = CARTESIAN_POINT('',(31.449,81.,8.25));
#2542 = VECTOR('',#2543,1.);
#2543 = DIRECTION('',(0.,-1.,-2.22044604925E-16));
#2544 = ORIENTED_EDGE('',*,*,#2023,.F.);
#2545 = ORIENTED_EDGE('',*,*,#2523,.F.);
#2546 = CYLINDRICAL_SURFACE('',#2547,1.);
#2547 = AXIS2_PLACEMENT_3D('',#2548,#2549,#2550);
#2548 = CARTESIAN_POINT('',(31.449,81.,7.25));
#2549 = DIRECTION('',(-0.,1.,2.22044604925E-16));
#2550 = DIRECTION('',(1.,0.,0.));
#2551 = ADVANCED_FACE('',(#2552),#2565,.F.);
#2552 = FACE_BOUND('',#2553,.F.);
#2553 = EDGE_LOOP('',(#2554,#2555,#2556,#2557,#2558,#2564));
#2554 = ORIENTED_EDGE('',*,*,#1564,.F.);
#2555 = ORIENTED_EDGE('',*,*,#2539,.T.);
#2556 = ORIENTED_EDGE('',*,*,#2015,.T.);
#2557 = ORIENTED_EDGE('',*,*,#2132,.T.);
#2558 = ORIENTED_EDGE('',*,*,#2559,.F.);
#2559 = EDGE_CURVE('',#2310,#2133,#2560,.T.);
#2560 = LINE('',#2561,#2562);
#2561 = CARTESIAN_POINT('',(41.449,81.,8.25));
#2562 = VECTOR('',#2563,1.);
#2563 = DIRECTION('',(0.,-1.,-2.22044604925E-16));
#2564 = ORIENTED_EDGE('',*,*,#2309,.F.);
#2565 = PLANE('',#2566);
#2566 = AXIS2_PLACEMENT_3D('',#2567,#2568,#2569);
#2567 = CARTESIAN_POINT('',(31.449,81.,8.25));
#2568 = DIRECTION('',(0.,-2.22044604925E-16,1.));
#2569 = DIRECTION('',(0.,-1.,-2.22044604925E-16));
#2570 = ADVANCED_FACE('',(#2571),#2587,.T.);
#2571 = FACE_BOUND('',#2572,.T.);
#2572 = EDGE_LOOP('',(#2573,#2574,#2580,#2581));
#2573 = ORIENTED_EDGE('',*,*,#1706,.T.);
#2574 = ORIENTED_EDGE('',*,*,#2575,.T.);
#2575 = EDGE_CURVE('',#1709,#2385,#2576,.T.);
#2576 = LINE('',#2577,#2578);
#2577 = CARTESIAN_POINT('',(13.275,3.435,11.));
#2578 = VECTOR('',#2579,1.);
#2579 = DIRECTION('',(0.,0.,1.));
#2580 = ORIENTED_EDGE('',*,*,#2395,.F.);
#2581 = ORIENTED_EDGE('',*,*,#2582,.F.);
#2582 = EDGE_CURVE('',#1707,#2396,#2583,.T.);
#2583 = LINE('',#2584,#2585);
#2584 = CARTESIAN_POINT('',(36.725,3.435,11.));
#2585 = VECTOR('',#2586,1.);
#2586 = DIRECTION('',(0.,0.,1.));
#2587 = PLANE('',#2588);
#2588 = AXIS2_PLACEMENT_3D('',#2589,#2590,#2591);
#2589 = CARTESIAN_POINT('',(13.275,3.435,11.));
#2590 = DIRECTION('',(0.,1.,0.));
#2591 = DIRECTION('',(0.,0.,1.));
#2592 = ADVANCED_FACE('',(#2593),#2604,.F.);
#2593 = FACE_BOUND('',#2594,.T.);
#2594 = EDGE_LOOP('',(#2595,#2596,#2602,#2603));
#2595 = ORIENTED_EDGE('',*,*,#2403,.F.);
#2596 = ORIENTED_EDGE('',*,*,#2597,.F.);
#2597 = EDGE_CURVE('',#1760,#2404,#2598,.T.);
#2598 = LINE('',#2599,#2600);
#2599 = CARTESIAN_POINT('',(47.025,13.735,11.));
#2600 = VECTOR('',#2601,1.);
#2601 = DIRECTION('',(0.,0.,1.));
#2602 = ORIENTED_EDGE('',*,*,#1767,.T.);
#2603 = ORIENTED_EDGE('',*,*,#2582,.T.);
#2604 = CYLINDRICAL_SURFACE('',#2605,10.3);
#2605 = AXIS2_PLACEMENT_3D('',#2606,#2607,#2608);
#2606 = CARTESIAN_POINT('',(36.725,13.735,11.));
#2607 = DIRECTION('',(-0.,-0.,-1.));
#2608 = DIRECTION('',(1.,0.,0.));
#2609 = ADVANCED_FACE('',(#2610),#2621,.F.);
#2610 = FACE_BOUND('',#2611,.F.);
#2611 = EDGE_LOOP('',(#2612,#2613,#2614,#2620));
#2612 = ORIENTED_EDGE('',*,*,#2597,.F.);
#2613 = ORIENTED_EDGE('',*,*,#1759,.T.);
#2614 = ORIENTED_EDGE('',*,*,#2615,.T.);
#2615 = EDGE_CURVE('',#1751,#2413,#2616,.T.);
#2616 = LINE('',#2617,#2618);
#2617 = CARTESIAN_POINT('',(47.025,30.065,11.));
#2618 = VECTOR('',#2619,1.);
#2619 = DIRECTION('',(0.,0.,1.));
#2620 = ORIENTED_EDGE('',*,*,#2412,.F.);
#2621 = PLANE('',#2622);
#2622 = AXIS2_PLACEMENT_3D('',#2623,#2624,#2625);
#2623 = CARTESIAN_POINT('',(47.025,13.735,11.));
#2624 = DIRECTION('',(1.,0.,0.));
#2625 = DIRECTION('',(0.,0.,1.));
#2626 = ADVANCED_FACE('',(#2627),#2638,.F.);
#2627 = FACE_BOUND('',#2628,.T.);
#2628 = EDGE_LOOP('',(#2629,#2630,#2631,#2632));
#2629 = ORIENTED_EDGE('',*,*,#1750,.T.);
#2630 = ORIENTED_EDGE('',*,*,#2615,.T.);
#2631 = ORIENTED_EDGE('',*,*,#2420,.F.);
#2632 = ORIENTED_EDGE('',*,*,#2633,.F.);
#2633 = EDGE_CURVE('',#1743,#2421,#2634,.T.);
#2634 = LINE('',#2635,#2636);
#2635 = CARTESIAN_POINT('',(36.725,40.365,11.));
#2636 = VECTOR('',#2637,1.);
#2637 = DIRECTION('',(0.,0.,1.));
#2638 = CYLINDRICAL_SURFACE('',#2639,10.3);
#2639 = AXIS2_PLACEMENT_3D('',#2640,#2641,#2642);
#2640 = CARTESIAN_POINT('',(36.725,30.065,11.));
#2641 = DIRECTION('',(-0.,-0.,-1.));
#2642 = DIRECTION('',(1.,0.,0.));
#2643 = ADVANCED_FACE('',(#2644),#2655,.F.);
#2644 = FACE_BOUND('',#2645,.F.);
#2645 = EDGE_LOOP('',(#2646,#2647,#2653,#2654));
#2646 = ORIENTED_EDGE('',*,*,#1742,.T.);
#2647 = ORIENTED_EDGE('',*,*,#2648,.T.);
#2648 = EDGE_CURVE('',#1734,#2430,#2649,.T.);
#2649 = LINE('',#2650,#2651);
#2650 = CARTESIAN_POINT('',(13.275,40.365,11.));
#2651 = VECTOR('',#2652,1.);
#2652 = DIRECTION('',(0.,0.,1.));
#2653 = ORIENTED_EDGE('',*,*,#2429,.F.);
#2654 = ORIENTED_EDGE('',*,*,#2633,.F.);
#2655 = PLANE('',#2656);
#2656 = AXIS2_PLACEMENT_3D('',#2657,#2658,#2659);
#2657 = CARTESIAN_POINT('',(13.275,40.365,11.));
#2658 = DIRECTION('',(0.,1.,0.));
#2659 = DIRECTION('',(0.,0.,1.));
#2660 = ADVANCED_FACE('',(#2661),#2672,.F.);
#2661 = FACE_BOUND('',#2662,.T.);
#2662 = EDGE_LOOP('',(#2663,#2664,#2665,#2666));
#2663 = ORIENTED_EDGE('',*,*,#1733,.T.);
#2664 = ORIENTED_EDGE('',*,*,#2648,.T.);
#2665 = ORIENTED_EDGE('',*,*,#2437,.F.);
#2666 = ORIENTED_EDGE('',*,*,#2667,.F.);
#2667 = EDGE_CURVE('',#1726,#2438,#2668,.T.);
#2668 = LINE('',#2669,#2670);
#2669 = CARTESIAN_POINT('',(2.975,30.065,11.));
#2670 = VECTOR('',#2671,1.);
#2671 = DIRECTION('',(0.,0.,1.));
#2672 = CYLINDRICAL_SURFACE('',#2673,10.3);
#2673 = AXIS2_PLACEMENT_3D('',#2674,#2675,#2676);
#2674 = CARTESIAN_POINT('',(13.275,30.065,11.));
#2675 = DIRECTION('',(-0.,-0.,-1.));
#2676 = DIRECTION('',(1.,0.,0.));
#2677 = ADVANCED_FACE('',(#2678),#2689,.T.);
#2678 = FACE_BOUND('',#2679,.T.);
#2679 = EDGE_LOOP('',(#2680,#2686,#2687,#2688));
#2680 = ORIENTED_EDGE('',*,*,#2681,.F.);
#2681 = EDGE_CURVE('',#1717,#2387,#2682,.T.);
#2682 = LINE('',#2683,#2684);
#2683 = CARTESIAN_POINT('',(2.975,13.735,11.));
#2684 = VECTOR('',#2685,1.);
#2685 = DIRECTION('',(0.,0.,1.));
#2686 = ORIENTED_EDGE('',*,*,#1725,.T.);
#2687 = ORIENTED_EDGE('',*,*,#2667,.T.);
#2688 = ORIENTED_EDGE('',*,*,#2446,.F.);
#2689 = PLANE('',#2690);
#2690 = AXIS2_PLACEMENT_3D('',#2691,#2692,#2693);
#2691 = CARTESIAN_POINT('',(2.975,13.735,11.));
#2692 = DIRECTION('',(1.,0.,0.));
#2693 = DIRECTION('',(0.,0.,1.));
#2694 = ADVANCED_FACE('',(#2695),#2701,.F.);
#2695 = FACE_BOUND('',#2696,.T.);
#2696 = EDGE_LOOP('',(#2697,#2698,#2699,#2700));
#2697 = ORIENTED_EDGE('',*,*,#2575,.F.);
#2698 = ORIENTED_EDGE('',*,*,#1716,.T.);
#2699 = ORIENTED_EDGE('',*,*,#2681,.T.);
#2700 = ORIENTED_EDGE('',*,*,#2384,.F.);
#2701 = CYLINDRICAL_SURFACE('',#2702,10.3);
#2702 = AXIS2_PLACEMENT_3D('',#2703,#2704,#2705);
#2703 = CARTESIAN_POINT('',(13.275,13.735,11.));
#2704 = DIRECTION('',(-0.,-0.,-1.));
#2705 = DIRECTION('',(1.,0.,0.));
#2706 = ADVANCED_FACE('',(#2707),#2718,.F.);
#2707 = FACE_BOUND('',#2708,.T.);
#2708 = EDGE_LOOP('',(#2709,#2710,#2716,#2717));
#2709 = ORIENTED_EDGE('',*,*,#1776,.T.);
#2710 = ORIENTED_EDGE('',*,*,#2711,.T.);
#2711 = EDGE_CURVE('',#1777,#2464,#2712,.T.);
#2712 = LINE('',#2713,#2714);
#2713 = CARTESIAN_POINT('',(31.,61.3,10.));
#2714 = VECTOR('',#2715,1.);
#2715 = DIRECTION('',(0.,0.,1.));
#2716 = ORIENTED_EDGE('',*,*,#2463,.F.);
#2717 = ORIENTED_EDGE('',*,*,#2711,.F.);
#2718 = CYLINDRICAL_SURFACE('',#2719,6.);
#2719 = AXIS2_PLACEMENT_3D('',#2720,#2721,#2722);
#2720 = CARTESIAN_POINT('',(25.,61.3,10.));
#2721 = DIRECTION('',(-0.,-0.,-1.));
#2722 = DIRECTION('',(1.,0.,0.));
#2723 = ADVANCED_FACE('',(#2724),#2729,.T.);
#2724 = FACE_BOUND('',#2725,.T.);
#2725 = EDGE_LOOP('',(#2726,#2727,#2728));
#2726 = ORIENTED_EDGE('',*,*,#2227,.T.);
#2727 = ORIENTED_EDGE('',*,*,#2236,.T.);
#2728 = ORIENTED_EDGE('',*,*,#1890,.T.);
#2729 = PLANE('',#2730);
#2730 = AXIS2_PLACEMENT_3D('',#2731,#2732,#2733);
#2731 = CARTESIAN_POINT('',(25.,3.,10.6));
#2732 = DIRECTION('',(0.,0.,1.));
#2733 = DIRECTION('',(1.,0.,0.));
#2734 = ADVANCED_FACE('',(#2735),#2740,.T.);
#2735 = FACE_BOUND('',#2736,.T.);
#2736 = EDGE_LOOP('',(#2737,#2738,#2739));
#2737 = ORIENTED_EDGE('',*,*,#2098,.T.);
#2738 = ORIENTED_EDGE('',*,*,#2107,.T.);
#2739 = ORIENTED_EDGE('',*,*,#2072,.F.);
#2740 = PLANE('',#2741);
#2741 = AXIS2_PLACEMENT_3D('',#2742,#2743,#2744);
#2742 = CARTESIAN_POINT('',(25.,77.,10.6));
#2743 = DIRECTION('',(0.,0.,1.));
#2744 = DIRECTION('',(1.,0.,0.));
#2745 = ADVANCED_FACE('',(#2746),#2757,.F.);
#2746 = FACE_BOUND('',#2747,.T.);
#2747 = EDGE_LOOP('',(#2748,#2754,#2755,#2756));
#2748 = ORIENTED_EDGE('',*,*,#2749,.F.);
#2749 = EDGE_CURVE('',#2338,#2161,#2750,.T.);
#2750 = LINE('',#2751,#2752);
#2751 = CARTESIAN_POINT('',(42.449,81.,3.75));
#2752 = VECTOR('',#2753,1.);
#2753 = DIRECTION('',(0.,-1.,-2.22044604925E-16));
#2754 = ORIENTED_EDGE('',*,*,#2345,.F.);
#2755 = ORIENTED_EDGE('',*,*,#2489,.T.);
#2756 = ORIENTED_EDGE('',*,*,#2168,.T.);
#2757 = CYLINDRICAL_SURFACE('',#2758,1.);
#2758 = AXIS2_PLACEMENT_3D('',#2759,#2760,#2761);
#2759 = CARTESIAN_POINT('',(41.449,81.,3.75));
#2760 = DIRECTION('',(-0.,1.,2.22044604925E-16));
#2761 = DIRECTION('',(1.,0.,0.));
#2762 = ADVANCED_FACE('',(#2763),#2774,.F.);
#2763 = FACE_BOUND('',#2764,.F.);
#2764 = EDGE_LOOP('',(#2765,#2766,#2767,#2773));
#2765 = ORIENTED_EDGE('',*,*,#2749,.F.);
#2766 = ORIENTED_EDGE('',*,*,#2337,.F.);
#2767 = ORIENTED_EDGE('',*,*,#2768,.T.);
#2768 = EDGE_CURVE('',#2319,#2142,#2769,.T.);
#2769 = LINE('',#2770,#2771);
#2770 = CARTESIAN_POINT('',(42.449,81.,7.25));
#2771 = VECTOR('',#2772,1.);
#2772 = DIRECTION('',(0.,-1.,-2.22044604925E-16));
#2773 = ORIENTED_EDGE('',*,*,#2160,.T.);
#2774 = PLANE('',#2775);
#2775 = AXIS2_PLACEMENT_3D('',#2776,#2777,#2778);
#2776 = CARTESIAN_POINT('',(42.449,81.,3.75));
#2777 = DIRECTION('',(1.,0.,0.));
#2778 = DIRECTION('',(0.,-1.,-2.22044604925E-16));
#2779 = ADVANCED_FACE('',(#2780),#2786,.F.);
#2780 = FACE_BOUND('',#2781,.T.);
#2781 = EDGE_LOOP('',(#2782,#2783,#2784,#2785));
#2782 = ORIENTED_EDGE('',*,*,#2318,.F.);
#2783 = ORIENTED_EDGE('',*,*,#2768,.T.);
#2784 = ORIENTED_EDGE('',*,*,#2141,.T.);
#2785 = ORIENTED_EDGE('',*,*,#2559,.F.);
#2786 = CYLINDRICAL_SURFACE('',#2787,1.);
#2787 = AXIS2_PLACEMENT_3D('',#2788,#2789,#2790);
#2788 = CARTESIAN_POINT('',(41.449,81.,7.25));
#2789 = DIRECTION('',(-0.,1.,2.22044604925E-16));
#2790 = DIRECTION('',(1.,0.,0.));
#2791 = ADVANCED_FACE('',(#2792),#2795,.F.);
#2792 = FACE_BOUND('',#2793,.T.);
#2793 = EDGE_LOOP('',(#2794));
#2794 = ORIENTED_EDGE('',*,*,#2263,.F.);
#2795 = PLANE('',#2796);
#2796 = AXIS2_PLACEMENT_3D('',#2797,#2798,#2799);
#2797 = CARTESIAN_POINT('',(25.,3.,9.2));
#2798 = DIRECTION('',(0.,0.,1.));
#2799 = DIRECTION('',(1.,0.,0.));
#2800 = ADVANCED_FACE('',(#2801),#2804,.F.);
#2801 = FACE_BOUND('',#2802,.T.);
#2802 = EDGE_LOOP('',(#2803));
#2803 = ORIENTED_EDGE('',*,*,#2288,.F.);
#2804 = PLANE('',#2805);
#2805 = AXIS2_PLACEMENT_3D('',#2806,#2807,#2808);
#2806 = CARTESIAN_POINT('',(25.,77.,9.2));
#2807 = DIRECTION('',(0.,0.,1.));
#2808 = DIRECTION('',(1.,0.,0.));
#2809 = ADVANCED_FACE('',(#2810),#2822,.F.);
#2810 = FACE_BOUND('',#2811,.T.);
#2811 = EDGE_LOOP('',(#2812,#2813,#2814,#2815,#2816,#2817,#2818,#2819,
    #2820,#2821));
#2812 = ORIENTED_EDGE('',*,*,#1538,.T.);
#2813 = ORIENTED_EDGE('',*,*,#1957,.T.);
#2814 = ORIENTED_EDGE('',*,*,#1082,.F.);
#2815 = ORIENTED_EDGE('',*,*,#1989,.F.);
#2816 = ORIENTED_EDGE('',*,*,#1998,.F.);
#2817 = ORIENTED_EDGE('',*,*,#1795,.T.);
#2818 = ORIENTED_EDGE('',*,*,#971,.T.);
#2819 = ORIENTED_EDGE('',*,*,#1612,.F.);
#2820 = ORIENTED_EDGE('',*,*,#779,.F.);
#2821 = ORIENTED_EDGE('',*,*,#1547,.T.);
#2822 = CYLINDRICAL_SURFACE('',#2823,3.6);
#2823 = AXIS2_PLACEMENT_3D('',#2824,#2825,#2826);
#2824 = CARTESIAN_POINT('',(12.065,81.,4.4));
#2825 = DIRECTION('',(0.,1.,2.22044604925E-16));
#2826 = DIRECTION('',(1.,0.,0.));
#2827 = ( GEOMETRIC_REPRESENTATION_CONTEXT(3) 
GLOBAL_UNCERTAINTY_ASSIGNED_CONTEXT((#2831)) 
GLOBAL_UNIT_ASSIGNED_CONTEXT((#2828,#2829,#2830)) REPRESENTATION_CONTEXT
('Context #1','3D Context with UNIT and UNCERTAINTY') );
#2828 = ( LENGTH_UNIT() NAMED_UNIT(*) SI_UNIT(.MILLI.,.METRE.) );
#2829 = ( NAMED_UNIT(*) PLANE_ANGLE_UNIT() SI_UNIT($,.RADIAN.) );
#2830 = ( NAMED_UNIT(*) SI_UNIT($,.STERADIAN.) SOLID_ANGLE_UNIT() );
#2831 = UNCERTAINTY_MEASURE_WITH_UNIT(LENGTH_MEASURE(2.E-05),#2828,
  'distance_accuracy_value','confusion accuracy');
#2832 = PRODUCT_RELATED_PRODUCT_CATEGORY('part',$,(#7));
ENDSEC;
END-ISO-10303-21;
