ISO-10303-21;
HEADER;
FILE_DESCRIPTION(('FreeCAD Model'),'2;1');
FILE_NAME('Open CASCADE Shape Model','2026-09-21T10:42:39',('FreeCAD'),(
    'FreeCAD'),'Open CASCADE STEP processor 7.8','FreeCAD','Unknown');
FILE_SCHEMA(('AUTOMOTIVE_DESIGN { 1 0 10303 214 1 1 1 1 }'));
ENDSEC;
DATA;
#1 = APPLICATION_PROTOCOL_DEFINITION('international standard',
  'automotive_design',2000,#2);
#2 = APPLICATION_CONTEXT(
  'core data for automotive mechanical design processes');
#3 = SHAPE_DEFINITION_REPRESENTATION(#4,#10);
#4 = PRODUCT_DEFINITION_SHAPE('','',#5);
#5 = PRODUCT_DEFINITION('design','',#6,#9);
#6 = PRODUCT_DEFINITION_FORMATION('','',#7);
#7 = PRODUCT('Open CASCADE STEP translator 7.8 1',
  'Open CASCADE STEP translator 7.8 1','',(#8));
#8 = PRODUCT_CONTEXT('',#2,'mechanical');
#9 = PRODUCT_DEFINITION_CONTEXT('part definition',#2,'design');
#10 = ADVANCED_BREP_SHAPE_REPRESENTATION('',(#11,#15),#3128);
#11 = AXIS2_PLACEMENT_3D('',#12,#13,#14);
#12 = CARTESIAN_POINT('',(0.,0.,0.));
#13 = DIRECTION('',(0.,0.,1.));
#14 = DIRECTION('',(1.,0.,-0.));
#15 = MANIFOLD_SOLID_BREP('',#16);
#16 = CLOSED_SHELL('',(#17,#59,#90,#124,#173,#204,#302,#327,#372,#397,
    #593,#618,#740,#774,#874,#905,#923,#995,#1036,#1069,#1093,#1123,
    #1157,#1191,#1208,#1226,#1251,#1275,#1287,#1319,#1366,#1394,#1430,
    #1481,#1576,#1681,#1709,#1792,#1809,#1834,#1859,#1877,#1902,#1926,
    #1938,#1962,#1987,#2011,#2036,#2053,#2078,#2164,#2239,#2263,#2280,
    #2297,#2314,#2333,#2350,#2367,#2379,#2436,#2569,#2580,#2601,#2612,
    #2629,#2646,#2658,#2667,#2676,#2698,#2715,#2732,#2749,#2766,#2783,
    #2800,#2812,#2837,#2862,#2887,#2912,#2932,#2952,#2972,#2992,#3017,
    #3042,#3067,#3092,#3101,#3110,#3119));
#17 = ADVANCED_FACE('',(#18),#54,.T.);
#18 = FACE_BOUND('',#19,.F.);
#19 = EDGE_LOOP('',(#20,#30,#39,#47));
#20 = ORIENTED_EDGE('',*,*,#21,.F.);
#21 = EDGE_CURVE('',#22,#24,#26,.T.);
#22 = VERTEX_POINT('',#23);
#23 = CARTESIAN_POINT('',(12.,0.,1.75));
#24 = VERTEX_POINT('',#25);
#25 = CARTESIAN_POINT('',(12.,0.,12.95));
#26 = LINE('',#27,#28);
#27 = CARTESIAN_POINT('',(12.,0.,1.2));
#28 = VECTOR('',#29,1.);
#29 = DIRECTION('',(0.,0.,1.));
#30 = ORIENTED_EDGE('',*,*,#31,.F.);
#31 = EDGE_CURVE('',#32,#22,#34,.T.);
#32 = VERTEX_POINT('',#33);
#33 = CARTESIAN_POINT('',(0.,12.,1.75));
#34 = CIRCLE('',#35,12.);
#35 = AXIS2_PLACEMENT_3D('',#36,#37,#38);
#36 = CARTESIAN_POINT('',(12.,12.,1.75));
#37 = DIRECTION('',(0.,-0.,1.));
#38 = DIRECTION('',(-1.,1.480297366167E-16,0.));
#39 = ORIENTED_EDGE('',*,*,#40,.T.);
#40 = EDGE_CURVE('',#32,#41,#43,.T.);
#41 = VERTEX_POINT('',#42);
#42 = CARTESIAN_POINT('',(0.,12.,12.95));
#43 = LINE('',#44,#45);
#44 = CARTESIAN_POINT('',(0.,12.,1.2));
#45 = VECTOR('',#46,1.);
#46 = DIRECTION('',(0.,0.,1.));
#47 = ORIENTED_EDGE('',*,*,#48,.T.);
#48 = EDGE_CURVE('',#41,#24,#49,.T.);
#49 = CIRCLE('',#50,12.);
#50 = AXIS2_PLACEMENT_3D('',#51,#52,#53);
#51 = CARTESIAN_POINT('',(12.,12.,12.95));
#52 = DIRECTION('',(0.,0.,1.));
#53 = DIRECTION('',(-1.,1.480297366167E-16,0.));
#54 = CYLINDRICAL_SURFACE('',#55,12.);
#55 = AXIS2_PLACEMENT_3D('',#56,#57,#58);
#56 = CARTESIAN_POINT('',(12.,12.,1.2));
#57 = DIRECTION('',(-0.,-0.,-1.));
#58 = DIRECTION('',(1.,0.,0.));
#59 = ADVANCED_FACE('',(#60),#85,.F.);
#60 = FACE_BOUND('',#61,.F.);
#61 = EDGE_LOOP('',(#62,#72,#78,#79));
#62 = ORIENTED_EDGE('',*,*,#63,.F.);
#63 = EDGE_CURVE('',#64,#66,#68,.T.);
#64 = VERTEX_POINT('',#65);
#65 = CARTESIAN_POINT('',(38.,-1.110223024625E-16,1.75));
#66 = VERTEX_POINT('',#67);
#67 = CARTESIAN_POINT('',(38.,-1.110223024625E-16,12.95));
#68 = LINE('',#69,#70);
#69 = CARTESIAN_POINT('',(38.,0.,1.2));
#70 = VECTOR('',#71,1.);
#71 = DIRECTION('',(0.,0.,1.));
#72 = ORIENTED_EDGE('',*,*,#73,.F.);
#73 = EDGE_CURVE('',#22,#64,#74,.T.);
#74 = LINE('',#75,#76);
#75 = CARTESIAN_POINT('',(12.,-1.110223024625E-16,1.75));
#76 = VECTOR('',#77,1.);
#77 = DIRECTION('',(1.,0.,0.));
#78 = ORIENTED_EDGE('',*,*,#21,.T.);
#79 = ORIENTED_EDGE('',*,*,#80,.T.);
#80 = EDGE_CURVE('',#24,#66,#81,.T.);
#81 = LINE('',#82,#83);
#82 = CARTESIAN_POINT('',(12.,-1.110223024625E-16,12.95));
#83 = VECTOR('',#84,1.);
#84 = DIRECTION('',(1.,0.,0.));
#85 = PLANE('',#86);
#86 = AXIS2_PLACEMENT_3D('',#87,#88,#89);
#87 = CARTESIAN_POINT('',(12.,0.,1.2));
#88 = DIRECTION('',(0.,1.,0.));
#89 = DIRECTION('',(0.,0.,1.));
#90 = ADVANCED_FACE('',(#91),#119,.T.);
#91 = FACE_BOUND('',#92,.F.);
#92 = EDGE_LOOP('',(#93,#102,#103,#112));
#93 = ORIENTED_EDGE('',*,*,#94,.F.);
#94 = EDGE_CURVE('',#32,#95,#97,.T.);
#95 = VERTEX_POINT('',#96);
#96 = CARTESIAN_POINT('',(0.55,12.,1.2));
#97 = CIRCLE('',#98,0.55);
#98 = AXIS2_PLACEMENT_3D('',#99,#100,#101);
#99 = CARTESIAN_POINT('',(0.55,12.,1.75));
#100 = DIRECTION('',(-1.480297366167E-16,-1.,-0.));
#101 = DIRECTION('',(-1.,1.480297366167E-16,0.));
#102 = ORIENTED_EDGE('',*,*,#31,.T.);
#103 = ORIENTED_EDGE('',*,*,#104,.T.);
#104 = EDGE_CURVE('',#22,#105,#107,.T.);
#105 = VERTEX_POINT('',#106);
#106 = CARTESIAN_POINT('',(12.,0.55,1.2));
#107 = CIRCLE('',#108,0.55);
#108 = AXIS2_PLACEMENT_3D('',#109,#110,#111);
#109 = CARTESIAN_POINT('',(12.,0.55,1.75));
#110 = DIRECTION('',(1.,-2.092620765741E-16,0.));
#111 = DIRECTION('',(-2.092620765741E-16,-1.,0.));
#112 = ORIENTED_EDGE('',*,*,#113,.F.);
#113 = EDGE_CURVE('',#95,#105,#114,.T.);
#114 = CIRCLE('',#115,11.45);
#115 = AXIS2_PLACEMENT_3D('',#116,#117,#118);
#116 = CARTESIAN_POINT('',(12.,12.,1.2));
#117 = DIRECTION('',(0.,-0.,1.));
#118 = DIRECTION('',(-1.,1.480297366167E-16,0.));
#119 = TOROIDAL_SURFACE('',#120,11.45,0.55);
#120 = AXIS2_PLACEMENT_3D('',#121,#122,#123);
#121 = CARTESIAN_POINT('',(12.,12.,1.75));
#122 = DIRECTION('',(0.,0.,-1.));
#123 = DIRECTION('',(-1.,1.480297366167E-16,0.));
#124 = ADVANCED_FACE('',(#125),#168,.T.);
#125 = FACE_BOUND('',#126,.T.);
#126 = EDGE_LOOP('',(#127,#136,#137,#146,#161));
#127 = ORIENTED_EDGE('',*,*,#128,.F.);
#128 = EDGE_CURVE('',#41,#129,#131,.T.);
#129 = VERTEX_POINT('',#130);
#130 = CARTESIAN_POINT('',(0.55,12.,13.5));
#131 = CIRCLE('',#132,0.55);
#132 = AXIS2_PLACEMENT_3D('',#133,#134,#135);
#133 = CARTESIAN_POINT('',(0.55,12.,12.95));
#134 = DIRECTION('',(1.480297366167E-16,1.,-0.));
#135 = DIRECTION('',(-1.,1.480297366167E-16,0.));
#136 = ORIENTED_EDGE('',*,*,#48,.T.);
#137 = ORIENTED_EDGE('',*,*,#138,.T.);
#138 = EDGE_CURVE('',#24,#139,#141,.T.);
#139 = VERTEX_POINT('',#140);
#140 = CARTESIAN_POINT('',(12.,0.36174356391,13.466778012565));
#141 = CIRCLE('',#142,0.55);
#142 = AXIS2_PLACEMENT_3D('',#143,#144,#145);
#143 = CARTESIAN_POINT('',(12.,0.55,12.95));
#144 = DIRECTION('',(-1.,2.092620765741E-16,0.));
#145 = DIRECTION('',(-2.092620765741E-16,-1.,0.));
#146 = ORIENTED_EDGE('',*,*,#147,.T.);
#147 = EDGE_CURVE('',#139,#148,#150,.T.);
#148 = VERTEX_POINT('',#149);
#149 = CARTESIAN_POINT('',(8.890580070801,0.9802900354,13.5));
#150 = B_SPLINE_CURVE_WITH_KNOTS('',5,(#151,#152,#153,#154,#155,#156,
    #157,#158,#159,#160),.UNSPECIFIED.,.F.,.F.,(6,4,6),(0.,
    0.482656451035,1.),.UNSPECIFIED.);
#151 = CARTESIAN_POINT('',(12.,0.36174356391,13.466778012565));
#152 = CARTESIAN_POINT('',(11.692606619048,0.376191109089,
    13.472041091294));
#153 = CARTESIAN_POINT('',(11.385862497443,0.401735283537,
    13.477077459268));
#154 = CARTESIAN_POINT('',(11.080301306315,0.438332836643,
    13.481759156568));
#155 = CARTESIAN_POINT('',(10.776452910945,0.485901537286,
    13.485956675529));
#156 = CARTESIAN_POINT('',(10.15155804104,0.606937185796,13.493378694239
    ));
#157 = CARTESIAN_POINT('',(9.830844665491,0.682019635538,13.496511403161
    ));
#158 = CARTESIAN_POINT('',(9.513351150758,0.769417454645,13.498774120625
    ));
#159 = CARTESIAN_POINT('',(9.199718414261,0.868928518779,13.5));
#160 = CARTESIAN_POINT('',(8.890580070801,0.9802900354,13.5));
#161 = ORIENTED_EDGE('',*,*,#162,.F.);
#162 = EDGE_CURVE('',#129,#148,#163,.T.);
#163 = CIRCLE('',#164,11.45);
#164 = AXIS2_PLACEMENT_3D('',#165,#166,#167);
#165 = CARTESIAN_POINT('',(12.,12.,13.5));
#166 = DIRECTION('',(0.,0.,1.));
#167 = DIRECTION('',(-1.,1.480297366167E-16,0.));
#168 = TOROIDAL_SURFACE('',#169,11.45,0.55);
#169 = AXIS2_PLACEMENT_3D('',#170,#171,#172);
#170 = CARTESIAN_POINT('',(12.,12.,12.95));
#171 = DIRECTION('',(0.,0.,1.));
#172 = DIRECTION('',(-1.,1.480297366167E-16,0.));
#173 = ADVANCED_FACE('',(#174),#199,.F.);
#174 = FACE_BOUND('',#175,.F.);
#175 = EDGE_LOOP('',(#176,#177,#185,#193));
#176 = ORIENTED_EDGE('',*,*,#40,.F.);
#177 = ORIENTED_EDGE('',*,*,#178,.F.);
#178 = EDGE_CURVE('',#179,#32,#181,.T.);
#179 = VERTEX_POINT('',#180);
#180 = CARTESIAN_POINT('',(0.,68.,1.75));
#181 = LINE('',#182,#183);
#182 = CARTESIAN_POINT('',(-1.110223024625E-16,68.,1.75));
#183 = VECTOR('',#184,1.);
#184 = DIRECTION('',(-0.,-1.,-0.));
#185 = ORIENTED_EDGE('',*,*,#186,.T.);
#186 = EDGE_CURVE('',#179,#187,#189,.T.);
#187 = VERTEX_POINT('',#188);
#188 = CARTESIAN_POINT('',(0.,68.,12.95));
#189 = LINE('',#190,#191);
#190 = CARTESIAN_POINT('',(0.,68.,1.2));
#191 = VECTOR('',#192,1.);
#192 = DIRECTION('',(0.,0.,1.));
#193 = ORIENTED_EDGE('',*,*,#194,.T.);
#194 = EDGE_CURVE('',#187,#41,#195,.T.);
#195 = LINE('',#196,#197);
#196 = CARTESIAN_POINT('',(-1.110223024625E-16,68.,12.95));
#197 = VECTOR('',#198,1.);
#198 = DIRECTION('',(-0.,-1.,-0.));
#199 = PLANE('',#200);
#200 = AXIS2_PLACEMENT_3D('',#201,#202,#203);
#201 = CARTESIAN_POINT('',(0.,12.,1.2));
#202 = DIRECTION('',(1.,0.,0.));
#203 = DIRECTION('',(0.,0.,1.));
#204 = ADVANCED_FACE('',(#205),#297,.T.);
#205 = FACE_BOUND('',#206,.F.);
#206 = EDGE_LOOP('',(#207,#216,#224,#233,#247,#255,#272,#281,#289,#296)
  );
#207 = ORIENTED_EDGE('',*,*,#208,.T.);
#208 = EDGE_CURVE('',#66,#209,#211,.T.);
#209 = VERTEX_POINT('',#210);
#210 = CARTESIAN_POINT('',(50.,12.,12.95));
#211 = CIRCLE('',#212,12.);
#212 = AXIS2_PLACEMENT_3D('',#213,#214,#215);
#213 = CARTESIAN_POINT('',(38.,12.,12.95));
#214 = DIRECTION('',(-0.,0.,1.));
#215 = DIRECTION('',(0.,-1.,0.));
#216 = ORIENTED_EDGE('',*,*,#217,.F.);
#217 = EDGE_CURVE('',#218,#209,#220,.T.);
#218 = VERTEX_POINT('',#219);
#219 = CARTESIAN_POINT('',(50.,12.,7.35));
#220 = LINE('',#221,#222);
#221 = CARTESIAN_POINT('',(50.,12.,1.2));
#222 = VECTOR('',#223,1.);
#223 = DIRECTION('',(0.,0.,1.));
#224 = ORIENTED_EDGE('',*,*,#225,.T.);
#225 = EDGE_CURVE('',#218,#226,#228,.T.);
#226 = VERTEX_POINT('',#227);
#227 = CARTESIAN_POINT('',(49.80582483353,9.85,7.35));
#228 = CIRCLE('',#229,12.);
#229 = AXIS2_PLACEMENT_3D('',#230,#231,#232);
#230 = CARTESIAN_POINT('',(38.,12.,7.35));
#231 = DIRECTION('',(0.,0.,-1.));
#232 = DIRECTION('',(1.,0.,0.));
#233 = ORIENTED_EDGE('',*,*,#234,.T.);
#234 = EDGE_CURVE('',#226,#235,#237,.T.);
#235 = VERTEX_POINT('',#236);
#236 = CARTESIAN_POINT('',(49.703738718888,9.35,6.85));
#237 = B_SPLINE_CURVE_WITH_KNOTS('',8,(#238,#239,#240,#241,#242,#243,
    #244,#245,#246),.UNSPECIFIED.,.F.,.F.,(9,9),(0.,1.),
  .PIECEWISE_BEZIER_KNOTS.);
#238 = CARTESIAN_POINT('',(49.80582483353,9.85,7.35));
#239 = CARTESIAN_POINT('',(49.786835963789,9.745730572115,7.35));
#240 = CARTESIAN_POINT('',(49.767262273287,9.644221321342,7.325148661567
    ));
#241 = CARTESIAN_POINT('',(49.7482891057,9.551461349607,7.277754636329)
  );
#242 = CARTESIAN_POINT('',(49.731247921595,9.472361459875,7.211088060333
    ));
#243 = CARTESIAN_POINT('',(49.717540775479,9.410958990984,7.129523948978
    ));
#244 = CARTESIAN_POINT('',(49.708225411305,9.369815051071,7.038246648456
    ));
#245 = CARTESIAN_POINT('',(49.703738718888,9.35,6.943108734391));
#246 = CARTESIAN_POINT('',(49.703738718888,9.35,6.85));
#247 = ORIENTED_EDGE('',*,*,#248,.T.);
#248 = EDGE_CURVE('',#235,#249,#251,.T.);
#249 = VERTEX_POINT('',#250);
#250 = CARTESIAN_POINT('',(49.703738718888,9.35,5.45));
#251 = LINE('',#252,#253);
#252 = CARTESIAN_POINT('',(49.703738718888,9.35,1.2));
#253 = VECTOR('',#254,1.);
#254 = DIRECTION('',(-0.,-0.,-1.));
#255 = ORIENTED_EDGE('',*,*,#256,.T.);
#256 = EDGE_CURVE('',#249,#257,#259,.T.);
#257 = VERTEX_POINT('',#258);
#258 = CARTESIAN_POINT('',(49.80582483353,9.85,4.95));
#259 = B_SPLINE_CURVE_WITH_KNOTS('',6,(#260,#261,#262,#263,#264,#265,
    #266,#267,#268,#269,#270,#271),.UNSPECIFIED.,.F.,.F.,(7,5,7),(0.,
    0.553957501232,1.),.UNSPECIFIED.);
#260 = CARTESIAN_POINT('',(49.703738718888,9.35,5.45));
#261 = CARTESIAN_POINT('',(49.703738718888,9.35,5.380497305267));
#262 = CARTESIAN_POINT('',(49.706363682822,9.361593280947,5.310852298703
    ));
#263 = CARTESIAN_POINT('',(49.711634280077,9.384870353055,5.243259930971
    ));
#264 = CARTESIAN_POINT('',(49.719382249495,9.419490609194,5.179944747472
    ));
#265 = CARTESIAN_POINT('',(49.729256916552,9.464719092824,5.123102858324
    ));
#266 = CARTESIAN_POINT('',(49.750091446277,9.563327694373,5.036167681831
    ));
#267 = CARTESIAN_POINT('',(49.760481191929,9.613479757381,5.002953204331
    ));
#268 = CARTESIAN_POINT('',(49.771647834137,9.668794627356,4.9768555009)
  );
#269 = CARTESIAN_POINT('',(49.783176415411,9.727796025643,4.958992950944
    ));
#270 = CARTESIAN_POINT('',(49.794677206716,9.788787474663,4.95));
#271 = CARTESIAN_POINT('',(49.80582483353,9.85,4.95));
#272 = ORIENTED_EDGE('',*,*,#273,.F.);
#273 = EDGE_CURVE('',#274,#257,#276,.T.);
#274 = VERTEX_POINT('',#275);
#275 = CARTESIAN_POINT('',(50.,12.,4.95));
#276 = CIRCLE('',#277,12.);
#277 = AXIS2_PLACEMENT_3D('',#278,#279,#280);
#278 = CARTESIAN_POINT('',(38.,12.,4.95));
#279 = DIRECTION('',(0.,0.,-1.));
#280 = DIRECTION('',(1.,0.,0.));
#281 = ORIENTED_EDGE('',*,*,#282,.F.);
#282 = EDGE_CURVE('',#283,#274,#285,.T.);
#283 = VERTEX_POINT('',#284);
#284 = CARTESIAN_POINT('',(50.,12.,1.75));
#285 = LINE('',#286,#287);
#286 = CARTESIAN_POINT('',(50.,12.,1.2));
#287 = VECTOR('',#288,1.);
#288 = DIRECTION('',(0.,0.,1.));
#289 = ORIENTED_EDGE('',*,*,#290,.F.);
#290 = EDGE_CURVE('',#64,#283,#291,.T.);
#291 = CIRCLE('',#292,12.);
#292 = AXIS2_PLACEMENT_3D('',#293,#294,#295);
#293 = CARTESIAN_POINT('',(38.,12.,1.75));
#294 = DIRECTION('',(-0.,0.,1.));
#295 = DIRECTION('',(0.,-1.,0.));
#296 = ORIENTED_EDGE('',*,*,#63,.T.);
#297 = CYLINDRICAL_SURFACE('',#298,12.);
#298 = AXIS2_PLACEMENT_3D('',#299,#300,#301);
#299 = CARTESIAN_POINT('',(38.,12.,1.2));
#300 = DIRECTION('',(-0.,-0.,-1.));
#301 = DIRECTION('',(1.,0.,0.));
#302 = ADVANCED_FACE('',(#303),#322,.T.);
#303 = FACE_BOUND('',#304,.T.);
#304 = EDGE_LOOP('',(#305,#306,#314,#321));
#305 = ORIENTED_EDGE('',*,*,#104,.T.);
#306 = ORIENTED_EDGE('',*,*,#307,.T.);
#307 = EDGE_CURVE('',#105,#308,#310,.T.);
#308 = VERTEX_POINT('',#309);
#309 = CARTESIAN_POINT('',(38.,0.55,1.2));
#310 = LINE('',#311,#312);
#311 = CARTESIAN_POINT('',(12.,0.55,1.2));
#312 = VECTOR('',#313,1.);
#313 = DIRECTION('',(1.,0.,0.));
#314 = ORIENTED_EDGE('',*,*,#315,.F.);
#315 = EDGE_CURVE('',#64,#308,#316,.T.);
#316 = CIRCLE('',#317,0.55);
#317 = AXIS2_PLACEMENT_3D('',#318,#319,#320);
#318 = CARTESIAN_POINT('',(38.,0.55,1.75));
#319 = DIRECTION('',(1.,0.,0.));
#320 = DIRECTION('',(0.,-1.,0.));
#321 = ORIENTED_EDGE('',*,*,#73,.F.);
#322 = CYLINDRICAL_SURFACE('',#323,0.55);
#323 = AXIS2_PLACEMENT_3D('',#324,#325,#326);
#324 = CARTESIAN_POINT('',(12.,0.55,1.75));
#325 = DIRECTION('',(1.,0.,0.));
#326 = DIRECTION('',(0.,-1.,0.));
#327 = ADVANCED_FACE('',(#328),#367,.T.);
#328 = FACE_BOUND('',#329,.F.);
#329 = EDGE_LOOP('',(#330,#331,#332,#342,#350,#360));
#330 = ORIENTED_EDGE('',*,*,#80,.F.);
#331 = ORIENTED_EDGE('',*,*,#138,.T.);
#332 = ORIENTED_EDGE('',*,*,#333,.T.);
#333 = EDGE_CURVE('',#139,#334,#336,.T.);
#334 = VERTEX_POINT('',#335);
#335 = CARTESIAN_POINT('',(12.5,0.35,13.462347538298));
#336 = B_SPLINE_CURVE_WITH_KNOTS('',4,(#337,#338,#339,#340,#341),
  .UNSPECIFIED.,.F.,.F.,(5,5),(0.,1.),.PIECEWISE_BEZIER_KNOTS.);
#337 = CARTESIAN_POINT('',(11.999803312182,0.361752810096,
    13.466781380753));
#338 = CARTESIAN_POINT('',(12.124618627916,0.35588415463,13.464643614299
    ));
#339 = CARTESIAN_POINT('',(12.249679725251,0.351961159864,
    13.463113476495));
#340 = CARTESIAN_POINT('',(12.374829386,0.35,13.462347538298));
#341 = CARTESIAN_POINT('',(12.5,0.35,13.462347538298));
#342 = ORIENTED_EDGE('',*,*,#343,.T.);
#343 = EDGE_CURVE('',#334,#344,#346,.T.);
#344 = VERTEX_POINT('',#345);
#345 = CARTESIAN_POINT('',(37.5,0.35,13.462347538298));
#346 = LINE('',#347,#348);
#347 = CARTESIAN_POINT('',(12.,0.35,13.462347538298));
#348 = VECTOR('',#349,1.);
#349 = DIRECTION('',(1.,0.,0.));
#350 = ORIENTED_EDGE('',*,*,#351,.T.);
#351 = EDGE_CURVE('',#344,#352,#354,.T.);
#352 = VERTEX_POINT('',#353);
#353 = CARTESIAN_POINT('',(38.,0.36174356391,13.466778012565));
#354 = B_SPLINE_CURVE_WITH_KNOTS('',4,(#355,#356,#357,#358,#359),
  .UNSPECIFIED.,.F.,.F.,(5,5),(0.,1.),.PIECEWISE_BEZIER_KNOTS.);
#355 = CARTESIAN_POINT('',(37.5,0.35,13.462347538298));
#356 = CARTESIAN_POINT('',(37.62517120017,0.35,13.462347538298));
#357 = CARTESIAN_POINT('',(37.750320330623,0.351961166968,
    13.463113488653));
#358 = CARTESIAN_POINT('',(37.875381050288,0.3558841395,13.464643608788)
  );
#359 = CARTESIAN_POINT('',(38.000196687818,0.361752810096,
    13.466781380753));
#360 = ORIENTED_EDGE('',*,*,#361,.F.);
#361 = EDGE_CURVE('',#66,#352,#362,.T.);
#362 = CIRCLE('',#363,0.55);
#363 = AXIS2_PLACEMENT_3D('',#364,#365,#366);
#364 = CARTESIAN_POINT('',(38.,0.55,12.95));
#365 = DIRECTION('',(-1.,0.,0.));
#366 = DIRECTION('',(0.,-1.,0.));
#367 = CYLINDRICAL_SURFACE('',#368,0.55);
#368 = AXIS2_PLACEMENT_3D('',#369,#370,#371);
#369 = CARTESIAN_POINT('',(12.,0.55,12.95));
#370 = DIRECTION('',(1.,0.,0.));
#371 = DIRECTION('',(0.,-1.,0.));
#372 = ADVANCED_FACE('',(#373),#392,.T.);
#373 = FACE_BOUND('',#374,.T.);
#374 = EDGE_LOOP('',(#375,#384,#390,#391));
#375 = ORIENTED_EDGE('',*,*,#376,.T.);
#376 = EDGE_CURVE('',#179,#377,#379,.T.);
#377 = VERTEX_POINT('',#378);
#378 = CARTESIAN_POINT('',(0.55,68.,1.2));
#379 = CIRCLE('',#380,0.55);
#380 = AXIS2_PLACEMENT_3D('',#381,#382,#383);
#381 = CARTESIAN_POINT('',(0.55,68.,1.75));
#382 = DIRECTION('',(-6.123233995737E-17,-1.,-0.));
#383 = DIRECTION('',(-1.,6.123233995737E-17,0.));
#384 = ORIENTED_EDGE('',*,*,#385,.T.);
#385 = EDGE_CURVE('',#377,#95,#386,.T.);
#386 = LINE('',#387,#388);
#387 = CARTESIAN_POINT('',(0.55,68.,1.2));
#388 = VECTOR('',#389,1.);
#389 = DIRECTION('',(-0.,-1.,-0.));
#390 = ORIENTED_EDGE('',*,*,#94,.F.);
#391 = ORIENTED_EDGE('',*,*,#178,.F.);
#392 = CYLINDRICAL_SURFACE('',#393,0.55);
#393 = AXIS2_PLACEMENT_3D('',#394,#395,#396);
#394 = CARTESIAN_POINT('',(0.55,68.,1.75));
#395 = DIRECTION('',(-0.,-1.,-0.));
#396 = DIRECTION('',(-1.,0.,0.));
#397 = ADVANCED_FACE('',(#398,#444,#566,#577),#588,.T.);
#398 = FACE_BOUND('',#399,.T.);
#399 = EDGE_LOOP('',(#400,#401,#402,#411,#419,#428,#436,#443));
#400 = ORIENTED_EDGE('',*,*,#113,.F.);
#401 = ORIENTED_EDGE('',*,*,#385,.F.);
#402 = ORIENTED_EDGE('',*,*,#403,.F.);
#403 = EDGE_CURVE('',#404,#377,#406,.T.);
#404 = VERTEX_POINT('',#405);
#405 = CARTESIAN_POINT('',(12.,79.45,1.2));
#406 = CIRCLE('',#407,11.45);
#407 = AXIS2_PLACEMENT_3D('',#408,#409,#410);
#408 = CARTESIAN_POINT('',(12.,68.,1.2));
#409 = DIRECTION('',(0.,-0.,1.));
#410 = DIRECTION('',(0.,1.,0.));
#411 = ORIENTED_EDGE('',*,*,#412,.F.);
#412 = EDGE_CURVE('',#413,#404,#415,.T.);
#413 = VERTEX_POINT('',#414);
#414 = CARTESIAN_POINT('',(38.,79.45,1.2));
#415 = LINE('',#416,#417);
#416 = CARTESIAN_POINT('',(38.,79.45,1.2));
#417 = VECTOR('',#418,1.);
#418 = DIRECTION('',(-1.,-0.,-0.));
#419 = ORIENTED_EDGE('',*,*,#420,.F.);
#420 = EDGE_CURVE('',#421,#413,#423,.T.);
#421 = VERTEX_POINT('',#422);
#422 = CARTESIAN_POINT('',(49.45,68.,1.2));
#423 = CIRCLE('',#424,11.45);
#424 = AXIS2_PLACEMENT_3D('',#425,#426,#427);
#425 = CARTESIAN_POINT('',(38.,68.,1.2));
#426 = DIRECTION('',(0.,0.,1.));
#427 = DIRECTION('',(1.,0.,0.));
#428 = ORIENTED_EDGE('',*,*,#429,.F.);
#429 = EDGE_CURVE('',#430,#421,#432,.T.);
#430 = VERTEX_POINT('',#431);
#431 = CARTESIAN_POINT('',(49.45,12.,1.2));
#432 = LINE('',#433,#434);
#433 = CARTESIAN_POINT('',(49.45,12.,1.2));
#434 = VECTOR('',#435,1.);
#435 = DIRECTION('',(0.,1.,0.));
#436 = ORIENTED_EDGE('',*,*,#437,.F.);
#437 = EDGE_CURVE('',#308,#430,#438,.T.);
#438 = CIRCLE('',#439,11.45);
#439 = AXIS2_PLACEMENT_3D('',#440,#441,#442);
#440 = CARTESIAN_POINT('',(38.,12.,1.2));
#441 = DIRECTION('',(-0.,0.,1.));
#442 = DIRECTION('',(0.,-1.,0.));
#443 = ORIENTED_EDGE('',*,*,#307,.F.);
#444 = FACE_BOUND('',#445,.T.);
#445 = EDGE_LOOP('',(#446,#457,#465,#474,#483,#491,#500,#508,#517,#525,
    #534,#543,#551,#560));
#446 = ORIENTED_EDGE('',*,*,#447,.F.);
#447 = EDGE_CURVE('',#448,#450,#452,.T.);
#448 = VERTEX_POINT('',#449);
#449 = CARTESIAN_POINT('',(12.,1.2,1.2));
#450 = VERTEX_POINT('',#451);
#451 = CARTESIAN_POINT('',(1.2,12.,1.2));
#452 = CIRCLE('',#453,10.8);
#453 = AXIS2_PLACEMENT_3D('',#454,#455,#456);
#454 = CARTESIAN_POINT('',(12.,12.,1.2));
#455 = DIRECTION('',(0.,0.,-1.));
#456 = DIRECTION('',(1.,0.,0.));
#457 = ORIENTED_EDGE('',*,*,#458,.T.);
#458 = EDGE_CURVE('',#448,#459,#461,.T.);
#459 = VERTEX_POINT('',#460);
#460 = CARTESIAN_POINT('',(23.412549213361,1.2,1.2));
#461 = LINE('',#462,#463);
#462 = CARTESIAN_POINT('',(18.5,1.2,1.2));
#463 = VECTOR('',#464,1.);
#464 = DIRECTION('',(1.,0.,0.));
#465 = ORIENTED_EDGE('',*,*,#466,.F.);
#466 = EDGE_CURVE('',#467,#459,#469,.T.);
#467 = VERTEX_POINT('',#468);
#468 = CARTESIAN_POINT('',(27.4,3.,1.2));
#469 = CIRCLE('',#470,2.4);
#470 = AXIS2_PLACEMENT_3D('',#471,#472,#473);
#471 = CARTESIAN_POINT('',(25.,3.,1.2));
#472 = DIRECTION('',(0.,0.,1.));
#473 = DIRECTION('',(1.,0.,0.));
#474 = ORIENTED_EDGE('',*,*,#475,.F.);
#475 = EDGE_CURVE('',#476,#467,#478,.T.);
#476 = VERTEX_POINT('',#477);
#477 = CARTESIAN_POINT('',(26.587450786639,1.2,1.2));
#478 = CIRCLE('',#479,2.4);
#479 = AXIS2_PLACEMENT_3D('',#480,#481,#482);
#480 = CARTESIAN_POINT('',(25.,3.,1.2));
#481 = DIRECTION('',(0.,0.,1.));
#482 = DIRECTION('',(1.,0.,0.));
#483 = ORIENTED_EDGE('',*,*,#484,.T.);
#484 = EDGE_CURVE('',#476,#485,#487,.T.);
#485 = VERTEX_POINT('',#486);
#486 = CARTESIAN_POINT('',(38.,1.2,1.2));
#487 = LINE('',#488,#489);
#488 = CARTESIAN_POINT('',(18.5,1.2,1.2));
#489 = VECTOR('',#490,1.);
#490 = DIRECTION('',(1.,0.,0.));
#491 = ORIENTED_EDGE('',*,*,#492,.F.);
#492 = EDGE_CURVE('',#493,#485,#495,.T.);
#493 = VERTEX_POINT('',#494);
#494 = CARTESIAN_POINT('',(48.8,12.,1.2));
#495 = CIRCLE('',#496,10.8);
#496 = AXIS2_PLACEMENT_3D('',#497,#498,#499);
#497 = CARTESIAN_POINT('',(38.,12.,1.2));
#498 = DIRECTION('',(0.,0.,-1.));
#499 = DIRECTION('',(1.,0.,0.));
#500 = ORIENTED_EDGE('',*,*,#501,.F.);
#501 = EDGE_CURVE('',#502,#493,#504,.T.);
#502 = VERTEX_POINT('',#503);
#503 = CARTESIAN_POINT('',(48.8,68.,1.2));
#504 = LINE('',#505,#506);
#505 = CARTESIAN_POINT('',(48.8,26.,1.2));
#506 = VECTOR('',#507,1.);
#507 = DIRECTION('',(0.,-1.,0.));
#508 = ORIENTED_EDGE('',*,*,#509,.F.);
#509 = EDGE_CURVE('',#510,#502,#512,.T.);
#510 = VERTEX_POINT('',#511);
#511 = CARTESIAN_POINT('',(38.,78.8,1.2));
#512 = CIRCLE('',#513,10.8);
#513 = AXIS2_PLACEMENT_3D('',#514,#515,#516);
#514 = CARTESIAN_POINT('',(38.,68.,1.2));
#515 = DIRECTION('',(0.,0.,-1.));
#516 = DIRECTION('',(1.,0.,0.));
#517 = ORIENTED_EDGE('',*,*,#518,.F.);
#518 = EDGE_CURVE('',#519,#510,#521,.T.);
#519 = VERTEX_POINT('',#520);
#520 = CARTESIAN_POINT('',(26.587450786639,78.8,1.2));
#521 = LINE('',#522,#523);
#522 = CARTESIAN_POINT('',(18.5,78.8,1.2));
#523 = VECTOR('',#524,1.);
#524 = DIRECTION('',(1.,0.,0.));
#525 = ORIENTED_EDGE('',*,*,#526,.F.);
#526 = EDGE_CURVE('',#527,#519,#529,.T.);
#527 = VERTEX_POINT('',#528);
#528 = CARTESIAN_POINT('',(27.4,77.,1.2));
#529 = CIRCLE('',#530,2.4);
#530 = AXIS2_PLACEMENT_3D('',#531,#532,#533);
#531 = CARTESIAN_POINT('',(25.,77.,1.2));
#532 = DIRECTION('',(0.,0.,1.));
#533 = DIRECTION('',(1.,0.,0.));
#534 = ORIENTED_EDGE('',*,*,#535,.F.);
#535 = EDGE_CURVE('',#536,#527,#538,.T.);
#536 = VERTEX_POINT('',#537);
#537 = CARTESIAN_POINT('',(23.412549213361,78.8,1.2));
#538 = CIRCLE('',#539,2.4);
#539 = AXIS2_PLACEMENT_3D('',#540,#541,#542);
#540 = CARTESIAN_POINT('',(25.,77.,1.2));
#541 = DIRECTION('',(0.,0.,1.));
#542 = DIRECTION('',(1.,0.,0.));
#543 = ORIENTED_EDGE('',*,*,#544,.F.);
#544 = EDGE_CURVE('',#545,#536,#547,.T.);
#545 = VERTEX_POINT('',#546);
#546 = CARTESIAN_POINT('',(12.,78.8,1.2));
#547 = LINE('',#548,#549);
#548 = CARTESIAN_POINT('',(18.5,78.8,1.2));
#549 = VECTOR('',#550,1.);
#550 = DIRECTION('',(1.,0.,0.));
#551 = ORIENTED_EDGE('',*,*,#552,.F.);
#552 = EDGE_CURVE('',#553,#545,#555,.T.);
#553 = VERTEX_POINT('',#554);
#554 = CARTESIAN_POINT('',(1.2,68.,1.2));
#555 = CIRCLE('',#556,10.8);
#556 = AXIS2_PLACEMENT_3D('',#557,#558,#559);
#557 = CARTESIAN_POINT('',(12.,68.,1.2));
#558 = DIRECTION('',(0.,0.,-1.));
#559 = DIRECTION('',(1.,0.,0.));
#560 = ORIENTED_EDGE('',*,*,#561,.T.);
#561 = EDGE_CURVE('',#553,#450,#562,.T.);
#562 = LINE('',#563,#564);
#563 = CARTESIAN_POINT('',(1.2,26.,1.2));
#564 = VECTOR('',#565,1.);
#565 = DIRECTION('',(0.,-1.,0.));
#566 = FACE_BOUND('',#567,.T.);
#567 = EDGE_LOOP('',(#568));
#568 = ORIENTED_EDGE('',*,*,#569,.F.);
#569 = EDGE_CURVE('',#570,#570,#572,.T.);
#570 = VERTEX_POINT('',#571);
#571 = CARTESIAN_POINT('',(25.65,77.,1.2));
#572 = CIRCLE('',#573,0.65);
#573 = AXIS2_PLACEMENT_3D('',#574,#575,#576);
#574 = CARTESIAN_POINT('',(25.,77.,1.2));
#575 = DIRECTION('',(0.,0.,-1.));
#576 = DIRECTION('',(1.,0.,0.));
#577 = FACE_BOUND('',#578,.T.);
#578 = EDGE_LOOP('',(#579));
#579 = ORIENTED_EDGE('',*,*,#580,.F.);
#580 = EDGE_CURVE('',#581,#581,#583,.T.);
#581 = VERTEX_POINT('',#582);
#582 = CARTESIAN_POINT('',(25.65,3.,1.2));
#583 = CIRCLE('',#584,0.65);
#584 = AXIS2_PLACEMENT_3D('',#585,#586,#587);
#585 = CARTESIAN_POINT('',(25.,3.,1.2));
#586 = DIRECTION('',(0.,0.,-1.));
#587 = DIRECTION('',(1.,0.,0.));
#588 = PLANE('',#589);
#589 = AXIS2_PLACEMENT_3D('',#590,#591,#592);
#590 = CARTESIAN_POINT('',(25.,40.,1.2));
#591 = DIRECTION('',(-0.,-0.,-1.));
#592 = DIRECTION('',(-1.,0.,0.));
#593 = ADVANCED_FACE('',(#594),#613,.T.);
#594 = FACE_BOUND('',#595,.F.);
#595 = EDGE_LOOP('',(#596,#605,#611,#612));
#596 = ORIENTED_EDGE('',*,*,#597,.T.);
#597 = EDGE_CURVE('',#187,#598,#600,.T.);
#598 = VERTEX_POINT('',#599);
#599 = CARTESIAN_POINT('',(0.55,68.,13.5));
#600 = CIRCLE('',#601,0.55);
#601 = AXIS2_PLACEMENT_3D('',#602,#603,#604);
#602 = CARTESIAN_POINT('',(0.55,68.,12.95));
#603 = DIRECTION('',(6.123233995737E-17,1.,-0.));
#604 = DIRECTION('',(-1.,6.123233995737E-17,0.));
#605 = ORIENTED_EDGE('',*,*,#606,.T.);
#606 = EDGE_CURVE('',#598,#129,#607,.T.);
#607 = LINE('',#608,#609);
#608 = CARTESIAN_POINT('',(0.55,68.,13.5));
#609 = VECTOR('',#610,1.);
#610 = DIRECTION('',(-0.,-1.,-0.));
#611 = ORIENTED_EDGE('',*,*,#128,.F.);
#612 = ORIENTED_EDGE('',*,*,#194,.F.);
#613 = CYLINDRICAL_SURFACE('',#614,0.55);
#614 = AXIS2_PLACEMENT_3D('',#615,#616,#617);
#615 = CARTESIAN_POINT('',(0.55,68.,12.95));
#616 = DIRECTION('',(-0.,-1.,-0.));
#617 = DIRECTION('',(-1.,0.,0.));
#618 = ADVANCED_FACE('',(#619,#724),#735,.T.);
#619 = FACE_BOUND('',#620,.T.);
#620 = EDGE_LOOP('',(#621,#622,#623,#632,#640,#649,#657,#666,#674,#683,
    #692,#700,#709,#717));
#621 = ORIENTED_EDGE('',*,*,#606,.T.);
#622 = ORIENTED_EDGE('',*,*,#162,.T.);
#623 = ORIENTED_EDGE('',*,*,#624,.T.);
#624 = EDGE_CURVE('',#148,#625,#627,.T.);
#625 = VERTEX_POINT('',#626);
#626 = CARTESIAN_POINT('',(1.85,11.,13.5));
#627 = CIRCLE('',#628,10.65);
#628 = AXIS2_PLACEMENT_3D('',#629,#630,#631);
#629 = CARTESIAN_POINT('',(12.5,11.,13.5));
#630 = DIRECTION('',(0.,0.,-1.));
#631 = DIRECTION('',(1.,0.,0.));
#632 = ORIENTED_EDGE('',*,*,#633,.T.);
#633 = EDGE_CURVE('',#625,#634,#636,.T.);
#634 = VERTEX_POINT('',#635);
#635 = CARTESIAN_POINT('',(1.85,30.,13.5));
#636 = LINE('',#637,#638);
#637 = CARTESIAN_POINT('',(1.85,25.5,13.5));
#638 = VECTOR('',#639,1.);
#639 = DIRECTION('',(0.,1.,0.));
#640 = ORIENTED_EDGE('',*,*,#641,.T.);
#641 = EDGE_CURVE('',#634,#642,#644,.T.);
#642 = VERTEX_POINT('',#643);
#643 = CARTESIAN_POINT('',(12.5,40.65,13.5));
#644 = CIRCLE('',#645,10.65);
#645 = AXIS2_PLACEMENT_3D('',#646,#647,#648);
#646 = CARTESIAN_POINT('',(12.5,30.,13.5));
#647 = DIRECTION('',(0.,0.,-1.));
#648 = DIRECTION('',(1.,0.,0.));
#649 = ORIENTED_EDGE('',*,*,#650,.F.);
#650 = EDGE_CURVE('',#651,#642,#653,.T.);
#651 = VERTEX_POINT('',#652);
#652 = CARTESIAN_POINT('',(37.5,40.65,13.5));
#653 = LINE('',#654,#655);
#654 = CARTESIAN_POINT('',(18.75,40.65,13.5));
#655 = VECTOR('',#656,1.);
#656 = DIRECTION('',(-1.,0.,0.));
#657 = ORIENTED_EDGE('',*,*,#658,.T.);
#658 = EDGE_CURVE('',#651,#659,#661,.T.);
#659 = VERTEX_POINT('',#660);
#660 = CARTESIAN_POINT('',(48.15,30.,13.5));
#661 = CIRCLE('',#662,10.65);
#662 = AXIS2_PLACEMENT_3D('',#663,#664,#665);
#663 = CARTESIAN_POINT('',(37.5,30.,13.5));
#664 = DIRECTION('',(0.,0.,-1.));
#665 = DIRECTION('',(1.,0.,0.));
#666 = ORIENTED_EDGE('',*,*,#667,.F.);
#667 = EDGE_CURVE('',#668,#659,#670,.T.);
#668 = VERTEX_POINT('',#669);
#669 = CARTESIAN_POINT('',(48.15,11.,13.5));
#670 = LINE('',#671,#672);
#671 = CARTESIAN_POINT('',(48.15,25.5,13.5));
#672 = VECTOR('',#673,1.);
#673 = DIRECTION('',(0.,1.,0.));
#674 = ORIENTED_EDGE('',*,*,#675,.T.);
#675 = EDGE_CURVE('',#668,#676,#678,.T.);
#676 = VERTEX_POINT('',#677);
#677 = CARTESIAN_POINT('',(41.109419929199,0.9802900354,13.5));
#678 = CIRCLE('',#679,10.65);
#679 = AXIS2_PLACEMENT_3D('',#680,#681,#682);
#680 = CARTESIAN_POINT('',(37.5,11.,13.5));
#681 = DIRECTION('',(0.,0.,-1.));
#682 = DIRECTION('',(1.,0.,0.));
#683 = ORIENTED_EDGE('',*,*,#684,.T.);
#684 = EDGE_CURVE('',#676,#685,#687,.T.);
#685 = VERTEX_POINT('',#686);
#686 = CARTESIAN_POINT('',(49.45,12.,13.5));
#687 = CIRCLE('',#688,11.45);
#688 = AXIS2_PLACEMENT_3D('',#689,#690,#691);
#689 = CARTESIAN_POINT('',(38.,12.,13.5));
#690 = DIRECTION('',(-0.,0.,1.));
#691 = DIRECTION('',(0.,-1.,0.));
#692 = ORIENTED_EDGE('',*,*,#693,.T.);
#693 = EDGE_CURVE('',#685,#694,#696,.T.);
#694 = VERTEX_POINT('',#695);
#695 = CARTESIAN_POINT('',(49.45,68.,13.5));
#696 = LINE('',#697,#698);
#697 = CARTESIAN_POINT('',(49.45,12.,13.5));
#698 = VECTOR('',#699,1.);
#699 = DIRECTION('',(0.,1.,0.));
#700 = ORIENTED_EDGE('',*,*,#701,.T.);
#701 = EDGE_CURVE('',#694,#702,#704,.T.);
#702 = VERTEX_POINT('',#703);
#703 = CARTESIAN_POINT('',(38.,79.45,13.5));
#704 = CIRCLE('',#705,11.45);
#705 = AXIS2_PLACEMENT_3D('',#706,#707,#708);
#706 = CARTESIAN_POINT('',(38.,68.,13.5));
#707 = DIRECTION('',(0.,0.,1.));
#708 = DIRECTION('',(1.,0.,0.));
#709 = ORIENTED_EDGE('',*,*,#710,.T.);
#710 = EDGE_CURVE('',#702,#711,#713,.T.);
#711 = VERTEX_POINT('',#712);
#712 = CARTESIAN_POINT('',(12.,79.45,13.5));
#713 = LINE('',#714,#715);
#714 = CARTESIAN_POINT('',(38.,79.45,13.5));
#715 = VECTOR('',#716,1.);
#716 = DIRECTION('',(-1.,-0.,-0.));
#717 = ORIENTED_EDGE('',*,*,#718,.T.);
#718 = EDGE_CURVE('',#711,#598,#719,.T.);
#719 = CIRCLE('',#720,11.45);
#720 = AXIS2_PLACEMENT_3D('',#721,#722,#723);
#721 = CARTESIAN_POINT('',(12.,68.,13.5));
#722 = DIRECTION('',(0.,-0.,1.));
#723 = DIRECTION('',(0.,1.,0.));
#724 = FACE_BOUND('',#725,.T.);
#725 = EDGE_LOOP('',(#726));
#726 = ORIENTED_EDGE('',*,*,#727,.T.);
#727 = EDGE_CURVE('',#728,#728,#730,.T.);
#728 = VERTEX_POINT('',#729);
#729 = CARTESIAN_POINT('',(41.7,61.3,13.5));
#730 = CIRCLE('',#731,16.7);
#731 = AXIS2_PLACEMENT_3D('',#732,#733,#734);
#732 = CARTESIAN_POINT('',(25.,61.3,13.5));
#733 = DIRECTION('',(0.,0.,-1.));
#734 = DIRECTION('',(1.,0.,0.));
#735 = PLANE('',#736);
#736 = AXIS2_PLACEMENT_3D('',#737,#738,#739);
#737 = CARTESIAN_POINT('',(25.,40.,13.5));
#738 = DIRECTION('',(0.,0.,1.));
#739 = DIRECTION('',(1.,0.,0.));
#740 = ADVANCED_FACE('',(#741),#769,.F.);
#741 = FACE_BOUND('',#742,.T.);
#742 = EDGE_LOOP('',(#743,#751,#760,#766,#767,#768));
#743 = ORIENTED_EDGE('',*,*,#744,.F.);
#744 = EDGE_CURVE('',#745,#334,#747,.T.);
#745 = VERTEX_POINT('',#746);
#746 = CARTESIAN_POINT('',(12.5,0.35,13.42));
#747 = LINE('',#748,#749);
#748 = CARTESIAN_POINT('',(12.5,0.35,13.42));
#749 = VECTOR('',#750,1.);
#750 = DIRECTION('',(0.,0.,1.));
#751 = ORIENTED_EDGE('',*,*,#752,.F.);
#752 = EDGE_CURVE('',#753,#745,#755,.T.);
#753 = VERTEX_POINT('',#754);
#754 = CARTESIAN_POINT('',(1.85,11.,13.42));
#755 = CIRCLE('',#756,10.65);
#756 = AXIS2_PLACEMENT_3D('',#757,#758,#759);
#757 = CARTESIAN_POINT('',(12.5,11.,13.42));
#758 = DIRECTION('',(0.,0.,1.));
#759 = DIRECTION('',(1.,0.,0.));
#760 = ORIENTED_EDGE('',*,*,#761,.T.);
#761 = EDGE_CURVE('',#753,#625,#762,.T.);
#762 = LINE('',#763,#764);
#763 = CARTESIAN_POINT('',(1.85,11.,13.42));
#764 = VECTOR('',#765,1.);
#765 = DIRECTION('',(0.,0.,1.));
#766 = ORIENTED_EDGE('',*,*,#624,.F.);
#767 = ORIENTED_EDGE('',*,*,#147,.F.);
#768 = ORIENTED_EDGE('',*,*,#333,.T.);
#769 = CYLINDRICAL_SURFACE('',#770,10.65);
#770 = AXIS2_PLACEMENT_3D('',#771,#772,#773);
#771 = CARTESIAN_POINT('',(12.5,11.,13.42));
#772 = DIRECTION('',(-0.,-0.,-1.));
#773 = DIRECTION('',(1.,0.,0.));
#774 = ADVANCED_FACE('',(#775),#869,.T.);
#775 = FACE_BOUND('',#776,.F.);
#776 = EDGE_LOOP('',(#777,#778,#787,#795,#804,#823,#831,#845,#854,#862)
  );
#777 = ORIENTED_EDGE('',*,*,#186,.F.);
#778 = ORIENTED_EDGE('',*,*,#779,.F.);
#779 = EDGE_CURVE('',#780,#179,#782,.T.);
#780 = VERTEX_POINT('',#781);
#781 = CARTESIAN_POINT('',(12.,80.,1.75));
#782 = CIRCLE('',#783,12.);
#783 = AXIS2_PLACEMENT_3D('',#784,#785,#786);
#784 = CARTESIAN_POINT('',(12.,68.,1.75));
#785 = DIRECTION('',(0.,-0.,1.));
#786 = DIRECTION('',(0.,1.,0.));
#787 = ORIENTED_EDGE('',*,*,#788,.T.);
#788 = EDGE_CURVE('',#780,#789,#791,.T.);
#789 = VERTEX_POINT('',#790);
#790 = CARTESIAN_POINT('',(12.,80.,4.05));
#791 = LINE('',#792,#793);
#792 = CARTESIAN_POINT('',(12.,80.,1.2));
#793 = VECTOR('',#794,1.);
#794 = DIRECTION('',(0.,0.,1.));
#795 = ORIENTED_EDGE('',*,*,#796,.F.);
#796 = EDGE_CURVE('',#797,#789,#799,.T.);
#797 = VERTEX_POINT('',#798);
#798 = CARTESIAN_POINT('',(8.551,79.49366777839,4.05));
#799 = CIRCLE('',#800,12.);
#800 = AXIS2_PLACEMENT_3D('',#801,#802,#803);
#801 = CARTESIAN_POINT('',(12.,68.,4.05));
#802 = DIRECTION('',(0.,0.,-1.));
#803 = DIRECTION('',(1.,0.,0.));
#804 = ORIENTED_EDGE('',*,*,#805,.F.);
#805 = EDGE_CURVE('',#806,#797,#808,.T.);
#806 = VERTEX_POINT('',#807);
#807 = CARTESIAN_POINT('',(7.551,79.144792461056,5.05));
#808 = B_SPLINE_CURVE_WITH_KNOTS('',7,(#809,#810,#811,#812,#813,#814,
    #815,#816,#817,#818,#819,#820,#821,#822),.UNSPECIFIED.,.F.,.F.,(8,6,
    8),(0.,0.465065351534,1.),.UNSPECIFIED.);
#809 = CARTESIAN_POINT('',(7.551,79.144792461056,5.05));
#810 = CARTESIAN_POINT('',(7.551,79.144792461056,4.952967098729));
#811 = CARTESIAN_POINT('',(7.561984611377,79.149177560107,4.855903091387
    ));
#812 = CARTESIAN_POINT('',(7.583966614625,79.157952622451,4.759978915603
    ));
#813 = CARTESIAN_POINT('',(7.616922819604,79.171029868438,4.666384993625
    ));
#814 = CARTESIAN_POINT('',(7.660779770116,79.188220609303,4.576366564857
    ));
#815 = CARTESIAN_POINT('',(7.715388273778,79.209234499236,4.491266559065
    ));
#816 = CARTESIAN_POINT('',(7.855365339865,79.261811638032,4.322063352346
    ));
#817 = CARTESIAN_POINT('',(7.944944813502,79.29479430574,4.239036908516)
  );
#818 = CARTESIAN_POINT('',(8.048365372908,79.331849168291,4.16732567253)
  );
#819 = CARTESIAN_POINT('',(8.163679916335,79.371700111711,4.110243761813
    ));
#820 = CARTESIAN_POINT('',(8.288168342447,79.412855576063,4.070477414319
    ));
#821 = CARTESIAN_POINT('',(8.418515361426,79.453912016587,4.05));
#822 = CARTESIAN_POINT('',(8.551,79.49366777839,4.05));
#823 = ORIENTED_EDGE('',*,*,#824,.F.);
#824 = EDGE_CURVE('',#825,#806,#827,.T.);
#825 = VERTEX_POINT('',#826);
#826 = CARTESIAN_POINT('',(7.551,79.144792461056,8.55));
#827 = LINE('',#828,#829);
#828 = CARTESIAN_POINT('',(7.551,79.144792461056,1.2));
#829 = VECTOR('',#830,1.);
#830 = DIRECTION('',(-0.,-0.,-1.));
#831 = ORIENTED_EDGE('',*,*,#832,.F.);
#832 = EDGE_CURVE('',#833,#825,#835,.T.);
#833 = VERTEX_POINT('',#834);
#834 = CARTESIAN_POINT('',(8.551,79.49366777839,9.55));
#835 = B_SPLINE_CURVE_WITH_KNOTS('',8,(#836,#837,#838,#839,#840,#841,
    #842,#843,#844),.UNSPECIFIED.,.F.,.F.,(9,9),(0.,1.),
  .PIECEWISE_BEZIER_KNOTS.);
#836 = CARTESIAN_POINT('',(8.551,79.49366777839,9.55));
#837 = CARTESIAN_POINT('',(8.331119138369,79.427686308733,9.55));
#838 = CARTESIAN_POINT('',(8.122193407131,79.359751584387,9.494746528433
    ));
#839 = CARTESIAN_POINT('',(7.936769575207,79.294425053092,9.39386574519)
  );
#840 = CARTESIAN_POINT('',(7.782752167897,79.236504817093,9.256931399929
    ));
#841 = CARTESIAN_POINT('',(7.665658677071,79.190561905557,9.093962047873
    ));
#842 = CARTESIAN_POINT('',(7.58826404012,79.15966873407,8.915110113367)
  );
#843 = CARTESIAN_POINT('',(7.551,79.144792461056,8.730572115333));
#844 = CARTESIAN_POINT('',(7.551,79.144792461056,8.55));
#845 = ORIENTED_EDGE('',*,*,#846,.T.);
#846 = EDGE_CURVE('',#833,#847,#849,.T.);
#847 = VERTEX_POINT('',#848);
#848 = CARTESIAN_POINT('',(12.,80.,9.55));
#849 = CIRCLE('',#850,12.);
#850 = AXIS2_PLACEMENT_3D('',#851,#852,#853);
#851 = CARTESIAN_POINT('',(12.,68.,9.55));
#852 = DIRECTION('',(0.,0.,-1.));
#853 = DIRECTION('',(1.,0.,0.));
#854 = ORIENTED_EDGE('',*,*,#855,.T.);
#855 = EDGE_CURVE('',#847,#856,#858,.T.);
#856 = VERTEX_POINT('',#857);
#857 = CARTESIAN_POINT('',(12.,80.,12.95));
#858 = LINE('',#859,#860);
#859 = CARTESIAN_POINT('',(12.,80.,1.2));
#860 = VECTOR('',#861,1.);
#861 = DIRECTION('',(0.,0.,1.));
#862 = ORIENTED_EDGE('',*,*,#863,.T.);
#863 = EDGE_CURVE('',#856,#187,#864,.T.);
#864 = CIRCLE('',#865,12.);
#865 = AXIS2_PLACEMENT_3D('',#866,#867,#868);
#866 = CARTESIAN_POINT('',(12.,68.,12.95));
#867 = DIRECTION('',(0.,-0.,1.));
#868 = DIRECTION('',(0.,1.,0.));
#869 = CYLINDRICAL_SURFACE('',#870,12.);
#870 = AXIS2_PLACEMENT_3D('',#871,#872,#873);
#871 = CARTESIAN_POINT('',(12.,68.,1.2));
#872 = DIRECTION('',(-0.,-0.,-1.));
#873 = DIRECTION('',(1.,0.,0.));
#874 = ADVANCED_FACE('',(#875),#900,.T.);
#875 = FACE_BOUND('',#876,.T.);
#876 = EDGE_LOOP('',(#877,#878,#879,#886,#887));
#877 = ORIENTED_EDGE('',*,*,#361,.F.);
#878 = ORIENTED_EDGE('',*,*,#208,.T.);
#879 = ORIENTED_EDGE('',*,*,#880,.T.);
#880 = EDGE_CURVE('',#209,#685,#881,.T.);
#881 = CIRCLE('',#882,0.55);
#882 = AXIS2_PLACEMENT_3D('',#883,#884,#885);
#883 = CARTESIAN_POINT('',(49.45,12.,12.95));
#884 = DIRECTION('',(-6.123233995737E-17,-1.,0.));
#885 = DIRECTION('',(1.,-6.123233995737E-17,0.));
#886 = ORIENTED_EDGE('',*,*,#684,.F.);
#887 = ORIENTED_EDGE('',*,*,#888,.T.);
#888 = EDGE_CURVE('',#676,#352,#889,.T.);
#889 = B_SPLINE_CURVE_WITH_KNOTS('',5,(#890,#891,#892,#893,#894,#895,
    #896,#897,#898,#899),.UNSPECIFIED.,.F.,.F.,(6,4,6),(0.,
    0.515581553892,1.),.UNSPECIFIED.);
#890 = CARTESIAN_POINT('',(41.109419929199,0.9802900354,13.5));
#891 = CARTESIAN_POINT('',(40.801334464417,0.869307799346,13.5));
#892 = CARTESIAN_POINT('',(40.488785170368,0.770095431587,
    13.498782455863));
#893 = CARTESIAN_POINT('',(40.172399207357,0.682913049768,
    13.496534488083));
#894 = CARTESIAN_POINT('',(39.852810942059,0.607960920904,
    13.493421310945));
#895 = CARTESIAN_POINT('',(39.227983890948,0.486597036978,
    13.486017934219));
#896 = CARTESIAN_POINT('',(38.923045110348,0.438734089436,
    13.481810414888));
#897 = CARTESIAN_POINT('',(38.616377106582,0.401921934406,
    13.477114225549));
#898 = CARTESIAN_POINT('',(38.308515555389,0.376243851492,
    13.472060304761));
#899 = CARTESIAN_POINT('',(38.,0.36174356391,13.466778012565));
#900 = TOROIDAL_SURFACE('',#901,11.45,0.55);
#901 = AXIS2_PLACEMENT_3D('',#902,#903,#904);
#902 = CARTESIAN_POINT('',(38.,12.,12.95));
#903 = DIRECTION('',(0.,0.,1.));
#904 = DIRECTION('',(0.,-1.,0.));
#905 = ADVANCED_FACE('',(#906),#918,.T.);
#906 = FACE_BOUND('',#907,.F.);
#907 = EDGE_LOOP('',(#908,#909,#910,#917));
#908 = ORIENTED_EDGE('',*,*,#315,.F.);
#909 = ORIENTED_EDGE('',*,*,#290,.T.);
#910 = ORIENTED_EDGE('',*,*,#911,.T.);
#911 = EDGE_CURVE('',#283,#430,#912,.T.);
#912 = CIRCLE('',#913,0.55);
#913 = AXIS2_PLACEMENT_3D('',#914,#915,#916);
#914 = CARTESIAN_POINT('',(49.45,12.,1.75));
#915 = DIRECTION('',(6.123233995737E-17,1.,0.));
#916 = DIRECTION('',(1.,-6.123233995737E-17,0.));
#917 = ORIENTED_EDGE('',*,*,#437,.F.);
#918 = TOROIDAL_SURFACE('',#919,11.45,0.55);
#919 = AXIS2_PLACEMENT_3D('',#920,#921,#922);
#920 = CARTESIAN_POINT('',(38.,12.,1.75));
#921 = DIRECTION('',(0.,0.,-1.));
#922 = DIRECTION('',(0.,-1.,0.));
#923 = ADVANCED_FACE('',(#924),#990,.T.);
#924 = FACE_BOUND('',#925,.T.);
#925 = EDGE_LOOP('',(#926,#927,#935,#943,#949,#950,#958,#967,#975,#984)
  );
#926 = ORIENTED_EDGE('',*,*,#282,.F.);
#927 = ORIENTED_EDGE('',*,*,#928,.T.);
#928 = EDGE_CURVE('',#283,#929,#931,.T.);
#929 = VERTEX_POINT('',#930);
#930 = CARTESIAN_POINT('',(50.,68.,1.75));
#931 = LINE('',#932,#933);
#932 = CARTESIAN_POINT('',(50.,12.,1.75));
#933 = VECTOR('',#934,1.);
#934 = DIRECTION('',(0.,1.,0.));
#935 = ORIENTED_EDGE('',*,*,#936,.T.);
#936 = EDGE_CURVE('',#929,#937,#939,.T.);
#937 = VERTEX_POINT('',#938);
#938 = CARTESIAN_POINT('',(50.,68.,12.95));
#939 = LINE('',#940,#941);
#940 = CARTESIAN_POINT('',(50.,68.,1.2));
#941 = VECTOR('',#942,1.);
#942 = DIRECTION('',(0.,0.,1.));
#943 = ORIENTED_EDGE('',*,*,#944,.F.);
#944 = EDGE_CURVE('',#209,#937,#945,.T.);
#945 = LINE('',#946,#947);
#946 = CARTESIAN_POINT('',(50.,12.,12.95));
#947 = VECTOR('',#948,1.);
#948 = DIRECTION('',(0.,1.,0.));
#949 = ORIENTED_EDGE('',*,*,#217,.F.);
#950 = ORIENTED_EDGE('',*,*,#951,.F.);
#951 = EDGE_CURVE('',#952,#218,#954,.T.);
#952 = VERTEX_POINT('',#953);
#953 = CARTESIAN_POINT('',(50.,24.45,7.35));
#954 = LINE('',#955,#956);
#955 = CARTESIAN_POINT('',(50.,10.925,7.35));
#956 = VECTOR('',#957,1.);
#957 = DIRECTION('',(0.,-1.,0.));
#958 = ORIENTED_EDGE('',*,*,#959,.T.);
#959 = EDGE_CURVE('',#952,#960,#962,.T.);
#960 = VERTEX_POINT('',#961);
#961 = CARTESIAN_POINT('',(50.,24.95,6.85));
#962 = CIRCLE('',#963,0.5);
#963 = AXIS2_PLACEMENT_3D('',#964,#965,#966);
#964 = CARTESIAN_POINT('',(50.,24.45,6.85));
#965 = DIRECTION('',(-1.,0.,0.));
#966 = DIRECTION('',(0.,1.,0.));
#967 = ORIENTED_EDGE('',*,*,#968,.F.);
#968 = EDGE_CURVE('',#969,#960,#971,.T.);
#969 = VERTEX_POINT('',#970);
#970 = CARTESIAN_POINT('',(50.,24.95,5.45));
#971 = LINE('',#972,#973);
#972 = CARTESIAN_POINT('',(50.,24.95,3.325));
#973 = VECTOR('',#974,1.);
#974 = DIRECTION('',(0.,0.,1.));
#975 = ORIENTED_EDGE('',*,*,#976,.T.);
#976 = EDGE_CURVE('',#969,#977,#979,.T.);
#977 = VERTEX_POINT('',#978);
#978 = CARTESIAN_POINT('',(50.,24.45,4.95));
#979 = CIRCLE('',#980,0.5);
#980 = AXIS2_PLACEMENT_3D('',#981,#982,#983);
#981 = CARTESIAN_POINT('',(50.,24.45,5.45));
#982 = DIRECTION('',(-1.,0.,0.));
#983 = DIRECTION('',(0.,1.,0.));
#984 = ORIENTED_EDGE('',*,*,#985,.T.);
#985 = EDGE_CURVE('',#977,#274,#986,.T.);
#986 = LINE('',#987,#988);
#987 = CARTESIAN_POINT('',(50.,10.925,4.95));
#988 = VECTOR('',#989,1.);
#989 = DIRECTION('',(0.,-1.,0.));
#990 = PLANE('',#991);
#991 = AXIS2_PLACEMENT_3D('',#992,#993,#994);
#992 = CARTESIAN_POINT('',(50.,12.,1.2));
#993 = DIRECTION('',(1.,0.,0.));
#994 = DIRECTION('',(0.,0.,1.));
#995 = ADVANCED_FACE('',(#996),#1031,.T.);
#996 = FACE_BOUND('',#997,.T.);
#997 = EDGE_LOOP('',(#998,#1009,#1015,#1016,#1017,#1025));
#998 = ORIENTED_EDGE('',*,*,#999,.T.);
#999 = EDGE_CURVE('',#1000,#1002,#1004,.T.);
#1000 = VERTEX_POINT('',#1001);
#1001 = CARTESIAN_POINT('',(48.8,12.,4.95));
#1002 = VERTEX_POINT('',#1003);
#1003 = CARTESIAN_POINT('',(48.583832009249,9.85,4.95));
#1004 = CIRCLE('',#1005,10.8);
#1005 = AXIS2_PLACEMENT_3D('',#1006,#1007,#1008);
#1006 = CARTESIAN_POINT('',(38.,12.,4.95));
#1007 = DIRECTION('',(0.,0.,-1.));
#1008 = DIRECTION('',(1.,0.,0.));
#1009 = ORIENTED_EDGE('',*,*,#1010,.T.);
#1010 = EDGE_CURVE('',#1002,#257,#1011,.T.);
#1011 = LINE('',#1012,#1013);
#1012 = CARTESIAN_POINT('',(43.,9.85,4.95));
#1013 = VECTOR('',#1014,1.);
#1014 = DIRECTION('',(1.,0.,0.));
#1015 = ORIENTED_EDGE('',*,*,#273,.F.);
#1016 = ORIENTED_EDGE('',*,*,#985,.F.);
#1017 = ORIENTED_EDGE('',*,*,#1018,.F.);
#1018 = EDGE_CURVE('',#1019,#977,#1021,.T.);
#1019 = VERTEX_POINT('',#1020);
#1020 = CARTESIAN_POINT('',(48.8,24.45,4.95));
#1021 = LINE('',#1022,#1023);
#1022 = CARTESIAN_POINT('',(43.,24.45,4.95));
#1023 = VECTOR('',#1024,1.);
#1024 = DIRECTION('',(1.,0.,0.));
#1025 = ORIENTED_EDGE('',*,*,#1026,.T.);
#1026 = EDGE_CURVE('',#1019,#1000,#1027,.T.);
#1027 = LINE('',#1028,#1029);
#1028 = CARTESIAN_POINT('',(48.8,10.925,4.95));
#1029 = VECTOR('',#1030,1.);
#1030 = DIRECTION('',(0.,-1.,0.));
#1031 = PLANE('',#1032);
#1032 = AXIS2_PLACEMENT_3D('',#1033,#1034,#1035);
#1033 = CARTESIAN_POINT('',(43.,9.85,4.95));
#1034 = DIRECTION('',(0.,0.,1.));
#1035 = DIRECTION('',(1.,0.,0.));
#1036 = ADVANCED_FACE('',(#1037),#1064,.F.);
#1037 = FACE_BOUND('',#1038,.T.);
#1038 = EDGE_LOOP('',(#1039,#1040,#1057,#1063));
#1039 = ORIENTED_EDGE('',*,*,#1010,.F.);
#1040 = ORIENTED_EDGE('',*,*,#1041,.F.);
#1041 = EDGE_CURVE('',#1042,#1002,#1044,.T.);
#1042 = VERTEX_POINT('',#1043);
#1043 = CARTESIAN_POINT('',(48.469837630069,9.35,5.45));
#1044 = B_SPLINE_CURVE_WITH_KNOTS('',6,(#1045,#1046,#1047,#1048,#1049,
    #1050,#1051,#1052,#1053,#1054,#1055,#1056),.UNSPECIFIED.,.F.,.F.,(7,
    5,7),(0.,0.553632516488,1.),.UNSPECIFIED.);
#1045 = CARTESIAN_POINT('',(48.469837630069,9.35,5.45));
#1046 = CARTESIAN_POINT('',(48.469837630069,9.35,5.380462615491));
#1047 = CARTESIAN_POINT('',(48.472774880061,9.361604866558,
    5.310788581412));
#1048 = CARTESIAN_POINT('',(48.478671620416,9.384901532136,
    5.243182248721));
#1049 = CARTESIAN_POINT('',(48.487335453854,9.419538581559,
    5.179874544118));
#1050 = CARTESIAN_POINT('',(48.498367665687,9.464764064221,
    5.123063210704));
#1051 = CARTESIAN_POINT('',(48.521633797946,9.563349319768,
    5.036148616481));
#1052 = CARTESIAN_POINT('',(48.533238639059,9.613511671201,
    5.002935902313));
#1053 = CARTESIAN_POINT('',(48.545704665964,9.66882408547,4.976846584957
    ));
#1054 = CARTESIAN_POINT('',(48.558569235776,9.727815365655,
    4.958990708417));
#1055 = CARTESIAN_POINT('',(48.571398836472,9.78879506418,4.95));
#1056 = CARTESIAN_POINT('',(48.583832009249,9.85,4.95));
#1057 = ORIENTED_EDGE('',*,*,#1058,.T.);
#1058 = EDGE_CURVE('',#1042,#249,#1059,.T.);
#1059 = LINE('',#1060,#1061);
#1060 = CARTESIAN_POINT('',(43.,9.35,5.45));
#1061 = VECTOR('',#1062,1.);
#1062 = DIRECTION('',(1.,0.,0.));
#1063 = ORIENTED_EDGE('',*,*,#256,.T.);
#1064 = CYLINDRICAL_SURFACE('',#1065,0.5);
#1065 = AXIS2_PLACEMENT_3D('',#1066,#1067,#1068);
#1066 = CARTESIAN_POINT('',(43.,9.85,5.45));
#1067 = DIRECTION('',(-1.,-0.,-0.));
#1068 = DIRECTION('',(0.,1.,0.));
#1069 = ADVANCED_FACE('',(#1070),#1088,.T.);
#1070 = FACE_BOUND('',#1071,.T.);
#1071 = EDGE_LOOP('',(#1072,#1073,#1081,#1087));
#1072 = ORIENTED_EDGE('',*,*,#1058,.F.);
#1073 = ORIENTED_EDGE('',*,*,#1074,.F.);
#1074 = EDGE_CURVE('',#1075,#1042,#1077,.T.);
#1075 = VERTEX_POINT('',#1076);
#1076 = CARTESIAN_POINT('',(48.469837630069,9.35,6.85));
#1077 = LINE('',#1078,#1079);
#1078 = CARTESIAN_POINT('',(48.469837630069,9.35,-1.));
#1079 = VECTOR('',#1080,1.);
#1080 = DIRECTION('',(-0.,-0.,-1.));
#1081 = ORIENTED_EDGE('',*,*,#1082,.T.);
#1082 = EDGE_CURVE('',#1075,#235,#1083,.T.);
#1083 = LINE('',#1084,#1085);
#1084 = CARTESIAN_POINT('',(43.,9.35,6.85));
#1085 = VECTOR('',#1086,1.);
#1086 = DIRECTION('',(1.,0.,0.));
#1087 = ORIENTED_EDGE('',*,*,#248,.T.);
#1088 = PLANE('',#1089);
#1089 = AXIS2_PLACEMENT_3D('',#1090,#1091,#1092);
#1090 = CARTESIAN_POINT('',(43.,9.35,5.45));
#1091 = DIRECTION('',(0.,1.,0.));
#1092 = DIRECTION('',(1.,0.,0.));
#1093 = ADVANCED_FACE('',(#1094),#1118,.F.);
#1094 = FACE_BOUND('',#1095,.T.);
#1095 = EDGE_LOOP('',(#1096,#1110,#1116,#1117));
#1096 = ORIENTED_EDGE('',*,*,#1097,.F.);
#1097 = EDGE_CURVE('',#1098,#1075,#1100,.T.);
#1098 = VERTEX_POINT('',#1099);
#1099 = CARTESIAN_POINT('',(48.583832009249,9.85,7.35));
#1100 = B_SPLINE_CURVE_WITH_KNOTS('',8,(#1101,#1102,#1103,#1104,#1105,
    #1106,#1107,#1108,#1109),.UNSPECIFIED.,.F.,.F.,(9,9),(0.,1.),
  .PIECEWISE_BEZIER_KNOTS.);
#1101 = CARTESIAN_POINT('',(48.583832009249,9.85,7.35));
#1102 = CARTESIAN_POINT('',(48.562677007206,9.745860005684,7.35));
#1103 = CARTESIAN_POINT('',(48.540850205616,9.644416274019,
    7.325210309391));
#1104 = CARTESIAN_POINT('',(48.519672050341,9.551668256819,
    7.277883574937));
#1105 = CARTESIAN_POINT('',(48.50063149565,9.472545817636,7.211275260005
    ));
#1106 = CARTESIAN_POINT('',(48.485299364631,9.411089517399,
    7.129746499056));
#1107 = CARTESIAN_POINT('',(48.474867422097,9.369871688709,
    7.038457155015));
#1108 = CARTESIAN_POINT('',(48.469837630069,9.35,6.943241606582));
#1109 = CARTESIAN_POINT('',(48.469837630069,9.35,6.85));
#1110 = ORIENTED_EDGE('',*,*,#1111,.T.);
#1111 = EDGE_CURVE('',#1098,#226,#1112,.T.);
#1112 = LINE('',#1113,#1114);
#1113 = CARTESIAN_POINT('',(43.,9.85,7.35));
#1114 = VECTOR('',#1115,1.);
#1115 = DIRECTION('',(1.,0.,0.));
#1116 = ORIENTED_EDGE('',*,*,#234,.T.);
#1117 = ORIENTED_EDGE('',*,*,#1082,.F.);
#1118 = CYLINDRICAL_SURFACE('',#1119,0.5);
#1119 = AXIS2_PLACEMENT_3D('',#1120,#1121,#1122);
#1120 = CARTESIAN_POINT('',(43.,9.85,6.85));
#1121 = DIRECTION('',(-1.,-0.,-0.));
#1122 = DIRECTION('',(0.,1.,0.));
#1123 = ADVANCED_FACE('',(#1124),#1152,.F.);
#1124 = FACE_BOUND('',#1125,.F.);
#1125 = EDGE_LOOP('',(#1126,#1135,#1136,#1137,#1138,#1146));
#1126 = ORIENTED_EDGE('',*,*,#1127,.T.);
#1127 = EDGE_CURVE('',#1128,#1098,#1130,.T.);
#1128 = VERTEX_POINT('',#1129);
#1129 = CARTESIAN_POINT('',(48.8,12.,7.35));
#1130 = CIRCLE('',#1131,10.8);
#1131 = AXIS2_PLACEMENT_3D('',#1132,#1133,#1134);
#1132 = CARTESIAN_POINT('',(38.,12.,7.35));
#1133 = DIRECTION('',(0.,0.,-1.));
#1134 = DIRECTION('',(1.,0.,0.));
#1135 = ORIENTED_EDGE('',*,*,#1111,.T.);
#1136 = ORIENTED_EDGE('',*,*,#225,.F.);
#1137 = ORIENTED_EDGE('',*,*,#951,.F.);
#1138 = ORIENTED_EDGE('',*,*,#1139,.F.);
#1139 = EDGE_CURVE('',#1140,#952,#1142,.T.);
#1140 = VERTEX_POINT('',#1141);
#1141 = CARTESIAN_POINT('',(48.8,24.45,7.35));
#1142 = LINE('',#1143,#1144);
#1143 = CARTESIAN_POINT('',(43.,24.45,7.35));
#1144 = VECTOR('',#1145,1.);
#1145 = DIRECTION('',(1.,0.,0.));
#1146 = ORIENTED_EDGE('',*,*,#1147,.T.);
#1147 = EDGE_CURVE('',#1140,#1128,#1148,.T.);
#1148 = LINE('',#1149,#1150);
#1149 = CARTESIAN_POINT('',(48.8,10.925,7.35));
#1150 = VECTOR('',#1151,1.);
#1151 = DIRECTION('',(0.,-1.,0.));
#1152 = PLANE('',#1153);
#1153 = AXIS2_PLACEMENT_3D('',#1154,#1155,#1156);
#1154 = CARTESIAN_POINT('',(43.,9.85,7.35));
#1155 = DIRECTION('',(0.,0.,1.));
#1156 = DIRECTION('',(1.,0.,0.));
#1157 = ADVANCED_FACE('',(#1158),#1186,.F.);
#1158 = FACE_BOUND('',#1159,.T.);
#1159 = EDGE_LOOP('',(#1160,#1168,#1177,#1183,#1184,#1185));
#1160 = ORIENTED_EDGE('',*,*,#1161,.F.);
#1161 = EDGE_CURVE('',#1162,#668,#1164,.T.);
#1162 = VERTEX_POINT('',#1163);
#1163 = CARTESIAN_POINT('',(48.15,11.,13.42));
#1164 = LINE('',#1165,#1166);
#1165 = CARTESIAN_POINT('',(48.15,11.,13.42));
#1166 = VECTOR('',#1167,1.);
#1167 = DIRECTION('',(0.,0.,1.));
#1168 = ORIENTED_EDGE('',*,*,#1169,.F.);
#1169 = EDGE_CURVE('',#1170,#1162,#1172,.T.);
#1170 = VERTEX_POINT('',#1171);
#1171 = CARTESIAN_POINT('',(37.5,0.35,13.42));
#1172 = CIRCLE('',#1173,10.65);
#1173 = AXIS2_PLACEMENT_3D('',#1174,#1175,#1176);
#1174 = CARTESIAN_POINT('',(37.5,11.,13.42));
#1175 = DIRECTION('',(0.,0.,1.));
#1176 = DIRECTION('',(1.,0.,0.));
#1177 = ORIENTED_EDGE('',*,*,#1178,.T.);
#1178 = EDGE_CURVE('',#1170,#344,#1179,.T.);
#1179 = LINE('',#1180,#1181);
#1180 = CARTESIAN_POINT('',(37.5,0.35,13.42));
#1181 = VECTOR('',#1182,1.);
#1182 = DIRECTION('',(0.,0.,1.));
#1183 = ORIENTED_EDGE('',*,*,#351,.T.);
#1184 = ORIENTED_EDGE('',*,*,#888,.F.);
#1185 = ORIENTED_EDGE('',*,*,#675,.F.);
#1186 = CYLINDRICAL_SURFACE('',#1187,10.65);
#1187 = AXIS2_PLACEMENT_3D('',#1188,#1189,#1190);
#1188 = CARTESIAN_POINT('',(37.5,11.,13.42));
#1189 = DIRECTION('',(-0.,-0.,-1.));
#1190 = DIRECTION('',(1.,0.,0.));
#1191 = ADVANCED_FACE('',(#1192),#1203,.T.);
#1192 = FACE_BOUND('',#1193,.T.);
#1193 = EDGE_LOOP('',(#1194,#1200,#1201,#1202));
#1194 = ORIENTED_EDGE('',*,*,#1195,.F.);
#1195 = EDGE_CURVE('',#745,#1170,#1196,.T.);
#1196 = LINE('',#1197,#1198);
#1197 = CARTESIAN_POINT('',(12.5,0.35,13.42));
#1198 = VECTOR('',#1199,1.);
#1199 = DIRECTION('',(1.,0.,0.));
#1200 = ORIENTED_EDGE('',*,*,#744,.T.);
#1201 = ORIENTED_EDGE('',*,*,#343,.T.);
#1202 = ORIENTED_EDGE('',*,*,#1178,.F.);
#1203 = PLANE('',#1204);
#1204 = AXIS2_PLACEMENT_3D('',#1205,#1206,#1207);
#1205 = CARTESIAN_POINT('',(12.5,0.35,13.42));
#1206 = DIRECTION('',(0.,1.,0.));
#1207 = DIRECTION('',(0.,0.,1.));
#1208 = ADVANCED_FACE('',(#1209),#1221,.T.);
#1209 = FACE_BOUND('',#1210,.F.);
#1210 = EDGE_LOOP('',(#1211,#1218,#1219,#1220));
#1211 = ORIENTED_EDGE('',*,*,#1212,.F.);
#1212 = EDGE_CURVE('',#780,#404,#1213,.T.);
#1213 = CIRCLE('',#1214,0.55);
#1214 = AXIS2_PLACEMENT_3D('',#1215,#1216,#1217);
#1215 = CARTESIAN_POINT('',(12.,79.45,1.75));
#1216 = DIRECTION('',(-1.,0.,0.));
#1217 = DIRECTION('',(0.,1.,0.));
#1218 = ORIENTED_EDGE('',*,*,#779,.T.);
#1219 = ORIENTED_EDGE('',*,*,#376,.T.);
#1220 = ORIENTED_EDGE('',*,*,#403,.F.);
#1221 = TOROIDAL_SURFACE('',#1222,11.45,0.55);
#1222 = AXIS2_PLACEMENT_3D('',#1223,#1224,#1225);
#1223 = CARTESIAN_POINT('',(12.,68.,1.75));
#1224 = DIRECTION('',(0.,0.,-1.));
#1225 = DIRECTION('',(0.,1.,0.));
#1226 = ADVANCED_FACE('',(#1227),#1246,.T.);
#1227 = FACE_BOUND('',#1228,.T.);
#1228 = EDGE_LOOP('',(#1229,#1238,#1239,#1240));
#1229 = ORIENTED_EDGE('',*,*,#1230,.T.);
#1230 = EDGE_CURVE('',#1231,#413,#1233,.T.);
#1231 = VERTEX_POINT('',#1232);
#1232 = CARTESIAN_POINT('',(38.,80.,1.75));
#1233 = CIRCLE('',#1234,0.55);
#1234 = AXIS2_PLACEMENT_3D('',#1235,#1236,#1237);
#1235 = CARTESIAN_POINT('',(38.,79.45,1.75));
#1236 = DIRECTION('',(-1.,6.123233995737E-17,0.));
#1237 = DIRECTION('',(6.123233995737E-17,1.,0.));
#1238 = ORIENTED_EDGE('',*,*,#412,.T.);
#1239 = ORIENTED_EDGE('',*,*,#1212,.F.);
#1240 = ORIENTED_EDGE('',*,*,#1241,.F.);
#1241 = EDGE_CURVE('',#1231,#780,#1242,.T.);
#1242 = LINE('',#1243,#1244);
#1243 = CARTESIAN_POINT('',(38.,80.,1.75));
#1244 = VECTOR('',#1245,1.);
#1245 = DIRECTION('',(-1.,-0.,-0.));
#1246 = CYLINDRICAL_SURFACE('',#1247,0.55);
#1247 = AXIS2_PLACEMENT_3D('',#1248,#1249,#1250);
#1248 = CARTESIAN_POINT('',(38.,79.45,1.75));
#1249 = DIRECTION('',(-1.,-0.,-0.));
#1250 = DIRECTION('',(0.,1.,0.));
#1251 = ADVANCED_FACE('',(#1252),#1270,.T.);
#1252 = FACE_BOUND('',#1253,.F.);
#1253 = EDGE_LOOP('',(#1254,#1261,#1268,#1269));
#1254 = ORIENTED_EDGE('',*,*,#1255,.F.);
#1255 = EDGE_CURVE('',#929,#421,#1256,.T.);
#1256 = CIRCLE('',#1257,0.55);
#1257 = AXIS2_PLACEMENT_3D('',#1258,#1259,#1260);
#1258 = CARTESIAN_POINT('',(49.45,68.,1.75));
#1259 = DIRECTION('',(-0.,1.,0.));
#1260 = DIRECTION('',(1.,0.,0.));
#1261 = ORIENTED_EDGE('',*,*,#1262,.T.);
#1262 = EDGE_CURVE('',#929,#1231,#1263,.T.);
#1263 = CIRCLE('',#1264,12.);
#1264 = AXIS2_PLACEMENT_3D('',#1265,#1266,#1267);
#1265 = CARTESIAN_POINT('',(38.,68.,1.75));
#1266 = DIRECTION('',(0.,0.,1.));
#1267 = DIRECTION('',(1.,0.,0.));
#1268 = ORIENTED_EDGE('',*,*,#1230,.T.);
#1269 = ORIENTED_EDGE('',*,*,#420,.F.);
#1270 = TOROIDAL_SURFACE('',#1271,11.45,0.55);
#1271 = AXIS2_PLACEMENT_3D('',#1272,#1273,#1274);
#1272 = CARTESIAN_POINT('',(38.,68.,1.75));
#1273 = DIRECTION('',(0.,0.,-1.));
#1274 = DIRECTION('',(1.,0.,0.));
#1275 = ADVANCED_FACE('',(#1276),#1282,.T.);
#1276 = FACE_BOUND('',#1277,.T.);
#1277 = EDGE_LOOP('',(#1278,#1279,#1280,#1281));
#1278 = ORIENTED_EDGE('',*,*,#911,.T.);
#1279 = ORIENTED_EDGE('',*,*,#429,.T.);
#1280 = ORIENTED_EDGE('',*,*,#1255,.F.);
#1281 = ORIENTED_EDGE('',*,*,#928,.F.);
#1282 = CYLINDRICAL_SURFACE('',#1283,0.55);
#1283 = AXIS2_PLACEMENT_3D('',#1284,#1285,#1286);
#1284 = CARTESIAN_POINT('',(49.45,12.,1.75));
#1285 = DIRECTION('',(0.,1.,0.));
#1286 = DIRECTION('',(1.,0.,0.));
#1287 = ADVANCED_FACE('',(#1288),#1314,.F.);
#1288 = FACE_BOUND('',#1289,.T.);
#1289 = EDGE_LOOP('',(#1290,#1298,#1299,#1307));
#1290 = ORIENTED_EDGE('',*,*,#1291,.F.);
#1291 = EDGE_CURVE('',#448,#1292,#1294,.T.);
#1292 = VERTEX_POINT('',#1293);
#1293 = CARTESIAN_POINT('',(12.,1.2,12.3));
#1294 = LINE('',#1295,#1296);
#1295 = CARTESIAN_POINT('',(12.,1.2,-1.));
#1296 = VECTOR('',#1297,1.);
#1297 = DIRECTION('',(0.,0.,1.));
#1298 = ORIENTED_EDGE('',*,*,#447,.T.);
#1299 = ORIENTED_EDGE('',*,*,#1300,.T.);
#1300 = EDGE_CURVE('',#450,#1301,#1303,.T.);
#1301 = VERTEX_POINT('',#1302);
#1302 = CARTESIAN_POINT('',(1.2,12.,12.3));
#1303 = LINE('',#1304,#1305);
#1304 = CARTESIAN_POINT('',(1.2,12.,-1.));
#1305 = VECTOR('',#1306,1.);
#1306 = DIRECTION('',(0.,0.,1.));
#1307 = ORIENTED_EDGE('',*,*,#1308,.T.);
#1308 = EDGE_CURVE('',#1301,#1292,#1309,.T.);
#1309 = CIRCLE('',#1310,10.8);
#1310 = AXIS2_PLACEMENT_3D('',#1311,#1312,#1313);
#1311 = CARTESIAN_POINT('',(12.,12.,12.3));
#1312 = DIRECTION('',(0.,0.,1.));
#1313 = DIRECTION('',(1.,0.,0.));
#1314 = CYLINDRICAL_SURFACE('',#1315,10.8);
#1315 = AXIS2_PLACEMENT_3D('',#1316,#1317,#1318);
#1316 = CARTESIAN_POINT('',(12.,12.,-1.));
#1317 = DIRECTION('',(-0.,-0.,-1.));
#1318 = DIRECTION('',(1.,0.,0.));
#1319 = ADVANCED_FACE('',(#1320),#1361,.T.);
#1320 = FACE_BOUND('',#1321,.T.);
#1321 = EDGE_LOOP('',(#1322,#1323,#1324,#1332,#1338,#1339,#1347,#1355));
#1322 = ORIENTED_EDGE('',*,*,#458,.F.);
#1323 = ORIENTED_EDGE('',*,*,#1291,.T.);
#1324 = ORIENTED_EDGE('',*,*,#1325,.T.);
#1325 = EDGE_CURVE('',#1292,#1326,#1328,.T.);
#1326 = VERTEX_POINT('',#1327);
#1327 = CARTESIAN_POINT('',(38.,1.2,12.3));
#1328 = LINE('',#1329,#1330);
#1329 = CARTESIAN_POINT('',(12.,1.2,12.3));
#1330 = VECTOR('',#1331,1.);
#1331 = DIRECTION('',(1.,0.,0.));
#1332 = ORIENTED_EDGE('',*,*,#1333,.F.);
#1333 = EDGE_CURVE('',#485,#1326,#1334,.T.);
#1334 = LINE('',#1335,#1336);
#1335 = CARTESIAN_POINT('',(38.,1.2,-1.));
#1336 = VECTOR('',#1337,1.);
#1337 = DIRECTION('',(0.,0.,1.));
#1338 = ORIENTED_EDGE('',*,*,#484,.F.);
#1339 = ORIENTED_EDGE('',*,*,#1340,.F.);
#1340 = EDGE_CURVE('',#1341,#476,#1343,.T.);
#1341 = VERTEX_POINT('',#1342);
#1342 = CARTESIAN_POINT('',(26.587450786639,1.2,10.6));
#1343 = LINE('',#1344,#1345);
#1344 = CARTESIAN_POINT('',(26.587450786639,1.2,1.2));
#1345 = VECTOR('',#1346,1.);
#1346 = DIRECTION('',(-0.,-0.,-1.));
#1347 = ORIENTED_EDGE('',*,*,#1348,.F.);
#1348 = EDGE_CURVE('',#1349,#1341,#1351,.T.);
#1349 = VERTEX_POINT('',#1350);
#1350 = CARTESIAN_POINT('',(23.412549213361,1.2,10.6));
#1351 = LINE('',#1352,#1353);
#1352 = CARTESIAN_POINT('',(18.5,1.2,10.6));
#1353 = VECTOR('',#1354,1.);
#1354 = DIRECTION('',(1.,0.,0.));
#1355 = ORIENTED_EDGE('',*,*,#1356,.T.);
#1356 = EDGE_CURVE('',#1349,#459,#1357,.T.);
#1357 = LINE('',#1358,#1359);
#1358 = CARTESIAN_POINT('',(23.412549213361,1.2,1.2));
#1359 = VECTOR('',#1360,1.);
#1360 = DIRECTION('',(-0.,-0.,-1.));
#1361 = PLANE('',#1362);
#1362 = AXIS2_PLACEMENT_3D('',#1363,#1364,#1365);
#1363 = CARTESIAN_POINT('',(12.,1.2,-1.));
#1364 = DIRECTION('',(0.,1.,0.));
#1365 = DIRECTION('',(0.,0.,1.));
#1366 = ADVANCED_FACE('',(#1367),#1389,.T.);
#1367 = FACE_BOUND('',#1368,.F.);
#1368 = EDGE_LOOP('',(#1369,#1370,#1379,#1386,#1387,#1388));
#1369 = ORIENTED_EDGE('',*,*,#1340,.F.);
#1370 = ORIENTED_EDGE('',*,*,#1371,.T.);
#1371 = EDGE_CURVE('',#1341,#1372,#1374,.T.);
#1372 = VERTEX_POINT('',#1373);
#1373 = CARTESIAN_POINT('',(27.4,3.,10.6));
#1374 = CIRCLE('',#1375,2.4);
#1375 = AXIS2_PLACEMENT_3D('',#1376,#1377,#1378);
#1376 = CARTESIAN_POINT('',(25.,3.,10.6));
#1377 = DIRECTION('',(0.,0.,1.));
#1378 = DIRECTION('',(1.,0.,0.));
#1379 = ORIENTED_EDGE('',*,*,#1380,.T.);
#1380 = EDGE_CURVE('',#1372,#1349,#1381,.T.);
#1381 = CIRCLE('',#1382,2.4);
#1382 = AXIS2_PLACEMENT_3D('',#1383,#1384,#1385);
#1383 = CARTESIAN_POINT('',(25.,3.,10.6));
#1384 = DIRECTION('',(0.,0.,1.));
#1385 = DIRECTION('',(1.,0.,0.));
#1386 = ORIENTED_EDGE('',*,*,#1356,.T.);
#1387 = ORIENTED_EDGE('',*,*,#466,.F.);
#1388 = ORIENTED_EDGE('',*,*,#475,.F.);
#1389 = CYLINDRICAL_SURFACE('',#1390,2.4);
#1390 = AXIS2_PLACEMENT_3D('',#1391,#1392,#1393);
#1391 = CARTESIAN_POINT('',(25.,3.,1.2));
#1392 = DIRECTION('',(-0.,-0.,-1.));
#1393 = DIRECTION('',(1.,0.,0.));
#1394 = ADVANCED_FACE('',(#1395),#1425,.F.);
#1395 = FACE_BOUND('',#1396,.T.);
#1396 = EDGE_LOOP('',(#1397,#1398,#1407,#1413,#1414,#1415,#1416,#1417,
    #1418,#1424));
#1397 = ORIENTED_EDGE('',*,*,#1333,.T.);
#1398 = ORIENTED_EDGE('',*,*,#1399,.T.);
#1399 = EDGE_CURVE('',#1326,#1400,#1402,.T.);
#1400 = VERTEX_POINT('',#1401);
#1401 = CARTESIAN_POINT('',(48.8,12.,12.3));
#1402 = CIRCLE('',#1403,10.8);
#1403 = AXIS2_PLACEMENT_3D('',#1404,#1405,#1406);
#1404 = CARTESIAN_POINT('',(38.,12.,12.3));
#1405 = DIRECTION('',(0.,0.,1.));
#1406 = DIRECTION('',(1.,0.,0.));
#1407 = ORIENTED_EDGE('',*,*,#1408,.F.);
#1408 = EDGE_CURVE('',#1128,#1400,#1409,.T.);
#1409 = LINE('',#1410,#1411);
#1410 = CARTESIAN_POINT('',(48.8,12.,-1.));
#1411 = VECTOR('',#1412,1.);
#1412 = DIRECTION('',(0.,0.,1.));
#1413 = ORIENTED_EDGE('',*,*,#1127,.T.);
#1414 = ORIENTED_EDGE('',*,*,#1097,.T.);
#1415 = ORIENTED_EDGE('',*,*,#1074,.T.);
#1416 = ORIENTED_EDGE('',*,*,#1041,.T.);
#1417 = ORIENTED_EDGE('',*,*,#999,.F.);
#1418 = ORIENTED_EDGE('',*,*,#1419,.F.);
#1419 = EDGE_CURVE('',#493,#1000,#1420,.T.);
#1420 = LINE('',#1421,#1422);
#1421 = CARTESIAN_POINT('',(48.8,12.,-1.));
#1422 = VECTOR('',#1423,1.);
#1423 = DIRECTION('',(0.,0.,1.));
#1424 = ORIENTED_EDGE('',*,*,#492,.T.);
#1425 = CYLINDRICAL_SURFACE('',#1426,10.8);
#1426 = AXIS2_PLACEMENT_3D('',#1427,#1428,#1429);
#1427 = CARTESIAN_POINT('',(38.,12.,-1.));
#1428 = DIRECTION('',(-0.,-0.,-1.));
#1429 = DIRECTION('',(1.,0.,0.));
#1430 = ADVANCED_FACE('',(#1431),#1476,.F.);
#1431 = FACE_BOUND('',#1432,.F.);
#1432 = EDGE_LOOP('',(#1433,#1434,#1435,#1443,#1449,#1450,#1451,#1460,
    #1468,#1475));
#1433 = ORIENTED_EDGE('',*,*,#1419,.F.);
#1434 = ORIENTED_EDGE('',*,*,#501,.F.);
#1435 = ORIENTED_EDGE('',*,*,#1436,.T.);
#1436 = EDGE_CURVE('',#502,#1437,#1439,.T.);
#1437 = VERTEX_POINT('',#1438);
#1438 = CARTESIAN_POINT('',(48.8,68.,12.3));
#1439 = LINE('',#1440,#1441);
#1440 = CARTESIAN_POINT('',(48.8,68.,-1.));
#1441 = VECTOR('',#1442,1.);
#1442 = DIRECTION('',(0.,0.,1.));
#1443 = ORIENTED_EDGE('',*,*,#1444,.F.);
#1444 = EDGE_CURVE('',#1400,#1437,#1445,.T.);
#1445 = LINE('',#1446,#1447);
#1446 = CARTESIAN_POINT('',(48.8,12.,12.3));
#1447 = VECTOR('',#1448,1.);
#1448 = DIRECTION('',(0.,1.,0.));
#1449 = ORIENTED_EDGE('',*,*,#1408,.F.);
#1450 = ORIENTED_EDGE('',*,*,#1147,.F.);
#1451 = ORIENTED_EDGE('',*,*,#1452,.T.);
#1452 = EDGE_CURVE('',#1140,#1453,#1455,.T.);
#1453 = VERTEX_POINT('',#1454);
#1454 = CARTESIAN_POINT('',(48.8,24.95,6.85));
#1455 = CIRCLE('',#1456,0.5);
#1456 = AXIS2_PLACEMENT_3D('',#1457,#1458,#1459);
#1457 = CARTESIAN_POINT('',(48.8,24.45,6.85));
#1458 = DIRECTION('',(-1.,0.,0.));
#1459 = DIRECTION('',(0.,1.,0.));
#1460 = ORIENTED_EDGE('',*,*,#1461,.F.);
#1461 = EDGE_CURVE('',#1462,#1453,#1464,.T.);
#1462 = VERTEX_POINT('',#1463);
#1463 = CARTESIAN_POINT('',(48.8,24.95,5.45));
#1464 = LINE('',#1465,#1466);
#1465 = CARTESIAN_POINT('',(48.8,24.95,2.225));
#1466 = VECTOR('',#1467,1.);
#1467 = DIRECTION('',(0.,0.,1.));
#1468 = ORIENTED_EDGE('',*,*,#1469,.T.);
#1469 = EDGE_CURVE('',#1462,#1019,#1470,.T.);
#1470 = CIRCLE('',#1471,0.5);
#1471 = AXIS2_PLACEMENT_3D('',#1472,#1473,#1474);
#1472 = CARTESIAN_POINT('',(48.8,24.45,5.45));
#1473 = DIRECTION('',(-1.,0.,0.));
#1474 = DIRECTION('',(0.,1.,0.));
#1475 = ORIENTED_EDGE('',*,*,#1026,.T.);
#1476 = PLANE('',#1477);
#1477 = AXIS2_PLACEMENT_3D('',#1478,#1479,#1480);
#1478 = CARTESIAN_POINT('',(48.8,12.,-1.));
#1479 = DIRECTION('',(1.,0.,0.));
#1480 = DIRECTION('',(0.,0.,1.));
#1481 = ADVANCED_FACE('',(#1482),#1571,.F.);
#1482 = FACE_BOUND('',#1483,.T.);
#1483 = EDGE_LOOP('',(#1484,#1492,#1493,#1494,#1503,#1511,#1542));
#1484 = ORIENTED_EDGE('',*,*,#1485,.F.);
#1485 = EDGE_CURVE('',#510,#1486,#1488,.T.);
#1486 = VERTEX_POINT('',#1487);
#1487 = CARTESIAN_POINT('',(38.,78.8,4.300586853388));
#1488 = LINE('',#1489,#1490);
#1489 = CARTESIAN_POINT('',(38.,78.8,-1.));
#1490 = VECTOR('',#1491,1.);
#1491 = DIRECTION('',(0.,0.,1.));
#1492 = ORIENTED_EDGE('',*,*,#509,.T.);
#1493 = ORIENTED_EDGE('',*,*,#1436,.T.);
#1494 = ORIENTED_EDGE('',*,*,#1495,.T.);
#1495 = EDGE_CURVE('',#1437,#1496,#1498,.T.);
#1496 = VERTEX_POINT('',#1497);
#1497 = CARTESIAN_POINT('',(38.,78.8,12.3));
#1498 = CIRCLE('',#1499,10.8);
#1499 = AXIS2_PLACEMENT_3D('',#1500,#1501,#1502);
#1500 = CARTESIAN_POINT('',(38.,68.,12.3));
#1501 = DIRECTION('',(0.,0.,1.));
#1502 = DIRECTION('',(1.,0.,0.));
#1503 = ORIENTED_EDGE('',*,*,#1504,.F.);
#1504 = EDGE_CURVE('',#1505,#1496,#1507,.T.);
#1505 = VERTEX_POINT('',#1506);
#1506 = CARTESIAN_POINT('',(38.,78.8,11.499413146612));
#1507 = LINE('',#1508,#1509);
#1508 = CARTESIAN_POINT('',(38.,78.8,-1.));
#1509 = VECTOR('',#1510,1.);
#1510 = DIRECTION('',(0.,0.,1.));
#1511 = ORIENTED_EDGE('',*,*,#1512,.F.);
#1512 = EDGE_CURVE('',#1513,#1505,#1515,.T.);
#1513 = VERTEX_POINT('',#1514);
#1514 = CARTESIAN_POINT('',(41.535,78.205085741923,7.9));
#1515 = B_SPLINE_CURVE_WITH_KNOTS('',7,(#1516,#1517,#1518,#1519,#1520,
    #1521,#1522,#1523,#1524,#1525,#1526,#1527,#1528,#1529,#1530,#1531,
    #1532,#1533,#1534,#1535,#1536,#1537,#1538,#1539,#1540,#1541),
  .UNSPECIFIED.,.F.,.F.,(8,6,6,6,8),(0.,0.473106726782,0.589788324579,
    0.729372696139,1.),.UNSPECIFIED.);
#1516 = CARTESIAN_POINT('',(41.535,78.205085741923,7.9));
#1517 = CARTESIAN_POINT('',(41.535,78.205085741923,8.231080753103));
#1518 = CARTESIAN_POINT('',(41.499477282937,78.217390707314,
    8.561667971491));
#1519 = CARTESIAN_POINT('',(41.42861890413,78.241935539252,
    8.889294654733));
#1520 = CARTESIAN_POINT('',(41.322007790014,78.277993352993,
    9.211373253876));
#1521 = CARTESIAN_POINT('',(41.178743685231,78.324153596429,
    9.524911576507));
#1522 = CARTESIAN_POINT('',(40.997549784893,78.378188844168,
    9.826120017049));
#1523 = CARTESIAN_POINT('',(40.722546431798,78.451359263365,
    10.179789571054));
#1524 = CARTESIAN_POINT('',(40.665725116909,78.466123469654,
    10.248717655672));
#1525 = CARTESIAN_POINT('',(40.606458086569,78.48112954023,
    10.316532169737));
#1526 = CARTESIAN_POINT('',(40.544715313815,78.496326682006,
    10.383151847266));
#1527 = CARTESIAN_POINT('',(40.480466862998,78.511659730684,
    10.448487071184));
#1528 = CARTESIAN_POINT('',(40.413682934642,78.527069002809,
    10.512439843736));
#1529 = CARTESIAN_POINT('',(40.261372756496,78.560938222558,
    10.649628359825));
#1530 = CARTESIAN_POINT('',(40.174724518159,78.579406870954,
    10.722236902482));
#1531 = CARTESIAN_POINT('',(40.084355087606,78.597781725852,
    10.792527582464));
#1532 = CARTESIAN_POINT('',(39.990239195437,78.615937715185,
    10.860281228013));
#1533 = CARTESIAN_POINT('',(39.892360763677,78.63373982456,
    10.925261041924));
#1534 = CARTESIAN_POINT('',(39.790713258932,78.651043859825,
    10.98721234546));
#1535 = CARTESIAN_POINT('',(39.480924058342,78.699984858392,
    11.159573369673));
#1536 = CARTESIAN_POINT('',(39.260601675742,78.730109335264,
    11.261871213009));
#1537 = CARTESIAN_POINT('',(39.026207858737,78.756520521703,
    11.349092221828));
#1538 = CARTESIAN_POINT('',(38.780103843563,78.77771663325,
    11.418319436159));
#1539 = CARTESIAN_POINT('',(38.525021410455,78.792474435504,
    11.467343346876));
#1540 = CARTESIAN_POINT('',(38.263946188991,78.8,11.494646674527));
#1541 = CARTESIAN_POINT('',(38.,78.8,11.499413146612));
#1542 = ORIENTED_EDGE('',*,*,#1543,.F.);
#1543 = EDGE_CURVE('',#1486,#1513,#1544,.T.);
#1544 = B_SPLINE_CURVE_WITH_KNOTS('',7,(#1545,#1546,#1547,#1548,#1549,
    #1550,#1551,#1552,#1553,#1554,#1555,#1556,#1557,#1558,#1559,#1560,
    #1561,#1562,#1563,#1564,#1565,#1566,#1567,#1568,#1569,#1570),
  .UNSPECIFIED.,.F.,.F.,(8,6,6,6,8),(0.,0.160987561865,0.410681454346,
    0.528714476075,1.),.UNSPECIFIED.);
#1545 = CARTESIAN_POINT('',(38.,78.8,4.300586853388));
#1546 = CARTESIAN_POINT('',(38.156389763831,78.8,4.303411017838));
#1547 = CARTESIAN_POINT('',(38.312284772112,78.797357965159,4.3141562658
    ));
#1548 = CARTESIAN_POINT('',(38.466842526655,78.792103948318,
    4.332743119414));
#1549 = CARTESIAN_POINT('',(38.619230577728,78.784349307234,
    4.358946117443));
#1550 = CARTESIAN_POINT('',(38.768640663581,78.774283617266,
    4.392395124538));
#1551 = CARTESIAN_POINT('',(38.914302776906,78.762164239028,
    4.432574293169));
#1552 = CARTESIAN_POINT('',(39.274496661212,78.726792655309,
    4.550544346846));
#1553 = CARTESIAN_POINT('',(39.482579556325,78.701102589728,
    4.63680435651));
#1554 = CARTESIAN_POINT('',(39.679172696493,78.672183867101,
    4.735757048263));
#1555 = CARTESIAN_POINT('',(39.863897267381,78.64098743355,
    4.845700785396));
#1556 = CARTESIAN_POINT('',(40.036540662543,78.60841012042,
    4.965048830931));
#1557 = CARTESIAN_POINT('',(40.197030930888,78.575261839355,
    5.092309432387));
#1558 = CARTESIAN_POINT('',(40.415558938078,78.526644223207,
    5.289301717121));
#1559 = CARTESIAN_POINT('',(40.483075600963,78.511051837644,
    5.354055725944));
#1560 = CARTESIAN_POINT('',(40.547996520416,78.495538988036,
    5.420222988244));
#1561 = CARTESIAN_POINT('',(40.610352599888,78.480167418687,
    5.487702150485));
#1562 = CARTESIAN_POINT('',(40.670174863804,78.46499414218,
    5.556400626006));
#1563 = CARTESIAN_POINT('',(40.727494410394,78.45007159758,
    5.626234563361));
#1564 = CARTESIAN_POINT('',(41.00134079747,78.377057538375,
    5.980197348148));
#1565 = CARTESIAN_POINT('',(41.18123998488,78.32334904646,6.280563822368
    ));
#1566 = CARTESIAN_POINT('',(41.323494209803,78.277490624612,
    6.593125160303));
#1567 = CARTESIAN_POINT('',(41.429360811522,78.241678548592,
    6.914138756346));
#1568 = CARTESIAN_POINT('',(41.49972588327,78.21730459245,7.240644567084
    ));
#1569 = CARTESIAN_POINT('',(41.535,78.205085741923,7.570079841668));
#1570 = CARTESIAN_POINT('',(41.535,78.205085741923,7.9));
#1571 = CYLINDRICAL_SURFACE('',#1572,10.8);
#1572 = AXIS2_PLACEMENT_3D('',#1573,#1574,#1575);
#1573 = CARTESIAN_POINT('',(38.,68.,-1.));
#1574 = DIRECTION('',(-0.,-0.,-1.));
#1575 = DIRECTION('',(1.,0.,0.));
#1576 = ADVANCED_FACE('',(#1577),#1676,.F.);
#1577 = FACE_BOUND('',#1578,.F.);
#1578 = EDGE_LOOP('',(#1579,#1580,#1588,#1596,#1605,#1613,#1622,#1630,
    #1638,#1644,#1645,#1652,#1653,#1654,#1662,#1670));
#1579 = ORIENTED_EDGE('',*,*,#544,.F.);
#1580 = ORIENTED_EDGE('',*,*,#1581,.T.);
#1581 = EDGE_CURVE('',#545,#1582,#1584,.T.);
#1582 = VERTEX_POINT('',#1583);
#1583 = CARTESIAN_POINT('',(12.,78.8,4.05));
#1584 = LINE('',#1585,#1586);
#1585 = CARTESIAN_POINT('',(12.,78.8,-1.));
#1586 = VECTOR('',#1587,1.);
#1587 = DIRECTION('',(0.,0.,1.));
#1588 = ORIENTED_EDGE('',*,*,#1589,.T.);
#1589 = EDGE_CURVE('',#1582,#1590,#1592,.T.);
#1590 = VERTEX_POINT('',#1591);
#1591 = CARTESIAN_POINT('',(18.551,78.8,4.05));
#1592 = LINE('',#1593,#1594);
#1593 = CARTESIAN_POINT('',(10.2755,78.8,4.05));
#1594 = VECTOR('',#1595,1.);
#1595 = DIRECTION('',(1.,0.,0.));
#1596 = ORIENTED_EDGE('',*,*,#1597,.F.);
#1597 = EDGE_CURVE('',#1598,#1590,#1600,.T.);
#1598 = VERTEX_POINT('',#1599);
#1599 = CARTESIAN_POINT('',(19.551,78.8,5.05));
#1600 = CIRCLE('',#1601,1.);
#1601 = AXIS2_PLACEMENT_3D('',#1602,#1603,#1604);
#1602 = CARTESIAN_POINT('',(18.551,78.8,5.05));
#1603 = DIRECTION('',(-0.,1.,2.22044604925E-16));
#1604 = DIRECTION('',(1.,0.,0.));
#1605 = ORIENTED_EDGE('',*,*,#1606,.F.);
#1606 = EDGE_CURVE('',#1607,#1598,#1609,.T.);
#1607 = VERTEX_POINT('',#1608);
#1608 = CARTESIAN_POINT('',(19.551,78.8,8.55));
#1609 = LINE('',#1610,#1611);
#1610 = CARTESIAN_POINT('',(19.551,78.8,2.025));
#1611 = VECTOR('',#1612,1.);
#1612 = DIRECTION('',(0.,0.,-1.));
#1613 = ORIENTED_EDGE('',*,*,#1614,.F.);
#1614 = EDGE_CURVE('',#1615,#1607,#1617,.T.);
#1615 = VERTEX_POINT('',#1616);
#1616 = CARTESIAN_POINT('',(18.551,78.8,9.55));
#1617 = CIRCLE('',#1618,1.);
#1618 = AXIS2_PLACEMENT_3D('',#1619,#1620,#1621);
#1619 = CARTESIAN_POINT('',(18.551,78.8,8.55));
#1620 = DIRECTION('',(-0.,1.,2.22044604925E-16));
#1621 = DIRECTION('',(1.,0.,0.));
#1622 = ORIENTED_EDGE('',*,*,#1623,.F.);
#1623 = EDGE_CURVE('',#1624,#1615,#1626,.T.);
#1624 = VERTEX_POINT('',#1625);
#1625 = CARTESIAN_POINT('',(12.,78.8,9.55));
#1626 = LINE('',#1627,#1628);
#1627 = CARTESIAN_POINT('',(10.2755,78.8,9.55));
#1628 = VECTOR('',#1629,1.);
#1629 = DIRECTION('',(1.,0.,0.));
#1630 = ORIENTED_EDGE('',*,*,#1631,.T.);
#1631 = EDGE_CURVE('',#1624,#1632,#1634,.T.);
#1632 = VERTEX_POINT('',#1633);
#1633 = CARTESIAN_POINT('',(12.,78.8,12.3));
#1634 = LINE('',#1635,#1636);
#1635 = CARTESIAN_POINT('',(12.,78.8,-1.));
#1636 = VECTOR('',#1637,1.);
#1637 = DIRECTION('',(0.,0.,1.));
#1638 = ORIENTED_EDGE('',*,*,#1639,.T.);
#1639 = EDGE_CURVE('',#1632,#1496,#1640,.T.);
#1640 = LINE('',#1641,#1642);
#1641 = CARTESIAN_POINT('',(12.,78.8,12.3));
#1642 = VECTOR('',#1643,1.);
#1643 = DIRECTION('',(1.,0.,0.));
#1644 = ORIENTED_EDGE('',*,*,#1504,.F.);
#1645 = ORIENTED_EDGE('',*,*,#1646,.F.);
#1646 = EDGE_CURVE('',#1486,#1505,#1647,.T.);
#1647 = CIRCLE('',#1648,3.6);
#1648 = AXIS2_PLACEMENT_3D('',#1649,#1650,#1651);
#1649 = CARTESIAN_POINT('',(37.935,78.8,7.9));
#1650 = DIRECTION('',(-0.,1.,2.22044604925E-16));
#1651 = DIRECTION('',(1.,0.,0.));
#1652 = ORIENTED_EDGE('',*,*,#1485,.F.);
#1653 = ORIENTED_EDGE('',*,*,#518,.F.);
#1654 = ORIENTED_EDGE('',*,*,#1655,.F.);
#1655 = EDGE_CURVE('',#1656,#519,#1658,.T.);
#1656 = VERTEX_POINT('',#1657);
#1657 = CARTESIAN_POINT('',(26.587450786639,78.8,10.6));
#1658 = LINE('',#1659,#1660);
#1659 = CARTESIAN_POINT('',(26.587450786639,78.8,1.2));
#1660 = VECTOR('',#1661,1.);
#1661 = DIRECTION('',(-0.,-0.,-1.));
#1662 = ORIENTED_EDGE('',*,*,#1663,.F.);
#1663 = EDGE_CURVE('',#1664,#1656,#1666,.T.);
#1664 = VERTEX_POINT('',#1665);
#1665 = CARTESIAN_POINT('',(23.412549213361,78.8,10.6));
#1666 = LINE('',#1667,#1668);
#1667 = CARTESIAN_POINT('',(18.5,78.8,10.6));
#1668 = VECTOR('',#1669,1.);
#1669 = DIRECTION('',(1.,0.,0.));
#1670 = ORIENTED_EDGE('',*,*,#1671,.T.);
#1671 = EDGE_CURVE('',#1664,#536,#1672,.T.);
#1672 = LINE('',#1673,#1674);
#1673 = CARTESIAN_POINT('',(23.412549213361,78.8,1.2));
#1674 = VECTOR('',#1675,1.);
#1675 = DIRECTION('',(-0.,-0.,-1.));
#1676 = PLANE('',#1677);
#1677 = AXIS2_PLACEMENT_3D('',#1678,#1679,#1680);
#1678 = CARTESIAN_POINT('',(12.,78.8,-1.));
#1679 = DIRECTION('',(0.,1.,0.));
#1680 = DIRECTION('',(0.,0.,1.));
#1681 = ADVANCED_FACE('',(#1682),#1704,.T.);
#1682 = FACE_BOUND('',#1683,.F.);
#1683 = EDGE_LOOP('',(#1684,#1685,#1686,#1687,#1688,#1697));
#1684 = ORIENTED_EDGE('',*,*,#1655,.T.);
#1685 = ORIENTED_EDGE('',*,*,#526,.F.);
#1686 = ORIENTED_EDGE('',*,*,#535,.F.);
#1687 = ORIENTED_EDGE('',*,*,#1671,.F.);
#1688 = ORIENTED_EDGE('',*,*,#1689,.T.);
#1689 = EDGE_CURVE('',#1664,#1690,#1692,.T.);
#1690 = VERTEX_POINT('',#1691);
#1691 = CARTESIAN_POINT('',(27.4,77.,10.6));
#1692 = CIRCLE('',#1693,2.4);
#1693 = AXIS2_PLACEMENT_3D('',#1694,#1695,#1696);
#1694 = CARTESIAN_POINT('',(25.,77.,10.6));
#1695 = DIRECTION('',(0.,0.,1.));
#1696 = DIRECTION('',(1.,0.,0.));
#1697 = ORIENTED_EDGE('',*,*,#1698,.T.);
#1698 = EDGE_CURVE('',#1690,#1656,#1699,.T.);
#1699 = CIRCLE('',#1700,2.4);
#1700 = AXIS2_PLACEMENT_3D('',#1701,#1702,#1703);
#1701 = CARTESIAN_POINT('',(25.,77.,10.6));
#1702 = DIRECTION('',(0.,0.,1.));
#1703 = DIRECTION('',(1.,0.,0.));
#1704 = CYLINDRICAL_SURFACE('',#1705,2.4);
#1705 = AXIS2_PLACEMENT_3D('',#1706,#1707,#1708);
#1706 = CARTESIAN_POINT('',(25.,77.,1.2));
#1707 = DIRECTION('',(-0.,-0.,-1.));
#1708 = DIRECTION('',(1.,0.,0.));
#1709 = ADVANCED_FACE('',(#1710),#1787,.F.);
#1710 = FACE_BOUND('',#1711,.T.);
#1711 = EDGE_LOOP('',(#1712,#1720,#1721,#1722,#1731,#1750,#1758,#1772,
    #1779,#1780));
#1712 = ORIENTED_EDGE('',*,*,#1713,.F.);
#1713 = EDGE_CURVE('',#553,#1714,#1716,.T.);
#1714 = VERTEX_POINT('',#1715);
#1715 = CARTESIAN_POINT('',(1.2,68.,12.3));
#1716 = LINE('',#1717,#1718);
#1717 = CARTESIAN_POINT('',(1.2,68.,-1.));
#1718 = VECTOR('',#1719,1.);
#1719 = DIRECTION('',(0.,0.,1.));
#1720 = ORIENTED_EDGE('',*,*,#552,.T.);
#1721 = ORIENTED_EDGE('',*,*,#1581,.T.);
#1722 = ORIENTED_EDGE('',*,*,#1723,.F.);
#1723 = EDGE_CURVE('',#1724,#1582,#1726,.T.);
#1724 = VERTEX_POINT('',#1725);
#1725 = CARTESIAN_POINT('',(8.551,78.234471114816,4.05));
#1726 = CIRCLE('',#1727,10.8);
#1727 = AXIS2_PLACEMENT_3D('',#1728,#1729,#1730);
#1728 = CARTESIAN_POINT('',(12.,68.,4.05));
#1729 = DIRECTION('',(0.,0.,-1.));
#1730 = DIRECTION('',(1.,0.,0.));
#1731 = ORIENTED_EDGE('',*,*,#1732,.F.);
#1732 = EDGE_CURVE('',#1733,#1724,#1735,.T.);
#1733 = VERTEX_POINT('',#1734);
#1734 = CARTESIAN_POINT('',(7.551,77.841056803006,5.05));
#1735 = B_SPLINE_CURVE_WITH_KNOTS('',7,(#1736,#1737,#1738,#1739,#1740,
    #1741,#1742,#1743,#1744,#1745,#1746,#1747,#1748,#1749),
  .UNSPECIFIED.,.F.,.F.,(8,6,8),(0.,0.483121230219,1.),.UNSPECIFIED.);
#1736 = CARTESIAN_POINT('',(7.551,77.841056803006,5.05));
#1737 = CARTESIAN_POINT('',(7.551,77.841056803006,4.948469025069));
#1738 = CARTESIAN_POINT('',(7.563026573615,77.84649388694,4.846917101202
    ));
#1739 = CARTESIAN_POINT('',(7.587089029784,77.857372023907,
    4.746728127515));
#1740 = CARTESIAN_POINT('',(7.623122691892,77.87355102585,4.649304938817
    ));
#1741 = CARTESIAN_POINT('',(7.670975348216,77.894737811644,
    4.556102774405));
#1742 = CARTESIAN_POINT('',(7.730376431884,77.920492532102,
    4.468668864548));
#1743 = CARTESIAN_POINT('',(7.87632840848,77.982085817488,4.303118843416
    ));
#1744 = CARTESIAN_POINT('',(7.965166896585,78.018790418532,
    4.225308768301));
#1745 = CARTESIAN_POINT('',(8.066459707911,78.059473071283,
    4.158533283912));
#1746 = CARTESIAN_POINT('',(8.178381058854,78.102810914836,
    4.105625839661));
#1747 = CARTESIAN_POINT('',(8.298470222792,78.147314210758,
    4.068884218587));
#1748 = CARTESIAN_POINT('',(8.423773586747,78.191596021967,4.05));
#1749 = CARTESIAN_POINT('',(8.551,78.234471114816,4.05));
#1750 = ORIENTED_EDGE('',*,*,#1751,.F.);
#1751 = EDGE_CURVE('',#1752,#1733,#1754,.T.);
#1752 = VERTEX_POINT('',#1753);
#1753 = CARTESIAN_POINT('',(7.551,77.841056803006,8.55));
#1754 = LINE('',#1755,#1756);
#1755 = CARTESIAN_POINT('',(7.551,77.841056803006,-1.));
#1756 = VECTOR('',#1757,1.);
#1757 = DIRECTION('',(-0.,-0.,-1.));
#1758 = ORIENTED_EDGE('',*,*,#1759,.F.);
#1759 = EDGE_CURVE('',#1760,#1752,#1762,.T.);
#1760 = VERTEX_POINT('',#1761);
#1761 = CARTESIAN_POINT('',(8.551,78.234471114816,9.55));
#1762 = B_SPLINE_CURVE_WITH_KNOTS('',8,(#1763,#1764,#1765,#1766,#1767,
    #1768,#1769,#1770,#1771),.UNSPECIFIED.,.F.,.F.,(9,9),(0.,1.),
  .PIECEWISE_BEZIER_KNOTS.);
#1763 = CARTESIAN_POINT('',(8.551,78.234471114816,9.55));
#1764 = CARTESIAN_POINT('',(8.332741181622,78.160918250565,9.55));
#1765 = CARTESIAN_POINT('',(8.124769631093,78.084908086752,
    9.495559283765));
#1766 = CARTESIAN_POINT('',(7.939477292077,78.011427362106,
    9.395645606247));
#1767 = CARTESIAN_POINT('',(7.785055487233,77.945888510696,
    9.259426124992));
#1768 = CARTESIAN_POINT('',(7.667237599796,77.893603984714,
    9.096793843115));
#1769 = CARTESIAN_POINT('',(7.588939540275,77.858209185969,8.91772427851
    ));
#1770 = CARTESIAN_POINT('',(7.551,77.841056803006,8.732199415385));
#1771 = CARTESIAN_POINT('',(7.551,77.841056803006,8.55));
#1772 = ORIENTED_EDGE('',*,*,#1773,.T.);
#1773 = EDGE_CURVE('',#1760,#1624,#1774,.T.);
#1774 = CIRCLE('',#1775,10.8);
#1775 = AXIS2_PLACEMENT_3D('',#1776,#1777,#1778);
#1776 = CARTESIAN_POINT('',(12.,68.,9.55));
#1777 = DIRECTION('',(0.,0.,-1.));
#1778 = DIRECTION('',(1.,0.,0.));
#1779 = ORIENTED_EDGE('',*,*,#1631,.T.);
#1780 = ORIENTED_EDGE('',*,*,#1781,.T.);
#1781 = EDGE_CURVE('',#1632,#1714,#1782,.T.);
#1782 = CIRCLE('',#1783,10.8);
#1783 = AXIS2_PLACEMENT_3D('',#1784,#1785,#1786);
#1784 = CARTESIAN_POINT('',(12.,68.,12.3));
#1785 = DIRECTION('',(0.,0.,1.));
#1786 = DIRECTION('',(1.,0.,0.));
#1787 = CYLINDRICAL_SURFACE('',#1788,10.8);
#1788 = AXIS2_PLACEMENT_3D('',#1789,#1790,#1791);
#1789 = CARTESIAN_POINT('',(12.,68.,-1.));
#1790 = DIRECTION('',(-0.,-0.,-1.));
#1791 = DIRECTION('',(1.,0.,0.));
#1792 = ADVANCED_FACE('',(#1793),#1804,.T.);
#1793 = FACE_BOUND('',#1794,.T.);
#1794 = EDGE_LOOP('',(#1795,#1796,#1797,#1798));
#1795 = ORIENTED_EDGE('',*,*,#1300,.F.);
#1796 = ORIENTED_EDGE('',*,*,#561,.F.);
#1797 = ORIENTED_EDGE('',*,*,#1713,.T.);
#1798 = ORIENTED_EDGE('',*,*,#1799,.F.);
#1799 = EDGE_CURVE('',#1301,#1714,#1800,.T.);
#1800 = LINE('',#1801,#1802);
#1801 = CARTESIAN_POINT('',(1.2,12.,12.3));
#1802 = VECTOR('',#1803,1.);
#1803 = DIRECTION('',(0.,1.,0.));
#1804 = PLANE('',#1805);
#1805 = AXIS2_PLACEMENT_3D('',#1806,#1807,#1808);
#1806 = CARTESIAN_POINT('',(1.2,12.,-1.));
#1807 = DIRECTION('',(1.,0.,0.));
#1808 = DIRECTION('',(0.,0.,1.));
#1809 = ADVANCED_FACE('',(#1810),#1829,.F.);
#1810 = FACE_BOUND('',#1811,.T.);
#1811 = EDGE_LOOP('',(#1812,#1813,#1821,#1828));
#1812 = ORIENTED_EDGE('',*,*,#569,.T.);
#1813 = ORIENTED_EDGE('',*,*,#1814,.T.);
#1814 = EDGE_CURVE('',#570,#1815,#1817,.T.);
#1815 = VERTEX_POINT('',#1816);
#1816 = CARTESIAN_POINT('',(25.65,77.,9.2));
#1817 = LINE('',#1818,#1819);
#1818 = CARTESIAN_POINT('',(25.65,77.,0.8));
#1819 = VECTOR('',#1820,1.);
#1820 = DIRECTION('',(0.,0.,1.));
#1821 = ORIENTED_EDGE('',*,*,#1822,.T.);
#1822 = EDGE_CURVE('',#1815,#1815,#1823,.T.);
#1823 = CIRCLE('',#1824,0.65);
#1824 = AXIS2_PLACEMENT_3D('',#1825,#1826,#1827);
#1825 = CARTESIAN_POINT('',(25.,77.,9.2));
#1826 = DIRECTION('',(0.,0.,1.));
#1827 = DIRECTION('',(1.,0.,0.));
#1828 = ORIENTED_EDGE('',*,*,#1814,.F.);
#1829 = CYLINDRICAL_SURFACE('',#1830,0.65);
#1830 = AXIS2_PLACEMENT_3D('',#1831,#1832,#1833);
#1831 = CARTESIAN_POINT('',(25.,77.,0.8));
#1832 = DIRECTION('',(-0.,-0.,-1.));
#1833 = DIRECTION('',(1.,0.,0.));
#1834 = ADVANCED_FACE('',(#1835),#1854,.F.);
#1835 = FACE_BOUND('',#1836,.T.);
#1836 = EDGE_LOOP('',(#1837,#1838,#1846,#1853));
#1837 = ORIENTED_EDGE('',*,*,#580,.T.);
#1838 = ORIENTED_EDGE('',*,*,#1839,.T.);
#1839 = EDGE_CURVE('',#581,#1840,#1842,.T.);
#1840 = VERTEX_POINT('',#1841);
#1841 = CARTESIAN_POINT('',(25.65,3.,9.2));
#1842 = LINE('',#1843,#1844);
#1843 = CARTESIAN_POINT('',(25.65,3.,0.8));
#1844 = VECTOR('',#1845,1.);
#1845 = DIRECTION('',(0.,0.,1.));
#1846 = ORIENTED_EDGE('',*,*,#1847,.T.);
#1847 = EDGE_CURVE('',#1840,#1840,#1848,.T.);
#1848 = CIRCLE('',#1849,0.65);
#1849 = AXIS2_PLACEMENT_3D('',#1850,#1851,#1852);
#1850 = CARTESIAN_POINT('',(25.,3.,9.2));
#1851 = DIRECTION('',(0.,0.,1.));
#1852 = DIRECTION('',(1.,0.,0.));
#1853 = ORIENTED_EDGE('',*,*,#1839,.F.);
#1854 = CYLINDRICAL_SURFACE('',#1855,0.65);
#1855 = AXIS2_PLACEMENT_3D('',#1856,#1857,#1858);
#1856 = CARTESIAN_POINT('',(25.,3.,0.8));
#1857 = DIRECTION('',(-0.,-0.,-1.));
#1858 = DIRECTION('',(1.,0.,0.));
#1859 = ADVANCED_FACE('',(#1860),#1872,.T.);
#1860 = FACE_BOUND('',#1861,.T.);
#1861 = EDGE_LOOP('',(#1862,#1869,#1870,#1871));
#1862 = ORIENTED_EDGE('',*,*,#1863,.F.);
#1863 = EDGE_CURVE('',#856,#711,#1864,.T.);
#1864 = CIRCLE('',#1865,0.55);
#1865 = AXIS2_PLACEMENT_3D('',#1866,#1867,#1868);
#1866 = CARTESIAN_POINT('',(12.,79.45,12.95));
#1867 = DIRECTION('',(1.,0.,0.));
#1868 = DIRECTION('',(0.,1.,0.));
#1869 = ORIENTED_EDGE('',*,*,#863,.T.);
#1870 = ORIENTED_EDGE('',*,*,#597,.T.);
#1871 = ORIENTED_EDGE('',*,*,#718,.F.);
#1872 = TOROIDAL_SURFACE('',#1873,11.45,0.55);
#1873 = AXIS2_PLACEMENT_3D('',#1874,#1875,#1876);
#1874 = CARTESIAN_POINT('',(12.,68.,12.95));
#1875 = DIRECTION('',(0.,0.,1.));
#1876 = DIRECTION('',(0.,1.,0.));
#1877 = ADVANCED_FACE('',(#1878),#1897,.T.);
#1878 = FACE_BOUND('',#1879,.F.);
#1879 = EDGE_LOOP('',(#1880,#1889,#1890,#1891));
#1880 = ORIENTED_EDGE('',*,*,#1881,.T.);
#1881 = EDGE_CURVE('',#1882,#702,#1884,.T.);
#1882 = VERTEX_POINT('',#1883);
#1883 = CARTESIAN_POINT('',(38.,80.,12.95));
#1884 = CIRCLE('',#1885,0.55);
#1885 = AXIS2_PLACEMENT_3D('',#1886,#1887,#1888);
#1886 = CARTESIAN_POINT('',(38.,79.45,12.95));
#1887 = DIRECTION('',(1.,-6.123233995737E-17,0.));
#1888 = DIRECTION('',(6.123233995737E-17,1.,0.));
#1889 = ORIENTED_EDGE('',*,*,#710,.T.);
#1890 = ORIENTED_EDGE('',*,*,#1863,.F.);
#1891 = ORIENTED_EDGE('',*,*,#1892,.F.);
#1892 = EDGE_CURVE('',#1882,#856,#1893,.T.);
#1893 = LINE('',#1894,#1895);
#1894 = CARTESIAN_POINT('',(38.,80.,12.95));
#1895 = VECTOR('',#1896,1.);
#1896 = DIRECTION('',(-1.,-0.,-0.));
#1897 = CYLINDRICAL_SURFACE('',#1898,0.55);
#1898 = AXIS2_PLACEMENT_3D('',#1899,#1900,#1901);
#1899 = CARTESIAN_POINT('',(38.,79.45,12.95));
#1900 = DIRECTION('',(-1.,-0.,-0.));
#1901 = DIRECTION('',(0.,1.,0.));
#1902 = ADVANCED_FACE('',(#1903),#1921,.T.);
#1903 = FACE_BOUND('',#1904,.T.);
#1904 = EDGE_LOOP('',(#1905,#1912,#1919,#1920));
#1905 = ORIENTED_EDGE('',*,*,#1906,.F.);
#1906 = EDGE_CURVE('',#937,#694,#1907,.T.);
#1907 = CIRCLE('',#1908,0.55);
#1908 = AXIS2_PLACEMENT_3D('',#1909,#1910,#1911);
#1909 = CARTESIAN_POINT('',(49.45,68.,12.95));
#1910 = DIRECTION('',(0.,-1.,0.));
#1911 = DIRECTION('',(1.,0.,0.));
#1912 = ORIENTED_EDGE('',*,*,#1913,.T.);
#1913 = EDGE_CURVE('',#937,#1882,#1914,.T.);
#1914 = CIRCLE('',#1915,12.);
#1915 = AXIS2_PLACEMENT_3D('',#1916,#1917,#1918);
#1916 = CARTESIAN_POINT('',(38.,68.,12.95));
#1917 = DIRECTION('',(0.,0.,1.));
#1918 = DIRECTION('',(1.,0.,0.));
#1919 = ORIENTED_EDGE('',*,*,#1881,.T.);
#1920 = ORIENTED_EDGE('',*,*,#701,.F.);
#1921 = TOROIDAL_SURFACE('',#1922,11.45,0.55);
#1922 = AXIS2_PLACEMENT_3D('',#1923,#1924,#1925);
#1923 = CARTESIAN_POINT('',(38.,68.,12.95));
#1924 = DIRECTION('',(0.,0.,1.));
#1925 = DIRECTION('',(1.,0.,0.));
#1926 = ADVANCED_FACE('',(#1927),#1933,.T.);
#1927 = FACE_BOUND('',#1928,.F.);
#1928 = EDGE_LOOP('',(#1929,#1930,#1931,#1932));
#1929 = ORIENTED_EDGE('',*,*,#880,.T.);
#1930 = ORIENTED_EDGE('',*,*,#693,.T.);
#1931 = ORIENTED_EDGE('',*,*,#1906,.F.);
#1932 = ORIENTED_EDGE('',*,*,#944,.F.);
#1933 = CYLINDRICAL_SURFACE('',#1934,0.55);
#1934 = AXIS2_PLACEMENT_3D('',#1935,#1936,#1937);
#1935 = CARTESIAN_POINT('',(49.45,12.,12.95));
#1936 = DIRECTION('',(0.,1.,0.));
#1937 = DIRECTION('',(1.,0.,0.));
#1938 = ADVANCED_FACE('',(#1939),#1957,.F.);
#1939 = FACE_BOUND('',#1940,.F.);
#1940 = EDGE_LOOP('',(#1941,#1942,#1950,#1956));
#1941 = ORIENTED_EDGE('',*,*,#1161,.F.);
#1942 = ORIENTED_EDGE('',*,*,#1943,.T.);
#1943 = EDGE_CURVE('',#1162,#1944,#1946,.T.);
#1944 = VERTEX_POINT('',#1945);
#1945 = CARTESIAN_POINT('',(48.15,30.,13.42));
#1946 = LINE('',#1947,#1948);
#1947 = CARTESIAN_POINT('',(48.15,11.,13.42));
#1948 = VECTOR('',#1949,1.);
#1949 = DIRECTION('',(0.,1.,0.));
#1950 = ORIENTED_EDGE('',*,*,#1951,.T.);
#1951 = EDGE_CURVE('',#1944,#659,#1952,.T.);
#1952 = LINE('',#1953,#1954);
#1953 = CARTESIAN_POINT('',(48.15,30.,13.42));
#1954 = VECTOR('',#1955,1.);
#1955 = DIRECTION('',(0.,0.,1.));
#1956 = ORIENTED_EDGE('',*,*,#667,.F.);
#1957 = PLANE('',#1958);
#1958 = AXIS2_PLACEMENT_3D('',#1959,#1960,#1961);
#1959 = CARTESIAN_POINT('',(48.15,11.,13.42));
#1960 = DIRECTION('',(1.,0.,0.));
#1961 = DIRECTION('',(0.,0.,1.));
#1962 = ADVANCED_FACE('',(#1963),#1982,.F.);
#1963 = FACE_BOUND('',#1964,.T.);
#1964 = EDGE_LOOP('',(#1965,#1974,#1975,#1976));
#1965 = ORIENTED_EDGE('',*,*,#1966,.F.);
#1966 = EDGE_CURVE('',#1944,#1967,#1969,.T.);
#1967 = VERTEX_POINT('',#1968);
#1968 = CARTESIAN_POINT('',(37.5,40.65,13.42));
#1969 = CIRCLE('',#1970,10.65);
#1970 = AXIS2_PLACEMENT_3D('',#1971,#1972,#1973);
#1971 = CARTESIAN_POINT('',(37.5,30.,13.42));
#1972 = DIRECTION('',(0.,0.,1.));
#1973 = DIRECTION('',(1.,0.,0.));
#1974 = ORIENTED_EDGE('',*,*,#1951,.T.);
#1975 = ORIENTED_EDGE('',*,*,#658,.F.);
#1976 = ORIENTED_EDGE('',*,*,#1977,.F.);
#1977 = EDGE_CURVE('',#1967,#651,#1978,.T.);
#1978 = LINE('',#1979,#1980);
#1979 = CARTESIAN_POINT('',(37.5,40.65,13.42));
#1980 = VECTOR('',#1981,1.);
#1981 = DIRECTION('',(0.,0.,1.));
#1982 = CYLINDRICAL_SURFACE('',#1983,10.65);
#1983 = AXIS2_PLACEMENT_3D('',#1984,#1985,#1986);
#1984 = CARTESIAN_POINT('',(37.5,30.,13.42));
#1985 = DIRECTION('',(-0.,-0.,-1.));
#1986 = DIRECTION('',(1.,0.,0.));
#1987 = ADVANCED_FACE('',(#1988),#2006,.F.);
#1988 = FACE_BOUND('',#1989,.F.);
#1989 = EDGE_LOOP('',(#1990,#1998,#2004,#2005));
#1990 = ORIENTED_EDGE('',*,*,#1991,.F.);
#1991 = EDGE_CURVE('',#1992,#1967,#1994,.T.);
#1992 = VERTEX_POINT('',#1993);
#1993 = CARTESIAN_POINT('',(12.5,40.65,13.42));
#1994 = LINE('',#1995,#1996);
#1995 = CARTESIAN_POINT('',(12.5,40.65,13.42));
#1996 = VECTOR('',#1997,1.);
#1997 = DIRECTION('',(1.,0.,0.));
#1998 = ORIENTED_EDGE('',*,*,#1999,.T.);
#1999 = EDGE_CURVE('',#1992,#642,#2000,.T.);
#2000 = LINE('',#2001,#2002);
#2001 = CARTESIAN_POINT('',(12.5,40.65,13.42));
#2002 = VECTOR('',#2003,1.);
#2003 = DIRECTION('',(0.,0.,1.));
#2004 = ORIENTED_EDGE('',*,*,#650,.F.);
#2005 = ORIENTED_EDGE('',*,*,#1977,.F.);
#2006 = PLANE('',#2007);
#2007 = AXIS2_PLACEMENT_3D('',#2008,#2009,#2010);
#2008 = CARTESIAN_POINT('',(12.5,40.65,13.42));
#2009 = DIRECTION('',(0.,1.,0.));
#2010 = DIRECTION('',(0.,0.,1.));
#2011 = ADVANCED_FACE('',(#2012),#2031,.F.);
#2012 = FACE_BOUND('',#2013,.T.);
#2013 = EDGE_LOOP('',(#2014,#2023,#2024,#2025));
#2014 = ORIENTED_EDGE('',*,*,#2015,.F.);
#2015 = EDGE_CURVE('',#1992,#2016,#2018,.T.);
#2016 = VERTEX_POINT('',#2017);
#2017 = CARTESIAN_POINT('',(1.85,30.,13.42));
#2018 = CIRCLE('',#2019,10.65);
#2019 = AXIS2_PLACEMENT_3D('',#2020,#2021,#2022);
#2020 = CARTESIAN_POINT('',(12.5,30.,13.42));
#2021 = DIRECTION('',(0.,0.,1.));
#2022 = DIRECTION('',(1.,0.,0.));
#2023 = ORIENTED_EDGE('',*,*,#1999,.T.);
#2024 = ORIENTED_EDGE('',*,*,#641,.F.);
#2025 = ORIENTED_EDGE('',*,*,#2026,.F.);
#2026 = EDGE_CURVE('',#2016,#634,#2027,.T.);
#2027 = LINE('',#2028,#2029);
#2028 = CARTESIAN_POINT('',(1.85,30.,13.42));
#2029 = VECTOR('',#2030,1.);
#2030 = DIRECTION('',(0.,0.,1.));
#2031 = CYLINDRICAL_SURFACE('',#2032,10.65);
#2032 = AXIS2_PLACEMENT_3D('',#2033,#2034,#2035);
#2033 = CARTESIAN_POINT('',(12.5,30.,13.42));
#2034 = DIRECTION('',(-0.,-0.,-1.));
#2035 = DIRECTION('',(1.,0.,0.));
#2036 = ADVANCED_FACE('',(#2037),#2048,.T.);
#2037 = FACE_BOUND('',#2038,.T.);
#2038 = EDGE_LOOP('',(#2039,#2040,#2046,#2047));
#2039 = ORIENTED_EDGE('',*,*,#761,.F.);
#2040 = ORIENTED_EDGE('',*,*,#2041,.T.);
#2041 = EDGE_CURVE('',#753,#2016,#2042,.T.);
#2042 = LINE('',#2043,#2044);
#2043 = CARTESIAN_POINT('',(1.85,11.,13.42));
#2044 = VECTOR('',#2045,1.);
#2045 = DIRECTION('',(0.,1.,0.));
#2046 = ORIENTED_EDGE('',*,*,#2026,.T.);
#2047 = ORIENTED_EDGE('',*,*,#633,.F.);
#2048 = PLANE('',#2049);
#2049 = AXIS2_PLACEMENT_3D('',#2050,#2051,#2052);
#2050 = CARTESIAN_POINT('',(1.85,11.,13.42));
#2051 = DIRECTION('',(1.,0.,0.));
#2052 = DIRECTION('',(0.,0.,1.));
#2053 = ADVANCED_FACE('',(#2054),#2073,.F.);
#2054 = FACE_BOUND('',#2055,.T.);
#2055 = EDGE_LOOP('',(#2056,#2065,#2071,#2072));
#2056 = ORIENTED_EDGE('',*,*,#2057,.T.);
#2057 = EDGE_CURVE('',#2058,#2058,#2060,.T.);
#2058 = VERTEX_POINT('',#2059);
#2059 = CARTESIAN_POINT('',(41.7,61.3,12.3));
#2060 = CIRCLE('',#2061,16.7);
#2061 = AXIS2_PLACEMENT_3D('',#2062,#2063,#2064);
#2062 = CARTESIAN_POINT('',(25.,61.3,12.3));
#2063 = DIRECTION('',(0.,0.,-1.));
#2064 = DIRECTION('',(1.,0.,0.));
#2065 = ORIENTED_EDGE('',*,*,#2066,.T.);
#2066 = EDGE_CURVE('',#2058,#728,#2067,.T.);
#2067 = LINE('',#2068,#2069);
#2068 = CARTESIAN_POINT('',(41.7,61.3,11.7));
#2069 = VECTOR('',#2070,1.);
#2070 = DIRECTION('',(0.,0.,1.));
#2071 = ORIENTED_EDGE('',*,*,#727,.F.);
#2072 = ORIENTED_EDGE('',*,*,#2066,.F.);
#2073 = CYLINDRICAL_SURFACE('',#2074,16.7);
#2074 = AXIS2_PLACEMENT_3D('',#2075,#2076,#2077);
#2075 = CARTESIAN_POINT('',(25.,61.3,11.7));
#2076 = DIRECTION('',(-0.,-0.,-1.));
#2077 = DIRECTION('',(1.,0.,0.));
#2078 = ADVANCED_FACE('',(#2079,#2089),#2159,.F.);
#2079 = FACE_BOUND('',#2080,.F.);
#2080 = EDGE_LOOP('',(#2081,#2082,#2083,#2084,#2085,#2086,#2087,#2088));
#2081 = ORIENTED_EDGE('',*,*,#752,.F.);
#2082 = ORIENTED_EDGE('',*,*,#2041,.T.);
#2083 = ORIENTED_EDGE('',*,*,#2015,.F.);
#2084 = ORIENTED_EDGE('',*,*,#1991,.T.);
#2085 = ORIENTED_EDGE('',*,*,#1966,.F.);
#2086 = ORIENTED_EDGE('',*,*,#1943,.F.);
#2087 = ORIENTED_EDGE('',*,*,#1169,.F.);
#2088 = ORIENTED_EDGE('',*,*,#1195,.F.);
#2089 = FACE_BOUND('',#2090,.F.);
#2090 = EDGE_LOOP('',(#2091,#2102,#2110,#2119,#2127,#2136,#2144,#2153));
#2091 = ORIENTED_EDGE('',*,*,#2092,.F.);
#2092 = EDGE_CURVE('',#2093,#2095,#2097,.T.);
#2093 = VERTEX_POINT('',#2094);
#2094 = CARTESIAN_POINT('',(13.275,1.935,13.42));
#2095 = VERTEX_POINT('',#2096);
#2096 = CARTESIAN_POINT('',(2.975,12.235,13.42));
#2097 = CIRCLE('',#2098,10.3);
#2098 = AXIS2_PLACEMENT_3D('',#2099,#2100,#2101);
#2099 = CARTESIAN_POINT('',(13.275,12.235,13.42));
#2100 = DIRECTION('',(0.,0.,-1.));
#2101 = DIRECTION('',(1.,0.,0.));
#2102 = ORIENTED_EDGE('',*,*,#2103,.F.);
#2103 = EDGE_CURVE('',#2104,#2093,#2106,.T.);
#2104 = VERTEX_POINT('',#2105);
#2105 = CARTESIAN_POINT('',(36.725,1.935,13.42));
#2106 = LINE('',#2107,#2108);
#2107 = CARTESIAN_POINT('',(19.1375,1.935,13.42));
#2108 = VECTOR('',#2109,1.);
#2109 = DIRECTION('',(-1.,0.,0.));
#2110 = ORIENTED_EDGE('',*,*,#2111,.F.);
#2111 = EDGE_CURVE('',#2112,#2104,#2114,.T.);
#2112 = VERTEX_POINT('',#2113);
#2113 = CARTESIAN_POINT('',(47.025,12.235,13.42));
#2114 = CIRCLE('',#2115,10.3);
#2115 = AXIS2_PLACEMENT_3D('',#2116,#2117,#2118);
#2116 = CARTESIAN_POINT('',(36.725,12.235,13.42));
#2117 = DIRECTION('',(0.,0.,-1.));
#2118 = DIRECTION('',(1.,0.,0.));
#2119 = ORIENTED_EDGE('',*,*,#2120,.T.);
#2120 = EDGE_CURVE('',#2112,#2121,#2123,.T.);
#2121 = VERTEX_POINT('',#2122);
#2122 = CARTESIAN_POINT('',(47.025,28.565,13.42));
#2123 = LINE('',#2124,#2125);
#2124 = CARTESIAN_POINT('',(47.025,16.3675,13.42));
#2125 = VECTOR('',#2126,1.);
#2126 = DIRECTION('',(0.,1.,0.));
#2127 = ORIENTED_EDGE('',*,*,#2128,.F.);
#2128 = EDGE_CURVE('',#2129,#2121,#2131,.T.);
#2129 = VERTEX_POINT('',#2130);
#2130 = CARTESIAN_POINT('',(36.725,38.865,13.42));
#2131 = CIRCLE('',#2132,10.3);
#2132 = AXIS2_PLACEMENT_3D('',#2133,#2134,#2135);
#2133 = CARTESIAN_POINT('',(36.725,28.565,13.42));
#2134 = DIRECTION('',(0.,0.,-1.));
#2135 = DIRECTION('',(1.,0.,0.));
#2136 = ORIENTED_EDGE('',*,*,#2137,.T.);
#2137 = EDGE_CURVE('',#2129,#2138,#2140,.T.);
#2138 = VERTEX_POINT('',#2139);
#2139 = CARTESIAN_POINT('',(13.275,38.865,13.42));
#2140 = LINE('',#2141,#2142);
#2141 = CARTESIAN_POINT('',(19.1375,38.865,13.42));
#2142 = VECTOR('',#2143,1.);
#2143 = DIRECTION('',(-1.,0.,0.));
#2144 = ORIENTED_EDGE('',*,*,#2145,.F.);
#2145 = EDGE_CURVE('',#2146,#2138,#2148,.T.);
#2146 = VERTEX_POINT('',#2147);
#2147 = CARTESIAN_POINT('',(2.975,28.565,13.42));
#2148 = CIRCLE('',#2149,10.3);
#2149 = AXIS2_PLACEMENT_3D('',#2150,#2151,#2152);
#2150 = CARTESIAN_POINT('',(13.275,28.565,13.42));
#2151 = DIRECTION('',(0.,0.,-1.));
#2152 = DIRECTION('',(1.,0.,0.));
#2153 = ORIENTED_EDGE('',*,*,#2154,.F.);
#2154 = EDGE_CURVE('',#2095,#2146,#2155,.T.);
#2155 = LINE('',#2156,#2157);
#2156 = CARTESIAN_POINT('',(2.975,16.3675,13.42));
#2157 = VECTOR('',#2158,1.);
#2158 = DIRECTION('',(0.,1.,0.));
#2159 = PLANE('',#2160);
#2160 = AXIS2_PLACEMENT_3D('',#2161,#2162,#2163);
#2161 = CARTESIAN_POINT('',(25.,20.5,13.42));
#2162 = DIRECTION('',(-0.,-0.,-1.));
#2163 = DIRECTION('',(-1.,0.,0.));
#2164 = ADVANCED_FACE('',(#2165),#2234,.T.);
#2165 = FACE_BOUND('',#2166,.T.);
#2166 = EDGE_LOOP('',(#2167,#2175,#2176,#2177,#2185,#2194,#2202,#2211,
    #2217,#2218,#2219,#2227));
#2167 = ORIENTED_EDGE('',*,*,#2168,.F.);
#2168 = EDGE_CURVE('',#1231,#2169,#2171,.T.);
#2169 = VERTEX_POINT('',#2170);
#2170 = CARTESIAN_POINT('',(38.,80.,4.300586853388));
#2171 = LINE('',#2172,#2173);
#2172 = CARTESIAN_POINT('',(38.,80.,1.2));
#2173 = VECTOR('',#2174,1.);
#2174 = DIRECTION('',(0.,0.,1.));
#2175 = ORIENTED_EDGE('',*,*,#1241,.T.);
#2176 = ORIENTED_EDGE('',*,*,#788,.T.);
#2177 = ORIENTED_EDGE('',*,*,#2178,.T.);
#2178 = EDGE_CURVE('',#789,#2179,#2181,.T.);
#2179 = VERTEX_POINT('',#2180);
#2180 = CARTESIAN_POINT('',(18.551,80.,4.05));
#2181 = LINE('',#2182,#2183);
#2182 = CARTESIAN_POINT('',(10.2755,80.,4.05));
#2183 = VECTOR('',#2184,1.);
#2184 = DIRECTION('',(1.,0.,0.));
#2185 = ORIENTED_EDGE('',*,*,#2186,.F.);
#2186 = EDGE_CURVE('',#2187,#2179,#2189,.T.);
#2187 = VERTEX_POINT('',#2188);
#2188 = CARTESIAN_POINT('',(19.551,80.,5.05));
#2189 = CIRCLE('',#2190,1.);
#2190 = AXIS2_PLACEMENT_3D('',#2191,#2192,#2193);
#2191 = CARTESIAN_POINT('',(18.551,80.,5.05));
#2192 = DIRECTION('',(-0.,1.,2.22044604925E-16));
#2193 = DIRECTION('',(1.,0.,0.));
#2194 = ORIENTED_EDGE('',*,*,#2195,.F.);
#2195 = EDGE_CURVE('',#2196,#2187,#2198,.T.);
#2196 = VERTEX_POINT('',#2197);
#2197 = CARTESIAN_POINT('',(19.551,80.,8.55));
#2198 = LINE('',#2199,#2200);
#2199 = CARTESIAN_POINT('',(19.551,80.,3.125));
#2200 = VECTOR('',#2201,1.);
#2201 = DIRECTION('',(0.,0.,-1.));
#2202 = ORIENTED_EDGE('',*,*,#2203,.F.);
#2203 = EDGE_CURVE('',#2204,#2196,#2206,.T.);
#2204 = VERTEX_POINT('',#2205);
#2205 = CARTESIAN_POINT('',(18.551,80.,9.55));
#2206 = CIRCLE('',#2207,1.);
#2207 = AXIS2_PLACEMENT_3D('',#2208,#2209,#2210);
#2208 = CARTESIAN_POINT('',(18.551,80.,8.55));
#2209 = DIRECTION('',(-0.,1.,2.22044604925E-16));
#2210 = DIRECTION('',(1.,0.,0.));
#2211 = ORIENTED_EDGE('',*,*,#2212,.F.);
#2212 = EDGE_CURVE('',#847,#2204,#2213,.T.);
#2213 = LINE('',#2214,#2215);
#2214 = CARTESIAN_POINT('',(10.2755,80.,9.55));
#2215 = VECTOR('',#2216,1.);
#2216 = DIRECTION('',(1.,0.,0.));
#2217 = ORIENTED_EDGE('',*,*,#855,.T.);
#2218 = ORIENTED_EDGE('',*,*,#1892,.F.);
#2219 = ORIENTED_EDGE('',*,*,#2220,.F.);
#2220 = EDGE_CURVE('',#2221,#1882,#2223,.T.);
#2221 = VERTEX_POINT('',#2222);
#2222 = CARTESIAN_POINT('',(38.,80.,11.499413146612));
#2223 = LINE('',#2224,#2225);
#2224 = CARTESIAN_POINT('',(38.,80.,1.2));
#2225 = VECTOR('',#2226,1.);
#2226 = DIRECTION('',(0.,0.,1.));
#2227 = ORIENTED_EDGE('',*,*,#2228,.F.);
#2228 = EDGE_CURVE('',#2169,#2221,#2229,.T.);
#2229 = CIRCLE('',#2230,3.6);
#2230 = AXIS2_PLACEMENT_3D('',#2231,#2232,#2233);
#2231 = CARTESIAN_POINT('',(37.935,80.,7.9));
#2232 = DIRECTION('',(-0.,1.,2.22044604925E-16));
#2233 = DIRECTION('',(1.,0.,0.));
#2234 = PLANE('',#2235);
#2235 = AXIS2_PLACEMENT_3D('',#2236,#2237,#2238);
#2236 = CARTESIAN_POINT('',(12.,80.,1.2));
#2237 = DIRECTION('',(0.,1.,0.));
#2238 = DIRECTION('',(0.,0.,1.));
#2239 = ADVANCED_FACE('',(#2240),#2258,.F.);
#2240 = FACE_BOUND('',#2241,.F.);
#2241 = EDGE_LOOP('',(#2242,#2243,#2249,#2250,#2251,#2257));
#2242 = ORIENTED_EDGE('',*,*,#846,.F.);
#2243 = ORIENTED_EDGE('',*,*,#2244,.T.);
#2244 = EDGE_CURVE('',#833,#1760,#2245,.T.);
#2245 = LINE('',#2246,#2247);
#2246 = CARTESIAN_POINT('',(8.551,81.,9.55));
#2247 = VECTOR('',#2248,1.);
#2248 = DIRECTION('',(0.,-1.,-2.22044604925E-16));
#2249 = ORIENTED_EDGE('',*,*,#1773,.T.);
#2250 = ORIENTED_EDGE('',*,*,#1623,.T.);
#2251 = ORIENTED_EDGE('',*,*,#2252,.F.);
#2252 = EDGE_CURVE('',#2204,#1615,#2253,.T.);
#2253 = LINE('',#2254,#2255);
#2254 = CARTESIAN_POINT('',(18.551,81.,9.55));
#2255 = VECTOR('',#2256,1.);
#2256 = DIRECTION('',(0.,-1.,-2.22044604925E-16));
#2257 = ORIENTED_EDGE('',*,*,#2212,.F.);
#2258 = PLANE('',#2259);
#2259 = AXIS2_PLACEMENT_3D('',#2260,#2261,#2262);
#2260 = CARTESIAN_POINT('',(8.551,81.,9.55));
#2261 = DIRECTION('',(0.,-2.22044604925E-16,1.));
#2262 = DIRECTION('',(0.,-1.,-2.22044604925E-16));
#2263 = ADVANCED_FACE('',(#2264),#2275,.F.);
#2264 = FACE_BOUND('',#2265,.T.);
#2265 = EDGE_LOOP('',(#2266,#2267,#2268,#2269));
#2266 = ORIENTED_EDGE('',*,*,#832,.F.);
#2267 = ORIENTED_EDGE('',*,*,#2244,.T.);
#2268 = ORIENTED_EDGE('',*,*,#1759,.T.);
#2269 = ORIENTED_EDGE('',*,*,#2270,.F.);
#2270 = EDGE_CURVE('',#825,#1752,#2271,.T.);
#2271 = LINE('',#2272,#2273);
#2272 = CARTESIAN_POINT('',(7.551,81.,8.55));
#2273 = VECTOR('',#2274,1.);
#2274 = DIRECTION('',(0.,-1.,-2.22044604925E-16));
#2275 = CYLINDRICAL_SURFACE('',#2276,1.);
#2276 = AXIS2_PLACEMENT_3D('',#2277,#2278,#2279);
#2277 = CARTESIAN_POINT('',(8.551,81.,8.55));
#2278 = DIRECTION('',(-0.,1.,2.22044604925E-16));
#2279 = DIRECTION('',(1.,0.,0.));
#2280 = ADVANCED_FACE('',(#2281),#2292,.T.);
#2281 = FACE_BOUND('',#2282,.T.);
#2282 = EDGE_LOOP('',(#2283,#2289,#2290,#2291));
#2283 = ORIENTED_EDGE('',*,*,#2284,.F.);
#2284 = EDGE_CURVE('',#806,#1733,#2285,.T.);
#2285 = LINE('',#2286,#2287);
#2286 = CARTESIAN_POINT('',(7.551,81.,5.05));
#2287 = VECTOR('',#2288,1.);
#2288 = DIRECTION('',(0.,-1.,-2.22044604925E-16));
#2289 = ORIENTED_EDGE('',*,*,#824,.F.);
#2290 = ORIENTED_EDGE('',*,*,#2270,.T.);
#2291 = ORIENTED_EDGE('',*,*,#1751,.T.);
#2292 = PLANE('',#2293);
#2293 = AXIS2_PLACEMENT_3D('',#2294,#2295,#2296);
#2294 = CARTESIAN_POINT('',(7.551,81.,5.05));
#2295 = DIRECTION('',(1.,0.,0.));
#2296 = DIRECTION('',(0.,-1.,-2.22044604925E-16));
#2297 = ADVANCED_FACE('',(#2298),#2309,.F.);
#2298 = FACE_BOUND('',#2299,.T.);
#2299 = EDGE_LOOP('',(#2300,#2306,#2307,#2308));
#2300 = ORIENTED_EDGE('',*,*,#2301,.F.);
#2301 = EDGE_CURVE('',#797,#1724,#2302,.T.);
#2302 = LINE('',#2303,#2304);
#2303 = CARTESIAN_POINT('',(8.551,81.,4.05));
#2304 = VECTOR('',#2305,1.);
#2305 = DIRECTION('',(0.,-1.,-2.22044604925E-16));
#2306 = ORIENTED_EDGE('',*,*,#805,.F.);
#2307 = ORIENTED_EDGE('',*,*,#2284,.T.);
#2308 = ORIENTED_EDGE('',*,*,#1732,.T.);
#2309 = CYLINDRICAL_SURFACE('',#2310,1.);
#2310 = AXIS2_PLACEMENT_3D('',#2311,#2312,#2313);
#2311 = CARTESIAN_POINT('',(8.551,81.,5.05));
#2312 = DIRECTION('',(-0.,1.,2.22044604925E-16));
#2313 = DIRECTION('',(1.,0.,0.));
#2314 = ADVANCED_FACE('',(#2315),#2328,.T.);
#2315 = FACE_BOUND('',#2316,.T.);
#2316 = EDGE_LOOP('',(#2317,#2318,#2319,#2320,#2321,#2327));
#2317 = ORIENTED_EDGE('',*,*,#796,.F.);
#2318 = ORIENTED_EDGE('',*,*,#2301,.T.);
#2319 = ORIENTED_EDGE('',*,*,#1723,.T.);
#2320 = ORIENTED_EDGE('',*,*,#1589,.T.);
#2321 = ORIENTED_EDGE('',*,*,#2322,.F.);
#2322 = EDGE_CURVE('',#2179,#1590,#2323,.T.);
#2323 = LINE('',#2324,#2325);
#2324 = CARTESIAN_POINT('',(18.551,81.,4.05));
#2325 = VECTOR('',#2326,1.);
#2326 = DIRECTION('',(0.,-1.,-2.22044604925E-16));
#2327 = ORIENTED_EDGE('',*,*,#2178,.F.);
#2328 = PLANE('',#2329);
#2329 = AXIS2_PLACEMENT_3D('',#2330,#2331,#2332);
#2330 = CARTESIAN_POINT('',(8.551,81.,4.05));
#2331 = DIRECTION('',(0.,-2.22044604925E-16,1.));
#2332 = DIRECTION('',(0.,-1.,-2.22044604925E-16));
#2333 = ADVANCED_FACE('',(#2334),#2345,.F.);
#2334 = FACE_BOUND('',#2335,.T.);
#2335 = EDGE_LOOP('',(#2336,#2342,#2343,#2344));
#2336 = ORIENTED_EDGE('',*,*,#2337,.F.);
#2337 = EDGE_CURVE('',#1462,#969,#2338,.T.);
#2338 = LINE('',#2339,#2340);
#2339 = CARTESIAN_POINT('',(43.,24.95,5.45));
#2340 = VECTOR('',#2341,1.);
#2341 = DIRECTION('',(1.,0.,0.));
#2342 = ORIENTED_EDGE('',*,*,#1469,.T.);
#2343 = ORIENTED_EDGE('',*,*,#1018,.T.);
#2344 = ORIENTED_EDGE('',*,*,#976,.F.);
#2345 = CYLINDRICAL_SURFACE('',#2346,0.5);
#2346 = AXIS2_PLACEMENT_3D('',#2347,#2348,#2349);
#2347 = CARTESIAN_POINT('',(43.,24.45,5.45));
#2348 = DIRECTION('',(-1.,-0.,-0.));
#2349 = DIRECTION('',(0.,1.,0.));
#2350 = ADVANCED_FACE('',(#2351),#2362,.F.);
#2351 = FACE_BOUND('',#2352,.F.);
#2352 = EDGE_LOOP('',(#2353,#2354,#2355,#2361));
#2353 = ORIENTED_EDGE('',*,*,#2337,.F.);
#2354 = ORIENTED_EDGE('',*,*,#1461,.T.);
#2355 = ORIENTED_EDGE('',*,*,#2356,.T.);
#2356 = EDGE_CURVE('',#1453,#960,#2357,.T.);
#2357 = LINE('',#2358,#2359);
#2358 = CARTESIAN_POINT('',(43.,24.95,6.85));
#2359 = VECTOR('',#2360,1.);
#2360 = DIRECTION('',(1.,0.,0.));
#2361 = ORIENTED_EDGE('',*,*,#968,.F.);
#2362 = PLANE('',#2363);
#2363 = AXIS2_PLACEMENT_3D('',#2364,#2365,#2366);
#2364 = CARTESIAN_POINT('',(43.,24.95,5.45));
#2365 = DIRECTION('',(0.,1.,0.));
#2366 = DIRECTION('',(1.,0.,0.));
#2367 = ADVANCED_FACE('',(#2368),#2374,.F.);
#2368 = FACE_BOUND('',#2369,.T.);
#2369 = EDGE_LOOP('',(#2370,#2371,#2372,#2373));
#2370 = ORIENTED_EDGE('',*,*,#1452,.T.);
#2371 = ORIENTED_EDGE('',*,*,#2356,.T.);
#2372 = ORIENTED_EDGE('',*,*,#959,.F.);
#2373 = ORIENTED_EDGE('',*,*,#1139,.F.);
#2374 = CYLINDRICAL_SURFACE('',#2375,0.5);
#2375 = AXIS2_PLACEMENT_3D('',#2376,#2377,#2378);
#2376 = CARTESIAN_POINT('',(43.,24.45,6.85));
#2377 = DIRECTION('',(-1.,-0.,-0.));
#2378 = DIRECTION('',(0.,1.,0.));
#2379 = ADVANCED_FACE('',(#2380),#2431,.T.);
#2380 = FACE_BOUND('',#2381,.F.);
#2381 = EDGE_LOOP('',(#2382,#2383,#2384,#2385,#2386,#2387,#2412));
#2382 = ORIENTED_EDGE('',*,*,#2168,.F.);
#2383 = ORIENTED_EDGE('',*,*,#1262,.F.);
#2384 = ORIENTED_EDGE('',*,*,#936,.T.);
#2385 = ORIENTED_EDGE('',*,*,#1913,.T.);
#2386 = ORIENTED_EDGE('',*,*,#2220,.F.);
#2387 = ORIENTED_EDGE('',*,*,#2388,.F.);
#2388 = EDGE_CURVE('',#2389,#2221,#2391,.T.);
#2389 = VERTEX_POINT('',#2390);
#2390 = CARTESIAN_POINT('',(41.535,79.46750953782,7.9));
#2391 = B_SPLINE_CURVE_WITH_KNOTS('',7,(#2392,#2393,#2394,#2395,#2396,
    #2397,#2398,#2399,#2400,#2401,#2402,#2403,#2404,#2405,#2406,#2407,
    #2408,#2409,#2410,#2411),.UNSPECIFIED.,.F.,.F.,(8,6,6,8),(0.,
    0.454655912724,0.833219061806,1.),.UNSPECIFIED.);
#2392 = CARTESIAN_POINT('',(41.535,79.46750953782,7.9));
#2393 = CARTESIAN_POINT('',(41.535,79.46750953782,8.217200171378));
#2394 = CARTESIAN_POINT('',(41.502393357089,79.477560955105,
    8.534059383685));
#2395 = CARTESIAN_POINT('',(41.43730350081,79.497625588204,
    8.848429163647));
#2396 = CARTESIAN_POINT('',(41.339330736355,79.527187604019,
    9.158056103935));
#2397 = CARTESIAN_POINT('',(41.20764545599,79.565235506342,
    9.460346361212));
#2398 = CARTESIAN_POINT('',(41.041068474559,79.610146277076,
    9.752037830327));
#2399 = CARTESIAN_POINT('',(40.669285339427,79.700646940026,
    10.259086047981));
#2400 = CARTESIAN_POINT('',(40.474460345839,79.745047626935,
    10.480070590305));
#2401 = CARTESIAN_POINT('',(40.252840055947,79.791322209389,
    10.688504772922));
#2402 = CARTESIAN_POINT('',(40.003763020251,79.837580484977,
    10.880588543966));
#2403 = CARTESIAN_POINT('',(39.726926968295,79.881432655857,
    11.051806674673));
#2404 = CARTESIAN_POINT('',(39.422623211887,79.919993565952,
    11.196778814993));
#2405 = CARTESIAN_POINT('',(38.946601917735,79.963499296636,
    11.358366270603));
#2406 = CARTESIAN_POINT('',(38.79616273136,79.97516224098,
    11.401344517548));
#2407 = CARTESIAN_POINT('',(38.641638048052,79.984871344892,
    11.437141035768));
#2408 = CARTESIAN_POINT('',(38.483864198042,79.992363579981,
    11.465179112837));
#2409 = CARTESIAN_POINT('',(38.323723543122,79.997444489639,
    11.485044597638));
#2410 = CARTESIAN_POINT('',(38.162127592346,80.,11.496485365589));
#2411 = CARTESIAN_POINT('',(38.,80.,11.499413146612));
#2412 = ORIENTED_EDGE('',*,*,#2413,.F.);
#2413 = EDGE_CURVE('',#2169,#2389,#2414,.T.);
#2414 = B_SPLINE_CURVE_WITH_KNOTS('',8,(#2415,#2416,#2417,#2418,#2419,
    #2420,#2421,#2422,#2423,#2424,#2425,#2426,#2427,#2428,#2429,#2430),
  .UNSPECIFIED.,.F.,.F.,(9,7,9),(0.,0.277856797292,1.),.UNSPECIFIED.);
#2415 = CARTESIAN_POINT('',(38.,80.,4.300586853388));
#2416 = CARTESIAN_POINT('',(38.236849856218,80.,4.304864006365));
#2417 = CARTESIAN_POINT('',(38.471450321602,79.994657606969,
    4.32691825987));
#2418 = CARTESIAN_POINT('',(38.701717044192,79.984149245049,
    4.366203686131));
#2419 = CARTESIAN_POINT('',(38.925642594092,79.968901971004,
    4.421795150616));
#2420 = CARTESIAN_POINT('',(39.141346459932,79.949564009933,
    4.492393149208));
#2421 = CARTESIAN_POINT('',(39.347124616561,79.926955053344,
    4.576323113742));
#2422 = CARTESIAN_POINT('',(39.541498663954,79.901996319614,
    4.671529185906));
#2423 = CARTESIAN_POINT('',(40.195669715946,79.807069929288,
    5.045942461406));
#2424 = CARTESIAN_POINT('',(40.591913307096,79.727641340343,
    5.381101429717));
#2425 = CARTESIAN_POINT('',(40.913402597837,79.649007056393,
    5.758212652003));
#2426 = CARTESIAN_POINT('',(41.164671539607,79.579620329557,
    6.162830385437));
#2427 = CARTESIAN_POINT('',(41.350042713574,79.524520140997,
    6.585023121372));
#2428 = CARTESIAN_POINT('',(41.472939707249,79.486641366064,
    7.018214943075));
#2429 = CARTESIAN_POINT('',(41.535,79.46750953782,7.457854612123));
#2430 = CARTESIAN_POINT('',(41.535,79.46750953782,7.9));
#2431 = CYLINDRICAL_SURFACE('',#2432,12.);
#2432 = AXIS2_PLACEMENT_3D('',#2433,#2434,#2435);
#2433 = CARTESIAN_POINT('',(38.,68.,1.2));
#2434 = DIRECTION('',(-0.,-0.,-1.));
#2435 = DIRECTION('',(1.,0.,0.));
#2436 = ADVANCED_FACE('',(#2437,#2447,#2517,#2528,#2539,#2542,#2553),
  #2564,.F.);
#2437 = FACE_BOUND('',#2438,.F.);
#2438 = EDGE_LOOP('',(#2439,#2440,#2441,#2442,#2443,#2444,#2445,#2446));
#2439 = ORIENTED_EDGE('',*,*,#1308,.T.);
#2440 = ORIENTED_EDGE('',*,*,#1325,.T.);
#2441 = ORIENTED_EDGE('',*,*,#1399,.T.);
#2442 = ORIENTED_EDGE('',*,*,#1444,.T.);
#2443 = ORIENTED_EDGE('',*,*,#1495,.T.);
#2444 = ORIENTED_EDGE('',*,*,#1639,.F.);
#2445 = ORIENTED_EDGE('',*,*,#1781,.T.);
#2446 = ORIENTED_EDGE('',*,*,#1799,.F.);
#2447 = FACE_BOUND('',#2448,.F.);
#2448 = EDGE_LOOP('',(#2449,#2459,#2468,#2476,#2485,#2493,#2502,#2510));
#2449 = ORIENTED_EDGE('',*,*,#2450,.T.);
#2450 = EDGE_CURVE('',#2451,#2453,#2455,.T.);
#2451 = VERTEX_POINT('',#2452);
#2452 = CARTESIAN_POINT('',(36.725,1.935,12.3));
#2453 = VERTEX_POINT('',#2454);
#2454 = CARTESIAN_POINT('',(13.275,1.935,12.3));
#2455 = LINE('',#2456,#2457);
#2456 = CARTESIAN_POINT('',(19.1375,1.935,12.3));
#2457 = VECTOR('',#2458,1.);
#2458 = DIRECTION('',(-1.,0.,0.));
#2459 = ORIENTED_EDGE('',*,*,#2460,.T.);
#2460 = EDGE_CURVE('',#2453,#2461,#2463,.T.);
#2461 = VERTEX_POINT('',#2462);
#2462 = CARTESIAN_POINT('',(2.975,12.235,12.3));
#2463 = CIRCLE('',#2464,10.3);
#2464 = AXIS2_PLACEMENT_3D('',#2465,#2466,#2467);
#2465 = CARTESIAN_POINT('',(13.275,12.235,12.3));
#2466 = DIRECTION('',(0.,0.,-1.));
#2467 = DIRECTION('',(1.,0.,0.));
#2468 = ORIENTED_EDGE('',*,*,#2469,.T.);
#2469 = EDGE_CURVE('',#2461,#2470,#2472,.T.);
#2470 = VERTEX_POINT('',#2471);
#2471 = CARTESIAN_POINT('',(2.975,28.565,12.3));
#2472 = LINE('',#2473,#2474);
#2473 = CARTESIAN_POINT('',(2.975,26.1175,12.3));
#2474 = VECTOR('',#2475,1.);
#2475 = DIRECTION('',(0.,1.,0.));
#2476 = ORIENTED_EDGE('',*,*,#2477,.T.);
#2477 = EDGE_CURVE('',#2470,#2478,#2480,.T.);
#2478 = VERTEX_POINT('',#2479);
#2479 = CARTESIAN_POINT('',(13.275,38.865,12.3));
#2480 = CIRCLE('',#2481,10.3);
#2481 = AXIS2_PLACEMENT_3D('',#2482,#2483,#2484);
#2482 = CARTESIAN_POINT('',(13.275,28.565,12.3));
#2483 = DIRECTION('',(0.,0.,-1.));
#2484 = DIRECTION('',(1.,0.,0.));
#2485 = ORIENTED_EDGE('',*,*,#2486,.F.);
#2486 = EDGE_CURVE('',#2487,#2478,#2489,.T.);
#2487 = VERTEX_POINT('',#2488);
#2488 = CARTESIAN_POINT('',(36.725,38.865,12.3));
#2489 = LINE('',#2490,#2491);
#2490 = CARTESIAN_POINT('',(19.1375,38.865,12.3));
#2491 = VECTOR('',#2492,1.);
#2492 = DIRECTION('',(-1.,0.,0.));
#2493 = ORIENTED_EDGE('',*,*,#2494,.T.);
#2494 = EDGE_CURVE('',#2487,#2495,#2497,.T.);
#2495 = VERTEX_POINT('',#2496);
#2496 = CARTESIAN_POINT('',(47.025,28.565,12.3));
#2497 = CIRCLE('',#2498,10.3);
#2498 = AXIS2_PLACEMENT_3D('',#2499,#2500,#2501);
#2499 = CARTESIAN_POINT('',(36.725,28.565,12.3));
#2500 = DIRECTION('',(0.,0.,-1.));
#2501 = DIRECTION('',(1.,0.,0.));
#2502 = ORIENTED_EDGE('',*,*,#2503,.F.);
#2503 = EDGE_CURVE('',#2504,#2495,#2506,.T.);
#2504 = VERTEX_POINT('',#2505);
#2505 = CARTESIAN_POINT('',(47.025,12.235,12.3));
#2506 = LINE('',#2507,#2508);
#2507 = CARTESIAN_POINT('',(47.025,26.1175,12.3));
#2508 = VECTOR('',#2509,1.);
#2509 = DIRECTION('',(0.,1.,0.));
#2510 = ORIENTED_EDGE('',*,*,#2511,.T.);
#2511 = EDGE_CURVE('',#2504,#2451,#2512,.T.);
#2512 = CIRCLE('',#2513,10.3);
#2513 = AXIS2_PLACEMENT_3D('',#2514,#2515,#2516);
#2514 = CARTESIAN_POINT('',(36.725,12.235,12.3));
#2515 = DIRECTION('',(0.,0.,-1.));
#2516 = DIRECTION('',(1.,0.,0.));
#2517 = FACE_BOUND('',#2518,.F.);
#2518 = EDGE_LOOP('',(#2519));
#2519 = ORIENTED_EDGE('',*,*,#2520,.T.);
#2520 = EDGE_CURVE('',#2521,#2521,#2523,.T.);
#2521 = VERTEX_POINT('',#2522);
#2522 = CARTESIAN_POINT('',(8.,53.,12.3));
#2523 = CIRCLE('',#2524,2.);
#2524 = AXIS2_PLACEMENT_3D('',#2525,#2526,#2527);
#2525 = CARTESIAN_POINT('',(6.,53.,12.3));
#2526 = DIRECTION('',(0.,0.,-1.));
#2527 = DIRECTION('',(1.,0.,0.));
#2528 = FACE_BOUND('',#2529,.F.);
#2529 = EDGE_LOOP('',(#2530));
#2530 = ORIENTED_EDGE('',*,*,#2531,.T.);
#2531 = EDGE_CURVE('',#2532,#2532,#2534,.T.);
#2532 = VERTEX_POINT('',#2533);
#2533 = CARTESIAN_POINT('',(8.,69.,12.3));
#2534 = CIRCLE('',#2535,2.);
#2535 = AXIS2_PLACEMENT_3D('',#2536,#2537,#2538);
#2536 = CARTESIAN_POINT('',(6.,69.,12.3));
#2537 = DIRECTION('',(0.,0.,-1.));
#2538 = DIRECTION('',(1.,0.,0.));
#2539 = FACE_BOUND('',#2540,.F.);
#2540 = EDGE_LOOP('',(#2541));
#2541 = ORIENTED_EDGE('',*,*,#2057,.T.);
#2542 = FACE_BOUND('',#2543,.F.);
#2543 = EDGE_LOOP('',(#2544));
#2544 = ORIENTED_EDGE('',*,*,#2545,.T.);
#2545 = EDGE_CURVE('',#2546,#2546,#2548,.T.);
#2546 = VERTEX_POINT('',#2547);
#2547 = CARTESIAN_POINT('',(46.,53.,12.3));
#2548 = CIRCLE('',#2549,2.);
#2549 = AXIS2_PLACEMENT_3D('',#2550,#2551,#2552);
#2550 = CARTESIAN_POINT('',(44.,53.,12.3));
#2551 = DIRECTION('',(0.,0.,-1.));
#2552 = DIRECTION('',(1.,0.,0.));
#2553 = FACE_BOUND('',#2554,.F.);
#2554 = EDGE_LOOP('',(#2555));
#2555 = ORIENTED_EDGE('',*,*,#2556,.T.);
#2556 = EDGE_CURVE('',#2557,#2557,#2559,.T.);
#2557 = VERTEX_POINT('',#2558);
#2558 = CARTESIAN_POINT('',(46.,69.,12.3));
#2559 = CIRCLE('',#2560,2.);
#2560 = AXIS2_PLACEMENT_3D('',#2561,#2562,#2563);
#2561 = CARTESIAN_POINT('',(44.,69.,12.3));
#2562 = DIRECTION('',(0.,0.,-1.));
#2563 = DIRECTION('',(1.,0.,0.));
#2564 = PLANE('',#2565);
#2565 = AXIS2_PLACEMENT_3D('',#2566,#2567,#2568);
#2566 = CARTESIAN_POINT('',(25.,40.,12.3));
#2567 = DIRECTION('',(0.,0.,1.));
#2568 = DIRECTION('',(1.,0.,0.));
#2569 = ADVANCED_FACE('',(#2570),#2575,.T.);
#2570 = FACE_BOUND('',#2571,.T.);
#2571 = EDGE_LOOP('',(#2572,#2573,#2574));
#2572 = ORIENTED_EDGE('',*,*,#1371,.T.);
#2573 = ORIENTED_EDGE('',*,*,#1380,.T.);
#2574 = ORIENTED_EDGE('',*,*,#1348,.T.);
#2575 = PLANE('',#2576);
#2576 = AXIS2_PLACEMENT_3D('',#2577,#2578,#2579);
#2577 = CARTESIAN_POINT('',(25.,3.,10.6));
#2578 = DIRECTION('',(0.,0.,1.));
#2579 = DIRECTION('',(1.,0.,0.));
#2580 = ADVANCED_FACE('',(#2581),#2596,.F.);
#2581 = FACE_BOUND('',#2582,.T.);
#2582 = EDGE_LOOP('',(#2583,#2584,#2590,#2591,#2592,#2593,#2594,#2595));
#2583 = ORIENTED_EDGE('',*,*,#2388,.F.);
#2584 = ORIENTED_EDGE('',*,*,#2585,.T.);
#2585 = EDGE_CURVE('',#2389,#1513,#2586,.T.);
#2586 = LINE('',#2587,#2588);
#2587 = CARTESIAN_POINT('',(41.535,81.,7.9));
#2588 = VECTOR('',#2589,1.);
#2589 = DIRECTION('',(0.,-1.,-2.22044604925E-16));
#2590 = ORIENTED_EDGE('',*,*,#1512,.T.);
#2591 = ORIENTED_EDGE('',*,*,#1646,.F.);
#2592 = ORIENTED_EDGE('',*,*,#1543,.T.);
#2593 = ORIENTED_EDGE('',*,*,#2585,.F.);
#2594 = ORIENTED_EDGE('',*,*,#2413,.F.);
#2595 = ORIENTED_EDGE('',*,*,#2228,.T.);
#2596 = CYLINDRICAL_SURFACE('',#2597,3.6);
#2597 = AXIS2_PLACEMENT_3D('',#2598,#2599,#2600);
#2598 = CARTESIAN_POINT('',(37.935,81.,7.9));
#2599 = DIRECTION('',(-0.,1.,2.22044604925E-16));
#2600 = DIRECTION('',(1.,0.,0.));
#2601 = ADVANCED_FACE('',(#2602),#2607,.T.);
#2602 = FACE_BOUND('',#2603,.T.);
#2603 = EDGE_LOOP('',(#2604,#2605,#2606));
#2604 = ORIENTED_EDGE('',*,*,#1689,.T.);
#2605 = ORIENTED_EDGE('',*,*,#1698,.T.);
#2606 = ORIENTED_EDGE('',*,*,#1663,.F.);
#2607 = PLANE('',#2608);
#2608 = AXIS2_PLACEMENT_3D('',#2609,#2610,#2611);
#2609 = CARTESIAN_POINT('',(25.,77.,10.6));
#2610 = DIRECTION('',(0.,0.,1.));
#2611 = DIRECTION('',(1.,0.,0.));
#2612 = ADVANCED_FACE('',(#2613),#2624,.F.);
#2613 = FACE_BOUND('',#2614,.T.);
#2614 = EDGE_LOOP('',(#2615,#2616,#2622,#2623));
#2615 = ORIENTED_EDGE('',*,*,#2203,.T.);
#2616 = ORIENTED_EDGE('',*,*,#2617,.T.);
#2617 = EDGE_CURVE('',#2196,#1607,#2618,.T.);
#2618 = LINE('',#2619,#2620);
#2619 = CARTESIAN_POINT('',(19.551,81.,8.55));
#2620 = VECTOR('',#2621,1.);
#2621 = DIRECTION('',(0.,-1.,-2.22044604925E-16));
#2622 = ORIENTED_EDGE('',*,*,#1614,.F.);
#2623 = ORIENTED_EDGE('',*,*,#2252,.F.);
#2624 = CYLINDRICAL_SURFACE('',#2625,1.);
#2625 = AXIS2_PLACEMENT_3D('',#2626,#2627,#2628);
#2626 = CARTESIAN_POINT('',(18.551,81.,8.55));
#2627 = DIRECTION('',(-0.,1.,2.22044604925E-16));
#2628 = DIRECTION('',(1.,0.,0.));
#2629 = ADVANCED_FACE('',(#2630),#2641,.F.);
#2630 = FACE_BOUND('',#2631,.F.);
#2631 = EDGE_LOOP('',(#2632,#2638,#2639,#2640));
#2632 = ORIENTED_EDGE('',*,*,#2633,.F.);
#2633 = EDGE_CURVE('',#2187,#1598,#2634,.T.);
#2634 = LINE('',#2635,#2636);
#2635 = CARTESIAN_POINT('',(19.551,81.,5.05));
#2636 = VECTOR('',#2637,1.);
#2637 = DIRECTION('',(0.,-1.,-2.22044604925E-16));
#2638 = ORIENTED_EDGE('',*,*,#2195,.F.);
#2639 = ORIENTED_EDGE('',*,*,#2617,.T.);
#2640 = ORIENTED_EDGE('',*,*,#1606,.T.);
#2641 = PLANE('',#2642);
#2642 = AXIS2_PLACEMENT_3D('',#2643,#2644,#2645);
#2643 = CARTESIAN_POINT('',(19.551,81.,5.05));
#2644 = DIRECTION('',(1.,0.,0.));
#2645 = DIRECTION('',(0.,-1.,-2.22044604925E-16));
#2646 = ADVANCED_FACE('',(#2647),#2653,.F.);
#2647 = FACE_BOUND('',#2648,.T.);
#2648 = EDGE_LOOP('',(#2649,#2650,#2651,#2652));
#2649 = ORIENTED_EDGE('',*,*,#2633,.F.);
#2650 = ORIENTED_EDGE('',*,*,#2186,.T.);
#2651 = ORIENTED_EDGE('',*,*,#2322,.T.);
#2652 = ORIENTED_EDGE('',*,*,#1597,.F.);
#2653 = CYLINDRICAL_SURFACE('',#2654,1.);
#2654 = AXIS2_PLACEMENT_3D('',#2655,#2656,#2657);
#2655 = CARTESIAN_POINT('',(18.551,81.,5.05));
#2656 = DIRECTION('',(-0.,1.,2.22044604925E-16));
#2657 = DIRECTION('',(1.,0.,0.));
#2658 = ADVANCED_FACE('',(#2659),#2662,.F.);
#2659 = FACE_BOUND('',#2660,.T.);
#2660 = EDGE_LOOP('',(#2661));
#2661 = ORIENTED_EDGE('',*,*,#1822,.F.);
#2662 = PLANE('',#2663);
#2663 = AXIS2_PLACEMENT_3D('',#2664,#2665,#2666);
#2664 = CARTESIAN_POINT('',(25.,77.,9.2));
#2665 = DIRECTION('',(0.,0.,1.));
#2666 = DIRECTION('',(1.,0.,0.));
#2667 = ADVANCED_FACE('',(#2668),#2671,.F.);
#2668 = FACE_BOUND('',#2669,.T.);
#2669 = EDGE_LOOP('',(#2670));
#2670 = ORIENTED_EDGE('',*,*,#1847,.F.);
#2671 = PLANE('',#2672);
#2672 = AXIS2_PLACEMENT_3D('',#2673,#2674,#2675);
#2673 = CARTESIAN_POINT('',(25.,3.,9.2));
#2674 = DIRECTION('',(0.,0.,1.));
#2675 = DIRECTION('',(1.,0.,0.));
#2676 = ADVANCED_FACE('',(#2677),#2693,.F.);
#2677 = FACE_BOUND('',#2678,.T.);
#2678 = EDGE_LOOP('',(#2679,#2685,#2686,#2692));
#2679 = ORIENTED_EDGE('',*,*,#2680,.F.);
#2680 = EDGE_CURVE('',#2453,#2093,#2681,.T.);
#2681 = LINE('',#2682,#2683);
#2682 = CARTESIAN_POINT('',(13.275,1.935,11.));
#2683 = VECTOR('',#2684,1.);
#2684 = DIRECTION('',(0.,0.,1.));
#2685 = ORIENTED_EDGE('',*,*,#2460,.T.);
#2686 = ORIENTED_EDGE('',*,*,#2687,.T.);
#2687 = EDGE_CURVE('',#2461,#2095,#2688,.T.);
#2688 = LINE('',#2689,#2690);
#2689 = CARTESIAN_POINT('',(2.975,12.235,11.));
#2690 = VECTOR('',#2691,1.);
#2691 = DIRECTION('',(0.,0.,1.));
#2692 = ORIENTED_EDGE('',*,*,#2092,.F.);
#2693 = CYLINDRICAL_SURFACE('',#2694,10.3);
#2694 = AXIS2_PLACEMENT_3D('',#2695,#2696,#2697);
#2695 = CARTESIAN_POINT('',(13.275,12.235,11.));
#2696 = DIRECTION('',(-0.,-0.,-1.));
#2697 = DIRECTION('',(1.,0.,0.));
#2698 = ADVANCED_FACE('',(#2699),#2710,.T.);
#2699 = FACE_BOUND('',#2700,.T.);
#2700 = EDGE_LOOP('',(#2701,#2702,#2703,#2709));
#2701 = ORIENTED_EDGE('',*,*,#2687,.F.);
#2702 = ORIENTED_EDGE('',*,*,#2469,.T.);
#2703 = ORIENTED_EDGE('',*,*,#2704,.T.);
#2704 = EDGE_CURVE('',#2470,#2146,#2705,.T.);
#2705 = LINE('',#2706,#2707);
#2706 = CARTESIAN_POINT('',(2.975,28.565,11.));
#2707 = VECTOR('',#2708,1.);
#2708 = DIRECTION('',(0.,0.,1.));
#2709 = ORIENTED_EDGE('',*,*,#2154,.F.);
#2710 = PLANE('',#2711);
#2711 = AXIS2_PLACEMENT_3D('',#2712,#2713,#2714);
#2712 = CARTESIAN_POINT('',(2.975,12.235,11.));
#2713 = DIRECTION('',(1.,0.,0.));
#2714 = DIRECTION('',(0.,0.,1.));
#2715 = ADVANCED_FACE('',(#2716),#2727,.F.);
#2716 = FACE_BOUND('',#2717,.T.);
#2717 = EDGE_LOOP('',(#2718,#2719,#2725,#2726));
#2718 = ORIENTED_EDGE('',*,*,#2477,.T.);
#2719 = ORIENTED_EDGE('',*,*,#2720,.T.);
#2720 = EDGE_CURVE('',#2478,#2138,#2721,.T.);
#2721 = LINE('',#2722,#2723);
#2722 = CARTESIAN_POINT('',(13.275,38.865,11.));
#2723 = VECTOR('',#2724,1.);
#2724 = DIRECTION('',(0.,0.,1.));
#2725 = ORIENTED_EDGE('',*,*,#2145,.F.);
#2726 = ORIENTED_EDGE('',*,*,#2704,.F.);
#2727 = CYLINDRICAL_SURFACE('',#2728,10.3);
#2728 = AXIS2_PLACEMENT_3D('',#2729,#2730,#2731);
#2729 = CARTESIAN_POINT('',(13.275,28.565,11.));
#2730 = DIRECTION('',(-0.,-0.,-1.));
#2731 = DIRECTION('',(1.,0.,0.));
#2732 = ADVANCED_FACE('',(#2733),#2744,.F.);
#2733 = FACE_BOUND('',#2734,.F.);
#2734 = EDGE_LOOP('',(#2735,#2736,#2737,#2738));
#2735 = ORIENTED_EDGE('',*,*,#2486,.T.);
#2736 = ORIENTED_EDGE('',*,*,#2720,.T.);
#2737 = ORIENTED_EDGE('',*,*,#2137,.F.);
#2738 = ORIENTED_EDGE('',*,*,#2739,.F.);
#2739 = EDGE_CURVE('',#2487,#2129,#2740,.T.);
#2740 = LINE('',#2741,#2742);
#2741 = CARTESIAN_POINT('',(36.725,38.865,11.));
#2742 = VECTOR('',#2743,1.);
#2743 = DIRECTION('',(0.,0.,1.));
#2744 = PLANE('',#2745);
#2745 = AXIS2_PLACEMENT_3D('',#2746,#2747,#2748);
#2746 = CARTESIAN_POINT('',(13.275,38.865,11.));
#2747 = DIRECTION('',(0.,1.,0.));
#2748 = DIRECTION('',(0.,0.,1.));
#2749 = ADVANCED_FACE('',(#2750),#2761,.F.);
#2750 = FACE_BOUND('',#2751,.T.);
#2751 = EDGE_LOOP('',(#2752,#2753,#2759,#2760));
#2752 = ORIENTED_EDGE('',*,*,#2494,.T.);
#2753 = ORIENTED_EDGE('',*,*,#2754,.T.);
#2754 = EDGE_CURVE('',#2495,#2121,#2755,.T.);
#2755 = LINE('',#2756,#2757);
#2756 = CARTESIAN_POINT('',(47.025,28.565,11.));
#2757 = VECTOR('',#2758,1.);
#2758 = DIRECTION('',(0.,0.,1.));
#2759 = ORIENTED_EDGE('',*,*,#2128,.F.);
#2760 = ORIENTED_EDGE('',*,*,#2739,.F.);
#2761 = CYLINDRICAL_SURFACE('',#2762,10.3);
#2762 = AXIS2_PLACEMENT_3D('',#2763,#2764,#2765);
#2763 = CARTESIAN_POINT('',(36.725,28.565,11.));
#2764 = DIRECTION('',(-0.,-0.,-1.));
#2765 = DIRECTION('',(1.,0.,0.));
#2766 = ADVANCED_FACE('',(#2767),#2778,.F.);
#2767 = FACE_BOUND('',#2768,.F.);
#2768 = EDGE_LOOP('',(#2769,#2775,#2776,#2777));
#2769 = ORIENTED_EDGE('',*,*,#2770,.F.);
#2770 = EDGE_CURVE('',#2504,#2112,#2771,.T.);
#2771 = LINE('',#2772,#2773);
#2772 = CARTESIAN_POINT('',(47.025,12.235,11.));
#2773 = VECTOR('',#2774,1.);
#2774 = DIRECTION('',(0.,0.,1.));
#2775 = ORIENTED_EDGE('',*,*,#2503,.T.);
#2776 = ORIENTED_EDGE('',*,*,#2754,.T.);
#2777 = ORIENTED_EDGE('',*,*,#2120,.F.);
#2778 = PLANE('',#2779);
#2779 = AXIS2_PLACEMENT_3D('',#2780,#2781,#2782);
#2780 = CARTESIAN_POINT('',(47.025,12.235,11.));
#2781 = DIRECTION('',(1.,0.,0.));
#2782 = DIRECTION('',(0.,0.,1.));
#2783 = ADVANCED_FACE('',(#2784),#2795,.F.);
#2784 = FACE_BOUND('',#2785,.T.);
#2785 = EDGE_LOOP('',(#2786,#2787,#2788,#2789));
#2786 = ORIENTED_EDGE('',*,*,#2111,.F.);
#2787 = ORIENTED_EDGE('',*,*,#2770,.F.);
#2788 = ORIENTED_EDGE('',*,*,#2511,.T.);
#2789 = ORIENTED_EDGE('',*,*,#2790,.T.);
#2790 = EDGE_CURVE('',#2451,#2104,#2791,.T.);
#2791 = LINE('',#2792,#2793);
#2792 = CARTESIAN_POINT('',(36.725,1.935,11.));
#2793 = VECTOR('',#2794,1.);
#2794 = DIRECTION('',(0.,0.,1.));
#2795 = CYLINDRICAL_SURFACE('',#2796,10.3);
#2796 = AXIS2_PLACEMENT_3D('',#2797,#2798,#2799);
#2797 = CARTESIAN_POINT('',(36.725,12.235,11.));
#2798 = DIRECTION('',(-0.,-0.,-1.));
#2799 = DIRECTION('',(1.,0.,0.));
#2800 = ADVANCED_FACE('',(#2801),#2807,.T.);
#2801 = FACE_BOUND('',#2802,.T.);
#2802 = EDGE_LOOP('',(#2803,#2804,#2805,#2806));
#2803 = ORIENTED_EDGE('',*,*,#2450,.T.);
#2804 = ORIENTED_EDGE('',*,*,#2680,.T.);
#2805 = ORIENTED_EDGE('',*,*,#2103,.F.);
#2806 = ORIENTED_EDGE('',*,*,#2790,.F.);
#2807 = PLANE('',#2808);
#2808 = AXIS2_PLACEMENT_3D('',#2809,#2810,#2811);
#2809 = CARTESIAN_POINT('',(13.275,1.935,11.));
#2810 = DIRECTION('',(0.,1.,0.));
#2811 = DIRECTION('',(0.,0.,1.));
#2812 = ADVANCED_FACE('',(#2813),#2832,.T.);
#2813 = FACE_BOUND('',#2814,.F.);
#2814 = EDGE_LOOP('',(#2815,#2824,#2830,#2831));
#2815 = ORIENTED_EDGE('',*,*,#2816,.F.);
#2816 = EDGE_CURVE('',#2817,#2817,#2819,.T.);
#2817 = VERTEX_POINT('',#2818);
#2818 = CARTESIAN_POINT('',(8.,53.,11.9));
#2819 = CIRCLE('',#2820,2.);
#2820 = AXIS2_PLACEMENT_3D('',#2821,#2822,#2823);
#2821 = CARTESIAN_POINT('',(6.,53.,11.9));
#2822 = DIRECTION('',(0.,0.,1.));
#2823 = DIRECTION('',(1.,0.,0.));
#2824 = ORIENTED_EDGE('',*,*,#2825,.T.);
#2825 = EDGE_CURVE('',#2817,#2521,#2826,.T.);
#2826 = LINE('',#2827,#2828);
#2827 = CARTESIAN_POINT('',(8.,53.,11.9));
#2828 = VECTOR('',#2829,1.);
#2829 = DIRECTION('',(0.,0.,1.));
#2830 = ORIENTED_EDGE('',*,*,#2520,.F.);
#2831 = ORIENTED_EDGE('',*,*,#2825,.F.);
#2832 = CYLINDRICAL_SURFACE('',#2833,2.);
#2833 = AXIS2_PLACEMENT_3D('',#2834,#2835,#2836);
#2834 = CARTESIAN_POINT('',(6.,53.,11.9));
#2835 = DIRECTION('',(-0.,-0.,-1.));
#2836 = DIRECTION('',(1.,0.,0.));
#2837 = ADVANCED_FACE('',(#2838),#2857,.T.);
#2838 = FACE_BOUND('',#2839,.F.);
#2839 = EDGE_LOOP('',(#2840,#2849,#2855,#2856));
#2840 = ORIENTED_EDGE('',*,*,#2841,.F.);
#2841 = EDGE_CURVE('',#2842,#2842,#2844,.T.);
#2842 = VERTEX_POINT('',#2843);
#2843 = CARTESIAN_POINT('',(8.,69.,11.9));
#2844 = CIRCLE('',#2845,2.);
#2845 = AXIS2_PLACEMENT_3D('',#2846,#2847,#2848);
#2846 = CARTESIAN_POINT('',(6.,69.,11.9));
#2847 = DIRECTION('',(0.,0.,1.));
#2848 = DIRECTION('',(1.,0.,0.));
#2849 = ORIENTED_EDGE('',*,*,#2850,.T.);
#2850 = EDGE_CURVE('',#2842,#2532,#2851,.T.);
#2851 = LINE('',#2852,#2853);
#2852 = CARTESIAN_POINT('',(8.,69.,11.9));
#2853 = VECTOR('',#2854,1.);
#2854 = DIRECTION('',(0.,0.,1.));
#2855 = ORIENTED_EDGE('',*,*,#2531,.F.);
#2856 = ORIENTED_EDGE('',*,*,#2850,.F.);
#2857 = CYLINDRICAL_SURFACE('',#2858,2.);
#2858 = AXIS2_PLACEMENT_3D('',#2859,#2860,#2861);
#2859 = CARTESIAN_POINT('',(6.,69.,11.9));
#2860 = DIRECTION('',(-0.,-0.,-1.));
#2861 = DIRECTION('',(1.,0.,0.));
#2862 = ADVANCED_FACE('',(#2863),#2882,.T.);
#2863 = FACE_BOUND('',#2864,.F.);
#2864 = EDGE_LOOP('',(#2865,#2874,#2880,#2881));
#2865 = ORIENTED_EDGE('',*,*,#2866,.F.);
#2866 = EDGE_CURVE('',#2867,#2867,#2869,.T.);
#2867 = VERTEX_POINT('',#2868);
#2868 = CARTESIAN_POINT('',(46.,53.,11.9));
#2869 = CIRCLE('',#2870,2.);
#2870 = AXIS2_PLACEMENT_3D('',#2871,#2872,#2873);
#2871 = CARTESIAN_POINT('',(44.,53.,11.9));
#2872 = DIRECTION('',(0.,0.,1.));
#2873 = DIRECTION('',(1.,0.,0.));
#2874 = ORIENTED_EDGE('',*,*,#2875,.T.);
#2875 = EDGE_CURVE('',#2867,#2546,#2876,.T.);
#2876 = LINE('',#2877,#2878);
#2877 = CARTESIAN_POINT('',(46.,53.,11.9));
#2878 = VECTOR('',#2879,1.);
#2879 = DIRECTION('',(0.,0.,1.));
#2880 = ORIENTED_EDGE('',*,*,#2545,.F.);
#2881 = ORIENTED_EDGE('',*,*,#2875,.F.);
#2882 = CYLINDRICAL_SURFACE('',#2883,2.);
#2883 = AXIS2_PLACEMENT_3D('',#2884,#2885,#2886);
#2884 = CARTESIAN_POINT('',(44.,53.,11.9));
#2885 = DIRECTION('',(-0.,-0.,-1.));
#2886 = DIRECTION('',(1.,0.,0.));
#2887 = ADVANCED_FACE('',(#2888),#2907,.T.);
#2888 = FACE_BOUND('',#2889,.F.);
#2889 = EDGE_LOOP('',(#2890,#2899,#2905,#2906));
#2890 = ORIENTED_EDGE('',*,*,#2891,.F.);
#2891 = EDGE_CURVE('',#2892,#2892,#2894,.T.);
#2892 = VERTEX_POINT('',#2893);
#2893 = CARTESIAN_POINT('',(46.,69.,11.9));
#2894 = CIRCLE('',#2895,2.);
#2895 = AXIS2_PLACEMENT_3D('',#2896,#2897,#2898);
#2896 = CARTESIAN_POINT('',(44.,69.,11.9));
#2897 = DIRECTION('',(0.,0.,1.));
#2898 = DIRECTION('',(1.,0.,0.));
#2899 = ORIENTED_EDGE('',*,*,#2900,.T.);
#2900 = EDGE_CURVE('',#2892,#2557,#2901,.T.);
#2901 = LINE('',#2902,#2903);
#2902 = CARTESIAN_POINT('',(46.,69.,11.9));
#2903 = VECTOR('',#2904,1.);
#2904 = DIRECTION('',(0.,0.,1.));
#2905 = ORIENTED_EDGE('',*,*,#2556,.F.);
#2906 = ORIENTED_EDGE('',*,*,#2900,.F.);
#2907 = CYLINDRICAL_SURFACE('',#2908,2.);
#2908 = AXIS2_PLACEMENT_3D('',#2909,#2910,#2911);
#2909 = CARTESIAN_POINT('',(44.,69.,11.9));
#2910 = DIRECTION('',(-0.,-0.,-1.));
#2911 = DIRECTION('',(1.,0.,0.));
#2912 = ADVANCED_FACE('',(#2913,#2916),#2927,.F.);
#2913 = FACE_BOUND('',#2914,.F.);
#2914 = EDGE_LOOP('',(#2915));
#2915 = ORIENTED_EDGE('',*,*,#2816,.T.);
#2916 = FACE_BOUND('',#2917,.F.);
#2917 = EDGE_LOOP('',(#2918));
#2918 = ORIENTED_EDGE('',*,*,#2919,.T.);
#2919 = EDGE_CURVE('',#2920,#2920,#2922,.T.);
#2920 = VERTEX_POINT('',#2921);
#2921 = CARTESIAN_POINT('',(6.65,53.,11.9));
#2922 = CIRCLE('',#2923,0.65);
#2923 = AXIS2_PLACEMENT_3D('',#2924,#2925,#2926);
#2924 = CARTESIAN_POINT('',(6.,53.,11.9));
#2925 = DIRECTION('',(0.,0.,-1.));
#2926 = DIRECTION('',(1.,0.,0.));
#2927 = PLANE('',#2928);
#2928 = AXIS2_PLACEMENT_3D('',#2929,#2930,#2931);
#2929 = CARTESIAN_POINT('',(6.,53.,11.9));
#2930 = DIRECTION('',(0.,0.,1.));
#2931 = DIRECTION('',(1.,0.,0.));
#2932 = ADVANCED_FACE('',(#2933,#2936),#2947,.F.);
#2933 = FACE_BOUND('',#2934,.F.);
#2934 = EDGE_LOOP('',(#2935));
#2935 = ORIENTED_EDGE('',*,*,#2841,.T.);
#2936 = FACE_BOUND('',#2937,.F.);
#2937 = EDGE_LOOP('',(#2938));
#2938 = ORIENTED_EDGE('',*,*,#2939,.T.);
#2939 = EDGE_CURVE('',#2940,#2940,#2942,.T.);
#2940 = VERTEX_POINT('',#2941);
#2941 = CARTESIAN_POINT('',(6.65,69.,11.9));
#2942 = CIRCLE('',#2943,0.65);
#2943 = AXIS2_PLACEMENT_3D('',#2944,#2945,#2946);
#2944 = CARTESIAN_POINT('',(6.,69.,11.9));
#2945 = DIRECTION('',(0.,0.,-1.));
#2946 = DIRECTION('',(1.,0.,0.));
#2947 = PLANE('',#2948);
#2948 = AXIS2_PLACEMENT_3D('',#2949,#2950,#2951);
#2949 = CARTESIAN_POINT('',(6.,69.,11.9));
#2950 = DIRECTION('',(0.,0.,1.));
#2951 = DIRECTION('',(1.,0.,0.));
#2952 = ADVANCED_FACE('',(#2953,#2956),#2967,.F.);
#2953 = FACE_BOUND('',#2954,.F.);
#2954 = EDGE_LOOP('',(#2955));
#2955 = ORIENTED_EDGE('',*,*,#2866,.T.);
#2956 = FACE_BOUND('',#2957,.F.);
#2957 = EDGE_LOOP('',(#2958));
#2958 = ORIENTED_EDGE('',*,*,#2959,.T.);
#2959 = EDGE_CURVE('',#2960,#2960,#2962,.T.);
#2960 = VERTEX_POINT('',#2961);
#2961 = CARTESIAN_POINT('',(44.65,53.,11.9));
#2962 = CIRCLE('',#2963,0.65);
#2963 = AXIS2_PLACEMENT_3D('',#2964,#2965,#2966);
#2964 = CARTESIAN_POINT('',(44.,53.,11.9));
#2965 = DIRECTION('',(0.,0.,-1.));
#2966 = DIRECTION('',(1.,0.,0.));
#2967 = PLANE('',#2968);
#2968 = AXIS2_PLACEMENT_3D('',#2969,#2970,#2971);
#2969 = CARTESIAN_POINT('',(44.,53.,11.9));
#2970 = DIRECTION('',(0.,0.,1.));
#2971 = DIRECTION('',(1.,0.,0.));
#2972 = ADVANCED_FACE('',(#2973,#2976),#2987,.F.);
#2973 = FACE_BOUND('',#2974,.F.);
#2974 = EDGE_LOOP('',(#2975));
#2975 = ORIENTED_EDGE('',*,*,#2891,.T.);
#2976 = FACE_BOUND('',#2977,.F.);
#2977 = EDGE_LOOP('',(#2978));
#2978 = ORIENTED_EDGE('',*,*,#2979,.T.);
#2979 = EDGE_CURVE('',#2980,#2980,#2982,.T.);
#2980 = VERTEX_POINT('',#2981);
#2981 = CARTESIAN_POINT('',(44.65,69.,11.9));
#2982 = CIRCLE('',#2983,0.65);
#2983 = AXIS2_PLACEMENT_3D('',#2984,#2985,#2986);
#2984 = CARTESIAN_POINT('',(44.,69.,11.9));
#2985 = DIRECTION('',(0.,0.,-1.));
#2986 = DIRECTION('',(1.,0.,0.));
#2987 = PLANE('',#2988);
#2988 = AXIS2_PLACEMENT_3D('',#2989,#2990,#2991);
#2989 = CARTESIAN_POINT('',(44.,69.,11.9));
#2990 = DIRECTION('',(0.,0.,1.));
#2991 = DIRECTION('',(1.,0.,0.));
#2992 = ADVANCED_FACE('',(#2993),#3012,.F.);
#2993 = FACE_BOUND('',#2994,.T.);
#2994 = EDGE_LOOP('',(#2995,#3003,#3004,#3005));
#2995 = ORIENTED_EDGE('',*,*,#2996,.F.);
#2996 = EDGE_CURVE('',#2920,#2997,#2999,.T.);
#2997 = VERTEX_POINT('',#2998);
#2998 = CARTESIAN_POINT('',(6.65,53.,12.3));
#2999 = LINE('',#3000,#3001);
#3000 = CARTESIAN_POINT('',(6.65,53.,11.8));
#3001 = VECTOR('',#3002,1.);
#3002 = DIRECTION('',(0.,0.,1.));
#3003 = ORIENTED_EDGE('',*,*,#2919,.T.);
#3004 = ORIENTED_EDGE('',*,*,#2996,.T.);
#3005 = ORIENTED_EDGE('',*,*,#3006,.F.);
#3006 = EDGE_CURVE('',#2997,#2997,#3007,.T.);
#3007 = CIRCLE('',#3008,0.65);
#3008 = AXIS2_PLACEMENT_3D('',#3009,#3010,#3011);
#3009 = CARTESIAN_POINT('',(6.,53.,12.3));
#3010 = DIRECTION('',(0.,0.,-1.));
#3011 = DIRECTION('',(1.,0.,0.));
#3012 = CYLINDRICAL_SURFACE('',#3013,0.65);
#3013 = AXIS2_PLACEMENT_3D('',#3014,#3015,#3016);
#3014 = CARTESIAN_POINT('',(6.,53.,11.8));
#3015 = DIRECTION('',(-0.,-0.,-1.));
#3016 = DIRECTION('',(1.,0.,0.));
#3017 = ADVANCED_FACE('',(#3018),#3037,.F.);
#3018 = FACE_BOUND('',#3019,.T.);
#3019 = EDGE_LOOP('',(#3020,#3028,#3029,#3030));
#3020 = ORIENTED_EDGE('',*,*,#3021,.F.);
#3021 = EDGE_CURVE('',#2940,#3022,#3024,.T.);
#3022 = VERTEX_POINT('',#3023);
#3023 = CARTESIAN_POINT('',(6.65,69.,12.3));
#3024 = LINE('',#3025,#3026);
#3025 = CARTESIAN_POINT('',(6.65,69.,11.8));
#3026 = VECTOR('',#3027,1.);
#3027 = DIRECTION('',(0.,0.,1.));
#3028 = ORIENTED_EDGE('',*,*,#2939,.T.);
#3029 = ORIENTED_EDGE('',*,*,#3021,.T.);
#3030 = ORIENTED_EDGE('',*,*,#3031,.F.);
#3031 = EDGE_CURVE('',#3022,#3022,#3032,.T.);
#3032 = CIRCLE('',#3033,0.65);
#3033 = AXIS2_PLACEMENT_3D('',#3034,#3035,#3036);
#3034 = CARTESIAN_POINT('',(6.,69.,12.3));
#3035 = DIRECTION('',(0.,0.,-1.));
#3036 = DIRECTION('',(1.,0.,0.));
#3037 = CYLINDRICAL_SURFACE('',#3038,0.65);
#3038 = AXIS2_PLACEMENT_3D('',#3039,#3040,#3041);
#3039 = CARTESIAN_POINT('',(6.,69.,11.8));
#3040 = DIRECTION('',(-0.,-0.,-1.));
#3041 = DIRECTION('',(1.,0.,0.));
#3042 = ADVANCED_FACE('',(#3043),#3062,.F.);
#3043 = FACE_BOUND('',#3044,.T.);
#3044 = EDGE_LOOP('',(#3045,#3053,#3054,#3055));
#3045 = ORIENTED_EDGE('',*,*,#3046,.F.);
#3046 = EDGE_CURVE('',#2960,#3047,#3049,.T.);
#3047 = VERTEX_POINT('',#3048);
#3048 = CARTESIAN_POINT('',(44.65,53.,12.3));
#3049 = LINE('',#3050,#3051);
#3050 = CARTESIAN_POINT('',(44.65,53.,11.8));
#3051 = VECTOR('',#3052,1.);
#3052 = DIRECTION('',(0.,0.,1.));
#3053 = ORIENTED_EDGE('',*,*,#2959,.T.);
#3054 = ORIENTED_EDGE('',*,*,#3046,.T.);
#3055 = ORIENTED_EDGE('',*,*,#3056,.F.);
#3056 = EDGE_CURVE('',#3047,#3047,#3057,.T.);
#3057 = CIRCLE('',#3058,0.65);
#3058 = AXIS2_PLACEMENT_3D('',#3059,#3060,#3061);
#3059 = CARTESIAN_POINT('',(44.,53.,12.3));
#3060 = DIRECTION('',(0.,0.,-1.));
#3061 = DIRECTION('',(1.,0.,0.));
#3062 = CYLINDRICAL_SURFACE('',#3063,0.65);
#3063 = AXIS2_PLACEMENT_3D('',#3064,#3065,#3066);
#3064 = CARTESIAN_POINT('',(44.,53.,11.8));
#3065 = DIRECTION('',(-0.,-0.,-1.));
#3066 = DIRECTION('',(1.,0.,0.));
#3067 = ADVANCED_FACE('',(#3068),#3087,.F.);
#3068 = FACE_BOUND('',#3069,.T.);
#3069 = EDGE_LOOP('',(#3070,#3078,#3079,#3080));
#3070 = ORIENTED_EDGE('',*,*,#3071,.F.);
#3071 = EDGE_CURVE('',#2980,#3072,#3074,.T.);
#3072 = VERTEX_POINT('',#3073);
#3073 = CARTESIAN_POINT('',(44.65,69.,12.3));
#3074 = LINE('',#3075,#3076);
#3075 = CARTESIAN_POINT('',(44.65,69.,11.8));
#3076 = VECTOR('',#3077,1.);
#3077 = DIRECTION('',(0.,0.,1.));
#3078 = ORIENTED_EDGE('',*,*,#2979,.T.);
#3079 = ORIENTED_EDGE('',*,*,#3071,.T.);
#3080 = ORIENTED_EDGE('',*,*,#3081,.F.);
#3081 = EDGE_CURVE('',#3072,#3072,#3082,.T.);
#3082 = CIRCLE('',#3083,0.65);
#3083 = AXIS2_PLACEMENT_3D('',#3084,#3085,#3086);
#3084 = CARTESIAN_POINT('',(44.,69.,12.3));
#3085 = DIRECTION('',(0.,0.,-1.));
#3086 = DIRECTION('',(1.,0.,0.));
#3087 = CYLINDRICAL_SURFACE('',#3088,0.65);
#3088 = AXIS2_PLACEMENT_3D('',#3089,#3090,#3091);
#3089 = CARTESIAN_POINT('',(44.,69.,11.8));
#3090 = DIRECTION('',(-0.,-0.,-1.));
#3091 = DIRECTION('',(1.,0.,0.));
#3092 = ADVANCED_FACE('',(#3093),#3096,.F.);
#3093 = FACE_BOUND('',#3094,.F.);
#3094 = EDGE_LOOP('',(#3095));
#3095 = ORIENTED_EDGE('',*,*,#3006,.F.);
#3096 = PLANE('',#3097);
#3097 = AXIS2_PLACEMENT_3D('',#3098,#3099,#3100);
#3098 = CARTESIAN_POINT('',(25.,40.,12.3));
#3099 = DIRECTION('',(0.,0.,1.));
#3100 = DIRECTION('',(1.,0.,0.));
#3101 = ADVANCED_FACE('',(#3102),#3105,.F.);
#3102 = FACE_BOUND('',#3103,.F.);
#3103 = EDGE_LOOP('',(#3104));
#3104 = ORIENTED_EDGE('',*,*,#3031,.F.);
#3105 = PLANE('',#3106);
#3106 = AXIS2_PLACEMENT_3D('',#3107,#3108,#3109);
#3107 = CARTESIAN_POINT('',(25.,40.,12.3));
#3108 = DIRECTION('',(0.,0.,1.));
#3109 = DIRECTION('',(1.,0.,0.));
#3110 = ADVANCED_FACE('',(#3111),#3114,.F.);
#3111 = FACE_BOUND('',#3112,.F.);
#3112 = EDGE_LOOP('',(#3113));
#3113 = ORIENTED_EDGE('',*,*,#3056,.F.);
#3114 = PLANE('',#3115);
#3115 = AXIS2_PLACEMENT_3D('',#3116,#3117,#3118);
#3116 = CARTESIAN_POINT('',(25.,40.,12.3));
#3117 = DIRECTION('',(0.,0.,1.));
#3118 = DIRECTION('',(1.,0.,0.));
#3119 = ADVANCED_FACE('',(#3120),#3123,.F.);
#3120 = FACE_BOUND('',#3121,.F.);
#3121 = EDGE_LOOP('',(#3122));
#3122 = ORIENTED_EDGE('',*,*,#3081,.F.);
#3123 = PLANE('',#3124);
#3124 = AXIS2_PLACEMENT_3D('',#3125,#3126,#3127);
#3125 = CARTESIAN_POINT('',(25.,40.,12.3));
#3126 = DIRECTION('',(0.,0.,1.));
#3127 = DIRECTION('',(1.,0.,0.));
#3128 = ( GEOMETRIC_REPRESENTATION_CONTEXT(3) 
GLOBAL_UNCERTAINTY_ASSIGNED_CONTEXT((#3132)) 
GLOBAL_UNIT_ASSIGNED_CONTEXT((#3129,#3130,#3131)) REPRESENTATION_CONTEXT
('Context #1','3D Context with UNIT and UNCERTAINTY') );
#3129 = ( LENGTH_UNIT() NAMED_UNIT(*) SI_UNIT(.MILLI.,.METRE.) );
#3130 = ( NAMED_UNIT(*) PLANE_ANGLE_UNIT() SI_UNIT($,.RADIAN.) );
#3131 = ( NAMED_UNIT(*) SI_UNIT($,.STERADIAN.) SOLID_ANGLE_UNIT() );
#3132 = UNCERTAINTY_MEASURE_WITH_UNIT(LENGTH_MEASURE(2.E-05),#3129,
  'distance_accuracy_value','confusion accuracy');
#3133 = PRODUCT_RELATED_PRODUCT_CATEGORY('part',$,(#7));
ENDSEC;
END-ISO-10303-21;
