ISO-10303-21;
HEADER;
FILE_DESCRIPTION(('FreeCAD Model'),'2;1');
FILE_NAME('Open CASCADE Shape Model','2026-09-23T11:17:55',('FreeCAD'),(
    'FreeCAD'),'Open CASCADE STEP processor 7.8','FreeCAD','Unknown');
FILE_SCHEMA(('AUTOMOTIVE_DESIGN { 1 0 10303 214 1 1 1 1 }'));
ENDSEC;
DATA;
#1 = APPLICATION_PROTOCOL_DEFINITION('international standard',
  'automotive_design',2000,#2);
#2 = APPLICATION_CONTEXT(
  'core data for automotive mechanical design processes');
#3 = SHAPE_DEFINITION_REPRESENTATION(#4,#10);
#4 = PRODUCT_DEFINITION_SHAPE('','',#5);
#5 = PRODUCT_DEFINITION('design','',#6,#9);
#6 = PRODUCT_DEFINITION_FORMATION('','',#7);
#7 = PRODUCT('Open CASCADE STEP translator 7.8 1',
  'Open CASCADE STEP translator 7.8 1','',(#8));
#8 = PRODUCT_CONTEXT('',#2,'mechanical');
#9 = PRODUCT_DEFINITION_CONTEXT('part definition',#2,'design');
#10 = ADVANCED_BREP_SHAPE_REPRESENTATION('',(#11,#15),#5081);
#11 = AXIS2_PLACEMENT_3D('',#12,#13,#14);
#12 = CARTESIAN_POINT('',(0.,0.,0.));
#13 = DIRECTION('',(0.,0.,1.));
#14 = DIRECTION('',(1.,0.,-0.));
#15 = MANIFOLD_SOLID_BREP('',#16);
#16 = CLOSED_SHELL('',(#17,#57,#98,#140,#164,#215,#227,#247,#421,#486,
    #576,#830,#855,#889,#914,#940,#965,#991,#1016,#1042,#1059,#1292,
    #1392,#1497,#1525,#1625,#1715,#1740,#1757,#1800,#1824,#1850,#1891,
    #1924,#1948,#1978,#2012,#2037,#2071,#2096,#2121,#2147,#2164,#2189,
    #2240,#2288,#2332,#2349,#2374,#2400,#2417,#2448,#2473,#2498,#2522,
    #2546,#2571,#2596,#2613,#2622,#2654,#2678,#2770,#2852,#2926,#2982,
    #3013,#3030,#3047,#3094,#3111,#3123,#3154,#3197,#3231,#3248,#3279,
    #3303,#3343,#3385,#3409,#3434,#3458,#3483,#3507,#3532,#3563,#3587,
    #3608,#3643,#3655,#3666,#3690,#3707,#3724,#3741,#3760,#3816,#3834,
    #3851,#3868,#3880,#3904,#3929,#3946,#3988,#3997,#4014,#4030,#4042,
    #4062,#4148,#4182,#4207,#4233,#4258,#4284,#4309,#4335,#4352,#4379,
    #4465,#4517,#4529,#4541,#4557,#4584,#4611,#4636,#4668,#4692,#4716,
    #4741,#4766,#4790,#4814,#4832,#4861,#4870,#4888,#4930,#4954,#5014,
    #5031,#5051,#5060,#5069));
#17 = ADVANCED_FACE('',(#18),#52,.F.);
#18 = FACE_BOUND('',#19,.F.);
#19 = EDGE_LOOP('',(#20,#30,#38,#46));
#20 = ORIENTED_EDGE('',*,*,#21,.F.);
#21 = EDGE_CURVE('',#22,#24,#26,.T.);
#22 = VERTEX_POINT('',#23);
#23 = CARTESIAN_POINT('',(23.5,1.2,9.399999952316));
#24 = VERTEX_POINT('',#25);
#25 = CARTESIAN_POINT('',(23.5,2.62650060048,9.399999952316));
#26 = LINE('',#27,#28);
#27 = CARTESIAN_POINT('',(23.5,1.1,9.399999952316));
#28 = VECTOR('',#29,1.);
#29 = DIRECTION('',(0.,1.,0.));
#30 = ORIENTED_EDGE('',*,*,#31,.T.);
#31 = EDGE_CURVE('',#22,#32,#34,.T.);
#32 = VERTEX_POINT('',#33);
#33 = CARTESIAN_POINT('',(23.5,1.2,8.399999952316));
#34 = LINE('',#35,#36);
#35 = CARTESIAN_POINT('',(23.5,1.2,3.099999952316));
#36 = VECTOR('',#37,1.);
#37 = DIRECTION('',(0.,0.,-1.));
#38 = ORIENTED_EDGE('',*,*,#39,.T.);
#39 = EDGE_CURVE('',#32,#40,#42,.T.);
#40 = VERTEX_POINT('',#41);
#41 = CARTESIAN_POINT('',(23.5,2.626500600481,8.399999952316));
#42 = LINE('',#43,#44);
#43 = CARTESIAN_POINT('',(23.5,1.1,8.399999952316));
#44 = VECTOR('',#45,1.);
#45 = DIRECTION('',(0.,1.,0.));
#46 = ORIENTED_EDGE('',*,*,#47,.F.);
#47 = EDGE_CURVE('',#24,#40,#48,.T.);
#48 = LINE('',#49,#50);
#49 = CARTESIAN_POINT('',(23.5,2.62650060048,-4.768371586472E-08));
#50 = VECTOR('',#51,1.);
#51 = DIRECTION('',(-0.,-0.,-1.));
#52 = PLANE('',#53);
#53 = AXIS2_PLACEMENT_3D('',#54,#55,#56);
#54 = CARTESIAN_POINT('',(23.5,1.1,8.399999952316));
#55 = DIRECTION('',(1.,0.,0.));
#56 = DIRECTION('',(0.,0.,1.));
#57 = ADVANCED_FACE('',(#58),#93,.T.);
#58 = FACE_BOUND('',#59,.T.);
#59 = EDGE_LOOP('',(#60,#70,#79,#86,#87));
#60 = ORIENTED_EDGE('',*,*,#61,.T.);
#61 = EDGE_CURVE('',#62,#64,#66,.T.);
#62 = VERTEX_POINT('',#63);
#63 = CARTESIAN_POINT('',(26.5,1.2,9.399999952316));
#64 = VERTEX_POINT('',#65);
#65 = CARTESIAN_POINT('',(26.5,2.62650060048,9.399999952316));
#66 = LINE('',#67,#68);
#67 = CARTESIAN_POINT('',(26.5,1.1,9.399999952316));
#68 = VECTOR('',#69,1.);
#69 = DIRECTION('',(0.,1.,0.));
#70 = ORIENTED_EDGE('',*,*,#71,.T.);
#71 = EDGE_CURVE('',#64,#72,#74,.T.);
#72 = VERTEX_POINT('',#73);
#73 = CARTESIAN_POINT('',(27.4,4.5,9.399999952316));
#74 = CIRCLE('',#75,2.4);
#75 = AXIS2_PLACEMENT_3D('',#76,#77,#78);
#76 = CARTESIAN_POINT('',(25.,4.5,9.399999952316));
#77 = DIRECTION('',(0.,0.,1.));
#78 = DIRECTION('',(1.,0.,0.));
#79 = ORIENTED_EDGE('',*,*,#80,.T.);
#80 = EDGE_CURVE('',#72,#24,#81,.T.);
#81 = CIRCLE('',#82,2.4);
#82 = AXIS2_PLACEMENT_3D('',#83,#84,#85);
#83 = CARTESIAN_POINT('',(25.,4.5,9.399999952316));
#84 = DIRECTION('',(0.,0.,1.));
#85 = DIRECTION('',(1.,0.,0.));
#86 = ORIENTED_EDGE('',*,*,#21,.F.);
#87 = ORIENTED_EDGE('',*,*,#88,.T.);
#88 = EDGE_CURVE('',#22,#62,#89,.T.);
#89 = LINE('',#90,#91);
#90 = CARTESIAN_POINT('',(18.,1.2,9.399999952316));
#91 = VECTOR('',#92,1.);
#92 = DIRECTION('',(1.,0.,0.));
#93 = PLANE('',#94);
#94 = AXIS2_PLACEMENT_3D('',#95,#96,#97);
#95 = CARTESIAN_POINT('',(25.05480880547,3.787171945612,9.399999952316)
  );
#96 = DIRECTION('',(0.,0.,1.));
#97 = DIRECTION('',(1.,0.,0.));
#98 = ADVANCED_FACE('',(#99),#135,.T.);
#99 = FACE_BOUND('',#100,.F.);
#100 = EDGE_LOOP('',(#101,#110,#116,#117,#118,#127,#133,#134));
#101 = ORIENTED_EDGE('',*,*,#102,.F.);
#102 = EDGE_CURVE('',#103,#103,#105,.T.);
#103 = VERTEX_POINT('',#104);
#104 = CARTESIAN_POINT('',(27.4,4.5,-4.768371586472E-08));
#105 = CIRCLE('',#106,2.4);
#106 = AXIS2_PLACEMENT_3D('',#107,#108,#109);
#107 = CARTESIAN_POINT('',(25.,4.5,-4.768371586472E-08));
#108 = DIRECTION('',(0.,0.,1.));
#109 = DIRECTION('',(1.,0.,0.));
#110 = ORIENTED_EDGE('',*,*,#111,.T.);
#111 = EDGE_CURVE('',#103,#72,#112,.T.);
#112 = LINE('',#113,#114);
#113 = CARTESIAN_POINT('',(27.4,4.5,-4.768371586472E-08));
#114 = VECTOR('',#115,1.);
#115 = DIRECTION('',(0.,0.,1.));
#116 = ORIENTED_EDGE('',*,*,#80,.T.);
#117 = ORIENTED_EDGE('',*,*,#47,.T.);
#118 = ORIENTED_EDGE('',*,*,#119,.F.);
#119 = EDGE_CURVE('',#120,#40,#122,.T.);
#120 = VERTEX_POINT('',#121);
#121 = CARTESIAN_POINT('',(26.5,2.626500600481,8.399999952316));
#122 = CIRCLE('',#123,2.4);
#123 = AXIS2_PLACEMENT_3D('',#124,#125,#126);
#124 = CARTESIAN_POINT('',(25.,4.5,8.399999952316));
#125 = DIRECTION('',(0.,0.,-1.));
#126 = DIRECTION('',(1.,0.,0.));
#127 = ORIENTED_EDGE('',*,*,#128,.F.);
#128 = EDGE_CURVE('',#64,#120,#129,.T.);
#129 = LINE('',#130,#131);
#130 = CARTESIAN_POINT('',(26.5,2.62650060048,-4.768371586472E-08));
#131 = VECTOR('',#132,1.);
#132 = DIRECTION('',(-0.,-0.,-1.));
#133 = ORIENTED_EDGE('',*,*,#71,.T.);
#134 = ORIENTED_EDGE('',*,*,#111,.F.);
#135 = CYLINDRICAL_SURFACE('',#136,2.4);
#136 = AXIS2_PLACEMENT_3D('',#137,#138,#139);
#137 = CARTESIAN_POINT('',(25.,4.5,-4.768371586472E-08));
#138 = DIRECTION('',(-0.,-0.,-1.));
#139 = DIRECTION('',(1.,0.,0.));
#140 = ADVANCED_FACE('',(#141),#159,.F.);
#141 = FACE_BOUND('',#142,.F.);
#142 = EDGE_LOOP('',(#143,#144,#152,#158));
#143 = ORIENTED_EDGE('',*,*,#39,.F.);
#144 = ORIENTED_EDGE('',*,*,#145,.T.);
#145 = EDGE_CURVE('',#32,#146,#148,.T.);
#146 = VERTEX_POINT('',#147);
#147 = CARTESIAN_POINT('',(26.5,1.2,8.399999952316));
#148 = LINE('',#149,#150);
#149 = CARTESIAN_POINT('',(18.,1.2,8.399999952316));
#150 = VECTOR('',#151,1.);
#151 = DIRECTION('',(1.,0.,0.));
#152 = ORIENTED_EDGE('',*,*,#153,.T.);
#153 = EDGE_CURVE('',#146,#120,#154,.T.);
#154 = LINE('',#155,#156);
#155 = CARTESIAN_POINT('',(26.5,1.1,8.399999952316));
#156 = VECTOR('',#157,1.);
#157 = DIRECTION('',(0.,1.,0.));
#158 = ORIENTED_EDGE('',*,*,#119,.T.);
#159 = PLANE('',#160);
#160 = AXIS2_PLACEMENT_3D('',#161,#162,#163);
#161 = CARTESIAN_POINT('',(23.5,1.1,8.399999952316));
#162 = DIRECTION('',(0.,0.,1.));
#163 = DIRECTION('',(1.,0.,0.));
#164 = ADVANCED_FACE('',(#165,#199),#210,.T.);
#165 = FACE_BOUND('',#166,.T.);
#166 = EDGE_LOOP('',(#167,#177,#185,#193));
#167 = ORIENTED_EDGE('',*,*,#168,.F.);
#168 = EDGE_CURVE('',#169,#171,#173,.T.);
#169 = VERTEX_POINT('',#170);
#170 = CARTESIAN_POINT('',(12.5,1.2,-4.768371586472E-08));
#171 = VERTEX_POINT('',#172);
#172 = CARTESIAN_POINT('',(37.5,1.2,-4.768371586472E-08));
#173 = LINE('',#174,#175);
#174 = CARTESIAN_POINT('',(18.75,1.2,-4.768371564268E-08));
#175 = VECTOR('',#176,1.);
#176 = DIRECTION('',(1.,0.,0.));
#177 = ORIENTED_EDGE('',*,*,#178,.T.);
#178 = EDGE_CURVE('',#169,#179,#181,.T.);
#179 = VERTEX_POINT('',#180);
#180 = CARTESIAN_POINT('',(12.5,1.2,11.099999952316));
#181 = LINE('',#182,#183);
#182 = CARTESIAN_POINT('',(12.5,1.2,-2.200000047684));
#183 = VECTOR('',#184,1.);
#184 = DIRECTION('',(0.,0.,1.));
#185 = ORIENTED_EDGE('',*,*,#186,.T.);
#186 = EDGE_CURVE('',#179,#187,#189,.T.);
#187 = VERTEX_POINT('',#188);
#188 = CARTESIAN_POINT('',(37.5,1.2,11.099999952316));
#189 = LINE('',#190,#191);
#190 = CARTESIAN_POINT('',(12.5,1.2,11.099999952316));
#191 = VECTOR('',#192,1.);
#192 = DIRECTION('',(1.,0.,0.));
#193 = ORIENTED_EDGE('',*,*,#194,.F.);
#194 = EDGE_CURVE('',#171,#187,#195,.T.);
#195 = LINE('',#196,#197);
#196 = CARTESIAN_POINT('',(37.5,1.2,-2.200000047684));
#197 = VECTOR('',#198,1.);
#198 = DIRECTION('',(0.,0.,1.));
#199 = FACE_BOUND('',#200,.T.);
#200 = EDGE_LOOP('',(#201,#202,#203,#204));
#201 = ORIENTED_EDGE('',*,*,#88,.F.);
#202 = ORIENTED_EDGE('',*,*,#31,.T.);
#203 = ORIENTED_EDGE('',*,*,#145,.T.);
#204 = ORIENTED_EDGE('',*,*,#205,.F.);
#205 = EDGE_CURVE('',#62,#146,#206,.T.);
#206 = LINE('',#207,#208);
#207 = CARTESIAN_POINT('',(26.5,1.2,3.099999952316));
#208 = VECTOR('',#209,1.);
#209 = DIRECTION('',(0.,0.,-1.));
#210 = PLANE('',#211);
#211 = AXIS2_PLACEMENT_3D('',#212,#213,#214);
#212 = CARTESIAN_POINT('',(12.5,1.2,-2.200000047684));
#213 = DIRECTION('',(0.,1.,0.));
#214 = DIRECTION('',(0.,0.,1.));
#215 = ADVANCED_FACE('',(#216),#222,.T.);
#216 = FACE_BOUND('',#217,.T.);
#217 = EDGE_LOOP('',(#218,#219,#220,#221));
#218 = ORIENTED_EDGE('',*,*,#61,.F.);
#219 = ORIENTED_EDGE('',*,*,#205,.T.);
#220 = ORIENTED_EDGE('',*,*,#153,.T.);
#221 = ORIENTED_EDGE('',*,*,#128,.F.);
#222 = PLANE('',#223);
#223 = AXIS2_PLACEMENT_3D('',#224,#225,#226);
#224 = CARTESIAN_POINT('',(26.5,1.1,8.399999952316));
#225 = DIRECTION('',(1.,0.,0.));
#226 = DIRECTION('',(0.,0.,1.));
#227 = ADVANCED_FACE('',(#228,#231),#242,.F.);
#228 = FACE_BOUND('',#229,.F.);
#229 = EDGE_LOOP('',(#230));
#230 = ORIENTED_EDGE('',*,*,#102,.T.);
#231 = FACE_BOUND('',#232,.F.);
#232 = EDGE_LOOP('',(#233));
#233 = ORIENTED_EDGE('',*,*,#234,.T.);
#234 = EDGE_CURVE('',#235,#235,#237,.T.);
#235 = VERTEX_POINT('',#236);
#236 = CARTESIAN_POINT('',(25.65,4.5,-4.768371586472E-08));
#237 = CIRCLE('',#238,0.65);
#238 = AXIS2_PLACEMENT_3D('',#239,#240,#241);
#239 = CARTESIAN_POINT('',(25.,4.5,-4.768371586472E-08));
#240 = DIRECTION('',(0.,0.,-1.));
#241 = DIRECTION('',(1.,0.,0.));
#242 = PLANE('',#243);
#243 = AXIS2_PLACEMENT_3D('',#244,#245,#246);
#244 = CARTESIAN_POINT('',(25.,4.5,-4.768371586472E-08));
#245 = DIRECTION('',(0.,0.,1.));
#246 = DIRECTION('',(1.,0.,0.));
#247 = ADVANCED_FACE('',(#248,#318,#405),#416,.T.);
#248 = FACE_BOUND('',#249,.T.);
#249 = EDGE_LOOP('',(#250,#261,#269,#278,#286,#295,#303,#312));
#250 = ORIENTED_EDGE('',*,*,#251,.F.);
#251 = EDGE_CURVE('',#252,#254,#256,.T.);
#252 = VERTEX_POINT('',#253);
#253 = CARTESIAN_POINT('',(0.55,12.5,-4.768371586472E-08));
#254 = VERTEX_POINT('',#255);
#255 = CARTESIAN_POINT('',(12.5,0.55,-4.768371586472E-08));
#256 = CIRCLE('',#257,11.95);
#257 = AXIS2_PLACEMENT_3D('',#258,#259,#260);
#258 = CARTESIAN_POINT('',(12.5,12.5,-4.768371564268E-08));
#259 = DIRECTION('',(0.,-0.,1.));
#260 = DIRECTION('',(-1.,1.4E-16,0.));
#261 = ORIENTED_EDGE('',*,*,#262,.F.);
#262 = EDGE_CURVE('',#263,#252,#265,.T.);
#263 = VERTEX_POINT('',#264);
#264 = CARTESIAN_POINT('',(0.55,69.,-4.768371586472E-08));
#265 = LINE('',#266,#267);
#266 = CARTESIAN_POINT('',(0.55,69.,-4.768371586472E-08));
#267 = VECTOR('',#268,1.);
#268 = DIRECTION('',(-0.,-1.,-0.));
#269 = ORIENTED_EDGE('',*,*,#270,.F.);
#270 = EDGE_CURVE('',#271,#263,#273,.T.);
#271 = VERTEX_POINT('',#272);
#272 = CARTESIAN_POINT('',(12.5,80.95,-4.768371586472E-08));
#273 = CIRCLE('',#274,11.95);
#274 = AXIS2_PLACEMENT_3D('',#275,#276,#277);
#275 = CARTESIAN_POINT('',(12.5,69.,-4.768371564268E-08));
#276 = DIRECTION('',(0.,-0.,1.));
#277 = DIRECTION('',(0.,1.,0.));
#278 = ORIENTED_EDGE('',*,*,#279,.F.);
#279 = EDGE_CURVE('',#280,#271,#282,.T.);
#280 = VERTEX_POINT('',#281);
#281 = CARTESIAN_POINT('',(37.5,80.95,-4.768371586472E-08));
#282 = LINE('',#283,#284);
#283 = CARTESIAN_POINT('',(37.5,80.95,-4.768371586472E-08));
#284 = VECTOR('',#285,1.);
#285 = DIRECTION('',(-1.,-0.,-0.));
#286 = ORIENTED_EDGE('',*,*,#287,.F.);
#287 = EDGE_CURVE('',#288,#280,#290,.T.);
#288 = VERTEX_POINT('',#289);
#289 = CARTESIAN_POINT('',(49.45,69.,-4.768371586472E-08));
#290 = CIRCLE('',#291,11.95);
#291 = AXIS2_PLACEMENT_3D('',#292,#293,#294);
#292 = CARTESIAN_POINT('',(37.5,69.,-4.768371564268E-08));
#293 = DIRECTION('',(0.,0.,1.));
#294 = DIRECTION('',(1.,0.,0.));
#295 = ORIENTED_EDGE('',*,*,#296,.F.);
#296 = EDGE_CURVE('',#297,#288,#299,.T.);
#297 = VERTEX_POINT('',#298);
#298 = CARTESIAN_POINT('',(49.45,12.5,-4.768371586472E-08));
#299 = LINE('',#300,#301);
#300 = CARTESIAN_POINT('',(49.45,12.5,-4.768371586472E-08));
#301 = VECTOR('',#302,1.);
#302 = DIRECTION('',(0.,1.,0.));
#303 = ORIENTED_EDGE('',*,*,#304,.F.);
#304 = EDGE_CURVE('',#305,#297,#307,.T.);
#305 = VERTEX_POINT('',#306);
#306 = CARTESIAN_POINT('',(37.5,0.55,-4.768371586472E-08));
#307 = CIRCLE('',#308,11.95);
#308 = AXIS2_PLACEMENT_3D('',#309,#310,#311);
#309 = CARTESIAN_POINT('',(37.5,12.5,-4.768371564268E-08));
#310 = DIRECTION('',(-0.,0.,1.));
#311 = DIRECTION('',(0.,-1.,0.));
#312 = ORIENTED_EDGE('',*,*,#313,.F.);
#313 = EDGE_CURVE('',#254,#305,#314,.T.);
#314 = LINE('',#315,#316);
#315 = CARTESIAN_POINT('',(12.5,0.55,-4.768371586472E-08));
#316 = VECTOR('',#317,1.);
#317 = DIRECTION('',(1.,0.,0.));
#318 = FACE_BOUND('',#319,.T.);
#319 = EDGE_LOOP('',(#320,#329,#330,#339,#347,#356,#364,#373,#382,#390,
    #399));
#320 = ORIENTED_EDGE('',*,*,#321,.F.);
#321 = EDGE_CURVE('',#169,#322,#324,.T.);
#322 = VERTEX_POINT('',#323);
#323 = CARTESIAN_POINT('',(1.2,12.5,-4.768371586472E-08));
#324 = CIRCLE('',#325,11.3);
#325 = AXIS2_PLACEMENT_3D('',#326,#327,#328);
#326 = CARTESIAN_POINT('',(12.5,12.5,-4.768371564268E-08));
#327 = DIRECTION('',(0.,0.,-1.));
#328 = DIRECTION('',(1.,0.,0.));
#329 = ORIENTED_EDGE('',*,*,#168,.T.);
#330 = ORIENTED_EDGE('',*,*,#331,.F.);
#331 = EDGE_CURVE('',#332,#171,#334,.T.);
#332 = VERTEX_POINT('',#333);
#333 = CARTESIAN_POINT('',(48.8,12.5,-4.768371586472E-08));
#334 = CIRCLE('',#335,11.3);
#335 = AXIS2_PLACEMENT_3D('',#336,#337,#338);
#336 = CARTESIAN_POINT('',(37.5,12.5,-4.768371564268E-08));
#337 = DIRECTION('',(0.,0.,-1.));
#338 = DIRECTION('',(1.,0.,0.));
#339 = ORIENTED_EDGE('',*,*,#340,.F.);
#340 = EDGE_CURVE('',#341,#332,#343,.T.);
#341 = VERTEX_POINT('',#342);
#342 = CARTESIAN_POINT('',(48.8,69.,-4.768371586472E-08));
#343 = LINE('',#344,#345);
#344 = CARTESIAN_POINT('',(48.8,26.625,-4.768371564268E-08));
#345 = VECTOR('',#346,1.);
#346 = DIRECTION('',(0.,-1.,0.));
#347 = ORIENTED_EDGE('',*,*,#348,.F.);
#348 = EDGE_CURVE('',#349,#341,#351,.T.);
#349 = VERTEX_POINT('',#350);
#350 = CARTESIAN_POINT('',(37.5,80.3,-4.768371586472E-08));
#351 = CIRCLE('',#352,11.3);
#352 = AXIS2_PLACEMENT_3D('',#353,#354,#355);
#353 = CARTESIAN_POINT('',(37.5,69.,-4.768371564268E-08));
#354 = DIRECTION('',(0.,0.,-1.));
#355 = DIRECTION('',(1.,0.,0.));
#356 = ORIENTED_EDGE('',*,*,#357,.F.);
#357 = EDGE_CURVE('',#358,#349,#360,.T.);
#358 = VERTEX_POINT('',#359);
#359 = CARTESIAN_POINT('',(26.587450786639,80.3,-4.768371586472E-08));
#360 = LINE('',#361,#362);
#361 = CARTESIAN_POINT('',(18.75,80.3,-4.768371564268E-08));
#362 = VECTOR('',#363,1.);
#363 = DIRECTION('',(1.,0.,0.));
#364 = ORIENTED_EDGE('',*,*,#365,.F.);
#365 = EDGE_CURVE('',#366,#358,#368,.T.);
#366 = VERTEX_POINT('',#367);
#367 = CARTESIAN_POINT('',(27.4,78.5,-4.768371586472E-08));
#368 = CIRCLE('',#369,2.4);
#369 = AXIS2_PLACEMENT_3D('',#370,#371,#372);
#370 = CARTESIAN_POINT('',(25.,78.5,-4.768371586472E-08));
#371 = DIRECTION('',(0.,0.,1.));
#372 = DIRECTION('',(1.,0.,0.));
#373 = ORIENTED_EDGE('',*,*,#374,.F.);
#374 = EDGE_CURVE('',#375,#366,#377,.T.);
#375 = VERTEX_POINT('',#376);
#376 = CARTESIAN_POINT('',(23.412549213361,80.3,-4.768371586472E-08));
#377 = CIRCLE('',#378,2.4);
#378 = AXIS2_PLACEMENT_3D('',#379,#380,#381);
#379 = CARTESIAN_POINT('',(25.,78.5,-4.768371586472E-08));
#380 = DIRECTION('',(0.,0.,1.));
#381 = DIRECTION('',(1.,0.,0.));
#382 = ORIENTED_EDGE('',*,*,#383,.F.);
#383 = EDGE_CURVE('',#384,#375,#386,.T.);
#384 = VERTEX_POINT('',#385);
#385 = CARTESIAN_POINT('',(12.5,80.3,-4.768371586472E-08));
#386 = LINE('',#387,#388);
#387 = CARTESIAN_POINT('',(18.75,80.3,-4.768371564268E-08));
#388 = VECTOR('',#389,1.);
#389 = DIRECTION('',(1.,0.,0.));
#390 = ORIENTED_EDGE('',*,*,#391,.F.);
#391 = EDGE_CURVE('',#392,#384,#394,.T.);
#392 = VERTEX_POINT('',#393);
#393 = CARTESIAN_POINT('',(1.2,69.,-4.768371586472E-08));
#394 = CIRCLE('',#395,11.3);
#395 = AXIS2_PLACEMENT_3D('',#396,#397,#398);
#396 = CARTESIAN_POINT('',(12.5,69.,-4.768371564268E-08));
#397 = DIRECTION('',(0.,0.,-1.));
#398 = DIRECTION('',(1.,0.,0.));
#399 = ORIENTED_EDGE('',*,*,#400,.T.);
#400 = EDGE_CURVE('',#392,#322,#401,.T.);
#401 = LINE('',#402,#403);
#402 = CARTESIAN_POINT('',(1.2,26.625,-4.768371564268E-08));
#403 = VECTOR('',#404,1.);
#404 = DIRECTION('',(0.,-1.,0.));
#405 = FACE_BOUND('',#406,.T.);
#406 = EDGE_LOOP('',(#407));
#407 = ORIENTED_EDGE('',*,*,#408,.F.);
#408 = EDGE_CURVE('',#409,#409,#411,.T.);
#409 = VERTEX_POINT('',#410);
#410 = CARTESIAN_POINT('',(25.65,78.5,-4.768371586472E-08));
#411 = CIRCLE('',#412,0.65);
#412 = AXIS2_PLACEMENT_3D('',#413,#414,#415);
#413 = CARTESIAN_POINT('',(25.,78.5,-4.768371586472E-08));
#414 = DIRECTION('',(0.,0.,-1.));
#415 = DIRECTION('',(1.,0.,0.));
#416 = PLANE('',#417);
#417 = AXIS2_PLACEMENT_3D('',#418,#419,#420);
#418 = CARTESIAN_POINT('',(25.,40.75,-4.768371564268E-08));
#419 = DIRECTION('',(-0.,-0.,-1.));
#420 = DIRECTION('',(-1.,0.,0.));
#421 = ADVANCED_FACE('',(#422),#481,.F.);
#422 = FACE_BOUND('',#423,.T.);
#423 = EDGE_LOOP('',(#424,#425,#426,#434,#446,#454,#466,#474));
#424 = ORIENTED_EDGE('',*,*,#178,.F.);
#425 = ORIENTED_EDGE('',*,*,#321,.T.);
#426 = ORIENTED_EDGE('',*,*,#427,.T.);
#427 = EDGE_CURVE('',#322,#428,#430,.T.);
#428 = VERTEX_POINT('',#429);
#429 = CARTESIAN_POINT('',(1.2,12.5,0.452786356816));
#430 = LINE('',#431,#432);
#431 = CARTESIAN_POINT('',(1.2,12.5,-2.200000047684));
#432 = VECTOR('',#433,1.);
#433 = DIRECTION('',(0.,0.,1.));
#434 = ORIENTED_EDGE('',*,*,#435,.F.);
#435 = EDGE_CURVE('',#436,#428,#438,.T.);
#436 = VERTEX_POINT('',#437);
#437 = CARTESIAN_POINT('',(1.201770050136,12.3,0.899999952316));
#438 = B_SPLINE_CURVE_WITH_KNOTS('',6,(#439,#440,#441,#442,#443,#444,
    #445),.UNSPECIFIED.,.F.,.F.,(7,7),(0.,1.),.PIECEWISE_BEZIER_KNOTS.);
#439 = CARTESIAN_POINT('',(1.201770050136,12.3,0.899999952316));
#440 = CARTESIAN_POINT('',(1.201770050136,12.3,0.817807178682));
#441 = CARTESIAN_POINT('',(1.201530827677,12.313510989008,0.735432538065
    ));
#442 = CARTESIAN_POINT('',(1.201050712524,12.340647439751,0.655228473678
    ));
#443 = CARTESIAN_POINT('',(1.200453136089,12.381215983301,0.579636824807
    ));
#444 = CARTESIAN_POINT('',(1.2,12.434681261896,0.511209212258));
#445 = CARTESIAN_POINT('',(1.2,12.5,0.452786356816));
#446 = ORIENTED_EDGE('',*,*,#447,.F.);
#447 = EDGE_CURVE('',#448,#436,#450,.T.);
#448 = VERTEX_POINT('',#449);
#449 = CARTESIAN_POINT('',(1.201770050136,12.3,10.599999952316));
#450 = LINE('',#451,#452);
#451 = CARTESIAN_POINT('',(1.201770050136,12.3,-2.200000047684));
#452 = VECTOR('',#453,1.);
#453 = DIRECTION('',(-0.,-0.,-1.));
#454 = ORIENTED_EDGE('',*,*,#455,.T.);
#455 = EDGE_CURVE('',#448,#456,#458,.T.);
#456 = VERTEX_POINT('',#457);
#457 = CARTESIAN_POINT('',(1.2,12.5,11.047213547816));
#458 = B_SPLINE_CURVE_WITH_KNOTS('',6,(#459,#460,#461,#462,#463,#464,
    #465),.UNSPECIFIED.,.F.,.F.,(7,7),(0.,1.),.PIECEWISE_BEZIER_KNOTS.);
#459 = CARTESIAN_POINT('',(1.201770050136,12.3,10.599999952316));
#460 = CARTESIAN_POINT('',(1.201770050136,12.3,10.682192725951));
#461 = CARTESIAN_POINT('',(1.201530827677,12.313510989008,
    10.764567366567));
#462 = CARTESIAN_POINT('',(1.201050712524,12.340647439751,
    10.844771430955));
#463 = CARTESIAN_POINT('',(1.200453136089,12.381215983301,
    10.920363079826));
#464 = CARTESIAN_POINT('',(1.2,12.434681261896,10.988790692374));
#465 = CARTESIAN_POINT('',(1.2,12.5,11.047213547816));
#466 = ORIENTED_EDGE('',*,*,#467,.T.);
#467 = EDGE_CURVE('',#456,#468,#470,.T.);
#468 = VERTEX_POINT('',#469);
#469 = CARTESIAN_POINT('',(1.2,12.5,11.099999952316));
#470 = LINE('',#471,#472);
#471 = CARTESIAN_POINT('',(1.2,12.5,-2.200000047684));
#472 = VECTOR('',#473,1.);
#473 = DIRECTION('',(0.,0.,1.));
#474 = ORIENTED_EDGE('',*,*,#475,.T.);
#475 = EDGE_CURVE('',#468,#179,#476,.T.);
#476 = CIRCLE('',#477,11.3);
#477 = AXIS2_PLACEMENT_3D('',#478,#479,#480);
#478 = CARTESIAN_POINT('',(12.5,12.5,11.099999952316));
#479 = DIRECTION('',(0.,0.,1.));
#480 = DIRECTION('',(1.,0.,0.));
#481 = CYLINDRICAL_SURFACE('',#482,11.3);
#482 = AXIS2_PLACEMENT_3D('',#483,#484,#485);
#483 = CARTESIAN_POINT('',(12.5,12.5,-2.200000047684));
#484 = DIRECTION('',(-0.,-0.,-1.));
#485 = DIRECTION('',(1.,0.,0.));
#486 = ADVANCED_FACE('',(#487),#571,.F.);
#487 = FACE_BOUND('',#488,.T.);
#488 = EDGE_LOOP('',(#489,#490,#499,#507,#516,#530,#538,#555,#564,#570)
  );
#489 = ORIENTED_EDGE('',*,*,#194,.T.);
#490 = ORIENTED_EDGE('',*,*,#491,.T.);
#491 = EDGE_CURVE('',#187,#492,#494,.T.);
#492 = VERTEX_POINT('',#493);
#493 = CARTESIAN_POINT('',(48.8,12.5,11.099999952316));
#494 = CIRCLE('',#495,11.3);
#495 = AXIS2_PLACEMENT_3D('',#496,#497,#498);
#496 = CARTESIAN_POINT('',(37.5,12.5,11.099999952316));
#497 = DIRECTION('',(0.,0.,1.));
#498 = DIRECTION('',(1.,0.,0.));
#499 = ORIENTED_EDGE('',*,*,#500,.F.);
#500 = EDGE_CURVE('',#501,#492,#503,.T.);
#501 = VERTEX_POINT('',#502);
#502 = CARTESIAN_POINT('',(48.8,12.5,6.149999952316));
#503 = LINE('',#504,#505);
#504 = CARTESIAN_POINT('',(48.8,12.5,-2.200000047684));
#505 = VECTOR('',#506,1.);
#506 = DIRECTION('',(0.,0.,1.));
#507 = ORIENTED_EDGE('',*,*,#508,.T.);
#508 = EDGE_CURVE('',#501,#509,#511,.T.);
#509 = VERTEX_POINT('',#510);
#510 = CARTESIAN_POINT('',(48.741329992488,11.35,6.149999952316));
#511 = CIRCLE('',#512,11.3);
#512 = AXIS2_PLACEMENT_3D('',#513,#514,#515);
#513 = CARTESIAN_POINT('',(37.5,12.5,6.149999952316));
#514 = DIRECTION('',(0.,0.,-1.));
#515 = DIRECTION('',(1.,0.,0.));
#516 = ORIENTED_EDGE('',*,*,#517,.T.);
#517 = EDGE_CURVE('',#509,#518,#520,.T.);
#518 = VERTEX_POINT('',#519);
#519 = CARTESIAN_POINT('',(48.678886348827,10.85,5.649999952316));
#520 = B_SPLINE_CURVE_WITH_KNOTS('',8,(#521,#522,#523,#524,#525,#526,
    #527,#528,#529),.UNSPECIFIED.,.F.,.F.,(9,9),(0.,1.),
  .PIECEWISE_BEZIER_KNOTS.);
#521 = CARTESIAN_POINT('',(48.741329992488,11.35,6.149999952316));
#522 = CARTESIAN_POINT('',(48.730630137319,11.245408171457,
    6.149999952316));
#523 = CARTESIAN_POINT('',(48.719104505843,11.143730943973,
    6.124994800269));
#524 = CARTESIAN_POINT('',(48.707470068494,11.050936372811,
    6.077428606722));
#525 = CARTESIAN_POINT('',(48.696681824365,10.971900640674,
    6.010612792715));
#526 = CARTESIAN_POINT('',(48.687837553601,10.91064955401,5.92897113403)
  );
#527 = CARTESIAN_POINT('',(48.681794383685,10.869701260868,
    5.837759355403));
#528 = CARTESIAN_POINT('',(48.678886348827,10.85,5.74284119395));
#529 = CARTESIAN_POINT('',(48.678886348827,10.85,5.649999952316));
#530 = ORIENTED_EDGE('',*,*,#531,.T.);
#531 = EDGE_CURVE('',#518,#532,#534,.T.);
#532 = VERTEX_POINT('',#533);
#533 = CARTESIAN_POINT('',(48.678886348827,10.85,4.249999952316));
#534 = LINE('',#535,#536);
#535 = CARTESIAN_POINT('',(48.678886348827,10.85,-2.200000047684));
#536 = VECTOR('',#537,1.);
#537 = DIRECTION('',(-0.,-0.,-1.));
#538 = ORIENTED_EDGE('',*,*,#539,.T.);
#539 = EDGE_CURVE('',#532,#540,#542,.T.);
#540 = VERTEX_POINT('',#541);
#541 = CARTESIAN_POINT('',(48.741329992488,11.35,3.749999952316));
#542 = B_SPLINE_CURVE_WITH_KNOTS('',6,(#543,#544,#545,#546,#547,#548,
    #549,#550,#551,#552,#553,#554),.UNSPECIFIED.,.F.,.F.,(7,5,7),(0.,
    0.554744508704,1.),.UNSPECIFIED.);
#543 = CARTESIAN_POINT('',(48.678886348827,10.85,4.249999952316));
#544 = CARTESIAN_POINT('',(48.678886348827,10.85,4.180571197322));
#545 = CARTESIAN_POINT('',(48.680593855544,10.861568602215,
    4.110992640089));
#546 = CARTESIAN_POINT('',(48.684023037445,10.884801092966,
    4.043434185172));
#547 = CARTESIAN_POINT('',(48.689035302267,10.91938250263,3.980102616617
    ));
#548 = CARTESIAN_POINT('',(48.695340569534,10.964618369038,
    3.923191610602));
#549 = CARTESIAN_POINT('',(48.708379279964,11.063268643969,
    3.836219694082));
#550 = CARTESIAN_POINT('',(48.71479335768,11.113388908431,3.803003701475
    ));
#551 = CARTESIAN_POINT('',(48.721573597335,11.168704217488,
    3.776885082732));
#552 = CARTESIAN_POINT('',(48.728416963388,11.22772865181,3.75900268551)
  );
#553 = CARTESIAN_POINT('',(48.735064491356,11.288754290621,
    3.749999952316));
#554 = CARTESIAN_POINT('',(48.741329992488,11.35,3.749999952316));
#555 = ORIENTED_EDGE('',*,*,#556,.F.);
#556 = EDGE_CURVE('',#557,#540,#559,.T.);
#557 = VERTEX_POINT('',#558);
#558 = CARTESIAN_POINT('',(48.8,12.5,3.749999952316));
#559 = CIRCLE('',#560,11.3);
#560 = AXIS2_PLACEMENT_3D('',#561,#562,#563);
#561 = CARTESIAN_POINT('',(37.5,12.5,3.749999952316));
#562 = DIRECTION('',(0.,0.,-1.));
#563 = DIRECTION('',(1.,0.,0.));
#564 = ORIENTED_EDGE('',*,*,#565,.F.);
#565 = EDGE_CURVE('',#332,#557,#566,.T.);
#566 = LINE('',#567,#568);
#567 = CARTESIAN_POINT('',(48.8,12.5,-2.200000047684));
#568 = VECTOR('',#569,1.);
#569 = DIRECTION('',(0.,0.,1.));
#570 = ORIENTED_EDGE('',*,*,#331,.T.);
#571 = CYLINDRICAL_SURFACE('',#572,11.3);
#572 = AXIS2_PLACEMENT_3D('',#573,#574,#575);
#573 = CARTESIAN_POINT('',(37.5,12.5,-2.200000047684));
#574 = DIRECTION('',(-0.,-0.,-1.));
#575 = DIRECTION('',(1.,0.,0.));
#576 = ADVANCED_FACE('',(#577,#755),#825,.F.);
#577 = FACE_BOUND('',#578,.F.);
#578 = EDGE_LOOP('',(#579,#587,#588,#589,#590,#598,#606,#615,#623,#631,
    #639,#648,#657,#666,#675,#683,#691,#699,#708,#717,#725,#733,#741,
    #749));
#579 = ORIENTED_EDGE('',*,*,#580,.F.);
#580 = EDGE_CURVE('',#468,#581,#583,.T.);
#581 = VERTEX_POINT('',#582);
#582 = CARTESIAN_POINT('',(1.2,12.568337520965,11.099999952316));
#583 = LINE('',#584,#585);
#584 = CARTESIAN_POINT('',(1.2,12.5,11.099999952316));
#585 = VECTOR('',#586,1.);
#586 = DIRECTION('',(0.,1.,0.));
#587 = ORIENTED_EDGE('',*,*,#475,.T.);
#588 = ORIENTED_EDGE('',*,*,#186,.T.);
#589 = ORIENTED_EDGE('',*,*,#491,.T.);
#590 = ORIENTED_EDGE('',*,*,#591,.T.);
#591 = EDGE_CURVE('',#492,#592,#594,.T.);
#592 = VERTEX_POINT('',#593);
#593 = CARTESIAN_POINT('',(48.8,51.8,11.099999952316));
#594 = LINE('',#595,#596);
#595 = CARTESIAN_POINT('',(48.8,12.5,11.099999952316));
#596 = VECTOR('',#597,1.);
#597 = DIRECTION('',(0.,1.,0.));
#598 = ORIENTED_EDGE('',*,*,#599,.T.);
#599 = EDGE_CURVE('',#592,#600,#602,.T.);
#600 = VERTEX_POINT('',#601);
#601 = CARTESIAN_POINT('',(46.814249455894,51.8,11.099999952316));
#602 = LINE('',#603,#604);
#603 = CARTESIAN_POINT('',(34.5,51.8,11.099999952316));
#604 = VECTOR('',#605,1.);
#605 = DIRECTION('',(-1.,0.,0.));
#606 = ORIENTED_EDGE('',*,*,#607,.F.);
#607 = EDGE_CURVE('',#608,#600,#610,.T.);
#608 = VERTEX_POINT('',#609);
#609 = CARTESIAN_POINT('',(46.814249455894,53.2,11.099999952316));
#610 = CIRCLE('',#611,2.9);
#611 = AXIS2_PLACEMENT_3D('',#612,#613,#614);
#612 = CARTESIAN_POINT('',(44.,52.5,11.099999952316));
#613 = DIRECTION('',(0.,0.,1.));
#614 = DIRECTION('',(1.,0.,0.));
#615 = ORIENTED_EDGE('',*,*,#616,.F.);
#616 = EDGE_CURVE('',#617,#608,#619,.T.);
#617 = VERTEX_POINT('',#618);
#618 = CARTESIAN_POINT('',(48.8,53.2,11.099999952316));
#619 = LINE('',#620,#621);
#620 = CARTESIAN_POINT('',(34.5,53.2,11.099999952316));
#621 = VECTOR('',#622,1.);
#622 = DIRECTION('',(-1.,0.,0.));
#623 = ORIENTED_EDGE('',*,*,#624,.T.);
#624 = EDGE_CURVE('',#617,#625,#627,.T.);
#625 = VERTEX_POINT('',#626);
#626 = CARTESIAN_POINT('',(48.8,67.8,11.099999952316));
#627 = LINE('',#628,#629);
#628 = CARTESIAN_POINT('',(48.8,12.5,11.099999952316));
#629 = VECTOR('',#630,1.);
#630 = DIRECTION('',(0.,1.,0.));
#631 = ORIENTED_EDGE('',*,*,#632,.T.);
#632 = EDGE_CURVE('',#625,#633,#635,.T.);
#633 = VERTEX_POINT('',#634);
#634 = CARTESIAN_POINT('',(46.814249455894,67.8,11.099999952316));
#635 = LINE('',#636,#637);
#636 = CARTESIAN_POINT('',(34.5,67.8,11.099999952316));
#637 = VECTOR('',#638,1.);
#638 = DIRECTION('',(-1.,0.,0.));
#639 = ORIENTED_EDGE('',*,*,#640,.F.);
#640 = EDGE_CURVE('',#641,#633,#643,.T.);
#641 = VERTEX_POINT('',#642);
#642 = CARTESIAN_POINT('',(41.653503207997,66.795901175072,
    11.099999952316));
#643 = CIRCLE('',#644,2.9);
#644 = AXIS2_PLACEMENT_3D('',#645,#646,#647);
#645 = CARTESIAN_POINT('',(44.,68.5,11.099999952316));
#646 = DIRECTION('',(0.,0.,1.));
#647 = DIRECTION('',(1.,0.,0.));
#648 = ORIENTED_EDGE('',*,*,#649,.F.);
#649 = EDGE_CURVE('',#650,#641,#652,.T.);
#650 = VERTEX_POINT('',#651);
#651 = CARTESIAN_POINT('',(42.7,60.8,11.099999952316));
#652 = CIRCLE('',#653,17.7);
#653 = AXIS2_PLACEMENT_3D('',#654,#655,#656);
#654 = CARTESIAN_POINT('',(25.,60.8,11.099999952316));
#655 = DIRECTION('',(0.,0.,1.));
#656 = DIRECTION('',(1.,0.,0.));
#657 = ORIENTED_EDGE('',*,*,#658,.F.);
#658 = EDGE_CURVE('',#659,#650,#661,.T.);
#659 = VERTEX_POINT('',#660);
#660 = CARTESIAN_POINT('',(8.346496792003,66.795901175072,
    11.099999952316));
#661 = CIRCLE('',#662,17.7);
#662 = AXIS2_PLACEMENT_3D('',#663,#664,#665);
#663 = CARTESIAN_POINT('',(25.,60.8,11.099999952316));
#664 = DIRECTION('',(0.,0.,1.));
#665 = DIRECTION('',(1.,0.,0.));
#666 = ORIENTED_EDGE('',*,*,#667,.F.);
#667 = EDGE_CURVE('',#668,#659,#670,.T.);
#668 = VERTEX_POINT('',#669);
#669 = CARTESIAN_POINT('',(3.185750544106,67.8,11.099999952316));
#670 = CIRCLE('',#671,2.9);
#671 = AXIS2_PLACEMENT_3D('',#672,#673,#674);
#672 = CARTESIAN_POINT('',(6.,68.5,11.099999952316));
#673 = DIRECTION('',(0.,0.,1.));
#674 = DIRECTION('',(1.,0.,0.));
#675 = ORIENTED_EDGE('',*,*,#676,.T.);
#676 = EDGE_CURVE('',#668,#677,#679,.T.);
#677 = VERTEX_POINT('',#678);
#678 = CARTESIAN_POINT('',(1.2,67.8,11.099999952316));
#679 = LINE('',#680,#681);
#680 = CARTESIAN_POINT('',(13.05,67.8,11.099999952316));
#681 = VECTOR('',#682,1.);
#682 = DIRECTION('',(-1.,0.,0.));
#683 = ORIENTED_EDGE('',*,*,#684,.F.);
#684 = EDGE_CURVE('',#685,#677,#687,.T.);
#685 = VERTEX_POINT('',#686);
#686 = CARTESIAN_POINT('',(1.2,53.2,11.099999952316));
#687 = LINE('',#688,#689);
#688 = CARTESIAN_POINT('',(1.2,12.5,11.099999952316));
#689 = VECTOR('',#690,1.);
#690 = DIRECTION('',(0.,1.,0.));
#691 = ORIENTED_EDGE('',*,*,#692,.F.);
#692 = EDGE_CURVE('',#693,#685,#695,.T.);
#693 = VERTEX_POINT('',#694);
#694 = CARTESIAN_POINT('',(3.185750544106,53.2,11.099999952316));
#695 = LINE('',#696,#697);
#696 = CARTESIAN_POINT('',(13.05,53.2,11.099999952316));
#697 = VECTOR('',#698,1.);
#698 = DIRECTION('',(-1.,0.,0.));
#699 = ORIENTED_EDGE('',*,*,#700,.F.);
#700 = EDGE_CURVE('',#701,#693,#703,.T.);
#701 = VERTEX_POINT('',#702);
#702 = CARTESIAN_POINT('',(8.9,52.5,11.099999952316));
#703 = CIRCLE('',#704,2.9);
#704 = AXIS2_PLACEMENT_3D('',#705,#706,#707);
#705 = CARTESIAN_POINT('',(6.,52.5,11.099999952316));
#706 = DIRECTION('',(0.,0.,1.));
#707 = DIRECTION('',(1.,0.,0.));
#708 = ORIENTED_EDGE('',*,*,#709,.F.);
#709 = EDGE_CURVE('',#710,#701,#712,.T.);
#710 = VERTEX_POINT('',#711);
#711 = CARTESIAN_POINT('',(3.185750544106,51.8,11.099999952316));
#712 = CIRCLE('',#713,2.9);
#713 = AXIS2_PLACEMENT_3D('',#714,#715,#716);
#714 = CARTESIAN_POINT('',(6.,52.5,11.099999952316));
#715 = DIRECTION('',(0.,0.,1.));
#716 = DIRECTION('',(1.,0.,0.));
#717 = ORIENTED_EDGE('',*,*,#718,.T.);
#718 = EDGE_CURVE('',#710,#719,#721,.T.);
#719 = VERTEX_POINT('',#720);
#720 = CARTESIAN_POINT('',(1.2,51.8,11.099999952316));
#721 = LINE('',#722,#723);
#722 = CARTESIAN_POINT('',(13.05,51.8,11.099999952316));
#723 = VECTOR('',#724,1.);
#724 = DIRECTION('',(-1.,0.,0.));
#725 = ORIENTED_EDGE('',*,*,#726,.F.);
#726 = EDGE_CURVE('',#727,#719,#729,.T.);
#727 = VERTEX_POINT('',#728);
#728 = CARTESIAN_POINT('',(1.2,31.231662479036,11.099999952316));
#729 = LINE('',#730,#731);
#730 = CARTESIAN_POINT('',(1.2,12.5,11.099999952316));
#731 = VECTOR('',#732,1.);
#732 = DIRECTION('',(0.,1.,0.));
#733 = ORIENTED_EDGE('',*,*,#734,.T.);
#734 = EDGE_CURVE('',#727,#735,#737,.T.);
#735 = VERTEX_POINT('',#736);
#736 = CARTESIAN_POINT('',(1.35,31.231662479036,11.099999952316));
#737 = LINE('',#738,#739);
#738 = CARTESIAN_POINT('',(0.95,31.231662479036,11.099999952316));
#739 = VECTOR('',#740,1.);
#740 = DIRECTION('',(1.,0.,0.));
#741 = ORIENTED_EDGE('',*,*,#742,.F.);
#742 = EDGE_CURVE('',#743,#735,#745,.T.);
#743 = VERTEX_POINT('',#744);
#744 = CARTESIAN_POINT('',(1.35,12.568337520964,11.099999952316));
#745 = LINE('',#746,#747);
#746 = CARTESIAN_POINT('',(1.35,26.525,11.099999952316));
#747 = VECTOR('',#748,1.);
#748 = DIRECTION('',(0.,1.,0.));
#749 = ORIENTED_EDGE('',*,*,#750,.F.);
#750 = EDGE_CURVE('',#581,#743,#751,.T.);
#751 = LINE('',#752,#753);
#752 = CARTESIAN_POINT('',(0.95,12.568337520964,11.099999952316));
#753 = VECTOR('',#754,1.);
#754 = DIRECTION('',(1.,0.,0.));
#755 = FACE_BOUND('',#756,.F.);
#756 = EDGE_LOOP('',(#757,#767,#776,#784,#793,#801,#810,#818));
#757 = ORIENTED_EDGE('',*,*,#758,.T.);
#758 = EDGE_CURVE('',#759,#761,#763,.T.);
#759 = VERTEX_POINT('',#760);
#760 = CARTESIAN_POINT('',(36.725,3.435,11.099999952316));
#761 = VERTEX_POINT('',#762);
#762 = CARTESIAN_POINT('',(13.275,3.435,11.099999952316));
#763 = LINE('',#764,#765);
#764 = CARTESIAN_POINT('',(19.1375,3.435,11.099999952316));
#765 = VECTOR('',#766,1.);
#766 = DIRECTION('',(-1.,0.,0.));
#767 = ORIENTED_EDGE('',*,*,#768,.T.);
#768 = EDGE_CURVE('',#761,#769,#771,.T.);
#769 = VERTEX_POINT('',#770);
#770 = CARTESIAN_POINT('',(2.975,13.735,11.099999952316));
#771 = CIRCLE('',#772,10.3);
#772 = AXIS2_PLACEMENT_3D('',#773,#774,#775);
#773 = CARTESIAN_POINT('',(13.275,13.735,11.099999952316));
#774 = DIRECTION('',(0.,0.,-1.));
#775 = DIRECTION('',(1.,0.,0.));
#776 = ORIENTED_EDGE('',*,*,#777,.T.);
#777 = EDGE_CURVE('',#769,#778,#780,.T.);
#778 = VERTEX_POINT('',#779);
#779 = CARTESIAN_POINT('',(2.975,30.065,11.099999952316));
#780 = LINE('',#781,#782);
#781 = CARTESIAN_POINT('',(2.975,27.2425,11.099999952316));
#782 = VECTOR('',#783,1.);
#783 = DIRECTION('',(0.,1.,0.));
#784 = ORIENTED_EDGE('',*,*,#785,.T.);
#785 = EDGE_CURVE('',#778,#786,#788,.T.);
#786 = VERTEX_POINT('',#787);
#787 = CARTESIAN_POINT('',(13.275,40.365,11.099999952316));
#788 = CIRCLE('',#789,10.3);
#789 = AXIS2_PLACEMENT_3D('',#790,#791,#792);
#790 = CARTESIAN_POINT('',(13.275,30.065,11.099999952316));
#791 = DIRECTION('',(0.,0.,-1.));
#792 = DIRECTION('',(1.,0.,0.));
#793 = ORIENTED_EDGE('',*,*,#794,.F.);
#794 = EDGE_CURVE('',#795,#786,#797,.T.);
#795 = VERTEX_POINT('',#796);
#796 = CARTESIAN_POINT('',(36.725,40.365,11.099999952316));
#797 = LINE('',#798,#799);
#798 = CARTESIAN_POINT('',(19.1375,40.365,11.099999952316));
#799 = VECTOR('',#800,1.);
#800 = DIRECTION('',(-1.,0.,0.));
#801 = ORIENTED_EDGE('',*,*,#802,.T.);
#802 = EDGE_CURVE('',#795,#803,#805,.T.);
#803 = VERTEX_POINT('',#804);
#804 = CARTESIAN_POINT('',(47.025,30.065,11.099999952316));
#805 = CIRCLE('',#806,10.3);
#806 = AXIS2_PLACEMENT_3D('',#807,#808,#809);
#807 = CARTESIAN_POINT('',(36.725,30.065,11.099999952316));
#808 = DIRECTION('',(0.,0.,-1.));
#809 = DIRECTION('',(1.,0.,0.));
#810 = ORIENTED_EDGE('',*,*,#811,.F.);
#811 = EDGE_CURVE('',#812,#803,#814,.T.);
#812 = VERTEX_POINT('',#813);
#813 = CARTESIAN_POINT('',(47.025,13.735,11.099999952316));
#814 = LINE('',#815,#816);
#815 = CARTESIAN_POINT('',(47.025,27.2425,11.099999952316));
#816 = VECTOR('',#817,1.);
#817 = DIRECTION('',(0.,1.,0.));
#818 = ORIENTED_EDGE('',*,*,#819,.T.);
#819 = EDGE_CURVE('',#812,#759,#820,.T.);
#820 = CIRCLE('',#821,10.3);
#821 = AXIS2_PLACEMENT_3D('',#822,#823,#824);
#822 = CARTESIAN_POINT('',(36.725,13.735,11.099999952316));
#823 = DIRECTION('',(0.,0.,-1.));
#824 = DIRECTION('',(1.,0.,0.));
#825 = PLANE('',#826);
#826 = AXIS2_PLACEMENT_3D('',#827,#828,#829);
#827 = CARTESIAN_POINT('',(25.,40.75,11.099999952316));
#828 = DIRECTION('',(0.,0.,1.));
#829 = DIRECTION('',(1.,0.,0.));
#830 = ADVANCED_FACE('',(#831),#850,.F.);
#831 = FACE_BOUND('',#832,.T.);
#832 = EDGE_LOOP('',(#833,#834,#842,#849));
#833 = ORIENTED_EDGE('',*,*,#234,.T.);
#834 = ORIENTED_EDGE('',*,*,#835,.T.);
#835 = EDGE_CURVE('',#235,#836,#838,.T.);
#836 = VERTEX_POINT('',#837);
#837 = CARTESIAN_POINT('',(25.65,4.5,7.999999952316));
#838 = LINE('',#839,#840);
#839 = CARTESIAN_POINT('',(25.65,4.5,-0.400000047684));
#840 = VECTOR('',#841,1.);
#841 = DIRECTION('',(0.,0.,1.));
#842 = ORIENTED_EDGE('',*,*,#843,.T.);
#843 = EDGE_CURVE('',#836,#836,#844,.T.);
#844 = CIRCLE('',#845,0.65);
#845 = AXIS2_PLACEMENT_3D('',#846,#847,#848);
#846 = CARTESIAN_POINT('',(25.,4.5,7.999999952316));
#847 = DIRECTION('',(0.,0.,1.));
#848 = DIRECTION('',(1.,0.,0.));
#849 = ORIENTED_EDGE('',*,*,#835,.F.);
#850 = CYLINDRICAL_SURFACE('',#851,0.65);
#851 = AXIS2_PLACEMENT_3D('',#852,#853,#854);
#852 = CARTESIAN_POINT('',(25.,4.5,-0.400000047684));
#853 = DIRECTION('',(-0.,-0.,-1.));
#854 = DIRECTION('',(1.,0.,0.));
#855 = ADVANCED_FACE('',(#856),#884,.T.);
#856 = FACE_BOUND('',#857,.F.);
#857 = EDGE_LOOP('',(#858,#867,#876,#883));
#858 = ORIENTED_EDGE('',*,*,#859,.F.);
#859 = EDGE_CURVE('',#860,#252,#862,.T.);
#860 = VERTEX_POINT('',#861);
#861 = CARTESIAN_POINT('',(0.,12.5,0.549999952316));
#862 = CIRCLE('',#863,0.55);
#863 = AXIS2_PLACEMENT_3D('',#864,#865,#866);
#864 = CARTESIAN_POINT('',(0.55,12.5,0.549999952316));
#865 = DIRECTION('',(-1.4E-16,-1.,-0.));
#866 = DIRECTION('',(-1.,1.4E-16,0.));
#867 = ORIENTED_EDGE('',*,*,#868,.T.);
#868 = EDGE_CURVE('',#860,#869,#871,.T.);
#869 = VERTEX_POINT('',#870);
#870 = CARTESIAN_POINT('',(12.5,0.,0.549999952316));
#871 = CIRCLE('',#872,12.5);
#872 = AXIS2_PLACEMENT_3D('',#873,#874,#875);
#873 = CARTESIAN_POINT('',(12.5,12.5,0.549999952316));
#874 = DIRECTION('',(0.,-0.,1.));
#875 = DIRECTION('',(-1.,1.4E-16,0.));
#876 = ORIENTED_EDGE('',*,*,#877,.T.);
#877 = EDGE_CURVE('',#869,#254,#878,.T.);
#878 = CIRCLE('',#879,0.55);
#879 = AXIS2_PLACEMENT_3D('',#880,#881,#882);
#880 = CARTESIAN_POINT('',(12.5,0.55,0.549999952316));
#881 = DIRECTION('',(1.,-2.E-16,0.));
#882 = DIRECTION('',(-2.E-16,-1.,0.));
#883 = ORIENTED_EDGE('',*,*,#251,.F.);
#884 = TOROIDAL_SURFACE('',#885,11.95,0.55);
#885 = AXIS2_PLACEMENT_3D('',#886,#887,#888);
#886 = CARTESIAN_POINT('',(12.5,12.5,0.549999952316));
#887 = DIRECTION('',(0.,0.,-1.));
#888 = DIRECTION('',(-1.,1.4E-16,0.));
#889 = ADVANCED_FACE('',(#890),#909,.T.);
#890 = FACE_BOUND('',#891,.T.);
#891 = EDGE_LOOP('',(#892,#901,#902,#903));
#892 = ORIENTED_EDGE('',*,*,#893,.T.);
#893 = EDGE_CURVE('',#894,#263,#896,.T.);
#894 = VERTEX_POINT('',#895);
#895 = CARTESIAN_POINT('',(0.,69.,0.549999952316));
#896 = CIRCLE('',#897,0.55);
#897 = AXIS2_PLACEMENT_3D('',#898,#899,#900);
#898 = CARTESIAN_POINT('',(0.55,69.,0.549999952316));
#899 = DIRECTION('',(-6.E-17,-1.,-0.));
#900 = DIRECTION('',(-1.,6.E-17,0.));
#901 = ORIENTED_EDGE('',*,*,#262,.T.);
#902 = ORIENTED_EDGE('',*,*,#859,.F.);
#903 = ORIENTED_EDGE('',*,*,#904,.F.);
#904 = EDGE_CURVE('',#894,#860,#905,.T.);
#905 = LINE('',#906,#907);
#906 = CARTESIAN_POINT('',(-1.1E-16,69.,0.549999952316));
#907 = VECTOR('',#908,1.);
#908 = DIRECTION('',(-0.,-1.,-0.));
#909 = CYLINDRICAL_SURFACE('',#910,0.55);
#910 = AXIS2_PLACEMENT_3D('',#911,#912,#913);
#911 = CARTESIAN_POINT('',(0.55,69.,0.549999952316));
#912 = DIRECTION('',(-0.,-1.,-0.));
#913 = DIRECTION('',(-1.,0.,0.));
#914 = ADVANCED_FACE('',(#915),#935,.T.);
#915 = FACE_BOUND('',#916,.F.);
#916 = EDGE_LOOP('',(#917,#926,#933,#934));
#917 = ORIENTED_EDGE('',*,*,#918,.F.);
#918 = EDGE_CURVE('',#919,#271,#921,.T.);
#919 = VERTEX_POINT('',#920);
#920 = CARTESIAN_POINT('',(12.5,81.5,0.549999952316));
#921 = CIRCLE('',#922,0.55);
#922 = AXIS2_PLACEMENT_3D('',#923,#924,#925);
#923 = CARTESIAN_POINT('',(12.5,80.95,0.549999952316));
#924 = DIRECTION('',(-1.,0.,0.));
#925 = DIRECTION('',(0.,1.,0.));
#926 = ORIENTED_EDGE('',*,*,#927,.T.);
#927 = EDGE_CURVE('',#919,#894,#928,.T.);
#928 = CIRCLE('',#929,12.5);
#929 = AXIS2_PLACEMENT_3D('',#930,#931,#932);
#930 = CARTESIAN_POINT('',(12.5,69.,0.549999952316));
#931 = DIRECTION('',(0.,-0.,1.));
#932 = DIRECTION('',(0.,1.,0.));
#933 = ORIENTED_EDGE('',*,*,#893,.T.);
#934 = ORIENTED_EDGE('',*,*,#270,.F.);
#935 = TOROIDAL_SURFACE('',#936,11.95,0.55);
#936 = AXIS2_PLACEMENT_3D('',#937,#938,#939);
#937 = CARTESIAN_POINT('',(12.5,69.,0.549999952316));
#938 = DIRECTION('',(0.,0.,-1.));
#939 = DIRECTION('',(0.,1.,0.));
#940 = ADVANCED_FACE('',(#941),#960,.T.);
#941 = FACE_BOUND('',#942,.T.);
#942 = EDGE_LOOP('',(#943,#952,#953,#954));
#943 = ORIENTED_EDGE('',*,*,#944,.T.);
#944 = EDGE_CURVE('',#945,#280,#947,.T.);
#945 = VERTEX_POINT('',#946);
#946 = CARTESIAN_POINT('',(37.5,81.5,0.549999952316));
#947 = CIRCLE('',#948,0.55);
#948 = AXIS2_PLACEMENT_3D('',#949,#950,#951);
#949 = CARTESIAN_POINT('',(37.5,80.95,0.549999952316));
#950 = DIRECTION('',(-1.,6.E-17,0.));
#951 = DIRECTION('',(6.E-17,1.,0.));
#952 = ORIENTED_EDGE('',*,*,#279,.T.);
#953 = ORIENTED_EDGE('',*,*,#918,.F.);
#954 = ORIENTED_EDGE('',*,*,#955,.F.);
#955 = EDGE_CURVE('',#945,#919,#956,.T.);
#956 = LINE('',#957,#958);
#957 = CARTESIAN_POINT('',(37.5,81.5,0.549999952316));
#958 = VECTOR('',#959,1.);
#959 = DIRECTION('',(-1.,-0.,-0.));
#960 = CYLINDRICAL_SURFACE('',#961,0.55);
#961 = AXIS2_PLACEMENT_3D('',#962,#963,#964);
#962 = CARTESIAN_POINT('',(37.5,80.95,0.549999952316));
#963 = DIRECTION('',(-1.,-0.,-0.));
#964 = DIRECTION('',(0.,1.,0.));
#965 = ADVANCED_FACE('',(#966),#986,.T.);
#966 = FACE_BOUND('',#967,.F.);
#967 = EDGE_LOOP('',(#968,#977,#984,#985));
#968 = ORIENTED_EDGE('',*,*,#969,.F.);
#969 = EDGE_CURVE('',#970,#288,#972,.T.);
#970 = VERTEX_POINT('',#971);
#971 = CARTESIAN_POINT('',(50.,69.,0.549999952316));
#972 = CIRCLE('',#973,0.55);
#973 = AXIS2_PLACEMENT_3D('',#974,#975,#976);
#974 = CARTESIAN_POINT('',(49.45,69.,0.549999952316));
#975 = DIRECTION('',(-0.,1.,0.));
#976 = DIRECTION('',(1.,0.,0.));
#977 = ORIENTED_EDGE('',*,*,#978,.T.);
#978 = EDGE_CURVE('',#970,#945,#979,.T.);
#979 = CIRCLE('',#980,12.5);
#980 = AXIS2_PLACEMENT_3D('',#981,#982,#983);
#981 = CARTESIAN_POINT('',(37.5,69.,0.549999952316));
#982 = DIRECTION('',(0.,0.,1.));
#983 = DIRECTION('',(1.,0.,0.));
#984 = ORIENTED_EDGE('',*,*,#944,.T.);
#985 = ORIENTED_EDGE('',*,*,#287,.F.);
#986 = TOROIDAL_SURFACE('',#987,11.95,0.55);
#987 = AXIS2_PLACEMENT_3D('',#988,#989,#990);
#988 = CARTESIAN_POINT('',(37.5,69.,0.549999952316));
#989 = DIRECTION('',(0.,0.,-1.));
#990 = DIRECTION('',(1.,0.,0.));
#991 = ADVANCED_FACE('',(#992),#1011,.T.);
#992 = FACE_BOUND('',#993,.T.);
#993 = EDGE_LOOP('',(#994,#1003,#1004,#1005));
#994 = ORIENTED_EDGE('',*,*,#995,.T.);
#995 = EDGE_CURVE('',#996,#297,#998,.T.);
#996 = VERTEX_POINT('',#997);
#997 = CARTESIAN_POINT('',(50.,12.5,0.549999952316));
#998 = CIRCLE('',#999,0.55);
#999 = AXIS2_PLACEMENT_3D('',#1000,#1001,#1002);
#1000 = CARTESIAN_POINT('',(49.45,12.5,0.549999952316));
#1001 = DIRECTION('',(6.E-17,1.,0.));
#1002 = DIRECTION('',(1.,-6.E-17,0.));
#1003 = ORIENTED_EDGE('',*,*,#296,.T.);
#1004 = ORIENTED_EDGE('',*,*,#969,.F.);
#1005 = ORIENTED_EDGE('',*,*,#1006,.F.);
#1006 = EDGE_CURVE('',#996,#970,#1007,.T.);
#1007 = LINE('',#1008,#1009);
#1008 = CARTESIAN_POINT('',(50.,12.5,0.549999952316));
#1009 = VECTOR('',#1010,1.);
#1010 = DIRECTION('',(0.,1.,0.));
#1011 = CYLINDRICAL_SURFACE('',#1012,0.55);
#1012 = AXIS2_PLACEMENT_3D('',#1013,#1014,#1015);
#1013 = CARTESIAN_POINT('',(49.45,12.5,0.549999952316));
#1014 = DIRECTION('',(0.,1.,0.));
#1015 = DIRECTION('',(1.,0.,0.));
#1016 = ADVANCED_FACE('',(#1017),#1037,.T.);
#1017 = FACE_BOUND('',#1018,.F.);
#1018 = EDGE_LOOP('',(#1019,#1028,#1035,#1036));
#1019 = ORIENTED_EDGE('',*,*,#1020,.F.);
#1020 = EDGE_CURVE('',#1021,#305,#1023,.T.);
#1021 = VERTEX_POINT('',#1022);
#1022 = CARTESIAN_POINT('',(37.5,0.,0.549999952316));
#1023 = CIRCLE('',#1024,0.55);
#1024 = AXIS2_PLACEMENT_3D('',#1025,#1026,#1027);
#1025 = CARTESIAN_POINT('',(37.5,0.55,0.549999952316));
#1026 = DIRECTION('',(1.,0.,0.));
#1027 = DIRECTION('',(0.,-1.,0.));
#1028 = ORIENTED_EDGE('',*,*,#1029,.T.);
#1029 = EDGE_CURVE('',#1021,#996,#1030,.T.);
#1030 = CIRCLE('',#1031,12.5);
#1031 = AXIS2_PLACEMENT_3D('',#1032,#1033,#1034);
#1032 = CARTESIAN_POINT('',(37.5,12.5,0.549999952316));
#1033 = DIRECTION('',(-0.,0.,1.));
#1034 = DIRECTION('',(0.,-1.,0.));
#1035 = ORIENTED_EDGE('',*,*,#995,.T.);
#1036 = ORIENTED_EDGE('',*,*,#304,.F.);
#1037 = TOROIDAL_SURFACE('',#1038,11.95,0.55);
#1038 = AXIS2_PLACEMENT_3D('',#1039,#1040,#1041);
#1039 = CARTESIAN_POINT('',(37.5,12.5,0.549999952316));
#1040 = DIRECTION('',(0.,0.,-1.));
#1041 = DIRECTION('',(0.,-1.,0.));
#1042 = ADVANCED_FACE('',(#1043),#1054,.T.);
#1043 = FACE_BOUND('',#1044,.T.);
#1044 = EDGE_LOOP('',(#1045,#1046,#1047,#1048));
#1045 = ORIENTED_EDGE('',*,*,#877,.T.);
#1046 = ORIENTED_EDGE('',*,*,#313,.T.);
#1047 = ORIENTED_EDGE('',*,*,#1020,.F.);
#1048 = ORIENTED_EDGE('',*,*,#1049,.F.);
#1049 = EDGE_CURVE('',#869,#1021,#1050,.T.);
#1050 = LINE('',#1051,#1052);
#1051 = CARTESIAN_POINT('',(12.5,0.,0.549999952316));
#1052 = VECTOR('',#1053,1.);
#1053 = DIRECTION('',(1.,0.,0.));
#1054 = CYLINDRICAL_SURFACE('',#1055,0.55);
#1055 = AXIS2_PLACEMENT_3D('',#1056,#1057,#1058);
#1056 = CARTESIAN_POINT('',(12.5,0.55,0.549999952316));
#1057 = DIRECTION('',(1.,0.,0.));
#1058 = DIRECTION('',(0.,-1.,0.));
#1059 = ADVANCED_FACE('',(#1060,#1151,#1185),#1287,.F.);
#1060 = FACE_BOUND('',#1061,.F.);
#1061 = EDGE_LOOP('',(#1062,#1063,#1064,#1072,#1080,#1086,#1087,#1095,
    #1103,#1109,#1110,#1111,#1119,#1128,#1136,#1145));
#1062 = ORIENTED_EDGE('',*,*,#565,.F.);
#1063 = ORIENTED_EDGE('',*,*,#340,.F.);
#1064 = ORIENTED_EDGE('',*,*,#1065,.T.);
#1065 = EDGE_CURVE('',#341,#1066,#1068,.T.);
#1066 = VERTEX_POINT('',#1067);
#1067 = CARTESIAN_POINT('',(48.8,69.,10.699999952316));
#1068 = LINE('',#1069,#1070);
#1069 = CARTESIAN_POINT('',(48.8,69.,-2.200000047684));
#1070 = VECTOR('',#1071,1.);
#1071 = DIRECTION('',(0.,0.,1.));
#1072 = ORIENTED_EDGE('',*,*,#1073,.T.);
#1073 = EDGE_CURVE('',#1066,#1074,#1076,.T.);
#1074 = VERTEX_POINT('',#1075);
#1075 = CARTESIAN_POINT('',(48.8,67.8,10.699999952316));
#1076 = LINE('',#1077,#1078);
#1077 = CARTESIAN_POINT('',(48.8,40.15,10.699999952316));
#1078 = VECTOR('',#1079,1.);
#1079 = DIRECTION('',(0.,-1.,0.));
#1080 = ORIENTED_EDGE('',*,*,#1081,.T.);
#1081 = EDGE_CURVE('',#1074,#625,#1082,.T.);
#1082 = LINE('',#1083,#1084);
#1083 = CARTESIAN_POINT('',(48.8,67.8,4.249999952316));
#1084 = VECTOR('',#1085,1.);
#1085 = DIRECTION('',(0.,0.,1.));
#1086 = ORIENTED_EDGE('',*,*,#624,.F.);
#1087 = ORIENTED_EDGE('',*,*,#1088,.F.);
#1088 = EDGE_CURVE('',#1089,#617,#1091,.T.);
#1089 = VERTEX_POINT('',#1090);
#1090 = CARTESIAN_POINT('',(48.8,53.2,10.699999952316));
#1091 = LINE('',#1092,#1093);
#1092 = CARTESIAN_POINT('',(48.8,53.2,4.249999952316));
#1093 = VECTOR('',#1094,1.);
#1094 = DIRECTION('',(0.,0.,1.));
#1095 = ORIENTED_EDGE('',*,*,#1096,.T.);
#1096 = EDGE_CURVE('',#1089,#1097,#1099,.T.);
#1097 = VERTEX_POINT('',#1098);
#1098 = CARTESIAN_POINT('',(48.8,51.8,10.699999952316));
#1099 = LINE('',#1100,#1101);
#1100 = CARTESIAN_POINT('',(48.8,32.15,10.699999952316));
#1101 = VECTOR('',#1102,1.);
#1102 = DIRECTION('',(0.,-1.,0.));
#1103 = ORIENTED_EDGE('',*,*,#1104,.T.);
#1104 = EDGE_CURVE('',#1097,#592,#1105,.T.);
#1105 = LINE('',#1106,#1107);
#1106 = CARTESIAN_POINT('',(48.8,51.8,4.249999952316));
#1107 = VECTOR('',#1108,1.);
#1108 = DIRECTION('',(0.,0.,1.));
#1109 = ORIENTED_EDGE('',*,*,#591,.F.);
#1110 = ORIENTED_EDGE('',*,*,#500,.F.);
#1111 = ORIENTED_EDGE('',*,*,#1112,.F.);
#1112 = EDGE_CURVE('',#1113,#501,#1115,.T.);
#1113 = VERTEX_POINT('',#1114);
#1114 = CARTESIAN_POINT('',(48.8,25.95,6.149999952316));
#1115 = LINE('',#1116,#1117);
#1116 = CARTESIAN_POINT('',(48.8,11.925,6.149999952316));
#1117 = VECTOR('',#1118,1.);
#1118 = DIRECTION('',(0.,-1.,0.));
#1119 = ORIENTED_EDGE('',*,*,#1120,.T.);
#1120 = EDGE_CURVE('',#1113,#1121,#1123,.T.);
#1121 = VERTEX_POINT('',#1122);
#1122 = CARTESIAN_POINT('',(48.8,26.45,5.649999952316));
#1123 = CIRCLE('',#1124,0.5);
#1124 = AXIS2_PLACEMENT_3D('',#1125,#1126,#1127);
#1125 = CARTESIAN_POINT('',(48.8,25.95,5.649999952316));
#1126 = DIRECTION('',(-1.,0.,0.));
#1127 = DIRECTION('',(0.,1.,0.));
#1128 = ORIENTED_EDGE('',*,*,#1129,.F.);
#1129 = EDGE_CURVE('',#1130,#1121,#1132,.T.);
#1130 = VERTEX_POINT('',#1131);
#1131 = CARTESIAN_POINT('',(48.8,26.45,4.249999952316));
#1132 = LINE('',#1133,#1134);
#1133 = CARTESIAN_POINT('',(48.8,26.45,1.024999952316));
#1134 = VECTOR('',#1135,1.);
#1135 = DIRECTION('',(0.,0.,1.));
#1136 = ORIENTED_EDGE('',*,*,#1137,.T.);
#1137 = EDGE_CURVE('',#1130,#1138,#1140,.T.);
#1138 = VERTEX_POINT('',#1139);
#1139 = CARTESIAN_POINT('',(48.8,25.95,3.749999952316));
#1140 = CIRCLE('',#1141,0.5);
#1141 = AXIS2_PLACEMENT_3D('',#1142,#1143,#1144);
#1142 = CARTESIAN_POINT('',(48.8,25.95,4.249999952316));
#1143 = DIRECTION('',(-1.,0.,0.));
#1144 = DIRECTION('',(0.,1.,0.));
#1145 = ORIENTED_EDGE('',*,*,#1146,.T.);
#1146 = EDGE_CURVE('',#1138,#557,#1147,.T.);
#1147 = LINE('',#1148,#1149);
#1148 = CARTESIAN_POINT('',(48.8,11.925,3.749999952316));
#1149 = VECTOR('',#1150,1.);
#1150 = DIRECTION('',(0.,-1.,0.));
#1151 = FACE_BOUND('',#1152,.F.);
#1152 = EDGE_LOOP('',(#1153,#1163,#1171,#1179));
#1153 = ORIENTED_EDGE('',*,*,#1154,.F.);
#1154 = EDGE_CURVE('',#1155,#1157,#1159,.T.);
#1155 = VERTEX_POINT('',#1156);
#1156 = CARTESIAN_POINT('',(48.8,62.7,5.199999952316));
#1157 = VERTEX_POINT('',#1158);
#1158 = CARTESIAN_POINT('',(48.8,62.7,6.199999952316));
#1159 = LINE('',#1160,#1161);
#1160 = CARTESIAN_POINT('',(48.8,62.7,1.499999952316));
#1161 = VECTOR('',#1162,1.);
#1162 = DIRECTION('',(0.,0.,1.));
#1163 = ORIENTED_EDGE('',*,*,#1164,.F.);
#1164 = EDGE_CURVE('',#1165,#1155,#1167,.T.);
#1165 = VERTEX_POINT('',#1166);
#1166 = CARTESIAN_POINT('',(48.8,60.3,5.199999952316));
#1167 = LINE('',#1168,#1169);
#1168 = CARTESIAN_POINT('',(48.8,37.083591654679,5.199999952316));
#1169 = VECTOR('',#1170,1.);
#1170 = DIRECTION('',(0.,1.,0.));
#1171 = ORIENTED_EDGE('',*,*,#1172,.T.);
#1172 = EDGE_CURVE('',#1165,#1173,#1175,.T.);
#1173 = VERTEX_POINT('',#1174);
#1174 = CARTESIAN_POINT('',(48.8,60.3,6.199999952316));
#1175 = LINE('',#1176,#1177);
#1176 = CARTESIAN_POINT('',(48.8,60.3,1.499999952316));
#1177 = VECTOR('',#1178,1.);
#1178 = DIRECTION('',(0.,0.,1.));
#1179 = ORIENTED_EDGE('',*,*,#1180,.F.);
#1180 = EDGE_CURVE('',#1157,#1173,#1181,.T.);
#1181 = LINE('',#1182,#1183);
#1182 = CARTESIAN_POINT('',(48.8,36.4,6.199999952316));
#1183 = VECTOR('',#1184,1.);
#1184 = DIRECTION('',(0.,-1.,0.));
#1185 = FACE_BOUND('',#1186,.F.);
#1186 = EDGE_LOOP('',(#1187,#1197,#1205,#1213,#1222,#1230,#1239,#1247,
    #1256,#1264,#1273,#1281));
#1187 = ORIENTED_EDGE('',*,*,#1188,.F.);
#1188 = EDGE_CURVE('',#1189,#1191,#1193,.T.);
#1189 = VERTEX_POINT('',#1190);
#1190 = CARTESIAN_POINT('',(48.8,58.15,9.099999952316));
#1191 = VERTEX_POINT('',#1192);
#1192 = CARTESIAN_POINT('',(48.8,58.15,9.699999952316));
#1193 = LINE('',#1194,#1195);
#1194 = CARTESIAN_POINT('',(48.8,58.15,3.449999952316));
#1195 = VECTOR('',#1196,1.);
#1196 = DIRECTION('',(0.,0.,1.));
#1197 = ORIENTED_EDGE('',*,*,#1198,.T.);
#1198 = EDGE_CURVE('',#1189,#1199,#1201,.T.);
#1199 = VERTEX_POINT('',#1200);
#1200 = CARTESIAN_POINT('',(48.8,57.,9.099999952316));
#1201 = LINE('',#1202,#1203);
#1202 = CARTESIAN_POINT('',(48.8,34.725,9.099999952316));
#1203 = VECTOR('',#1204,1.);
#1204 = DIRECTION('',(0.,-1.,0.));
#1205 = ORIENTED_EDGE('',*,*,#1206,.F.);
#1206 = EDGE_CURVE('',#1207,#1199,#1209,.T.);
#1207 = VERTEX_POINT('',#1208);
#1208 = CARTESIAN_POINT('',(48.8,57.,0.699999952316));
#1209 = LINE('',#1210,#1211);
#1210 = CARTESIAN_POINT('',(48.8,57.,-1.050000047684));
#1211 = VECTOR('',#1212,1.);
#1212 = DIRECTION('',(0.,0.,1.));
#1213 = ORIENTED_EDGE('',*,*,#1214,.F.);
#1214 = EDGE_CURVE('',#1215,#1207,#1217,.T.);
#1215 = VERTEX_POINT('',#1216);
#1216 = CARTESIAN_POINT('',(48.8,56.4,9.999995231628E-02));
#1217 = CIRCLE('',#1218,0.6);
#1218 = AXIS2_PLACEMENT_3D('',#1219,#1220,#1221);
#1219 = CARTESIAN_POINT('',(48.8,56.4,0.699999952316));
#1220 = DIRECTION('',(1.,0.,0.));
#1221 = DIRECTION('',(0.,1.,0.));
#1222 = ORIENTED_EDGE('',*,*,#1223,.T.);
#1223 = EDGE_CURVE('',#1215,#1224,#1226,.T.);
#1224 = VERTEX_POINT('',#1225);
#1225 = CARTESIAN_POINT('',(48.8,50.,9.999995231628E-02));
#1226 = LINE('',#1227,#1228);
#1227 = CARTESIAN_POINT('',(48.8,30.95,9.999995231628E-02));
#1228 = VECTOR('',#1229,1.);
#1229 = DIRECTION('',(0.,-1.,0.));
#1230 = ORIENTED_EDGE('',*,*,#1231,.F.);
#1231 = EDGE_CURVE('',#1232,#1224,#1234,.T.);
#1232 = VERTEX_POINT('',#1233);
#1233 = CARTESIAN_POINT('',(48.8,49.4,0.699999952316));
#1234 = CIRCLE('',#1235,0.6);
#1235 = AXIS2_PLACEMENT_3D('',#1236,#1237,#1238);
#1236 = CARTESIAN_POINT('',(48.8,50.,0.699999952316));
#1237 = DIRECTION('',(1.,0.,0.));
#1238 = DIRECTION('',(0.,-1.,0.));
#1239 = ORIENTED_EDGE('',*,*,#1240,.T.);
#1240 = EDGE_CURVE('',#1232,#1241,#1243,.T.);
#1241 = VERTEX_POINT('',#1242);
#1242 = CARTESIAN_POINT('',(48.8,49.4,9.449999952316));
#1243 = LINE('',#1244,#1245);
#1244 = CARTESIAN_POINT('',(48.8,49.4,-1.050000047684));
#1245 = VECTOR('',#1246,1.);
#1246 = DIRECTION('',(0.,0.,1.));
#1247 = ORIENTED_EDGE('',*,*,#1248,.F.);
#1248 = EDGE_CURVE('',#1249,#1241,#1251,.T.);
#1249 = VERTEX_POINT('',#1250);
#1250 = CARTESIAN_POINT('',(48.8,50.,10.049999952316));
#1251 = CIRCLE('',#1252,0.6);
#1252 = AXIS2_PLACEMENT_3D('',#1253,#1254,#1255);
#1253 = CARTESIAN_POINT('',(48.8,50.,9.449999952316));
#1254 = DIRECTION('',(1.,0.,0.));
#1255 = DIRECTION('',(0.,-1.,0.));
#1256 = ORIENTED_EDGE('',*,*,#1257,.F.);
#1257 = EDGE_CURVE('',#1258,#1249,#1260,.T.);
#1258 = VERTEX_POINT('',#1259);
#1259 = CARTESIAN_POINT('',(48.8,56.4,10.049999952316));
#1260 = LINE('',#1261,#1262);
#1261 = CARTESIAN_POINT('',(48.8,30.95,10.049999952316));
#1262 = VECTOR('',#1263,1.);
#1263 = DIRECTION('',(0.,-1.,0.));
#1264 = ORIENTED_EDGE('',*,*,#1265,.F.);
#1265 = EDGE_CURVE('',#1266,#1258,#1268,.T.);
#1266 = VERTEX_POINT('',#1267);
#1267 = CARTESIAN_POINT('',(48.8,56.95,9.689791528482));
#1268 = CIRCLE('',#1269,0.6);
#1269 = AXIS2_PLACEMENT_3D('',#1270,#1271,#1272);
#1270 = CARTESIAN_POINT('',(48.8,56.4,9.449999952316));
#1271 = DIRECTION('',(1.,0.,0.));
#1272 = DIRECTION('',(0.,1.,0.));
#1273 = ORIENTED_EDGE('',*,*,#1274,.T.);
#1274 = EDGE_CURVE('',#1266,#1275,#1277,.T.);
#1275 = VERTEX_POINT('',#1276);
#1276 = CARTESIAN_POINT('',(48.8,56.95,9.699999952316));
#1277 = LINE('',#1278,#1279);
#1278 = CARTESIAN_POINT('',(48.8,56.95,3.449999952316));
#1279 = VECTOR('',#1280,1.);
#1280 = DIRECTION('',(0.,0.,1.));
#1281 = ORIENTED_EDGE('',*,*,#1282,.F.);
#1282 = EDGE_CURVE('',#1191,#1275,#1283,.T.);
#1283 = LINE('',#1284,#1285);
#1284 = CARTESIAN_POINT('',(48.8,34.725,9.699999952316));
#1285 = VECTOR('',#1286,1.);
#1286 = DIRECTION('',(0.,-1.,0.));
#1287 = PLANE('',#1288);
#1288 = AXIS2_PLACEMENT_3D('',#1289,#1290,#1291);
#1289 = CARTESIAN_POINT('',(48.8,12.5,-2.200000047684));
#1290 = DIRECTION('',(1.,0.,0.));
#1291 = DIRECTION('',(0.,0.,1.));
#1292 = ADVANCED_FACE('',(#1293),#1387,.F.);
#1293 = FACE_BOUND('',#1294,.T.);
#1294 = EDGE_LOOP('',(#1295,#1303,#1304,#1305,#1314,#1322,#1331,#1339,
    #1364));
#1295 = ORIENTED_EDGE('',*,*,#1296,.F.);
#1296 = EDGE_CURVE('',#349,#1297,#1299,.T.);
#1297 = VERTEX_POINT('',#1298);
#1298 = CARTESIAN_POINT('',(37.5,80.3,3.261137495049));
#1299 = LINE('',#1300,#1301);
#1300 = CARTESIAN_POINT('',(37.5,80.3,-2.200000047684));
#1301 = VECTOR('',#1302,1.);
#1302 = DIRECTION('',(0.,0.,1.));
#1303 = ORIENTED_EDGE('',*,*,#348,.T.);
#1304 = ORIENTED_EDGE('',*,*,#1065,.T.);
#1305 = ORIENTED_EDGE('',*,*,#1306,.F.);
#1306 = EDGE_CURVE('',#1307,#1066,#1309,.T.);
#1307 = VERTEX_POINT('',#1308);
#1308 = CARTESIAN_POINT('',(48.798229949864,69.2,10.699999952316));
#1309 = CIRCLE('',#1310,11.3);
#1310 = AXIS2_PLACEMENT_3D('',#1311,#1312,#1313);
#1311 = CARTESIAN_POINT('',(37.5,69.,10.699999952316));
#1312 = DIRECTION('',(0.,0.,-1.));
#1313 = DIRECTION('',(1.,0.,0.));
#1314 = ORIENTED_EDGE('',*,*,#1315,.F.);
#1315 = EDGE_CURVE('',#1316,#1307,#1318,.T.);
#1316 = VERTEX_POINT('',#1317);
#1317 = CARTESIAN_POINT('',(48.798229949864,69.2,11.099999952316));
#1318 = LINE('',#1319,#1320);
#1319 = CARTESIAN_POINT('',(48.798229949864,69.2,-2.200000047684));
#1320 = VECTOR('',#1321,1.);
#1321 = DIRECTION('',(-0.,-0.,-1.));
#1322 = ORIENTED_EDGE('',*,*,#1323,.T.);
#1323 = EDGE_CURVE('',#1316,#1324,#1326,.T.);
#1324 = VERTEX_POINT('',#1325);
#1325 = CARTESIAN_POINT('',(37.5,80.3,11.099999952316));
#1326 = CIRCLE('',#1327,11.3);
#1327 = AXIS2_PLACEMENT_3D('',#1328,#1329,#1330);
#1328 = CARTESIAN_POINT('',(37.5,69.,11.099999952316));
#1329 = DIRECTION('',(0.,0.,1.));
#1330 = DIRECTION('',(1.,0.,0.));
#1331 = ORIENTED_EDGE('',*,*,#1332,.F.);
#1332 = EDGE_CURVE('',#1333,#1324,#1335,.T.);
#1333 = VERTEX_POINT('',#1334);
#1334 = CARTESIAN_POINT('',(37.5,80.3,10.138862409583));
#1335 = LINE('',#1336,#1337);
#1336 = CARTESIAN_POINT('',(37.5,80.3,-2.200000047684));
#1337 = VECTOR('',#1338,1.);
#1338 = DIRECTION('',(0.,0.,1.));
#1339 = ORIENTED_EDGE('',*,*,#1340,.F.);
#1340 = EDGE_CURVE('',#1341,#1333,#1343,.T.);
#1341 = VERTEX_POINT('',#1342);
#1342 = CARTESIAN_POINT('',(40.035,80.011983245538,6.699999952316));
#1343 = B_SPLINE_CURVE_WITH_KNOTS('',7,(#1344,#1345,#1346,#1347,#1348,
    #1349,#1350,#1351,#1352,#1353,#1354,#1355,#1356,#1357,#1358,#1359,
    #1360,#1361,#1362,#1363),.UNSPECIFIED.,.F.,.F.,(8,6,6,8),(0.,
    0.606169501512,0.771031143217,1.),.UNSPECIFIED.);
#1344 = CARTESIAN_POINT('',(40.035,80.011983245538,6.699999952316));
#1345 = CARTESIAN_POINT('',(40.035,80.011983245538,7.057290128025));
#1346 = CARTESIAN_POINT('',(39.993631050266,80.021506584107,
    7.413982398742));
#1347 = CARTESIAN_POINT('',(39.911134159766,80.040497418929,
    7.767381897755));
#1348 = CARTESIAN_POINT('',(39.786664137577,80.068120627389,
    8.114546327693));
#1349 = CARTESIAN_POINT('',(39.618520768803,80.102735555341,
    8.451800177925));
#1350 = CARTESIAN_POINT('',(39.404367150435,80.1415397716,8.774042953673
    ));
#1351 = CARTESIAN_POINT('',(39.070164117241,80.190612188634,
    9.155128475689));
#1352 = CARTESIAN_POINT('',(38.995084281979,80.201092113851,
    9.234967522451));
#1353 = CARTESIAN_POINT('',(38.916331792741,80.211469828065,
    9.313000048985));
#1354 = CARTESIAN_POINT('',(38.833859061991,80.221646018118,
    9.389046288588));
#1355 = CARTESIAN_POINT('',(38.747623155239,80.231511439432,
    9.462908578207));
#1356 = CARTESIAN_POINT('',(38.657586023227,80.240946810625,
    9.534371250794));
#1357 = CARTESIAN_POINT('',(38.433341158231,80.262150039612,
    9.69879438856));
#1358 = CARTESIAN_POINT('',(38.295326055109,80.273421293907,
    9.789488574825));
#1359 = CARTESIAN_POINT('',(38.149859806762,80.283251968001,
    9.87437988454));
#1360 = CARTESIAN_POINT('',(37.997211658626,80.291233823212,
    9.952596205443));
#1361 = CARTESIAN_POINT('',(37.837727280452,80.296951644537,
    10.023292798371));
#1362 = CARTESIAN_POINT('',(37.671826327211,80.3,10.085648580664));
#1363 = CARTESIAN_POINT('',(37.5,80.3,10.138862409583));
#1364 = ORIENTED_EDGE('',*,*,#1365,.F.);
#1365 = EDGE_CURVE('',#1297,#1341,#1366,.T.);
#1366 = B_SPLINE_CURVE_WITH_KNOTS('',7,(#1367,#1368,#1369,#1370,#1371,
    #1372,#1373,#1374,#1375,#1376,#1377,#1378,#1379,#1380,#1381,#1382,
    #1383,#1384,#1385,#1386),.UNSPECIFIED.,.F.,.F.,(8,6,6,8),(0.,
    0.233184478315,0.398359245825,1.),.UNSPECIFIED.);
#1367 = CARTESIAN_POINT('',(37.5,80.3,3.261137495049));
#1368 = CARTESIAN_POINT('',(37.675006521014,80.3,3.315336215468));
#1369 = CARTESIAN_POINT('',(37.843855310591,80.296837749058,
    3.379014995581));
#1370 = CARTESIAN_POINT('',(38.006033820948,80.290914318421,
    3.451326888994));
#1371 = CARTESIAN_POINT('',(38.161106050518,80.282658508046,
    3.531405509432));
#1372 = CARTESIAN_POINT('',(38.308715124932,80.272508732114,
    3.618361024094));
#1373 = CARTESIAN_POINT('',(38.448585878,80.260894904531,3.711276147012)
  );
#1374 = CARTESIAN_POINT('',(38.673987408153,80.239242364869,
    3.878567392005));
#1375 = CARTESIAN_POINT('',(38.763600786458,80.229719581163,
    3.950544608585));
#1376 = CARTESIAN_POINT('',(38.849402383035,80.219781056308,
    4.02490108793));
#1377 = CARTESIAN_POINT('',(38.931431889102,80.209545610245,
    4.101422397994));
#1378 = CARTESIAN_POINT('',(39.009733639117,80.19912193964,
    4.179912263573));
#1379 = CARTESIAN_POINT('',(39.084356378245,80.188608757649,
    4.260192460954));
#1380 = CARTESIAN_POINT('',(39.41395474992,80.139798860577,
    4.640456670054));
#1381 = CARTESIAN_POINT('',(39.624789125481,80.101443785595,
    4.960831527109));
#1382 = CARTESIAN_POINT('',(39.790375946068,80.067296800779,
    5.295848914613));
#1383 = CARTESIAN_POINT('',(39.912981470916,80.040072159619,5.6405552686
    ));
#1384 = CARTESIAN_POINT('',(39.99425049033,80.021363986883,
    5.991364782268));
#1385 = CARTESIAN_POINT('',(40.035,80.011983245538,6.345395023733));
#1386 = CARTESIAN_POINT('',(40.035,80.011983245538,6.699999952316));
#1387 = CYLINDRICAL_SURFACE('',#1388,11.3);
#1388 = AXIS2_PLACEMENT_3D('',#1389,#1390,#1391);
#1389 = CARTESIAN_POINT('',(37.5,69.,-2.200000047684));
#1390 = DIRECTION('',(-0.,-0.,-1.));
#1391 = DIRECTION('',(1.,0.,0.));
#1392 = ADVANCED_FACE('',(#1393),#1492,.F.);
#1393 = FACE_BOUND('',#1394,.F.);
#1394 = EDGE_LOOP('',(#1395,#1396,#1404,#1412,#1421,#1429,#1438,#1446,
    #1454,#1460,#1461,#1468,#1469,#1470,#1478,#1486));
#1395 = ORIENTED_EDGE('',*,*,#383,.F.);
#1396 = ORIENTED_EDGE('',*,*,#1397,.T.);
#1397 = EDGE_CURVE('',#384,#1398,#1400,.T.);
#1398 = VERTEX_POINT('',#1399);
#1399 = CARTESIAN_POINT('',(12.5,80.3,2.849999952316));
#1400 = LINE('',#1401,#1402);
#1401 = CARTESIAN_POINT('',(12.5,80.3,-2.200000047684));
#1402 = VECTOR('',#1403,1.);
#1403 = DIRECTION('',(0.,0.,1.));
#1404 = ORIENTED_EDGE('',*,*,#1405,.T.);
#1405 = EDGE_CURVE('',#1398,#1406,#1408,.T.);
#1406 = VERTEX_POINT('',#1407);
#1407 = CARTESIAN_POINT('',(18.551,80.3,2.849999952316));
#1408 = LINE('',#1409,#1410);
#1409 = CARTESIAN_POINT('',(10.5255,80.3,2.849999952316));
#1410 = VECTOR('',#1411,1.);
#1411 = DIRECTION('',(1.,0.,0.));
#1412 = ORIENTED_EDGE('',*,*,#1413,.F.);
#1413 = EDGE_CURVE('',#1414,#1406,#1416,.T.);
#1414 = VERTEX_POINT('',#1415);
#1415 = CARTESIAN_POINT('',(19.551,80.3,3.849999952316));
#1416 = CIRCLE('',#1417,1.);
#1417 = AXIS2_PLACEMENT_3D('',#1418,#1419,#1420);
#1418 = CARTESIAN_POINT('',(18.551,80.3,3.849999952316));
#1419 = DIRECTION('',(-0.,1.,2.2E-16));
#1420 = DIRECTION('',(1.,0.,0.));
#1421 = ORIENTED_EDGE('',*,*,#1422,.F.);
#1422 = EDGE_CURVE('',#1423,#1414,#1425,.T.);
#1423 = VERTEX_POINT('',#1424);
#1424 = CARTESIAN_POINT('',(19.551,80.3,7.349999952316));
#1425 = LINE('',#1426,#1427);
#1426 = CARTESIAN_POINT('',(19.551,80.3,0.824999952316));
#1427 = VECTOR('',#1428,1.);
#1428 = DIRECTION('',(0.,0.,-1.));
#1429 = ORIENTED_EDGE('',*,*,#1430,.F.);
#1430 = EDGE_CURVE('',#1431,#1423,#1433,.T.);
#1431 = VERTEX_POINT('',#1432);
#1432 = CARTESIAN_POINT('',(18.551,80.3,8.349999952316));
#1433 = CIRCLE('',#1434,1.);
#1434 = AXIS2_PLACEMENT_3D('',#1435,#1436,#1437);
#1435 = CARTESIAN_POINT('',(18.551,80.3,7.349999952316));
#1436 = DIRECTION('',(-0.,1.,2.2E-16));
#1437 = DIRECTION('',(1.,0.,0.));
#1438 = ORIENTED_EDGE('',*,*,#1439,.F.);
#1439 = EDGE_CURVE('',#1440,#1431,#1442,.T.);
#1440 = VERTEX_POINT('',#1441);
#1441 = CARTESIAN_POINT('',(12.5,80.3,8.349999952316));
#1442 = LINE('',#1443,#1444);
#1443 = CARTESIAN_POINT('',(10.5255,80.3,8.349999952316));
#1444 = VECTOR('',#1445,1.);
#1445 = DIRECTION('',(1.,0.,0.));
#1446 = ORIENTED_EDGE('',*,*,#1447,.T.);
#1447 = EDGE_CURVE('',#1440,#1448,#1450,.T.);
#1448 = VERTEX_POINT('',#1449);
#1449 = CARTESIAN_POINT('',(12.5,80.3,11.099999952316));
#1450 = LINE('',#1451,#1452);
#1451 = CARTESIAN_POINT('',(12.5,80.3,-2.200000047684));
#1452 = VECTOR('',#1453,1.);
#1453 = DIRECTION('',(0.,0.,1.));
#1454 = ORIENTED_EDGE('',*,*,#1455,.T.);
#1455 = EDGE_CURVE('',#1448,#1324,#1456,.T.);
#1456 = LINE('',#1457,#1458);
#1457 = CARTESIAN_POINT('',(12.5,80.3,11.099999952316));
#1458 = VECTOR('',#1459,1.);
#1459 = DIRECTION('',(1.,0.,0.));
#1460 = ORIENTED_EDGE('',*,*,#1332,.F.);
#1461 = ORIENTED_EDGE('',*,*,#1462,.F.);
#1462 = EDGE_CURVE('',#1297,#1333,#1463,.T.);
#1463 = CIRCLE('',#1464,3.6);
#1464 = AXIS2_PLACEMENT_3D('',#1465,#1466,#1467);
#1465 = CARTESIAN_POINT('',(36.435,80.3,6.699999952316));
#1466 = DIRECTION('',(-0.,1.,2.2E-16));
#1467 = DIRECTION('',(1.,0.,0.));
#1468 = ORIENTED_EDGE('',*,*,#1296,.F.);
#1469 = ORIENTED_EDGE('',*,*,#357,.F.);
#1470 = ORIENTED_EDGE('',*,*,#1471,.F.);
#1471 = EDGE_CURVE('',#1472,#358,#1474,.T.);
#1472 = VERTEX_POINT('',#1473);
#1473 = CARTESIAN_POINT('',(26.587450786639,80.3,9.399999952316));
#1474 = LINE('',#1475,#1476);
#1475 = CARTESIAN_POINT('',(26.587450786639,80.3,-4.768371586472E-08));
#1476 = VECTOR('',#1477,1.);
#1477 = DIRECTION('',(-0.,-0.,-1.));
#1478 = ORIENTED_EDGE('',*,*,#1479,.F.);
#1479 = EDGE_CURVE('',#1480,#1472,#1482,.T.);
#1480 = VERTEX_POINT('',#1481);
#1481 = CARTESIAN_POINT('',(23.412549213361,80.3,9.399999952316));
#1482 = LINE('',#1483,#1484);
#1483 = CARTESIAN_POINT('',(18.75,80.3,9.399999952316));
#1484 = VECTOR('',#1485,1.);
#1485 = DIRECTION('',(1.,0.,0.));
#1486 = ORIENTED_EDGE('',*,*,#1487,.T.);
#1487 = EDGE_CURVE('',#1480,#375,#1488,.T.);
#1488 = LINE('',#1489,#1490);
#1489 = CARTESIAN_POINT('',(23.412549213361,80.3,-4.768371586472E-08));
#1490 = VECTOR('',#1491,1.);
#1491 = DIRECTION('',(-0.,-0.,-1.));
#1492 = PLANE('',#1493);
#1493 = AXIS2_PLACEMENT_3D('',#1494,#1495,#1496);
#1494 = CARTESIAN_POINT('',(12.5,80.3,-2.200000047684));
#1495 = DIRECTION('',(0.,1.,0.));
#1496 = DIRECTION('',(0.,0.,1.));
#1497 = ADVANCED_FACE('',(#1498),#1520,.T.);
#1498 = FACE_BOUND('',#1499,.F.);
#1499 = EDGE_LOOP('',(#1500,#1501,#1502,#1503,#1504,#1513));
#1500 = ORIENTED_EDGE('',*,*,#1471,.T.);
#1501 = ORIENTED_EDGE('',*,*,#365,.F.);
#1502 = ORIENTED_EDGE('',*,*,#374,.F.);
#1503 = ORIENTED_EDGE('',*,*,#1487,.F.);
#1504 = ORIENTED_EDGE('',*,*,#1505,.T.);
#1505 = EDGE_CURVE('',#1480,#1506,#1508,.T.);
#1506 = VERTEX_POINT('',#1507);
#1507 = CARTESIAN_POINT('',(27.4,78.5,9.399999952316));
#1508 = CIRCLE('',#1509,2.4);
#1509 = AXIS2_PLACEMENT_3D('',#1510,#1511,#1512);
#1510 = CARTESIAN_POINT('',(25.,78.5,9.399999952316));
#1511 = DIRECTION('',(0.,0.,1.));
#1512 = DIRECTION('',(1.,0.,0.));
#1513 = ORIENTED_EDGE('',*,*,#1514,.T.);
#1514 = EDGE_CURVE('',#1506,#1472,#1515,.T.);
#1515 = CIRCLE('',#1516,2.4);
#1516 = AXIS2_PLACEMENT_3D('',#1517,#1518,#1519);
#1517 = CARTESIAN_POINT('',(25.,78.5,9.399999952316));
#1518 = DIRECTION('',(0.,0.,1.));
#1519 = DIRECTION('',(1.,0.,0.));
#1520 = CYLINDRICAL_SURFACE('',#1521,2.4);
#1521 = AXIS2_PLACEMENT_3D('',#1522,#1523,#1524);
#1522 = CARTESIAN_POINT('',(25.,78.5,-4.768371586472E-08));
#1523 = DIRECTION('',(-0.,-0.,-1.));
#1524 = DIRECTION('',(1.,0.,0.));
#1525 = ADVANCED_FACE('',(#1526),#1620,.F.);
#1526 = FACE_BOUND('',#1527,.T.);
#1527 = EDGE_LOOP('',(#1528,#1536,#1537,#1538,#1547,#1566,#1574,#1588,
    #1595,#1596,#1605,#1613));
#1528 = ORIENTED_EDGE('',*,*,#1529,.F.);
#1529 = EDGE_CURVE('',#392,#1530,#1532,.T.);
#1530 = VERTEX_POINT('',#1531);
#1531 = CARTESIAN_POINT('',(1.2,69.,10.699999952316));
#1532 = LINE('',#1533,#1534);
#1533 = CARTESIAN_POINT('',(1.2,69.,-2.200000047684));
#1534 = VECTOR('',#1535,1.);
#1535 = DIRECTION('',(0.,0.,1.));
#1536 = ORIENTED_EDGE('',*,*,#391,.T.);
#1537 = ORIENTED_EDGE('',*,*,#1397,.T.);
#1538 = ORIENTED_EDGE('',*,*,#1539,.F.);
#1539 = EDGE_CURVE('',#1540,#1398,#1542,.T.);
#1540 = VERTEX_POINT('',#1541);
#1541 = CARTESIAN_POINT('',(8.551,79.587511463984,2.849999952316));
#1542 = CIRCLE('',#1543,11.3);
#1543 = AXIS2_PLACEMENT_3D('',#1544,#1545,#1546);
#1544 = CARTESIAN_POINT('',(12.5,69.,2.849999952316));
#1545 = DIRECTION('',(0.,0.,-1.));
#1546 = DIRECTION('',(1.,0.,0.));
#1547 = ORIENTED_EDGE('',*,*,#1548,.F.);
#1548 = EDGE_CURVE('',#1549,#1540,#1551,.T.);
#1549 = VERTEX_POINT('',#1550);
#1550 = CARTESIAN_POINT('',(7.551,79.15861206071,3.849999952316));
#1551 = B_SPLINE_CURVE_WITH_KNOTS('',7,(#1552,#1553,#1554,#1555,#1556,
    #1557,#1558,#1559,#1560,#1561,#1562,#1563,#1564,#1565),
  .UNSPECIFIED.,.F.,.F.,(8,6,8),(0.,0.481154645457,1.),.UNSPECIFIED.);
#1552 = CARTESIAN_POINT('',(7.551,79.15861206071,3.849999952316));
#1553 = CARTESIAN_POINT('',(7.551,79.15861206071,3.748289134816));
#1554 = CARTESIAN_POINT('',(7.563069195931,79.164491867663,3.64656562812
    ));
#1555 = CARTESIAN_POINT('',(7.587213471282,79.176254221842,
    3.546253426819));
#1556 = CARTESIAN_POINT('',(7.623340767384,79.193742810165,
    3.448791605363));
#1557 = CARTESIAN_POINT('',(7.671250681319,79.216635689049,3.35565991387
    ));
#1558 = CARTESIAN_POINT('',(7.730606394279,79.244454943849,
    3.268407975728));
#1559 = CARTESIAN_POINT('',(7.876676970037,79.311247691915,
    3.102723430254));
#1560 = CARTESIAN_POINT('',(7.965790441681,79.351207550393,
    3.024814102031));
#1561 = CARTESIAN_POINT('',(8.067224513853,79.395525270001,
    2.958116652898));
#1562 = CARTESIAN_POINT('',(8.179135797429,79.442816513128,
    2.905366749378));
#1563 = CARTESIAN_POINT('',(8.299073253872,79.491525098155,
    2.868784002591));
#1564 = CARTESIAN_POINT('',(8.424111478772,79.540183744715,
    2.849999952316));
#1565 = CARTESIAN_POINT('',(8.551,79.587511463984,2.849999952316));
#1566 = ORIENTED_EDGE('',*,*,#1567,.F.);
#1567 = EDGE_CURVE('',#1568,#1549,#1570,.T.);
#1568 = VERTEX_POINT('',#1569);
#1569 = CARTESIAN_POINT('',(7.551,79.15861206071,7.349999952316));
#1570 = LINE('',#1571,#1572);
#1571 = CARTESIAN_POINT('',(7.551,79.15861206071,-2.200000047684));
#1572 = VECTOR('',#1573,1.);
#1573 = DIRECTION('',(-0.,-0.,-1.));
#1574 = ORIENTED_EDGE('',*,*,#1575,.F.);
#1575 = EDGE_CURVE('',#1576,#1568,#1578,.T.);
#1576 = VERTEX_POINT('',#1577);
#1577 = CARTESIAN_POINT('',(8.551,79.587511463984,8.349999952316));
#1578 = B_SPLINE_CURVE_WITH_KNOTS('',8,(#1579,#1580,#1581,#1582,#1583,
    #1584,#1585,#1586,#1587),.UNSPECIFIED.,.F.,.F.,(9,9),(0.,1.),
  .PIECEWISE_BEZIER_KNOTS.);
#1579 = CARTESIAN_POINT('',(8.551,79.587511463984,8.349999952316));
#1580 = CARTESIAN_POINT('',(8.334426802823,79.506732561542,
    8.349999952316));
#1581 = CARTESIAN_POINT('',(8.127366751698,79.42373411024,8.296396682243
    ));
#1582 = CARTESIAN_POINT('',(7.942142804325,79.343826771874,
    8.197419987256));
#1583 = CARTESIAN_POINT('',(7.787208933133,79.272682440521,
    8.061849940299));
#1584 = CARTESIAN_POINT('',(7.668572735505,79.215887959844,7.89936574373
    ));
#1585 = CARTESIAN_POINT('',(7.589480163708,79.177359043301,7.7198965501)
  );
#1586 = CARTESIAN_POINT('',(7.551,79.15861206071,7.533493182367));
#1587 = CARTESIAN_POINT('',(7.551,79.15861206071,7.349999952316));
#1588 = ORIENTED_EDGE('',*,*,#1589,.T.);
#1589 = EDGE_CURVE('',#1576,#1440,#1590,.T.);
#1590 = CIRCLE('',#1591,11.3);
#1591 = AXIS2_PLACEMENT_3D('',#1592,#1593,#1594);
#1592 = CARTESIAN_POINT('',(12.5,69.,8.349999952316));
#1593 = DIRECTION('',(0.,0.,-1.));
#1594 = DIRECTION('',(1.,0.,0.));
#1595 = ORIENTED_EDGE('',*,*,#1447,.T.);
#1596 = ORIENTED_EDGE('',*,*,#1597,.T.);
#1597 = EDGE_CURVE('',#1448,#1598,#1600,.T.);
#1598 = VERTEX_POINT('',#1599);
#1599 = CARTESIAN_POINT('',(1.201770050136,69.2,11.099999952316));
#1600 = CIRCLE('',#1601,11.3);
#1601 = AXIS2_PLACEMENT_3D('',#1602,#1603,#1604);
#1602 = CARTESIAN_POINT('',(12.5,69.,11.099999952316));
#1603 = DIRECTION('',(0.,0.,1.));
#1604 = DIRECTION('',(1.,0.,0.));
#1605 = ORIENTED_EDGE('',*,*,#1606,.T.);
#1606 = EDGE_CURVE('',#1598,#1607,#1609,.T.);
#1607 = VERTEX_POINT('',#1608);
#1608 = CARTESIAN_POINT('',(1.201770050136,69.2,10.699999952316));
#1609 = LINE('',#1610,#1611);
#1610 = CARTESIAN_POINT('',(1.201770050136,69.2,-2.200000047684));
#1611 = VECTOR('',#1612,1.);
#1612 = DIRECTION('',(-0.,-0.,-1.));
#1613 = ORIENTED_EDGE('',*,*,#1614,.F.);
#1614 = EDGE_CURVE('',#1530,#1607,#1615,.T.);
#1615 = CIRCLE('',#1616,11.3);
#1616 = AXIS2_PLACEMENT_3D('',#1617,#1618,#1619);
#1617 = CARTESIAN_POINT('',(12.5,69.,10.699999952316));
#1618 = DIRECTION('',(0.,0.,-1.));
#1619 = DIRECTION('',(1.,0.,0.));
#1620 = CYLINDRICAL_SURFACE('',#1621,11.3);
#1621 = AXIS2_PLACEMENT_3D('',#1622,#1623,#1624);
#1622 = CARTESIAN_POINT('',(12.5,69.,-2.200000047684));
#1623 = DIRECTION('',(-0.,-0.,-1.));
#1624 = DIRECTION('',(1.,0.,0.));
#1625 = ADVANCED_FACE('',(#1626),#1710,.T.);
#1626 = FACE_BOUND('',#1627,.T.);
#1627 = EDGE_LOOP('',(#1628,#1629,#1630,#1631,#1639,#1645,#1646,#1654,
    #1662,#1668,#1669,#1678,#1686,#1695,#1703));
#1628 = ORIENTED_EDGE('',*,*,#427,.F.);
#1629 = ORIENTED_EDGE('',*,*,#400,.F.);
#1630 = ORIENTED_EDGE('',*,*,#1529,.T.);
#1631 = ORIENTED_EDGE('',*,*,#1632,.T.);
#1632 = EDGE_CURVE('',#1530,#1633,#1635,.T.);
#1633 = VERTEX_POINT('',#1634);
#1634 = CARTESIAN_POINT('',(1.2,67.8,10.699999952316));
#1635 = LINE('',#1636,#1637);
#1636 = CARTESIAN_POINT('',(1.2,40.15,10.699999952316));
#1637 = VECTOR('',#1638,1.);
#1638 = DIRECTION('',(0.,-1.,0.));
#1639 = ORIENTED_EDGE('',*,*,#1640,.T.);
#1640 = EDGE_CURVE('',#1633,#677,#1641,.T.);
#1641 = LINE('',#1642,#1643);
#1642 = CARTESIAN_POINT('',(1.2,67.8,4.249999952316));
#1643 = VECTOR('',#1644,1.);
#1644 = DIRECTION('',(0.,0.,1.));
#1645 = ORIENTED_EDGE('',*,*,#684,.F.);
#1646 = ORIENTED_EDGE('',*,*,#1647,.F.);
#1647 = EDGE_CURVE('',#1648,#685,#1650,.T.);
#1648 = VERTEX_POINT('',#1649);
#1649 = CARTESIAN_POINT('',(1.2,53.2,10.699999952316));
#1650 = LINE('',#1651,#1652);
#1651 = CARTESIAN_POINT('',(1.2,53.2,4.249999952316));
#1652 = VECTOR('',#1653,1.);
#1653 = DIRECTION('',(0.,0.,1.));
#1654 = ORIENTED_EDGE('',*,*,#1655,.T.);
#1655 = EDGE_CURVE('',#1648,#1656,#1658,.T.);
#1656 = VERTEX_POINT('',#1657);
#1657 = CARTESIAN_POINT('',(1.2,51.8,10.699999952316));
#1658 = LINE('',#1659,#1660);
#1659 = CARTESIAN_POINT('',(1.2,32.15,10.699999952316));
#1660 = VECTOR('',#1661,1.);
#1661 = DIRECTION('',(0.,-1.,0.));
#1662 = ORIENTED_EDGE('',*,*,#1663,.T.);
#1663 = EDGE_CURVE('',#1656,#719,#1664,.T.);
#1664 = LINE('',#1665,#1666);
#1665 = CARTESIAN_POINT('',(1.2,51.8,4.249999952316));
#1666 = VECTOR('',#1667,1.);
#1667 = DIRECTION('',(0.,0.,1.));
#1668 = ORIENTED_EDGE('',*,*,#726,.F.);
#1669 = ORIENTED_EDGE('',*,*,#1670,.F.);
#1670 = EDGE_CURVE('',#1671,#727,#1673,.T.);
#1671 = VERTEX_POINT('',#1672);
#1672 = CARTESIAN_POINT('',(1.2,31.5,10.599999952316));
#1673 = CIRCLE('',#1674,0.6);
#1674 = AXIS2_PLACEMENT_3D('',#1675,#1676,#1677);
#1675 = CARTESIAN_POINT('',(1.2,30.9,10.599999952316));
#1676 = DIRECTION('',(1.,0.,0.));
#1677 = DIRECTION('',(0.,1.,0.));
#1678 = ORIENTED_EDGE('',*,*,#1679,.F.);
#1679 = EDGE_CURVE('',#1680,#1671,#1682,.T.);
#1680 = VERTEX_POINT('',#1681);
#1681 = CARTESIAN_POINT('',(1.2,31.5,0.899999952316));
#1682 = LINE('',#1683,#1684);
#1683 = CARTESIAN_POINT('',(1.2,31.5,-0.950000047684));
#1684 = VECTOR('',#1685,1.);
#1685 = DIRECTION('',(0.,0.,1.));
#1686 = ORIENTED_EDGE('',*,*,#1687,.F.);
#1687 = EDGE_CURVE('',#1688,#1680,#1690,.T.);
#1688 = VERTEX_POINT('',#1689);
#1689 = CARTESIAN_POINT('',(1.2,30.9,0.299999952316));
#1690 = CIRCLE('',#1691,0.6);
#1691 = AXIS2_PLACEMENT_3D('',#1692,#1693,#1694);
#1692 = CARTESIAN_POINT('',(1.2,30.9,0.899999952316));
#1693 = DIRECTION('',(1.,0.,0.));
#1694 = DIRECTION('',(0.,1.,0.));
#1695 = ORIENTED_EDGE('',*,*,#1696,.T.);
#1696 = EDGE_CURVE('',#1688,#1697,#1699,.T.);
#1697 = VERTEX_POINT('',#1698);
#1698 = CARTESIAN_POINT('',(1.2,12.9,0.299999952316));
#1699 = LINE('',#1700,#1701);
#1700 = CARTESIAN_POINT('',(1.2,12.4,0.299999952316));
#1701 = VECTOR('',#1702,1.);
#1702 = DIRECTION('',(0.,-1.,0.));
#1703 = ORIENTED_EDGE('',*,*,#1704,.F.);
#1704 = EDGE_CURVE('',#428,#1697,#1705,.T.);
#1705 = CIRCLE('',#1706,0.6);
#1706 = AXIS2_PLACEMENT_3D('',#1707,#1708,#1709);
#1707 = CARTESIAN_POINT('',(1.2,12.9,0.899999952316));
#1708 = DIRECTION('',(1.,0.,0.));
#1709 = DIRECTION('',(0.,-1.,0.));
#1710 = PLANE('',#1711);
#1711 = AXIS2_PLACEMENT_3D('',#1712,#1713,#1714);
#1712 = CARTESIAN_POINT('',(1.2,12.5,-2.200000047684));
#1713 = DIRECTION('',(1.,0.,0.));
#1714 = DIRECTION('',(0.,0.,1.));
#1715 = ADVANCED_FACE('',(#1716),#1735,.F.);
#1716 = FACE_BOUND('',#1717,.T.);
#1717 = EDGE_LOOP('',(#1718,#1719,#1727,#1734));
#1718 = ORIENTED_EDGE('',*,*,#408,.T.);
#1719 = ORIENTED_EDGE('',*,*,#1720,.T.);
#1720 = EDGE_CURVE('',#409,#1721,#1723,.T.);
#1721 = VERTEX_POINT('',#1722);
#1722 = CARTESIAN_POINT('',(25.65,78.5,7.999999952316));
#1723 = LINE('',#1724,#1725);
#1724 = CARTESIAN_POINT('',(25.65,78.5,-0.400000047684));
#1725 = VECTOR('',#1726,1.);
#1726 = DIRECTION('',(0.,0.,1.));
#1727 = ORIENTED_EDGE('',*,*,#1728,.T.);
#1728 = EDGE_CURVE('',#1721,#1721,#1729,.T.);
#1729 = CIRCLE('',#1730,0.65);
#1730 = AXIS2_PLACEMENT_3D('',#1731,#1732,#1733);
#1731 = CARTESIAN_POINT('',(25.,78.5,7.999999952316));
#1732 = DIRECTION('',(0.,0.,1.));
#1733 = DIRECTION('',(1.,0.,0.));
#1734 = ORIENTED_EDGE('',*,*,#1720,.F.);
#1735 = CYLINDRICAL_SURFACE('',#1736,0.65);
#1736 = AXIS2_PLACEMENT_3D('',#1737,#1738,#1739);
#1737 = CARTESIAN_POINT('',(25.,78.5,-0.400000047684));
#1738 = DIRECTION('',(-0.,-0.,-1.));
#1739 = DIRECTION('',(1.,0.,0.));
#1740 = ADVANCED_FACE('',(#1741),#1752,.T.);
#1741 = FACE_BOUND('',#1742,.T.);
#1742 = EDGE_LOOP('',(#1743,#1744,#1751));
#1743 = ORIENTED_EDGE('',*,*,#467,.F.);
#1744 = ORIENTED_EDGE('',*,*,#1745,.F.);
#1745 = EDGE_CURVE('',#581,#456,#1746,.T.);
#1746 = CIRCLE('',#1747,0.6);
#1747 = AXIS2_PLACEMENT_3D('',#1748,#1749,#1750);
#1748 = CARTESIAN_POINT('',(1.2,12.9,10.599999952316));
#1749 = DIRECTION('',(1.,0.,0.));
#1750 = DIRECTION('',(0.,-1.,0.));
#1751 = ORIENTED_EDGE('',*,*,#580,.F.);
#1752 = PLANE('',#1753);
#1753 = AXIS2_PLACEMENT_3D('',#1754,#1755,#1756);
#1754 = CARTESIAN_POINT('',(1.2,12.5,-2.200000047684));
#1755 = DIRECTION('',(1.,0.,0.));
#1756 = DIRECTION('',(0.,0.,1.));
#1757 = ADVANCED_FACE('',(#1758),#1795,.F.);
#1758 = FACE_BOUND('',#1759,.T.);
#1759 = EDGE_LOOP('',(#1760,#1768,#1777,#1785,#1792,#1793,#1794));
#1760 = ORIENTED_EDGE('',*,*,#1761,.F.);
#1761 = EDGE_CURVE('',#1762,#448,#1764,.T.);
#1762 = VERTEX_POINT('',#1763);
#1763 = CARTESIAN_POINT('',(0.95,12.3,10.599999952316));
#1764 = LINE('',#1765,#1766);
#1765 = CARTESIAN_POINT('',(0.95,12.3,10.599999952316));
#1766 = VECTOR('',#1767,1.);
#1767 = DIRECTION('',(1.,0.,0.));
#1768 = ORIENTED_EDGE('',*,*,#1769,.T.);
#1769 = EDGE_CURVE('',#1762,#1770,#1772,.T.);
#1770 = VERTEX_POINT('',#1771);
#1771 = CARTESIAN_POINT('',(0.95,12.9,11.199999952316));
#1772 = CIRCLE('',#1773,0.6);
#1773 = AXIS2_PLACEMENT_3D('',#1774,#1775,#1776);
#1774 = CARTESIAN_POINT('',(0.95,12.9,10.599999952316));
#1775 = DIRECTION('',(-1.,0.,0.));
#1776 = DIRECTION('',(0.,0.,1.));
#1777 = ORIENTED_EDGE('',*,*,#1778,.T.);
#1778 = EDGE_CURVE('',#1770,#1779,#1781,.T.);
#1779 = VERTEX_POINT('',#1780);
#1780 = CARTESIAN_POINT('',(1.35,12.9,11.199999952316));
#1781 = LINE('',#1782,#1783);
#1782 = CARTESIAN_POINT('',(0.95,12.9,11.199999952316));
#1783 = VECTOR('',#1784,1.);
#1784 = DIRECTION('',(1.,0.,0.));
#1785 = ORIENTED_EDGE('',*,*,#1786,.F.);
#1786 = EDGE_CURVE('',#743,#1779,#1787,.T.);
#1787 = CIRCLE('',#1788,0.6);
#1788 = AXIS2_PLACEMENT_3D('',#1789,#1790,#1791);
#1789 = CARTESIAN_POINT('',(1.35,12.9,10.599999952316));
#1790 = DIRECTION('',(-1.,0.,0.));
#1791 = DIRECTION('',(0.,0.,1.));
#1792 = ORIENTED_EDGE('',*,*,#750,.F.);
#1793 = ORIENTED_EDGE('',*,*,#1745,.T.);
#1794 = ORIENTED_EDGE('',*,*,#455,.F.);
#1795 = CYLINDRICAL_SURFACE('',#1796,0.6);
#1796 = AXIS2_PLACEMENT_3D('',#1797,#1798,#1799);
#1797 = CARTESIAN_POINT('',(0.95,12.9,10.599999952316));
#1798 = DIRECTION('',(1.,0.,0.));
#1799 = DIRECTION('',(0.,-1.,0.));
#1800 = ADVANCED_FACE('',(#1801),#1819,.T.);
#1801 = FACE_BOUND('',#1802,.T.);
#1802 = EDGE_LOOP('',(#1803,#1804,#1812,#1818));
#1803 = ORIENTED_EDGE('',*,*,#447,.T.);
#1804 = ORIENTED_EDGE('',*,*,#1805,.F.);
#1805 = EDGE_CURVE('',#1806,#436,#1808,.T.);
#1806 = VERTEX_POINT('',#1807);
#1807 = CARTESIAN_POINT('',(0.95,12.3,0.899999952316));
#1808 = LINE('',#1809,#1810);
#1809 = CARTESIAN_POINT('',(0.95,12.3,0.899999952316));
#1810 = VECTOR('',#1811,1.);
#1811 = DIRECTION('',(1.,0.,0.));
#1812 = ORIENTED_EDGE('',*,*,#1813,.T.);
#1813 = EDGE_CURVE('',#1806,#1762,#1814,.T.);
#1814 = LINE('',#1815,#1816);
#1815 = CARTESIAN_POINT('',(0.95,12.3,0.299999952316));
#1816 = VECTOR('',#1817,1.);
#1817 = DIRECTION('',(0.,0.,1.));
#1818 = ORIENTED_EDGE('',*,*,#1761,.T.);
#1819 = PLANE('',#1820);
#1820 = AXIS2_PLACEMENT_3D('',#1821,#1822,#1823);
#1821 = CARTESIAN_POINT('',(0.95,12.3,0.299999952316));
#1822 = DIRECTION('',(0.,1.,0.));
#1823 = DIRECTION('',(0.,0.,1.));
#1824 = ADVANCED_FACE('',(#1825),#1845,.F.);
#1825 = FACE_BOUND('',#1826,.F.);
#1826 = EDGE_LOOP('',(#1827,#1828,#1837,#1843,#1844));
#1827 = ORIENTED_EDGE('',*,*,#1805,.F.);
#1828 = ORIENTED_EDGE('',*,*,#1829,.T.);
#1829 = EDGE_CURVE('',#1806,#1830,#1832,.T.);
#1830 = VERTEX_POINT('',#1831);
#1831 = CARTESIAN_POINT('',(0.95,12.9,0.299999952316));
#1832 = CIRCLE('',#1833,0.6);
#1833 = AXIS2_PLACEMENT_3D('',#1834,#1835,#1836);
#1834 = CARTESIAN_POINT('',(0.95,12.9,0.899999952316));
#1835 = DIRECTION('',(1.,0.,-0.));
#1836 = DIRECTION('',(0.,0.,1.));
#1837 = ORIENTED_EDGE('',*,*,#1838,.T.);
#1838 = EDGE_CURVE('',#1830,#1697,#1839,.T.);
#1839 = LINE('',#1840,#1841);
#1840 = CARTESIAN_POINT('',(0.95,12.9,0.299999952316));
#1841 = VECTOR('',#1842,1.);
#1842 = DIRECTION('',(1.,0.,0.));
#1843 = ORIENTED_EDGE('',*,*,#1704,.F.);
#1844 = ORIENTED_EDGE('',*,*,#435,.F.);
#1845 = CYLINDRICAL_SURFACE('',#1846,0.6);
#1846 = AXIS2_PLACEMENT_3D('',#1847,#1848,#1849);
#1847 = CARTESIAN_POINT('',(0.95,12.9,0.899999952316));
#1848 = DIRECTION('',(1.,0.,0.));
#1849 = DIRECTION('',(0.,-1.,0.));
#1850 = ADVANCED_FACE('',(#1851),#1886,.T.);
#1851 = FACE_BOUND('',#1852,.T.);
#1852 = EDGE_LOOP('',(#1853,#1854,#1862,#1871,#1879,#1885));
#1853 = ORIENTED_EDGE('',*,*,#556,.T.);
#1854 = ORIENTED_EDGE('',*,*,#1855,.T.);
#1855 = EDGE_CURVE('',#540,#1856,#1858,.T.);
#1856 = VERTEX_POINT('',#1857);
#1857 = CARTESIAN_POINT('',(49.946987587364,11.35,3.749999952316));
#1858 = LINE('',#1859,#1860);
#1859 = CARTESIAN_POINT('',(43.,11.35,3.749999952316));
#1860 = VECTOR('',#1861,1.);
#1861 = DIRECTION('',(1.,0.,0.));
#1862 = ORIENTED_EDGE('',*,*,#1863,.F.);
#1863 = EDGE_CURVE('',#1864,#1856,#1866,.T.);
#1864 = VERTEX_POINT('',#1865);
#1865 = CARTESIAN_POINT('',(50.,12.5,3.749999952316));
#1866 = CIRCLE('',#1867,12.5);
#1867 = AXIS2_PLACEMENT_3D('',#1868,#1869,#1870);
#1868 = CARTESIAN_POINT('',(37.5,12.5,3.749999952316));
#1869 = DIRECTION('',(0.,0.,-1.));
#1870 = DIRECTION('',(1.,0.,0.));
#1871 = ORIENTED_EDGE('',*,*,#1872,.F.);
#1872 = EDGE_CURVE('',#1873,#1864,#1875,.T.);
#1873 = VERTEX_POINT('',#1874);
#1874 = CARTESIAN_POINT('',(50.,25.95,3.749999952316));
#1875 = LINE('',#1876,#1877);
#1876 = CARTESIAN_POINT('',(50.,11.925,3.749999952316));
#1877 = VECTOR('',#1878,1.);
#1878 = DIRECTION('',(0.,-1.,0.));
#1879 = ORIENTED_EDGE('',*,*,#1880,.F.);
#1880 = EDGE_CURVE('',#1138,#1873,#1881,.T.);
#1881 = LINE('',#1882,#1883);
#1882 = CARTESIAN_POINT('',(43.,25.95,3.749999952316));
#1883 = VECTOR('',#1884,1.);
#1884 = DIRECTION('',(1.,0.,0.));
#1885 = ORIENTED_EDGE('',*,*,#1146,.T.);
#1886 = PLANE('',#1887);
#1887 = AXIS2_PLACEMENT_3D('',#1888,#1889,#1890);
#1888 = CARTESIAN_POINT('',(43.,11.35,3.749999952316));
#1889 = DIRECTION('',(0.,0.,1.));
#1890 = DIRECTION('',(1.,0.,0.));
#1891 = ADVANCED_FACE('',(#1892),#1919,.F.);
#1892 = FACE_BOUND('',#1893,.T.);
#1893 = EDGE_LOOP('',(#1894,#1895,#1896,#1904));
#1894 = ORIENTED_EDGE('',*,*,#1855,.F.);
#1895 = ORIENTED_EDGE('',*,*,#539,.F.);
#1896 = ORIENTED_EDGE('',*,*,#1897,.T.);
#1897 = EDGE_CURVE('',#532,#1898,#1900,.T.);
#1898 = VERTEX_POINT('',#1899);
#1899 = CARTESIAN_POINT('',(49.890621453341,10.85,4.249999952316));
#1900 = LINE('',#1901,#1902);
#1901 = CARTESIAN_POINT('',(43.,10.85,4.249999952316));
#1902 = VECTOR('',#1903,1.);
#1903 = DIRECTION('',(1.,0.,0.));
#1904 = ORIENTED_EDGE('',*,*,#1905,.T.);
#1905 = EDGE_CURVE('',#1898,#1856,#1906,.T.);
#1906 = B_SPLINE_CURVE_WITH_KNOTS('',6,(#1907,#1908,#1909,#1910,#1911,
    #1912,#1913,#1914,#1915,#1916,#1917,#1918),.UNSPECIFIED.,.F.,.F.,(7,
    5,7),(0.,0.554845648438,1.),.UNSPECIFIED.);
#1907 = CARTESIAN_POINT('',(49.890621453341,10.85,4.249999952316));
#1908 = CARTESIAN_POINT('',(49.890621453341,10.85,4.180583162365));
#1909 = CARTESIAN_POINT('',(49.892161445686,10.861564612056,
    4.111014339935));
#1910 = CARTESIAN_POINT('',(49.895254387951,10.88479052538,
    4.043460391943));
#1911 = CARTESIAN_POINT('',(49.899776148714,10.919366392974,
    3.980126220955));
#1912 = CARTESIAN_POINT('',(49.905466376921,10.964603252964,
    3.923204937214));
#1913 = CARTESIAN_POINT('',(49.917235702449,11.06326278923,
    3.836224855729));
#1914 = CARTESIAN_POINT('',(49.923025183788,11.113380843506,
    3.803007881938));
#1915 = CARTESIAN_POINT('',(49.929146451204,11.168697750178,
    3.776886710918));
#1916 = CARTESIAN_POINT('',(49.935325769762,11.227725576188,
    3.759002754663));
#1917 = CARTESIAN_POINT('',(49.941328963724,11.288754071124,
    3.749999952316));
#1918 = CARTESIAN_POINT('',(49.946987587364,11.35,3.749999952316));
#1919 = CYLINDRICAL_SURFACE('',#1920,0.5);
#1920 = AXIS2_PLACEMENT_3D('',#1921,#1922,#1923);
#1921 = CARTESIAN_POINT('',(43.,11.35,4.249999952316));
#1922 = DIRECTION('',(-1.,-0.,-0.));
#1923 = DIRECTION('',(0.,1.,0.));
#1924 = ADVANCED_FACE('',(#1925),#1943,.T.);
#1925 = FACE_BOUND('',#1926,.T.);
#1926 = EDGE_LOOP('',(#1927,#1928,#1929,#1937));
#1927 = ORIENTED_EDGE('',*,*,#1897,.F.);
#1928 = ORIENTED_EDGE('',*,*,#531,.F.);
#1929 = ORIENTED_EDGE('',*,*,#1930,.T.);
#1930 = EDGE_CURVE('',#518,#1931,#1933,.T.);
#1931 = VERTEX_POINT('',#1932);
#1932 = CARTESIAN_POINT('',(49.890621453341,10.85,5.649999952316));
#1933 = LINE('',#1934,#1935);
#1934 = CARTESIAN_POINT('',(43.,10.85,5.649999952316));
#1935 = VECTOR('',#1936,1.);
#1936 = DIRECTION('',(1.,0.,0.));
#1937 = ORIENTED_EDGE('',*,*,#1938,.T.);
#1938 = EDGE_CURVE('',#1931,#1898,#1939,.T.);
#1939 = LINE('',#1940,#1941);
#1940 = CARTESIAN_POINT('',(49.890621453341,10.85,-4.768371564268E-08));
#1941 = VECTOR('',#1942,1.);
#1942 = DIRECTION('',(-0.,-0.,-1.));
#1943 = PLANE('',#1944);
#1944 = AXIS2_PLACEMENT_3D('',#1945,#1946,#1947);
#1945 = CARTESIAN_POINT('',(43.,10.85,4.249999952316));
#1946 = DIRECTION('',(0.,1.,0.));
#1947 = DIRECTION('',(1.,0.,0.));
#1948 = ADVANCED_FACE('',(#1949),#1973,.F.);
#1949 = FACE_BOUND('',#1950,.T.);
#1950 = EDGE_LOOP('',(#1951,#1952,#1960,#1972));
#1951 = ORIENTED_EDGE('',*,*,#517,.F.);
#1952 = ORIENTED_EDGE('',*,*,#1953,.T.);
#1953 = EDGE_CURVE('',#509,#1954,#1956,.T.);
#1954 = VERTEX_POINT('',#1955);
#1955 = CARTESIAN_POINT('',(49.946987587364,11.35,6.149999952316));
#1956 = LINE('',#1957,#1958);
#1957 = CARTESIAN_POINT('',(43.,11.35,6.149999952316));
#1958 = VECTOR('',#1959,1.);
#1959 = DIRECTION('',(1.,0.,0.));
#1960 = ORIENTED_EDGE('',*,*,#1961,.T.);
#1961 = EDGE_CURVE('',#1954,#1931,#1962,.T.);
#1962 = B_SPLINE_CURVE_WITH_KNOTS('',8,(#1963,#1964,#1965,#1966,#1967,
    #1968,#1969,#1970,#1971),.UNSPECIFIED.,.F.,.F.,(9,9),(0.,1.),
  .PIECEWISE_BEZIER_KNOTS.);
#1963 = CARTESIAN_POINT('',(49.946987587364,11.35,6.149999952316));
#1964 = CARTESIAN_POINT('',(49.937321508318,11.245379507911,
    6.149999952316));
#1965 = CARTESIAN_POINT('',(49.926911688279,11.143680901101,
    6.12498115527));
#1966 = CARTESIAN_POINT('',(49.916406300966,11.050869960473,
    6.077393919293));
#1967 = CARTESIAN_POINT('',(49.906668584299,10.971832529997,
    6.010549678392));
#1968 = CARTESIAN_POINT('',(49.898690907231,10.910602056695,
    5.928886966652));
#1969 = CARTESIAN_POINT('',(49.893243711263,10.869690773965,
    5.837688757388));
#1970 = CARTESIAN_POINT('',(49.890621453341,10.85,5.742816520258));
#1971 = CARTESIAN_POINT('',(49.890621453341,10.85,5.649999952316));
#1972 = ORIENTED_EDGE('',*,*,#1930,.F.);
#1973 = CYLINDRICAL_SURFACE('',#1974,0.5);
#1974 = AXIS2_PLACEMENT_3D('',#1975,#1976,#1977);
#1975 = CARTESIAN_POINT('',(43.,11.35,5.649999952316));
#1976 = DIRECTION('',(-1.,-0.,-0.));
#1977 = DIRECTION('',(0.,1.,0.));
#1978 = ADVANCED_FACE('',(#1979),#2007,.F.);
#1979 = FACE_BOUND('',#1980,.F.);
#1980 = EDGE_LOOP('',(#1981,#1982,#1983,#1992,#2000,#2006));
#1981 = ORIENTED_EDGE('',*,*,#508,.T.);
#1982 = ORIENTED_EDGE('',*,*,#1953,.T.);
#1983 = ORIENTED_EDGE('',*,*,#1984,.F.);
#1984 = EDGE_CURVE('',#1985,#1954,#1987,.T.);
#1985 = VERTEX_POINT('',#1986);
#1986 = CARTESIAN_POINT('',(50.,12.5,6.149999952316));
#1987 = CIRCLE('',#1988,12.5);
#1988 = AXIS2_PLACEMENT_3D('',#1989,#1990,#1991);
#1989 = CARTESIAN_POINT('',(37.5,12.5,6.149999952316));
#1990 = DIRECTION('',(0.,0.,-1.));
#1991 = DIRECTION('',(1.,0.,0.));
#1992 = ORIENTED_EDGE('',*,*,#1993,.F.);
#1993 = EDGE_CURVE('',#1994,#1985,#1996,.T.);
#1994 = VERTEX_POINT('',#1995);
#1995 = CARTESIAN_POINT('',(50.,25.95,6.149999952316));
#1996 = LINE('',#1997,#1998);
#1997 = CARTESIAN_POINT('',(50.,11.925,6.149999952316));
#1998 = VECTOR('',#1999,1.);
#1999 = DIRECTION('',(0.,-1.,0.));
#2000 = ORIENTED_EDGE('',*,*,#2001,.F.);
#2001 = EDGE_CURVE('',#1113,#1994,#2002,.T.);
#2002 = LINE('',#2003,#2004);
#2003 = CARTESIAN_POINT('',(43.,25.95,6.149999952316));
#2004 = VECTOR('',#2005,1.);
#2005 = DIRECTION('',(1.,0.,0.));
#2006 = ORIENTED_EDGE('',*,*,#1112,.T.);
#2007 = PLANE('',#2008);
#2008 = AXIS2_PLACEMENT_3D('',#2009,#2010,#2011);
#2009 = CARTESIAN_POINT('',(43.,11.35,6.149999952316));
#2010 = DIRECTION('',(0.,0.,1.));
#2011 = DIRECTION('',(1.,0.,0.));
#2012 = ADVANCED_FACE('',(#2013),#2032,.F.);
#2013 = FACE_BOUND('',#2014,.F.);
#2014 = EDGE_LOOP('',(#2015,#2016,#2017,#2026));
#2015 = ORIENTED_EDGE('',*,*,#1786,.F.);
#2016 = ORIENTED_EDGE('',*,*,#742,.T.);
#2017 = ORIENTED_EDGE('',*,*,#2018,.T.);
#2018 = EDGE_CURVE('',#735,#2019,#2021,.T.);
#2019 = VERTEX_POINT('',#2020);
#2020 = CARTESIAN_POINT('',(1.35,30.9,11.199999952316));
#2021 = CIRCLE('',#2022,0.6);
#2022 = AXIS2_PLACEMENT_3D('',#2023,#2024,#2025);
#2023 = CARTESIAN_POINT('',(1.35,30.9,10.599999952316));
#2024 = DIRECTION('',(1.,0.,-0.));
#2025 = DIRECTION('',(0.,0.,1.));
#2026 = ORIENTED_EDGE('',*,*,#2027,.F.);
#2027 = EDGE_CURVE('',#1779,#2019,#2028,.T.);
#2028 = LINE('',#2029,#2030);
#2029 = CARTESIAN_POINT('',(1.35,12.3,11.199999952316));
#2030 = VECTOR('',#2031,1.);
#2031 = DIRECTION('',(0.,1.,0.));
#2032 = PLANE('',#2033);
#2033 = AXIS2_PLACEMENT_3D('',#2034,#2035,#2036);
#2034 = CARTESIAN_POINT('',(1.35,12.3,0.299999952316));
#2035 = DIRECTION('',(1.,0.,0.));
#2036 = DIRECTION('',(0.,0.,1.));
#2037 = ADVANCED_FACE('',(#2038),#2066,.F.);
#2038 = FACE_BOUND('',#2039,.F.);
#2039 = EDGE_LOOP('',(#2040,#2048,#2057,#2063,#2064,#2065));
#2040 = ORIENTED_EDGE('',*,*,#2041,.F.);
#2041 = EDGE_CURVE('',#2042,#1671,#2044,.T.);
#2042 = VERTEX_POINT('',#2043);
#2043 = CARTESIAN_POINT('',(0.95,31.5,10.599999952316));
#2044 = LINE('',#2045,#2046);
#2045 = CARTESIAN_POINT('',(0.95,31.5,10.599999952316));
#2046 = VECTOR('',#2047,1.);
#2047 = DIRECTION('',(1.,0.,0.));
#2048 = ORIENTED_EDGE('',*,*,#2049,.T.);
#2049 = EDGE_CURVE('',#2042,#2050,#2052,.T.);
#2050 = VERTEX_POINT('',#2051);
#2051 = CARTESIAN_POINT('',(0.95,30.9,11.199999952316));
#2052 = CIRCLE('',#2053,0.6);
#2053 = AXIS2_PLACEMENT_3D('',#2054,#2055,#2056);
#2054 = CARTESIAN_POINT('',(0.95,30.9,10.599999952316));
#2055 = DIRECTION('',(1.,0.,-0.));
#2056 = DIRECTION('',(0.,0.,1.));
#2057 = ORIENTED_EDGE('',*,*,#2058,.T.);
#2058 = EDGE_CURVE('',#2050,#2019,#2059,.T.);
#2059 = LINE('',#2060,#2061);
#2060 = CARTESIAN_POINT('',(0.95,30.9,11.199999952316));
#2061 = VECTOR('',#2062,1.);
#2062 = DIRECTION('',(1.,0.,0.));
#2063 = ORIENTED_EDGE('',*,*,#2018,.F.);
#2064 = ORIENTED_EDGE('',*,*,#734,.F.);
#2065 = ORIENTED_EDGE('',*,*,#1670,.F.);
#2066 = CYLINDRICAL_SURFACE('',#2067,0.6);
#2067 = AXIS2_PLACEMENT_3D('',#2068,#2069,#2070);
#2068 = CARTESIAN_POINT('',(0.95,30.9,10.599999952316));
#2069 = DIRECTION('',(1.,0.,0.));
#2070 = DIRECTION('',(0.,1.,0.));
#2071 = ADVANCED_FACE('',(#2072),#2091,.F.);
#2072 = FACE_BOUND('',#2073,.F.);
#2073 = EDGE_LOOP('',(#2074,#2083,#2089,#2090));
#2074 = ORIENTED_EDGE('',*,*,#2075,.T.);
#2075 = EDGE_CURVE('',#710,#2076,#2078,.T.);
#2076 = VERTEX_POINT('',#2077);
#2077 = CARTESIAN_POINT('',(3.6,51.8,10.699999952316));
#2078 = HYPERBOLA('',#2079,0.7,0.7);
#2079 = AXIS2_PLACEMENT_3D('',#2080,#2081,#2082);
#2080 = CARTESIAN_POINT('',(6.,51.8,8.199999952316));
#2081 = DIRECTION('',(0.,1.,0.));
#2082 = DIRECTION('',(0.,0.,1.));
#2083 = ORIENTED_EDGE('',*,*,#2084,.F.);
#2084 = EDGE_CURVE('',#1656,#2076,#2085,.T.);
#2085 = LINE('',#2086,#2087);
#2086 = CARTESIAN_POINT('',(1.1,51.8,10.699999952316));
#2087 = VECTOR('',#2088,1.);
#2088 = DIRECTION('',(1.,0.,0.));
#2089 = ORIENTED_EDGE('',*,*,#1663,.T.);
#2090 = ORIENTED_EDGE('',*,*,#718,.F.);
#2091 = PLANE('',#2092);
#2092 = AXIS2_PLACEMENT_3D('',#2093,#2094,#2095);
#2093 = CARTESIAN_POINT('',(1.1,51.8,10.699999952316));
#2094 = DIRECTION('',(0.,1.,0.));
#2095 = DIRECTION('',(0.,0.,1.));
#2096 = ADVANCED_FACE('',(#2097),#2116,.T.);
#2097 = FACE_BOUND('',#2098,.T.);
#2098 = EDGE_LOOP('',(#2099,#2107,#2108,#2109));
#2099 = ORIENTED_EDGE('',*,*,#2100,.T.);
#2100 = EDGE_CURVE('',#2101,#701,#2103,.T.);
#2101 = VERTEX_POINT('',#2102);
#2102 = CARTESIAN_POINT('',(8.5,52.5,10.699999952316));
#2103 = LINE('',#2104,#2105);
#2104 = CARTESIAN_POINT('',(8.5,52.5,10.699999952316));
#2105 = VECTOR('',#2106,1.);
#2106 = DIRECTION('',(0.707106781187,-1.7E-16,0.707106781187));
#2107 = ORIENTED_EDGE('',*,*,#709,.F.);
#2108 = ORIENTED_EDGE('',*,*,#2075,.T.);
#2109 = ORIENTED_EDGE('',*,*,#2110,.T.);
#2110 = EDGE_CURVE('',#2076,#2101,#2111,.T.);
#2111 = CIRCLE('',#2112,2.5);
#2112 = AXIS2_PLACEMENT_3D('',#2113,#2114,#2115);
#2113 = CARTESIAN_POINT('',(6.,52.5,10.699999952316));
#2114 = DIRECTION('',(0.,0.,1.));
#2115 = DIRECTION('',(1.,0.,0.));
#2116 = CONICAL_SURFACE('',#2117,2.5,0.785398163397);
#2117 = AXIS2_PLACEMENT_3D('',#2118,#2119,#2120);
#2118 = CARTESIAN_POINT('',(6.,52.5,10.699999952316));
#2119 = DIRECTION('',(0.,0.,1.));
#2120 = DIRECTION('',(1.,0.,0.));
#2121 = ADVANCED_FACE('',(#2122),#2142,.T.);
#2122 = FACE_BOUND('',#2123,.T.);
#2123 = EDGE_LOOP('',(#2124,#2125,#2126,#2135));
#2124 = ORIENTED_EDGE('',*,*,#700,.F.);
#2125 = ORIENTED_EDGE('',*,*,#2100,.F.);
#2126 = ORIENTED_EDGE('',*,*,#2127,.T.);
#2127 = EDGE_CURVE('',#2101,#2128,#2130,.T.);
#2128 = VERTEX_POINT('',#2129);
#2129 = CARTESIAN_POINT('',(3.6,53.2,10.699999952316));
#2130 = CIRCLE('',#2131,2.5);
#2131 = AXIS2_PLACEMENT_3D('',#2132,#2133,#2134);
#2132 = CARTESIAN_POINT('',(6.,52.5,10.699999952316));
#2133 = DIRECTION('',(0.,0.,1.));
#2134 = DIRECTION('',(1.,0.,0.));
#2135 = ORIENTED_EDGE('',*,*,#2136,.F.);
#2136 = EDGE_CURVE('',#693,#2128,#2137,.T.);
#2137 = HYPERBOLA('',#2138,0.7,0.7);
#2138 = AXIS2_PLACEMENT_3D('',#2139,#2140,#2141);
#2139 = CARTESIAN_POINT('',(6.,53.2,8.199999952316));
#2140 = DIRECTION('',(0.,1.,0.));
#2141 = DIRECTION('',(0.,0.,1.));
#2142 = CONICAL_SURFACE('',#2143,2.5,0.785398163397);
#2143 = AXIS2_PLACEMENT_3D('',#2144,#2145,#2146);
#2144 = CARTESIAN_POINT('',(6.,52.5,10.699999952316));
#2145 = DIRECTION('',(0.,0.,1.));
#2146 = DIRECTION('',(1.,0.,0.));
#2147 = ADVANCED_FACE('',(#2148),#2159,.T.);
#2148 = FACE_BOUND('',#2149,.T.);
#2149 = EDGE_LOOP('',(#2150,#2151,#2157,#2158));
#2150 = ORIENTED_EDGE('',*,*,#2136,.T.);
#2151 = ORIENTED_EDGE('',*,*,#2152,.F.);
#2152 = EDGE_CURVE('',#1648,#2128,#2153,.T.);
#2153 = LINE('',#2154,#2155);
#2154 = CARTESIAN_POINT('',(1.1,53.2,10.699999952316));
#2155 = VECTOR('',#2156,1.);
#2156 = DIRECTION('',(1.,0.,0.));
#2157 = ORIENTED_EDGE('',*,*,#1647,.T.);
#2158 = ORIENTED_EDGE('',*,*,#692,.F.);
#2159 = PLANE('',#2160);
#2160 = AXIS2_PLACEMENT_3D('',#2161,#2162,#2163);
#2161 = CARTESIAN_POINT('',(1.1,53.2,10.699999952316));
#2162 = DIRECTION('',(0.,1.,0.));
#2163 = DIRECTION('',(0.,0.,1.));
#2164 = ADVANCED_FACE('',(#2165),#2184,.F.);
#2165 = FACE_BOUND('',#2166,.F.);
#2166 = EDGE_LOOP('',(#2167,#2176,#2182,#2183));
#2167 = ORIENTED_EDGE('',*,*,#2168,.T.);
#2168 = EDGE_CURVE('',#668,#2169,#2171,.T.);
#2169 = VERTEX_POINT('',#2170);
#2170 = CARTESIAN_POINT('',(3.6,67.8,10.699999952316));
#2171 = HYPERBOLA('',#2172,0.7,0.7);
#2172 = AXIS2_PLACEMENT_3D('',#2173,#2174,#2175);
#2173 = CARTESIAN_POINT('',(6.,67.8,8.199999952316));
#2174 = DIRECTION('',(0.,1.,0.));
#2175 = DIRECTION('',(0.,0.,1.));
#2176 = ORIENTED_EDGE('',*,*,#2177,.F.);
#2177 = EDGE_CURVE('',#1633,#2169,#2178,.T.);
#2178 = LINE('',#2179,#2180);
#2179 = CARTESIAN_POINT('',(1.1,67.8,10.699999952316));
#2180 = VECTOR('',#2181,1.);
#2181 = DIRECTION('',(1.,0.,0.));
#2182 = ORIENTED_EDGE('',*,*,#1640,.T.);
#2183 = ORIENTED_EDGE('',*,*,#676,.F.);
#2184 = PLANE('',#2185);
#2185 = AXIS2_PLACEMENT_3D('',#2186,#2187,#2188);
#2186 = CARTESIAN_POINT('',(1.1,67.8,10.699999952316));
#2187 = DIRECTION('',(0.,1.,0.));
#2188 = DIRECTION('',(0.,0.,1.));
#2189 = ADVANCED_FACE('',(#2190),#2235,.T.);
#2190 = FACE_BOUND('',#2191,.T.);
#2191 = EDGE_LOOP('',(#2192,#2201,#2209,#2218,#2233,#2234));
#2192 = ORIENTED_EDGE('',*,*,#2193,.T.);
#2193 = EDGE_CURVE('',#2169,#2194,#2196,.T.);
#2194 = VERTEX_POINT('',#2195);
#2195 = CARTESIAN_POINT('',(8.5,68.5,10.699999952316));
#2196 = CIRCLE('',#2197,2.5);
#2197 = AXIS2_PLACEMENT_3D('',#2198,#2199,#2200);
#2198 = CARTESIAN_POINT('',(6.,68.5,10.699999952316));
#2199 = DIRECTION('',(0.,0.,1.));
#2200 = DIRECTION('',(1.,0.,0.));
#2201 = ORIENTED_EDGE('',*,*,#2202,.T.);
#2202 = EDGE_CURVE('',#2194,#2203,#2205,.T.);
#2203 = VERTEX_POINT('',#2204);
#2204 = CARTESIAN_POINT('',(8.9,68.5,11.099999952316));
#2205 = LINE('',#2206,#2207);
#2206 = CARTESIAN_POINT('',(8.5,68.5,10.699999952316));
#2207 = VECTOR('',#2208,1.);
#2208 = DIRECTION('',(0.707106781187,-1.7E-16,0.707106781187));
#2209 = ORIENTED_EDGE('',*,*,#2210,.F.);
#2210 = EDGE_CURVE('',#2211,#2203,#2213,.T.);
#2211 = VERTEX_POINT('',#2212);
#2212 = CARTESIAN_POINT('',(8.870829339953,68.089708760924,
    11.099999952316));
#2213 = CIRCLE('',#2214,2.9);
#2214 = AXIS2_PLACEMENT_3D('',#2215,#2216,#2217);
#2215 = CARTESIAN_POINT('',(6.,68.5,11.099999952316));
#2216 = DIRECTION('',(0.,0.,1.));
#2217 = DIRECTION('',(1.,0.,0.));
#2218 = ORIENTED_EDGE('',*,*,#2219,.T.);
#2219 = EDGE_CURVE('',#2211,#659,#2220,.T.);
#2220 = B_SPLINE_CURVE_WITH_KNOTS('',6,(#2221,#2222,#2223,#2224,#2225,
    #2226,#2227,#2228,#2229,#2230,#2231,#2232),.UNSPECIFIED.,.F.,.F.,(7,
    5,7),(0.,0.499734904434,1.),.UNSPECIFIED.);
#2221 = CARTESIAN_POINT('',(8.870829339953,68.089708760924,
    11.099999952316));
#2222 = CARTESIAN_POINT('',(8.826352029016,67.991298500359,
    11.069893089745));
#2223 = CARTESIAN_POINT('',(8.780928140577,67.888874162024,
    11.043868212091));
#2224 = CARTESIAN_POINT('',(8.734730045894,67.782545911412,
    11.022948240752));
#2225 = CARTESIAN_POINT('',(8.68811175922,67.672835031092,
    11.008315503449));
#2226 = CARTESIAN_POINT('',(8.641610735455,67.560755527167,
    11.000994923625));
#2227 = CARTESIAN_POINT('',(8.550435997674,67.335792989473,
    11.000956195118));
#2228 = CARTESIAN_POINT('',(8.505734714192,67.222836292586,
    11.008253528791));
#2229 = CARTESIAN_POINT('',(8.462768985959,67.11149759097,
    11.022881580243));
#2230 = CARTESIAN_POINT('',(8.421860477311,67.00288355031,
    11.043812980488));
#2231 = CARTESIAN_POINT('',(8.383118705856,66.897617854856,
    11.069861307102));
#2232 = CARTESIAN_POINT('',(8.346496792003,66.795901175072,
    11.099999952316));
#2233 = ORIENTED_EDGE('',*,*,#667,.F.);
#2234 = ORIENTED_EDGE('',*,*,#2168,.T.);
#2235 = CONICAL_SURFACE('',#2236,2.5,0.785398163397);
#2236 = AXIS2_PLACEMENT_3D('',#2237,#2238,#2239);
#2237 = CARTESIAN_POINT('',(6.,68.5,10.699999952316));
#2238 = DIRECTION('',(0.,0.,1.));
#2239 = DIRECTION('',(1.,0.,0.));
#2240 = ADVANCED_FACE('',(#2241),#2283,.F.);
#2241 = FACE_BOUND('',#2242,.F.);
#2242 = EDGE_LOOP('',(#2243,#2251,#2258,#2259,#2260,#2274,#2281,#2282));
#2243 = ORIENTED_EDGE('',*,*,#2244,.T.);
#2244 = EDGE_CURVE('',#650,#2245,#2247,.T.);
#2245 = VERTEX_POINT('',#2246);
#2246 = CARTESIAN_POINT('',(42.7,60.8,11.799999952316));
#2247 = LINE('',#2248,#2249);
#2248 = CARTESIAN_POINT('',(42.7,60.8,10.649999952316));
#2249 = VECTOR('',#2250,1.);
#2250 = DIRECTION('',(0.,0.,1.));
#2251 = ORIENTED_EDGE('',*,*,#2252,.F.);
#2252 = EDGE_CURVE('',#2245,#2245,#2253,.T.);
#2253 = CIRCLE('',#2254,17.7);
#2254 = AXIS2_PLACEMENT_3D('',#2255,#2256,#2257);
#2255 = CARTESIAN_POINT('',(25.,60.8,11.799999952316));
#2256 = DIRECTION('',(0.,0.,1.));
#2257 = DIRECTION('',(1.,0.,0.));
#2258 = ORIENTED_EDGE('',*,*,#2244,.F.);
#2259 = ORIENTED_EDGE('',*,*,#649,.T.);
#2260 = ORIENTED_EDGE('',*,*,#2261,.T.);
#2261 = EDGE_CURVE('',#641,#2262,#2264,.T.);
#2262 = VERTEX_POINT('',#2263);
#2263 = CARTESIAN_POINT('',(41.129170660047,68.089708760924,
    11.099999952316));
#2264 = B_SPLINE_CURVE_WITH_KNOTS('',8,(#2265,#2266,#2267,#2268,#2269,
    #2270,#2271,#2272,#2273),.UNSPECIFIED.,.F.,.F.,(9,9),(0.,1.),
  .PIECEWISE_BEZIER_KNOTS.);
#2265 = CARTESIAN_POINT('',(41.653503207997,66.795901175072,
    11.099999952316));
#2266 = CARTESIAN_POINT('',(41.599160019704,66.946838362686,
    11.055277274022));
#2267 = CARTESIAN_POINT('',(41.539042304571,67.108908882538,
    11.018038267045));
#2268 = CARTESIAN_POINT('',(41.474307806655,67.277566875907,
    10.993232307667));
#2269 = CARTESIAN_POINT('',(41.406152984855,67.448810412894,
    10.984473218645));
#2270 = CARTESIAN_POINT('',(41.335861786579,67.619186829556,
    10.993232567701));
#2271 = CARTESIAN_POINT('',(41.264915019353,67.785326872207,
    11.018038237203));
#2272 = CARTESIAN_POINT('',(41.195239792763,67.943524550842,
    11.055277502668));
#2273 = CARTESIAN_POINT('',(41.129170660047,68.089708760924,
    11.099999952316));
#2274 = ORIENTED_EDGE('',*,*,#2275,.T.);
#2275 = EDGE_CURVE('',#2262,#2211,#2276,.T.);
#2276 = CIRCLE('',#2277,17.7);
#2277 = AXIS2_PLACEMENT_3D('',#2278,#2279,#2280);
#2278 = CARTESIAN_POINT('',(25.,60.8,11.099999952316));
#2279 = DIRECTION('',(0.,0.,1.));
#2280 = DIRECTION('',(1.,0.,0.));
#2281 = ORIENTED_EDGE('',*,*,#2219,.T.);
#2282 = ORIENTED_EDGE('',*,*,#658,.T.);
#2283 = CYLINDRICAL_SURFACE('',#2284,17.7);
#2284 = AXIS2_PLACEMENT_3D('',#2285,#2286,#2287);
#2285 = CARTESIAN_POINT('',(25.,60.8,10.649999952316));
#2286 = DIRECTION('',(0.,0.,1.));
#2287 = DIRECTION('',(1.,0.,0.));
#2288 = ADVANCED_FACE('',(#2289),#2327,.T.);
#2289 = FACE_BOUND('',#2290,.T.);
#2290 = EDGE_LOOP('',(#2291,#2300,#2309,#2318,#2325,#2326));
#2291 = ORIENTED_EDGE('',*,*,#2292,.F.);
#2292 = EDGE_CURVE('',#2293,#2262,#2295,.T.);
#2293 = VERTEX_POINT('',#2294);
#2294 = CARTESIAN_POINT('',(46.814249455894,69.2,11.099999952316));
#2295 = CIRCLE('',#2296,2.9);
#2296 = AXIS2_PLACEMENT_3D('',#2297,#2298,#2299);
#2297 = CARTESIAN_POINT('',(44.,68.5,11.099999952316));
#2298 = DIRECTION('',(0.,0.,1.));
#2299 = DIRECTION('',(1.,0.,0.));
#2300 = ORIENTED_EDGE('',*,*,#2301,.F.);
#2301 = EDGE_CURVE('',#2302,#2293,#2304,.T.);
#2302 = VERTEX_POINT('',#2303);
#2303 = CARTESIAN_POINT('',(46.4,69.2,10.699999952316));
#2304 = HYPERBOLA('',#2305,0.7,0.7);
#2305 = AXIS2_PLACEMENT_3D('',#2306,#2307,#2308);
#2306 = CARTESIAN_POINT('',(44.,69.2,8.199999952316));
#2307 = DIRECTION('',(0.,1.,0.));
#2308 = DIRECTION('',(0.,0.,1.));
#2309 = ORIENTED_EDGE('',*,*,#2310,.T.);
#2310 = EDGE_CURVE('',#2302,#2311,#2313,.T.);
#2311 = VERTEX_POINT('',#2312);
#2312 = CARTESIAN_POINT('',(46.4,67.8,10.699999952316));
#2313 = CIRCLE('',#2314,2.5);
#2314 = AXIS2_PLACEMENT_3D('',#2315,#2316,#2317);
#2315 = CARTESIAN_POINT('',(44.,68.5,10.699999952316));
#2316 = DIRECTION('',(0.,0.,1.));
#2317 = DIRECTION('',(1.,0.,0.));
#2318 = ORIENTED_EDGE('',*,*,#2319,.T.);
#2319 = EDGE_CURVE('',#2311,#633,#2320,.T.);
#2320 = HYPERBOLA('',#2321,0.7,0.7);
#2321 = AXIS2_PLACEMENT_3D('',#2322,#2323,#2324);
#2322 = CARTESIAN_POINT('',(44.,67.8,8.199999952316));
#2323 = DIRECTION('',(0.,1.,0.));
#2324 = DIRECTION('',(0.,0.,1.));
#2325 = ORIENTED_EDGE('',*,*,#640,.F.);
#2326 = ORIENTED_EDGE('',*,*,#2261,.T.);
#2327 = CONICAL_SURFACE('',#2328,2.5,0.785398163397);
#2328 = AXIS2_PLACEMENT_3D('',#2329,#2330,#2331);
#2329 = CARTESIAN_POINT('',(44.,68.5,10.699999952316));
#2330 = DIRECTION('',(0.,0.,1.));
#2331 = DIRECTION('',(1.,0.,0.));
#2332 = ADVANCED_FACE('',(#2333),#2344,.F.);
#2333 = FACE_BOUND('',#2334,.F.);
#2334 = EDGE_LOOP('',(#2335,#2341,#2342,#2343));
#2335 = ORIENTED_EDGE('',*,*,#2336,.F.);
#2336 = EDGE_CURVE('',#2311,#1074,#2337,.T.);
#2337 = LINE('',#2338,#2339);
#2338 = CARTESIAN_POINT('',(44.,67.8,10.699999952316));
#2339 = VECTOR('',#2340,1.);
#2340 = DIRECTION('',(1.,0.,0.));
#2341 = ORIENTED_EDGE('',*,*,#2319,.T.);
#2342 = ORIENTED_EDGE('',*,*,#632,.F.);
#2343 = ORIENTED_EDGE('',*,*,#1081,.F.);
#2344 = PLANE('',#2345);
#2345 = AXIS2_PLACEMENT_3D('',#2346,#2347,#2348);
#2346 = CARTESIAN_POINT('',(44.,67.8,10.699999952316));
#2347 = DIRECTION('',(0.,1.,0.));
#2348 = DIRECTION('',(0.,0.,1.));
#2349 = ADVANCED_FACE('',(#2350),#2369,.T.);
#2350 = FACE_BOUND('',#2351,.T.);
#2351 = EDGE_LOOP('',(#2352,#2360,#2367,#2368));
#2352 = ORIENTED_EDGE('',*,*,#2353,.F.);
#2353 = EDGE_CURVE('',#2354,#1089,#2356,.T.);
#2354 = VERTEX_POINT('',#2355);
#2355 = CARTESIAN_POINT('',(46.4,53.2,10.699999952316));
#2356 = LINE('',#2357,#2358);
#2357 = CARTESIAN_POINT('',(44.,53.2,10.699999952316));
#2358 = VECTOR('',#2359,1.);
#2359 = DIRECTION('',(1.,0.,0.));
#2360 = ORIENTED_EDGE('',*,*,#2361,.T.);
#2361 = EDGE_CURVE('',#2354,#608,#2362,.T.);
#2362 = HYPERBOLA('',#2363,0.7,0.7);
#2363 = AXIS2_PLACEMENT_3D('',#2364,#2365,#2366);
#2364 = CARTESIAN_POINT('',(44.,53.2,8.199999952316));
#2365 = DIRECTION('',(0.,1.,0.));
#2366 = DIRECTION('',(0.,0.,1.));
#2367 = ORIENTED_EDGE('',*,*,#616,.F.);
#2368 = ORIENTED_EDGE('',*,*,#1088,.F.);
#2369 = PLANE('',#2370);
#2370 = AXIS2_PLACEMENT_3D('',#2371,#2372,#2373);
#2371 = CARTESIAN_POINT('',(44.,53.2,10.699999952316));
#2372 = DIRECTION('',(0.,1.,0.));
#2373 = DIRECTION('',(0.,0.,1.));
#2374 = ADVANCED_FACE('',(#2375),#2395,.T.);
#2375 = FACE_BOUND('',#2376,.T.);
#2376 = EDGE_LOOP('',(#2377,#2378,#2379,#2388));
#2377 = ORIENTED_EDGE('',*,*,#607,.F.);
#2378 = ORIENTED_EDGE('',*,*,#2361,.F.);
#2379 = ORIENTED_EDGE('',*,*,#2380,.T.);
#2380 = EDGE_CURVE('',#2354,#2381,#2383,.T.);
#2381 = VERTEX_POINT('',#2382);
#2382 = CARTESIAN_POINT('',(46.4,51.8,10.699999952316));
#2383 = CIRCLE('',#2384,2.5);
#2384 = AXIS2_PLACEMENT_3D('',#2385,#2386,#2387);
#2385 = CARTESIAN_POINT('',(44.,52.5,10.699999952316));
#2386 = DIRECTION('',(0.,0.,1.));
#2387 = DIRECTION('',(1.,0.,0.));
#2388 = ORIENTED_EDGE('',*,*,#2389,.T.);
#2389 = EDGE_CURVE('',#2381,#600,#2390,.T.);
#2390 = HYPERBOLA('',#2391,0.7,0.7);
#2391 = AXIS2_PLACEMENT_3D('',#2392,#2393,#2394);
#2392 = CARTESIAN_POINT('',(44.,51.8,8.199999952316));
#2393 = DIRECTION('',(0.,1.,0.));
#2394 = DIRECTION('',(0.,0.,1.));
#2395 = CONICAL_SURFACE('',#2396,2.5,0.785398163397);
#2396 = AXIS2_PLACEMENT_3D('',#2397,#2398,#2399);
#2397 = CARTESIAN_POINT('',(44.,52.5,10.699999952316));
#2398 = DIRECTION('',(0.,0.,1.));
#2399 = DIRECTION('',(1.,0.,0.));
#2400 = ADVANCED_FACE('',(#2401),#2412,.F.);
#2401 = FACE_BOUND('',#2402,.F.);
#2402 = EDGE_LOOP('',(#2403,#2409,#2410,#2411));
#2403 = ORIENTED_EDGE('',*,*,#2404,.F.);
#2404 = EDGE_CURVE('',#2381,#1097,#2405,.T.);
#2405 = LINE('',#2406,#2407);
#2406 = CARTESIAN_POINT('',(44.,51.8,10.699999952316));
#2407 = VECTOR('',#2408,1.);
#2408 = DIRECTION('',(1.,0.,0.));
#2409 = ORIENTED_EDGE('',*,*,#2389,.T.);
#2410 = ORIENTED_EDGE('',*,*,#599,.F.);
#2411 = ORIENTED_EDGE('',*,*,#1104,.F.);
#2412 = PLANE('',#2413);
#2413 = AXIS2_PLACEMENT_3D('',#2414,#2415,#2416);
#2414 = CARTESIAN_POINT('',(44.,51.8,10.699999952316));
#2415 = DIRECTION('',(0.,1.,0.));
#2416 = DIRECTION('',(0.,0.,1.));
#2417 = ADVANCED_FACE('',(#2418),#2443,.T.);
#2418 = FACE_BOUND('',#2419,.T.);
#2419 = EDGE_LOOP('',(#2420,#2421,#2429,#2437));
#2420 = ORIENTED_EDGE('',*,*,#758,.T.);
#2421 = ORIENTED_EDGE('',*,*,#2422,.T.);
#2422 = EDGE_CURVE('',#761,#2423,#2425,.T.);
#2423 = VERTEX_POINT('',#2424);
#2424 = CARTESIAN_POINT('',(13.275,3.435,12.219999952316));
#2425 = LINE('',#2426,#2427);
#2426 = CARTESIAN_POINT('',(13.275,3.435,9.799999952316));
#2427 = VECTOR('',#2428,1.);
#2428 = DIRECTION('',(0.,0.,1.));
#2429 = ORIENTED_EDGE('',*,*,#2430,.F.);
#2430 = EDGE_CURVE('',#2431,#2423,#2433,.T.);
#2431 = VERTEX_POINT('',#2432);
#2432 = CARTESIAN_POINT('',(36.725,3.435,12.219999952316));
#2433 = LINE('',#2434,#2435);
#2434 = CARTESIAN_POINT('',(19.1375,3.435,12.219999952316));
#2435 = VECTOR('',#2436,1.);
#2436 = DIRECTION('',(-1.,0.,0.));
#2437 = ORIENTED_EDGE('',*,*,#2438,.F.);
#2438 = EDGE_CURVE('',#759,#2431,#2439,.T.);
#2439 = LINE('',#2440,#2441);
#2440 = CARTESIAN_POINT('',(36.725,3.435,9.799999952316));
#2441 = VECTOR('',#2442,1.);
#2442 = DIRECTION('',(0.,0.,1.));
#2443 = PLANE('',#2444);
#2444 = AXIS2_PLACEMENT_3D('',#2445,#2446,#2447);
#2445 = CARTESIAN_POINT('',(13.275,3.435,9.799999952316));
#2446 = DIRECTION('',(0.,1.,0.));
#2447 = DIRECTION('',(0.,0.,1.));
#2448 = ADVANCED_FACE('',(#2449),#2468,.F.);
#2449 = FACE_BOUND('',#2450,.T.);
#2450 = EDGE_LOOP('',(#2451,#2460,#2466,#2467));
#2451 = ORIENTED_EDGE('',*,*,#2452,.F.);
#2452 = EDGE_CURVE('',#2453,#2431,#2455,.T.);
#2453 = VERTEX_POINT('',#2454);
#2454 = CARTESIAN_POINT('',(47.025,13.735,12.219999952316));
#2455 = CIRCLE('',#2456,10.3);
#2456 = AXIS2_PLACEMENT_3D('',#2457,#2458,#2459);
#2457 = CARTESIAN_POINT('',(36.725,13.735,12.219999952316));
#2458 = DIRECTION('',(0.,0.,-1.));
#2459 = DIRECTION('',(1.,0.,0.));
#2460 = ORIENTED_EDGE('',*,*,#2461,.F.);
#2461 = EDGE_CURVE('',#812,#2453,#2462,.T.);
#2462 = LINE('',#2463,#2464);
#2463 = CARTESIAN_POINT('',(47.025,13.735,9.799999952316));
#2464 = VECTOR('',#2465,1.);
#2465 = DIRECTION('',(0.,0.,1.));
#2466 = ORIENTED_EDGE('',*,*,#819,.T.);
#2467 = ORIENTED_EDGE('',*,*,#2438,.T.);
#2468 = CYLINDRICAL_SURFACE('',#2469,10.3);
#2469 = AXIS2_PLACEMENT_3D('',#2470,#2471,#2472);
#2470 = CARTESIAN_POINT('',(36.725,13.735,9.799999952316));
#2471 = DIRECTION('',(-0.,-0.,-1.));
#2472 = DIRECTION('',(1.,0.,0.));
#2473 = ADVANCED_FACE('',(#2474),#2493,.F.);
#2474 = FACE_BOUND('',#2475,.T.);
#2475 = EDGE_LOOP('',(#2476,#2477,#2478,#2486));
#2476 = ORIENTED_EDGE('',*,*,#2422,.F.);
#2477 = ORIENTED_EDGE('',*,*,#768,.T.);
#2478 = ORIENTED_EDGE('',*,*,#2479,.T.);
#2479 = EDGE_CURVE('',#769,#2480,#2482,.T.);
#2480 = VERTEX_POINT('',#2481);
#2481 = CARTESIAN_POINT('',(2.975,13.735,12.219999952316));
#2482 = LINE('',#2483,#2484);
#2483 = CARTESIAN_POINT('',(2.975,13.735,9.799999952316));
#2484 = VECTOR('',#2485,1.);
#2485 = DIRECTION('',(0.,0.,1.));
#2486 = ORIENTED_EDGE('',*,*,#2487,.F.);
#2487 = EDGE_CURVE('',#2423,#2480,#2488,.T.);
#2488 = CIRCLE('',#2489,10.3);
#2489 = AXIS2_PLACEMENT_3D('',#2490,#2491,#2492);
#2490 = CARTESIAN_POINT('',(13.275,13.735,12.219999952316));
#2491 = DIRECTION('',(0.,0.,-1.));
#2492 = DIRECTION('',(1.,0.,0.));
#2493 = CYLINDRICAL_SURFACE('',#2494,10.3);
#2494 = AXIS2_PLACEMENT_3D('',#2495,#2496,#2497);
#2495 = CARTESIAN_POINT('',(13.275,13.735,9.799999952316));
#2496 = DIRECTION('',(-0.,-0.,-1.));
#2497 = DIRECTION('',(1.,0.,0.));
#2498 = ADVANCED_FACE('',(#2499),#2517,.F.);
#2499 = FACE_BOUND('',#2500,.F.);
#2500 = EDGE_LOOP('',(#2501,#2502,#2503,#2511));
#2501 = ORIENTED_EDGE('',*,*,#2461,.F.);
#2502 = ORIENTED_EDGE('',*,*,#811,.T.);
#2503 = ORIENTED_EDGE('',*,*,#2504,.T.);
#2504 = EDGE_CURVE('',#803,#2505,#2507,.T.);
#2505 = VERTEX_POINT('',#2506);
#2506 = CARTESIAN_POINT('',(47.025,30.065,12.219999952316));
#2507 = LINE('',#2508,#2509);
#2508 = CARTESIAN_POINT('',(47.025,30.065,9.799999952316));
#2509 = VECTOR('',#2510,1.);
#2510 = DIRECTION('',(0.,0.,1.));
#2511 = ORIENTED_EDGE('',*,*,#2512,.F.);
#2512 = EDGE_CURVE('',#2453,#2505,#2513,.T.);
#2513 = LINE('',#2514,#2515);
#2514 = CARTESIAN_POINT('',(47.025,17.8675,12.219999952316));
#2515 = VECTOR('',#2516,1.);
#2516 = DIRECTION('',(0.,1.,0.));
#2517 = PLANE('',#2518);
#2518 = AXIS2_PLACEMENT_3D('',#2519,#2520,#2521);
#2519 = CARTESIAN_POINT('',(47.025,13.735,9.799999952316));
#2520 = DIRECTION('',(1.,0.,0.));
#2521 = DIRECTION('',(0.,0.,1.));
#2522 = ADVANCED_FACE('',(#2523),#2541,.T.);
#2523 = FACE_BOUND('',#2524,.T.);
#2524 = EDGE_LOOP('',(#2525,#2526,#2527,#2535));
#2525 = ORIENTED_EDGE('',*,*,#2479,.F.);
#2526 = ORIENTED_EDGE('',*,*,#777,.T.);
#2527 = ORIENTED_EDGE('',*,*,#2528,.T.);
#2528 = EDGE_CURVE('',#778,#2529,#2531,.T.);
#2529 = VERTEX_POINT('',#2530);
#2530 = CARTESIAN_POINT('',(2.975,30.065,12.219999952316));
#2531 = LINE('',#2532,#2533);
#2532 = CARTESIAN_POINT('',(2.975,30.065,9.799999952316));
#2533 = VECTOR('',#2534,1.);
#2534 = DIRECTION('',(0.,0.,1.));
#2535 = ORIENTED_EDGE('',*,*,#2536,.F.);
#2536 = EDGE_CURVE('',#2480,#2529,#2537,.T.);
#2537 = LINE('',#2538,#2539);
#2538 = CARTESIAN_POINT('',(2.975,17.8675,12.219999952316));
#2539 = VECTOR('',#2540,1.);
#2540 = DIRECTION('',(0.,1.,0.));
#2541 = PLANE('',#2542);
#2542 = AXIS2_PLACEMENT_3D('',#2543,#2544,#2545);
#2543 = CARTESIAN_POINT('',(2.975,13.735,9.799999952316));
#2544 = DIRECTION('',(1.,0.,0.));
#2545 = DIRECTION('',(0.,0.,1.));
#2546 = ADVANCED_FACE('',(#2547),#2566,.F.);
#2547 = FACE_BOUND('',#2548,.T.);
#2548 = EDGE_LOOP('',(#2549,#2550,#2551,#2560));
#2549 = ORIENTED_EDGE('',*,*,#802,.T.);
#2550 = ORIENTED_EDGE('',*,*,#2504,.T.);
#2551 = ORIENTED_EDGE('',*,*,#2552,.F.);
#2552 = EDGE_CURVE('',#2553,#2505,#2555,.T.);
#2553 = VERTEX_POINT('',#2554);
#2554 = CARTESIAN_POINT('',(36.725,40.365,12.219999952316));
#2555 = CIRCLE('',#2556,10.3);
#2556 = AXIS2_PLACEMENT_3D('',#2557,#2558,#2559);
#2557 = CARTESIAN_POINT('',(36.725,30.065,12.219999952316));
#2558 = DIRECTION('',(0.,0.,-1.));
#2559 = DIRECTION('',(1.,0.,0.));
#2560 = ORIENTED_EDGE('',*,*,#2561,.F.);
#2561 = EDGE_CURVE('',#795,#2553,#2562,.T.);
#2562 = LINE('',#2563,#2564);
#2563 = CARTESIAN_POINT('',(36.725,40.365,9.799999952316));
#2564 = VECTOR('',#2565,1.);
#2565 = DIRECTION('',(0.,0.,1.));
#2566 = CYLINDRICAL_SURFACE('',#2567,10.3);
#2567 = AXIS2_PLACEMENT_3D('',#2568,#2569,#2570);
#2568 = CARTESIAN_POINT('',(36.725,30.065,9.799999952316));
#2569 = DIRECTION('',(-0.,-0.,-1.));
#2570 = DIRECTION('',(1.,0.,0.));
#2571 = ADVANCED_FACE('',(#2572),#2591,.F.);
#2572 = FACE_BOUND('',#2573,.T.);
#2573 = EDGE_LOOP('',(#2574,#2575,#2583,#2590));
#2574 = ORIENTED_EDGE('',*,*,#785,.T.);
#2575 = ORIENTED_EDGE('',*,*,#2576,.T.);
#2576 = EDGE_CURVE('',#786,#2577,#2579,.T.);
#2577 = VERTEX_POINT('',#2578);
#2578 = CARTESIAN_POINT('',(13.275,40.365,12.219999952316));
#2579 = LINE('',#2580,#2581);
#2580 = CARTESIAN_POINT('',(13.275,40.365,9.799999952316));
#2581 = VECTOR('',#2582,1.);
#2582 = DIRECTION('',(0.,0.,1.));
#2583 = ORIENTED_EDGE('',*,*,#2584,.F.);
#2584 = EDGE_CURVE('',#2529,#2577,#2585,.T.);
#2585 = CIRCLE('',#2586,10.3);
#2586 = AXIS2_PLACEMENT_3D('',#2587,#2588,#2589);
#2587 = CARTESIAN_POINT('',(13.275,30.065,12.219999952316));
#2588 = DIRECTION('',(0.,0.,-1.));
#2589 = DIRECTION('',(1.,0.,0.));
#2590 = ORIENTED_EDGE('',*,*,#2528,.F.);
#2591 = CYLINDRICAL_SURFACE('',#2592,10.3);
#2592 = AXIS2_PLACEMENT_3D('',#2593,#2594,#2595);
#2593 = CARTESIAN_POINT('',(13.275,30.065,9.799999952316));
#2594 = DIRECTION('',(-0.,-0.,-1.));
#2595 = DIRECTION('',(1.,0.,0.));
#2596 = ADVANCED_FACE('',(#2597),#2608,.F.);
#2597 = FACE_BOUND('',#2598,.F.);
#2598 = EDGE_LOOP('',(#2599,#2600,#2601,#2607));
#2599 = ORIENTED_EDGE('',*,*,#794,.T.);
#2600 = ORIENTED_EDGE('',*,*,#2576,.T.);
#2601 = ORIENTED_EDGE('',*,*,#2602,.F.);
#2602 = EDGE_CURVE('',#2553,#2577,#2603,.T.);
#2603 = LINE('',#2604,#2605);
#2604 = CARTESIAN_POINT('',(19.1375,40.365,12.219999952316));
#2605 = VECTOR('',#2606,1.);
#2606 = DIRECTION('',(-1.,0.,0.));
#2607 = ORIENTED_EDGE('',*,*,#2561,.F.);
#2608 = PLANE('',#2609);
#2609 = AXIS2_PLACEMENT_3D('',#2610,#2611,#2612);
#2610 = CARTESIAN_POINT('',(13.275,40.365,9.799999952316));
#2611 = DIRECTION('',(0.,1.,0.));
#2612 = DIRECTION('',(0.,0.,1.));
#2613 = ADVANCED_FACE('',(#2614),#2617,.F.);
#2614 = FACE_BOUND('',#2615,.T.);
#2615 = EDGE_LOOP('',(#2616));
#2616 = ORIENTED_EDGE('',*,*,#843,.F.);
#2617 = PLANE('',#2618);
#2618 = AXIS2_PLACEMENT_3D('',#2619,#2620,#2621);
#2619 = CARTESIAN_POINT('',(25.,4.5,7.999999952316));
#2620 = DIRECTION('',(0.,0.,1.));
#2621 = DIRECTION('',(1.,0.,0.));
#2622 = ADVANCED_FACE('',(#2623),#2649,.T.);
#2623 = FACE_BOUND('',#2624,.F.);
#2624 = EDGE_LOOP('',(#2625,#2633,#2634,#2642));
#2625 = ORIENTED_EDGE('',*,*,#2626,.F.);
#2626 = EDGE_CURVE('',#869,#2627,#2629,.T.);
#2627 = VERTEX_POINT('',#2628);
#2628 = CARTESIAN_POINT('',(12.5,0.,11.749999952316));
#2629 = LINE('',#2630,#2631);
#2630 = CARTESIAN_POINT('',(12.5,0.,-4.768371586472E-08));
#2631 = VECTOR('',#2632,1.);
#2632 = DIRECTION('',(0.,0.,1.));
#2633 = ORIENTED_EDGE('',*,*,#868,.F.);
#2634 = ORIENTED_EDGE('',*,*,#2635,.T.);
#2635 = EDGE_CURVE('',#860,#2636,#2638,.T.);
#2636 = VERTEX_POINT('',#2637);
#2637 = CARTESIAN_POINT('',(0.,12.5,11.749999952316));
#2638 = LINE('',#2639,#2640);
#2639 = CARTESIAN_POINT('',(0.,12.5,-4.768371586472E-08));
#2640 = VECTOR('',#2641,1.);
#2641 = DIRECTION('',(0.,0.,1.));
#2642 = ORIENTED_EDGE('',*,*,#2643,.T.);
#2643 = EDGE_CURVE('',#2636,#2627,#2644,.T.);
#2644 = CIRCLE('',#2645,12.5);
#2645 = AXIS2_PLACEMENT_3D('',#2646,#2647,#2648);
#2646 = CARTESIAN_POINT('',(12.5,12.5,11.749999952316));
#2647 = DIRECTION('',(0.,0.,1.));
#2648 = DIRECTION('',(-1.,1.4E-16,0.));
#2649 = CYLINDRICAL_SURFACE('',#2650,12.5);
#2650 = AXIS2_PLACEMENT_3D('',#2651,#2652,#2653);
#2651 = CARTESIAN_POINT('',(12.5,12.5,-4.768371586472E-08));
#2652 = DIRECTION('',(-0.,-0.,-1.));
#2653 = DIRECTION('',(1.,0.,0.));
#2654 = ADVANCED_FACE('',(#2655),#2673,.F.);
#2655 = FACE_BOUND('',#2656,.F.);
#2656 = EDGE_LOOP('',(#2657,#2658,#2659,#2667));
#2657 = ORIENTED_EDGE('',*,*,#2635,.F.);
#2658 = ORIENTED_EDGE('',*,*,#904,.F.);
#2659 = ORIENTED_EDGE('',*,*,#2660,.T.);
#2660 = EDGE_CURVE('',#894,#2661,#2663,.T.);
#2661 = VERTEX_POINT('',#2662);
#2662 = CARTESIAN_POINT('',(0.,69.,11.749999952316));
#2663 = LINE('',#2664,#2665);
#2664 = CARTESIAN_POINT('',(0.,69.,-4.768371586472E-08));
#2665 = VECTOR('',#2666,1.);
#2666 = DIRECTION('',(0.,0.,1.));
#2667 = ORIENTED_EDGE('',*,*,#2668,.T.);
#2668 = EDGE_CURVE('',#2661,#2636,#2669,.T.);
#2669 = LINE('',#2670,#2671);
#2670 = CARTESIAN_POINT('',(-1.1E-16,69.,11.749999952316));
#2671 = VECTOR('',#2672,1.);
#2672 = DIRECTION('',(-0.,-1.,-0.));
#2673 = PLANE('',#2674);
#2674 = AXIS2_PLACEMENT_3D('',#2675,#2676,#2677);
#2675 = CARTESIAN_POINT('',(0.,12.5,-4.768371586472E-08));
#2676 = DIRECTION('',(1.,0.,0.));
#2677 = DIRECTION('',(0.,0.,1.));
#2678 = ADVANCED_FACE('',(#2679),#2765,.T.);
#2679 = FACE_BOUND('',#2680,.F.);
#2680 = EDGE_LOOP('',(#2681,#2682,#2683,#2691,#2700,#2719,#2727,#2741,
    #2750,#2758));
#2681 = ORIENTED_EDGE('',*,*,#2660,.F.);
#2682 = ORIENTED_EDGE('',*,*,#927,.F.);
#2683 = ORIENTED_EDGE('',*,*,#2684,.T.);
#2684 = EDGE_CURVE('',#919,#2685,#2687,.T.);
#2685 = VERTEX_POINT('',#2686);
#2686 = CARTESIAN_POINT('',(12.5,81.5,2.849999952316));
#2687 = LINE('',#2688,#2689);
#2688 = CARTESIAN_POINT('',(12.5,81.5,-4.768371586472E-08));
#2689 = VECTOR('',#2690,1.);
#2690 = DIRECTION('',(0.,0.,1.));
#2691 = ORIENTED_EDGE('',*,*,#2692,.F.);
#2692 = EDGE_CURVE('',#2693,#2685,#2695,.T.);
#2693 = VERTEX_POINT('',#2694);
#2694 = CARTESIAN_POINT('',(8.551,80.859822890752,2.849999952316));
#2695 = CIRCLE('',#2696,12.5);
#2696 = AXIS2_PLACEMENT_3D('',#2697,#2698,#2699);
#2697 = CARTESIAN_POINT('',(12.5,69.,2.849999952316));
#2698 = DIRECTION('',(0.,0.,-1.));
#2699 = DIRECTION('',(1.,0.,0.));
#2700 = ORIENTED_EDGE('',*,*,#2701,.F.);
#2701 = EDGE_CURVE('',#2702,#2693,#2704,.T.);
#2702 = VERTEX_POINT('',#2703);
#2703 = CARTESIAN_POINT('',(7.551,80.478562584226,3.849999952316));
#2704 = B_SPLINE_CURVE_WITH_KNOTS('',7,(#2705,#2706,#2707,#2708,#2709,
    #2710,#2711,#2712,#2713,#2714,#2715,#2716,#2717,#2718),
  .UNSPECIFIED.,.F.,.F.,(8,6,8),(0.,0.463424407921,1.),.UNSPECIFIED.);
#2705 = CARTESIAN_POINT('',(7.551,80.478562584226,3.849999952316));
#2706 = CARTESIAN_POINT('',(7.551,80.478562584226,3.752840230487));
#2707 = CARTESIAN_POINT('',(7.562013333349,80.483311032806,
    3.655651750081));
#2708 = CARTESIAN_POINT('',(7.584051877698,80.492812869988,
    3.559635906681));
#2709 = CARTESIAN_POINT('',(7.617073731448,80.506971509304,
    3.466010787677));
#2710 = CARTESIAN_POINT('',(7.660971451872,80.525581713539,
    3.376040777039));
#2711 = CARTESIAN_POINT('',(7.715548909278,80.548330864523,
    3.291072336417));
#2712 = CARTESIAN_POINT('',(7.855674994215,80.605465883756,
    3.121688996852));
#2713 = CARTESIAN_POINT('',(7.94550973233,80.641430498105,3.038563339497
    ));
#2714 = CARTESIAN_POINT('',(8.049070433197,80.681868943464,
    2.966921064251));
#2715 = CARTESIAN_POINT('',(8.164387556817,80.725443159133,
    2.909987595051));
#2716 = CARTESIAN_POINT('',(8.288743703283,80.770590001197,
    2.870376091398));
#2717 = CARTESIAN_POINT('',(8.418843399472,80.815818320001,
    2.849999952316));
#2718 = CARTESIAN_POINT('',(8.551,80.859822890752,2.849999952316));
#2719 = ORIENTED_EDGE('',*,*,#2720,.F.);
#2720 = EDGE_CURVE('',#2721,#2702,#2723,.T.);
#2721 = VERTEX_POINT('',#2722);
#2722 = CARTESIAN_POINT('',(7.551,80.478562584226,7.349999952316));
#2723 = LINE('',#2724,#2725);
#2724 = CARTESIAN_POINT('',(7.551,80.478562584226,-4.768371564268E-08));
#2725 = VECTOR('',#2726,1.);
#2726 = DIRECTION('',(-0.,-0.,-1.));
#2727 = ORIENTED_EDGE('',*,*,#2728,.F.);
#2728 = EDGE_CURVE('',#2729,#2721,#2731,.T.);
#2729 = VERTEX_POINT('',#2730);
#2730 = CARTESIAN_POINT('',(8.551,80.859822890752,8.349999952316));
#2731 = B_SPLINE_CURVE_WITH_KNOTS('',8,(#2732,#2733,#2734,#2735,#2736,
    #2737,#2738,#2739,#2740),.UNSPECIFIED.,.F.,.F.,(9,9),(0.,1.),
  .PIECEWISE_BEZIER_KNOTS.);
#2732 = CARTESIAN_POINT('',(8.551,80.859822890752,8.349999952316));
#2733 = CARTESIAN_POINT('',(8.332572343112,80.787092393425,
    8.349999952316));
#2734 = CARTESIAN_POINT('',(8.124379079232,80.712662014675,8.29547376056
    ));
#2735 = CARTESIAN_POINT('',(7.938999445947,80.641435191286,
    8.195360121338));
#2736 = CARTESIAN_POINT('',(7.784549017387,80.578441483988,
    8.058972148835));
#2737 = CARTESIAN_POINT('',(7.666762362085,80.528471528131,7.89611879465
    ));
#2738 = CARTESIAN_POINT('',(7.588689152093,80.494812763966,
    7.716905533626));
#2739 = CARTESIAN_POINT('',(7.551,80.478562584226,7.531599208187));
#2740 = CARTESIAN_POINT('',(7.551,80.478562584226,7.349999952316));
#2741 = ORIENTED_EDGE('',*,*,#2742,.T.);
#2742 = EDGE_CURVE('',#2729,#2743,#2745,.T.);
#2743 = VERTEX_POINT('',#2744);
#2744 = CARTESIAN_POINT('',(12.5,81.5,8.349999952316));
#2745 = CIRCLE('',#2746,12.5);
#2746 = AXIS2_PLACEMENT_3D('',#2747,#2748,#2749);
#2747 = CARTESIAN_POINT('',(12.5,69.,8.349999952316));
#2748 = DIRECTION('',(0.,0.,-1.));
#2749 = DIRECTION('',(1.,0.,0.));
#2750 = ORIENTED_EDGE('',*,*,#2751,.T.);
#2751 = EDGE_CURVE('',#2743,#2752,#2754,.T.);
#2752 = VERTEX_POINT('',#2753);
#2753 = CARTESIAN_POINT('',(12.5,81.5,11.749999952316));
#2754 = LINE('',#2755,#2756);
#2755 = CARTESIAN_POINT('',(12.5,81.5,-4.768371586472E-08));
#2756 = VECTOR('',#2757,1.);
#2757 = DIRECTION('',(0.,0.,1.));
#2758 = ORIENTED_EDGE('',*,*,#2759,.T.);
#2759 = EDGE_CURVE('',#2752,#2661,#2760,.T.);
#2760 = CIRCLE('',#2761,12.5);
#2761 = AXIS2_PLACEMENT_3D('',#2762,#2763,#2764);
#2762 = CARTESIAN_POINT('',(12.5,69.,11.749999952316));
#2763 = DIRECTION('',(0.,-0.,1.));
#2764 = DIRECTION('',(0.,1.,0.));
#2765 = CYLINDRICAL_SURFACE('',#2766,12.5);
#2766 = AXIS2_PLACEMENT_3D('',#2767,#2768,#2769);
#2767 = CARTESIAN_POINT('',(12.5,69.,-4.768371586472E-08));
#2768 = DIRECTION('',(-0.,-0.,-1.));
#2769 = DIRECTION('',(1.,0.,0.));
#2770 = ADVANCED_FACE('',(#2771),#2847,.T.);
#2771 = FACE_BOUND('',#2772,.T.);
#2772 = EDGE_LOOP('',(#2773,#2781,#2782,#2783,#2791,#2800,#2808,#2817,
    #2823,#2824,#2832,#2840));
#2773 = ORIENTED_EDGE('',*,*,#2774,.F.);
#2774 = EDGE_CURVE('',#945,#2775,#2777,.T.);
#2775 = VERTEX_POINT('',#2776);
#2776 = CARTESIAN_POINT('',(37.5,81.5,3.261137495049));
#2777 = LINE('',#2778,#2779);
#2778 = CARTESIAN_POINT('',(37.5,81.5,-4.768371586472E-08));
#2779 = VECTOR('',#2780,1.);
#2780 = DIRECTION('',(0.,0.,1.));
#2781 = ORIENTED_EDGE('',*,*,#955,.T.);
#2782 = ORIENTED_EDGE('',*,*,#2684,.T.);
#2783 = ORIENTED_EDGE('',*,*,#2784,.T.);
#2784 = EDGE_CURVE('',#2685,#2785,#2787,.T.);
#2785 = VERTEX_POINT('',#2786);
#2786 = CARTESIAN_POINT('',(18.551,81.5,2.849999952316));
#2787 = LINE('',#2788,#2789);
#2788 = CARTESIAN_POINT('',(10.5255,81.5,2.849999952316));
#2789 = VECTOR('',#2790,1.);
#2790 = DIRECTION('',(1.,0.,0.));
#2791 = ORIENTED_EDGE('',*,*,#2792,.F.);
#2792 = EDGE_CURVE('',#2793,#2785,#2795,.T.);
#2793 = VERTEX_POINT('',#2794);
#2794 = CARTESIAN_POINT('',(19.551,81.5,3.849999952316));
#2795 = CIRCLE('',#2796,1.);
#2796 = AXIS2_PLACEMENT_3D('',#2797,#2798,#2799);
#2797 = CARTESIAN_POINT('',(18.551,81.5,3.849999952316));
#2798 = DIRECTION('',(-0.,1.,2.2E-16));
#2799 = DIRECTION('',(1.,0.,0.));
#2800 = ORIENTED_EDGE('',*,*,#2801,.F.);
#2801 = EDGE_CURVE('',#2802,#2793,#2804,.T.);
#2802 = VERTEX_POINT('',#2803);
#2803 = CARTESIAN_POINT('',(19.551,81.5,7.349999952316));
#2804 = LINE('',#2805,#2806);
#2805 = CARTESIAN_POINT('',(19.551,81.5,1.924999952316));
#2806 = VECTOR('',#2807,1.);
#2807 = DIRECTION('',(0.,0.,-1.));
#2808 = ORIENTED_EDGE('',*,*,#2809,.F.);
#2809 = EDGE_CURVE('',#2810,#2802,#2812,.T.);
#2810 = VERTEX_POINT('',#2811);
#2811 = CARTESIAN_POINT('',(18.551,81.5,8.349999952316));
#2812 = CIRCLE('',#2813,1.);
#2813 = AXIS2_PLACEMENT_3D('',#2814,#2815,#2816);
#2814 = CARTESIAN_POINT('',(18.551,81.5,7.349999952316));
#2815 = DIRECTION('',(-0.,1.,2.2E-16));
#2816 = DIRECTION('',(1.,0.,0.));
#2817 = ORIENTED_EDGE('',*,*,#2818,.F.);
#2818 = EDGE_CURVE('',#2743,#2810,#2819,.T.);
#2819 = LINE('',#2820,#2821);
#2820 = CARTESIAN_POINT('',(10.5255,81.5,8.349999952316));
#2821 = VECTOR('',#2822,1.);
#2822 = DIRECTION('',(1.,0.,0.));
#2823 = ORIENTED_EDGE('',*,*,#2751,.T.);
#2824 = ORIENTED_EDGE('',*,*,#2825,.F.);
#2825 = EDGE_CURVE('',#2826,#2752,#2828,.T.);
#2826 = VERTEX_POINT('',#2827);
#2827 = CARTESIAN_POINT('',(37.5,81.5,11.749999952316));
#2828 = LINE('',#2829,#2830);
#2829 = CARTESIAN_POINT('',(37.5,81.5,11.749999952316));
#2830 = VECTOR('',#2831,1.);
#2831 = DIRECTION('',(-1.,-0.,-0.));
#2832 = ORIENTED_EDGE('',*,*,#2833,.F.);
#2833 = EDGE_CURVE('',#2834,#2826,#2836,.T.);
#2834 = VERTEX_POINT('',#2835);
#2835 = CARTESIAN_POINT('',(37.5,81.5,10.138862409583));
#2836 = LINE('',#2837,#2838);
#2837 = CARTESIAN_POINT('',(37.5,81.5,-4.768371586472E-08));
#2838 = VECTOR('',#2839,1.);
#2839 = DIRECTION('',(0.,0.,1.));
#2840 = ORIENTED_EDGE('',*,*,#2841,.F.);
#2841 = EDGE_CURVE('',#2775,#2834,#2842,.T.);
#2842 = CIRCLE('',#2843,3.6);
#2843 = AXIS2_PLACEMENT_3D('',#2844,#2845,#2846);
#2844 = CARTESIAN_POINT('',(36.435,81.5,6.699999952316));
#2845 = DIRECTION('',(-0.,1.,2.2E-16));
#2846 = DIRECTION('',(1.,0.,0.));
#2847 = PLANE('',#2848);
#2848 = AXIS2_PLACEMENT_3D('',#2849,#2850,#2851);
#2849 = CARTESIAN_POINT('',(12.5,81.5,-4.768371586472E-08));
#2850 = DIRECTION('',(0.,1.,0.));
#2851 = DIRECTION('',(0.,0.,1.));
#2852 = ADVANCED_FACE('',(#2853),#2921,.T.);
#2853 = FACE_BOUND('',#2854,.F.);
#2854 = EDGE_LOOP('',(#2855,#2856,#2857,#2865,#2872,#2873,#2898));
#2855 = ORIENTED_EDGE('',*,*,#2774,.F.);
#2856 = ORIENTED_EDGE('',*,*,#978,.F.);
#2857 = ORIENTED_EDGE('',*,*,#2858,.T.);
#2858 = EDGE_CURVE('',#970,#2859,#2861,.T.);
#2859 = VERTEX_POINT('',#2860);
#2860 = CARTESIAN_POINT('',(50.,69.,11.749999952316));
#2861 = LINE('',#2862,#2863);
#2862 = CARTESIAN_POINT('',(50.,69.,-4.768371586472E-08));
#2863 = VECTOR('',#2864,1.);
#2864 = DIRECTION('',(0.,0.,1.));
#2865 = ORIENTED_EDGE('',*,*,#2866,.T.);
#2866 = EDGE_CURVE('',#2859,#2826,#2867,.T.);
#2867 = CIRCLE('',#2868,12.5);
#2868 = AXIS2_PLACEMENT_3D('',#2869,#2870,#2871);
#2869 = CARTESIAN_POINT('',(37.5,69.,11.749999952316));
#2870 = DIRECTION('',(0.,0.,1.));
#2871 = DIRECTION('',(1.,0.,0.));
#2872 = ORIENTED_EDGE('',*,*,#2833,.F.);
#2873 = ORIENTED_EDGE('',*,*,#2874,.F.);
#2874 = EDGE_CURVE('',#2875,#2834,#2877,.T.);
#2875 = VERTEX_POINT('',#2876);
#2876 = CARTESIAN_POINT('',(40.035,81.240252244133,6.699999952316));
#2877 = B_SPLINE_CURVE_WITH_KNOTS('',7,(#2878,#2879,#2880,#2881,#2882,
    #2883,#2884,#2885,#2886,#2887,#2888,#2889,#2890,#2891,#2892,#2893,
    #2894,#2895,#2896,#2897),.UNSPECIFIED.,.F.,.F.,(8,6,6,8),(0.,
    0.597755295286,0.763113044258,1.),.UNSPECIFIED.);
#2878 = CARTESIAN_POINT('',(40.035,81.240252244133,6.699999952316));
#2879 = CARTESIAN_POINT('',(40.035,81.240252244133,7.052016078135));
#2880 = CARTESIAN_POINT('',(39.994843258926,81.248568869783,
    7.403517700935));
#2881 = CARTESIAN_POINT('',(39.914733758011,81.265159726805,
    7.751937155121));
#2882 = CARTESIAN_POINT('',(39.793843624226,81.289331237607,
    8.094470638126));
#2883 = CARTESIAN_POINT('',(39.630527544561,81.319715808735,
    8.427615559704));
#2884 = CARTESIAN_POINT('',(39.422531087429,81.353953577778,
    8.746522374285));
#2885 = CARTESIAN_POINT('',(39.096764334052,81.397798871453,
    9.126265505754));
#2886 = CARTESIAN_POINT('',(39.02254173428,81.407310796533,9.20693596531
    ));
#2887 = CARTESIAN_POINT('',(38.944634032869,81.416753978679,
    9.285830122734));
#2888 = CARTESIAN_POINT('',(38.862993052873,81.426039526046,
    9.362769512564));
#2889 = CARTESIAN_POINT('',(38.777575046487,81.43506943701,
    9.437557923609));
#2890 = CARTESIAN_POINT('',(38.68834092083,81.443736481009,
    9.509981290737));
#2891 = CARTESIAN_POINT('',(38.461906234866,81.463653407248,
    9.679838814597));
#2892 = CARTESIAN_POINT('',(38.320390505207,81.474421783768,
    9.77473765618));
#2893 = CARTESIAN_POINT('',(38.170897777576,81.483849947449,
    9.863523365941));
#2894 = CARTESIAN_POINT('',(38.013705726026,81.491531398573,
    9.945244282024));
#2895 = CARTESIAN_POINT('',(37.849178913131,81.497050403673,
    10.018974231225));
#2896 = CARTESIAN_POINT('',(37.677766507286,81.5,10.083808934019));
#2897 = CARTESIAN_POINT('',(37.5,81.5,10.138862409583));
#2898 = ORIENTED_EDGE('',*,*,#2899,.F.);
#2899 = EDGE_CURVE('',#2775,#2875,#2900,.T.);
#2900 = B_SPLINE_CURVE_WITH_KNOTS('',7,(#2901,#2902,#2903,#2904,#2905,
    #2906,#2907,#2908,#2909,#2910,#2911,#2912,#2913,#2914,#2915,#2916,
    #2917,#2918,#2919,#2920),.UNSPECIFIED.,.F.,.F.,(8,6,6,8),(0.,
    0.233162539858,0.406799619543,1.),.UNSPECIFIED.);
#2901 = CARTESIAN_POINT('',(37.5,81.5,3.261137495049));
#2902 = CARTESIAN_POINT('',(37.67496147734,81.5,3.315322265648));
#2903 = CARTESIAN_POINT('',(37.843780349104,81.497142767658,
    3.378985929681));
#2904 = CARTESIAN_POINT('',(38.005943034844,81.491789998282,
    3.451284509134));
#2905 = CARTESIAN_POINT('',(38.161013685411,81.484329325017,
    3.531354717645));
#2906 = CARTESIAN_POINT('',(38.308636398603,81.47515744117,
    3.618310603539));
#2907 = CARTESIAN_POINT('',(38.448537434815,81.464663222532,
    3.711240192861));
#2908 = CARTESIAN_POINT('',(38.67882091411,81.444682221674,
    3.882154782156));
#2909 = CARTESIAN_POINT('',(38.772864962098,81.435610343376,
    3.958000465007));
#2910 = CARTESIAN_POINT('',(38.862698592361,81.426131169145,
    4.036468640339));
#2911 = CARTESIAN_POINT('',(38.94836677171,81.416369283619,
    4.117310608405));
#2912 = CARTESIAN_POINT('',(39.029920122934,81.406438055192,
    4.200299366085));
#2913 = CARTESIAN_POINT('',(39.107414629663,81.396439789463,
    4.285229462633));
#2914 = CARTESIAN_POINT('',(39.431999860745,81.352391793748,
    4.668069004923));
#2915 = CARTESIAN_POINT('',(39.636719148565,81.318562732863,
    4.985073926758));
#2916 = CARTESIAN_POINT('',(39.79750977102,81.288598125217,
    5.315960432187));
#2917 = CARTESIAN_POINT('',(39.91655771598,81.264781972462,
    5.656020909908));
#2918 = CARTESIAN_POINT('',(39.995454421939,81.248442297104,
    6.001840142832));
#2919 = CARTESIAN_POINT('',(40.035,81.240252244133,6.350673031092));
#2920 = CARTESIAN_POINT('',(40.035,81.240252244133,6.699999952316));
#2921 = CYLINDRICAL_SURFACE('',#2922,12.5);
#2922 = AXIS2_PLACEMENT_3D('',#2923,#2924,#2925);
#2923 = CARTESIAN_POINT('',(37.5,69.,-4.768371586472E-08));
#2924 = DIRECTION('',(-0.,-0.,-1.));
#2925 = DIRECTION('',(1.,0.,0.));
#2926 = ADVANCED_FACE('',(#2927),#2977,.T.);
#2927 = FACE_BOUND('',#2928,.T.);
#2928 = EDGE_LOOP('',(#2929,#2935,#2936,#2937,#2945,#2951,#2952,#2961,
    #2969,#2976));
#2929 = ORIENTED_EDGE('',*,*,#2930,.F.);
#2930 = EDGE_CURVE('',#996,#1864,#2931,.T.);
#2931 = LINE('',#2932,#2933);
#2932 = CARTESIAN_POINT('',(50.,12.5,-4.768371586472E-08));
#2933 = VECTOR('',#2934,1.);
#2934 = DIRECTION('',(0.,0.,1.));
#2935 = ORIENTED_EDGE('',*,*,#1006,.T.);
#2936 = ORIENTED_EDGE('',*,*,#2858,.T.);
#2937 = ORIENTED_EDGE('',*,*,#2938,.F.);
#2938 = EDGE_CURVE('',#2939,#2859,#2941,.T.);
#2939 = VERTEX_POINT('',#2940);
#2940 = CARTESIAN_POINT('',(50.,12.5,11.749999952316));
#2941 = LINE('',#2942,#2943);
#2942 = CARTESIAN_POINT('',(50.,12.5,11.749999952316));
#2943 = VECTOR('',#2944,1.);
#2944 = DIRECTION('',(0.,1.,0.));
#2945 = ORIENTED_EDGE('',*,*,#2946,.F.);
#2946 = EDGE_CURVE('',#1985,#2939,#2947,.T.);
#2947 = LINE('',#2948,#2949);
#2948 = CARTESIAN_POINT('',(50.,12.5,-4.768371586472E-08));
#2949 = VECTOR('',#2950,1.);
#2950 = DIRECTION('',(0.,0.,1.));
#2951 = ORIENTED_EDGE('',*,*,#1993,.F.);
#2952 = ORIENTED_EDGE('',*,*,#2953,.T.);
#2953 = EDGE_CURVE('',#1994,#2954,#2956,.T.);
#2954 = VERTEX_POINT('',#2955);
#2955 = CARTESIAN_POINT('',(50.,26.45,5.649999952316));
#2956 = CIRCLE('',#2957,0.5);
#2957 = AXIS2_PLACEMENT_3D('',#2958,#2959,#2960);
#2958 = CARTESIAN_POINT('',(50.,25.95,5.649999952316));
#2959 = DIRECTION('',(-1.,0.,0.));
#2960 = DIRECTION('',(0.,1.,0.));
#2961 = ORIENTED_EDGE('',*,*,#2962,.F.);
#2962 = EDGE_CURVE('',#2963,#2954,#2965,.T.);
#2963 = VERTEX_POINT('',#2964);
#2964 = CARTESIAN_POINT('',(50.,26.45,4.249999952316));
#2965 = LINE('',#2966,#2967);
#2966 = CARTESIAN_POINT('',(50.,26.45,2.124999952316));
#2967 = VECTOR('',#2968,1.);
#2968 = DIRECTION('',(0.,0.,1.));
#2969 = ORIENTED_EDGE('',*,*,#2970,.T.);
#2970 = EDGE_CURVE('',#2963,#1873,#2971,.T.);
#2971 = CIRCLE('',#2972,0.5);
#2972 = AXIS2_PLACEMENT_3D('',#2973,#2974,#2975);
#2973 = CARTESIAN_POINT('',(50.,25.95,4.249999952316));
#2974 = DIRECTION('',(-1.,0.,0.));
#2975 = DIRECTION('',(0.,1.,0.));
#2976 = ORIENTED_EDGE('',*,*,#1872,.T.);
#2977 = PLANE('',#2978);
#2978 = AXIS2_PLACEMENT_3D('',#2979,#2980,#2981);
#2979 = CARTESIAN_POINT('',(50.,12.5,-4.768371586472E-08));
#2980 = DIRECTION('',(1.,0.,0.));
#2981 = DIRECTION('',(0.,0.,1.));
#2982 = ADVANCED_FACE('',(#2983),#3008,.T.);
#2983 = FACE_BOUND('',#2984,.F.);
#2984 = EDGE_LOOP('',(#2985,#2994,#2995,#2996,#2997,#2998,#2999,#3000,
    #3001,#3002));
#2985 = ORIENTED_EDGE('',*,*,#2986,.T.);
#2986 = EDGE_CURVE('',#2987,#2939,#2989,.T.);
#2987 = VERTEX_POINT('',#2988);
#2988 = CARTESIAN_POINT('',(37.5,0.,11.749999952316));
#2989 = CIRCLE('',#2990,12.5);
#2990 = AXIS2_PLACEMENT_3D('',#2991,#2992,#2993);
#2991 = CARTESIAN_POINT('',(37.5,12.5,11.749999952316));
#2992 = DIRECTION('',(-0.,0.,1.));
#2993 = DIRECTION('',(0.,-1.,0.));
#2994 = ORIENTED_EDGE('',*,*,#2946,.F.);
#2995 = ORIENTED_EDGE('',*,*,#1984,.T.);
#2996 = ORIENTED_EDGE('',*,*,#1961,.T.);
#2997 = ORIENTED_EDGE('',*,*,#1938,.T.);
#2998 = ORIENTED_EDGE('',*,*,#1905,.T.);
#2999 = ORIENTED_EDGE('',*,*,#1863,.F.);
#3000 = ORIENTED_EDGE('',*,*,#2930,.F.);
#3001 = ORIENTED_EDGE('',*,*,#1029,.F.);
#3002 = ORIENTED_EDGE('',*,*,#3003,.T.);
#3003 = EDGE_CURVE('',#1021,#2987,#3004,.T.);
#3004 = LINE('',#3005,#3006);
#3005 = CARTESIAN_POINT('',(37.5,0.,-4.768371586472E-08));
#3006 = VECTOR('',#3007,1.);
#3007 = DIRECTION('',(0.,0.,1.));
#3008 = CYLINDRICAL_SURFACE('',#3009,12.5);
#3009 = AXIS2_PLACEMENT_3D('',#3010,#3011,#3012);
#3010 = CARTESIAN_POINT('',(37.5,12.5,-4.768371586472E-08));
#3011 = DIRECTION('',(-0.,-0.,-1.));
#3012 = DIRECTION('',(1.,0.,0.));
#3013 = ADVANCED_FACE('',(#3014),#3025,.F.);
#3014 = FACE_BOUND('',#3015,.F.);
#3015 = EDGE_LOOP('',(#3016,#3017,#3018,#3019));
#3016 = ORIENTED_EDGE('',*,*,#3003,.F.);
#3017 = ORIENTED_EDGE('',*,*,#1049,.F.);
#3018 = ORIENTED_EDGE('',*,*,#2626,.T.);
#3019 = ORIENTED_EDGE('',*,*,#3020,.T.);
#3020 = EDGE_CURVE('',#2627,#2987,#3021,.T.);
#3021 = LINE('',#3022,#3023);
#3022 = CARTESIAN_POINT('',(12.5,0.,11.749999952316));
#3023 = VECTOR('',#3024,1.);
#3024 = DIRECTION('',(1.,0.,0.));
#3025 = PLANE('',#3026);
#3026 = AXIS2_PLACEMENT_3D('',#3027,#3028,#3029);
#3027 = CARTESIAN_POINT('',(12.5,0.,-4.768371586472E-08));
#3028 = DIRECTION('',(0.,1.,0.));
#3029 = DIRECTION('',(0.,0.,1.));
#3030 = ADVANCED_FACE('',(#3031),#3042,.F.);
#3031 = FACE_BOUND('',#3032,.T.);
#3032 = EDGE_LOOP('',(#3033,#3039,#3040,#3041));
#3033 = ORIENTED_EDGE('',*,*,#3034,.F.);
#3034 = EDGE_CURVE('',#1130,#2963,#3035,.T.);
#3035 = LINE('',#3036,#3037);
#3036 = CARTESIAN_POINT('',(43.,26.45,4.249999952316));
#3037 = VECTOR('',#3038,1.);
#3038 = DIRECTION('',(1.,0.,0.));
#3039 = ORIENTED_EDGE('',*,*,#1137,.T.);
#3040 = ORIENTED_EDGE('',*,*,#1880,.T.);
#3041 = ORIENTED_EDGE('',*,*,#2970,.F.);
#3042 = CYLINDRICAL_SURFACE('',#3043,0.5);
#3043 = AXIS2_PLACEMENT_3D('',#3044,#3045,#3046);
#3044 = CARTESIAN_POINT('',(43.,25.95,4.249999952316));
#3045 = DIRECTION('',(-1.,-0.,-0.));
#3046 = DIRECTION('',(0.,1.,0.));
#3047 = ADVANCED_FACE('',(#3048,#3060),#3089,.T.);
#3048 = FACE_BOUND('',#3049,.T.);
#3049 = EDGE_LOOP('',(#3050,#3056,#3057,#3058,#3059));
#3050 = ORIENTED_EDGE('',*,*,#3051,.T.);
#3051 = EDGE_CURVE('',#2302,#1307,#3052,.T.);
#3052 = LINE('',#3053,#3054);
#3053 = CARTESIAN_POINT('',(44.,69.2,10.699999952316));
#3054 = VECTOR('',#3055,1.);
#3055 = DIRECTION('',(1.,0.,0.));
#3056 = ORIENTED_EDGE('',*,*,#1306,.T.);
#3057 = ORIENTED_EDGE('',*,*,#1073,.T.);
#3058 = ORIENTED_EDGE('',*,*,#2336,.F.);
#3059 = ORIENTED_EDGE('',*,*,#2310,.F.);
#3060 = FACE_BOUND('',#3061,.T.);
#3061 = EDGE_LOOP('',(#3062,#3073,#3082));
#3062 = ORIENTED_EDGE('',*,*,#3063,.F.);
#3063 = EDGE_CURVE('',#3064,#3066,#3068,.T.);
#3064 = VERTEX_POINT('',#3065);
#3065 = CARTESIAN_POINT('',(44.,67.85,10.699999952316));
#3066 = VERTEX_POINT('',#3067);
#3067 = CARTESIAN_POINT('',(44.,69.15,10.699999952316));
#3068 = CIRCLE('',#3069,0.65);
#3069 = AXIS2_PLACEMENT_3D('',#3070,#3071,#3072);
#3070 = CARTESIAN_POINT('',(44.,68.5,10.699999952316));
#3071 = DIRECTION('',(0.,0.,-1.));
#3072 = DIRECTION('',(1.,0.,0.));
#3073 = ORIENTED_EDGE('',*,*,#3074,.F.);
#3074 = EDGE_CURVE('',#3075,#3064,#3077,.T.);
#3075 = VERTEX_POINT('',#3076);
#3076 = CARTESIAN_POINT('',(44.65,68.5,10.699999952316));
#3077 = CIRCLE('',#3078,0.65);
#3078 = AXIS2_PLACEMENT_3D('',#3079,#3080,#3081);
#3079 = CARTESIAN_POINT('',(44.,68.5,10.699999952316));
#3080 = DIRECTION('',(0.,0.,-1.));
#3081 = DIRECTION('',(1.,0.,0.));
#3082 = ORIENTED_EDGE('',*,*,#3083,.F.);
#3083 = EDGE_CURVE('',#3066,#3075,#3084,.T.);
#3084 = CIRCLE('',#3085,0.65);
#3085 = AXIS2_PLACEMENT_3D('',#3086,#3087,#3088);
#3086 = CARTESIAN_POINT('',(44.,68.5,10.699999952316));
#3087 = DIRECTION('',(0.,0.,-1.));
#3088 = DIRECTION('',(1.,0.,0.));
#3089 = PLANE('',#3090);
#3090 = AXIS2_PLACEMENT_3D('',#3091,#3092,#3093);
#3091 = CARTESIAN_POINT('',(45.192205609263,68.499933097852,
    10.699999952316));
#3092 = DIRECTION('',(-0.,-0.,-1.));
#3093 = DIRECTION('',(-1.,0.,0.));
#3094 = ADVANCED_FACE('',(#3095),#3106,.F.);
#3095 = FACE_BOUND('',#3096,.F.);
#3096 = EDGE_LOOP('',(#3097,#3098,#3099,#3105));
#3097 = ORIENTED_EDGE('',*,*,#3034,.F.);
#3098 = ORIENTED_EDGE('',*,*,#1129,.T.);
#3099 = ORIENTED_EDGE('',*,*,#3100,.T.);
#3100 = EDGE_CURVE('',#1121,#2954,#3101,.T.);
#3101 = LINE('',#3102,#3103);
#3102 = CARTESIAN_POINT('',(43.,26.45,5.649999952316));
#3103 = VECTOR('',#3104,1.);
#3104 = DIRECTION('',(1.,0.,0.));
#3105 = ORIENTED_EDGE('',*,*,#2962,.F.);
#3106 = PLANE('',#3107);
#3107 = AXIS2_PLACEMENT_3D('',#3108,#3109,#3110);
#3108 = CARTESIAN_POINT('',(43.,26.45,4.249999952316));
#3109 = DIRECTION('',(0.,1.,0.));
#3110 = DIRECTION('',(1.,0.,0.));
#3111 = ADVANCED_FACE('',(#3112),#3118,.F.);
#3112 = FACE_BOUND('',#3113,.T.);
#3113 = EDGE_LOOP('',(#3114,#3115,#3116,#3117));
#3114 = ORIENTED_EDGE('',*,*,#1120,.T.);
#3115 = ORIENTED_EDGE('',*,*,#3100,.T.);
#3116 = ORIENTED_EDGE('',*,*,#2953,.F.);
#3117 = ORIENTED_EDGE('',*,*,#2001,.F.);
#3118 = CYLINDRICAL_SURFACE('',#3119,0.5);
#3119 = AXIS2_PLACEMENT_3D('',#3120,#3121,#3122);
#3120 = CARTESIAN_POINT('',(43.,25.95,5.649999952316));
#3121 = DIRECTION('',(-1.,-0.,-0.));
#3122 = DIRECTION('',(0.,1.,0.));
#3123 = ADVANCED_FACE('',(#3124),#3149,.T.);
#3124 = FACE_BOUND('',#3125,.T.);
#3125 = EDGE_LOOP('',(#3126,#3134,#3142,#3148));
#3126 = ORIENTED_EDGE('',*,*,#3127,.F.);
#3127 = EDGE_CURVE('',#3128,#1155,#3130,.T.);
#3128 = VERTEX_POINT('',#3129);
#3129 = CARTESIAN_POINT('',(47.647580015449,62.7,5.199999952316));
#3130 = LINE('',#3131,#3132);
#3131 = CARTESIAN_POINT('',(46.3,62.7,5.199999952316));
#3132 = VECTOR('',#3133,1.);
#3133 = DIRECTION('',(1.,0.,0.));
#3134 = ORIENTED_EDGE('',*,*,#3135,.T.);
#3135 = EDGE_CURVE('',#3128,#3136,#3138,.T.);
#3136 = VERTEX_POINT('',#3137);
#3137 = CARTESIAN_POINT('',(47.647580015449,62.7,6.199999952316));
#3138 = LINE('',#3139,#3140);
#3139 = CARTESIAN_POINT('',(47.647580015449,62.7,5.199999952316));
#3140 = VECTOR('',#3141,1.);
#3141 = DIRECTION('',(0.,0.,1.));
#3142 = ORIENTED_EDGE('',*,*,#3143,.T.);
#3143 = EDGE_CURVE('',#3136,#1157,#3144,.T.);
#3144 = LINE('',#3145,#3146);
#3145 = CARTESIAN_POINT('',(46.3,62.7,6.199999952316));
#3146 = VECTOR('',#3147,1.);
#3147 = DIRECTION('',(1.,0.,0.));
#3148 = ORIENTED_EDGE('',*,*,#1154,.F.);
#3149 = PLANE('',#3150);
#3150 = AXIS2_PLACEMENT_3D('',#3151,#3152,#3153);
#3151 = CARTESIAN_POINT('',(46.3,62.7,5.199999952316));
#3152 = DIRECTION('',(0.,1.,0.));
#3153 = DIRECTION('',(0.,0.,1.));
#3154 = ADVANCED_FACE('',(#3155),#3192,.T.);
#3155 = FACE_BOUND('',#3156,.T.);
#3156 = EDGE_LOOP('',(#3157,#3166,#3167,#3168,#3176,#3185));
#3157 = ORIENTED_EDGE('',*,*,#3158,.F.);
#3158 = EDGE_CURVE('',#3128,#3159,#3161,.T.);
#3159 = VERTEX_POINT('',#3160);
#3160 = CARTESIAN_POINT('',(45.933058428554,65.299627383664,
    5.199999952316));
#3161 = CIRCLE('',#3162,4.8);
#3162 = AXIS2_PLACEMENT_3D('',#3163,#3164,#3165);
#3163 = CARTESIAN_POINT('',(43.,61.5,5.199999952316));
#3164 = DIRECTION('',(0.,0.,1.));
#3165 = DIRECTION('',(1.,0.,0.));
#3166 = ORIENTED_EDGE('',*,*,#3127,.T.);
#3167 = ORIENTED_EDGE('',*,*,#1164,.F.);
#3168 = ORIENTED_EDGE('',*,*,#3169,.F.);
#3169 = EDGE_CURVE('',#3170,#1165,#3172,.T.);
#3170 = VERTEX_POINT('',#3171);
#3171 = CARTESIAN_POINT('',(47.647580015449,60.3,5.199999952316));
#3172 = LINE('',#3173,#3174);
#3173 = CARTESIAN_POINT('',(46.3,60.3,5.199999952316));
#3174 = VECTOR('',#3175,1.);
#3175 = DIRECTION('',(1.,0.,0.));
#3176 = ORIENTED_EDGE('',*,*,#3177,.F.);
#3177 = EDGE_CURVE('',#3178,#3170,#3180,.T.);
#3178 = VERTEX_POINT('',#3179);
#3179 = CARTESIAN_POINT('',(42.722773099341,66.291987609077,
    5.199999952316));
#3180 = CIRCLE('',#3181,4.8);
#3181 = AXIS2_PLACEMENT_3D('',#3182,#3183,#3184);
#3182 = CARTESIAN_POINT('',(43.,61.5,5.199999952316));
#3183 = DIRECTION('',(0.,0.,1.));
#3184 = DIRECTION('',(1.,0.,0.));
#3185 = ORIENTED_EDGE('',*,*,#3186,.T.);
#3186 = EDGE_CURVE('',#3178,#3159,#3187,.T.);
#3187 = CIRCLE('',#3188,2.1);
#3188 = AXIS2_PLACEMENT_3D('',#3189,#3190,#3191);
#3189 = CARTESIAN_POINT('',(44.7,66.9995,5.199999952316));
#3190 = DIRECTION('',(0.,0.,1.));
#3191 = DIRECTION('',(1.,0.,0.));
#3192 = PLANE('',#3193);
#3193 = AXIS2_PLACEMENT_3D('',#3194,#3195,#3196);
#3194 = CARTESIAN_POINT('',(43.817473359481,61.667183309359,
    5.199999952316));
#3195 = DIRECTION('',(-0.,-0.,-1.));
#3196 = DIRECTION('',(-1.,0.,0.));
#3197 = ADVANCED_FACE('',(#3198),#3226,.T.);
#3198 = FACE_BOUND('',#3199,.T.);
#3199 = EDGE_LOOP('',(#3200,#3201,#3210,#3219,#3225));
#3200 = ORIENTED_EDGE('',*,*,#3143,.F.);
#3201 = ORIENTED_EDGE('',*,*,#3202,.F.);
#3202 = EDGE_CURVE('',#3203,#3136,#3205,.T.);
#3203 = VERTEX_POINT('',#3204);
#3204 = CARTESIAN_POINT('',(47.8,61.5,6.199999952316));
#3205 = CIRCLE('',#3206,4.8);
#3206 = AXIS2_PLACEMENT_3D('',#3207,#3208,#3209);
#3207 = CARTESIAN_POINT('',(43.,61.5,6.199999952316));
#3208 = DIRECTION('',(0.,0.,1.));
#3209 = DIRECTION('',(1.,0.,0.));
#3210 = ORIENTED_EDGE('',*,*,#3211,.F.);
#3211 = EDGE_CURVE('',#3212,#3203,#3214,.T.);
#3212 = VERTEX_POINT('',#3213);
#3213 = CARTESIAN_POINT('',(47.647580015449,60.3,6.199999952316));
#3214 = CIRCLE('',#3215,4.8);
#3215 = AXIS2_PLACEMENT_3D('',#3216,#3217,#3218);
#3216 = CARTESIAN_POINT('',(43.,61.5,6.199999952316));
#3217 = DIRECTION('',(0.,0.,1.));
#3218 = DIRECTION('',(1.,0.,0.));
#3219 = ORIENTED_EDGE('',*,*,#3220,.T.);
#3220 = EDGE_CURVE('',#3212,#1173,#3221,.T.);
#3221 = LINE('',#3222,#3223);
#3222 = CARTESIAN_POINT('',(46.3,60.3,6.199999952316));
#3223 = VECTOR('',#3224,1.);
#3224 = DIRECTION('',(1.,0.,0.));
#3225 = ORIENTED_EDGE('',*,*,#1180,.F.);
#3226 = PLANE('',#3227);
#3227 = AXIS2_PLACEMENT_3D('',#3228,#3229,#3230);
#3228 = CARTESIAN_POINT('',(46.3,60.3,6.199999952316));
#3229 = DIRECTION('',(0.,0.,1.));
#3230 = DIRECTION('',(1.,0.,0.));
#3231 = ADVANCED_FACE('',(#3232),#3243,.F.);
#3232 = FACE_BOUND('',#3233,.F.);
#3233 = EDGE_LOOP('',(#3234,#3235,#3241,#3242));
#3234 = ORIENTED_EDGE('',*,*,#3169,.F.);
#3235 = ORIENTED_EDGE('',*,*,#3236,.T.);
#3236 = EDGE_CURVE('',#3170,#3212,#3237,.T.);
#3237 = LINE('',#3238,#3239);
#3238 = CARTESIAN_POINT('',(47.647580015449,60.3,5.749999952316));
#3239 = VECTOR('',#3240,1.);
#3240 = DIRECTION('',(0.,0.,1.));
#3241 = ORIENTED_EDGE('',*,*,#3220,.T.);
#3242 = ORIENTED_EDGE('',*,*,#1172,.F.);
#3243 = PLANE('',#3244);
#3244 = AXIS2_PLACEMENT_3D('',#3245,#3246,#3247);
#3245 = CARTESIAN_POINT('',(46.3,60.3,5.199999952316));
#3246 = DIRECTION('',(0.,1.,0.));
#3247 = DIRECTION('',(0.,0.,1.));
#3248 = ADVANCED_FACE('',(#3249),#3274,.T.);
#3249 = FACE_BOUND('',#3250,.T.);
#3250 = EDGE_LOOP('',(#3251,#3259,#3267,#3273));
#3251 = ORIENTED_EDGE('',*,*,#3252,.F.);
#3252 = EDGE_CURVE('',#3253,#1189,#3255,.T.);
#3253 = VERTEX_POINT('',#3254);
#3254 = CARTESIAN_POINT('',(45.8,58.15,9.099999952316));
#3255 = LINE('',#3256,#3257);
#3256 = CARTESIAN_POINT('',(45.8,58.15,9.099999952316));
#3257 = VECTOR('',#3258,1.);
#3258 = DIRECTION('',(1.,0.,0.));
#3259 = ORIENTED_EDGE('',*,*,#3260,.T.);
#3260 = EDGE_CURVE('',#3253,#3261,#3263,.T.);
#3261 = VERTEX_POINT('',#3262);
#3262 = CARTESIAN_POINT('',(45.8,58.15,9.699999952316));
#3263 = LINE('',#3264,#3265);
#3264 = CARTESIAN_POINT('',(45.8,58.15,9.099999952316));
#3265 = VECTOR('',#3266,1.);
#3266 = DIRECTION('',(0.,0.,1.));
#3267 = ORIENTED_EDGE('',*,*,#3268,.T.);
#3268 = EDGE_CURVE('',#3261,#1191,#3269,.T.);
#3269 = LINE('',#3270,#3271);
#3270 = CARTESIAN_POINT('',(45.8,58.15,9.699999952316));
#3271 = VECTOR('',#3272,1.);
#3272 = DIRECTION('',(1.,0.,0.));
#3273 = ORIENTED_EDGE('',*,*,#1188,.F.);
#3274 = PLANE('',#3275);
#3275 = AXIS2_PLACEMENT_3D('',#3276,#3277,#3278);
#3276 = CARTESIAN_POINT('',(45.8,58.15,9.099999952316));
#3277 = DIRECTION('',(0.,1.,0.));
#3278 = DIRECTION('',(0.,0.,1.));
#3279 = ADVANCED_FACE('',(#3280),#3298,.T.);
#3280 = FACE_BOUND('',#3281,.T.);
#3281 = EDGE_LOOP('',(#3282,#3283,#3291,#3297));
#3282 = ORIENTED_EDGE('',*,*,#3268,.F.);
#3283 = ORIENTED_EDGE('',*,*,#3284,.F.);
#3284 = EDGE_CURVE('',#3285,#3261,#3287,.T.);
#3285 = VERTEX_POINT('',#3286);
#3286 = CARTESIAN_POINT('',(45.8,56.95,9.699999952316));
#3287 = LINE('',#3288,#3289);
#3288 = CARTESIAN_POINT('',(45.8,56.95,9.699999952316));
#3289 = VECTOR('',#3290,1.);
#3290 = DIRECTION('',(0.,1.,0.));
#3291 = ORIENTED_EDGE('',*,*,#3292,.T.);
#3292 = EDGE_CURVE('',#3285,#1275,#3293,.T.);
#3293 = LINE('',#3294,#3295);
#3294 = CARTESIAN_POINT('',(45.8,56.95,9.699999952316));
#3295 = VECTOR('',#3296,1.);
#3296 = DIRECTION('',(1.,0.,0.));
#3297 = ORIENTED_EDGE('',*,*,#1282,.F.);
#3298 = PLANE('',#3299);
#3299 = AXIS2_PLACEMENT_3D('',#3300,#3301,#3302);
#3300 = CARTESIAN_POINT('',(45.8,56.95,9.699999952316));
#3301 = DIRECTION('',(0.,0.,1.));
#3302 = DIRECTION('',(1.,0.,0.));
#3303 = ADVANCED_FACE('',(#3304),#3338,.F.);
#3304 = FACE_BOUND('',#3305,.F.);
#3305 = EDGE_LOOP('',(#3306,#3316,#3322,#3323,#3324,#3332));
#3306 = ORIENTED_EDGE('',*,*,#3307,.F.);
#3307 = EDGE_CURVE('',#3308,#3310,#3312,.T.);
#3308 = VERTEX_POINT('',#3309);
#3309 = CARTESIAN_POINT('',(45.8,56.95,9.099999952316));
#3310 = VERTEX_POINT('',#3311);
#3311 = CARTESIAN_POINT('',(48.7,56.95,9.099999952316));
#3312 = LINE('',#3313,#3314);
#3313 = CARTESIAN_POINT('',(45.8,56.95,9.099999952316));
#3314 = VECTOR('',#3315,1.);
#3315 = DIRECTION('',(1.,0.,0.));
#3316 = ORIENTED_EDGE('',*,*,#3317,.T.);
#3317 = EDGE_CURVE('',#3308,#3285,#3318,.T.);
#3318 = LINE('',#3319,#3320);
#3319 = CARTESIAN_POINT('',(45.8,56.95,9.099999952316));
#3320 = VECTOR('',#3321,1.);
#3321 = DIRECTION('',(0.,0.,1.));
#3322 = ORIENTED_EDGE('',*,*,#3292,.T.);
#3323 = ORIENTED_EDGE('',*,*,#1274,.F.);
#3324 = ORIENTED_EDGE('',*,*,#3325,.F.);
#3325 = EDGE_CURVE('',#3326,#1266,#3328,.T.);
#3326 = VERTEX_POINT('',#3327);
#3327 = CARTESIAN_POINT('',(48.7,56.95,9.689791528482));
#3328 = LINE('',#3329,#3330);
#3329 = CARTESIAN_POINT('',(48.7,56.95,9.689791528482));
#3330 = VECTOR('',#3331,1.);
#3331 = DIRECTION('',(1.,0.,0.));
#3332 = ORIENTED_EDGE('',*,*,#3333,.T.);
#3333 = EDGE_CURVE('',#3326,#3310,#3334,.T.);
#3334 = LINE('',#3335,#3336);
#3335 = CARTESIAN_POINT('',(48.7,56.95,4.599999952316));
#3336 = VECTOR('',#3337,1.);
#3337 = DIRECTION('',(0.,0.,-1.));
#3338 = PLANE('',#3339);
#3339 = AXIS2_PLACEMENT_3D('',#3340,#3341,#3342);
#3340 = CARTESIAN_POINT('',(45.8,56.95,9.099999952316));
#3341 = DIRECTION('',(0.,1.,0.));
#3342 = DIRECTION('',(0.,0.,1.));
#3343 = ADVANCED_FACE('',(#3344),#3380,.F.);
#3344 = FACE_BOUND('',#3345,.F.);
#3345 = EDGE_LOOP('',(#3346,#3356,#3363,#3364,#3365,#3373));
#3346 = ORIENTED_EDGE('',*,*,#3347,.F.);
#3347 = EDGE_CURVE('',#3348,#3350,#3352,.T.);
#3348 = VERTEX_POINT('',#3349);
#3349 = CARTESIAN_POINT('',(48.7,57.,9.449999952316));
#3350 = VERTEX_POINT('',#3351);
#3351 = CARTESIAN_POINT('',(49.,57.,9.449999952316));
#3352 = LINE('',#3353,#3354);
#3353 = CARTESIAN_POINT('',(48.7,57.,9.449999952316));
#3354 = VECTOR('',#3355,1.);
#3355 = DIRECTION('',(1.,0.,0.));
#3356 = ORIENTED_EDGE('',*,*,#3357,.T.);
#3357 = EDGE_CURVE('',#3348,#3326,#3358,.T.);
#3358 = CIRCLE('',#3359,0.6);
#3359 = AXIS2_PLACEMENT_3D('',#3360,#3361,#3362);
#3360 = CARTESIAN_POINT('',(48.7,56.4,9.449999952316));
#3361 = DIRECTION('',(1.,0.,-0.));
#3362 = DIRECTION('',(0.,0.,1.));
#3363 = ORIENTED_EDGE('',*,*,#3325,.T.);
#3364 = ORIENTED_EDGE('',*,*,#1265,.T.);
#3365 = ORIENTED_EDGE('',*,*,#3366,.T.);
#3366 = EDGE_CURVE('',#1258,#3367,#3369,.T.);
#3367 = VERTEX_POINT('',#3368);
#3368 = CARTESIAN_POINT('',(49.,56.4,10.049999952316));
#3369 = LINE('',#3370,#3371);
#3370 = CARTESIAN_POINT('',(48.7,56.4,10.049999952316));
#3371 = VECTOR('',#3372,1.);
#3372 = DIRECTION('',(1.,0.,0.));
#3373 = ORIENTED_EDGE('',*,*,#3374,.F.);
#3374 = EDGE_CURVE('',#3350,#3367,#3375,.T.);
#3375 = CIRCLE('',#3376,0.6);
#3376 = AXIS2_PLACEMENT_3D('',#3377,#3378,#3379);
#3377 = CARTESIAN_POINT('',(49.,56.4,9.449999952316));
#3378 = DIRECTION('',(1.,0.,-0.));
#3379 = DIRECTION('',(0.,0.,1.));
#3380 = CYLINDRICAL_SURFACE('',#3381,0.6);
#3381 = AXIS2_PLACEMENT_3D('',#3382,#3383,#3384);
#3382 = CARTESIAN_POINT('',(48.7,56.4,9.449999952316));
#3383 = DIRECTION('',(1.,0.,0.));
#3384 = DIRECTION('',(0.,1.,0.));
#3385 = ADVANCED_FACE('',(#3386),#3404,.F.);
#3386 = FACE_BOUND('',#3387,.F.);
#3387 = EDGE_LOOP('',(#3388,#3389,#3397,#3403));
#3388 = ORIENTED_EDGE('',*,*,#1257,.T.);
#3389 = ORIENTED_EDGE('',*,*,#3390,.T.);
#3390 = EDGE_CURVE('',#1249,#3391,#3393,.T.);
#3391 = VERTEX_POINT('',#3392);
#3392 = CARTESIAN_POINT('',(49.,50.,10.049999952316));
#3393 = LINE('',#3394,#3395);
#3394 = CARTESIAN_POINT('',(48.7,50.,10.049999952316));
#3395 = VECTOR('',#3396,1.);
#3396 = DIRECTION('',(1.,0.,0.));
#3397 = ORIENTED_EDGE('',*,*,#3398,.T.);
#3398 = EDGE_CURVE('',#3391,#3367,#3399,.T.);
#3399 = LINE('',#3400,#3401);
#3400 = CARTESIAN_POINT('',(49.,49.4,10.049999952316));
#3401 = VECTOR('',#3402,1.);
#3402 = DIRECTION('',(0.,1.,0.));
#3403 = ORIENTED_EDGE('',*,*,#3366,.F.);
#3404 = PLANE('',#3405);
#3405 = AXIS2_PLACEMENT_3D('',#3406,#3407,#3408);
#3406 = CARTESIAN_POINT('',(48.7,49.4,10.049999952316));
#3407 = DIRECTION('',(0.,0.,1.));
#3408 = DIRECTION('',(1.,0.,0.));
#3409 = ADVANCED_FACE('',(#3410),#3429,.F.);
#3410 = FACE_BOUND('',#3411,.T.);
#3411 = EDGE_LOOP('',(#3412,#3420,#3421,#3422));
#3412 = ORIENTED_EDGE('',*,*,#3413,.F.);
#3413 = EDGE_CURVE('',#1241,#3414,#3416,.T.);
#3414 = VERTEX_POINT('',#3415);
#3415 = CARTESIAN_POINT('',(49.,49.4,9.449999952316));
#3416 = LINE('',#3417,#3418);
#3417 = CARTESIAN_POINT('',(48.7,49.4,9.449999952316));
#3418 = VECTOR('',#3419,1.);
#3419 = DIRECTION('',(1.,0.,0.));
#3420 = ORIENTED_EDGE('',*,*,#1248,.F.);
#3421 = ORIENTED_EDGE('',*,*,#3390,.T.);
#3422 = ORIENTED_EDGE('',*,*,#3423,.F.);
#3423 = EDGE_CURVE('',#3414,#3391,#3424,.T.);
#3424 = CIRCLE('',#3425,0.6);
#3425 = AXIS2_PLACEMENT_3D('',#3426,#3427,#3428);
#3426 = CARTESIAN_POINT('',(49.,50.,9.449999952316));
#3427 = DIRECTION('',(-1.,0.,0.));
#3428 = DIRECTION('',(0.,0.,1.));
#3429 = CYLINDRICAL_SURFACE('',#3430,0.6);
#3430 = AXIS2_PLACEMENT_3D('',#3431,#3432,#3433);
#3431 = CARTESIAN_POINT('',(48.7,50.,9.449999952316));
#3432 = DIRECTION('',(1.,0.,0.));
#3433 = DIRECTION('',(0.,-1.,0.));
#3434 = ADVANCED_FACE('',(#3435),#3453,.T.);
#3435 = FACE_BOUND('',#3436,.T.);
#3436 = EDGE_LOOP('',(#3437,#3445,#3451,#3452));
#3437 = ORIENTED_EDGE('',*,*,#3438,.F.);
#3438 = EDGE_CURVE('',#3439,#3414,#3441,.T.);
#3439 = VERTEX_POINT('',#3440);
#3440 = CARTESIAN_POINT('',(49.,49.4,0.699999952316));
#3441 = LINE('',#3442,#3443);
#3442 = CARTESIAN_POINT('',(49.,49.4,9.999995231628E-02));
#3443 = VECTOR('',#3444,1.);
#3444 = DIRECTION('',(0.,0.,1.));
#3445 = ORIENTED_EDGE('',*,*,#3446,.F.);
#3446 = EDGE_CURVE('',#1232,#3439,#3447,.T.);
#3447 = LINE('',#3448,#3449);
#3448 = CARTESIAN_POINT('',(48.7,49.4,0.699999952316));
#3449 = VECTOR('',#3450,1.);
#3450 = DIRECTION('',(1.,0.,0.));
#3451 = ORIENTED_EDGE('',*,*,#1240,.T.);
#3452 = ORIENTED_EDGE('',*,*,#3413,.T.);
#3453 = PLANE('',#3454);
#3454 = AXIS2_PLACEMENT_3D('',#3455,#3456,#3457);
#3455 = CARTESIAN_POINT('',(48.7,49.4,9.999995231628E-02));
#3456 = DIRECTION('',(0.,1.,0.));
#3457 = DIRECTION('',(0.,0.,1.));
#3458 = ADVANCED_FACE('',(#3459),#3478,.F.);
#3459 = FACE_BOUND('',#3460,.F.);
#3460 = EDGE_LOOP('',(#3461,#3462,#3463,#3471));
#3461 = ORIENTED_EDGE('',*,*,#3446,.F.);
#3462 = ORIENTED_EDGE('',*,*,#1231,.T.);
#3463 = ORIENTED_EDGE('',*,*,#3464,.T.);
#3464 = EDGE_CURVE('',#1224,#3465,#3467,.T.);
#3465 = VERTEX_POINT('',#3466);
#3466 = CARTESIAN_POINT('',(49.,50.,9.999995231628E-02));
#3467 = LINE('',#3468,#3469);
#3468 = CARTESIAN_POINT('',(48.7,50.,9.999995231628E-02));
#3469 = VECTOR('',#3470,1.);
#3470 = DIRECTION('',(1.,0.,0.));
#3471 = ORIENTED_EDGE('',*,*,#3472,.F.);
#3472 = EDGE_CURVE('',#3439,#3465,#3473,.T.);
#3473 = CIRCLE('',#3474,0.6);
#3474 = AXIS2_PLACEMENT_3D('',#3475,#3476,#3477);
#3475 = CARTESIAN_POINT('',(49.,50.,0.699999952316));
#3476 = DIRECTION('',(1.,0.,-0.));
#3477 = DIRECTION('',(0.,0.,1.));
#3478 = CYLINDRICAL_SURFACE('',#3479,0.6);
#3479 = AXIS2_PLACEMENT_3D('',#3480,#3481,#3482);
#3480 = CARTESIAN_POINT('',(48.7,50.,0.699999952316));
#3481 = DIRECTION('',(1.,0.,0.));
#3482 = DIRECTION('',(0.,-1.,0.));
#3483 = ADVANCED_FACE('',(#3484),#3502,.T.);
#3484 = FACE_BOUND('',#3485,.T.);
#3485 = EDGE_LOOP('',(#3486,#3487,#3488,#3496));
#3486 = ORIENTED_EDGE('',*,*,#1223,.T.);
#3487 = ORIENTED_EDGE('',*,*,#3464,.T.);
#3488 = ORIENTED_EDGE('',*,*,#3489,.T.);
#3489 = EDGE_CURVE('',#3465,#3490,#3492,.T.);
#3490 = VERTEX_POINT('',#3491);
#3491 = CARTESIAN_POINT('',(49.,56.4,9.999995231628E-02));
#3492 = LINE('',#3493,#3494);
#3493 = CARTESIAN_POINT('',(49.,49.4,9.999995231628E-02));
#3494 = VECTOR('',#3495,1.);
#3495 = DIRECTION('',(0.,1.,0.));
#3496 = ORIENTED_EDGE('',*,*,#3497,.F.);
#3497 = EDGE_CURVE('',#1215,#3490,#3498,.T.);
#3498 = LINE('',#3499,#3500);
#3499 = CARTESIAN_POINT('',(48.7,56.4,9.999995231628E-02));
#3500 = VECTOR('',#3501,1.);
#3501 = DIRECTION('',(1.,0.,0.));
#3502 = PLANE('',#3503);
#3503 = AXIS2_PLACEMENT_3D('',#3504,#3505,#3506);
#3504 = CARTESIAN_POINT('',(48.7,49.4,9.999995231628E-02));
#3505 = DIRECTION('',(0.,0.,1.));
#3506 = DIRECTION('',(1.,0.,0.));
#3507 = ADVANCED_FACE('',(#3508),#3527,.F.);
#3508 = FACE_BOUND('',#3509,.T.);
#3509 = EDGE_LOOP('',(#3510,#3518,#3519,#3520));
#3510 = ORIENTED_EDGE('',*,*,#3511,.F.);
#3511 = EDGE_CURVE('',#1207,#3512,#3514,.T.);
#3512 = VERTEX_POINT('',#3513);
#3513 = CARTESIAN_POINT('',(49.,57.,0.699999952316));
#3514 = LINE('',#3515,#3516);
#3515 = CARTESIAN_POINT('',(48.7,57.,0.699999952316));
#3516 = VECTOR('',#3517,1.);
#3517 = DIRECTION('',(1.,0.,0.));
#3518 = ORIENTED_EDGE('',*,*,#1214,.F.);
#3519 = ORIENTED_EDGE('',*,*,#3497,.T.);
#3520 = ORIENTED_EDGE('',*,*,#3521,.F.);
#3521 = EDGE_CURVE('',#3512,#3490,#3522,.T.);
#3522 = CIRCLE('',#3523,0.6);
#3523 = AXIS2_PLACEMENT_3D('',#3524,#3525,#3526);
#3524 = CARTESIAN_POINT('',(49.,56.4,0.699999952316));
#3525 = DIRECTION('',(-1.,0.,0.));
#3526 = DIRECTION('',(0.,0.,1.));
#3527 = CYLINDRICAL_SURFACE('',#3528,0.6);
#3528 = AXIS2_PLACEMENT_3D('',#3529,#3530,#3531);
#3529 = CARTESIAN_POINT('',(48.7,56.4,0.699999952316));
#3530 = DIRECTION('',(1.,0.,0.));
#3531 = DIRECTION('',(0.,1.,0.));
#3532 = ADVANCED_FACE('',(#3533),#3558,.F.);
#3533 = FACE_BOUND('',#3534,.F.);
#3534 = EDGE_LOOP('',(#3535,#3541,#3542,#3543,#3551,#3557));
#3535 = ORIENTED_EDGE('',*,*,#3536,.F.);
#3536 = EDGE_CURVE('',#3512,#3350,#3537,.T.);
#3537 = LINE('',#3538,#3539);
#3538 = CARTESIAN_POINT('',(49.,57.,9.999995231628E-02));
#3539 = VECTOR('',#3540,1.);
#3540 = DIRECTION('',(0.,0.,1.));
#3541 = ORIENTED_EDGE('',*,*,#3511,.F.);
#3542 = ORIENTED_EDGE('',*,*,#1206,.T.);
#3543 = ORIENTED_EDGE('',*,*,#3544,.T.);
#3544 = EDGE_CURVE('',#1199,#3545,#3547,.T.);
#3545 = VERTEX_POINT('',#3546);
#3546 = CARTESIAN_POINT('',(48.7,57.,9.099999952316));
#3547 = LINE('',#3548,#3549);
#3548 = CARTESIAN_POINT('',(47.25,57.,9.099999952316));
#3549 = VECTOR('',#3550,1.);
#3550 = DIRECTION('',(-1.,0.,0.));
#3551 = ORIENTED_EDGE('',*,*,#3552,.T.);
#3552 = EDGE_CURVE('',#3545,#3348,#3553,.T.);
#3553 = LINE('',#3554,#3555);
#3554 = CARTESIAN_POINT('',(48.7,57.,9.999995231628E-02));
#3555 = VECTOR('',#3556,1.);
#3556 = DIRECTION('',(0.,0.,1.));
#3557 = ORIENTED_EDGE('',*,*,#3347,.T.);
#3558 = PLANE('',#3559);
#3559 = AXIS2_PLACEMENT_3D('',#3560,#3561,#3562);
#3560 = CARTESIAN_POINT('',(48.7,57.,9.999995231628E-02));
#3561 = DIRECTION('',(0.,1.,0.));
#3562 = DIRECTION('',(0.,0.,1.));
#3563 = ADVANCED_FACE('',(#3564),#3582,.F.);
#3564 = FACE_BOUND('',#3565,.F.);
#3565 = EDGE_LOOP('',(#3566,#3567,#3573,#3574,#3580,#3581));
#3566 = ORIENTED_EDGE('',*,*,#3252,.F.);
#3567 = ORIENTED_EDGE('',*,*,#3568,.F.);
#3568 = EDGE_CURVE('',#3308,#3253,#3569,.T.);
#3569 = LINE('',#3570,#3571);
#3570 = CARTESIAN_POINT('',(45.8,56.95,9.099999952316));
#3571 = VECTOR('',#3572,1.);
#3572 = DIRECTION('',(0.,1.,0.));
#3573 = ORIENTED_EDGE('',*,*,#3307,.T.);
#3574 = ORIENTED_EDGE('',*,*,#3575,.T.);
#3575 = EDGE_CURVE('',#3310,#3545,#3576,.T.);
#3576 = LINE('',#3577,#3578);
#3577 = CARTESIAN_POINT('',(48.7,53.175,9.099999952316));
#3578 = VECTOR('',#3579,1.);
#3579 = DIRECTION('',(0.,1.,0.));
#3580 = ORIENTED_EDGE('',*,*,#3544,.F.);
#3581 = ORIENTED_EDGE('',*,*,#1198,.F.);
#3582 = PLANE('',#3583);
#3583 = AXIS2_PLACEMENT_3D('',#3584,#3585,#3586);
#3584 = CARTESIAN_POINT('',(45.8,56.95,9.099999952316));
#3585 = DIRECTION('',(0.,0.,1.));
#3586 = DIRECTION('',(1.,0.,0.));
#3587 = ADVANCED_FACE('',(#3588),#3603,.F.);
#3588 = FACE_BOUND('',#3589,.T.);
#3589 = EDGE_LOOP('',(#3590,#3591,#3597,#3598,#3599,#3600,#3601,#3602));
#3590 = ORIENTED_EDGE('',*,*,#2874,.F.);
#3591 = ORIENTED_EDGE('',*,*,#3592,.T.);
#3592 = EDGE_CURVE('',#2875,#1341,#3593,.T.);
#3593 = LINE('',#3594,#3595);
#3594 = CARTESIAN_POINT('',(40.035,82.5,6.699999952316));
#3595 = VECTOR('',#3596,1.);
#3596 = DIRECTION('',(0.,-1.,0.));
#3597 = ORIENTED_EDGE('',*,*,#1340,.T.);
#3598 = ORIENTED_EDGE('',*,*,#1462,.F.);
#3599 = ORIENTED_EDGE('',*,*,#1365,.T.);
#3600 = ORIENTED_EDGE('',*,*,#3592,.F.);
#3601 = ORIENTED_EDGE('',*,*,#2899,.F.);
#3602 = ORIENTED_EDGE('',*,*,#2841,.T.);
#3603 = CYLINDRICAL_SURFACE('',#3604,3.6);
#3604 = AXIS2_PLACEMENT_3D('',#3605,#3606,#3607);
#3605 = CARTESIAN_POINT('',(36.435,82.5,6.699999952316));
#3606 = DIRECTION('',(-0.,1.,-0.));
#3607 = DIRECTION('',(1.,0.,0.));
#3608 = ADVANCED_FACE('',(#3609),#3638,.F.);
#3609 = FACE_BOUND('',#3610,.F.);
#3610 = EDGE_LOOP('',(#3611,#3612,#3613,#3614,#3620,#3621,#3622,#3623,
    #3631));
#3611 = ORIENTED_EDGE('',*,*,#2210,.F.);
#3612 = ORIENTED_EDGE('',*,*,#2275,.F.);
#3613 = ORIENTED_EDGE('',*,*,#2292,.F.);
#3614 = ORIENTED_EDGE('',*,*,#3615,.F.);
#3615 = EDGE_CURVE('',#1316,#2293,#3616,.T.);
#3616 = LINE('',#3617,#3618);
#3617 = CARTESIAN_POINT('',(34.5,69.2,11.099999952316));
#3618 = VECTOR('',#3619,1.);
#3619 = DIRECTION('',(-1.,0.,0.));
#3620 = ORIENTED_EDGE('',*,*,#1323,.T.);
#3621 = ORIENTED_EDGE('',*,*,#1455,.F.);
#3622 = ORIENTED_EDGE('',*,*,#1597,.T.);
#3623 = ORIENTED_EDGE('',*,*,#3624,.F.);
#3624 = EDGE_CURVE('',#3625,#1598,#3627,.T.);
#3625 = VERTEX_POINT('',#3626);
#3626 = CARTESIAN_POINT('',(3.185750544106,69.2,11.099999952316));
#3627 = LINE('',#3628,#3629);
#3628 = CARTESIAN_POINT('',(13.05,69.2,11.099999952316));
#3629 = VECTOR('',#3630,1.);
#3630 = DIRECTION('',(-1.,0.,0.));
#3631 = ORIENTED_EDGE('',*,*,#3632,.F.);
#3632 = EDGE_CURVE('',#2203,#3625,#3633,.T.);
#3633 = CIRCLE('',#3634,2.9);
#3634 = AXIS2_PLACEMENT_3D('',#3635,#3636,#3637);
#3635 = CARTESIAN_POINT('',(6.,68.5,11.099999952316));
#3636 = DIRECTION('',(0.,0.,1.));
#3637 = DIRECTION('',(1.,0.,0.));
#3638 = PLANE('',#3639);
#3639 = AXIS2_PLACEMENT_3D('',#3640,#3641,#3642);
#3640 = CARTESIAN_POINT('',(25.,40.75,11.099999952316));
#3641 = DIRECTION('',(0.,0.,1.));
#3642 = DIRECTION('',(1.,0.,0.));
#3643 = ADVANCED_FACE('',(#3644),#3650,.T.);
#3644 = FACE_BOUND('',#3645,.T.);
#3645 = EDGE_LOOP('',(#3646,#3647,#3648,#3649));
#3646 = ORIENTED_EDGE('',*,*,#3051,.F.);
#3647 = ORIENTED_EDGE('',*,*,#2301,.T.);
#3648 = ORIENTED_EDGE('',*,*,#3615,.F.);
#3649 = ORIENTED_EDGE('',*,*,#1315,.T.);
#3650 = PLANE('',#3651);
#3651 = AXIS2_PLACEMENT_3D('',#3652,#3653,#3654);
#3652 = CARTESIAN_POINT('',(44.,69.2,10.699999952316));
#3653 = DIRECTION('',(0.,1.,0.));
#3654 = DIRECTION('',(0.,0.,1.));
#3655 = ADVANCED_FACE('',(#3656),#3661,.T.);
#3656 = FACE_BOUND('',#3657,.T.);
#3657 = EDGE_LOOP('',(#3658,#3659,#3660));
#3658 = ORIENTED_EDGE('',*,*,#1505,.T.);
#3659 = ORIENTED_EDGE('',*,*,#1514,.T.);
#3660 = ORIENTED_EDGE('',*,*,#1479,.F.);
#3661 = PLANE('',#3662);
#3662 = AXIS2_PLACEMENT_3D('',#3663,#3664,#3665);
#3663 = CARTESIAN_POINT('',(25.,78.5,9.399999952316));
#3664 = DIRECTION('',(0.,0.,1.));
#3665 = DIRECTION('',(1.,0.,0.));
#3666 = ADVANCED_FACE('',(#3667),#3685,.F.);
#3667 = FACE_BOUND('',#3668,.F.);
#3668 = EDGE_LOOP('',(#3669,#3670,#3676,#3677,#3678,#3684));
#3669 = ORIENTED_EDGE('',*,*,#2742,.F.);
#3670 = ORIENTED_EDGE('',*,*,#3671,.T.);
#3671 = EDGE_CURVE('',#2729,#1576,#3672,.T.);
#3672 = LINE('',#3673,#3674);
#3673 = CARTESIAN_POINT('',(8.551,82.5,8.349999952316));
#3674 = VECTOR('',#3675,1.);
#3675 = DIRECTION('',(0.,-1.,0.));
#3676 = ORIENTED_EDGE('',*,*,#1589,.T.);
#3677 = ORIENTED_EDGE('',*,*,#1439,.T.);
#3678 = ORIENTED_EDGE('',*,*,#3679,.F.);
#3679 = EDGE_CURVE('',#2810,#1431,#3680,.T.);
#3680 = LINE('',#3681,#3682);
#3681 = CARTESIAN_POINT('',(18.551,82.5,8.349999952316));
#3682 = VECTOR('',#3683,1.);
#3683 = DIRECTION('',(0.,-1.,0.));
#3684 = ORIENTED_EDGE('',*,*,#2818,.F.);
#3685 = PLANE('',#3686);
#3686 = AXIS2_PLACEMENT_3D('',#3687,#3688,#3689);
#3687 = CARTESIAN_POINT('',(8.551,82.5,8.349999952316));
#3688 = DIRECTION('',(0.,0.,1.));
#3689 = DIRECTION('',(0.,-1.,0.));
#3690 = ADVANCED_FACE('',(#3691),#3702,.F.);
#3691 = FACE_BOUND('',#3692,.T.);
#3692 = EDGE_LOOP('',(#3693,#3694,#3700,#3701));
#3693 = ORIENTED_EDGE('',*,*,#2809,.T.);
#3694 = ORIENTED_EDGE('',*,*,#3695,.T.);
#3695 = EDGE_CURVE('',#2802,#1423,#3696,.T.);
#3696 = LINE('',#3697,#3698);
#3697 = CARTESIAN_POINT('',(19.551,82.5,7.349999952316));
#3698 = VECTOR('',#3699,1.);
#3699 = DIRECTION('',(0.,-1.,0.));
#3700 = ORIENTED_EDGE('',*,*,#1430,.F.);
#3701 = ORIENTED_EDGE('',*,*,#3679,.F.);
#3702 = CYLINDRICAL_SURFACE('',#3703,1.);
#3703 = AXIS2_PLACEMENT_3D('',#3704,#3705,#3706);
#3704 = CARTESIAN_POINT('',(18.551,82.5,7.349999952316));
#3705 = DIRECTION('',(-0.,1.,-0.));
#3706 = DIRECTION('',(1.,0.,0.));
#3707 = ADVANCED_FACE('',(#3708),#3719,.F.);
#3708 = FACE_BOUND('',#3709,.F.);
#3709 = EDGE_LOOP('',(#3710,#3716,#3717,#3718));
#3710 = ORIENTED_EDGE('',*,*,#3711,.F.);
#3711 = EDGE_CURVE('',#2793,#1414,#3712,.T.);
#3712 = LINE('',#3713,#3714);
#3713 = CARTESIAN_POINT('',(19.551,82.5,3.849999952316));
#3714 = VECTOR('',#3715,1.);
#3715 = DIRECTION('',(0.,-1.,0.));
#3716 = ORIENTED_EDGE('',*,*,#2801,.F.);
#3717 = ORIENTED_EDGE('',*,*,#3695,.T.);
#3718 = ORIENTED_EDGE('',*,*,#1422,.T.);
#3719 = PLANE('',#3720);
#3720 = AXIS2_PLACEMENT_3D('',#3721,#3722,#3723);
#3721 = CARTESIAN_POINT('',(19.551,82.5,3.849999952316));
#3722 = DIRECTION('',(1.,0.,0.));
#3723 = DIRECTION('',(0.,-1.,0.));
#3724 = ADVANCED_FACE('',(#3725),#3736,.F.);
#3725 = FACE_BOUND('',#3726,.T.);
#3726 = EDGE_LOOP('',(#3727,#3728,#3729,#3735));
#3727 = ORIENTED_EDGE('',*,*,#3711,.F.);
#3728 = ORIENTED_EDGE('',*,*,#2792,.T.);
#3729 = ORIENTED_EDGE('',*,*,#3730,.T.);
#3730 = EDGE_CURVE('',#2785,#1406,#3731,.T.);
#3731 = LINE('',#3732,#3733);
#3732 = CARTESIAN_POINT('',(18.551,82.5,2.849999952316));
#3733 = VECTOR('',#3734,1.);
#3734 = DIRECTION('',(0.,-1.,0.));
#3735 = ORIENTED_EDGE('',*,*,#1413,.F.);
#3736 = CYLINDRICAL_SURFACE('',#3737,1.);
#3737 = AXIS2_PLACEMENT_3D('',#3738,#3739,#3740);
#3738 = CARTESIAN_POINT('',(18.551,82.5,3.849999952316));
#3739 = DIRECTION('',(-0.,1.,-0.));
#3740 = DIRECTION('',(1.,0.,0.));
#3741 = ADVANCED_FACE('',(#3742),#3755,.T.);
#3742 = FACE_BOUND('',#3743,.T.);
#3743 = EDGE_LOOP('',(#3744,#3745,#3751,#3752,#3753,#3754));
#3744 = ORIENTED_EDGE('',*,*,#2692,.F.);
#3745 = ORIENTED_EDGE('',*,*,#3746,.T.);
#3746 = EDGE_CURVE('',#2693,#1540,#3747,.T.);
#3747 = LINE('',#3748,#3749);
#3748 = CARTESIAN_POINT('',(8.551,82.5,2.849999952316));
#3749 = VECTOR('',#3750,1.);
#3750 = DIRECTION('',(0.,-1.,0.));
#3751 = ORIENTED_EDGE('',*,*,#1539,.T.);
#3752 = ORIENTED_EDGE('',*,*,#1405,.T.);
#3753 = ORIENTED_EDGE('',*,*,#3730,.F.);
#3754 = ORIENTED_EDGE('',*,*,#2784,.F.);
#3755 = PLANE('',#3756);
#3756 = AXIS2_PLACEMENT_3D('',#3757,#3758,#3759);
#3757 = CARTESIAN_POINT('',(8.551,82.5,2.849999952316));
#3758 = DIRECTION('',(0.,0.,1.));
#3759 = DIRECTION('',(0.,-1.,0.));
#3760 = ADVANCED_FACE('',(#3761,#3782),#3811,.T.);
#3761 = FACE_BOUND('',#3762,.T.);
#3762 = EDGE_LOOP('',(#3763,#3771,#3778,#3779,#3780,#3781));
#3763 = ORIENTED_EDGE('',*,*,#3764,.T.);
#3764 = EDGE_CURVE('',#1607,#3765,#3767,.T.);
#3765 = VERTEX_POINT('',#3766);
#3766 = CARTESIAN_POINT('',(3.6,69.2,10.699999952316));
#3767 = LINE('',#3768,#3769);
#3768 = CARTESIAN_POINT('',(1.1,69.2,10.699999952316));
#3769 = VECTOR('',#3770,1.);
#3770 = DIRECTION('',(1.,0.,0.));
#3771 = ORIENTED_EDGE('',*,*,#3772,.F.);
#3772 = EDGE_CURVE('',#2194,#3765,#3773,.T.);
#3773 = CIRCLE('',#3774,2.5);
#3774 = AXIS2_PLACEMENT_3D('',#3775,#3776,#3777);
#3775 = CARTESIAN_POINT('',(6.,68.5,10.699999952316));
#3776 = DIRECTION('',(0.,0.,1.));
#3777 = DIRECTION('',(1.,0.,0.));
#3778 = ORIENTED_EDGE('',*,*,#2193,.F.);
#3779 = ORIENTED_EDGE('',*,*,#2177,.F.);
#3780 = ORIENTED_EDGE('',*,*,#1632,.F.);
#3781 = ORIENTED_EDGE('',*,*,#1614,.T.);
#3782 = FACE_BOUND('',#3783,.T.);
#3783 = EDGE_LOOP('',(#3784,#3795,#3804));
#3784 = ORIENTED_EDGE('',*,*,#3785,.F.);
#3785 = EDGE_CURVE('',#3786,#3788,#3790,.T.);
#3786 = VERTEX_POINT('',#3787);
#3787 = CARTESIAN_POINT('',(6.65,68.5,10.699999952316));
#3788 = VERTEX_POINT('',#3789);
#3789 = CARTESIAN_POINT('',(6.,67.85,10.699999952316));
#3790 = CIRCLE('',#3791,0.65);
#3791 = AXIS2_PLACEMENT_3D('',#3792,#3793,#3794);
#3792 = CARTESIAN_POINT('',(6.,68.5,10.699999952316));
#3793 = DIRECTION('',(0.,0.,-1.));
#3794 = DIRECTION('',(1.,0.,0.));
#3795 = ORIENTED_EDGE('',*,*,#3796,.F.);
#3796 = EDGE_CURVE('',#3797,#3786,#3799,.T.);
#3797 = VERTEX_POINT('',#3798);
#3798 = CARTESIAN_POINT('',(6.,69.15,10.699999952316));
#3799 = CIRCLE('',#3800,0.65);
#3800 = AXIS2_PLACEMENT_3D('',#3801,#3802,#3803);
#3801 = CARTESIAN_POINT('',(6.,68.5,10.699999952316));
#3802 = DIRECTION('',(0.,0.,-1.));
#3803 = DIRECTION('',(1.,0.,0.));
#3804 = ORIENTED_EDGE('',*,*,#3805,.F.);
#3805 = EDGE_CURVE('',#3788,#3797,#3806,.T.);
#3806 = CIRCLE('',#3807,0.65);
#3807 = AXIS2_PLACEMENT_3D('',#3808,#3809,#3810);
#3808 = CARTESIAN_POINT('',(6.,68.5,10.699999952316));
#3809 = DIRECTION('',(0.,0.,-1.));
#3810 = DIRECTION('',(1.,0.,0.));
#3811 = PLANE('',#3812);
#3812 = AXIS2_PLACEMENT_3D('',#3813,#3814,#3815);
#3813 = CARTESIAN_POINT('',(4.953494334413,68.499938231076,
    10.699999952316));
#3814 = DIRECTION('',(-0.,-0.,-1.));
#3815 = DIRECTION('',(-1.,0.,0.));
#3816 = ADVANCED_FACE('',(#3817),#3829,.T.);
#3817 = FACE_BOUND('',#3818,.T.);
#3818 = EDGE_LOOP('',(#3819,#3826,#3827,#3828));
#3819 = ORIENTED_EDGE('',*,*,#3820,.T.);
#3820 = EDGE_CURVE('',#3625,#3765,#3821,.T.);
#3821 = HYPERBOLA('',#3822,0.7,0.7);
#3822 = AXIS2_PLACEMENT_3D('',#3823,#3824,#3825);
#3823 = CARTESIAN_POINT('',(6.,69.2,8.199999952316));
#3824 = DIRECTION('',(0.,1.,0.));
#3825 = DIRECTION('',(0.,0.,1.));
#3826 = ORIENTED_EDGE('',*,*,#3764,.F.);
#3827 = ORIENTED_EDGE('',*,*,#1606,.F.);
#3828 = ORIENTED_EDGE('',*,*,#3624,.F.);
#3829 = PLANE('',#3830);
#3830 = AXIS2_PLACEMENT_3D('',#3831,#3832,#3833);
#3831 = CARTESIAN_POINT('',(1.1,69.2,10.699999952316));
#3832 = DIRECTION('',(0.,1.,0.));
#3833 = DIRECTION('',(0.,0.,1.));
#3834 = ADVANCED_FACE('',(#3835),#3846,.F.);
#3835 = FACE_BOUND('',#3836,.T.);
#3836 = EDGE_LOOP('',(#3837,#3838,#3839,#3840));
#3837 = ORIENTED_EDGE('',*,*,#2728,.F.);
#3838 = ORIENTED_EDGE('',*,*,#3671,.T.);
#3839 = ORIENTED_EDGE('',*,*,#1575,.T.);
#3840 = ORIENTED_EDGE('',*,*,#3841,.F.);
#3841 = EDGE_CURVE('',#2721,#1568,#3842,.T.);
#3842 = LINE('',#3843,#3844);
#3843 = CARTESIAN_POINT('',(7.551,82.5,7.349999952316));
#3844 = VECTOR('',#3845,1.);
#3845 = DIRECTION('',(0.,-1.,0.));
#3846 = CYLINDRICAL_SURFACE('',#3847,1.);
#3847 = AXIS2_PLACEMENT_3D('',#3848,#3849,#3850);
#3848 = CARTESIAN_POINT('',(8.551,82.5,7.349999952316));
#3849 = DIRECTION('',(-0.,1.,-0.));
#3850 = DIRECTION('',(1.,0.,0.));
#3851 = ADVANCED_FACE('',(#3852),#3863,.T.);
#3852 = FACE_BOUND('',#3853,.T.);
#3853 = EDGE_LOOP('',(#3854,#3860,#3861,#3862));
#3854 = ORIENTED_EDGE('',*,*,#3855,.F.);
#3855 = EDGE_CURVE('',#2702,#1549,#3856,.T.);
#3856 = LINE('',#3857,#3858);
#3857 = CARTESIAN_POINT('',(7.551,82.5,3.849999952316));
#3858 = VECTOR('',#3859,1.);
#3859 = DIRECTION('',(0.,-1.,0.));
#3860 = ORIENTED_EDGE('',*,*,#2720,.F.);
#3861 = ORIENTED_EDGE('',*,*,#3841,.T.);
#3862 = ORIENTED_EDGE('',*,*,#1567,.T.);
#3863 = PLANE('',#3864);
#3864 = AXIS2_PLACEMENT_3D('',#3865,#3866,#3867);
#3865 = CARTESIAN_POINT('',(7.551,82.5,3.849999952316));
#3866 = DIRECTION('',(1.,0.,0.));
#3867 = DIRECTION('',(0.,-1.,0.));
#3868 = ADVANCED_FACE('',(#3869),#3875,.F.);
#3869 = FACE_BOUND('',#3870,.T.);
#3870 = EDGE_LOOP('',(#3871,#3872,#3873,#3874));
#3871 = ORIENTED_EDGE('',*,*,#3746,.F.);
#3872 = ORIENTED_EDGE('',*,*,#2701,.F.);
#3873 = ORIENTED_EDGE('',*,*,#3855,.T.);
#3874 = ORIENTED_EDGE('',*,*,#1548,.T.);
#3875 = CYLINDRICAL_SURFACE('',#3876,1.);
#3876 = AXIS2_PLACEMENT_3D('',#3877,#3878,#3879);
#3877 = CARTESIAN_POINT('',(8.551,82.5,3.849999952316));
#3878 = DIRECTION('',(-0.,1.,-0.));
#3879 = DIRECTION('',(1.,0.,0.));
#3880 = ADVANCED_FACE('',(#3881),#3899,.T.);
#3881 = FACE_BOUND('',#3882,.T.);
#3882 = EDGE_LOOP('',(#3883,#3891,#3892,#3893));
#3883 = ORIENTED_EDGE('',*,*,#3884,.F.);
#3884 = EDGE_CURVE('',#1830,#3885,#3887,.T.);
#3885 = VERTEX_POINT('',#3886);
#3886 = CARTESIAN_POINT('',(0.95,30.9,0.299999952316));
#3887 = LINE('',#3888,#3889);
#3888 = CARTESIAN_POINT('',(0.95,12.3,0.299999952316));
#3889 = VECTOR('',#3890,1.);
#3890 = DIRECTION('',(0.,1.,0.));
#3891 = ORIENTED_EDGE('',*,*,#1838,.T.);
#3892 = ORIENTED_EDGE('',*,*,#1696,.F.);
#3893 = ORIENTED_EDGE('',*,*,#3894,.F.);
#3894 = EDGE_CURVE('',#3885,#1688,#3895,.T.);
#3895 = LINE('',#3896,#3897);
#3896 = CARTESIAN_POINT('',(0.95,30.9,0.299999952316));
#3897 = VECTOR('',#3898,1.);
#3898 = DIRECTION('',(1.,0.,0.));
#3899 = PLANE('',#3900);
#3900 = AXIS2_PLACEMENT_3D('',#3901,#3902,#3903);
#3901 = CARTESIAN_POINT('',(0.95,12.3,0.299999952316));
#3902 = DIRECTION('',(0.,0.,1.));
#3903 = DIRECTION('',(1.,0.,0.));
#3904 = ADVANCED_FACE('',(#3905),#3924,.F.);
#3905 = FACE_BOUND('',#3906,.T.);
#3906 = EDGE_LOOP('',(#3907,#3915,#3922,#3923));
#3907 = ORIENTED_EDGE('',*,*,#3908,.F.);
#3908 = EDGE_CURVE('',#3909,#1680,#3911,.T.);
#3909 = VERTEX_POINT('',#3910);
#3910 = CARTESIAN_POINT('',(0.95,31.5,0.899999952316));
#3911 = LINE('',#3912,#3913);
#3912 = CARTESIAN_POINT('',(0.95,31.5,0.899999952316));
#3913 = VECTOR('',#3914,1.);
#3914 = DIRECTION('',(1.,0.,0.));
#3915 = ORIENTED_EDGE('',*,*,#3916,.T.);
#3916 = EDGE_CURVE('',#3909,#3885,#3917,.T.);
#3917 = CIRCLE('',#3918,0.6);
#3918 = AXIS2_PLACEMENT_3D('',#3919,#3920,#3921);
#3919 = CARTESIAN_POINT('',(0.95,30.9,0.899999952316));
#3920 = DIRECTION('',(-1.,0.,0.));
#3921 = DIRECTION('',(0.,0.,1.));
#3922 = ORIENTED_EDGE('',*,*,#3894,.T.);
#3923 = ORIENTED_EDGE('',*,*,#1687,.T.);
#3924 = CYLINDRICAL_SURFACE('',#3925,0.6);
#3925 = AXIS2_PLACEMENT_3D('',#3926,#3927,#3928);
#3926 = CARTESIAN_POINT('',(0.95,30.9,0.899999952316));
#3927 = DIRECTION('',(1.,0.,0.));
#3928 = DIRECTION('',(0.,1.,0.));
#3929 = ADVANCED_FACE('',(#3930),#3941,.F.);
#3930 = FACE_BOUND('',#3931,.F.);
#3931 = EDGE_LOOP('',(#3932,#3933,#3934,#3940));
#3932 = ORIENTED_EDGE('',*,*,#1679,.F.);
#3933 = ORIENTED_EDGE('',*,*,#3908,.F.);
#3934 = ORIENTED_EDGE('',*,*,#3935,.T.);
#3935 = EDGE_CURVE('',#3909,#2042,#3936,.T.);
#3936 = LINE('',#3937,#3938);
#3937 = CARTESIAN_POINT('',(0.95,31.5,0.299999952316));
#3938 = VECTOR('',#3939,1.);
#3939 = DIRECTION('',(0.,0.,1.));
#3940 = ORIENTED_EDGE('',*,*,#2041,.T.);
#3941 = PLANE('',#3942);
#3942 = AXIS2_PLACEMENT_3D('',#3943,#3944,#3945);
#3943 = CARTESIAN_POINT('',(0.95,31.5,0.299999952316));
#3944 = DIRECTION('',(0.,1.,0.));
#3945 = DIRECTION('',(0.,0.,1.));
#3946 = ADVANCED_FACE('',(#3947,#3954),#3983,.T.);
#3947 = FACE_BOUND('',#3948,.T.);
#3948 = EDGE_LOOP('',(#3949,#3950,#3951,#3952,#3953));
#3949 = ORIENTED_EDGE('',*,*,#2152,.T.);
#3950 = ORIENTED_EDGE('',*,*,#2127,.F.);
#3951 = ORIENTED_EDGE('',*,*,#2110,.F.);
#3952 = ORIENTED_EDGE('',*,*,#2084,.F.);
#3953 = ORIENTED_EDGE('',*,*,#1655,.F.);
#3954 = FACE_BOUND('',#3955,.T.);
#3955 = EDGE_LOOP('',(#3956,#3967,#3976));
#3956 = ORIENTED_EDGE('',*,*,#3957,.F.);
#3957 = EDGE_CURVE('',#3958,#3960,#3962,.T.);
#3958 = VERTEX_POINT('',#3959);
#3959 = CARTESIAN_POINT('',(6.65,52.5,10.699999952316));
#3960 = VERTEX_POINT('',#3961);
#3961 = CARTESIAN_POINT('',(6.,51.85,10.699999952316));
#3962 = CIRCLE('',#3963,0.65);
#3963 = AXIS2_PLACEMENT_3D('',#3964,#3965,#3966);
#3964 = CARTESIAN_POINT('',(6.,52.5,10.699999952316));
#3965 = DIRECTION('',(0.,0.,-1.));
#3966 = DIRECTION('',(1.,0.,0.));
#3967 = ORIENTED_EDGE('',*,*,#3968,.F.);
#3968 = EDGE_CURVE('',#3969,#3958,#3971,.T.);
#3969 = VERTEX_POINT('',#3970);
#3970 = CARTESIAN_POINT('',(6.,53.15,10.699999952316));
#3971 = CIRCLE('',#3972,0.65);
#3972 = AXIS2_PLACEMENT_3D('',#3973,#3974,#3975);
#3973 = CARTESIAN_POINT('',(6.,52.5,10.699999952316));
#3974 = DIRECTION('',(0.,0.,-1.));
#3975 = DIRECTION('',(1.,0.,0.));
#3976 = ORIENTED_EDGE('',*,*,#3977,.F.);
#3977 = EDGE_CURVE('',#3960,#3969,#3978,.T.);
#3978 = CIRCLE('',#3979,0.65);
#3979 = AXIS2_PLACEMENT_3D('',#3980,#3981,#3982);
#3980 = CARTESIAN_POINT('',(6.,52.5,10.699999952316));
#3981 = DIRECTION('',(0.,0.,-1.));
#3982 = DIRECTION('',(1.,0.,0.));
#3983 = PLANE('',#3984);
#3984 = AXIS2_PLACEMENT_3D('',#3985,#3986,#3987);
#3985 = CARTESIAN_POINT('',(4.953157134509,52.5,10.699999952316));
#3986 = DIRECTION('',(-0.,-0.,-1.));
#3987 = DIRECTION('',(-1.,0.,0.));
#3988 = ADVANCED_FACE('',(#3989),#3992,.F.);
#3989 = FACE_BOUND('',#3990,.T.);
#3990 = EDGE_LOOP('',(#3991));
#3991 = ORIENTED_EDGE('',*,*,#1728,.F.);
#3992 = PLANE('',#3993);
#3993 = AXIS2_PLACEMENT_3D('',#3994,#3995,#3996);
#3994 = CARTESIAN_POINT('',(25.,78.5,7.999999952316));
#3995 = DIRECTION('',(0.,0.,1.));
#3996 = DIRECTION('',(1.,0.,0.));
#3997 = ADVANCED_FACE('',(#3998),#4009,.F.);
#3998 = FACE_BOUND('',#3999,.F.);
#3999 = EDGE_LOOP('',(#4000,#4006,#4007,#4008));
#4000 = ORIENTED_EDGE('',*,*,#4001,.F.);
#4001 = EDGE_CURVE('',#1770,#2050,#4002,.T.);
#4002 = LINE('',#4003,#4004);
#4003 = CARTESIAN_POINT('',(0.95,12.3,11.199999952316));
#4004 = VECTOR('',#4005,1.);
#4005 = DIRECTION('',(0.,1.,0.));
#4006 = ORIENTED_EDGE('',*,*,#1778,.T.);
#4007 = ORIENTED_EDGE('',*,*,#2027,.T.);
#4008 = ORIENTED_EDGE('',*,*,#2058,.F.);
#4009 = PLANE('',#4010);
#4010 = AXIS2_PLACEMENT_3D('',#4011,#4012,#4013);
#4011 = CARTESIAN_POINT('',(0.95,12.3,11.199999952316));
#4012 = DIRECTION('',(0.,0.,1.));
#4013 = DIRECTION('',(1.,0.,0.));
#4014 = ADVANCED_FACE('',(#4015),#4025,.T.);
#4015 = FACE_BOUND('',#4016,.T.);
#4016 = EDGE_LOOP('',(#4017,#4018,#4019,#4020,#4021,#4022,#4023,#4024));
#4017 = ORIENTED_EDGE('',*,*,#1813,.F.);
#4018 = ORIENTED_EDGE('',*,*,#1829,.T.);
#4019 = ORIENTED_EDGE('',*,*,#3884,.T.);
#4020 = ORIENTED_EDGE('',*,*,#3916,.F.);
#4021 = ORIENTED_EDGE('',*,*,#3935,.T.);
#4022 = ORIENTED_EDGE('',*,*,#2049,.T.);
#4023 = ORIENTED_EDGE('',*,*,#4001,.F.);
#4024 = ORIENTED_EDGE('',*,*,#1769,.F.);
#4025 = PLANE('',#4026);
#4026 = AXIS2_PLACEMENT_3D('',#4027,#4028,#4029);
#4027 = CARTESIAN_POINT('',(0.95,12.3,0.299999952316));
#4028 = DIRECTION('',(1.,0.,0.));
#4029 = DIRECTION('',(0.,0.,1.));
#4030 = ADVANCED_FACE('',(#4031),#4037,.T.);
#4031 = FACE_BOUND('',#4032,.T.);
#4032 = EDGE_LOOP('',(#4033,#4034,#4035,#4036));
#4033 = ORIENTED_EDGE('',*,*,#3632,.F.);
#4034 = ORIENTED_EDGE('',*,*,#2202,.F.);
#4035 = ORIENTED_EDGE('',*,*,#3772,.T.);
#4036 = ORIENTED_EDGE('',*,*,#3820,.F.);
#4037 = CONICAL_SURFACE('',#4038,2.5,0.785398163397);
#4038 = AXIS2_PLACEMENT_3D('',#4039,#4040,#4041);
#4039 = CARTESIAN_POINT('',(6.,68.5,10.699999952316));
#4040 = DIRECTION('',(0.,0.,1.));
#4041 = DIRECTION('',(1.,0.,0.));
#4042 = ADVANCED_FACE('',(#4043,#4046),#4057,.F.);
#4043 = FACE_BOUND('',#4044,.F.);
#4044 = EDGE_LOOP('',(#4045));
#4045 = ORIENTED_EDGE('',*,*,#2252,.T.);
#4046 = FACE_BOUND('',#4047,.F.);
#4047 = EDGE_LOOP('',(#4048));
#4048 = ORIENTED_EDGE('',*,*,#4049,.F.);
#4049 = EDGE_CURVE('',#4050,#4050,#4052,.T.);
#4050 = VERTEX_POINT('',#4051);
#4051 = CARTESIAN_POINT('',(41.7,60.8,11.799999952316));
#4052 = CIRCLE('',#4053,16.7);
#4053 = AXIS2_PLACEMENT_3D('',#4054,#4055,#4056);
#4054 = CARTESIAN_POINT('',(25.,60.8,11.799999952316));
#4055 = DIRECTION('',(0.,0.,1.));
#4056 = DIRECTION('',(1.,0.,0.));
#4057 = PLANE('',#4058);
#4058 = AXIS2_PLACEMENT_3D('',#4059,#4060,#4061);
#4059 = CARTESIAN_POINT('',(25.,60.8,11.799999952316));
#4060 = DIRECTION('',(0.,0.,1.));
#4061 = DIRECTION('',(1.,0.,0.));
#4062 = ADVANCED_FACE('',(#4063,#4133),#4143,.F.);
#4063 = FACE_BOUND('',#4064,.F.);
#4064 = EDGE_LOOP('',(#4065,#4076,#4084,#4093,#4101,#4110,#4118,#4127));
#4065 = ORIENTED_EDGE('',*,*,#4066,.F.);
#4066 = EDGE_CURVE('',#4067,#4069,#4071,.T.);
#4067 = VERTEX_POINT('',#4068);
#4068 = CARTESIAN_POINT('',(1.85,12.5,12.219999952316));
#4069 = VERTEX_POINT('',#4070);
#4070 = CARTESIAN_POINT('',(12.5,1.85,12.219999952316));
#4071 = CIRCLE('',#4072,10.65);
#4072 = AXIS2_PLACEMENT_3D('',#4073,#4074,#4075);
#4073 = CARTESIAN_POINT('',(12.5,12.5,12.219999952316));
#4074 = DIRECTION('',(0.,0.,1.));
#4075 = DIRECTION('',(1.,0.,0.));
#4076 = ORIENTED_EDGE('',*,*,#4077,.T.);
#4077 = EDGE_CURVE('',#4067,#4078,#4080,.T.);
#4078 = VERTEX_POINT('',#4079);
#4079 = CARTESIAN_POINT('',(1.85,31.5,12.219999952316));
#4080 = LINE('',#4081,#4082);
#4081 = CARTESIAN_POINT('',(1.85,12.5,12.219999952316));
#4082 = VECTOR('',#4083,1.);
#4083 = DIRECTION('',(0.,1.,0.));
#4084 = ORIENTED_EDGE('',*,*,#4085,.F.);
#4085 = EDGE_CURVE('',#4086,#4078,#4088,.T.);
#4086 = VERTEX_POINT('',#4087);
#4087 = CARTESIAN_POINT('',(12.5,42.15,12.219999952316));
#4088 = CIRCLE('',#4089,10.65);
#4089 = AXIS2_PLACEMENT_3D('',#4090,#4091,#4092);
#4090 = CARTESIAN_POINT('',(12.5,31.5,12.219999952316));
#4091 = DIRECTION('',(0.,0.,1.));
#4092 = DIRECTION('',(1.,0.,0.));
#4093 = ORIENTED_EDGE('',*,*,#4094,.T.);
#4094 = EDGE_CURVE('',#4086,#4095,#4097,.T.);
#4095 = VERTEX_POINT('',#4096);
#4096 = CARTESIAN_POINT('',(37.5,42.15,12.219999952316));
#4097 = LINE('',#4098,#4099);
#4098 = CARTESIAN_POINT('',(12.5,42.15,12.219999952316));
#4099 = VECTOR('',#4100,1.);
#4100 = DIRECTION('',(1.,0.,0.));
#4101 = ORIENTED_EDGE('',*,*,#4102,.F.);
#4102 = EDGE_CURVE('',#4103,#4095,#4105,.T.);
#4103 = VERTEX_POINT('',#4104);
#4104 = CARTESIAN_POINT('',(48.15,31.5,12.219999952316));
#4105 = CIRCLE('',#4106,10.65);
#4106 = AXIS2_PLACEMENT_3D('',#4107,#4108,#4109);
#4107 = CARTESIAN_POINT('',(37.5,31.5,12.219999952316));
#4108 = DIRECTION('',(0.,0.,1.));
#4109 = DIRECTION('',(1.,0.,0.));
#4110 = ORIENTED_EDGE('',*,*,#4111,.F.);
#4111 = EDGE_CURVE('',#4112,#4103,#4114,.T.);
#4112 = VERTEX_POINT('',#4113);
#4113 = CARTESIAN_POINT('',(48.15,12.5,12.219999952316));
#4114 = LINE('',#4115,#4116);
#4115 = CARTESIAN_POINT('',(48.15,12.5,12.219999952316));
#4116 = VECTOR('',#4117,1.);
#4117 = DIRECTION('',(0.,1.,0.));
#4118 = ORIENTED_EDGE('',*,*,#4119,.F.);
#4119 = EDGE_CURVE('',#4120,#4112,#4122,.T.);
#4120 = VERTEX_POINT('',#4121);
#4121 = CARTESIAN_POINT('',(37.5,1.85,12.219999952316));
#4122 = CIRCLE('',#4123,10.65);
#4123 = AXIS2_PLACEMENT_3D('',#4124,#4125,#4126);
#4124 = CARTESIAN_POINT('',(37.5,12.5,12.219999952316));
#4125 = DIRECTION('',(0.,0.,1.));
#4126 = DIRECTION('',(1.,0.,0.));
#4127 = ORIENTED_EDGE('',*,*,#4128,.F.);
#4128 = EDGE_CURVE('',#4069,#4120,#4129,.T.);
#4129 = LINE('',#4130,#4131);
#4130 = CARTESIAN_POINT('',(12.5,1.85,12.219999952316));
#4131 = VECTOR('',#4132,1.);
#4132 = DIRECTION('',(1.,0.,0.));
#4133 = FACE_BOUND('',#4134,.F.);
#4134 = EDGE_LOOP('',(#4135,#4136,#4137,#4138,#4139,#4140,#4141,#4142));
#4135 = ORIENTED_EDGE('',*,*,#2487,.F.);
#4136 = ORIENTED_EDGE('',*,*,#2430,.F.);
#4137 = ORIENTED_EDGE('',*,*,#2452,.F.);
#4138 = ORIENTED_EDGE('',*,*,#2512,.T.);
#4139 = ORIENTED_EDGE('',*,*,#2552,.F.);
#4140 = ORIENTED_EDGE('',*,*,#2602,.T.);
#4141 = ORIENTED_EDGE('',*,*,#2584,.F.);
#4142 = ORIENTED_EDGE('',*,*,#2536,.F.);
#4143 = PLANE('',#4144);
#4144 = AXIS2_PLACEMENT_3D('',#4145,#4146,#4147);
#4145 = CARTESIAN_POINT('',(25.,22.,12.219999952316));
#4146 = DIRECTION('',(-0.,-0.,-1.));
#4147 = DIRECTION('',(-1.,0.,0.));
#4148 = ADVANCED_FACE('',(#4149),#4177,.T.);
#4149 = FACE_BOUND('',#4150,.T.);
#4150 = EDGE_LOOP('',(#4151,#4160,#4161,#4170));
#4151 = ORIENTED_EDGE('',*,*,#4152,.F.);
#4152 = EDGE_CURVE('',#2636,#4153,#4155,.T.);
#4153 = VERTEX_POINT('',#4154);
#4154 = CARTESIAN_POINT('',(0.55,12.5,12.299999952316));
#4155 = CIRCLE('',#4156,0.55);
#4156 = AXIS2_PLACEMENT_3D('',#4157,#4158,#4159);
#4157 = CARTESIAN_POINT('',(0.55,12.5,11.749999952316));
#4158 = DIRECTION('',(1.4E-16,1.,-0.));
#4159 = DIRECTION('',(-1.,1.4E-16,0.));
#4160 = ORIENTED_EDGE('',*,*,#2643,.T.);
#4161 = ORIENTED_EDGE('',*,*,#4162,.T.);
#4162 = EDGE_CURVE('',#2627,#4163,#4165,.T.);
#4163 = VERTEX_POINT('',#4164);
#4164 = CARTESIAN_POINT('',(12.5,0.55,12.299999952316));
#4165 = CIRCLE('',#4166,0.55);
#4166 = AXIS2_PLACEMENT_3D('',#4167,#4168,#4169);
#4167 = CARTESIAN_POINT('',(12.5,0.55,11.749999952316));
#4168 = DIRECTION('',(-1.,2.E-16,0.));
#4169 = DIRECTION('',(-2.E-16,-1.,0.));
#4170 = ORIENTED_EDGE('',*,*,#4171,.F.);
#4171 = EDGE_CURVE('',#4153,#4163,#4172,.T.);
#4172 = CIRCLE('',#4173,11.95);
#4173 = AXIS2_PLACEMENT_3D('',#4174,#4175,#4176);
#4174 = CARTESIAN_POINT('',(12.5,12.5,12.299999952316));
#4175 = DIRECTION('',(0.,0.,1.));
#4176 = DIRECTION('',(-1.,1.4E-16,0.));
#4177 = TOROIDAL_SURFACE('',#4178,11.95,0.55);
#4178 = AXIS2_PLACEMENT_3D('',#4179,#4180,#4181);
#4179 = CARTESIAN_POINT('',(12.5,12.5,11.749999952316));
#4180 = DIRECTION('',(0.,0.,1.));
#4181 = DIRECTION('',(-1.,1.4E-16,0.));
#4182 = ADVANCED_FACE('',(#4183),#4202,.T.);
#4183 = FACE_BOUND('',#4184,.F.);
#4184 = EDGE_LOOP('',(#4185,#4194,#4200,#4201));
#4185 = ORIENTED_EDGE('',*,*,#4186,.T.);
#4186 = EDGE_CURVE('',#2661,#4187,#4189,.T.);
#4187 = VERTEX_POINT('',#4188);
#4188 = CARTESIAN_POINT('',(0.55,69.,12.299999952316));
#4189 = CIRCLE('',#4190,0.55);
#4190 = AXIS2_PLACEMENT_3D('',#4191,#4192,#4193);
#4191 = CARTESIAN_POINT('',(0.55,69.,11.749999952316));
#4192 = DIRECTION('',(6.E-17,1.,-0.));
#4193 = DIRECTION('',(-1.,6.E-17,0.));
#4194 = ORIENTED_EDGE('',*,*,#4195,.T.);
#4195 = EDGE_CURVE('',#4187,#4153,#4196,.T.);
#4196 = LINE('',#4197,#4198);
#4197 = CARTESIAN_POINT('',(0.55,69.,12.299999952316));
#4198 = VECTOR('',#4199,1.);
#4199 = DIRECTION('',(-0.,-1.,-0.));
#4200 = ORIENTED_EDGE('',*,*,#4152,.F.);
#4201 = ORIENTED_EDGE('',*,*,#2668,.F.);
#4202 = CYLINDRICAL_SURFACE('',#4203,0.55);
#4203 = AXIS2_PLACEMENT_3D('',#4204,#4205,#4206);
#4204 = CARTESIAN_POINT('',(0.55,69.,11.749999952316));
#4205 = DIRECTION('',(-0.,-1.,-0.));
#4206 = DIRECTION('',(-1.,0.,0.));
#4207 = ADVANCED_FACE('',(#4208),#4228,.T.);
#4208 = FACE_BOUND('',#4209,.T.);
#4209 = EDGE_LOOP('',(#4210,#4219,#4220,#4221));
#4210 = ORIENTED_EDGE('',*,*,#4211,.F.);
#4211 = EDGE_CURVE('',#2752,#4212,#4214,.T.);
#4212 = VERTEX_POINT('',#4213);
#4213 = CARTESIAN_POINT('',(12.5,80.95,12.299999952316));
#4214 = CIRCLE('',#4215,0.55);
#4215 = AXIS2_PLACEMENT_3D('',#4216,#4217,#4218);
#4216 = CARTESIAN_POINT('',(12.5,80.95,11.749999952316));
#4217 = DIRECTION('',(1.,0.,0.));
#4218 = DIRECTION('',(0.,1.,0.));
#4219 = ORIENTED_EDGE('',*,*,#2759,.T.);
#4220 = ORIENTED_EDGE('',*,*,#4186,.T.);
#4221 = ORIENTED_EDGE('',*,*,#4222,.F.);
#4222 = EDGE_CURVE('',#4212,#4187,#4223,.T.);
#4223 = CIRCLE('',#4224,11.95);
#4224 = AXIS2_PLACEMENT_3D('',#4225,#4226,#4227);
#4225 = CARTESIAN_POINT('',(12.5,69.,12.299999952316));
#4226 = DIRECTION('',(0.,-0.,1.));
#4227 = DIRECTION('',(0.,1.,0.));
#4228 = TOROIDAL_SURFACE('',#4229,11.95,0.55);
#4229 = AXIS2_PLACEMENT_3D('',#4230,#4231,#4232);
#4230 = CARTESIAN_POINT('',(12.5,69.,11.749999952316));
#4231 = DIRECTION('',(0.,0.,1.));
#4232 = DIRECTION('',(0.,1.,0.));
#4233 = ADVANCED_FACE('',(#4234),#4253,.T.);
#4234 = FACE_BOUND('',#4235,.F.);
#4235 = EDGE_LOOP('',(#4236,#4245,#4251,#4252));
#4236 = ORIENTED_EDGE('',*,*,#4237,.T.);
#4237 = EDGE_CURVE('',#2826,#4238,#4240,.T.);
#4238 = VERTEX_POINT('',#4239);
#4239 = CARTESIAN_POINT('',(37.5,80.95,12.299999952316));
#4240 = CIRCLE('',#4241,0.55);
#4241 = AXIS2_PLACEMENT_3D('',#4242,#4243,#4244);
#4242 = CARTESIAN_POINT('',(37.5,80.95,11.749999952316));
#4243 = DIRECTION('',(1.,-6.E-17,0.));
#4244 = DIRECTION('',(6.E-17,1.,0.));
#4245 = ORIENTED_EDGE('',*,*,#4246,.T.);
#4246 = EDGE_CURVE('',#4238,#4212,#4247,.T.);
#4247 = LINE('',#4248,#4249);
#4248 = CARTESIAN_POINT('',(37.5,80.95,12.299999952316));
#4249 = VECTOR('',#4250,1.);
#4250 = DIRECTION('',(-1.,-0.,-0.));
#4251 = ORIENTED_EDGE('',*,*,#4211,.F.);
#4252 = ORIENTED_EDGE('',*,*,#2825,.F.);
#4253 = CYLINDRICAL_SURFACE('',#4254,0.55);
#4254 = AXIS2_PLACEMENT_3D('',#4255,#4256,#4257);
#4255 = CARTESIAN_POINT('',(37.5,80.95,11.749999952316));
#4256 = DIRECTION('',(-1.,-0.,-0.));
#4257 = DIRECTION('',(0.,1.,0.));
#4258 = ADVANCED_FACE('',(#4259),#4279,.T.);
#4259 = FACE_BOUND('',#4260,.T.);
#4260 = EDGE_LOOP('',(#4261,#4270,#4271,#4272));
#4261 = ORIENTED_EDGE('',*,*,#4262,.F.);
#4262 = EDGE_CURVE('',#2859,#4263,#4265,.T.);
#4263 = VERTEX_POINT('',#4264);
#4264 = CARTESIAN_POINT('',(49.45,69.,12.299999952316));
#4265 = CIRCLE('',#4266,0.55);
#4266 = AXIS2_PLACEMENT_3D('',#4267,#4268,#4269);
#4267 = CARTESIAN_POINT('',(49.45,69.,11.749999952316));
#4268 = DIRECTION('',(0.,-1.,0.));
#4269 = DIRECTION('',(1.,0.,0.));
#4270 = ORIENTED_EDGE('',*,*,#2866,.T.);
#4271 = ORIENTED_EDGE('',*,*,#4237,.T.);
#4272 = ORIENTED_EDGE('',*,*,#4273,.F.);
#4273 = EDGE_CURVE('',#4263,#4238,#4274,.T.);
#4274 = CIRCLE('',#4275,11.95);
#4275 = AXIS2_PLACEMENT_3D('',#4276,#4277,#4278);
#4276 = CARTESIAN_POINT('',(37.5,69.,12.299999952316));
#4277 = DIRECTION('',(0.,0.,1.));
#4278 = DIRECTION('',(1.,0.,0.));
#4279 = TOROIDAL_SURFACE('',#4280,11.95,0.55);
#4280 = AXIS2_PLACEMENT_3D('',#4281,#4282,#4283);
#4281 = CARTESIAN_POINT('',(37.5,69.,11.749999952316));
#4282 = DIRECTION('',(0.,0.,1.));
#4283 = DIRECTION('',(1.,0.,0.));
#4284 = ADVANCED_FACE('',(#4285),#4304,.T.);
#4285 = FACE_BOUND('',#4286,.F.);
#4286 = EDGE_LOOP('',(#4287,#4296,#4302,#4303));
#4287 = ORIENTED_EDGE('',*,*,#4288,.T.);
#4288 = EDGE_CURVE('',#2939,#4289,#4291,.T.);
#4289 = VERTEX_POINT('',#4290);
#4290 = CARTESIAN_POINT('',(49.45,12.5,12.299999952316));
#4291 = CIRCLE('',#4292,0.55);
#4292 = AXIS2_PLACEMENT_3D('',#4293,#4294,#4295);
#4293 = CARTESIAN_POINT('',(49.45,12.5,11.749999952316));
#4294 = DIRECTION('',(-6.E-17,-1.,0.));
#4295 = DIRECTION('',(1.,-6.E-17,0.));
#4296 = ORIENTED_EDGE('',*,*,#4297,.T.);
#4297 = EDGE_CURVE('',#4289,#4263,#4298,.T.);
#4298 = LINE('',#4299,#4300);
#4299 = CARTESIAN_POINT('',(49.45,12.5,12.299999952316));
#4300 = VECTOR('',#4301,1.);
#4301 = DIRECTION('',(0.,1.,0.));
#4302 = ORIENTED_EDGE('',*,*,#4262,.F.);
#4303 = ORIENTED_EDGE('',*,*,#2938,.F.);
#4304 = CYLINDRICAL_SURFACE('',#4305,0.55);
#4305 = AXIS2_PLACEMENT_3D('',#4306,#4307,#4308);
#4306 = CARTESIAN_POINT('',(49.45,12.5,11.749999952316));
#4307 = DIRECTION('',(0.,1.,0.));
#4308 = DIRECTION('',(1.,0.,0.));
#4309 = ADVANCED_FACE('',(#4310),#4330,.T.);
#4310 = FACE_BOUND('',#4311,.T.);
#4311 = EDGE_LOOP('',(#4312,#4321,#4322,#4323));
#4312 = ORIENTED_EDGE('',*,*,#4313,.F.);
#4313 = EDGE_CURVE('',#2987,#4314,#4316,.T.);
#4314 = VERTEX_POINT('',#4315);
#4315 = CARTESIAN_POINT('',(37.5,0.55,12.299999952316));
#4316 = CIRCLE('',#4317,0.55);
#4317 = AXIS2_PLACEMENT_3D('',#4318,#4319,#4320);
#4318 = CARTESIAN_POINT('',(37.5,0.55,11.749999952316));
#4319 = DIRECTION('',(-1.,0.,0.));
#4320 = DIRECTION('',(0.,-1.,0.));
#4321 = ORIENTED_EDGE('',*,*,#2986,.T.);
#4322 = ORIENTED_EDGE('',*,*,#4288,.T.);
#4323 = ORIENTED_EDGE('',*,*,#4324,.F.);
#4324 = EDGE_CURVE('',#4314,#4289,#4325,.T.);
#4325 = CIRCLE('',#4326,11.95);
#4326 = AXIS2_PLACEMENT_3D('',#4327,#4328,#4329);
#4327 = CARTESIAN_POINT('',(37.5,12.5,12.299999952316));
#4328 = DIRECTION('',(-0.,0.,1.));
#4329 = DIRECTION('',(0.,-1.,0.));
#4330 = TOROIDAL_SURFACE('',#4331,11.95,0.55);
#4331 = AXIS2_PLACEMENT_3D('',#4332,#4333,#4334);
#4332 = CARTESIAN_POINT('',(37.5,12.5,11.749999952316));
#4333 = DIRECTION('',(0.,0.,1.));
#4334 = DIRECTION('',(0.,-1.,0.));
#4335 = ADVANCED_FACE('',(#4336),#4347,.T.);
#4336 = FACE_BOUND('',#4337,.F.);
#4337 = EDGE_LOOP('',(#4338,#4339,#4345,#4346));
#4338 = ORIENTED_EDGE('',*,*,#4162,.T.);
#4339 = ORIENTED_EDGE('',*,*,#4340,.T.);
#4340 = EDGE_CURVE('',#4163,#4314,#4341,.T.);
#4341 = LINE('',#4342,#4343);
#4342 = CARTESIAN_POINT('',(12.5,0.55,12.299999952316));
#4343 = VECTOR('',#4344,1.);
#4344 = DIRECTION('',(1.,0.,0.));
#4345 = ORIENTED_EDGE('',*,*,#4313,.F.);
#4346 = ORIENTED_EDGE('',*,*,#3020,.F.);
#4347 = CYLINDRICAL_SURFACE('',#4348,0.55);
#4348 = AXIS2_PLACEMENT_3D('',#4349,#4350,#4351);
#4349 = CARTESIAN_POINT('',(12.5,0.55,11.749999952316));
#4350 = DIRECTION('',(1.,0.,0.));
#4351 = DIRECTION('',(0.,-1.,0.));
#4352 = ADVANCED_FACE('',(#4353),#4374,.F.);
#4353 = FACE_BOUND('',#4354,.F.);
#4354 = EDGE_LOOP('',(#4355,#4363,#4364,#4365,#4366,#4367));
#4355 = ORIENTED_EDGE('',*,*,#4356,.F.);
#4356 = EDGE_CURVE('',#3075,#4357,#4359,.T.);
#4357 = VERTEX_POINT('',#4358);
#4358 = CARTESIAN_POINT('',(44.65,68.5,11.799999952316));
#4359 = LINE('',#4360,#4361);
#4360 = CARTESIAN_POINT('',(44.65,68.5,10.599999952316));
#4361 = VECTOR('',#4362,1.);
#4362 = DIRECTION('',(0.,0.,1.));
#4363 = ORIENTED_EDGE('',*,*,#3083,.F.);
#4364 = ORIENTED_EDGE('',*,*,#3063,.F.);
#4365 = ORIENTED_EDGE('',*,*,#3074,.F.);
#4366 = ORIENTED_EDGE('',*,*,#4356,.T.);
#4367 = ORIENTED_EDGE('',*,*,#4368,.F.);
#4368 = EDGE_CURVE('',#4357,#4357,#4369,.T.);
#4369 = CIRCLE('',#4370,0.65);
#4370 = AXIS2_PLACEMENT_3D('',#4371,#4372,#4373);
#4371 = CARTESIAN_POINT('',(44.,68.5,11.799999952316));
#4372 = DIRECTION('',(0.,0.,1.));
#4373 = DIRECTION('',(1.,0.,0.));
#4374 = CYLINDRICAL_SURFACE('',#4375,0.65);
#4375 = AXIS2_PLACEMENT_3D('',#4376,#4377,#4378);
#4376 = CARTESIAN_POINT('',(44.,68.5,10.599999952316));
#4377 = DIRECTION('',(0.,0.,1.));
#4378 = DIRECTION('',(1.,0.,0.));
#4379 = ADVANCED_FACE('',(#4380),#4460,.T.);
#4380 = FACE_BOUND('',#4381,.T.);
#4381 = EDGE_LOOP('',(#4382,#4383,#4384,#4392,#4401,#4407,#4408,#4409,
    #4410,#4417,#4426,#4434,#4443,#4451,#4458,#4459));
#4382 = ORIENTED_EDGE('',*,*,#3135,.F.);
#4383 = ORIENTED_EDGE('',*,*,#3158,.T.);
#4384 = ORIENTED_EDGE('',*,*,#4385,.T.);
#4385 = EDGE_CURVE('',#3159,#4386,#4388,.T.);
#4386 = VERTEX_POINT('',#4387);
#4387 = CARTESIAN_POINT('',(45.933058428554,65.299627383663,
    6.499999952316));
#4388 = LINE('',#4389,#4390);
#4389 = CARTESIAN_POINT('',(45.933058428554,65.299627383663,
    5.749999952316));
#4390 = VECTOR('',#4391,1.);
#4391 = DIRECTION('',(0.,0.,1.));
#4392 = ORIENTED_EDGE('',*,*,#4393,.T.);
#4393 = EDGE_CURVE('',#4386,#4394,#4396,.T.);
#4394 = VERTEX_POINT('',#4395);
#4395 = CARTESIAN_POINT('',(42.722773099341,66.291987609077,
    6.499999952316));
#4396 = CIRCLE('',#4397,4.8);
#4397 = AXIS2_PLACEMENT_3D('',#4398,#4399,#4400);
#4398 = CARTESIAN_POINT('',(43.,61.5,6.499999952316));
#4399 = DIRECTION('',(0.,0.,1.));
#4400 = DIRECTION('',(1.,0.,0.));
#4401 = ORIENTED_EDGE('',*,*,#4402,.F.);
#4402 = EDGE_CURVE('',#3178,#4394,#4403,.T.);
#4403 = LINE('',#4404,#4405);
#4404 = CARTESIAN_POINT('',(42.722773099341,66.291987609077,
    5.199999952316));
#4405 = VECTOR('',#4406,1.);
#4406 = DIRECTION('',(0.,0.,1.));
#4407 = ORIENTED_EDGE('',*,*,#3177,.T.);
#4408 = ORIENTED_EDGE('',*,*,#3236,.T.);
#4409 = ORIENTED_EDGE('',*,*,#3211,.T.);
#4410 = ORIENTED_EDGE('',*,*,#4411,.T.);
#4411 = EDGE_CURVE('',#3203,#4412,#4414,.T.);
#4412 = VERTEX_POINT('',#4413);
#4413 = CARTESIAN_POINT('',(47.8,61.5,6.949999952316));
#4414 = B_SPLINE_CURVE_WITH_KNOTS('',1,(#4415,#4416),.UNSPECIFIED.,.F.,
  .F.,(2,2),(1.,1.75),.PIECEWISE_BEZIER_KNOTS.);
#4415 = CARTESIAN_POINT('',(47.8,61.5,6.199999952316));
#4416 = CARTESIAN_POINT('',(47.8,61.5,6.949999952316));
#4417 = ORIENTED_EDGE('',*,*,#4418,.F.);
#4418 = EDGE_CURVE('',#4419,#4412,#4421,.T.);
#4419 = VERTEX_POINT('',#4420);
#4420 = CARTESIAN_POINT('',(38.258955811216,60.75,6.949999952316));
#4421 = CIRCLE('',#4422,4.8);
#4422 = AXIS2_PLACEMENT_3D('',#4423,#4424,#4425);
#4423 = CARTESIAN_POINT('',(43.,61.5,6.949999952316));
#4424 = DIRECTION('',(0.,0.,1.));
#4425 = DIRECTION('',(1.,0.,0.));
#4426 = ORIENTED_EDGE('',*,*,#4427,.F.);
#4427 = EDGE_CURVE('',#4428,#4419,#4430,.T.);
#4428 = VERTEX_POINT('',#4429);
#4429 = CARTESIAN_POINT('',(38.258955811216,60.75,5.799999952316));
#4430 = LINE('',#4431,#4432);
#4431 = CARTESIAN_POINT('',(38.258955811216,60.75,5.749999952316));
#4432 = VECTOR('',#4433,1.);
#4433 = DIRECTION('',(0.,0.,1.));
#4434 = ORIENTED_EDGE('',*,*,#4435,.F.);
#4435 = EDGE_CURVE('',#4436,#4428,#4438,.T.);
#4436 = VERTEX_POINT('',#4437);
#4437 = CARTESIAN_POINT('',(38.258955811216,62.25,5.799999952316));
#4438 = CIRCLE('',#4439,4.8);
#4439 = AXIS2_PLACEMENT_3D('',#4440,#4441,#4442);
#4440 = CARTESIAN_POINT('',(43.,61.5,5.799999952316));
#4441 = DIRECTION('',(0.,0.,1.));
#4442 = DIRECTION('',(1.,0.,0.));
#4443 = ORIENTED_EDGE('',*,*,#4444,.T.);
#4444 = EDGE_CURVE('',#4436,#4445,#4447,.T.);
#4445 = VERTEX_POINT('',#4446);
#4446 = CARTESIAN_POINT('',(38.258955811216,62.25,6.949999952316));
#4447 = LINE('',#4448,#4449);
#4448 = CARTESIAN_POINT('',(38.258955811216,62.25,5.749999952316));
#4449 = VECTOR('',#4450,1.);
#4450 = DIRECTION('',(0.,0.,1.));
#4451 = ORIENTED_EDGE('',*,*,#4452,.F.);
#4452 = EDGE_CURVE('',#4412,#4445,#4453,.T.);
#4453 = CIRCLE('',#4454,4.8);
#4454 = AXIS2_PLACEMENT_3D('',#4455,#4456,#4457);
#4455 = CARTESIAN_POINT('',(43.,61.5,6.949999952316));
#4456 = DIRECTION('',(0.,0.,1.));
#4457 = DIRECTION('',(1.,0.,0.));
#4458 = ORIENTED_EDGE('',*,*,#4411,.F.);
#4459 = ORIENTED_EDGE('',*,*,#3202,.T.);
#4460 = CYLINDRICAL_SURFACE('',#4461,4.8);
#4461 = AXIS2_PLACEMENT_3D('',#4462,#4463,#4464);
#4462 = CARTESIAN_POINT('',(43.,61.5,5.199999952316));
#4463 = DIRECTION('',(0.,0.,1.));
#4464 = DIRECTION('',(1.,0.,0.));
#4465 = ADVANCED_FACE('',(#4466),#4512,.F.);
#4466 = FACE_BOUND('',#4467,.F.);
#4467 = EDGE_LOOP('',(#4468,#4477,#4478,#4479,#4480,#4489,#4497,#4506));
#4468 = ORIENTED_EDGE('',*,*,#4469,.F.);
#4469 = EDGE_CURVE('',#4394,#4470,#4472,.T.);
#4470 = VERTEX_POINT('',#4471);
#4471 = CARTESIAN_POINT('',(43.050603953892,65.699695136537,
    6.499999952316));
#4472 = CIRCLE('',#4473,2.1);
#4473 = AXIS2_PLACEMENT_3D('',#4474,#4475,#4476);
#4474 = CARTESIAN_POINT('',(44.7,66.9995,6.499999952316));
#4475 = DIRECTION('',(0.,0.,1.));
#4476 = DIRECTION('',(1.,0.,0.));
#4477 = ORIENTED_EDGE('',*,*,#4402,.F.);
#4478 = ORIENTED_EDGE('',*,*,#3186,.T.);
#4479 = ORIENTED_EDGE('',*,*,#4385,.T.);
#4480 = ORIENTED_EDGE('',*,*,#4481,.F.);
#4481 = EDGE_CURVE('',#4482,#4386,#4484,.T.);
#4482 = VERTEX_POINT('',#4483);
#4483 = CARTESIAN_POINT('',(45.328174957222,64.995654640917,
    6.499999952316));
#4484 = CIRCLE('',#4485,2.1);
#4485 = AXIS2_PLACEMENT_3D('',#4486,#4487,#4488);
#4486 = CARTESIAN_POINT('',(44.7,66.9995,6.499999952316));
#4487 = DIRECTION('',(0.,0.,1.));
#4488 = DIRECTION('',(1.,0.,0.));
#4489 = ORIENTED_EDGE('',*,*,#4490,.F.);
#4490 = EDGE_CURVE('',#4491,#4482,#4493,.T.);
#4491 = VERTEX_POINT('',#4492);
#4492 = CARTESIAN_POINT('',(45.328174957222,64.995654640917,
    5.799999952316));
#4493 = LINE('',#4494,#4495);
#4494 = CARTESIAN_POINT('',(45.328174957222,64.995654640917,
    5.649999952316));
#4495 = VECTOR('',#4496,1.);
#4496 = DIRECTION('',(0.,0.,1.));
#4497 = ORIENTED_EDGE('',*,*,#4498,.F.);
#4498 = EDGE_CURVE('',#4499,#4491,#4501,.T.);
#4499 = VERTEX_POINT('',#4500);
#4500 = CARTESIAN_POINT('',(43.050603953892,65.699695136537,
    5.799999952316));
#4501 = CIRCLE('',#4502,2.1);
#4502 = AXIS2_PLACEMENT_3D('',#4503,#4504,#4505);
#4503 = CARTESIAN_POINT('',(44.7,66.9995,5.799999952316));
#4504 = DIRECTION('',(0.,0.,1.));
#4505 = DIRECTION('',(1.,0.,0.));
#4506 = ORIENTED_EDGE('',*,*,#4507,.T.);
#4507 = EDGE_CURVE('',#4499,#4470,#4508,.T.);
#4508 = LINE('',#4509,#4510);
#4509 = CARTESIAN_POINT('',(43.050603953892,65.699695136537,
    5.649999952316));
#4510 = VECTOR('',#4511,1.);
#4511 = DIRECTION('',(0.,0.,1.));
#4512 = CYLINDRICAL_SURFACE('',#4513,2.1);
#4513 = AXIS2_PLACEMENT_3D('',#4514,#4515,#4516);
#4514 = CARTESIAN_POINT('',(44.7,66.9995,4.499999952316));
#4515 = DIRECTION('',(0.,0.,1.));
#4516 = DIRECTION('',(1.,0.,0.));
#4517 = ADVANCED_FACE('',(#4518),#4524,.F.);
#4518 = FACE_BOUND('',#4519,.F.);
#4519 = EDGE_LOOP('',(#4520,#4521,#4522,#4523));
#4520 = ORIENTED_EDGE('',*,*,#3317,.F.);
#4521 = ORIENTED_EDGE('',*,*,#3568,.T.);
#4522 = ORIENTED_EDGE('',*,*,#3260,.T.);
#4523 = ORIENTED_EDGE('',*,*,#3284,.F.);
#4524 = PLANE('',#4525);
#4525 = AXIS2_PLACEMENT_3D('',#4526,#4527,#4528);
#4526 = CARTESIAN_POINT('',(45.8,56.95,9.099999952316));
#4527 = DIRECTION('',(1.,0.,0.));
#4528 = DIRECTION('',(0.,0.,1.));
#4529 = ADVANCED_FACE('',(#4530),#4536,.T.);
#4530 = FACE_BOUND('',#4531,.T.);
#4531 = EDGE_LOOP('',(#4532,#4533,#4534,#4535));
#4532 = ORIENTED_EDGE('',*,*,#3357,.T.);
#4533 = ORIENTED_EDGE('',*,*,#3333,.T.);
#4534 = ORIENTED_EDGE('',*,*,#3575,.T.);
#4535 = ORIENTED_EDGE('',*,*,#3552,.T.);
#4536 = PLANE('',#4537);
#4537 = AXIS2_PLACEMENT_3D('',#4538,#4539,#4540);
#4538 = CARTESIAN_POINT('',(48.7,49.4,9.999995231628E-02));
#4539 = DIRECTION('',(1.,0.,0.));
#4540 = DIRECTION('',(0.,0.,1.));
#4541 = ADVANCED_FACE('',(#4542),#4552,.F.);
#4542 = FACE_BOUND('',#4543,.F.);
#4543 = EDGE_LOOP('',(#4544,#4545,#4546,#4547,#4548,#4549,#4550,#4551));
#4544 = ORIENTED_EDGE('',*,*,#3438,.F.);
#4545 = ORIENTED_EDGE('',*,*,#3472,.T.);
#4546 = ORIENTED_EDGE('',*,*,#3489,.T.);
#4547 = ORIENTED_EDGE('',*,*,#3521,.F.);
#4548 = ORIENTED_EDGE('',*,*,#3536,.T.);
#4549 = ORIENTED_EDGE('',*,*,#3374,.T.);
#4550 = ORIENTED_EDGE('',*,*,#3398,.F.);
#4551 = ORIENTED_EDGE('',*,*,#3423,.F.);
#4552 = PLANE('',#4553);
#4553 = AXIS2_PLACEMENT_3D('',#4554,#4555,#4556);
#4554 = CARTESIAN_POINT('',(49.,49.4,9.999995231628E-02));
#4555 = DIRECTION('',(1.,0.,0.));
#4556 = DIRECTION('',(0.,0.,1.));
#4557 = ADVANCED_FACE('',(#4558),#4579,.F.);
#4558 = FACE_BOUND('',#4559,.F.);
#4559 = EDGE_LOOP('',(#4560,#4568,#4569,#4570,#4571,#4572));
#4560 = ORIENTED_EDGE('',*,*,#4561,.F.);
#4561 = EDGE_CURVE('',#3786,#4562,#4564,.T.);
#4562 = VERTEX_POINT('',#4563);
#4563 = CARTESIAN_POINT('',(6.65,68.5,11.799999952316));
#4564 = LINE('',#4565,#4566);
#4565 = CARTESIAN_POINT('',(6.65,68.5,10.599999952316));
#4566 = VECTOR('',#4567,1.);
#4567 = DIRECTION('',(0.,0.,1.));
#4568 = ORIENTED_EDGE('',*,*,#3796,.F.);
#4569 = ORIENTED_EDGE('',*,*,#3805,.F.);
#4570 = ORIENTED_EDGE('',*,*,#3785,.F.);
#4571 = ORIENTED_EDGE('',*,*,#4561,.T.);
#4572 = ORIENTED_EDGE('',*,*,#4573,.F.);
#4573 = EDGE_CURVE('',#4562,#4562,#4574,.T.);
#4574 = CIRCLE('',#4575,0.65);
#4575 = AXIS2_PLACEMENT_3D('',#4576,#4577,#4578);
#4576 = CARTESIAN_POINT('',(6.,68.5,11.799999952316));
#4577 = DIRECTION('',(0.,0.,1.));
#4578 = DIRECTION('',(1.,0.,0.));
#4579 = CYLINDRICAL_SURFACE('',#4580,0.65);
#4580 = AXIS2_PLACEMENT_3D('',#4581,#4582,#4583);
#4581 = CARTESIAN_POINT('',(6.,68.5,10.599999952316));
#4582 = DIRECTION('',(0.,0.,1.));
#4583 = DIRECTION('',(1.,0.,0.));
#4584 = ADVANCED_FACE('',(#4585),#4606,.F.);
#4585 = FACE_BOUND('',#4586,.F.);
#4586 = EDGE_LOOP('',(#4587,#4595,#4596,#4597,#4598,#4599));
#4587 = ORIENTED_EDGE('',*,*,#4588,.F.);
#4588 = EDGE_CURVE('',#3958,#4589,#4591,.T.);
#4589 = VERTEX_POINT('',#4590);
#4590 = CARTESIAN_POINT('',(6.65,52.5,11.799999952316));
#4591 = LINE('',#4592,#4593);
#4592 = CARTESIAN_POINT('',(6.65,52.5,10.599999952316));
#4593 = VECTOR('',#4594,1.);
#4594 = DIRECTION('',(0.,0.,1.));
#4595 = ORIENTED_EDGE('',*,*,#3968,.F.);
#4596 = ORIENTED_EDGE('',*,*,#3977,.F.);
#4597 = ORIENTED_EDGE('',*,*,#3957,.F.);
#4598 = ORIENTED_EDGE('',*,*,#4588,.T.);
#4599 = ORIENTED_EDGE('',*,*,#4600,.F.);
#4600 = EDGE_CURVE('',#4589,#4589,#4601,.T.);
#4601 = CIRCLE('',#4602,0.65);
#4602 = AXIS2_PLACEMENT_3D('',#4603,#4604,#4605);
#4603 = CARTESIAN_POINT('',(6.,52.5,11.799999952316));
#4604 = DIRECTION('',(0.,0.,1.));
#4605 = DIRECTION('',(1.,0.,0.));
#4606 = CYLINDRICAL_SURFACE('',#4607,0.65);
#4607 = AXIS2_PLACEMENT_3D('',#4608,#4609,#4610);
#4608 = CARTESIAN_POINT('',(6.,52.5,10.599999952316));
#4609 = DIRECTION('',(0.,0.,1.));
#4610 = DIRECTION('',(1.,0.,0.));
#4611 = ADVANCED_FACE('',(#4612),#4631,.F.);
#4612 = FACE_BOUND('',#4613,.T.);
#4613 = EDGE_LOOP('',(#4614,#4615,#4623,#4630));
#4614 = ORIENTED_EDGE('',*,*,#4049,.F.);
#4615 = ORIENTED_EDGE('',*,*,#4616,.T.);
#4616 = EDGE_CURVE('',#4050,#4617,#4619,.T.);
#4617 = VERTEX_POINT('',#4618);
#4618 = CARTESIAN_POINT('',(41.7,60.8,12.299999952316));
#4619 = LINE('',#4620,#4621);
#4620 = CARTESIAN_POINT('',(41.7,60.8,10.499999952316));
#4621 = VECTOR('',#4622,1.);
#4622 = DIRECTION('',(0.,0.,1.));
#4623 = ORIENTED_EDGE('',*,*,#4624,.F.);
#4624 = EDGE_CURVE('',#4617,#4617,#4625,.T.);
#4625 = CIRCLE('',#4626,16.7);
#4626 = AXIS2_PLACEMENT_3D('',#4627,#4628,#4629);
#4627 = CARTESIAN_POINT('',(25.,60.8,12.299999952316));
#4628 = DIRECTION('',(0.,0.,-1.));
#4629 = DIRECTION('',(1.,0.,0.));
#4630 = ORIENTED_EDGE('',*,*,#4616,.F.);
#4631 = CYLINDRICAL_SURFACE('',#4632,16.7);
#4632 = AXIS2_PLACEMENT_3D('',#4633,#4634,#4635);
#4633 = CARTESIAN_POINT('',(25.,60.8,10.499999952316));
#4634 = DIRECTION('',(-0.,-0.,-1.));
#4635 = DIRECTION('',(1.,0.,0.));
#4636 = ADVANCED_FACE('',(#4637),#4663,.F.);
#4637 = FACE_BOUND('',#4638,.T.);
#4638 = EDGE_LOOP('',(#4639,#4647,#4648,#4656));
#4639 = ORIENTED_EDGE('',*,*,#4640,.F.);
#4640 = EDGE_CURVE('',#4069,#4641,#4643,.T.);
#4641 = VERTEX_POINT('',#4642);
#4642 = CARTESIAN_POINT('',(12.5,1.85,12.299999952316));
#4643 = LINE('',#4644,#4645);
#4644 = CARTESIAN_POINT('',(12.5,1.85,12.219999952316));
#4645 = VECTOR('',#4646,1.);
#4646 = DIRECTION('',(0.,0.,1.));
#4647 = ORIENTED_EDGE('',*,*,#4066,.F.);
#4648 = ORIENTED_EDGE('',*,*,#4649,.T.);
#4649 = EDGE_CURVE('',#4067,#4650,#4652,.T.);
#4650 = VERTEX_POINT('',#4651);
#4651 = CARTESIAN_POINT('',(1.85,12.5,12.299999952316));
#4652 = LINE('',#4653,#4654);
#4653 = CARTESIAN_POINT('',(1.85,12.5,12.219999952316));
#4654 = VECTOR('',#4655,1.);
#4655 = DIRECTION('',(0.,0.,1.));
#4656 = ORIENTED_EDGE('',*,*,#4657,.F.);
#4657 = EDGE_CURVE('',#4641,#4650,#4658,.T.);
#4658 = CIRCLE('',#4659,10.65);
#4659 = AXIS2_PLACEMENT_3D('',#4660,#4661,#4662);
#4660 = CARTESIAN_POINT('',(12.5,12.5,12.299999952316));
#4661 = DIRECTION('',(0.,0.,-1.));
#4662 = DIRECTION('',(1.,0.,0.));
#4663 = CYLINDRICAL_SURFACE('',#4664,10.65);
#4664 = AXIS2_PLACEMENT_3D('',#4665,#4666,#4667);
#4665 = CARTESIAN_POINT('',(12.5,12.5,12.219999952316));
#4666 = DIRECTION('',(-0.,-0.,-1.));
#4667 = DIRECTION('',(1.,0.,0.));
#4668 = ADVANCED_FACE('',(#4669),#4687,.T.);
#4669 = FACE_BOUND('',#4670,.T.);
#4670 = EDGE_LOOP('',(#4671,#4672,#4673,#4681));
#4671 = ORIENTED_EDGE('',*,*,#4649,.F.);
#4672 = ORIENTED_EDGE('',*,*,#4077,.T.);
#4673 = ORIENTED_EDGE('',*,*,#4674,.T.);
#4674 = EDGE_CURVE('',#4078,#4675,#4677,.T.);
#4675 = VERTEX_POINT('',#4676);
#4676 = CARTESIAN_POINT('',(1.85,31.5,12.299999952316));
#4677 = LINE('',#4678,#4679);
#4678 = CARTESIAN_POINT('',(1.85,31.5,12.219999952316));
#4679 = VECTOR('',#4680,1.);
#4680 = DIRECTION('',(0.,0.,1.));
#4681 = ORIENTED_EDGE('',*,*,#4682,.F.);
#4682 = EDGE_CURVE('',#4650,#4675,#4683,.T.);
#4683 = LINE('',#4684,#4685);
#4684 = CARTESIAN_POINT('',(1.85,26.625,12.299999952316));
#4685 = VECTOR('',#4686,1.);
#4686 = DIRECTION('',(0.,1.,0.));
#4687 = PLANE('',#4688);
#4688 = AXIS2_PLACEMENT_3D('',#4689,#4690,#4691);
#4689 = CARTESIAN_POINT('',(1.85,12.5,12.219999952316));
#4690 = DIRECTION('',(1.,0.,0.));
#4691 = DIRECTION('',(0.,0.,1.));
#4692 = ADVANCED_FACE('',(#4693),#4711,.T.);
#4693 = FACE_BOUND('',#4694,.T.);
#4694 = EDGE_LOOP('',(#4695,#4696,#4697,#4705));
#4695 = ORIENTED_EDGE('',*,*,#4128,.F.);
#4696 = ORIENTED_EDGE('',*,*,#4640,.T.);
#4697 = ORIENTED_EDGE('',*,*,#4698,.F.);
#4698 = EDGE_CURVE('',#4699,#4641,#4701,.T.);
#4699 = VERTEX_POINT('',#4700);
#4700 = CARTESIAN_POINT('',(37.5,1.85,12.299999952316));
#4701 = LINE('',#4702,#4703);
#4702 = CARTESIAN_POINT('',(18.75,1.85,12.299999952316));
#4703 = VECTOR('',#4704,1.);
#4704 = DIRECTION('',(-1.,0.,0.));
#4705 = ORIENTED_EDGE('',*,*,#4706,.F.);
#4706 = EDGE_CURVE('',#4120,#4699,#4707,.T.);
#4707 = LINE('',#4708,#4709);
#4708 = CARTESIAN_POINT('',(37.5,1.85,12.219999952316));
#4709 = VECTOR('',#4710,1.);
#4710 = DIRECTION('',(0.,0.,1.));
#4711 = PLANE('',#4712);
#4712 = AXIS2_PLACEMENT_3D('',#4713,#4714,#4715);
#4713 = CARTESIAN_POINT('',(12.5,1.85,12.219999952316));
#4714 = DIRECTION('',(0.,1.,0.));
#4715 = DIRECTION('',(0.,0.,1.));
#4716 = ADVANCED_FACE('',(#4717),#4736,.F.);
#4717 = FACE_BOUND('',#4718,.T.);
#4718 = EDGE_LOOP('',(#4719,#4720,#4728,#4735));
#4719 = ORIENTED_EDGE('',*,*,#4085,.F.);
#4720 = ORIENTED_EDGE('',*,*,#4721,.T.);
#4721 = EDGE_CURVE('',#4086,#4722,#4724,.T.);
#4722 = VERTEX_POINT('',#4723);
#4723 = CARTESIAN_POINT('',(12.5,42.15,12.299999952316));
#4724 = LINE('',#4725,#4726);
#4725 = CARTESIAN_POINT('',(12.5,42.15,12.219999952316));
#4726 = VECTOR('',#4727,1.);
#4727 = DIRECTION('',(0.,0.,1.));
#4728 = ORIENTED_EDGE('',*,*,#4729,.F.);
#4729 = EDGE_CURVE('',#4675,#4722,#4730,.T.);
#4730 = CIRCLE('',#4731,10.65);
#4731 = AXIS2_PLACEMENT_3D('',#4732,#4733,#4734);
#4732 = CARTESIAN_POINT('',(12.5,31.5,12.299999952316));
#4733 = DIRECTION('',(0.,0.,-1.));
#4734 = DIRECTION('',(1.,0.,0.));
#4735 = ORIENTED_EDGE('',*,*,#4674,.F.);
#4736 = CYLINDRICAL_SURFACE('',#4737,10.65);
#4737 = AXIS2_PLACEMENT_3D('',#4738,#4739,#4740);
#4738 = CARTESIAN_POINT('',(12.5,31.5,12.219999952316));
#4739 = DIRECTION('',(-0.,-0.,-1.));
#4740 = DIRECTION('',(1.,0.,0.));
#4741 = ADVANCED_FACE('',(#4742),#4761,.F.);
#4742 = FACE_BOUND('',#4743,.T.);
#4743 = EDGE_LOOP('',(#4744,#4752,#4753,#4754));
#4744 = ORIENTED_EDGE('',*,*,#4745,.F.);
#4745 = EDGE_CURVE('',#4112,#4746,#4748,.T.);
#4746 = VERTEX_POINT('',#4747);
#4747 = CARTESIAN_POINT('',(48.15,12.5,12.299999952316));
#4748 = LINE('',#4749,#4750);
#4749 = CARTESIAN_POINT('',(48.15,12.5,12.219999952316));
#4750 = VECTOR('',#4751,1.);
#4751 = DIRECTION('',(0.,0.,1.));
#4752 = ORIENTED_EDGE('',*,*,#4119,.F.);
#4753 = ORIENTED_EDGE('',*,*,#4706,.T.);
#4754 = ORIENTED_EDGE('',*,*,#4755,.F.);
#4755 = EDGE_CURVE('',#4746,#4699,#4756,.T.);
#4756 = CIRCLE('',#4757,10.65);
#4757 = AXIS2_PLACEMENT_3D('',#4758,#4759,#4760);
#4758 = CARTESIAN_POINT('',(37.5,12.5,12.299999952316));
#4759 = DIRECTION('',(0.,0.,-1.));
#4760 = DIRECTION('',(1.,0.,0.));
#4761 = CYLINDRICAL_SURFACE('',#4762,10.65);
#4762 = AXIS2_PLACEMENT_3D('',#4763,#4764,#4765);
#4763 = CARTESIAN_POINT('',(37.5,12.5,12.219999952316));
#4764 = DIRECTION('',(-0.,-0.,-1.));
#4765 = DIRECTION('',(1.,0.,0.));
#4766 = ADVANCED_FACE('',(#4767),#4785,.F.);
#4767 = FACE_BOUND('',#4768,.F.);
#4768 = EDGE_LOOP('',(#4769,#4770,#4771,#4779));
#4769 = ORIENTED_EDGE('',*,*,#4094,.F.);
#4770 = ORIENTED_EDGE('',*,*,#4721,.T.);
#4771 = ORIENTED_EDGE('',*,*,#4772,.F.);
#4772 = EDGE_CURVE('',#4773,#4722,#4775,.T.);
#4773 = VERTEX_POINT('',#4774);
#4774 = CARTESIAN_POINT('',(37.5,42.15,12.299999952316));
#4775 = LINE('',#4776,#4777);
#4776 = CARTESIAN_POINT('',(18.75,42.15,12.299999952316));
#4777 = VECTOR('',#4778,1.);
#4778 = DIRECTION('',(-1.,0.,0.));
#4779 = ORIENTED_EDGE('',*,*,#4780,.F.);
#4780 = EDGE_CURVE('',#4095,#4773,#4781,.T.);
#4781 = LINE('',#4782,#4783);
#4782 = CARTESIAN_POINT('',(37.5,42.15,12.219999952316));
#4783 = VECTOR('',#4784,1.);
#4784 = DIRECTION('',(0.,0.,1.));
#4785 = PLANE('',#4786);
#4786 = AXIS2_PLACEMENT_3D('',#4787,#4788,#4789);
#4787 = CARTESIAN_POINT('',(12.5,42.15,12.219999952316));
#4788 = DIRECTION('',(0.,1.,0.));
#4789 = DIRECTION('',(0.,0.,1.));
#4790 = ADVANCED_FACE('',(#4791),#4809,.F.);
#4791 = FACE_BOUND('',#4792,.F.);
#4792 = EDGE_LOOP('',(#4793,#4794,#4795,#4803));
#4793 = ORIENTED_EDGE('',*,*,#4745,.F.);
#4794 = ORIENTED_EDGE('',*,*,#4111,.T.);
#4795 = ORIENTED_EDGE('',*,*,#4796,.T.);
#4796 = EDGE_CURVE('',#4103,#4797,#4799,.T.);
#4797 = VERTEX_POINT('',#4798);
#4798 = CARTESIAN_POINT('',(48.15,31.5,12.299999952316));
#4799 = LINE('',#4800,#4801);
#4800 = CARTESIAN_POINT('',(48.15,31.5,12.219999952316));
#4801 = VECTOR('',#4802,1.);
#4802 = DIRECTION('',(0.,0.,1.));
#4803 = ORIENTED_EDGE('',*,*,#4804,.F.);
#4804 = EDGE_CURVE('',#4746,#4797,#4805,.T.);
#4805 = LINE('',#4806,#4807);
#4806 = CARTESIAN_POINT('',(48.15,26.625,12.299999952316));
#4807 = VECTOR('',#4808,1.);
#4808 = DIRECTION('',(0.,1.,0.));
#4809 = PLANE('',#4810);
#4810 = AXIS2_PLACEMENT_3D('',#4811,#4812,#4813);
#4811 = CARTESIAN_POINT('',(48.15,12.5,12.219999952316));
#4812 = DIRECTION('',(1.,0.,0.));
#4813 = DIRECTION('',(0.,0.,1.));
#4814 = ADVANCED_FACE('',(#4815),#4827,.F.);
#4815 = FACE_BOUND('',#4816,.T.);
#4816 = EDGE_LOOP('',(#4817,#4818,#4819,#4826));
#4817 = ORIENTED_EDGE('',*,*,#4102,.F.);
#4818 = ORIENTED_EDGE('',*,*,#4796,.T.);
#4819 = ORIENTED_EDGE('',*,*,#4820,.F.);
#4820 = EDGE_CURVE('',#4773,#4797,#4821,.T.);
#4821 = CIRCLE('',#4822,10.65);
#4822 = AXIS2_PLACEMENT_3D('',#4823,#4824,#4825);
#4823 = CARTESIAN_POINT('',(37.5,31.5,12.299999952316));
#4824 = DIRECTION('',(0.,0.,-1.));
#4825 = DIRECTION('',(1.,0.,0.));
#4826 = ORIENTED_EDGE('',*,*,#4780,.F.);
#4827 = CYLINDRICAL_SURFACE('',#4828,10.65);
#4828 = AXIS2_PLACEMENT_3D('',#4829,#4830,#4831);
#4829 = CARTESIAN_POINT('',(37.5,31.5,12.219999952316));
#4830 = DIRECTION('',(-0.,-0.,-1.));
#4831 = DIRECTION('',(1.,0.,0.));
#4832 = ADVANCED_FACE('',(#4833,#4843,#4853),#4856,.T.);
#4833 = FACE_BOUND('',#4834,.T.);
#4834 = EDGE_LOOP('',(#4835,#4836,#4837,#4838,#4839,#4840,#4841,#4842));
#4835 = ORIENTED_EDGE('',*,*,#4171,.T.);
#4836 = ORIENTED_EDGE('',*,*,#4340,.T.);
#4837 = ORIENTED_EDGE('',*,*,#4324,.T.);
#4838 = ORIENTED_EDGE('',*,*,#4297,.T.);
#4839 = ORIENTED_EDGE('',*,*,#4273,.T.);
#4840 = ORIENTED_EDGE('',*,*,#4246,.T.);
#4841 = ORIENTED_EDGE('',*,*,#4222,.T.);
#4842 = ORIENTED_EDGE('',*,*,#4195,.T.);
#4843 = FACE_BOUND('',#4844,.T.);
#4844 = EDGE_LOOP('',(#4845,#4846,#4847,#4848,#4849,#4850,#4851,#4852));
#4845 = ORIENTED_EDGE('',*,*,#4698,.T.);
#4846 = ORIENTED_EDGE('',*,*,#4657,.T.);
#4847 = ORIENTED_EDGE('',*,*,#4682,.T.);
#4848 = ORIENTED_EDGE('',*,*,#4729,.T.);
#4849 = ORIENTED_EDGE('',*,*,#4772,.F.);
#4850 = ORIENTED_EDGE('',*,*,#4820,.T.);
#4851 = ORIENTED_EDGE('',*,*,#4804,.F.);
#4852 = ORIENTED_EDGE('',*,*,#4755,.T.);
#4853 = FACE_BOUND('',#4854,.T.);
#4854 = EDGE_LOOP('',(#4855));
#4855 = ORIENTED_EDGE('',*,*,#4624,.T.);
#4856 = PLANE('',#4857);
#4857 = AXIS2_PLACEMENT_3D('',#4858,#4859,#4860);
#4858 = CARTESIAN_POINT('',(25.,40.75,12.299999952316));
#4859 = DIRECTION('',(0.,0.,1.));
#4860 = DIRECTION('',(1.,0.,0.));
#4861 = ADVANCED_FACE('',(#4862),#4865,.F.);
#4862 = FACE_BOUND('',#4863,.F.);
#4863 = EDGE_LOOP('',(#4864));
#4864 = ORIENTED_EDGE('',*,*,#4368,.T.);
#4865 = PLANE('',#4866);
#4866 = AXIS2_PLACEMENT_3D('',#4867,#4868,#4869);
#4867 = CARTESIAN_POINT('',(44.,68.5,11.799999952316));
#4868 = DIRECTION('',(0.,0.,1.));
#4869 = DIRECTION('',(1.,0.,0.));
#4870 = ADVANCED_FACE('',(#4871),#4883,.F.);
#4871 = FACE_BOUND('',#4872,.F.);
#4872 = EDGE_LOOP('',(#4873,#4874,#4875,#4882));
#4873 = ORIENTED_EDGE('',*,*,#4393,.T.);
#4874 = ORIENTED_EDGE('',*,*,#4469,.T.);
#4875 = ORIENTED_EDGE('',*,*,#4876,.F.);
#4876 = EDGE_CURVE('',#4482,#4470,#4877,.T.);
#4877 = CIRCLE('',#4878,4.2);
#4878 = AXIS2_PLACEMENT_3D('',#4879,#4880,#4881);
#4879 = CARTESIAN_POINT('',(43.,61.5,6.499999952316));
#4880 = DIRECTION('',(0.,0.,1.));
#4881 = DIRECTION('',(1.,0.,0.));
#4882 = ORIENTED_EDGE('',*,*,#4481,.T.);
#4883 = PLANE('',#4884);
#4884 = AXIS2_PLACEMENT_3D('',#4885,#4886,#4887);
#4885 = CARTESIAN_POINT('',(44.7,66.9995,6.499999952316));
#4886 = DIRECTION('',(0.,0.,1.));
#4887 = DIRECTION('',(1.,0.,0.));
#4888 = ADVANCED_FACE('',(#4889),#4925,.T.);
#4889 = FACE_BOUND('',#4890,.T.);
#4890 = EDGE_LOOP('',(#4891,#4892,#4893,#4901,#4910,#4919));
#4891 = ORIENTED_EDGE('',*,*,#4418,.T.);
#4892 = ORIENTED_EDGE('',*,*,#4452,.T.);
#4893 = ORIENTED_EDGE('',*,*,#4894,.F.);
#4894 = EDGE_CURVE('',#4895,#4445,#4897,.T.);
#4895 = VERTEX_POINT('',#4896);
#4896 = CARTESIAN_POINT('',(38.867506805813,62.25,6.949999952316));
#4897 = LINE('',#4898,#4899);
#4898 = CARTESIAN_POINT('',(40.5,62.25,6.949999952316));
#4899 = VECTOR('',#4900,1.);
#4900 = DIRECTION('',(-1.,0.,0.));
#4901 = ORIENTED_EDGE('',*,*,#4902,.F.);
#4902 = EDGE_CURVE('',#4903,#4895,#4905,.T.);
#4903 = VERTEX_POINT('',#4904);
#4904 = CARTESIAN_POINT('',(47.2,61.5,6.949999952316));
#4905 = CIRCLE('',#4906,4.2);
#4906 = AXIS2_PLACEMENT_3D('',#4907,#4908,#4909);
#4907 = CARTESIAN_POINT('',(43.,61.5,6.949999952316));
#4908 = DIRECTION('',(0.,0.,1.));
#4909 = DIRECTION('',(1.,0.,0.));
#4910 = ORIENTED_EDGE('',*,*,#4911,.F.);
#4911 = EDGE_CURVE('',#4912,#4903,#4914,.T.);
#4912 = VERTEX_POINT('',#4913);
#4913 = CARTESIAN_POINT('',(38.867506805813,60.75,6.949999952316));
#4914 = CIRCLE('',#4915,4.2);
#4915 = AXIS2_PLACEMENT_3D('',#4916,#4917,#4918);
#4916 = CARTESIAN_POINT('',(43.,61.5,6.949999952316));
#4917 = DIRECTION('',(0.,0.,1.));
#4918 = DIRECTION('',(1.,0.,0.));
#4919 = ORIENTED_EDGE('',*,*,#4920,.T.);
#4920 = EDGE_CURVE('',#4912,#4419,#4921,.T.);
#4921 = LINE('',#4922,#4923);
#4922 = CARTESIAN_POINT('',(40.5,60.75,6.949999952316));
#4923 = VECTOR('',#4924,1.);
#4924 = DIRECTION('',(-1.,0.,0.));
#4925 = PLANE('',#4926);
#4926 = AXIS2_PLACEMENT_3D('',#4927,#4928,#4929);
#4927 = CARTESIAN_POINT('',(43.,61.5,6.949999952316));
#4928 = DIRECTION('',(0.,0.,1.));
#4929 = DIRECTION('',(1.,0.,0.));
#4930 = ADVANCED_FACE('',(#4931),#4949,.T.);
#4931 = FACE_BOUND('',#4932,.T.);
#4932 = EDGE_LOOP('',(#4933,#4941,#4942,#4943));
#4933 = ORIENTED_EDGE('',*,*,#4934,.F.);
#4934 = EDGE_CURVE('',#4428,#4935,#4937,.T.);
#4935 = VERTEX_POINT('',#4936);
#4936 = CARTESIAN_POINT('',(38.867506805813,60.75,5.799999952316));
#4937 = LINE('',#4938,#4939);
#4938 = CARTESIAN_POINT('',(38.,60.75,5.799999952316));
#4939 = VECTOR('',#4940,1.);
#4940 = DIRECTION('',(1.,0.,0.));
#4941 = ORIENTED_EDGE('',*,*,#4427,.T.);
#4942 = ORIENTED_EDGE('',*,*,#4920,.F.);
#4943 = ORIENTED_EDGE('',*,*,#4944,.F.);
#4944 = EDGE_CURVE('',#4935,#4912,#4945,.T.);
#4945 = LINE('',#4946,#4947);
#4946 = CARTESIAN_POINT('',(38.867506805813,60.75,5.649999952316));
#4947 = VECTOR('',#4948,1.);
#4948 = DIRECTION('',(0.,0.,1.));
#4949 = PLANE('',#4950);
#4950 = AXIS2_PLACEMENT_3D('',#4951,#4952,#4953);
#4951 = CARTESIAN_POINT('',(38.,60.75,5.799999952316));
#4952 = DIRECTION('',(0.,1.,0.));
#4953 = DIRECTION('',(0.,0.,1.));
#4954 = ADVANCED_FACE('',(#4955),#5009,.T.);
#4955 = FACE_BOUND('',#4956,.T.);
#4956 = EDGE_LOOP('',(#4957,#4966,#4975,#4984,#4991,#4992,#5001,#5007,
    #5008));
#4957 = ORIENTED_EDGE('',*,*,#4958,.T.);
#4958 = EDGE_CURVE('',#4935,#4959,#4961,.T.);
#4959 = VERTEX_POINT('',#4960);
#4960 = CARTESIAN_POINT('',(47.0249223595,60.3,5.799999952316));
#4961 = CIRCLE('',#4962,4.2);
#4962 = AXIS2_PLACEMENT_3D('',#4963,#4964,#4965);
#4963 = CARTESIAN_POINT('',(43.,61.5,5.799999952316));
#4964 = DIRECTION('',(0.,0.,1.));
#4965 = DIRECTION('',(1.,0.,0.));
#4966 = ORIENTED_EDGE('',*,*,#4967,.T.);
#4967 = EDGE_CURVE('',#4959,#4968,#4970,.T.);
#4968 = VERTEX_POINT('',#4969);
#4969 = CARTESIAN_POINT('',(47.2,61.5,5.799999952316));
#4970 = CIRCLE('',#4971,4.2);
#4971 = AXIS2_PLACEMENT_3D('',#4972,#4973,#4974);
#4972 = CARTESIAN_POINT('',(43.,61.5,5.799999952316));
#4973 = DIRECTION('',(0.,0.,1.));
#4974 = DIRECTION('',(1.,0.,0.));
#4975 = ORIENTED_EDGE('',*,*,#4976,.T.);
#4976 = EDGE_CURVE('',#4968,#4977,#4979,.T.);
#4977 = VERTEX_POINT('',#4978);
#4978 = CARTESIAN_POINT('',(47.0249223595,62.7,5.799999952316));
#4979 = CIRCLE('',#4980,4.2);
#4980 = AXIS2_PLACEMENT_3D('',#4981,#4982,#4983);
#4981 = CARTESIAN_POINT('',(43.,61.5,5.799999952316));
#4982 = DIRECTION('',(0.,0.,1.));
#4983 = DIRECTION('',(1.,0.,0.));
#4984 = ORIENTED_EDGE('',*,*,#4985,.T.);
#4985 = EDGE_CURVE('',#4977,#4491,#4986,.T.);
#4986 = CIRCLE('',#4987,4.2);
#4987 = AXIS2_PLACEMENT_3D('',#4988,#4989,#4990);
#4988 = CARTESIAN_POINT('',(43.,61.5,5.799999952316));
#4989 = DIRECTION('',(0.,0.,1.));
#4990 = DIRECTION('',(1.,0.,0.));
#4991 = ORIENTED_EDGE('',*,*,#4498,.F.);
#4992 = ORIENTED_EDGE('',*,*,#4993,.T.);
#4993 = EDGE_CURVE('',#4499,#4994,#4996,.T.);
#4994 = VERTEX_POINT('',#4995);
#4995 = CARTESIAN_POINT('',(38.867506805813,62.25,5.799999952316));
#4996 = CIRCLE('',#4997,4.2);
#4997 = AXIS2_PLACEMENT_3D('',#4998,#4999,#5000);
#4998 = CARTESIAN_POINT('',(43.,61.5,5.799999952316));
#4999 = DIRECTION('',(0.,0.,1.));
#5000 = DIRECTION('',(1.,0.,0.));
#5001 = ORIENTED_EDGE('',*,*,#5002,.F.);
#5002 = EDGE_CURVE('',#4436,#4994,#5003,.T.);
#5003 = LINE('',#5004,#5005);
#5004 = CARTESIAN_POINT('',(38.,62.25,5.799999952316));
#5005 = VECTOR('',#5006,1.);
#5006 = DIRECTION('',(1.,0.,0.));
#5007 = ORIENTED_EDGE('',*,*,#4435,.T.);
#5008 = ORIENTED_EDGE('',*,*,#4934,.T.);
#5009 = PLANE('',#5010);
#5010 = AXIS2_PLACEMENT_3D('',#5011,#5012,#5013);
#5011 = CARTESIAN_POINT('',(42.783238963212,61.588423717037,
    5.799999952316));
#5012 = DIRECTION('',(0.,0.,1.));
#5013 = DIRECTION('',(1.,0.,0.));
#5014 = ADVANCED_FACE('',(#5015),#5026,.F.);
#5015 = FACE_BOUND('',#5016,.F.);
#5016 = EDGE_LOOP('',(#5017,#5018,#5019,#5020));
#5017 = ORIENTED_EDGE('',*,*,#5002,.F.);
#5018 = ORIENTED_EDGE('',*,*,#4444,.T.);
#5019 = ORIENTED_EDGE('',*,*,#4894,.F.);
#5020 = ORIENTED_EDGE('',*,*,#5021,.F.);
#5021 = EDGE_CURVE('',#4994,#4895,#5022,.T.);
#5022 = LINE('',#5023,#5024);
#5023 = CARTESIAN_POINT('',(38.867506805813,62.25,5.649999952316));
#5024 = VECTOR('',#5025,1.);
#5025 = DIRECTION('',(0.,0.,1.));
#5026 = PLANE('',#5027);
#5027 = AXIS2_PLACEMENT_3D('',#5028,#5029,#5030);
#5028 = CARTESIAN_POINT('',(38.,62.25,5.799999952316));
#5029 = DIRECTION('',(0.,1.,0.));
#5030 = DIRECTION('',(0.,0.,1.));
#5031 = ADVANCED_FACE('',(#5032),#5046,.F.);
#5032 = FACE_BOUND('',#5033,.F.);
#5033 = EDGE_LOOP('',(#5034,#5035,#5036,#5037,#5038,#5039,#5040,#5041,
    #5042,#5043,#5044,#5045));
#5034 = ORIENTED_EDGE('',*,*,#4985,.T.);
#5035 = ORIENTED_EDGE('',*,*,#4490,.T.);
#5036 = ORIENTED_EDGE('',*,*,#4876,.T.);
#5037 = ORIENTED_EDGE('',*,*,#4507,.F.);
#5038 = ORIENTED_EDGE('',*,*,#4993,.T.);
#5039 = ORIENTED_EDGE('',*,*,#5021,.T.);
#5040 = ORIENTED_EDGE('',*,*,#4902,.F.);
#5041 = ORIENTED_EDGE('',*,*,#4911,.F.);
#5042 = ORIENTED_EDGE('',*,*,#4944,.F.);
#5043 = ORIENTED_EDGE('',*,*,#4958,.T.);
#5044 = ORIENTED_EDGE('',*,*,#4967,.T.);
#5045 = ORIENTED_EDGE('',*,*,#4976,.T.);
#5046 = CYLINDRICAL_SURFACE('',#5047,4.2);
#5047 = AXIS2_PLACEMENT_3D('',#5048,#5049,#5050);
#5048 = CARTESIAN_POINT('',(43.,61.5,5.649999952316));
#5049 = DIRECTION('',(0.,0.,1.));
#5050 = DIRECTION('',(1.,0.,0.));
#5051 = ADVANCED_FACE('',(#5052),#5055,.F.);
#5052 = FACE_BOUND('',#5053,.F.);
#5053 = EDGE_LOOP('',(#5054));
#5054 = ORIENTED_EDGE('',*,*,#4573,.T.);
#5055 = PLANE('',#5056);
#5056 = AXIS2_PLACEMENT_3D('',#5057,#5058,#5059);
#5057 = CARTESIAN_POINT('',(6.,68.5,11.799999952316));
#5058 = DIRECTION('',(0.,0.,1.));
#5059 = DIRECTION('',(1.,0.,0.));
#5060 = ADVANCED_FACE('',(#5061),#5064,.F.);
#5061 = FACE_BOUND('',#5062,.F.);
#5062 = EDGE_LOOP('',(#5063));
#5063 = ORIENTED_EDGE('',*,*,#4600,.T.);
#5064 = PLANE('',#5065);
#5065 = AXIS2_PLACEMENT_3D('',#5066,#5067,#5068);
#5066 = CARTESIAN_POINT('',(6.,52.5,11.799999952316));
#5067 = DIRECTION('',(0.,0.,1.));
#5068 = DIRECTION('',(1.,0.,0.));
#5069 = ADVANCED_FACE('',(#5070),#5076,.T.);
#5070 = FACE_BOUND('',#5071,.T.);
#5071 = EDGE_LOOP('',(#5072,#5073,#5074,#5075));
#5072 = ORIENTED_EDGE('',*,*,#2353,.T.);
#5073 = ORIENTED_EDGE('',*,*,#1096,.T.);
#5074 = ORIENTED_EDGE('',*,*,#2404,.F.);
#5075 = ORIENTED_EDGE('',*,*,#2380,.F.);
#5076 = PLANE('',#5077);
#5077 = AXIS2_PLACEMENT_3D('',#5078,#5079,#5080);
#5078 = CARTESIAN_POINT('',(45.192556911395,52.5,10.699999952316));
#5079 = DIRECTION('',(-0.,-0.,-1.));
#5080 = DIRECTION('',(-1.,0.,0.));
#5081 = ( GEOMETRIC_REPRESENTATION_CONTEXT(3) 
GLOBAL_UNCERTAINTY_ASSIGNED_CONTEXT((#5085)) 
GLOBAL_UNIT_ASSIGNED_CONTEXT((#5082,#5083,#5084)) REPRESENTATION_CONTEXT
('Context #1','3D Context with UNIT and UNCERTAINTY') );
#5082 = ( LENGTH_UNIT() NAMED_UNIT(*) SI_UNIT(.MILLI.,.METRE.) );
#5083 = ( NAMED_UNIT(*) PLANE_ANGLE_UNIT() SI_UNIT($,.RADIAN.) );
#5084 = ( NAMED_UNIT(*) SI_UNIT($,.STERADIAN.) SOLID_ANGLE_UNIT() );
#5085 = UNCERTAINTY_MEASURE_WITH_UNIT(LENGTH_MEASURE(1.E-05),#5082,
  'distance_accuracy_value','confusion accuracy');
#5086 = PRODUCT_RELATED_PRODUCT_CATEGORY('part',$,(#7));
ENDSEC;
END-ISO-10303-21;
