ISO-10303-21;
HEADER;
FILE_DESCRIPTION(('FreeCAD Model'),'2;1');
FILE_NAME('Open CASCADE Shape Model','2026-09-21T20:47:48',('Author'),(
    ''),'Open CASCADE STEP processor 7.8','FreeCAD','Unknown');
FILE_SCHEMA(('AUTOMOTIVE_DESIGN { 1 0 10303 214 1 1 1 1 }'));
ENDSEC;
DATA;
#1 = APPLICATION_PROTOCOL_DEFINITION('international standard',
  'automotive_design',2000,#2);
#2 = APPLICATION_CONTEXT(
  'core data for automotive mechanical design processes');
#3 = SHAPE_DEFINITION_REPRESENTATION(#4,#10);
#4 = PRODUCT_DEFINITION_SHAPE('','',#5);
#5 = PRODUCT_DEFINITION('design','',#6,#9);
#6 = PRODUCT_DEFINITION_FORMATION('','',#7);
#7 = PRODUCT('TCA6408A_VQFN16','TCA6408A_VQFN16','',(#8));
#8 = PRODUCT_CONTEXT('',#2,'mechanical');
#9 = PRODUCT_DEFINITION_CONTEXT('part definition',#2,'design');
#10 = SHAPE_REPRESENTATION('',(#11,#15,#19,#23,#27,#31,#35,#39,#43,#47,
    #51,#55,#59,#63,#67,#71,#75,#79,#83),#87);
#11 = AXIS2_PLACEMENT_3D('',#12,#13,#14);
#12 = CARTESIAN_POINT('',(0.,0.,0.));
#13 = DIRECTION('',(0.,0.,1.));
#14 = DIRECTION('',(1.,0.,-0.));
#15 = AXIS2_PLACEMENT_3D('',#16,#17,#18);
#16 = CARTESIAN_POINT('',(0.,0.,0.));
#17 = DIRECTION('',(0.,0.,1.));
#18 = DIRECTION('',(1.,0.,0.));
#19 = AXIS2_PLACEMENT_3D('',#20,#21,#22);
#20 = CARTESIAN_POINT('',(0.,0.,0.));
#21 = DIRECTION('',(0.,0.,1.));
#22 = DIRECTION('',(1.,0.,0.));
#23 = AXIS2_PLACEMENT_3D('',#24,#25,#26);
#24 = CARTESIAN_POINT('',(0.,0.,0.));
#25 = DIRECTION('',(0.,0.,1.));
#26 = DIRECTION('',(1.,0.,0.));
#27 = AXIS2_PLACEMENT_3D('',#28,#29,#30);
#28 = CARTESIAN_POINT('',(0.,0.,0.));
#29 = DIRECTION('',(0.,0.,1.));
#30 = DIRECTION('',(1.,0.,0.));
#31 = AXIS2_PLACEMENT_3D('',#32,#33,#34);
#32 = CARTESIAN_POINT('',(0.,0.,0.));
#33 = DIRECTION('',(0.,0.,1.));
#34 = DIRECTION('',(1.,0.,0.));
#35 = AXIS2_PLACEMENT_3D('',#36,#37,#38);
#36 = CARTESIAN_POINT('',(0.,0.,0.));
#37 = DIRECTION('',(0.,0.,1.));
#38 = DIRECTION('',(1.,0.,0.));
#39 = AXIS2_PLACEMENT_3D('',#40,#41,#42);
#40 = CARTESIAN_POINT('',(0.,0.,0.));
#41 = DIRECTION('',(0.,0.,1.));
#42 = DIRECTION('',(1.,0.,0.));
#43 = AXIS2_PLACEMENT_3D('',#44,#45,#46);
#44 = CARTESIAN_POINT('',(0.,0.,0.));
#45 = DIRECTION('',(0.,0.,1.));
#46 = DIRECTION('',(1.,0.,0.));
#47 = AXIS2_PLACEMENT_3D('',#48,#49,#50);
#48 = CARTESIAN_POINT('',(0.,0.,0.));
#49 = DIRECTION('',(0.,0.,1.));
#50 = DIRECTION('',(1.,0.,0.));
#51 = AXIS2_PLACEMENT_3D('',#52,#53,#54);
#52 = CARTESIAN_POINT('',(0.,0.,0.));
#53 = DIRECTION('',(0.,0.,1.));
#54 = DIRECTION('',(1.,0.,0.));
#55 = AXIS2_PLACEMENT_3D('',#56,#57,#58);
#56 = CARTESIAN_POINT('',(0.,0.,0.));
#57 = DIRECTION('',(0.,0.,1.));
#58 = DIRECTION('',(1.,0.,0.));
#59 = AXIS2_PLACEMENT_3D('',#60,#61,#62);
#60 = CARTESIAN_POINT('',(0.,0.,0.));
#61 = DIRECTION('',(0.,0.,1.));
#62 = DIRECTION('',(1.,0.,0.));
#63 = AXIS2_PLACEMENT_3D('',#64,#65,#66);
#64 = CARTESIAN_POINT('',(0.,0.,0.));
#65 = DIRECTION('',(0.,0.,1.));
#66 = DIRECTION('',(1.,0.,0.));
#67 = AXIS2_PLACEMENT_3D('',#68,#69,#70);
#68 = CARTESIAN_POINT('',(0.,0.,0.));
#69 = DIRECTION('',(0.,0.,1.));
#70 = DIRECTION('',(1.,0.,0.));
#71 = AXIS2_PLACEMENT_3D('',#72,#73,#74);
#72 = CARTESIAN_POINT('',(0.,0.,0.));
#73 = DIRECTION('',(0.,0.,1.));
#74 = DIRECTION('',(1.,0.,0.));
#75 = AXIS2_PLACEMENT_3D('',#76,#77,#78);
#76 = CARTESIAN_POINT('',(0.,0.,0.));
#77 = DIRECTION('',(0.,0.,1.));
#78 = DIRECTION('',(1.,0.,0.));
#79 = AXIS2_PLACEMENT_3D('',#80,#81,#82);
#80 = CARTESIAN_POINT('',(0.,0.,0.));
#81 = DIRECTION('',(0.,0.,1.));
#82 = DIRECTION('',(1.,0.,0.));
#83 = AXIS2_PLACEMENT_3D('',#84,#85,#86);
#84 = CARTESIAN_POINT('',(0.,0.,0.));
#85 = DIRECTION('',(0.,0.,1.));
#86 = DIRECTION('',(1.,0.,0.));
#87 = ( GEOMETRIC_REPRESENTATION_CONTEXT(3) 
GLOBAL_UNCERTAINTY_ASSIGNED_CONTEXT((#91)) GLOBAL_UNIT_ASSIGNED_CONTEXT(
(#88,#89,#90)) REPRESENTATION_CONTEXT('Context #1',
  '3D Context with UNIT and UNCERTAINTY') );
#88 = ( LENGTH_UNIT() NAMED_UNIT(*) SI_UNIT(.MILLI.,.METRE.) );
#89 = ( NAMED_UNIT(*) PLANE_ANGLE_UNIT() SI_UNIT($,.RADIAN.) );
#90 = ( NAMED_UNIT(*) SI_UNIT($,.STERADIAN.) SOLID_ANGLE_UNIT() );
#91 = UNCERTAINTY_MEASURE_WITH_UNIT(LENGTH_MEASURE(1.E-07),#88,
  'distance_accuracy_value','confusion accuracy');
#92 = PRODUCT_RELATED_PRODUCT_CATEGORY('part',$,(#7));
#93 = SHAPE_DEFINITION_REPRESENTATION(#94,#100);
#94 = PRODUCT_DEFINITION_SHAPE('','',#95);
#95 = PRODUCT_DEFINITION('design','',#96,#99);
#96 = PRODUCT_DEFINITION_FORMATION('','',#97);
#97 = PRODUCT('TCA6408A_VQFN16_0','TCA6408A_VQFN16_0','',(#98));
#98 = PRODUCT_CONTEXT('',#2,'mechanical');
#99 = PRODUCT_DEFINITION_CONTEXT('part definition',#2,'design');
#100 = ADVANCED_BREP_SHAPE_REPRESENTATION('',(#11,#101),#251);
#101 = MANIFOLD_SOLID_BREP('',#102);
#102 = CLOSED_SHELL('',(#103,#143,#183,#205,#227,#239));
#103 = ADVANCED_FACE('',(#104),#138,.F.);
#104 = FACE_BOUND('',#105,.F.);
#105 = EDGE_LOOP('',(#106,#116,#124,#132));
#106 = ORIENTED_EDGE('',*,*,#107,.F.);
#107 = EDGE_CURVE('',#108,#110,#112,.T.);
#108 = VERTEX_POINT('',#109);
#109 = CARTESIAN_POINT('',(-1.5,-1.5,5.E-02));
#110 = VERTEX_POINT('',#111);
#111 = CARTESIAN_POINT('',(-1.5,-1.5,1.));
#112 = LINE('',#113,#114);
#113 = CARTESIAN_POINT('',(-1.5,-1.5,5.E-02));
#114 = VECTOR('',#115,1.);
#115 = DIRECTION('',(0.,0.,1.));
#116 = ORIENTED_EDGE('',*,*,#117,.T.);
#117 = EDGE_CURVE('',#108,#118,#120,.T.);
#118 = VERTEX_POINT('',#119);
#119 = CARTESIAN_POINT('',(-1.5,1.5,5.E-02));
#120 = LINE('',#121,#122);
#121 = CARTESIAN_POINT('',(-1.5,-1.5,5.E-02));
#122 = VECTOR('',#123,1.);
#123 = DIRECTION('',(-0.,1.,0.));
#124 = ORIENTED_EDGE('',*,*,#125,.T.);
#125 = EDGE_CURVE('',#118,#126,#128,.T.);
#126 = VERTEX_POINT('',#127);
#127 = CARTESIAN_POINT('',(-1.5,1.5,1.));
#128 = LINE('',#129,#130);
#129 = CARTESIAN_POINT('',(-1.5,1.5,5.E-02));
#130 = VECTOR('',#131,1.);
#131 = DIRECTION('',(0.,0.,1.));
#132 = ORIENTED_EDGE('',*,*,#133,.F.);
#133 = EDGE_CURVE('',#110,#126,#134,.T.);
#134 = LINE('',#135,#136);
#135 = CARTESIAN_POINT('',(-1.5,-1.5,1.));
#136 = VECTOR('',#137,1.);
#137 = DIRECTION('',(-0.,1.,0.));
#138 = PLANE('',#139);
#139 = AXIS2_PLACEMENT_3D('',#140,#141,#142);
#140 = CARTESIAN_POINT('',(-1.5,-1.5,5.E-02));
#141 = DIRECTION('',(1.,0.,-0.));
#142 = DIRECTION('',(0.,0.,1.));
#143 = ADVANCED_FACE('',(#144),#178,.T.);
#144 = FACE_BOUND('',#145,.T.);
#145 = EDGE_LOOP('',(#146,#156,#164,#172));
#146 = ORIENTED_EDGE('',*,*,#147,.F.);
#147 = EDGE_CURVE('',#148,#150,#152,.T.);
#148 = VERTEX_POINT('',#149);
#149 = CARTESIAN_POINT('',(1.5,-1.5,5.E-02));
#150 = VERTEX_POINT('',#151);
#151 = CARTESIAN_POINT('',(1.5,-1.5,1.));
#152 = LINE('',#153,#154);
#153 = CARTESIAN_POINT('',(1.5,-1.5,5.E-02));
#154 = VECTOR('',#155,1.);
#155 = DIRECTION('',(0.,0.,1.));
#156 = ORIENTED_EDGE('',*,*,#157,.T.);
#157 = EDGE_CURVE('',#148,#158,#160,.T.);
#158 = VERTEX_POINT('',#159);
#159 = CARTESIAN_POINT('',(1.5,1.5,5.E-02));
#160 = LINE('',#161,#162);
#161 = CARTESIAN_POINT('',(1.5,-1.5,5.E-02));
#162 = VECTOR('',#163,1.);
#163 = DIRECTION('',(-0.,1.,0.));
#164 = ORIENTED_EDGE('',*,*,#165,.T.);
#165 = EDGE_CURVE('',#158,#166,#168,.T.);
#166 = VERTEX_POINT('',#167);
#167 = CARTESIAN_POINT('',(1.5,1.5,1.));
#168 = LINE('',#169,#170);
#169 = CARTESIAN_POINT('',(1.5,1.5,5.E-02));
#170 = VECTOR('',#171,1.);
#171 = DIRECTION('',(0.,0.,1.));
#172 = ORIENTED_EDGE('',*,*,#173,.F.);
#173 = EDGE_CURVE('',#150,#166,#174,.T.);
#174 = LINE('',#175,#176);
#175 = CARTESIAN_POINT('',(1.5,-1.5,1.));
#176 = VECTOR('',#177,1.);
#177 = DIRECTION('',(-0.,1.,0.));
#178 = PLANE('',#179);
#179 = AXIS2_PLACEMENT_3D('',#180,#181,#182);
#180 = CARTESIAN_POINT('',(1.5,-1.5,5.E-02));
#181 = DIRECTION('',(1.,0.,-0.));
#182 = DIRECTION('',(0.,0.,1.));
#183 = ADVANCED_FACE('',(#184),#200,.F.);
#184 = FACE_BOUND('',#185,.F.);
#185 = EDGE_LOOP('',(#186,#192,#193,#199));
#186 = ORIENTED_EDGE('',*,*,#187,.F.);
#187 = EDGE_CURVE('',#108,#148,#188,.T.);
#188 = LINE('',#189,#190);
#189 = CARTESIAN_POINT('',(-1.5,-1.5,5.E-02));
#190 = VECTOR('',#191,1.);
#191 = DIRECTION('',(1.,0.,-0.));
#192 = ORIENTED_EDGE('',*,*,#107,.T.);
#193 = ORIENTED_EDGE('',*,*,#194,.T.);
#194 = EDGE_CURVE('',#110,#150,#195,.T.);
#195 = LINE('',#196,#197);
#196 = CARTESIAN_POINT('',(-1.5,-1.5,1.));
#197 = VECTOR('',#198,1.);
#198 = DIRECTION('',(1.,0.,-0.));
#199 = ORIENTED_EDGE('',*,*,#147,.F.);
#200 = PLANE('',#201);
#201 = AXIS2_PLACEMENT_3D('',#202,#203,#204);
#202 = CARTESIAN_POINT('',(-1.5,-1.5,5.E-02));
#203 = DIRECTION('',(-0.,1.,0.));
#204 = DIRECTION('',(0.,0.,1.));
#205 = ADVANCED_FACE('',(#206),#222,.T.);
#206 = FACE_BOUND('',#207,.T.);
#207 = EDGE_LOOP('',(#208,#214,#215,#221));
#208 = ORIENTED_EDGE('',*,*,#209,.F.);
#209 = EDGE_CURVE('',#118,#158,#210,.T.);
#210 = LINE('',#211,#212);
#211 = CARTESIAN_POINT('',(-1.5,1.5,5.E-02));
#212 = VECTOR('',#213,1.);
#213 = DIRECTION('',(1.,0.,-0.));
#214 = ORIENTED_EDGE('',*,*,#125,.T.);
#215 = ORIENTED_EDGE('',*,*,#216,.T.);
#216 = EDGE_CURVE('',#126,#166,#217,.T.);
#217 = LINE('',#218,#219);
#218 = CARTESIAN_POINT('',(-1.5,1.5,1.));
#219 = VECTOR('',#220,1.);
#220 = DIRECTION('',(1.,0.,-0.));
#221 = ORIENTED_EDGE('',*,*,#165,.F.);
#222 = PLANE('',#223);
#223 = AXIS2_PLACEMENT_3D('',#224,#225,#226);
#224 = CARTESIAN_POINT('',(-1.5,1.5,5.E-02));
#225 = DIRECTION('',(-0.,1.,0.));
#226 = DIRECTION('',(0.,0.,1.));
#227 = ADVANCED_FACE('',(#228),#234,.F.);
#228 = FACE_BOUND('',#229,.F.);
#229 = EDGE_LOOP('',(#230,#231,#232,#233));
#230 = ORIENTED_EDGE('',*,*,#117,.F.);
#231 = ORIENTED_EDGE('',*,*,#187,.T.);
#232 = ORIENTED_EDGE('',*,*,#157,.T.);
#233 = ORIENTED_EDGE('',*,*,#209,.F.);
#234 = PLANE('',#235);
#235 = AXIS2_PLACEMENT_3D('',#236,#237,#238);
#236 = CARTESIAN_POINT('',(-1.5,-1.5,5.E-02));
#237 = DIRECTION('',(0.,0.,1.));
#238 = DIRECTION('',(1.,0.,-0.));
#239 = ADVANCED_FACE('',(#240),#246,.T.);
#240 = FACE_BOUND('',#241,.T.);
#241 = EDGE_LOOP('',(#242,#243,#244,#245));
#242 = ORIENTED_EDGE('',*,*,#133,.F.);
#243 = ORIENTED_EDGE('',*,*,#194,.T.);
#244 = ORIENTED_EDGE('',*,*,#173,.T.);
#245 = ORIENTED_EDGE('',*,*,#216,.F.);
#246 = PLANE('',#247);
#247 = AXIS2_PLACEMENT_3D('',#248,#249,#250);
#248 = CARTESIAN_POINT('',(-1.5,-1.5,1.));
#249 = DIRECTION('',(0.,0.,1.));
#250 = DIRECTION('',(1.,0.,-0.));
#251 = ( GEOMETRIC_REPRESENTATION_CONTEXT(3) 
GLOBAL_UNCERTAINTY_ASSIGNED_CONTEXT((#255)) GLOBAL_UNIT_ASSIGNED_CONTEXT
((#252,#253,#254)) REPRESENTATION_CONTEXT('Context #1',
  '3D Context with UNIT and UNCERTAINTY') );
#252 = ( LENGTH_UNIT() NAMED_UNIT(*) SI_UNIT(.MILLI.,.METRE.) );
#253 = ( NAMED_UNIT(*) PLANE_ANGLE_UNIT() SI_UNIT($,.RADIAN.) );
#254 = ( NAMED_UNIT(*) SI_UNIT($,.STERADIAN.) SOLID_ANGLE_UNIT() );
#255 = UNCERTAINTY_MEASURE_WITH_UNIT(LENGTH_MEASURE(1.E-07),#252,
  'distance_accuracy_value','confusion accuracy');
#256 = CONTEXT_DEPENDENT_SHAPE_REPRESENTATION(#257,#259);
#257 = ( REPRESENTATION_RELATIONSHIP('','',#100,#10) 
REPRESENTATION_RELATIONSHIP_WITH_TRANSFORMATION(#258) 
SHAPE_REPRESENTATION_RELATIONSHIP() );
#258 = ITEM_DEFINED_TRANSFORMATION('','',#11,#15);
#259 = PRODUCT_DEFINITION_SHAPE('Placement','Placement of an item',#260
  );
#260 = NEXT_ASSEMBLY_USAGE_OCCURRENCE('23','TCA6408A_VQFN16_0','',#5,#95
  ,$);
#261 = PRODUCT_RELATED_PRODUCT_CATEGORY('part',$,(#97));
#262 = SHAPE_DEFINITION_REPRESENTATION(#263,#269);
#263 = PRODUCT_DEFINITION_SHAPE('','',#264);
#264 = PRODUCT_DEFINITION('design','',#265,#268);
#265 = PRODUCT_DEFINITION_FORMATION('','',#266);
#266 = PRODUCT('TCA6408A_VQFN16_1','TCA6408A_VQFN16_1','',(#267));
#267 = PRODUCT_CONTEXT('',#2,'mechanical');
#268 = PRODUCT_DEFINITION_CONTEXT('part definition',#2,'design');
#269 = ADVANCED_BREP_SHAPE_REPRESENTATION('',(#11,#270),#420);
#270 = MANIFOLD_SOLID_BREP('',#271);
#271 = CLOSED_SHELL('',(#272,#312,#352,#374,#396,#408));
#272 = ADVANCED_FACE('',(#273),#307,.F.);
#273 = FACE_BOUND('',#274,.F.);
#274 = EDGE_LOOP('',(#275,#285,#293,#301));
#275 = ORIENTED_EDGE('',*,*,#276,.F.);
#276 = EDGE_CURVE('',#277,#279,#281,.T.);
#277 = VERTEX_POINT('',#278);
#278 = CARTESIAN_POINT('',(-0.725,-0.725,0.));
#279 = VERTEX_POINT('',#280);
#280 = CARTESIAN_POINT('',(-0.725,-0.725,5.E-02));
#281 = LINE('',#282,#283);
#282 = CARTESIAN_POINT('',(-0.725,-0.725,0.));
#283 = VECTOR('',#284,1.);
#284 = DIRECTION('',(0.,0.,1.));
#285 = ORIENTED_EDGE('',*,*,#286,.T.);
#286 = EDGE_CURVE('',#277,#287,#289,.T.);
#287 = VERTEX_POINT('',#288);
#288 = CARTESIAN_POINT('',(-0.725,0.725,0.));
#289 = LINE('',#290,#291);
#290 = CARTESIAN_POINT('',(-0.725,-0.725,0.));
#291 = VECTOR('',#292,1.);
#292 = DIRECTION('',(-0.,1.,0.));
#293 = ORIENTED_EDGE('',*,*,#294,.T.);
#294 = EDGE_CURVE('',#287,#295,#297,.T.);
#295 = VERTEX_POINT('',#296);
#296 = CARTESIAN_POINT('',(-0.725,0.725,5.E-02));
#297 = LINE('',#298,#299);
#298 = CARTESIAN_POINT('',(-0.725,0.725,0.));
#299 = VECTOR('',#300,1.);
#300 = DIRECTION('',(0.,0.,1.));
#301 = ORIENTED_EDGE('',*,*,#302,.F.);
#302 = EDGE_CURVE('',#279,#295,#303,.T.);
#303 = LINE('',#304,#305);
#304 = CARTESIAN_POINT('',(-0.725,-0.725,5.E-02));
#305 = VECTOR('',#306,1.);
#306 = DIRECTION('',(-0.,1.,0.));
#307 = PLANE('',#308);
#308 = AXIS2_PLACEMENT_3D('',#309,#310,#311);
#309 = CARTESIAN_POINT('',(-0.725,-0.725,0.));
#310 = DIRECTION('',(1.,0.,-0.));
#311 = DIRECTION('',(0.,0.,1.));
#312 = ADVANCED_FACE('',(#313),#347,.T.);
#313 = FACE_BOUND('',#314,.T.);
#314 = EDGE_LOOP('',(#315,#325,#333,#341));
#315 = ORIENTED_EDGE('',*,*,#316,.F.);
#316 = EDGE_CURVE('',#317,#319,#321,.T.);
#317 = VERTEX_POINT('',#318);
#318 = CARTESIAN_POINT('',(0.725,-0.725,0.));
#319 = VERTEX_POINT('',#320);
#320 = CARTESIAN_POINT('',(0.725,-0.725,5.E-02));
#321 = LINE('',#322,#323);
#322 = CARTESIAN_POINT('',(0.725,-0.725,0.));
#323 = VECTOR('',#324,1.);
#324 = DIRECTION('',(0.,0.,1.));
#325 = ORIENTED_EDGE('',*,*,#326,.T.);
#326 = EDGE_CURVE('',#317,#327,#329,.T.);
#327 = VERTEX_POINT('',#328);
#328 = CARTESIAN_POINT('',(0.725,0.725,0.));
#329 = LINE('',#330,#331);
#330 = CARTESIAN_POINT('',(0.725,-0.725,0.));
#331 = VECTOR('',#332,1.);
#332 = DIRECTION('',(-0.,1.,0.));
#333 = ORIENTED_EDGE('',*,*,#334,.T.);
#334 = EDGE_CURVE('',#327,#335,#337,.T.);
#335 = VERTEX_POINT('',#336);
#336 = CARTESIAN_POINT('',(0.725,0.725,5.E-02));
#337 = LINE('',#338,#339);
#338 = CARTESIAN_POINT('',(0.725,0.725,0.));
#339 = VECTOR('',#340,1.);
#340 = DIRECTION('',(0.,0.,1.));
#341 = ORIENTED_EDGE('',*,*,#342,.F.);
#342 = EDGE_CURVE('',#319,#335,#343,.T.);
#343 = LINE('',#344,#345);
#344 = CARTESIAN_POINT('',(0.725,-0.725,5.E-02));
#345 = VECTOR('',#346,1.);
#346 = DIRECTION('',(-0.,1.,0.));
#347 = PLANE('',#348);
#348 = AXIS2_PLACEMENT_3D('',#349,#350,#351);
#349 = CARTESIAN_POINT('',(0.725,-0.725,0.));
#350 = DIRECTION('',(1.,0.,-0.));
#351 = DIRECTION('',(0.,0.,1.));
#352 = ADVANCED_FACE('',(#353),#369,.F.);
#353 = FACE_BOUND('',#354,.F.);
#354 = EDGE_LOOP('',(#355,#361,#362,#368));
#355 = ORIENTED_EDGE('',*,*,#356,.F.);
#356 = EDGE_CURVE('',#277,#317,#357,.T.);
#357 = LINE('',#358,#359);
#358 = CARTESIAN_POINT('',(-0.725,-0.725,0.));
#359 = VECTOR('',#360,1.);
#360 = DIRECTION('',(1.,0.,-0.));
#361 = ORIENTED_EDGE('',*,*,#276,.T.);
#362 = ORIENTED_EDGE('',*,*,#363,.T.);
#363 = EDGE_CURVE('',#279,#319,#364,.T.);
#364 = LINE('',#365,#366);
#365 = CARTESIAN_POINT('',(-0.725,-0.725,5.E-02));
#366 = VECTOR('',#367,1.);
#367 = DIRECTION('',(1.,0.,-0.));
#368 = ORIENTED_EDGE('',*,*,#316,.F.);
#369 = PLANE('',#370);
#370 = AXIS2_PLACEMENT_3D('',#371,#372,#373);
#371 = CARTESIAN_POINT('',(-0.725,-0.725,0.));
#372 = DIRECTION('',(-0.,1.,0.));
#373 = DIRECTION('',(0.,0.,1.));
#374 = ADVANCED_FACE('',(#375),#391,.T.);
#375 = FACE_BOUND('',#376,.T.);
#376 = EDGE_LOOP('',(#377,#383,#384,#390));
#377 = ORIENTED_EDGE('',*,*,#378,.F.);
#378 = EDGE_CURVE('',#287,#327,#379,.T.);
#379 = LINE('',#380,#381);
#380 = CARTESIAN_POINT('',(-0.725,0.725,0.));
#381 = VECTOR('',#382,1.);
#382 = DIRECTION('',(1.,0.,-0.));
#383 = ORIENTED_EDGE('',*,*,#294,.T.);
#384 = ORIENTED_EDGE('',*,*,#385,.T.);
#385 = EDGE_CURVE('',#295,#335,#386,.T.);
#386 = LINE('',#387,#388);
#387 = CARTESIAN_POINT('',(-0.725,0.725,5.E-02));
#388 = VECTOR('',#389,1.);
#389 = DIRECTION('',(1.,0.,-0.));
#390 = ORIENTED_EDGE('',*,*,#334,.F.);
#391 = PLANE('',#392);
#392 = AXIS2_PLACEMENT_3D('',#393,#394,#395);
#393 = CARTESIAN_POINT('',(-0.725,0.725,0.));
#394 = DIRECTION('',(-0.,1.,0.));
#395 = DIRECTION('',(0.,0.,1.));
#396 = ADVANCED_FACE('',(#397),#403,.F.);
#397 = FACE_BOUND('',#398,.F.);
#398 = EDGE_LOOP('',(#399,#400,#401,#402));
#399 = ORIENTED_EDGE('',*,*,#286,.F.);
#400 = ORIENTED_EDGE('',*,*,#356,.T.);
#401 = ORIENTED_EDGE('',*,*,#326,.T.);
#402 = ORIENTED_EDGE('',*,*,#378,.F.);
#403 = PLANE('',#404);
#404 = AXIS2_PLACEMENT_3D('',#405,#406,#407);
#405 = CARTESIAN_POINT('',(-0.725,-0.725,0.));
#406 = DIRECTION('',(0.,0.,1.));
#407 = DIRECTION('',(1.,0.,-0.));
#408 = ADVANCED_FACE('',(#409),#415,.T.);
#409 = FACE_BOUND('',#410,.T.);
#410 = EDGE_LOOP('',(#411,#412,#413,#414));
#411 = ORIENTED_EDGE('',*,*,#302,.F.);
#412 = ORIENTED_EDGE('',*,*,#363,.T.);
#413 = ORIENTED_EDGE('',*,*,#342,.T.);
#414 = ORIENTED_EDGE('',*,*,#385,.F.);
#415 = PLANE('',#416);
#416 = AXIS2_PLACEMENT_3D('',#417,#418,#419);
#417 = CARTESIAN_POINT('',(-0.725,-0.725,5.E-02));
#418 = DIRECTION('',(0.,0.,1.));
#419 = DIRECTION('',(1.,0.,-0.));
#420 = ( GEOMETRIC_REPRESENTATION_CONTEXT(3) 
GLOBAL_UNCERTAINTY_ASSIGNED_CONTEXT((#424)) GLOBAL_UNIT_ASSIGNED_CONTEXT
((#421,#422,#423)) REPRESENTATION_CONTEXT('Context #1',
  '3D Context with UNIT and UNCERTAINTY') );
#421 = ( LENGTH_UNIT() NAMED_UNIT(*) SI_UNIT(.MILLI.,.METRE.) );
#422 = ( NAMED_UNIT(*) PLANE_ANGLE_UNIT() SI_UNIT($,.RADIAN.) );
#423 = ( NAMED_UNIT(*) SI_UNIT($,.STERADIAN.) SOLID_ANGLE_UNIT() );
#424 = UNCERTAINTY_MEASURE_WITH_UNIT(LENGTH_MEASURE(1.E-07),#421,
  'distance_accuracy_value','confusion accuracy');
#425 = CONTEXT_DEPENDENT_SHAPE_REPRESENTATION(#426,#428);
#426 = ( REPRESENTATION_RELATIONSHIP('','',#269,#10) 
REPRESENTATION_RELATIONSHIP_WITH_TRANSFORMATION(#427) 
SHAPE_REPRESENTATION_RELATIONSHIP() );
#427 = ITEM_DEFINED_TRANSFORMATION('','',#11,#19);
#428 = PRODUCT_DEFINITION_SHAPE('Placement','Placement of an item',#429
  );
#429 = NEXT_ASSEMBLY_USAGE_OCCURRENCE('24','TCA6408A_VQFN16_1','',#5,
  #264,$);
#430 = PRODUCT_RELATED_PRODUCT_CATEGORY('part',$,(#266));
#431 = SHAPE_DEFINITION_REPRESENTATION(#432,#438);
#432 = PRODUCT_DEFINITION_SHAPE('','',#433);
#433 = PRODUCT_DEFINITION('design','',#434,#437);
#434 = PRODUCT_DEFINITION_FORMATION('','',#435);
#435 = PRODUCT('TCA6408A_VQFN16_2','TCA6408A_VQFN16_2','',(#436));
#436 = PRODUCT_CONTEXT('',#2,'mechanical');
#437 = PRODUCT_DEFINITION_CONTEXT('part definition',#2,'design');
#438 = ADVANCED_BREP_SHAPE_REPRESENTATION('',(#11,#439),#589);
#439 = MANIFOLD_SOLID_BREP('',#440);
#440 = CLOSED_SHELL('',(#441,#481,#521,#543,#565,#577));
#441 = ADVANCED_FACE('',(#442),#476,.F.);
#442 = FACE_BOUND('',#443,.F.);
#443 = EDGE_LOOP('',(#444,#454,#462,#470));
#444 = ORIENTED_EDGE('',*,*,#445,.F.);
#445 = EDGE_CURVE('',#446,#448,#450,.T.);
#446 = VERTEX_POINT('',#447);
#447 = CARTESIAN_POINT('',(-1.5,-0.87,0.));
#448 = VERTEX_POINT('',#449);
#449 = CARTESIAN_POINT('',(-1.5,-0.87,5.E-02));
#450 = LINE('',#451,#452);
#451 = CARTESIAN_POINT('',(-1.5,-0.87,0.));
#452 = VECTOR('',#453,1.);
#453 = DIRECTION('',(0.,0.,1.));
#454 = ORIENTED_EDGE('',*,*,#455,.T.);
#455 = EDGE_CURVE('',#446,#456,#458,.T.);
#456 = VERTEX_POINT('',#457);
#457 = CARTESIAN_POINT('',(-1.5,-0.63,0.));
#458 = LINE('',#459,#460);
#459 = CARTESIAN_POINT('',(-1.5,-0.87,0.));
#460 = VECTOR('',#461,1.);
#461 = DIRECTION('',(-0.,1.,0.));
#462 = ORIENTED_EDGE('',*,*,#463,.T.);
#463 = EDGE_CURVE('',#456,#464,#466,.T.);
#464 = VERTEX_POINT('',#465);
#465 = CARTESIAN_POINT('',(-1.5,-0.63,5.E-02));
#466 = LINE('',#467,#468);
#467 = CARTESIAN_POINT('',(-1.5,-0.63,0.));
#468 = VECTOR('',#469,1.);
#469 = DIRECTION('',(0.,0.,1.));
#470 = ORIENTED_EDGE('',*,*,#471,.F.);
#471 = EDGE_CURVE('',#448,#464,#472,.T.);
#472 = LINE('',#473,#474);
#473 = CARTESIAN_POINT('',(-1.5,-0.87,5.E-02));
#474 = VECTOR('',#475,1.);
#475 = DIRECTION('',(-0.,1.,0.));
#476 = PLANE('',#477);
#477 = AXIS2_PLACEMENT_3D('',#478,#479,#480);
#478 = CARTESIAN_POINT('',(-1.5,-0.87,0.));
#479 = DIRECTION('',(1.,0.,-0.));
#480 = DIRECTION('',(0.,0.,1.));
#481 = ADVANCED_FACE('',(#482),#516,.T.);
#482 = FACE_BOUND('',#483,.T.);
#483 = EDGE_LOOP('',(#484,#494,#502,#510));
#484 = ORIENTED_EDGE('',*,*,#485,.F.);
#485 = EDGE_CURVE('',#486,#488,#490,.T.);
#486 = VERTEX_POINT('',#487);
#487 = CARTESIAN_POINT('',(-1.1,-0.87,0.));
#488 = VERTEX_POINT('',#489);
#489 = CARTESIAN_POINT('',(-1.1,-0.87,5.E-02));
#490 = LINE('',#491,#492);
#491 = CARTESIAN_POINT('',(-1.1,-0.87,0.));
#492 = VECTOR('',#493,1.);
#493 = DIRECTION('',(0.,0.,1.));
#494 = ORIENTED_EDGE('',*,*,#495,.T.);
#495 = EDGE_CURVE('',#486,#496,#498,.T.);
#496 = VERTEX_POINT('',#497);
#497 = CARTESIAN_POINT('',(-1.1,-0.63,0.));
#498 = LINE('',#499,#500);
#499 = CARTESIAN_POINT('',(-1.1,-0.87,0.));
#500 = VECTOR('',#501,1.);
#501 = DIRECTION('',(-0.,1.,0.));
#502 = ORIENTED_EDGE('',*,*,#503,.T.);
#503 = EDGE_CURVE('',#496,#504,#506,.T.);
#504 = VERTEX_POINT('',#505);
#505 = CARTESIAN_POINT('',(-1.1,-0.63,5.E-02));
#506 = LINE('',#507,#508);
#507 = CARTESIAN_POINT('',(-1.1,-0.63,0.));
#508 = VECTOR('',#509,1.);
#509 = DIRECTION('',(0.,0.,1.));
#510 = ORIENTED_EDGE('',*,*,#511,.F.);
#511 = EDGE_CURVE('',#488,#504,#512,.T.);
#512 = LINE('',#513,#514);
#513 = CARTESIAN_POINT('',(-1.1,-0.87,5.E-02));
#514 = VECTOR('',#515,1.);
#515 = DIRECTION('',(-0.,1.,0.));
#516 = PLANE('',#517);
#517 = AXIS2_PLACEMENT_3D('',#518,#519,#520);
#518 = CARTESIAN_POINT('',(-1.1,-0.87,0.));
#519 = DIRECTION('',(1.,0.,-0.));
#520 = DIRECTION('',(0.,0.,1.));
#521 = ADVANCED_FACE('',(#522),#538,.F.);
#522 = FACE_BOUND('',#523,.F.);
#523 = EDGE_LOOP('',(#524,#530,#531,#537));
#524 = ORIENTED_EDGE('',*,*,#525,.F.);
#525 = EDGE_CURVE('',#446,#486,#526,.T.);
#526 = LINE('',#527,#528);
#527 = CARTESIAN_POINT('',(-1.5,-0.87,0.));
#528 = VECTOR('',#529,1.);
#529 = DIRECTION('',(1.,0.,-0.));
#530 = ORIENTED_EDGE('',*,*,#445,.T.);
#531 = ORIENTED_EDGE('',*,*,#532,.T.);
#532 = EDGE_CURVE('',#448,#488,#533,.T.);
#533 = LINE('',#534,#535);
#534 = CARTESIAN_POINT('',(-1.5,-0.87,5.E-02));
#535 = VECTOR('',#536,1.);
#536 = DIRECTION('',(1.,0.,-0.));
#537 = ORIENTED_EDGE('',*,*,#485,.F.);
#538 = PLANE('',#539);
#539 = AXIS2_PLACEMENT_3D('',#540,#541,#542);
#540 = CARTESIAN_POINT('',(-1.5,-0.87,0.));
#541 = DIRECTION('',(-0.,1.,0.));
#542 = DIRECTION('',(0.,0.,1.));
#543 = ADVANCED_FACE('',(#544),#560,.T.);
#544 = FACE_BOUND('',#545,.T.);
#545 = EDGE_LOOP('',(#546,#552,#553,#559));
#546 = ORIENTED_EDGE('',*,*,#547,.F.);
#547 = EDGE_CURVE('',#456,#496,#548,.T.);
#548 = LINE('',#549,#550);
#549 = CARTESIAN_POINT('',(-1.5,-0.63,0.));
#550 = VECTOR('',#551,1.);
#551 = DIRECTION('',(1.,0.,-0.));
#552 = ORIENTED_EDGE('',*,*,#463,.T.);
#553 = ORIENTED_EDGE('',*,*,#554,.T.);
#554 = EDGE_CURVE('',#464,#504,#555,.T.);
#555 = LINE('',#556,#557);
#556 = CARTESIAN_POINT('',(-1.5,-0.63,5.E-02));
#557 = VECTOR('',#558,1.);
#558 = DIRECTION('',(1.,0.,-0.));
#559 = ORIENTED_EDGE('',*,*,#503,.F.);
#560 = PLANE('',#561);
#561 = AXIS2_PLACEMENT_3D('',#562,#563,#564);
#562 = CARTESIAN_POINT('',(-1.5,-0.63,0.));
#563 = DIRECTION('',(-0.,1.,0.));
#564 = DIRECTION('',(0.,0.,1.));
#565 = ADVANCED_FACE('',(#566),#572,.F.);
#566 = FACE_BOUND('',#567,.F.);
#567 = EDGE_LOOP('',(#568,#569,#570,#571));
#568 = ORIENTED_EDGE('',*,*,#455,.F.);
#569 = ORIENTED_EDGE('',*,*,#525,.T.);
#570 = ORIENTED_EDGE('',*,*,#495,.T.);
#571 = ORIENTED_EDGE('',*,*,#547,.F.);
#572 = PLANE('',#573);
#573 = AXIS2_PLACEMENT_3D('',#574,#575,#576);
#574 = CARTESIAN_POINT('',(-1.5,-0.87,0.));
#575 = DIRECTION('',(0.,0.,1.));
#576 = DIRECTION('',(1.,0.,-0.));
#577 = ADVANCED_FACE('',(#578),#584,.T.);
#578 = FACE_BOUND('',#579,.T.);
#579 = EDGE_LOOP('',(#580,#581,#582,#583));
#580 = ORIENTED_EDGE('',*,*,#471,.F.);
#581 = ORIENTED_EDGE('',*,*,#532,.T.);
#582 = ORIENTED_EDGE('',*,*,#511,.T.);
#583 = ORIENTED_EDGE('',*,*,#554,.F.);
#584 = PLANE('',#585);
#585 = AXIS2_PLACEMENT_3D('',#586,#587,#588);
#586 = CARTESIAN_POINT('',(-1.5,-0.87,5.E-02));
#587 = DIRECTION('',(0.,0.,1.));
#588 = DIRECTION('',(1.,0.,-0.));
#589 = ( GEOMETRIC_REPRESENTATION_CONTEXT(3) 
GLOBAL_UNCERTAINTY_ASSIGNED_CONTEXT((#593)) GLOBAL_UNIT_ASSIGNED_CONTEXT
((#590,#591,#592)) REPRESENTATION_CONTEXT('Context #1',
  '3D Context with UNIT and UNCERTAINTY') );
#590 = ( LENGTH_UNIT() NAMED_UNIT(*) SI_UNIT(.MILLI.,.METRE.) );
#591 = ( NAMED_UNIT(*) PLANE_ANGLE_UNIT() SI_UNIT($,.RADIAN.) );
#592 = ( NAMED_UNIT(*) SI_UNIT($,.STERADIAN.) SOLID_ANGLE_UNIT() );
#593 = UNCERTAINTY_MEASURE_WITH_UNIT(LENGTH_MEASURE(1.E-07),#590,
  'distance_accuracy_value','confusion accuracy');
#594 = CONTEXT_DEPENDENT_SHAPE_REPRESENTATION(#595,#597);
#595 = ( REPRESENTATION_RELATIONSHIP('','',#438,#10) 
REPRESENTATION_RELATIONSHIP_WITH_TRANSFORMATION(#596) 
SHAPE_REPRESENTATION_RELATIONSHIP() );
#596 = ITEM_DEFINED_TRANSFORMATION('','',#11,#23);
#597 = PRODUCT_DEFINITION_SHAPE('Placement','Placement of an item',#598
  );
#598 = NEXT_ASSEMBLY_USAGE_OCCURRENCE('25','TCA6408A_VQFN16_2','',#5,
  #433,$);
#599 = PRODUCT_RELATED_PRODUCT_CATEGORY('part',$,(#435));
#600 = SHAPE_DEFINITION_REPRESENTATION(#601,#607);
#601 = PRODUCT_DEFINITION_SHAPE('','',#602);
#602 = PRODUCT_DEFINITION('design','',#603,#606);
#603 = PRODUCT_DEFINITION_FORMATION('','',#604);
#604 = PRODUCT('TCA6408A_VQFN16_3','TCA6408A_VQFN16_3','',(#605));
#605 = PRODUCT_CONTEXT('',#2,'mechanical');
#606 = PRODUCT_DEFINITION_CONTEXT('part definition',#2,'design');
#607 = ADVANCED_BREP_SHAPE_REPRESENTATION('',(#11,#608),#758);
#608 = MANIFOLD_SOLID_BREP('',#609);
#609 = CLOSED_SHELL('',(#610,#650,#690,#712,#734,#746));
#610 = ADVANCED_FACE('',(#611),#645,.F.);
#611 = FACE_BOUND('',#612,.F.);
#612 = EDGE_LOOP('',(#613,#623,#631,#639));
#613 = ORIENTED_EDGE('',*,*,#614,.F.);
#614 = EDGE_CURVE('',#615,#617,#619,.T.);
#615 = VERTEX_POINT('',#616);
#616 = CARTESIAN_POINT('',(1.1,-0.87,0.));
#617 = VERTEX_POINT('',#618);
#618 = CARTESIAN_POINT('',(1.1,-0.87,5.E-02));
#619 = LINE('',#620,#621);
#620 = CARTESIAN_POINT('',(1.1,-0.87,0.));
#621 = VECTOR('',#622,1.);
#622 = DIRECTION('',(0.,0.,1.));
#623 = ORIENTED_EDGE('',*,*,#624,.T.);
#624 = EDGE_CURVE('',#615,#625,#627,.T.);
#625 = VERTEX_POINT('',#626);
#626 = CARTESIAN_POINT('',(1.1,-0.63,0.));
#627 = LINE('',#628,#629);
#628 = CARTESIAN_POINT('',(1.1,-0.87,0.));
#629 = VECTOR('',#630,1.);
#630 = DIRECTION('',(-0.,1.,0.));
#631 = ORIENTED_EDGE('',*,*,#632,.T.);
#632 = EDGE_CURVE('',#625,#633,#635,.T.);
#633 = VERTEX_POINT('',#634);
#634 = CARTESIAN_POINT('',(1.1,-0.63,5.E-02));
#635 = LINE('',#636,#637);
#636 = CARTESIAN_POINT('',(1.1,-0.63,0.));
#637 = VECTOR('',#638,1.);
#638 = DIRECTION('',(0.,0.,1.));
#639 = ORIENTED_EDGE('',*,*,#640,.F.);
#640 = EDGE_CURVE('',#617,#633,#641,.T.);
#641 = LINE('',#642,#643);
#642 = CARTESIAN_POINT('',(1.1,-0.87,5.E-02));
#643 = VECTOR('',#644,1.);
#644 = DIRECTION('',(-0.,1.,0.));
#645 = PLANE('',#646);
#646 = AXIS2_PLACEMENT_3D('',#647,#648,#649);
#647 = CARTESIAN_POINT('',(1.1,-0.87,0.));
#648 = DIRECTION('',(1.,0.,-0.));
#649 = DIRECTION('',(0.,0.,1.));
#650 = ADVANCED_FACE('',(#651),#685,.T.);
#651 = FACE_BOUND('',#652,.T.);
#652 = EDGE_LOOP('',(#653,#663,#671,#679));
#653 = ORIENTED_EDGE('',*,*,#654,.F.);
#654 = EDGE_CURVE('',#655,#657,#659,.T.);
#655 = VERTEX_POINT('',#656);
#656 = CARTESIAN_POINT('',(1.5,-0.87,0.));
#657 = VERTEX_POINT('',#658);
#658 = CARTESIAN_POINT('',(1.5,-0.87,5.E-02));
#659 = LINE('',#660,#661);
#660 = CARTESIAN_POINT('',(1.5,-0.87,0.));
#661 = VECTOR('',#662,1.);
#662 = DIRECTION('',(0.,0.,1.));
#663 = ORIENTED_EDGE('',*,*,#664,.T.);
#664 = EDGE_CURVE('',#655,#665,#667,.T.);
#665 = VERTEX_POINT('',#666);
#666 = CARTESIAN_POINT('',(1.5,-0.63,0.));
#667 = LINE('',#668,#669);
#668 = CARTESIAN_POINT('',(1.5,-0.87,0.));
#669 = VECTOR('',#670,1.);
#670 = DIRECTION('',(-0.,1.,0.));
#671 = ORIENTED_EDGE('',*,*,#672,.T.);
#672 = EDGE_CURVE('',#665,#673,#675,.T.);
#673 = VERTEX_POINT('',#674);
#674 = CARTESIAN_POINT('',(1.5,-0.63,5.E-02));
#675 = LINE('',#676,#677);
#676 = CARTESIAN_POINT('',(1.5,-0.63,0.));
#677 = VECTOR('',#678,1.);
#678 = DIRECTION('',(0.,0.,1.));
#679 = ORIENTED_EDGE('',*,*,#680,.F.);
#680 = EDGE_CURVE('',#657,#673,#681,.T.);
#681 = LINE('',#682,#683);
#682 = CARTESIAN_POINT('',(1.5,-0.87,5.E-02));
#683 = VECTOR('',#684,1.);
#684 = DIRECTION('',(-0.,1.,0.));
#685 = PLANE('',#686);
#686 = AXIS2_PLACEMENT_3D('',#687,#688,#689);
#687 = CARTESIAN_POINT('',(1.5,-0.87,0.));
#688 = DIRECTION('',(1.,0.,-0.));
#689 = DIRECTION('',(0.,0.,1.));
#690 = ADVANCED_FACE('',(#691),#707,.F.);
#691 = FACE_BOUND('',#692,.F.);
#692 = EDGE_LOOP('',(#693,#699,#700,#706));
#693 = ORIENTED_EDGE('',*,*,#694,.F.);
#694 = EDGE_CURVE('',#615,#655,#695,.T.);
#695 = LINE('',#696,#697);
#696 = CARTESIAN_POINT('',(1.1,-0.87,0.));
#697 = VECTOR('',#698,1.);
#698 = DIRECTION('',(1.,0.,-0.));
#699 = ORIENTED_EDGE('',*,*,#614,.T.);
#700 = ORIENTED_EDGE('',*,*,#701,.T.);
#701 = EDGE_CURVE('',#617,#657,#702,.T.);
#702 = LINE('',#703,#704);
#703 = CARTESIAN_POINT('',(1.1,-0.87,5.E-02));
#704 = VECTOR('',#705,1.);
#705 = DIRECTION('',(1.,0.,-0.));
#706 = ORIENTED_EDGE('',*,*,#654,.F.);
#707 = PLANE('',#708);
#708 = AXIS2_PLACEMENT_3D('',#709,#710,#711);
#709 = CARTESIAN_POINT('',(1.1,-0.87,0.));
#710 = DIRECTION('',(-0.,1.,0.));
#711 = DIRECTION('',(0.,0.,1.));
#712 = ADVANCED_FACE('',(#713),#729,.T.);
#713 = FACE_BOUND('',#714,.T.);
#714 = EDGE_LOOP('',(#715,#721,#722,#728));
#715 = ORIENTED_EDGE('',*,*,#716,.F.);
#716 = EDGE_CURVE('',#625,#665,#717,.T.);
#717 = LINE('',#718,#719);
#718 = CARTESIAN_POINT('',(1.1,-0.63,0.));
#719 = VECTOR('',#720,1.);
#720 = DIRECTION('',(1.,0.,-0.));
#721 = ORIENTED_EDGE('',*,*,#632,.T.);
#722 = ORIENTED_EDGE('',*,*,#723,.T.);
#723 = EDGE_CURVE('',#633,#673,#724,.T.);
#724 = LINE('',#725,#726);
#725 = CARTESIAN_POINT('',(1.1,-0.63,5.E-02));
#726 = VECTOR('',#727,1.);
#727 = DIRECTION('',(1.,0.,-0.));
#728 = ORIENTED_EDGE('',*,*,#672,.F.);
#729 = PLANE('',#730);
#730 = AXIS2_PLACEMENT_3D('',#731,#732,#733);
#731 = CARTESIAN_POINT('',(1.1,-0.63,0.));
#732 = DIRECTION('',(-0.,1.,0.));
#733 = DIRECTION('',(0.,0.,1.));
#734 = ADVANCED_FACE('',(#735),#741,.F.);
#735 = FACE_BOUND('',#736,.F.);
#736 = EDGE_LOOP('',(#737,#738,#739,#740));
#737 = ORIENTED_EDGE('',*,*,#624,.F.);
#738 = ORIENTED_EDGE('',*,*,#694,.T.);
#739 = ORIENTED_EDGE('',*,*,#664,.T.);
#740 = ORIENTED_EDGE('',*,*,#716,.F.);
#741 = PLANE('',#742);
#742 = AXIS2_PLACEMENT_3D('',#743,#744,#745);
#743 = CARTESIAN_POINT('',(1.1,-0.87,0.));
#744 = DIRECTION('',(0.,0.,1.));
#745 = DIRECTION('',(1.,0.,-0.));
#746 = ADVANCED_FACE('',(#747),#753,.T.);
#747 = FACE_BOUND('',#748,.T.);
#748 = EDGE_LOOP('',(#749,#750,#751,#752));
#749 = ORIENTED_EDGE('',*,*,#640,.F.);
#750 = ORIENTED_EDGE('',*,*,#701,.T.);
#751 = ORIENTED_EDGE('',*,*,#680,.T.);
#752 = ORIENTED_EDGE('',*,*,#723,.F.);
#753 = PLANE('',#754);
#754 = AXIS2_PLACEMENT_3D('',#755,#756,#757);
#755 = CARTESIAN_POINT('',(1.1,-0.87,5.E-02));
#756 = DIRECTION('',(0.,0.,1.));
#757 = DIRECTION('',(1.,0.,-0.));
#758 = ( GEOMETRIC_REPRESENTATION_CONTEXT(3) 
GLOBAL_UNCERTAINTY_ASSIGNED_CONTEXT((#762)) GLOBAL_UNIT_ASSIGNED_CONTEXT
((#759,#760,#761)) REPRESENTATION_CONTEXT('Context #1',
  '3D Context with UNIT and UNCERTAINTY') );
#759 = ( LENGTH_UNIT() NAMED_UNIT(*) SI_UNIT(.MILLI.,.METRE.) );
#760 = ( NAMED_UNIT(*) PLANE_ANGLE_UNIT() SI_UNIT($,.RADIAN.) );
#761 = ( NAMED_UNIT(*) SI_UNIT($,.STERADIAN.) SOLID_ANGLE_UNIT() );
#762 = UNCERTAINTY_MEASURE_WITH_UNIT(LENGTH_MEASURE(1.E-07),#759,
  'distance_accuracy_value','confusion accuracy');
#763 = CONTEXT_DEPENDENT_SHAPE_REPRESENTATION(#764,#766);
#764 = ( REPRESENTATION_RELATIONSHIP('','',#607,#10) 
REPRESENTATION_RELATIONSHIP_WITH_TRANSFORMATION(#765) 
SHAPE_REPRESENTATION_RELATIONSHIP() );
#765 = ITEM_DEFINED_TRANSFORMATION('','',#11,#27);
#766 = PRODUCT_DEFINITION_SHAPE('Placement','Placement of an item',#767
  );
#767 = NEXT_ASSEMBLY_USAGE_OCCURRENCE('26','TCA6408A_VQFN16_3','',#5,
  #602,$);
#768 = PRODUCT_RELATED_PRODUCT_CATEGORY('part',$,(#604));
#769 = SHAPE_DEFINITION_REPRESENTATION(#770,#776);
#770 = PRODUCT_DEFINITION_SHAPE('','',#771);
#771 = PRODUCT_DEFINITION('design','',#772,#775);
#772 = PRODUCT_DEFINITION_FORMATION('','',#773);
#773 = PRODUCT('TCA6408A_VQFN16_4','TCA6408A_VQFN16_4','',(#774));
#774 = PRODUCT_CONTEXT('',#2,'mechanical');
#775 = PRODUCT_DEFINITION_CONTEXT('part definition',#2,'design');
#776 = ADVANCED_BREP_SHAPE_REPRESENTATION('',(#11,#777),#927);
#777 = MANIFOLD_SOLID_BREP('',#778);
#778 = CLOSED_SHELL('',(#779,#819,#859,#881,#903,#915));
#779 = ADVANCED_FACE('',(#780),#814,.F.);
#780 = FACE_BOUND('',#781,.F.);
#781 = EDGE_LOOP('',(#782,#792,#800,#808));
#782 = ORIENTED_EDGE('',*,*,#783,.F.);
#783 = EDGE_CURVE('',#784,#786,#788,.T.);
#784 = VERTEX_POINT('',#785);
#785 = CARTESIAN_POINT('',(-0.87,-1.5,0.));
#786 = VERTEX_POINT('',#787);
#787 = CARTESIAN_POINT('',(-0.87,-1.5,5.E-02));
#788 = LINE('',#789,#790);
#789 = CARTESIAN_POINT('',(-0.87,-1.5,0.));
#790 = VECTOR('',#791,1.);
#791 = DIRECTION('',(0.,0.,1.));
#792 = ORIENTED_EDGE('',*,*,#793,.T.);
#793 = EDGE_CURVE('',#784,#794,#796,.T.);
#794 = VERTEX_POINT('',#795);
#795 = CARTESIAN_POINT('',(-0.87,-1.1,0.));
#796 = LINE('',#797,#798);
#797 = CARTESIAN_POINT('',(-0.87,-1.5,0.));
#798 = VECTOR('',#799,1.);
#799 = DIRECTION('',(-0.,1.,0.));
#800 = ORIENTED_EDGE('',*,*,#801,.T.);
#801 = EDGE_CURVE('',#794,#802,#804,.T.);
#802 = VERTEX_POINT('',#803);
#803 = CARTESIAN_POINT('',(-0.87,-1.1,5.E-02));
#804 = LINE('',#805,#806);
#805 = CARTESIAN_POINT('',(-0.87,-1.1,0.));
#806 = VECTOR('',#807,1.);
#807 = DIRECTION('',(0.,0.,1.));
#808 = ORIENTED_EDGE('',*,*,#809,.F.);
#809 = EDGE_CURVE('',#786,#802,#810,.T.);
#810 = LINE('',#811,#812);
#811 = CARTESIAN_POINT('',(-0.87,-1.5,5.E-02));
#812 = VECTOR('',#813,1.);
#813 = DIRECTION('',(-0.,1.,0.));
#814 = PLANE('',#815);
#815 = AXIS2_PLACEMENT_3D('',#816,#817,#818);
#816 = CARTESIAN_POINT('',(-0.87,-1.5,0.));
#817 = DIRECTION('',(1.,0.,-0.));
#818 = DIRECTION('',(0.,0.,1.));
#819 = ADVANCED_FACE('',(#820),#854,.T.);
#820 = FACE_BOUND('',#821,.T.);
#821 = EDGE_LOOP('',(#822,#832,#840,#848));
#822 = ORIENTED_EDGE('',*,*,#823,.F.);
#823 = EDGE_CURVE('',#824,#826,#828,.T.);
#824 = VERTEX_POINT('',#825);
#825 = CARTESIAN_POINT('',(-0.63,-1.5,0.));
#826 = VERTEX_POINT('',#827);
#827 = CARTESIAN_POINT('',(-0.63,-1.5,5.E-02));
#828 = LINE('',#829,#830);
#829 = CARTESIAN_POINT('',(-0.63,-1.5,0.));
#830 = VECTOR('',#831,1.);
#831 = DIRECTION('',(0.,0.,1.));
#832 = ORIENTED_EDGE('',*,*,#833,.T.);
#833 = EDGE_CURVE('',#824,#834,#836,.T.);
#834 = VERTEX_POINT('',#835);
#835 = CARTESIAN_POINT('',(-0.63,-1.1,0.));
#836 = LINE('',#837,#838);
#837 = CARTESIAN_POINT('',(-0.63,-1.5,0.));
#838 = VECTOR('',#839,1.);
#839 = DIRECTION('',(-0.,1.,0.));
#840 = ORIENTED_EDGE('',*,*,#841,.T.);
#841 = EDGE_CURVE('',#834,#842,#844,.T.);
#842 = VERTEX_POINT('',#843);
#843 = CARTESIAN_POINT('',(-0.63,-1.1,5.E-02));
#844 = LINE('',#845,#846);
#845 = CARTESIAN_POINT('',(-0.63,-1.1,0.));
#846 = VECTOR('',#847,1.);
#847 = DIRECTION('',(0.,0.,1.));
#848 = ORIENTED_EDGE('',*,*,#849,.F.);
#849 = EDGE_CURVE('',#826,#842,#850,.T.);
#850 = LINE('',#851,#852);
#851 = CARTESIAN_POINT('',(-0.63,-1.5,5.E-02));
#852 = VECTOR('',#853,1.);
#853 = DIRECTION('',(-0.,1.,0.));
#854 = PLANE('',#855);
#855 = AXIS2_PLACEMENT_3D('',#856,#857,#858);
#856 = CARTESIAN_POINT('',(-0.63,-1.5,0.));
#857 = DIRECTION('',(1.,0.,-0.));
#858 = DIRECTION('',(0.,0.,1.));
#859 = ADVANCED_FACE('',(#860),#876,.F.);
#860 = FACE_BOUND('',#861,.F.);
#861 = EDGE_LOOP('',(#862,#868,#869,#875));
#862 = ORIENTED_EDGE('',*,*,#863,.F.);
#863 = EDGE_CURVE('',#784,#824,#864,.T.);
#864 = LINE('',#865,#866);
#865 = CARTESIAN_POINT('',(-0.87,-1.5,0.));
#866 = VECTOR('',#867,1.);
#867 = DIRECTION('',(1.,0.,-0.));
#868 = ORIENTED_EDGE('',*,*,#783,.T.);
#869 = ORIENTED_EDGE('',*,*,#870,.T.);
#870 = EDGE_CURVE('',#786,#826,#871,.T.);
#871 = LINE('',#872,#873);
#872 = CARTESIAN_POINT('',(-0.87,-1.5,5.E-02));
#873 = VECTOR('',#874,1.);
#874 = DIRECTION('',(1.,0.,-0.));
#875 = ORIENTED_EDGE('',*,*,#823,.F.);
#876 = PLANE('',#877);
#877 = AXIS2_PLACEMENT_3D('',#878,#879,#880);
#878 = CARTESIAN_POINT('',(-0.87,-1.5,0.));
#879 = DIRECTION('',(-0.,1.,0.));
#880 = DIRECTION('',(0.,0.,1.));
#881 = ADVANCED_FACE('',(#882),#898,.T.);
#882 = FACE_BOUND('',#883,.T.);
#883 = EDGE_LOOP('',(#884,#890,#891,#897));
#884 = ORIENTED_EDGE('',*,*,#885,.F.);
#885 = EDGE_CURVE('',#794,#834,#886,.T.);
#886 = LINE('',#887,#888);
#887 = CARTESIAN_POINT('',(-0.87,-1.1,0.));
#888 = VECTOR('',#889,1.);
#889 = DIRECTION('',(1.,0.,-0.));
#890 = ORIENTED_EDGE('',*,*,#801,.T.);
#891 = ORIENTED_EDGE('',*,*,#892,.T.);
#892 = EDGE_CURVE('',#802,#842,#893,.T.);
#893 = LINE('',#894,#895);
#894 = CARTESIAN_POINT('',(-0.87,-1.1,5.E-02));
#895 = VECTOR('',#896,1.);
#896 = DIRECTION('',(1.,0.,-0.));
#897 = ORIENTED_EDGE('',*,*,#841,.F.);
#898 = PLANE('',#899);
#899 = AXIS2_PLACEMENT_3D('',#900,#901,#902);
#900 = CARTESIAN_POINT('',(-0.87,-1.1,0.));
#901 = DIRECTION('',(-0.,1.,0.));
#902 = DIRECTION('',(0.,0.,1.));
#903 = ADVANCED_FACE('',(#904),#910,.F.);
#904 = FACE_BOUND('',#905,.F.);
#905 = EDGE_LOOP('',(#906,#907,#908,#909));
#906 = ORIENTED_EDGE('',*,*,#793,.F.);
#907 = ORIENTED_EDGE('',*,*,#863,.T.);
#908 = ORIENTED_EDGE('',*,*,#833,.T.);
#909 = ORIENTED_EDGE('',*,*,#885,.F.);
#910 = PLANE('',#911);
#911 = AXIS2_PLACEMENT_3D('',#912,#913,#914);
#912 = CARTESIAN_POINT('',(-0.87,-1.5,0.));
#913 = DIRECTION('',(0.,0.,1.));
#914 = DIRECTION('',(1.,0.,-0.));
#915 = ADVANCED_FACE('',(#916),#922,.T.);
#916 = FACE_BOUND('',#917,.T.);
#917 = EDGE_LOOP('',(#918,#919,#920,#921));
#918 = ORIENTED_EDGE('',*,*,#809,.F.);
#919 = ORIENTED_EDGE('',*,*,#870,.T.);
#920 = ORIENTED_EDGE('',*,*,#849,.T.);
#921 = ORIENTED_EDGE('',*,*,#892,.F.);
#922 = PLANE('',#923);
#923 = AXIS2_PLACEMENT_3D('',#924,#925,#926);
#924 = CARTESIAN_POINT('',(-0.87,-1.5,5.E-02));
#925 = DIRECTION('',(0.,0.,1.));
#926 = DIRECTION('',(1.,0.,-0.));
#927 = ( GEOMETRIC_REPRESENTATION_CONTEXT(3) 
GLOBAL_UNCERTAINTY_ASSIGNED_CONTEXT((#931)) GLOBAL_UNIT_ASSIGNED_CONTEXT
((#928,#929,#930)) REPRESENTATION_CONTEXT('Context #1',
  '3D Context with UNIT and UNCERTAINTY') );
#928 = ( LENGTH_UNIT() NAMED_UNIT(*) SI_UNIT(.MILLI.,.METRE.) );
#929 = ( NAMED_UNIT(*) PLANE_ANGLE_UNIT() SI_UNIT($,.RADIAN.) );
#930 = ( NAMED_UNIT(*) SI_UNIT($,.STERADIAN.) SOLID_ANGLE_UNIT() );
#931 = UNCERTAINTY_MEASURE_WITH_UNIT(LENGTH_MEASURE(1.E-07),#928,
  'distance_accuracy_value','confusion accuracy');
#932 = CONTEXT_DEPENDENT_SHAPE_REPRESENTATION(#933,#935);
#933 = ( REPRESENTATION_RELATIONSHIP('','',#776,#10) 
REPRESENTATION_RELATIONSHIP_WITH_TRANSFORMATION(#934) 
SHAPE_REPRESENTATION_RELATIONSHIP() );
#934 = ITEM_DEFINED_TRANSFORMATION('','',#11,#31);
#935 = PRODUCT_DEFINITION_SHAPE('Placement','Placement of an item',#936
  );
#936 = NEXT_ASSEMBLY_USAGE_OCCURRENCE('27','TCA6408A_VQFN16_4','',#5,
  #771,$);
#937 = PRODUCT_RELATED_PRODUCT_CATEGORY('part',$,(#773));
#938 = SHAPE_DEFINITION_REPRESENTATION(#939,#945);
#939 = PRODUCT_DEFINITION_SHAPE('','',#940);
#940 = PRODUCT_DEFINITION('design','',#941,#944);
#941 = PRODUCT_DEFINITION_FORMATION('','',#942);
#942 = PRODUCT('TCA6408A_VQFN16_5','TCA6408A_VQFN16_5','',(#943));
#943 = PRODUCT_CONTEXT('',#2,'mechanical');
#944 = PRODUCT_DEFINITION_CONTEXT('part definition',#2,'design');
#945 = ADVANCED_BREP_SHAPE_REPRESENTATION('',(#11,#946),#1096);
#946 = MANIFOLD_SOLID_BREP('',#947);
#947 = CLOSED_SHELL('',(#948,#988,#1028,#1050,#1072,#1084));
#948 = ADVANCED_FACE('',(#949),#983,.F.);
#949 = FACE_BOUND('',#950,.F.);
#950 = EDGE_LOOP('',(#951,#961,#969,#977));
#951 = ORIENTED_EDGE('',*,*,#952,.F.);
#952 = EDGE_CURVE('',#953,#955,#957,.T.);
#953 = VERTEX_POINT('',#954);
#954 = CARTESIAN_POINT('',(-0.87,1.1,0.));
#955 = VERTEX_POINT('',#956);
#956 = CARTESIAN_POINT('',(-0.87,1.1,5.E-02));
#957 = LINE('',#958,#959);
#958 = CARTESIAN_POINT('',(-0.87,1.1,0.));
#959 = VECTOR('',#960,1.);
#960 = DIRECTION('',(0.,0.,1.));
#961 = ORIENTED_EDGE('',*,*,#962,.T.);
#962 = EDGE_CURVE('',#953,#963,#965,.T.);
#963 = VERTEX_POINT('',#964);
#964 = CARTESIAN_POINT('',(-0.87,1.5,0.));
#965 = LINE('',#966,#967);
#966 = CARTESIAN_POINT('',(-0.87,1.1,0.));
#967 = VECTOR('',#968,1.);
#968 = DIRECTION('',(-0.,1.,0.));
#969 = ORIENTED_EDGE('',*,*,#970,.T.);
#970 = EDGE_CURVE('',#963,#971,#973,.T.);
#971 = VERTEX_POINT('',#972);
#972 = CARTESIAN_POINT('',(-0.87,1.5,5.E-02));
#973 = LINE('',#974,#975);
#974 = CARTESIAN_POINT('',(-0.87,1.5,0.));
#975 = VECTOR('',#976,1.);
#976 = DIRECTION('',(0.,0.,1.));
#977 = ORIENTED_EDGE('',*,*,#978,.F.);
#978 = EDGE_CURVE('',#955,#971,#979,.T.);
#979 = LINE('',#980,#981);
#980 = CARTESIAN_POINT('',(-0.87,1.1,5.E-02));
#981 = VECTOR('',#982,1.);
#982 = DIRECTION('',(-0.,1.,0.));
#983 = PLANE('',#984);
#984 = AXIS2_PLACEMENT_3D('',#985,#986,#987);
#985 = CARTESIAN_POINT('',(-0.87,1.1,0.));
#986 = DIRECTION('',(1.,0.,-0.));
#987 = DIRECTION('',(0.,0.,1.));
#988 = ADVANCED_FACE('',(#989),#1023,.T.);
#989 = FACE_BOUND('',#990,.T.);
#990 = EDGE_LOOP('',(#991,#1001,#1009,#1017));
#991 = ORIENTED_EDGE('',*,*,#992,.F.);
#992 = EDGE_CURVE('',#993,#995,#997,.T.);
#993 = VERTEX_POINT('',#994);
#994 = CARTESIAN_POINT('',(-0.63,1.1,0.));
#995 = VERTEX_POINT('',#996);
#996 = CARTESIAN_POINT('',(-0.63,1.1,5.E-02));
#997 = LINE('',#998,#999);
#998 = CARTESIAN_POINT('',(-0.63,1.1,0.));
#999 = VECTOR('',#1000,1.);
#1000 = DIRECTION('',(0.,0.,1.));
#1001 = ORIENTED_EDGE('',*,*,#1002,.T.);
#1002 = EDGE_CURVE('',#993,#1003,#1005,.T.);
#1003 = VERTEX_POINT('',#1004);
#1004 = CARTESIAN_POINT('',(-0.63,1.5,0.));
#1005 = LINE('',#1006,#1007);
#1006 = CARTESIAN_POINT('',(-0.63,1.1,0.));
#1007 = VECTOR('',#1008,1.);
#1008 = DIRECTION('',(-0.,1.,0.));
#1009 = ORIENTED_EDGE('',*,*,#1010,.T.);
#1010 = EDGE_CURVE('',#1003,#1011,#1013,.T.);
#1011 = VERTEX_POINT('',#1012);
#1012 = CARTESIAN_POINT('',(-0.63,1.5,5.E-02));
#1013 = LINE('',#1014,#1015);
#1014 = CARTESIAN_POINT('',(-0.63,1.5,0.));
#1015 = VECTOR('',#1016,1.);
#1016 = DIRECTION('',(0.,0.,1.));
#1017 = ORIENTED_EDGE('',*,*,#1018,.F.);
#1018 = EDGE_CURVE('',#995,#1011,#1019,.T.);
#1019 = LINE('',#1020,#1021);
#1020 = CARTESIAN_POINT('',(-0.63,1.1,5.E-02));
#1021 = VECTOR('',#1022,1.);
#1022 = DIRECTION('',(-0.,1.,0.));
#1023 = PLANE('',#1024);
#1024 = AXIS2_PLACEMENT_3D('',#1025,#1026,#1027);
#1025 = CARTESIAN_POINT('',(-0.63,1.1,0.));
#1026 = DIRECTION('',(1.,0.,-0.));
#1027 = DIRECTION('',(0.,0.,1.));
#1028 = ADVANCED_FACE('',(#1029),#1045,.F.);
#1029 = FACE_BOUND('',#1030,.F.);
#1030 = EDGE_LOOP('',(#1031,#1037,#1038,#1044));
#1031 = ORIENTED_EDGE('',*,*,#1032,.F.);
#1032 = EDGE_CURVE('',#953,#993,#1033,.T.);
#1033 = LINE('',#1034,#1035);
#1034 = CARTESIAN_POINT('',(-0.87,1.1,0.));
#1035 = VECTOR('',#1036,1.);
#1036 = DIRECTION('',(1.,0.,-0.));
#1037 = ORIENTED_EDGE('',*,*,#952,.T.);
#1038 = ORIENTED_EDGE('',*,*,#1039,.T.);
#1039 = EDGE_CURVE('',#955,#995,#1040,.T.);
#1040 = LINE('',#1041,#1042);
#1041 = CARTESIAN_POINT('',(-0.87,1.1,5.E-02));
#1042 = VECTOR('',#1043,1.);
#1043 = DIRECTION('',(1.,0.,-0.));
#1044 = ORIENTED_EDGE('',*,*,#992,.F.);
#1045 = PLANE('',#1046);
#1046 = AXIS2_PLACEMENT_3D('',#1047,#1048,#1049);
#1047 = CARTESIAN_POINT('',(-0.87,1.1,0.));
#1048 = DIRECTION('',(-0.,1.,0.));
#1049 = DIRECTION('',(0.,0.,1.));
#1050 = ADVANCED_FACE('',(#1051),#1067,.T.);
#1051 = FACE_BOUND('',#1052,.T.);
#1052 = EDGE_LOOP('',(#1053,#1059,#1060,#1066));
#1053 = ORIENTED_EDGE('',*,*,#1054,.F.);
#1054 = EDGE_CURVE('',#963,#1003,#1055,.T.);
#1055 = LINE('',#1056,#1057);
#1056 = CARTESIAN_POINT('',(-0.87,1.5,0.));
#1057 = VECTOR('',#1058,1.);
#1058 = DIRECTION('',(1.,0.,-0.));
#1059 = ORIENTED_EDGE('',*,*,#970,.T.);
#1060 = ORIENTED_EDGE('',*,*,#1061,.T.);
#1061 = EDGE_CURVE('',#971,#1011,#1062,.T.);
#1062 = LINE('',#1063,#1064);
#1063 = CARTESIAN_POINT('',(-0.87,1.5,5.E-02));
#1064 = VECTOR('',#1065,1.);
#1065 = DIRECTION('',(1.,0.,-0.));
#1066 = ORIENTED_EDGE('',*,*,#1010,.F.);
#1067 = PLANE('',#1068);
#1068 = AXIS2_PLACEMENT_3D('',#1069,#1070,#1071);
#1069 = CARTESIAN_POINT('',(-0.87,1.5,0.));
#1070 = DIRECTION('',(-0.,1.,0.));
#1071 = DIRECTION('',(0.,0.,1.));
#1072 = ADVANCED_FACE('',(#1073),#1079,.F.);
#1073 = FACE_BOUND('',#1074,.F.);
#1074 = EDGE_LOOP('',(#1075,#1076,#1077,#1078));
#1075 = ORIENTED_EDGE('',*,*,#962,.F.);
#1076 = ORIENTED_EDGE('',*,*,#1032,.T.);
#1077 = ORIENTED_EDGE('',*,*,#1002,.T.);
#1078 = ORIENTED_EDGE('',*,*,#1054,.F.);
#1079 = PLANE('',#1080);
#1080 = AXIS2_PLACEMENT_3D('',#1081,#1082,#1083);
#1081 = CARTESIAN_POINT('',(-0.87,1.1,0.));
#1082 = DIRECTION('',(0.,0.,1.));
#1083 = DIRECTION('',(1.,0.,-0.));
#1084 = ADVANCED_FACE('',(#1085),#1091,.T.);
#1085 = FACE_BOUND('',#1086,.T.);
#1086 = EDGE_LOOP('',(#1087,#1088,#1089,#1090));
#1087 = ORIENTED_EDGE('',*,*,#978,.F.);
#1088 = ORIENTED_EDGE('',*,*,#1039,.T.);
#1089 = ORIENTED_EDGE('',*,*,#1018,.T.);
#1090 = ORIENTED_EDGE('',*,*,#1061,.F.);
#1091 = PLANE('',#1092);
#1092 = AXIS2_PLACEMENT_3D('',#1093,#1094,#1095);
#1093 = CARTESIAN_POINT('',(-0.87,1.1,5.E-02));
#1094 = DIRECTION('',(0.,0.,1.));
#1095 = DIRECTION('',(1.,0.,-0.));
#1096 = ( GEOMETRIC_REPRESENTATION_CONTEXT(3) 
GLOBAL_UNCERTAINTY_ASSIGNED_CONTEXT((#1100)) 
GLOBAL_UNIT_ASSIGNED_CONTEXT((#1097,#1098,#1099)) REPRESENTATION_CONTEXT
('Context #1','3D Context with UNIT and UNCERTAINTY') );
#1097 = ( LENGTH_UNIT() NAMED_UNIT(*) SI_UNIT(.MILLI.,.METRE.) );
#1098 = ( NAMED_UNIT(*) PLANE_ANGLE_UNIT() SI_UNIT($,.RADIAN.) );
#1099 = ( NAMED_UNIT(*) SI_UNIT($,.STERADIAN.) SOLID_ANGLE_UNIT() );
#1100 = UNCERTAINTY_MEASURE_WITH_UNIT(LENGTH_MEASURE(1.E-07),#1097,
  'distance_accuracy_value','confusion accuracy');
#1101 = CONTEXT_DEPENDENT_SHAPE_REPRESENTATION(#1102,#1104);
#1102 = ( REPRESENTATION_RELATIONSHIP('','',#945,#10) 
REPRESENTATION_RELATIONSHIP_WITH_TRANSFORMATION(#1103) 
SHAPE_REPRESENTATION_RELATIONSHIP() );
#1103 = ITEM_DEFINED_TRANSFORMATION('','',#11,#35);
#1104 = PRODUCT_DEFINITION_SHAPE('Placement','Placement of an item',
  #1105);
#1105 = NEXT_ASSEMBLY_USAGE_OCCURRENCE('28','TCA6408A_VQFN16_5','',#5,
  #940,$);
#1106 = PRODUCT_RELATED_PRODUCT_CATEGORY('part',$,(#942));
#1107 = SHAPE_DEFINITION_REPRESENTATION(#1108,#1114);
#1108 = PRODUCT_DEFINITION_SHAPE('','',#1109);
#1109 = PRODUCT_DEFINITION('design','',#1110,#1113);
#1110 = PRODUCT_DEFINITION_FORMATION('','',#1111);
#1111 = PRODUCT('TCA6408A_VQFN16_6','TCA6408A_VQFN16_6','',(#1112));
#1112 = PRODUCT_CONTEXT('',#2,'mechanical');
#1113 = PRODUCT_DEFINITION_CONTEXT('part definition',#2,'design');
#1114 = ADVANCED_BREP_SHAPE_REPRESENTATION('',(#11,#1115),#1265);
#1115 = MANIFOLD_SOLID_BREP('',#1116);
#1116 = CLOSED_SHELL('',(#1117,#1157,#1197,#1219,#1241,#1253));
#1117 = ADVANCED_FACE('',(#1118),#1152,.F.);
#1118 = FACE_BOUND('',#1119,.F.);
#1119 = EDGE_LOOP('',(#1120,#1130,#1138,#1146));
#1120 = ORIENTED_EDGE('',*,*,#1121,.F.);
#1121 = EDGE_CURVE('',#1122,#1124,#1126,.T.);
#1122 = VERTEX_POINT('',#1123);
#1123 = CARTESIAN_POINT('',(-1.5,-0.37,0.));
#1124 = VERTEX_POINT('',#1125);
#1125 = CARTESIAN_POINT('',(-1.5,-0.37,5.E-02));
#1126 = LINE('',#1127,#1128);
#1127 = CARTESIAN_POINT('',(-1.5,-0.37,0.));
#1128 = VECTOR('',#1129,1.);
#1129 = DIRECTION('',(0.,0.,1.));
#1130 = ORIENTED_EDGE('',*,*,#1131,.T.);
#1131 = EDGE_CURVE('',#1122,#1132,#1134,.T.);
#1132 = VERTEX_POINT('',#1133);
#1133 = CARTESIAN_POINT('',(-1.5,-0.13,0.));
#1134 = LINE('',#1135,#1136);
#1135 = CARTESIAN_POINT('',(-1.5,-0.37,0.));
#1136 = VECTOR('',#1137,1.);
#1137 = DIRECTION('',(-0.,1.,0.));
#1138 = ORIENTED_EDGE('',*,*,#1139,.T.);
#1139 = EDGE_CURVE('',#1132,#1140,#1142,.T.);
#1140 = VERTEX_POINT('',#1141);
#1141 = CARTESIAN_POINT('',(-1.5,-0.13,5.E-02));
#1142 = LINE('',#1143,#1144);
#1143 = CARTESIAN_POINT('',(-1.5,-0.13,0.));
#1144 = VECTOR('',#1145,1.);
#1145 = DIRECTION('',(0.,0.,1.));
#1146 = ORIENTED_EDGE('',*,*,#1147,.F.);
#1147 = EDGE_CURVE('',#1124,#1140,#1148,.T.);
#1148 = LINE('',#1149,#1150);
#1149 = CARTESIAN_POINT('',(-1.5,-0.37,5.E-02));
#1150 = VECTOR('',#1151,1.);
#1151 = DIRECTION('',(-0.,1.,0.));
#1152 = PLANE('',#1153);
#1153 = AXIS2_PLACEMENT_3D('',#1154,#1155,#1156);
#1154 = CARTESIAN_POINT('',(-1.5,-0.37,0.));
#1155 = DIRECTION('',(1.,0.,-0.));
#1156 = DIRECTION('',(0.,0.,1.));
#1157 = ADVANCED_FACE('',(#1158),#1192,.T.);
#1158 = FACE_BOUND('',#1159,.T.);
#1159 = EDGE_LOOP('',(#1160,#1170,#1178,#1186));
#1160 = ORIENTED_EDGE('',*,*,#1161,.F.);
#1161 = EDGE_CURVE('',#1162,#1164,#1166,.T.);
#1162 = VERTEX_POINT('',#1163);
#1163 = CARTESIAN_POINT('',(-1.1,-0.37,0.));
#1164 = VERTEX_POINT('',#1165);
#1165 = CARTESIAN_POINT('',(-1.1,-0.37,5.E-02));
#1166 = LINE('',#1167,#1168);
#1167 = CARTESIAN_POINT('',(-1.1,-0.37,0.));
#1168 = VECTOR('',#1169,1.);
#1169 = DIRECTION('',(0.,0.,1.));
#1170 = ORIENTED_EDGE('',*,*,#1171,.T.);
#1171 = EDGE_CURVE('',#1162,#1172,#1174,.T.);
#1172 = VERTEX_POINT('',#1173);
#1173 = CARTESIAN_POINT('',(-1.1,-0.13,0.));
#1174 = LINE('',#1175,#1176);
#1175 = CARTESIAN_POINT('',(-1.1,-0.37,0.));
#1176 = VECTOR('',#1177,1.);
#1177 = DIRECTION('',(-0.,1.,0.));
#1178 = ORIENTED_EDGE('',*,*,#1179,.T.);
#1179 = EDGE_CURVE('',#1172,#1180,#1182,.T.);
#1180 = VERTEX_POINT('',#1181);
#1181 = CARTESIAN_POINT('',(-1.1,-0.13,5.E-02));
#1182 = LINE('',#1183,#1184);
#1183 = CARTESIAN_POINT('',(-1.1,-0.13,0.));
#1184 = VECTOR('',#1185,1.);
#1185 = DIRECTION('',(0.,0.,1.));
#1186 = ORIENTED_EDGE('',*,*,#1187,.F.);
#1187 = EDGE_CURVE('',#1164,#1180,#1188,.T.);
#1188 = LINE('',#1189,#1190);
#1189 = CARTESIAN_POINT('',(-1.1,-0.37,5.E-02));
#1190 = VECTOR('',#1191,1.);
#1191 = DIRECTION('',(-0.,1.,0.));
#1192 = PLANE('',#1193);
#1193 = AXIS2_PLACEMENT_3D('',#1194,#1195,#1196);
#1194 = CARTESIAN_POINT('',(-1.1,-0.37,0.));
#1195 = DIRECTION('',(1.,0.,-0.));
#1196 = DIRECTION('',(0.,0.,1.));
#1197 = ADVANCED_FACE('',(#1198),#1214,.F.);
#1198 = FACE_BOUND('',#1199,.F.);
#1199 = EDGE_LOOP('',(#1200,#1206,#1207,#1213));
#1200 = ORIENTED_EDGE('',*,*,#1201,.F.);
#1201 = EDGE_CURVE('',#1122,#1162,#1202,.T.);
#1202 = LINE('',#1203,#1204);
#1203 = CARTESIAN_POINT('',(-1.5,-0.37,0.));
#1204 = VECTOR('',#1205,1.);
#1205 = DIRECTION('',(1.,0.,-0.));
#1206 = ORIENTED_EDGE('',*,*,#1121,.T.);
#1207 = ORIENTED_EDGE('',*,*,#1208,.T.);
#1208 = EDGE_CURVE('',#1124,#1164,#1209,.T.);
#1209 = LINE('',#1210,#1211);
#1210 = CARTESIAN_POINT('',(-1.5,-0.37,5.E-02));
#1211 = VECTOR('',#1212,1.);
#1212 = DIRECTION('',(1.,0.,-0.));
#1213 = ORIENTED_EDGE('',*,*,#1161,.F.);
#1214 = PLANE('',#1215);
#1215 = AXIS2_PLACEMENT_3D('',#1216,#1217,#1218);
#1216 = CARTESIAN_POINT('',(-1.5,-0.37,0.));
#1217 = DIRECTION('',(-0.,1.,0.));
#1218 = DIRECTION('',(0.,0.,1.));
#1219 = ADVANCED_FACE('',(#1220),#1236,.T.);
#1220 = FACE_BOUND('',#1221,.T.);
#1221 = EDGE_LOOP('',(#1222,#1228,#1229,#1235));
#1222 = ORIENTED_EDGE('',*,*,#1223,.F.);
#1223 = EDGE_CURVE('',#1132,#1172,#1224,.T.);
#1224 = LINE('',#1225,#1226);
#1225 = CARTESIAN_POINT('',(-1.5,-0.13,0.));
#1226 = VECTOR('',#1227,1.);
#1227 = DIRECTION('',(1.,0.,-0.));
#1228 = ORIENTED_EDGE('',*,*,#1139,.T.);
#1229 = ORIENTED_EDGE('',*,*,#1230,.T.);
#1230 = EDGE_CURVE('',#1140,#1180,#1231,.T.);
#1231 = LINE('',#1232,#1233);
#1232 = CARTESIAN_POINT('',(-1.5,-0.13,5.E-02));
#1233 = VECTOR('',#1234,1.);
#1234 = DIRECTION('',(1.,0.,-0.));
#1235 = ORIENTED_EDGE('',*,*,#1179,.F.);
#1236 = PLANE('',#1237);
#1237 = AXIS2_PLACEMENT_3D('',#1238,#1239,#1240);
#1238 = CARTESIAN_POINT('',(-1.5,-0.13,0.));
#1239 = DIRECTION('',(-0.,1.,0.));
#1240 = DIRECTION('',(0.,0.,1.));
#1241 = ADVANCED_FACE('',(#1242),#1248,.F.);
#1242 = FACE_BOUND('',#1243,.F.);
#1243 = EDGE_LOOP('',(#1244,#1245,#1246,#1247));
#1244 = ORIENTED_EDGE('',*,*,#1131,.F.);
#1245 = ORIENTED_EDGE('',*,*,#1201,.T.);
#1246 = ORIENTED_EDGE('',*,*,#1171,.T.);
#1247 = ORIENTED_EDGE('',*,*,#1223,.F.);
#1248 = PLANE('',#1249);
#1249 = AXIS2_PLACEMENT_3D('',#1250,#1251,#1252);
#1250 = CARTESIAN_POINT('',(-1.5,-0.37,0.));
#1251 = DIRECTION('',(0.,0.,1.));
#1252 = DIRECTION('',(1.,0.,-0.));
#1253 = ADVANCED_FACE('',(#1254),#1260,.T.);
#1254 = FACE_BOUND('',#1255,.T.);
#1255 = EDGE_LOOP('',(#1256,#1257,#1258,#1259));
#1256 = ORIENTED_EDGE('',*,*,#1147,.F.);
#1257 = ORIENTED_EDGE('',*,*,#1208,.T.);
#1258 = ORIENTED_EDGE('',*,*,#1187,.T.);
#1259 = ORIENTED_EDGE('',*,*,#1230,.F.);
#1260 = PLANE('',#1261);
#1261 = AXIS2_PLACEMENT_3D('',#1262,#1263,#1264);
#1262 = CARTESIAN_POINT('',(-1.5,-0.37,5.E-02));
#1263 = DIRECTION('',(0.,0.,1.));
#1264 = DIRECTION('',(1.,0.,-0.));
#1265 = ( GEOMETRIC_REPRESENTATION_CONTEXT(3) 
GLOBAL_UNCERTAINTY_ASSIGNED_CONTEXT((#1269)) 
GLOBAL_UNIT_ASSIGNED_CONTEXT((#1266,#1267,#1268)) REPRESENTATION_CONTEXT
('Context #1','3D Context with UNIT and UNCERTAINTY') );
#1266 = ( LENGTH_UNIT() NAMED_UNIT(*) SI_UNIT(.MILLI.,.METRE.) );
#1267 = ( NAMED_UNIT(*) PLANE_ANGLE_UNIT() SI_UNIT($,.RADIAN.) );
#1268 = ( NAMED_UNIT(*) SI_UNIT($,.STERADIAN.) SOLID_ANGLE_UNIT() );
#1269 = UNCERTAINTY_MEASURE_WITH_UNIT(LENGTH_MEASURE(1.E-07),#1266,
  'distance_accuracy_value','confusion accuracy');
#1270 = CONTEXT_DEPENDENT_SHAPE_REPRESENTATION(#1271,#1273);
#1271 = ( REPRESENTATION_RELATIONSHIP('','',#1114,#10) 
REPRESENTATION_RELATIONSHIP_WITH_TRANSFORMATION(#1272) 
SHAPE_REPRESENTATION_RELATIONSHIP() );
#1272 = ITEM_DEFINED_TRANSFORMATION('','',#11,#39);
#1273 = PRODUCT_DEFINITION_SHAPE('Placement','Placement of an item',
  #1274);
#1274 = NEXT_ASSEMBLY_USAGE_OCCURRENCE('29','TCA6408A_VQFN16_6','',#5,
  #1109,$);
#1275 = PRODUCT_RELATED_PRODUCT_CATEGORY('part',$,(#1111));
#1276 = SHAPE_DEFINITION_REPRESENTATION(#1277,#1283);
#1277 = PRODUCT_DEFINITION_SHAPE('','',#1278);
#1278 = PRODUCT_DEFINITION('design','',#1279,#1282);
#1279 = PRODUCT_DEFINITION_FORMATION('','',#1280);
#1280 = PRODUCT('TCA6408A_VQFN16_7','TCA6408A_VQFN16_7','',(#1281));
#1281 = PRODUCT_CONTEXT('',#2,'mechanical');
#1282 = PRODUCT_DEFINITION_CONTEXT('part definition',#2,'design');
#1283 = ADVANCED_BREP_SHAPE_REPRESENTATION('',(#11,#1284),#1434);
#1284 = MANIFOLD_SOLID_BREP('',#1285);
#1285 = CLOSED_SHELL('',(#1286,#1326,#1366,#1388,#1410,#1422));
#1286 = ADVANCED_FACE('',(#1287),#1321,.F.);
#1287 = FACE_BOUND('',#1288,.F.);
#1288 = EDGE_LOOP('',(#1289,#1299,#1307,#1315));
#1289 = ORIENTED_EDGE('',*,*,#1290,.F.);
#1290 = EDGE_CURVE('',#1291,#1293,#1295,.T.);
#1291 = VERTEX_POINT('',#1292);
#1292 = CARTESIAN_POINT('',(1.1,-0.37,0.));
#1293 = VERTEX_POINT('',#1294);
#1294 = CARTESIAN_POINT('',(1.1,-0.37,5.E-02));
#1295 = LINE('',#1296,#1297);
#1296 = CARTESIAN_POINT('',(1.1,-0.37,0.));
#1297 = VECTOR('',#1298,1.);
#1298 = DIRECTION('',(0.,0.,1.));
#1299 = ORIENTED_EDGE('',*,*,#1300,.T.);
#1300 = EDGE_CURVE('',#1291,#1301,#1303,.T.);
#1301 = VERTEX_POINT('',#1302);
#1302 = CARTESIAN_POINT('',(1.1,-0.13,0.));
#1303 = LINE('',#1304,#1305);
#1304 = CARTESIAN_POINT('',(1.1,-0.37,0.));
#1305 = VECTOR('',#1306,1.);
#1306 = DIRECTION('',(-0.,1.,0.));
#1307 = ORIENTED_EDGE('',*,*,#1308,.T.);
#1308 = EDGE_CURVE('',#1301,#1309,#1311,.T.);
#1309 = VERTEX_POINT('',#1310);
#1310 = CARTESIAN_POINT('',(1.1,-0.13,5.E-02));
#1311 = LINE('',#1312,#1313);
#1312 = CARTESIAN_POINT('',(1.1,-0.13,0.));
#1313 = VECTOR('',#1314,1.);
#1314 = DIRECTION('',(0.,0.,1.));
#1315 = ORIENTED_EDGE('',*,*,#1316,.F.);
#1316 = EDGE_CURVE('',#1293,#1309,#1317,.T.);
#1317 = LINE('',#1318,#1319);
#1318 = CARTESIAN_POINT('',(1.1,-0.37,5.E-02));
#1319 = VECTOR('',#1320,1.);
#1320 = DIRECTION('',(-0.,1.,0.));
#1321 = PLANE('',#1322);
#1322 = AXIS2_PLACEMENT_3D('',#1323,#1324,#1325);
#1323 = CARTESIAN_POINT('',(1.1,-0.37,0.));
#1324 = DIRECTION('',(1.,0.,-0.));
#1325 = DIRECTION('',(0.,0.,1.));
#1326 = ADVANCED_FACE('',(#1327),#1361,.T.);
#1327 = FACE_BOUND('',#1328,.T.);
#1328 = EDGE_LOOP('',(#1329,#1339,#1347,#1355));
#1329 = ORIENTED_EDGE('',*,*,#1330,.F.);
#1330 = EDGE_CURVE('',#1331,#1333,#1335,.T.);
#1331 = VERTEX_POINT('',#1332);
#1332 = CARTESIAN_POINT('',(1.5,-0.37,0.));
#1333 = VERTEX_POINT('',#1334);
#1334 = CARTESIAN_POINT('',(1.5,-0.37,5.E-02));
#1335 = LINE('',#1336,#1337);
#1336 = CARTESIAN_POINT('',(1.5,-0.37,0.));
#1337 = VECTOR('',#1338,1.);
#1338 = DIRECTION('',(0.,0.,1.));
#1339 = ORIENTED_EDGE('',*,*,#1340,.T.);
#1340 = EDGE_CURVE('',#1331,#1341,#1343,.T.);
#1341 = VERTEX_POINT('',#1342);
#1342 = CARTESIAN_POINT('',(1.5,-0.13,0.));
#1343 = LINE('',#1344,#1345);
#1344 = CARTESIAN_POINT('',(1.5,-0.37,0.));
#1345 = VECTOR('',#1346,1.);
#1346 = DIRECTION('',(-0.,1.,0.));
#1347 = ORIENTED_EDGE('',*,*,#1348,.T.);
#1348 = EDGE_CURVE('',#1341,#1349,#1351,.T.);
#1349 = VERTEX_POINT('',#1350);
#1350 = CARTESIAN_POINT('',(1.5,-0.13,5.E-02));
#1351 = LINE('',#1352,#1353);
#1352 = CARTESIAN_POINT('',(1.5,-0.13,0.));
#1353 = VECTOR('',#1354,1.);
#1354 = DIRECTION('',(0.,0.,1.));
#1355 = ORIENTED_EDGE('',*,*,#1356,.F.);
#1356 = EDGE_CURVE('',#1333,#1349,#1357,.T.);
#1357 = LINE('',#1358,#1359);
#1358 = CARTESIAN_POINT('',(1.5,-0.37,5.E-02));
#1359 = VECTOR('',#1360,1.);
#1360 = DIRECTION('',(-0.,1.,0.));
#1361 = PLANE('',#1362);
#1362 = AXIS2_PLACEMENT_3D('',#1363,#1364,#1365);
#1363 = CARTESIAN_POINT('',(1.5,-0.37,0.));
#1364 = DIRECTION('',(1.,0.,-0.));
#1365 = DIRECTION('',(0.,0.,1.));
#1366 = ADVANCED_FACE('',(#1367),#1383,.F.);
#1367 = FACE_BOUND('',#1368,.F.);
#1368 = EDGE_LOOP('',(#1369,#1375,#1376,#1382));
#1369 = ORIENTED_EDGE('',*,*,#1370,.F.);
#1370 = EDGE_CURVE('',#1291,#1331,#1371,.T.);
#1371 = LINE('',#1372,#1373);
#1372 = CARTESIAN_POINT('',(1.1,-0.37,0.));
#1373 = VECTOR('',#1374,1.);
#1374 = DIRECTION('',(1.,0.,-0.));
#1375 = ORIENTED_EDGE('',*,*,#1290,.T.);
#1376 = ORIENTED_EDGE('',*,*,#1377,.T.);
#1377 = EDGE_CURVE('',#1293,#1333,#1378,.T.);
#1378 = LINE('',#1379,#1380);
#1379 = CARTESIAN_POINT('',(1.1,-0.37,5.E-02));
#1380 = VECTOR('',#1381,1.);
#1381 = DIRECTION('',(1.,0.,-0.));
#1382 = ORIENTED_EDGE('',*,*,#1330,.F.);
#1383 = PLANE('',#1384);
#1384 = AXIS2_PLACEMENT_3D('',#1385,#1386,#1387);
#1385 = CARTESIAN_POINT('',(1.1,-0.37,0.));
#1386 = DIRECTION('',(-0.,1.,0.));
#1387 = DIRECTION('',(0.,0.,1.));
#1388 = ADVANCED_FACE('',(#1389),#1405,.T.);
#1389 = FACE_BOUND('',#1390,.T.);
#1390 = EDGE_LOOP('',(#1391,#1397,#1398,#1404));
#1391 = ORIENTED_EDGE('',*,*,#1392,.F.);
#1392 = EDGE_CURVE('',#1301,#1341,#1393,.T.);
#1393 = LINE('',#1394,#1395);
#1394 = CARTESIAN_POINT('',(1.1,-0.13,0.));
#1395 = VECTOR('',#1396,1.);
#1396 = DIRECTION('',(1.,0.,-0.));
#1397 = ORIENTED_EDGE('',*,*,#1308,.T.);
#1398 = ORIENTED_EDGE('',*,*,#1399,.T.);
#1399 = EDGE_CURVE('',#1309,#1349,#1400,.T.);
#1400 = LINE('',#1401,#1402);
#1401 = CARTESIAN_POINT('',(1.1,-0.13,5.E-02));
#1402 = VECTOR('',#1403,1.);
#1403 = DIRECTION('',(1.,0.,-0.));
#1404 = ORIENTED_EDGE('',*,*,#1348,.F.);
#1405 = PLANE('',#1406);
#1406 = AXIS2_PLACEMENT_3D('',#1407,#1408,#1409);
#1407 = CARTESIAN_POINT('',(1.1,-0.13,0.));
#1408 = DIRECTION('',(-0.,1.,0.));
#1409 = DIRECTION('',(0.,0.,1.));
#1410 = ADVANCED_FACE('',(#1411),#1417,.F.);
#1411 = FACE_BOUND('',#1412,.F.);
#1412 = EDGE_LOOP('',(#1413,#1414,#1415,#1416));
#1413 = ORIENTED_EDGE('',*,*,#1300,.F.);
#1414 = ORIENTED_EDGE('',*,*,#1370,.T.);
#1415 = ORIENTED_EDGE('',*,*,#1340,.T.);
#1416 = ORIENTED_EDGE('',*,*,#1392,.F.);
#1417 = PLANE('',#1418);
#1418 = AXIS2_PLACEMENT_3D('',#1419,#1420,#1421);
#1419 = CARTESIAN_POINT('',(1.1,-0.37,0.));
#1420 = DIRECTION('',(0.,0.,1.));
#1421 = DIRECTION('',(1.,0.,-0.));
#1422 = ADVANCED_FACE('',(#1423),#1429,.T.);
#1423 = FACE_BOUND('',#1424,.T.);
#1424 = EDGE_LOOP('',(#1425,#1426,#1427,#1428));
#1425 = ORIENTED_EDGE('',*,*,#1316,.F.);
#1426 = ORIENTED_EDGE('',*,*,#1377,.T.);
#1427 = ORIENTED_EDGE('',*,*,#1356,.T.);
#1428 = ORIENTED_EDGE('',*,*,#1399,.F.);
#1429 = PLANE('',#1430);
#1430 = AXIS2_PLACEMENT_3D('',#1431,#1432,#1433);
#1431 = CARTESIAN_POINT('',(1.1,-0.37,5.E-02));
#1432 = DIRECTION('',(0.,0.,1.));
#1433 = DIRECTION('',(1.,0.,-0.));
#1434 = ( GEOMETRIC_REPRESENTATION_CONTEXT(3) 
GLOBAL_UNCERTAINTY_ASSIGNED_CONTEXT((#1438)) 
GLOBAL_UNIT_ASSIGNED_CONTEXT((#1435,#1436,#1437)) REPRESENTATION_CONTEXT
('Context #1','3D Context with UNIT and UNCERTAINTY') );
#1435 = ( LENGTH_UNIT() NAMED_UNIT(*) SI_UNIT(.MILLI.,.METRE.) );
#1436 = ( NAMED_UNIT(*) PLANE_ANGLE_UNIT() SI_UNIT($,.RADIAN.) );
#1437 = ( NAMED_UNIT(*) SI_UNIT($,.STERADIAN.) SOLID_ANGLE_UNIT() );
#1438 = UNCERTAINTY_MEASURE_WITH_UNIT(LENGTH_MEASURE(1.E-07),#1435,
  'distance_accuracy_value','confusion accuracy');
#1439 = CONTEXT_DEPENDENT_SHAPE_REPRESENTATION(#1440,#1442);
#1440 = ( REPRESENTATION_RELATIONSHIP('','',#1283,#10) 
REPRESENTATION_RELATIONSHIP_WITH_TRANSFORMATION(#1441) 
SHAPE_REPRESENTATION_RELATIONSHIP() );
#1441 = ITEM_DEFINED_TRANSFORMATION('','',#11,#43);
#1442 = PRODUCT_DEFINITION_SHAPE('Placement','Placement of an item',
  #1443);
#1443 = NEXT_ASSEMBLY_USAGE_OCCURRENCE('30','TCA6408A_VQFN16_7','',#5,
  #1278,$);
#1444 = PRODUCT_RELATED_PRODUCT_CATEGORY('part',$,(#1280));
#1445 = SHAPE_DEFINITION_REPRESENTATION(#1446,#1452);
#1446 = PRODUCT_DEFINITION_SHAPE('','',#1447);
#1447 = PRODUCT_DEFINITION('design','',#1448,#1451);
#1448 = PRODUCT_DEFINITION_FORMATION('','',#1449);
#1449 = PRODUCT('TCA6408A_VQFN16_8','TCA6408A_VQFN16_8','',(#1450));
#1450 = PRODUCT_CONTEXT('',#2,'mechanical');
#1451 = PRODUCT_DEFINITION_CONTEXT('part definition',#2,'design');
#1452 = ADVANCED_BREP_SHAPE_REPRESENTATION('',(#11,#1453),#1603);
#1453 = MANIFOLD_SOLID_BREP('',#1454);
#1454 = CLOSED_SHELL('',(#1455,#1495,#1535,#1557,#1579,#1591));
#1455 = ADVANCED_FACE('',(#1456),#1490,.F.);
#1456 = FACE_BOUND('',#1457,.F.);
#1457 = EDGE_LOOP('',(#1458,#1468,#1476,#1484));
#1458 = ORIENTED_EDGE('',*,*,#1459,.F.);
#1459 = EDGE_CURVE('',#1460,#1462,#1464,.T.);
#1460 = VERTEX_POINT('',#1461);
#1461 = CARTESIAN_POINT('',(-0.37,-1.5,0.));
#1462 = VERTEX_POINT('',#1463);
#1463 = CARTESIAN_POINT('',(-0.37,-1.5,5.E-02));
#1464 = LINE('',#1465,#1466);
#1465 = CARTESIAN_POINT('',(-0.37,-1.5,0.));
#1466 = VECTOR('',#1467,1.);
#1467 = DIRECTION('',(0.,0.,1.));
#1468 = ORIENTED_EDGE('',*,*,#1469,.T.);
#1469 = EDGE_CURVE('',#1460,#1470,#1472,.T.);
#1470 = VERTEX_POINT('',#1471);
#1471 = CARTESIAN_POINT('',(-0.37,-1.1,0.));
#1472 = LINE('',#1473,#1474);
#1473 = CARTESIAN_POINT('',(-0.37,-1.5,0.));
#1474 = VECTOR('',#1475,1.);
#1475 = DIRECTION('',(-0.,1.,0.));
#1476 = ORIENTED_EDGE('',*,*,#1477,.T.);
#1477 = EDGE_CURVE('',#1470,#1478,#1480,.T.);
#1478 = VERTEX_POINT('',#1479);
#1479 = CARTESIAN_POINT('',(-0.37,-1.1,5.E-02));
#1480 = LINE('',#1481,#1482);
#1481 = CARTESIAN_POINT('',(-0.37,-1.1,0.));
#1482 = VECTOR('',#1483,1.);
#1483 = DIRECTION('',(0.,0.,1.));
#1484 = ORIENTED_EDGE('',*,*,#1485,.F.);
#1485 = EDGE_CURVE('',#1462,#1478,#1486,.T.);
#1486 = LINE('',#1487,#1488);
#1487 = CARTESIAN_POINT('',(-0.37,-1.5,5.E-02));
#1488 = VECTOR('',#1489,1.);
#1489 = DIRECTION('',(-0.,1.,0.));
#1490 = PLANE('',#1491);
#1491 = AXIS2_PLACEMENT_3D('',#1492,#1493,#1494);
#1492 = CARTESIAN_POINT('',(-0.37,-1.5,0.));
#1493 = DIRECTION('',(1.,0.,-0.));
#1494 = DIRECTION('',(0.,0.,1.));
#1495 = ADVANCED_FACE('',(#1496),#1530,.T.);
#1496 = FACE_BOUND('',#1497,.T.);
#1497 = EDGE_LOOP('',(#1498,#1508,#1516,#1524));
#1498 = ORIENTED_EDGE('',*,*,#1499,.F.);
#1499 = EDGE_CURVE('',#1500,#1502,#1504,.T.);
#1500 = VERTEX_POINT('',#1501);
#1501 = CARTESIAN_POINT('',(-0.13,-1.5,0.));
#1502 = VERTEX_POINT('',#1503);
#1503 = CARTESIAN_POINT('',(-0.13,-1.5,5.E-02));
#1504 = LINE('',#1505,#1506);
#1505 = CARTESIAN_POINT('',(-0.13,-1.5,0.));
#1506 = VECTOR('',#1507,1.);
#1507 = DIRECTION('',(0.,0.,1.));
#1508 = ORIENTED_EDGE('',*,*,#1509,.T.);
#1509 = EDGE_CURVE('',#1500,#1510,#1512,.T.);
#1510 = VERTEX_POINT('',#1511);
#1511 = CARTESIAN_POINT('',(-0.13,-1.1,0.));
#1512 = LINE('',#1513,#1514);
#1513 = CARTESIAN_POINT('',(-0.13,-1.5,0.));
#1514 = VECTOR('',#1515,1.);
#1515 = DIRECTION('',(-0.,1.,0.));
#1516 = ORIENTED_EDGE('',*,*,#1517,.T.);
#1517 = EDGE_CURVE('',#1510,#1518,#1520,.T.);
#1518 = VERTEX_POINT('',#1519);
#1519 = CARTESIAN_POINT('',(-0.13,-1.1,5.E-02));
#1520 = LINE('',#1521,#1522);
#1521 = CARTESIAN_POINT('',(-0.13,-1.1,0.));
#1522 = VECTOR('',#1523,1.);
#1523 = DIRECTION('',(0.,0.,1.));
#1524 = ORIENTED_EDGE('',*,*,#1525,.F.);
#1525 = EDGE_CURVE('',#1502,#1518,#1526,.T.);
#1526 = LINE('',#1527,#1528);
#1527 = CARTESIAN_POINT('',(-0.13,-1.5,5.E-02));
#1528 = VECTOR('',#1529,1.);
#1529 = DIRECTION('',(-0.,1.,0.));
#1530 = PLANE('',#1531);
#1531 = AXIS2_PLACEMENT_3D('',#1532,#1533,#1534);
#1532 = CARTESIAN_POINT('',(-0.13,-1.5,0.));
#1533 = DIRECTION('',(1.,0.,-0.));
#1534 = DIRECTION('',(0.,0.,1.));
#1535 = ADVANCED_FACE('',(#1536),#1552,.F.);
#1536 = FACE_BOUND('',#1537,.F.);
#1537 = EDGE_LOOP('',(#1538,#1544,#1545,#1551));
#1538 = ORIENTED_EDGE('',*,*,#1539,.F.);
#1539 = EDGE_CURVE('',#1460,#1500,#1540,.T.);
#1540 = LINE('',#1541,#1542);
#1541 = CARTESIAN_POINT('',(-0.37,-1.5,0.));
#1542 = VECTOR('',#1543,1.);
#1543 = DIRECTION('',(1.,0.,-0.));
#1544 = ORIENTED_EDGE('',*,*,#1459,.T.);
#1545 = ORIENTED_EDGE('',*,*,#1546,.T.);
#1546 = EDGE_CURVE('',#1462,#1502,#1547,.T.);
#1547 = LINE('',#1548,#1549);
#1548 = CARTESIAN_POINT('',(-0.37,-1.5,5.E-02));
#1549 = VECTOR('',#1550,1.);
#1550 = DIRECTION('',(1.,0.,-0.));
#1551 = ORIENTED_EDGE('',*,*,#1499,.F.);
#1552 = PLANE('',#1553);
#1553 = AXIS2_PLACEMENT_3D('',#1554,#1555,#1556);
#1554 = CARTESIAN_POINT('',(-0.37,-1.5,0.));
#1555 = DIRECTION('',(-0.,1.,0.));
#1556 = DIRECTION('',(0.,0.,1.));
#1557 = ADVANCED_FACE('',(#1558),#1574,.T.);
#1558 = FACE_BOUND('',#1559,.T.);
#1559 = EDGE_LOOP('',(#1560,#1566,#1567,#1573));
#1560 = ORIENTED_EDGE('',*,*,#1561,.F.);
#1561 = EDGE_CURVE('',#1470,#1510,#1562,.T.);
#1562 = LINE('',#1563,#1564);
#1563 = CARTESIAN_POINT('',(-0.37,-1.1,0.));
#1564 = VECTOR('',#1565,1.);
#1565 = DIRECTION('',(1.,0.,-0.));
#1566 = ORIENTED_EDGE('',*,*,#1477,.T.);
#1567 = ORIENTED_EDGE('',*,*,#1568,.T.);
#1568 = EDGE_CURVE('',#1478,#1518,#1569,.T.);
#1569 = LINE('',#1570,#1571);
#1570 = CARTESIAN_POINT('',(-0.37,-1.1,5.E-02));
#1571 = VECTOR('',#1572,1.);
#1572 = DIRECTION('',(1.,0.,-0.));
#1573 = ORIENTED_EDGE('',*,*,#1517,.F.);
#1574 = PLANE('',#1575);
#1575 = AXIS2_PLACEMENT_3D('',#1576,#1577,#1578);
#1576 = CARTESIAN_POINT('',(-0.37,-1.1,0.));
#1577 = DIRECTION('',(-0.,1.,0.));
#1578 = DIRECTION('',(0.,0.,1.));
#1579 = ADVANCED_FACE('',(#1580),#1586,.F.);
#1580 = FACE_BOUND('',#1581,.F.);
#1581 = EDGE_LOOP('',(#1582,#1583,#1584,#1585));
#1582 = ORIENTED_EDGE('',*,*,#1469,.F.);
#1583 = ORIENTED_EDGE('',*,*,#1539,.T.);
#1584 = ORIENTED_EDGE('',*,*,#1509,.T.);
#1585 = ORIENTED_EDGE('',*,*,#1561,.F.);
#1586 = PLANE('',#1587);
#1587 = AXIS2_PLACEMENT_3D('',#1588,#1589,#1590);
#1588 = CARTESIAN_POINT('',(-0.37,-1.5,0.));
#1589 = DIRECTION('',(0.,0.,1.));
#1590 = DIRECTION('',(1.,0.,-0.));
#1591 = ADVANCED_FACE('',(#1592),#1598,.T.);
#1592 = FACE_BOUND('',#1593,.T.);
#1593 = EDGE_LOOP('',(#1594,#1595,#1596,#1597));
#1594 = ORIENTED_EDGE('',*,*,#1485,.F.);
#1595 = ORIENTED_EDGE('',*,*,#1546,.T.);
#1596 = ORIENTED_EDGE('',*,*,#1525,.T.);
#1597 = ORIENTED_EDGE('',*,*,#1568,.F.);
#1598 = PLANE('',#1599);
#1599 = AXIS2_PLACEMENT_3D('',#1600,#1601,#1602);
#1600 = CARTESIAN_POINT('',(-0.37,-1.5,5.E-02));
#1601 = DIRECTION('',(0.,0.,1.));
#1602 = DIRECTION('',(1.,0.,-0.));
#1603 = ( GEOMETRIC_REPRESENTATION_CONTEXT(3) 
GLOBAL_UNCERTAINTY_ASSIGNED_CONTEXT((#1607)) 
GLOBAL_UNIT_ASSIGNED_CONTEXT((#1604,#1605,#1606)) REPRESENTATION_CONTEXT
('Context #1','3D Context with UNIT and UNCERTAINTY') );
#1604 = ( LENGTH_UNIT() NAMED_UNIT(*) SI_UNIT(.MILLI.,.METRE.) );
#1605 = ( NAMED_UNIT(*) PLANE_ANGLE_UNIT() SI_UNIT($,.RADIAN.) );
#1606 = ( NAMED_UNIT(*) SI_UNIT($,.STERADIAN.) SOLID_ANGLE_UNIT() );
#1607 = UNCERTAINTY_MEASURE_WITH_UNIT(LENGTH_MEASURE(1.E-07),#1604,
  'distance_accuracy_value','confusion accuracy');
#1608 = CONTEXT_DEPENDENT_SHAPE_REPRESENTATION(#1609,#1611);
#1609 = ( REPRESENTATION_RELATIONSHIP('','',#1452,#10) 
REPRESENTATION_RELATIONSHIP_WITH_TRANSFORMATION(#1610) 
SHAPE_REPRESENTATION_RELATIONSHIP() );
#1610 = ITEM_DEFINED_TRANSFORMATION('','',#11,#47);
#1611 = PRODUCT_DEFINITION_SHAPE('Placement','Placement of an item',
  #1612);
#1612 = NEXT_ASSEMBLY_USAGE_OCCURRENCE('31','TCA6408A_VQFN16_8','',#5,
  #1447,$);
#1613 = PRODUCT_RELATED_PRODUCT_CATEGORY('part',$,(#1449));
#1614 = SHAPE_DEFINITION_REPRESENTATION(#1615,#1621);
#1615 = PRODUCT_DEFINITION_SHAPE('','',#1616);
#1616 = PRODUCT_DEFINITION('design','',#1617,#1620);
#1617 = PRODUCT_DEFINITION_FORMATION('','',#1618);
#1618 = PRODUCT('TCA6408A_VQFN16_9','TCA6408A_VQFN16_9','',(#1619));
#1619 = PRODUCT_CONTEXT('',#2,'mechanical');
#1620 = PRODUCT_DEFINITION_CONTEXT('part definition',#2,'design');
#1621 = ADVANCED_BREP_SHAPE_REPRESENTATION('',(#11,#1622),#1772);
#1622 = MANIFOLD_SOLID_BREP('',#1623);
#1623 = CLOSED_SHELL('',(#1624,#1664,#1704,#1726,#1748,#1760));
#1624 = ADVANCED_FACE('',(#1625),#1659,.F.);
#1625 = FACE_BOUND('',#1626,.F.);
#1626 = EDGE_LOOP('',(#1627,#1637,#1645,#1653));
#1627 = ORIENTED_EDGE('',*,*,#1628,.F.);
#1628 = EDGE_CURVE('',#1629,#1631,#1633,.T.);
#1629 = VERTEX_POINT('',#1630);
#1630 = CARTESIAN_POINT('',(-0.37,1.1,0.));
#1631 = VERTEX_POINT('',#1632);
#1632 = CARTESIAN_POINT('',(-0.37,1.1,5.E-02));
#1633 = LINE('',#1634,#1635);
#1634 = CARTESIAN_POINT('',(-0.37,1.1,0.));
#1635 = VECTOR('',#1636,1.);
#1636 = DIRECTION('',(0.,0.,1.));
#1637 = ORIENTED_EDGE('',*,*,#1638,.T.);
#1638 = EDGE_CURVE('',#1629,#1639,#1641,.T.);
#1639 = VERTEX_POINT('',#1640);
#1640 = CARTESIAN_POINT('',(-0.37,1.5,0.));
#1641 = LINE('',#1642,#1643);
#1642 = CARTESIAN_POINT('',(-0.37,1.1,0.));
#1643 = VECTOR('',#1644,1.);
#1644 = DIRECTION('',(-0.,1.,0.));
#1645 = ORIENTED_EDGE('',*,*,#1646,.T.);
#1646 = EDGE_CURVE('',#1639,#1647,#1649,.T.);
#1647 = VERTEX_POINT('',#1648);
#1648 = CARTESIAN_POINT('',(-0.37,1.5,5.E-02));
#1649 = LINE('',#1650,#1651);
#1650 = CARTESIAN_POINT('',(-0.37,1.5,0.));
#1651 = VECTOR('',#1652,1.);
#1652 = DIRECTION('',(0.,0.,1.));
#1653 = ORIENTED_EDGE('',*,*,#1654,.F.);
#1654 = EDGE_CURVE('',#1631,#1647,#1655,.T.);
#1655 = LINE('',#1656,#1657);
#1656 = CARTESIAN_POINT('',(-0.37,1.1,5.E-02));
#1657 = VECTOR('',#1658,1.);
#1658 = DIRECTION('',(-0.,1.,0.));
#1659 = PLANE('',#1660);
#1660 = AXIS2_PLACEMENT_3D('',#1661,#1662,#1663);
#1661 = CARTESIAN_POINT('',(-0.37,1.1,0.));
#1662 = DIRECTION('',(1.,0.,-0.));
#1663 = DIRECTION('',(0.,0.,1.));
#1664 = ADVANCED_FACE('',(#1665),#1699,.T.);
#1665 = FACE_BOUND('',#1666,.T.);
#1666 = EDGE_LOOP('',(#1667,#1677,#1685,#1693));
#1667 = ORIENTED_EDGE('',*,*,#1668,.F.);
#1668 = EDGE_CURVE('',#1669,#1671,#1673,.T.);
#1669 = VERTEX_POINT('',#1670);
#1670 = CARTESIAN_POINT('',(-0.13,1.1,0.));
#1671 = VERTEX_POINT('',#1672);
#1672 = CARTESIAN_POINT('',(-0.13,1.1,5.E-02));
#1673 = LINE('',#1674,#1675);
#1674 = CARTESIAN_POINT('',(-0.13,1.1,0.));
#1675 = VECTOR('',#1676,1.);
#1676 = DIRECTION('',(0.,0.,1.));
#1677 = ORIENTED_EDGE('',*,*,#1678,.T.);
#1678 = EDGE_CURVE('',#1669,#1679,#1681,.T.);
#1679 = VERTEX_POINT('',#1680);
#1680 = CARTESIAN_POINT('',(-0.13,1.5,0.));
#1681 = LINE('',#1682,#1683);
#1682 = CARTESIAN_POINT('',(-0.13,1.1,0.));
#1683 = VECTOR('',#1684,1.);
#1684 = DIRECTION('',(-0.,1.,0.));
#1685 = ORIENTED_EDGE('',*,*,#1686,.T.);
#1686 = EDGE_CURVE('',#1679,#1687,#1689,.T.);
#1687 = VERTEX_POINT('',#1688);
#1688 = CARTESIAN_POINT('',(-0.13,1.5,5.E-02));
#1689 = LINE('',#1690,#1691);
#1690 = CARTESIAN_POINT('',(-0.13,1.5,0.));
#1691 = VECTOR('',#1692,1.);
#1692 = DIRECTION('',(0.,0.,1.));
#1693 = ORIENTED_EDGE('',*,*,#1694,.F.);
#1694 = EDGE_CURVE('',#1671,#1687,#1695,.T.);
#1695 = LINE('',#1696,#1697);
#1696 = CARTESIAN_POINT('',(-0.13,1.1,5.E-02));
#1697 = VECTOR('',#1698,1.);
#1698 = DIRECTION('',(-0.,1.,0.));
#1699 = PLANE('',#1700);
#1700 = AXIS2_PLACEMENT_3D('',#1701,#1702,#1703);
#1701 = CARTESIAN_POINT('',(-0.13,1.1,0.));
#1702 = DIRECTION('',(1.,0.,-0.));
#1703 = DIRECTION('',(0.,0.,1.));
#1704 = ADVANCED_FACE('',(#1705),#1721,.F.);
#1705 = FACE_BOUND('',#1706,.F.);
#1706 = EDGE_LOOP('',(#1707,#1713,#1714,#1720));
#1707 = ORIENTED_EDGE('',*,*,#1708,.F.);
#1708 = EDGE_CURVE('',#1629,#1669,#1709,.T.);
#1709 = LINE('',#1710,#1711);
#1710 = CARTESIAN_POINT('',(-0.37,1.1,0.));
#1711 = VECTOR('',#1712,1.);
#1712 = DIRECTION('',(1.,0.,-0.));
#1713 = ORIENTED_EDGE('',*,*,#1628,.T.);
#1714 = ORIENTED_EDGE('',*,*,#1715,.T.);
#1715 = EDGE_CURVE('',#1631,#1671,#1716,.T.);
#1716 = LINE('',#1717,#1718);
#1717 = CARTESIAN_POINT('',(-0.37,1.1,5.E-02));
#1718 = VECTOR('',#1719,1.);
#1719 = DIRECTION('',(1.,0.,-0.));
#1720 = ORIENTED_EDGE('',*,*,#1668,.F.);
#1721 = PLANE('',#1722);
#1722 = AXIS2_PLACEMENT_3D('',#1723,#1724,#1725);
#1723 = CARTESIAN_POINT('',(-0.37,1.1,0.));
#1724 = DIRECTION('',(-0.,1.,0.));
#1725 = DIRECTION('',(0.,0.,1.));
#1726 = ADVANCED_FACE('',(#1727),#1743,.T.);
#1727 = FACE_BOUND('',#1728,.T.);
#1728 = EDGE_LOOP('',(#1729,#1735,#1736,#1742));
#1729 = ORIENTED_EDGE('',*,*,#1730,.F.);
#1730 = EDGE_CURVE('',#1639,#1679,#1731,.T.);
#1731 = LINE('',#1732,#1733);
#1732 = CARTESIAN_POINT('',(-0.37,1.5,0.));
#1733 = VECTOR('',#1734,1.);
#1734 = DIRECTION('',(1.,0.,-0.));
#1735 = ORIENTED_EDGE('',*,*,#1646,.T.);
#1736 = ORIENTED_EDGE('',*,*,#1737,.T.);
#1737 = EDGE_CURVE('',#1647,#1687,#1738,.T.);
#1738 = LINE('',#1739,#1740);
#1739 = CARTESIAN_POINT('',(-0.37,1.5,5.E-02));
#1740 = VECTOR('',#1741,1.);
#1741 = DIRECTION('',(1.,0.,-0.));
#1742 = ORIENTED_EDGE('',*,*,#1686,.F.);
#1743 = PLANE('',#1744);
#1744 = AXIS2_PLACEMENT_3D('',#1745,#1746,#1747);
#1745 = CARTESIAN_POINT('',(-0.37,1.5,0.));
#1746 = DIRECTION('',(-0.,1.,0.));
#1747 = DIRECTION('',(0.,0.,1.));
#1748 = ADVANCED_FACE('',(#1749),#1755,.F.);
#1749 = FACE_BOUND('',#1750,.F.);
#1750 = EDGE_LOOP('',(#1751,#1752,#1753,#1754));
#1751 = ORIENTED_EDGE('',*,*,#1638,.F.);
#1752 = ORIENTED_EDGE('',*,*,#1708,.T.);
#1753 = ORIENTED_EDGE('',*,*,#1678,.T.);
#1754 = ORIENTED_EDGE('',*,*,#1730,.F.);
#1755 = PLANE('',#1756);
#1756 = AXIS2_PLACEMENT_3D('',#1757,#1758,#1759);
#1757 = CARTESIAN_POINT('',(-0.37,1.1,0.));
#1758 = DIRECTION('',(0.,0.,1.));
#1759 = DIRECTION('',(1.,0.,-0.));
#1760 = ADVANCED_FACE('',(#1761),#1767,.T.);
#1761 = FACE_BOUND('',#1762,.T.);
#1762 = EDGE_LOOP('',(#1763,#1764,#1765,#1766));
#1763 = ORIENTED_EDGE('',*,*,#1654,.F.);
#1764 = ORIENTED_EDGE('',*,*,#1715,.T.);
#1765 = ORIENTED_EDGE('',*,*,#1694,.T.);
#1766 = ORIENTED_EDGE('',*,*,#1737,.F.);
#1767 = PLANE('',#1768);
#1768 = AXIS2_PLACEMENT_3D('',#1769,#1770,#1771);
#1769 = CARTESIAN_POINT('',(-0.37,1.1,5.E-02));
#1770 = DIRECTION('',(0.,0.,1.));
#1771 = DIRECTION('',(1.,0.,-0.));
#1772 = ( GEOMETRIC_REPRESENTATION_CONTEXT(3) 
GLOBAL_UNCERTAINTY_ASSIGNED_CONTEXT((#1776)) 
GLOBAL_UNIT_ASSIGNED_CONTEXT((#1773,#1774,#1775)) REPRESENTATION_CONTEXT
('Context #1','3D Context with UNIT and UNCERTAINTY') );
#1773 = ( LENGTH_UNIT() NAMED_UNIT(*) SI_UNIT(.MILLI.,.METRE.) );
#1774 = ( NAMED_UNIT(*) PLANE_ANGLE_UNIT() SI_UNIT($,.RADIAN.) );
#1775 = ( NAMED_UNIT(*) SI_UNIT($,.STERADIAN.) SOLID_ANGLE_UNIT() );
#1776 = UNCERTAINTY_MEASURE_WITH_UNIT(LENGTH_MEASURE(1.E-07),#1773,
  'distance_accuracy_value','confusion accuracy');
#1777 = CONTEXT_DEPENDENT_SHAPE_REPRESENTATION(#1778,#1780);
#1778 = ( REPRESENTATION_RELATIONSHIP('','',#1621,#10) 
REPRESENTATION_RELATIONSHIP_WITH_TRANSFORMATION(#1779) 
SHAPE_REPRESENTATION_RELATIONSHIP() );
#1779 = ITEM_DEFINED_TRANSFORMATION('','',#11,#51);
#1780 = PRODUCT_DEFINITION_SHAPE('Placement','Placement of an item',
  #1781);
#1781 = NEXT_ASSEMBLY_USAGE_OCCURRENCE('32','TCA6408A_VQFN16_9','',#5,
  #1616,$);
#1782 = PRODUCT_RELATED_PRODUCT_CATEGORY('part',$,(#1618));
#1783 = SHAPE_DEFINITION_REPRESENTATION(#1784,#1790);
#1784 = PRODUCT_DEFINITION_SHAPE('','',#1785);
#1785 = PRODUCT_DEFINITION('design','',#1786,#1789);
#1786 = PRODUCT_DEFINITION_FORMATION('','',#1787);
#1787 = PRODUCT('TCA6408A_VQFN16_10','TCA6408A_VQFN16_10','',(#1788));
#1788 = PRODUCT_CONTEXT('',#2,'mechanical');
#1789 = PRODUCT_DEFINITION_CONTEXT('part definition',#2,'design');
#1790 = ADVANCED_BREP_SHAPE_REPRESENTATION('',(#11,#1791),#1941);
#1791 = MANIFOLD_SOLID_BREP('',#1792);
#1792 = CLOSED_SHELL('',(#1793,#1833,#1873,#1895,#1917,#1929));
#1793 = ADVANCED_FACE('',(#1794),#1828,.F.);
#1794 = FACE_BOUND('',#1795,.F.);
#1795 = EDGE_LOOP('',(#1796,#1806,#1814,#1822));
#1796 = ORIENTED_EDGE('',*,*,#1797,.F.);
#1797 = EDGE_CURVE('',#1798,#1800,#1802,.T.);
#1798 = VERTEX_POINT('',#1799);
#1799 = CARTESIAN_POINT('',(-1.5,0.13,0.));
#1800 = VERTEX_POINT('',#1801);
#1801 = CARTESIAN_POINT('',(-1.5,0.13,5.E-02));
#1802 = LINE('',#1803,#1804);
#1803 = CARTESIAN_POINT('',(-1.5,0.13,0.));
#1804 = VECTOR('',#1805,1.);
#1805 = DIRECTION('',(0.,0.,1.));
#1806 = ORIENTED_EDGE('',*,*,#1807,.T.);
#1807 = EDGE_CURVE('',#1798,#1808,#1810,.T.);
#1808 = VERTEX_POINT('',#1809);
#1809 = CARTESIAN_POINT('',(-1.5,0.37,0.));
#1810 = LINE('',#1811,#1812);
#1811 = CARTESIAN_POINT('',(-1.5,0.13,0.));
#1812 = VECTOR('',#1813,1.);
#1813 = DIRECTION('',(-0.,1.,0.));
#1814 = ORIENTED_EDGE('',*,*,#1815,.T.);
#1815 = EDGE_CURVE('',#1808,#1816,#1818,.T.);
#1816 = VERTEX_POINT('',#1817);
#1817 = CARTESIAN_POINT('',(-1.5,0.37,5.E-02));
#1818 = LINE('',#1819,#1820);
#1819 = CARTESIAN_POINT('',(-1.5,0.37,0.));
#1820 = VECTOR('',#1821,1.);
#1821 = DIRECTION('',(0.,0.,1.));
#1822 = ORIENTED_EDGE('',*,*,#1823,.F.);
#1823 = EDGE_CURVE('',#1800,#1816,#1824,.T.);
#1824 = LINE('',#1825,#1826);
#1825 = CARTESIAN_POINT('',(-1.5,0.13,5.E-02));
#1826 = VECTOR('',#1827,1.);
#1827 = DIRECTION('',(-0.,1.,0.));
#1828 = PLANE('',#1829);
#1829 = AXIS2_PLACEMENT_3D('',#1830,#1831,#1832);
#1830 = CARTESIAN_POINT('',(-1.5,0.13,0.));
#1831 = DIRECTION('',(1.,0.,-0.));
#1832 = DIRECTION('',(0.,0.,1.));
#1833 = ADVANCED_FACE('',(#1834),#1868,.T.);
#1834 = FACE_BOUND('',#1835,.T.);
#1835 = EDGE_LOOP('',(#1836,#1846,#1854,#1862));
#1836 = ORIENTED_EDGE('',*,*,#1837,.F.);
#1837 = EDGE_CURVE('',#1838,#1840,#1842,.T.);
#1838 = VERTEX_POINT('',#1839);
#1839 = CARTESIAN_POINT('',(-1.1,0.13,0.));
#1840 = VERTEX_POINT('',#1841);
#1841 = CARTESIAN_POINT('',(-1.1,0.13,5.E-02));
#1842 = LINE('',#1843,#1844);
#1843 = CARTESIAN_POINT('',(-1.1,0.13,0.));
#1844 = VECTOR('',#1845,1.);
#1845 = DIRECTION('',(0.,0.,1.));
#1846 = ORIENTED_EDGE('',*,*,#1847,.T.);
#1847 = EDGE_CURVE('',#1838,#1848,#1850,.T.);
#1848 = VERTEX_POINT('',#1849);
#1849 = CARTESIAN_POINT('',(-1.1,0.37,0.));
#1850 = LINE('',#1851,#1852);
#1851 = CARTESIAN_POINT('',(-1.1,0.13,0.));
#1852 = VECTOR('',#1853,1.);
#1853 = DIRECTION('',(-0.,1.,0.));
#1854 = ORIENTED_EDGE('',*,*,#1855,.T.);
#1855 = EDGE_CURVE('',#1848,#1856,#1858,.T.);
#1856 = VERTEX_POINT('',#1857);
#1857 = CARTESIAN_POINT('',(-1.1,0.37,5.E-02));
#1858 = LINE('',#1859,#1860);
#1859 = CARTESIAN_POINT('',(-1.1,0.37,0.));
#1860 = VECTOR('',#1861,1.);
#1861 = DIRECTION('',(0.,0.,1.));
#1862 = ORIENTED_EDGE('',*,*,#1863,.F.);
#1863 = EDGE_CURVE('',#1840,#1856,#1864,.T.);
#1864 = LINE('',#1865,#1866);
#1865 = CARTESIAN_POINT('',(-1.1,0.13,5.E-02));
#1866 = VECTOR('',#1867,1.);
#1867 = DIRECTION('',(-0.,1.,0.));
#1868 = PLANE('',#1869);
#1869 = AXIS2_PLACEMENT_3D('',#1870,#1871,#1872);
#1870 = CARTESIAN_POINT('',(-1.1,0.13,0.));
#1871 = DIRECTION('',(1.,0.,-0.));
#1872 = DIRECTION('',(0.,0.,1.));
#1873 = ADVANCED_FACE('',(#1874),#1890,.F.);
#1874 = FACE_BOUND('',#1875,.F.);
#1875 = EDGE_LOOP('',(#1876,#1882,#1883,#1889));
#1876 = ORIENTED_EDGE('',*,*,#1877,.F.);
#1877 = EDGE_CURVE('',#1798,#1838,#1878,.T.);
#1878 = LINE('',#1879,#1880);
#1879 = CARTESIAN_POINT('',(-1.5,0.13,0.));
#1880 = VECTOR('',#1881,1.);
#1881 = DIRECTION('',(1.,0.,-0.));
#1882 = ORIENTED_EDGE('',*,*,#1797,.T.);
#1883 = ORIENTED_EDGE('',*,*,#1884,.T.);
#1884 = EDGE_CURVE('',#1800,#1840,#1885,.T.);
#1885 = LINE('',#1886,#1887);
#1886 = CARTESIAN_POINT('',(-1.5,0.13,5.E-02));
#1887 = VECTOR('',#1888,1.);
#1888 = DIRECTION('',(1.,0.,-0.));
#1889 = ORIENTED_EDGE('',*,*,#1837,.F.);
#1890 = PLANE('',#1891);
#1891 = AXIS2_PLACEMENT_3D('',#1892,#1893,#1894);
#1892 = CARTESIAN_POINT('',(-1.5,0.13,0.));
#1893 = DIRECTION('',(-0.,1.,0.));
#1894 = DIRECTION('',(0.,0.,1.));
#1895 = ADVANCED_FACE('',(#1896),#1912,.T.);
#1896 = FACE_BOUND('',#1897,.T.);
#1897 = EDGE_LOOP('',(#1898,#1904,#1905,#1911));
#1898 = ORIENTED_EDGE('',*,*,#1899,.F.);
#1899 = EDGE_CURVE('',#1808,#1848,#1900,.T.);
#1900 = LINE('',#1901,#1902);
#1901 = CARTESIAN_POINT('',(-1.5,0.37,0.));
#1902 = VECTOR('',#1903,1.);
#1903 = DIRECTION('',(1.,0.,-0.));
#1904 = ORIENTED_EDGE('',*,*,#1815,.T.);
#1905 = ORIENTED_EDGE('',*,*,#1906,.T.);
#1906 = EDGE_CURVE('',#1816,#1856,#1907,.T.);
#1907 = LINE('',#1908,#1909);
#1908 = CARTESIAN_POINT('',(-1.5,0.37,5.E-02));
#1909 = VECTOR('',#1910,1.);
#1910 = DIRECTION('',(1.,0.,-0.));
#1911 = ORIENTED_EDGE('',*,*,#1855,.F.);
#1912 = PLANE('',#1913);
#1913 = AXIS2_PLACEMENT_3D('',#1914,#1915,#1916);
#1914 = CARTESIAN_POINT('',(-1.5,0.37,0.));
#1915 = DIRECTION('',(-0.,1.,0.));
#1916 = DIRECTION('',(0.,0.,1.));
#1917 = ADVANCED_FACE('',(#1918),#1924,.F.);
#1918 = FACE_BOUND('',#1919,.F.);
#1919 = EDGE_LOOP('',(#1920,#1921,#1922,#1923));
#1920 = ORIENTED_EDGE('',*,*,#1807,.F.);
#1921 = ORIENTED_EDGE('',*,*,#1877,.T.);
#1922 = ORIENTED_EDGE('',*,*,#1847,.T.);
#1923 = ORIENTED_EDGE('',*,*,#1899,.F.);
#1924 = PLANE('',#1925);
#1925 = AXIS2_PLACEMENT_3D('',#1926,#1927,#1928);
#1926 = CARTESIAN_POINT('',(-1.5,0.13,0.));
#1927 = DIRECTION('',(0.,0.,1.));
#1928 = DIRECTION('',(1.,0.,-0.));
#1929 = ADVANCED_FACE('',(#1930),#1936,.T.);
#1930 = FACE_BOUND('',#1931,.T.);
#1931 = EDGE_LOOP('',(#1932,#1933,#1934,#1935));
#1932 = ORIENTED_EDGE('',*,*,#1823,.F.);
#1933 = ORIENTED_EDGE('',*,*,#1884,.T.);
#1934 = ORIENTED_EDGE('',*,*,#1863,.T.);
#1935 = ORIENTED_EDGE('',*,*,#1906,.F.);
#1936 = PLANE('',#1937);
#1937 = AXIS2_PLACEMENT_3D('',#1938,#1939,#1940);
#1938 = CARTESIAN_POINT('',(-1.5,0.13,5.E-02));
#1939 = DIRECTION('',(0.,0.,1.));
#1940 = DIRECTION('',(1.,0.,-0.));
#1941 = ( GEOMETRIC_REPRESENTATION_CONTEXT(3) 
GLOBAL_UNCERTAINTY_ASSIGNED_CONTEXT((#1945)) 
GLOBAL_UNIT_ASSIGNED_CONTEXT((#1942,#1943,#1944)) REPRESENTATION_CONTEXT
('Context #1','3D Context with UNIT and UNCERTAINTY') );
#1942 = ( LENGTH_UNIT() NAMED_UNIT(*) SI_UNIT(.MILLI.,.METRE.) );
#1943 = ( NAMED_UNIT(*) PLANE_ANGLE_UNIT() SI_UNIT($,.RADIAN.) );
#1944 = ( NAMED_UNIT(*) SI_UNIT($,.STERADIAN.) SOLID_ANGLE_UNIT() );
#1945 = UNCERTAINTY_MEASURE_WITH_UNIT(LENGTH_MEASURE(1.E-07),#1942,
  'distance_accuracy_value','confusion accuracy');
#1946 = CONTEXT_DEPENDENT_SHAPE_REPRESENTATION(#1947,#1949);
#1947 = ( REPRESENTATION_RELATIONSHIP('','',#1790,#10) 
REPRESENTATION_RELATIONSHIP_WITH_TRANSFORMATION(#1948) 
SHAPE_REPRESENTATION_RELATIONSHIP() );
#1948 = ITEM_DEFINED_TRANSFORMATION('','',#11,#55);
#1949 = PRODUCT_DEFINITION_SHAPE('Placement','Placement of an item',
  #1950);
#1950 = NEXT_ASSEMBLY_USAGE_OCCURRENCE('33','TCA6408A_VQFN16_10','',#5,
  #1785,$);
#1951 = PRODUCT_RELATED_PRODUCT_CATEGORY('part',$,(#1787));
#1952 = SHAPE_DEFINITION_REPRESENTATION(#1953,#1959);
#1953 = PRODUCT_DEFINITION_SHAPE('','',#1954);
#1954 = PRODUCT_DEFINITION('design','',#1955,#1958);
#1955 = PRODUCT_DEFINITION_FORMATION('','',#1956);
#1956 = PRODUCT('TCA6408A_VQFN16_11','TCA6408A_VQFN16_11','',(#1957));
#1957 = PRODUCT_CONTEXT('',#2,'mechanical');
#1958 = PRODUCT_DEFINITION_CONTEXT('part definition',#2,'design');
#1959 = ADVANCED_BREP_SHAPE_REPRESENTATION('',(#11,#1960),#2110);
#1960 = MANIFOLD_SOLID_BREP('',#1961);
#1961 = CLOSED_SHELL('',(#1962,#2002,#2042,#2064,#2086,#2098));
#1962 = ADVANCED_FACE('',(#1963),#1997,.F.);
#1963 = FACE_BOUND('',#1964,.F.);
#1964 = EDGE_LOOP('',(#1965,#1975,#1983,#1991));
#1965 = ORIENTED_EDGE('',*,*,#1966,.F.);
#1966 = EDGE_CURVE('',#1967,#1969,#1971,.T.);
#1967 = VERTEX_POINT('',#1968);
#1968 = CARTESIAN_POINT('',(1.1,0.13,0.));
#1969 = VERTEX_POINT('',#1970);
#1970 = CARTESIAN_POINT('',(1.1,0.13,5.E-02));
#1971 = LINE('',#1972,#1973);
#1972 = CARTESIAN_POINT('',(1.1,0.13,0.));
#1973 = VECTOR('',#1974,1.);
#1974 = DIRECTION('',(0.,0.,1.));
#1975 = ORIENTED_EDGE('',*,*,#1976,.T.);
#1976 = EDGE_CURVE('',#1967,#1977,#1979,.T.);
#1977 = VERTEX_POINT('',#1978);
#1978 = CARTESIAN_POINT('',(1.1,0.37,0.));
#1979 = LINE('',#1980,#1981);
#1980 = CARTESIAN_POINT('',(1.1,0.13,0.));
#1981 = VECTOR('',#1982,1.);
#1982 = DIRECTION('',(-0.,1.,0.));
#1983 = ORIENTED_EDGE('',*,*,#1984,.T.);
#1984 = EDGE_CURVE('',#1977,#1985,#1987,.T.);
#1985 = VERTEX_POINT('',#1986);
#1986 = CARTESIAN_POINT('',(1.1,0.37,5.E-02));
#1987 = LINE('',#1988,#1989);
#1988 = CARTESIAN_POINT('',(1.1,0.37,0.));
#1989 = VECTOR('',#1990,1.);
#1990 = DIRECTION('',(0.,0.,1.));
#1991 = ORIENTED_EDGE('',*,*,#1992,.F.);
#1992 = EDGE_CURVE('',#1969,#1985,#1993,.T.);
#1993 = LINE('',#1994,#1995);
#1994 = CARTESIAN_POINT('',(1.1,0.13,5.E-02));
#1995 = VECTOR('',#1996,1.);
#1996 = DIRECTION('',(-0.,1.,0.));
#1997 = PLANE('',#1998);
#1998 = AXIS2_PLACEMENT_3D('',#1999,#2000,#2001);
#1999 = CARTESIAN_POINT('',(1.1,0.13,0.));
#2000 = DIRECTION('',(1.,0.,-0.));
#2001 = DIRECTION('',(0.,0.,1.));
#2002 = ADVANCED_FACE('',(#2003),#2037,.T.);
#2003 = FACE_BOUND('',#2004,.T.);
#2004 = EDGE_LOOP('',(#2005,#2015,#2023,#2031));
#2005 = ORIENTED_EDGE('',*,*,#2006,.F.);
#2006 = EDGE_CURVE('',#2007,#2009,#2011,.T.);
#2007 = VERTEX_POINT('',#2008);
#2008 = CARTESIAN_POINT('',(1.5,0.13,0.));
#2009 = VERTEX_POINT('',#2010);
#2010 = CARTESIAN_POINT('',(1.5,0.13,5.E-02));
#2011 = LINE('',#2012,#2013);
#2012 = CARTESIAN_POINT('',(1.5,0.13,0.));
#2013 = VECTOR('',#2014,1.);
#2014 = DIRECTION('',(0.,0.,1.));
#2015 = ORIENTED_EDGE('',*,*,#2016,.T.);
#2016 = EDGE_CURVE('',#2007,#2017,#2019,.T.);
#2017 = VERTEX_POINT('',#2018);
#2018 = CARTESIAN_POINT('',(1.5,0.37,0.));
#2019 = LINE('',#2020,#2021);
#2020 = CARTESIAN_POINT('',(1.5,0.13,0.));
#2021 = VECTOR('',#2022,1.);
#2022 = DIRECTION('',(-0.,1.,0.));
#2023 = ORIENTED_EDGE('',*,*,#2024,.T.);
#2024 = EDGE_CURVE('',#2017,#2025,#2027,.T.);
#2025 = VERTEX_POINT('',#2026);
#2026 = CARTESIAN_POINT('',(1.5,0.37,5.E-02));
#2027 = LINE('',#2028,#2029);
#2028 = CARTESIAN_POINT('',(1.5,0.37,0.));
#2029 = VECTOR('',#2030,1.);
#2030 = DIRECTION('',(0.,0.,1.));
#2031 = ORIENTED_EDGE('',*,*,#2032,.F.);
#2032 = EDGE_CURVE('',#2009,#2025,#2033,.T.);
#2033 = LINE('',#2034,#2035);
#2034 = CARTESIAN_POINT('',(1.5,0.13,5.E-02));
#2035 = VECTOR('',#2036,1.);
#2036 = DIRECTION('',(-0.,1.,0.));
#2037 = PLANE('',#2038);
#2038 = AXIS2_PLACEMENT_3D('',#2039,#2040,#2041);
#2039 = CARTESIAN_POINT('',(1.5,0.13,0.));
#2040 = DIRECTION('',(1.,0.,-0.));
#2041 = DIRECTION('',(0.,0.,1.));
#2042 = ADVANCED_FACE('',(#2043),#2059,.F.);
#2043 = FACE_BOUND('',#2044,.F.);
#2044 = EDGE_LOOP('',(#2045,#2051,#2052,#2058));
#2045 = ORIENTED_EDGE('',*,*,#2046,.F.);
#2046 = EDGE_CURVE('',#1967,#2007,#2047,.T.);
#2047 = LINE('',#2048,#2049);
#2048 = CARTESIAN_POINT('',(1.1,0.13,0.));
#2049 = VECTOR('',#2050,1.);
#2050 = DIRECTION('',(1.,0.,-0.));
#2051 = ORIENTED_EDGE('',*,*,#1966,.T.);
#2052 = ORIENTED_EDGE('',*,*,#2053,.T.);
#2053 = EDGE_CURVE('',#1969,#2009,#2054,.T.);
#2054 = LINE('',#2055,#2056);
#2055 = CARTESIAN_POINT('',(1.1,0.13,5.E-02));
#2056 = VECTOR('',#2057,1.);
#2057 = DIRECTION('',(1.,0.,-0.));
#2058 = ORIENTED_EDGE('',*,*,#2006,.F.);
#2059 = PLANE('',#2060);
#2060 = AXIS2_PLACEMENT_3D('',#2061,#2062,#2063);
#2061 = CARTESIAN_POINT('',(1.1,0.13,0.));
#2062 = DIRECTION('',(-0.,1.,0.));
#2063 = DIRECTION('',(0.,0.,1.));
#2064 = ADVANCED_FACE('',(#2065),#2081,.T.);
#2065 = FACE_BOUND('',#2066,.T.);
#2066 = EDGE_LOOP('',(#2067,#2073,#2074,#2080));
#2067 = ORIENTED_EDGE('',*,*,#2068,.F.);
#2068 = EDGE_CURVE('',#1977,#2017,#2069,.T.);
#2069 = LINE('',#2070,#2071);
#2070 = CARTESIAN_POINT('',(1.1,0.37,0.));
#2071 = VECTOR('',#2072,1.);
#2072 = DIRECTION('',(1.,0.,-0.));
#2073 = ORIENTED_EDGE('',*,*,#1984,.T.);
#2074 = ORIENTED_EDGE('',*,*,#2075,.T.);
#2075 = EDGE_CURVE('',#1985,#2025,#2076,.T.);
#2076 = LINE('',#2077,#2078);
#2077 = CARTESIAN_POINT('',(1.1,0.37,5.E-02));
#2078 = VECTOR('',#2079,1.);
#2079 = DIRECTION('',(1.,0.,-0.));
#2080 = ORIENTED_EDGE('',*,*,#2024,.F.);
#2081 = PLANE('',#2082);
#2082 = AXIS2_PLACEMENT_3D('',#2083,#2084,#2085);
#2083 = CARTESIAN_POINT('',(1.1,0.37,0.));
#2084 = DIRECTION('',(-0.,1.,0.));
#2085 = DIRECTION('',(0.,0.,1.));
#2086 = ADVANCED_FACE('',(#2087),#2093,.F.);
#2087 = FACE_BOUND('',#2088,.F.);
#2088 = EDGE_LOOP('',(#2089,#2090,#2091,#2092));
#2089 = ORIENTED_EDGE('',*,*,#1976,.F.);
#2090 = ORIENTED_EDGE('',*,*,#2046,.T.);
#2091 = ORIENTED_EDGE('',*,*,#2016,.T.);
#2092 = ORIENTED_EDGE('',*,*,#2068,.F.);
#2093 = PLANE('',#2094);
#2094 = AXIS2_PLACEMENT_3D('',#2095,#2096,#2097);
#2095 = CARTESIAN_POINT('',(1.1,0.13,0.));
#2096 = DIRECTION('',(0.,0.,1.));
#2097 = DIRECTION('',(1.,0.,-0.));
#2098 = ADVANCED_FACE('',(#2099),#2105,.T.);
#2099 = FACE_BOUND('',#2100,.T.);
#2100 = EDGE_LOOP('',(#2101,#2102,#2103,#2104));
#2101 = ORIENTED_EDGE('',*,*,#1992,.F.);
#2102 = ORIENTED_EDGE('',*,*,#2053,.T.);
#2103 = ORIENTED_EDGE('',*,*,#2032,.T.);
#2104 = ORIENTED_EDGE('',*,*,#2075,.F.);
#2105 = PLANE('',#2106);
#2106 = AXIS2_PLACEMENT_3D('',#2107,#2108,#2109);
#2107 = CARTESIAN_POINT('',(1.1,0.13,5.E-02));
#2108 = DIRECTION('',(0.,0.,1.));
#2109 = DIRECTION('',(1.,0.,-0.));
#2110 = ( GEOMETRIC_REPRESENTATION_CONTEXT(3) 
GLOBAL_UNCERTAINTY_ASSIGNED_CONTEXT((#2114)) 
GLOBAL_UNIT_ASSIGNED_CONTEXT((#2111,#2112,#2113)) REPRESENTATION_CONTEXT
('Context #1','3D Context with UNIT and UNCERTAINTY') );
#2111 = ( LENGTH_UNIT() NAMED_UNIT(*) SI_UNIT(.MILLI.,.METRE.) );
#2112 = ( NAMED_UNIT(*) PLANE_ANGLE_UNIT() SI_UNIT($,.RADIAN.) );
#2113 = ( NAMED_UNIT(*) SI_UNIT($,.STERADIAN.) SOLID_ANGLE_UNIT() );
#2114 = UNCERTAINTY_MEASURE_WITH_UNIT(LENGTH_MEASURE(1.E-07),#2111,
  'distance_accuracy_value','confusion accuracy');
#2115 = CONTEXT_DEPENDENT_SHAPE_REPRESENTATION(#2116,#2118);
#2116 = ( REPRESENTATION_RELATIONSHIP('','',#1959,#10) 
REPRESENTATION_RELATIONSHIP_WITH_TRANSFORMATION(#2117) 
SHAPE_REPRESENTATION_RELATIONSHIP() );
#2117 = ITEM_DEFINED_TRANSFORMATION('','',#11,#59);
#2118 = PRODUCT_DEFINITION_SHAPE('Placement','Placement of an item',
  #2119);
#2119 = NEXT_ASSEMBLY_USAGE_OCCURRENCE('34','TCA6408A_VQFN16_11','',#5,
  #1954,$);
#2120 = PRODUCT_RELATED_PRODUCT_CATEGORY('part',$,(#1956));
#2121 = SHAPE_DEFINITION_REPRESENTATION(#2122,#2128);
#2122 = PRODUCT_DEFINITION_SHAPE('','',#2123);
#2123 = PRODUCT_DEFINITION('design','',#2124,#2127);
#2124 = PRODUCT_DEFINITION_FORMATION('','',#2125);
#2125 = PRODUCT('TCA6408A_VQFN16_12','TCA6408A_VQFN16_12','',(#2126));
#2126 = PRODUCT_CONTEXT('',#2,'mechanical');
#2127 = PRODUCT_DEFINITION_CONTEXT('part definition',#2,'design');
#2128 = ADVANCED_BREP_SHAPE_REPRESENTATION('',(#11,#2129),#2279);
#2129 = MANIFOLD_SOLID_BREP('',#2130);
#2130 = CLOSED_SHELL('',(#2131,#2171,#2211,#2233,#2255,#2267));
#2131 = ADVANCED_FACE('',(#2132),#2166,.F.);
#2132 = FACE_BOUND('',#2133,.F.);
#2133 = EDGE_LOOP('',(#2134,#2144,#2152,#2160));
#2134 = ORIENTED_EDGE('',*,*,#2135,.F.);
#2135 = EDGE_CURVE('',#2136,#2138,#2140,.T.);
#2136 = VERTEX_POINT('',#2137);
#2137 = CARTESIAN_POINT('',(0.13,-1.5,0.));
#2138 = VERTEX_POINT('',#2139);
#2139 = CARTESIAN_POINT('',(0.13,-1.5,5.E-02));
#2140 = LINE('',#2141,#2142);
#2141 = CARTESIAN_POINT('',(0.13,-1.5,0.));
#2142 = VECTOR('',#2143,1.);
#2143 = DIRECTION('',(0.,0.,1.));
#2144 = ORIENTED_EDGE('',*,*,#2145,.T.);
#2145 = EDGE_CURVE('',#2136,#2146,#2148,.T.);
#2146 = VERTEX_POINT('',#2147);
#2147 = CARTESIAN_POINT('',(0.13,-1.1,0.));
#2148 = LINE('',#2149,#2150);
#2149 = CARTESIAN_POINT('',(0.13,-1.5,0.));
#2150 = VECTOR('',#2151,1.);
#2151 = DIRECTION('',(-0.,1.,0.));
#2152 = ORIENTED_EDGE('',*,*,#2153,.T.);
#2153 = EDGE_CURVE('',#2146,#2154,#2156,.T.);
#2154 = VERTEX_POINT('',#2155);
#2155 = CARTESIAN_POINT('',(0.13,-1.1,5.E-02));
#2156 = LINE('',#2157,#2158);
#2157 = CARTESIAN_POINT('',(0.13,-1.1,0.));
#2158 = VECTOR('',#2159,1.);
#2159 = DIRECTION('',(0.,0.,1.));
#2160 = ORIENTED_EDGE('',*,*,#2161,.F.);
#2161 = EDGE_CURVE('',#2138,#2154,#2162,.T.);
#2162 = LINE('',#2163,#2164);
#2163 = CARTESIAN_POINT('',(0.13,-1.5,5.E-02));
#2164 = VECTOR('',#2165,1.);
#2165 = DIRECTION('',(-0.,1.,0.));
#2166 = PLANE('',#2167);
#2167 = AXIS2_PLACEMENT_3D('',#2168,#2169,#2170);
#2168 = CARTESIAN_POINT('',(0.13,-1.5,0.));
#2169 = DIRECTION('',(1.,0.,-0.));
#2170 = DIRECTION('',(0.,0.,1.));
#2171 = ADVANCED_FACE('',(#2172),#2206,.T.);
#2172 = FACE_BOUND('',#2173,.T.);
#2173 = EDGE_LOOP('',(#2174,#2184,#2192,#2200));
#2174 = ORIENTED_EDGE('',*,*,#2175,.F.);
#2175 = EDGE_CURVE('',#2176,#2178,#2180,.T.);
#2176 = VERTEX_POINT('',#2177);
#2177 = CARTESIAN_POINT('',(0.37,-1.5,0.));
#2178 = VERTEX_POINT('',#2179);
#2179 = CARTESIAN_POINT('',(0.37,-1.5,5.E-02));
#2180 = LINE('',#2181,#2182);
#2181 = CARTESIAN_POINT('',(0.37,-1.5,0.));
#2182 = VECTOR('',#2183,1.);
#2183 = DIRECTION('',(0.,0.,1.));
#2184 = ORIENTED_EDGE('',*,*,#2185,.T.);
#2185 = EDGE_CURVE('',#2176,#2186,#2188,.T.);
#2186 = VERTEX_POINT('',#2187);
#2187 = CARTESIAN_POINT('',(0.37,-1.1,0.));
#2188 = LINE('',#2189,#2190);
#2189 = CARTESIAN_POINT('',(0.37,-1.5,0.));
#2190 = VECTOR('',#2191,1.);
#2191 = DIRECTION('',(-0.,1.,0.));
#2192 = ORIENTED_EDGE('',*,*,#2193,.T.);
#2193 = EDGE_CURVE('',#2186,#2194,#2196,.T.);
#2194 = VERTEX_POINT('',#2195);
#2195 = CARTESIAN_POINT('',(0.37,-1.1,5.E-02));
#2196 = LINE('',#2197,#2198);
#2197 = CARTESIAN_POINT('',(0.37,-1.1,0.));
#2198 = VECTOR('',#2199,1.);
#2199 = DIRECTION('',(0.,0.,1.));
#2200 = ORIENTED_EDGE('',*,*,#2201,.F.);
#2201 = EDGE_CURVE('',#2178,#2194,#2202,.T.);
#2202 = LINE('',#2203,#2204);
#2203 = CARTESIAN_POINT('',(0.37,-1.5,5.E-02));
#2204 = VECTOR('',#2205,1.);
#2205 = DIRECTION('',(-0.,1.,0.));
#2206 = PLANE('',#2207);
#2207 = AXIS2_PLACEMENT_3D('',#2208,#2209,#2210);
#2208 = CARTESIAN_POINT('',(0.37,-1.5,0.));
#2209 = DIRECTION('',(1.,0.,-0.));
#2210 = DIRECTION('',(0.,0.,1.));
#2211 = ADVANCED_FACE('',(#2212),#2228,.F.);
#2212 = FACE_BOUND('',#2213,.F.);
#2213 = EDGE_LOOP('',(#2214,#2220,#2221,#2227));
#2214 = ORIENTED_EDGE('',*,*,#2215,.F.);
#2215 = EDGE_CURVE('',#2136,#2176,#2216,.T.);
#2216 = LINE('',#2217,#2218);
#2217 = CARTESIAN_POINT('',(0.13,-1.5,0.));
#2218 = VECTOR('',#2219,1.);
#2219 = DIRECTION('',(1.,0.,-0.));
#2220 = ORIENTED_EDGE('',*,*,#2135,.T.);
#2221 = ORIENTED_EDGE('',*,*,#2222,.T.);
#2222 = EDGE_CURVE('',#2138,#2178,#2223,.T.);
#2223 = LINE('',#2224,#2225);
#2224 = CARTESIAN_POINT('',(0.13,-1.5,5.E-02));
#2225 = VECTOR('',#2226,1.);
#2226 = DIRECTION('',(1.,0.,-0.));
#2227 = ORIENTED_EDGE('',*,*,#2175,.F.);
#2228 = PLANE('',#2229);
#2229 = AXIS2_PLACEMENT_3D('',#2230,#2231,#2232);
#2230 = CARTESIAN_POINT('',(0.13,-1.5,0.));
#2231 = DIRECTION('',(-0.,1.,0.));
#2232 = DIRECTION('',(0.,0.,1.));
#2233 = ADVANCED_FACE('',(#2234),#2250,.T.);
#2234 = FACE_BOUND('',#2235,.T.);
#2235 = EDGE_LOOP('',(#2236,#2242,#2243,#2249));
#2236 = ORIENTED_EDGE('',*,*,#2237,.F.);
#2237 = EDGE_CURVE('',#2146,#2186,#2238,.T.);
#2238 = LINE('',#2239,#2240);
#2239 = CARTESIAN_POINT('',(0.13,-1.1,0.));
#2240 = VECTOR('',#2241,1.);
#2241 = DIRECTION('',(1.,0.,-0.));
#2242 = ORIENTED_EDGE('',*,*,#2153,.T.);
#2243 = ORIENTED_EDGE('',*,*,#2244,.T.);
#2244 = EDGE_CURVE('',#2154,#2194,#2245,.T.);
#2245 = LINE('',#2246,#2247);
#2246 = CARTESIAN_POINT('',(0.13,-1.1,5.E-02));
#2247 = VECTOR('',#2248,1.);
#2248 = DIRECTION('',(1.,0.,-0.));
#2249 = ORIENTED_EDGE('',*,*,#2193,.F.);
#2250 = PLANE('',#2251);
#2251 = AXIS2_PLACEMENT_3D('',#2252,#2253,#2254);
#2252 = CARTESIAN_POINT('',(0.13,-1.1,0.));
#2253 = DIRECTION('',(-0.,1.,0.));
#2254 = DIRECTION('',(0.,0.,1.));
#2255 = ADVANCED_FACE('',(#2256),#2262,.F.);
#2256 = FACE_BOUND('',#2257,.F.);
#2257 = EDGE_LOOP('',(#2258,#2259,#2260,#2261));
#2258 = ORIENTED_EDGE('',*,*,#2145,.F.);
#2259 = ORIENTED_EDGE('',*,*,#2215,.T.);
#2260 = ORIENTED_EDGE('',*,*,#2185,.T.);
#2261 = ORIENTED_EDGE('',*,*,#2237,.F.);
#2262 = PLANE('',#2263);
#2263 = AXIS2_PLACEMENT_3D('',#2264,#2265,#2266);
#2264 = CARTESIAN_POINT('',(0.13,-1.5,0.));
#2265 = DIRECTION('',(0.,0.,1.));
#2266 = DIRECTION('',(1.,0.,-0.));
#2267 = ADVANCED_FACE('',(#2268),#2274,.T.);
#2268 = FACE_BOUND('',#2269,.T.);
#2269 = EDGE_LOOP('',(#2270,#2271,#2272,#2273));
#2270 = ORIENTED_EDGE('',*,*,#2161,.F.);
#2271 = ORIENTED_EDGE('',*,*,#2222,.T.);
#2272 = ORIENTED_EDGE('',*,*,#2201,.T.);
#2273 = ORIENTED_EDGE('',*,*,#2244,.F.);
#2274 = PLANE('',#2275);
#2275 = AXIS2_PLACEMENT_3D('',#2276,#2277,#2278);
#2276 = CARTESIAN_POINT('',(0.13,-1.5,5.E-02));
#2277 = DIRECTION('',(0.,0.,1.));
#2278 = DIRECTION('',(1.,0.,-0.));
#2279 = ( GEOMETRIC_REPRESENTATION_CONTEXT(3) 
GLOBAL_UNCERTAINTY_ASSIGNED_CONTEXT((#2283)) 
GLOBAL_UNIT_ASSIGNED_CONTEXT((#2280,#2281,#2282)) REPRESENTATION_CONTEXT
('Context #1','3D Context with UNIT and UNCERTAINTY') );
#2280 = ( LENGTH_UNIT() NAMED_UNIT(*) SI_UNIT(.MILLI.,.METRE.) );
#2281 = ( NAMED_UNIT(*) PLANE_ANGLE_UNIT() SI_UNIT($,.RADIAN.) );
#2282 = ( NAMED_UNIT(*) SI_UNIT($,.STERADIAN.) SOLID_ANGLE_UNIT() );
#2283 = UNCERTAINTY_MEASURE_WITH_UNIT(LENGTH_MEASURE(1.E-07),#2280,
  'distance_accuracy_value','confusion accuracy');
#2284 = CONTEXT_DEPENDENT_SHAPE_REPRESENTATION(#2285,#2287);
#2285 = ( REPRESENTATION_RELATIONSHIP('','',#2128,#10) 
REPRESENTATION_RELATIONSHIP_WITH_TRANSFORMATION(#2286) 
SHAPE_REPRESENTATION_RELATIONSHIP() );
#2286 = ITEM_DEFINED_TRANSFORMATION('','',#11,#63);
#2287 = PRODUCT_DEFINITION_SHAPE('Placement','Placement of an item',
  #2288);
#2288 = NEXT_ASSEMBLY_USAGE_OCCURRENCE('35','TCA6408A_VQFN16_12','',#5,
  #2123,$);
#2289 = PRODUCT_RELATED_PRODUCT_CATEGORY('part',$,(#2125));
#2290 = SHAPE_DEFINITION_REPRESENTATION(#2291,#2297);
#2291 = PRODUCT_DEFINITION_SHAPE('','',#2292);
#2292 = PRODUCT_DEFINITION('design','',#2293,#2296);
#2293 = PRODUCT_DEFINITION_FORMATION('','',#2294);
#2294 = PRODUCT('TCA6408A_VQFN16_13','TCA6408A_VQFN16_13','',(#2295));
#2295 = PRODUCT_CONTEXT('',#2,'mechanical');
#2296 = PRODUCT_DEFINITION_CONTEXT('part definition',#2,'design');
#2297 = ADVANCED_BREP_SHAPE_REPRESENTATION('',(#11,#2298),#2448);
#2298 = MANIFOLD_SOLID_BREP('',#2299);
#2299 = CLOSED_SHELL('',(#2300,#2340,#2380,#2402,#2424,#2436));
#2300 = ADVANCED_FACE('',(#2301),#2335,.F.);
#2301 = FACE_BOUND('',#2302,.F.);
#2302 = EDGE_LOOP('',(#2303,#2313,#2321,#2329));
#2303 = ORIENTED_EDGE('',*,*,#2304,.F.);
#2304 = EDGE_CURVE('',#2305,#2307,#2309,.T.);
#2305 = VERTEX_POINT('',#2306);
#2306 = CARTESIAN_POINT('',(0.13,1.1,0.));
#2307 = VERTEX_POINT('',#2308);
#2308 = CARTESIAN_POINT('',(0.13,1.1,5.E-02));
#2309 = LINE('',#2310,#2311);
#2310 = CARTESIAN_POINT('',(0.13,1.1,0.));
#2311 = VECTOR('',#2312,1.);
#2312 = DIRECTION('',(0.,0.,1.));
#2313 = ORIENTED_EDGE('',*,*,#2314,.T.);
#2314 = EDGE_CURVE('',#2305,#2315,#2317,.T.);
#2315 = VERTEX_POINT('',#2316);
#2316 = CARTESIAN_POINT('',(0.13,1.5,0.));
#2317 = LINE('',#2318,#2319);
#2318 = CARTESIAN_POINT('',(0.13,1.1,0.));
#2319 = VECTOR('',#2320,1.);
#2320 = DIRECTION('',(-0.,1.,0.));
#2321 = ORIENTED_EDGE('',*,*,#2322,.T.);
#2322 = EDGE_CURVE('',#2315,#2323,#2325,.T.);
#2323 = VERTEX_POINT('',#2324);
#2324 = CARTESIAN_POINT('',(0.13,1.5,5.E-02));
#2325 = LINE('',#2326,#2327);
#2326 = CARTESIAN_POINT('',(0.13,1.5,0.));
#2327 = VECTOR('',#2328,1.);
#2328 = DIRECTION('',(0.,0.,1.));
#2329 = ORIENTED_EDGE('',*,*,#2330,.F.);
#2330 = EDGE_CURVE('',#2307,#2323,#2331,.T.);
#2331 = LINE('',#2332,#2333);
#2332 = CARTESIAN_POINT('',(0.13,1.1,5.E-02));
#2333 = VECTOR('',#2334,1.);
#2334 = DIRECTION('',(-0.,1.,0.));
#2335 = PLANE('',#2336);
#2336 = AXIS2_PLACEMENT_3D('',#2337,#2338,#2339);
#2337 = CARTESIAN_POINT('',(0.13,1.1,0.));
#2338 = DIRECTION('',(1.,0.,-0.));
#2339 = DIRECTION('',(0.,0.,1.));
#2340 = ADVANCED_FACE('',(#2341),#2375,.T.);
#2341 = FACE_BOUND('',#2342,.T.);
#2342 = EDGE_LOOP('',(#2343,#2353,#2361,#2369));
#2343 = ORIENTED_EDGE('',*,*,#2344,.F.);
#2344 = EDGE_CURVE('',#2345,#2347,#2349,.T.);
#2345 = VERTEX_POINT('',#2346);
#2346 = CARTESIAN_POINT('',(0.37,1.1,0.));
#2347 = VERTEX_POINT('',#2348);
#2348 = CARTESIAN_POINT('',(0.37,1.1,5.E-02));
#2349 = LINE('',#2350,#2351);
#2350 = CARTESIAN_POINT('',(0.37,1.1,0.));
#2351 = VECTOR('',#2352,1.);
#2352 = DIRECTION('',(0.,0.,1.));
#2353 = ORIENTED_EDGE('',*,*,#2354,.T.);
#2354 = EDGE_CURVE('',#2345,#2355,#2357,.T.);
#2355 = VERTEX_POINT('',#2356);
#2356 = CARTESIAN_POINT('',(0.37,1.5,0.));
#2357 = LINE('',#2358,#2359);
#2358 = CARTESIAN_POINT('',(0.37,1.1,0.));
#2359 = VECTOR('',#2360,1.);
#2360 = DIRECTION('',(-0.,1.,0.));
#2361 = ORIENTED_EDGE('',*,*,#2362,.T.);
#2362 = EDGE_CURVE('',#2355,#2363,#2365,.T.);
#2363 = VERTEX_POINT('',#2364);
#2364 = CARTESIAN_POINT('',(0.37,1.5,5.E-02));
#2365 = LINE('',#2366,#2367);
#2366 = CARTESIAN_POINT('',(0.37,1.5,0.));
#2367 = VECTOR('',#2368,1.);
#2368 = DIRECTION('',(0.,0.,1.));
#2369 = ORIENTED_EDGE('',*,*,#2370,.F.);
#2370 = EDGE_CURVE('',#2347,#2363,#2371,.T.);
#2371 = LINE('',#2372,#2373);
#2372 = CARTESIAN_POINT('',(0.37,1.1,5.E-02));
#2373 = VECTOR('',#2374,1.);
#2374 = DIRECTION('',(-0.,1.,0.));
#2375 = PLANE('',#2376);
#2376 = AXIS2_PLACEMENT_3D('',#2377,#2378,#2379);
#2377 = CARTESIAN_POINT('',(0.37,1.1,0.));
#2378 = DIRECTION('',(1.,0.,-0.));
#2379 = DIRECTION('',(0.,0.,1.));
#2380 = ADVANCED_FACE('',(#2381),#2397,.F.);
#2381 = FACE_BOUND('',#2382,.F.);
#2382 = EDGE_LOOP('',(#2383,#2389,#2390,#2396));
#2383 = ORIENTED_EDGE('',*,*,#2384,.F.);
#2384 = EDGE_CURVE('',#2305,#2345,#2385,.T.);
#2385 = LINE('',#2386,#2387);
#2386 = CARTESIAN_POINT('',(0.13,1.1,0.));
#2387 = VECTOR('',#2388,1.);
#2388 = DIRECTION('',(1.,0.,-0.));
#2389 = ORIENTED_EDGE('',*,*,#2304,.T.);
#2390 = ORIENTED_EDGE('',*,*,#2391,.T.);
#2391 = EDGE_CURVE('',#2307,#2347,#2392,.T.);
#2392 = LINE('',#2393,#2394);
#2393 = CARTESIAN_POINT('',(0.13,1.1,5.E-02));
#2394 = VECTOR('',#2395,1.);
#2395 = DIRECTION('',(1.,0.,-0.));
#2396 = ORIENTED_EDGE('',*,*,#2344,.F.);
#2397 = PLANE('',#2398);
#2398 = AXIS2_PLACEMENT_3D('',#2399,#2400,#2401);
#2399 = CARTESIAN_POINT('',(0.13,1.1,0.));
#2400 = DIRECTION('',(-0.,1.,0.));
#2401 = DIRECTION('',(0.,0.,1.));
#2402 = ADVANCED_FACE('',(#2403),#2419,.T.);
#2403 = FACE_BOUND('',#2404,.T.);
#2404 = EDGE_LOOP('',(#2405,#2411,#2412,#2418));
#2405 = ORIENTED_EDGE('',*,*,#2406,.F.);
#2406 = EDGE_CURVE('',#2315,#2355,#2407,.T.);
#2407 = LINE('',#2408,#2409);
#2408 = CARTESIAN_POINT('',(0.13,1.5,0.));
#2409 = VECTOR('',#2410,1.);
#2410 = DIRECTION('',(1.,0.,-0.));
#2411 = ORIENTED_EDGE('',*,*,#2322,.T.);
#2412 = ORIENTED_EDGE('',*,*,#2413,.T.);
#2413 = EDGE_CURVE('',#2323,#2363,#2414,.T.);
#2414 = LINE('',#2415,#2416);
#2415 = CARTESIAN_POINT('',(0.13,1.5,5.E-02));
#2416 = VECTOR('',#2417,1.);
#2417 = DIRECTION('',(1.,0.,-0.));
#2418 = ORIENTED_EDGE('',*,*,#2362,.F.);
#2419 = PLANE('',#2420);
#2420 = AXIS2_PLACEMENT_3D('',#2421,#2422,#2423);
#2421 = CARTESIAN_POINT('',(0.13,1.5,0.));
#2422 = DIRECTION('',(-0.,1.,0.));
#2423 = DIRECTION('',(0.,0.,1.));
#2424 = ADVANCED_FACE('',(#2425),#2431,.F.);
#2425 = FACE_BOUND('',#2426,.F.);
#2426 = EDGE_LOOP('',(#2427,#2428,#2429,#2430));
#2427 = ORIENTED_EDGE('',*,*,#2314,.F.);
#2428 = ORIENTED_EDGE('',*,*,#2384,.T.);
#2429 = ORIENTED_EDGE('',*,*,#2354,.T.);
#2430 = ORIENTED_EDGE('',*,*,#2406,.F.);
#2431 = PLANE('',#2432);
#2432 = AXIS2_PLACEMENT_3D('',#2433,#2434,#2435);
#2433 = CARTESIAN_POINT('',(0.13,1.1,0.));
#2434 = DIRECTION('',(0.,0.,1.));
#2435 = DIRECTION('',(1.,0.,-0.));
#2436 = ADVANCED_FACE('',(#2437),#2443,.T.);
#2437 = FACE_BOUND('',#2438,.T.);
#2438 = EDGE_LOOP('',(#2439,#2440,#2441,#2442));
#2439 = ORIENTED_EDGE('',*,*,#2330,.F.);
#2440 = ORIENTED_EDGE('',*,*,#2391,.T.);
#2441 = ORIENTED_EDGE('',*,*,#2370,.T.);
#2442 = ORIENTED_EDGE('',*,*,#2413,.F.);
#2443 = PLANE('',#2444);
#2444 = AXIS2_PLACEMENT_3D('',#2445,#2446,#2447);
#2445 = CARTESIAN_POINT('',(0.13,1.1,5.E-02));
#2446 = DIRECTION('',(0.,0.,1.));
#2447 = DIRECTION('',(1.,0.,-0.));
#2448 = ( GEOMETRIC_REPRESENTATION_CONTEXT(3) 
GLOBAL_UNCERTAINTY_ASSIGNED_CONTEXT((#2452)) 
GLOBAL_UNIT_ASSIGNED_CONTEXT((#2449,#2450,#2451)) REPRESENTATION_CONTEXT
('Context #1','3D Context with UNIT and UNCERTAINTY') );
#2449 = ( LENGTH_UNIT() NAMED_UNIT(*) SI_UNIT(.MILLI.,.METRE.) );
#2450 = ( NAMED_UNIT(*) PLANE_ANGLE_UNIT() SI_UNIT($,.RADIAN.) );
#2451 = ( NAMED_UNIT(*) SI_UNIT($,.STERADIAN.) SOLID_ANGLE_UNIT() );
#2452 = UNCERTAINTY_MEASURE_WITH_UNIT(LENGTH_MEASURE(1.E-07),#2449,
  'distance_accuracy_value','confusion accuracy');
#2453 = CONTEXT_DEPENDENT_SHAPE_REPRESENTATION(#2454,#2456);
#2454 = ( REPRESENTATION_RELATIONSHIP('','',#2297,#10) 
REPRESENTATION_RELATIONSHIP_WITH_TRANSFORMATION(#2455) 
SHAPE_REPRESENTATION_RELATIONSHIP() );
#2455 = ITEM_DEFINED_TRANSFORMATION('','',#11,#67);
#2456 = PRODUCT_DEFINITION_SHAPE('Placement','Placement of an item',
  #2457);
#2457 = NEXT_ASSEMBLY_USAGE_OCCURRENCE('36','TCA6408A_VQFN16_13','',#5,
  #2292,$);
#2458 = PRODUCT_RELATED_PRODUCT_CATEGORY('part',$,(#2294));
#2459 = SHAPE_DEFINITION_REPRESENTATION(#2460,#2466);
#2460 = PRODUCT_DEFINITION_SHAPE('','',#2461);
#2461 = PRODUCT_DEFINITION('design','',#2462,#2465);
#2462 = PRODUCT_DEFINITION_FORMATION('','',#2463);
#2463 = PRODUCT('TCA6408A_VQFN16_14','TCA6408A_VQFN16_14','',(#2464));
#2464 = PRODUCT_CONTEXT('',#2,'mechanical');
#2465 = PRODUCT_DEFINITION_CONTEXT('part definition',#2,'design');
#2466 = ADVANCED_BREP_SHAPE_REPRESENTATION('',(#11,#2467),#2617);
#2467 = MANIFOLD_SOLID_BREP('',#2468);
#2468 = CLOSED_SHELL('',(#2469,#2509,#2549,#2571,#2593,#2605));
#2469 = ADVANCED_FACE('',(#2470),#2504,.F.);
#2470 = FACE_BOUND('',#2471,.F.);
#2471 = EDGE_LOOP('',(#2472,#2482,#2490,#2498));
#2472 = ORIENTED_EDGE('',*,*,#2473,.F.);
#2473 = EDGE_CURVE('',#2474,#2476,#2478,.T.);
#2474 = VERTEX_POINT('',#2475);
#2475 = CARTESIAN_POINT('',(-1.5,0.63,0.));
#2476 = VERTEX_POINT('',#2477);
#2477 = CARTESIAN_POINT('',(-1.5,0.63,5.E-02));
#2478 = LINE('',#2479,#2480);
#2479 = CARTESIAN_POINT('',(-1.5,0.63,0.));
#2480 = VECTOR('',#2481,1.);
#2481 = DIRECTION('',(0.,0.,1.));
#2482 = ORIENTED_EDGE('',*,*,#2483,.T.);
#2483 = EDGE_CURVE('',#2474,#2484,#2486,.T.);
#2484 = VERTEX_POINT('',#2485);
#2485 = CARTESIAN_POINT('',(-1.5,0.87,0.));
#2486 = LINE('',#2487,#2488);
#2487 = CARTESIAN_POINT('',(-1.5,0.63,0.));
#2488 = VECTOR('',#2489,1.);
#2489 = DIRECTION('',(-0.,1.,0.));
#2490 = ORIENTED_EDGE('',*,*,#2491,.T.);
#2491 = EDGE_CURVE('',#2484,#2492,#2494,.T.);
#2492 = VERTEX_POINT('',#2493);
#2493 = CARTESIAN_POINT('',(-1.5,0.87,5.E-02));
#2494 = LINE('',#2495,#2496);
#2495 = CARTESIAN_POINT('',(-1.5,0.87,0.));
#2496 = VECTOR('',#2497,1.);
#2497 = DIRECTION('',(0.,0.,1.));
#2498 = ORIENTED_EDGE('',*,*,#2499,.F.);
#2499 = EDGE_CURVE('',#2476,#2492,#2500,.T.);
#2500 = LINE('',#2501,#2502);
#2501 = CARTESIAN_POINT('',(-1.5,0.63,5.E-02));
#2502 = VECTOR('',#2503,1.);
#2503 = DIRECTION('',(-0.,1.,0.));
#2504 = PLANE('',#2505);
#2505 = AXIS2_PLACEMENT_3D('',#2506,#2507,#2508);
#2506 = CARTESIAN_POINT('',(-1.5,0.63,0.));
#2507 = DIRECTION('',(1.,0.,-0.));
#2508 = DIRECTION('',(0.,0.,1.));
#2509 = ADVANCED_FACE('',(#2510),#2544,.T.);
#2510 = FACE_BOUND('',#2511,.T.);
#2511 = EDGE_LOOP('',(#2512,#2522,#2530,#2538));
#2512 = ORIENTED_EDGE('',*,*,#2513,.F.);
#2513 = EDGE_CURVE('',#2514,#2516,#2518,.T.);
#2514 = VERTEX_POINT('',#2515);
#2515 = CARTESIAN_POINT('',(-1.1,0.63,0.));
#2516 = VERTEX_POINT('',#2517);
#2517 = CARTESIAN_POINT('',(-1.1,0.63,5.E-02));
#2518 = LINE('',#2519,#2520);
#2519 = CARTESIAN_POINT('',(-1.1,0.63,0.));
#2520 = VECTOR('',#2521,1.);
#2521 = DIRECTION('',(0.,0.,1.));
#2522 = ORIENTED_EDGE('',*,*,#2523,.T.);
#2523 = EDGE_CURVE('',#2514,#2524,#2526,.T.);
#2524 = VERTEX_POINT('',#2525);
#2525 = CARTESIAN_POINT('',(-1.1,0.87,0.));
#2526 = LINE('',#2527,#2528);
#2527 = CARTESIAN_POINT('',(-1.1,0.63,0.));
#2528 = VECTOR('',#2529,1.);
#2529 = DIRECTION('',(-0.,1.,0.));
#2530 = ORIENTED_EDGE('',*,*,#2531,.T.);
#2531 = EDGE_CURVE('',#2524,#2532,#2534,.T.);
#2532 = VERTEX_POINT('',#2533);
#2533 = CARTESIAN_POINT('',(-1.1,0.87,5.E-02));
#2534 = LINE('',#2535,#2536);
#2535 = CARTESIAN_POINT('',(-1.1,0.87,0.));
#2536 = VECTOR('',#2537,1.);
#2537 = DIRECTION('',(0.,0.,1.));
#2538 = ORIENTED_EDGE('',*,*,#2539,.F.);
#2539 = EDGE_CURVE('',#2516,#2532,#2540,.T.);
#2540 = LINE('',#2541,#2542);
#2541 = CARTESIAN_POINT('',(-1.1,0.63,5.E-02));
#2542 = VECTOR('',#2543,1.);
#2543 = DIRECTION('',(-0.,1.,0.));
#2544 = PLANE('',#2545);
#2545 = AXIS2_PLACEMENT_3D('',#2546,#2547,#2548);
#2546 = CARTESIAN_POINT('',(-1.1,0.63,0.));
#2547 = DIRECTION('',(1.,0.,-0.));
#2548 = DIRECTION('',(0.,0.,1.));
#2549 = ADVANCED_FACE('',(#2550),#2566,.F.);
#2550 = FACE_BOUND('',#2551,.F.);
#2551 = EDGE_LOOP('',(#2552,#2558,#2559,#2565));
#2552 = ORIENTED_EDGE('',*,*,#2553,.F.);
#2553 = EDGE_CURVE('',#2474,#2514,#2554,.T.);
#2554 = LINE('',#2555,#2556);
#2555 = CARTESIAN_POINT('',(-1.5,0.63,0.));
#2556 = VECTOR('',#2557,1.);
#2557 = DIRECTION('',(1.,0.,-0.));
#2558 = ORIENTED_EDGE('',*,*,#2473,.T.);
#2559 = ORIENTED_EDGE('',*,*,#2560,.T.);
#2560 = EDGE_CURVE('',#2476,#2516,#2561,.T.);
#2561 = LINE('',#2562,#2563);
#2562 = CARTESIAN_POINT('',(-1.5,0.63,5.E-02));
#2563 = VECTOR('',#2564,1.);
#2564 = DIRECTION('',(1.,0.,-0.));
#2565 = ORIENTED_EDGE('',*,*,#2513,.F.);
#2566 = PLANE('',#2567);
#2567 = AXIS2_PLACEMENT_3D('',#2568,#2569,#2570);
#2568 = CARTESIAN_POINT('',(-1.5,0.63,0.));
#2569 = DIRECTION('',(-0.,1.,0.));
#2570 = DIRECTION('',(0.,0.,1.));
#2571 = ADVANCED_FACE('',(#2572),#2588,.T.);
#2572 = FACE_BOUND('',#2573,.T.);
#2573 = EDGE_LOOP('',(#2574,#2580,#2581,#2587));
#2574 = ORIENTED_EDGE('',*,*,#2575,.F.);
#2575 = EDGE_CURVE('',#2484,#2524,#2576,.T.);
#2576 = LINE('',#2577,#2578);
#2577 = CARTESIAN_POINT('',(-1.5,0.87,0.));
#2578 = VECTOR('',#2579,1.);
#2579 = DIRECTION('',(1.,0.,-0.));
#2580 = ORIENTED_EDGE('',*,*,#2491,.T.);
#2581 = ORIENTED_EDGE('',*,*,#2582,.T.);
#2582 = EDGE_CURVE('',#2492,#2532,#2583,.T.);
#2583 = LINE('',#2584,#2585);
#2584 = CARTESIAN_POINT('',(-1.5,0.87,5.E-02));
#2585 = VECTOR('',#2586,1.);
#2586 = DIRECTION('',(1.,0.,-0.));
#2587 = ORIENTED_EDGE('',*,*,#2531,.F.);
#2588 = PLANE('',#2589);
#2589 = AXIS2_PLACEMENT_3D('',#2590,#2591,#2592);
#2590 = CARTESIAN_POINT('',(-1.5,0.87,0.));
#2591 = DIRECTION('',(-0.,1.,0.));
#2592 = DIRECTION('',(0.,0.,1.));
#2593 = ADVANCED_FACE('',(#2594),#2600,.F.);
#2594 = FACE_BOUND('',#2595,.F.);
#2595 = EDGE_LOOP('',(#2596,#2597,#2598,#2599));
#2596 = ORIENTED_EDGE('',*,*,#2483,.F.);
#2597 = ORIENTED_EDGE('',*,*,#2553,.T.);
#2598 = ORIENTED_EDGE('',*,*,#2523,.T.);
#2599 = ORIENTED_EDGE('',*,*,#2575,.F.);
#2600 = PLANE('',#2601);
#2601 = AXIS2_PLACEMENT_3D('',#2602,#2603,#2604);
#2602 = CARTESIAN_POINT('',(-1.5,0.63,0.));
#2603 = DIRECTION('',(0.,0.,1.));
#2604 = DIRECTION('',(1.,0.,-0.));
#2605 = ADVANCED_FACE('',(#2606),#2612,.T.);
#2606 = FACE_BOUND('',#2607,.T.);
#2607 = EDGE_LOOP('',(#2608,#2609,#2610,#2611));
#2608 = ORIENTED_EDGE('',*,*,#2499,.F.);
#2609 = ORIENTED_EDGE('',*,*,#2560,.T.);
#2610 = ORIENTED_EDGE('',*,*,#2539,.T.);
#2611 = ORIENTED_EDGE('',*,*,#2582,.F.);
#2612 = PLANE('',#2613);
#2613 = AXIS2_PLACEMENT_3D('',#2614,#2615,#2616);
#2614 = CARTESIAN_POINT('',(-1.5,0.63,5.E-02));
#2615 = DIRECTION('',(0.,0.,1.));
#2616 = DIRECTION('',(1.,0.,-0.));
#2617 = ( GEOMETRIC_REPRESENTATION_CONTEXT(3) 
GLOBAL_UNCERTAINTY_ASSIGNED_CONTEXT((#2621)) 
GLOBAL_UNIT_ASSIGNED_CONTEXT((#2618,#2619,#2620)) REPRESENTATION_CONTEXT
('Context #1','3D Context with UNIT and UNCERTAINTY') );
#2618 = ( LENGTH_UNIT() NAMED_UNIT(*) SI_UNIT(.MILLI.,.METRE.) );
#2619 = ( NAMED_UNIT(*) PLANE_ANGLE_UNIT() SI_UNIT($,.RADIAN.) );
#2620 = ( NAMED_UNIT(*) SI_UNIT($,.STERADIAN.) SOLID_ANGLE_UNIT() );
#2621 = UNCERTAINTY_MEASURE_WITH_UNIT(LENGTH_MEASURE(1.E-07),#2618,
  'distance_accuracy_value','confusion accuracy');
#2622 = CONTEXT_DEPENDENT_SHAPE_REPRESENTATION(#2623,#2625);
#2623 = ( REPRESENTATION_RELATIONSHIP('','',#2466,#10) 
REPRESENTATION_RELATIONSHIP_WITH_TRANSFORMATION(#2624) 
SHAPE_REPRESENTATION_RELATIONSHIP() );
#2624 = ITEM_DEFINED_TRANSFORMATION('','',#11,#71);
#2625 = PRODUCT_DEFINITION_SHAPE('Placement','Placement of an item',
  #2626);
#2626 = NEXT_ASSEMBLY_USAGE_OCCURRENCE('37','TCA6408A_VQFN16_14','',#5,
  #2461,$);
#2627 = PRODUCT_RELATED_PRODUCT_CATEGORY('part',$,(#2463));
#2628 = SHAPE_DEFINITION_REPRESENTATION(#2629,#2635);
#2629 = PRODUCT_DEFINITION_SHAPE('','',#2630);
#2630 = PRODUCT_DEFINITION('design','',#2631,#2634);
#2631 = PRODUCT_DEFINITION_FORMATION('','',#2632);
#2632 = PRODUCT('TCA6408A_VQFN16_15','TCA6408A_VQFN16_15','',(#2633));
#2633 = PRODUCT_CONTEXT('',#2,'mechanical');
#2634 = PRODUCT_DEFINITION_CONTEXT('part definition',#2,'design');
#2635 = ADVANCED_BREP_SHAPE_REPRESENTATION('',(#11,#2636),#2786);
#2636 = MANIFOLD_SOLID_BREP('',#2637);
#2637 = CLOSED_SHELL('',(#2638,#2678,#2718,#2740,#2762,#2774));
#2638 = ADVANCED_FACE('',(#2639),#2673,.F.);
#2639 = FACE_BOUND('',#2640,.F.);
#2640 = EDGE_LOOP('',(#2641,#2651,#2659,#2667));
#2641 = ORIENTED_EDGE('',*,*,#2642,.F.);
#2642 = EDGE_CURVE('',#2643,#2645,#2647,.T.);
#2643 = VERTEX_POINT('',#2644);
#2644 = CARTESIAN_POINT('',(1.1,0.63,0.));
#2645 = VERTEX_POINT('',#2646);
#2646 = CARTESIAN_POINT('',(1.1,0.63,5.E-02));
#2647 = LINE('',#2648,#2649);
#2648 = CARTESIAN_POINT('',(1.1,0.63,0.));
#2649 = VECTOR('',#2650,1.);
#2650 = DIRECTION('',(0.,0.,1.));
#2651 = ORIENTED_EDGE('',*,*,#2652,.T.);
#2652 = EDGE_CURVE('',#2643,#2653,#2655,.T.);
#2653 = VERTEX_POINT('',#2654);
#2654 = CARTESIAN_POINT('',(1.1,0.87,0.));
#2655 = LINE('',#2656,#2657);
#2656 = CARTESIAN_POINT('',(1.1,0.63,0.));
#2657 = VECTOR('',#2658,1.);
#2658 = DIRECTION('',(-0.,1.,0.));
#2659 = ORIENTED_EDGE('',*,*,#2660,.T.);
#2660 = EDGE_CURVE('',#2653,#2661,#2663,.T.);
#2661 = VERTEX_POINT('',#2662);
#2662 = CARTESIAN_POINT('',(1.1,0.87,5.E-02));
#2663 = LINE('',#2664,#2665);
#2664 = CARTESIAN_POINT('',(1.1,0.87,0.));
#2665 = VECTOR('',#2666,1.);
#2666 = DIRECTION('',(0.,0.,1.));
#2667 = ORIENTED_EDGE('',*,*,#2668,.F.);
#2668 = EDGE_CURVE('',#2645,#2661,#2669,.T.);
#2669 = LINE('',#2670,#2671);
#2670 = CARTESIAN_POINT('',(1.1,0.63,5.E-02));
#2671 = VECTOR('',#2672,1.);
#2672 = DIRECTION('',(-0.,1.,0.));
#2673 = PLANE('',#2674);
#2674 = AXIS2_PLACEMENT_3D('',#2675,#2676,#2677);
#2675 = CARTESIAN_POINT('',(1.1,0.63,0.));
#2676 = DIRECTION('',(1.,0.,-0.));
#2677 = DIRECTION('',(0.,0.,1.));
#2678 = ADVANCED_FACE('',(#2679),#2713,.T.);
#2679 = FACE_BOUND('',#2680,.T.);
#2680 = EDGE_LOOP('',(#2681,#2691,#2699,#2707));
#2681 = ORIENTED_EDGE('',*,*,#2682,.F.);
#2682 = EDGE_CURVE('',#2683,#2685,#2687,.T.);
#2683 = VERTEX_POINT('',#2684);
#2684 = CARTESIAN_POINT('',(1.5,0.63,0.));
#2685 = VERTEX_POINT('',#2686);
#2686 = CARTESIAN_POINT('',(1.5,0.63,5.E-02));
#2687 = LINE('',#2688,#2689);
#2688 = CARTESIAN_POINT('',(1.5,0.63,0.));
#2689 = VECTOR('',#2690,1.);
#2690 = DIRECTION('',(0.,0.,1.));
#2691 = ORIENTED_EDGE('',*,*,#2692,.T.);
#2692 = EDGE_CURVE('',#2683,#2693,#2695,.T.);
#2693 = VERTEX_POINT('',#2694);
#2694 = CARTESIAN_POINT('',(1.5,0.87,0.));
#2695 = LINE('',#2696,#2697);
#2696 = CARTESIAN_POINT('',(1.5,0.63,0.));
#2697 = VECTOR('',#2698,1.);
#2698 = DIRECTION('',(-0.,1.,0.));
#2699 = ORIENTED_EDGE('',*,*,#2700,.T.);
#2700 = EDGE_CURVE('',#2693,#2701,#2703,.T.);
#2701 = VERTEX_POINT('',#2702);
#2702 = CARTESIAN_POINT('',(1.5,0.87,5.E-02));
#2703 = LINE('',#2704,#2705);
#2704 = CARTESIAN_POINT('',(1.5,0.87,0.));
#2705 = VECTOR('',#2706,1.);
#2706 = DIRECTION('',(0.,0.,1.));
#2707 = ORIENTED_EDGE('',*,*,#2708,.F.);
#2708 = EDGE_CURVE('',#2685,#2701,#2709,.T.);
#2709 = LINE('',#2710,#2711);
#2710 = CARTESIAN_POINT('',(1.5,0.63,5.E-02));
#2711 = VECTOR('',#2712,1.);
#2712 = DIRECTION('',(-0.,1.,0.));
#2713 = PLANE('',#2714);
#2714 = AXIS2_PLACEMENT_3D('',#2715,#2716,#2717);
#2715 = CARTESIAN_POINT('',(1.5,0.63,0.));
#2716 = DIRECTION('',(1.,0.,-0.));
#2717 = DIRECTION('',(0.,0.,1.));
#2718 = ADVANCED_FACE('',(#2719),#2735,.F.);
#2719 = FACE_BOUND('',#2720,.F.);
#2720 = EDGE_LOOP('',(#2721,#2727,#2728,#2734));
#2721 = ORIENTED_EDGE('',*,*,#2722,.F.);
#2722 = EDGE_CURVE('',#2643,#2683,#2723,.T.);
#2723 = LINE('',#2724,#2725);
#2724 = CARTESIAN_POINT('',(1.1,0.63,0.));
#2725 = VECTOR('',#2726,1.);
#2726 = DIRECTION('',(1.,0.,-0.));
#2727 = ORIENTED_EDGE('',*,*,#2642,.T.);
#2728 = ORIENTED_EDGE('',*,*,#2729,.T.);
#2729 = EDGE_CURVE('',#2645,#2685,#2730,.T.);
#2730 = LINE('',#2731,#2732);
#2731 = CARTESIAN_POINT('',(1.1,0.63,5.E-02));
#2732 = VECTOR('',#2733,1.);
#2733 = DIRECTION('',(1.,0.,-0.));
#2734 = ORIENTED_EDGE('',*,*,#2682,.F.);
#2735 = PLANE('',#2736);
#2736 = AXIS2_PLACEMENT_3D('',#2737,#2738,#2739);
#2737 = CARTESIAN_POINT('',(1.1,0.63,0.));
#2738 = DIRECTION('',(-0.,1.,0.));
#2739 = DIRECTION('',(0.,0.,1.));
#2740 = ADVANCED_FACE('',(#2741),#2757,.T.);
#2741 = FACE_BOUND('',#2742,.T.);
#2742 = EDGE_LOOP('',(#2743,#2749,#2750,#2756));
#2743 = ORIENTED_EDGE('',*,*,#2744,.F.);
#2744 = EDGE_CURVE('',#2653,#2693,#2745,.T.);
#2745 = LINE('',#2746,#2747);
#2746 = CARTESIAN_POINT('',(1.1,0.87,0.));
#2747 = VECTOR('',#2748,1.);
#2748 = DIRECTION('',(1.,0.,-0.));
#2749 = ORIENTED_EDGE('',*,*,#2660,.T.);
#2750 = ORIENTED_EDGE('',*,*,#2751,.T.);
#2751 = EDGE_CURVE('',#2661,#2701,#2752,.T.);
#2752 = LINE('',#2753,#2754);
#2753 = CARTESIAN_POINT('',(1.1,0.87,5.E-02));
#2754 = VECTOR('',#2755,1.);
#2755 = DIRECTION('',(1.,0.,-0.));
#2756 = ORIENTED_EDGE('',*,*,#2700,.F.);
#2757 = PLANE('',#2758);
#2758 = AXIS2_PLACEMENT_3D('',#2759,#2760,#2761);
#2759 = CARTESIAN_POINT('',(1.1,0.87,0.));
#2760 = DIRECTION('',(-0.,1.,0.));
#2761 = DIRECTION('',(0.,0.,1.));
#2762 = ADVANCED_FACE('',(#2763),#2769,.F.);
#2763 = FACE_BOUND('',#2764,.F.);
#2764 = EDGE_LOOP('',(#2765,#2766,#2767,#2768));
#2765 = ORIENTED_EDGE('',*,*,#2652,.F.);
#2766 = ORIENTED_EDGE('',*,*,#2722,.T.);
#2767 = ORIENTED_EDGE('',*,*,#2692,.T.);
#2768 = ORIENTED_EDGE('',*,*,#2744,.F.);
#2769 = PLANE('',#2770);
#2770 = AXIS2_PLACEMENT_3D('',#2771,#2772,#2773);
#2771 = CARTESIAN_POINT('',(1.1,0.63,0.));
#2772 = DIRECTION('',(0.,0.,1.));
#2773 = DIRECTION('',(1.,0.,-0.));
#2774 = ADVANCED_FACE('',(#2775),#2781,.T.);
#2775 = FACE_BOUND('',#2776,.T.);
#2776 = EDGE_LOOP('',(#2777,#2778,#2779,#2780));
#2777 = ORIENTED_EDGE('',*,*,#2668,.F.);
#2778 = ORIENTED_EDGE('',*,*,#2729,.T.);
#2779 = ORIENTED_EDGE('',*,*,#2708,.T.);
#2780 = ORIENTED_EDGE('',*,*,#2751,.F.);
#2781 = PLANE('',#2782);
#2782 = AXIS2_PLACEMENT_3D('',#2783,#2784,#2785);
#2783 = CARTESIAN_POINT('',(1.1,0.63,5.E-02));
#2784 = DIRECTION('',(0.,0.,1.));
#2785 = DIRECTION('',(1.,0.,-0.));
#2786 = ( GEOMETRIC_REPRESENTATION_CONTEXT(3) 
GLOBAL_UNCERTAINTY_ASSIGNED_CONTEXT((#2790)) 
GLOBAL_UNIT_ASSIGNED_CONTEXT((#2787,#2788,#2789)) REPRESENTATION_CONTEXT
('Context #1','3D Context with UNIT and UNCERTAINTY') );
#2787 = ( LENGTH_UNIT() NAMED_UNIT(*) SI_UNIT(.MILLI.,.METRE.) );
#2788 = ( NAMED_UNIT(*) PLANE_ANGLE_UNIT() SI_UNIT($,.RADIAN.) );
#2789 = ( NAMED_UNIT(*) SI_UNIT($,.STERADIAN.) SOLID_ANGLE_UNIT() );
#2790 = UNCERTAINTY_MEASURE_WITH_UNIT(LENGTH_MEASURE(1.E-07),#2787,
  'distance_accuracy_value','confusion accuracy');
#2791 = CONTEXT_DEPENDENT_SHAPE_REPRESENTATION(#2792,#2794);
#2792 = ( REPRESENTATION_RELATIONSHIP('','',#2635,#10) 
REPRESENTATION_RELATIONSHIP_WITH_TRANSFORMATION(#2793) 
SHAPE_REPRESENTATION_RELATIONSHIP() );
#2793 = ITEM_DEFINED_TRANSFORMATION('','',#11,#75);
#2794 = PRODUCT_DEFINITION_SHAPE('Placement','Placement of an item',
  #2795);
#2795 = NEXT_ASSEMBLY_USAGE_OCCURRENCE('38','TCA6408A_VQFN16_15','',#5,
  #2630,$);
#2796 = PRODUCT_RELATED_PRODUCT_CATEGORY('part',$,(#2632));
#2797 = SHAPE_DEFINITION_REPRESENTATION(#2798,#2804);
#2798 = PRODUCT_DEFINITION_SHAPE('','',#2799);
#2799 = PRODUCT_DEFINITION('design','',#2800,#2803);
#2800 = PRODUCT_DEFINITION_FORMATION('','',#2801);
#2801 = PRODUCT('TCA6408A_VQFN16_16','TCA6408A_VQFN16_16','',(#2802));
#2802 = PRODUCT_CONTEXT('',#2,'mechanical');
#2803 = PRODUCT_DEFINITION_CONTEXT('part definition',#2,'design');
#2804 = ADVANCED_BREP_SHAPE_REPRESENTATION('',(#11,#2805),#2955);
#2805 = MANIFOLD_SOLID_BREP('',#2806);
#2806 = CLOSED_SHELL('',(#2807,#2847,#2887,#2909,#2931,#2943));
#2807 = ADVANCED_FACE('',(#2808),#2842,.F.);
#2808 = FACE_BOUND('',#2809,.F.);
#2809 = EDGE_LOOP('',(#2810,#2820,#2828,#2836));
#2810 = ORIENTED_EDGE('',*,*,#2811,.F.);
#2811 = EDGE_CURVE('',#2812,#2814,#2816,.T.);
#2812 = VERTEX_POINT('',#2813);
#2813 = CARTESIAN_POINT('',(0.63,-1.5,0.));
#2814 = VERTEX_POINT('',#2815);
#2815 = CARTESIAN_POINT('',(0.63,-1.5,5.E-02));
#2816 = LINE('',#2817,#2818);
#2817 = CARTESIAN_POINT('',(0.63,-1.5,0.));
#2818 = VECTOR('',#2819,1.);
#2819 = DIRECTION('',(0.,0.,1.));
#2820 = ORIENTED_EDGE('',*,*,#2821,.T.);
#2821 = EDGE_CURVE('',#2812,#2822,#2824,.T.);
#2822 = VERTEX_POINT('',#2823);
#2823 = CARTESIAN_POINT('',(0.63,-1.1,0.));
#2824 = LINE('',#2825,#2826);
#2825 = CARTESIAN_POINT('',(0.63,-1.5,0.));
#2826 = VECTOR('',#2827,1.);
#2827 = DIRECTION('',(-0.,1.,0.));
#2828 = ORIENTED_EDGE('',*,*,#2829,.T.);
#2829 = EDGE_CURVE('',#2822,#2830,#2832,.T.);
#2830 = VERTEX_POINT('',#2831);
#2831 = CARTESIAN_POINT('',(0.63,-1.1,5.E-02));
#2832 = LINE('',#2833,#2834);
#2833 = CARTESIAN_POINT('',(0.63,-1.1,0.));
#2834 = VECTOR('',#2835,1.);
#2835 = DIRECTION('',(0.,0.,1.));
#2836 = ORIENTED_EDGE('',*,*,#2837,.F.);
#2837 = EDGE_CURVE('',#2814,#2830,#2838,.T.);
#2838 = LINE('',#2839,#2840);
#2839 = CARTESIAN_POINT('',(0.63,-1.5,5.E-02));
#2840 = VECTOR('',#2841,1.);
#2841 = DIRECTION('',(-0.,1.,0.));
#2842 = PLANE('',#2843);
#2843 = AXIS2_PLACEMENT_3D('',#2844,#2845,#2846);
#2844 = CARTESIAN_POINT('',(0.63,-1.5,0.));
#2845 = DIRECTION('',(1.,0.,-0.));
#2846 = DIRECTION('',(0.,0.,1.));
#2847 = ADVANCED_FACE('',(#2848),#2882,.T.);
#2848 = FACE_BOUND('',#2849,.T.);
#2849 = EDGE_LOOP('',(#2850,#2860,#2868,#2876));
#2850 = ORIENTED_EDGE('',*,*,#2851,.F.);
#2851 = EDGE_CURVE('',#2852,#2854,#2856,.T.);
#2852 = VERTEX_POINT('',#2853);
#2853 = CARTESIAN_POINT('',(0.87,-1.5,0.));
#2854 = VERTEX_POINT('',#2855);
#2855 = CARTESIAN_POINT('',(0.87,-1.5,5.E-02));
#2856 = LINE('',#2857,#2858);
#2857 = CARTESIAN_POINT('',(0.87,-1.5,0.));
#2858 = VECTOR('',#2859,1.);
#2859 = DIRECTION('',(0.,0.,1.));
#2860 = ORIENTED_EDGE('',*,*,#2861,.T.);
#2861 = EDGE_CURVE('',#2852,#2862,#2864,.T.);
#2862 = VERTEX_POINT('',#2863);
#2863 = CARTESIAN_POINT('',(0.87,-1.1,0.));
#2864 = LINE('',#2865,#2866);
#2865 = CARTESIAN_POINT('',(0.87,-1.5,0.));
#2866 = VECTOR('',#2867,1.);
#2867 = DIRECTION('',(-0.,1.,0.));
#2868 = ORIENTED_EDGE('',*,*,#2869,.T.);
#2869 = EDGE_CURVE('',#2862,#2870,#2872,.T.);
#2870 = VERTEX_POINT('',#2871);
#2871 = CARTESIAN_POINT('',(0.87,-1.1,5.E-02));
#2872 = LINE('',#2873,#2874);
#2873 = CARTESIAN_POINT('',(0.87,-1.1,0.));
#2874 = VECTOR('',#2875,1.);
#2875 = DIRECTION('',(0.,0.,1.));
#2876 = ORIENTED_EDGE('',*,*,#2877,.F.);
#2877 = EDGE_CURVE('',#2854,#2870,#2878,.T.);
#2878 = LINE('',#2879,#2880);
#2879 = CARTESIAN_POINT('',(0.87,-1.5,5.E-02));
#2880 = VECTOR('',#2881,1.);
#2881 = DIRECTION('',(-0.,1.,0.));
#2882 = PLANE('',#2883);
#2883 = AXIS2_PLACEMENT_3D('',#2884,#2885,#2886);
#2884 = CARTESIAN_POINT('',(0.87,-1.5,0.));
#2885 = DIRECTION('',(1.,0.,-0.));
#2886 = DIRECTION('',(0.,0.,1.));
#2887 = ADVANCED_FACE('',(#2888),#2904,.F.);
#2888 = FACE_BOUND('',#2889,.F.);
#2889 = EDGE_LOOP('',(#2890,#2896,#2897,#2903));
#2890 = ORIENTED_EDGE('',*,*,#2891,.F.);
#2891 = EDGE_CURVE('',#2812,#2852,#2892,.T.);
#2892 = LINE('',#2893,#2894);
#2893 = CARTESIAN_POINT('',(0.63,-1.5,0.));
#2894 = VECTOR('',#2895,1.);
#2895 = DIRECTION('',(1.,0.,-0.));
#2896 = ORIENTED_EDGE('',*,*,#2811,.T.);
#2897 = ORIENTED_EDGE('',*,*,#2898,.T.);
#2898 = EDGE_CURVE('',#2814,#2854,#2899,.T.);
#2899 = LINE('',#2900,#2901);
#2900 = CARTESIAN_POINT('',(0.63,-1.5,5.E-02));
#2901 = VECTOR('',#2902,1.);
#2902 = DIRECTION('',(1.,0.,-0.));
#2903 = ORIENTED_EDGE('',*,*,#2851,.F.);
#2904 = PLANE('',#2905);
#2905 = AXIS2_PLACEMENT_3D('',#2906,#2907,#2908);
#2906 = CARTESIAN_POINT('',(0.63,-1.5,0.));
#2907 = DIRECTION('',(-0.,1.,0.));
#2908 = DIRECTION('',(0.,0.,1.));
#2909 = ADVANCED_FACE('',(#2910),#2926,.T.);
#2910 = FACE_BOUND('',#2911,.T.);
#2911 = EDGE_LOOP('',(#2912,#2918,#2919,#2925));
#2912 = ORIENTED_EDGE('',*,*,#2913,.F.);
#2913 = EDGE_CURVE('',#2822,#2862,#2914,.T.);
#2914 = LINE('',#2915,#2916);
#2915 = CARTESIAN_POINT('',(0.63,-1.1,0.));
#2916 = VECTOR('',#2917,1.);
#2917 = DIRECTION('',(1.,0.,-0.));
#2918 = ORIENTED_EDGE('',*,*,#2829,.T.);
#2919 = ORIENTED_EDGE('',*,*,#2920,.T.);
#2920 = EDGE_CURVE('',#2830,#2870,#2921,.T.);
#2921 = LINE('',#2922,#2923);
#2922 = CARTESIAN_POINT('',(0.63,-1.1,5.E-02));
#2923 = VECTOR('',#2924,1.);
#2924 = DIRECTION('',(1.,0.,-0.));
#2925 = ORIENTED_EDGE('',*,*,#2869,.F.);
#2926 = PLANE('',#2927);
#2927 = AXIS2_PLACEMENT_3D('',#2928,#2929,#2930);
#2928 = CARTESIAN_POINT('',(0.63,-1.1,0.));
#2929 = DIRECTION('',(-0.,1.,0.));
#2930 = DIRECTION('',(0.,0.,1.));
#2931 = ADVANCED_FACE('',(#2932),#2938,.F.);
#2932 = FACE_BOUND('',#2933,.F.);
#2933 = EDGE_LOOP('',(#2934,#2935,#2936,#2937));
#2934 = ORIENTED_EDGE('',*,*,#2821,.F.);
#2935 = ORIENTED_EDGE('',*,*,#2891,.T.);
#2936 = ORIENTED_EDGE('',*,*,#2861,.T.);
#2937 = ORIENTED_EDGE('',*,*,#2913,.F.);
#2938 = PLANE('',#2939);
#2939 = AXIS2_PLACEMENT_3D('',#2940,#2941,#2942);
#2940 = CARTESIAN_POINT('',(0.63,-1.5,0.));
#2941 = DIRECTION('',(0.,0.,1.));
#2942 = DIRECTION('',(1.,0.,-0.));
#2943 = ADVANCED_FACE('',(#2944),#2950,.T.);
#2944 = FACE_BOUND('',#2945,.T.);
#2945 = EDGE_LOOP('',(#2946,#2947,#2948,#2949));
#2946 = ORIENTED_EDGE('',*,*,#2837,.F.);
#2947 = ORIENTED_EDGE('',*,*,#2898,.T.);
#2948 = ORIENTED_EDGE('',*,*,#2877,.T.);
#2949 = ORIENTED_EDGE('',*,*,#2920,.F.);
#2950 = PLANE('',#2951);
#2951 = AXIS2_PLACEMENT_3D('',#2952,#2953,#2954);
#2952 = CARTESIAN_POINT('',(0.63,-1.5,5.E-02));
#2953 = DIRECTION('',(0.,0.,1.));
#2954 = DIRECTION('',(1.,0.,-0.));
#2955 = ( GEOMETRIC_REPRESENTATION_CONTEXT(3) 
GLOBAL_UNCERTAINTY_ASSIGNED_CONTEXT((#2959)) 
GLOBAL_UNIT_ASSIGNED_CONTEXT((#2956,#2957,#2958)) REPRESENTATION_CONTEXT
('Context #1','3D Context with UNIT and UNCERTAINTY') );
#2956 = ( LENGTH_UNIT() NAMED_UNIT(*) SI_UNIT(.MILLI.,.METRE.) );
#2957 = ( NAMED_UNIT(*) PLANE_ANGLE_UNIT() SI_UNIT($,.RADIAN.) );
#2958 = ( NAMED_UNIT(*) SI_UNIT($,.STERADIAN.) SOLID_ANGLE_UNIT() );
#2959 = UNCERTAINTY_MEASURE_WITH_UNIT(LENGTH_MEASURE(1.E-07),#2956,
  'distance_accuracy_value','confusion accuracy');
#2960 = CONTEXT_DEPENDENT_SHAPE_REPRESENTATION(#2961,#2963);
#2961 = ( REPRESENTATION_RELATIONSHIP('','',#2804,#10) 
REPRESENTATION_RELATIONSHIP_WITH_TRANSFORMATION(#2962) 
SHAPE_REPRESENTATION_RELATIONSHIP() );
#2962 = ITEM_DEFINED_TRANSFORMATION('','',#11,#79);
#2963 = PRODUCT_DEFINITION_SHAPE('Placement','Placement of an item',
  #2964);
#2964 = NEXT_ASSEMBLY_USAGE_OCCURRENCE('39','TCA6408A_VQFN16_16','',#5,
  #2799,$);
#2965 = PRODUCT_RELATED_PRODUCT_CATEGORY('part',$,(#2801));
#2966 = SHAPE_DEFINITION_REPRESENTATION(#2967,#2973);
#2967 = PRODUCT_DEFINITION_SHAPE('','',#2968);
#2968 = PRODUCT_DEFINITION('design','',#2969,#2972);
#2969 = PRODUCT_DEFINITION_FORMATION('','',#2970);
#2970 = PRODUCT('TCA6408A_VQFN16_17','TCA6408A_VQFN16_17','',(#2971));
#2971 = PRODUCT_CONTEXT('',#2,'mechanical');
#2972 = PRODUCT_DEFINITION_CONTEXT('part definition',#2,'design');
#2973 = ADVANCED_BREP_SHAPE_REPRESENTATION('',(#11,#2974),#3124);
#2974 = MANIFOLD_SOLID_BREP('',#2975);
#2975 = CLOSED_SHELL('',(#2976,#3016,#3056,#3078,#3100,#3112));
#2976 = ADVANCED_FACE('',(#2977),#3011,.F.);
#2977 = FACE_BOUND('',#2978,.F.);
#2978 = EDGE_LOOP('',(#2979,#2989,#2997,#3005));
#2979 = ORIENTED_EDGE('',*,*,#2980,.F.);
#2980 = EDGE_CURVE('',#2981,#2983,#2985,.T.);
#2981 = VERTEX_POINT('',#2982);
#2982 = CARTESIAN_POINT('',(0.63,1.1,0.));
#2983 = VERTEX_POINT('',#2984);
#2984 = CARTESIAN_POINT('',(0.63,1.1,5.E-02));
#2985 = LINE('',#2986,#2987);
#2986 = CARTESIAN_POINT('',(0.63,1.1,0.));
#2987 = VECTOR('',#2988,1.);
#2988 = DIRECTION('',(0.,0.,1.));
#2989 = ORIENTED_EDGE('',*,*,#2990,.T.);
#2990 = EDGE_CURVE('',#2981,#2991,#2993,.T.);
#2991 = VERTEX_POINT('',#2992);
#2992 = CARTESIAN_POINT('',(0.63,1.5,0.));
#2993 = LINE('',#2994,#2995);
#2994 = CARTESIAN_POINT('',(0.63,1.1,0.));
#2995 = VECTOR('',#2996,1.);
#2996 = DIRECTION('',(-0.,1.,0.));
#2997 = ORIENTED_EDGE('',*,*,#2998,.T.);
#2998 = EDGE_CURVE('',#2991,#2999,#3001,.T.);
#2999 = VERTEX_POINT('',#3000);
#3000 = CARTESIAN_POINT('',(0.63,1.5,5.E-02));
#3001 = LINE('',#3002,#3003);
#3002 = CARTESIAN_POINT('',(0.63,1.5,0.));
#3003 = VECTOR('',#3004,1.);
#3004 = DIRECTION('',(0.,0.,1.));
#3005 = ORIENTED_EDGE('',*,*,#3006,.F.);
#3006 = EDGE_CURVE('',#2983,#2999,#3007,.T.);
#3007 = LINE('',#3008,#3009);
#3008 = CARTESIAN_POINT('',(0.63,1.1,5.E-02));
#3009 = VECTOR('',#3010,1.);
#3010 = DIRECTION('',(-0.,1.,0.));
#3011 = PLANE('',#3012);
#3012 = AXIS2_PLACEMENT_3D('',#3013,#3014,#3015);
#3013 = CARTESIAN_POINT('',(0.63,1.1,0.));
#3014 = DIRECTION('',(1.,0.,-0.));
#3015 = DIRECTION('',(0.,0.,1.));
#3016 = ADVANCED_FACE('',(#3017),#3051,.T.);
#3017 = FACE_BOUND('',#3018,.T.);
#3018 = EDGE_LOOP('',(#3019,#3029,#3037,#3045));
#3019 = ORIENTED_EDGE('',*,*,#3020,.F.);
#3020 = EDGE_CURVE('',#3021,#3023,#3025,.T.);
#3021 = VERTEX_POINT('',#3022);
#3022 = CARTESIAN_POINT('',(0.87,1.1,0.));
#3023 = VERTEX_POINT('',#3024);
#3024 = CARTESIAN_POINT('',(0.87,1.1,5.E-02));
#3025 = LINE('',#3026,#3027);
#3026 = CARTESIAN_POINT('',(0.87,1.1,0.));
#3027 = VECTOR('',#3028,1.);
#3028 = DIRECTION('',(0.,0.,1.));
#3029 = ORIENTED_EDGE('',*,*,#3030,.T.);
#3030 = EDGE_CURVE('',#3021,#3031,#3033,.T.);
#3031 = VERTEX_POINT('',#3032);
#3032 = CARTESIAN_POINT('',(0.87,1.5,0.));
#3033 = LINE('',#3034,#3035);
#3034 = CARTESIAN_POINT('',(0.87,1.1,0.));
#3035 = VECTOR('',#3036,1.);
#3036 = DIRECTION('',(-0.,1.,0.));
#3037 = ORIENTED_EDGE('',*,*,#3038,.T.);
#3038 = EDGE_CURVE('',#3031,#3039,#3041,.T.);
#3039 = VERTEX_POINT('',#3040);
#3040 = CARTESIAN_POINT('',(0.87,1.5,5.E-02));
#3041 = LINE('',#3042,#3043);
#3042 = CARTESIAN_POINT('',(0.87,1.5,0.));
#3043 = VECTOR('',#3044,1.);
#3044 = DIRECTION('',(0.,0.,1.));
#3045 = ORIENTED_EDGE('',*,*,#3046,.F.);
#3046 = EDGE_CURVE('',#3023,#3039,#3047,.T.);
#3047 = LINE('',#3048,#3049);
#3048 = CARTESIAN_POINT('',(0.87,1.1,5.E-02));
#3049 = VECTOR('',#3050,1.);
#3050 = DIRECTION('',(-0.,1.,0.));
#3051 = PLANE('',#3052);
#3052 = AXIS2_PLACEMENT_3D('',#3053,#3054,#3055);
#3053 = CARTESIAN_POINT('',(0.87,1.1,0.));
#3054 = DIRECTION('',(1.,0.,-0.));
#3055 = DIRECTION('',(0.,0.,1.));
#3056 = ADVANCED_FACE('',(#3057),#3073,.F.);
#3057 = FACE_BOUND('',#3058,.F.);
#3058 = EDGE_LOOP('',(#3059,#3065,#3066,#3072));
#3059 = ORIENTED_EDGE('',*,*,#3060,.F.);
#3060 = EDGE_CURVE('',#2981,#3021,#3061,.T.);
#3061 = LINE('',#3062,#3063);
#3062 = CARTESIAN_POINT('',(0.63,1.1,0.));
#3063 = VECTOR('',#3064,1.);
#3064 = DIRECTION('',(1.,0.,-0.));
#3065 = ORIENTED_EDGE('',*,*,#2980,.T.);
#3066 = ORIENTED_EDGE('',*,*,#3067,.T.);
#3067 = EDGE_CURVE('',#2983,#3023,#3068,.T.);
#3068 = LINE('',#3069,#3070);
#3069 = CARTESIAN_POINT('',(0.63,1.1,5.E-02));
#3070 = VECTOR('',#3071,1.);
#3071 = DIRECTION('',(1.,0.,-0.));
#3072 = ORIENTED_EDGE('',*,*,#3020,.F.);
#3073 = PLANE('',#3074);
#3074 = AXIS2_PLACEMENT_3D('',#3075,#3076,#3077);
#3075 = CARTESIAN_POINT('',(0.63,1.1,0.));
#3076 = DIRECTION('',(-0.,1.,0.));
#3077 = DIRECTION('',(0.,0.,1.));
#3078 = ADVANCED_FACE('',(#3079),#3095,.T.);
#3079 = FACE_BOUND('',#3080,.T.);
#3080 = EDGE_LOOP('',(#3081,#3087,#3088,#3094));
#3081 = ORIENTED_EDGE('',*,*,#3082,.F.);
#3082 = EDGE_CURVE('',#2991,#3031,#3083,.T.);
#3083 = LINE('',#3084,#3085);
#3084 = CARTESIAN_POINT('',(0.63,1.5,0.));
#3085 = VECTOR('',#3086,1.);
#3086 = DIRECTION('',(1.,0.,-0.));
#3087 = ORIENTED_EDGE('',*,*,#2998,.T.);
#3088 = ORIENTED_EDGE('',*,*,#3089,.T.);
#3089 = EDGE_CURVE('',#2999,#3039,#3090,.T.);
#3090 = LINE('',#3091,#3092);
#3091 = CARTESIAN_POINT('',(0.63,1.5,5.E-02));
#3092 = VECTOR('',#3093,1.);
#3093 = DIRECTION('',(1.,0.,-0.));
#3094 = ORIENTED_EDGE('',*,*,#3038,.F.);
#3095 = PLANE('',#3096);
#3096 = AXIS2_PLACEMENT_3D('',#3097,#3098,#3099);
#3097 = CARTESIAN_POINT('',(0.63,1.5,0.));
#3098 = DIRECTION('',(-0.,1.,0.));
#3099 = DIRECTION('',(0.,0.,1.));
#3100 = ADVANCED_FACE('',(#3101),#3107,.F.);
#3101 = FACE_BOUND('',#3102,.F.);
#3102 = EDGE_LOOP('',(#3103,#3104,#3105,#3106));
#3103 = ORIENTED_EDGE('',*,*,#2990,.F.);
#3104 = ORIENTED_EDGE('',*,*,#3060,.T.);
#3105 = ORIENTED_EDGE('',*,*,#3030,.T.);
#3106 = ORIENTED_EDGE('',*,*,#3082,.F.);
#3107 = PLANE('',#3108);
#3108 = AXIS2_PLACEMENT_3D('',#3109,#3110,#3111);
#3109 = CARTESIAN_POINT('',(0.63,1.1,0.));
#3110 = DIRECTION('',(0.,0.,1.));
#3111 = DIRECTION('',(1.,0.,-0.));
#3112 = ADVANCED_FACE('',(#3113),#3119,.T.);
#3113 = FACE_BOUND('',#3114,.T.);
#3114 = EDGE_LOOP('',(#3115,#3116,#3117,#3118));
#3115 = ORIENTED_EDGE('',*,*,#3006,.F.);
#3116 = ORIENTED_EDGE('',*,*,#3067,.T.);
#3117 = ORIENTED_EDGE('',*,*,#3046,.T.);
#3118 = ORIENTED_EDGE('',*,*,#3089,.F.);
#3119 = PLANE('',#3120);
#3120 = AXIS2_PLACEMENT_3D('',#3121,#3122,#3123);
#3121 = CARTESIAN_POINT('',(0.63,1.1,5.E-02));
#3122 = DIRECTION('',(0.,0.,1.));
#3123 = DIRECTION('',(1.,0.,-0.));
#3124 = ( GEOMETRIC_REPRESENTATION_CONTEXT(3) 
GLOBAL_UNCERTAINTY_ASSIGNED_CONTEXT((#3128)) 
GLOBAL_UNIT_ASSIGNED_CONTEXT((#3125,#3126,#3127)) REPRESENTATION_CONTEXT
('Context #1','3D Context with UNIT and UNCERTAINTY') );
#3125 = ( LENGTH_UNIT() NAMED_UNIT(*) SI_UNIT(.MILLI.,.METRE.) );
#3126 = ( NAMED_UNIT(*) PLANE_ANGLE_UNIT() SI_UNIT($,.RADIAN.) );
#3127 = ( NAMED_UNIT(*) SI_UNIT($,.STERADIAN.) SOLID_ANGLE_UNIT() );
#3128 = UNCERTAINTY_MEASURE_WITH_UNIT(LENGTH_MEASURE(1.E-07),#3125,
  'distance_accuracy_value','confusion accuracy');
#3129 = CONTEXT_DEPENDENT_SHAPE_REPRESENTATION(#3130,#3132);
#3130 = ( REPRESENTATION_RELATIONSHIP('','',#2973,#10) 
REPRESENTATION_RELATIONSHIP_WITH_TRANSFORMATION(#3131) 
SHAPE_REPRESENTATION_RELATIONSHIP() );
#3131 = ITEM_DEFINED_TRANSFORMATION('','',#11,#83);
#3132 = PRODUCT_DEFINITION_SHAPE('Placement','Placement of an item',
  #3133);
#3133 = NEXT_ASSEMBLY_USAGE_OCCURRENCE('40','TCA6408A_VQFN16_17','',#5,
  #2968,$);
#3134 = PRODUCT_RELATED_PRODUCT_CATEGORY('part',$,(#2970));
ENDSEC;
END-ISO-10303-21;
