DBRep_DrawableShape

CASCADE Topology V1, (c) Matra-Datavision
Locations 4
1
              1               0               0               0 
              0              -1 -1.22464679914735e-16               0 
              0 1.22464679914735e-16              -1               0 
1
              1               0               0             -99 
              0               1               0             -49 
              0               0               1           8.055 
2  1 1 2 1 0
1
              1               0               0               0 
              0               1               0               0 
              0               0               1               0 
Curve2ds 92
1 6.2831853071795862 0 -1 0 
1 2.4111779494928838 0 0 -1 
1 6.2831853071795862 -0.91000000000000003 -1 0 
1 6.2831853071795862 0 0 -1 
1 1.5707964552620428 0 0 -1 
1 0 0 0 -1 
1 0 0 1 0 
1 0 0 1 0 
1 6.2831853071795862 0 -1 0 
1 0 0 1 0 
1 0 0 1 0 
1 0 -0.045999999999999999 1 0 
1 0 -0.045999999999999999 1 0 
1 0 -0.045999999999999999 1 0 
1 0 -0.045999999999999999 1 0 
1 0 -0.045999999999999999 1 0 
1 0 -0.045999999999999999 1 0 
1 0 -0.045999999999999999 1 0 
1 0 -0.045999999999999999 1 0 
1 0 -0.045999999999999999 1 0 
1 0 -0.045999999999999999 1 0 
1 0 -0.045999999999999999 1 0 
1 0 -0.045999999999999999 1 0 
1 0 -0.045999999999999999 1 0 
1 0 -0.045999999999999999 1 0 
1 0 -0.045999999999999999 1 0 
1 0 -0.045999999999999999 1 0 
1 0 -0.045999999999999999 1 0 
1 0 -0.91000000000000003 1 0 
1 0 -0.91000000000000003 1 0 
1 6.2831853071795862 -0.91000000000000003 -1 0 
1 0 -0.91000000000000003 1 0 
1 0 -0.91000000000000003 1 0 
1 0 -0.95600000000000007 1 0 
1 0 -0.95600000000000007 1 0 
1 0 -0.95600000000000007 1 0 
1 0 -0.95600000000000007 1 0 
1 0 -0.95600000000000007 1 0 
1 0 -0.95600000000000007 1 0 
1 0 -0.95600000000000007 1 0 
1 0 -0.95600000000000007 1 0 
1 0 -0.95600000000000007 1 0 
1 0 -0.95600000000000007 1 0 
1 0 -0.95600000000000007 1 0 
1 0 -0.95600000000000007 1 0 
1 0 -0.95600000000000007 1 0 
1 0 -0.95600000000000007 1 0 
1 0 -0.95600000000000007 1 0 
1 0 -0.95600000000000007 1 0 
1 0 -0.95600000000000007 1 0 
1 0 0 0 -1 
1 1.5707964552620419 0 0 -1 
1 1.5707964552580425 0 0 -1 
1 0 0 0 -1 
1 0 0 0 -1 
1 1.5707964552610456 0 0 -1 
1 2.4111779494862096 0 0 -1 
1 6.2831853071795862 0 0 -1 
1 0 0 0 -1 
1 6.2831853071795862 0 0 -1 
1 0 0 0 -1 
1 6.2831853071795862 0 0 -1 
1 0 0 0 -1 
1 6.2831853071795862 0 0 -1 
1 3.141592653589746 0 0 -1 
1 6.2831853071795862 0 0 -1 
1 6.2831853071795862 0 0 -1 
1 3.1415926535898402 0 0 -1 
1 3.1415926535897931 0 0 -1 
1 6.2831853071795862 0 0 -1 
1 6.2831853071795862 0 0 -1 
1 3.141592653589746 0 0 -1 
1 3.1415926535897931 0 0 -1 
1 6.2831853071795862 0 0 -1 
1 6.2831853071795862 0 0 -1 
1 3.1415926535898877 0 0 -1 
1 3.1415926535898402 0 0 -1 
1 6.2831853071795862 0 0 -1 
1 6.2831853071795862 0 0 -1 
1 3.1415926535897931 0 0 -1 
1 0 0 0 -1 
1 6.2831853071795862 0 0 -1 
1 0 0 0 -1 
1 6.2831853071795862 0 0 -1 
1 0 0 0 -1 
1 6.2831853071795862 0 0 -1 
1 0 0 0 -1 
1 6.2831853071795862 0 0 -1 
1 0 0 0 -1 
1 6.2831853071795862 0 0 -1 
1 0 0 0 -1 
1 6.2831853071795862 0 0 -1 
Curves 591
2 124 -52.000000251979998 0 0 0 1 -0.93404972691627086 0.35714297927810357 0 -0.35714297927810357 -0.93404972691627086 0 2.7999997480159999
1 126.61533900000001 -51 0 0 0 1 
2 124 -52.000000251979998 0.91000000000000003 0 0 1 -0.93404972691627086 0.35714297927810357 0 -0.35714297927810357 -0.93404972691627086 0 2.7999997480159999
1 121.38466099999999 -51 0 0 0 1 
1 111 -51 0 0 0 1 
1 111 -51 0.91000000000000003 1 0 0 
1 111 -51 0 1 0 0 
1 126.61533900000001 -51 0.91000000000000003 1 0 0 
1 137 -51 0 0 0 1 
1 126.61533900000001 -51 0 1 0 0 
2 110.99999935766 -60.999999357660002 0 0 0 -1 -0.999999999999998 -6.4233142756139869e-08 -0 -6.4233142756139869e-08 0.999999999999998 0 9.9999993576689992
1 101 -117 0 0 1 0 
2 110.99999935766 -117.00000064229999 0 0 0 -1 6.4233142756139869e-08 -0.999999999999998 0 -0.999999999999998 -6.4233142756139869e-08 -0 9.9999993576689992
1 121.38466099999999 -127 0 -1 0 0 
2 124 -125.99999974799999 0 0 0 1 0.93404972691627086 -0.35714297927810357 0 0.35714297927810357 0.93404972691627086 -0 2.7999997480159999
1 137 -127 0 -1 0 0 
2 137.00000064233001 -117.00000064229999 0 0 0 -1 0.999999999999998 6.4233142756139869e-08 0 6.4233142756139869e-08 -0.999999999999998 0 9.9999993576689992
1 147 -61 0 0 -1 0 
2 137.00000064233001 -60.999999357660002 0 0 0 -1 -6.4233141335049863e-08 0.999999999999998 0 0.999999999999998 6.4233141335049863e-08 0 9.9999993576689992
1 112.33277200000001 -122.104448 0 -0.92387950734907709 -0.38268349311203192 0 
1 112.486586 -122.073852 0 -0.98078467874915809 -0.19509334671103146 0 
1 112.64341400000001 -122.073852 0 -1 0 0 
1 112.797228 -122.104448 0 -0.98078467874915809 0.19509334671103146 0 
1 112.942117 -122.164463 0 -0.92387950734907709 0.38268349311203192 0 
1 113.072515 -122.251592 0 -0.8314700777738655 0.5555695363919102 0 
1 113.183408 -122.36248500000001 0 -0.70710678118654757 0.70710678118654757 0 
1 113.270537 -122.49288300000001 0 -0.5555695363919102 0.8314700777738655 0 
1 113.330552 -122.637772 0 -0.38268349311203192 0.92387950734907709 0 
1 113.361148 -122.791586 0 -0.19509334671103146 0.98078467874915809 0 
1 113.361148 -122.948414 0 0 1 0 
1 113.330552 -123.102228 0 0.19509334671103146 0.98078467874915809 0 
1 113.270537 -123.247117 0 0.38268349311203192 0.92387950734907709 0 
1 113.183408 -123.377515 0 0.5555695363919102 0.8314700777738655 0 
1 113.072515 -123.48840800000001 0 0.70710678118654757 0.70710678118654757 0 
1 112.942117 -123.575537 0 0.83147007777432747 0.55556953639121887 0 
1 112.797228 -123.635552 0 0.92387950734907709 0.38268349311203192 0 
1 112.64341400000001 -123.66614800000001 0 0.98078467874915809 0.19509334671103146 0 
1 112.486586 -123.66614800000001 0 1 0 0 
1 112.33277200000001 -123.635552 0 0.98078467874915809 -0.19509334671103146 0 
1 112.187883 -123.575537 0 0.92387950734907709 -0.38268349311203192 0 
1 112.057485 -123.48840800000001 0 0.83147007777432747 -0.55556953639121887 0 
1 111.946592 -123.377515 0 0.70710678118654757 -0.70710678118654757 0 
1 111.85946300000001 -123.247117 0 0.55556953639121887 -0.83147007777432747 0 
1 111.799448 -123.102228 0 0.38268349311203192 -0.92387950734907709 0 
1 111.768852 -122.948414 0 0.19509334671103146 -0.98078467874915809 0 
1 111.768852 -122.791586 0 0 -1 0 
1 111.799448 -122.637772 0 -0.19509334671103146 -0.98078467874915809 0 
1 111.85946300000001 -122.49288300000001 0 -0.38268349311203192 -0.92387950734907709 0 
1 111.946592 -122.36248500000001 0 -0.55556953639121887 -0.83147007777432747 0 
1 112.057485 -122.251592 0 -0.70710678118654757 -0.70710678118654757 0 
1 112.187883 -122.164463 0 -0.8314700777738655 -0.5555695363919102 0 
2 104.3 -114.5 0 -0 0 -1 -1.2918958832e-14 -1 0 -1 1.2918958832e-14 0 1.1000000000000001
1 112.33277200000001 -115.104448 0 -0.92387950734907709 -0.38268349311203192 0 
1 112.486586 -115.073852 0 -0.98078467874915809 -0.19509334671103146 0 
1 112.64341400000001 -115.073852 0 -1 0 0 
1 112.797228 -115.104448 0 -0.98078467874915809 0.19509334671103146 0 
1 112.942117 -115.164463 0 -0.92387950734907709 0.38268349311203192 0 
1 113.072515 -115.251592 0 -0.8314700777738655 0.5555695363919102 0 
1 113.183408 -115.36248500000001 0 -0.70710678118654757 0.70710678118654757 0 
1 113.270537 -115.49288300000001 0 -0.5555695363919102 0.8314700777738655 0 
1 113.330552 -115.637772 0 -0.38268349311203192 0.92387950734907709 0 
1 113.361148 -115.791586 0 -0.19509334671103146 0.98078467874915809 0 
1 113.361148 -115.948414 0 0 1 0 
1 113.330552 -116.102228 0 0.19509334671103146 0.98078467874915809 0 
1 113.270537 -116.247117 0 0.38268349311203192 0.92387950734907709 0 
1 113.183408 -116.377515 0 0.5555695363919102 0.8314700777738655 0 
1 113.072515 -116.48840800000001 0 0.70710678118654757 0.70710678118654757 0 
1 112.942117 -116.575537 0 0.83147007777432747 0.55556953639121887 0 
1 112.797228 -116.635552 0 0.92387950734907709 0.38268349311203192 0 
1 112.64341400000001 -116.66614800000001 0 0.98078467874915809 0.19509334671103146 0 
1 112.486586 -116.66614800000001 0 1 0 0 
1 112.33277200000001 -116.635552 0 0.98078467874915809 -0.19509334671103146 0 
1 112.187883 -116.575537 0 0.92387950734907709 -0.38268349311203192 0 
1 112.057485 -116.48840800000001 0 0.83147007777432747 -0.55556953639121887 0 
1 111.946592 -116.377515 0 0.70710678118654757 -0.70710678118654757 0 
1 111.85946300000001 -116.247117 0 0.55556953639121887 -0.83147007777432747 0 
1 111.799448 -116.102228 0 0.38268349311203192 -0.92387950734907709 0 
1 111.768852 -115.948414 0 0.19509334671103146 -0.98078467874915809 0 
1 111.768852 -115.791586 0 0 -1 0 
1 111.799448 -115.637772 0 -0.19509334671103146 -0.98078467874915809 0 
1 111.85946300000001 -115.49288300000001 0 -0.38268349311203192 -0.92387950734907709 0 
1 111.946592 -115.36248500000001 0 -0.55556953639121887 -0.83147007777432747 0 
1 112.057485 -115.251592 0 -0.70710678118654757 -0.70710678118654757 0 
1 112.187883 -115.164463 0 -0.8314700777738655 -0.5555695363919102 0 
2 121.23 -121.84999999999999 0 -0 0 -1 -0 -1 0 -1 0 0 0.5
2 123.77 -121.84999999999999 0 -0 0 -1 -0 -1 0 -1 0 0 0.5
2 131.124 -124.621 0 -0 0 -1 -1 4.7369515717340002e-14 0 4.7369515717340002e-14 1 0 0.29999999999999999
1 130.82400000000001 -62.0105 0 -0 1 0 
2 131.124 -124.021 0 0 -0 -1 1 4.7369515717340002e-14 0 4.7369515717340002e-14 -1 0 0.29999999999999999
1 131.42400000000001 -62.310499999999998 0 0 -1 0 
1 132.425061 -120.31764200000001 0 -0.86602811505398392 -0.49999530391399066 0 
1 132.513316 -120.293994 0 -0.96592543221807281 -0.2588205157910195 0 
1 132.60468399999999 -120.293994 0 -1 0 0 
1 132.692939 -120.31764200000001 0 -0.96592543221807281 0.2588205157910195 0 
1 132.77206699999999 -120.363326 0 -0.86602811505398392 0.49999530391399066 0 
1 132.83667399999999 -120.427933 0 -0.70710678118654757 0.70710678118654757 0 
1 132.88235800000001 -120.50706099999999 0 -0.49999530391399066 0.86602811505398392 0 
1 132.90600599999999 -120.595316 0 -0.25882051579008647 0.96592543221832272 0 
1 132.90600599999999 -120.686684 0 0 1 0 
1 132.88235800000001 -120.774939 0 0.25882051579008647 0.96592543221832272 0 
1 132.83667399999999 -120.854067 0 0.49999530391399066 0.86602811505398392 0 
1 132.77206699999999 -120.918674 0 0.70710678118654757 0.70710678118654757 0 
1 132.692939 -120.964358 0 0.86602811505398392 0.49999530391399066 0 
1 132.60468399999999 -120.988006 0 0.96592543221832272 0.25882051579008647 0 
1 132.513316 -120.988006 0 1 0 0 
1 132.425061 -120.964358 0 0.96592543221832272 -0.25882051579008647 0 
1 132.345933 -120.918674 0 0.86602811505398392 -0.49999530391399066 0 
1 132.28132600000001 -120.854067 0 0.70710678118654757 -0.70710678118654757 0 
1 132.23564200000001 -120.774939 0 0.49999530391399066 -0.86602811505398392 0 
1 132.211994 -120.686684 0 0.2588205157910195 -0.96592543221807281 0 
1 132.211994 -120.595316 0 0 -1 0 
1 132.23564200000001 -120.50706099999999 0 -0.2588205157910195 -0.96592543221807281 0 
1 132.28132600000001 -120.427933 0 -0.49999530391399066 -0.86602811505398392 0 
1 132.345933 -120.363326 0 -0.70710678118654757 -0.70710678118654757 0 
2 131.124 -120.571 0 -0 0 -1 -1 0 0 0 1 0 0.29999999999999999
1 130.82400000000001 -59.835500000000003 0 -0 1 0 
2 131.124 -119.67100000000001 0 0 -0 -1 1 -4.7369515717340002e-14 0 -4.7369515717340002e-14 -1 0 0.29999999999999999
1 131.42400000000001 -60.285499999999999 0 0 -1 0 
1 138.205061 -120.31764200000001 0 -0.86602811505398392 -0.49999530391399066 0 
1 138.293316 -120.293994 0 -0.96592543221807281 -0.2588205157910195 0 
1 138.38468399999999 -120.293994 0 -1 0 0 
1 138.472939 -120.31764200000001 0 -0.96592543221807281 0.2588205157910195 0 
1 138.55206699999999 -120.363326 0 -0.86602811505398392 0.49999530391399066 0 
1 138.61667399999999 -120.427933 0 -0.70710678118654757 0.70710678118654757 0 
1 138.66235800000001 -120.50706099999999 0 -0.49999530391399066 0.86602811505398392 0 
1 138.68600599999999 -120.595316 0 -0.25882051579008647 0.96592543221832272 0 
1 138.68600599999999 -120.686684 0 0 1 0 
1 138.66235800000001 -120.774939 0 0.25882051579008647 0.96592543221832272 0 
1 138.61667399999999 -120.854067 0 0.49999530391399066 0.86602811505398392 0 
1 138.55206699999999 -120.918674 0 0.70710678118654757 0.70710678118654757 0 
1 138.472939 -120.964358 0 0.86602811505398392 0.49999530391399066 0 
1 138.38468399999999 -120.988006 0 0.96592543221832272 0.25882051579008647 0 
1 138.293316 -120.988006 0 1 0 0 
1 138.205061 -120.964358 0 0.96592543221832272 -0.25882051579008647 0 
1 138.125933 -120.918674 0 0.86602811505398392 -0.49999530391399066 0 
1 138.06132600000001 -120.854067 0 0.70710678118654757 -0.70710678118654757 0 
1 138.01564200000001 -120.774939 0 0.49999530391399066 -0.86602811505398392 0 
1 137.99199400000001 -120.686684 0 0.2588205157910195 -0.96592543221807281 0 
1 137.99199400000001 -120.595316 0 0 -1 0 
1 138.01564200000001 -120.50706099999999 0 -0.2588205157910195 -0.96592543221807281 0 
1 138.06132600000001 -120.427933 0 -0.49999530391399066 -0.86602811505398392 0 
1 138.125933 -120.363326 0 -0.70710678118654757 -0.70710678118654757 0 
2 139.774 -124.621 0 -0 0 -1 -1 0 0 0 1 0 0.29999999999999999
1 139.47399999999999 -62.0105 0 -0 1 0 
2 139.774 -124.021 0 0 -0 -1 1 9.4739031434680004e-14 0 9.4739031434680004e-14 -1 0 0.29999999999999999
1 140.07400000000001 -62.310499999999998 0 0 -1 0 
2 139.774 -120.571 0 -0 0 -1 -1 -4.7369515717340002e-14 0 -4.7369515717340002e-14 1 0 0.29999999999999999
1 139.47399999999999 -59.835500000000003 0 -0 1 0 
2 139.774 -119.67100000000001 0 0 -0 -1 1 0 0 0 -1 0 0.29999999999999999
1 140.07400000000001 -60.285499999999999 0 0 -1 0 
2 145.73599999999999 -105.563 0 -0 0 -1 -0 -1 0 -1 0 0 0.55000000000000004
2 145.73599999999999 -103.023 0 -0 0 -1 -0 -1 0 -1 0 0 0.55000000000000004
2 145.73599999999999 -100.483 0 -0 0 -1 -0 -1 0 -1 0 0 0.55000000000000004
2 145.5 -92.5 0 -0 0 -1 -0 -1 0 -1 0 0 1.1000000000000001
2 111.57299999999999 -84.360799999999998 0 -0 0 -1 -1.2918958832e-14 -1 0 -1 1.2918958832e-14 0 1.1000000000000001
1 105.77039000000001 -68.259671999999995 0 -0.86602493924613622 -0.50000080460307872 0 
1 105.921684 -68.219132999999999 0 -0.96592599407125379 -0.25881841893006802 0 
1 106.078316 -68.219132999999999 0 -1 0 0 
1 106.22960999999999 -68.259671999999995 0 -0.96592599407125379 0.25881841893006802 0 
1 106.365257 -68.337987999999996 0 -0.86602493924613622 0.50000080460307872 0 
1 106.476012 -68.448742999999993 0 -0.70710678118654757 0.70710678118654757 0 
1 106.554328 -68.584389999999999 0 -0.50000080460307872 0.86602493924613622 0 
1 106.59486699999999 -68.735684000000006 0 -0.25881841893006802 0.96592599407125379 0 
1 106.59486699999999 -68.892315999999994 0 0 1 0 
1 106.554328 -69.043610000000001 0 0.25881841893006802 0.96592599407125379 0 
1 106.476012 -69.179257000000007 0 0.50000080460307872 0.86602493924613622 0 
1 106.365257 -69.290012000000004 0 0.70710678118654757 0.70710678118654757 0 
1 106.22960999999999 -69.368328000000005 0 0.86602493924613622 0.50000080460307872 0 
1 106.078316 -69.408867000000001 0 0.96592599407125379 0.25881841893006802 0 
1 105.921684 -69.408867000000001 0 1 0 0 
1 105.77039000000001 -69.368328000000005 0 0.96592599407125379 -0.25881841893006802 0 
1 105.634743 -69.290012000000004 0 0.86602493924613622 -0.50000080460307872 0 
1 105.523988 -69.179257000000007 0 0.70710678118654757 -0.70710678118654757 0 
1 105.445672 -69.043610000000001 0 0.50000080460307872 -0.86602493924613622 0 
1 105.40513300000001 -68.892315999999994 0 0.25881841893006802 -0.96592599407125379 0 
1 105.40513300000001 -68.735684000000006 0 0 -1 0 
1 105.445672 -68.584389999999999 0 -0.25881841893006802 -0.96592599407125379 0 
1 105.523988 -68.448742999999993 0 -0.50000080460307872 -0.86602493924613622 0 
1 105.634743 -68.337987999999996 0 -0.70710678118654757 -0.70710678118654757 0 
1 105.77039000000001 -60.259672000000002 0 -0.86602493924613622 -0.50000080460307872 0 
1 105.921684 -60.219132999999999 0 -0.96592599407125379 -0.25881841893006802 0 
1 106.078316 -60.219132999999999 0 -1 0 0 
1 106.22960999999999 -60.259672000000002 0 -0.96592599407125379 0.25881841893006802 0 
1 106.365257 -60.337988000000003 0 -0.86602493924613622 0.50000080460307872 0 
1 106.476012 -60.448743 0 -0.70710678118654757 0.70710678118654757 0 
1 106.554328 -60.584389999999999 0 -0.50000080460307872 0.86602493924613622 0 
1 106.59486699999999 -60.735683999999999 0 -0.25881841893006802 0.96592599407125379 0 
1 106.59486699999999 -60.892316000000001 0 0 1 0 
1 106.554328 -61.043610000000001 0 0.25881841893006802 0.96592599407125379 0 
1 106.476012 -61.179257 0 0.50000080460307872 0.86602493924613622 0 
1 106.365257 -61.290011999999997 0 0.70710678118654757 0.70710678118654757 0 
1 106.22960999999999 -61.368327999999998 0 0.86602493924613622 0.50000080460307872 0 
1 106.078316 -61.408867000000001 0 0.96592599407125379 0.25881841893006802 0 
1 105.921684 -61.408867000000001 0 1 0 0 
1 105.77039000000001 -61.368327999999998 0 0.96592599407125379 -0.25881841893006802 0 
1 105.634743 -61.290011999999997 0 0.86602493924613622 -0.50000080460307872 0 
1 105.523988 -61.179257 0 0.70710678118654757 -0.70710678118654757 0 
1 105.445672 -61.043610000000001 0 0.50000080460307872 -0.86602493924613622 0 
1 105.40513300000001 -60.892316000000001 0 0.25881841893006802 -0.96592599407125379 0 
1 105.40513300000001 -60.735683999999999 0 0 -1 0 
1 105.445672 -60.584389999999999 0 -0.25881841893006802 -0.96592599407125379 0 
1 105.523988 -60.448743 0 -0.50000080460307872 -0.86602493924613622 0 
1 105.634743 -60.337988000000003 0 -0.70710678118654757 -0.70710678118654757 0 
2 110.8085 -53.7485 0 -0 0 -1 -1.2918958832e-14 -1 0 -1 1.2918958832e-14 0 1.1000000000000001
2 110.99999935766 -60.999999357660002 0.91000000000000003 0 0 -1 -0.999999999999998 -6.4233142756139869e-08 -0 -6.4233142756139869e-08 0.999999999999998 0 9.9999993576689992
1 101 -117 0.91000000000000003 0 1 0 
2 110.99999935766 -117.00000064229999 0.91000000000000003 0 0 -1 6.4233142756139869e-08 -0.999999999999998 0 -0.999999999999998 -6.4233142756139869e-08 -0 9.9999993576689992
1 121.38466099999999 -127 0.91000000000000003 -1 0 0 
2 124 -125.99999974799999 0.91000000000000003 0 0 1 0.93404972691627086 -0.35714297927810357 0 0.35714297927810357 0.93404972691627086 -0 2.7999997480159999
1 137 -127 0.91000000000000003 -1 0 0 
2 137.00000064233001 -117.00000064229999 0.91000000000000003 0 0 -1 0.999999999999998 6.4233142756139869e-08 0 6.4233142756139869e-08 -0.999999999999998 0 9.9999993576689992
1 147 -61 0.91000000000000003 0 -1 0 
2 137.00000064233001 -60.999999357660002 0.91000000000000003 0 0 -1 -6.4233141335049863e-08 0.999999999999998 0 0.999999999999998 6.4233141335049863e-08 0 9.9999993576689992
1 112.33277200000001 -122.104448 0.91000000000000003 -0.92387950734907709 -0.38268349311203192 0 
1 112.486586 -122.073852 0.91000000000000003 -0.98078467874915809 -0.19509334671103146 0 
1 112.64341400000001 -122.073852 0.91000000000000003 -1 0 0 
1 112.797228 -122.104448 0.91000000000000003 -0.98078467874915809 0.19509334671103146 0 
1 112.942117 -122.164463 0.91000000000000003 -0.92387950734907709 0.38268349311203192 0 
1 113.072515 -122.251592 0.91000000000000003 -0.8314700777738655 0.5555695363919102 0 
1 113.183408 -122.36248500000001 0.91000000000000003 -0.70710678118654757 0.70710678118654757 0 
1 113.270537 -122.49288300000001 0.91000000000000003 -0.5555695363919102 0.8314700777738655 0 
1 113.330552 -122.637772 0.91000000000000003 -0.38268349311203192 0.92387950734907709 0 
1 113.361148 -122.791586 0.91000000000000003 -0.19509334671103146 0.98078467874915809 0 
1 113.361148 -122.948414 0.91000000000000003 0 1 0 
1 113.330552 -123.102228 0.91000000000000003 0.19509334671103146 0.98078467874915809 0 
1 113.270537 -123.247117 0.91000000000000003 0.38268349311203192 0.92387950734907709 0 
1 113.183408 -123.377515 0.91000000000000003 0.5555695363919102 0.8314700777738655 0 
1 113.072515 -123.48840800000001 0.91000000000000003 0.70710678118654757 0.70710678118654757 0 
1 112.942117 -123.575537 0.91000000000000003 0.83147007777432747 0.55556953639121887 0 
1 112.797228 -123.635552 0.91000000000000003 0.92387950734907709 0.38268349311203192 0 
1 112.64341400000001 -123.66614800000001 0.91000000000000003 0.98078467874915809 0.19509334671103146 0 
1 112.486586 -123.66614800000001 0.91000000000000003 1 0 0 
1 112.33277200000001 -123.635552 0.91000000000000003 0.98078467874915809 -0.19509334671103146 0 
1 112.187883 -123.575537 0.91000000000000003 0.92387950734907709 -0.38268349311203192 0 
1 112.057485 -123.48840800000001 0.91000000000000003 0.83147007777432747 -0.55556953639121887 0 
1 111.946592 -123.377515 0.91000000000000003 0.70710678118654757 -0.70710678118654757 0 
1 111.85946300000001 -123.247117 0.91000000000000003 0.55556953639121887 -0.83147007777432747 0 
1 111.799448 -123.102228 0.91000000000000003 0.38268349311203192 -0.92387950734907709 0 
1 111.768852 -122.948414 0.91000000000000003 0.19509334671103146 -0.98078467874915809 0 
1 111.768852 -122.791586 0.91000000000000003 0 -1 0 
1 111.799448 -122.637772 0.91000000000000003 -0.19509334671103146 -0.98078467874915809 0 
1 111.85946300000001 -122.49288300000001 0.91000000000000003 -0.38268349311203192 -0.92387950734907709 0 
1 111.946592 -122.36248500000001 0.91000000000000003 -0.55556953639121887 -0.83147007777432747 0 
1 112.057485 -122.251592 0.91000000000000003 -0.70710678118654757 -0.70710678118654757 0 
1 112.187883 -122.164463 0.91000000000000003 -0.8314700777738655 -0.5555695363919102 0 
2 104.3 -114.5 0.91000000000000003 -0 0 -1 -1.2918958832e-14 -1 0 -1 1.2918958832e-14 0 1.1000000000000001
1 112.33277200000001 -115.104448 0.91000000000000003 -0.92387950734907709 -0.38268349311203192 0 
1 112.486586 -115.073852 0.91000000000000003 -0.98078467874915809 -0.19509334671103146 0 
1 112.64341400000001 -115.073852 0.91000000000000003 -1 0 0 
1 112.797228 -115.104448 0.91000000000000003 -0.98078467874915809 0.19509334671103146 0 
1 112.942117 -115.164463 0.91000000000000003 -0.92387950734907709 0.38268349311203192 0 
1 113.072515 -115.251592 0.91000000000000003 -0.8314700777738655 0.5555695363919102 0 
1 113.183408 -115.36248500000001 0.91000000000000003 -0.70710678118654757 0.70710678118654757 0 
1 113.270537 -115.49288300000001 0.91000000000000003 -0.5555695363919102 0.8314700777738655 0 
1 113.330552 -115.637772 0.91000000000000003 -0.38268349311203192 0.92387950734907709 0 
1 113.361148 -115.791586 0.91000000000000003 -0.19509334671103146 0.98078467874915809 0 
1 113.361148 -115.948414 0.91000000000000003 0 1 0 
1 113.330552 -116.102228 0.91000000000000003 0.19509334671103146 0.98078467874915809 0 
1 113.270537 -116.247117 0.91000000000000003 0.38268349311203192 0.92387950734907709 0 
1 113.183408 -116.377515 0.91000000000000003 0.5555695363919102 0.8314700777738655 0 
1 113.072515 -116.48840800000001 0.91000000000000003 0.70710678118654757 0.70710678118654757 0 
1 112.942117 -116.575537 0.91000000000000003 0.83147007777432747 0.55556953639121887 0 
1 112.797228 -116.635552 0.91000000000000003 0.92387950734907709 0.38268349311203192 0 
1 112.64341400000001 -116.66614800000001 0.91000000000000003 0.98078467874915809 0.19509334671103146 0 
1 112.486586 -116.66614800000001 0.91000000000000003 1 0 0 
1 112.33277200000001 -116.635552 0.91000000000000003 0.98078467874915809 -0.19509334671103146 0 
1 112.187883 -116.575537 0.91000000000000003 0.92387950734907709 -0.38268349311203192 0 
1 112.057485 -116.48840800000001 0.91000000000000003 0.83147007777432747 -0.55556953639121887 0 
1 111.946592 -116.377515 0.91000000000000003 0.70710678118654757 -0.70710678118654757 0 
1 111.85946300000001 -116.247117 0.91000000000000003 0.55556953639121887 -0.83147007777432747 0 
1 111.799448 -116.102228 0.91000000000000003 0.38268349311203192 -0.92387950734907709 0 
1 111.768852 -115.948414 0.91000000000000003 0.19509334671103146 -0.98078467874915809 0 
1 111.768852 -115.791586 0.91000000000000003 0 -1 0 
1 111.799448 -115.637772 0.91000000000000003 -0.19509334671103146 -0.98078467874915809 0 
1 111.85946300000001 -115.49288300000001 0.91000000000000003 -0.38268349311203192 -0.92387950734907709 0 
1 111.946592 -115.36248500000001 0.91000000000000003 -0.55556953639121887 -0.83147007777432747 0 
1 112.057485 -115.251592 0.91000000000000003 -0.70710678118654757 -0.70710678118654757 0 
1 112.187883 -115.164463 0.91000000000000003 -0.8314700777738655 -0.5555695363919102 0 
2 121.23 -121.84999999999999 0.91000000000000003 -0 0 -1 -0 -1 0 -1 0 0 0.5
2 123.77 -121.84999999999999 0.91000000000000003 -0 0 -1 -0 -1 0 -1 0 0 0.5
2 131.124 -124.621 0.91000000000000003 -0 0 -1 -1 4.7369515717340002e-14 0 4.7369515717340002e-14 1 0 0.29999999999999999
1 130.82400000000001 -62.0105 0.91000000000000003 -0 1 0 
2 131.124 -124.021 0.91000000000000003 0 -0 -1 1 4.7369515717340002e-14 0 4.7369515717340002e-14 -1 0 0.29999999999999999
1 131.42400000000001 -62.310499999999998 0.91000000000000003 0 -1 0 
1 132.425061 -120.31764200000001 0.91000000000000003 -0.86602811505398392 -0.49999530391399066 0 
1 132.513316 -120.293994 0.91000000000000003 -0.96592543221807281 -0.2588205157910195 0 
1 132.60468399999999 -120.293994 0.91000000000000003 -1 0 0 
1 132.692939 -120.31764200000001 0.91000000000000003 -0.96592543221807281 0.2588205157910195 0 
1 132.77206699999999 -120.363326 0.91000000000000003 -0.86602811505398392 0.49999530391399066 0 
1 132.83667399999999 -120.427933 0.91000000000000003 -0.70710678118654757 0.70710678118654757 0 
1 132.88235800000001 -120.50706099999999 0.91000000000000003 -0.49999530391399066 0.86602811505398392 0 
1 132.90600599999999 -120.595316 0.91000000000000003 -0.25882051579008647 0.96592543221832272 0 
1 132.90600599999999 -120.686684 0.91000000000000003 0 1 0 
1 132.88235800000001 -120.774939 0.91000000000000003 0.25882051579008647 0.96592543221832272 0 
1 132.83667399999999 -120.854067 0.91000000000000003 0.49999530391399066 0.86602811505398392 0 
1 132.77206699999999 -120.918674 0.91000000000000003 0.70710678118654757 0.70710678118654757 0 
1 132.692939 -120.964358 0.91000000000000003 0.86602811505398392 0.49999530391399066 0 
1 132.60468399999999 -120.988006 0.91000000000000003 0.96592543221832272 0.25882051579008647 0 
1 132.513316 -120.988006 0.91000000000000003 1 0 0 
1 132.425061 -120.964358 0.91000000000000003 0.96592543221832272 -0.25882051579008647 0 
1 132.345933 -120.918674 0.91000000000000003 0.86602811505398392 -0.49999530391399066 0 
1 132.28132600000001 -120.854067 0.91000000000000003 0.70710678118654757 -0.70710678118654757 0 
1 132.23564200000001 -120.774939 0.91000000000000003 0.49999530391399066 -0.86602811505398392 0 
1 132.211994 -120.686684 0.91000000000000003 0.2588205157910195 -0.96592543221807281 0 
1 132.211994 -120.595316 0.91000000000000003 0 -1 0 
1 132.23564200000001 -120.50706099999999 0.91000000000000003 -0.2588205157910195 -0.96592543221807281 0 
1 132.28132600000001 -120.427933 0.91000000000000003 -0.49999530391399066 -0.86602811505398392 0 
1 132.345933 -120.363326 0.91000000000000003 -0.70710678118654757 -0.70710678118654757 0 
2 131.124 -120.571 0.91000000000000003 -0 0 -1 -1 0 0 0 1 0 0.29999999999999999
1 130.82400000000001 -59.835500000000003 0.91000000000000003 -0 1 0 
2 131.124 -119.67100000000001 0.91000000000000003 0 -0 -1 1 -4.7369515717340002e-14 0 -4.7369515717340002e-14 -1 0 0.29999999999999999
1 131.42400000000001 -60.285499999999999 0.91000000000000003 0 -1 0 
1 138.205061 -120.31764200000001 0.91000000000000003 -0.86602811505398392 -0.49999530391399066 0 
1 138.293316 -120.293994 0.91000000000000003 -0.96592543221807281 -0.2588205157910195 0 
1 138.38468399999999 -120.293994 0.91000000000000003 -1 0 0 
1 138.472939 -120.31764200000001 0.91000000000000003 -0.96592543221807281 0.2588205157910195 0 
1 138.55206699999999 -120.363326 0.91000000000000003 -0.86602811505398392 0.49999530391399066 0 
1 138.61667399999999 -120.427933 0.91000000000000003 -0.70710678118654757 0.70710678118654757 0 
1 138.66235800000001 -120.50706099999999 0.91000000000000003 -0.49999530391399066 0.86602811505398392 0 
1 138.68600599999999 -120.595316 0.91000000000000003 -0.25882051579008647 0.96592543221832272 0 
1 138.68600599999999 -120.686684 0.91000000000000003 0 1 0 
1 138.66235800000001 -120.774939 0.91000000000000003 0.25882051579008647 0.96592543221832272 0 
1 138.61667399999999 -120.854067 0.91000000000000003 0.49999530391399066 0.86602811505398392 0 
1 138.55206699999999 -120.918674 0.91000000000000003 0.70710678118654757 0.70710678118654757 0 
1 138.472939 -120.964358 0.91000000000000003 0.86602811505398392 0.49999530391399066 0 
1 138.38468399999999 -120.988006 0.91000000000000003 0.96592543221832272 0.25882051579008647 0 
1 138.293316 -120.988006 0.91000000000000003 1 0 0 
1 138.205061 -120.964358 0.91000000000000003 0.96592543221832272 -0.25882051579008647 0 
1 138.125933 -120.918674 0.91000000000000003 0.86602811505398392 -0.49999530391399066 0 
1 138.06132600000001 -120.854067 0.91000000000000003 0.70710678118654757 -0.70710678118654757 0 
1 138.01564200000001 -120.774939 0.91000000000000003 0.49999530391399066 -0.86602811505398392 0 
1 137.99199400000001 -120.686684 0.91000000000000003 0.2588205157910195 -0.96592543221807281 0 
1 137.99199400000001 -120.595316 0.91000000000000003 0 -1 0 
1 138.01564200000001 -120.50706099999999 0.91000000000000003 -0.2588205157910195 -0.96592543221807281 0 
1 138.06132600000001 -120.427933 0.91000000000000003 -0.49999530391399066 -0.86602811505398392 0 
1 138.125933 -120.363326 0.91000000000000003 -0.70710678118654757 -0.70710678118654757 0 
2 139.774 -124.621 0.91000000000000003 -0 0 -1 -1 0 0 0 1 0 0.29999999999999999
1 139.47399999999999 -62.0105 0.91000000000000003 -0 1 0 
2 139.774 -124.021 0.91000000000000003 0 -0 -1 1 9.4739031434680004e-14 0 9.4739031434680004e-14 -1 0 0.29999999999999999
1 140.07400000000001 -62.310499999999998 0.91000000000000003 0 -1 0 
2 139.774 -120.571 0.91000000000000003 -0 0 -1 -1 -4.7369515717340002e-14 0 -4.7369515717340002e-14 1 0 0.29999999999999999
1 139.47399999999999 -59.835500000000003 0.91000000000000003 -0 1 0 
2 139.774 -119.67100000000001 0.91000000000000003 0 -0 -1 1 0 0 0 -1 0 0.29999999999999999
1 140.07400000000001 -60.285499999999999 0.91000000000000003 0 -1 0 
2 145.73599999999999 -105.563 0.91000000000000003 -0 0 -1 -0 -1 0 -1 0 0 0.55000000000000004
2 145.73599999999999 -103.023 0.91000000000000003 -0 0 -1 -0 -1 0 -1 0 0 0.55000000000000004
2 145.73599999999999 -100.483 0.91000000000000003 -0 0 -1 -0 -1 0 -1 0 0 0.55000000000000004
2 145.5 -92.5 0.91000000000000003 -0 0 -1 -0 -1 0 -1 0 0 1.1000000000000001
2 111.57299999999999 -84.360799999999998 0.91000000000000003 -0 0 -1 -1.2918958832e-14 -1 0 -1 1.2918958832e-14 0 1.1000000000000001
1 105.77039000000001 -68.259671999999995 0.91000000000000003 -0.86602493924613622 -0.50000080460307872 0 
1 105.921684 -68.219132999999999 0.91000000000000003 -0.96592599407125379 -0.25881841893006802 0 
1 106.078316 -68.219132999999999 0.91000000000000003 -1 0 0 
1 106.22960999999999 -68.259671999999995 0.91000000000000003 -0.96592599407125379 0.25881841893006802 0 
1 106.365257 -68.337987999999996 0.91000000000000003 -0.86602493924613622 0.50000080460307872 0 
1 106.476012 -68.448742999999993 0.91000000000000003 -0.70710678118654757 0.70710678118654757 0 
1 106.554328 -68.584389999999999 0.91000000000000003 -0.50000080460307872 0.86602493924613622 0 
1 106.59486699999999 -68.735684000000006 0.91000000000000003 -0.25881841893006802 0.96592599407125379 0 
1 106.59486699999999 -68.892315999999994 0.91000000000000003 0 1 0 
1 106.554328 -69.043610000000001 0.91000000000000003 0.25881841893006802 0.96592599407125379 0 
1 106.476012 -69.179257000000007 0.91000000000000003 0.50000080460307872 0.86602493924613622 0 
1 106.365257 -69.290012000000004 0.91000000000000003 0.70710678118654757 0.70710678118654757 0 
1 106.22960999999999 -69.368328000000005 0.91000000000000003 0.86602493924613622 0.50000080460307872 0 
1 106.078316 -69.408867000000001 0.91000000000000003 0.96592599407125379 0.25881841893006802 0 
1 105.921684 -69.408867000000001 0.91000000000000003 1 0 0 
1 105.77039000000001 -69.368328000000005 0.91000000000000003 0.96592599407125379 -0.25881841893006802 0 
1 105.634743 -69.290012000000004 0.91000000000000003 0.86602493924613622 -0.50000080460307872 0 
1 105.523988 -69.179257000000007 0.91000000000000003 0.70710678118654757 -0.70710678118654757 0 
1 105.445672 -69.043610000000001 0.91000000000000003 0.50000080460307872 -0.86602493924613622 0 
1 105.40513300000001 -68.892315999999994 0.91000000000000003 0.25881841893006802 -0.96592599407125379 0 
1 105.40513300000001 -68.735684000000006 0.91000000000000003 0 -1 0 
1 105.445672 -68.584389999999999 0.91000000000000003 -0.25881841893006802 -0.96592599407125379 0 
1 105.523988 -68.448742999999993 0.91000000000000003 -0.50000080460307872 -0.86602493924613622 0 
1 105.634743 -68.337987999999996 0.91000000000000003 -0.70710678118654757 -0.70710678118654757 0 
1 105.77039000000001 -60.259672000000002 0.91000000000000003 -0.86602493924613622 -0.50000080460307872 0 
1 105.921684 -60.219132999999999 0.91000000000000003 -0.96592599407125379 -0.25881841893006802 0 
1 106.078316 -60.219132999999999 0.91000000000000003 -1 0 0 
1 106.22960999999999 -60.259672000000002 0.91000000000000003 -0.96592599407125379 0.25881841893006802 0 
1 106.365257 -60.337988000000003 0.91000000000000003 -0.86602493924613622 0.50000080460307872 0 
1 106.476012 -60.448743 0.91000000000000003 -0.70710678118654757 0.70710678118654757 0 
1 106.554328 -60.584389999999999 0.91000000000000003 -0.50000080460307872 0.86602493924613622 0 
1 106.59486699999999 -60.735683999999999 0.91000000000000003 -0.25881841893006802 0.96592599407125379 0 
1 106.59486699999999 -60.892316000000001 0.91000000000000003 0 1 0 
1 106.554328 -61.043610000000001 0.91000000000000003 0.25881841893006802 0.96592599407125379 0 
1 106.476012 -61.179257 0.91000000000000003 0.50000080460307872 0.86602493924613622 0 
1 106.365257 -61.290011999999997 0.91000000000000003 0.70710678118654757 0.70710678118654757 0 
1 106.22960999999999 -61.368327999999998 0.91000000000000003 0.86602493924613622 0.50000080460307872 0 
1 106.078316 -61.408867000000001 0.91000000000000003 0.96592599407125379 0.25881841893006802 0 
1 105.921684 -61.408867000000001 0.91000000000000003 1 0 0 
1 105.77039000000001 -61.368327999999998 0.91000000000000003 0.96592599407125379 -0.25881841893006802 0 
1 105.634743 -61.290011999999997 0.91000000000000003 0.86602493924613622 -0.50000080460307872 0 
1 105.523988 -61.179257 0.91000000000000003 0.70710678118654757 -0.70710678118654757 0 
1 105.445672 -61.043610000000001 0.91000000000000003 0.50000080460307872 -0.86602493924613622 0 
1 105.40513300000001 -60.892316000000001 0.91000000000000003 0.25881841893006802 -0.96592599407125379 0 
1 105.40513300000001 -60.735683999999999 0.91000000000000003 0 -1 0 
1 105.445672 -60.584389999999999 0.91000000000000003 -0.25881841893006802 -0.96592599407125379 0 
1 105.523988 -60.448743 0.91000000000000003 -0.50000080460307872 -0.86602493924613622 0 
1 105.634743 -60.337988000000003 0.91000000000000003 -0.70710678118654757 -0.70710678118654757 0 
2 110.8085 -53.7485 0.91000000000000003 -0 0 -1 -1.2918958832e-14 -1 0 -1 1.2918958832e-14 0 1.1000000000000001
1 101 -61 0 0 0 1 
1 147 -61 0 0 0 1 
1 101 -117 0 0 0 1 
1 147 -117 0 0 0 1 
1 111 -127 0 0 0 1 
1 137 -127 0 0 0 1 
1 121.38466099999999 -127 0 0 0 1 
1 126.61533900000001 -127 0 0 0 1 
1 112.33277200000001 -122.104448 0 0 0 1 
1 112.187883 -122.164463 0 0 0 1 
1 112.486586 -122.073852 0 0 0 1 
1 112.057485 -122.251592 0 0 0 1 
1 112.64341400000001 -122.073852 0 0 0 1 
1 111.946592 -122.36248500000001 0 0 0 1 
1 112.797228 -122.104448 0 0 0 1 
1 111.85946300000001 -122.49288300000001 0 0 0 1 
1 112.942117 -122.164463 0 0 0 1 
1 111.799448 -122.637772 0 0 0 1 
1 113.072515 -122.251592 0 0 0 1 
1 111.768852 -122.791586 0 0 0 1 
1 113.183408 -122.36248500000001 0 0 0 1 
1 111.768852 -122.948414 0 0 0 1 
1 113.270537 -122.49288300000001 0 0 0 1 
1 111.799448 -123.102228 0 0 0 1 
1 113.330552 -122.637772 0 0 0 1 
1 111.85946300000001 -123.247117 0 0 0 1 
1 113.361148 -122.791586 0 0 0 1 
1 111.946592 -123.377515 0 0 0 1 
1 113.361148 -122.948414 0 0 0 1 
1 112.057485 -123.48840800000001 0 0 0 1 
1 113.330552 -123.102228 0 0 0 1 
1 112.187883 -123.575537 0 0 0 1 
1 113.270537 -123.247117 0 0 0 1 
1 112.33277200000001 -123.635552 0 0 0 1 
1 113.183408 -123.377515 0 0 0 1 
1 112.486586 -123.66614800000001 0 0 0 1 
1 113.072515 -123.48840800000001 0 0 0 1 
1 112.64341400000001 -123.66614800000001 0 0 0 1 
1 112.942117 -123.575537 0 0 0 1 
1 112.797228 -123.635552 0 0 0 1 
1 104.3 -115.59999999999999 -0.045999999999999999 0 0 1 
1 112.33277200000001 -115.104448 0 0 0 1 
1 112.187883 -115.164463 0 0 0 1 
1 112.486586 -115.073852 0 0 0 1 
1 112.057485 -115.251592 0 0 0 1 
1 112.64341400000001 -115.073852 0 0 0 1 
1 111.946592 -115.36248500000001 0 0 0 1 
1 112.797228 -115.104448 0 0 0 1 
1 111.85946300000001 -115.49288300000001 0 0 0 1 
1 112.942117 -115.164463 0 0 0 1 
1 111.799448 -115.637772 0 0 0 1 
1 113.072515 -115.251592 0 0 0 1 
1 111.768852 -115.791586 0 0 0 1 
1 113.183408 -115.36248500000001 0 0 0 1 
1 111.768852 -115.948414 0 0 0 1 
1 113.270537 -115.49288300000001 0 0 0 1 
1 111.799448 -116.102228 0 0 0 1 
1 113.330552 -115.637772 0 0 0 1 
1 111.85946300000001 -116.247117 0 0 0 1 
1 113.361148 -115.791586 0 0 0 1 
1 111.946592 -116.377515 0 0 0 1 
1 113.361148 -115.948414 0 0 0 1 
1 112.057485 -116.48840800000001 0 0 0 1 
1 113.330552 -116.102228 0 0 0 1 
1 112.187883 -116.575537 0 0 0 1 
1 113.270537 -116.247117 0 0 0 1 
1 112.33277200000001 -116.635552 0 0 0 1 
1 113.183408 -116.377515 0 0 0 1 
1 112.486586 -116.66614800000001 0 0 0 1 
1 113.072515 -116.48840800000001 0 0 0 1 
1 112.64341400000001 -116.66614800000001 0 0 0 1 
1 112.942117 -116.575537 0 0 0 1 
1 112.797228 -116.635552 0 0 0 1 
1 121.23 -122.34999999999999 -0.045999999999999999 0 0 1 
1 123.77 -122.34999999999999 -0.045999999999999999 0 0 1 
1 131.42400000000001 -124.621 -0.045999999999999999 0 0 1 
1 130.82400000000001 -124.621 -0.045999999999999999 0 0 1 
1 131.42400000000001 -124.021 -0.045999999999999999 0 0 1 
1 130.82400000000001 -124.021 -0.045999999999999999 0 0 1 
1 132.425061 -120.31764200000001 0 0 0 1 
1 132.345933 -120.363326 0 0 0 1 
1 132.513316 -120.293994 0 0 0 1 
1 132.28132600000001 -120.427933 0 0 0 1 
1 132.60468399999999 -120.293994 0 0 0 1 
1 132.23564200000001 -120.50706099999999 0 0 0 1 
1 132.692939 -120.31764200000001 0 0 0 1 
1 132.211994 -120.595316 0 0 0 1 
1 132.77206699999999 -120.363326 0 0 0 1 
1 132.211994 -120.686684 0 0 0 1 
1 132.83667399999999 -120.427933 0 0 0 1 
1 132.23564200000001 -120.774939 0 0 0 1 
1 132.88235800000001 -120.50706099999999 0 0 0 1 
1 132.28132600000001 -120.854067 0 0 0 1 
1 132.90600599999999 -120.595316 0 0 0 1 
1 132.345933 -120.918674 0 0 0 1 
1 132.90600599999999 -120.686684 0 0 0 1 
1 132.425061 -120.964358 0 0 0 1 
1 132.88235800000001 -120.774939 0 0 0 1 
1 132.513316 -120.988006 0 0 0 1 
1 132.83667399999999 -120.854067 0 0 0 1 
1 132.60468399999999 -120.988006 0 0 0 1 
1 132.77206699999999 -120.918674 0 0 0 1 
1 132.692939 -120.964358 0 0 0 1 
1 131.42400000000001 -120.571 -0.045999999999999999 0 0 1 
1 130.82400000000001 -120.571 -0.045999999999999999 0 0 1 
1 131.42400000000001 -119.67100000000001 -0.045999999999999999 0 0 1 
1 130.82400000000001 -119.67100000000001 -0.045999999999999999 0 0 1 
1 138.205061 -120.31764200000001 0 0 0 1 
1 138.125933 -120.363326 0 0 0 1 
1 138.293316 -120.293994 0 0 0 1 
1 138.06132600000001 -120.427933 0 0 0 1 
1 138.38468399999999 -120.293994 0 0 0 1 
1 138.01564200000001 -120.50706099999999 0 0 0 1 
1 138.472939 -120.31764200000001 0 0 0 1 
1 137.99199400000001 -120.595316 0 0 0 1 
1 138.55206699999999 -120.363326 0 0 0 1 
1 137.99199400000001 -120.686684 0 0 0 1 
1 138.61667399999999 -120.427933 0 0 0 1 
1 138.01564200000001 -120.774939 0 0 0 1 
1 138.66235800000001 -120.50706099999999 0 0 0 1 
1 138.06132600000001 -120.854067 0 0 0 1 
1 138.68600599999999 -120.595316 0 0 0 1 
1 138.125933 -120.918674 0 0 0 1 
1 138.68600599999999 -120.686684 0 0 0 1 
1 138.205061 -120.964358 0 0 0 1 
1 138.66235800000001 -120.774939 0 0 0 1 
1 138.293316 -120.988006 0 0 0 1 
1 138.61667399999999 -120.854067 0 0 0 1 
1 138.38468399999999 -120.988006 0 0 0 1 
1 138.55206699999999 -120.918674 0 0 0 1 
1 138.472939 -120.964358 0 0 0 1 
1 140.07400000000001 -124.621 -0.045999999999999999 0 0 1 
1 139.47399999999999 -124.621 -0.045999999999999999 0 0 1 
1 140.07400000000001 -124.021 -0.045999999999999999 0 0 1 
1 139.47399999999999 -124.021 -0.045999999999999999 0 0 1 
1 140.07400000000001 -120.571 -0.045999999999999999 0 0 1 
1 139.47399999999999 -120.571 -0.045999999999999999 0 0 1 
1 140.07400000000001 -119.67100000000001 -0.045999999999999999 0 0 1 
1 139.47399999999999 -119.67100000000001 -0.045999999999999999 0 0 1 
1 145.73599999999999 -106.113 -0.045999999999999999 0 0 1 
1 145.73599999999999 -103.57299999999999 -0.045999999999999999 0 0 1 
1 145.73599999999999 -101.033 -0.045999999999999999 0 0 1 
1 145.5 -93.599999999999994 -0.045999999999999999 0 0 1 
1 111.57299999999999 -85.460800000000006 -0.045999999999999999 0 0 1 
1 105.77039000000001 -68.259671999999995 0 0 0 1 
1 105.634743 -68.337987999999996 0 0 0 1 
1 105.921684 -68.219132999999999 0 0 0 1 
1 105.523988 -68.448742999999993 0 0 0 1 
1 106.078316 -68.219132999999999 0 0 0 1 
1 105.445672 -68.584389999999999 0 0 0 1 
1 106.22960999999999 -68.259671999999995 0 0 0 1 
1 105.40513300000001 -68.735684000000006 0 0 0 1 
1 106.365257 -68.337987999999996 0 0 0 1 
1 105.40513300000001 -68.892315999999994 0 0 0 1 
1 106.476012 -68.448742999999993 0 0 0 1 
1 105.445672 -69.043610000000001 0 0 0 1 
1 106.554328 -68.584389999999999 0 0 0 1 
1 105.523988 -69.179257000000007 0 0 0 1 
1 106.59486699999999 -68.735684000000006 0 0 0 1 
1 105.634743 -69.290012000000004 0 0 0 1 
1 106.59486699999999 -68.892315999999994 0 0 0 1 
1 105.77039000000001 -69.368328000000005 0 0 0 1 
1 106.554328 -69.043610000000001 0 0 0 1 
1 105.921684 -69.408867000000001 0 0 0 1 
1 106.476012 -69.179257000000007 0 0 0 1 
1 106.078316 -69.408867000000001 0 0 0 1 
1 106.365257 -69.290012000000004 0 0 0 1 
1 106.22960999999999 -69.368328000000005 0 0 0 1 
1 105.77039000000001 -60.259672000000002 0 0 0 1 
1 105.634743 -60.337988000000003 0 0 0 1 
1 105.921684 -60.219132999999999 0 0 0 1 
1 105.523988 -60.448743 0 0 0 1 
1 106.078316 -60.219132999999999 0 0 0 1 
1 105.445672 -60.584389999999999 0 0 0 1 
1 106.22960999999999 -60.259672000000002 0 0 0 1 
1 105.40513300000001 -60.735683999999999 0 0 0 1 
1 106.365257 -60.337988000000003 0 0 0 1 
1 105.40513300000001 -60.892316000000001 0 0 0 1 
1 106.476012 -60.448743 0 0 0 1 
1 105.445672 -61.043610000000001 0 0 0 1 
1 106.554328 -60.584389999999999 0 0 0 1 
1 105.523988 -61.179257 0 0 0 1 
1 106.59486699999999 -60.735683999999999 0 0 0 1 
1 105.634743 -61.290011999999997 0 0 0 1 
1 106.59486699999999 -60.892316000000001 0 0 0 1 
1 105.77039000000001 -61.368327999999998 0 0 0 1 
1 106.554328 -61.043610000000001 0 0 0 1 
1 105.921684 -61.408867000000001 0 0 0 1 
1 106.476012 -61.179257 0 0 0 1 
1 106.078316 -61.408867000000001 0 0 0 1 
1 106.365257 -61.290011999999997 0 0 0 1 
1 106.22960999999999 -61.368327999999998 0 0 0 1 
1 110.8085 -54.848500000000001 -0.045999999999999999 0 0 1 
Polygon3D 0
PolygonOnTriangulations 0
Surfaces 199
2 124 -52.000000251979998 0 -0 -0 -1 -0.93404972691627086 0.35714297927810357 0 0.35714297927810357 0.93404972691627086 -0 2.7999997480159999
1 0 0 0 0 0 1 1 0 -0 -0 1 0 
1 126.61533900000001 -51 0 0 1 0 1 0 0 0 0 -1 
1 0 0 0.91000000000000003 0 0 1 1 0 -0 -0 1 0 
1 111 -51 0 0 1 0 1 0 0 0 0 -1 
2 110.99999935766 -60.999999357660002 0 0 0 -1 -0.999999999999998 -6.4233142756139869e-08 -0 -6.4233142756139869e-08 0.999999999999998 0 9.9999993576689992
2 137.00000064233001 -60.999999357660002 0 0 0 -1 -6.4233141335049863e-08 0.999999999999998 0 0.999999999999998 6.4233141335049863e-08 0 9.9999993576689992
1 101 -117 0 -1 0 0 0 1 0 0 0 -1 
2 110.99999935766 -117.00000064229999 0 0 0 -1 6.4233142756139869e-08 -0.999999999999998 0 -0.999999999999998 -6.4233142756139869e-08 -0 9.9999993576689992
1 121.38466099999999 -127 0 0 -1 0 -1 0 0 -0 -0 -1 
2 124 -125.99999974799999 0 -0 -0 -1 0.93404972691627086 -0.35714297927810357 0 -0.35714297927810357 -0.93404972691627086 0 2.7999997480159999
1 137 -127 0 0 -1 0 -1 0 0 -0 -0 -1 
2 137.00000064233001 -117.00000064229999 0 0 0 -1 0.999999999999998 6.4233142756139869e-08 0 6.4233142756139869e-08 -0.999999999999998 0 9.9999993576689992
1 147 -61 0 1 0 -0 0 -1 0 0 -0 -1 
1 112.33277200000001 -122.104448 0 0.38268349311203192 -0.92387950734907709 0 -0.92387950734907709 -0.38268349311203192 0 0 -0 -1 
1 112.486586 -122.073852 0 0.19509334671103146 -0.98078467874915809 0 -0.98078467874915809 -0.19509334671103146 0 0 -0 -1 
1 112.64341400000001 -122.073852 0 0 -1 0 -1 0 0 -0 -0 -1 
1 112.797228 -122.104448 0 -0.19509334671103146 -0.98078467874915809 0 -0.98078467874915809 0.19509334671103146 0 -0 0 -1 
1 112.942117 -122.164463 0 -0.38268349311203192 -0.92387950734907709 0 -0.92387950734907709 0.38268349311203192 0 -0 0 -1 
1 113.072515 -122.251592 0 -0.5555695363919102 -0.8314700777738655 0 -0.8314700777738655 0.5555695363919102 0 -0 0 -1 
1 113.183408 -122.36248500000001 0 -0.70710678118654757 -0.70710678118654757 0 -0.70710678118654757 0.70710678118654757 0 -0 0 -1 
1 113.270537 -122.49288300000001 0 -0.8314700777738655 -0.5555695363919102 0 -0.5555695363919102 0.8314700777738655 0 -0 0 -1 
1 113.330552 -122.637772 0 -0.92387950734907709 -0.38268349311203192 0 -0.38268349311203192 0.92387950734907709 0 -0 0 -1 
1 113.361148 -122.791586 0 -0.98078467874915809 -0.19509334671103146 0 -0.19509334671103146 0.98078467874915809 0 -0 0 -1 
1 113.361148 -122.948414 0 -1 0 0 0 1 0 0 0 -1 
1 113.330552 -123.102228 0 -0.98078467874915809 0.19509334671103146 0 0.19509334671103146 0.98078467874915809 0 0 0 -1 
1 113.270537 -123.247117 0 -0.92387950734907709 0.38268349311203192 0 0.38268349311203192 0.92387950734907709 0 0 0 -1 
1 113.183408 -123.377515 0 -0.8314700777738655 0.5555695363919102 0 0.5555695363919102 0.8314700777738655 0 0 0 -1 
1 113.072515 -123.48840800000001 0 -0.70710678118654757 0.70710678118654757 0 0.70710678118654757 0.70710678118654757 0 0 0 -1 
1 112.942117 -123.575537 0 -0.55556953639121887 0.83147007777432747 0 0.83147007777432747 0.55556953639121887 0 0 0 -1 
1 112.797228 -123.635552 0 -0.38268349311203192 0.92387950734907709 0 0.92387950734907709 0.38268349311203192 0 0 0 -1 
1 112.64341400000001 -123.66614800000001 0 -0.19509334671103146 0.98078467874915809 0 0.98078467874915809 0.19509334671103146 0 0 0 -1 
1 112.486586 -123.66614800000001 0 0 1 0 1 0 0 0 0 -1 
1 112.33277200000001 -123.635552 0 0.19509334671103146 0.98078467874915809 -0 0.98078467874915809 -0.19509334671103146 0 0 -0 -1 
1 112.187883 -123.575537 0 0.38268349311203192 0.92387950734907709 -0 0.92387950734907709 -0.38268349311203192 0 0 -0 -1 
1 112.057485 -123.48840800000001 0 0.55556953639121887 0.83147007777432747 -0 0.83147007777432747 -0.55556953639121887 0 0 -0 -1 
1 111.946592 -123.377515 0 0.70710678118654757 0.70710678118654757 -0 0.70710678118654757 -0.70710678118654757 0 0 -0 -1 
1 111.85946300000001 -123.247117 0 0.83147007777432747 0.55556953639121887 -0 0.55556953639121887 -0.83147007777432747 0 0 -0 -1 
1 111.799448 -123.102228 0 0.92387950734907709 0.38268349311203192 -0 0.38268349311203192 -0.92387950734907709 0 0 -0 -1 
1 111.768852 -122.948414 0 0.98078467874915809 0.19509334671103146 -0 0.19509334671103146 -0.98078467874915809 0 0 -0 -1 
1 111.768852 -122.791586 0 1 0 -0 0 -1 0 0 -0 -1 
1 111.799448 -122.637772 0 0.98078467874915809 -0.19509334671103146 0 -0.19509334671103146 -0.98078467874915809 0 0 -0 -1 
1 111.85946300000001 -122.49288300000001 0 0.92387950734907709 -0.38268349311203192 0 -0.38268349311203192 -0.92387950734907709 0 0 -0 -1 
1 111.946592 -122.36248500000001 0 0.83147007777432747 -0.55556953639121887 0 -0.55556953639121887 -0.83147007777432747 0 0 -0 -1 
1 112.057485 -122.251592 0 0.70710678118654757 -0.70710678118654757 0 -0.70710678118654757 -0.70710678118654757 0 0 -0 -1 
1 112.187883 -122.164463 0 0.5555695363919102 -0.8314700777738655 0 -0.8314700777738655 -0.5555695363919102 0 0 -0 -1 
2 104.3 -114.5 -0.045999999999999999 -0 -0 -1 -1.2918958832e-14 -1 0 -1 1.2918958832e-14 0 1.1000000000000001
1 112.33277200000001 -115.104448 0 0.38268349311203192 -0.92387950734907709 0 -0.92387950734907709 -0.38268349311203192 0 0 -0 -1 
1 112.486586 -115.073852 0 0.19509334671103146 -0.98078467874915809 0 -0.98078467874915809 -0.19509334671103146 0 0 -0 -1 
1 112.64341400000001 -115.073852 0 0 -1 0 -1 0 0 -0 -0 -1 
1 112.797228 -115.104448 0 -0.19509334671103146 -0.98078467874915809 0 -0.98078467874915809 0.19509334671103146 0 -0 0 -1 
1 112.942117 -115.164463 0 -0.38268349311203192 -0.92387950734907709 0 -0.92387950734907709 0.38268349311203192 0 -0 0 -1 
1 113.072515 -115.251592 0 -0.5555695363919102 -0.8314700777738655 0 -0.8314700777738655 0.5555695363919102 0 -0 0 -1 
1 113.183408 -115.36248500000001 0 -0.70710678118654757 -0.70710678118654757 0 -0.70710678118654757 0.70710678118654757 0 -0 0 -1 
1 113.270537 -115.49288300000001 0 -0.8314700777738655 -0.5555695363919102 0 -0.5555695363919102 0.8314700777738655 0 -0 0 -1 
1 113.330552 -115.637772 0 -0.92387950734907709 -0.38268349311203192 0 -0.38268349311203192 0.92387950734907709 0 -0 0 -1 
1 113.361148 -115.791586 0 -0.98078467874915809 -0.19509334671103146 0 -0.19509334671103146 0.98078467874915809 0 -0 0 -1 
1 113.361148 -115.948414 0 -1 0 0 0 1 0 0 0 -1 
1 113.330552 -116.102228 0 -0.98078467874915809 0.19509334671103146 0 0.19509334671103146 0.98078467874915809 0 0 0 -1 
1 113.270537 -116.247117 0 -0.92387950734907709 0.38268349311203192 0 0.38268349311203192 0.92387950734907709 0 0 0 -1 
1 113.183408 -116.377515 0 -0.8314700777738655 0.5555695363919102 0 0.5555695363919102 0.8314700777738655 0 0 0 -1 
1 113.072515 -116.48840800000001 0 -0.70710678118654757 0.70710678118654757 0 0.70710678118654757 0.70710678118654757 0 0 0 -1 
1 112.942117 -116.575537 0 -0.55556953639121887 0.83147007777432747 0 0.83147007777432747 0.55556953639121887 0 0 0 -1 
1 112.797228 -116.635552 0 -0.38268349311203192 0.92387950734907709 0 0.92387950734907709 0.38268349311203192 0 0 0 -1 
1 112.64341400000001 -116.66614800000001 0 -0.19509334671103146 0.98078467874915809 0 0.98078467874915809 0.19509334671103146 0 0 0 -1 
1 112.486586 -116.66614800000001 0 0 1 0 1 0 0 0 0 -1 
1 112.33277200000001 -116.635552 0 0.19509334671103146 0.98078467874915809 -0 0.98078467874915809 -0.19509334671103146 0 0 -0 -1 
1 112.187883 -116.575537 0 0.38268349311203192 0.92387950734907709 -0 0.92387950734907709 -0.38268349311203192 0 0 -0 -1 
1 112.057485 -116.48840800000001 0 0.55556953639121887 0.83147007777432747 -0 0.83147007777432747 -0.55556953639121887 0 0 -0 -1 
1 111.946592 -116.377515 0 0.70710678118654757 0.70710678118654757 -0 0.70710678118654757 -0.70710678118654757 0 0 -0 -1 
1 111.85946300000001 -116.247117 0 0.83147007777432747 0.55556953639121887 -0 0.55556953639121887 -0.83147007777432747 0 0 -0 -1 
1 111.799448 -116.102228 0 0.92387950734907709 0.38268349311203192 -0 0.38268349311203192 -0.92387950734907709 0 0 -0 -1 
1 111.768852 -115.948414 0 0.98078467874915809 0.19509334671103146 -0 0.19509334671103146 -0.98078467874915809 0 0 -0 -1 
1 111.768852 -115.791586 0 1 0 -0 0 -1 0 0 -0 -1 
1 111.799448 -115.637772 0 0.98078467874915809 -0.19509334671103146 0 -0.19509334671103146 -0.98078467874915809 0 0 -0 -1 
1 111.85946300000001 -115.49288300000001 0 0.92387950734907709 -0.38268349311203192 0 -0.38268349311203192 -0.92387950734907709 0 0 -0 -1 
1 111.946592 -115.36248500000001 0 0.83147007777432747 -0.55556953639121887 0 -0.55556953639121887 -0.83147007777432747 0 0 -0 -1 
1 112.057485 -115.251592 0 0.70710678118654757 -0.70710678118654757 0 -0.70710678118654757 -0.70710678118654757 0 0 -0 -1 
1 112.187883 -115.164463 0 0.5555695363919102 -0.8314700777738655 0 -0.8314700777738655 -0.5555695363919102 0 0 -0 -1 
2 121.23 -121.84999999999999 -0.045999999999999999 -0 -0 -1 -0 -1 0 -1 0 0 0.5
2 123.77 -121.84999999999999 -0.045999999999999999 -0 -0 -1 -0 -1 0 -1 0 0 0.5
2 131.124 -124.621 -0.045999999999999999 -0 -0 -1 -1 4.7369515717340002e-14 0 4.7369515717340002e-14 1 -0 0.29999999999999999
1 130.82400000000001 -124.021 -0.045999999999999999 1 0 -0 0 -1 0 0 -0 -1 
2 131.124 -124.021 -0.045999999999999999 -0 -0 -1 1 4.7369515717340002e-14 -0 4.7369515717340002e-14 -1 0 0.29999999999999999
1 131.42400000000001 -124.621 -0.045999999999999999 -1 0 0 0 1 0 0 0 -1 
1 132.425061 -120.31764200000001 0 0.49999530391399066 -0.86602811505398392 0 -0.86602811505398392 -0.49999530391399066 0 0 -0 -1 
1 132.513316 -120.293994 0 0.2588205157910195 -0.96592543221807281 0 -0.96592543221807281 -0.2588205157910195 0 0 -0 -1 
1 132.60468399999999 -120.293994 0 0 -1 0 -1 0 0 -0 -0 -1 
1 132.692939 -120.31764200000001 0 -0.2588205157910195 -0.96592543221807281 0 -0.96592543221807281 0.2588205157910195 0 -0 0 -1 
1 132.77206699999999 -120.363326 0 -0.49999530391399066 -0.86602811505398392 0 -0.86602811505398392 0.49999530391399066 0 -0 0 -1 
1 132.83667399999999 -120.427933 0 -0.70710678118654757 -0.70710678118654757 0 -0.70710678118654757 0.70710678118654757 0 -0 0 -1 
1 132.88235800000001 -120.50706099999999 0 -0.86602811505398392 -0.49999530391399066 0 -0.49999530391399066 0.86602811505398392 0 -0 0 -1 
1 132.90600599999999 -120.595316 0 -0.96592543221832272 -0.25882051579008647 0 -0.25882051579008647 0.96592543221832272 0 -0 0 -1 
1 132.90600599999999 -120.686684 0 -1 0 0 0 1 0 0 0 -1 
1 132.88235800000001 -120.774939 0 -0.96592543221832272 0.25882051579008647 0 0.25882051579008647 0.96592543221832272 0 0 0 -1 
1 132.83667399999999 -120.854067 0 -0.86602811505398392 0.49999530391399066 0 0.49999530391399066 0.86602811505398392 0 0 0 -1 
1 132.77206699999999 -120.918674 0 -0.70710678118654757 0.70710678118654757 0 0.70710678118654757 0.70710678118654757 0 0 0 -1 
1 132.692939 -120.964358 0 -0.49999530391399066 0.86602811505398392 0 0.86602811505398392 0.49999530391399066 0 0 0 -1 
1 132.60468399999999 -120.988006 0 -0.25882051579008647 0.96592543221832272 0 0.96592543221832272 0.25882051579008647 0 0 0 -1 
1 132.513316 -120.988006 0 0 1 0 1 0 0 0 0 -1 
1 132.425061 -120.964358 0 0.25882051579008647 0.96592543221832272 -0 0.96592543221832272 -0.25882051579008647 0 0 -0 -1 
1 132.345933 -120.918674 0 0.49999530391399066 0.86602811505398392 -0 0.86602811505398392 -0.49999530391399066 0 0 -0 -1 
1 132.28132600000001 -120.854067 0 0.70710678118654757 0.70710678118654757 -0 0.70710678118654757 -0.70710678118654757 0 0 -0 -1 
1 132.23564200000001 -120.774939 0 0.86602811505398392 0.49999530391399066 -0 0.49999530391399066 -0.86602811505398392 0 0 -0 -1 
1 132.211994 -120.686684 0 0.96592543221807281 0.2588205157910195 -0 0.2588205157910195 -0.96592543221807281 0 0 -0 -1 
1 132.211994 -120.595316 0 1 0 -0 0 -1 0 0 -0 -1 
1 132.23564200000001 -120.50706099999999 0 0.96592543221807281 -0.2588205157910195 0 -0.2588205157910195 -0.96592543221807281 0 0 -0 -1 
1 132.28132600000001 -120.427933 0 0.86602811505398392 -0.49999530391399066 0 -0.49999530391399066 -0.86602811505398392 0 0 -0 -1 
1 132.345933 -120.363326 0 0.70710678118654757 -0.70710678118654757 0 -0.70710678118654757 -0.70710678118654757 0 0 -0 -1 
2 131.124 -120.571 -0.045999999999999999 -0 -0 -1 -1 0 0 0 1 -0 0.29999999999999999
1 130.82400000000001 -119.67100000000001 -0.045999999999999999 1 0 -0 0 -1 0 0 -0 -1 
2 131.124 -119.67100000000001 -0.045999999999999999 -0 -0 -1 1 -4.7369515717340002e-14 0 -4.7369515717340002e-14 -1 0 0.29999999999999999
1 131.42400000000001 -120.571 -0.045999999999999999 -1 0 0 0 1 0 0 0 -1 
1 138.205061 -120.31764200000001 0 0.49999530391399066 -0.86602811505398392 0 -0.86602811505398392 -0.49999530391399066 0 0 -0 -1 
1 138.293316 -120.293994 0 0.2588205157910195 -0.96592543221807281 0 -0.96592543221807281 -0.2588205157910195 0 0 -0 -1 
1 138.38468399999999 -120.293994 0 0 -1 0 -1 0 0 -0 -0 -1 
1 138.472939 -120.31764200000001 0 -0.2588205157910195 -0.96592543221807281 0 -0.96592543221807281 0.2588205157910195 0 -0 0 -1 
1 138.55206699999999 -120.363326 0 -0.49999530391399066 -0.86602811505398392 0 -0.86602811505398392 0.49999530391399066 0 -0 0 -1 
1 138.61667399999999 -120.427933 0 -0.70710678118654757 -0.70710678118654757 0 -0.70710678118654757 0.70710678118654757 0 -0 0 -1 
1 138.66235800000001 -120.50706099999999 0 -0.86602811505398392 -0.49999530391399066 0 -0.49999530391399066 0.86602811505398392 0 -0 0 -1 
1 138.68600599999999 -120.595316 0 -0.96592543221832272 -0.25882051579008647 0 -0.25882051579008647 0.96592543221832272 0 -0 0 -1 
1 138.68600599999999 -120.686684 0 -1 0 0 0 1 0 0 0 -1 
1 138.66235800000001 -120.774939 0 -0.96592543221832272 0.25882051579008647 0 0.25882051579008647 0.96592543221832272 0 0 0 -1 
1 138.61667399999999 -120.854067 0 -0.86602811505398392 0.49999530391399066 0 0.49999530391399066 0.86602811505398392 0 0 0 -1 
1 138.55206699999999 -120.918674 0 -0.70710678118654757 0.70710678118654757 0 0.70710678118654757 0.70710678118654757 0 0 0 -1 
1 138.472939 -120.964358 0 -0.49999530391399066 0.86602811505398392 0 0.86602811505398392 0.49999530391399066 0 0 0 -1 
1 138.38468399999999 -120.988006 0 -0.25882051579008647 0.96592543221832272 0 0.96592543221832272 0.25882051579008647 0 0 0 -1 
1 138.293316 -120.988006 0 0 1 0 1 0 0 0 0 -1 
1 138.205061 -120.964358 0 0.25882051579008647 0.96592543221832272 -0 0.96592543221832272 -0.25882051579008647 0 0 -0 -1 
1 138.125933 -120.918674 0 0.49999530391399066 0.86602811505398392 -0 0.86602811505398392 -0.49999530391399066 0 0 -0 -1 
1 138.06132600000001 -120.854067 0 0.70710678118654757 0.70710678118654757 -0 0.70710678118654757 -0.70710678118654757 0 0 -0 -1 
1 138.01564200000001 -120.774939 0 0.86602811505398392 0.49999530391399066 -0 0.49999530391399066 -0.86602811505398392 0 0 -0 -1 
1 137.99199400000001 -120.686684 0 0.96592543221807281 0.2588205157910195 -0 0.2588205157910195 -0.96592543221807281 0 0 -0 -1 
1 137.99199400000001 -120.595316 0 1 0 -0 0 -1 0 0 -0 -1 
1 138.01564200000001 -120.50706099999999 0 0.96592543221807281 -0.2588205157910195 0 -0.2588205157910195 -0.96592543221807281 0 0 -0 -1 
1 138.06132600000001 -120.427933 0 0.86602811505398392 -0.49999530391399066 0 -0.49999530391399066 -0.86602811505398392 0 0 -0 -1 
1 138.125933 -120.363326 0 0.70710678118654757 -0.70710678118654757 0 -0.70710678118654757 -0.70710678118654757 0 0 -0 -1 
2 139.774 -124.621 -0.045999999999999999 -0 -0 -1 -1 0 0 0 1 -0 0.29999999999999999
1 139.47399999999999 -124.021 -0.045999999999999999 1 0 -0 0 -1 0 0 -0 -1 
2 139.774 -124.021 -0.045999999999999999 -0 -0 -1 1 9.4739031434680004e-14 -0 9.4739031434680004e-14 -1 0 0.29999999999999999
1 140.07400000000001 -124.621 -0.045999999999999999 -1 0 0 0 1 0 0 0 -1 
2 139.774 -120.571 -0.045999999999999999 -0 -0 -1 -1 -4.7369515717340002e-14 0 -4.7369515717340002e-14 1 0 0.29999999999999999
1 139.47399999999999 -119.67100000000001 -0.045999999999999999 1 0 -0 0 -1 0 0 -0 -1 
2 139.774 -119.67100000000001 -0.045999999999999999 -0 -0 -1 1 0 -0 0 -1 0 0.29999999999999999
1 140.07400000000001 -120.571 -0.045999999999999999 -1 0 0 0 1 0 0 0 -1 
2 145.73599999999999 -105.563 -0.045999999999999999 -0 -0 -1 -0 -1 0 -1 0 0 0.55000000000000004
2 145.73599999999999 -103.023 -0.045999999999999999 -0 -0 -1 -0 -1 0 -1 0 0 0.55000000000000004
2 145.73599999999999 -100.483 -0.045999999999999999 -0 -0 -1 -0 -1 0 -1 0 0 0.55000000000000004
2 145.5 -92.5 -0.045999999999999999 -0 -0 -1 -0 -1 0 -1 0 0 1.1000000000000001
2 111.57299999999999 -84.360799999999998 -0.045999999999999999 -0 -0 -1 -1.2918958832e-14 -1 0 -1 1.2918958832e-14 0 1.1000000000000001
1 105.77039000000001 -68.259671999999995 0 0.50000080460307872 -0.86602493924613622 0 -0.86602493924613622 -0.50000080460307872 0 0 -0 -1 
1 105.921684 -68.219132999999999 0 0.25881841893006802 -0.96592599407125379 0 -0.96592599407125379 -0.25881841893006802 0 0 -0 -1 
1 106.078316 -68.219132999999999 0 0 -1 0 -1 0 0 -0 -0 -1 
1 106.22960999999999 -68.259671999999995 0 -0.25881841893006802 -0.96592599407125379 0 -0.96592599407125379 0.25881841893006802 0 -0 0 -1 
1 106.365257 -68.337987999999996 0 -0.50000080460307872 -0.86602493924613622 0 -0.86602493924613622 0.50000080460307872 0 -0 0 -1 
1 106.476012 -68.448742999999993 0 -0.70710678118654757 -0.70710678118654757 0 -0.70710678118654757 0.70710678118654757 0 -0 0 -1 
1 106.554328 -68.584389999999999 0 -0.86602493924613622 -0.50000080460307872 0 -0.50000080460307872 0.86602493924613622 0 -0 0 -1 
1 106.59486699999999 -68.735684000000006 0 -0.96592599407125379 -0.25881841893006802 0 -0.25881841893006802 0.96592599407125379 0 -0 0 -1 
1 106.59486699999999 -68.892315999999994 0 -1 0 0 0 1 0 0 0 -1 
1 106.554328 -69.043610000000001 0 -0.96592599407125379 0.25881841893006802 0 0.25881841893006802 0.96592599407125379 0 0 0 -1 
1 106.476012 -69.179257000000007 0 -0.86602493924613622 0.50000080460307872 0 0.50000080460307872 0.86602493924613622 0 0 0 -1 
1 106.365257 -69.290012000000004 0 -0.70710678118654757 0.70710678118654757 0 0.70710678118654757 0.70710678118654757 0 0 0 -1 
1 106.22960999999999 -69.368328000000005 0 -0.50000080460307872 0.86602493924613622 0 0.86602493924613622 0.50000080460307872 0 0 0 -1 
1 106.078316 -69.408867000000001 0 -0.25881841893006802 0.96592599407125379 0 0.96592599407125379 0.25881841893006802 0 0 0 -1 
1 105.921684 -69.408867000000001 0 0 1 0 1 0 0 0 0 -1 
1 105.77039000000001 -69.368328000000005 0 0.25881841893006802 0.96592599407125379 -0 0.96592599407125379 -0.25881841893006802 0 0 -0 -1 
1 105.634743 -69.290012000000004 0 0.50000080460307872 0.86602493924613622 -0 0.86602493924613622 -0.50000080460307872 0 0 -0 -1 
1 105.523988 -69.179257000000007 0 0.70710678118654757 0.70710678118654757 -0 0.70710678118654757 -0.70710678118654757 0 0 -0 -1 
1 105.445672 -69.043610000000001 0 0.86602493924613622 0.50000080460307872 -0 0.50000080460307872 -0.86602493924613622 0 0 -0 -1 
1 105.40513300000001 -68.892315999999994 0 0.96592599407125379 0.25881841893006802 -0 0.25881841893006802 -0.96592599407125379 0 0 -0 -1 
1 105.40513300000001 -68.735684000000006 0 1 0 -0 0 -1 0 0 -0 -1 
1 105.445672 -68.584389999999999 0 0.96592599407125379 -0.25881841893006802 0 -0.25881841893006802 -0.96592599407125379 0 0 -0 -1 
1 105.523988 -68.448742999999993 0 0.86602493924613622 -0.50000080460307872 0 -0.50000080460307872 -0.86602493924613622 0 0 -0 -1 
1 105.634743 -68.337987999999996 0 0.70710678118654757 -0.70710678118654757 0 -0.70710678118654757 -0.70710678118654757 0 0 -0 -1 
1 105.77039000000001 -60.259672000000002 0 0.50000080460307872 -0.86602493924613622 0 -0.86602493924613622 -0.50000080460307872 0 0 -0 -1 
1 105.921684 -60.219132999999999 0 0.25881841893006802 -0.96592599407125379 0 -0.96592599407125379 -0.25881841893006802 0 0 -0 -1 
1 106.078316 -60.219132999999999 0 0 -1 0 -1 0 0 -0 -0 -1 
1 106.22960999999999 -60.259672000000002 0 -0.25881841893006802 -0.96592599407125379 0 -0.96592599407125379 0.25881841893006802 0 -0 0 -1 
1 106.365257 -60.337988000000003 0 -0.50000080460307872 -0.86602493924613622 0 -0.86602493924613622 0.50000080460307872 0 -0 0 -1 
1 106.476012 -60.448743 0 -0.70710678118654757 -0.70710678118654757 0 -0.70710678118654757 0.70710678118654757 0 -0 0 -1 
1 106.554328 -60.584389999999999 0 -0.86602493924613622 -0.50000080460307872 0 -0.50000080460307872 0.86602493924613622 0 -0 0 -1 
1 106.59486699999999 -60.735683999999999 0 -0.96592599407125379 -0.25881841893006802 0 -0.25881841893006802 0.96592599407125379 0 -0 0 -1 
1 106.59486699999999 -60.892316000000001 0 -1 0 0 0 1 0 0 0 -1 
1 106.554328 -61.043610000000001 0 -0.96592599407125379 0.25881841893006802 0 0.25881841893006802 0.96592599407125379 0 0 0 -1 
1 106.476012 -61.179257 0 -0.86602493924613622 0.50000080460307872 0 0.50000080460307872 0.86602493924613622 0 0 0 -1 
1 106.365257 -61.290011999999997 0 -0.70710678118654757 0.70710678118654757 0 0.70710678118654757 0.70710678118654757 0 0 0 -1 
1 106.22960999999999 -61.368327999999998 0 -0.50000080460307872 0.86602493924613622 0 0.86602493924613622 0.50000080460307872 0 0 0 -1 
1 106.078316 -61.408867000000001 0 -0.25881841893006802 0.96592599407125379 0 0.96592599407125379 0.25881841893006802 0 0 0 -1 
1 105.921684 -61.408867000000001 0 0 1 0 1 0 0 0 0 -1 
1 105.77039000000001 -61.368327999999998 0 0.25881841893006802 0.96592599407125379 -0 0.96592599407125379 -0.25881841893006802 0 0 -0 -1 
1 105.634743 -61.290011999999997 0 0.50000080460307872 0.86602493924613622 -0 0.86602493924613622 -0.50000080460307872 0 0 -0 -1 
1 105.523988 -61.179257 0 0.70710678118654757 0.70710678118654757 -0 0.70710678118654757 -0.70710678118654757 0 0 -0 -1 
1 105.445672 -61.043610000000001 0 0.86602493924613622 0.50000080460307872 -0 0.50000080460307872 -0.86602493924613622 0 0 -0 -1 
1 105.40513300000001 -60.892316000000001 0 0.96592599407125379 0.25881841893006802 -0 0.25881841893006802 -0.96592599407125379 0 0 -0 -1 
1 105.40513300000001 -60.735683999999999 0 1 0 -0 0 -1 0 0 -0 -1 
1 105.445672 -60.584389999999999 0 0.96592599407125379 -0.25881841893006802 0 -0.25881841893006802 -0.96592599407125379 0 0 -0 -1 
1 105.523988 -60.448743 0 0.86602493924613622 -0.50000080460307872 0 -0.50000080460307872 -0.86602493924613622 0 0 -0 -1 
1 105.634743 -60.337988000000003 0 0.70710678118654757 -0.70710678118654757 0 -0.70710678118654757 -0.70710678118654757 0 0 -0 -1 
2 110.8085 -53.7485 -0.045999999999999999 -0 -0 -1 -1.2918958832e-14 -1 0 -1 1.2918958832e-14 0 1.1000000000000001
Triangulations 0

TShapes 1424
Ve
1e-07
121.384661 -51 0
0 0

0101101
*
Ve
1e-07
126.615339 -51 0
0 0

0101101
*
Ed
 1e-07 1 1 0
1  1 0 0 3.87200735768671
2  1 1 0 0 3.87200735768671
4 C0 1 0 2 0
0

0101000
+1424 0 -1423 0 *
Ve
1e-07
126.615339 -51 0.91
0 0

0101101
*
Ed
 1e-07 1 1 0
1  2 0 0 0.91
2  2 1 0 0 0.91
4 C0 1 0 3 0
0

0101000
+1423 0 -1421 0 *
Ve
1e-07
121.384661 -51 0.91
0 0

0101101
*
Ed
 1e-07 1 1 0
1  3 0 0 3.87200735768671
2  3 1 0 0 3.87200735768671
4 C0 1 0 4 0
0

0101000
+1419 0 -1421 0 *
Ed
 1e-07 1 1 0
1  4 0 0 0.91
2  4 1 0 0 0.91
4 C0 1 0 5 0
0

0101000
+1424 0 -1419 0 *
Wi

0101100
+1422 0 +1420 0 -1418 0 -1417 0 *
Fa
0  1e-07 1 0

0111000
+1416 0 *
Ve
1e-07
111 -51 0
0 0

0101101
*
Ve
1e-07
111 -51 0.91
0 0

0101101
*
Ed
 1e-07 1 1 0
1  5 0 0 0.91
2  5 6 0 0 0.91
4 G1 5 0 6 0
0

0101000
+1414 0 -1413 0 *
Ed
 1e-07 1 1 0
1  6 0 0 10.384661
4 C0 5 0 4 0
0

0101000
+1413 0 -1419 0 *
Ed
 1e-07 1 1 0
1  7 0 0 10.384661
4 C0 5 0 2 0
0

0101000
+1414 0 -1424 0 *
Wi

0101100
+1412 0 +1411 0 -1417 0 -1410 0 *
Fa
0  1e-07 5 0

0111000
+1409 0 *
Ve
1e-07
137 -51 0.91
0 0

0101101
*
Ed
 1e-07 1 1 0
1  8 0 0 10.384661
4 C0 3 0 4 0
0

0101000
+1421 0 -1407 0 *
Ve
1e-07
137 -51 0
0 0

0101101
*
Ed
 1e-07 1 1 0
1  9 0 0 0.91
2  6 7 0 0 0.91
4 G1 3 0 7 0
0

0101000
+1405 0 -1407 0 *
Ed
 1e-07 1 1 0
1  10 0 0 10.384661
4 C0 3 0 2 0
0

0101000
+1423 0 -1405 0 *
Wi

0101100
+1420 0 +1406 0 -1404 0 -1403 0 *
Fa
0  1e-07 3 0

0111000
+1402 0 *
Ve
1e-07
101 -61 0
0 0

0101101
*
Ed
 1e-07 1 1 0
1  11 0 0 1.57079645526204
2  7 6 0 0 1.57079645526204
4 C0 2 0 6 0
0

0101000
+1400 0 -1414 0 *
Ve
1e-07
101 -117 0
0 0

0101101
*
Ed
 1e-07 1 1 0
1  12 0 0 56
4 C0 2 0 8 0
0

0101000
+1398 0 -1400 0 *
Ve
1e-07
111 -127 0
0 0

0101101
*
Ed
 1e-07 1 1 0
1  13 0 0 1.57079645525804
2  8 9 0 0 1.57079645525804
4 C0 2 0 9 0
0

0101000
+1396 0 -1398 0 *
Ve
1e-07
121.384661 -127 0
0 0

0101101
*
Ed
 1e-07 1 1 0
1  14 0 0 10.384661
4 C0 2 0 10 0
0

0101000
+1394 0 -1396 0 *
Ve
1e-07
126.615339 -127 0
0 0

0101101
*
Ed
 1e-07 1 1 0
1  15 0 0 3.87200735769338
2  9 11 0 0 3.87200735769338
4 C0 2 0 11 0
0

0101000
+1392 0 -1394 0 *
Ve
1e-07
137 -127 0
0 0

0101101
*
Ed
 1e-07 1 1 0
1  16 0 0 10.384661
4 C0 2 0 12 0
0

0101000
+1390 0 -1392 0 *
Ve
1e-07
147 -117 0
0 0

0101101
*
Ed
 1e-07 1 1 0
1  17 0 0 1.57079645526104
2  10 13 0 0 1.57079645526104
4 C0 2 0 13 0
0

0101000
+1388 0 -1390 0 *
Ve
1e-07
147 -61 0
0 0

0101101
*
Ed
 1e-07 1 1 0
1  18 0 0 56
4 C0 2 0 14 0
0

0101000
+1386 0 -1388 0 *
Ed
 1e-07 1 1 0
1  19 0 0 1.57079645526204
2  11 7 0 0 1.57079645526204
4 C0 2 0 7 0
0

0101000
+1405 0 -1386 0 *
Wi

0101100
-1422 0 -1410 0 -1399 0 -1397 0 -1395 0 -1393 0 -1391 0 -1389 0 -1387 0 -1385 0 
-1384 0 -1403 0 *
Ve
1e-07
112.332772 -122.104448 0
0 0

0101101
*
Ve
1e-07
112.187883 -122.164463 0
0 0

0101101
*
Ed
 1e-07 1 1 0
1  20 0 0 0.156826727779422
4 C0 2 0 15 0
0

0101000
+1382 0 -1381 0 *
Ve
1e-07
112.486586 -122.073852 0
0 0

0101101
*
Ed
 1e-07 1 1 0
1  21 0 0 0.156827490613091
4 C0 2 0 16 0
0

0101000
+1379 0 -1382 0 *
Ve
1e-07
112.643414 -122.073852 0
0 0

0101101
*
Ed
 1e-07 1 1 0
1  22 0 0 0.156828000000004
4 C0 2 0 17 0
0

0101000
+1377 0 -1379 0 *
Ve
1e-07
112.797228 -122.104448 0
0 0

0101101
*
Ed
 1e-07 1 1 0
1  23 0 0 0.156827490613091
4 C0 2 0 18 0
0

0101000
+1375 0 -1377 0 *
Ve
1e-07
112.942117 -122.164463 0
0 0

0101101
*
Ed
 1e-07 1 1 0
1  24 0 0 0.156826727779409
4 C0 2 0 19 0
0

0101000
+1373 0 -1375 0 *
Ve
1e-07
113.072515 -122.251592 0
0 0

0101101
*
Ed
 1e-07 1 1 0
1  25 0 0 0.156828253337849
4 C0 2 0 20 0
0

0101000
+1371 0 -1373 0 *
Ve
1e-07
113.183408 -122.362485 0
0 0

0101101
*
Ed
 1e-07 1 1 0
1  26 0 0 0.156826384572246
4 C0 2 0 21 0
0

0101000
+1369 0 -1371 0 *
Ve
1e-07
113.270537 -122.492883 0
0 0

0101101
*
Ed
 1e-07 1 1 0
1  27 0 0 0.156828253337849
4 C0 2 0 22 0
0

0101000
+1367 0 -1369 0 *
Ve
1e-07
113.330552 -122.637772 0
0 0

0101101
*
Ed
 1e-07 1 1 0
1  28 0 0 0.156826727779409
4 C0 2 0 23 0
0

0101000
+1365 0 -1367 0 *
Ve
1e-07
113.361148 -122.791586 0
0 0

0101101
*
Ed
 1e-07 1 1 0
1  29 0 0 0.156827490613091
4 C0 2 0 24 0
0

0101000
+1363 0 -1365 0 *
Ve
1e-07
113.361148 -122.948414 0
0 0

0101101
*
Ed
 1e-07 1 1 0
1  30 0 0 0.156828000000004
4 C0 2 0 25 0
0

0101000
+1361 0 -1363 0 *
Ve
1e-07
113.330552 -123.102228 0
0 0

0101101
*
Ed
 1e-07 1 1 0
1  31 0 0 0.156827490613091
4 C0 2 0 26 0
0

0101000
+1359 0 -1361 0 *
Ve
1e-07
113.270537 -123.247117 0
0 0

0101101
*
Ed
 1e-07 1 1 0
1  32 0 0 0.156826727779422
4 C0 2 0 27 0
0

0101000
+1357 0 -1359 0 *
Ve
1e-07
113.183408 -123.377515 0
0 0

0101101
*
Ed
 1e-07 1 1 0
1  33 0 0 0.156828253337849
4 C0 2 0 28 0
0

0101000
+1355 0 -1357 0 *
Ve
1e-07
113.072515 -123.488408 0
0 0

0101101
*
Ed
 1e-07 1 1 0
1  34 0 0 0.156826384572246
4 C0 2 0 29 0
0

0101000
+1353 0 -1355 0 *
Ve
1e-07
112.942117 -123.575537 0
0 0

0101101
*
Ed
 1e-07 1 1 0
1  35 0 0 0.156828253337841
4 C0 2 0 30 0
0

0101000
+1351 0 -1353 0 *
Ve
1e-07
112.797228 -123.635552 0
0 0

0101101
*
Ed
 1e-07 1 1 0
1  36 0 0 0.156826727779414
4 C0 2 0 31 0
0

0101000
+1349 0 -1351 0 *
Ve
1e-07
112.643414 -123.666148 0
0 0

0101101
*
Ed
 1e-07 1 1 0
1  37 0 0 0.156827490613091
4 C0 2 0 32 0
0

0101000
+1347 0 -1349 0 *
Ve
1e-07
112.486586 -123.666148 0
0 0

0101101
*
Ed
 1e-07 1 1 0
1  38 0 0 0.156828000000004
4 C0 2 0 33 0
0

0101000
+1345 0 -1347 0 *
Ve
1e-07
112.332772 -123.635552 0
0 0

0101101
*
Ed
 1e-07 1 1 0
1  39 0 0 0.156827490613091
4 C0 2 0 34 0
0

0101000
+1343 0 -1345 0 *
Ve
1e-07
112.187883 -123.575537 0
0 0

0101101
*
Ed
 1e-07 1 1 0
1  40 0 0 0.156826727779427
4 C0 2 0 35 0
0

0101000
+1341 0 -1343 0 *
Ve
1e-07
112.057485 -123.488408 0
0 0

0101101
*
Ed
 1e-07 1 1 0
1  41 0 0 0.156828253337841
4 C0 2 0 36 0
0

0101000
+1339 0 -1341 0 *
Ve
1e-07
111.946592 -123.377515 0
0 0

0101101
*
Ed
 1e-07 1 1 0
1  42 0 0 0.156826384572246
4 C0 2 0 37 0
0

0101000
+1337 0 -1339 0 *
Ve
1e-07
111.859463 -123.247117 0
0 0

0101101
*
Ed
 1e-07 1 1 0
1  43 0 0 0.156828253337841
4 C0 2 0 38 0
0

0101000
+1335 0 -1337 0 *
Ve
1e-07
111.799448 -123.102228 0
0 0

0101101
*
Ed
 1e-07 1 1 0
1  44 0 0 0.156826727779427
4 C0 2 0 39 0
0

0101000
+1333 0 -1335 0 *
Ve
1e-07
111.768852 -122.948414 0
0 0

0101101
*
Ed
 1e-07 1 1 0
1  45 0 0 0.156827490613091
4 C0 2 0 40 0
0

0101000
+1331 0 -1333 0 *
Ve
1e-07
111.768852 -122.791586 0
0 0

0101101
*
Ed
 1e-07 1 1 0
1  46 0 0 0.156828000000004
4 C0 2 0 41 0
0

0101000
+1329 0 -1331 0 *
Ve
1e-07
111.799448 -122.637772 0
0 0

0101101
*
Ed
 1e-07 1 1 0
1  47 0 0 0.156827490613091
4 C0 2 0 42 0
0

0101000
+1327 0 -1329 0 *
Ve
1e-07
111.859463 -122.492883 0
0 0

0101101
*
Ed
 1e-07 1 1 0
1  48 0 0 0.156826727779414
4 C0 2 0 43 0
0

0101000
+1325 0 -1327 0 *
Ve
1e-07
111.946592 -122.362485 0
0 0

0101101
*
Ed
 1e-07 1 1 0
1  49 0 0 0.156828253337841
4 C0 2 0 44 0
0

0101000
+1323 0 -1325 0 *
Ve
1e-07
112.057485 -122.251592 0
0 0

0101101
*
Ed
 1e-07 1 1 0
1  50 0 0 0.156826384572246
4 C0 2 0 45 0
0

0101000
+1321 0 -1323 0 *
Ed
 1e-07 1 1 0
1  51 0 0 0.156828253337849
4 C0 2 0 46 0
0

0101000
+1381 0 -1321 0 *
Wi

0101100
-1380 0 -1378 0 -1376 0 -1374 0 -1372 0 -1370 0 -1368 0 -1366 0 -1364 0 -1362 0 
-1360 0 -1358 0 -1356 0 -1354 0 -1352 0 -1350 0 -1348 0 -1346 0 -1344 0 -1342 0 
-1340 0 -1338 0 -1336 0 -1334 0 -1332 0 -1330 0 -1328 0 -1326 0 -1324 0 -1322 0 
-1320 0 -1319 0 *
Ve
1e-07
104.3 -115.6 0
0 0

0101101
*
Ed
 1e-07 1 1 0
1  52 0 0 6.28318530717959
2  12 47 0 0 6.28318530717959
4 C0 2 0 47 0
0

0101100
+1317 0 -1317 0 *
Wi

0101100
+1316 0 *
Ve
1e-07
112.332772 -115.104448 0
0 0

0101101
*
Ve
1e-07
112.187883 -115.164463 0
0 0

0101101
*
Ed
 1e-07 1 1 0
1  53 0 0 0.156826727779422
4 C0 2 0 48 0
0

0101000
+1314 0 -1313 0 *
Ve
1e-07
112.486586 -115.073852 0
0 0

0101101
*
Ed
 1e-07 1 1 0
1  54 0 0 0.156827490613091
4 C0 2 0 49 0
0

0101000
+1311 0 -1314 0 *
Ve
1e-07
112.643414 -115.073852 0
0 0

0101101
*
Ed
 1e-07 1 1 0
1  55 0 0 0.156828000000004
4 C0 2 0 50 0
0

0101000
+1309 0 -1311 0 *
Ve
1e-07
112.797228 -115.104448 0
0 0

0101101
*
Ed
 1e-07 1 1 0
1  56 0 0 0.156827490613091
4 C0 2 0 51 0
0

0101000
+1307 0 -1309 0 *
Ve
1e-07
112.942117 -115.164463 0
0 0

0101101
*
Ed
 1e-07 1 1 0
1  57 0 0 0.156826727779409
4 C0 2 0 52 0
0

0101000
+1305 0 -1307 0 *
Ve
1e-07
113.072515 -115.251592 0
0 0

0101101
*
Ed
 1e-07 1 1 0
1  58 0 0 0.156828253337849
4 C0 2 0 53 0
0

0101000
+1303 0 -1305 0 *
Ve
1e-07
113.183408 -115.362485 0
0 0

0101101
*
Ed
 1e-07 1 1 0
1  59 0 0 0.156826384572246
4 C0 2 0 54 0
0

0101000
+1301 0 -1303 0 *
Ve
1e-07
113.270537 -115.492883 0
0 0

0101101
*
Ed
 1e-07 1 1 0
1  60 0 0 0.156828253337849
4 C0 2 0 55 0
0

0101000
+1299 0 -1301 0 *
Ve
1e-07
113.330552 -115.637772 0
0 0

0101101
*
Ed
 1e-07 1 1 0
1  61 0 0 0.156826727779409
4 C0 2 0 56 0
0

0101000
+1297 0 -1299 0 *
Ve
1e-07
113.361148 -115.791586 0
0 0

0101101
*
Ed
 1e-07 1 1 0
1  62 0 0 0.156827490613091
4 C0 2 0 57 0
0

0101000
+1295 0 -1297 0 *
Ve
1e-07
113.361148 -115.948414 0
0 0

0101101
*
Ed
 1e-07 1 1 0
1  63 0 0 0.156828000000004
4 C0 2 0 58 0
0

0101000
+1293 0 -1295 0 *
Ve
1e-07
113.330552 -116.102228 0
0 0

0101101
*
Ed
 1e-07 1 1 0
1  64 0 0 0.156827490613091
4 C0 2 0 59 0
0

0101000
+1291 0 -1293 0 *
Ve
1e-07
113.270537 -116.247117 0
0 0

0101101
*
Ed
 1e-07 1 1 0
1  65 0 0 0.156826727779422
4 C0 2 0 60 0
0

0101000
+1289 0 -1291 0 *
Ve
1e-07
113.183408 -116.377515 0
0 0

0101101
*
Ed
 1e-07 1 1 0
1  66 0 0 0.156828253337849
4 C0 2 0 61 0
0

0101000
+1287 0 -1289 0 *
Ve
1e-07
113.072515 -116.488408 0
0 0

0101101
*
Ed
 1e-07 1 1 0
1  67 0 0 0.156826384572246
4 C0 2 0 62 0
0

0101000
+1285 0 -1287 0 *
Ve
1e-07
112.942117 -116.575537 0
0 0

0101101
*
Ed
 1e-07 1 1 0
1  68 0 0 0.156828253337841
4 C0 2 0 63 0
0

0101000
+1283 0 -1285 0 *
Ve
1e-07
112.797228 -116.635552 0
0 0

0101101
*
Ed
 1e-07 1 1 0
1  69 0 0 0.156826727779414
4 C0 2 0 64 0
0

0101000
+1281 0 -1283 0 *
Ve
1e-07
112.643414 -116.666148 0
0 0

0101101
*
Ed
 1e-07 1 1 0
1  70 0 0 0.156827490613091
4 C0 2 0 65 0
0

0101000
+1279 0 -1281 0 *
Ve
1e-07
112.486586 -116.666148 0
0 0

0101101
*
Ed
 1e-07 1 1 0
1  71 0 0 0.156828000000004
4 C0 2 0 66 0
0

0101000
+1277 0 -1279 0 *
Ve
1e-07
112.332772 -116.635552 0
0 0

0101101
*
Ed
 1e-07 1 1 0
1  72 0 0 0.156827490613091
4 C0 2 0 67 0
0

0101000
+1275 0 -1277 0 *
Ve
1e-07
112.187883 -116.575537 0
0 0

0101101
*
Ed
 1e-07 1 1 0
1  73 0 0 0.156826727779427
4 C0 2 0 68 0
0

0101000
+1273 0 -1275 0 *
Ve
1e-07
112.057485 -116.488408 0
0 0

0101101
*
Ed
 1e-07 1 1 0
1  74 0 0 0.156828253337841
4 C0 2 0 69 0
0

0101000
+1271 0 -1273 0 *
Ve
1e-07
111.946592 -116.377515 0
0 0

0101101
*
Ed
 1e-07 1 1 0
1  75 0 0 0.156826384572246
4 C0 2 0 70 0
0

0101000
+1269 0 -1271 0 *
Ve
1e-07
111.859463 -116.247117 0
0 0

0101101
*
Ed
 1e-07 1 1 0
1  76 0 0 0.156828253337841
4 C0 2 0 71 0
0

0101000
+1267 0 -1269 0 *
Ve
1e-07
111.799448 -116.102228 0
0 0

0101101
*
Ed
 1e-07 1 1 0
1  77 0 0 0.156826727779427
4 C0 2 0 72 0
0

0101000
+1265 0 -1267 0 *
Ve
1e-07
111.768852 -115.948414 0
0 0

0101101
*
Ed
 1e-07 1 1 0
1  78 0 0 0.156827490613091
4 C0 2 0 73 0
0

0101000
+1263 0 -1265 0 *
Ve
1e-07
111.768852 -115.791586 0
0 0

0101101
*
Ed
 1e-07 1 1 0
1  79 0 0 0.156828000000004
4 C0 2 0 74 0
0

0101000
+1261 0 -1263 0 *
Ve
1e-07
111.799448 -115.637772 0
0 0

0101101
*
Ed
 1e-07 1 1 0
1  80 0 0 0.156827490613091
4 C0 2 0 75 0
0

0101000
+1259 0 -1261 0 *
Ve
1e-07
111.859463 -115.492883 0
0 0

0101101
*
Ed
 1e-07 1 1 0
1  81 0 0 0.156826727779414
4 C0 2 0 76 0
0

0101000
+1257 0 -1259 0 *
Ve
1e-07
111.946592 -115.362485 0
0 0

0101101
*
Ed
 1e-07 1 1 0
1  82 0 0 0.156828253337841
4 C0 2 0 77 0
0

0101000
+1255 0 -1257 0 *
Ve
1e-07
112.057485 -115.251592 0
0 0

0101101
*
Ed
 1e-07 1 1 0
1  83 0 0 0.156826384572246
4 C0 2 0 78 0
0

0101000
+1253 0 -1255 0 *
Ed
 1e-07 1 1 0
1  84 0 0 0.156828253337849
4 C0 2 0 79 0
0

0101000
+1313 0 -1253 0 *
Wi

0101100
-1312 0 -1310 0 -1308 0 -1306 0 -1304 0 -1302 0 -1300 0 -1298 0 -1296 0 -1294 0 
-1292 0 -1290 0 -1288 0 -1286 0 -1284 0 -1282 0 -1280 0 -1278 0 -1276 0 -1274 0 
-1272 0 -1270 0 -1268 0 -1266 0 -1264 0 -1262 0 -1260 0 -1258 0 -1256 0 -1254 0 
-1252 0 -1251 0 *
Ve
1e-07
121.23 -122.35 0
0 0

0101101
*
Ed
 1e-07 1 1 0
1  85 0 0 6.28318530717959
2  13 80 0 0 6.28318530717959
4 C0 2 0 80 0
0

0101100
+1249 0 -1249 0 *
Wi

0101100
+1248 0 *
Ve
1e-07
123.77 -122.35 0
0 0

0101101
*
Ed
 1e-07 1 1 0
1  86 0 0 6.28318530717959
2  14 81 0 0 6.28318530717959
4 C0 2 0 81 0
0

0101100
+1246 0 -1246 0 *
Wi

0101100
+1245 0 *
Ve
1e-07
131.424 -124.621 0
0 0

0101101
*
Ve
1e-07
130.824 -124.621 0
0 0

0101101
*
Ed
 1e-07 1 1 0
1  87 0 3.14159265358979 6.28318530717959
2  15 82 0 3.14159265358979 6.28318530717959
4 C0 2 0 82 0
0

0101000
+1243 0 -1242 0 *
Ve
1e-07
130.824 -124.021 0
0 0

0101101
*
Ed
 1e-07 1 1 0
1  88 0 -62.6105 -62.0105
4 C0 2 0 83 0
0

0101000
+1242 0 -1240 0 *
Ve
1e-07
131.424 -124.021 0
0 0

0101101
*
Ed
 1e-07 1 1 0
1  89 0 3.14159265358979 6.28318530717959
2  16 84 0 3.14159265358979 6.28318530717959
4 C0 2 0 84 0
0

0101000
+1240 0 -1238 0 *
Ed
 1e-07 1 1 0
1  90 0 61.7105 62.3105
4 C0 2 0 85 0
0

0101000
+1238 0 -1243 0 *
Wi

0101100
+1241 0 +1239 0 +1237 0 +1236 0 *
Ve
1e-07
132.425061 -120.317642 0
0 0

0101101
*
Ve
1e-07
132.345933 -120.363326 0
0 0

0101101
*
Ed
 1e-07 1 1 0
1  91 0 0 0.0913688581519931
4 C0 2 0 86 0
0

0101000
+1234 0 -1233 0 *
Ve
1e-07
132.513316 -120.293994 0
0 0

0101101
*
Ed
 1e-07 1 1 0
1  92 0 0 0.0913683365778379
4 C0 2 0 87 0
0

0101000
+1231 0 -1234 0 *
Ve
1e-07
132.604684 -120.293994 0
0 0

0101101
*
Ed
 1e-07 1 1 0
1  93 0 0 0.0913679999999886
4 C0 2 0 88 0
0

0101000
+1229 0 -1231 0 *
Ve
1e-07
132.692939 -120.317642 0
0 0

0101101
*
Ed
 1e-07 1 1 0
1  94 0 0 0.0913683365778379
4 C0 2 0 89 0
0

0101000
+1227 0 -1229 0 *
Ve
1e-07
132.772067 -120.363326 0
0 0

0101101
*
Ed
 1e-07 1 1 0
1  95 0 0 0.0913688581519931
4 C0 2 0 90 0
0

0101000
+1225 0 -1227 0 *
Ve
1e-07
132.836674 -120.427933 0
0 0

0101101
*
Ed
 1e-07 1 1 0
1  96 0 0 0.0913680956242318
4 C0 2 0 91 0
0

0101000
+1223 0 -1225 0 *
Ve
1e-07
132.882358 -120.507061 0
0 0

0101101
*
Ed
 1e-07 1 1 0
1  97 0 0 0.0913688581520073
4 C0 2 0 92 0
0

0101000
+1221 0 -1223 0 *
Ve
1e-07
132.906006 -120.595316 0
0 0

0101101
*
Ed
 1e-07 1 1 0
1  98 0 0 0.0913683365778305
4 C0 2 0 93 0
0

0101000
+1219 0 -1221 0 *
Ve
1e-07
132.906006 -120.686684 0
0 0

0101101
*
Ed
 1e-07 1 1 0
1  99 0 0 0.0913680000000028
4 C0 2 0 94 0
0

0101000
+1217 0 -1219 0 *
Ve
1e-07
132.882358 -120.774939 0
0 0

0101101
*
Ed
 1e-07 1 1 0
1  100 0 0 0.0913683365778305
4 C0 2 0 95 0
0

0101000
+1215 0 -1217 0 *
Ve
1e-07
132.836674 -120.854067 0
0 0

0101101
*
Ed
 1e-07 1 1 0
1  101 0 0 0.0913688581520073
4 C0 2 0 96 0
0

0101000
+1213 0 -1215 0 *
Ve
1e-07
132.772067 -120.918674 0
0 0

0101101
*
Ed
 1e-07 1 1 0
1  102 0 0 0.0913680956242318
4 C0 2 0 97 0
0

0101000
+1211 0 -1213 0 *
Ve
1e-07
132.692939 -120.964358 0
0 0

0101101
*
Ed
 1e-07 1 1 0
1  103 0 0 0.0913688581520002
4 C0 2 0 98 0
0

0101000
+1209 0 -1211 0 *
Ve
1e-07
132.604684 -120.988006 0
0 0

0101101
*
Ed
 1e-07 1 1 0
1  104 0 0 0.0913683365778342
4 C0 2 0 99 0
0

0101000
+1207 0 -1209 0 *
Ve
1e-07
132.513316 -120.988006 0
0 0

0101101
*
Ed
 1e-07 1 1 0
1  105 0 0 0.0913679999999886
4 C0 2 0 100 0
0

0101000
+1205 0 -1207 0 *
Ve
1e-07
132.425061 -120.964358 0
0 0

0101101
*
Ed
 1e-07 1 1 0
1  106 0 0 0.0913683365778342
4 C0 2 0 101 0
0

0101000
+1203 0 -1205 0 *
Ve
1e-07
132.345933 -120.918674 0
0 0

0101101
*
Ed
 1e-07 1 1 0
1  107 0 0 0.0913688581520002
4 C0 2 0 102 0
0

0101000
+1201 0 -1203 0 *
Ve
1e-07
132.281326 -120.854067 0
0 0

0101101
*
Ed
 1e-07 1 1 0
1  108 0 0 0.0913680956242318
4 C0 2 0 103 0
0

0101000
+1199 0 -1201 0 *
Ve
1e-07
132.235642 -120.774939 0
0 0

0101101
*
Ed
 1e-07 1 1 0
1  109 0 0 0.0913688581519931
4 C0 2 0 104 0
0

0101000
+1197 0 -1199 0 *
Ve
1e-07
132.211994 -120.686684 0
0 0

0101101
*
Ed
 1e-07 1 1 0
1  110 0 0 0.0913683365778379
4 C0 2 0 105 0
0

0101000
+1195 0 -1197 0 *
Ve
1e-07
132.211994 -120.595316 0
0 0

0101101
*
Ed
 1e-07 1 1 0
1  111 0 0 0.0913680000000028
4 C0 2 0 106 0
0

0101000
+1193 0 -1195 0 *
Ve
1e-07
132.235642 -120.507061 0
0 0

0101101
*
Ed
 1e-07 1 1 0
1  112 0 0 0.0913683365778379
4 C0 2 0 107 0
0

0101000
+1191 0 -1193 0 *
Ve
1e-07
132.281326 -120.427933 0
0 0

0101101
*
Ed
 1e-07 1 1 0
1  113 0 0 0.0913688581519931
4 C0 2 0 108 0
0

0101000
+1189 0 -1191 0 *
Ed
 1e-07 1 1 0
1  114 0 0 0.0913680956242318
4 C0 2 0 109 0
0

0101000
+1233 0 -1189 0 *
Wi

0101100
-1232 0 -1230 0 -1228 0 -1226 0 -1224 0 -1222 0 -1220 0 -1218 0 -1216 0 -1214 0 
-1212 0 -1210 0 -1208 0 -1206 0 -1204 0 -1202 0 -1200 0 -1198 0 -1196 0 -1194 0 
-1192 0 -1190 0 -1188 0 -1187 0 *
Ve
1e-07
131.424 -120.571 0
0 0

0101101
*
Ve
1e-07
130.824 -120.571 0
0 0

0101101
*
Ed
 1e-07 1 1 0
1  115 0 3.14159265358979 6.28318530717959
2  17 110 0 3.14159265358979 6.28318530717959
4 C0 2 0 110 0
0

0101000
+1185 0 -1184 0 *
Ve
1e-07
130.824 -119.671 0
0 0

0101101
*
Ed
 1e-07 1 1 0
1  116 0 -60.7355 -59.8355
4 C0 2 0 111 0
0

0101000
+1184 0 -1182 0 *
Ve
1e-07
131.424 -119.671 0
0 0

0101101
*
Ed
 1e-07 1 1 0
1  117 0 3.14159265358979 6.28318530717959
2  18 112 0 3.14159265358979 6.28318530717959
4 C0 2 0 112 0
0

0101000
+1182 0 -1180 0 *
Ed
 1e-07 1 1 0
1  118 0 59.3855 60.2855
4 C0 2 0 113 0
0

0101000
+1180 0 -1185 0 *
Wi

0101100
+1183 0 +1181 0 +1179 0 +1178 0 *
Ve
1e-07
138.205061 -120.317642 0
0 0

0101101
*
Ve
1e-07
138.125933 -120.363326 0
0 0

0101101
*
Ed
 1e-07 1 1 0
1  119 0 0 0.0913688581519931
4 C0 2 0 114 0
0

0101000
+1176 0 -1175 0 *
Ve
1e-07
138.293316 -120.293994 0
0 0

0101101
*
Ed
 1e-07 1 1 0
1  120 0 0 0.0913683365778379
4 C0 2 0 115 0
0

0101000
+1173 0 -1176 0 *
Ve
1e-07
138.384684 -120.293994 0
0 0

0101101
*
Ed
 1e-07 1 1 0
1  121 0 0 0.0913679999999886
4 C0 2 0 116 0
0

0101000
+1171 0 -1173 0 *
Ve
1e-07
138.472939 -120.317642 0
0 0

0101101
*
Ed
 1e-07 1 1 0
1  122 0 0 0.0913683365778379
4 C0 2 0 117 0
0

0101000
+1169 0 -1171 0 *
Ve
1e-07
138.552067 -120.363326 0
0 0

0101101
*
Ed
 1e-07 1 1 0
1  123 0 0 0.0913688581519931
4 C0 2 0 118 0
0

0101000
+1167 0 -1169 0 *
Ve
1e-07
138.616674 -120.427933 0
0 0

0101101
*
Ed
 1e-07 1 1 0
1  124 0 0 0.0913680956242318
4 C0 2 0 119 0
0

0101000
+1165 0 -1167 0 *
Ve
1e-07
138.662358 -120.507061 0
0 0

0101101
*
Ed
 1e-07 1 1 0
1  125 0 0 0.0913688581520073
4 C0 2 0 120 0
0

0101000
+1163 0 -1165 0 *
Ve
1e-07
138.686006 -120.595316 0
0 0

0101101
*
Ed
 1e-07 1 1 0
1  126 0 0 0.0913683365778305
4 C0 2 0 121 0
0

0101000
+1161 0 -1163 0 *
Ve
1e-07
138.686006 -120.686684 0
0 0

0101101
*
Ed
 1e-07 1 1 0
1  127 0 0 0.0913680000000028
4 C0 2 0 122 0
0

0101000
+1159 0 -1161 0 *
Ve
1e-07
138.662358 -120.774939 0
0 0

0101101
*
Ed
 1e-07 1 1 0
1  128 0 0 0.0913683365778305
4 C0 2 0 123 0
0

0101000
+1157 0 -1159 0 *
Ve
1e-07
138.616674 -120.854067 0
0 0

0101101
*
Ed
 1e-07 1 1 0
1  129 0 0 0.0913688581520073
4 C0 2 0 124 0
0

0101000
+1155 0 -1157 0 *
Ve
1e-07
138.552067 -120.918674 0
0 0

0101101
*
Ed
 1e-07 1 1 0
1  130 0 0 0.0913680956242318
4 C0 2 0 125 0
0

0101000
+1153 0 -1155 0 *
Ve
1e-07
138.472939 -120.964358 0
0 0

0101101
*
Ed
 1e-07 1 1 0
1  131 0 0 0.0913688581520002
4 C0 2 0 126 0
0

0101000
+1151 0 -1153 0 *
Ve
1e-07
138.384684 -120.988006 0
0 0

0101101
*
Ed
 1e-07 1 1 0
1  132 0 0 0.0913683365778342
4 C0 2 0 127 0
0

0101000
+1149 0 -1151 0 *
Ve
1e-07
138.293316 -120.988006 0
0 0

0101101
*
Ed
 1e-07 1 1 0
1  133 0 0 0.0913679999999886
4 C0 2 0 128 0
0

0101000
+1147 0 -1149 0 *
Ve
1e-07
138.205061 -120.964358 0
0 0

0101101
*
Ed
 1e-07 1 1 0
1  134 0 0 0.0913683365778342
4 C0 2 0 129 0
0

0101000
+1145 0 -1147 0 *
Ve
1e-07
138.125933 -120.918674 0
0 0

0101101
*
Ed
 1e-07 1 1 0
1  135 0 0 0.0913688581520002
4 C0 2 0 130 0
0

0101000
+1143 0 -1145 0 *
Ve
1e-07
138.061326 -120.854067 0
0 0

0101101
*
Ed
 1e-07 1 1 0
1  136 0 0 0.0913680956242318
4 C0 2 0 131 0
0

0101000
+1141 0 -1143 0 *
Ve
1e-07
138.015642 -120.774939 0
0 0

0101101
*
Ed
 1e-07 1 1 0
1  137 0 0 0.0913688581519931
4 C0 2 0 132 0
0

0101000
+1139 0 -1141 0 *
Ve
1e-07
137.991994 -120.686684 0
0 0

0101101
*
Ed
 1e-07 1 1 0
1  138 0 0 0.0913683365778379
4 C0 2 0 133 0
0

0101000
+1137 0 -1139 0 *
Ve
1e-07
137.991994 -120.595316 0
0 0

0101101
*
Ed
 1e-07 1 1 0
1  139 0 0 0.0913680000000028
4 C0 2 0 134 0
0

0101000
+1135 0 -1137 0 *
Ve
1e-07
138.015642 -120.507061 0
0 0

0101101
*
Ed
 1e-07 1 1 0
1  140 0 0 0.0913683365778379
4 C0 2 0 135 0
0

0101000
+1133 0 -1135 0 *
Ve
1e-07
138.061326 -120.427933 0
0 0

0101101
*
Ed
 1e-07 1 1 0
1  141 0 0 0.0913688581519931
4 C0 2 0 136 0
0

0101000
+1131 0 -1133 0 *
Ed
 1e-07 1 1 0
1  142 0 0 0.0913680956242318
4 C0 2 0 137 0
0

0101000
+1175 0 -1131 0 *
Wi

0101100
-1174 0 -1172 0 -1170 0 -1168 0 -1166 0 -1164 0 -1162 0 -1160 0 -1158 0 -1156 0 
-1154 0 -1152 0 -1150 0 -1148 0 -1146 0 -1144 0 -1142 0 -1140 0 -1138 0 -1136 0 
-1134 0 -1132 0 -1130 0 -1129 0 *
Ve
1e-07
140.074 -124.621 0
0 0

0101101
*
Ve
1e-07
139.474 -124.621 0
0 0

0101101
*
Ed
 1e-07 1 1 0
1  143 0 3.14159265358979 6.28318530717959
2  19 138 0 3.14159265358979 6.28318530717959
4 C0 2 0 138 0
0

0101000
+1127 0 -1126 0 *
Ve
1e-07
139.474 -124.021 0
0 0

0101101
*
Ed
 1e-07 1 1 0
1  144 0 -62.6105 -62.0105
4 C0 2 0 139 0
0

0101000
+1126 0 -1124 0 *
Ve
1e-07
140.074 -124.021 0
0 0

0101101
*
Ed
 1e-07 1 1 0
1  145 0 3.14159265358979 6.28318530717959
2  20 140 0 3.14159265358979 6.28318530717959
4 C0 2 0 140 0
0

0101000
+1124 0 -1122 0 *
Ed
 1e-07 1 1 0
1  146 0 61.7105 62.3105
4 C0 2 0 141 0
0

0101000
+1122 0 -1127 0 *
Wi

0101100
+1125 0 +1123 0 +1121 0 +1120 0 *
Ve
1e-07
140.074 -120.571 0
0 0

0101101
*
Ve
1e-07
139.474 -120.571 0
0 0

0101101
*
Ed
 1e-07 1 1 0
1  147 0 3.14159265358979 6.28318530717959
2  21 142 0 3.14159265358979 6.28318530717959
4 C0 2 0 142 0
0

0101000
+1118 0 -1117 0 *
Ve
1e-07
139.474 -119.671 0
0 0

0101101
*
Ed
 1e-07 1 1 0
1  148 0 -60.7355 -59.8355
4 C0 2 0 143 0
0

0101000
+1117 0 -1115 0 *
Ve
1e-07
140.074 -119.671 0
0 0

0101101
*
Ed
 1e-07 1 1 0
1  149 0 3.14159265358979 6.28318530717959
2  22 144 0 3.14159265358979 6.28318530717959
4 C0 2 0 144 0
0

0101000
+1115 0 -1113 0 *
Ed
 1e-07 1 1 0
1  150 0 59.3855 60.2855
4 C0 2 0 145 0
0

0101000
+1113 0 -1118 0 *
Wi

0101100
+1116 0 +1114 0 +1112 0 +1111 0 *
Ve
1e-07
145.736 -106.113 0
0 0

0101101
*
Ed
 1e-07 1 1 0
1  151 0 0 6.28318530717959
2  23 146 0 0 6.28318530717959
4 C0 2 0 146 0
0

0101100
+1109 0 -1109 0 *
Wi

0101100
+1108 0 *
Ve
1e-07
145.736 -103.573 0
0 0

0101101
*
Ed
 1e-07 1 1 0
1  152 0 0 6.28318530717959
2  24 147 0 0 6.28318530717959
4 C0 2 0 147 0
0

0101100
+1106 0 -1106 0 *
Wi

0101100
+1105 0 *
Ve
1e-07
145.736 -101.033 0
0 0

0101101
*
Ed
 1e-07 1 1 0
1  153 0 0 6.28318530717959
2  25 148 0 0 6.28318530717959
4 C0 2 0 148 0
0

0101100
+1103 0 -1103 0 *
Wi

0101100
+1102 0 *
Ve
1e-07
145.5 -93.6 0
0 0

0101101
*
Ed
 1e-07 1 1 0
1  154 0 0 6.28318530717959
2  26 149 0 0 6.28318530717959
4 C0 2 0 149 0
0

0101100
+1100 0 -1100 0 *
Wi

0101100
+1099 0 *
Ve
1e-07
111.573 -85.4608 0
0 0

0101101
*
Ed
 1e-07 1 1 0
1  155 0 0 6.28318530717959
2  27 150 0 0 6.28318530717959
4 C0 2 0 150 0
0

0101100
+1097 0 -1097 0 *
Wi

0101100
+1096 0 *
Ve
1e-07
105.77039 -68.259672 0
0 0

0101101
*
Ve
1e-07
105.634743 -68.337988 0
0 0

0101101
*
Ed
 1e-07 1 1 0
1  156 0 0 0.156631747947221
4 C0 2 0 151 0
0

0101000
+1094 0 -1093 0 *
Ve
1e-07
105.921684 -68.219133 0
0 0

0101101
*
Ed
 1e-07 1 1 0
1  157 0 0 0.156631047232014
4 C0 2 0 152 0
0

0101000
+1091 0 -1094 0 *
Ve
1e-07
106.078316 -68.219133 0
0 0

0101101
*
Ed
 1e-07 1 1 0
1  158 0 0 0.156632000000002
4 C0 2 0 153 0
0

0101000
+1089 0 -1091 0 *
Ve
1e-07
106.22961 -68.259672 0
0 0

0101101
*
Ed
 1e-07 1 1 0
1  159 0 0 0.156631047232014
4 C0 2 0 154 0
0

0101000
+1087 0 -1089 0 *
Ve
1e-07
106.365257 -68.337988 0
0 0

0101101
*
Ed
 1e-07 1 1 0
1  160 0 0 0.156631747947221
4 C0 2 0 155 0
0

0101000
+1085 0 -1087 0 *
Ve
1e-07
106.476012 -68.448743 0
0 0

0101101
*
Ed
 1e-07 1 1 0
1  161 0 0 0.156631223100629
4 C0 2 0 156 0
0

0101000
+1083 0 -1085 0 *
Ve
1e-07
106.554328 -68.58439 0
0 0

0101101
*
Ed
 1e-07 1 1 0
1  162 0 0 0.156631747947221
4 C0 2 0 157 0
0

0101000
+1081 0 -1083 0 *
Ve
1e-07
106.594867 -68.735684 0
0 0

0101101
*
Ed
 1e-07 1 1 0
1  163 0 0 0.156631047232028
4 C0 2 0 158 0
0

0101000
+1079 0 -1081 0 *
Ve
1e-07
106.594867 -68.892316 0
0 0

0101101
*
Ed
 1e-07 1 1 0
1  164 0 0 0.156631999999988
4 C0 2 0 159 0
0

0101000
+1077 0 -1079 0 *
Ve
1e-07
106.554328 -69.04361 0
0 0

0101101
*
Ed
 1e-07 1 1 0
1  165 0 0 0.156631047232028
4 C0 2 0 160 0
0

0101000
+1075 0 -1077 0 *
Ve
1e-07
106.476012 -69.179257 0
0 0

0101101
*
Ed
 1e-07 1 1 0
1  166 0 0 0.156631747947221
4 C0 2 0 161 0
0

0101000
+1073 0 -1075 0 *
Ve
1e-07
106.365257 -69.290012 0
0 0

0101101
*
Ed
 1e-07 1 1 0
1  167 0 0 0.156631223100629
4 C0 2 0 162 0
0

0101000
+1071 0 -1073 0 *
Ve
1e-07
106.22961 -69.368328 0
0 0

0101101
*
Ed
 1e-07 1 1 0
1  168 0 0 0.156631747947221
4 C0 2 0 163 0
0

0101000
+1069 0 -1071 0 *
Ve
1e-07
106.078316 -69.408867 0
0 0

0101101
*
Ed
 1e-07 1 1 0
1  169 0 0 0.156631047232014
4 C0 2 0 164 0
0

0101000
+1067 0 -1069 0 *
Ve
1e-07
105.921684 -69.408867 0
0 0

0101101
*
Ed
 1e-07 1 1 0
1  170 0 0 0.156632000000002
4 C0 2 0 165 0
0

0101000
+1065 0 -1067 0 *
Ve
1e-07
105.77039 -69.368328 0
0 0

0101101
*
Ed
 1e-07 1 1 0
1  171 0 0 0.156631047232014
4 C0 2 0 166 0
0

0101000
+1063 0 -1065 0 *
Ve
1e-07
105.634743 -69.290012 0
0 0

0101101
*
Ed
 1e-07 1 1 0
1  172 0 0 0.156631747947221
4 C0 2 0 167 0
0

0101000
+1061 0 -1063 0 *
Ve
1e-07
105.523988 -69.179257 0
0 0

0101101
*
Ed
 1e-07 1 1 0
1  173 0 0 0.156631223100629
4 C0 2 0 168 0
0

0101000
+1059 0 -1061 0 *
Ve
1e-07
105.445672 -69.04361 0
0 0

0101101
*
Ed
 1e-07 1 1 0
1  174 0 0 0.156631747947221
4 C0 2 0 169 0
0

0101000
+1057 0 -1059 0 *
Ve
1e-07
105.405133 -68.892316 0
0 0

0101101
*
Ed
 1e-07 1 1 0
1  175 0 0 0.156631047232028
4 C0 2 0 170 0
0

0101000
+1055 0 -1057 0 *
Ve
1e-07
105.405133 -68.735684 0
0 0

0101101
*
Ed
 1e-07 1 1 0
1  176 0 0 0.156631999999988
4 C0 2 0 171 0
0

0101000
+1053 0 -1055 0 *
Ve
1e-07
105.445672 -68.58439 0
0 0

0101101
*
Ed
 1e-07 1 1 0
1  177 0 0 0.156631047232028
4 C0 2 0 172 0
0

0101000
+1051 0 -1053 0 *
Ve
1e-07
105.523988 -68.448743 0
0 0

0101101
*
Ed
 1e-07 1 1 0
1  178 0 0 0.156631747947221
4 C0 2 0 173 0
0

0101000
+1049 0 -1051 0 *
Ed
 1e-07 1 1 0
1  179 0 0 0.156631223100629
4 C0 2 0 174 0
0

0101000
+1093 0 -1049 0 *
Wi

0101100
-1092 0 -1090 0 -1088 0 -1086 0 -1084 0 -1082 0 -1080 0 -1078 0 -1076 0 -1074 0 
-1072 0 -1070 0 -1068 0 -1066 0 -1064 0 -1062 0 -1060 0 -1058 0 -1056 0 -1054 0 
-1052 0 -1050 0 -1048 0 -1047 0 *
Ve
1e-07
105.77039 -60.259672 0
0 0

0101101
*
Ve
1e-07
105.634743 -60.337988 0
0 0

0101101
*
Ed
 1e-07 1 1 0
1  180 0 0 0.156631747947221
4 C0 2 0 175 0
0

0101000
+1045 0 -1044 0 *
Ve
1e-07
105.921684 -60.219133 0
0 0

0101101
*
Ed
 1e-07 1 1 0
1  181 0 0 0.156631047232016
4 C0 2 0 176 0
0

0101000
+1042 0 -1045 0 *
Ve
1e-07
106.078316 -60.219133 0
0 0

0101101
*
Ed
 1e-07 1 1 0
1  182 0 0 0.156632000000002
4 C0 2 0 177 0
0

0101000
+1040 0 -1042 0 *
Ve
1e-07
106.22961 -60.259672 0
0 0

0101101
*
Ed
 1e-07 1 1 0
1  183 0 0 0.156631047232016
4 C0 2 0 178 0
0

0101000
+1038 0 -1040 0 *
Ve
1e-07
106.365257 -60.337988 0
0 0

0101101
*
Ed
 1e-07 1 1 0
1  184 0 0 0.156631747947221
4 C0 2 0 179 0
0

0101000
+1036 0 -1038 0 *
Ve
1e-07
106.476012 -60.448743 0
0 0

0101101
*
Ed
 1e-07 1 1 0
1  185 0 0 0.156631223100629
4 C0 2 0 180 0
0

0101000
+1034 0 -1036 0 *
Ve
1e-07
106.554328 -60.58439 0
0 0

0101101
*
Ed
 1e-07 1 1 0
1  186 0 0 0.156631747947215
4 C0 2 0 181 0
0

0101000
+1032 0 -1034 0 *
Ve
1e-07
106.594867 -60.735684 0
0 0

0101101
*
Ed
 1e-07 1 1 0
1  187 0 0 0.156631047232021
4 C0 2 0 182 0
0

0101000
+1030 0 -1032 0 *
Ve
1e-07
106.594867 -60.892316 0
0 0

0101101
*
Ed
 1e-07 1 1 0
1  188 0 0 0.156632000000002
4 C0 2 0 183 0
0

0101000
+1028 0 -1030 0 *
Ve
1e-07
106.554328 -61.04361 0
0 0

0101101
*
Ed
 1e-07 1 1 0
1  189 0 0 0.156631047232021
4 C0 2 0 184 0
0

0101000
+1026 0 -1028 0 *
Ve
1e-07
106.476012 -61.179257 0
0 0

0101101
*
Ed
 1e-07 1 1 0
1  190 0 0 0.156631747947215
4 C0 2 0 185 0
0

0101000
+1024 0 -1026 0 *
Ve
1e-07
106.365257 -61.290012 0
0 0

0101101
*
Ed
 1e-07 1 1 0
1  191 0 0 0.156631223100629
4 C0 2 0 186 0
0

0101000
+1022 0 -1024 0 *
Ve
1e-07
106.22961 -61.368328 0
0 0

0101101
*
Ed
 1e-07 1 1 0
1  192 0 0 0.156631747947221
4 C0 2 0 187 0
0

0101000
+1020 0 -1022 0 *
Ve
1e-07
106.078316 -61.408867 0
0 0

0101101
*
Ed
 1e-07 1 1 0
1  193 0 0 0.156631047232016
4 C0 2 0 188 0
0

0101000
+1018 0 -1020 0 *
Ve
1e-07
105.921684 -61.408867 0
0 0

0101101
*
Ed
 1e-07 1 1 0
1  194 0 0 0.156632000000002
4 C0 2 0 189 0
0

0101000
+1016 0 -1018 0 *
Ve
1e-07
105.77039 -61.368328 0
0 0

0101101
*
Ed
 1e-07 1 1 0
1  195 0 0 0.156631047232016
4 C0 2 0 190 0
0

0101000
+1014 0 -1016 0 *
Ve
1e-07
105.634743 -61.290012 0
0 0

0101101
*
Ed
 1e-07 1 1 0
1  196 0 0 0.156631747947221
4 C0 2 0 191 0
0

0101000
+1012 0 -1014 0 *
Ve
1e-07
105.523988 -61.179257 0
0 0

0101101
*
Ed
 1e-07 1 1 0
1  197 0 0 0.156631223100629
4 C0 2 0 192 0
0

0101000
+1010 0 -1012 0 *
Ve
1e-07
105.445672 -61.04361 0
0 0

0101101
*
Ed
 1e-07 1 1 0
1  198 0 0 0.156631747947215
4 C0 2 0 193 0
0

0101000
+1008 0 -1010 0 *
Ve
1e-07
105.405133 -60.892316 0
0 0

0101101
*
Ed
 1e-07 1 1 0
1  199 0 0 0.156631047232021
4 C0 2 0 194 0
0

0101000
+1006 0 -1008 0 *
Ve
1e-07
105.405133 -60.735684 0
0 0

0101101
*
Ed
 1e-07 1 1 0
1  200 0 0 0.156632000000002
4 C0 2 0 195 0
0

0101000
+1004 0 -1006 0 *
Ve
1e-07
105.445672 -60.58439 0
0 0

0101101
*
Ed
 1e-07 1 1 0
1  201 0 0 0.156631047232021
4 C0 2 0 196 0
0

0101000
+1002 0 -1004 0 *
Ve
1e-07
105.523988 -60.448743 0
0 0

0101101
*
Ed
 1e-07 1 1 0
1  202 0 0 0.156631747947215
4 C0 2 0 197 0
0

0101000
+1000 0 -1002 0 *
Ed
 1e-07 1 1 0
1  203 0 0 0.156631223100629
4 C0 2 0 198 0
0

0101000
+1044 0 -1000 0 *
Wi

0101100
-1043 0 -1041 0 -1039 0 -1037 0 -1035 0 -1033 0 -1031 0 -1029 0 -1027 0 -1025 0 
-1023 0 -1021 0 -1019 0 -1017 0 -1015 0 -1013 0 -1011 0 -1009 0 -1007 0 -1005 0 
-1003 0 -1001 0 -999 0 -998 0 *
Ve
1e-07
110.8085 -54.8485 0
0 0

0101101
*
Ed
 1e-07 1 1 0
1  204 0 0 6.28318530717959
2  28 199 0 0 6.28318530717959
4 C0 2 0 199 0
0

0101100
+996 0 -996 0 *
Wi

0101100
+995 0 *
Fa
0  1e-07 2 0

0111000
+1383 0 +1318 0 +1315 0 +1250 0 +1247 0 +1244 0 +1235 0 +1186 0 +1177 0 +1128 0 
+1119 0 +1110 0 +1107 0 +1104 0 +1101 0 +1098 0 +1095 0 +1046 0 +997 0 +994 0 
*
Ve
1e-07
101 -61 0.91
0 0

0101101
*
Ed
 1e-07 1 1 0
1  205 0 0 1.57079645526204
2  29 6 0 0 1.57079645526204
4 C0 4 0 6 0
0

0101000
+992 0 -1413 0 *
Ve
1e-07
101 -117 0.91
0 0

0101101
*
Ed
 1e-07 1 1 0
1  206 0 0 56
4 C0 4 0 8 0
0

0101000
+990 0 -992 0 *
Ve
1e-07
111 -127 0.91
0 0

0101101
*
Ed
 1e-07 1 1 0
1  207 0 0 1.57079645525804
2  30 9 0 0 1.57079645525804
4 C0 4 0 9 0
0

0101000
+988 0 -990 0 *
Ve
1e-07
121.384661 -127 0.91
0 0

0101101
*
Ed
 1e-07 1 1 0
1  208 0 0 10.384661
4 C0 4 0 10 0
0

0101000
+986 0 -988 0 *
Ve
1e-07
126.615339 -127 0.91
0 0

0101101
*
Ed
 1e-07 1 1 0
1  209 0 0 3.87200735769338
2  31 11 0 0 3.87200735769338
4 C0 4 0 11 0
0

0101000
+984 0 -986 0 *
Ve
1e-07
137 -127 0.91
0 0

0101101
*
Ed
 1e-07 1 1 0
1  210 0 0 10.384661
4 C0 4 0 12 0
0

0101000
+982 0 -984 0 *
Ve
1e-07
147 -117 0.91
0 0

0101101
*
Ed
 1e-07 1 1 0
1  211 0 0 1.57079645526104
2  32 13 0 0 1.57079645526104
4 C0 4 0 13 0
0

0101000
+980 0 -982 0 *
Ve
1e-07
147 -61 0.91
0 0

0101101
*
Ed
 1e-07 1 1 0
1  212 0 0 56
4 C0 4 0 14 0
0

0101000
+978 0 -980 0 *
Ed
 1e-07 1 1 0
1  213 0 0 1.57079645526204
2  33 7 0 0 1.57079645526204
4 C0 4 0 7 0
0

0101000
+1407 0 -978 0 *
Wi

0101100
-1418 0 -1411 0 -991 0 -989 0 -987 0 -985 0 -983 0 -981 0 -979 0 -977 0 
-976 0 -1406 0 *
Ve
1e-07
112.332772 -122.104448 0.91
0 0

0101101
*
Ve
1e-07
112.187883 -122.164463 0.91
0 0

0101101
*
Ed
 1e-07 1 1 0
1  214 0 0 0.156826727779422
4 C0 4 0 15 0
0

0101000
+974 0 -973 0 *
Ve
1e-07
112.486586 -122.073852 0.91
0 0

0101101
*
Ed
 1e-07 1 1 0
1  215 0 0 0.156827490613091
4 C0 4 0 16 0
0

0101000
+971 0 -974 0 *
Ve
1e-07
112.643414 -122.073852 0.91
0 0

0101101
*
Ed
 1e-07 1 1 0
1  216 0 0 0.156828000000004
4 C0 4 0 17 0
0

0101000
+969 0 -971 0 *
Ve
1e-07
112.797228 -122.104448 0.91
0 0

0101101
*
Ed
 1e-07 1 1 0
1  217 0 0 0.156827490613091
4 C0 4 0 18 0
0

0101000
+967 0 -969 0 *
Ve
1e-07
112.942117 -122.164463 0.91
0 0

0101101
*
Ed
 1e-07 1 1 0
1  218 0 0 0.156826727779409
4 C0 4 0 19 0
0

0101000
+965 0 -967 0 *
Ve
1e-07
113.072515 -122.251592 0.91
0 0

0101101
*
Ed
 1e-07 1 1 0
1  219 0 0 0.156828253337849
4 C0 4 0 20 0
0

0101000
+963 0 -965 0 *
Ve
1e-07
113.183408 -122.362485 0.91
0 0

0101101
*
Ed
 1e-07 1 1 0
1  220 0 0 0.156826384572246
4 C0 4 0 21 0
0

0101000
+961 0 -963 0 *
Ve
1e-07
113.270537 -122.492883 0.91
0 0

0101101
*
Ed
 1e-07 1 1 0
1  221 0 0 0.156828253337849
4 C0 4 0 22 0
0

0101000
+959 0 -961 0 *
Ve
1e-07
113.330552 -122.637772 0.91
0 0

0101101
*
Ed
 1e-07 1 1 0
1  222 0 0 0.156826727779409
4 C0 4 0 23 0
0

0101000
+957 0 -959 0 *
Ve
1e-07
113.361148 -122.791586 0.91
0 0

0101101
*
Ed
 1e-07 1 1 0
1  223 0 0 0.156827490613091
4 C0 4 0 24 0
0

0101000
+955 0 -957 0 *
Ve
1e-07
113.361148 -122.948414 0.91
0 0

0101101
*
Ed
 1e-07 1 1 0
1  224 0 0 0.156828000000004
4 C0 4 0 25 0
0

0101000
+953 0 -955 0 *
Ve
1e-07
113.330552 -123.102228 0.91
0 0

0101101
*
Ed
 1e-07 1 1 0
1  225 0 0 0.156827490613091
4 C0 4 0 26 0
0

0101000
+951 0 -953 0 *
Ve
1e-07
113.270537 -123.247117 0.91
0 0

0101101
*
Ed
 1e-07 1 1 0
1  226 0 0 0.156826727779422
4 C0 4 0 27 0
0

0101000
+949 0 -951 0 *
Ve
1e-07
113.183408 -123.377515 0.91
0 0

0101101
*
Ed
 1e-07 1 1 0
1  227 0 0 0.156828253337849
4 C0 4 0 28 0
0

0101000
+947 0 -949 0 *
Ve
1e-07
113.072515 -123.488408 0.91
0 0

0101101
*
Ed
 1e-07 1 1 0
1  228 0 0 0.156826384572246
4 C0 4 0 29 0
0

0101000
+945 0 -947 0 *
Ve
1e-07
112.942117 -123.575537 0.91
0 0

0101101
*
Ed
 1e-07 1 1 0
1  229 0 0 0.156828253337841
4 C0 4 0 30 0
0

0101000
+943 0 -945 0 *
Ve
1e-07
112.797228 -123.635552 0.91
0 0

0101101
*
Ed
 1e-07 1 1 0
1  230 0 0 0.156826727779414
4 C0 4 0 31 0
0

0101000
+941 0 -943 0 *
Ve
1e-07
112.643414 -123.666148 0.91
0 0

0101101
*
Ed
 1e-07 1 1 0
1  231 0 0 0.156827490613091
4 C0 4 0 32 0
0

0101000
+939 0 -941 0 *
Ve
1e-07
112.486586 -123.666148 0.91
0 0

0101101
*
Ed
 1e-07 1 1 0
1  232 0 0 0.156828000000004
4 C0 4 0 33 0
0

0101000
+937 0 -939 0 *
Ve
1e-07
112.332772 -123.635552 0.91
0 0

0101101
*
Ed
 1e-07 1 1 0
1  233 0 0 0.156827490613091
4 C0 4 0 34 0
0

0101000
+935 0 -937 0 *
Ve
1e-07
112.187883 -123.575537 0.91
0 0

0101101
*
Ed
 1e-07 1 1 0
1  234 0 0 0.156826727779427
4 C0 4 0 35 0
0

0101000
+933 0 -935 0 *
Ve
1e-07
112.057485 -123.488408 0.91
0 0

0101101
*
Ed
 1e-07 1 1 0
1  235 0 0 0.156828253337841
4 C0 4 0 36 0
0

0101000
+931 0 -933 0 *
Ve
1e-07
111.946592 -123.377515 0.91
0 0

0101101
*
Ed
 1e-07 1 1 0
1  236 0 0 0.156826384572246
4 C0 4 0 37 0
0

0101000
+929 0 -931 0 *
Ve
1e-07
111.859463 -123.247117 0.91
0 0

0101101
*
Ed
 1e-07 1 1 0
1  237 0 0 0.156828253337841
4 C0 4 0 38 0
0

0101000
+927 0 -929 0 *
Ve
1e-07
111.799448 -123.102228 0.91
0 0

0101101
*
Ed
 1e-07 1 1 0
1  238 0 0 0.156826727779427
4 C0 4 0 39 0
0

0101000
+925 0 -927 0 *
Ve
1e-07
111.768852 -122.948414 0.91
0 0

0101101
*
Ed
 1e-07 1 1 0
1  239 0 0 0.156827490613091
4 C0 4 0 40 0
0

0101000
+923 0 -925 0 *
Ve
1e-07
111.768852 -122.791586 0.91
0 0

0101101
*
Ed
 1e-07 1 1 0
1  240 0 0 0.156828000000004
4 C0 4 0 41 0
0

0101000
+921 0 -923 0 *
Ve
1e-07
111.799448 -122.637772 0.91
0 0

0101101
*
Ed
 1e-07 1 1 0
1  241 0 0 0.156827490613091
4 C0 4 0 42 0
0

0101000
+919 0 -921 0 *
Ve
1e-07
111.859463 -122.492883 0.91
0 0

0101101
*
Ed
 1e-07 1 1 0
1  242 0 0 0.156826727779414
4 C0 4 0 43 0
0

0101000
+917 0 -919 0 *
Ve
1e-07
111.946592 -122.362485 0.91
0 0

0101101
*
Ed
 1e-07 1 1 0
1  243 0 0 0.156828253337841
4 C0 4 0 44 0
0

0101000
+915 0 -917 0 *
Ve
1e-07
112.057485 -122.251592 0.91
0 0

0101101
*
Ed
 1e-07 1 1 0
1  244 0 0 0.156826384572246
4 C0 4 0 45 0
0

0101000
+913 0 -915 0 *
Ed
 1e-07 1 1 0
1  245 0 0 0.156828253337849
4 C0 4 0 46 0
0

0101000
+973 0 -913 0 *
Wi

0101100
-972 0 -970 0 -968 0 -966 0 -964 0 -962 0 -960 0 -958 0 -956 0 -954 0 
-952 0 -950 0 -948 0 -946 0 -944 0 -942 0 -940 0 -938 0 -936 0 -934 0 
-932 0 -930 0 -928 0 -926 0 -924 0 -922 0 -920 0 -918 0 -916 0 -914 0 
-912 0 -911 0 *
Ve
1e-07
104.3 -115.6 0.91
0 0

0101101
*
Ed
 1e-07 1 1 0
1  246 0 0 6.28318530717959
2  34 47 0 0 6.28318530717959
4 C0 4 0 47 0
0

0101100
+909 0 -909 0 *
Wi

0101100
+908 0 *
Ve
1e-07
112.332772 -115.104448 0.91
0 0

0101101
*
Ve
1e-07
112.187883 -115.164463 0.91
0 0

0101101
*
Ed
 1e-07 1 1 0
1  247 0 0 0.156826727779422
4 C0 4 0 48 0
0

0101000
+906 0 -905 0 *
Ve
1e-07
112.486586 -115.073852 0.91
0 0

0101101
*
Ed
 1e-07 1 1 0
1  248 0 0 0.156827490613091
4 C0 4 0 49 0
0

0101000
+903 0 -906 0 *
Ve
1e-07
112.643414 -115.073852 0.91
0 0

0101101
*
Ed
 1e-07 1 1 0
1  249 0 0 0.156828000000004
4 C0 4 0 50 0
0

0101000
+901 0 -903 0 *
Ve
1e-07
112.797228 -115.104448 0.91
0 0

0101101
*
Ed
 1e-07 1 1 0
1  250 0 0 0.156827490613091
4 C0 4 0 51 0
0

0101000
+899 0 -901 0 *
Ve
1e-07
112.942117 -115.164463 0.91
0 0

0101101
*
Ed
 1e-07 1 1 0
1  251 0 0 0.156826727779409
4 C0 4 0 52 0
0

0101000
+897 0 -899 0 *
Ve
1e-07
113.072515 -115.251592 0.91
0 0

0101101
*
Ed
 1e-07 1 1 0
1  252 0 0 0.156828253337849
4 C0 4 0 53 0
0

0101000
+895 0 -897 0 *
Ve
1e-07
113.183408 -115.362485 0.91
0 0

0101101
*
Ed
 1e-07 1 1 0
1  253 0 0 0.156826384572246
4 C0 4 0 54 0
0

0101000
+893 0 -895 0 *
Ve
1e-07
113.270537 -115.492883 0.91
0 0

0101101
*
Ed
 1e-07 1 1 0
1  254 0 0 0.156828253337849
4 C0 4 0 55 0
0

0101000
+891 0 -893 0 *
Ve
1e-07
113.330552 -115.637772 0.91
0 0

0101101
*
Ed
 1e-07 1 1 0
1  255 0 0 0.156826727779409
4 C0 4 0 56 0
0

0101000
+889 0 -891 0 *
Ve
1e-07
113.361148 -115.791586 0.91
0 0

0101101
*
Ed
 1e-07 1 1 0
1  256 0 0 0.156827490613091
4 C0 4 0 57 0
0

0101000
+887 0 -889 0 *
Ve
1e-07
113.361148 -115.948414 0.91
0 0

0101101
*
Ed
 1e-07 1 1 0
1  257 0 0 0.156828000000004
4 C0 4 0 58 0
0

0101000
+885 0 -887 0 *
Ve
1e-07
113.330552 -116.102228 0.91
0 0

0101101
*
Ed
 1e-07 1 1 0
1  258 0 0 0.156827490613091
4 C0 4 0 59 0
0

0101000
+883 0 -885 0 *
Ve
1e-07
113.270537 -116.247117 0.91
0 0

0101101
*
Ed
 1e-07 1 1 0
1  259 0 0 0.156826727779422
4 C0 4 0 60 0
0

0101000
+881 0 -883 0 *
Ve
1e-07
113.183408 -116.377515 0.91
0 0

0101101
*
Ed
 1e-07 1 1 0
1  260 0 0 0.156828253337849
4 C0 4 0 61 0
0

0101000
+879 0 -881 0 *
Ve
1e-07
113.072515 -116.488408 0.91
0 0

0101101
*
Ed
 1e-07 1 1 0
1  261 0 0 0.156826384572246
4 C0 4 0 62 0
0

0101000
+877 0 -879 0 *
Ve
1e-07
112.942117 -116.575537 0.91
0 0

0101101
*
Ed
 1e-07 1 1 0
1  262 0 0 0.156828253337841
4 C0 4 0 63 0
0

0101000
+875 0 -877 0 *
Ve
1e-07
112.797228 -116.635552 0.91
0 0

0101101
*
Ed
 1e-07 1 1 0
1  263 0 0 0.156826727779414
4 C0 4 0 64 0
0

0101000
+873 0 -875 0 *
Ve
1e-07
112.643414 -116.666148 0.91
0 0

0101101
*
Ed
 1e-07 1 1 0
1  264 0 0 0.156827490613091
4 C0 4 0 65 0
0

0101000
+871 0 -873 0 *
Ve
1e-07
112.486586 -116.666148 0.91
0 0

0101101
*
Ed
 1e-07 1 1 0
1  265 0 0 0.156828000000004
4 C0 4 0 66 0
0

0101000
+869 0 -871 0 *
Ve
1e-07
112.332772 -116.635552 0.91
0 0

0101101
*
Ed
 1e-07 1 1 0
1  266 0 0 0.156827490613091
4 C0 4 0 67 0
0

0101000
+867 0 -869 0 *
Ve
1e-07
112.187883 -116.575537 0.91
0 0

0101101
*
Ed
 1e-07 1 1 0
1  267 0 0 0.156826727779427
4 C0 4 0 68 0
0

0101000
+865 0 -867 0 *
Ve
1e-07
112.057485 -116.488408 0.91
0 0

0101101
*
Ed
 1e-07 1 1 0
1  268 0 0 0.156828253337841
4 C0 4 0 69 0
0

0101000
+863 0 -865 0 *
Ve
1e-07
111.946592 -116.377515 0.91
0 0

0101101
*
Ed
 1e-07 1 1 0
1  269 0 0 0.156826384572246
4 C0 4 0 70 0
0

0101000
+861 0 -863 0 *
Ve
1e-07
111.859463 -116.247117 0.91
0 0

0101101
*
Ed
 1e-07 1 1 0
1  270 0 0 0.156828253337841
4 C0 4 0 71 0
0

0101000
+859 0 -861 0 *
Ve
1e-07
111.799448 -116.102228 0.91
0 0

0101101
*
Ed
 1e-07 1 1 0
1  271 0 0 0.156826727779427
4 C0 4 0 72 0
0

0101000
+857 0 -859 0 *
Ve
1e-07
111.768852 -115.948414 0.91
0 0

0101101
*
Ed
 1e-07 1 1 0
1  272 0 0 0.156827490613091
4 C0 4 0 73 0
0

0101000
+855 0 -857 0 *
Ve
1e-07
111.768852 -115.791586 0.91
0 0

0101101
*
Ed
 1e-07 1 1 0
1  273 0 0 0.156828000000004
4 C0 4 0 74 0
0

0101000
+853 0 -855 0 *
Ve
1e-07
111.799448 -115.637772 0.91
0 0

0101101
*
Ed
 1e-07 1 1 0
1  274 0 0 0.156827490613091
4 C0 4 0 75 0
0

0101000
+851 0 -853 0 *
Ve
1e-07
111.859463 -115.492883 0.91
0 0

0101101
*
Ed
 1e-07 1 1 0
1  275 0 0 0.156826727779414
4 C0 4 0 76 0
0

0101000
+849 0 -851 0 *
Ve
1e-07
111.946592 -115.362485 0.91
0 0

0101101
*
Ed
 1e-07 1 1 0
1  276 0 0 0.156828253337841
4 C0 4 0 77 0
0

0101000
+847 0 -849 0 *
Ve
1e-07
112.057485 -115.251592 0.91
0 0

0101101
*
Ed
 1e-07 1 1 0
1  277 0 0 0.156826384572246
4 C0 4 0 78 0
0

0101000
+845 0 -847 0 *
Ed
 1e-07 1 1 0
1  278 0 0 0.156828253337849
4 C0 4 0 79 0
0

0101000
+905 0 -845 0 *
Wi

0101100
-904 0 -902 0 -900 0 -898 0 -896 0 -894 0 -892 0 -890 0 -888 0 -886 0 
-884 0 -882 0 -880 0 -878 0 -876 0 -874 0 -872 0 -870 0 -868 0 -866 0 
-864 0 -862 0 -860 0 -858 0 -856 0 -854 0 -852 0 -850 0 -848 0 -846 0 
-844 0 -843 0 *
Ve
1e-07
121.23 -122.35 0.91
0 0

0101101
*
Ed
 1e-07 1 1 0
1  279 0 0 6.28318530717959
2  35 80 0 0 6.28318530717959
4 C0 4 0 80 0
0

0101100
+841 0 -841 0 *
Wi

0101100
+840 0 *
Ve
1e-07
123.77 -122.35 0.91
0 0

0101101
*
Ed
 1e-07 1 1 0
1  280 0 0 6.28318530717959
2  36 81 0 0 6.28318530717959
4 C0 4 0 81 0
0

0101100
+838 0 -838 0 *
Wi

0101100
+837 0 *
Ve
1e-07
131.424 -124.621 0.91
0 0

0101101
*
Ve
1e-07
130.824 -124.621 0.91
0 0

0101101
*
Ed
 1e-07 1 1 0
1  281 0 3.14159265358979 6.28318530717959
2  37 82 0 3.14159265358979 6.28318530717959
4 C0 4 0 82 0
0

0101000
+835 0 -834 0 *
Ve
1e-07
130.824 -124.021 0.91
0 0

0101101
*
Ed
 1e-07 1 1 0
1  282 0 -62.6105 -62.0105
4 C0 4 0 83 0
0

0101000
+834 0 -832 0 *
Ve
1e-07
131.424 -124.021 0.91
0 0

0101101
*
Ed
 1e-07 1 1 0
1  283 0 3.14159265358979 6.28318530717959
2  38 84 0 3.14159265358979 6.28318530717959
4 C0 4 0 84 0
0

0101000
+832 0 -830 0 *
Ed
 1e-07 1 1 0
1  284 0 61.7105 62.3105
4 C0 4 0 85 0
0

0101000
+830 0 -835 0 *
Wi

0101100
+833 0 +831 0 +829 0 +828 0 *
Ve
1e-07
132.425061 -120.317642 0.91
0 0

0101101
*
Ve
1e-07
132.345933 -120.363326 0.91
0 0

0101101
*
Ed
 1e-07 1 1 0
1  285 0 0 0.0913688581519931
4 C0 4 0 86 0
0

0101000
+826 0 -825 0 *
Ve
1e-07
132.513316 -120.293994 0.91
0 0

0101101
*
Ed
 1e-07 1 1 0
1  286 0 0 0.0913683365778379
4 C0 4 0 87 0
0

0101000
+823 0 -826 0 *
Ve
1e-07
132.604684 -120.293994 0.91
0 0

0101101
*
Ed
 1e-07 1 1 0
1  287 0 0 0.0913679999999886
4 C0 4 0 88 0
0

0101000
+821 0 -823 0 *
Ve
1e-07
132.692939 -120.317642 0.91
0 0

0101101
*
Ed
 1e-07 1 1 0
1  288 0 0 0.0913683365778379
4 C0 4 0 89 0
0

0101000
+819 0 -821 0 *
Ve
1e-07
132.772067 -120.363326 0.91
0 0

0101101
*
Ed
 1e-07 1 1 0
1  289 0 0 0.0913688581519931
4 C0 4 0 90 0
0

0101000
+817 0 -819 0 *
Ve
1e-07
132.836674 -120.427933 0.91
0 0

0101101
*
Ed
 1e-07 1 1 0
1  290 0 0 0.0913680956242318
4 C0 4 0 91 0
0

0101000
+815 0 -817 0 *
Ve
1e-07
132.882358 -120.507061 0.91
0 0

0101101
*
Ed
 1e-07 1 1 0
1  291 0 0 0.0913688581520073
4 C0 4 0 92 0
0

0101000
+813 0 -815 0 *
Ve
1e-07
132.906006 -120.595316 0.91
0 0

0101101
*
Ed
 1e-07 1 1 0
1  292 0 0 0.0913683365778305
4 C0 4 0 93 0
0

0101000
+811 0 -813 0 *
Ve
1e-07
132.906006 -120.686684 0.91
0 0

0101101
*
Ed
 1e-07 1 1 0
1  293 0 0 0.0913680000000028
4 C0 4 0 94 0
0

0101000
+809 0 -811 0 *
Ve
1e-07
132.882358 -120.774939 0.91
0 0

0101101
*
Ed
 1e-07 1 1 0
1  294 0 0 0.0913683365778305
4 C0 4 0 95 0
0

0101000
+807 0 -809 0 *
Ve
1e-07
132.836674 -120.854067 0.91
0 0

0101101
*
Ed
 1e-07 1 1 0
1  295 0 0 0.0913688581520073
4 C0 4 0 96 0
0

0101000
+805 0 -807 0 *
Ve
1e-07
132.772067 -120.918674 0.91
0 0

0101101
*
Ed
 1e-07 1 1 0
1  296 0 0 0.0913680956242318
4 C0 4 0 97 0
0

0101000
+803 0 -805 0 *
Ve
1e-07
132.692939 -120.964358 0.91
0 0

0101101
*
Ed
 1e-07 1 1 0
1  297 0 0 0.0913688581520002
4 C0 4 0 98 0
0

0101000
+801 0 -803 0 *
Ve
1e-07
132.604684 -120.988006 0.91
0 0

0101101
*
Ed
 1e-07 1 1 0
1  298 0 0 0.0913683365778342
4 C0 4 0 99 0
0

0101000
+799 0 -801 0 *
Ve
1e-07
132.513316 -120.988006 0.91
0 0

0101101
*
Ed
 1e-07 1 1 0
1  299 0 0 0.0913679999999886
4 C0 4 0 100 0
0

0101000
+797 0 -799 0 *
Ve
1e-07
132.425061 -120.964358 0.91
0 0

0101101
*
Ed
 1e-07 1 1 0
1  300 0 0 0.0913683365778342
4 C0 4 0 101 0
0

0101000
+795 0 -797 0 *
Ve
1e-07
132.345933 -120.918674 0.91
0 0

0101101
*
Ed
 1e-07 1 1 0
1  301 0 0 0.0913688581520002
4 C0 4 0 102 0
0

0101000
+793 0 -795 0 *
Ve
1e-07
132.281326 -120.854067 0.91
0 0

0101101
*
Ed
 1e-07 1 1 0
1  302 0 0 0.0913680956242318
4 C0 4 0 103 0
0

0101000
+791 0 -793 0 *
Ve
1e-07
132.235642 -120.774939 0.91
0 0

0101101
*
Ed
 1e-07 1 1 0
1  303 0 0 0.0913688581519931
4 C0 4 0 104 0
0

0101000
+789 0 -791 0 *
Ve
1e-07
132.211994 -120.686684 0.91
0 0

0101101
*
Ed
 1e-07 1 1 0
1  304 0 0 0.0913683365778379
4 C0 4 0 105 0
0

0101000
+787 0 -789 0 *
Ve
1e-07
132.211994 -120.595316 0.91
0 0

0101101
*
Ed
 1e-07 1 1 0
1  305 0 0 0.0913680000000028
4 C0 4 0 106 0
0

0101000
+785 0 -787 0 *
Ve
1e-07
132.235642 -120.507061 0.91
0 0

0101101
*
Ed
 1e-07 1 1 0
1  306 0 0 0.0913683365778379
4 C0 4 0 107 0
0

0101000
+783 0 -785 0 *
Ve
1e-07
132.281326 -120.427933 0.91
0 0

0101101
*
Ed
 1e-07 1 1 0
1  307 0 0 0.0913688581519931
4 C0 4 0 108 0
0

0101000
+781 0 -783 0 *
Ed
 1e-07 1 1 0
1  308 0 0 0.0913680956242318
4 C0 4 0 109 0
0

0101000
+825 0 -781 0 *
Wi

0101100
-824 0 -822 0 -820 0 -818 0 -816 0 -814 0 -812 0 -810 0 -808 0 -806 0 
-804 0 -802 0 -800 0 -798 0 -796 0 -794 0 -792 0 -790 0 -788 0 -786 0 
-784 0 -782 0 -780 0 -779 0 *
Ve
1e-07
131.424 -120.571 0.91
0 0

0101101
*
Ve
1e-07
130.824 -120.571 0.91
0 0

0101101
*
Ed
 1e-07 1 1 0
1  309 0 3.14159265358979 6.28318530717959
2  39 110 0 3.14159265358979 6.28318530717959
4 C0 4 0 110 0
0

0101000
+777 0 -776 0 *
Ve
1e-07
130.824 -119.671 0.91
0 0

0101101
*
Ed
 1e-07 1 1 0
1  310 0 -60.7355 -59.8355
4 C0 4 0 111 0
0

0101000
+776 0 -774 0 *
Ve
1e-07
131.424 -119.671 0.91
0 0

0101101
*
Ed
 1e-07 1 1 0
1  311 0 3.14159265358979 6.28318530717959
2  40 112 0 3.14159265358979 6.28318530717959
4 C0 4 0 112 0
0

0101000
+774 0 -772 0 *
Ed
 1e-07 1 1 0
1  312 0 59.3855 60.2855
4 C0 4 0 113 0
0

0101000
+772 0 -777 0 *
Wi

0101100
+775 0 +773 0 +771 0 +770 0 *
Ve
1e-07
138.205061 -120.317642 0.91
0 0

0101101
*
Ve
1e-07
138.125933 -120.363326 0.91
0 0

0101101
*
Ed
 1e-07 1 1 0
1  313 0 0 0.0913688581519931
4 C0 4 0 114 0
0

0101000
+768 0 -767 0 *
Ve
1e-07
138.293316 -120.293994 0.91
0 0

0101101
*
Ed
 1e-07 1 1 0
1  314 0 0 0.0913683365778379
4 C0 4 0 115 0
0

0101000
+765 0 -768 0 *
Ve
1e-07
138.384684 -120.293994 0.91
0 0

0101101
*
Ed
 1e-07 1 1 0
1  315 0 0 0.0913679999999886
4 C0 4 0 116 0
0

0101000
+763 0 -765 0 *
Ve
1e-07
138.472939 -120.317642 0.91
0 0

0101101
*
Ed
 1e-07 1 1 0
1  316 0 0 0.0913683365778379
4 C0 4 0 117 0
0

0101000
+761 0 -763 0 *
Ve
1e-07
138.552067 -120.363326 0.91
0 0

0101101
*
Ed
 1e-07 1 1 0
1  317 0 0 0.0913688581519931
4 C0 4 0 118 0
0

0101000
+759 0 -761 0 *
Ve
1e-07
138.616674 -120.427933 0.91
0 0

0101101
*
Ed
 1e-07 1 1 0
1  318 0 0 0.0913680956242318
4 C0 4 0 119 0
0

0101000
+757 0 -759 0 *
Ve
1e-07
138.662358 -120.507061 0.91
0 0

0101101
*
Ed
 1e-07 1 1 0
1  319 0 0 0.0913688581520073
4 C0 4 0 120 0
0

0101000
+755 0 -757 0 *
Ve
1e-07
138.686006 -120.595316 0.91
0 0

0101101
*
Ed
 1e-07 1 1 0
1  320 0 0 0.0913683365778305
4 C0 4 0 121 0
0

0101000
+753 0 -755 0 *
Ve
1e-07
138.686006 -120.686684 0.91
0 0

0101101
*
Ed
 1e-07 1 1 0
1  321 0 0 0.0913680000000028
4 C0 4 0 122 0
0

0101000
+751 0 -753 0 *
Ve
1e-07
138.662358 -120.774939 0.91
0 0

0101101
*
Ed
 1e-07 1 1 0
1  322 0 0 0.0913683365778305
4 C0 4 0 123 0
0

0101000
+749 0 -751 0 *
Ve
1e-07
138.616674 -120.854067 0.91
0 0

0101101
*
Ed
 1e-07 1 1 0
1  323 0 0 0.0913688581520073
4 C0 4 0 124 0
0

0101000
+747 0 -749 0 *
Ve
1e-07
138.552067 -120.918674 0.91
0 0

0101101
*
Ed
 1e-07 1 1 0
1  324 0 0 0.0913680956242318
4 C0 4 0 125 0
0

0101000
+745 0 -747 0 *
Ve
1e-07
138.472939 -120.964358 0.91
0 0

0101101
*
Ed
 1e-07 1 1 0
1  325 0 0 0.0913688581520002
4 C0 4 0 126 0
0

0101000
+743 0 -745 0 *
Ve
1e-07
138.384684 -120.988006 0.91
0 0

0101101
*
Ed
 1e-07 1 1 0
1  326 0 0 0.0913683365778342
4 C0 4 0 127 0
0

0101000
+741 0 -743 0 *
Ve
1e-07
138.293316 -120.988006 0.91
0 0

0101101
*
Ed
 1e-07 1 1 0
1  327 0 0 0.0913679999999886
4 C0 4 0 128 0
0

0101000
+739 0 -741 0 *
Ve
1e-07
138.205061 -120.964358 0.91
0 0

0101101
*
Ed
 1e-07 1 1 0
1  328 0 0 0.0913683365778342
4 C0 4 0 129 0
0

0101000
+737 0 -739 0 *
Ve
1e-07
138.125933 -120.918674 0.91
0 0

0101101
*
Ed
 1e-07 1 1 0
1  329 0 0 0.0913688581520002
4 C0 4 0 130 0
0

0101000
+735 0 -737 0 *
Ve
1e-07
138.061326 -120.854067 0.91
0 0

0101101
*
Ed
 1e-07 1 1 0
1  330 0 0 0.0913680956242318
4 C0 4 0 131 0
0

0101000
+733 0 -735 0 *
Ve
1e-07
138.015642 -120.774939 0.91
0 0

0101101
*
Ed
 1e-07 1 1 0
1  331 0 0 0.0913688581519931
4 C0 4 0 132 0
0

0101000
+731 0 -733 0 *
Ve
1e-07
137.991994 -120.686684 0.91
0 0

0101101
*
Ed
 1e-07 1 1 0
1  332 0 0 0.0913683365778379
4 C0 4 0 133 0
0

0101000
+729 0 -731 0 *
Ve
1e-07
137.991994 -120.595316 0.91
0 0

0101101
*
Ed
 1e-07 1 1 0
1  333 0 0 0.0913680000000028
4 C0 4 0 134 0
0

0101000
+727 0 -729 0 *
Ve
1e-07
138.015642 -120.507061 0.91
0 0

0101101
*
Ed
 1e-07 1 1 0
1  334 0 0 0.0913683365778379
4 C0 4 0 135 0
0

0101000
+725 0 -727 0 *
Ve
1e-07
138.061326 -120.427933 0.91
0 0

0101101
*
Ed
 1e-07 1 1 0
1  335 0 0 0.0913688581519931
4 C0 4 0 136 0
0

0101000
+723 0 -725 0 *
Ed
 1e-07 1 1 0
1  336 0 0 0.0913680956242318
4 C0 4 0 137 0
0

0101000
+767 0 -723 0 *
Wi

0101100
-766 0 -764 0 -762 0 -760 0 -758 0 -756 0 -754 0 -752 0 -750 0 -748 0 
-746 0 -744 0 -742 0 -740 0 -738 0 -736 0 -734 0 -732 0 -730 0 -728 0 
-726 0 -724 0 -722 0 -721 0 *
Ve
1e-07
140.074 -124.621 0.91
0 0

0101101
*
Ve
1e-07
139.474 -124.621 0.91
0 0

0101101
*
Ed
 1e-07 1 1 0
1  337 0 3.14159265358979 6.28318530717959
2  41 138 0 3.14159265358979 6.28318530717959
4 C0 4 0 138 0
0

0101000
+719 0 -718 0 *
Ve
1e-07
139.474 -124.021 0.91
0 0

0101101
*
Ed
 1e-07 1 1 0
1  338 0 -62.6105 -62.0105
4 C0 4 0 139 0
0

0101000
+718 0 -716 0 *
Ve
1e-07
140.074 -124.021 0.91
0 0

0101101
*
Ed
 1e-07 1 1 0
1  339 0 3.14159265358979 6.28318530717959
2  42 140 0 3.14159265358979 6.28318530717959
4 C0 4 0 140 0
0

0101000
+716 0 -714 0 *
Ed
 1e-07 1 1 0
1  340 0 61.7105 62.3105
4 C0 4 0 141 0
0

0101000
+714 0 -719 0 *
Wi

0101100
+717 0 +715 0 +713 0 +712 0 *
Ve
1e-07
140.074 -120.571 0.91
0 0

0101101
*
Ve
1e-07
139.474 -120.571 0.91
0 0

0101101
*
Ed
 1e-07 1 1 0
1  341 0 3.14159265358979 6.28318530717959
2  43 142 0 3.14159265358979 6.28318530717959
4 C0 4 0 142 0
0

0101000
+710 0 -709 0 *
Ve
1e-07
139.474 -119.671 0.91
0 0

0101101
*
Ed
 1e-07 1 1 0
1  342 0 -60.7355 -59.8355
4 C0 4 0 143 0
0

0101000
+709 0 -707 0 *
Ve
1e-07
140.074 -119.671 0.91
0 0

0101101
*
Ed
 1e-07 1 1 0
1  343 0 3.14159265358979 6.28318530717959
2  44 144 0 3.14159265358979 6.28318530717959
4 C0 4 0 144 0
0

0101000
+707 0 -705 0 *
Ed
 1e-07 1 1 0
1  344 0 59.3855 60.2855
4 C0 4 0 145 0
0

0101000
+705 0 -710 0 *
Wi

0101100
+708 0 +706 0 +704 0 +703 0 *
Ve
1e-07
145.736 -106.113 0.91
0 0

0101101
*
Ed
 1e-07 1 1 0
1  345 0 0 6.28318530717959
2  45 146 0 0 6.28318530717959
4 C0 4 0 146 0
0

0101100
+701 0 -701 0 *
Wi

0101100
+700 0 *
Ve
1e-07
145.736 -103.573 0.91
0 0

0101101
*
Ed
 1e-07 1 1 0
1  346 0 0 6.28318530717959
2  46 147 0 0 6.28318530717959
4 C0 4 0 147 0
0

0101100
+698 0 -698 0 *
Wi

0101100
+697 0 *
Ve
1e-07
145.736 -101.033 0.91
0 0

0101101
*
Ed
 1e-07 1 1 0
1  347 0 0 6.28318530717959
2  47 148 0 0 6.28318530717959
4 C0 4 0 148 0
0

0101100
+695 0 -695 0 *
Wi

0101100
+694 0 *
Ve
1e-07
145.5 -93.6 0.91
0 0

0101101
*
Ed
 1e-07 1 1 0
1  348 0 0 6.28318530717959
2  48 149 0 0 6.28318530717959
4 C0 4 0 149 0
0

0101100
+692 0 -692 0 *
Wi

0101100
+691 0 *
Ve
1e-07
111.573 -85.4608 0.91
0 0

0101101
*
Ed
 1e-07 1 1 0
1  349 0 0 6.28318530717959
2  49 150 0 0 6.28318530717959
4 C0 4 0 150 0
0

0101100
+689 0 -689 0 *
Wi

0101100
+688 0 *
Ve
1e-07
105.77039 -68.259672 0.91
0 0

0101101
*
Ve
1e-07
105.634743 -68.337988 0.91
0 0

0101101
*
Ed
 1e-07 1 1 0
1  350 0 0 0.156631747947221
4 C0 4 0 151 0
0

0101000
+686 0 -685 0 *
Ve
1e-07
105.921684 -68.219133 0.91
0 0

0101101
*
Ed
 1e-07 1 1 0
1  351 0 0 0.156631047232014
4 C0 4 0 152 0
0

0101000
+683 0 -686 0 *
Ve
1e-07
106.078316 -68.219133 0.91
0 0

0101101
*
Ed
 1e-07 1 1 0
1  352 0 0 0.156632000000002
4 C0 4 0 153 0
0

0101000
+681 0 -683 0 *
Ve
1e-07
106.22961 -68.259672 0.91
0 0

0101101
*
Ed
 1e-07 1 1 0
1  353 0 0 0.156631047232014
4 C0 4 0 154 0
0

0101000
+679 0 -681 0 *
Ve
1e-07
106.365257 -68.337988 0.91
0 0

0101101
*
Ed
 1e-07 1 1 0
1  354 0 0 0.156631747947221
4 C0 4 0 155 0
0

0101000
+677 0 -679 0 *
Ve
1e-07
106.476012 -68.448743 0.91
0 0

0101101
*
Ed
 1e-07 1 1 0
1  355 0 0 0.156631223100629
4 C0 4 0 156 0
0

0101000
+675 0 -677 0 *
Ve
1e-07
106.554328 -68.58439 0.91
0 0

0101101
*
Ed
 1e-07 1 1 0
1  356 0 0 0.156631747947221
4 C0 4 0 157 0
0

0101000
+673 0 -675 0 *
Ve
1e-07
106.594867 -68.735684 0.91
0 0

0101101
*
Ed
 1e-07 1 1 0
1  357 0 0 0.156631047232028
4 C0 4 0 158 0
0

0101000
+671 0 -673 0 *
Ve
1e-07
106.594867 -68.892316 0.91
0 0

0101101
*
Ed
 1e-07 1 1 0
1  358 0 0 0.156631999999988
4 C0 4 0 159 0
0

0101000
+669 0 -671 0 *
Ve
1e-07
106.554328 -69.04361 0.91
0 0

0101101
*
Ed
 1e-07 1 1 0
1  359 0 0 0.156631047232028
4 C0 4 0 160 0
0

0101000
+667 0 -669 0 *
Ve
1e-07
106.476012 -69.179257 0.91
0 0

0101101
*
Ed
 1e-07 1 1 0
1  360 0 0 0.156631747947221
4 C0 4 0 161 0
0

0101000
+665 0 -667 0 *
Ve
1e-07
106.365257 -69.290012 0.91
0 0

0101101
*
Ed
 1e-07 1 1 0
1  361 0 0 0.156631223100629
4 C0 4 0 162 0
0

0101000
+663 0 -665 0 *
Ve
1e-07
106.22961 -69.368328 0.91
0 0

0101101
*
Ed
 1e-07 1 1 0
1  362 0 0 0.156631747947221
4 C0 4 0 163 0
0

0101000
+661 0 -663 0 *
Ve
1e-07
106.078316 -69.408867 0.91
0 0

0101101
*
Ed
 1e-07 1 1 0
1  363 0 0 0.156631047232014
4 C0 4 0 164 0
0

0101000
+659 0 -661 0 *
Ve
1e-07
105.921684 -69.408867 0.91
0 0

0101101
*
Ed
 1e-07 1 1 0
1  364 0 0 0.156632000000002
4 C0 4 0 165 0
0

0101000
+657 0 -659 0 *
Ve
1e-07
105.77039 -69.368328 0.91
0 0

0101101
*
Ed
 1e-07 1 1 0
1  365 0 0 0.156631047232014
4 C0 4 0 166 0
0

0101000
+655 0 -657 0 *
Ve
1e-07
105.634743 -69.290012 0.91
0 0

0101101
*
Ed
 1e-07 1 1 0
1  366 0 0 0.156631747947221
4 C0 4 0 167 0
0

0101000
+653 0 -655 0 *
Ve
1e-07
105.523988 -69.179257 0.91
0 0

0101101
*
Ed
 1e-07 1 1 0
1  367 0 0 0.156631223100629
4 C0 4 0 168 0
0

0101000
+651 0 -653 0 *
Ve
1e-07
105.445672 -69.04361 0.91
0 0

0101101
*
Ed
 1e-07 1 1 0
1  368 0 0 0.156631747947221
4 C0 4 0 169 0
0

0101000
+649 0 -651 0 *
Ve
1e-07
105.405133 -68.892316 0.91
0 0

0101101
*
Ed
 1e-07 1 1 0
1  369 0 0 0.156631047232028
4 C0 4 0 170 0
0

0101000
+647 0 -649 0 *
Ve
1e-07
105.405133 -68.735684 0.91
0 0

0101101
*
Ed
 1e-07 1 1 0
1  370 0 0 0.156631999999988
4 C0 4 0 171 0
0

0101000
+645 0 -647 0 *
Ve
1e-07
105.445672 -68.58439 0.91
0 0

0101101
*
Ed
 1e-07 1 1 0
1  371 0 0 0.156631047232028
4 C0 4 0 172 0
0

0101000
+643 0 -645 0 *
Ve
1e-07
105.523988 -68.448743 0.91
0 0

0101101
*
Ed
 1e-07 1 1 0
1  372 0 0 0.156631747947221
4 C0 4 0 173 0
0

0101000
+641 0 -643 0 *
Ed
 1e-07 1 1 0
1  373 0 0 0.156631223100629
4 C0 4 0 174 0
0

0101000
+685 0 -641 0 *
Wi

0101100
-684 0 -682 0 -680 0 -678 0 -676 0 -674 0 -672 0 -670 0 -668 0 -666 0 
-664 0 -662 0 -660 0 -658 0 -656 0 -654 0 -652 0 -650 0 -648 0 -646 0 
-644 0 -642 0 -640 0 -639 0 *
Ve
1e-07
105.77039 -60.259672 0.91
0 0

0101101
*
Ve
1e-07
105.634743 -60.337988 0.91
0 0

0101101
*
Ed
 1e-07 1 1 0
1  374 0 0 0.156631747947221
4 C0 4 0 175 0
0

0101000
+637 0 -636 0 *
Ve
1e-07
105.921684 -60.219133 0.91
0 0

0101101
*
Ed
 1e-07 1 1 0
1  375 0 0 0.156631047232016
4 C0 4 0 176 0
0

0101000
+634 0 -637 0 *
Ve
1e-07
106.078316 -60.219133 0.91
0 0

0101101
*
Ed
 1e-07 1 1 0
1  376 0 0 0.156632000000002
4 C0 4 0 177 0
0

0101000
+632 0 -634 0 *
Ve
1e-07
106.22961 -60.259672 0.91
0 0

0101101
*
Ed
 1e-07 1 1 0
1  377 0 0 0.156631047232016
4 C0 4 0 178 0
0

0101000
+630 0 -632 0 *
Ve
1e-07
106.365257 -60.337988 0.91
0 0

0101101
*
Ed
 1e-07 1 1 0
1  378 0 0 0.156631747947221
4 C0 4 0 179 0
0

0101000
+628 0 -630 0 *
Ve
1e-07
106.476012 -60.448743 0.91
0 0

0101101
*
Ed
 1e-07 1 1 0
1  379 0 0 0.156631223100629
4 C0 4 0 180 0
0

0101000
+626 0 -628 0 *
Ve
1e-07
106.554328 -60.58439 0.91
0 0

0101101
*
Ed
 1e-07 1 1 0
1  380 0 0 0.156631747947215
4 C0 4 0 181 0
0

0101000
+624 0 -626 0 *
Ve
1e-07
106.594867 -60.735684 0.91
0 0

0101101
*
Ed
 1e-07 1 1 0
1  381 0 0 0.156631047232021
4 C0 4 0 182 0
0

0101000
+622 0 -624 0 *
Ve
1e-07
106.594867 -60.892316 0.91
0 0

0101101
*
Ed
 1e-07 1 1 0
1  382 0 0 0.156632000000002
4 C0 4 0 183 0
0

0101000
+620 0 -622 0 *
Ve
1e-07
106.554328 -61.04361 0.91
0 0

0101101
*
Ed
 1e-07 1 1 0
1  383 0 0 0.156631047232021
4 C0 4 0 184 0
0

0101000
+618 0 -620 0 *
Ve
1e-07
106.476012 -61.179257 0.91
0 0

0101101
*
Ed
 1e-07 1 1 0
1  384 0 0 0.156631747947215
4 C0 4 0 185 0
0

0101000
+616 0 -618 0 *
Ve
1e-07
106.365257 -61.290012 0.91
0 0

0101101
*
Ed
 1e-07 1 1 0
1  385 0 0 0.156631223100629
4 C0 4 0 186 0
0

0101000
+614 0 -616 0 *
Ve
1e-07
106.22961 -61.368328 0.91
0 0

0101101
*
Ed
 1e-07 1 1 0
1  386 0 0 0.156631747947221
4 C0 4 0 187 0
0

0101000
+612 0 -614 0 *
Ve
1e-07
106.078316 -61.408867 0.91
0 0

0101101
*
Ed
 1e-07 1 1 0
1  387 0 0 0.156631047232016
4 C0 4 0 188 0
0

0101000
+610 0 -612 0 *
Ve
1e-07
105.921684 -61.408867 0.91
0 0

0101101
*
Ed
 1e-07 1 1 0
1  388 0 0 0.156632000000002
4 C0 4 0 189 0
0

0101000
+608 0 -610 0 *
Ve
1e-07
105.77039 -61.368328 0.91
0 0

0101101
*
Ed
 1e-07 1 1 0
1  389 0 0 0.156631047232016
4 C0 4 0 190 0
0

0101000
+606 0 -608 0 *
Ve
1e-07
105.634743 -61.290012 0.91
0 0

0101101
*
Ed
 1e-07 1 1 0
1  390 0 0 0.156631747947221
4 C0 4 0 191 0
0

0101000
+604 0 -606 0 *
Ve
1e-07
105.523988 -61.179257 0.91
0 0

0101101
*
Ed
 1e-07 1 1 0
1  391 0 0 0.156631223100629
4 C0 4 0 192 0
0

0101000
+602 0 -604 0 *
Ve
1e-07
105.445672 -61.04361 0.91
0 0

0101101
*
Ed
 1e-07 1 1 0
1  392 0 0 0.156631747947215
4 C0 4 0 193 0
0

0101000
+600 0 -602 0 *
Ve
1e-07
105.405133 -60.892316 0.91
0 0

0101101
*
Ed
 1e-07 1 1 0
1  393 0 0 0.156631047232021
4 C0 4 0 194 0
0

0101000
+598 0 -600 0 *
Ve
1e-07
105.405133 -60.735684 0.91
0 0

0101101
*
Ed
 1e-07 1 1 0
1  394 0 0 0.156632000000002
4 C0 4 0 195 0
0

0101000
+596 0 -598 0 *
Ve
1e-07
105.445672 -60.58439 0.91
0 0

0101101
*
Ed
 1e-07 1 1 0
1  395 0 0 0.156631047232021
4 C0 4 0 196 0
0

0101000
+594 0 -596 0 *
Ve
1e-07
105.523988 -60.448743 0.91
0 0

0101101
*
Ed
 1e-07 1 1 0
1  396 0 0 0.156631747947215
4 C0 4 0 197 0
0

0101000
+592 0 -594 0 *
Ed
 1e-07 1 1 0
1  397 0 0 0.156631223100629
4 C0 4 0 198 0
0

0101000
+636 0 -592 0 *
Wi

0101100
-635 0 -633 0 -631 0 -629 0 -627 0 -625 0 -623 0 -621 0 -619 0 -617 0 
-615 0 -613 0 -611 0 -609 0 -607 0 -605 0 -603 0 -601 0 -599 0 -597 0 
-595 0 -593 0 -591 0 -590 0 *
Ve
1e-07
110.8085 -54.8485 0.91
0 0

0101101
*
Ed
 1e-07 1 1 0
1  398 0 0 6.28318530717959
2  50 199 0 0 6.28318530717959
4 C0 4 0 199 0
0

0101100
+588 0 -588 0 *
Wi

0101100
+587 0 *
Fa
0  1e-07 4 0

0111000
+975 0 +910 0 +907 0 +842 0 +839 0 +836 0 +827 0 +778 0 +769 0 +720 0 
+711 0 +702 0 +699 0 +696 0 +693 0 +690 0 +687 0 +638 0 +589 0 +586 0 
*
Ed
 1e-07 1 1 0
1  399 0 0 0.91
2  51 6 0 0 0.91
4 G1 6 0 8 0
0

0101000
+1400 0 -992 0 *
Wi

0101100
+584 0 +991 0 -1412 0 -1399 0 *
Fa
0  1e-07 6 0

0111000
+583 0 *
Ed
 1e-07 1 1 0
1  400 0 0 0.91
2  52 7 0 0 0.91
4 G1 7 0 14 0
0

0101000
+1386 0 -978 0 *
Wi

0101100
+1404 0 +976 0 -581 0 -1384 0 *
Fa
0  1e-07 7 0

0111000
+580 0 *
Ed
 1e-07 1 1 0
1  401 0 0 0.91
2  53 9 0 0 0.91
4 G1 8 0 9 0
0

0101000
+1398 0 -990 0 *
Wi

0101100
+578 0 +989 0 -584 0 -1397 0 *
Fa
0  1e-07 8 0

0111000
+577 0 *
Ed
 1e-07 1 1 0
1  402 0 0 0.91
2  54 13 0 0 0.91
4 G1 14 0 13 0
0

0101000
+1388 0 -980 0 *
Wi

0101100
+581 0 +977 0 -575 0 -1385 0 *
Fa
0  1e-07 14 0

0111000
+574 0 *
Ed
 1e-07 1 1 0
1  403 0 0 0.91
2  55 9 0 0 0.91
4 G1 9 0 10 0
0

0101000
+1396 0 -988 0 *
Wi

0101100
+572 0 +987 0 -578 0 -1395 0 *
Fa
0  1e-07 9 0

0111000
+571 0 *
Ed
 1e-07 1 1 0
1  404 0 0 0.91
2  56 13 0 0 0.91
4 G1 13 0 12 0
0

0101000
+1390 0 -982 0 *
Wi

0101100
+575 0 +979 0 -569 0 -1387 0 *
Fa
0  1e-07 13 0

0111000
+568 0 *
Ed
 1e-07 1 1 0
1  405 0 0 0.91
2  57 11 0 0 0.91
4 C0 10 0 11 0
0

0101000
+1394 0 -986 0 *
Wi

0101100
+566 0 +985 0 -572 0 -1393 0 *
Fa
0  1e-07 10 0

0111000
+565 0 *
Ed
 1e-07 1 1 0
1  406 0 0 0.91
2  58 11 0 0 0.91
4 C0 12 0 11 0
0

0101000
+1392 0 -984 0 *
Wi

0101100
+569 0 +981 0 -563 0 -1389 0 *
Fa
0  1e-07 12 0

0111000
+562 0 *
Wi

0101100
+1391 0 +566 0 -983 0 -563 0 *
Fa
0  1e-07 11 0

0111000
+560 0 *
Ed
 1e-07 1 1 0
1  407 0 0 0.91
4 C0 15 0 16 0
0

0101000
+1382 0 -974 0 *
Ed
 1e-07 1 1 0
1  408 0 0 0.91
4 C0 15 0 46 0
0

0101000
+1381 0 -973 0 *
Wi

0101100
+558 0 +972 0 -557 0 -1380 0 *
Fa
0  1e-07 15 0

0111000
+556 0 *
Ed
 1e-07 1 1 0
1  409 0 0 0.91
4 C0 16 0 17 0
0

0101000
+1379 0 -971 0 *
Wi

0101100
+554 0 +970 0 -558 0 -1378 0 *
Fa
0  1e-07 16 0

0111000
+553 0 *
Ed
 1e-07 1 1 0
1  410 0 0 0.91
4 C0 46 0 45 0
0

0101000
+1321 0 -913 0 *
Wi

0101100
+557 0 +911 0 -551 0 -1319 0 *
Fa
0  1e-07 46 0

0111000
+550 0 *
Ed
 1e-07 1 1 0
1  411 0 0 0.91
4 C0 17 0 18 0
0

0101000
+1377 0 -969 0 *
Wi

0101100
+548 0 +968 0 -554 0 -1376 0 *
Fa
0  1e-07 17 0

0111000
+547 0 *
Ed
 1e-07 1 1 0
1  412 0 0 0.91
4 C0 45 0 44 0
0

0101000
+1323 0 -915 0 *
Wi

0101100
+551 0 +912 0 -545 0 -1320 0 *
Fa
0  1e-07 45 0

0111000
+544 0 *
Ed
 1e-07 1 1 0
1  413 0 0 0.91
4 C0 18 0 19 0
0

0101000
+1375 0 -967 0 *
Wi

0101100
+542 0 +966 0 -548 0 -1374 0 *
Fa
0  1e-07 18 0

0111000
+541 0 *
Ed
 1e-07 1 1 0
1  414 0 0 0.91
4 C0 44 0 43 0
0

0101000
+1325 0 -917 0 *
Wi

0101100
+545 0 +914 0 -539 0 -1322 0 *
Fa
0  1e-07 44 0

0111000
+538 0 *
Ed
 1e-07 1 1 0
1  415 0 0 0.91
4 C0 19 0 20 0
0

0101000
+1373 0 -965 0 *
Wi

0101100
+536 0 +964 0 -542 0 -1372 0 *
Fa
0  1e-07 19 0

0111000
+535 0 *
Ed
 1e-07 1 1 0
1  416 0 0 0.91
4 C0 43 0 42 0
0

0101000
+1327 0 -919 0 *
Wi

0101100
+539 0 +916 0 -533 0 -1324 0 *
Fa
0  1e-07 43 0

0111000
+532 0 *
Ed
 1e-07 1 1 0
1  417 0 0 0.91
4 C0 20 0 21 0
0

0101000
+1371 0 -963 0 *
Wi

0101100
+530 0 +962 0 -536 0 -1370 0 *
Fa
0  1e-07 20 0

0111000
+529 0 *
Ed
 1e-07 1 1 0
1  418 0 0 0.91
4 C0 42 0 41 0
0

0101000
+1329 0 -921 0 *
Wi

0101100
+533 0 +918 0 -527 0 -1326 0 *
Fa
0  1e-07 42 0

0111000
+526 0 *
Ed
 1e-07 1 1 0
1  419 0 0 0.91
4 C0 21 0 22 0
0

0101000
+1369 0 -961 0 *
Wi

0101100
+524 0 +960 0 -530 0 -1368 0 *
Fa
0  1e-07 21 0

0111000
+523 0 *
Ed
 1e-07 1 1 0
1  420 0 0 0.91
4 C0 41 0 40 0
0

0101000
+1331 0 -923 0 *
Wi

0101100
+527 0 +920 0 -521 0 -1328 0 *
Fa
0  1e-07 41 0

0111000
+520 0 *
Ed
 1e-07 1 1 0
1  421 0 0 0.91
4 C0 22 0 23 0
0

0101000
+1367 0 -959 0 *
Wi

0101100
+518 0 +958 0 -524 0 -1366 0 *
Fa
0  1e-07 22 0

0111000
+517 0 *
Ed
 1e-07 1 1 0
1  422 0 0 0.91
4 C0 40 0 39 0
0

0101000
+1333 0 -925 0 *
Wi

0101100
+521 0 +922 0 -515 0 -1330 0 *
Fa
0  1e-07 40 0

0111000
+514 0 *
Ed
 1e-07 1 1 0
1  423 0 0 0.91
4 C0 23 0 24 0
0

0101000
+1365 0 -957 0 *
Wi

0101100
+512 0 +956 0 -518 0 -1364 0 *
Fa
0  1e-07 23 0

0111000
+511 0 *
Ed
 1e-07 1 1 0
1  424 0 0 0.91
4 C0 39 0 38 0
0

0101000
+1335 0 -927 0 *
Wi

0101100
+515 0 +924 0 -509 0 -1332 0 *
Fa
0  1e-07 39 0

0111000
+508 0 *
Ed
 1e-07 1 1 0
1  425 0 0 0.91
4 C0 24 0 25 0
0

0101000
+1363 0 -955 0 *
Wi

0101100
+506 0 +954 0 -512 0 -1362 0 *
Fa
0  1e-07 24 0

0111000
+505 0 *
Ed
 1e-07 1 1 0
1  426 0 0 0.91
4 C0 38 0 37 0
0

0101000
+1337 0 -929 0 *
Wi

0101100
+509 0 +926 0 -503 0 -1334 0 *
Fa
0  1e-07 38 0

0111000
+502 0 *
Ed
 1e-07 1 1 0
1  427 0 0 0.91
4 C0 25 0 26 0
0

0101000
+1361 0 -953 0 *
Wi

0101100
+500 0 +952 0 -506 0 -1360 0 *
Fa
0  1e-07 25 0

0111000
+499 0 *
Ed
 1e-07 1 1 0
1  428 0 0 0.91
4 C0 37 0 36 0
0

0101000
+1339 0 -931 0 *
Wi

0101100
+503 0 +928 0 -497 0 -1336 0 *
Fa
0  1e-07 37 0

0111000
+496 0 *
Ed
 1e-07 1 1 0
1  429 0 0 0.91
4 C0 26 0 27 0
0

0101000
+1359 0 -951 0 *
Wi

0101100
+494 0 +950 0 -500 0 -1358 0 *
Fa
0  1e-07 26 0

0111000
+493 0 *
Ed
 1e-07 1 1 0
1  430 0 0 0.91
4 C0 36 0 35 0
0

0101000
+1341 0 -933 0 *
Wi

0101100
+497 0 +930 0 -491 0 -1338 0 *
Fa
0  1e-07 36 0

0111000
+490 0 *
Ed
 1e-07 1 1 0
1  431 0 0 0.91
4 C0 27 0 28 0
0

0101000
+1357 0 -949 0 *
Wi

0101100
+488 0 +948 0 -494 0 -1356 0 *
Fa
0  1e-07 27 0

0111000
+487 0 *
Ed
 1e-07 1 1 0
1  432 0 0 0.91
4 C0 35 0 34 0
0

0101000
+1343 0 -935 0 *
Wi

0101100
+491 0 +932 0 -485 0 -1340 0 *
Fa
0  1e-07 35 0

0111000
+484 0 *
Ed
 1e-07 1 1 0
1  433 0 0 0.91
4 C0 28 0 29 0
0

0101000
+1355 0 -947 0 *
Wi

0101100
+482 0 +946 0 -488 0 -1354 0 *
Fa
0  1e-07 28 0

0111000
+481 0 *
Ed
 1e-07 1 1 0
1  434 0 0 0.91
4 C0 34 0 33 0
0

0101000
+1345 0 -937 0 *
Wi

0101100
+485 0 +934 0 -479 0 -1342 0 *
Fa
0  1e-07 34 0

0111000
+478 0 *
Ed
 1e-07 1 1 0
1  435 0 0 0.91
4 C0 29 0 30 0
0

0101000
+1353 0 -945 0 *
Wi

0101100
+476 0 +944 0 -482 0 -1352 0 *
Fa
0  1e-07 29 0

0111000
+475 0 *
Ed
 1e-07 1 1 0
1  436 0 0 0.91
4 C0 33 0 32 0
0

0101000
+1347 0 -939 0 *
Wi

0101100
+479 0 +936 0 -473 0 -1344 0 *
Fa
0  1e-07 33 0

0111000
+472 0 *
Ed
 1e-07 1 1 0
1  437 0 0 0.91
4 C0 30 0 31 0
0

0101000
+1351 0 -943 0 *
Wi

0101100
+470 0 +942 0 -476 0 -1350 0 *
Fa
0  1e-07 30 0

0111000
+469 0 *
Ed
 1e-07 1 1 0
1  438 0 0 0.91
4 C0 32 0 31 0
0

0101000
+1349 0 -941 0 *
Wi

0101100
+473 0 +938 0 -467 0 -1346 0 *
Fa
0  1e-07 32 0

0111000
+466 0 *
Wi

0101100
+467 0 +940 0 -470 0 -1348 0 *
Fa
0  1e-07 31 0

0111000
+464 0 *
Ed
 1e-07 1 1 0
1  439 0 0.046 0.956
3  59 60CN 47 0 0.046 0.956
0

0101000
+1317 0 -909 0 *
Wi

0101100
+462 0 +908 0 -462 0 -1316 0 *
Fa
0  1e-07 47 0

0111000
+461 0 *
Ed
 1e-07 1 1 0
1  440 0 0 0.91
4 C0 48 0 49 0
0

0101000
+1314 0 -906 0 *
Ed
 1e-07 1 1 0
1  441 0 0 0.91
4 C0 48 0 79 0
0

0101000
+1313 0 -905 0 *
Wi

0101100
+459 0 +904 0 -458 0 -1312 0 *
Fa
0  1e-07 48 0

0111000
+457 0 *
Ed
 1e-07 1 1 0
1  442 0 0 0.91
4 C0 49 0 50 0
0

0101000
+1311 0 -903 0 *
Wi

0101100
+455 0 +902 0 -459 0 -1310 0 *
Fa
0  1e-07 49 0

0111000
+454 0 *
Ed
 1e-07 1 1 0
1  443 0 0 0.91
4 C0 79 0 78 0
0

0101000
+1253 0 -845 0 *
Wi

0101100
+458 0 +843 0 -452 0 -1251 0 *
Fa
0  1e-07 79 0

0111000
+451 0 *
Ed
 1e-07 1 1 0
1  444 0 0 0.91
4 C0 50 0 51 0
0

0101000
+1309 0 -901 0 *
Wi

0101100
+449 0 +900 0 -455 0 -1308 0 *
Fa
0  1e-07 50 0

0111000
+448 0 *
Ed
 1e-07 1 1 0
1  445 0 0 0.91
4 C0 78 0 77 0
0

0101000
+1255 0 -847 0 *
Wi

0101100
+452 0 +844 0 -446 0 -1252 0 *
Fa
0  1e-07 78 0

0111000
+445 0 *
Ed
 1e-07 1 1 0
1  446 0 0 0.91
4 C0 51 0 52 0
0

0101000
+1307 0 -899 0 *
Wi

0101100
+443 0 +898 0 -449 0 -1306 0 *
Fa
0  1e-07 51 0

0111000
+442 0 *
Ed
 1e-07 1 1 0
1  447 0 0 0.91
4 C0 77 0 76 0
0

0101000
+1257 0 -849 0 *
Wi

0101100
+446 0 +846 0 -440 0 -1254 0 *
Fa
0  1e-07 77 0

0111000
+439 0 *
Ed
 1e-07 1 1 0
1  448 0 0 0.91
4 C0 52 0 53 0
0

0101000
+1305 0 -897 0 *
Wi

0101100
+437 0 +896 0 -443 0 -1304 0 *
Fa
0  1e-07 52 0

0111000
+436 0 *
Ed
 1e-07 1 1 0
1  449 0 0 0.91
4 C0 76 0 75 0
0

0101000
+1259 0 -851 0 *
Wi

0101100
+440 0 +848 0 -434 0 -1256 0 *
Fa
0  1e-07 76 0

0111000
+433 0 *
Ed
 1e-07 1 1 0
1  450 0 0 0.91
4 C0 53 0 54 0
0

0101000
+1303 0 -895 0 *
Wi

0101100
+431 0 +894 0 -437 0 -1302 0 *
Fa
0  1e-07 53 0

0111000
+430 0 *
Ed
 1e-07 1 1 0
1  451 0 0 0.91
4 C0 75 0 74 0
0

0101000
+1261 0 -853 0 *
Wi

0101100
+434 0 +850 0 -428 0 -1258 0 *
Fa
0  1e-07 75 0

0111000
+427 0 *
Ed
 1e-07 1 1 0
1  452 0 0 0.91
4 C0 54 0 55 0
0

0101000
+1301 0 -893 0 *
Wi

0101100
+425 0 +892 0 -431 0 -1300 0 *
Fa
0  1e-07 54 0

0111000
+424 0 *
Ed
 1e-07 1 1 0
1  453 0 0 0.91
4 C0 74 0 73 0
0

0101000
+1263 0 -855 0 *
Wi

0101100
+428 0 +852 0 -422 0 -1260 0 *
Fa
0  1e-07 74 0

0111000
+421 0 *
Ed
 1e-07 1 1 0
1  454 0 0 0.91
4 C0 55 0 56 0
0

0101000
+1299 0 -891 0 *
Wi

0101100
+419 0 +890 0 -425 0 -1298 0 *
Fa
0  1e-07 55 0

0111000
+418 0 *
Ed
 1e-07 1 1 0
1  455 0 0 0.91
4 C0 73 0 72 0
0

0101000
+1265 0 -857 0 *
Wi

0101100
+422 0 +854 0 -416 0 -1262 0 *
Fa
0  1e-07 73 0

0111000
+415 0 *
Ed
 1e-07 1 1 0
1  456 0 0 0.91
4 C0 56 0 57 0
0

0101000
+1297 0 -889 0 *
Wi

0101100
+413 0 +888 0 -419 0 -1296 0 *
Fa
0  1e-07 56 0

0111000
+412 0 *
Ed
 1e-07 1 1 0
1  457 0 0 0.91
4 C0 72 0 71 0
0

0101000
+1267 0 -859 0 *
Wi

0101100
+416 0 +856 0 -410 0 -1264 0 *
Fa
0  1e-07 72 0

0111000
+409 0 *
Ed
 1e-07 1 1 0
1  458 0 0 0.91
4 C0 57 0 58 0
0

0101000
+1295 0 -887 0 *
Wi

0101100
+407 0 +886 0 -413 0 -1294 0 *
Fa
0  1e-07 57 0

0111000
+406 0 *
Ed
 1e-07 1 1 0
1  459 0 0 0.91
4 C0 71 0 70 0
0

0101000
+1269 0 -861 0 *
Wi

0101100
+410 0 +858 0 -404 0 -1266 0 *
Fa
0  1e-07 71 0

0111000
+403 0 *
Ed
 1e-07 1 1 0
1  460 0 0 0.91
4 C0 58 0 59 0
0

0101000
+1293 0 -885 0 *
Wi

0101100
+401 0 +884 0 -407 0 -1292 0 *
Fa
0  1e-07 58 0

0111000
+400 0 *
Ed
 1e-07 1 1 0
1  461 0 0 0.91
4 C0 70 0 69 0
0

0101000
+1271 0 -863 0 *
Wi

0101100
+404 0 +860 0 -398 0 -1268 0 *
Fa
0  1e-07 70 0

0111000
+397 0 *
Ed
 1e-07 1 1 0
1  462 0 0 0.91
4 C0 59 0 60 0
0

0101000
+1291 0 -883 0 *
Wi

0101100
+395 0 +882 0 -401 0 -1290 0 *
Fa
0  1e-07 59 0

0111000
+394 0 *
Ed
 1e-07 1 1 0
1  463 0 0 0.91
4 C0 69 0 68 0
0

0101000
+1273 0 -865 0 *
Wi

0101100
+398 0 +862 0 -392 0 -1270 0 *
Fa
0  1e-07 69 0

0111000
+391 0 *
Ed
 1e-07 1 1 0
1  464 0 0 0.91
4 C0 60 0 61 0
0

0101000
+1289 0 -881 0 *
Wi

0101100
+389 0 +880 0 -395 0 -1288 0 *
Fa
0  1e-07 60 0

0111000
+388 0 *
Ed
 1e-07 1 1 0
1  465 0 0 0.91
4 C0 68 0 67 0
0

0101000
+1275 0 -867 0 *
Wi

0101100
+392 0 +864 0 -386 0 -1272 0 *
Fa
0  1e-07 68 0

0111000
+385 0 *
Ed
 1e-07 1 1 0
1  466 0 0 0.91
4 C0 61 0 62 0
0

0101000
+1287 0 -879 0 *
Wi

0101100
+383 0 +878 0 -389 0 -1286 0 *
Fa
0  1e-07 61 0

0111000
+382 0 *
Ed
 1e-07 1 1 0
1  467 0 0 0.91
4 C0 67 0 66 0
0

0101000
+1277 0 -869 0 *
Wi

0101100
+386 0 +866 0 -380 0 -1274 0 *
Fa
0  1e-07 67 0

0111000
+379 0 *
Ed
 1e-07 1 1 0
1  468 0 0 0.91
4 C0 62 0 63 0
0

0101000
+1285 0 -877 0 *
Wi

0101100
+377 0 +876 0 -383 0 -1284 0 *
Fa
0  1e-07 62 0

0111000
+376 0 *
Ed
 1e-07 1 1 0
1  469 0 0 0.91
4 C0 66 0 65 0
0

0101000
+1279 0 -871 0 *
Wi

0101100
+380 0 +868 0 -374 0 -1276 0 *
Fa
0  1e-07 66 0

0111000
+373 0 *
Ed
 1e-07 1 1 0
1  470 0 0 0.91
4 C0 63 0 64 0
0

0101000
+1283 0 -875 0 *
Wi

0101100
+371 0 +874 0 -377 0 -1282 0 *
Fa
0  1e-07 63 0

0111000
+370 0 *
Ed
 1e-07 1 1 0
1  471 0 0 0.91
4 C0 65 0 64 0
0

0101000
+1281 0 -873 0 *
Wi

0101100
+374 0 +870 0 -368 0 -1278 0 *
Fa
0  1e-07 65 0

0111000
+367 0 *
Wi

0101100
+368 0 +872 0 -371 0 -1280 0 *
Fa
0  1e-07 64 0

0111000
+365 0 *
Ed
 1e-07 1 1 0
1  472 0 0.046 0.956
3  61 62CN 80 0 0.046 0.956
0

0101000
+1249 0 -841 0 *
Wi

0101100
+363 0 +840 0 -363 0 -1248 0 *
Fa
0  1e-07 80 0

0111000
+362 0 *
Ed
 1e-07 1 1 0
1  473 0 0.046 0.956
3  63 64CN 81 0 0.046 0.956
0

0101000
+1246 0 -838 0 *
Wi

0101100
+360 0 +837 0 -360 0 -1245 0 *
Fa
0  1e-07 81 0

0111000
+359 0 *
Ed
 1e-07 1 1 0
1  474 0 0.046 0.956
2  65 82 0 0.046 0.956
4 G1 82 0 85 0
0

0101000
+1243 0 -835 0 *
Ed
 1e-07 1 1 0
1  475 0 0.046 0.956
2  66 82 0 0.046 0.956
4 G1 82 0 83 0
0

0101000
+1242 0 -834 0 *
Wi

0101100
+357 0 +833 0 -356 0 -1241 0 *
Fa
0  1e-07 82 0

0111000
+355 0 *
Ed
 1e-07 1 1 0
1  476 0 0.046 0.956
2  67 84 0 0.046 0.956
4 G1 85 0 84 0
0

0101000
+1238 0 -830 0 *
Wi

0101100
+1236 0 +357 0 -828 0 -353 0 *
Fa
0  1e-07 85 0

0111000
+352 0 *
Ed
 1e-07 1 1 0
1  477 0 0.046 0.956
2  68 84 0 0.046 0.956
4 G1 84 0 83 0
0

0101000
+1240 0 -832 0 *
Wi

0101100
+350 0 +829 0 -353 0 -1237 0 *
Fa
0  1e-07 84 0

0111000
+349 0 *
Wi

0101100
+1239 0 +350 0 -831 0 -356 0 *
Fa
0  1e-07 83 0

0111000
+347 0 *
Ed
 1e-07 1 1 0
1  478 0 0 0.91
4 C0 86 0 87 0
0

0101000
+1234 0 -826 0 *
Ed
 1e-07 1 1 0
1  479 0 0 0.91
4 C0 86 0 109 0
0

0101000
+1233 0 -825 0 *
Wi

0101100
+345 0 +824 0 -344 0 -1232 0 *
Fa
0  1e-07 86 0

0111000
+343 0 *
Ed
 1e-07 1 1 0
1  480 0 0 0.91
4 C0 87 0 88 0
0

0101000
+1231 0 -823 0 *
Wi

0101100
+341 0 +822 0 -345 0 -1230 0 *
Fa
0  1e-07 87 0

0111000
+340 0 *
Ed
 1e-07 1 1 0
1  481 0 0 0.91
4 C0 109 0 108 0
0

0101000
+1189 0 -781 0 *
Wi

0101100
+344 0 +779 0 -338 0 -1187 0 *
Fa
0  1e-07 109 0

0111000
+337 0 *
Ed
 1e-07 1 1 0
1  482 0 0 0.91
4 C0 88 0 89 0
0

0101000
+1229 0 -821 0 *
Wi

0101100
+335 0 +820 0 -341 0 -1228 0 *
Fa
0  1e-07 88 0

0111000
+334 0 *
Ed
 1e-07 1 1 0
1  483 0 0 0.91
4 C0 108 0 107 0
0

0101000
+1191 0 -783 0 *
Wi

0101100
+338 0 +780 0 -332 0 -1188 0 *
Fa
0  1e-07 108 0

0111000
+331 0 *
Ed
 1e-07 1 1 0
1  484 0 0 0.91
4 C0 89 0 90 0
0

0101000
+1227 0 -819 0 *
Wi

0101100
+329 0 +818 0 -335 0 -1226 0 *
Fa
0  1e-07 89 0

0111000
+328 0 *
Ed
 1e-07 1 1 0
1  485 0 0 0.91
4 C0 107 0 106 0
0

0101000
+1193 0 -785 0 *
Wi

0101100
+332 0 +782 0 -326 0 -1190 0 *
Fa
0  1e-07 107 0

0111000
+325 0 *
Ed
 1e-07 1 1 0
1  486 0 0 0.91
4 C0 90 0 91 0
0

0101000
+1225 0 -817 0 *
Wi

0101100
+323 0 +816 0 -329 0 -1224 0 *
Fa
0  1e-07 90 0

0111000
+322 0 *
Ed
 1e-07 1 1 0
1  487 0 0 0.91
4 C0 106 0 105 0
0

0101000
+1195 0 -787 0 *
Wi

0101100
+326 0 +784 0 -320 0 -1192 0 *
Fa
0  1e-07 106 0

0111000
+319 0 *
Ed
 1e-07 1 1 0
1  488 0 0 0.91
4 C0 91 0 92 0
0

0101000
+1223 0 -815 0 *
Wi

0101100
+317 0 +814 0 -323 0 -1222 0 *
Fa
0  1e-07 91 0

0111000
+316 0 *
Ed
 1e-07 1 1 0
1  489 0 0 0.91
4 C0 105 0 104 0
0

0101000
+1197 0 -789 0 *
Wi

0101100
+320 0 +786 0 -314 0 -1194 0 *
Fa
0  1e-07 105 0

0111000
+313 0 *
Ed
 1e-07 1 1 0
1  490 0 0 0.91
4 C0 92 0 93 0
0

0101000
+1221 0 -813 0 *
Wi

0101100
+311 0 +812 0 -317 0 -1220 0 *
Fa
0  1e-07 92 0

0111000
+310 0 *
Ed
 1e-07 1 1 0
1  491 0 0 0.91
4 C0 104 0 103 0
0

0101000
+1199 0 -791 0 *
Wi

0101100
+314 0 +788 0 -308 0 -1196 0 *
Fa
0  1e-07 104 0

0111000
+307 0 *
Ed
 1e-07 1 1 0
1  492 0 0 0.91
4 C0 93 0 94 0
0

0101000
+1219 0 -811 0 *
Wi

0101100
+305 0 +810 0 -311 0 -1218 0 *
Fa
0  1e-07 93 0

0111000
+304 0 *
Ed
 1e-07 1 1 0
1  493 0 0 0.91
4 C0 103 0 102 0
0

0101000
+1201 0 -793 0 *
Wi

0101100
+308 0 +790 0 -302 0 -1198 0 *
Fa
0  1e-07 103 0

0111000
+301 0 *
Ed
 1e-07 1 1 0
1  494 0 0 0.91
4 C0 94 0 95 0
0

0101000
+1217 0 -809 0 *
Wi

0101100
+299 0 +808 0 -305 0 -1216 0 *
Fa
0  1e-07 94 0

0111000
+298 0 *
Ed
 1e-07 1 1 0
1  495 0 0 0.91
4 C0 102 0 101 0
0

0101000
+1203 0 -795 0 *
Wi

0101100
+302 0 +792 0 -296 0 -1200 0 *
Fa
0  1e-07 102 0

0111000
+295 0 *
Ed
 1e-07 1 1 0
1  496 0 0 0.91
4 C0 95 0 96 0
0

0101000
+1215 0 -807 0 *
Wi

0101100
+293 0 +806 0 -299 0 -1214 0 *
Fa
0  1e-07 95 0

0111000
+292 0 *
Ed
 1e-07 1 1 0
1  497 0 0 0.91
4 C0 101 0 100 0
0

0101000
+1205 0 -797 0 *
Wi

0101100
+296 0 +794 0 -290 0 -1202 0 *
Fa
0  1e-07 101 0

0111000
+289 0 *
Ed
 1e-07 1 1 0
1  498 0 0 0.91
4 C0 96 0 97 0
0

0101000
+1213 0 -805 0 *
Wi

0101100
+287 0 +804 0 -293 0 -1212 0 *
Fa
0  1e-07 96 0

0111000
+286 0 *
Ed
 1e-07 1 1 0
1  499 0 0 0.91
4 C0 100 0 99 0
0

0101000
+1207 0 -799 0 *
Wi

0101100
+290 0 +796 0 -284 0 -1204 0 *
Fa
0  1e-07 100 0

0111000
+283 0 *
Ed
 1e-07 1 1 0
1  500 0 0 0.91
4 C0 97 0 98 0
0

0101000
+1211 0 -803 0 *
Wi

0101100
+281 0 +802 0 -287 0 -1210 0 *
Fa
0  1e-07 97 0

0111000
+280 0 *
Ed
 1e-07 1 1 0
1  501 0 0 0.91
4 C0 99 0 98 0
0

0101000
+1209 0 -801 0 *
Wi

0101100
+284 0 +798 0 -278 0 -1206 0 *
Fa
0  1e-07 99 0

0111000
+277 0 *
Wi

0101100
+278 0 +800 0 -281 0 -1208 0 *
Fa
0  1e-07 98 0

0111000
+275 0 *
Ed
 1e-07 1 1 0
1  502 0 0.046 0.956
2  69 110 0 0.046 0.956
4 G1 110 0 113 0
0

0101000
+1185 0 -777 0 *
Ed
 1e-07 1 1 0
1  503 0 0.046 0.956
2  70 110 0 0.046 0.956
4 G1 110 0 111 0
0

0101000
+1184 0 -776 0 *
Wi

0101100
+273 0 +775 0 -272 0 -1183 0 *
Fa
0  1e-07 110 0

0111000
+271 0 *
Ed
 1e-07 1 1 0
1  504 0 0.046 0.956
2  71 112 0 0.046 0.956
4 G1 113 0 112 0
0

0101000
+1180 0 -772 0 *
Wi

0101100
+1178 0 +273 0 -770 0 -269 0 *
Fa
0  1e-07 113 0

0111000
+268 0 *
Ed
 1e-07 1 1 0
1  505 0 0.046 0.956
2  72 112 0 0.046 0.956
4 G1 112 0 111 0
0

0101000
+1182 0 -774 0 *
Wi

0101100
+266 0 +771 0 -269 0 -1179 0 *
Fa
0  1e-07 112 0

0111000
+265 0 *
Wi

0101100
+1181 0 +266 0 -773 0 -272 0 *
Fa
0  1e-07 111 0

0111000
+263 0 *
Ed
 1e-07 1 1 0
1  506 0 0 0.91
4 C0 114 0 115 0
0

0101000
+1176 0 -768 0 *
Ed
 1e-07 1 1 0
1  507 0 0 0.91
4 C0 114 0 137 0
0

0101000
+1175 0 -767 0 *
Wi

0101100
+261 0 +766 0 -260 0 -1174 0 *
Fa
0  1e-07 114 0

0111000
+259 0 *
Ed
 1e-07 1 1 0
1  508 0 0 0.91
4 C0 115 0 116 0
0

0101000
+1173 0 -765 0 *
Wi

0101100
+257 0 +764 0 -261 0 -1172 0 *
Fa
0  1e-07 115 0

0111000
+256 0 *
Ed
 1e-07 1 1 0
1  509 0 0 0.91
4 C0 137 0 136 0
0

0101000
+1131 0 -723 0 *
Wi

0101100
+260 0 +721 0 -254 0 -1129 0 *
Fa
0  1e-07 137 0

0111000
+253 0 *
Ed
 1e-07 1 1 0
1  510 0 0 0.91
4 C0 116 0 117 0
0

0101000
+1171 0 -763 0 *
Wi

0101100
+251 0 +762 0 -257 0 -1170 0 *
Fa
0  1e-07 116 0

0111000
+250 0 *
Ed
 1e-07 1 1 0
1  511 0 0 0.91
4 C0 136 0 135 0
0

0101000
+1133 0 -725 0 *
Wi

0101100
+254 0 +722 0 -248 0 -1130 0 *
Fa
0  1e-07 136 0

0111000
+247 0 *
Ed
 1e-07 1 1 0
1  512 0 0 0.91
4 C0 117 0 118 0
0

0101000
+1169 0 -761 0 *
Wi

0101100
+245 0 +760 0 -251 0 -1168 0 *
Fa
0  1e-07 117 0

0111000
+244 0 *
Ed
 1e-07 1 1 0
1  513 0 0 0.91
4 C0 135 0 134 0
0

0101000
+1135 0 -727 0 *
Wi

0101100
+248 0 +724 0 -242 0 -1132 0 *
Fa
0  1e-07 135 0

0111000
+241 0 *
Ed
 1e-07 1 1 0
1  514 0 0 0.91
4 C0 118 0 119 0
0

0101000
+1167 0 -759 0 *
Wi

0101100
+239 0 +758 0 -245 0 -1166 0 *
Fa
0  1e-07 118 0

0111000
+238 0 *
Ed
 1e-07 1 1 0
1  515 0 0 0.91
4 C0 134 0 133 0
0

0101000
+1137 0 -729 0 *
Wi

0101100
+242 0 +726 0 -236 0 -1134 0 *
Fa
0  1e-07 134 0

0111000
+235 0 *
Ed
 1e-07 1 1 0
1  516 0 0 0.91
4 C0 119 0 120 0
0

0101000
+1165 0 -757 0 *
Wi

0101100
+233 0 +756 0 -239 0 -1164 0 *
Fa
0  1e-07 119 0

0111000
+232 0 *
Ed
 1e-07 1 1 0
1  517 0 0 0.91
4 C0 133 0 132 0
0

0101000
+1139 0 -731 0 *
Wi

0101100
+236 0 +728 0 -230 0 -1136 0 *
Fa
0  1e-07 133 0

0111000
+229 0 *
Ed
 1e-07 1 1 0
1  518 0 0 0.91
4 C0 120 0 121 0
0

0101000
+1163 0 -755 0 *
Wi

0101100
+227 0 +754 0 -233 0 -1162 0 *
Fa
0  1e-07 120 0

0111000
+226 0 *
Ed
 1e-07 1 1 0
1  519 0 0 0.91
4 C0 132 0 131 0
0

0101000
+1141 0 -733 0 *
Wi

0101100
+230 0 +730 0 -224 0 -1138 0 *
Fa
0  1e-07 132 0

0111000
+223 0 *
Ed
 1e-07 1 1 0
1  520 0 0 0.91
4 C0 121 0 122 0
0

0101000
+1161 0 -753 0 *
Wi

0101100
+221 0 +752 0 -227 0 -1160 0 *
Fa
0  1e-07 121 0

0111000
+220 0 *
Ed
 1e-07 1 1 0
1  521 0 0 0.91
4 C0 131 0 130 0
0

0101000
+1143 0 -735 0 *
Wi

0101100
+224 0 +732 0 -218 0 -1140 0 *
Fa
0  1e-07 131 0

0111000
+217 0 *
Ed
 1e-07 1 1 0
1  522 0 0 0.91
4 C0 122 0 123 0
0

0101000
+1159 0 -751 0 *
Wi

0101100
+215 0 +750 0 -221 0 -1158 0 *
Fa
0  1e-07 122 0

0111000
+214 0 *
Ed
 1e-07 1 1 0
1  523 0 0 0.91
4 C0 130 0 129 0
0

0101000
+1145 0 -737 0 *
Wi

0101100
+218 0 +734 0 -212 0 -1142 0 *
Fa
0  1e-07 130 0

0111000
+211 0 *
Ed
 1e-07 1 1 0
1  524 0 0 0.91
4 C0 123 0 124 0
0

0101000
+1157 0 -749 0 *
Wi

0101100
+209 0 +748 0 -215 0 -1156 0 *
Fa
0  1e-07 123 0

0111000
+208 0 *
Ed
 1e-07 1 1 0
1  525 0 0 0.91
4 C0 129 0 128 0
0

0101000
+1147 0 -739 0 *
Wi

0101100
+212 0 +736 0 -206 0 -1144 0 *
Fa
0  1e-07 129 0

0111000
+205 0 *
Ed
 1e-07 1 1 0
1  526 0 0 0.91
4 C0 124 0 125 0
0

0101000
+1155 0 -747 0 *
Wi

0101100
+203 0 +746 0 -209 0 -1154 0 *
Fa
0  1e-07 124 0

0111000
+202 0 *
Ed
 1e-07 1 1 0
1  527 0 0 0.91
4 C0 128 0 127 0
0

0101000
+1149 0 -741 0 *
Wi

0101100
+206 0 +738 0 -200 0 -1146 0 *
Fa
0  1e-07 128 0

0111000
+199 0 *
Ed
 1e-07 1 1 0
1  528 0 0 0.91
4 C0 125 0 126 0
0

0101000
+1153 0 -745 0 *
Wi

0101100
+197 0 +744 0 -203 0 -1152 0 *
Fa
0  1e-07 125 0

0111000
+196 0 *
Ed
 1e-07 1 1 0
1  529 0 0 0.91
4 C0 127 0 126 0
0

0101000
+1151 0 -743 0 *
Wi

0101100
+200 0 +740 0 -194 0 -1148 0 *
Fa
0  1e-07 127 0

0111000
+193 0 *
Wi

0101100
+194 0 +742 0 -197 0 -1150 0 *
Fa
0  1e-07 126 0

0111000
+191 0 *
Ed
 1e-07 1 1 0
1  530 0 0.046 0.956
2  73 138 0 0.046 0.956
4 G1 138 0 141 0
0

0101000
+1127 0 -719 0 *
Ed
 1e-07 1 1 0
1  531 0 0.046 0.956
2  74 138 0 0.046 0.956
4 G1 138 0 139 0
0

0101000
+1126 0 -718 0 *
Wi

0101100
+189 0 +717 0 -188 0 -1125 0 *
Fa
0  1e-07 138 0

0111000
+187 0 *
Ed
 1e-07 1 1 0
1  532 0 0.046 0.956
2  75 140 0 0.046 0.956
4 G1 141 0 140 0
0

0101000
+1122 0 -714 0 *
Wi

0101100
+1120 0 +189 0 -712 0 -185 0 *
Fa
0  1e-07 141 0

0111000
+184 0 *
Ed
 1e-07 1 1 0
1  533 0 0.046 0.956
2  76 140 0 0.046 0.956
4 G1 140 0 139 0
0

0101000
+1124 0 -716 0 *
Wi

0101100
+182 0 +713 0 -185 0 -1121 0 *
Fa
0  1e-07 140 0

0111000
+181 0 *
Wi

0101100
+1123 0 +182 0 -715 0 -188 0 *
Fa
0  1e-07 139 0

0111000
+179 0 *
Ed
 1e-07 1 1 0
1  534 0 0.046 0.956
2  77 142 0 0.046 0.956
4 G1 142 0 145 0
0

0101000
+1118 0 -710 0 *
Ed
 1e-07 1 1 0
1  535 0 0.046 0.956
2  78 142 0 0.046 0.956
4 G1 142 0 143 0
0

0101000
+1117 0 -709 0 *
Wi

0101100
+177 0 +708 0 -176 0 -1116 0 *
Fa
0  1e-07 142 0

0111000
+175 0 *
Ed
 1e-07 1 1 0
1  536 0 0.046 0.956
2  79 144 0 0.046 0.956
4 G1 145 0 144 0
0

0101000
+1113 0 -705 0 *
Wi

0101100
+1111 0 +177 0 -703 0 -173 0 *
Fa
0  1e-07 145 0

0111000
+172 0 *
Ed
 1e-07 1 1 0
1  537 0 0.046 0.956
2  80 144 0 0.046 0.956
4 G1 144 0 143 0
0

0101000
+1115 0 -707 0 *
Wi

0101100
+170 0 +704 0 -173 0 -1112 0 *
Fa
0  1e-07 144 0

0111000
+169 0 *
Wi

0101100
+1114 0 +170 0 -706 0 -176 0 *
Fa
0  1e-07 143 0

0111000
+167 0 *
Ed
 1e-07 1 1 0
1  538 0 0.046 0.956
3  81 82CN 146 0 0.046 0.956
0

0101000
+1109 0 -701 0 *
Wi

0101100
+165 0 +700 0 -165 0 -1108 0 *
Fa
0  1e-07 146 0

0111000
+164 0 *
Ed
 1e-07 1 1 0
1  539 0 0.046 0.956
3  83 84CN 147 0 0.046 0.956
0

0101000
+1106 0 -698 0 *
Wi

0101100
+162 0 +697 0 -162 0 -1105 0 *
Fa
0  1e-07 147 0

0111000
+161 0 *
Ed
 1e-07 1 1 0
1  540 0 0.046 0.956
3  85 86CN 148 0 0.046 0.956
0

0101000
+1103 0 -695 0 *
Wi

0101100
+159 0 +694 0 -159 0 -1102 0 *
Fa
0  1e-07 148 0

0111000
+158 0 *
Ed
 1e-07 1 1 0
1  541 0 0.046 0.956
3  87 88CN 149 0 0.046 0.956
0

0101000
+1100 0 -692 0 *
Wi

0101100
+156 0 +691 0 -156 0 -1099 0 *
Fa
0  1e-07 149 0

0111000
+155 0 *
Ed
 1e-07 1 1 0
1  542 0 0.046 0.956
3  89 90CN 150 0 0.046 0.956
0

0101000
+1097 0 -689 0 *
Wi

0101100
+153 0 +688 0 -153 0 -1096 0 *
Fa
0  1e-07 150 0

0111000
+152 0 *
Ed
 1e-07 1 1 0
1  543 0 0 0.91
4 C0 151 0 152 0
0

0101000
+1094 0 -686 0 *
Ed
 1e-07 1 1 0
1  544 0 0 0.91
4 C0 151 0 174 0
0

0101000
+1093 0 -685 0 *
Wi

0101100
+150 0 +684 0 -149 0 -1092 0 *
Fa
0  1e-07 151 0

0111000
+148 0 *
Ed
 1e-07 1 1 0
1  545 0 0 0.91
4 C0 152 0 153 0
0

0101000
+1091 0 -683 0 *
Wi

0101100
+146 0 +682 0 -150 0 -1090 0 *
Fa
0  1e-07 152 0

0111000
+145 0 *
Ed
 1e-07 1 1 0
1  546 0 0 0.91
4 C0 174 0 173 0
0

0101000
+1049 0 -641 0 *
Wi

0101100
+149 0 +639 0 -143 0 -1047 0 *
Fa
0  1e-07 174 0

0111000
+142 0 *
Ed
 1e-07 1 1 0
1  547 0 0 0.91
4 C0 153 0 154 0
0

0101000
+1089 0 -681 0 *
Wi

0101100
+140 0 +680 0 -146 0 -1088 0 *
Fa
0  1e-07 153 0

0111000
+139 0 *
Ed
 1e-07 1 1 0
1  548 0 0 0.91
4 C0 173 0 172 0
0

0101000
+1051 0 -643 0 *
Wi

0101100
+143 0 +640 0 -137 0 -1048 0 *
Fa
0  1e-07 173 0

0111000
+136 0 *
Ed
 1e-07 1 1 0
1  549 0 0 0.91
4 C0 154 0 155 0
0

0101000
+1087 0 -679 0 *
Wi

0101100
+134 0 +678 0 -140 0 -1086 0 *
Fa
0  1e-07 154 0

0111000
+133 0 *
Ed
 1e-07 1 1 0
1  550 0 0 0.91
4 C0 172 0 171 0
0

0101000
+1053 0 -645 0 *
Wi

0101100
+137 0 +642 0 -131 0 -1050 0 *
Fa
0  1e-07 172 0

0111000
+130 0 *
Ed
 1e-07 1 1 0
1  551 0 0 0.91
4 C0 155 0 156 0
0

0101000
+1085 0 -677 0 *
Wi

0101100
+128 0 +676 0 -134 0 -1084 0 *
Fa
0  1e-07 155 0

0111000
+127 0 *
Ed
 1e-07 1 1 0
1  552 0 0 0.91
4 C0 171 0 170 0
0

0101000
+1055 0 -647 0 *
Wi

0101100
+131 0 +644 0 -125 0 -1052 0 *
Fa
0  1e-07 171 0

0111000
+124 0 *
Ed
 1e-07 1 1 0
1  553 0 0 0.91
4 C0 156 0 157 0
0

0101000
+1083 0 -675 0 *
Wi

0101100
+122 0 +674 0 -128 0 -1082 0 *
Fa
0  1e-07 156 0

0111000
+121 0 *
Ed
 1e-07 1 1 0
1  554 0 0 0.91
4 C0 170 0 169 0
0

0101000
+1057 0 -649 0 *
Wi

0101100
+125 0 +646 0 -119 0 -1054 0 *
Fa
0  1e-07 170 0

0111000
+118 0 *
Ed
 1e-07 1 1 0
1  555 0 0 0.91
4 C0 157 0 158 0
0

0101000
+1081 0 -673 0 *
Wi

0101100
+116 0 +672 0 -122 0 -1080 0 *
Fa
0  1e-07 157 0

0111000
+115 0 *
Ed
 1e-07 1 1 0
1  556 0 0 0.91
4 C0 169 0 168 0
0

0101000
+1059 0 -651 0 *
Wi

0101100
+119 0 +648 0 -113 0 -1056 0 *
Fa
0  1e-07 169 0

0111000
+112 0 *
Ed
 1e-07 1 1 0
1  557 0 0 0.91
4 C0 158 0 159 0
0

0101000
+1079 0 -671 0 *
Wi

0101100
+110 0 +670 0 -116 0 -1078 0 *
Fa
0  1e-07 158 0

0111000
+109 0 *
Ed
 1e-07 1 1 0
1  558 0 0 0.91
4 C0 168 0 167 0
0

0101000
+1061 0 -653 0 *
Wi

0101100
+113 0 +650 0 -107 0 -1058 0 *
Fa
0  1e-07 168 0

0111000
+106 0 *
Ed
 1e-07 1 1 0
1  559 0 0 0.91
4 C0 159 0 160 0
0

0101000
+1077 0 -669 0 *
Wi

0101100
+104 0 +668 0 -110 0 -1076 0 *
Fa
0  1e-07 159 0

0111000
+103 0 *
Ed
 1e-07 1 1 0
1  560 0 0 0.91
4 C0 167 0 166 0
0

0101000
+1063 0 -655 0 *
Wi

0101100
+107 0 +652 0 -101 0 -1060 0 *
Fa
0  1e-07 167 0

0111000
+100 0 *
Ed
 1e-07 1 1 0
1  561 0 0 0.91
4 C0 160 0 161 0
0

0101000
+1075 0 -667 0 *
Wi

0101100
+98 0 +666 0 -104 0 -1074 0 *
Fa
0  1e-07 160 0

0111000
+97 0 *
Ed
 1e-07 1 1 0
1  562 0 0 0.91
4 C0 166 0 165 0
0

0101000
+1065 0 -657 0 *
Wi

0101100
+101 0 +654 0 -95 0 -1062 0 *
Fa
0  1e-07 166 0

0111000
+94 0 *
Ed
 1e-07 1 1 0
1  563 0 0 0.91
4 C0 161 0 162 0
0

0101000
+1073 0 -665 0 *
Wi

0101100
+92 0 +664 0 -98 0 -1072 0 *
Fa
0  1e-07 161 0

0111000
+91 0 *
Ed
 1e-07 1 1 0
1  564 0 0 0.91
4 C0 165 0 164 0
0

0101000
+1067 0 -659 0 *
Wi

0101100
+95 0 +656 0 -89 0 -1064 0 *
Fa
0  1e-07 165 0

0111000
+88 0 *
Ed
 1e-07 1 1 0
1  565 0 0 0.91
4 C0 162 0 163 0
0

0101000
+1071 0 -663 0 *
Wi

0101100
+86 0 +662 0 -92 0 -1070 0 *
Fa
0  1e-07 162 0

0111000
+85 0 *
Ed
 1e-07 1 1 0
1  566 0 0 0.91
4 C0 164 0 163 0
0

0101000
+1069 0 -661 0 *
Wi

0101100
+89 0 +658 0 -83 0 -1066 0 *
Fa
0  1e-07 164 0

0111000
+82 0 *
Wi

0101100
+83 0 +660 0 -86 0 -1068 0 *
Fa
0  1e-07 163 0

0111000
+80 0 *
Ed
 1e-07 1 1 0
1  567 0 0 0.91
4 C0 175 0 176 0
0

0101000
+1045 0 -637 0 *
Ed
 1e-07 1 1 0
1  568 0 0 0.91
4 C0 175 0 198 0
0

0101000
+1044 0 -636 0 *
Wi

0101100
+78 0 +635 0 -77 0 -1043 0 *
Fa
0  1e-07 175 0

0111000
+76 0 *
Ed
 1e-07 1 1 0
1  569 0 0 0.91
4 C0 176 0 177 0
0

0101000
+1042 0 -634 0 *
Wi

0101100
+74 0 +633 0 -78 0 -1041 0 *
Fa
0  1e-07 176 0

0111000
+73 0 *
Ed
 1e-07 1 1 0
1  570 0 0 0.91
4 C0 198 0 197 0
0

0101000
+1000 0 -592 0 *
Wi

0101100
+77 0 +590 0 -71 0 -998 0 *
Fa
0  1e-07 198 0

0111000
+70 0 *
Ed
 1e-07 1 1 0
1  571 0 0 0.91
4 C0 177 0 178 0
0

0101000
+1040 0 -632 0 *
Wi

0101100
+68 0 +631 0 -74 0 -1039 0 *
Fa
0  1e-07 177 0

0111000
+67 0 *
Ed
 1e-07 1 1 0
1  572 0 0 0.91
4 C0 197 0 196 0
0

0101000
+1002 0 -594 0 *
Wi

0101100
+71 0 +591 0 -65 0 -999 0 *
Fa
0  1e-07 197 0

0111000
+64 0 *
Ed
 1e-07 1 1 0
1  573 0 0 0.91
4 C0 178 0 179 0
0

0101000
+1038 0 -630 0 *
Wi

0101100
+62 0 +629 0 -68 0 -1037 0 *
Fa
0  1e-07 178 0

0111000
+61 0 *
Ed
 1e-07 1 1 0
1  574 0 0 0.91
4 C0 196 0 195 0
0

0101000
+1004 0 -596 0 *
Wi

0101100
+65 0 +593 0 -59 0 -1001 0 *
Fa
0  1e-07 196 0

0111000
+58 0 *
Ed
 1e-07 1 1 0
1  575 0 0 0.91
4 C0 179 0 180 0
0

0101000
+1036 0 -628 0 *
Wi

0101100
+56 0 +627 0 -62 0 -1035 0 *
Fa
0  1e-07 179 0

0111000
+55 0 *
Ed
 1e-07 1 1 0
1  576 0 0 0.91
4 C0 195 0 194 0
0

0101000
+1006 0 -598 0 *
Wi

0101100
+59 0 +595 0 -53 0 -1003 0 *
Fa
0  1e-07 195 0

0111000
+52 0 *
Ed
 1e-07 1 1 0
1  577 0 0 0.91
4 C0 180 0 181 0
0

0101000
+1034 0 -626 0 *
Wi

0101100
+50 0 +625 0 -56 0 -1033 0 *
Fa
0  1e-07 180 0

0111000
+49 0 *
Ed
 1e-07 1 1 0
1  578 0 0 0.91
4 C0 194 0 193 0
0

0101000
+1008 0 -600 0 *
Wi

0101100
+53 0 +597 0 -47 0 -1005 0 *
Fa
0  1e-07 194 0

0111000
+46 0 *
Ed
 1e-07 1 1 0
1  579 0 0 0.91
4 C0 181 0 182 0
0

0101000
+1032 0 -624 0 *
Wi

0101100
+44 0 +623 0 -50 0 -1031 0 *
Fa
0  1e-07 181 0

0111000
+43 0 *
Ed
 1e-07 1 1 0
1  580 0 0 0.91
4 C0 193 0 192 0
0

0101000
+1010 0 -602 0 *
Wi

0101100
+47 0 +599 0 -41 0 -1007 0 *
Fa
0  1e-07 193 0

0111000
+40 0 *
Ed
 1e-07 1 1 0
1  581 0 0 0.91
4 C0 182 0 183 0
0

0101000
+1030 0 -622 0 *
Wi

0101100
+38 0 +621 0 -44 0 -1029 0 *
Fa
0  1e-07 182 0

0111000
+37 0 *
Ed
 1e-07 1 1 0
1  582 0 0 0.91
4 C0 192 0 191 0
0

0101000
+1012 0 -604 0 *
Wi

0101100
+41 0 +601 0 -35 0 -1009 0 *
Fa
0  1e-07 192 0

0111000
+34 0 *
Ed
 1e-07 1 1 0
1  583 0 0 0.91
4 C0 183 0 184 0
0

0101000
+1028 0 -620 0 *
Wi

0101100
+32 0 +619 0 -38 0 -1027 0 *
Fa
0  1e-07 183 0

0111000
+31 0 *
Ed
 1e-07 1 1 0
1  584 0 0 0.91
4 C0 191 0 190 0
0

0101000
+1014 0 -606 0 *
Wi

0101100
+35 0 +603 0 -29 0 -1011 0 *
Fa
0  1e-07 191 0

0111000
+28 0 *
Ed
 1e-07 1 1 0
1  585 0 0 0.91
4 C0 184 0 185 0
0

0101000
+1026 0 -618 0 *
Wi

0101100
+26 0 +617 0 -32 0 -1025 0 *
Fa
0  1e-07 184 0

0111000
+25 0 *
Ed
 1e-07 1 1 0
1  586 0 0 0.91
4 C0 190 0 189 0
0

0101000
+1016 0 -608 0 *
Wi

0101100
+29 0 +605 0 -23 0 -1013 0 *
Fa
0  1e-07 190 0

0111000
+22 0 *
Ed
 1e-07 1 1 0
1  587 0 0 0.91
4 C0 185 0 186 0
0

0101000
+1024 0 -616 0 *
Wi

0101100
+20 0 +615 0 -26 0 -1023 0 *
Fa
0  1e-07 185 0

0111000
+19 0 *
Ed
 1e-07 1 1 0
1  588 0 0 0.91
4 C0 189 0 188 0
0

0101000
+1018 0 -610 0 *
Wi

0101100
+23 0 +607 0 -17 0 -1015 0 *
Fa
0  1e-07 189 0

0111000
+16 0 *
Ed
 1e-07 1 1 0
1  589 0 0 0.91
4 C0 186 0 187 0
0

0101000
+1022 0 -614 0 *
Wi

0101100
+14 0 +613 0 -20 0 -1021 0 *
Fa
0  1e-07 186 0

0111000
+13 0 *
Ed
 1e-07 1 1 0
1  590 0 0 0.91
4 C0 188 0 187 0
0

0101000
+1020 0 -612 0 *
Wi

0101100
+17 0 +609 0 -11 0 -1017 0 *
Fa
0  1e-07 188 0

0111000
+10 0 *
Wi

0101100
+11 0 +611 0 -14 0 -1019 0 *
Fa
0  1e-07 187 0

0111000
+8 0 *
Ed
 1e-07 1 1 0
1  591 0 0.046 0.956
3  91 92CN 199 0 0.046 0.956
0

0101000
+996 0 -588 0 *
Wi

0101100
+6 0 +587 0 -6 0 -995 0 *
Fa
0  1e-07 199 0

0111000
+5 0 *
Sh

0101100
-1415 0 +1408 0 +1401 0 -993 0 +585 0 +582 0 +579 0 +576 0 +573 0 +570 0 
+567 0 +564 0 +561 0 -559 0 +555 0 +552 0 +549 0 +546 0 +543 0 +540 0 
+537 0 +534 0 +531 0 +528 0 +525 0 +522 0 +519 0 +516 0 +513 0 +510 0 
+507 0 +504 0 +501 0 +498 0 +495 0 +492 0 +489 0 +486 0 +483 0 +480 0 
+477 0 +474 0 +471 0 +468 0 +465 0 +463 0 -460 0 +456 0 +453 0 +450 0 
+447 0 +444 0 +441 0 +438 0 +435 0 +432 0 +429 0 +426 0 +423 0 +420 0 
+417 0 +414 0 +411 0 +408 0 +405 0 +402 0 +399 0 +396 0 +393 0 +390 0 
+387 0 +384 0 +381 0 +378 0 +375 0 +372 0 +369 0 +366 0 +364 0 -361 0 
-358 0 -354 0 +351 0 -348 0 +346 0 +342 0 +339 0 +336 0 +333 0 +330 0 
+327 0 +324 0 +321 0 +318 0 +315 0 +312 0 +309 0 +306 0 +303 0 +300 0 
+297 0 +294 0 +291 0 +288 0 +285 0 +282 0 +279 0 +276 0 +274 0 -270 0 
+267 0 -264 0 +262 0 +258 0 +255 0 +252 0 +249 0 +246 0 +243 0 +240 0 
+237 0 +234 0 +231 0 +228 0 +225 0 +222 0 +219 0 +216 0 +213 0 +210 0 
+207 0 +204 0 +201 0 +198 0 +195 0 +192 0 +190 0 -186 0 +183 0 -180 0 
+178 0 -174 0 +171 0 -168 0 +166 0 -163 0 -160 0 -157 0 -154 0 -151 0 
+147 0 +144 0 +141 0 +138 0 +135 0 +132 0 +129 0 +126 0 +123 0 +120 0 
+117 0 +114 0 +111 0 +108 0 +105 0 +102 0 +99 0 +96 0 +93 0 +90 0 
+87 0 +84 0 +81 0 +79 0 +75 0 +72 0 +69 0 +66 0 +63 0 +60 0 
+57 0 +54 0 +51 0 +48 0 +45 0 +42 0 +39 0 +36 0 +33 0 +30 0 
+27 0 +24 0 +21 0 +18 0 +15 0 +12 0 +9 0 +7 0 -4 0 *
So

0100000
+3 0 *
Co

1100000
+2 4 *

+1 3 