ISO-10303-21;
HEADER;
FILE_DESCRIPTION(('FreeCAD Model'),'2;1');
FILE_NAME('Open CASCADE Shape Model','2026-09-23T10:52:39',('FreeCAD'),(
    'FreeCAD'),'Open CASCADE STEP processor 7.8','FreeCAD','Unknown');
FILE_SCHEMA(('AUTOMOTIVE_DESIGN { 1 0 10303 214 1 1 1 1 }'));
ENDSEC;
DATA;
#1 = APPLICATION_PROTOCOL_DEFINITION('international standard',
  'automotive_design',2000,#2);
#2 = APPLICATION_CONTEXT(
  'core data for automotive mechanical design processes');
#3 = SHAPE_DEFINITION_REPRESENTATION(#4,#10);
#4 = PRODUCT_DEFINITION_SHAPE('','',#5);
#5 = PRODUCT_DEFINITION('design','',#6,#9);
#6 = PRODUCT_DEFINITION_FORMATION('','',#7);
#7 = PRODUCT('Open CASCADE STEP translator 7.8 1',
  'Open CASCADE STEP translator 7.8 1','',(#8));
#8 = PRODUCT_CONTEXT('',#2,'mechanical');
#9 = PRODUCT_DEFINITION_CONTEXT('part definition',#2,'design');
#10 = ADVANCED_BREP_SHAPE_REPRESENTATION('',(#11,#15),#4209);
#11 = AXIS2_PLACEMENT_3D('',#12,#13,#14);
#12 = CARTESIAN_POINT('',(0.,0.,0.));
#13 = DIRECTION('',(0.,0.,1.));
#14 = DIRECTION('',(1.,0.,-0.));
#15 = MANIFOLD_SOLID_BREP('',#16);
#16 = CLOSED_SHELL('',(#17,#57,#98,#140,#164,#215,#227,#247,#421,#446,
    #536,#802,#827,#861,#886,#912,#937,#963,#988,#1014,#1031,#1162,#1252
    ,#1350,#1378,#1470,#1519,#1544,#1585,#1618,#1642,#1672,#1706,#1731,
    #1756,#1782,#1799,#1824,#1849,#1875,#1892,#1917,#1943,#1960,#1985,
    #2011,#2028,#2059,#2084,#2109,#2133,#2157,#2182,#2207,#2224,#2249,
    #2258,#2290,#2314,#2406,#2488,#2562,#2618,#2649,#2666,#2683,#2700,
    #2712,#2743,#2786,#2820,#2837,#2858,#2869,#2893,#2910,#2927,#2944,
    #2963,#2980,#2997,#3009,#3018,#3104,#3124,#3158,#3183,#3209,#3234,
    #3260,#3285,#3311,#3328,#3414,#3466,#3498,#3522,#3546,#3571,#3596,
    #3620,#3644,#3662,#3687,#3716,#3734,#3776,#3800,#3860,#3877,#3897,
    #3938,#3965,#3974,#4016,#4043,#4052,#4095,#4122,#4131,#4173,#4200));
#17 = ADVANCED_FACE('',(#18),#52,.F.);
#18 = FACE_BOUND('',#19,.F.);
#19 = EDGE_LOOP('',(#20,#30,#38,#46));
#20 = ORIENTED_EDGE('',*,*,#21,.F.);
#21 = EDGE_CURVE('',#22,#24,#26,.T.);
#22 = VERTEX_POINT('',#23);
#23 = CARTESIAN_POINT('',(23.5,1.2,9.399999952316));
#24 = VERTEX_POINT('',#25);
#25 = CARTESIAN_POINT('',(23.5,2.62650060048,9.399999952316));
#26 = LINE('',#27,#28);
#27 = CARTESIAN_POINT('',(23.5,1.1,9.399999952316));
#28 = VECTOR('',#29,1.);
#29 = DIRECTION('',(0.,1.,0.));
#30 = ORIENTED_EDGE('',*,*,#31,.T.);
#31 = EDGE_CURVE('',#22,#32,#34,.T.);
#32 = VERTEX_POINT('',#33);
#33 = CARTESIAN_POINT('',(23.5,1.2,8.399999952316));
#34 = LINE('',#35,#36);
#35 = CARTESIAN_POINT('',(23.5,1.2,3.099999952316));
#36 = VECTOR('',#37,1.);
#37 = DIRECTION('',(0.,0.,-1.));
#38 = ORIENTED_EDGE('',*,*,#39,.T.);
#39 = EDGE_CURVE('',#32,#40,#42,.T.);
#40 = VERTEX_POINT('',#41);
#41 = CARTESIAN_POINT('',(23.5,2.626500600481,8.399999952316));
#42 = LINE('',#43,#44);
#43 = CARTESIAN_POINT('',(23.5,1.1,8.399999952316));
#44 = VECTOR('',#45,1.);
#45 = DIRECTION('',(0.,1.,0.));
#46 = ORIENTED_EDGE('',*,*,#47,.F.);
#47 = EDGE_CURVE('',#24,#40,#48,.T.);
#48 = LINE('',#49,#50);
#49 = CARTESIAN_POINT('',(23.5,2.62650060048,-4.768371586472E-08));
#50 = VECTOR('',#51,1.);
#51 = DIRECTION('',(-0.,-0.,-1.));
#52 = PLANE('',#53);
#53 = AXIS2_PLACEMENT_3D('',#54,#55,#56);
#54 = CARTESIAN_POINT('',(23.5,1.1,8.399999952316));
#55 = DIRECTION('',(1.,0.,0.));
#56 = DIRECTION('',(0.,0.,1.));
#57 = ADVANCED_FACE('',(#58),#93,.T.);
#58 = FACE_BOUND('',#59,.T.);
#59 = EDGE_LOOP('',(#60,#70,#79,#86,#87));
#60 = ORIENTED_EDGE('',*,*,#61,.T.);
#61 = EDGE_CURVE('',#62,#64,#66,.T.);
#62 = VERTEX_POINT('',#63);
#63 = CARTESIAN_POINT('',(26.5,1.2,9.399999952316));
#64 = VERTEX_POINT('',#65);
#65 = CARTESIAN_POINT('',(26.5,2.62650060048,9.399999952316));
#66 = LINE('',#67,#68);
#67 = CARTESIAN_POINT('',(26.5,1.1,9.399999952316));
#68 = VECTOR('',#69,1.);
#69 = DIRECTION('',(0.,1.,0.));
#70 = ORIENTED_EDGE('',*,*,#71,.T.);
#71 = EDGE_CURVE('',#64,#72,#74,.T.);
#72 = VERTEX_POINT('',#73);
#73 = CARTESIAN_POINT('',(27.4,4.5,9.399999952316));
#74 = CIRCLE('',#75,2.4);
#75 = AXIS2_PLACEMENT_3D('',#76,#77,#78);
#76 = CARTESIAN_POINT('',(25.,4.5,9.399999952316));
#77 = DIRECTION('',(0.,0.,1.));
#78 = DIRECTION('',(1.,0.,0.));
#79 = ORIENTED_EDGE('',*,*,#80,.T.);
#80 = EDGE_CURVE('',#72,#24,#81,.T.);
#81 = CIRCLE('',#82,2.4);
#82 = AXIS2_PLACEMENT_3D('',#83,#84,#85);
#83 = CARTESIAN_POINT('',(25.,4.5,9.399999952316));
#84 = DIRECTION('',(0.,0.,1.));
#85 = DIRECTION('',(1.,0.,0.));
#86 = ORIENTED_EDGE('',*,*,#21,.F.);
#87 = ORIENTED_EDGE('',*,*,#88,.T.);
#88 = EDGE_CURVE('',#22,#62,#89,.T.);
#89 = LINE('',#90,#91);
#90 = CARTESIAN_POINT('',(18.,1.2,9.399999952316));
#91 = VECTOR('',#92,1.);
#92 = DIRECTION('',(1.,0.,0.));
#93 = PLANE('',#94);
#94 = AXIS2_PLACEMENT_3D('',#95,#96,#97);
#95 = CARTESIAN_POINT('',(25.05480880547,3.787171945612,9.399999952316)
  );
#96 = DIRECTION('',(0.,0.,1.));
#97 = DIRECTION('',(1.,0.,0.));
#98 = ADVANCED_FACE('',(#99),#135,.T.);
#99 = FACE_BOUND('',#100,.F.);
#100 = EDGE_LOOP('',(#101,#110,#116,#117,#118,#127,#133,#134));
#101 = ORIENTED_EDGE('',*,*,#102,.F.);
#102 = EDGE_CURVE('',#103,#103,#105,.T.);
#103 = VERTEX_POINT('',#104);
#104 = CARTESIAN_POINT('',(27.4,4.5,-4.768371586472E-08));
#105 = CIRCLE('',#106,2.4);
#106 = AXIS2_PLACEMENT_3D('',#107,#108,#109);
#107 = CARTESIAN_POINT('',(25.,4.5,-4.768371586472E-08));
#108 = DIRECTION('',(0.,0.,1.));
#109 = DIRECTION('',(1.,0.,0.));
#110 = ORIENTED_EDGE('',*,*,#111,.T.);
#111 = EDGE_CURVE('',#103,#72,#112,.T.);
#112 = LINE('',#113,#114);
#113 = CARTESIAN_POINT('',(27.4,4.5,-4.768371586472E-08));
#114 = VECTOR('',#115,1.);
#115 = DIRECTION('',(0.,0.,1.));
#116 = ORIENTED_EDGE('',*,*,#80,.T.);
#117 = ORIENTED_EDGE('',*,*,#47,.T.);
#118 = ORIENTED_EDGE('',*,*,#119,.F.);
#119 = EDGE_CURVE('',#120,#40,#122,.T.);
#120 = VERTEX_POINT('',#121);
#121 = CARTESIAN_POINT('',(26.5,2.626500600481,8.399999952316));
#122 = CIRCLE('',#123,2.4);
#123 = AXIS2_PLACEMENT_3D('',#124,#125,#126);
#124 = CARTESIAN_POINT('',(25.,4.5,8.399999952316));
#125 = DIRECTION('',(0.,0.,-1.));
#126 = DIRECTION('',(1.,0.,0.));
#127 = ORIENTED_EDGE('',*,*,#128,.F.);
#128 = EDGE_CURVE('',#64,#120,#129,.T.);
#129 = LINE('',#130,#131);
#130 = CARTESIAN_POINT('',(26.5,2.62650060048,-4.768371586472E-08));
#131 = VECTOR('',#132,1.);
#132 = DIRECTION('',(-0.,-0.,-1.));
#133 = ORIENTED_EDGE('',*,*,#71,.T.);
#134 = ORIENTED_EDGE('',*,*,#111,.F.);
#135 = CYLINDRICAL_SURFACE('',#136,2.4);
#136 = AXIS2_PLACEMENT_3D('',#137,#138,#139);
#137 = CARTESIAN_POINT('',(25.,4.5,-4.768371586472E-08));
#138 = DIRECTION('',(-0.,-0.,-1.));
#139 = DIRECTION('',(1.,0.,0.));
#140 = ADVANCED_FACE('',(#141),#159,.F.);
#141 = FACE_BOUND('',#142,.F.);
#142 = EDGE_LOOP('',(#143,#144,#152,#158));
#143 = ORIENTED_EDGE('',*,*,#39,.F.);
#144 = ORIENTED_EDGE('',*,*,#145,.T.);
#145 = EDGE_CURVE('',#32,#146,#148,.T.);
#146 = VERTEX_POINT('',#147);
#147 = CARTESIAN_POINT('',(26.5,1.2,8.399999952316));
#148 = LINE('',#149,#150);
#149 = CARTESIAN_POINT('',(18.,1.2,8.399999952316));
#150 = VECTOR('',#151,1.);
#151 = DIRECTION('',(1.,0.,0.));
#152 = ORIENTED_EDGE('',*,*,#153,.T.);
#153 = EDGE_CURVE('',#146,#120,#154,.T.);
#154 = LINE('',#155,#156);
#155 = CARTESIAN_POINT('',(26.5,1.1,8.399999952316));
#156 = VECTOR('',#157,1.);
#157 = DIRECTION('',(0.,1.,0.));
#158 = ORIENTED_EDGE('',*,*,#119,.T.);
#159 = PLANE('',#160);
#160 = AXIS2_PLACEMENT_3D('',#161,#162,#163);
#161 = CARTESIAN_POINT('',(23.5,1.1,8.399999952316));
#162 = DIRECTION('',(0.,0.,1.));
#163 = DIRECTION('',(1.,0.,0.));
#164 = ADVANCED_FACE('',(#165,#199),#210,.T.);
#165 = FACE_BOUND('',#166,.T.);
#166 = EDGE_LOOP('',(#167,#177,#185,#193));
#167 = ORIENTED_EDGE('',*,*,#168,.F.);
#168 = EDGE_CURVE('',#169,#171,#173,.T.);
#169 = VERTEX_POINT('',#170);
#170 = CARTESIAN_POINT('',(12.5,1.2,-4.768371586472E-08));
#171 = VERTEX_POINT('',#172);
#172 = CARTESIAN_POINT('',(37.5,1.2,-4.768371586472E-08));
#173 = LINE('',#174,#175);
#174 = CARTESIAN_POINT('',(18.75,1.2,-4.768371564268E-08));
#175 = VECTOR('',#176,1.);
#176 = DIRECTION('',(1.,0.,0.));
#177 = ORIENTED_EDGE('',*,*,#178,.T.);
#178 = EDGE_CURVE('',#169,#179,#181,.T.);
#179 = VERTEX_POINT('',#180);
#180 = CARTESIAN_POINT('',(12.5,1.2,11.099999952316));
#181 = LINE('',#182,#183);
#182 = CARTESIAN_POINT('',(12.5,1.2,-2.200000047684));
#183 = VECTOR('',#184,1.);
#184 = DIRECTION('',(0.,0.,1.));
#185 = ORIENTED_EDGE('',*,*,#186,.T.);
#186 = EDGE_CURVE('',#179,#187,#189,.T.);
#187 = VERTEX_POINT('',#188);
#188 = CARTESIAN_POINT('',(37.5,1.2,11.099999952316));
#189 = LINE('',#190,#191);
#190 = CARTESIAN_POINT('',(12.5,1.2,11.099999952316));
#191 = VECTOR('',#192,1.);
#192 = DIRECTION('',(1.,0.,0.));
#193 = ORIENTED_EDGE('',*,*,#194,.F.);
#194 = EDGE_CURVE('',#171,#187,#195,.T.);
#195 = LINE('',#196,#197);
#196 = CARTESIAN_POINT('',(37.5,1.2,-2.200000047684));
#197 = VECTOR('',#198,1.);
#198 = DIRECTION('',(0.,0.,1.));
#199 = FACE_BOUND('',#200,.T.);
#200 = EDGE_LOOP('',(#201,#202,#203,#204));
#201 = ORIENTED_EDGE('',*,*,#88,.F.);
#202 = ORIENTED_EDGE('',*,*,#31,.T.);
#203 = ORIENTED_EDGE('',*,*,#145,.T.);
#204 = ORIENTED_EDGE('',*,*,#205,.F.);
#205 = EDGE_CURVE('',#62,#146,#206,.T.);
#206 = LINE('',#207,#208);
#207 = CARTESIAN_POINT('',(26.5,1.2,3.099999952316));
#208 = VECTOR('',#209,1.);
#209 = DIRECTION('',(0.,0.,-1.));
#210 = PLANE('',#211);
#211 = AXIS2_PLACEMENT_3D('',#212,#213,#214);
#212 = CARTESIAN_POINT('',(12.5,1.2,-2.200000047684));
#213 = DIRECTION('',(0.,1.,0.));
#214 = DIRECTION('',(0.,0.,1.));
#215 = ADVANCED_FACE('',(#216),#222,.T.);
#216 = FACE_BOUND('',#217,.T.);
#217 = EDGE_LOOP('',(#218,#219,#220,#221));
#218 = ORIENTED_EDGE('',*,*,#61,.F.);
#219 = ORIENTED_EDGE('',*,*,#205,.T.);
#220 = ORIENTED_EDGE('',*,*,#153,.T.);
#221 = ORIENTED_EDGE('',*,*,#128,.F.);
#222 = PLANE('',#223);
#223 = AXIS2_PLACEMENT_3D('',#224,#225,#226);
#224 = CARTESIAN_POINT('',(26.5,1.1,8.399999952316));
#225 = DIRECTION('',(1.,0.,0.));
#226 = DIRECTION('',(0.,0.,1.));
#227 = ADVANCED_FACE('',(#228,#231),#242,.F.);
#228 = FACE_BOUND('',#229,.F.);
#229 = EDGE_LOOP('',(#230));
#230 = ORIENTED_EDGE('',*,*,#102,.T.);
#231 = FACE_BOUND('',#232,.F.);
#232 = EDGE_LOOP('',(#233));
#233 = ORIENTED_EDGE('',*,*,#234,.T.);
#234 = EDGE_CURVE('',#235,#235,#237,.T.);
#235 = VERTEX_POINT('',#236);
#236 = CARTESIAN_POINT('',(25.65,4.5,-4.768371586472E-08));
#237 = CIRCLE('',#238,0.65);
#238 = AXIS2_PLACEMENT_3D('',#239,#240,#241);
#239 = CARTESIAN_POINT('',(25.,4.5,-4.768371586472E-08));
#240 = DIRECTION('',(0.,0.,-1.));
#241 = DIRECTION('',(1.,0.,0.));
#242 = PLANE('',#243);
#243 = AXIS2_PLACEMENT_3D('',#244,#245,#246);
#244 = CARTESIAN_POINT('',(25.,4.5,-4.768371586472E-08));
#245 = DIRECTION('',(0.,0.,1.));
#246 = DIRECTION('',(1.,0.,0.));
#247 = ADVANCED_FACE('',(#248,#318,#405),#416,.T.);
#248 = FACE_BOUND('',#249,.T.);
#249 = EDGE_LOOP('',(#250,#261,#269,#278,#286,#295,#303,#312));
#250 = ORIENTED_EDGE('',*,*,#251,.F.);
#251 = EDGE_CURVE('',#252,#254,#256,.T.);
#252 = VERTEX_POINT('',#253);
#253 = CARTESIAN_POINT('',(0.55,12.5,-4.768371586472E-08));
#254 = VERTEX_POINT('',#255);
#255 = CARTESIAN_POINT('',(12.5,0.55,-4.768371586472E-08));
#256 = CIRCLE('',#257,11.95);
#257 = AXIS2_PLACEMENT_3D('',#258,#259,#260);
#258 = CARTESIAN_POINT('',(12.5,12.5,-4.768371564268E-08));
#259 = DIRECTION('',(0.,-0.,1.));
#260 = DIRECTION('',(-1.,1.4E-16,0.));
#261 = ORIENTED_EDGE('',*,*,#262,.F.);
#262 = EDGE_CURVE('',#263,#252,#265,.T.);
#263 = VERTEX_POINT('',#264);
#264 = CARTESIAN_POINT('',(0.55,69.,-4.768371586472E-08));
#265 = LINE('',#266,#267);
#266 = CARTESIAN_POINT('',(0.55,69.,-4.768371586472E-08));
#267 = VECTOR('',#268,1.);
#268 = DIRECTION('',(-0.,-1.,-0.));
#269 = ORIENTED_EDGE('',*,*,#270,.F.);
#270 = EDGE_CURVE('',#271,#263,#273,.T.);
#271 = VERTEX_POINT('',#272);
#272 = CARTESIAN_POINT('',(12.5,80.95,-4.768371586472E-08));
#273 = CIRCLE('',#274,11.95);
#274 = AXIS2_PLACEMENT_3D('',#275,#276,#277);
#275 = CARTESIAN_POINT('',(12.5,69.,-4.768371564268E-08));
#276 = DIRECTION('',(0.,-0.,1.));
#277 = DIRECTION('',(0.,1.,0.));
#278 = ORIENTED_EDGE('',*,*,#279,.F.);
#279 = EDGE_CURVE('',#280,#271,#282,.T.);
#280 = VERTEX_POINT('',#281);
#281 = CARTESIAN_POINT('',(37.5,80.95,-4.768371586472E-08));
#282 = LINE('',#283,#284);
#283 = CARTESIAN_POINT('',(37.5,80.95,-4.768371586472E-08));
#284 = VECTOR('',#285,1.);
#285 = DIRECTION('',(-1.,-0.,-0.));
#286 = ORIENTED_EDGE('',*,*,#287,.F.);
#287 = EDGE_CURVE('',#288,#280,#290,.T.);
#288 = VERTEX_POINT('',#289);
#289 = CARTESIAN_POINT('',(49.45,69.,-4.768371586472E-08));
#290 = CIRCLE('',#291,11.95);
#291 = AXIS2_PLACEMENT_3D('',#292,#293,#294);
#292 = CARTESIAN_POINT('',(37.5,69.,-4.768371564268E-08));
#293 = DIRECTION('',(0.,0.,1.));
#294 = DIRECTION('',(1.,0.,0.));
#295 = ORIENTED_EDGE('',*,*,#296,.F.);
#296 = EDGE_CURVE('',#297,#288,#299,.T.);
#297 = VERTEX_POINT('',#298);
#298 = CARTESIAN_POINT('',(49.45,12.5,-4.768371586472E-08));
#299 = LINE('',#300,#301);
#300 = CARTESIAN_POINT('',(49.45,12.5,-4.768371586472E-08));
#301 = VECTOR('',#302,1.);
#302 = DIRECTION('',(0.,1.,0.));
#303 = ORIENTED_EDGE('',*,*,#304,.F.);
#304 = EDGE_CURVE('',#305,#297,#307,.T.);
#305 = VERTEX_POINT('',#306);
#306 = CARTESIAN_POINT('',(37.5,0.55,-4.768371586472E-08));
#307 = CIRCLE('',#308,11.95);
#308 = AXIS2_PLACEMENT_3D('',#309,#310,#311);
#309 = CARTESIAN_POINT('',(37.5,12.5,-4.768371564268E-08));
#310 = DIRECTION('',(-0.,0.,1.));
#311 = DIRECTION('',(0.,-1.,0.));
#312 = ORIENTED_EDGE('',*,*,#313,.F.);
#313 = EDGE_CURVE('',#254,#305,#314,.T.);
#314 = LINE('',#315,#316);
#315 = CARTESIAN_POINT('',(12.5,0.55,-4.768371586472E-08));
#316 = VECTOR('',#317,1.);
#317 = DIRECTION('',(1.,0.,0.));
#318 = FACE_BOUND('',#319,.T.);
#319 = EDGE_LOOP('',(#320,#329,#330,#339,#347,#356,#364,#373,#382,#390,
    #399));
#320 = ORIENTED_EDGE('',*,*,#321,.F.);
#321 = EDGE_CURVE('',#169,#322,#324,.T.);
#322 = VERTEX_POINT('',#323);
#323 = CARTESIAN_POINT('',(1.2,12.5,-4.768371586472E-08));
#324 = CIRCLE('',#325,11.3);
#325 = AXIS2_PLACEMENT_3D('',#326,#327,#328);
#326 = CARTESIAN_POINT('',(12.5,12.5,-4.768371564268E-08));
#327 = DIRECTION('',(0.,0.,-1.));
#328 = DIRECTION('',(1.,0.,0.));
#329 = ORIENTED_EDGE('',*,*,#168,.T.);
#330 = ORIENTED_EDGE('',*,*,#331,.F.);
#331 = EDGE_CURVE('',#332,#171,#334,.T.);
#332 = VERTEX_POINT('',#333);
#333 = CARTESIAN_POINT('',(48.8,12.5,-4.768371586472E-08));
#334 = CIRCLE('',#335,11.3);
#335 = AXIS2_PLACEMENT_3D('',#336,#337,#338);
#336 = CARTESIAN_POINT('',(37.5,12.5,-4.768371564268E-08));
#337 = DIRECTION('',(0.,0.,-1.));
#338 = DIRECTION('',(1.,0.,0.));
#339 = ORIENTED_EDGE('',*,*,#340,.F.);
#340 = EDGE_CURVE('',#341,#332,#343,.T.);
#341 = VERTEX_POINT('',#342);
#342 = CARTESIAN_POINT('',(48.8,69.,-4.768371586472E-08));
#343 = LINE('',#344,#345);
#344 = CARTESIAN_POINT('',(48.8,26.625,-4.768371564268E-08));
#345 = VECTOR('',#346,1.);
#346 = DIRECTION('',(0.,-1.,0.));
#347 = ORIENTED_EDGE('',*,*,#348,.F.);
#348 = EDGE_CURVE('',#349,#341,#351,.T.);
#349 = VERTEX_POINT('',#350);
#350 = CARTESIAN_POINT('',(37.5,80.3,-4.768371586472E-08));
#351 = CIRCLE('',#352,11.3);
#352 = AXIS2_PLACEMENT_3D('',#353,#354,#355);
#353 = CARTESIAN_POINT('',(37.5,69.,-4.768371564268E-08));
#354 = DIRECTION('',(0.,0.,-1.));
#355 = DIRECTION('',(1.,0.,0.));
#356 = ORIENTED_EDGE('',*,*,#357,.F.);
#357 = EDGE_CURVE('',#358,#349,#360,.T.);
#358 = VERTEX_POINT('',#359);
#359 = CARTESIAN_POINT('',(26.587450786639,80.3,-4.768371586472E-08));
#360 = LINE('',#361,#362);
#361 = CARTESIAN_POINT('',(18.75,80.3,-4.768371564268E-08));
#362 = VECTOR('',#363,1.);
#363 = DIRECTION('',(1.,0.,0.));
#364 = ORIENTED_EDGE('',*,*,#365,.F.);
#365 = EDGE_CURVE('',#366,#358,#368,.T.);
#366 = VERTEX_POINT('',#367);
#367 = CARTESIAN_POINT('',(27.4,78.5,-4.768371586472E-08));
#368 = CIRCLE('',#369,2.4);
#369 = AXIS2_PLACEMENT_3D('',#370,#371,#372);
#370 = CARTESIAN_POINT('',(25.,78.5,-4.768371586472E-08));
#371 = DIRECTION('',(0.,0.,1.));
#372 = DIRECTION('',(1.,0.,0.));
#373 = ORIENTED_EDGE('',*,*,#374,.F.);
#374 = EDGE_CURVE('',#375,#366,#377,.T.);
#375 = VERTEX_POINT('',#376);
#376 = CARTESIAN_POINT('',(23.412549213361,80.3,-4.768371586472E-08));
#377 = CIRCLE('',#378,2.4);
#378 = AXIS2_PLACEMENT_3D('',#379,#380,#381);
#379 = CARTESIAN_POINT('',(25.,78.5,-4.768371586472E-08));
#380 = DIRECTION('',(0.,0.,1.));
#381 = DIRECTION('',(1.,0.,0.));
#382 = ORIENTED_EDGE('',*,*,#383,.F.);
#383 = EDGE_CURVE('',#384,#375,#386,.T.);
#384 = VERTEX_POINT('',#385);
#385 = CARTESIAN_POINT('',(12.5,80.3,-4.768371586472E-08));
#386 = LINE('',#387,#388);
#387 = CARTESIAN_POINT('',(18.75,80.3,-4.768371564268E-08));
#388 = VECTOR('',#389,1.);
#389 = DIRECTION('',(1.,0.,0.));
#390 = ORIENTED_EDGE('',*,*,#391,.F.);
#391 = EDGE_CURVE('',#392,#384,#394,.T.);
#392 = VERTEX_POINT('',#393);
#393 = CARTESIAN_POINT('',(1.2,69.,-4.768371586472E-08));
#394 = CIRCLE('',#395,11.3);
#395 = AXIS2_PLACEMENT_3D('',#396,#397,#398);
#396 = CARTESIAN_POINT('',(12.5,69.,-4.768371564268E-08));
#397 = DIRECTION('',(0.,0.,-1.));
#398 = DIRECTION('',(1.,0.,0.));
#399 = ORIENTED_EDGE('',*,*,#400,.T.);
#400 = EDGE_CURVE('',#392,#322,#401,.T.);
#401 = LINE('',#402,#403);
#402 = CARTESIAN_POINT('',(1.2,26.625,-4.768371564268E-08));
#403 = VECTOR('',#404,1.);
#404 = DIRECTION('',(0.,-1.,0.));
#405 = FACE_BOUND('',#406,.T.);
#406 = EDGE_LOOP('',(#407));
#407 = ORIENTED_EDGE('',*,*,#408,.F.);
#408 = EDGE_CURVE('',#409,#409,#411,.T.);
#409 = VERTEX_POINT('',#410);
#410 = CARTESIAN_POINT('',(25.65,78.5,-4.768371586472E-08));
#411 = CIRCLE('',#412,0.65);
#412 = AXIS2_PLACEMENT_3D('',#413,#414,#415);
#413 = CARTESIAN_POINT('',(25.,78.5,-4.768371586472E-08));
#414 = DIRECTION('',(0.,0.,-1.));
#415 = DIRECTION('',(1.,0.,0.));
#416 = PLANE('',#417);
#417 = AXIS2_PLACEMENT_3D('',#418,#419,#420);
#418 = CARTESIAN_POINT('',(25.,40.75,-4.768371564268E-08));
#419 = DIRECTION('',(-0.,-0.,-1.));
#420 = DIRECTION('',(-1.,0.,0.));
#421 = ADVANCED_FACE('',(#422),#441,.F.);
#422 = FACE_BOUND('',#423,.T.);
#423 = EDGE_LOOP('',(#424,#425,#426,#434));
#424 = ORIENTED_EDGE('',*,*,#178,.F.);
#425 = ORIENTED_EDGE('',*,*,#321,.T.);
#426 = ORIENTED_EDGE('',*,*,#427,.T.);
#427 = EDGE_CURVE('',#322,#428,#430,.T.);
#428 = VERTEX_POINT('',#429);
#429 = CARTESIAN_POINT('',(1.2,12.5,11.099999952316));
#430 = LINE('',#431,#432);
#431 = CARTESIAN_POINT('',(1.2,12.5,-2.200000047684));
#432 = VECTOR('',#433,1.);
#433 = DIRECTION('',(0.,0.,1.));
#434 = ORIENTED_EDGE('',*,*,#435,.T.);
#435 = EDGE_CURVE('',#428,#179,#436,.T.);
#436 = CIRCLE('',#437,11.3);
#437 = AXIS2_PLACEMENT_3D('',#438,#439,#440);
#438 = CARTESIAN_POINT('',(12.5,12.5,11.099999952316));
#439 = DIRECTION('',(0.,0.,1.));
#440 = DIRECTION('',(1.,0.,0.));
#441 = CYLINDRICAL_SURFACE('',#442,11.3);
#442 = AXIS2_PLACEMENT_3D('',#443,#444,#445);
#443 = CARTESIAN_POINT('',(12.5,12.5,-2.200000047684));
#444 = DIRECTION('',(-0.,-0.,-1.));
#445 = DIRECTION('',(1.,0.,0.));
#446 = ADVANCED_FACE('',(#447),#531,.F.);
#447 = FACE_BOUND('',#448,.T.);
#448 = EDGE_LOOP('',(#449,#450,#459,#467,#476,#490,#498,#515,#524,#530)
  );
#449 = ORIENTED_EDGE('',*,*,#194,.T.);
#450 = ORIENTED_EDGE('',*,*,#451,.T.);
#451 = EDGE_CURVE('',#187,#452,#454,.T.);
#452 = VERTEX_POINT('',#453);
#453 = CARTESIAN_POINT('',(48.8,12.5,11.099999952316));
#454 = CIRCLE('',#455,11.3);
#455 = AXIS2_PLACEMENT_3D('',#456,#457,#458);
#456 = CARTESIAN_POINT('',(37.5,12.5,11.099999952316));
#457 = DIRECTION('',(0.,0.,1.));
#458 = DIRECTION('',(1.,0.,0.));
#459 = ORIENTED_EDGE('',*,*,#460,.F.);
#460 = EDGE_CURVE('',#461,#452,#463,.T.);
#461 = VERTEX_POINT('',#462);
#462 = CARTESIAN_POINT('',(48.8,12.5,6.149999952316));
#463 = LINE('',#464,#465);
#464 = CARTESIAN_POINT('',(48.8,12.5,-2.200000047684));
#465 = VECTOR('',#466,1.);
#466 = DIRECTION('',(0.,0.,1.));
#467 = ORIENTED_EDGE('',*,*,#468,.T.);
#468 = EDGE_CURVE('',#461,#469,#471,.T.);
#469 = VERTEX_POINT('',#470);
#470 = CARTESIAN_POINT('',(48.741329992488,11.35,6.149999952316));
#471 = CIRCLE('',#472,11.3);
#472 = AXIS2_PLACEMENT_3D('',#473,#474,#475);
#473 = CARTESIAN_POINT('',(37.5,12.5,6.149999952316));
#474 = DIRECTION('',(0.,0.,-1.));
#475 = DIRECTION('',(1.,0.,0.));
#476 = ORIENTED_EDGE('',*,*,#477,.T.);
#477 = EDGE_CURVE('',#469,#478,#480,.T.);
#478 = VERTEX_POINT('',#479);
#479 = CARTESIAN_POINT('',(48.678886348827,10.85,5.649999952316));
#480 = B_SPLINE_CURVE_WITH_KNOTS('',8,(#481,#482,#483,#484,#485,#486,
    #487,#488,#489),.UNSPECIFIED.,.F.,.F.,(9,9),(0.,1.),
  .PIECEWISE_BEZIER_KNOTS.);
#481 = CARTESIAN_POINT('',(48.741329992488,11.35,6.149999952316));
#482 = CARTESIAN_POINT('',(48.730630137319,11.245408171457,
    6.149999952316));
#483 = CARTESIAN_POINT('',(48.719104505843,11.143730943973,
    6.124994800269));
#484 = CARTESIAN_POINT('',(48.707470068494,11.050936372811,
    6.077428606722));
#485 = CARTESIAN_POINT('',(48.696681824365,10.971900640674,
    6.010612792715));
#486 = CARTESIAN_POINT('',(48.687837553601,10.91064955401,5.92897113403)
  );
#487 = CARTESIAN_POINT('',(48.681794383685,10.869701260868,
    5.837759355403));
#488 = CARTESIAN_POINT('',(48.678886348827,10.85,5.74284119395));
#489 = CARTESIAN_POINT('',(48.678886348827,10.85,5.649999952316));
#490 = ORIENTED_EDGE('',*,*,#491,.T.);
#491 = EDGE_CURVE('',#478,#492,#494,.T.);
#492 = VERTEX_POINT('',#493);
#493 = CARTESIAN_POINT('',(48.678886348827,10.85,4.249999952316));
#494 = LINE('',#495,#496);
#495 = CARTESIAN_POINT('',(48.678886348827,10.85,-2.200000047684));
#496 = VECTOR('',#497,1.);
#497 = DIRECTION('',(-0.,-0.,-1.));
#498 = ORIENTED_EDGE('',*,*,#499,.T.);
#499 = EDGE_CURVE('',#492,#500,#502,.T.);
#500 = VERTEX_POINT('',#501);
#501 = CARTESIAN_POINT('',(48.741329992488,11.35,3.749999952316));
#502 = B_SPLINE_CURVE_WITH_KNOTS('',6,(#503,#504,#505,#506,#507,#508,
    #509,#510,#511,#512,#513,#514),.UNSPECIFIED.,.F.,.F.,(7,5,7),(0.,
    0.554744508704,1.),.UNSPECIFIED.);
#503 = CARTESIAN_POINT('',(48.678886348827,10.85,4.249999952316));
#504 = CARTESIAN_POINT('',(48.678886348827,10.85,4.180571197322));
#505 = CARTESIAN_POINT('',(48.680593855544,10.861568602215,
    4.110992640089));
#506 = CARTESIAN_POINT('',(48.684023037445,10.884801092966,
    4.043434185172));
#507 = CARTESIAN_POINT('',(48.689035302267,10.91938250263,3.980102616617
    ));
#508 = CARTESIAN_POINT('',(48.695340569534,10.964618369038,
    3.923191610602));
#509 = CARTESIAN_POINT('',(48.708379279964,11.063268643969,
    3.836219694082));
#510 = CARTESIAN_POINT('',(48.71479335768,11.113388908431,3.803003701475
    ));
#511 = CARTESIAN_POINT('',(48.721573597335,11.168704217488,
    3.776885082732));
#512 = CARTESIAN_POINT('',(48.728416963388,11.22772865181,3.75900268551)
  );
#513 = CARTESIAN_POINT('',(48.735064491356,11.288754290621,
    3.749999952316));
#514 = CARTESIAN_POINT('',(48.741329992488,11.35,3.749999952316));
#515 = ORIENTED_EDGE('',*,*,#516,.F.);
#516 = EDGE_CURVE('',#517,#500,#519,.T.);
#517 = VERTEX_POINT('',#518);
#518 = CARTESIAN_POINT('',(48.8,12.5,3.749999952316));
#519 = CIRCLE('',#520,11.3);
#520 = AXIS2_PLACEMENT_3D('',#521,#522,#523);
#521 = CARTESIAN_POINT('',(37.5,12.5,3.749999952316));
#522 = DIRECTION('',(0.,0.,-1.));
#523 = DIRECTION('',(1.,0.,0.));
#524 = ORIENTED_EDGE('',*,*,#525,.F.);
#525 = EDGE_CURVE('',#332,#517,#526,.T.);
#526 = LINE('',#527,#528);
#527 = CARTESIAN_POINT('',(48.8,12.5,-2.200000047684));
#528 = VECTOR('',#529,1.);
#529 = DIRECTION('',(0.,0.,1.));
#530 = ORIENTED_EDGE('',*,*,#331,.T.);
#531 = CYLINDRICAL_SURFACE('',#532,11.3);
#532 = AXIS2_PLACEMENT_3D('',#533,#534,#535);
#533 = CARTESIAN_POINT('',(37.5,12.5,-2.200000047684));
#534 = DIRECTION('',(-0.,-0.,-1.));
#535 = DIRECTION('',(1.,0.,0.));
#536 = ADVANCED_FACE('',(#537,#716,#786),#797,.F.);
#537 = FACE_BOUND('',#538,.F.);
#538 = EDGE_LOOP('',(#539,#547,#548,#549,#550,#558,#566,#575,#583,#591,
    #599,#608,#616,#625,#633,#642,#650,#659,#668,#676,#684,#692,#701,
    #710));
#539 = ORIENTED_EDGE('',*,*,#540,.F.);
#540 = EDGE_CURVE('',#428,#541,#543,.T.);
#541 = VERTEX_POINT('',#542);
#542 = CARTESIAN_POINT('',(1.2,51.8,11.099999952316));
#543 = LINE('',#544,#545);
#544 = CARTESIAN_POINT('',(1.2,12.5,11.099999952316));
#545 = VECTOR('',#546,1.);
#546 = DIRECTION('',(0.,1.,0.));
#547 = ORIENTED_EDGE('',*,*,#435,.T.);
#548 = ORIENTED_EDGE('',*,*,#186,.T.);
#549 = ORIENTED_EDGE('',*,*,#451,.T.);
#550 = ORIENTED_EDGE('',*,*,#551,.T.);
#551 = EDGE_CURVE('',#452,#552,#554,.T.);
#552 = VERTEX_POINT('',#553);
#553 = CARTESIAN_POINT('',(48.8,51.8,11.099999952316));
#554 = LINE('',#555,#556);
#555 = CARTESIAN_POINT('',(48.8,12.5,11.099999952316));
#556 = VECTOR('',#557,1.);
#557 = DIRECTION('',(0.,1.,0.));
#558 = ORIENTED_EDGE('',*,*,#559,.T.);
#559 = EDGE_CURVE('',#552,#560,#562,.T.);
#560 = VERTEX_POINT('',#561);
#561 = CARTESIAN_POINT('',(46.814249455894,51.8,11.099999952316));
#562 = LINE('',#563,#564);
#563 = CARTESIAN_POINT('',(34.5,51.8,11.099999952316));
#564 = VECTOR('',#565,1.);
#565 = DIRECTION('',(-1.,0.,0.));
#566 = ORIENTED_EDGE('',*,*,#567,.F.);
#567 = EDGE_CURVE('',#568,#560,#570,.T.);
#568 = VERTEX_POINT('',#569);
#569 = CARTESIAN_POINT('',(46.814249455894,53.2,11.099999952316));
#570 = CIRCLE('',#571,2.9);
#571 = AXIS2_PLACEMENT_3D('',#572,#573,#574);
#572 = CARTESIAN_POINT('',(44.,52.5,11.099999952316));
#573 = DIRECTION('',(0.,0.,1.));
#574 = DIRECTION('',(1.,0.,0.));
#575 = ORIENTED_EDGE('',*,*,#576,.F.);
#576 = EDGE_CURVE('',#577,#568,#579,.T.);
#577 = VERTEX_POINT('',#578);
#578 = CARTESIAN_POINT('',(48.8,53.2,11.099999952316));
#579 = LINE('',#580,#581);
#580 = CARTESIAN_POINT('',(34.5,53.2,11.099999952316));
#581 = VECTOR('',#582,1.);
#582 = DIRECTION('',(-1.,0.,0.));
#583 = ORIENTED_EDGE('',*,*,#584,.T.);
#584 = EDGE_CURVE('',#577,#585,#587,.T.);
#585 = VERTEX_POINT('',#586);
#586 = CARTESIAN_POINT('',(48.8,67.8,11.099999952316));
#587 = LINE('',#588,#589);
#588 = CARTESIAN_POINT('',(48.8,12.5,11.099999952316));
#589 = VECTOR('',#590,1.);
#590 = DIRECTION('',(0.,1.,0.));
#591 = ORIENTED_EDGE('',*,*,#592,.T.);
#592 = EDGE_CURVE('',#585,#593,#595,.T.);
#593 = VERTEX_POINT('',#594);
#594 = CARTESIAN_POINT('',(46.814249455894,67.8,11.099999952316));
#595 = LINE('',#596,#597);
#596 = CARTESIAN_POINT('',(34.5,67.8,11.099999952316));
#597 = VECTOR('',#598,1.);
#598 = DIRECTION('',(-1.,0.,0.));
#599 = ORIENTED_EDGE('',*,*,#600,.F.);
#600 = EDGE_CURVE('',#601,#593,#603,.T.);
#601 = VERTEX_POINT('',#602);
#602 = CARTESIAN_POINT('',(46.814249455894,69.2,11.099999952316));
#603 = CIRCLE('',#604,2.9);
#604 = AXIS2_PLACEMENT_3D('',#605,#606,#607);
#605 = CARTESIAN_POINT('',(44.,68.5,11.099999952316));
#606 = DIRECTION('',(0.,0.,1.));
#607 = DIRECTION('',(1.,0.,0.));
#608 = ORIENTED_EDGE('',*,*,#609,.F.);
#609 = EDGE_CURVE('',#610,#601,#612,.T.);
#610 = VERTEX_POINT('',#611);
#611 = CARTESIAN_POINT('',(48.798229949864,69.2,11.099999952316));
#612 = LINE('',#613,#614);
#613 = CARTESIAN_POINT('',(34.5,69.2,11.099999952316));
#614 = VECTOR('',#615,1.);
#615 = DIRECTION('',(-1.,0.,0.));
#616 = ORIENTED_EDGE('',*,*,#617,.T.);
#617 = EDGE_CURVE('',#610,#618,#620,.T.);
#618 = VERTEX_POINT('',#619);
#619 = CARTESIAN_POINT('',(37.5,80.3,11.099999952316));
#620 = CIRCLE('',#621,11.3);
#621 = AXIS2_PLACEMENT_3D('',#622,#623,#624);
#622 = CARTESIAN_POINT('',(37.5,69.,11.099999952316));
#623 = DIRECTION('',(0.,0.,1.));
#624 = DIRECTION('',(1.,0.,0.));
#625 = ORIENTED_EDGE('',*,*,#626,.F.);
#626 = EDGE_CURVE('',#627,#618,#629,.T.);
#627 = VERTEX_POINT('',#628);
#628 = CARTESIAN_POINT('',(12.5,80.3,11.099999952316));
#629 = LINE('',#630,#631);
#630 = CARTESIAN_POINT('',(12.5,80.3,11.099999952316));
#631 = VECTOR('',#632,1.);
#632 = DIRECTION('',(1.,0.,0.));
#633 = ORIENTED_EDGE('',*,*,#634,.T.);
#634 = EDGE_CURVE('',#627,#635,#637,.T.);
#635 = VERTEX_POINT('',#636);
#636 = CARTESIAN_POINT('',(1.201770050136,69.2,11.099999952316));
#637 = CIRCLE('',#638,11.3);
#638 = AXIS2_PLACEMENT_3D('',#639,#640,#641);
#639 = CARTESIAN_POINT('',(12.5,69.,11.099999952316));
#640 = DIRECTION('',(0.,0.,1.));
#641 = DIRECTION('',(1.,0.,0.));
#642 = ORIENTED_EDGE('',*,*,#643,.F.);
#643 = EDGE_CURVE('',#644,#635,#646,.T.);
#644 = VERTEX_POINT('',#645);
#645 = CARTESIAN_POINT('',(3.185750544106,69.2,11.099999952316));
#646 = LINE('',#647,#648);
#647 = CARTESIAN_POINT('',(13.05,69.2,11.099999952316));
#648 = VECTOR('',#649,1.);
#649 = DIRECTION('',(-1.,0.,0.));
#650 = ORIENTED_EDGE('',*,*,#651,.F.);
#651 = EDGE_CURVE('',#652,#644,#654,.T.);
#652 = VERTEX_POINT('',#653);
#653 = CARTESIAN_POINT('',(8.9,68.5,11.099999952316));
#654 = CIRCLE('',#655,2.9);
#655 = AXIS2_PLACEMENT_3D('',#656,#657,#658);
#656 = CARTESIAN_POINT('',(6.,68.5,11.099999952316));
#657 = DIRECTION('',(0.,0.,1.));
#658 = DIRECTION('',(1.,0.,0.));
#659 = ORIENTED_EDGE('',*,*,#660,.F.);
#660 = EDGE_CURVE('',#661,#652,#663,.T.);
#661 = VERTEX_POINT('',#662);
#662 = CARTESIAN_POINT('',(3.185750544106,67.8,11.099999952316));
#663 = CIRCLE('',#664,2.9);
#664 = AXIS2_PLACEMENT_3D('',#665,#666,#667);
#665 = CARTESIAN_POINT('',(6.,68.5,11.099999952316));
#666 = DIRECTION('',(0.,0.,1.));
#667 = DIRECTION('',(1.,0.,0.));
#668 = ORIENTED_EDGE('',*,*,#669,.T.);
#669 = EDGE_CURVE('',#661,#670,#672,.T.);
#670 = VERTEX_POINT('',#671);
#671 = CARTESIAN_POINT('',(1.2,67.8,11.099999952316));
#672 = LINE('',#673,#674);
#673 = CARTESIAN_POINT('',(13.05,67.8,11.099999952316));
#674 = VECTOR('',#675,1.);
#675 = DIRECTION('',(-1.,0.,0.));
#676 = ORIENTED_EDGE('',*,*,#677,.F.);
#677 = EDGE_CURVE('',#678,#670,#680,.T.);
#678 = VERTEX_POINT('',#679);
#679 = CARTESIAN_POINT('',(1.2,53.2,11.099999952316));
#680 = LINE('',#681,#682);
#681 = CARTESIAN_POINT('',(1.2,12.5,11.099999952316));
#682 = VECTOR('',#683,1.);
#683 = DIRECTION('',(0.,1.,0.));
#684 = ORIENTED_EDGE('',*,*,#685,.F.);
#685 = EDGE_CURVE('',#686,#678,#688,.T.);
#686 = VERTEX_POINT('',#687);
#687 = CARTESIAN_POINT('',(3.185750544106,53.2,11.099999952316));
#688 = LINE('',#689,#690);
#689 = CARTESIAN_POINT('',(13.05,53.2,11.099999952316));
#690 = VECTOR('',#691,1.);
#691 = DIRECTION('',(-1.,0.,0.));
#692 = ORIENTED_EDGE('',*,*,#693,.F.);
#693 = EDGE_CURVE('',#694,#686,#696,.T.);
#694 = VERTEX_POINT('',#695);
#695 = CARTESIAN_POINT('',(8.9,52.5,11.099999952316));
#696 = CIRCLE('',#697,2.9);
#697 = AXIS2_PLACEMENT_3D('',#698,#699,#700);
#698 = CARTESIAN_POINT('',(6.,52.5,11.099999952316));
#699 = DIRECTION('',(0.,0.,1.));
#700 = DIRECTION('',(1.,0.,0.));
#701 = ORIENTED_EDGE('',*,*,#702,.F.);
#702 = EDGE_CURVE('',#703,#694,#705,.T.);
#703 = VERTEX_POINT('',#704);
#704 = CARTESIAN_POINT('',(3.185750544106,51.8,11.099999952316));
#705 = CIRCLE('',#706,2.9);
#706 = AXIS2_PLACEMENT_3D('',#707,#708,#709);
#707 = CARTESIAN_POINT('',(6.,52.5,11.099999952316));
#708 = DIRECTION('',(0.,0.,1.));
#709 = DIRECTION('',(1.,0.,0.));
#710 = ORIENTED_EDGE('',*,*,#711,.T.);
#711 = EDGE_CURVE('',#703,#541,#712,.T.);
#712 = LINE('',#713,#714);
#713 = CARTESIAN_POINT('',(13.05,51.8,11.099999952316));
#714 = VECTOR('',#715,1.);
#715 = DIRECTION('',(-1.,0.,0.));
#716 = FACE_BOUND('',#717,.F.);
#717 = EDGE_LOOP('',(#718,#728,#737,#745,#754,#762,#771,#779));
#718 = ORIENTED_EDGE('',*,*,#719,.T.);
#719 = EDGE_CURVE('',#720,#722,#724,.T.);
#720 = VERTEX_POINT('',#721);
#721 = CARTESIAN_POINT('',(36.725,3.435,11.099999952316));
#722 = VERTEX_POINT('',#723);
#723 = CARTESIAN_POINT('',(13.275,3.435,11.099999952316));
#724 = LINE('',#725,#726);
#725 = CARTESIAN_POINT('',(19.1375,3.435,11.099999952316));
#726 = VECTOR('',#727,1.);
#727 = DIRECTION('',(-1.,0.,0.));
#728 = ORIENTED_EDGE('',*,*,#729,.T.);
#729 = EDGE_CURVE('',#722,#730,#732,.T.);
#730 = VERTEX_POINT('',#731);
#731 = CARTESIAN_POINT('',(2.975,13.735,11.099999952316));
#732 = CIRCLE('',#733,10.3);
#733 = AXIS2_PLACEMENT_3D('',#734,#735,#736);
#734 = CARTESIAN_POINT('',(13.275,13.735,11.099999952316));
#735 = DIRECTION('',(0.,0.,-1.));
#736 = DIRECTION('',(1.,0.,0.));
#737 = ORIENTED_EDGE('',*,*,#738,.T.);
#738 = EDGE_CURVE('',#730,#739,#741,.T.);
#739 = VERTEX_POINT('',#740);
#740 = CARTESIAN_POINT('',(2.975,30.065,11.099999952316));
#741 = LINE('',#742,#743);
#742 = CARTESIAN_POINT('',(2.975,27.2425,11.099999952316));
#743 = VECTOR('',#744,1.);
#744 = DIRECTION('',(0.,1.,0.));
#745 = ORIENTED_EDGE('',*,*,#746,.T.);
#746 = EDGE_CURVE('',#739,#747,#749,.T.);
#747 = VERTEX_POINT('',#748);
#748 = CARTESIAN_POINT('',(13.275,40.365,11.099999952316));
#749 = CIRCLE('',#750,10.3);
#750 = AXIS2_PLACEMENT_3D('',#751,#752,#753);
#751 = CARTESIAN_POINT('',(13.275,30.065,11.099999952316));
#752 = DIRECTION('',(0.,0.,-1.));
#753 = DIRECTION('',(1.,0.,0.));
#754 = ORIENTED_EDGE('',*,*,#755,.F.);
#755 = EDGE_CURVE('',#756,#747,#758,.T.);
#756 = VERTEX_POINT('',#757);
#757 = CARTESIAN_POINT('',(36.725,40.365,11.099999952316));
#758 = LINE('',#759,#760);
#759 = CARTESIAN_POINT('',(19.1375,40.365,11.099999952316));
#760 = VECTOR('',#761,1.);
#761 = DIRECTION('',(-1.,0.,0.));
#762 = ORIENTED_EDGE('',*,*,#763,.T.);
#763 = EDGE_CURVE('',#756,#764,#766,.T.);
#764 = VERTEX_POINT('',#765);
#765 = CARTESIAN_POINT('',(47.025,30.065,11.099999952316));
#766 = CIRCLE('',#767,10.3);
#767 = AXIS2_PLACEMENT_3D('',#768,#769,#770);
#768 = CARTESIAN_POINT('',(36.725,30.065,11.099999952316));
#769 = DIRECTION('',(0.,0.,-1.));
#770 = DIRECTION('',(1.,0.,0.));
#771 = ORIENTED_EDGE('',*,*,#772,.F.);
#772 = EDGE_CURVE('',#773,#764,#775,.T.);
#773 = VERTEX_POINT('',#774);
#774 = CARTESIAN_POINT('',(47.025,13.735,11.099999952316));
#775 = LINE('',#776,#777);
#776 = CARTESIAN_POINT('',(47.025,27.2425,11.099999952316));
#777 = VECTOR('',#778,1.);
#778 = DIRECTION('',(0.,1.,0.));
#779 = ORIENTED_EDGE('',*,*,#780,.T.);
#780 = EDGE_CURVE('',#773,#720,#781,.T.);
#781 = CIRCLE('',#782,10.3);
#782 = AXIS2_PLACEMENT_3D('',#783,#784,#785);
#783 = CARTESIAN_POINT('',(36.725,13.735,11.099999952316));
#784 = DIRECTION('',(0.,0.,-1.));
#785 = DIRECTION('',(1.,0.,0.));
#786 = FACE_BOUND('',#787,.F.);
#787 = EDGE_LOOP('',(#788));
#788 = ORIENTED_EDGE('',*,*,#789,.F.);
#789 = EDGE_CURVE('',#790,#790,#792,.T.);
#790 = VERTEX_POINT('',#791);
#791 = CARTESIAN_POINT('',(42.5,60.8,11.099999952316));
#792 = CIRCLE('',#793,17.5);
#793 = AXIS2_PLACEMENT_3D('',#794,#795,#796);
#794 = CARTESIAN_POINT('',(25.,60.8,11.099999952316));
#795 = DIRECTION('',(0.,0.,1.));
#796 = DIRECTION('',(1.,0.,0.));
#797 = PLANE('',#798);
#798 = AXIS2_PLACEMENT_3D('',#799,#800,#801);
#799 = CARTESIAN_POINT('',(25.,40.75,11.099999952316));
#800 = DIRECTION('',(0.,0.,1.));
#801 = DIRECTION('',(1.,0.,0.));
#802 = ADVANCED_FACE('',(#803),#822,.F.);
#803 = FACE_BOUND('',#804,.T.);
#804 = EDGE_LOOP('',(#805,#806,#814,#821));
#805 = ORIENTED_EDGE('',*,*,#234,.T.);
#806 = ORIENTED_EDGE('',*,*,#807,.T.);
#807 = EDGE_CURVE('',#235,#808,#810,.T.);
#808 = VERTEX_POINT('',#809);
#809 = CARTESIAN_POINT('',(25.65,4.5,7.999999952316));
#810 = LINE('',#811,#812);
#811 = CARTESIAN_POINT('',(25.65,4.5,-0.400000047684));
#812 = VECTOR('',#813,1.);
#813 = DIRECTION('',(0.,0.,1.));
#814 = ORIENTED_EDGE('',*,*,#815,.T.);
#815 = EDGE_CURVE('',#808,#808,#816,.T.);
#816 = CIRCLE('',#817,0.65);
#817 = AXIS2_PLACEMENT_3D('',#818,#819,#820);
#818 = CARTESIAN_POINT('',(25.,4.5,7.999999952316));
#819 = DIRECTION('',(0.,0.,1.));
#820 = DIRECTION('',(1.,0.,0.));
#821 = ORIENTED_EDGE('',*,*,#807,.F.);
#822 = CYLINDRICAL_SURFACE('',#823,0.65);
#823 = AXIS2_PLACEMENT_3D('',#824,#825,#826);
#824 = CARTESIAN_POINT('',(25.,4.5,-0.400000047684));
#825 = DIRECTION('',(-0.,-0.,-1.));
#826 = DIRECTION('',(1.,0.,0.));
#827 = ADVANCED_FACE('',(#828),#856,.T.);
#828 = FACE_BOUND('',#829,.F.);
#829 = EDGE_LOOP('',(#830,#839,#848,#855));
#830 = ORIENTED_EDGE('',*,*,#831,.F.);
#831 = EDGE_CURVE('',#832,#252,#834,.T.);
#832 = VERTEX_POINT('',#833);
#833 = CARTESIAN_POINT('',(0.,12.5,0.549999952316));
#834 = CIRCLE('',#835,0.55);
#835 = AXIS2_PLACEMENT_3D('',#836,#837,#838);
#836 = CARTESIAN_POINT('',(0.55,12.5,0.549999952316));
#837 = DIRECTION('',(-1.4E-16,-1.,-0.));
#838 = DIRECTION('',(-1.,1.4E-16,0.));
#839 = ORIENTED_EDGE('',*,*,#840,.T.);
#840 = EDGE_CURVE('',#832,#841,#843,.T.);
#841 = VERTEX_POINT('',#842);
#842 = CARTESIAN_POINT('',(12.5,0.,0.549999952316));
#843 = CIRCLE('',#844,12.5);
#844 = AXIS2_PLACEMENT_3D('',#845,#846,#847);
#845 = CARTESIAN_POINT('',(12.5,12.5,0.549999952316));
#846 = DIRECTION('',(0.,-0.,1.));
#847 = DIRECTION('',(-1.,1.4E-16,0.));
#848 = ORIENTED_EDGE('',*,*,#849,.T.);
#849 = EDGE_CURVE('',#841,#254,#850,.T.);
#850 = CIRCLE('',#851,0.55);
#851 = AXIS2_PLACEMENT_3D('',#852,#853,#854);
#852 = CARTESIAN_POINT('',(12.5,0.55,0.549999952316));
#853 = DIRECTION('',(1.,-2.E-16,0.));
#854 = DIRECTION('',(-2.E-16,-1.,0.));
#855 = ORIENTED_EDGE('',*,*,#251,.F.);
#856 = TOROIDAL_SURFACE('',#857,11.95,0.55);
#857 = AXIS2_PLACEMENT_3D('',#858,#859,#860);
#858 = CARTESIAN_POINT('',(12.5,12.5,0.549999952316));
#859 = DIRECTION('',(0.,0.,-1.));
#860 = DIRECTION('',(-1.,1.4E-16,0.));
#861 = ADVANCED_FACE('',(#862),#881,.T.);
#862 = FACE_BOUND('',#863,.T.);
#863 = EDGE_LOOP('',(#864,#873,#874,#875));
#864 = ORIENTED_EDGE('',*,*,#865,.T.);
#865 = EDGE_CURVE('',#866,#263,#868,.T.);
#866 = VERTEX_POINT('',#867);
#867 = CARTESIAN_POINT('',(0.,69.,0.549999952316));
#868 = CIRCLE('',#869,0.55);
#869 = AXIS2_PLACEMENT_3D('',#870,#871,#872);
#870 = CARTESIAN_POINT('',(0.55,69.,0.549999952316));
#871 = DIRECTION('',(-6.E-17,-1.,-0.));
#872 = DIRECTION('',(-1.,6.E-17,0.));
#873 = ORIENTED_EDGE('',*,*,#262,.T.);
#874 = ORIENTED_EDGE('',*,*,#831,.F.);
#875 = ORIENTED_EDGE('',*,*,#876,.F.);
#876 = EDGE_CURVE('',#866,#832,#877,.T.);
#877 = LINE('',#878,#879);
#878 = CARTESIAN_POINT('',(-1.1E-16,69.,0.549999952316));
#879 = VECTOR('',#880,1.);
#880 = DIRECTION('',(-0.,-1.,-0.));
#881 = CYLINDRICAL_SURFACE('',#882,0.55);
#882 = AXIS2_PLACEMENT_3D('',#883,#884,#885);
#883 = CARTESIAN_POINT('',(0.55,69.,0.549999952316));
#884 = DIRECTION('',(-0.,-1.,-0.));
#885 = DIRECTION('',(-1.,0.,0.));
#886 = ADVANCED_FACE('',(#887),#907,.T.);
#887 = FACE_BOUND('',#888,.F.);
#888 = EDGE_LOOP('',(#889,#898,#905,#906));
#889 = ORIENTED_EDGE('',*,*,#890,.F.);
#890 = EDGE_CURVE('',#891,#271,#893,.T.);
#891 = VERTEX_POINT('',#892);
#892 = CARTESIAN_POINT('',(12.5,81.5,0.549999952316));
#893 = CIRCLE('',#894,0.55);
#894 = AXIS2_PLACEMENT_3D('',#895,#896,#897);
#895 = CARTESIAN_POINT('',(12.5,80.95,0.549999952316));
#896 = DIRECTION('',(-1.,0.,0.));
#897 = DIRECTION('',(0.,1.,0.));
#898 = ORIENTED_EDGE('',*,*,#899,.T.);
#899 = EDGE_CURVE('',#891,#866,#900,.T.);
#900 = CIRCLE('',#901,12.5);
#901 = AXIS2_PLACEMENT_3D('',#902,#903,#904);
#902 = CARTESIAN_POINT('',(12.5,69.,0.549999952316));
#903 = DIRECTION('',(0.,-0.,1.));
#904 = DIRECTION('',(0.,1.,0.));
#905 = ORIENTED_EDGE('',*,*,#865,.T.);
#906 = ORIENTED_EDGE('',*,*,#270,.F.);
#907 = TOROIDAL_SURFACE('',#908,11.95,0.55);
#908 = AXIS2_PLACEMENT_3D('',#909,#910,#911);
#909 = CARTESIAN_POINT('',(12.5,69.,0.549999952316));
#910 = DIRECTION('',(0.,0.,-1.));
#911 = DIRECTION('',(0.,1.,0.));
#912 = ADVANCED_FACE('',(#913),#932,.T.);
#913 = FACE_BOUND('',#914,.T.);
#914 = EDGE_LOOP('',(#915,#924,#925,#926));
#915 = ORIENTED_EDGE('',*,*,#916,.T.);
#916 = EDGE_CURVE('',#917,#280,#919,.T.);
#917 = VERTEX_POINT('',#918);
#918 = CARTESIAN_POINT('',(37.5,81.5,0.549999952316));
#919 = CIRCLE('',#920,0.55);
#920 = AXIS2_PLACEMENT_3D('',#921,#922,#923);
#921 = CARTESIAN_POINT('',(37.5,80.95,0.549999952316));
#922 = DIRECTION('',(-1.,6.E-17,0.));
#923 = DIRECTION('',(6.E-17,1.,0.));
#924 = ORIENTED_EDGE('',*,*,#279,.T.);
#925 = ORIENTED_EDGE('',*,*,#890,.F.);
#926 = ORIENTED_EDGE('',*,*,#927,.F.);
#927 = EDGE_CURVE('',#917,#891,#928,.T.);
#928 = LINE('',#929,#930);
#929 = CARTESIAN_POINT('',(37.5,81.5,0.549999952316));
#930 = VECTOR('',#931,1.);
#931 = DIRECTION('',(-1.,-0.,-0.));
#932 = CYLINDRICAL_SURFACE('',#933,0.55);
#933 = AXIS2_PLACEMENT_3D('',#934,#935,#936);
#934 = CARTESIAN_POINT('',(37.5,80.95,0.549999952316));
#935 = DIRECTION('',(-1.,-0.,-0.));
#936 = DIRECTION('',(0.,1.,0.));
#937 = ADVANCED_FACE('',(#938),#958,.T.);
#938 = FACE_BOUND('',#939,.F.);
#939 = EDGE_LOOP('',(#940,#949,#956,#957));
#940 = ORIENTED_EDGE('',*,*,#941,.F.);
#941 = EDGE_CURVE('',#942,#288,#944,.T.);
#942 = VERTEX_POINT('',#943);
#943 = CARTESIAN_POINT('',(50.,69.,0.549999952316));
#944 = CIRCLE('',#945,0.55);
#945 = AXIS2_PLACEMENT_3D('',#946,#947,#948);
#946 = CARTESIAN_POINT('',(49.45,69.,0.549999952316));
#947 = DIRECTION('',(-0.,1.,0.));
#948 = DIRECTION('',(1.,0.,0.));
#949 = ORIENTED_EDGE('',*,*,#950,.T.);
#950 = EDGE_CURVE('',#942,#917,#951,.T.);
#951 = CIRCLE('',#952,12.5);
#952 = AXIS2_PLACEMENT_3D('',#953,#954,#955);
#953 = CARTESIAN_POINT('',(37.5,69.,0.549999952316));
#954 = DIRECTION('',(0.,0.,1.));
#955 = DIRECTION('',(1.,0.,0.));
#956 = ORIENTED_EDGE('',*,*,#916,.T.);
#957 = ORIENTED_EDGE('',*,*,#287,.F.);
#958 = TOROIDAL_SURFACE('',#959,11.95,0.55);
#959 = AXIS2_PLACEMENT_3D('',#960,#961,#962);
#960 = CARTESIAN_POINT('',(37.5,69.,0.549999952316));
#961 = DIRECTION('',(0.,0.,-1.));
#962 = DIRECTION('',(1.,0.,0.));
#963 = ADVANCED_FACE('',(#964),#983,.T.);
#964 = FACE_BOUND('',#965,.T.);
#965 = EDGE_LOOP('',(#966,#975,#976,#977));
#966 = ORIENTED_EDGE('',*,*,#967,.T.);
#967 = EDGE_CURVE('',#968,#297,#970,.T.);
#968 = VERTEX_POINT('',#969);
#969 = CARTESIAN_POINT('',(50.,12.5,0.549999952316));
#970 = CIRCLE('',#971,0.55);
#971 = AXIS2_PLACEMENT_3D('',#972,#973,#974);
#972 = CARTESIAN_POINT('',(49.45,12.5,0.549999952316));
#973 = DIRECTION('',(6.E-17,1.,0.));
#974 = DIRECTION('',(1.,-6.E-17,0.));
#975 = ORIENTED_EDGE('',*,*,#296,.T.);
#976 = ORIENTED_EDGE('',*,*,#941,.F.);
#977 = ORIENTED_EDGE('',*,*,#978,.F.);
#978 = EDGE_CURVE('',#968,#942,#979,.T.);
#979 = LINE('',#980,#981);
#980 = CARTESIAN_POINT('',(50.,12.5,0.549999952316));
#981 = VECTOR('',#982,1.);
#982 = DIRECTION('',(0.,1.,0.));
#983 = CYLINDRICAL_SURFACE('',#984,0.55);
#984 = AXIS2_PLACEMENT_3D('',#985,#986,#987);
#985 = CARTESIAN_POINT('',(49.45,12.5,0.549999952316));
#986 = DIRECTION('',(0.,1.,0.));
#987 = DIRECTION('',(1.,0.,0.));
#988 = ADVANCED_FACE('',(#989),#1009,.T.);
#989 = FACE_BOUND('',#990,.F.);
#990 = EDGE_LOOP('',(#991,#1000,#1007,#1008));
#991 = ORIENTED_EDGE('',*,*,#992,.F.);
#992 = EDGE_CURVE('',#993,#305,#995,.T.);
#993 = VERTEX_POINT('',#994);
#994 = CARTESIAN_POINT('',(37.5,0.,0.549999952316));
#995 = CIRCLE('',#996,0.55);
#996 = AXIS2_PLACEMENT_3D('',#997,#998,#999);
#997 = CARTESIAN_POINT('',(37.5,0.55,0.549999952316));
#998 = DIRECTION('',(1.,0.,0.));
#999 = DIRECTION('',(0.,-1.,0.));
#1000 = ORIENTED_EDGE('',*,*,#1001,.T.);
#1001 = EDGE_CURVE('',#993,#968,#1002,.T.);
#1002 = CIRCLE('',#1003,12.5);
#1003 = AXIS2_PLACEMENT_3D('',#1004,#1005,#1006);
#1004 = CARTESIAN_POINT('',(37.5,12.5,0.549999952316));
#1005 = DIRECTION('',(-0.,0.,1.));
#1006 = DIRECTION('',(0.,-1.,0.));
#1007 = ORIENTED_EDGE('',*,*,#967,.T.);
#1008 = ORIENTED_EDGE('',*,*,#304,.F.);
#1009 = TOROIDAL_SURFACE('',#1010,11.95,0.55);
#1010 = AXIS2_PLACEMENT_3D('',#1011,#1012,#1013);
#1011 = CARTESIAN_POINT('',(37.5,12.5,0.549999952316));
#1012 = DIRECTION('',(0.,0.,-1.));
#1013 = DIRECTION('',(0.,-1.,0.));
#1014 = ADVANCED_FACE('',(#1015),#1026,.T.);
#1015 = FACE_BOUND('',#1016,.T.);
#1016 = EDGE_LOOP('',(#1017,#1018,#1019,#1020));
#1017 = ORIENTED_EDGE('',*,*,#849,.T.);
#1018 = ORIENTED_EDGE('',*,*,#313,.T.);
#1019 = ORIENTED_EDGE('',*,*,#992,.F.);
#1020 = ORIENTED_EDGE('',*,*,#1021,.F.);
#1021 = EDGE_CURVE('',#841,#993,#1022,.T.);
#1022 = LINE('',#1023,#1024);
#1023 = CARTESIAN_POINT('',(12.5,0.,0.549999952316));
#1024 = VECTOR('',#1025,1.);
#1025 = DIRECTION('',(1.,0.,0.));
#1026 = CYLINDRICAL_SURFACE('',#1027,0.55);
#1027 = AXIS2_PLACEMENT_3D('',#1028,#1029,#1030);
#1028 = CARTESIAN_POINT('',(12.5,0.55,0.549999952316));
#1029 = DIRECTION('',(1.,0.,0.));
#1030 = DIRECTION('',(0.,-1.,0.));
#1031 = ADVANCED_FACE('',(#1032,#1123),#1157,.F.);
#1032 = FACE_BOUND('',#1033,.F.);
#1033 = EDGE_LOOP('',(#1034,#1035,#1036,#1044,#1052,#1058,#1059,#1067,
    #1075,#1081,#1082,#1083,#1091,#1100,#1108,#1117));
#1034 = ORIENTED_EDGE('',*,*,#525,.F.);
#1035 = ORIENTED_EDGE('',*,*,#340,.F.);
#1036 = ORIENTED_EDGE('',*,*,#1037,.T.);
#1037 = EDGE_CURVE('',#341,#1038,#1040,.T.);
#1038 = VERTEX_POINT('',#1039);
#1039 = CARTESIAN_POINT('',(48.8,69.,10.699999952316));
#1040 = LINE('',#1041,#1042);
#1041 = CARTESIAN_POINT('',(48.8,69.,-2.200000047684));
#1042 = VECTOR('',#1043,1.);
#1043 = DIRECTION('',(0.,0.,1.));
#1044 = ORIENTED_EDGE('',*,*,#1045,.T.);
#1045 = EDGE_CURVE('',#1038,#1046,#1048,.T.);
#1046 = VERTEX_POINT('',#1047);
#1047 = CARTESIAN_POINT('',(48.8,67.8,10.699999952316));
#1048 = LINE('',#1049,#1050);
#1049 = CARTESIAN_POINT('',(48.8,40.15,10.699999952316));
#1050 = VECTOR('',#1051,1.);
#1051 = DIRECTION('',(0.,-1.,0.));
#1052 = ORIENTED_EDGE('',*,*,#1053,.T.);
#1053 = EDGE_CURVE('',#1046,#585,#1054,.T.);
#1054 = LINE('',#1055,#1056);
#1055 = CARTESIAN_POINT('',(48.8,67.8,4.249999952316));
#1056 = VECTOR('',#1057,1.);
#1057 = DIRECTION('',(0.,0.,1.));
#1058 = ORIENTED_EDGE('',*,*,#584,.F.);
#1059 = ORIENTED_EDGE('',*,*,#1060,.F.);
#1060 = EDGE_CURVE('',#1061,#577,#1063,.T.);
#1061 = VERTEX_POINT('',#1062);
#1062 = CARTESIAN_POINT('',(48.8,53.2,10.699999952316));
#1063 = LINE('',#1064,#1065);
#1064 = CARTESIAN_POINT('',(48.8,53.2,4.249999952316));
#1065 = VECTOR('',#1066,1.);
#1066 = DIRECTION('',(0.,0.,1.));
#1067 = ORIENTED_EDGE('',*,*,#1068,.T.);
#1068 = EDGE_CURVE('',#1061,#1069,#1071,.T.);
#1069 = VERTEX_POINT('',#1070);
#1070 = CARTESIAN_POINT('',(48.8,51.8,10.699999952316));
#1071 = LINE('',#1072,#1073);
#1072 = CARTESIAN_POINT('',(48.8,32.15,10.699999952316));
#1073 = VECTOR('',#1074,1.);
#1074 = DIRECTION('',(0.,-1.,0.));
#1075 = ORIENTED_EDGE('',*,*,#1076,.T.);
#1076 = EDGE_CURVE('',#1069,#552,#1077,.T.);
#1077 = LINE('',#1078,#1079);
#1078 = CARTESIAN_POINT('',(48.8,51.8,4.249999952316));
#1079 = VECTOR('',#1080,1.);
#1080 = DIRECTION('',(0.,0.,1.));
#1081 = ORIENTED_EDGE('',*,*,#551,.F.);
#1082 = ORIENTED_EDGE('',*,*,#460,.F.);
#1083 = ORIENTED_EDGE('',*,*,#1084,.F.);
#1084 = EDGE_CURVE('',#1085,#461,#1087,.T.);
#1085 = VERTEX_POINT('',#1086);
#1086 = CARTESIAN_POINT('',(48.8,25.95,6.149999952316));
#1087 = LINE('',#1088,#1089);
#1088 = CARTESIAN_POINT('',(48.8,11.925,6.149999952316));
#1089 = VECTOR('',#1090,1.);
#1090 = DIRECTION('',(0.,-1.,0.));
#1091 = ORIENTED_EDGE('',*,*,#1092,.T.);
#1092 = EDGE_CURVE('',#1085,#1093,#1095,.T.);
#1093 = VERTEX_POINT('',#1094);
#1094 = CARTESIAN_POINT('',(48.8,26.45,5.649999952316));
#1095 = CIRCLE('',#1096,0.5);
#1096 = AXIS2_PLACEMENT_3D('',#1097,#1098,#1099);
#1097 = CARTESIAN_POINT('',(48.8,25.95,5.649999952316));
#1098 = DIRECTION('',(-1.,0.,0.));
#1099 = DIRECTION('',(0.,1.,0.));
#1100 = ORIENTED_EDGE('',*,*,#1101,.F.);
#1101 = EDGE_CURVE('',#1102,#1093,#1104,.T.);
#1102 = VERTEX_POINT('',#1103);
#1103 = CARTESIAN_POINT('',(48.8,26.45,4.249999952316));
#1104 = LINE('',#1105,#1106);
#1105 = CARTESIAN_POINT('',(48.8,26.45,1.024999952316));
#1106 = VECTOR('',#1107,1.);
#1107 = DIRECTION('',(0.,0.,1.));
#1108 = ORIENTED_EDGE('',*,*,#1109,.T.);
#1109 = EDGE_CURVE('',#1102,#1110,#1112,.T.);
#1110 = VERTEX_POINT('',#1111);
#1111 = CARTESIAN_POINT('',(48.8,25.95,3.749999952316));
#1112 = CIRCLE('',#1113,0.5);
#1113 = AXIS2_PLACEMENT_3D('',#1114,#1115,#1116);
#1114 = CARTESIAN_POINT('',(48.8,25.95,4.249999952316));
#1115 = DIRECTION('',(-1.,0.,0.));
#1116 = DIRECTION('',(0.,1.,0.));
#1117 = ORIENTED_EDGE('',*,*,#1118,.T.);
#1118 = EDGE_CURVE('',#1110,#517,#1119,.T.);
#1119 = LINE('',#1120,#1121);
#1120 = CARTESIAN_POINT('',(48.8,11.925,3.749999952316));
#1121 = VECTOR('',#1122,1.);
#1122 = DIRECTION('',(0.,-1.,0.));
#1123 = FACE_BOUND('',#1124,.F.);
#1124 = EDGE_LOOP('',(#1125,#1135,#1143,#1151));
#1125 = ORIENTED_EDGE('',*,*,#1126,.F.);
#1126 = EDGE_CURVE('',#1127,#1129,#1131,.T.);
#1127 = VERTEX_POINT('',#1128);
#1128 = CARTESIAN_POINT('',(48.8,62.7,5.199999952316));
#1129 = VERTEX_POINT('',#1130);
#1130 = CARTESIAN_POINT('',(48.8,62.7,6.199999952316));
#1131 = LINE('',#1132,#1133);
#1132 = CARTESIAN_POINT('',(48.8,62.7,1.499999952316));
#1133 = VECTOR('',#1134,1.);
#1134 = DIRECTION('',(0.,0.,1.));
#1135 = ORIENTED_EDGE('',*,*,#1136,.F.);
#1136 = EDGE_CURVE('',#1137,#1127,#1139,.T.);
#1137 = VERTEX_POINT('',#1138);
#1138 = CARTESIAN_POINT('',(48.8,60.3,5.199999952316));
#1139 = LINE('',#1140,#1141);
#1140 = CARTESIAN_POINT('',(48.8,37.083591654679,5.199999952316));
#1141 = VECTOR('',#1142,1.);
#1142 = DIRECTION('',(0.,1.,0.));
#1143 = ORIENTED_EDGE('',*,*,#1144,.T.);
#1144 = EDGE_CURVE('',#1137,#1145,#1147,.T.);
#1145 = VERTEX_POINT('',#1146);
#1146 = CARTESIAN_POINT('',(48.8,60.3,6.199999952316));
#1147 = LINE('',#1148,#1149);
#1148 = CARTESIAN_POINT('',(48.8,60.3,1.499999952316));
#1149 = VECTOR('',#1150,1.);
#1150 = DIRECTION('',(0.,0.,1.));
#1151 = ORIENTED_EDGE('',*,*,#1152,.F.);
#1152 = EDGE_CURVE('',#1129,#1145,#1153,.T.);
#1153 = LINE('',#1154,#1155);
#1154 = CARTESIAN_POINT('',(48.8,36.4,6.199999952316));
#1155 = VECTOR('',#1156,1.);
#1156 = DIRECTION('',(0.,-1.,0.));
#1157 = PLANE('',#1158);
#1158 = AXIS2_PLACEMENT_3D('',#1159,#1160,#1161);
#1159 = CARTESIAN_POINT('',(48.8,12.5,-2.200000047684));
#1160 = DIRECTION('',(1.,0.,0.));
#1161 = DIRECTION('',(0.,0.,1.));
#1162 = ADVANCED_FACE('',(#1163),#1247,.F.);
#1163 = FACE_BOUND('',#1164,.T.);
#1164 = EDGE_LOOP('',(#1165,#1173,#1174,#1175,#1184,#1190,#1191,#1199,
    #1224));
#1165 = ORIENTED_EDGE('',*,*,#1166,.F.);
#1166 = EDGE_CURVE('',#349,#1167,#1169,.T.);
#1167 = VERTEX_POINT('',#1168);
#1168 = CARTESIAN_POINT('',(37.5,80.3,3.261137495049));
#1169 = LINE('',#1170,#1171);
#1170 = CARTESIAN_POINT('',(37.5,80.3,-2.200000047684));
#1171 = VECTOR('',#1172,1.);
#1172 = DIRECTION('',(0.,0.,1.));
#1173 = ORIENTED_EDGE('',*,*,#348,.T.);
#1174 = ORIENTED_EDGE('',*,*,#1037,.T.);
#1175 = ORIENTED_EDGE('',*,*,#1176,.F.);
#1176 = EDGE_CURVE('',#1177,#1038,#1179,.T.);
#1177 = VERTEX_POINT('',#1178);
#1178 = CARTESIAN_POINT('',(48.798229949864,69.2,10.699999952316));
#1179 = CIRCLE('',#1180,11.3);
#1180 = AXIS2_PLACEMENT_3D('',#1181,#1182,#1183);
#1181 = CARTESIAN_POINT('',(37.5,69.,10.699999952316));
#1182 = DIRECTION('',(0.,0.,-1.));
#1183 = DIRECTION('',(1.,0.,0.));
#1184 = ORIENTED_EDGE('',*,*,#1185,.F.);
#1185 = EDGE_CURVE('',#610,#1177,#1186,.T.);
#1186 = LINE('',#1187,#1188);
#1187 = CARTESIAN_POINT('',(48.798229949864,69.2,-2.200000047684));
#1188 = VECTOR('',#1189,1.);
#1189 = DIRECTION('',(-0.,-0.,-1.));
#1190 = ORIENTED_EDGE('',*,*,#617,.T.);
#1191 = ORIENTED_EDGE('',*,*,#1192,.F.);
#1192 = EDGE_CURVE('',#1193,#618,#1195,.T.);
#1193 = VERTEX_POINT('',#1194);
#1194 = CARTESIAN_POINT('',(37.5,80.3,10.138862409583));
#1195 = LINE('',#1196,#1197);
#1196 = CARTESIAN_POINT('',(37.5,80.3,-2.200000047684));
#1197 = VECTOR('',#1198,1.);
#1198 = DIRECTION('',(0.,0.,1.));
#1199 = ORIENTED_EDGE('',*,*,#1200,.F.);
#1200 = EDGE_CURVE('',#1201,#1193,#1203,.T.);
#1201 = VERTEX_POINT('',#1202);
#1202 = CARTESIAN_POINT('',(40.035,80.011983245538,6.699999952316));
#1203 = B_SPLINE_CURVE_WITH_KNOTS('',7,(#1204,#1205,#1206,#1207,#1208,
    #1209,#1210,#1211,#1212,#1213,#1214,#1215,#1216,#1217,#1218,#1219,
    #1220,#1221,#1222,#1223),.UNSPECIFIED.,.F.,.F.,(8,6,6,8),(0.,
    0.606169501512,0.771031143217,1.),.UNSPECIFIED.);
#1204 = CARTESIAN_POINT('',(40.035,80.011983245538,6.699999952316));
#1205 = CARTESIAN_POINT('',(40.035,80.011983245538,7.057290128025));
#1206 = CARTESIAN_POINT('',(39.993631050266,80.021506584107,
    7.413982398742));
#1207 = CARTESIAN_POINT('',(39.911134159766,80.040497418929,
    7.767381897755));
#1208 = CARTESIAN_POINT('',(39.786664137577,80.068120627389,
    8.114546327693));
#1209 = CARTESIAN_POINT('',(39.618520768803,80.102735555341,
    8.451800177925));
#1210 = CARTESIAN_POINT('',(39.404367150435,80.1415397716,8.774042953673
    ));
#1211 = CARTESIAN_POINT('',(39.070164117241,80.190612188634,
    9.155128475689));
#1212 = CARTESIAN_POINT('',(38.995084281979,80.201092113851,
    9.234967522451));
#1213 = CARTESIAN_POINT('',(38.916331792741,80.211469828065,
    9.313000048985));
#1214 = CARTESIAN_POINT('',(38.833859061991,80.221646018118,
    9.389046288588));
#1215 = CARTESIAN_POINT('',(38.747623155239,80.231511439432,
    9.462908578207));
#1216 = CARTESIAN_POINT('',(38.657586023227,80.240946810625,
    9.534371250794));
#1217 = CARTESIAN_POINT('',(38.433341158231,80.262150039612,
    9.69879438856));
#1218 = CARTESIAN_POINT('',(38.295326055109,80.273421293907,
    9.789488574825));
#1219 = CARTESIAN_POINT('',(38.149859806762,80.283251968001,
    9.87437988454));
#1220 = CARTESIAN_POINT('',(37.997211658626,80.291233823212,
    9.952596205443));
#1221 = CARTESIAN_POINT('',(37.837727280452,80.296951644537,
    10.023292798371));
#1222 = CARTESIAN_POINT('',(37.671826327211,80.3,10.085648580664));
#1223 = CARTESIAN_POINT('',(37.5,80.3,10.138862409583));
#1224 = ORIENTED_EDGE('',*,*,#1225,.F.);
#1225 = EDGE_CURVE('',#1167,#1201,#1226,.T.);
#1226 = B_SPLINE_CURVE_WITH_KNOTS('',7,(#1227,#1228,#1229,#1230,#1231,
    #1232,#1233,#1234,#1235,#1236,#1237,#1238,#1239,#1240,#1241,#1242,
    #1243,#1244,#1245,#1246),.UNSPECIFIED.,.F.,.F.,(8,6,6,8),(0.,
    0.233184478315,0.398359245825,1.),.UNSPECIFIED.);
#1227 = CARTESIAN_POINT('',(37.5,80.3,3.261137495049));
#1228 = CARTESIAN_POINT('',(37.675006521014,80.3,3.315336215468));
#1229 = CARTESIAN_POINT('',(37.843855310591,80.296837749058,
    3.379014995581));
#1230 = CARTESIAN_POINT('',(38.006033820948,80.290914318421,
    3.451326888994));
#1231 = CARTESIAN_POINT('',(38.161106050518,80.282658508046,
    3.531405509432));
#1232 = CARTESIAN_POINT('',(38.308715124932,80.272508732114,
    3.618361024094));
#1233 = CARTESIAN_POINT('',(38.448585878,80.260894904531,3.711276147012)
  );
#1234 = CARTESIAN_POINT('',(38.673987408153,80.239242364869,
    3.878567392005));
#1235 = CARTESIAN_POINT('',(38.763600786458,80.229719581163,
    3.950544608585));
#1236 = CARTESIAN_POINT('',(38.849402383035,80.219781056308,
    4.02490108793));
#1237 = CARTESIAN_POINT('',(38.931431889102,80.209545610245,
    4.101422397994));
#1238 = CARTESIAN_POINT('',(39.009733639117,80.19912193964,
    4.179912263573));
#1239 = CARTESIAN_POINT('',(39.084356378245,80.188608757649,
    4.260192460954));
#1240 = CARTESIAN_POINT('',(39.41395474992,80.139798860577,
    4.640456670054));
#1241 = CARTESIAN_POINT('',(39.624789125481,80.101443785595,
    4.960831527109));
#1242 = CARTESIAN_POINT('',(39.790375946068,80.067296800779,
    5.295848914613));
#1243 = CARTESIAN_POINT('',(39.912981470916,80.040072159619,5.6405552686
    ));
#1244 = CARTESIAN_POINT('',(39.99425049033,80.021363986883,
    5.991364782268));
#1245 = CARTESIAN_POINT('',(40.035,80.011983245538,6.345395023733));
#1246 = CARTESIAN_POINT('',(40.035,80.011983245538,6.699999952316));
#1247 = CYLINDRICAL_SURFACE('',#1248,11.3);
#1248 = AXIS2_PLACEMENT_3D('',#1249,#1250,#1251);
#1249 = CARTESIAN_POINT('',(37.5,69.,-2.200000047684));
#1250 = DIRECTION('',(-0.,-0.,-1.));
#1251 = DIRECTION('',(1.,0.,0.));
#1252 = ADVANCED_FACE('',(#1253),#1345,.F.);
#1253 = FACE_BOUND('',#1254,.F.);
#1254 = EDGE_LOOP('',(#1255,#1256,#1264,#1272,#1281,#1289,#1298,#1306,
    #1312,#1313,#1314,#1321,#1322,#1323,#1331,#1339));
#1255 = ORIENTED_EDGE('',*,*,#383,.F.);
#1256 = ORIENTED_EDGE('',*,*,#1257,.T.);
#1257 = EDGE_CURVE('',#384,#1258,#1260,.T.);
#1258 = VERTEX_POINT('',#1259);
#1259 = CARTESIAN_POINT('',(12.5,80.3,2.849999952316));
#1260 = LINE('',#1261,#1262);
#1261 = CARTESIAN_POINT('',(12.5,80.3,-2.200000047684));
#1262 = VECTOR('',#1263,1.);
#1263 = DIRECTION('',(0.,0.,1.));
#1264 = ORIENTED_EDGE('',*,*,#1265,.T.);
#1265 = EDGE_CURVE('',#1258,#1266,#1268,.T.);
#1266 = VERTEX_POINT('',#1267);
#1267 = CARTESIAN_POINT('',(18.551,80.3,2.849999952316));
#1268 = LINE('',#1269,#1270);
#1269 = CARTESIAN_POINT('',(10.5255,80.3,2.849999952316));
#1270 = VECTOR('',#1271,1.);
#1271 = DIRECTION('',(1.,0.,0.));
#1272 = ORIENTED_EDGE('',*,*,#1273,.F.);
#1273 = EDGE_CURVE('',#1274,#1266,#1276,.T.);
#1274 = VERTEX_POINT('',#1275);
#1275 = CARTESIAN_POINT('',(19.551,80.3,3.849999952316));
#1276 = CIRCLE('',#1277,1.);
#1277 = AXIS2_PLACEMENT_3D('',#1278,#1279,#1280);
#1278 = CARTESIAN_POINT('',(18.551,80.3,3.849999952316));
#1279 = DIRECTION('',(-0.,1.,2.2E-16));
#1280 = DIRECTION('',(1.,0.,0.));
#1281 = ORIENTED_EDGE('',*,*,#1282,.F.);
#1282 = EDGE_CURVE('',#1283,#1274,#1285,.T.);
#1283 = VERTEX_POINT('',#1284);
#1284 = CARTESIAN_POINT('',(19.551,80.3,7.349999952316));
#1285 = LINE('',#1286,#1287);
#1286 = CARTESIAN_POINT('',(19.551,80.3,0.824999952316));
#1287 = VECTOR('',#1288,1.);
#1288 = DIRECTION('',(0.,0.,-1.));
#1289 = ORIENTED_EDGE('',*,*,#1290,.F.);
#1290 = EDGE_CURVE('',#1291,#1283,#1293,.T.);
#1291 = VERTEX_POINT('',#1292);
#1292 = CARTESIAN_POINT('',(18.551,80.3,8.349999952316));
#1293 = CIRCLE('',#1294,1.);
#1294 = AXIS2_PLACEMENT_3D('',#1295,#1296,#1297);
#1295 = CARTESIAN_POINT('',(18.551,80.3,7.349999952316));
#1296 = DIRECTION('',(-0.,1.,2.2E-16));
#1297 = DIRECTION('',(1.,0.,0.));
#1298 = ORIENTED_EDGE('',*,*,#1299,.F.);
#1299 = EDGE_CURVE('',#1300,#1291,#1302,.T.);
#1300 = VERTEX_POINT('',#1301);
#1301 = CARTESIAN_POINT('',(12.5,80.3,8.349999952316));
#1302 = LINE('',#1303,#1304);
#1303 = CARTESIAN_POINT('',(10.5255,80.3,8.349999952316));
#1304 = VECTOR('',#1305,1.);
#1305 = DIRECTION('',(1.,0.,0.));
#1306 = ORIENTED_EDGE('',*,*,#1307,.T.);
#1307 = EDGE_CURVE('',#1300,#627,#1308,.T.);
#1308 = LINE('',#1309,#1310);
#1309 = CARTESIAN_POINT('',(12.5,80.3,-2.200000047684));
#1310 = VECTOR('',#1311,1.);
#1311 = DIRECTION('',(0.,0.,1.));
#1312 = ORIENTED_EDGE('',*,*,#626,.T.);
#1313 = ORIENTED_EDGE('',*,*,#1192,.F.);
#1314 = ORIENTED_EDGE('',*,*,#1315,.F.);
#1315 = EDGE_CURVE('',#1167,#1193,#1316,.T.);
#1316 = CIRCLE('',#1317,3.6);
#1317 = AXIS2_PLACEMENT_3D('',#1318,#1319,#1320);
#1318 = CARTESIAN_POINT('',(36.435,80.3,6.699999952316));
#1319 = DIRECTION('',(-0.,1.,2.2E-16));
#1320 = DIRECTION('',(1.,0.,0.));
#1321 = ORIENTED_EDGE('',*,*,#1166,.F.);
#1322 = ORIENTED_EDGE('',*,*,#357,.F.);
#1323 = ORIENTED_EDGE('',*,*,#1324,.F.);
#1324 = EDGE_CURVE('',#1325,#358,#1327,.T.);
#1325 = VERTEX_POINT('',#1326);
#1326 = CARTESIAN_POINT('',(26.587450786639,80.3,9.399999952316));
#1327 = LINE('',#1328,#1329);
#1328 = CARTESIAN_POINT('',(26.587450786639,80.3,-4.768371586472E-08));
#1329 = VECTOR('',#1330,1.);
#1330 = DIRECTION('',(-0.,-0.,-1.));
#1331 = ORIENTED_EDGE('',*,*,#1332,.F.);
#1332 = EDGE_CURVE('',#1333,#1325,#1335,.T.);
#1333 = VERTEX_POINT('',#1334);
#1334 = CARTESIAN_POINT('',(23.412549213361,80.3,9.399999952316));
#1335 = LINE('',#1336,#1337);
#1336 = CARTESIAN_POINT('',(18.75,80.3,9.399999952316));
#1337 = VECTOR('',#1338,1.);
#1338 = DIRECTION('',(1.,0.,0.));
#1339 = ORIENTED_EDGE('',*,*,#1340,.T.);
#1340 = EDGE_CURVE('',#1333,#375,#1341,.T.);
#1341 = LINE('',#1342,#1343);
#1342 = CARTESIAN_POINT('',(23.412549213361,80.3,-4.768371586472E-08));
#1343 = VECTOR('',#1344,1.);
#1344 = DIRECTION('',(-0.,-0.,-1.));
#1345 = PLANE('',#1346);
#1346 = AXIS2_PLACEMENT_3D('',#1347,#1348,#1349);
#1347 = CARTESIAN_POINT('',(12.5,80.3,-2.200000047684));
#1348 = DIRECTION('',(0.,1.,0.));
#1349 = DIRECTION('',(0.,0.,1.));
#1350 = ADVANCED_FACE('',(#1351),#1373,.T.);
#1351 = FACE_BOUND('',#1352,.F.);
#1352 = EDGE_LOOP('',(#1353,#1354,#1355,#1356,#1357,#1366));
#1353 = ORIENTED_EDGE('',*,*,#1324,.T.);
#1354 = ORIENTED_EDGE('',*,*,#365,.F.);
#1355 = ORIENTED_EDGE('',*,*,#374,.F.);
#1356 = ORIENTED_EDGE('',*,*,#1340,.F.);
#1357 = ORIENTED_EDGE('',*,*,#1358,.T.);
#1358 = EDGE_CURVE('',#1333,#1359,#1361,.T.);
#1359 = VERTEX_POINT('',#1360);
#1360 = CARTESIAN_POINT('',(27.4,78.5,9.399999952316));
#1361 = CIRCLE('',#1362,2.4);
#1362 = AXIS2_PLACEMENT_3D('',#1363,#1364,#1365);
#1363 = CARTESIAN_POINT('',(25.,78.5,9.399999952316));
#1364 = DIRECTION('',(0.,0.,1.));
#1365 = DIRECTION('',(1.,0.,0.));
#1366 = ORIENTED_EDGE('',*,*,#1367,.T.);
#1367 = EDGE_CURVE('',#1359,#1325,#1368,.T.);
#1368 = CIRCLE('',#1369,2.4);
#1369 = AXIS2_PLACEMENT_3D('',#1370,#1371,#1372);
#1370 = CARTESIAN_POINT('',(25.,78.5,9.399999952316));
#1371 = DIRECTION('',(0.,0.,1.));
#1372 = DIRECTION('',(1.,0.,0.));
#1373 = CYLINDRICAL_SURFACE('',#1374,2.4);
#1374 = AXIS2_PLACEMENT_3D('',#1375,#1376,#1377);
#1375 = CARTESIAN_POINT('',(25.,78.5,-4.768371586472E-08));
#1376 = DIRECTION('',(-0.,-0.,-1.));
#1377 = DIRECTION('',(1.,0.,0.));
#1378 = ADVANCED_FACE('',(#1379),#1465,.F.);
#1379 = FACE_BOUND('',#1380,.T.);
#1380 = EDGE_LOOP('',(#1381,#1389,#1390,#1391,#1400,#1419,#1427,#1441,
    #1448,#1449,#1450,#1458));
#1381 = ORIENTED_EDGE('',*,*,#1382,.F.);
#1382 = EDGE_CURVE('',#392,#1383,#1385,.T.);
#1383 = VERTEX_POINT('',#1384);
#1384 = CARTESIAN_POINT('',(1.2,69.,10.699999952316));
#1385 = LINE('',#1386,#1387);
#1386 = CARTESIAN_POINT('',(1.2,69.,-2.200000047684));
#1387 = VECTOR('',#1388,1.);
#1388 = DIRECTION('',(0.,0.,1.));
#1389 = ORIENTED_EDGE('',*,*,#391,.T.);
#1390 = ORIENTED_EDGE('',*,*,#1257,.T.);
#1391 = ORIENTED_EDGE('',*,*,#1392,.F.);
#1392 = EDGE_CURVE('',#1393,#1258,#1395,.T.);
#1393 = VERTEX_POINT('',#1394);
#1394 = CARTESIAN_POINT('',(8.551,79.587511463984,2.849999952316));
#1395 = CIRCLE('',#1396,11.3);
#1396 = AXIS2_PLACEMENT_3D('',#1397,#1398,#1399);
#1397 = CARTESIAN_POINT('',(12.5,69.,2.849999952316));
#1398 = DIRECTION('',(0.,0.,-1.));
#1399 = DIRECTION('',(1.,0.,0.));
#1400 = ORIENTED_EDGE('',*,*,#1401,.F.);
#1401 = EDGE_CURVE('',#1402,#1393,#1404,.T.);
#1402 = VERTEX_POINT('',#1403);
#1403 = CARTESIAN_POINT('',(7.551,79.15861206071,3.849999952316));
#1404 = B_SPLINE_CURVE_WITH_KNOTS('',7,(#1405,#1406,#1407,#1408,#1409,
    #1410,#1411,#1412,#1413,#1414,#1415,#1416,#1417,#1418),
  .UNSPECIFIED.,.F.,.F.,(8,6,8),(0.,0.481154645457,1.),.UNSPECIFIED.);
#1405 = CARTESIAN_POINT('',(7.551,79.15861206071,3.849999952316));
#1406 = CARTESIAN_POINT('',(7.551,79.15861206071,3.748289134816));
#1407 = CARTESIAN_POINT('',(7.563069195931,79.164491867663,3.64656562812
    ));
#1408 = CARTESIAN_POINT('',(7.587213471282,79.176254221842,
    3.546253426819));
#1409 = CARTESIAN_POINT('',(7.623340767384,79.193742810165,
    3.448791605363));
#1410 = CARTESIAN_POINT('',(7.671250681319,79.216635689049,3.35565991387
    ));
#1411 = CARTESIAN_POINT('',(7.730606394279,79.244454943849,
    3.268407975728));
#1412 = CARTESIAN_POINT('',(7.876676970037,79.311247691915,
    3.102723430254));
#1413 = CARTESIAN_POINT('',(7.965790441681,79.351207550393,
    3.024814102031));
#1414 = CARTESIAN_POINT('',(8.067224513853,79.395525270001,
    2.958116652898));
#1415 = CARTESIAN_POINT('',(8.179135797429,79.442816513128,
    2.905366749378));
#1416 = CARTESIAN_POINT('',(8.299073253872,79.491525098155,
    2.868784002591));
#1417 = CARTESIAN_POINT('',(8.424111478772,79.540183744715,
    2.849999952316));
#1418 = CARTESIAN_POINT('',(8.551,79.587511463984,2.849999952316));
#1419 = ORIENTED_EDGE('',*,*,#1420,.F.);
#1420 = EDGE_CURVE('',#1421,#1402,#1423,.T.);
#1421 = VERTEX_POINT('',#1422);
#1422 = CARTESIAN_POINT('',(7.551,79.15861206071,7.349999952316));
#1423 = LINE('',#1424,#1425);
#1424 = CARTESIAN_POINT('',(7.551,79.15861206071,-2.200000047684));
#1425 = VECTOR('',#1426,1.);
#1426 = DIRECTION('',(-0.,-0.,-1.));
#1427 = ORIENTED_EDGE('',*,*,#1428,.F.);
#1428 = EDGE_CURVE('',#1429,#1421,#1431,.T.);
#1429 = VERTEX_POINT('',#1430);
#1430 = CARTESIAN_POINT('',(8.551,79.587511463984,8.349999952316));
#1431 = B_SPLINE_CURVE_WITH_KNOTS('',8,(#1432,#1433,#1434,#1435,#1436,
    #1437,#1438,#1439,#1440),.UNSPECIFIED.,.F.,.F.,(9,9),(0.,1.),
  .PIECEWISE_BEZIER_KNOTS.);
#1432 = CARTESIAN_POINT('',(8.551,79.587511463984,8.349999952316));
#1433 = CARTESIAN_POINT('',(8.334426802823,79.506732561542,
    8.349999952316));
#1434 = CARTESIAN_POINT('',(8.127366751698,79.42373411024,8.296396682243
    ));
#1435 = CARTESIAN_POINT('',(7.942142804325,79.343826771874,
    8.197419987256));
#1436 = CARTESIAN_POINT('',(7.787208933133,79.272682440521,
    8.061849940299));
#1437 = CARTESIAN_POINT('',(7.668572735505,79.215887959844,7.89936574373
    ));
#1438 = CARTESIAN_POINT('',(7.589480163708,79.177359043301,7.7198965501)
  );
#1439 = CARTESIAN_POINT('',(7.551,79.15861206071,7.533493182367));
#1440 = CARTESIAN_POINT('',(7.551,79.15861206071,7.349999952316));
#1441 = ORIENTED_EDGE('',*,*,#1442,.T.);
#1442 = EDGE_CURVE('',#1429,#1300,#1443,.T.);
#1443 = CIRCLE('',#1444,11.3);
#1444 = AXIS2_PLACEMENT_3D('',#1445,#1446,#1447);
#1445 = CARTESIAN_POINT('',(12.5,69.,8.349999952316));
#1446 = DIRECTION('',(0.,0.,-1.));
#1447 = DIRECTION('',(1.,0.,0.));
#1448 = ORIENTED_EDGE('',*,*,#1307,.T.);
#1449 = ORIENTED_EDGE('',*,*,#634,.T.);
#1450 = ORIENTED_EDGE('',*,*,#1451,.T.);
#1451 = EDGE_CURVE('',#635,#1452,#1454,.T.);
#1452 = VERTEX_POINT('',#1453);
#1453 = CARTESIAN_POINT('',(1.201770050136,69.2,10.699999952316));
#1454 = LINE('',#1455,#1456);
#1455 = CARTESIAN_POINT('',(1.201770050136,69.2,-2.200000047684));
#1456 = VECTOR('',#1457,1.);
#1457 = DIRECTION('',(-0.,-0.,-1.));
#1458 = ORIENTED_EDGE('',*,*,#1459,.F.);
#1459 = EDGE_CURVE('',#1383,#1452,#1460,.T.);
#1460 = CIRCLE('',#1461,11.3);
#1461 = AXIS2_PLACEMENT_3D('',#1462,#1463,#1464);
#1462 = CARTESIAN_POINT('',(12.5,69.,10.699999952316));
#1463 = DIRECTION('',(0.,0.,-1.));
#1464 = DIRECTION('',(1.,0.,0.));
#1465 = CYLINDRICAL_SURFACE('',#1466,11.3);
#1466 = AXIS2_PLACEMENT_3D('',#1467,#1468,#1469);
#1467 = CARTESIAN_POINT('',(12.5,69.,-2.200000047684));
#1468 = DIRECTION('',(-0.,-0.,-1.));
#1469 = DIRECTION('',(1.,0.,0.));
#1470 = ADVANCED_FACE('',(#1471),#1514,.T.);
#1471 = FACE_BOUND('',#1472,.T.);
#1472 = EDGE_LOOP('',(#1473,#1474,#1475,#1476,#1484,#1490,#1491,#1499,
    #1507,#1513));
#1473 = ORIENTED_EDGE('',*,*,#427,.F.);
#1474 = ORIENTED_EDGE('',*,*,#400,.F.);
#1475 = ORIENTED_EDGE('',*,*,#1382,.T.);
#1476 = ORIENTED_EDGE('',*,*,#1477,.T.);
#1477 = EDGE_CURVE('',#1383,#1478,#1480,.T.);
#1478 = VERTEX_POINT('',#1479);
#1479 = CARTESIAN_POINT('',(1.2,67.8,10.699999952316));
#1480 = LINE('',#1481,#1482);
#1481 = CARTESIAN_POINT('',(1.2,40.15,10.699999952316));
#1482 = VECTOR('',#1483,1.);
#1483 = DIRECTION('',(0.,-1.,0.));
#1484 = ORIENTED_EDGE('',*,*,#1485,.T.);
#1485 = EDGE_CURVE('',#1478,#670,#1486,.T.);
#1486 = LINE('',#1487,#1488);
#1487 = CARTESIAN_POINT('',(1.2,67.8,4.249999952316));
#1488 = VECTOR('',#1489,1.);
#1489 = DIRECTION('',(0.,0.,1.));
#1490 = ORIENTED_EDGE('',*,*,#677,.F.);
#1491 = ORIENTED_EDGE('',*,*,#1492,.F.);
#1492 = EDGE_CURVE('',#1493,#678,#1495,.T.);
#1493 = VERTEX_POINT('',#1494);
#1494 = CARTESIAN_POINT('',(1.2,53.2,10.699999952316));
#1495 = LINE('',#1496,#1497);
#1496 = CARTESIAN_POINT('',(1.2,53.2,4.249999952316));
#1497 = VECTOR('',#1498,1.);
#1498 = DIRECTION('',(0.,0.,1.));
#1499 = ORIENTED_EDGE('',*,*,#1500,.T.);
#1500 = EDGE_CURVE('',#1493,#1501,#1503,.T.);
#1501 = VERTEX_POINT('',#1502);
#1502 = CARTESIAN_POINT('',(1.2,51.8,10.699999952316));
#1503 = LINE('',#1504,#1505);
#1504 = CARTESIAN_POINT('',(1.2,32.15,10.699999952316));
#1505 = VECTOR('',#1506,1.);
#1506 = DIRECTION('',(0.,-1.,0.));
#1507 = ORIENTED_EDGE('',*,*,#1508,.T.);
#1508 = EDGE_CURVE('',#1501,#541,#1509,.T.);
#1509 = LINE('',#1510,#1511);
#1510 = CARTESIAN_POINT('',(1.2,51.8,4.249999952316));
#1511 = VECTOR('',#1512,1.);
#1512 = DIRECTION('',(0.,0.,1.));
#1513 = ORIENTED_EDGE('',*,*,#540,.F.);
#1514 = PLANE('',#1515);
#1515 = AXIS2_PLACEMENT_3D('',#1516,#1517,#1518);
#1516 = CARTESIAN_POINT('',(1.2,12.5,-2.200000047684));
#1517 = DIRECTION('',(1.,0.,0.));
#1518 = DIRECTION('',(0.,0.,1.));
#1519 = ADVANCED_FACE('',(#1520),#1539,.F.);
#1520 = FACE_BOUND('',#1521,.T.);
#1521 = EDGE_LOOP('',(#1522,#1523,#1531,#1538));
#1522 = ORIENTED_EDGE('',*,*,#408,.T.);
#1523 = ORIENTED_EDGE('',*,*,#1524,.T.);
#1524 = EDGE_CURVE('',#409,#1525,#1527,.T.);
#1525 = VERTEX_POINT('',#1526);
#1526 = CARTESIAN_POINT('',(25.65,78.5,7.999999952316));
#1527 = LINE('',#1528,#1529);
#1528 = CARTESIAN_POINT('',(25.65,78.5,-0.400000047684));
#1529 = VECTOR('',#1530,1.);
#1530 = DIRECTION('',(0.,0.,1.));
#1531 = ORIENTED_EDGE('',*,*,#1532,.T.);
#1532 = EDGE_CURVE('',#1525,#1525,#1533,.T.);
#1533 = CIRCLE('',#1534,0.65);
#1534 = AXIS2_PLACEMENT_3D('',#1535,#1536,#1537);
#1535 = CARTESIAN_POINT('',(25.,78.5,7.999999952316));
#1536 = DIRECTION('',(0.,0.,1.));
#1537 = DIRECTION('',(1.,0.,0.));
#1538 = ORIENTED_EDGE('',*,*,#1524,.F.);
#1539 = CYLINDRICAL_SURFACE('',#1540,0.65);
#1540 = AXIS2_PLACEMENT_3D('',#1541,#1542,#1543);
#1541 = CARTESIAN_POINT('',(25.,78.5,-0.400000047684));
#1542 = DIRECTION('',(-0.,-0.,-1.));
#1543 = DIRECTION('',(1.,0.,0.));
#1544 = ADVANCED_FACE('',(#1545),#1580,.T.);
#1545 = FACE_BOUND('',#1546,.T.);
#1546 = EDGE_LOOP('',(#1547,#1548,#1556,#1565,#1573,#1579));
#1547 = ORIENTED_EDGE('',*,*,#516,.T.);
#1548 = ORIENTED_EDGE('',*,*,#1549,.T.);
#1549 = EDGE_CURVE('',#500,#1550,#1552,.T.);
#1550 = VERTEX_POINT('',#1551);
#1551 = CARTESIAN_POINT('',(49.946987587364,11.35,3.749999952316));
#1552 = LINE('',#1553,#1554);
#1553 = CARTESIAN_POINT('',(43.,11.35,3.749999952316));
#1554 = VECTOR('',#1555,1.);
#1555 = DIRECTION('',(1.,0.,0.));
#1556 = ORIENTED_EDGE('',*,*,#1557,.F.);
#1557 = EDGE_CURVE('',#1558,#1550,#1560,.T.);
#1558 = VERTEX_POINT('',#1559);
#1559 = CARTESIAN_POINT('',(50.,12.5,3.749999952316));
#1560 = CIRCLE('',#1561,12.5);
#1561 = AXIS2_PLACEMENT_3D('',#1562,#1563,#1564);
#1562 = CARTESIAN_POINT('',(37.5,12.5,3.749999952316));
#1563 = DIRECTION('',(0.,0.,-1.));
#1564 = DIRECTION('',(1.,0.,0.));
#1565 = ORIENTED_EDGE('',*,*,#1566,.F.);
#1566 = EDGE_CURVE('',#1567,#1558,#1569,.T.);
#1567 = VERTEX_POINT('',#1568);
#1568 = CARTESIAN_POINT('',(50.,25.95,3.749999952316));
#1569 = LINE('',#1570,#1571);
#1570 = CARTESIAN_POINT('',(50.,11.925,3.749999952316));
#1571 = VECTOR('',#1572,1.);
#1572 = DIRECTION('',(0.,-1.,0.));
#1573 = ORIENTED_EDGE('',*,*,#1574,.F.);
#1574 = EDGE_CURVE('',#1110,#1567,#1575,.T.);
#1575 = LINE('',#1576,#1577);
#1576 = CARTESIAN_POINT('',(43.,25.95,3.749999952316));
#1577 = VECTOR('',#1578,1.);
#1578 = DIRECTION('',(1.,0.,0.));
#1579 = ORIENTED_EDGE('',*,*,#1118,.T.);
#1580 = PLANE('',#1581);
#1581 = AXIS2_PLACEMENT_3D('',#1582,#1583,#1584);
#1582 = CARTESIAN_POINT('',(43.,11.35,3.749999952316));
#1583 = DIRECTION('',(0.,0.,1.));
#1584 = DIRECTION('',(1.,0.,0.));
#1585 = ADVANCED_FACE('',(#1586),#1613,.F.);
#1586 = FACE_BOUND('',#1587,.T.);
#1587 = EDGE_LOOP('',(#1588,#1589,#1590,#1598));
#1588 = ORIENTED_EDGE('',*,*,#1549,.F.);
#1589 = ORIENTED_EDGE('',*,*,#499,.F.);
#1590 = ORIENTED_EDGE('',*,*,#1591,.T.);
#1591 = EDGE_CURVE('',#492,#1592,#1594,.T.);
#1592 = VERTEX_POINT('',#1593);
#1593 = CARTESIAN_POINT('',(49.890621453341,10.85,4.249999952316));
#1594 = LINE('',#1595,#1596);
#1595 = CARTESIAN_POINT('',(43.,10.85,4.249999952316));
#1596 = VECTOR('',#1597,1.);
#1597 = DIRECTION('',(1.,0.,0.));
#1598 = ORIENTED_EDGE('',*,*,#1599,.T.);
#1599 = EDGE_CURVE('',#1592,#1550,#1600,.T.);
#1600 = B_SPLINE_CURVE_WITH_KNOTS('',6,(#1601,#1602,#1603,#1604,#1605,
    #1606,#1607,#1608,#1609,#1610,#1611,#1612),.UNSPECIFIED.,.F.,.F.,(7,
    5,7),(0.,0.554845648438,1.),.UNSPECIFIED.);
#1601 = CARTESIAN_POINT('',(49.890621453341,10.85,4.249999952316));
#1602 = CARTESIAN_POINT('',(49.890621453341,10.85,4.180583162365));
#1603 = CARTESIAN_POINT('',(49.892161445686,10.861564612056,
    4.111014339935));
#1604 = CARTESIAN_POINT('',(49.895254387951,10.88479052538,
    4.043460391943));
#1605 = CARTESIAN_POINT('',(49.899776148714,10.919366392974,
    3.980126220955));
#1606 = CARTESIAN_POINT('',(49.905466376921,10.964603252964,
    3.923204937214));
#1607 = CARTESIAN_POINT('',(49.917235702449,11.06326278923,
    3.836224855729));
#1608 = CARTESIAN_POINT('',(49.923025183788,11.113380843506,
    3.803007881938));
#1609 = CARTESIAN_POINT('',(49.929146451204,11.168697750178,
    3.776886710918));
#1610 = CARTESIAN_POINT('',(49.935325769762,11.227725576188,
    3.759002754663));
#1611 = CARTESIAN_POINT('',(49.941328963724,11.288754071124,
    3.749999952316));
#1612 = CARTESIAN_POINT('',(49.946987587364,11.35,3.749999952316));
#1613 = CYLINDRICAL_SURFACE('',#1614,0.5);
#1614 = AXIS2_PLACEMENT_3D('',#1615,#1616,#1617);
#1615 = CARTESIAN_POINT('',(43.,11.35,4.249999952316));
#1616 = DIRECTION('',(-1.,-0.,-0.));
#1617 = DIRECTION('',(0.,1.,0.));
#1618 = ADVANCED_FACE('',(#1619),#1637,.T.);
#1619 = FACE_BOUND('',#1620,.T.);
#1620 = EDGE_LOOP('',(#1621,#1622,#1623,#1631));
#1621 = ORIENTED_EDGE('',*,*,#1591,.F.);
#1622 = ORIENTED_EDGE('',*,*,#491,.F.);
#1623 = ORIENTED_EDGE('',*,*,#1624,.T.);
#1624 = EDGE_CURVE('',#478,#1625,#1627,.T.);
#1625 = VERTEX_POINT('',#1626);
#1626 = CARTESIAN_POINT('',(49.890621453341,10.85,5.649999952316));
#1627 = LINE('',#1628,#1629);
#1628 = CARTESIAN_POINT('',(43.,10.85,5.649999952316));
#1629 = VECTOR('',#1630,1.);
#1630 = DIRECTION('',(1.,0.,0.));
#1631 = ORIENTED_EDGE('',*,*,#1632,.T.);
#1632 = EDGE_CURVE('',#1625,#1592,#1633,.T.);
#1633 = LINE('',#1634,#1635);
#1634 = CARTESIAN_POINT('',(49.890621453341,10.85,-4.768371564268E-08));
#1635 = VECTOR('',#1636,1.);
#1636 = DIRECTION('',(-0.,-0.,-1.));
#1637 = PLANE('',#1638);
#1638 = AXIS2_PLACEMENT_3D('',#1639,#1640,#1641);
#1639 = CARTESIAN_POINT('',(43.,10.85,4.249999952316));
#1640 = DIRECTION('',(0.,1.,0.));
#1641 = DIRECTION('',(1.,0.,0.));
#1642 = ADVANCED_FACE('',(#1643),#1667,.F.);
#1643 = FACE_BOUND('',#1644,.T.);
#1644 = EDGE_LOOP('',(#1645,#1646,#1654,#1666));
#1645 = ORIENTED_EDGE('',*,*,#477,.F.);
#1646 = ORIENTED_EDGE('',*,*,#1647,.T.);
#1647 = EDGE_CURVE('',#469,#1648,#1650,.T.);
#1648 = VERTEX_POINT('',#1649);
#1649 = CARTESIAN_POINT('',(49.946987587364,11.35,6.149999952316));
#1650 = LINE('',#1651,#1652);
#1651 = CARTESIAN_POINT('',(43.,11.35,6.149999952316));
#1652 = VECTOR('',#1653,1.);
#1653 = DIRECTION('',(1.,0.,0.));
#1654 = ORIENTED_EDGE('',*,*,#1655,.T.);
#1655 = EDGE_CURVE('',#1648,#1625,#1656,.T.);
#1656 = B_SPLINE_CURVE_WITH_KNOTS('',8,(#1657,#1658,#1659,#1660,#1661,
    #1662,#1663,#1664,#1665),.UNSPECIFIED.,.F.,.F.,(9,9),(0.,1.),
  .PIECEWISE_BEZIER_KNOTS.);
#1657 = CARTESIAN_POINT('',(49.946987587364,11.35,6.149999952316));
#1658 = CARTESIAN_POINT('',(49.937321508318,11.245379507911,
    6.149999952316));
#1659 = CARTESIAN_POINT('',(49.926911688279,11.143680901101,
    6.12498115527));
#1660 = CARTESIAN_POINT('',(49.916406300966,11.050869960473,
    6.077393919293));
#1661 = CARTESIAN_POINT('',(49.906668584299,10.971832529997,
    6.010549678392));
#1662 = CARTESIAN_POINT('',(49.898690907231,10.910602056695,
    5.928886966652));
#1663 = CARTESIAN_POINT('',(49.893243711263,10.869690773965,
    5.837688757388));
#1664 = CARTESIAN_POINT('',(49.890621453341,10.85,5.742816520258));
#1665 = CARTESIAN_POINT('',(49.890621453341,10.85,5.649999952316));
#1666 = ORIENTED_EDGE('',*,*,#1624,.F.);
#1667 = CYLINDRICAL_SURFACE('',#1668,0.5);
#1668 = AXIS2_PLACEMENT_3D('',#1669,#1670,#1671);
#1669 = CARTESIAN_POINT('',(43.,11.35,5.649999952316));
#1670 = DIRECTION('',(-1.,-0.,-0.));
#1671 = DIRECTION('',(0.,1.,0.));
#1672 = ADVANCED_FACE('',(#1673),#1701,.F.);
#1673 = FACE_BOUND('',#1674,.F.);
#1674 = EDGE_LOOP('',(#1675,#1676,#1677,#1686,#1694,#1700));
#1675 = ORIENTED_EDGE('',*,*,#468,.T.);
#1676 = ORIENTED_EDGE('',*,*,#1647,.T.);
#1677 = ORIENTED_EDGE('',*,*,#1678,.F.);
#1678 = EDGE_CURVE('',#1679,#1648,#1681,.T.);
#1679 = VERTEX_POINT('',#1680);
#1680 = CARTESIAN_POINT('',(50.,12.5,6.149999952316));
#1681 = CIRCLE('',#1682,12.5);
#1682 = AXIS2_PLACEMENT_3D('',#1683,#1684,#1685);
#1683 = CARTESIAN_POINT('',(37.5,12.5,6.149999952316));
#1684 = DIRECTION('',(0.,0.,-1.));
#1685 = DIRECTION('',(1.,0.,0.));
#1686 = ORIENTED_EDGE('',*,*,#1687,.F.);
#1687 = EDGE_CURVE('',#1688,#1679,#1690,.T.);
#1688 = VERTEX_POINT('',#1689);
#1689 = CARTESIAN_POINT('',(50.,25.95,6.149999952316));
#1690 = LINE('',#1691,#1692);
#1691 = CARTESIAN_POINT('',(50.,11.925,6.149999952316));
#1692 = VECTOR('',#1693,1.);
#1693 = DIRECTION('',(0.,-1.,0.));
#1694 = ORIENTED_EDGE('',*,*,#1695,.F.);
#1695 = EDGE_CURVE('',#1085,#1688,#1696,.T.);
#1696 = LINE('',#1697,#1698);
#1697 = CARTESIAN_POINT('',(43.,25.95,6.149999952316));
#1698 = VECTOR('',#1699,1.);
#1699 = DIRECTION('',(1.,0.,0.));
#1700 = ORIENTED_EDGE('',*,*,#1084,.T.);
#1701 = PLANE('',#1702);
#1702 = AXIS2_PLACEMENT_3D('',#1703,#1704,#1705);
#1703 = CARTESIAN_POINT('',(43.,11.35,6.149999952316));
#1704 = DIRECTION('',(0.,0.,1.));
#1705 = DIRECTION('',(1.,0.,0.));
#1706 = ADVANCED_FACE('',(#1707),#1726,.F.);
#1707 = FACE_BOUND('',#1708,.F.);
#1708 = EDGE_LOOP('',(#1709,#1718,#1724,#1725));
#1709 = ORIENTED_EDGE('',*,*,#1710,.T.);
#1710 = EDGE_CURVE('',#703,#1711,#1713,.T.);
#1711 = VERTEX_POINT('',#1712);
#1712 = CARTESIAN_POINT('',(3.6,51.8,10.699999952316));
#1713 = HYPERBOLA('',#1714,0.7,0.7);
#1714 = AXIS2_PLACEMENT_3D('',#1715,#1716,#1717);
#1715 = CARTESIAN_POINT('',(6.,51.8,8.199999952316));
#1716 = DIRECTION('',(0.,1.,0.));
#1717 = DIRECTION('',(0.,0.,1.));
#1718 = ORIENTED_EDGE('',*,*,#1719,.F.);
#1719 = EDGE_CURVE('',#1501,#1711,#1720,.T.);
#1720 = LINE('',#1721,#1722);
#1721 = CARTESIAN_POINT('',(1.1,51.8,10.699999952316));
#1722 = VECTOR('',#1723,1.);
#1723 = DIRECTION('',(1.,0.,0.));
#1724 = ORIENTED_EDGE('',*,*,#1508,.T.);
#1725 = ORIENTED_EDGE('',*,*,#711,.F.);
#1726 = PLANE('',#1727);
#1727 = AXIS2_PLACEMENT_3D('',#1728,#1729,#1730);
#1728 = CARTESIAN_POINT('',(1.1,51.8,10.699999952316));
#1729 = DIRECTION('',(0.,1.,0.));
#1730 = DIRECTION('',(0.,0.,1.));
#1731 = ADVANCED_FACE('',(#1732),#1751,.T.);
#1732 = FACE_BOUND('',#1733,.T.);
#1733 = EDGE_LOOP('',(#1734,#1742,#1743,#1744));
#1734 = ORIENTED_EDGE('',*,*,#1735,.T.);
#1735 = EDGE_CURVE('',#1736,#694,#1738,.T.);
#1736 = VERTEX_POINT('',#1737);
#1737 = CARTESIAN_POINT('',(8.5,52.5,10.699999952316));
#1738 = LINE('',#1739,#1740);
#1739 = CARTESIAN_POINT('',(8.5,52.5,10.699999952316));
#1740 = VECTOR('',#1741,1.);
#1741 = DIRECTION('',(0.707106781187,-1.7E-16,0.707106781187));
#1742 = ORIENTED_EDGE('',*,*,#702,.F.);
#1743 = ORIENTED_EDGE('',*,*,#1710,.T.);
#1744 = ORIENTED_EDGE('',*,*,#1745,.T.);
#1745 = EDGE_CURVE('',#1711,#1736,#1746,.T.);
#1746 = CIRCLE('',#1747,2.5);
#1747 = AXIS2_PLACEMENT_3D('',#1748,#1749,#1750);
#1748 = CARTESIAN_POINT('',(6.,52.5,10.699999952316));
#1749 = DIRECTION('',(0.,0.,1.));
#1750 = DIRECTION('',(1.,0.,0.));
#1751 = CONICAL_SURFACE('',#1752,2.5,0.785398163397);
#1752 = AXIS2_PLACEMENT_3D('',#1753,#1754,#1755);
#1753 = CARTESIAN_POINT('',(6.,52.5,10.699999952316));
#1754 = DIRECTION('',(0.,0.,1.));
#1755 = DIRECTION('',(1.,0.,0.));
#1756 = ADVANCED_FACE('',(#1757),#1777,.T.);
#1757 = FACE_BOUND('',#1758,.T.);
#1758 = EDGE_LOOP('',(#1759,#1760,#1761,#1770));
#1759 = ORIENTED_EDGE('',*,*,#693,.F.);
#1760 = ORIENTED_EDGE('',*,*,#1735,.F.);
#1761 = ORIENTED_EDGE('',*,*,#1762,.T.);
#1762 = EDGE_CURVE('',#1736,#1763,#1765,.T.);
#1763 = VERTEX_POINT('',#1764);
#1764 = CARTESIAN_POINT('',(3.6,53.2,10.699999952316));
#1765 = CIRCLE('',#1766,2.5);
#1766 = AXIS2_PLACEMENT_3D('',#1767,#1768,#1769);
#1767 = CARTESIAN_POINT('',(6.,52.5,10.699999952316));
#1768 = DIRECTION('',(0.,0.,1.));
#1769 = DIRECTION('',(1.,0.,0.));
#1770 = ORIENTED_EDGE('',*,*,#1771,.F.);
#1771 = EDGE_CURVE('',#686,#1763,#1772,.T.);
#1772 = HYPERBOLA('',#1773,0.7,0.7);
#1773 = AXIS2_PLACEMENT_3D('',#1774,#1775,#1776);
#1774 = CARTESIAN_POINT('',(6.,53.2,8.199999952316));
#1775 = DIRECTION('',(0.,1.,0.));
#1776 = DIRECTION('',(0.,0.,1.));
#1777 = CONICAL_SURFACE('',#1778,2.5,0.785398163397);
#1778 = AXIS2_PLACEMENT_3D('',#1779,#1780,#1781);
#1779 = CARTESIAN_POINT('',(6.,52.5,10.699999952316));
#1780 = DIRECTION('',(0.,0.,1.));
#1781 = DIRECTION('',(1.,0.,0.));
#1782 = ADVANCED_FACE('',(#1783),#1794,.T.);
#1783 = FACE_BOUND('',#1784,.T.);
#1784 = EDGE_LOOP('',(#1785,#1786,#1792,#1793));
#1785 = ORIENTED_EDGE('',*,*,#1771,.T.);
#1786 = ORIENTED_EDGE('',*,*,#1787,.F.);
#1787 = EDGE_CURVE('',#1493,#1763,#1788,.T.);
#1788 = LINE('',#1789,#1790);
#1789 = CARTESIAN_POINT('',(1.1,53.2,10.699999952316));
#1790 = VECTOR('',#1791,1.);
#1791 = DIRECTION('',(1.,0.,0.));
#1792 = ORIENTED_EDGE('',*,*,#1492,.T.);
#1793 = ORIENTED_EDGE('',*,*,#685,.F.);
#1794 = PLANE('',#1795);
#1795 = AXIS2_PLACEMENT_3D('',#1796,#1797,#1798);
#1796 = CARTESIAN_POINT('',(1.1,53.2,10.699999952316));
#1797 = DIRECTION('',(0.,1.,0.));
#1798 = DIRECTION('',(0.,0.,1.));
#1799 = ADVANCED_FACE('',(#1800),#1819,.F.);
#1800 = FACE_BOUND('',#1801,.F.);
#1801 = EDGE_LOOP('',(#1802,#1811,#1817,#1818));
#1802 = ORIENTED_EDGE('',*,*,#1803,.T.);
#1803 = EDGE_CURVE('',#661,#1804,#1806,.T.);
#1804 = VERTEX_POINT('',#1805);
#1805 = CARTESIAN_POINT('',(3.6,67.8,10.699999952316));
#1806 = HYPERBOLA('',#1807,0.7,0.7);
#1807 = AXIS2_PLACEMENT_3D('',#1808,#1809,#1810);
#1808 = CARTESIAN_POINT('',(6.,67.8,8.199999952316));
#1809 = DIRECTION('',(0.,1.,0.));
#1810 = DIRECTION('',(0.,0.,1.));
#1811 = ORIENTED_EDGE('',*,*,#1812,.F.);
#1812 = EDGE_CURVE('',#1478,#1804,#1813,.T.);
#1813 = LINE('',#1814,#1815);
#1814 = CARTESIAN_POINT('',(1.1,67.8,10.699999952316));
#1815 = VECTOR('',#1816,1.);
#1816 = DIRECTION('',(1.,0.,0.));
#1817 = ORIENTED_EDGE('',*,*,#1485,.T.);
#1818 = ORIENTED_EDGE('',*,*,#669,.F.);
#1819 = PLANE('',#1820);
#1820 = AXIS2_PLACEMENT_3D('',#1821,#1822,#1823);
#1821 = CARTESIAN_POINT('',(1.1,67.8,10.699999952316));
#1822 = DIRECTION('',(0.,1.,0.));
#1823 = DIRECTION('',(0.,0.,1.));
#1824 = ADVANCED_FACE('',(#1825),#1844,.T.);
#1825 = FACE_BOUND('',#1826,.T.);
#1826 = EDGE_LOOP('',(#1827,#1835,#1836,#1837));
#1827 = ORIENTED_EDGE('',*,*,#1828,.T.);
#1828 = EDGE_CURVE('',#1829,#652,#1831,.T.);
#1829 = VERTEX_POINT('',#1830);
#1830 = CARTESIAN_POINT('',(8.5,68.5,10.699999952316));
#1831 = LINE('',#1832,#1833);
#1832 = CARTESIAN_POINT('',(8.5,68.5,10.699999952316));
#1833 = VECTOR('',#1834,1.);
#1834 = DIRECTION('',(0.707106781187,-1.7E-16,0.707106781187));
#1835 = ORIENTED_EDGE('',*,*,#660,.F.);
#1836 = ORIENTED_EDGE('',*,*,#1803,.T.);
#1837 = ORIENTED_EDGE('',*,*,#1838,.T.);
#1838 = EDGE_CURVE('',#1804,#1829,#1839,.T.);
#1839 = CIRCLE('',#1840,2.5);
#1840 = AXIS2_PLACEMENT_3D('',#1841,#1842,#1843);
#1841 = CARTESIAN_POINT('',(6.,68.5,10.699999952316));
#1842 = DIRECTION('',(0.,0.,1.));
#1843 = DIRECTION('',(1.,0.,0.));
#1844 = CONICAL_SURFACE('',#1845,2.5,0.785398163397);
#1845 = AXIS2_PLACEMENT_3D('',#1846,#1847,#1848);
#1846 = CARTESIAN_POINT('',(6.,68.5,10.699999952316));
#1847 = DIRECTION('',(0.,0.,1.));
#1848 = DIRECTION('',(1.,0.,0.));
#1849 = ADVANCED_FACE('',(#1850),#1870,.T.);
#1850 = FACE_BOUND('',#1851,.T.);
#1851 = EDGE_LOOP('',(#1852,#1853,#1854,#1863));
#1852 = ORIENTED_EDGE('',*,*,#651,.F.);
#1853 = ORIENTED_EDGE('',*,*,#1828,.F.);
#1854 = ORIENTED_EDGE('',*,*,#1855,.T.);
#1855 = EDGE_CURVE('',#1829,#1856,#1858,.T.);
#1856 = VERTEX_POINT('',#1857);
#1857 = CARTESIAN_POINT('',(3.6,69.2,10.699999952316));
#1858 = CIRCLE('',#1859,2.5);
#1859 = AXIS2_PLACEMENT_3D('',#1860,#1861,#1862);
#1860 = CARTESIAN_POINT('',(6.,68.5,10.699999952316));
#1861 = DIRECTION('',(0.,0.,1.));
#1862 = DIRECTION('',(1.,0.,0.));
#1863 = ORIENTED_EDGE('',*,*,#1864,.F.);
#1864 = EDGE_CURVE('',#644,#1856,#1865,.T.);
#1865 = HYPERBOLA('',#1866,0.7,0.7);
#1866 = AXIS2_PLACEMENT_3D('',#1867,#1868,#1869);
#1867 = CARTESIAN_POINT('',(6.,69.2,8.199999952316));
#1868 = DIRECTION('',(0.,1.,0.));
#1869 = DIRECTION('',(0.,0.,1.));
#1870 = CONICAL_SURFACE('',#1871,2.5,0.785398163397);
#1871 = AXIS2_PLACEMENT_3D('',#1872,#1873,#1874);
#1872 = CARTESIAN_POINT('',(6.,68.5,10.699999952316));
#1873 = DIRECTION('',(0.,0.,1.));
#1874 = DIRECTION('',(1.,0.,0.));
#1875 = ADVANCED_FACE('',(#1876),#1887,.T.);
#1876 = FACE_BOUND('',#1877,.T.);
#1877 = EDGE_LOOP('',(#1878,#1879,#1885,#1886));
#1878 = ORIENTED_EDGE('',*,*,#1864,.T.);
#1879 = ORIENTED_EDGE('',*,*,#1880,.F.);
#1880 = EDGE_CURVE('',#1452,#1856,#1881,.T.);
#1881 = LINE('',#1882,#1883);
#1882 = CARTESIAN_POINT('',(1.1,69.2,10.699999952316));
#1883 = VECTOR('',#1884,1.);
#1884 = DIRECTION('',(1.,0.,0.));
#1885 = ORIENTED_EDGE('',*,*,#1451,.F.);
#1886 = ORIENTED_EDGE('',*,*,#643,.F.);
#1887 = PLANE('',#1888);
#1888 = AXIS2_PLACEMENT_3D('',#1889,#1890,#1891);
#1889 = CARTESIAN_POINT('',(1.1,69.2,10.699999952316));
#1890 = DIRECTION('',(0.,1.,0.));
#1891 = DIRECTION('',(0.,0.,1.));
#1892 = ADVANCED_FACE('',(#1893),#1912,.T.);
#1893 = FACE_BOUND('',#1894,.T.);
#1894 = EDGE_LOOP('',(#1895,#1903,#1910,#1911));
#1895 = ORIENTED_EDGE('',*,*,#1896,.F.);
#1896 = EDGE_CURVE('',#1897,#1177,#1899,.T.);
#1897 = VERTEX_POINT('',#1898);
#1898 = CARTESIAN_POINT('',(46.4,69.2,10.699999952316));
#1899 = LINE('',#1900,#1901);
#1900 = CARTESIAN_POINT('',(44.,69.2,10.699999952316));
#1901 = VECTOR('',#1902,1.);
#1902 = DIRECTION('',(1.,0.,0.));
#1903 = ORIENTED_EDGE('',*,*,#1904,.T.);
#1904 = EDGE_CURVE('',#1897,#601,#1905,.T.);
#1905 = HYPERBOLA('',#1906,0.7,0.7);
#1906 = AXIS2_PLACEMENT_3D('',#1907,#1908,#1909);
#1907 = CARTESIAN_POINT('',(44.,69.2,8.199999952316));
#1908 = DIRECTION('',(0.,1.,0.));
#1909 = DIRECTION('',(0.,0.,1.));
#1910 = ORIENTED_EDGE('',*,*,#609,.F.);
#1911 = ORIENTED_EDGE('',*,*,#1185,.T.);
#1912 = PLANE('',#1913);
#1913 = AXIS2_PLACEMENT_3D('',#1914,#1915,#1916);
#1914 = CARTESIAN_POINT('',(44.,69.2,10.699999952316));
#1915 = DIRECTION('',(0.,1.,0.));
#1916 = DIRECTION('',(0.,0.,1.));
#1917 = ADVANCED_FACE('',(#1918),#1938,.T.);
#1918 = FACE_BOUND('',#1919,.T.);
#1919 = EDGE_LOOP('',(#1920,#1921,#1922,#1931));
#1920 = ORIENTED_EDGE('',*,*,#600,.F.);
#1921 = ORIENTED_EDGE('',*,*,#1904,.F.);
#1922 = ORIENTED_EDGE('',*,*,#1923,.T.);
#1923 = EDGE_CURVE('',#1897,#1924,#1926,.T.);
#1924 = VERTEX_POINT('',#1925);
#1925 = CARTESIAN_POINT('',(46.4,67.8,10.699999952316));
#1926 = CIRCLE('',#1927,2.5);
#1927 = AXIS2_PLACEMENT_3D('',#1928,#1929,#1930);
#1928 = CARTESIAN_POINT('',(44.,68.5,10.699999952316));
#1929 = DIRECTION('',(0.,0.,1.));
#1930 = DIRECTION('',(1.,0.,0.));
#1931 = ORIENTED_EDGE('',*,*,#1932,.T.);
#1932 = EDGE_CURVE('',#1924,#593,#1933,.T.);
#1933 = HYPERBOLA('',#1934,0.7,0.7);
#1934 = AXIS2_PLACEMENT_3D('',#1935,#1936,#1937);
#1935 = CARTESIAN_POINT('',(44.,67.8,8.199999952316));
#1936 = DIRECTION('',(0.,1.,0.));
#1937 = DIRECTION('',(0.,0.,1.));
#1938 = CONICAL_SURFACE('',#1939,2.5,0.785398163397);
#1939 = AXIS2_PLACEMENT_3D('',#1940,#1941,#1942);
#1940 = CARTESIAN_POINT('',(44.,68.5,10.699999952316));
#1941 = DIRECTION('',(0.,0.,1.));
#1942 = DIRECTION('',(1.,0.,0.));
#1943 = ADVANCED_FACE('',(#1944),#1955,.F.);
#1944 = FACE_BOUND('',#1945,.F.);
#1945 = EDGE_LOOP('',(#1946,#1952,#1953,#1954));
#1946 = ORIENTED_EDGE('',*,*,#1947,.F.);
#1947 = EDGE_CURVE('',#1924,#1046,#1948,.T.);
#1948 = LINE('',#1949,#1950);
#1949 = CARTESIAN_POINT('',(44.,67.8,10.699999952316));
#1950 = VECTOR('',#1951,1.);
#1951 = DIRECTION('',(1.,0.,0.));
#1952 = ORIENTED_EDGE('',*,*,#1932,.T.);
#1953 = ORIENTED_EDGE('',*,*,#592,.F.);
#1954 = ORIENTED_EDGE('',*,*,#1053,.F.);
#1955 = PLANE('',#1956);
#1956 = AXIS2_PLACEMENT_3D('',#1957,#1958,#1959);
#1957 = CARTESIAN_POINT('',(44.,67.8,10.699999952316));
#1958 = DIRECTION('',(0.,1.,0.));
#1959 = DIRECTION('',(0.,0.,1.));
#1960 = ADVANCED_FACE('',(#1961),#1980,.T.);
#1961 = FACE_BOUND('',#1962,.T.);
#1962 = EDGE_LOOP('',(#1963,#1971,#1978,#1979));
#1963 = ORIENTED_EDGE('',*,*,#1964,.F.);
#1964 = EDGE_CURVE('',#1965,#1061,#1967,.T.);
#1965 = VERTEX_POINT('',#1966);
#1966 = CARTESIAN_POINT('',(46.4,53.2,10.699999952316));
#1967 = LINE('',#1968,#1969);
#1968 = CARTESIAN_POINT('',(44.,53.2,10.699999952316));
#1969 = VECTOR('',#1970,1.);
#1970 = DIRECTION('',(1.,0.,0.));
#1971 = ORIENTED_EDGE('',*,*,#1972,.T.);
#1972 = EDGE_CURVE('',#1965,#568,#1973,.T.);
#1973 = HYPERBOLA('',#1974,0.7,0.7);
#1974 = AXIS2_PLACEMENT_3D('',#1975,#1976,#1977);
#1975 = CARTESIAN_POINT('',(44.,53.2,8.199999952316));
#1976 = DIRECTION('',(0.,1.,0.));
#1977 = DIRECTION('',(0.,0.,1.));
#1978 = ORIENTED_EDGE('',*,*,#576,.F.);
#1979 = ORIENTED_EDGE('',*,*,#1060,.F.);
#1980 = PLANE('',#1981);
#1981 = AXIS2_PLACEMENT_3D('',#1982,#1983,#1984);
#1982 = CARTESIAN_POINT('',(44.,53.2,10.699999952316));
#1983 = DIRECTION('',(0.,1.,0.));
#1984 = DIRECTION('',(0.,0.,1.));
#1985 = ADVANCED_FACE('',(#1986),#2006,.T.);
#1986 = FACE_BOUND('',#1987,.T.);
#1987 = EDGE_LOOP('',(#1988,#1989,#1990,#1999));
#1988 = ORIENTED_EDGE('',*,*,#567,.F.);
#1989 = ORIENTED_EDGE('',*,*,#1972,.F.);
#1990 = ORIENTED_EDGE('',*,*,#1991,.T.);
#1991 = EDGE_CURVE('',#1965,#1992,#1994,.T.);
#1992 = VERTEX_POINT('',#1993);
#1993 = CARTESIAN_POINT('',(46.4,51.8,10.699999952316));
#1994 = CIRCLE('',#1995,2.5);
#1995 = AXIS2_PLACEMENT_3D('',#1996,#1997,#1998);
#1996 = CARTESIAN_POINT('',(44.,52.5,10.699999952316));
#1997 = DIRECTION('',(0.,0.,1.));
#1998 = DIRECTION('',(1.,0.,0.));
#1999 = ORIENTED_EDGE('',*,*,#2000,.T.);
#2000 = EDGE_CURVE('',#1992,#560,#2001,.T.);
#2001 = HYPERBOLA('',#2002,0.7,0.7);
#2002 = AXIS2_PLACEMENT_3D('',#2003,#2004,#2005);
#2003 = CARTESIAN_POINT('',(44.,51.8,8.199999952316));
#2004 = DIRECTION('',(0.,1.,0.));
#2005 = DIRECTION('',(0.,0.,1.));
#2006 = CONICAL_SURFACE('',#2007,2.5,0.785398163397);
#2007 = AXIS2_PLACEMENT_3D('',#2008,#2009,#2010);
#2008 = CARTESIAN_POINT('',(44.,52.5,10.699999952316));
#2009 = DIRECTION('',(0.,0.,1.));
#2010 = DIRECTION('',(1.,0.,0.));
#2011 = ADVANCED_FACE('',(#2012),#2023,.F.);
#2012 = FACE_BOUND('',#2013,.F.);
#2013 = EDGE_LOOP('',(#2014,#2020,#2021,#2022));
#2014 = ORIENTED_EDGE('',*,*,#2015,.F.);
#2015 = EDGE_CURVE('',#1992,#1069,#2016,.T.);
#2016 = LINE('',#2017,#2018);
#2017 = CARTESIAN_POINT('',(44.,51.8,10.699999952316));
#2018 = VECTOR('',#2019,1.);
#2019 = DIRECTION('',(1.,0.,0.));
#2020 = ORIENTED_EDGE('',*,*,#2000,.T.);
#2021 = ORIENTED_EDGE('',*,*,#559,.F.);
#2022 = ORIENTED_EDGE('',*,*,#1076,.F.);
#2023 = PLANE('',#2024);
#2024 = AXIS2_PLACEMENT_3D('',#2025,#2026,#2027);
#2025 = CARTESIAN_POINT('',(44.,51.8,10.699999952316));
#2026 = DIRECTION('',(0.,1.,0.));
#2027 = DIRECTION('',(0.,0.,1.));
#2028 = ADVANCED_FACE('',(#2029),#2054,.T.);
#2029 = FACE_BOUND('',#2030,.T.);
#2030 = EDGE_LOOP('',(#2031,#2032,#2040,#2048));
#2031 = ORIENTED_EDGE('',*,*,#719,.T.);
#2032 = ORIENTED_EDGE('',*,*,#2033,.T.);
#2033 = EDGE_CURVE('',#722,#2034,#2036,.T.);
#2034 = VERTEX_POINT('',#2035);
#2035 = CARTESIAN_POINT('',(13.275,3.435,12.219999952316));
#2036 = LINE('',#2037,#2038);
#2037 = CARTESIAN_POINT('',(13.275,3.435,9.799999952316));
#2038 = VECTOR('',#2039,1.);
#2039 = DIRECTION('',(0.,0.,1.));
#2040 = ORIENTED_EDGE('',*,*,#2041,.F.);
#2041 = EDGE_CURVE('',#2042,#2034,#2044,.T.);
#2042 = VERTEX_POINT('',#2043);
#2043 = CARTESIAN_POINT('',(36.725,3.435,12.219999952316));
#2044 = LINE('',#2045,#2046);
#2045 = CARTESIAN_POINT('',(19.1375,3.435,12.219999952316));
#2046 = VECTOR('',#2047,1.);
#2047 = DIRECTION('',(-1.,0.,0.));
#2048 = ORIENTED_EDGE('',*,*,#2049,.F.);
#2049 = EDGE_CURVE('',#720,#2042,#2050,.T.);
#2050 = LINE('',#2051,#2052);
#2051 = CARTESIAN_POINT('',(36.725,3.435,9.799999952316));
#2052 = VECTOR('',#2053,1.);
#2053 = DIRECTION('',(0.,0.,1.));
#2054 = PLANE('',#2055);
#2055 = AXIS2_PLACEMENT_3D('',#2056,#2057,#2058);
#2056 = CARTESIAN_POINT('',(13.275,3.435,9.799999952316));
#2057 = DIRECTION('',(0.,1.,0.));
#2058 = DIRECTION('',(0.,0.,1.));
#2059 = ADVANCED_FACE('',(#2060),#2079,.F.);
#2060 = FACE_BOUND('',#2061,.T.);
#2061 = EDGE_LOOP('',(#2062,#2071,#2077,#2078));
#2062 = ORIENTED_EDGE('',*,*,#2063,.F.);
#2063 = EDGE_CURVE('',#2064,#2042,#2066,.T.);
#2064 = VERTEX_POINT('',#2065);
#2065 = CARTESIAN_POINT('',(47.025,13.735,12.219999952316));
#2066 = CIRCLE('',#2067,10.3);
#2067 = AXIS2_PLACEMENT_3D('',#2068,#2069,#2070);
#2068 = CARTESIAN_POINT('',(36.725,13.735,12.219999952316));
#2069 = DIRECTION('',(0.,0.,-1.));
#2070 = DIRECTION('',(1.,0.,0.));
#2071 = ORIENTED_EDGE('',*,*,#2072,.F.);
#2072 = EDGE_CURVE('',#773,#2064,#2073,.T.);
#2073 = LINE('',#2074,#2075);
#2074 = CARTESIAN_POINT('',(47.025,13.735,9.799999952316));
#2075 = VECTOR('',#2076,1.);
#2076 = DIRECTION('',(0.,0.,1.));
#2077 = ORIENTED_EDGE('',*,*,#780,.T.);
#2078 = ORIENTED_EDGE('',*,*,#2049,.T.);
#2079 = CYLINDRICAL_SURFACE('',#2080,10.3);
#2080 = AXIS2_PLACEMENT_3D('',#2081,#2082,#2083);
#2081 = CARTESIAN_POINT('',(36.725,13.735,9.799999952316));
#2082 = DIRECTION('',(-0.,-0.,-1.));
#2083 = DIRECTION('',(1.,0.,0.));
#2084 = ADVANCED_FACE('',(#2085),#2104,.F.);
#2085 = FACE_BOUND('',#2086,.T.);
#2086 = EDGE_LOOP('',(#2087,#2088,#2089,#2097));
#2087 = ORIENTED_EDGE('',*,*,#2033,.F.);
#2088 = ORIENTED_EDGE('',*,*,#729,.T.);
#2089 = ORIENTED_EDGE('',*,*,#2090,.T.);
#2090 = EDGE_CURVE('',#730,#2091,#2093,.T.);
#2091 = VERTEX_POINT('',#2092);
#2092 = CARTESIAN_POINT('',(2.975,13.735,12.219999952316));
#2093 = LINE('',#2094,#2095);
#2094 = CARTESIAN_POINT('',(2.975,13.735,9.799999952316));
#2095 = VECTOR('',#2096,1.);
#2096 = DIRECTION('',(0.,0.,1.));
#2097 = ORIENTED_EDGE('',*,*,#2098,.F.);
#2098 = EDGE_CURVE('',#2034,#2091,#2099,.T.);
#2099 = CIRCLE('',#2100,10.3);
#2100 = AXIS2_PLACEMENT_3D('',#2101,#2102,#2103);
#2101 = CARTESIAN_POINT('',(13.275,13.735,12.219999952316));
#2102 = DIRECTION('',(0.,0.,-1.));
#2103 = DIRECTION('',(1.,0.,0.));
#2104 = CYLINDRICAL_SURFACE('',#2105,10.3);
#2105 = AXIS2_PLACEMENT_3D('',#2106,#2107,#2108);
#2106 = CARTESIAN_POINT('',(13.275,13.735,9.799999952316));
#2107 = DIRECTION('',(-0.,-0.,-1.));
#2108 = DIRECTION('',(1.,0.,0.));
#2109 = ADVANCED_FACE('',(#2110),#2128,.F.);
#2110 = FACE_BOUND('',#2111,.F.);
#2111 = EDGE_LOOP('',(#2112,#2113,#2114,#2122));
#2112 = ORIENTED_EDGE('',*,*,#2072,.F.);
#2113 = ORIENTED_EDGE('',*,*,#772,.T.);
#2114 = ORIENTED_EDGE('',*,*,#2115,.T.);
#2115 = EDGE_CURVE('',#764,#2116,#2118,.T.);
#2116 = VERTEX_POINT('',#2117);
#2117 = CARTESIAN_POINT('',(47.025,30.065,12.219999952316));
#2118 = LINE('',#2119,#2120);
#2119 = CARTESIAN_POINT('',(47.025,30.065,9.799999952316));
#2120 = VECTOR('',#2121,1.);
#2121 = DIRECTION('',(0.,0.,1.));
#2122 = ORIENTED_EDGE('',*,*,#2123,.F.);
#2123 = EDGE_CURVE('',#2064,#2116,#2124,.T.);
#2124 = LINE('',#2125,#2126);
#2125 = CARTESIAN_POINT('',(47.025,17.8675,12.219999952316));
#2126 = VECTOR('',#2127,1.);
#2127 = DIRECTION('',(0.,1.,0.));
#2128 = PLANE('',#2129);
#2129 = AXIS2_PLACEMENT_3D('',#2130,#2131,#2132);
#2130 = CARTESIAN_POINT('',(47.025,13.735,9.799999952316));
#2131 = DIRECTION('',(1.,0.,0.));
#2132 = DIRECTION('',(0.,0.,1.));
#2133 = ADVANCED_FACE('',(#2134),#2152,.T.);
#2134 = FACE_BOUND('',#2135,.T.);
#2135 = EDGE_LOOP('',(#2136,#2137,#2138,#2146));
#2136 = ORIENTED_EDGE('',*,*,#2090,.F.);
#2137 = ORIENTED_EDGE('',*,*,#738,.T.);
#2138 = ORIENTED_EDGE('',*,*,#2139,.T.);
#2139 = EDGE_CURVE('',#739,#2140,#2142,.T.);
#2140 = VERTEX_POINT('',#2141);
#2141 = CARTESIAN_POINT('',(2.975,30.065,12.219999952316));
#2142 = LINE('',#2143,#2144);
#2143 = CARTESIAN_POINT('',(2.975,30.065,9.799999952316));
#2144 = VECTOR('',#2145,1.);
#2145 = DIRECTION('',(0.,0.,1.));
#2146 = ORIENTED_EDGE('',*,*,#2147,.F.);
#2147 = EDGE_CURVE('',#2091,#2140,#2148,.T.);
#2148 = LINE('',#2149,#2150);
#2149 = CARTESIAN_POINT('',(2.975,17.8675,12.219999952316));
#2150 = VECTOR('',#2151,1.);
#2151 = DIRECTION('',(0.,1.,0.));
#2152 = PLANE('',#2153);
#2153 = AXIS2_PLACEMENT_3D('',#2154,#2155,#2156);
#2154 = CARTESIAN_POINT('',(2.975,13.735,9.799999952316));
#2155 = DIRECTION('',(1.,0.,0.));
#2156 = DIRECTION('',(0.,0.,1.));
#2157 = ADVANCED_FACE('',(#2158),#2177,.F.);
#2158 = FACE_BOUND('',#2159,.T.);
#2159 = EDGE_LOOP('',(#2160,#2161,#2162,#2171));
#2160 = ORIENTED_EDGE('',*,*,#763,.T.);
#2161 = ORIENTED_EDGE('',*,*,#2115,.T.);
#2162 = ORIENTED_EDGE('',*,*,#2163,.F.);
#2163 = EDGE_CURVE('',#2164,#2116,#2166,.T.);
#2164 = VERTEX_POINT('',#2165);
#2165 = CARTESIAN_POINT('',(36.725,40.365,12.219999952316));
#2166 = CIRCLE('',#2167,10.3);
#2167 = AXIS2_PLACEMENT_3D('',#2168,#2169,#2170);
#2168 = CARTESIAN_POINT('',(36.725,30.065,12.219999952316));
#2169 = DIRECTION('',(0.,0.,-1.));
#2170 = DIRECTION('',(1.,0.,0.));
#2171 = ORIENTED_EDGE('',*,*,#2172,.F.);
#2172 = EDGE_CURVE('',#756,#2164,#2173,.T.);
#2173 = LINE('',#2174,#2175);
#2174 = CARTESIAN_POINT('',(36.725,40.365,9.799999952316));
#2175 = VECTOR('',#2176,1.);
#2176 = DIRECTION('',(0.,0.,1.));
#2177 = CYLINDRICAL_SURFACE('',#2178,10.3);
#2178 = AXIS2_PLACEMENT_3D('',#2179,#2180,#2181);
#2179 = CARTESIAN_POINT('',(36.725,30.065,9.799999952316));
#2180 = DIRECTION('',(-0.,-0.,-1.));
#2181 = DIRECTION('',(1.,0.,0.));
#2182 = ADVANCED_FACE('',(#2183),#2202,.F.);
#2183 = FACE_BOUND('',#2184,.T.);
#2184 = EDGE_LOOP('',(#2185,#2186,#2194,#2201));
#2185 = ORIENTED_EDGE('',*,*,#746,.T.);
#2186 = ORIENTED_EDGE('',*,*,#2187,.T.);
#2187 = EDGE_CURVE('',#747,#2188,#2190,.T.);
#2188 = VERTEX_POINT('',#2189);
#2189 = CARTESIAN_POINT('',(13.275,40.365,12.219999952316));
#2190 = LINE('',#2191,#2192);
#2191 = CARTESIAN_POINT('',(13.275,40.365,9.799999952316));
#2192 = VECTOR('',#2193,1.);
#2193 = DIRECTION('',(0.,0.,1.));
#2194 = ORIENTED_EDGE('',*,*,#2195,.F.);
#2195 = EDGE_CURVE('',#2140,#2188,#2196,.T.);
#2196 = CIRCLE('',#2197,10.3);
#2197 = AXIS2_PLACEMENT_3D('',#2198,#2199,#2200);
#2198 = CARTESIAN_POINT('',(13.275,30.065,12.219999952316));
#2199 = DIRECTION('',(0.,0.,-1.));
#2200 = DIRECTION('',(1.,0.,0.));
#2201 = ORIENTED_EDGE('',*,*,#2139,.F.);
#2202 = CYLINDRICAL_SURFACE('',#2203,10.3);
#2203 = AXIS2_PLACEMENT_3D('',#2204,#2205,#2206);
#2204 = CARTESIAN_POINT('',(13.275,30.065,9.799999952316));
#2205 = DIRECTION('',(-0.,-0.,-1.));
#2206 = DIRECTION('',(1.,0.,0.));
#2207 = ADVANCED_FACE('',(#2208),#2219,.F.);
#2208 = FACE_BOUND('',#2209,.F.);
#2209 = EDGE_LOOP('',(#2210,#2211,#2212,#2218));
#2210 = ORIENTED_EDGE('',*,*,#755,.T.);
#2211 = ORIENTED_EDGE('',*,*,#2187,.T.);
#2212 = ORIENTED_EDGE('',*,*,#2213,.F.);
#2213 = EDGE_CURVE('',#2164,#2188,#2214,.T.);
#2214 = LINE('',#2215,#2216);
#2215 = CARTESIAN_POINT('',(19.1375,40.365,12.219999952316));
#2216 = VECTOR('',#2217,1.);
#2217 = DIRECTION('',(-1.,0.,0.));
#2218 = ORIENTED_EDGE('',*,*,#2172,.F.);
#2219 = PLANE('',#2220);
#2220 = AXIS2_PLACEMENT_3D('',#2221,#2222,#2223);
#2221 = CARTESIAN_POINT('',(13.275,40.365,9.799999952316));
#2222 = DIRECTION('',(0.,1.,0.));
#2223 = DIRECTION('',(0.,0.,1.));
#2224 = ADVANCED_FACE('',(#2225),#2244,.F.);
#2225 = FACE_BOUND('',#2226,.F.);
#2226 = EDGE_LOOP('',(#2227,#2235,#2242,#2243));
#2227 = ORIENTED_EDGE('',*,*,#2228,.T.);
#2228 = EDGE_CURVE('',#790,#2229,#2231,.T.);
#2229 = VERTEX_POINT('',#2230);
#2230 = CARTESIAN_POINT('',(42.5,60.8,11.699999952316));
#2231 = LINE('',#2232,#2233);
#2232 = CARTESIAN_POINT('',(42.5,60.8,10.749999952316));
#2233 = VECTOR('',#2234,1.);
#2234 = DIRECTION('',(0.,0.,1.));
#2235 = ORIENTED_EDGE('',*,*,#2236,.F.);
#2236 = EDGE_CURVE('',#2229,#2229,#2237,.T.);
#2237 = CIRCLE('',#2238,17.5);
#2238 = AXIS2_PLACEMENT_3D('',#2239,#2240,#2241);
#2239 = CARTESIAN_POINT('',(25.,60.8,11.699999952316));
#2240 = DIRECTION('',(0.,0.,1.));
#2241 = DIRECTION('',(1.,0.,0.));
#2242 = ORIENTED_EDGE('',*,*,#2228,.F.);
#2243 = ORIENTED_EDGE('',*,*,#789,.T.);
#2244 = CYLINDRICAL_SURFACE('',#2245,17.5);
#2245 = AXIS2_PLACEMENT_3D('',#2246,#2247,#2248);
#2246 = CARTESIAN_POINT('',(25.,60.8,10.749999952316));
#2247 = DIRECTION('',(0.,0.,1.));
#2248 = DIRECTION('',(1.,0.,0.));
#2249 = ADVANCED_FACE('',(#2250),#2253,.F.);
#2250 = FACE_BOUND('',#2251,.T.);
#2251 = EDGE_LOOP('',(#2252));
#2252 = ORIENTED_EDGE('',*,*,#815,.F.);
#2253 = PLANE('',#2254);
#2254 = AXIS2_PLACEMENT_3D('',#2255,#2256,#2257);
#2255 = CARTESIAN_POINT('',(25.,4.5,7.999999952316));
#2256 = DIRECTION('',(0.,0.,1.));
#2257 = DIRECTION('',(1.,0.,0.));
#2258 = ADVANCED_FACE('',(#2259),#2285,.T.);
#2259 = FACE_BOUND('',#2260,.F.);
#2260 = EDGE_LOOP('',(#2261,#2269,#2270,#2278));
#2261 = ORIENTED_EDGE('',*,*,#2262,.F.);
#2262 = EDGE_CURVE('',#841,#2263,#2265,.T.);
#2263 = VERTEX_POINT('',#2264);
#2264 = CARTESIAN_POINT('',(12.5,0.,11.749999952316));
#2265 = LINE('',#2266,#2267);
#2266 = CARTESIAN_POINT('',(12.5,0.,-4.768371586472E-08));
#2267 = VECTOR('',#2268,1.);
#2268 = DIRECTION('',(0.,0.,1.));
#2269 = ORIENTED_EDGE('',*,*,#840,.F.);
#2270 = ORIENTED_EDGE('',*,*,#2271,.T.);
#2271 = EDGE_CURVE('',#832,#2272,#2274,.T.);
#2272 = VERTEX_POINT('',#2273);
#2273 = CARTESIAN_POINT('',(0.,12.5,11.749999952316));
#2274 = LINE('',#2275,#2276);
#2275 = CARTESIAN_POINT('',(0.,12.5,-4.768371586472E-08));
#2276 = VECTOR('',#2277,1.);
#2277 = DIRECTION('',(0.,0.,1.));
#2278 = ORIENTED_EDGE('',*,*,#2279,.T.);
#2279 = EDGE_CURVE('',#2272,#2263,#2280,.T.);
#2280 = CIRCLE('',#2281,12.5);
#2281 = AXIS2_PLACEMENT_3D('',#2282,#2283,#2284);
#2282 = CARTESIAN_POINT('',(12.5,12.5,11.749999952316));
#2283 = DIRECTION('',(0.,0.,1.));
#2284 = DIRECTION('',(-1.,1.4E-16,0.));
#2285 = CYLINDRICAL_SURFACE('',#2286,12.5);
#2286 = AXIS2_PLACEMENT_3D('',#2287,#2288,#2289);
#2287 = CARTESIAN_POINT('',(12.5,12.5,-4.768371586472E-08));
#2288 = DIRECTION('',(-0.,-0.,-1.));
#2289 = DIRECTION('',(1.,0.,0.));
#2290 = ADVANCED_FACE('',(#2291),#2309,.F.);
#2291 = FACE_BOUND('',#2292,.F.);
#2292 = EDGE_LOOP('',(#2293,#2294,#2295,#2303));
#2293 = ORIENTED_EDGE('',*,*,#2271,.F.);
#2294 = ORIENTED_EDGE('',*,*,#876,.F.);
#2295 = ORIENTED_EDGE('',*,*,#2296,.T.);
#2296 = EDGE_CURVE('',#866,#2297,#2299,.T.);
#2297 = VERTEX_POINT('',#2298);
#2298 = CARTESIAN_POINT('',(0.,69.,11.749999952316));
#2299 = LINE('',#2300,#2301);
#2300 = CARTESIAN_POINT('',(0.,69.,-4.768371586472E-08));
#2301 = VECTOR('',#2302,1.);
#2302 = DIRECTION('',(0.,0.,1.));
#2303 = ORIENTED_EDGE('',*,*,#2304,.T.);
#2304 = EDGE_CURVE('',#2297,#2272,#2305,.T.);
#2305 = LINE('',#2306,#2307);
#2306 = CARTESIAN_POINT('',(-1.1E-16,69.,11.749999952316));
#2307 = VECTOR('',#2308,1.);
#2308 = DIRECTION('',(-0.,-1.,-0.));
#2309 = PLANE('',#2310);
#2310 = AXIS2_PLACEMENT_3D('',#2311,#2312,#2313);
#2311 = CARTESIAN_POINT('',(0.,12.5,-4.768371586472E-08));
#2312 = DIRECTION('',(1.,0.,0.));
#2313 = DIRECTION('',(0.,0.,1.));
#2314 = ADVANCED_FACE('',(#2315),#2401,.T.);
#2315 = FACE_BOUND('',#2316,.F.);
#2316 = EDGE_LOOP('',(#2317,#2318,#2319,#2327,#2336,#2355,#2363,#2377,
    #2386,#2394));
#2317 = ORIENTED_EDGE('',*,*,#2296,.F.);
#2318 = ORIENTED_EDGE('',*,*,#899,.F.);
#2319 = ORIENTED_EDGE('',*,*,#2320,.T.);
#2320 = EDGE_CURVE('',#891,#2321,#2323,.T.);
#2321 = VERTEX_POINT('',#2322);
#2322 = CARTESIAN_POINT('',(12.5,81.5,2.849999952316));
#2323 = LINE('',#2324,#2325);
#2324 = CARTESIAN_POINT('',(12.5,81.5,-4.768371586472E-08));
#2325 = VECTOR('',#2326,1.);
#2326 = DIRECTION('',(0.,0.,1.));
#2327 = ORIENTED_EDGE('',*,*,#2328,.F.);
#2328 = EDGE_CURVE('',#2329,#2321,#2331,.T.);
#2329 = VERTEX_POINT('',#2330);
#2330 = CARTESIAN_POINT('',(8.551,80.859822890752,2.849999952316));
#2331 = CIRCLE('',#2332,12.5);
#2332 = AXIS2_PLACEMENT_3D('',#2333,#2334,#2335);
#2333 = CARTESIAN_POINT('',(12.5,69.,2.849999952316));
#2334 = DIRECTION('',(0.,0.,-1.));
#2335 = DIRECTION('',(1.,0.,0.));
#2336 = ORIENTED_EDGE('',*,*,#2337,.F.);
#2337 = EDGE_CURVE('',#2338,#2329,#2340,.T.);
#2338 = VERTEX_POINT('',#2339);
#2339 = CARTESIAN_POINT('',(7.551,80.478562584226,3.849999952316));
#2340 = B_SPLINE_CURVE_WITH_KNOTS('',7,(#2341,#2342,#2343,#2344,#2345,
    #2346,#2347,#2348,#2349,#2350,#2351,#2352,#2353,#2354),
  .UNSPECIFIED.,.F.,.F.,(8,6,8),(0.,0.463424407921,1.),.UNSPECIFIED.);
#2341 = CARTESIAN_POINT('',(7.551,80.478562584226,3.849999952316));
#2342 = CARTESIAN_POINT('',(7.551,80.478562584226,3.752840230487));
#2343 = CARTESIAN_POINT('',(7.562013333349,80.483311032806,
    3.655651750081));
#2344 = CARTESIAN_POINT('',(7.584051877698,80.492812869988,
    3.559635906681));
#2345 = CARTESIAN_POINT('',(7.617073731448,80.506971509304,
    3.466010787677));
#2346 = CARTESIAN_POINT('',(7.660971451872,80.525581713539,
    3.376040777039));
#2347 = CARTESIAN_POINT('',(7.715548909278,80.548330864523,
    3.291072336417));
#2348 = CARTESIAN_POINT('',(7.855674994215,80.605465883756,
    3.121688996852));
#2349 = CARTESIAN_POINT('',(7.94550973233,80.641430498105,3.038563339497
    ));
#2350 = CARTESIAN_POINT('',(8.049070433197,80.681868943464,
    2.966921064251));
#2351 = CARTESIAN_POINT('',(8.164387556817,80.725443159133,
    2.909987595051));
#2352 = CARTESIAN_POINT('',(8.288743703283,80.770590001197,
    2.870376091398));
#2353 = CARTESIAN_POINT('',(8.418843399472,80.815818320001,
    2.849999952316));
#2354 = CARTESIAN_POINT('',(8.551,80.859822890752,2.849999952316));
#2355 = ORIENTED_EDGE('',*,*,#2356,.F.);
#2356 = EDGE_CURVE('',#2357,#2338,#2359,.T.);
#2357 = VERTEX_POINT('',#2358);
#2358 = CARTESIAN_POINT('',(7.551,80.478562584226,7.349999952316));
#2359 = LINE('',#2360,#2361);
#2360 = CARTESIAN_POINT('',(7.551,80.478562584226,-4.768371564268E-08));
#2361 = VECTOR('',#2362,1.);
#2362 = DIRECTION('',(-0.,-0.,-1.));
#2363 = ORIENTED_EDGE('',*,*,#2364,.F.);
#2364 = EDGE_CURVE('',#2365,#2357,#2367,.T.);
#2365 = VERTEX_POINT('',#2366);
#2366 = CARTESIAN_POINT('',(8.551,80.859822890752,8.349999952316));
#2367 = B_SPLINE_CURVE_WITH_KNOTS('',8,(#2368,#2369,#2370,#2371,#2372,
    #2373,#2374,#2375,#2376),.UNSPECIFIED.,.F.,.F.,(9,9),(0.,1.),
  .PIECEWISE_BEZIER_KNOTS.);
#2368 = CARTESIAN_POINT('',(8.551,80.859822890752,8.349999952316));
#2369 = CARTESIAN_POINT('',(8.332572343112,80.787092393425,
    8.349999952316));
#2370 = CARTESIAN_POINT('',(8.124379079232,80.712662014675,8.29547376056
    ));
#2371 = CARTESIAN_POINT('',(7.938999445947,80.641435191286,
    8.195360121338));
#2372 = CARTESIAN_POINT('',(7.784549017387,80.578441483988,
    8.058972148835));
#2373 = CARTESIAN_POINT('',(7.666762362085,80.528471528131,7.89611879465
    ));
#2374 = CARTESIAN_POINT('',(7.588689152093,80.494812763966,
    7.716905533626));
#2375 = CARTESIAN_POINT('',(7.551,80.478562584226,7.531599208187));
#2376 = CARTESIAN_POINT('',(7.551,80.478562584226,7.349999952316));
#2377 = ORIENTED_EDGE('',*,*,#2378,.T.);
#2378 = EDGE_CURVE('',#2365,#2379,#2381,.T.);
#2379 = VERTEX_POINT('',#2380);
#2380 = CARTESIAN_POINT('',(12.5,81.5,8.349999952316));
#2381 = CIRCLE('',#2382,12.5);
#2382 = AXIS2_PLACEMENT_3D('',#2383,#2384,#2385);
#2383 = CARTESIAN_POINT('',(12.5,69.,8.349999952316));
#2384 = DIRECTION('',(0.,0.,-1.));
#2385 = DIRECTION('',(1.,0.,0.));
#2386 = ORIENTED_EDGE('',*,*,#2387,.T.);
#2387 = EDGE_CURVE('',#2379,#2388,#2390,.T.);
#2388 = VERTEX_POINT('',#2389);
#2389 = CARTESIAN_POINT('',(12.5,81.5,11.749999952316));
#2390 = LINE('',#2391,#2392);
#2391 = CARTESIAN_POINT('',(12.5,81.5,-4.768371586472E-08));
#2392 = VECTOR('',#2393,1.);
#2393 = DIRECTION('',(0.,0.,1.));
#2394 = ORIENTED_EDGE('',*,*,#2395,.T.);
#2395 = EDGE_CURVE('',#2388,#2297,#2396,.T.);
#2396 = CIRCLE('',#2397,12.5);
#2397 = AXIS2_PLACEMENT_3D('',#2398,#2399,#2400);
#2398 = CARTESIAN_POINT('',(12.5,69.,11.749999952316));
#2399 = DIRECTION('',(0.,-0.,1.));
#2400 = DIRECTION('',(0.,1.,0.));
#2401 = CYLINDRICAL_SURFACE('',#2402,12.5);
#2402 = AXIS2_PLACEMENT_3D('',#2403,#2404,#2405);
#2403 = CARTESIAN_POINT('',(12.5,69.,-4.768371586472E-08));
#2404 = DIRECTION('',(-0.,-0.,-1.));
#2405 = DIRECTION('',(1.,0.,0.));
#2406 = ADVANCED_FACE('',(#2407),#2483,.T.);
#2407 = FACE_BOUND('',#2408,.T.);
#2408 = EDGE_LOOP('',(#2409,#2417,#2418,#2419,#2427,#2436,#2444,#2453,
    #2459,#2460,#2468,#2476));
#2409 = ORIENTED_EDGE('',*,*,#2410,.F.);
#2410 = EDGE_CURVE('',#917,#2411,#2413,.T.);
#2411 = VERTEX_POINT('',#2412);
#2412 = CARTESIAN_POINT('',(37.5,81.5,3.261137495049));
#2413 = LINE('',#2414,#2415);
#2414 = CARTESIAN_POINT('',(37.5,81.5,-4.768371586472E-08));
#2415 = VECTOR('',#2416,1.);
#2416 = DIRECTION('',(0.,0.,1.));
#2417 = ORIENTED_EDGE('',*,*,#927,.T.);
#2418 = ORIENTED_EDGE('',*,*,#2320,.T.);
#2419 = ORIENTED_EDGE('',*,*,#2420,.T.);
#2420 = EDGE_CURVE('',#2321,#2421,#2423,.T.);
#2421 = VERTEX_POINT('',#2422);
#2422 = CARTESIAN_POINT('',(18.551,81.5,2.849999952316));
#2423 = LINE('',#2424,#2425);
#2424 = CARTESIAN_POINT('',(10.5255,81.5,2.849999952316));
#2425 = VECTOR('',#2426,1.);
#2426 = DIRECTION('',(1.,0.,0.));
#2427 = ORIENTED_EDGE('',*,*,#2428,.F.);
#2428 = EDGE_CURVE('',#2429,#2421,#2431,.T.);
#2429 = VERTEX_POINT('',#2430);
#2430 = CARTESIAN_POINT('',(19.551,81.5,3.849999952316));
#2431 = CIRCLE('',#2432,1.);
#2432 = AXIS2_PLACEMENT_3D('',#2433,#2434,#2435);
#2433 = CARTESIAN_POINT('',(18.551,81.5,3.849999952316));
#2434 = DIRECTION('',(-0.,1.,2.2E-16));
#2435 = DIRECTION('',(1.,0.,0.));
#2436 = ORIENTED_EDGE('',*,*,#2437,.F.);
#2437 = EDGE_CURVE('',#2438,#2429,#2440,.T.);
#2438 = VERTEX_POINT('',#2439);
#2439 = CARTESIAN_POINT('',(19.551,81.5,7.349999952316));
#2440 = LINE('',#2441,#2442);
#2441 = CARTESIAN_POINT('',(19.551,81.5,1.924999952316));
#2442 = VECTOR('',#2443,1.);
#2443 = DIRECTION('',(0.,0.,-1.));
#2444 = ORIENTED_EDGE('',*,*,#2445,.F.);
#2445 = EDGE_CURVE('',#2446,#2438,#2448,.T.);
#2446 = VERTEX_POINT('',#2447);
#2447 = CARTESIAN_POINT('',(18.551,81.5,8.349999952316));
#2448 = CIRCLE('',#2449,1.);
#2449 = AXIS2_PLACEMENT_3D('',#2450,#2451,#2452);
#2450 = CARTESIAN_POINT('',(18.551,81.5,7.349999952316));
#2451 = DIRECTION('',(-0.,1.,2.2E-16));
#2452 = DIRECTION('',(1.,0.,0.));
#2453 = ORIENTED_EDGE('',*,*,#2454,.F.);
#2454 = EDGE_CURVE('',#2379,#2446,#2455,.T.);
#2455 = LINE('',#2456,#2457);
#2456 = CARTESIAN_POINT('',(10.5255,81.5,8.349999952316));
#2457 = VECTOR('',#2458,1.);
#2458 = DIRECTION('',(1.,0.,0.));
#2459 = ORIENTED_EDGE('',*,*,#2387,.T.);
#2460 = ORIENTED_EDGE('',*,*,#2461,.F.);
#2461 = EDGE_CURVE('',#2462,#2388,#2464,.T.);
#2462 = VERTEX_POINT('',#2463);
#2463 = CARTESIAN_POINT('',(37.5,81.5,11.749999952316));
#2464 = LINE('',#2465,#2466);
#2465 = CARTESIAN_POINT('',(37.5,81.5,11.749999952316));
#2466 = VECTOR('',#2467,1.);
#2467 = DIRECTION('',(-1.,-0.,-0.));
#2468 = ORIENTED_EDGE('',*,*,#2469,.F.);
#2469 = EDGE_CURVE('',#2470,#2462,#2472,.T.);
#2470 = VERTEX_POINT('',#2471);
#2471 = CARTESIAN_POINT('',(37.5,81.5,10.138862409583));
#2472 = LINE('',#2473,#2474);
#2473 = CARTESIAN_POINT('',(37.5,81.5,-4.768371586472E-08));
#2474 = VECTOR('',#2475,1.);
#2475 = DIRECTION('',(0.,0.,1.));
#2476 = ORIENTED_EDGE('',*,*,#2477,.F.);
#2477 = EDGE_CURVE('',#2411,#2470,#2478,.T.);
#2478 = CIRCLE('',#2479,3.6);
#2479 = AXIS2_PLACEMENT_3D('',#2480,#2481,#2482);
#2480 = CARTESIAN_POINT('',(36.435,81.5,6.699999952316));
#2481 = DIRECTION('',(-0.,1.,2.2E-16));
#2482 = DIRECTION('',(1.,0.,0.));
#2483 = PLANE('',#2484);
#2484 = AXIS2_PLACEMENT_3D('',#2485,#2486,#2487);
#2485 = CARTESIAN_POINT('',(12.5,81.5,-4.768371586472E-08));
#2486 = DIRECTION('',(0.,1.,0.));
#2487 = DIRECTION('',(0.,0.,1.));
#2488 = ADVANCED_FACE('',(#2489),#2557,.T.);
#2489 = FACE_BOUND('',#2490,.F.);
#2490 = EDGE_LOOP('',(#2491,#2492,#2493,#2501,#2508,#2509,#2534));
#2491 = ORIENTED_EDGE('',*,*,#2410,.F.);
#2492 = ORIENTED_EDGE('',*,*,#950,.F.);
#2493 = ORIENTED_EDGE('',*,*,#2494,.T.);
#2494 = EDGE_CURVE('',#942,#2495,#2497,.T.);
#2495 = VERTEX_POINT('',#2496);
#2496 = CARTESIAN_POINT('',(50.,69.,11.749999952316));
#2497 = LINE('',#2498,#2499);
#2498 = CARTESIAN_POINT('',(50.,69.,-4.768371586472E-08));
#2499 = VECTOR('',#2500,1.);
#2500 = DIRECTION('',(0.,0.,1.));
#2501 = ORIENTED_EDGE('',*,*,#2502,.T.);
#2502 = EDGE_CURVE('',#2495,#2462,#2503,.T.);
#2503 = CIRCLE('',#2504,12.5);
#2504 = AXIS2_PLACEMENT_3D('',#2505,#2506,#2507);
#2505 = CARTESIAN_POINT('',(37.5,69.,11.749999952316));
#2506 = DIRECTION('',(0.,0.,1.));
#2507 = DIRECTION('',(1.,0.,0.));
#2508 = ORIENTED_EDGE('',*,*,#2469,.F.);
#2509 = ORIENTED_EDGE('',*,*,#2510,.F.);
#2510 = EDGE_CURVE('',#2511,#2470,#2513,.T.);
#2511 = VERTEX_POINT('',#2512);
#2512 = CARTESIAN_POINT('',(40.035,81.240252244133,6.699999952316));
#2513 = B_SPLINE_CURVE_WITH_KNOTS('',7,(#2514,#2515,#2516,#2517,#2518,
    #2519,#2520,#2521,#2522,#2523,#2524,#2525,#2526,#2527,#2528,#2529,
    #2530,#2531,#2532,#2533),.UNSPECIFIED.,.F.,.F.,(8,6,6,8),(0.,
    0.597755295286,0.763113044258,1.),.UNSPECIFIED.);
#2514 = CARTESIAN_POINT('',(40.035,81.240252244133,6.699999952316));
#2515 = CARTESIAN_POINT('',(40.035,81.240252244133,7.052016078135));
#2516 = CARTESIAN_POINT('',(39.994843258926,81.248568869783,
    7.403517700935));
#2517 = CARTESIAN_POINT('',(39.914733758011,81.265159726805,
    7.751937155121));
#2518 = CARTESIAN_POINT('',(39.793843624226,81.289331237607,
    8.094470638126));
#2519 = CARTESIAN_POINT('',(39.630527544561,81.319715808735,
    8.427615559704));
#2520 = CARTESIAN_POINT('',(39.422531087429,81.353953577778,
    8.746522374285));
#2521 = CARTESIAN_POINT('',(39.096764334052,81.397798871453,
    9.126265505754));
#2522 = CARTESIAN_POINT('',(39.02254173428,81.407310796533,9.20693596531
    ));
#2523 = CARTESIAN_POINT('',(38.944634032869,81.416753978679,
    9.285830122734));
#2524 = CARTESIAN_POINT('',(38.862993052873,81.426039526046,
    9.362769512564));
#2525 = CARTESIAN_POINT('',(38.777575046487,81.43506943701,
    9.437557923609));
#2526 = CARTESIAN_POINT('',(38.68834092083,81.443736481009,
    9.509981290737));
#2527 = CARTESIAN_POINT('',(38.461906234866,81.463653407248,
    9.679838814597));
#2528 = CARTESIAN_POINT('',(38.320390505207,81.474421783768,
    9.77473765618));
#2529 = CARTESIAN_POINT('',(38.170897777576,81.483849947449,
    9.863523365941));
#2530 = CARTESIAN_POINT('',(38.013705726026,81.491531398573,
    9.945244282024));
#2531 = CARTESIAN_POINT('',(37.849178913131,81.497050403673,
    10.018974231225));
#2532 = CARTESIAN_POINT('',(37.677766507286,81.5,10.083808934019));
#2533 = CARTESIAN_POINT('',(37.5,81.5,10.138862409583));
#2534 = ORIENTED_EDGE('',*,*,#2535,.F.);
#2535 = EDGE_CURVE('',#2411,#2511,#2536,.T.);
#2536 = B_SPLINE_CURVE_WITH_KNOTS('',7,(#2537,#2538,#2539,#2540,#2541,
    #2542,#2543,#2544,#2545,#2546,#2547,#2548,#2549,#2550,#2551,#2552,
    #2553,#2554,#2555,#2556),.UNSPECIFIED.,.F.,.F.,(8,6,6,8),(0.,
    0.233162539858,0.406799619543,1.),.UNSPECIFIED.);
#2537 = CARTESIAN_POINT('',(37.5,81.5,3.261137495049));
#2538 = CARTESIAN_POINT('',(37.67496147734,81.5,3.315322265648));
#2539 = CARTESIAN_POINT('',(37.843780349104,81.497142767658,
    3.378985929681));
#2540 = CARTESIAN_POINT('',(38.005943034844,81.491789998282,
    3.451284509134));
#2541 = CARTESIAN_POINT('',(38.161013685411,81.484329325017,
    3.531354717645));
#2542 = CARTESIAN_POINT('',(38.308636398603,81.47515744117,
    3.618310603539));
#2543 = CARTESIAN_POINT('',(38.448537434815,81.464663222532,
    3.711240192861));
#2544 = CARTESIAN_POINT('',(38.67882091411,81.444682221674,
    3.882154782156));
#2545 = CARTESIAN_POINT('',(38.772864962098,81.435610343376,
    3.958000465007));
#2546 = CARTESIAN_POINT('',(38.862698592361,81.426131169145,
    4.036468640339));
#2547 = CARTESIAN_POINT('',(38.94836677171,81.416369283619,
    4.117310608405));
#2548 = CARTESIAN_POINT('',(39.029920122934,81.406438055192,
    4.200299366085));
#2549 = CARTESIAN_POINT('',(39.107414629663,81.396439789463,
    4.285229462633));
#2550 = CARTESIAN_POINT('',(39.431999860745,81.352391793748,
    4.668069004923));
#2551 = CARTESIAN_POINT('',(39.636719148565,81.318562732863,
    4.985073926758));
#2552 = CARTESIAN_POINT('',(39.79750977102,81.288598125217,
    5.315960432187));
#2553 = CARTESIAN_POINT('',(39.91655771598,81.264781972462,
    5.656020909908));
#2554 = CARTESIAN_POINT('',(39.995454421939,81.248442297104,
    6.001840142832));
#2555 = CARTESIAN_POINT('',(40.035,81.240252244133,6.350673031092));
#2556 = CARTESIAN_POINT('',(40.035,81.240252244133,6.699999952316));
#2557 = CYLINDRICAL_SURFACE('',#2558,12.5);
#2558 = AXIS2_PLACEMENT_3D('',#2559,#2560,#2561);
#2559 = CARTESIAN_POINT('',(37.5,69.,-4.768371586472E-08));
#2560 = DIRECTION('',(-0.,-0.,-1.));
#2561 = DIRECTION('',(1.,0.,0.));
#2562 = ADVANCED_FACE('',(#2563),#2613,.T.);
#2563 = FACE_BOUND('',#2564,.T.);
#2564 = EDGE_LOOP('',(#2565,#2571,#2572,#2573,#2581,#2587,#2588,#2597,
    #2605,#2612));
#2565 = ORIENTED_EDGE('',*,*,#2566,.F.);
#2566 = EDGE_CURVE('',#968,#1558,#2567,.T.);
#2567 = LINE('',#2568,#2569);
#2568 = CARTESIAN_POINT('',(50.,12.5,-4.768371586472E-08));
#2569 = VECTOR('',#2570,1.);
#2570 = DIRECTION('',(0.,0.,1.));
#2571 = ORIENTED_EDGE('',*,*,#978,.T.);
#2572 = ORIENTED_EDGE('',*,*,#2494,.T.);
#2573 = ORIENTED_EDGE('',*,*,#2574,.F.);
#2574 = EDGE_CURVE('',#2575,#2495,#2577,.T.);
#2575 = VERTEX_POINT('',#2576);
#2576 = CARTESIAN_POINT('',(50.,12.5,11.749999952316));
#2577 = LINE('',#2578,#2579);
#2578 = CARTESIAN_POINT('',(50.,12.5,11.749999952316));
#2579 = VECTOR('',#2580,1.);
#2580 = DIRECTION('',(0.,1.,0.));
#2581 = ORIENTED_EDGE('',*,*,#2582,.F.);
#2582 = EDGE_CURVE('',#1679,#2575,#2583,.T.);
#2583 = LINE('',#2584,#2585);
#2584 = CARTESIAN_POINT('',(50.,12.5,-4.768371586472E-08));
#2585 = VECTOR('',#2586,1.);
#2586 = DIRECTION('',(0.,0.,1.));
#2587 = ORIENTED_EDGE('',*,*,#1687,.F.);
#2588 = ORIENTED_EDGE('',*,*,#2589,.T.);
#2589 = EDGE_CURVE('',#1688,#2590,#2592,.T.);
#2590 = VERTEX_POINT('',#2591);
#2591 = CARTESIAN_POINT('',(50.,26.45,5.649999952316));
#2592 = CIRCLE('',#2593,0.5);
#2593 = AXIS2_PLACEMENT_3D('',#2594,#2595,#2596);
#2594 = CARTESIAN_POINT('',(50.,25.95,5.649999952316));
#2595 = DIRECTION('',(-1.,0.,0.));
#2596 = DIRECTION('',(0.,1.,0.));
#2597 = ORIENTED_EDGE('',*,*,#2598,.F.);
#2598 = EDGE_CURVE('',#2599,#2590,#2601,.T.);
#2599 = VERTEX_POINT('',#2600);
#2600 = CARTESIAN_POINT('',(50.,26.45,4.249999952316));
#2601 = LINE('',#2602,#2603);
#2602 = CARTESIAN_POINT('',(50.,26.45,2.124999952316));
#2603 = VECTOR('',#2604,1.);
#2604 = DIRECTION('',(0.,0.,1.));
#2605 = ORIENTED_EDGE('',*,*,#2606,.T.);
#2606 = EDGE_CURVE('',#2599,#1567,#2607,.T.);
#2607 = CIRCLE('',#2608,0.5);
#2608 = AXIS2_PLACEMENT_3D('',#2609,#2610,#2611);
#2609 = CARTESIAN_POINT('',(50.,25.95,4.249999952316));
#2610 = DIRECTION('',(-1.,0.,0.));
#2611 = DIRECTION('',(0.,1.,0.));
#2612 = ORIENTED_EDGE('',*,*,#1566,.T.);
#2613 = PLANE('',#2614);
#2614 = AXIS2_PLACEMENT_3D('',#2615,#2616,#2617);
#2615 = CARTESIAN_POINT('',(50.,12.5,-4.768371586472E-08));
#2616 = DIRECTION('',(1.,0.,0.));
#2617 = DIRECTION('',(0.,0.,1.));
#2618 = ADVANCED_FACE('',(#2619),#2644,.T.);
#2619 = FACE_BOUND('',#2620,.F.);
#2620 = EDGE_LOOP('',(#2621,#2630,#2631,#2632,#2633,#2634,#2635,#2636,
    #2637,#2638));
#2621 = ORIENTED_EDGE('',*,*,#2622,.T.);
#2622 = EDGE_CURVE('',#2623,#2575,#2625,.T.);
#2623 = VERTEX_POINT('',#2624);
#2624 = CARTESIAN_POINT('',(37.5,0.,11.749999952316));
#2625 = CIRCLE('',#2626,12.5);
#2626 = AXIS2_PLACEMENT_3D('',#2627,#2628,#2629);
#2627 = CARTESIAN_POINT('',(37.5,12.5,11.749999952316));
#2628 = DIRECTION('',(-0.,0.,1.));
#2629 = DIRECTION('',(0.,-1.,0.));
#2630 = ORIENTED_EDGE('',*,*,#2582,.F.);
#2631 = ORIENTED_EDGE('',*,*,#1678,.T.);
#2632 = ORIENTED_EDGE('',*,*,#1655,.T.);
#2633 = ORIENTED_EDGE('',*,*,#1632,.T.);
#2634 = ORIENTED_EDGE('',*,*,#1599,.T.);
#2635 = ORIENTED_EDGE('',*,*,#1557,.F.);
#2636 = ORIENTED_EDGE('',*,*,#2566,.F.);
#2637 = ORIENTED_EDGE('',*,*,#1001,.F.);
#2638 = ORIENTED_EDGE('',*,*,#2639,.T.);
#2639 = EDGE_CURVE('',#993,#2623,#2640,.T.);
#2640 = LINE('',#2641,#2642);
#2641 = CARTESIAN_POINT('',(37.5,0.,-4.768371586472E-08));
#2642 = VECTOR('',#2643,1.);
#2643 = DIRECTION('',(0.,0.,1.));
#2644 = CYLINDRICAL_SURFACE('',#2645,12.5);
#2645 = AXIS2_PLACEMENT_3D('',#2646,#2647,#2648);
#2646 = CARTESIAN_POINT('',(37.5,12.5,-4.768371586472E-08));
#2647 = DIRECTION('',(-0.,-0.,-1.));
#2648 = DIRECTION('',(1.,0.,0.));
#2649 = ADVANCED_FACE('',(#2650),#2661,.F.);
#2650 = FACE_BOUND('',#2651,.F.);
#2651 = EDGE_LOOP('',(#2652,#2653,#2654,#2655));
#2652 = ORIENTED_EDGE('',*,*,#2639,.F.);
#2653 = ORIENTED_EDGE('',*,*,#1021,.F.);
#2654 = ORIENTED_EDGE('',*,*,#2262,.T.);
#2655 = ORIENTED_EDGE('',*,*,#2656,.T.);
#2656 = EDGE_CURVE('',#2263,#2623,#2657,.T.);
#2657 = LINE('',#2658,#2659);
#2658 = CARTESIAN_POINT('',(12.5,0.,11.749999952316));
#2659 = VECTOR('',#2660,1.);
#2660 = DIRECTION('',(1.,0.,0.));
#2661 = PLANE('',#2662);
#2662 = AXIS2_PLACEMENT_3D('',#2663,#2664,#2665);
#2663 = CARTESIAN_POINT('',(12.5,0.,-4.768371586472E-08));
#2664 = DIRECTION('',(0.,1.,0.));
#2665 = DIRECTION('',(0.,0.,1.));
#2666 = ADVANCED_FACE('',(#2667),#2678,.F.);
#2667 = FACE_BOUND('',#2668,.T.);
#2668 = EDGE_LOOP('',(#2669,#2675,#2676,#2677));
#2669 = ORIENTED_EDGE('',*,*,#2670,.F.);
#2670 = EDGE_CURVE('',#1102,#2599,#2671,.T.);
#2671 = LINE('',#2672,#2673);
#2672 = CARTESIAN_POINT('',(43.,26.45,4.249999952316));
#2673 = VECTOR('',#2674,1.);
#2674 = DIRECTION('',(1.,0.,0.));
#2675 = ORIENTED_EDGE('',*,*,#1109,.T.);
#2676 = ORIENTED_EDGE('',*,*,#1574,.T.);
#2677 = ORIENTED_EDGE('',*,*,#2606,.F.);
#2678 = CYLINDRICAL_SURFACE('',#2679,0.5);
#2679 = AXIS2_PLACEMENT_3D('',#2680,#2681,#2682);
#2680 = CARTESIAN_POINT('',(43.,25.95,4.249999952316));
#2681 = DIRECTION('',(-1.,-0.,-0.));
#2682 = DIRECTION('',(0.,1.,0.));
#2683 = ADVANCED_FACE('',(#2684),#2695,.F.);
#2684 = FACE_BOUND('',#2685,.F.);
#2685 = EDGE_LOOP('',(#2686,#2687,#2688,#2694));
#2686 = ORIENTED_EDGE('',*,*,#2670,.F.);
#2687 = ORIENTED_EDGE('',*,*,#1101,.T.);
#2688 = ORIENTED_EDGE('',*,*,#2689,.T.);
#2689 = EDGE_CURVE('',#1093,#2590,#2690,.T.);
#2690 = LINE('',#2691,#2692);
#2691 = CARTESIAN_POINT('',(43.,26.45,5.649999952316));
#2692 = VECTOR('',#2693,1.);
#2693 = DIRECTION('',(1.,0.,0.));
#2694 = ORIENTED_EDGE('',*,*,#2598,.F.);
#2695 = PLANE('',#2696);
#2696 = AXIS2_PLACEMENT_3D('',#2697,#2698,#2699);
#2697 = CARTESIAN_POINT('',(43.,26.45,4.249999952316));
#2698 = DIRECTION('',(0.,1.,0.));
#2699 = DIRECTION('',(1.,0.,0.));
#2700 = ADVANCED_FACE('',(#2701),#2707,.F.);
#2701 = FACE_BOUND('',#2702,.T.);
#2702 = EDGE_LOOP('',(#2703,#2704,#2705,#2706));
#2703 = ORIENTED_EDGE('',*,*,#1092,.T.);
#2704 = ORIENTED_EDGE('',*,*,#2689,.T.);
#2705 = ORIENTED_EDGE('',*,*,#2589,.F.);
#2706 = ORIENTED_EDGE('',*,*,#1695,.F.);
#2707 = CYLINDRICAL_SURFACE('',#2708,0.5);
#2708 = AXIS2_PLACEMENT_3D('',#2709,#2710,#2711);
#2709 = CARTESIAN_POINT('',(43.,25.95,5.649999952316));
#2710 = DIRECTION('',(-1.,-0.,-0.));
#2711 = DIRECTION('',(0.,1.,0.));
#2712 = ADVANCED_FACE('',(#2713),#2738,.T.);
#2713 = FACE_BOUND('',#2714,.T.);
#2714 = EDGE_LOOP('',(#2715,#2723,#2731,#2737));
#2715 = ORIENTED_EDGE('',*,*,#2716,.F.);
#2716 = EDGE_CURVE('',#2717,#1127,#2719,.T.);
#2717 = VERTEX_POINT('',#2718);
#2718 = CARTESIAN_POINT('',(47.647580015449,62.7,5.199999952316));
#2719 = LINE('',#2720,#2721);
#2720 = CARTESIAN_POINT('',(46.3,62.7,5.199999952316));
#2721 = VECTOR('',#2722,1.);
#2722 = DIRECTION('',(1.,0.,0.));
#2723 = ORIENTED_EDGE('',*,*,#2724,.T.);
#2724 = EDGE_CURVE('',#2717,#2725,#2727,.T.);
#2725 = VERTEX_POINT('',#2726);
#2726 = CARTESIAN_POINT('',(47.647580015449,62.7,6.199999952316));
#2727 = LINE('',#2728,#2729);
#2728 = CARTESIAN_POINT('',(47.647580015449,62.7,5.199999952316));
#2729 = VECTOR('',#2730,1.);
#2730 = DIRECTION('',(0.,0.,1.));
#2731 = ORIENTED_EDGE('',*,*,#2732,.T.);
#2732 = EDGE_CURVE('',#2725,#1129,#2733,.T.);
#2733 = LINE('',#2734,#2735);
#2734 = CARTESIAN_POINT('',(46.3,62.7,6.199999952316));
#2735 = VECTOR('',#2736,1.);
#2736 = DIRECTION('',(1.,0.,0.));
#2737 = ORIENTED_EDGE('',*,*,#1126,.F.);
#2738 = PLANE('',#2739);
#2739 = AXIS2_PLACEMENT_3D('',#2740,#2741,#2742);
#2740 = CARTESIAN_POINT('',(46.3,62.7,5.199999952316));
#2741 = DIRECTION('',(0.,1.,0.));
#2742 = DIRECTION('',(0.,0.,1.));
#2743 = ADVANCED_FACE('',(#2744),#2781,.T.);
#2744 = FACE_BOUND('',#2745,.T.);
#2745 = EDGE_LOOP('',(#2746,#2755,#2756,#2757,#2765,#2774));
#2746 = ORIENTED_EDGE('',*,*,#2747,.F.);
#2747 = EDGE_CURVE('',#2717,#2748,#2750,.T.);
#2748 = VERTEX_POINT('',#2749);
#2749 = CARTESIAN_POINT('',(45.933058428554,65.299627383664,
    5.199999952316));
#2750 = CIRCLE('',#2751,4.8);
#2751 = AXIS2_PLACEMENT_3D('',#2752,#2753,#2754);
#2752 = CARTESIAN_POINT('',(43.,61.5,5.199999952316));
#2753 = DIRECTION('',(0.,0.,1.));
#2754 = DIRECTION('',(1.,0.,0.));
#2755 = ORIENTED_EDGE('',*,*,#2716,.T.);
#2756 = ORIENTED_EDGE('',*,*,#1136,.F.);
#2757 = ORIENTED_EDGE('',*,*,#2758,.F.);
#2758 = EDGE_CURVE('',#2759,#1137,#2761,.T.);
#2759 = VERTEX_POINT('',#2760);
#2760 = CARTESIAN_POINT('',(47.647580015449,60.3,5.199999952316));
#2761 = LINE('',#2762,#2763);
#2762 = CARTESIAN_POINT('',(46.3,60.3,5.199999952316));
#2763 = VECTOR('',#2764,1.);
#2764 = DIRECTION('',(1.,0.,0.));
#2765 = ORIENTED_EDGE('',*,*,#2766,.F.);
#2766 = EDGE_CURVE('',#2767,#2759,#2769,.T.);
#2767 = VERTEX_POINT('',#2768);
#2768 = CARTESIAN_POINT('',(42.722773099341,66.291987609077,
    5.199999952316));
#2769 = CIRCLE('',#2770,4.8);
#2770 = AXIS2_PLACEMENT_3D('',#2771,#2772,#2773);
#2771 = CARTESIAN_POINT('',(43.,61.5,5.199999952316));
#2772 = DIRECTION('',(0.,0.,1.));
#2773 = DIRECTION('',(1.,0.,0.));
#2774 = ORIENTED_EDGE('',*,*,#2775,.T.);
#2775 = EDGE_CURVE('',#2767,#2748,#2776,.T.);
#2776 = CIRCLE('',#2777,2.1);
#2777 = AXIS2_PLACEMENT_3D('',#2778,#2779,#2780);
#2778 = CARTESIAN_POINT('',(44.7,66.9995,5.199999952316));
#2779 = DIRECTION('',(0.,0.,1.));
#2780 = DIRECTION('',(1.,0.,0.));
#2781 = PLANE('',#2782);
#2782 = AXIS2_PLACEMENT_3D('',#2783,#2784,#2785);
#2783 = CARTESIAN_POINT('',(43.817473359481,61.667183309359,
    5.199999952316));
#2784 = DIRECTION('',(-0.,-0.,-1.));
#2785 = DIRECTION('',(-1.,0.,0.));
#2786 = ADVANCED_FACE('',(#2787),#2815,.T.);
#2787 = FACE_BOUND('',#2788,.T.);
#2788 = EDGE_LOOP('',(#2789,#2790,#2799,#2808,#2814));
#2789 = ORIENTED_EDGE('',*,*,#2732,.F.);
#2790 = ORIENTED_EDGE('',*,*,#2791,.F.);
#2791 = EDGE_CURVE('',#2792,#2725,#2794,.T.);
#2792 = VERTEX_POINT('',#2793);
#2793 = CARTESIAN_POINT('',(47.8,61.5,6.199999952316));
#2794 = CIRCLE('',#2795,4.8);
#2795 = AXIS2_PLACEMENT_3D('',#2796,#2797,#2798);
#2796 = CARTESIAN_POINT('',(43.,61.5,6.199999952316));
#2797 = DIRECTION('',(0.,0.,1.));
#2798 = DIRECTION('',(1.,0.,0.));
#2799 = ORIENTED_EDGE('',*,*,#2800,.F.);
#2800 = EDGE_CURVE('',#2801,#2792,#2803,.T.);
#2801 = VERTEX_POINT('',#2802);
#2802 = CARTESIAN_POINT('',(47.647580015449,60.3,6.199999952316));
#2803 = CIRCLE('',#2804,4.8);
#2804 = AXIS2_PLACEMENT_3D('',#2805,#2806,#2807);
#2805 = CARTESIAN_POINT('',(43.,61.5,6.199999952316));
#2806 = DIRECTION('',(0.,0.,1.));
#2807 = DIRECTION('',(1.,0.,0.));
#2808 = ORIENTED_EDGE('',*,*,#2809,.T.);
#2809 = EDGE_CURVE('',#2801,#1145,#2810,.T.);
#2810 = LINE('',#2811,#2812);
#2811 = CARTESIAN_POINT('',(46.3,60.3,6.199999952316));
#2812 = VECTOR('',#2813,1.);
#2813 = DIRECTION('',(1.,0.,0.));
#2814 = ORIENTED_EDGE('',*,*,#1152,.F.);
#2815 = PLANE('',#2816);
#2816 = AXIS2_PLACEMENT_3D('',#2817,#2818,#2819);
#2817 = CARTESIAN_POINT('',(46.3,60.3,6.199999952316));
#2818 = DIRECTION('',(0.,0.,1.));
#2819 = DIRECTION('',(1.,0.,0.));
#2820 = ADVANCED_FACE('',(#2821),#2832,.F.);
#2821 = FACE_BOUND('',#2822,.F.);
#2822 = EDGE_LOOP('',(#2823,#2824,#2830,#2831));
#2823 = ORIENTED_EDGE('',*,*,#2758,.F.);
#2824 = ORIENTED_EDGE('',*,*,#2825,.T.);
#2825 = EDGE_CURVE('',#2759,#2801,#2826,.T.);
#2826 = LINE('',#2827,#2828);
#2827 = CARTESIAN_POINT('',(47.647580015449,60.3,5.749999952316));
#2828 = VECTOR('',#2829,1.);
#2829 = DIRECTION('',(0.,0.,1.));
#2830 = ORIENTED_EDGE('',*,*,#2809,.T.);
#2831 = ORIENTED_EDGE('',*,*,#1144,.F.);
#2832 = PLANE('',#2833);
#2833 = AXIS2_PLACEMENT_3D('',#2834,#2835,#2836);
#2834 = CARTESIAN_POINT('',(46.3,60.3,5.199999952316));
#2835 = DIRECTION('',(0.,1.,0.));
#2836 = DIRECTION('',(0.,0.,1.));
#2837 = ADVANCED_FACE('',(#2838),#2853,.F.);
#2838 = FACE_BOUND('',#2839,.T.);
#2839 = EDGE_LOOP('',(#2840,#2841,#2847,#2848,#2849,#2850,#2851,#2852));
#2840 = ORIENTED_EDGE('',*,*,#2510,.F.);
#2841 = ORIENTED_EDGE('',*,*,#2842,.T.);
#2842 = EDGE_CURVE('',#2511,#1201,#2843,.T.);
#2843 = LINE('',#2844,#2845);
#2844 = CARTESIAN_POINT('',(40.035,82.5,6.699999952316));
#2845 = VECTOR('',#2846,1.);
#2846 = DIRECTION('',(0.,-1.,0.));
#2847 = ORIENTED_EDGE('',*,*,#1200,.T.);
#2848 = ORIENTED_EDGE('',*,*,#1315,.F.);
#2849 = ORIENTED_EDGE('',*,*,#1225,.T.);
#2850 = ORIENTED_EDGE('',*,*,#2842,.F.);
#2851 = ORIENTED_EDGE('',*,*,#2535,.F.);
#2852 = ORIENTED_EDGE('',*,*,#2477,.T.);
#2853 = CYLINDRICAL_SURFACE('',#2854,3.6);
#2854 = AXIS2_PLACEMENT_3D('',#2855,#2856,#2857);
#2855 = CARTESIAN_POINT('',(36.435,82.5,6.699999952316));
#2856 = DIRECTION('',(-0.,1.,-0.));
#2857 = DIRECTION('',(1.,0.,0.));
#2858 = ADVANCED_FACE('',(#2859),#2864,.T.);
#2859 = FACE_BOUND('',#2860,.T.);
#2860 = EDGE_LOOP('',(#2861,#2862,#2863));
#2861 = ORIENTED_EDGE('',*,*,#1358,.T.);
#2862 = ORIENTED_EDGE('',*,*,#1367,.T.);
#2863 = ORIENTED_EDGE('',*,*,#1332,.F.);
#2864 = PLANE('',#2865);
#2865 = AXIS2_PLACEMENT_3D('',#2866,#2867,#2868);
#2866 = CARTESIAN_POINT('',(25.,78.5,9.399999952316));
#2867 = DIRECTION('',(0.,0.,1.));
#2868 = DIRECTION('',(1.,0.,0.));
#2869 = ADVANCED_FACE('',(#2870),#2888,.F.);
#2870 = FACE_BOUND('',#2871,.F.);
#2871 = EDGE_LOOP('',(#2872,#2873,#2879,#2880,#2881,#2887));
#2872 = ORIENTED_EDGE('',*,*,#2378,.F.);
#2873 = ORIENTED_EDGE('',*,*,#2874,.T.);
#2874 = EDGE_CURVE('',#2365,#1429,#2875,.T.);
#2875 = LINE('',#2876,#2877);
#2876 = CARTESIAN_POINT('',(8.551,82.5,8.349999952316));
#2877 = VECTOR('',#2878,1.);
#2878 = DIRECTION('',(0.,-1.,0.));
#2879 = ORIENTED_EDGE('',*,*,#1442,.T.);
#2880 = ORIENTED_EDGE('',*,*,#1299,.T.);
#2881 = ORIENTED_EDGE('',*,*,#2882,.F.);
#2882 = EDGE_CURVE('',#2446,#1291,#2883,.T.);
#2883 = LINE('',#2884,#2885);
#2884 = CARTESIAN_POINT('',(18.551,82.5,8.349999952316));
#2885 = VECTOR('',#2886,1.);
#2886 = DIRECTION('',(0.,-1.,0.));
#2887 = ORIENTED_EDGE('',*,*,#2454,.F.);
#2888 = PLANE('',#2889);
#2889 = AXIS2_PLACEMENT_3D('',#2890,#2891,#2892);
#2890 = CARTESIAN_POINT('',(8.551,82.5,8.349999952316));
#2891 = DIRECTION('',(0.,0.,1.));
#2892 = DIRECTION('',(0.,-1.,0.));
#2893 = ADVANCED_FACE('',(#2894),#2905,.F.);
#2894 = FACE_BOUND('',#2895,.T.);
#2895 = EDGE_LOOP('',(#2896,#2897,#2903,#2904));
#2896 = ORIENTED_EDGE('',*,*,#2445,.T.);
#2897 = ORIENTED_EDGE('',*,*,#2898,.T.);
#2898 = EDGE_CURVE('',#2438,#1283,#2899,.T.);
#2899 = LINE('',#2900,#2901);
#2900 = CARTESIAN_POINT('',(19.551,82.5,7.349999952316));
#2901 = VECTOR('',#2902,1.);
#2902 = DIRECTION('',(0.,-1.,0.));
#2903 = ORIENTED_EDGE('',*,*,#1290,.F.);
#2904 = ORIENTED_EDGE('',*,*,#2882,.F.);
#2905 = CYLINDRICAL_SURFACE('',#2906,1.);
#2906 = AXIS2_PLACEMENT_3D('',#2907,#2908,#2909);
#2907 = CARTESIAN_POINT('',(18.551,82.5,7.349999952316));
#2908 = DIRECTION('',(-0.,1.,-0.));
#2909 = DIRECTION('',(1.,0.,0.));
#2910 = ADVANCED_FACE('',(#2911),#2922,.F.);
#2911 = FACE_BOUND('',#2912,.F.);
#2912 = EDGE_LOOP('',(#2913,#2919,#2920,#2921));
#2913 = ORIENTED_EDGE('',*,*,#2914,.F.);
#2914 = EDGE_CURVE('',#2429,#1274,#2915,.T.);
#2915 = LINE('',#2916,#2917);
#2916 = CARTESIAN_POINT('',(19.551,82.5,3.849999952316));
#2917 = VECTOR('',#2918,1.);
#2918 = DIRECTION('',(0.,-1.,0.));
#2919 = ORIENTED_EDGE('',*,*,#2437,.F.);
#2920 = ORIENTED_EDGE('',*,*,#2898,.T.);
#2921 = ORIENTED_EDGE('',*,*,#1282,.T.);
#2922 = PLANE('',#2923);
#2923 = AXIS2_PLACEMENT_3D('',#2924,#2925,#2926);
#2924 = CARTESIAN_POINT('',(19.551,82.5,3.849999952316));
#2925 = DIRECTION('',(1.,0.,0.));
#2926 = DIRECTION('',(0.,-1.,0.));
#2927 = ADVANCED_FACE('',(#2928),#2939,.F.);
#2928 = FACE_BOUND('',#2929,.T.);
#2929 = EDGE_LOOP('',(#2930,#2931,#2932,#2938));
#2930 = ORIENTED_EDGE('',*,*,#2914,.F.);
#2931 = ORIENTED_EDGE('',*,*,#2428,.T.);
#2932 = ORIENTED_EDGE('',*,*,#2933,.T.);
#2933 = EDGE_CURVE('',#2421,#1266,#2934,.T.);
#2934 = LINE('',#2935,#2936);
#2935 = CARTESIAN_POINT('',(18.551,82.5,2.849999952316));
#2936 = VECTOR('',#2937,1.);
#2937 = DIRECTION('',(0.,-1.,0.));
#2938 = ORIENTED_EDGE('',*,*,#1273,.F.);
#2939 = CYLINDRICAL_SURFACE('',#2940,1.);
#2940 = AXIS2_PLACEMENT_3D('',#2941,#2942,#2943);
#2941 = CARTESIAN_POINT('',(18.551,82.5,3.849999952316));
#2942 = DIRECTION('',(-0.,1.,-0.));
#2943 = DIRECTION('',(1.,0.,0.));
#2944 = ADVANCED_FACE('',(#2945),#2958,.T.);
#2945 = FACE_BOUND('',#2946,.T.);
#2946 = EDGE_LOOP('',(#2947,#2948,#2954,#2955,#2956,#2957));
#2947 = ORIENTED_EDGE('',*,*,#2328,.F.);
#2948 = ORIENTED_EDGE('',*,*,#2949,.T.);
#2949 = EDGE_CURVE('',#2329,#1393,#2950,.T.);
#2950 = LINE('',#2951,#2952);
#2951 = CARTESIAN_POINT('',(8.551,82.5,2.849999952316));
#2952 = VECTOR('',#2953,1.);
#2953 = DIRECTION('',(0.,-1.,0.));
#2954 = ORIENTED_EDGE('',*,*,#1392,.T.);
#2955 = ORIENTED_EDGE('',*,*,#1265,.T.);
#2956 = ORIENTED_EDGE('',*,*,#2933,.F.);
#2957 = ORIENTED_EDGE('',*,*,#2420,.F.);
#2958 = PLANE('',#2959);
#2959 = AXIS2_PLACEMENT_3D('',#2960,#2961,#2962);
#2960 = CARTESIAN_POINT('',(8.551,82.5,2.849999952316));
#2961 = DIRECTION('',(0.,0.,1.));
#2962 = DIRECTION('',(0.,-1.,0.));
#2963 = ADVANCED_FACE('',(#2964),#2975,.F.);
#2964 = FACE_BOUND('',#2965,.T.);
#2965 = EDGE_LOOP('',(#2966,#2967,#2968,#2969));
#2966 = ORIENTED_EDGE('',*,*,#2364,.F.);
#2967 = ORIENTED_EDGE('',*,*,#2874,.T.);
#2968 = ORIENTED_EDGE('',*,*,#1428,.T.);
#2969 = ORIENTED_EDGE('',*,*,#2970,.F.);
#2970 = EDGE_CURVE('',#2357,#1421,#2971,.T.);
#2971 = LINE('',#2972,#2973);
#2972 = CARTESIAN_POINT('',(7.551,82.5,7.349999952316));
#2973 = VECTOR('',#2974,1.);
#2974 = DIRECTION('',(0.,-1.,0.));
#2975 = CYLINDRICAL_SURFACE('',#2976,1.);
#2976 = AXIS2_PLACEMENT_3D('',#2977,#2978,#2979);
#2977 = CARTESIAN_POINT('',(8.551,82.5,7.349999952316));
#2978 = DIRECTION('',(-0.,1.,-0.));
#2979 = DIRECTION('',(1.,0.,0.));
#2980 = ADVANCED_FACE('',(#2981),#2992,.T.);
#2981 = FACE_BOUND('',#2982,.T.);
#2982 = EDGE_LOOP('',(#2983,#2989,#2990,#2991));
#2983 = ORIENTED_EDGE('',*,*,#2984,.F.);
#2984 = EDGE_CURVE('',#2338,#1402,#2985,.T.);
#2985 = LINE('',#2986,#2987);
#2986 = CARTESIAN_POINT('',(7.551,82.5,3.849999952316));
#2987 = VECTOR('',#2988,1.);
#2988 = DIRECTION('',(0.,-1.,0.));
#2989 = ORIENTED_EDGE('',*,*,#2356,.F.);
#2990 = ORIENTED_EDGE('',*,*,#2970,.T.);
#2991 = ORIENTED_EDGE('',*,*,#1420,.T.);
#2992 = PLANE('',#2993);
#2993 = AXIS2_PLACEMENT_3D('',#2994,#2995,#2996);
#2994 = CARTESIAN_POINT('',(7.551,82.5,3.849999952316));
#2995 = DIRECTION('',(1.,0.,0.));
#2996 = DIRECTION('',(0.,-1.,0.));
#2997 = ADVANCED_FACE('',(#2998),#3004,.F.);
#2998 = FACE_BOUND('',#2999,.T.);
#2999 = EDGE_LOOP('',(#3000,#3001,#3002,#3003));
#3000 = ORIENTED_EDGE('',*,*,#2949,.F.);
#3001 = ORIENTED_EDGE('',*,*,#2337,.F.);
#3002 = ORIENTED_EDGE('',*,*,#2984,.T.);
#3003 = ORIENTED_EDGE('',*,*,#1401,.T.);
#3004 = CYLINDRICAL_SURFACE('',#3005,1.);
#3005 = AXIS2_PLACEMENT_3D('',#3006,#3007,#3008);
#3006 = CARTESIAN_POINT('',(8.551,82.5,3.849999952316));
#3007 = DIRECTION('',(-0.,1.,-0.));
#3008 = DIRECTION('',(1.,0.,0.));
#3009 = ADVANCED_FACE('',(#3010),#3013,.F.);
#3010 = FACE_BOUND('',#3011,.T.);
#3011 = EDGE_LOOP('',(#3012));
#3012 = ORIENTED_EDGE('',*,*,#1532,.F.);
#3013 = PLANE('',#3014);
#3014 = AXIS2_PLACEMENT_3D('',#3015,#3016,#3017);
#3015 = CARTESIAN_POINT('',(25.,78.5,7.999999952316));
#3016 = DIRECTION('',(0.,0.,1.));
#3017 = DIRECTION('',(1.,0.,0.));
#3018 = ADVANCED_FACE('',(#3019,#3089),#3099,.F.);
#3019 = FACE_BOUND('',#3020,.F.);
#3020 = EDGE_LOOP('',(#3021,#3032,#3040,#3049,#3057,#3066,#3074,#3083));
#3021 = ORIENTED_EDGE('',*,*,#3022,.F.);
#3022 = EDGE_CURVE('',#3023,#3025,#3027,.T.);
#3023 = VERTEX_POINT('',#3024);
#3024 = CARTESIAN_POINT('',(1.85,12.5,12.219999952316));
#3025 = VERTEX_POINT('',#3026);
#3026 = CARTESIAN_POINT('',(12.5,1.85,12.219999952316));
#3027 = CIRCLE('',#3028,10.65);
#3028 = AXIS2_PLACEMENT_3D('',#3029,#3030,#3031);
#3029 = CARTESIAN_POINT('',(12.5,12.5,12.219999952316));
#3030 = DIRECTION('',(0.,0.,1.));
#3031 = DIRECTION('',(1.,0.,0.));
#3032 = ORIENTED_EDGE('',*,*,#3033,.T.);
#3033 = EDGE_CURVE('',#3023,#3034,#3036,.T.);
#3034 = VERTEX_POINT('',#3035);
#3035 = CARTESIAN_POINT('',(1.85,31.5,12.219999952316));
#3036 = LINE('',#3037,#3038);
#3037 = CARTESIAN_POINT('',(1.85,12.5,12.219999952316));
#3038 = VECTOR('',#3039,1.);
#3039 = DIRECTION('',(0.,1.,0.));
#3040 = ORIENTED_EDGE('',*,*,#3041,.F.);
#3041 = EDGE_CURVE('',#3042,#3034,#3044,.T.);
#3042 = VERTEX_POINT('',#3043);
#3043 = CARTESIAN_POINT('',(12.5,42.15,12.219999952316));
#3044 = CIRCLE('',#3045,10.65);
#3045 = AXIS2_PLACEMENT_3D('',#3046,#3047,#3048);
#3046 = CARTESIAN_POINT('',(12.5,31.5,12.219999952316));
#3047 = DIRECTION('',(0.,0.,1.));
#3048 = DIRECTION('',(1.,0.,0.));
#3049 = ORIENTED_EDGE('',*,*,#3050,.T.);
#3050 = EDGE_CURVE('',#3042,#3051,#3053,.T.);
#3051 = VERTEX_POINT('',#3052);
#3052 = CARTESIAN_POINT('',(37.5,42.15,12.219999952316));
#3053 = LINE('',#3054,#3055);
#3054 = CARTESIAN_POINT('',(12.5,42.15,12.219999952316));
#3055 = VECTOR('',#3056,1.);
#3056 = DIRECTION('',(1.,0.,0.));
#3057 = ORIENTED_EDGE('',*,*,#3058,.F.);
#3058 = EDGE_CURVE('',#3059,#3051,#3061,.T.);
#3059 = VERTEX_POINT('',#3060);
#3060 = CARTESIAN_POINT('',(48.15,31.5,12.219999952316));
#3061 = CIRCLE('',#3062,10.65);
#3062 = AXIS2_PLACEMENT_3D('',#3063,#3064,#3065);
#3063 = CARTESIAN_POINT('',(37.5,31.5,12.219999952316));
#3064 = DIRECTION('',(0.,0.,1.));
#3065 = DIRECTION('',(1.,0.,0.));
#3066 = ORIENTED_EDGE('',*,*,#3067,.F.);
#3067 = EDGE_CURVE('',#3068,#3059,#3070,.T.);
#3068 = VERTEX_POINT('',#3069);
#3069 = CARTESIAN_POINT('',(48.15,12.5,12.219999952316));
#3070 = LINE('',#3071,#3072);
#3071 = CARTESIAN_POINT('',(48.15,12.5,12.219999952316));
#3072 = VECTOR('',#3073,1.);
#3073 = DIRECTION('',(0.,1.,0.));
#3074 = ORIENTED_EDGE('',*,*,#3075,.F.);
#3075 = EDGE_CURVE('',#3076,#3068,#3078,.T.);
#3076 = VERTEX_POINT('',#3077);
#3077 = CARTESIAN_POINT('',(37.5,1.85,12.219999952316));
#3078 = CIRCLE('',#3079,10.65);
#3079 = AXIS2_PLACEMENT_3D('',#3080,#3081,#3082);
#3080 = CARTESIAN_POINT('',(37.5,12.5,12.219999952316));
#3081 = DIRECTION('',(0.,0.,1.));
#3082 = DIRECTION('',(1.,0.,0.));
#3083 = ORIENTED_EDGE('',*,*,#3084,.F.);
#3084 = EDGE_CURVE('',#3025,#3076,#3085,.T.);
#3085 = LINE('',#3086,#3087);
#3086 = CARTESIAN_POINT('',(12.5,1.85,12.219999952316));
#3087 = VECTOR('',#3088,1.);
#3088 = DIRECTION('',(1.,0.,0.));
#3089 = FACE_BOUND('',#3090,.F.);
#3090 = EDGE_LOOP('',(#3091,#3092,#3093,#3094,#3095,#3096,#3097,#3098));
#3091 = ORIENTED_EDGE('',*,*,#2098,.F.);
#3092 = ORIENTED_EDGE('',*,*,#2041,.F.);
#3093 = ORIENTED_EDGE('',*,*,#2063,.F.);
#3094 = ORIENTED_EDGE('',*,*,#2123,.T.);
#3095 = ORIENTED_EDGE('',*,*,#2163,.F.);
#3096 = ORIENTED_EDGE('',*,*,#2213,.T.);
#3097 = ORIENTED_EDGE('',*,*,#2195,.F.);
#3098 = ORIENTED_EDGE('',*,*,#2147,.F.);
#3099 = PLANE('',#3100);
#3100 = AXIS2_PLACEMENT_3D('',#3101,#3102,#3103);
#3101 = CARTESIAN_POINT('',(25.,22.,12.219999952316));
#3102 = DIRECTION('',(-0.,-0.,-1.));
#3103 = DIRECTION('',(-1.,0.,0.));
#3104 = ADVANCED_FACE('',(#3105,#3108),#3119,.F.);
#3105 = FACE_BOUND('',#3106,.F.);
#3106 = EDGE_LOOP('',(#3107));
#3107 = ORIENTED_EDGE('',*,*,#2236,.T.);
#3108 = FACE_BOUND('',#3109,.F.);
#3109 = EDGE_LOOP('',(#3110));
#3110 = ORIENTED_EDGE('',*,*,#3111,.F.);
#3111 = EDGE_CURVE('',#3112,#3112,#3114,.T.);
#3112 = VERTEX_POINT('',#3113);
#3113 = CARTESIAN_POINT('',(41.7,60.8,11.699999952316));
#3114 = CIRCLE('',#3115,16.7);
#3115 = AXIS2_PLACEMENT_3D('',#3116,#3117,#3118);
#3116 = CARTESIAN_POINT('',(25.,60.8,11.699999952316));
#3117 = DIRECTION('',(0.,0.,1.));
#3118 = DIRECTION('',(1.,0.,0.));
#3119 = PLANE('',#3120);
#3120 = AXIS2_PLACEMENT_3D('',#3121,#3122,#3123);
#3121 = CARTESIAN_POINT('',(25.,60.8,11.699999952316));
#3122 = DIRECTION('',(0.,0.,1.));
#3123 = DIRECTION('',(1.,0.,0.));
#3124 = ADVANCED_FACE('',(#3125),#3153,.T.);
#3125 = FACE_BOUND('',#3126,.T.);
#3126 = EDGE_LOOP('',(#3127,#3136,#3137,#3146));
#3127 = ORIENTED_EDGE('',*,*,#3128,.F.);
#3128 = EDGE_CURVE('',#2272,#3129,#3131,.T.);
#3129 = VERTEX_POINT('',#3130);
#3130 = CARTESIAN_POINT('',(0.55,12.5,12.299999952316));
#3131 = CIRCLE('',#3132,0.55);
#3132 = AXIS2_PLACEMENT_3D('',#3133,#3134,#3135);
#3133 = CARTESIAN_POINT('',(0.55,12.5,11.749999952316));
#3134 = DIRECTION('',(1.4E-16,1.,-0.));
#3135 = DIRECTION('',(-1.,1.4E-16,0.));
#3136 = ORIENTED_EDGE('',*,*,#2279,.T.);
#3137 = ORIENTED_EDGE('',*,*,#3138,.T.);
#3138 = EDGE_CURVE('',#2263,#3139,#3141,.T.);
#3139 = VERTEX_POINT('',#3140);
#3140 = CARTESIAN_POINT('',(12.5,0.55,12.299999952316));
#3141 = CIRCLE('',#3142,0.55);
#3142 = AXIS2_PLACEMENT_3D('',#3143,#3144,#3145);
#3143 = CARTESIAN_POINT('',(12.5,0.55,11.749999952316));
#3144 = DIRECTION('',(-1.,2.E-16,0.));
#3145 = DIRECTION('',(-2.E-16,-1.,0.));
#3146 = ORIENTED_EDGE('',*,*,#3147,.F.);
#3147 = EDGE_CURVE('',#3129,#3139,#3148,.T.);
#3148 = CIRCLE('',#3149,11.95);
#3149 = AXIS2_PLACEMENT_3D('',#3150,#3151,#3152);
#3150 = CARTESIAN_POINT('',(12.5,12.5,12.299999952316));
#3151 = DIRECTION('',(0.,0.,1.));
#3152 = DIRECTION('',(-1.,1.4E-16,0.));
#3153 = TOROIDAL_SURFACE('',#3154,11.95,0.55);
#3154 = AXIS2_PLACEMENT_3D('',#3155,#3156,#3157);
#3155 = CARTESIAN_POINT('',(12.5,12.5,11.749999952316));
#3156 = DIRECTION('',(0.,0.,1.));
#3157 = DIRECTION('',(-1.,1.4E-16,0.));
#3158 = ADVANCED_FACE('',(#3159),#3178,.T.);
#3159 = FACE_BOUND('',#3160,.F.);
#3160 = EDGE_LOOP('',(#3161,#3170,#3176,#3177));
#3161 = ORIENTED_EDGE('',*,*,#3162,.T.);
#3162 = EDGE_CURVE('',#2297,#3163,#3165,.T.);
#3163 = VERTEX_POINT('',#3164);
#3164 = CARTESIAN_POINT('',(0.55,69.,12.299999952316));
#3165 = CIRCLE('',#3166,0.55);
#3166 = AXIS2_PLACEMENT_3D('',#3167,#3168,#3169);
#3167 = CARTESIAN_POINT('',(0.55,69.,11.749999952316));
#3168 = DIRECTION('',(6.E-17,1.,-0.));
#3169 = DIRECTION('',(-1.,6.E-17,0.));
#3170 = ORIENTED_EDGE('',*,*,#3171,.T.);
#3171 = EDGE_CURVE('',#3163,#3129,#3172,.T.);
#3172 = LINE('',#3173,#3174);
#3173 = CARTESIAN_POINT('',(0.55,69.,12.299999952316));
#3174 = VECTOR('',#3175,1.);
#3175 = DIRECTION('',(-0.,-1.,-0.));
#3176 = ORIENTED_EDGE('',*,*,#3128,.F.);
#3177 = ORIENTED_EDGE('',*,*,#2304,.F.);
#3178 = CYLINDRICAL_SURFACE('',#3179,0.55);
#3179 = AXIS2_PLACEMENT_3D('',#3180,#3181,#3182);
#3180 = CARTESIAN_POINT('',(0.55,69.,11.749999952316));
#3181 = DIRECTION('',(-0.,-1.,-0.));
#3182 = DIRECTION('',(-1.,0.,0.));
#3183 = ADVANCED_FACE('',(#3184),#3204,.T.);
#3184 = FACE_BOUND('',#3185,.T.);
#3185 = EDGE_LOOP('',(#3186,#3195,#3196,#3197));
#3186 = ORIENTED_EDGE('',*,*,#3187,.F.);
#3187 = EDGE_CURVE('',#2388,#3188,#3190,.T.);
#3188 = VERTEX_POINT('',#3189);
#3189 = CARTESIAN_POINT('',(12.5,80.95,12.299999952316));
#3190 = CIRCLE('',#3191,0.55);
#3191 = AXIS2_PLACEMENT_3D('',#3192,#3193,#3194);
#3192 = CARTESIAN_POINT('',(12.5,80.95,11.749999952316));
#3193 = DIRECTION('',(1.,0.,0.));
#3194 = DIRECTION('',(0.,1.,0.));
#3195 = ORIENTED_EDGE('',*,*,#2395,.T.);
#3196 = ORIENTED_EDGE('',*,*,#3162,.T.);
#3197 = ORIENTED_EDGE('',*,*,#3198,.F.);
#3198 = EDGE_CURVE('',#3188,#3163,#3199,.T.);
#3199 = CIRCLE('',#3200,11.95);
#3200 = AXIS2_PLACEMENT_3D('',#3201,#3202,#3203);
#3201 = CARTESIAN_POINT('',(12.5,69.,12.299999952316));
#3202 = DIRECTION('',(0.,-0.,1.));
#3203 = DIRECTION('',(0.,1.,0.));
#3204 = TOROIDAL_SURFACE('',#3205,11.95,0.55);
#3205 = AXIS2_PLACEMENT_3D('',#3206,#3207,#3208);
#3206 = CARTESIAN_POINT('',(12.5,69.,11.749999952316));
#3207 = DIRECTION('',(0.,0.,1.));
#3208 = DIRECTION('',(0.,1.,0.));
#3209 = ADVANCED_FACE('',(#3210),#3229,.T.);
#3210 = FACE_BOUND('',#3211,.F.);
#3211 = EDGE_LOOP('',(#3212,#3221,#3227,#3228));
#3212 = ORIENTED_EDGE('',*,*,#3213,.T.);
#3213 = EDGE_CURVE('',#2462,#3214,#3216,.T.);
#3214 = VERTEX_POINT('',#3215);
#3215 = CARTESIAN_POINT('',(37.5,80.95,12.299999952316));
#3216 = CIRCLE('',#3217,0.55);
#3217 = AXIS2_PLACEMENT_3D('',#3218,#3219,#3220);
#3218 = CARTESIAN_POINT('',(37.5,80.95,11.749999952316));
#3219 = DIRECTION('',(1.,-6.E-17,0.));
#3220 = DIRECTION('',(6.E-17,1.,0.));
#3221 = ORIENTED_EDGE('',*,*,#3222,.T.);
#3222 = EDGE_CURVE('',#3214,#3188,#3223,.T.);
#3223 = LINE('',#3224,#3225);
#3224 = CARTESIAN_POINT('',(37.5,80.95,12.299999952316));
#3225 = VECTOR('',#3226,1.);
#3226 = DIRECTION('',(-1.,-0.,-0.));
#3227 = ORIENTED_EDGE('',*,*,#3187,.F.);
#3228 = ORIENTED_EDGE('',*,*,#2461,.F.);
#3229 = CYLINDRICAL_SURFACE('',#3230,0.55);
#3230 = AXIS2_PLACEMENT_3D('',#3231,#3232,#3233);
#3231 = CARTESIAN_POINT('',(37.5,80.95,11.749999952316));
#3232 = DIRECTION('',(-1.,-0.,-0.));
#3233 = DIRECTION('',(0.,1.,0.));
#3234 = ADVANCED_FACE('',(#3235),#3255,.T.);
#3235 = FACE_BOUND('',#3236,.T.);
#3236 = EDGE_LOOP('',(#3237,#3246,#3247,#3248));
#3237 = ORIENTED_EDGE('',*,*,#3238,.F.);
#3238 = EDGE_CURVE('',#2495,#3239,#3241,.T.);
#3239 = VERTEX_POINT('',#3240);
#3240 = CARTESIAN_POINT('',(49.45,69.,12.299999952316));
#3241 = CIRCLE('',#3242,0.55);
#3242 = AXIS2_PLACEMENT_3D('',#3243,#3244,#3245);
#3243 = CARTESIAN_POINT('',(49.45,69.,11.749999952316));
#3244 = DIRECTION('',(0.,-1.,0.));
#3245 = DIRECTION('',(1.,0.,0.));
#3246 = ORIENTED_EDGE('',*,*,#2502,.T.);
#3247 = ORIENTED_EDGE('',*,*,#3213,.T.);
#3248 = ORIENTED_EDGE('',*,*,#3249,.F.);
#3249 = EDGE_CURVE('',#3239,#3214,#3250,.T.);
#3250 = CIRCLE('',#3251,11.95);
#3251 = AXIS2_PLACEMENT_3D('',#3252,#3253,#3254);
#3252 = CARTESIAN_POINT('',(37.5,69.,12.299999952316));
#3253 = DIRECTION('',(0.,0.,1.));
#3254 = DIRECTION('',(1.,0.,0.));
#3255 = TOROIDAL_SURFACE('',#3256,11.95,0.55);
#3256 = AXIS2_PLACEMENT_3D('',#3257,#3258,#3259);
#3257 = CARTESIAN_POINT('',(37.5,69.,11.749999952316));
#3258 = DIRECTION('',(0.,0.,1.));
#3259 = DIRECTION('',(1.,0.,0.));
#3260 = ADVANCED_FACE('',(#3261),#3280,.T.);
#3261 = FACE_BOUND('',#3262,.F.);
#3262 = EDGE_LOOP('',(#3263,#3272,#3278,#3279));
#3263 = ORIENTED_EDGE('',*,*,#3264,.T.);
#3264 = EDGE_CURVE('',#2575,#3265,#3267,.T.);
#3265 = VERTEX_POINT('',#3266);
#3266 = CARTESIAN_POINT('',(49.45,12.5,12.299999952316));
#3267 = CIRCLE('',#3268,0.55);
#3268 = AXIS2_PLACEMENT_3D('',#3269,#3270,#3271);
#3269 = CARTESIAN_POINT('',(49.45,12.5,11.749999952316));
#3270 = DIRECTION('',(-6.E-17,-1.,0.));
#3271 = DIRECTION('',(1.,-6.E-17,0.));
#3272 = ORIENTED_EDGE('',*,*,#3273,.T.);
#3273 = EDGE_CURVE('',#3265,#3239,#3274,.T.);
#3274 = LINE('',#3275,#3276);
#3275 = CARTESIAN_POINT('',(49.45,12.5,12.299999952316));
#3276 = VECTOR('',#3277,1.);
#3277 = DIRECTION('',(0.,1.,0.));
#3278 = ORIENTED_EDGE('',*,*,#3238,.F.);
#3279 = ORIENTED_EDGE('',*,*,#2574,.F.);
#3280 = CYLINDRICAL_SURFACE('',#3281,0.55);
#3281 = AXIS2_PLACEMENT_3D('',#3282,#3283,#3284);
#3282 = CARTESIAN_POINT('',(49.45,12.5,11.749999952316));
#3283 = DIRECTION('',(0.,1.,0.));
#3284 = DIRECTION('',(1.,0.,0.));
#3285 = ADVANCED_FACE('',(#3286),#3306,.T.);
#3286 = FACE_BOUND('',#3287,.T.);
#3287 = EDGE_LOOP('',(#3288,#3297,#3298,#3299));
#3288 = ORIENTED_EDGE('',*,*,#3289,.F.);
#3289 = EDGE_CURVE('',#2623,#3290,#3292,.T.);
#3290 = VERTEX_POINT('',#3291);
#3291 = CARTESIAN_POINT('',(37.5,0.55,12.299999952316));
#3292 = CIRCLE('',#3293,0.55);
#3293 = AXIS2_PLACEMENT_3D('',#3294,#3295,#3296);
#3294 = CARTESIAN_POINT('',(37.5,0.55,11.749999952316));
#3295 = DIRECTION('',(-1.,0.,0.));
#3296 = DIRECTION('',(0.,-1.,0.));
#3297 = ORIENTED_EDGE('',*,*,#2622,.T.);
#3298 = ORIENTED_EDGE('',*,*,#3264,.T.);
#3299 = ORIENTED_EDGE('',*,*,#3300,.F.);
#3300 = EDGE_CURVE('',#3290,#3265,#3301,.T.);
#3301 = CIRCLE('',#3302,11.95);
#3302 = AXIS2_PLACEMENT_3D('',#3303,#3304,#3305);
#3303 = CARTESIAN_POINT('',(37.5,12.5,12.299999952316));
#3304 = DIRECTION('',(-0.,0.,1.));
#3305 = DIRECTION('',(0.,-1.,0.));
#3306 = TOROIDAL_SURFACE('',#3307,11.95,0.55);
#3307 = AXIS2_PLACEMENT_3D('',#3308,#3309,#3310);
#3308 = CARTESIAN_POINT('',(37.5,12.5,11.749999952316));
#3309 = DIRECTION('',(0.,0.,1.));
#3310 = DIRECTION('',(0.,-1.,0.));
#3311 = ADVANCED_FACE('',(#3312),#3323,.T.);
#3312 = FACE_BOUND('',#3313,.F.);
#3313 = EDGE_LOOP('',(#3314,#3315,#3321,#3322));
#3314 = ORIENTED_EDGE('',*,*,#3138,.T.);
#3315 = ORIENTED_EDGE('',*,*,#3316,.T.);
#3316 = EDGE_CURVE('',#3139,#3290,#3317,.T.);
#3317 = LINE('',#3318,#3319);
#3318 = CARTESIAN_POINT('',(12.5,0.55,12.299999952316));
#3319 = VECTOR('',#3320,1.);
#3320 = DIRECTION('',(1.,0.,0.));
#3321 = ORIENTED_EDGE('',*,*,#3289,.F.);
#3322 = ORIENTED_EDGE('',*,*,#2656,.F.);
#3323 = CYLINDRICAL_SURFACE('',#3324,0.55);
#3324 = AXIS2_PLACEMENT_3D('',#3325,#3326,#3327);
#3325 = CARTESIAN_POINT('',(12.5,0.55,11.749999952316));
#3326 = DIRECTION('',(1.,0.,0.));
#3327 = DIRECTION('',(0.,-1.,0.));
#3328 = ADVANCED_FACE('',(#3329),#3409,.T.);
#3329 = FACE_BOUND('',#3330,.T.);
#3330 = EDGE_LOOP('',(#3331,#3332,#3333,#3341,#3350,#3356,#3357,#3358,
    #3359,#3366,#3375,#3383,#3392,#3400,#3407,#3408));
#3331 = ORIENTED_EDGE('',*,*,#2724,.F.);
#3332 = ORIENTED_EDGE('',*,*,#2747,.T.);
#3333 = ORIENTED_EDGE('',*,*,#3334,.T.);
#3334 = EDGE_CURVE('',#2748,#3335,#3337,.T.);
#3335 = VERTEX_POINT('',#3336);
#3336 = CARTESIAN_POINT('',(45.933058428554,65.299627383663,
    6.499999952316));
#3337 = LINE('',#3338,#3339);
#3338 = CARTESIAN_POINT('',(45.933058428554,65.299627383663,
    5.749999952316));
#3339 = VECTOR('',#3340,1.);
#3340 = DIRECTION('',(0.,0.,1.));
#3341 = ORIENTED_EDGE('',*,*,#3342,.T.);
#3342 = EDGE_CURVE('',#3335,#3343,#3345,.T.);
#3343 = VERTEX_POINT('',#3344);
#3344 = CARTESIAN_POINT('',(42.722773099341,66.291987609077,
    6.499999952316));
#3345 = CIRCLE('',#3346,4.8);
#3346 = AXIS2_PLACEMENT_3D('',#3347,#3348,#3349);
#3347 = CARTESIAN_POINT('',(43.,61.5,6.499999952316));
#3348 = DIRECTION('',(0.,0.,1.));
#3349 = DIRECTION('',(1.,0.,0.));
#3350 = ORIENTED_EDGE('',*,*,#3351,.F.);
#3351 = EDGE_CURVE('',#2767,#3343,#3352,.T.);
#3352 = LINE('',#3353,#3354);
#3353 = CARTESIAN_POINT('',(42.722773099341,66.291987609077,
    5.199999952316));
#3354 = VECTOR('',#3355,1.);
#3355 = DIRECTION('',(0.,0.,1.));
#3356 = ORIENTED_EDGE('',*,*,#2766,.T.);
#3357 = ORIENTED_EDGE('',*,*,#2825,.T.);
#3358 = ORIENTED_EDGE('',*,*,#2800,.T.);
#3359 = ORIENTED_EDGE('',*,*,#3360,.T.);
#3360 = EDGE_CURVE('',#2792,#3361,#3363,.T.);
#3361 = VERTEX_POINT('',#3362);
#3362 = CARTESIAN_POINT('',(47.8,61.5,6.949999952316));
#3363 = B_SPLINE_CURVE_WITH_KNOTS('',1,(#3364,#3365),.UNSPECIFIED.,.F.,
  .F.,(2,2),(1.,1.75),.PIECEWISE_BEZIER_KNOTS.);
#3364 = CARTESIAN_POINT('',(47.8,61.5,6.199999952316));
#3365 = CARTESIAN_POINT('',(47.8,61.5,6.949999952316));
#3366 = ORIENTED_EDGE('',*,*,#3367,.F.);
#3367 = EDGE_CURVE('',#3368,#3361,#3370,.T.);
#3368 = VERTEX_POINT('',#3369);
#3369 = CARTESIAN_POINT('',(38.258955811216,60.75,6.949999952316));
#3370 = CIRCLE('',#3371,4.8);
#3371 = AXIS2_PLACEMENT_3D('',#3372,#3373,#3374);
#3372 = CARTESIAN_POINT('',(43.,61.5,6.949999952316));
#3373 = DIRECTION('',(0.,0.,1.));
#3374 = DIRECTION('',(1.,0.,0.));
#3375 = ORIENTED_EDGE('',*,*,#3376,.F.);
#3376 = EDGE_CURVE('',#3377,#3368,#3379,.T.);
#3377 = VERTEX_POINT('',#3378);
#3378 = CARTESIAN_POINT('',(38.258955811216,60.75,5.799999952316));
#3379 = LINE('',#3380,#3381);
#3380 = CARTESIAN_POINT('',(38.258955811216,60.75,5.749999952316));
#3381 = VECTOR('',#3382,1.);
#3382 = DIRECTION('',(0.,0.,1.));
#3383 = ORIENTED_EDGE('',*,*,#3384,.F.);
#3384 = EDGE_CURVE('',#3385,#3377,#3387,.T.);
#3385 = VERTEX_POINT('',#3386);
#3386 = CARTESIAN_POINT('',(38.258955811216,62.25,5.799999952316));
#3387 = CIRCLE('',#3388,4.8);
#3388 = AXIS2_PLACEMENT_3D('',#3389,#3390,#3391);
#3389 = CARTESIAN_POINT('',(43.,61.5,5.799999952316));
#3390 = DIRECTION('',(0.,0.,1.));
#3391 = DIRECTION('',(1.,0.,0.));
#3392 = ORIENTED_EDGE('',*,*,#3393,.T.);
#3393 = EDGE_CURVE('',#3385,#3394,#3396,.T.);
#3394 = VERTEX_POINT('',#3395);
#3395 = CARTESIAN_POINT('',(38.258955811216,62.25,6.949999952316));
#3396 = LINE('',#3397,#3398);
#3397 = CARTESIAN_POINT('',(38.258955811216,62.25,5.749999952316));
#3398 = VECTOR('',#3399,1.);
#3399 = DIRECTION('',(0.,0.,1.));
#3400 = ORIENTED_EDGE('',*,*,#3401,.F.);
#3401 = EDGE_CURVE('',#3361,#3394,#3402,.T.);
#3402 = CIRCLE('',#3403,4.8);
#3403 = AXIS2_PLACEMENT_3D('',#3404,#3405,#3406);
#3404 = CARTESIAN_POINT('',(43.,61.5,6.949999952316));
#3405 = DIRECTION('',(0.,0.,1.));
#3406 = DIRECTION('',(1.,0.,0.));
#3407 = ORIENTED_EDGE('',*,*,#3360,.F.);
#3408 = ORIENTED_EDGE('',*,*,#2791,.T.);
#3409 = CYLINDRICAL_SURFACE('',#3410,4.8);
#3410 = AXIS2_PLACEMENT_3D('',#3411,#3412,#3413);
#3411 = CARTESIAN_POINT('',(43.,61.5,5.199999952316));
#3412 = DIRECTION('',(0.,0.,1.));
#3413 = DIRECTION('',(1.,0.,0.));
#3414 = ADVANCED_FACE('',(#3415),#3461,.F.);
#3415 = FACE_BOUND('',#3416,.F.);
#3416 = EDGE_LOOP('',(#3417,#3426,#3427,#3428,#3429,#3438,#3446,#3455));
#3417 = ORIENTED_EDGE('',*,*,#3418,.F.);
#3418 = EDGE_CURVE('',#3343,#3419,#3421,.T.);
#3419 = VERTEX_POINT('',#3420);
#3420 = CARTESIAN_POINT('',(43.050603953892,65.699695136537,
    6.499999952316));
#3421 = CIRCLE('',#3422,2.1);
#3422 = AXIS2_PLACEMENT_3D('',#3423,#3424,#3425);
#3423 = CARTESIAN_POINT('',(44.7,66.9995,6.499999952316));
#3424 = DIRECTION('',(0.,0.,1.));
#3425 = DIRECTION('',(1.,0.,0.));
#3426 = ORIENTED_EDGE('',*,*,#3351,.F.);
#3427 = ORIENTED_EDGE('',*,*,#2775,.T.);
#3428 = ORIENTED_EDGE('',*,*,#3334,.T.);
#3429 = ORIENTED_EDGE('',*,*,#3430,.F.);
#3430 = EDGE_CURVE('',#3431,#3335,#3433,.T.);
#3431 = VERTEX_POINT('',#3432);
#3432 = CARTESIAN_POINT('',(45.328174957222,64.995654640917,
    6.499999952316));
#3433 = CIRCLE('',#3434,2.1);
#3434 = AXIS2_PLACEMENT_3D('',#3435,#3436,#3437);
#3435 = CARTESIAN_POINT('',(44.7,66.9995,6.499999952316));
#3436 = DIRECTION('',(0.,0.,1.));
#3437 = DIRECTION('',(1.,0.,0.));
#3438 = ORIENTED_EDGE('',*,*,#3439,.F.);
#3439 = EDGE_CURVE('',#3440,#3431,#3442,.T.);
#3440 = VERTEX_POINT('',#3441);
#3441 = CARTESIAN_POINT('',(45.328174957222,64.995654640917,
    5.799999952316));
#3442 = LINE('',#3443,#3444);
#3443 = CARTESIAN_POINT('',(45.328174957222,64.995654640917,
    5.649999952316));
#3444 = VECTOR('',#3445,1.);
#3445 = DIRECTION('',(0.,0.,1.));
#3446 = ORIENTED_EDGE('',*,*,#3447,.F.);
#3447 = EDGE_CURVE('',#3448,#3440,#3450,.T.);
#3448 = VERTEX_POINT('',#3449);
#3449 = CARTESIAN_POINT('',(43.050603953892,65.699695136537,
    5.799999952316));
#3450 = CIRCLE('',#3451,2.1);
#3451 = AXIS2_PLACEMENT_3D('',#3452,#3453,#3454);
#3452 = CARTESIAN_POINT('',(44.7,66.9995,5.799999952316));
#3453 = DIRECTION('',(0.,0.,1.));
#3454 = DIRECTION('',(1.,0.,0.));
#3455 = ORIENTED_EDGE('',*,*,#3456,.T.);
#3456 = EDGE_CURVE('',#3448,#3419,#3457,.T.);
#3457 = LINE('',#3458,#3459);
#3458 = CARTESIAN_POINT('',(43.050603953892,65.699695136537,
    5.649999952316));
#3459 = VECTOR('',#3460,1.);
#3460 = DIRECTION('',(0.,0.,1.));
#3461 = CYLINDRICAL_SURFACE('',#3462,2.1);
#3462 = AXIS2_PLACEMENT_3D('',#3463,#3464,#3465);
#3463 = CARTESIAN_POINT('',(44.7,66.9995,4.499999952316));
#3464 = DIRECTION('',(0.,0.,1.));
#3465 = DIRECTION('',(1.,0.,0.));
#3466 = ADVANCED_FACE('',(#3467),#3493,.F.);
#3467 = FACE_BOUND('',#3468,.T.);
#3468 = EDGE_LOOP('',(#3469,#3477,#3478,#3486));
#3469 = ORIENTED_EDGE('',*,*,#3470,.F.);
#3470 = EDGE_CURVE('',#3025,#3471,#3473,.T.);
#3471 = VERTEX_POINT('',#3472);
#3472 = CARTESIAN_POINT('',(12.5,1.85,12.299999952316));
#3473 = LINE('',#3474,#3475);
#3474 = CARTESIAN_POINT('',(12.5,1.85,12.219999952316));
#3475 = VECTOR('',#3476,1.);
#3476 = DIRECTION('',(0.,0.,1.));
#3477 = ORIENTED_EDGE('',*,*,#3022,.F.);
#3478 = ORIENTED_EDGE('',*,*,#3479,.T.);
#3479 = EDGE_CURVE('',#3023,#3480,#3482,.T.);
#3480 = VERTEX_POINT('',#3481);
#3481 = CARTESIAN_POINT('',(1.85,12.5,12.299999952316));
#3482 = LINE('',#3483,#3484);
#3483 = CARTESIAN_POINT('',(1.85,12.5,12.219999952316));
#3484 = VECTOR('',#3485,1.);
#3485 = DIRECTION('',(0.,0.,1.));
#3486 = ORIENTED_EDGE('',*,*,#3487,.F.);
#3487 = EDGE_CURVE('',#3471,#3480,#3488,.T.);
#3488 = CIRCLE('',#3489,10.65);
#3489 = AXIS2_PLACEMENT_3D('',#3490,#3491,#3492);
#3490 = CARTESIAN_POINT('',(12.5,12.5,12.299999952316));
#3491 = DIRECTION('',(0.,0.,-1.));
#3492 = DIRECTION('',(1.,0.,0.));
#3493 = CYLINDRICAL_SURFACE('',#3494,10.65);
#3494 = AXIS2_PLACEMENT_3D('',#3495,#3496,#3497);
#3495 = CARTESIAN_POINT('',(12.5,12.5,12.219999952316));
#3496 = DIRECTION('',(-0.,-0.,-1.));
#3497 = DIRECTION('',(1.,0.,0.));
#3498 = ADVANCED_FACE('',(#3499),#3517,.T.);
#3499 = FACE_BOUND('',#3500,.T.);
#3500 = EDGE_LOOP('',(#3501,#3502,#3503,#3511));
#3501 = ORIENTED_EDGE('',*,*,#3479,.F.);
#3502 = ORIENTED_EDGE('',*,*,#3033,.T.);
#3503 = ORIENTED_EDGE('',*,*,#3504,.T.);
#3504 = EDGE_CURVE('',#3034,#3505,#3507,.T.);
#3505 = VERTEX_POINT('',#3506);
#3506 = CARTESIAN_POINT('',(1.85,31.5,12.299999952316));
#3507 = LINE('',#3508,#3509);
#3508 = CARTESIAN_POINT('',(1.85,31.5,12.219999952316));
#3509 = VECTOR('',#3510,1.);
#3510 = DIRECTION('',(0.,0.,1.));
#3511 = ORIENTED_EDGE('',*,*,#3512,.F.);
#3512 = EDGE_CURVE('',#3480,#3505,#3513,.T.);
#3513 = LINE('',#3514,#3515);
#3514 = CARTESIAN_POINT('',(1.85,26.625,12.299999952316));
#3515 = VECTOR('',#3516,1.);
#3516 = DIRECTION('',(0.,1.,0.));
#3517 = PLANE('',#3518);
#3518 = AXIS2_PLACEMENT_3D('',#3519,#3520,#3521);
#3519 = CARTESIAN_POINT('',(1.85,12.5,12.219999952316));
#3520 = DIRECTION('',(1.,0.,0.));
#3521 = DIRECTION('',(0.,0.,1.));
#3522 = ADVANCED_FACE('',(#3523),#3541,.T.);
#3523 = FACE_BOUND('',#3524,.T.);
#3524 = EDGE_LOOP('',(#3525,#3526,#3527,#3535));
#3525 = ORIENTED_EDGE('',*,*,#3084,.F.);
#3526 = ORIENTED_EDGE('',*,*,#3470,.T.);
#3527 = ORIENTED_EDGE('',*,*,#3528,.F.);
#3528 = EDGE_CURVE('',#3529,#3471,#3531,.T.);
#3529 = VERTEX_POINT('',#3530);
#3530 = CARTESIAN_POINT('',(37.5,1.85,12.299999952316));
#3531 = LINE('',#3532,#3533);
#3532 = CARTESIAN_POINT('',(18.75,1.85,12.299999952316));
#3533 = VECTOR('',#3534,1.);
#3534 = DIRECTION('',(-1.,0.,0.));
#3535 = ORIENTED_EDGE('',*,*,#3536,.F.);
#3536 = EDGE_CURVE('',#3076,#3529,#3537,.T.);
#3537 = LINE('',#3538,#3539);
#3538 = CARTESIAN_POINT('',(37.5,1.85,12.219999952316));
#3539 = VECTOR('',#3540,1.);
#3540 = DIRECTION('',(0.,0.,1.));
#3541 = PLANE('',#3542);
#3542 = AXIS2_PLACEMENT_3D('',#3543,#3544,#3545);
#3543 = CARTESIAN_POINT('',(12.5,1.85,12.219999952316));
#3544 = DIRECTION('',(0.,1.,0.));
#3545 = DIRECTION('',(0.,0.,1.));
#3546 = ADVANCED_FACE('',(#3547),#3566,.F.);
#3547 = FACE_BOUND('',#3548,.T.);
#3548 = EDGE_LOOP('',(#3549,#3550,#3558,#3565));
#3549 = ORIENTED_EDGE('',*,*,#3041,.F.);
#3550 = ORIENTED_EDGE('',*,*,#3551,.T.);
#3551 = EDGE_CURVE('',#3042,#3552,#3554,.T.);
#3552 = VERTEX_POINT('',#3553);
#3553 = CARTESIAN_POINT('',(12.5,42.15,12.299999952316));
#3554 = LINE('',#3555,#3556);
#3555 = CARTESIAN_POINT('',(12.5,42.15,12.219999952316));
#3556 = VECTOR('',#3557,1.);
#3557 = DIRECTION('',(0.,0.,1.));
#3558 = ORIENTED_EDGE('',*,*,#3559,.F.);
#3559 = EDGE_CURVE('',#3505,#3552,#3560,.T.);
#3560 = CIRCLE('',#3561,10.65);
#3561 = AXIS2_PLACEMENT_3D('',#3562,#3563,#3564);
#3562 = CARTESIAN_POINT('',(12.5,31.5,12.299999952316));
#3563 = DIRECTION('',(0.,0.,-1.));
#3564 = DIRECTION('',(1.,0.,0.));
#3565 = ORIENTED_EDGE('',*,*,#3504,.F.);
#3566 = CYLINDRICAL_SURFACE('',#3567,10.65);
#3567 = AXIS2_PLACEMENT_3D('',#3568,#3569,#3570);
#3568 = CARTESIAN_POINT('',(12.5,31.5,12.219999952316));
#3569 = DIRECTION('',(-0.,-0.,-1.));
#3570 = DIRECTION('',(1.,0.,0.));
#3571 = ADVANCED_FACE('',(#3572),#3591,.F.);
#3572 = FACE_BOUND('',#3573,.T.);
#3573 = EDGE_LOOP('',(#3574,#3582,#3583,#3584));
#3574 = ORIENTED_EDGE('',*,*,#3575,.F.);
#3575 = EDGE_CURVE('',#3068,#3576,#3578,.T.);
#3576 = VERTEX_POINT('',#3577);
#3577 = CARTESIAN_POINT('',(48.15,12.5,12.299999952316));
#3578 = LINE('',#3579,#3580);
#3579 = CARTESIAN_POINT('',(48.15,12.5,12.219999952316));
#3580 = VECTOR('',#3581,1.);
#3581 = DIRECTION('',(0.,0.,1.));
#3582 = ORIENTED_EDGE('',*,*,#3075,.F.);
#3583 = ORIENTED_EDGE('',*,*,#3536,.T.);
#3584 = ORIENTED_EDGE('',*,*,#3585,.F.);
#3585 = EDGE_CURVE('',#3576,#3529,#3586,.T.);
#3586 = CIRCLE('',#3587,10.65);
#3587 = AXIS2_PLACEMENT_3D('',#3588,#3589,#3590);
#3588 = CARTESIAN_POINT('',(37.5,12.5,12.299999952316));
#3589 = DIRECTION('',(0.,0.,-1.));
#3590 = DIRECTION('',(1.,0.,0.));
#3591 = CYLINDRICAL_SURFACE('',#3592,10.65);
#3592 = AXIS2_PLACEMENT_3D('',#3593,#3594,#3595);
#3593 = CARTESIAN_POINT('',(37.5,12.5,12.219999952316));
#3594 = DIRECTION('',(-0.,-0.,-1.));
#3595 = DIRECTION('',(1.,0.,0.));
#3596 = ADVANCED_FACE('',(#3597),#3615,.F.);
#3597 = FACE_BOUND('',#3598,.F.);
#3598 = EDGE_LOOP('',(#3599,#3600,#3601,#3609));
#3599 = ORIENTED_EDGE('',*,*,#3050,.F.);
#3600 = ORIENTED_EDGE('',*,*,#3551,.T.);
#3601 = ORIENTED_EDGE('',*,*,#3602,.F.);
#3602 = EDGE_CURVE('',#3603,#3552,#3605,.T.);
#3603 = VERTEX_POINT('',#3604);
#3604 = CARTESIAN_POINT('',(37.5,42.15,12.299999952316));
#3605 = LINE('',#3606,#3607);
#3606 = CARTESIAN_POINT('',(18.75,42.15,12.299999952316));
#3607 = VECTOR('',#3608,1.);
#3608 = DIRECTION('',(-1.,0.,0.));
#3609 = ORIENTED_EDGE('',*,*,#3610,.F.);
#3610 = EDGE_CURVE('',#3051,#3603,#3611,.T.);
#3611 = LINE('',#3612,#3613);
#3612 = CARTESIAN_POINT('',(37.5,42.15,12.219999952316));
#3613 = VECTOR('',#3614,1.);
#3614 = DIRECTION('',(0.,0.,1.));
#3615 = PLANE('',#3616);
#3616 = AXIS2_PLACEMENT_3D('',#3617,#3618,#3619);
#3617 = CARTESIAN_POINT('',(12.5,42.15,12.219999952316));
#3618 = DIRECTION('',(0.,1.,0.));
#3619 = DIRECTION('',(0.,0.,1.));
#3620 = ADVANCED_FACE('',(#3621),#3639,.F.);
#3621 = FACE_BOUND('',#3622,.F.);
#3622 = EDGE_LOOP('',(#3623,#3624,#3625,#3633));
#3623 = ORIENTED_EDGE('',*,*,#3575,.F.);
#3624 = ORIENTED_EDGE('',*,*,#3067,.T.);
#3625 = ORIENTED_EDGE('',*,*,#3626,.T.);
#3626 = EDGE_CURVE('',#3059,#3627,#3629,.T.);
#3627 = VERTEX_POINT('',#3628);
#3628 = CARTESIAN_POINT('',(48.15,31.5,12.299999952316));
#3629 = LINE('',#3630,#3631);
#3630 = CARTESIAN_POINT('',(48.15,31.5,12.219999952316));
#3631 = VECTOR('',#3632,1.);
#3632 = DIRECTION('',(0.,0.,1.));
#3633 = ORIENTED_EDGE('',*,*,#3634,.F.);
#3634 = EDGE_CURVE('',#3576,#3627,#3635,.T.);
#3635 = LINE('',#3636,#3637);
#3636 = CARTESIAN_POINT('',(48.15,26.625,12.299999952316));
#3637 = VECTOR('',#3638,1.);
#3638 = DIRECTION('',(0.,1.,0.));
#3639 = PLANE('',#3640);
#3640 = AXIS2_PLACEMENT_3D('',#3641,#3642,#3643);
#3641 = CARTESIAN_POINT('',(48.15,12.5,12.219999952316));
#3642 = DIRECTION('',(1.,0.,0.));
#3643 = DIRECTION('',(0.,0.,1.));
#3644 = ADVANCED_FACE('',(#3645),#3657,.F.);
#3645 = FACE_BOUND('',#3646,.T.);
#3646 = EDGE_LOOP('',(#3647,#3648,#3649,#3656));
#3647 = ORIENTED_EDGE('',*,*,#3058,.F.);
#3648 = ORIENTED_EDGE('',*,*,#3626,.T.);
#3649 = ORIENTED_EDGE('',*,*,#3650,.F.);
#3650 = EDGE_CURVE('',#3603,#3627,#3651,.T.);
#3651 = CIRCLE('',#3652,10.65);
#3652 = AXIS2_PLACEMENT_3D('',#3653,#3654,#3655);
#3653 = CARTESIAN_POINT('',(37.5,31.5,12.299999952316));
#3654 = DIRECTION('',(0.,0.,-1.));
#3655 = DIRECTION('',(1.,0.,0.));
#3656 = ORIENTED_EDGE('',*,*,#3610,.F.);
#3657 = CYLINDRICAL_SURFACE('',#3658,10.65);
#3658 = AXIS2_PLACEMENT_3D('',#3659,#3660,#3661);
#3659 = CARTESIAN_POINT('',(37.5,31.5,12.219999952316));
#3660 = DIRECTION('',(-0.,-0.,-1.));
#3661 = DIRECTION('',(1.,0.,0.));
#3662 = ADVANCED_FACE('',(#3663),#3682,.F.);
#3663 = FACE_BOUND('',#3664,.T.);
#3664 = EDGE_LOOP('',(#3665,#3666,#3674,#3681));
#3665 = ORIENTED_EDGE('',*,*,#3111,.F.);
#3666 = ORIENTED_EDGE('',*,*,#3667,.T.);
#3667 = EDGE_CURVE('',#3112,#3668,#3670,.T.);
#3668 = VERTEX_POINT('',#3669);
#3669 = CARTESIAN_POINT('',(41.7,60.8,12.299999952316));
#3670 = LINE('',#3671,#3672);
#3671 = CARTESIAN_POINT('',(41.7,60.8,10.499999952316));
#3672 = VECTOR('',#3673,1.);
#3673 = DIRECTION('',(0.,0.,1.));
#3674 = ORIENTED_EDGE('',*,*,#3675,.F.);
#3675 = EDGE_CURVE('',#3668,#3668,#3676,.T.);
#3676 = CIRCLE('',#3677,16.7);
#3677 = AXIS2_PLACEMENT_3D('',#3678,#3679,#3680);
#3678 = CARTESIAN_POINT('',(25.,60.8,12.299999952316));
#3679 = DIRECTION('',(0.,0.,-1.));
#3680 = DIRECTION('',(1.,0.,0.));
#3681 = ORIENTED_EDGE('',*,*,#3667,.F.);
#3682 = CYLINDRICAL_SURFACE('',#3683,16.7);
#3683 = AXIS2_PLACEMENT_3D('',#3684,#3685,#3686);
#3684 = CARTESIAN_POINT('',(25.,60.8,10.499999952316));
#3685 = DIRECTION('',(-0.,-0.,-1.));
#3686 = DIRECTION('',(1.,0.,0.));
#3687 = ADVANCED_FACE('',(#3688,#3698,#3708),#3711,.T.);
#3688 = FACE_BOUND('',#3689,.T.);
#3689 = EDGE_LOOP('',(#3690,#3691,#3692,#3693,#3694,#3695,#3696,#3697));
#3690 = ORIENTED_EDGE('',*,*,#3147,.T.);
#3691 = ORIENTED_EDGE('',*,*,#3316,.T.);
#3692 = ORIENTED_EDGE('',*,*,#3300,.T.);
#3693 = ORIENTED_EDGE('',*,*,#3273,.T.);
#3694 = ORIENTED_EDGE('',*,*,#3249,.T.);
#3695 = ORIENTED_EDGE('',*,*,#3222,.T.);
#3696 = ORIENTED_EDGE('',*,*,#3198,.T.);
#3697 = ORIENTED_EDGE('',*,*,#3171,.T.);
#3698 = FACE_BOUND('',#3699,.T.);
#3699 = EDGE_LOOP('',(#3700,#3701,#3702,#3703,#3704,#3705,#3706,#3707));
#3700 = ORIENTED_EDGE('',*,*,#3528,.T.);
#3701 = ORIENTED_EDGE('',*,*,#3487,.T.);
#3702 = ORIENTED_EDGE('',*,*,#3512,.T.);
#3703 = ORIENTED_EDGE('',*,*,#3559,.T.);
#3704 = ORIENTED_EDGE('',*,*,#3602,.F.);
#3705 = ORIENTED_EDGE('',*,*,#3650,.T.);
#3706 = ORIENTED_EDGE('',*,*,#3634,.F.);
#3707 = ORIENTED_EDGE('',*,*,#3585,.T.);
#3708 = FACE_BOUND('',#3709,.T.);
#3709 = EDGE_LOOP('',(#3710));
#3710 = ORIENTED_EDGE('',*,*,#3675,.T.);
#3711 = PLANE('',#3712);
#3712 = AXIS2_PLACEMENT_3D('',#3713,#3714,#3715);
#3713 = CARTESIAN_POINT('',(25.,40.75,12.299999952316));
#3714 = DIRECTION('',(0.,0.,1.));
#3715 = DIRECTION('',(1.,0.,0.));
#3716 = ADVANCED_FACE('',(#3717),#3729,.F.);
#3717 = FACE_BOUND('',#3718,.F.);
#3718 = EDGE_LOOP('',(#3719,#3720,#3721,#3728));
#3719 = ORIENTED_EDGE('',*,*,#3342,.T.);
#3720 = ORIENTED_EDGE('',*,*,#3418,.T.);
#3721 = ORIENTED_EDGE('',*,*,#3722,.F.);
#3722 = EDGE_CURVE('',#3431,#3419,#3723,.T.);
#3723 = CIRCLE('',#3724,4.2);
#3724 = AXIS2_PLACEMENT_3D('',#3725,#3726,#3727);
#3725 = CARTESIAN_POINT('',(43.,61.5,6.499999952316));
#3726 = DIRECTION('',(0.,0.,1.));
#3727 = DIRECTION('',(1.,0.,0.));
#3728 = ORIENTED_EDGE('',*,*,#3430,.T.);
#3729 = PLANE('',#3730);
#3730 = AXIS2_PLACEMENT_3D('',#3731,#3732,#3733);
#3731 = CARTESIAN_POINT('',(44.7,66.9995,6.499999952316));
#3732 = DIRECTION('',(0.,0.,1.));
#3733 = DIRECTION('',(1.,0.,0.));
#3734 = ADVANCED_FACE('',(#3735),#3771,.T.);
#3735 = FACE_BOUND('',#3736,.T.);
#3736 = EDGE_LOOP('',(#3737,#3738,#3739,#3747,#3756,#3765));
#3737 = ORIENTED_EDGE('',*,*,#3367,.T.);
#3738 = ORIENTED_EDGE('',*,*,#3401,.T.);
#3739 = ORIENTED_EDGE('',*,*,#3740,.F.);
#3740 = EDGE_CURVE('',#3741,#3394,#3743,.T.);
#3741 = VERTEX_POINT('',#3742);
#3742 = CARTESIAN_POINT('',(38.867506805813,62.25,6.949999952316));
#3743 = LINE('',#3744,#3745);
#3744 = CARTESIAN_POINT('',(40.5,62.25,6.949999952316));
#3745 = VECTOR('',#3746,1.);
#3746 = DIRECTION('',(-1.,0.,0.));
#3747 = ORIENTED_EDGE('',*,*,#3748,.F.);
#3748 = EDGE_CURVE('',#3749,#3741,#3751,.T.);
#3749 = VERTEX_POINT('',#3750);
#3750 = CARTESIAN_POINT('',(47.2,61.5,6.949999952316));
#3751 = CIRCLE('',#3752,4.2);
#3752 = AXIS2_PLACEMENT_3D('',#3753,#3754,#3755);
#3753 = CARTESIAN_POINT('',(43.,61.5,6.949999952316));
#3754 = DIRECTION('',(0.,0.,1.));
#3755 = DIRECTION('',(1.,0.,0.));
#3756 = ORIENTED_EDGE('',*,*,#3757,.F.);
#3757 = EDGE_CURVE('',#3758,#3749,#3760,.T.);
#3758 = VERTEX_POINT('',#3759);
#3759 = CARTESIAN_POINT('',(38.867506805813,60.75,6.949999952316));
#3760 = CIRCLE('',#3761,4.2);
#3761 = AXIS2_PLACEMENT_3D('',#3762,#3763,#3764);
#3762 = CARTESIAN_POINT('',(43.,61.5,6.949999952316));
#3763 = DIRECTION('',(0.,0.,1.));
#3764 = DIRECTION('',(1.,0.,0.));
#3765 = ORIENTED_EDGE('',*,*,#3766,.T.);
#3766 = EDGE_CURVE('',#3758,#3368,#3767,.T.);
#3767 = LINE('',#3768,#3769);
#3768 = CARTESIAN_POINT('',(40.5,60.75,6.949999952316));
#3769 = VECTOR('',#3770,1.);
#3770 = DIRECTION('',(-1.,0.,0.));
#3771 = PLANE('',#3772);
#3772 = AXIS2_PLACEMENT_3D('',#3773,#3774,#3775);
#3773 = CARTESIAN_POINT('',(43.,61.5,6.949999952316));
#3774 = DIRECTION('',(0.,0.,1.));
#3775 = DIRECTION('',(1.,0.,0.));
#3776 = ADVANCED_FACE('',(#3777),#3795,.T.);
#3777 = FACE_BOUND('',#3778,.T.);
#3778 = EDGE_LOOP('',(#3779,#3787,#3788,#3789));
#3779 = ORIENTED_EDGE('',*,*,#3780,.F.);
#3780 = EDGE_CURVE('',#3377,#3781,#3783,.T.);
#3781 = VERTEX_POINT('',#3782);
#3782 = CARTESIAN_POINT('',(38.867506805813,60.75,5.799999952316));
#3783 = LINE('',#3784,#3785);
#3784 = CARTESIAN_POINT('',(38.,60.75,5.799999952316));
#3785 = VECTOR('',#3786,1.);
#3786 = DIRECTION('',(1.,0.,0.));
#3787 = ORIENTED_EDGE('',*,*,#3376,.T.);
#3788 = ORIENTED_EDGE('',*,*,#3766,.F.);
#3789 = ORIENTED_EDGE('',*,*,#3790,.F.);
#3790 = EDGE_CURVE('',#3781,#3758,#3791,.T.);
#3791 = LINE('',#3792,#3793);
#3792 = CARTESIAN_POINT('',(38.867506805813,60.75,5.649999952316));
#3793 = VECTOR('',#3794,1.);
#3794 = DIRECTION('',(0.,0.,1.));
#3795 = PLANE('',#3796);
#3796 = AXIS2_PLACEMENT_3D('',#3797,#3798,#3799);
#3797 = CARTESIAN_POINT('',(38.,60.75,5.799999952316));
#3798 = DIRECTION('',(0.,1.,0.));
#3799 = DIRECTION('',(0.,0.,1.));
#3800 = ADVANCED_FACE('',(#3801),#3855,.T.);
#3801 = FACE_BOUND('',#3802,.T.);
#3802 = EDGE_LOOP('',(#3803,#3812,#3821,#3830,#3837,#3838,#3847,#3853,
    #3854));
#3803 = ORIENTED_EDGE('',*,*,#3804,.T.);
#3804 = EDGE_CURVE('',#3781,#3805,#3807,.T.);
#3805 = VERTEX_POINT('',#3806);
#3806 = CARTESIAN_POINT('',(47.0249223595,60.3,5.799999952316));
#3807 = CIRCLE('',#3808,4.2);
#3808 = AXIS2_PLACEMENT_3D('',#3809,#3810,#3811);
#3809 = CARTESIAN_POINT('',(43.,61.5,5.799999952316));
#3810 = DIRECTION('',(0.,0.,1.));
#3811 = DIRECTION('',(1.,0.,0.));
#3812 = ORIENTED_EDGE('',*,*,#3813,.T.);
#3813 = EDGE_CURVE('',#3805,#3814,#3816,.T.);
#3814 = VERTEX_POINT('',#3815);
#3815 = CARTESIAN_POINT('',(47.2,61.5,5.799999952316));
#3816 = CIRCLE('',#3817,4.2);
#3817 = AXIS2_PLACEMENT_3D('',#3818,#3819,#3820);
#3818 = CARTESIAN_POINT('',(43.,61.5,5.799999952316));
#3819 = DIRECTION('',(0.,0.,1.));
#3820 = DIRECTION('',(1.,0.,0.));
#3821 = ORIENTED_EDGE('',*,*,#3822,.T.);
#3822 = EDGE_CURVE('',#3814,#3823,#3825,.T.);
#3823 = VERTEX_POINT('',#3824);
#3824 = CARTESIAN_POINT('',(47.0249223595,62.7,5.799999952316));
#3825 = CIRCLE('',#3826,4.2);
#3826 = AXIS2_PLACEMENT_3D('',#3827,#3828,#3829);
#3827 = CARTESIAN_POINT('',(43.,61.5,5.799999952316));
#3828 = DIRECTION('',(0.,0.,1.));
#3829 = DIRECTION('',(1.,0.,0.));
#3830 = ORIENTED_EDGE('',*,*,#3831,.T.);
#3831 = EDGE_CURVE('',#3823,#3440,#3832,.T.);
#3832 = CIRCLE('',#3833,4.2);
#3833 = AXIS2_PLACEMENT_3D('',#3834,#3835,#3836);
#3834 = CARTESIAN_POINT('',(43.,61.5,5.799999952316));
#3835 = DIRECTION('',(0.,0.,1.));
#3836 = DIRECTION('',(1.,0.,0.));
#3837 = ORIENTED_EDGE('',*,*,#3447,.F.);
#3838 = ORIENTED_EDGE('',*,*,#3839,.T.);
#3839 = EDGE_CURVE('',#3448,#3840,#3842,.T.);
#3840 = VERTEX_POINT('',#3841);
#3841 = CARTESIAN_POINT('',(38.867506805813,62.25,5.799999952316));
#3842 = CIRCLE('',#3843,4.2);
#3843 = AXIS2_PLACEMENT_3D('',#3844,#3845,#3846);
#3844 = CARTESIAN_POINT('',(43.,61.5,5.799999952316));
#3845 = DIRECTION('',(0.,0.,1.));
#3846 = DIRECTION('',(1.,0.,0.));
#3847 = ORIENTED_EDGE('',*,*,#3848,.F.);
#3848 = EDGE_CURVE('',#3385,#3840,#3849,.T.);
#3849 = LINE('',#3850,#3851);
#3850 = CARTESIAN_POINT('',(38.,62.25,5.799999952316));
#3851 = VECTOR('',#3852,1.);
#3852 = DIRECTION('',(1.,0.,0.));
#3853 = ORIENTED_EDGE('',*,*,#3384,.T.);
#3854 = ORIENTED_EDGE('',*,*,#3780,.T.);
#3855 = PLANE('',#3856);
#3856 = AXIS2_PLACEMENT_3D('',#3857,#3858,#3859);
#3857 = CARTESIAN_POINT('',(42.783238963212,61.588423717037,
    5.799999952316));
#3858 = DIRECTION('',(0.,0.,1.));
#3859 = DIRECTION('',(1.,0.,0.));
#3860 = ADVANCED_FACE('',(#3861),#3872,.F.);
#3861 = FACE_BOUND('',#3862,.F.);
#3862 = EDGE_LOOP('',(#3863,#3864,#3865,#3866));
#3863 = ORIENTED_EDGE('',*,*,#3848,.F.);
#3864 = ORIENTED_EDGE('',*,*,#3393,.T.);
#3865 = ORIENTED_EDGE('',*,*,#3740,.F.);
#3866 = ORIENTED_EDGE('',*,*,#3867,.F.);
#3867 = EDGE_CURVE('',#3840,#3741,#3868,.T.);
#3868 = LINE('',#3869,#3870);
#3869 = CARTESIAN_POINT('',(38.867506805813,62.25,5.649999952316));
#3870 = VECTOR('',#3871,1.);
#3871 = DIRECTION('',(0.,0.,1.));
#3872 = PLANE('',#3873);
#3873 = AXIS2_PLACEMENT_3D('',#3874,#3875,#3876);
#3874 = CARTESIAN_POINT('',(38.,62.25,5.799999952316));
#3875 = DIRECTION('',(0.,1.,0.));
#3876 = DIRECTION('',(0.,0.,1.));
#3877 = ADVANCED_FACE('',(#3878),#3892,.F.);
#3878 = FACE_BOUND('',#3879,.F.);
#3879 = EDGE_LOOP('',(#3880,#3881,#3882,#3883,#3884,#3885,#3886,#3887,
    #3888,#3889,#3890,#3891));
#3880 = ORIENTED_EDGE('',*,*,#3831,.T.);
#3881 = ORIENTED_EDGE('',*,*,#3439,.T.);
#3882 = ORIENTED_EDGE('',*,*,#3722,.T.);
#3883 = ORIENTED_EDGE('',*,*,#3456,.F.);
#3884 = ORIENTED_EDGE('',*,*,#3839,.T.);
#3885 = ORIENTED_EDGE('',*,*,#3867,.T.);
#3886 = ORIENTED_EDGE('',*,*,#3748,.F.);
#3887 = ORIENTED_EDGE('',*,*,#3757,.F.);
#3888 = ORIENTED_EDGE('',*,*,#3790,.F.);
#3889 = ORIENTED_EDGE('',*,*,#3804,.T.);
#3890 = ORIENTED_EDGE('',*,*,#3813,.T.);
#3891 = ORIENTED_EDGE('',*,*,#3822,.T.);
#3892 = CYLINDRICAL_SURFACE('',#3893,4.2);
#3893 = AXIS2_PLACEMENT_3D('',#3894,#3895,#3896);
#3894 = CARTESIAN_POINT('',(43.,61.5,5.649999952316));
#3895 = DIRECTION('',(0.,0.,1.));
#3896 = DIRECTION('',(1.,0.,0.));
#3897 = ADVANCED_FACE('',(#3898,#3904),#3933,.T.);
#3898 = FACE_BOUND('',#3899,.T.);
#3899 = EDGE_LOOP('',(#3900,#3901,#3902,#3903));
#3900 = ORIENTED_EDGE('',*,*,#1964,.T.);
#3901 = ORIENTED_EDGE('',*,*,#1068,.T.);
#3902 = ORIENTED_EDGE('',*,*,#2015,.F.);
#3903 = ORIENTED_EDGE('',*,*,#1991,.F.);
#3904 = FACE_BOUND('',#3905,.T.);
#3905 = EDGE_LOOP('',(#3906,#3917,#3926));
#3906 = ORIENTED_EDGE('',*,*,#3907,.F.);
#3907 = EDGE_CURVE('',#3908,#3910,#3912,.T.);
#3908 = VERTEX_POINT('',#3909);
#3909 = CARTESIAN_POINT('',(44.,51.85,10.699999952316));
#3910 = VERTEX_POINT('',#3911);
#3911 = CARTESIAN_POINT('',(44.,53.15,10.699999952316));
#3912 = CIRCLE('',#3913,0.65);
#3913 = AXIS2_PLACEMENT_3D('',#3914,#3915,#3916);
#3914 = CARTESIAN_POINT('',(44.,52.5,10.699999952316));
#3915 = DIRECTION('',(0.,0.,-1.));
#3916 = DIRECTION('',(1.,0.,0.));
#3917 = ORIENTED_EDGE('',*,*,#3918,.F.);
#3918 = EDGE_CURVE('',#3919,#3908,#3921,.T.);
#3919 = VERTEX_POINT('',#3920);
#3920 = CARTESIAN_POINT('',(44.65,52.5,10.699999952316));
#3921 = CIRCLE('',#3922,0.65);
#3922 = AXIS2_PLACEMENT_3D('',#3923,#3924,#3925);
#3923 = CARTESIAN_POINT('',(44.,52.5,10.699999952316));
#3924 = DIRECTION('',(0.,0.,-1.));
#3925 = DIRECTION('',(1.,0.,0.));
#3926 = ORIENTED_EDGE('',*,*,#3927,.F.);
#3927 = EDGE_CURVE('',#3910,#3919,#3928,.T.);
#3928 = CIRCLE('',#3929,0.65);
#3929 = AXIS2_PLACEMENT_3D('',#3930,#3931,#3932);
#3930 = CARTESIAN_POINT('',(44.,52.5,10.699999952316));
#3931 = DIRECTION('',(0.,0.,-1.));
#3932 = DIRECTION('',(1.,0.,0.));
#3933 = PLANE('',#3934);
#3934 = AXIS2_PLACEMENT_3D('',#3935,#3936,#3937);
#3935 = CARTESIAN_POINT('',(45.192556911395,52.5,10.699999952316));
#3936 = DIRECTION('',(-0.,-0.,-1.));
#3937 = DIRECTION('',(-1.,0.,0.));
#3938 = ADVANCED_FACE('',(#3939),#3960,.F.);
#3939 = FACE_BOUND('',#3940,.F.);
#3940 = EDGE_LOOP('',(#3941,#3949,#3956,#3957,#3958,#3959));
#3941 = ORIENTED_EDGE('',*,*,#3942,.T.);
#3942 = EDGE_CURVE('',#3919,#3943,#3945,.T.);
#3943 = VERTEX_POINT('',#3944);
#3944 = CARTESIAN_POINT('',(44.65,52.5,11.999999952316));
#3945 = LINE('',#3946,#3947);
#3946 = CARTESIAN_POINT('',(44.65,52.5,10.599999952316));
#3947 = VECTOR('',#3948,1.);
#3948 = DIRECTION('',(0.,0.,1.));
#3949 = ORIENTED_EDGE('',*,*,#3950,.F.);
#3950 = EDGE_CURVE('',#3943,#3943,#3951,.T.);
#3951 = CIRCLE('',#3952,0.65);
#3952 = AXIS2_PLACEMENT_3D('',#3953,#3954,#3955);
#3953 = CARTESIAN_POINT('',(44.,52.5,11.999999952316));
#3954 = DIRECTION('',(0.,0.,1.));
#3955 = DIRECTION('',(1.,0.,0.));
#3956 = ORIENTED_EDGE('',*,*,#3942,.F.);
#3957 = ORIENTED_EDGE('',*,*,#3927,.F.);
#3958 = ORIENTED_EDGE('',*,*,#3907,.F.);
#3959 = ORIENTED_EDGE('',*,*,#3918,.F.);
#3960 = CYLINDRICAL_SURFACE('',#3961,0.65);
#3961 = AXIS2_PLACEMENT_3D('',#3962,#3963,#3964);
#3962 = CARTESIAN_POINT('',(44.,52.5,10.599999952316));
#3963 = DIRECTION('',(0.,0.,1.));
#3964 = DIRECTION('',(1.,0.,0.));
#3965 = ADVANCED_FACE('',(#3966),#3969,.F.);
#3966 = FACE_BOUND('',#3967,.F.);
#3967 = EDGE_LOOP('',(#3968));
#3968 = ORIENTED_EDGE('',*,*,#3950,.T.);
#3969 = PLANE('',#3970);
#3970 = AXIS2_PLACEMENT_3D('',#3971,#3972,#3973);
#3971 = CARTESIAN_POINT('',(44.,52.5,11.999999952316));
#3972 = DIRECTION('',(0.,0.,1.));
#3973 = DIRECTION('',(1.,0.,0.));
#3974 = ADVANCED_FACE('',(#3975,#3982),#4011,.T.);
#3975 = FACE_BOUND('',#3976,.T.);
#3976 = EDGE_LOOP('',(#3977,#3978,#3979,#3980,#3981));
#3977 = ORIENTED_EDGE('',*,*,#1896,.T.);
#3978 = ORIENTED_EDGE('',*,*,#1176,.T.);
#3979 = ORIENTED_EDGE('',*,*,#1045,.T.);
#3980 = ORIENTED_EDGE('',*,*,#1947,.F.);
#3981 = ORIENTED_EDGE('',*,*,#1923,.F.);
#3982 = FACE_BOUND('',#3983,.T.);
#3983 = EDGE_LOOP('',(#3984,#3995,#4004));
#3984 = ORIENTED_EDGE('',*,*,#3985,.F.);
#3985 = EDGE_CURVE('',#3986,#3988,#3990,.T.);
#3986 = VERTEX_POINT('',#3987);
#3987 = CARTESIAN_POINT('',(44.,67.85,10.699999952316));
#3988 = VERTEX_POINT('',#3989);
#3989 = CARTESIAN_POINT('',(44.,69.15,10.699999952316));
#3990 = CIRCLE('',#3991,0.65);
#3991 = AXIS2_PLACEMENT_3D('',#3992,#3993,#3994);
#3992 = CARTESIAN_POINT('',(44.,68.5,10.699999952316));
#3993 = DIRECTION('',(0.,0.,-1.));
#3994 = DIRECTION('',(1.,0.,0.));
#3995 = ORIENTED_EDGE('',*,*,#3996,.F.);
#3996 = EDGE_CURVE('',#3997,#3986,#3999,.T.);
#3997 = VERTEX_POINT('',#3998);
#3998 = CARTESIAN_POINT('',(44.65,68.5,10.699999952316));
#3999 = CIRCLE('',#4000,0.65);
#4000 = AXIS2_PLACEMENT_3D('',#4001,#4002,#4003);
#4001 = CARTESIAN_POINT('',(44.,68.5,10.699999952316));
#4002 = DIRECTION('',(0.,0.,-1.));
#4003 = DIRECTION('',(1.,0.,0.));
#4004 = ORIENTED_EDGE('',*,*,#4005,.F.);
#4005 = EDGE_CURVE('',#3988,#3997,#4006,.T.);
#4006 = CIRCLE('',#4007,0.65);
#4007 = AXIS2_PLACEMENT_3D('',#4008,#4009,#4010);
#4008 = CARTESIAN_POINT('',(44.,68.5,10.699999952316));
#4009 = DIRECTION('',(0.,0.,-1.));
#4010 = DIRECTION('',(1.,0.,0.));
#4011 = PLANE('',#4012);
#4012 = AXIS2_PLACEMENT_3D('',#4013,#4014,#4015);
#4013 = CARTESIAN_POINT('',(45.192205609263,68.499933097852,
    10.699999952316));
#4014 = DIRECTION('',(-0.,-0.,-1.));
#4015 = DIRECTION('',(-1.,0.,0.));
#4016 = ADVANCED_FACE('',(#4017),#4038,.F.);
#4017 = FACE_BOUND('',#4018,.F.);
#4018 = EDGE_LOOP('',(#4019,#4027,#4034,#4035,#4036,#4037));
#4019 = ORIENTED_EDGE('',*,*,#4020,.T.);
#4020 = EDGE_CURVE('',#3997,#4021,#4023,.T.);
#4021 = VERTEX_POINT('',#4022);
#4022 = CARTESIAN_POINT('',(44.65,68.5,11.999999952316));
#4023 = LINE('',#4024,#4025);
#4024 = CARTESIAN_POINT('',(44.65,68.5,10.599999952316));
#4025 = VECTOR('',#4026,1.);
#4026 = DIRECTION('',(0.,0.,1.));
#4027 = ORIENTED_EDGE('',*,*,#4028,.F.);
#4028 = EDGE_CURVE('',#4021,#4021,#4029,.T.);
#4029 = CIRCLE('',#4030,0.65);
#4030 = AXIS2_PLACEMENT_3D('',#4031,#4032,#4033);
#4031 = CARTESIAN_POINT('',(44.,68.5,11.999999952316));
#4032 = DIRECTION('',(0.,0.,1.));
#4033 = DIRECTION('',(1.,0.,0.));
#4034 = ORIENTED_EDGE('',*,*,#4020,.F.);
#4035 = ORIENTED_EDGE('',*,*,#4005,.F.);
#4036 = ORIENTED_EDGE('',*,*,#3985,.F.);
#4037 = ORIENTED_EDGE('',*,*,#3996,.F.);
#4038 = CYLINDRICAL_SURFACE('',#4039,0.65);
#4039 = AXIS2_PLACEMENT_3D('',#4040,#4041,#4042);
#4040 = CARTESIAN_POINT('',(44.,68.5,10.599999952316));
#4041 = DIRECTION('',(0.,0.,1.));
#4042 = DIRECTION('',(1.,0.,0.));
#4043 = ADVANCED_FACE('',(#4044),#4047,.F.);
#4044 = FACE_BOUND('',#4045,.F.);
#4045 = EDGE_LOOP('',(#4046));
#4046 = ORIENTED_EDGE('',*,*,#4028,.T.);
#4047 = PLANE('',#4048);
#4048 = AXIS2_PLACEMENT_3D('',#4049,#4050,#4051);
#4049 = CARTESIAN_POINT('',(44.,68.5,11.999999952316));
#4050 = DIRECTION('',(0.,0.,1.));
#4051 = DIRECTION('',(1.,0.,0.));
#4052 = ADVANCED_FACE('',(#4053,#4061),#4090,.T.);
#4053 = FACE_BOUND('',#4054,.T.);
#4054 = EDGE_LOOP('',(#4055,#4056,#4057,#4058,#4059,#4060));
#4055 = ORIENTED_EDGE('',*,*,#1880,.T.);
#4056 = ORIENTED_EDGE('',*,*,#1855,.F.);
#4057 = ORIENTED_EDGE('',*,*,#1838,.F.);
#4058 = ORIENTED_EDGE('',*,*,#1812,.F.);
#4059 = ORIENTED_EDGE('',*,*,#1477,.F.);
#4060 = ORIENTED_EDGE('',*,*,#1459,.T.);
#4061 = FACE_BOUND('',#4062,.T.);
#4062 = EDGE_LOOP('',(#4063,#4074,#4083));
#4063 = ORIENTED_EDGE('',*,*,#4064,.F.);
#4064 = EDGE_CURVE('',#4065,#4067,#4069,.T.);
#4065 = VERTEX_POINT('',#4066);
#4066 = CARTESIAN_POINT('',(6.65,68.5,10.699999952316));
#4067 = VERTEX_POINT('',#4068);
#4068 = CARTESIAN_POINT('',(6.,67.85,10.699999952316));
#4069 = CIRCLE('',#4070,0.65);
#4070 = AXIS2_PLACEMENT_3D('',#4071,#4072,#4073);
#4071 = CARTESIAN_POINT('',(6.,68.5,10.699999952316));
#4072 = DIRECTION('',(0.,0.,-1.));
#4073 = DIRECTION('',(1.,0.,0.));
#4074 = ORIENTED_EDGE('',*,*,#4075,.F.);
#4075 = EDGE_CURVE('',#4076,#4065,#4078,.T.);
#4076 = VERTEX_POINT('',#4077);
#4077 = CARTESIAN_POINT('',(6.,69.15,10.699999952316));
#4078 = CIRCLE('',#4079,0.65);
#4079 = AXIS2_PLACEMENT_3D('',#4080,#4081,#4082);
#4080 = CARTESIAN_POINT('',(6.,68.5,10.699999952316));
#4081 = DIRECTION('',(0.,0.,-1.));
#4082 = DIRECTION('',(1.,0.,0.));
#4083 = ORIENTED_EDGE('',*,*,#4084,.F.);
#4084 = EDGE_CURVE('',#4067,#4076,#4085,.T.);
#4085 = CIRCLE('',#4086,0.65);
#4086 = AXIS2_PLACEMENT_3D('',#4087,#4088,#4089);
#4087 = CARTESIAN_POINT('',(6.,68.5,10.699999952316));
#4088 = DIRECTION('',(0.,0.,-1.));
#4089 = DIRECTION('',(1.,0.,0.));
#4090 = PLANE('',#4091);
#4091 = AXIS2_PLACEMENT_3D('',#4092,#4093,#4094);
#4092 = CARTESIAN_POINT('',(4.953494334413,68.499938231076,
    10.699999952316));
#4093 = DIRECTION('',(-0.,-0.,-1.));
#4094 = DIRECTION('',(-1.,0.,0.));
#4095 = ADVANCED_FACE('',(#4096),#4117,.F.);
#4096 = FACE_BOUND('',#4097,.F.);
#4097 = EDGE_LOOP('',(#4098,#4106,#4113,#4114,#4115,#4116));
#4098 = ORIENTED_EDGE('',*,*,#4099,.T.);
#4099 = EDGE_CURVE('',#4065,#4100,#4102,.T.);
#4100 = VERTEX_POINT('',#4101);
#4101 = CARTESIAN_POINT('',(6.65,68.5,11.999999952316));
#4102 = LINE('',#4103,#4104);
#4103 = CARTESIAN_POINT('',(6.65,68.5,10.599999952316));
#4104 = VECTOR('',#4105,1.);
#4105 = DIRECTION('',(0.,0.,1.));
#4106 = ORIENTED_EDGE('',*,*,#4107,.F.);
#4107 = EDGE_CURVE('',#4100,#4100,#4108,.T.);
#4108 = CIRCLE('',#4109,0.65);
#4109 = AXIS2_PLACEMENT_3D('',#4110,#4111,#4112);
#4110 = CARTESIAN_POINT('',(6.,68.5,11.999999952316));
#4111 = DIRECTION('',(0.,0.,1.));
#4112 = DIRECTION('',(1.,0.,0.));
#4113 = ORIENTED_EDGE('',*,*,#4099,.F.);
#4114 = ORIENTED_EDGE('',*,*,#4075,.F.);
#4115 = ORIENTED_EDGE('',*,*,#4084,.F.);
#4116 = ORIENTED_EDGE('',*,*,#4064,.F.);
#4117 = CYLINDRICAL_SURFACE('',#4118,0.65);
#4118 = AXIS2_PLACEMENT_3D('',#4119,#4120,#4121);
#4119 = CARTESIAN_POINT('',(6.,68.5,10.599999952316));
#4120 = DIRECTION('',(0.,0.,1.));
#4121 = DIRECTION('',(1.,0.,0.));
#4122 = ADVANCED_FACE('',(#4123),#4126,.F.);
#4123 = FACE_BOUND('',#4124,.F.);
#4124 = EDGE_LOOP('',(#4125));
#4125 = ORIENTED_EDGE('',*,*,#4107,.T.);
#4126 = PLANE('',#4127);
#4127 = AXIS2_PLACEMENT_3D('',#4128,#4129,#4130);
#4128 = CARTESIAN_POINT('',(6.,68.5,11.999999952316));
#4129 = DIRECTION('',(0.,0.,1.));
#4130 = DIRECTION('',(1.,0.,0.));
#4131 = ADVANCED_FACE('',(#4132,#4139),#4168,.T.);
#4132 = FACE_BOUND('',#4133,.T.);
#4133 = EDGE_LOOP('',(#4134,#4135,#4136,#4137,#4138));
#4134 = ORIENTED_EDGE('',*,*,#1787,.T.);
#4135 = ORIENTED_EDGE('',*,*,#1762,.F.);
#4136 = ORIENTED_EDGE('',*,*,#1745,.F.);
#4137 = ORIENTED_EDGE('',*,*,#1719,.F.);
#4138 = ORIENTED_EDGE('',*,*,#1500,.F.);
#4139 = FACE_BOUND('',#4140,.T.);
#4140 = EDGE_LOOP('',(#4141,#4152,#4161));
#4141 = ORIENTED_EDGE('',*,*,#4142,.F.);
#4142 = EDGE_CURVE('',#4143,#4145,#4147,.T.);
#4143 = VERTEX_POINT('',#4144);
#4144 = CARTESIAN_POINT('',(6.65,52.5,10.699999952316));
#4145 = VERTEX_POINT('',#4146);
#4146 = CARTESIAN_POINT('',(6.,51.85,10.699999952316));
#4147 = CIRCLE('',#4148,0.65);
#4148 = AXIS2_PLACEMENT_3D('',#4149,#4150,#4151);
#4149 = CARTESIAN_POINT('',(6.,52.5,10.699999952316));
#4150 = DIRECTION('',(0.,0.,-1.));
#4151 = DIRECTION('',(1.,0.,0.));
#4152 = ORIENTED_EDGE('',*,*,#4153,.F.);
#4153 = EDGE_CURVE('',#4154,#4143,#4156,.T.);
#4154 = VERTEX_POINT('',#4155);
#4155 = CARTESIAN_POINT('',(6.,53.15,10.699999952316));
#4156 = CIRCLE('',#4157,0.65);
#4157 = AXIS2_PLACEMENT_3D('',#4158,#4159,#4160);
#4158 = CARTESIAN_POINT('',(6.,52.5,10.699999952316));
#4159 = DIRECTION('',(0.,0.,-1.));
#4160 = DIRECTION('',(1.,0.,0.));
#4161 = ORIENTED_EDGE('',*,*,#4162,.F.);
#4162 = EDGE_CURVE('',#4145,#4154,#4163,.T.);
#4163 = CIRCLE('',#4164,0.65);
#4164 = AXIS2_PLACEMENT_3D('',#4165,#4166,#4167);
#4165 = CARTESIAN_POINT('',(6.,52.5,10.699999952316));
#4166 = DIRECTION('',(0.,0.,-1.));
#4167 = DIRECTION('',(1.,0.,0.));
#4168 = PLANE('',#4169);
#4169 = AXIS2_PLACEMENT_3D('',#4170,#4171,#4172);
#4170 = CARTESIAN_POINT('',(4.953157134509,52.5,10.699999952316));
#4171 = DIRECTION('',(-0.,-0.,-1.));
#4172 = DIRECTION('',(-1.,0.,0.));
#4173 = ADVANCED_FACE('',(#4174),#4195,.F.);
#4174 = FACE_BOUND('',#4175,.F.);
#4175 = EDGE_LOOP('',(#4176,#4184,#4191,#4192,#4193,#4194));
#4176 = ORIENTED_EDGE('',*,*,#4177,.T.);
#4177 = EDGE_CURVE('',#4143,#4178,#4180,.T.);
#4178 = VERTEX_POINT('',#4179);
#4179 = CARTESIAN_POINT('',(6.65,52.5,11.999999952316));
#4180 = LINE('',#4181,#4182);
#4181 = CARTESIAN_POINT('',(6.65,52.5,10.599999952316));
#4182 = VECTOR('',#4183,1.);
#4183 = DIRECTION('',(0.,0.,1.));
#4184 = ORIENTED_EDGE('',*,*,#4185,.F.);
#4185 = EDGE_CURVE('',#4178,#4178,#4186,.T.);
#4186 = CIRCLE('',#4187,0.65);
#4187 = AXIS2_PLACEMENT_3D('',#4188,#4189,#4190);
#4188 = CARTESIAN_POINT('',(6.,52.5,11.999999952316));
#4189 = DIRECTION('',(0.,0.,1.));
#4190 = DIRECTION('',(1.,0.,0.));
#4191 = ORIENTED_EDGE('',*,*,#4177,.F.);
#4192 = ORIENTED_EDGE('',*,*,#4153,.F.);
#4193 = ORIENTED_EDGE('',*,*,#4162,.F.);
#4194 = ORIENTED_EDGE('',*,*,#4142,.F.);
#4195 = CYLINDRICAL_SURFACE('',#4196,0.65);
#4196 = AXIS2_PLACEMENT_3D('',#4197,#4198,#4199);
#4197 = CARTESIAN_POINT('',(6.,52.5,10.599999952316));
#4198 = DIRECTION('',(0.,0.,1.));
#4199 = DIRECTION('',(1.,0.,0.));
#4200 = ADVANCED_FACE('',(#4201),#4204,.F.);
#4201 = FACE_BOUND('',#4202,.F.);
#4202 = EDGE_LOOP('',(#4203));
#4203 = ORIENTED_EDGE('',*,*,#4185,.T.);
#4204 = PLANE('',#4205);
#4205 = AXIS2_PLACEMENT_3D('',#4206,#4207,#4208);
#4206 = CARTESIAN_POINT('',(6.,52.5,11.999999952316));
#4207 = DIRECTION('',(0.,0.,1.));
#4208 = DIRECTION('',(1.,0.,0.));
#4209 = ( GEOMETRIC_REPRESENTATION_CONTEXT(3) 
GLOBAL_UNCERTAINTY_ASSIGNED_CONTEXT((#4213)) 
GLOBAL_UNIT_ASSIGNED_CONTEXT((#4210,#4211,#4212)) REPRESENTATION_CONTEXT
('Context #1','3D Context with UNIT and UNCERTAINTY') );
#4210 = ( LENGTH_UNIT() NAMED_UNIT(*) SI_UNIT(.MILLI.,.METRE.) );
#4211 = ( NAMED_UNIT(*) PLANE_ANGLE_UNIT() SI_UNIT($,.RADIAN.) );
#4212 = ( NAMED_UNIT(*) SI_UNIT($,.STERADIAN.) SOLID_ANGLE_UNIT() );
#4213 = UNCERTAINTY_MEASURE_WITH_UNIT(LENGTH_MEASURE(1.E-05),#4210,
  'distance_accuracy_value','confusion accuracy');
#4214 = PRODUCT_RELATED_PRODUCT_CATEGORY('part',$,(#7));
ENDSEC;
END-ISO-10303-21;
