ISO-10303-21;
HEADER;
FILE_DESCRIPTION(('FreeCAD Model'),'2;1');
FILE_NAME('Open CASCADE Shape Model','2026-09-21T10:31:10',('FreeCAD'),(
    'FreeCAD'),'Open CASCADE STEP processor 7.8','FreeCAD','Unknown');
FILE_SCHEMA(('AUTOMOTIVE_DESIGN { 1 0 10303 214 1 1 1 1 }'));
ENDSEC;
DATA;
#1 = APPLICATION_PROTOCOL_DEFINITION('international standard',
  'automotive_design',2000,#2);
#2 = APPLICATION_CONTEXT(
  'core data for automotive mechanical design processes');
#3 = SHAPE_DEFINITION_REPRESENTATION(#4,#10);
#4 = PRODUCT_DEFINITION_SHAPE('','',#5);
#5 = PRODUCT_DEFINITION('design','',#6,#9);
#6 = PRODUCT_DEFINITION_FORMATION('','',#7);
#7 = PRODUCT('Open CASCADE STEP translator 7.8 1',
  'Open CASCADE STEP translator 7.8 1','',(#8));
#8 = PRODUCT_CONTEXT('',#2,'mechanical');
#9 = PRODUCT_DEFINITION_CONTEXT('part definition',#2,'design');
#10 = SHAPE_REPRESENTATION('',(#11,#15,#6520,#6670,#6960,#7250,#7540,
    #7690,#7840,#7990,#8140,#8290,#8440,#8590,#8740,#8890,#9040,#9190,
    #9340,#9490,#9640,#9790,#9940,#10090,#10240,#10390,#10540,#10690,
    #10840,#10990,#11144,#11294,#11448,#11598,#11748,#11902,#12052),
  #12202);
#11 = AXIS2_PLACEMENT_3D('',#12,#13,#14);
#12 = CARTESIAN_POINT('',(0.,0.,0.));
#13 = DIRECTION('',(0.,0.,1.));
#14 = DIRECTION('',(1.,0.,-0.));
#15 = MANIFOLD_SOLID_BREP('',#16);
#16 = CLOSED_SHELL('',(#17,#59,#90,#121,#1708,#3295,#3312,#3329,#3346,
    #3363,#3375,#3392,#3414,#3431,#3448,#3465,#3482,#3499,#3516,#3533,
    #3550,#3567,#3584,#3601,#3618,#3635,#3652,#3669,#3686,#3703,#3720,
    #3737,#3754,#3771,#3788,#3805,#3822,#3839,#3856,#3873,#3890,#3907,
    #3924,#3936,#3958,#3975,#3992,#4009,#4026,#4043,#4060,#4077,#4094,
    #4111,#4128,#4145,#4162,#4179,#4196,#4213,#4230,#4247,#4264,#4281,
    #4298,#4315,#4332,#4349,#4366,#4383,#4400,#4417,#4434,#4451,#4468,
    #4480,#4502,#4519,#4536,#4548,#4570,#4587,#4604,#4621,#4638,#4655,
    #4672,#4689,#4706,#4723,#4740,#4757,#4774,#4791,#4808,#4825,#4842,
    #4859,#4876,#4893,#4910,#4927,#4944,#4956,#4978,#4995,#5012,#5024,
    #5046,#5063,#5080,#5097,#5114,#5131,#5148,#5165,#5182,#5199,#5216,
    #5233,#5250,#5267,#5284,#5301,#5318,#5335,#5352,#5369,#5386,#5403,
    #5420,#5432,#5454,#5471,#5488,#5500,#5522,#5539,#5556,#5568,#5585,
    #5602,#5619,#5636,#5653,#5670,#5692,#5709,#5726,#5743,#5760,#5777,
    #5794,#5811,#5828,#5845,#5862,#5879,#5896,#5913,#5930,#5947,#5964,
    #5981,#5998,#6015,#6032,#6049,#6066,#6078,#6100,#6117,#6134,#6151,
    #6168,#6185,#6202,#6219,#6236,#6253,#6270,#6287,#6304,#6321,#6338,
    #6355,#6372,#6389,#6406,#6423,#6440,#6457,#6474,#6486,#6503));
#17 = ADVANCED_FACE('',(#18),#54,.T.);
#18 = FACE_BOUND('',#19,.T.);
#19 = EDGE_LOOP('',(#20,#30,#39,#47));
#20 = ORIENTED_EDGE('',*,*,#21,.T.);
#21 = EDGE_CURVE('',#22,#24,#26,.T.);
#22 = VERTEX_POINT('',#23);
#23 = CARTESIAN_POINT('',(2.2,1.,4.245));
#24 = VERTEX_POINT('',#25);
#25 = CARTESIAN_POINT('',(2.2,1.,5.155));
#26 = LINE('',#27,#28);
#27 = CARTESIAN_POINT('',(2.2,1.,4.245));
#28 = VECTOR('',#29,1.);
#29 = DIRECTION('',(0.,0.,1.));
#30 = ORIENTED_EDGE('',*,*,#31,.T.);
#31 = EDGE_CURVE('',#24,#32,#34,.T.);
#32 = VERTEX_POINT('',#33);
#33 = CARTESIAN_POINT('',(1.,2.2,5.155));
#34 = CIRCLE('',#35,1.200000469195);
#35 = AXIS2_PLACEMENT_3D('',#36,#37,#38);
#36 = CARTESIAN_POINT('',(2.200000469195,2.200000469195,5.155));
#37 = DIRECTION('',(-0.,0.,-1.));
#38 = DIRECTION('',(-3.9099536161E-07,-1.,0.));
#39 = ORIENTED_EDGE('',*,*,#40,.F.);
#40 = EDGE_CURVE('',#41,#32,#43,.T.);
#41 = VERTEX_POINT('',#42);
#42 = CARTESIAN_POINT('',(1.,2.2,4.245));
#43 = LINE('',#44,#45);
#44 = CARTESIAN_POINT('',(1.,2.2,4.245));
#45 = VECTOR('',#46,1.);
#46 = DIRECTION('',(0.,0.,1.));
#47 = ORIENTED_EDGE('',*,*,#48,.F.);
#48 = EDGE_CURVE('',#22,#41,#49,.T.);
#49 = CIRCLE('',#50,1.200000469195);
#50 = AXIS2_PLACEMENT_3D('',#51,#52,#53);
#51 = CARTESIAN_POINT('',(2.200000469195,2.200000469195,4.245));
#52 = DIRECTION('',(-0.,0.,-1.));
#53 = DIRECTION('',(-3.9099536161E-07,-1.,0.));
#54 = CYLINDRICAL_SURFACE('',#55,1.200000469195);
#55 = AXIS2_PLACEMENT_3D('',#56,#57,#58);
#56 = CARTESIAN_POINT('',(2.200000469195,2.200000469195,4.245));
#57 = DIRECTION('',(0.,0.,-1.));
#58 = DIRECTION('',(-3.9099536161E-07,-1.,0.));
#59 = ADVANCED_FACE('',(#60),#85,.T.);
#60 = FACE_BOUND('',#61,.T.);
#61 = EDGE_LOOP('',(#62,#72,#78,#79));
#62 = ORIENTED_EDGE('',*,*,#63,.T.);
#63 = EDGE_CURVE('',#64,#66,#68,.T.);
#64 = VERTEX_POINT('',#65);
#65 = CARTESIAN_POINT('',(47.8,1.,4.245));
#66 = VERTEX_POINT('',#67);
#67 = CARTESIAN_POINT('',(47.8,1.,5.155));
#68 = LINE('',#69,#70);
#69 = CARTESIAN_POINT('',(47.8,1.,4.245));
#70 = VECTOR('',#71,1.);
#71 = DIRECTION('',(0.,0.,1.));
#72 = ORIENTED_EDGE('',*,*,#73,.T.);
#73 = EDGE_CURVE('',#66,#24,#74,.T.);
#74 = LINE('',#75,#76);
#75 = CARTESIAN_POINT('',(47.8,1.,5.155));
#76 = VECTOR('',#77,1.);
#77 = DIRECTION('',(-1.,0.,0.));
#78 = ORIENTED_EDGE('',*,*,#21,.F.);
#79 = ORIENTED_EDGE('',*,*,#80,.F.);
#80 = EDGE_CURVE('',#64,#22,#81,.T.);
#81 = LINE('',#82,#83);
#82 = CARTESIAN_POINT('',(47.8,1.,4.245));
#83 = VECTOR('',#84,1.);
#84 = DIRECTION('',(-1.,0.,0.));
#85 = PLANE('',#86);
#86 = AXIS2_PLACEMENT_3D('',#87,#88,#89);
#87 = CARTESIAN_POINT('',(47.8,1.,4.245));
#88 = DIRECTION('',(0.,-1.,0.));
#89 = DIRECTION('',(-1.,0.,0.));
#90 = ADVANCED_FACE('',(#91),#116,.T.);
#91 = FACE_BOUND('',#92,.T.);
#92 = EDGE_LOOP('',(#93,#94,#102,#110));
#93 = ORIENTED_EDGE('',*,*,#40,.T.);
#94 = ORIENTED_EDGE('',*,*,#95,.T.);
#95 = EDGE_CURVE('',#32,#96,#98,.T.);
#96 = VERTEX_POINT('',#97);
#97 = CARTESIAN_POINT('',(1.,75.8,5.155));
#98 = LINE('',#99,#100);
#99 = CARTESIAN_POINT('',(1.,2.2,5.155));
#100 = VECTOR('',#101,1.);
#101 = DIRECTION('',(0.,1.,0.));
#102 = ORIENTED_EDGE('',*,*,#103,.F.);
#103 = EDGE_CURVE('',#104,#96,#106,.T.);
#104 = VERTEX_POINT('',#105);
#105 = CARTESIAN_POINT('',(1.,75.8,4.245));
#106 = LINE('',#107,#108);
#107 = CARTESIAN_POINT('',(1.,75.8,4.245));
#108 = VECTOR('',#109,1.);
#109 = DIRECTION('',(0.,0.,1.));
#110 = ORIENTED_EDGE('',*,*,#111,.F.);
#111 = EDGE_CURVE('',#41,#104,#112,.T.);
#112 = LINE('',#113,#114);
#113 = CARTESIAN_POINT('',(1.,2.2,4.245));
#114 = VECTOR('',#115,1.);
#115 = DIRECTION('',(0.,1.,0.));
#116 = PLANE('',#117);
#117 = AXIS2_PLACEMENT_3D('',#118,#119,#120);
#118 = CARTESIAN_POINT('',(1.,2.2,4.245));
#119 = DIRECTION('',(-1.,0.,0.));
#120 = DIRECTION('',(0.,1.,0.));
#121 = ADVANCED_FACE('',(#122,#168,#179,#437,#695,#731,#925,#961,#1155,
    #1191,#1227,#1238,#1249,#1260,#1271,#1282,#1293,#1487,#1681,#1692),
  #1703,.F.);
#122 = FACE_BOUND('',#123,.F.);
#123 = EDGE_LOOP('',(#124,#125,#126,#135,#143,#152,#160,#167));
#124 = ORIENTED_EDGE('',*,*,#48,.F.);
#125 = ORIENTED_EDGE('',*,*,#80,.F.);
#126 = ORIENTED_EDGE('',*,*,#127,.F.);
#127 = EDGE_CURVE('',#128,#64,#130,.T.);
#128 = VERTEX_POINT('',#129);
#129 = CARTESIAN_POINT('',(49.,2.2,4.245));
#130 = CIRCLE('',#131,1.200000469195);
#131 = AXIS2_PLACEMENT_3D('',#132,#133,#134);
#132 = CARTESIAN_POINT('',(47.799999530805,2.200000469195,4.245));
#133 = DIRECTION('',(0.,-0.,-1.));
#134 = DIRECTION('',(1.,-3.9099536216E-07,0.));
#135 = ORIENTED_EDGE('',*,*,#136,.F.);
#136 = EDGE_CURVE('',#137,#128,#139,.T.);
#137 = VERTEX_POINT('',#138);
#138 = CARTESIAN_POINT('',(49.,75.8,4.245));
#139 = LINE('',#140,#141);
#140 = CARTESIAN_POINT('',(49.,75.8,4.245));
#141 = VECTOR('',#142,1.);
#142 = DIRECTION('',(0.,-1.,0.));
#143 = ORIENTED_EDGE('',*,*,#144,.F.);
#144 = EDGE_CURVE('',#145,#137,#147,.T.);
#145 = VERTEX_POINT('',#146);
#146 = CARTESIAN_POINT('',(47.8,77.,4.245));
#147 = CIRCLE('',#148,1.200000469195);
#148 = AXIS2_PLACEMENT_3D('',#149,#150,#151);
#149 = CARTESIAN_POINT('',(47.799999530805,75.7999995308,4.245));
#150 = DIRECTION('',(0.,-0.,-1.));
#151 = DIRECTION('',(3.9099536105E-07,1.,-0.));
#152 = ORIENTED_EDGE('',*,*,#153,.F.);
#153 = EDGE_CURVE('',#154,#145,#156,.T.);
#154 = VERTEX_POINT('',#155);
#155 = CARTESIAN_POINT('',(2.2,77.,4.245));
#156 = LINE('',#157,#158);
#157 = CARTESIAN_POINT('',(2.2,77.,4.245));
#158 = VECTOR('',#159,1.);
#159 = DIRECTION('',(1.,0.,0.));
#160 = ORIENTED_EDGE('',*,*,#161,.F.);
#161 = EDGE_CURVE('',#104,#154,#162,.T.);
#162 = CIRCLE('',#163,1.200000469195);
#163 = AXIS2_PLACEMENT_3D('',#164,#165,#166);
#164 = CARTESIAN_POINT('',(2.200000469195,75.7999995308,4.245));
#165 = DIRECTION('',(-0.,0.,-1.));
#166 = DIRECTION('',(-1.,3.9099536161E-07,0.));
#167 = ORIENTED_EDGE('',*,*,#111,.F.);
#168 = FACE_BOUND('',#169,.F.);
#169 = EDGE_LOOP('',(#170));
#170 = ORIENTED_EDGE('',*,*,#171,.T.);
#171 = EDGE_CURVE('',#172,#172,#174,.T.);
#172 = VERTEX_POINT('',#173);
#173 = CARTESIAN_POINT('',(45.9385,72.0635,4.245));
#174 = CIRCLE('',#175,1.1);
#175 = AXIS2_PLACEMENT_3D('',#176,#177,#178);
#176 = CARTESIAN_POINT('',(45.9385,70.9635,4.245));
#177 = DIRECTION('',(0.,0.,-1.));
#178 = DIRECTION('',(0.,1.,0.));
#179 = FACE_BOUND('',#180,.F.);
#180 = EDGE_LOOP('',(#181,#191,#199,#207,#215,#223,#231,#239,#247,#255,
    #263,#271,#279,#287,#295,#303,#311,#319,#327,#335,#343,#351,#359,
    #367,#375,#383,#391,#399,#407,#415,#423,#431));
#181 = ORIENTED_EDGE('',*,*,#182,.F.);
#182 = EDGE_CURVE('',#183,#185,#187,.T.);
#183 = VERTEX_POINT('',#184);
#184 = CARTESIAN_POINT('',(38.167228,73.704448,4.245));
#185 = VERTEX_POINT('',#186);
#186 = CARTESIAN_POINT('',(38.312117,73.764463,4.245));
#187 = LINE('',#188,#189);
#188 = CARTESIAN_POINT('',(38.167228,73.704448,4.245));
#189 = VECTOR('',#190,1.);
#190 = DIRECTION('',(0.923879507349,0.382683493112,0.));
#191 = ORIENTED_EDGE('',*,*,#192,.F.);
#192 = EDGE_CURVE('',#193,#183,#195,.T.);
#193 = VERTEX_POINT('',#194);
#194 = CARTESIAN_POINT('',(38.013414,73.673852,4.245));
#195 = LINE('',#196,#197);
#196 = CARTESIAN_POINT('',(38.013414,73.673852,4.245));
#197 = VECTOR('',#198,1.);
#198 = DIRECTION('',(0.980784678749,0.195093346711,0.));
#199 = ORIENTED_EDGE('',*,*,#200,.F.);
#200 = EDGE_CURVE('',#201,#193,#203,.T.);
#201 = VERTEX_POINT('',#202);
#202 = CARTESIAN_POINT('',(37.856586,73.673852,4.245));
#203 = LINE('',#204,#205);
#204 = CARTESIAN_POINT('',(37.856586,73.673852,4.245));
#205 = VECTOR('',#206,1.);
#206 = DIRECTION('',(1.,0.,0.));
#207 = ORIENTED_EDGE('',*,*,#208,.F.);
#208 = EDGE_CURVE('',#209,#201,#211,.T.);
#209 = VERTEX_POINT('',#210);
#210 = CARTESIAN_POINT('',(37.702772,73.704448,4.245));
#211 = LINE('',#212,#213);
#212 = CARTESIAN_POINT('',(37.702772,73.704448,4.245));
#213 = VECTOR('',#214,1.);
#214 = DIRECTION('',(0.980784678749,-0.195093346711,0.));
#215 = ORIENTED_EDGE('',*,*,#216,.F.);
#216 = EDGE_CURVE('',#217,#209,#219,.T.);
#217 = VERTEX_POINT('',#218);
#218 = CARTESIAN_POINT('',(37.557883,73.764463,4.245));
#219 = LINE('',#220,#221);
#220 = CARTESIAN_POINT('',(37.557883,73.764463,4.245));
#221 = VECTOR('',#222,1.);
#222 = DIRECTION('',(0.923879507349,-0.382683493112,0.));
#223 = ORIENTED_EDGE('',*,*,#224,.F.);
#224 = EDGE_CURVE('',#225,#217,#227,.T.);
#225 = VERTEX_POINT('',#226);
#226 = CARTESIAN_POINT('',(37.427485,73.851592,4.245));
#227 = LINE('',#228,#229);
#228 = CARTESIAN_POINT('',(37.427485,73.851592,4.245));
#229 = VECTOR('',#230,1.);
#230 = DIRECTION('',(0.831470077774,-0.555569536391,0.));
#231 = ORIENTED_EDGE('',*,*,#232,.F.);
#232 = EDGE_CURVE('',#233,#225,#235,.T.);
#233 = VERTEX_POINT('',#234);
#234 = CARTESIAN_POINT('',(37.316592,73.962485,4.245));
#235 = LINE('',#236,#237);
#236 = CARTESIAN_POINT('',(37.316592,73.962485,4.245));
#237 = VECTOR('',#238,1.);
#238 = DIRECTION('',(0.707106781187,-0.707106781187,0.));
#239 = ORIENTED_EDGE('',*,*,#240,.F.);
#240 = EDGE_CURVE('',#241,#233,#243,.T.);
#241 = VERTEX_POINT('',#242);
#242 = CARTESIAN_POINT('',(37.229463,74.092883,4.245));
#243 = LINE('',#244,#245);
#244 = CARTESIAN_POINT('',(37.229463,74.092883,4.245));
#245 = VECTOR('',#246,1.);
#246 = DIRECTION('',(0.555569536392,-0.831470077774,0.));
#247 = ORIENTED_EDGE('',*,*,#248,.F.);
#248 = EDGE_CURVE('',#249,#241,#251,.T.);
#249 = VERTEX_POINT('',#250);
#250 = CARTESIAN_POINT('',(37.169448,74.237772,4.245));
#251 = LINE('',#252,#253);
#252 = CARTESIAN_POINT('',(37.169448,74.237772,4.245));
#253 = VECTOR('',#254,1.);
#254 = DIRECTION('',(0.382683493112,-0.923879507349,0.));
#255 = ORIENTED_EDGE('',*,*,#256,.F.);
#256 = EDGE_CURVE('',#257,#249,#259,.T.);
#257 = VERTEX_POINT('',#258);
#258 = CARTESIAN_POINT('',(37.138852,74.391586,4.245));
#259 = LINE('',#260,#261);
#260 = CARTESIAN_POINT('',(37.138852,74.391586,4.245));
#261 = VECTOR('',#262,1.);
#262 = DIRECTION('',(0.195093346711,-0.980784678749,0.));
#263 = ORIENTED_EDGE('',*,*,#264,.F.);
#264 = EDGE_CURVE('',#265,#257,#267,.T.);
#265 = VERTEX_POINT('',#266);
#266 = CARTESIAN_POINT('',(37.138852,74.548414,4.245));
#267 = LINE('',#268,#269);
#268 = CARTESIAN_POINT('',(37.138852,74.548414,4.245));
#269 = VECTOR('',#270,1.);
#270 = DIRECTION('',(0.,-1.,0.));
#271 = ORIENTED_EDGE('',*,*,#272,.F.);
#272 = EDGE_CURVE('',#273,#265,#275,.T.);
#273 = VERTEX_POINT('',#274);
#274 = CARTESIAN_POINT('',(37.169448,74.702228,4.245));
#275 = LINE('',#276,#277);
#276 = CARTESIAN_POINT('',(37.169448,74.702228,4.245));
#277 = VECTOR('',#278,1.);
#278 = DIRECTION('',(-0.195093346711,-0.980784678749,0.));
#279 = ORIENTED_EDGE('',*,*,#280,.F.);
#280 = EDGE_CURVE('',#281,#273,#283,.T.);
#281 = VERTEX_POINT('',#282);
#282 = CARTESIAN_POINT('',(37.229463,74.847117,4.245));
#283 = LINE('',#284,#285);
#284 = CARTESIAN_POINT('',(37.229463,74.847117,4.245));
#285 = VECTOR('',#286,1.);
#286 = DIRECTION('',(-0.382683493112,-0.923879507349,0.));
#287 = ORIENTED_EDGE('',*,*,#288,.F.);
#288 = EDGE_CURVE('',#289,#281,#291,.T.);
#289 = VERTEX_POINT('',#290);
#290 = CARTESIAN_POINT('',(37.316592,74.977515,4.245));
#291 = LINE('',#292,#293);
#292 = CARTESIAN_POINT('',(37.316592,74.977515,4.245));
#293 = VECTOR('',#294,1.);
#294 = DIRECTION('',(-0.555569536392,-0.831470077774,0.));
#295 = ORIENTED_EDGE('',*,*,#296,.F.);
#296 = EDGE_CURVE('',#297,#289,#299,.T.);
#297 = VERTEX_POINT('',#298);
#298 = CARTESIAN_POINT('',(37.427485,75.088408,4.245));
#299 = LINE('',#300,#301);
#300 = CARTESIAN_POINT('',(37.427485,75.088408,4.245));
#301 = VECTOR('',#302,1.);
#302 = DIRECTION('',(-0.707106781187,-0.707106781187,0.));
#303 = ORIENTED_EDGE('',*,*,#304,.F.);
#304 = EDGE_CURVE('',#305,#297,#307,.T.);
#305 = VERTEX_POINT('',#306);
#306 = CARTESIAN_POINT('',(37.557883,75.175537,4.245));
#307 = LINE('',#308,#309);
#308 = CARTESIAN_POINT('',(37.557883,75.175537,4.245));
#309 = VECTOR('',#310,1.);
#310 = DIRECTION('',(-0.831470077774,-0.555569536392,0.));
#311 = ORIENTED_EDGE('',*,*,#312,.F.);
#312 = EDGE_CURVE('',#313,#305,#315,.T.);
#313 = VERTEX_POINT('',#314);
#314 = CARTESIAN_POINT('',(37.702772,75.235552,4.245));
#315 = LINE('',#316,#317);
#316 = CARTESIAN_POINT('',(37.702772,75.235552,4.245));
#317 = VECTOR('',#318,1.);
#318 = DIRECTION('',(-0.923879507349,-0.382683493112,0.));
#319 = ORIENTED_EDGE('',*,*,#320,.F.);
#320 = EDGE_CURVE('',#321,#313,#323,.T.);
#321 = VERTEX_POINT('',#322);
#322 = CARTESIAN_POINT('',(37.856586,75.266148,4.245));
#323 = LINE('',#324,#325);
#324 = CARTESIAN_POINT('',(37.856586,75.266148,4.245));
#325 = VECTOR('',#326,1.);
#326 = DIRECTION('',(-0.980784678749,-0.195093346711,0.));
#327 = ORIENTED_EDGE('',*,*,#328,.F.);
#328 = EDGE_CURVE('',#329,#321,#331,.T.);
#329 = VERTEX_POINT('',#330);
#330 = CARTESIAN_POINT('',(38.013414,75.266148,4.245));
#331 = LINE('',#332,#333);
#332 = CARTESIAN_POINT('',(38.013414,75.266148,4.245));
#333 = VECTOR('',#334,1.);
#334 = DIRECTION('',(-1.,0.,0.));
#335 = ORIENTED_EDGE('',*,*,#336,.F.);
#336 = EDGE_CURVE('',#337,#329,#339,.T.);
#337 = VERTEX_POINT('',#338);
#338 = CARTESIAN_POINT('',(38.167228,75.235552,4.245));
#339 = LINE('',#340,#341);
#340 = CARTESIAN_POINT('',(38.167228,75.235552,4.245));
#341 = VECTOR('',#342,1.);
#342 = DIRECTION('',(-0.980784678749,0.195093346711,0.));
#343 = ORIENTED_EDGE('',*,*,#344,.F.);
#344 = EDGE_CURVE('',#345,#337,#347,.T.);
#345 = VERTEX_POINT('',#346);
#346 = CARTESIAN_POINT('',(38.312117,75.175537,4.245));
#347 = LINE('',#348,#349);
#348 = CARTESIAN_POINT('',(38.312117,75.175537,4.245));
#349 = VECTOR('',#350,1.);
#350 = DIRECTION('',(-0.923879507349,0.382683493112,0.));
#351 = ORIENTED_EDGE('',*,*,#352,.F.);
#352 = EDGE_CURVE('',#353,#345,#355,.T.);
#353 = VERTEX_POINT('',#354);
#354 = CARTESIAN_POINT('',(38.442515,75.088408,4.245));
#355 = LINE('',#356,#357);
#356 = CARTESIAN_POINT('',(38.442515,75.088408,4.245));
#357 = VECTOR('',#358,1.);
#358 = DIRECTION('',(-0.831470077774,0.555569536392,0.));
#359 = ORIENTED_EDGE('',*,*,#360,.F.);
#360 = EDGE_CURVE('',#361,#353,#363,.T.);
#361 = VERTEX_POINT('',#362);
#362 = CARTESIAN_POINT('',(38.553408,74.977515,4.245));
#363 = LINE('',#364,#365);
#364 = CARTESIAN_POINT('',(38.553408,74.977515,4.245));
#365 = VECTOR('',#366,1.);
#366 = DIRECTION('',(-0.707106781187,0.707106781187,0.));
#367 = ORIENTED_EDGE('',*,*,#368,.F.);
#368 = EDGE_CURVE('',#369,#361,#371,.T.);
#369 = VERTEX_POINT('',#370);
#370 = CARTESIAN_POINT('',(38.640537,74.847117,4.245));
#371 = LINE('',#372,#373);
#372 = CARTESIAN_POINT('',(38.640537,74.847117,4.245));
#373 = VECTOR('',#374,1.);
#374 = DIRECTION('',(-0.555569536392,0.831470077774,0.));
#375 = ORIENTED_EDGE('',*,*,#376,.F.);
#376 = EDGE_CURVE('',#377,#369,#379,.T.);
#377 = VERTEX_POINT('',#378);
#378 = CARTESIAN_POINT('',(38.700552,74.702228,4.245));
#379 = LINE('',#380,#381);
#380 = CARTESIAN_POINT('',(38.700552,74.702228,4.245));
#381 = VECTOR('',#382,1.);
#382 = DIRECTION('',(-0.382683493112,0.923879507349,0.));
#383 = ORIENTED_EDGE('',*,*,#384,.F.);
#384 = EDGE_CURVE('',#385,#377,#387,.T.);
#385 = VERTEX_POINT('',#386);
#386 = CARTESIAN_POINT('',(38.731148,74.548414,4.245));
#387 = LINE('',#388,#389);
#388 = CARTESIAN_POINT('',(38.731148,74.548414,4.245));
#389 = VECTOR('',#390,1.);
#390 = DIRECTION('',(-0.195093346711,0.980784678749,0.));
#391 = ORIENTED_EDGE('',*,*,#392,.F.);
#392 = EDGE_CURVE('',#393,#385,#395,.T.);
#393 = VERTEX_POINT('',#394);
#394 = CARTESIAN_POINT('',(38.731148,74.391586,4.245));
#395 = LINE('',#396,#397);
#396 = CARTESIAN_POINT('',(38.731148,74.391586,4.245));
#397 = VECTOR('',#398,1.);
#398 = DIRECTION('',(0.,1.,0.));
#399 = ORIENTED_EDGE('',*,*,#400,.F.);
#400 = EDGE_CURVE('',#401,#393,#403,.T.);
#401 = VERTEX_POINT('',#402);
#402 = CARTESIAN_POINT('',(38.700552,74.237772,4.245));
#403 = LINE('',#404,#405);
#404 = CARTESIAN_POINT('',(38.700552,74.237772,4.245));
#405 = VECTOR('',#406,1.);
#406 = DIRECTION('',(0.195093346711,0.980784678749,0.));
#407 = ORIENTED_EDGE('',*,*,#408,.F.);
#408 = EDGE_CURVE('',#409,#401,#411,.T.);
#409 = VERTEX_POINT('',#410);
#410 = CARTESIAN_POINT('',(38.640537,74.092883,4.245));
#411 = LINE('',#412,#413);
#412 = CARTESIAN_POINT('',(38.640537,74.092883,4.245));
#413 = VECTOR('',#414,1.);
#414 = DIRECTION('',(0.382683493112,0.923879507349,0.));
#415 = ORIENTED_EDGE('',*,*,#416,.F.);
#416 = EDGE_CURVE('',#417,#409,#419,.T.);
#417 = VERTEX_POINT('',#418);
#418 = CARTESIAN_POINT('',(38.553408,73.962485,4.245));
#419 = LINE('',#420,#421);
#420 = CARTESIAN_POINT('',(38.553408,73.962485,4.245));
#421 = VECTOR('',#422,1.);
#422 = DIRECTION('',(0.555569536392,0.831470077774,0.));
#423 = ORIENTED_EDGE('',*,*,#424,.F.);
#424 = EDGE_CURVE('',#425,#417,#427,.T.);
#425 = VERTEX_POINT('',#426);
#426 = CARTESIAN_POINT('',(38.442515,73.851592,4.245));
#427 = LINE('',#428,#429);
#428 = CARTESIAN_POINT('',(38.442515,73.851592,4.245));
#429 = VECTOR('',#430,1.);
#430 = DIRECTION('',(0.707106781187,0.707106781187,0.));
#431 = ORIENTED_EDGE('',*,*,#432,.F.);
#432 = EDGE_CURVE('',#185,#425,#433,.T.);
#433 = LINE('',#434,#435);
#434 = CARTESIAN_POINT('',(38.312117,73.764463,4.245));
#435 = VECTOR('',#436,1.);
#436 = DIRECTION('',(0.831470077774,0.555569536391,0.));
#437 = FACE_BOUND('',#438,.F.);
#438 = EDGE_LOOP('',(#439,#449,#457,#465,#473,#481,#489,#497,#505,#513,
    #521,#529,#537,#545,#553,#561,#569,#577,#585,#593,#601,#609,#617,
    #625,#633,#641,#649,#657,#665,#673,#681,#689));
#439 = ORIENTED_EDGE('',*,*,#440,.F.);
#440 = EDGE_CURVE('',#441,#443,#445,.T.);
#441 = VERTEX_POINT('',#442);
#442 = CARTESIAN_POINT('',(38.167228,66.704448,4.245));
#443 = VERTEX_POINT('',#444);
#444 = CARTESIAN_POINT('',(38.312117,66.764463,4.245));
#445 = LINE('',#446,#447);
#446 = CARTESIAN_POINT('',(38.167228,66.704448,4.245));
#447 = VECTOR('',#448,1.);
#448 = DIRECTION('',(0.923879507349,0.382683493112,0.));
#449 = ORIENTED_EDGE('',*,*,#450,.F.);
#450 = EDGE_CURVE('',#451,#441,#453,.T.);
#451 = VERTEX_POINT('',#452);
#452 = CARTESIAN_POINT('',(38.013414,66.673852,4.245));
#453 = LINE('',#454,#455);
#454 = CARTESIAN_POINT('',(38.013414,66.673852,4.245));
#455 = VECTOR('',#456,1.);
#456 = DIRECTION('',(0.980784678749,0.195093346711,0.));
#457 = ORIENTED_EDGE('',*,*,#458,.F.);
#458 = EDGE_CURVE('',#459,#451,#461,.T.);
#459 = VERTEX_POINT('',#460);
#460 = CARTESIAN_POINT('',(37.856586,66.673852,4.245));
#461 = LINE('',#462,#463);
#462 = CARTESIAN_POINT('',(37.856586,66.673852,4.245));
#463 = VECTOR('',#464,1.);
#464 = DIRECTION('',(1.,0.,0.));
#465 = ORIENTED_EDGE('',*,*,#466,.F.);
#466 = EDGE_CURVE('',#467,#459,#469,.T.);
#467 = VERTEX_POINT('',#468);
#468 = CARTESIAN_POINT('',(37.702772,66.704448,4.245));
#469 = LINE('',#470,#471);
#470 = CARTESIAN_POINT('',(37.702772,66.704448,4.245));
#471 = VECTOR('',#472,1.);
#472 = DIRECTION('',(0.980784678749,-0.195093346711,0.));
#473 = ORIENTED_EDGE('',*,*,#474,.F.);
#474 = EDGE_CURVE('',#475,#467,#477,.T.);
#475 = VERTEX_POINT('',#476);
#476 = CARTESIAN_POINT('',(37.557883,66.764463,4.245));
#477 = LINE('',#478,#479);
#478 = CARTESIAN_POINT('',(37.557883,66.764463,4.245));
#479 = VECTOR('',#480,1.);
#480 = DIRECTION('',(0.923879507349,-0.382683493112,0.));
#481 = ORIENTED_EDGE('',*,*,#482,.F.);
#482 = EDGE_CURVE('',#483,#475,#485,.T.);
#483 = VERTEX_POINT('',#484);
#484 = CARTESIAN_POINT('',(37.427485,66.851592,4.245));
#485 = LINE('',#486,#487);
#486 = CARTESIAN_POINT('',(37.427485,66.851592,4.245));
#487 = VECTOR('',#488,1.);
#488 = DIRECTION('',(0.831470077774,-0.555569536391,0.));
#489 = ORIENTED_EDGE('',*,*,#490,.F.);
#490 = EDGE_CURVE('',#491,#483,#493,.T.);
#491 = VERTEX_POINT('',#492);
#492 = CARTESIAN_POINT('',(37.316592,66.962485,4.245));
#493 = LINE('',#494,#495);
#494 = CARTESIAN_POINT('',(37.316592,66.962485,4.245));
#495 = VECTOR('',#496,1.);
#496 = DIRECTION('',(0.707106781187,-0.707106781187,0.));
#497 = ORIENTED_EDGE('',*,*,#498,.F.);
#498 = EDGE_CURVE('',#499,#491,#501,.T.);
#499 = VERTEX_POINT('',#500);
#500 = CARTESIAN_POINT('',(37.229463,67.092883,4.245));
#501 = LINE('',#502,#503);
#502 = CARTESIAN_POINT('',(37.229463,67.092883,4.245));
#503 = VECTOR('',#504,1.);
#504 = DIRECTION('',(0.555569536392,-0.831470077774,0.));
#505 = ORIENTED_EDGE('',*,*,#506,.F.);
#506 = EDGE_CURVE('',#507,#499,#509,.T.);
#507 = VERTEX_POINT('',#508);
#508 = CARTESIAN_POINT('',(37.169448,67.237772,4.245));
#509 = LINE('',#510,#511);
#510 = CARTESIAN_POINT('',(37.169448,67.237772,4.245));
#511 = VECTOR('',#512,1.);
#512 = DIRECTION('',(0.382683493112,-0.923879507349,0.));
#513 = ORIENTED_EDGE('',*,*,#514,.F.);
#514 = EDGE_CURVE('',#515,#507,#517,.T.);
#515 = VERTEX_POINT('',#516);
#516 = CARTESIAN_POINT('',(37.138852,67.391586,4.245));
#517 = LINE('',#518,#519);
#518 = CARTESIAN_POINT('',(37.138852,67.391586,4.245));
#519 = VECTOR('',#520,1.);
#520 = DIRECTION('',(0.195093346711,-0.980784678749,0.));
#521 = ORIENTED_EDGE('',*,*,#522,.F.);
#522 = EDGE_CURVE('',#523,#515,#525,.T.);
#523 = VERTEX_POINT('',#524);
#524 = CARTESIAN_POINT('',(37.138852,67.548414,4.245));
#525 = LINE('',#526,#527);
#526 = CARTESIAN_POINT('',(37.138852,67.548414,4.245));
#527 = VECTOR('',#528,1.);
#528 = DIRECTION('',(0.,-1.,0.));
#529 = ORIENTED_EDGE('',*,*,#530,.F.);
#530 = EDGE_CURVE('',#531,#523,#533,.T.);
#531 = VERTEX_POINT('',#532);
#532 = CARTESIAN_POINT('',(37.169448,67.702228,4.245));
#533 = LINE('',#534,#535);
#534 = CARTESIAN_POINT('',(37.169448,67.702228,4.245));
#535 = VECTOR('',#536,1.);
#536 = DIRECTION('',(-0.195093346711,-0.980784678749,0.));
#537 = ORIENTED_EDGE('',*,*,#538,.F.);
#538 = EDGE_CURVE('',#539,#531,#541,.T.);
#539 = VERTEX_POINT('',#540);
#540 = CARTESIAN_POINT('',(37.229463,67.847117,4.245));
#541 = LINE('',#542,#543);
#542 = CARTESIAN_POINT('',(37.229463,67.847117,4.245));
#543 = VECTOR('',#544,1.);
#544 = DIRECTION('',(-0.382683493112,-0.923879507349,0.));
#545 = ORIENTED_EDGE('',*,*,#546,.F.);
#546 = EDGE_CURVE('',#547,#539,#549,.T.);
#547 = VERTEX_POINT('',#548);
#548 = CARTESIAN_POINT('',(37.316592,67.977515,4.245));
#549 = LINE('',#550,#551);
#550 = CARTESIAN_POINT('',(37.316592,67.977515,4.245));
#551 = VECTOR('',#552,1.);
#552 = DIRECTION('',(-0.555569536392,-0.831470077774,0.));
#553 = ORIENTED_EDGE('',*,*,#554,.F.);
#554 = EDGE_CURVE('',#555,#547,#557,.T.);
#555 = VERTEX_POINT('',#556);
#556 = CARTESIAN_POINT('',(37.427485,68.088408,4.245));
#557 = LINE('',#558,#559);
#558 = CARTESIAN_POINT('',(37.427485,68.088408,4.245));
#559 = VECTOR('',#560,1.);
#560 = DIRECTION('',(-0.707106781187,-0.707106781187,0.));
#561 = ORIENTED_EDGE('',*,*,#562,.F.);
#562 = EDGE_CURVE('',#563,#555,#565,.T.);
#563 = VERTEX_POINT('',#564);
#564 = CARTESIAN_POINT('',(37.557883,68.175537,4.245));
#565 = LINE('',#566,#567);
#566 = CARTESIAN_POINT('',(37.557883,68.175537,4.245));
#567 = VECTOR('',#568,1.);
#568 = DIRECTION('',(-0.831470077774,-0.555569536392,0.));
#569 = ORIENTED_EDGE('',*,*,#570,.F.);
#570 = EDGE_CURVE('',#571,#563,#573,.T.);
#571 = VERTEX_POINT('',#572);
#572 = CARTESIAN_POINT('',(37.702772,68.235552,4.245));
#573 = LINE('',#574,#575);
#574 = CARTESIAN_POINT('',(37.702772,68.235552,4.245));
#575 = VECTOR('',#576,1.);
#576 = DIRECTION('',(-0.923879507349,-0.382683493112,0.));
#577 = ORIENTED_EDGE('',*,*,#578,.F.);
#578 = EDGE_CURVE('',#579,#571,#581,.T.);
#579 = VERTEX_POINT('',#580);
#580 = CARTESIAN_POINT('',(37.856586,68.266148,4.245));
#581 = LINE('',#582,#583);
#582 = CARTESIAN_POINT('',(37.856586,68.266148,4.245));
#583 = VECTOR('',#584,1.);
#584 = DIRECTION('',(-0.980784678749,-0.195093346711,0.));
#585 = ORIENTED_EDGE('',*,*,#586,.F.);
#586 = EDGE_CURVE('',#587,#579,#589,.T.);
#587 = VERTEX_POINT('',#588);
#588 = CARTESIAN_POINT('',(38.013414,68.266148,4.245));
#589 = LINE('',#590,#591);
#590 = CARTESIAN_POINT('',(38.013414,68.266148,4.245));
#591 = VECTOR('',#592,1.);
#592 = DIRECTION('',(-1.,0.,0.));
#593 = ORIENTED_EDGE('',*,*,#594,.F.);
#594 = EDGE_CURVE('',#595,#587,#597,.T.);
#595 = VERTEX_POINT('',#596);
#596 = CARTESIAN_POINT('',(38.167228,68.235552,4.245));
#597 = LINE('',#598,#599);
#598 = CARTESIAN_POINT('',(38.167228,68.235552,4.245));
#599 = VECTOR('',#600,1.);
#600 = DIRECTION('',(-0.980784678749,0.195093346711,0.));
#601 = ORIENTED_EDGE('',*,*,#602,.F.);
#602 = EDGE_CURVE('',#603,#595,#605,.T.);
#603 = VERTEX_POINT('',#604);
#604 = CARTESIAN_POINT('',(38.312117,68.175537,4.245));
#605 = LINE('',#606,#607);
#606 = CARTESIAN_POINT('',(38.312117,68.175537,4.245));
#607 = VECTOR('',#608,1.);
#608 = DIRECTION('',(-0.923879507349,0.382683493112,0.));
#609 = ORIENTED_EDGE('',*,*,#610,.F.);
#610 = EDGE_CURVE('',#611,#603,#613,.T.);
#611 = VERTEX_POINT('',#612);
#612 = CARTESIAN_POINT('',(38.442515,68.088408,4.245));
#613 = LINE('',#614,#615);
#614 = CARTESIAN_POINT('',(38.442515,68.088408,4.245));
#615 = VECTOR('',#616,1.);
#616 = DIRECTION('',(-0.831470077774,0.555569536392,0.));
#617 = ORIENTED_EDGE('',*,*,#618,.F.);
#618 = EDGE_CURVE('',#619,#611,#621,.T.);
#619 = VERTEX_POINT('',#620);
#620 = CARTESIAN_POINT('',(38.553408,67.977515,4.245));
#621 = LINE('',#622,#623);
#622 = CARTESIAN_POINT('',(38.553408,67.977515,4.245));
#623 = VECTOR('',#624,1.);
#624 = DIRECTION('',(-0.707106781187,0.707106781187,0.));
#625 = ORIENTED_EDGE('',*,*,#626,.F.);
#626 = EDGE_CURVE('',#627,#619,#629,.T.);
#627 = VERTEX_POINT('',#628);
#628 = CARTESIAN_POINT('',(38.640537,67.847117,4.245));
#629 = LINE('',#630,#631);
#630 = CARTESIAN_POINT('',(38.640537,67.847117,4.245));
#631 = VECTOR('',#632,1.);
#632 = DIRECTION('',(-0.555569536392,0.831470077774,0.));
#633 = ORIENTED_EDGE('',*,*,#634,.F.);
#634 = EDGE_CURVE('',#635,#627,#637,.T.);
#635 = VERTEX_POINT('',#636);
#636 = CARTESIAN_POINT('',(38.700552,67.702228,4.245));
#637 = LINE('',#638,#639);
#638 = CARTESIAN_POINT('',(38.700552,67.702228,4.245));
#639 = VECTOR('',#640,1.);
#640 = DIRECTION('',(-0.382683493112,0.923879507349,0.));
#641 = ORIENTED_EDGE('',*,*,#642,.F.);
#642 = EDGE_CURVE('',#643,#635,#645,.T.);
#643 = VERTEX_POINT('',#644);
#644 = CARTESIAN_POINT('',(38.731148,67.548414,4.245));
#645 = LINE('',#646,#647);
#646 = CARTESIAN_POINT('',(38.731148,67.548414,4.245));
#647 = VECTOR('',#648,1.);
#648 = DIRECTION('',(-0.195093346711,0.980784678749,0.));
#649 = ORIENTED_EDGE('',*,*,#650,.F.);
#650 = EDGE_CURVE('',#651,#643,#653,.T.);
#651 = VERTEX_POINT('',#652);
#652 = CARTESIAN_POINT('',(38.731148,67.391586,4.245));
#653 = LINE('',#654,#655);
#654 = CARTESIAN_POINT('',(38.731148,67.391586,4.245));
#655 = VECTOR('',#656,1.);
#656 = DIRECTION('',(0.,1.,0.));
#657 = ORIENTED_EDGE('',*,*,#658,.F.);
#658 = EDGE_CURVE('',#659,#651,#661,.T.);
#659 = VERTEX_POINT('',#660);
#660 = CARTESIAN_POINT('',(38.700552,67.237772,4.245));
#661 = LINE('',#662,#663);
#662 = CARTESIAN_POINT('',(38.700552,67.237772,4.245));
#663 = VECTOR('',#664,1.);
#664 = DIRECTION('',(0.195093346711,0.980784678749,0.));
#665 = ORIENTED_EDGE('',*,*,#666,.F.);
#666 = EDGE_CURVE('',#667,#659,#669,.T.);
#667 = VERTEX_POINT('',#668);
#668 = CARTESIAN_POINT('',(38.640537,67.092883,4.245));
#669 = LINE('',#670,#671);
#670 = CARTESIAN_POINT('',(38.640537,67.092883,4.245));
#671 = VECTOR('',#672,1.);
#672 = DIRECTION('',(0.382683493112,0.923879507349,0.));
#673 = ORIENTED_EDGE('',*,*,#674,.F.);
#674 = EDGE_CURVE('',#675,#667,#677,.T.);
#675 = VERTEX_POINT('',#676);
#676 = CARTESIAN_POINT('',(38.553408,66.962485,4.245));
#677 = LINE('',#678,#679);
#678 = CARTESIAN_POINT('',(38.553408,66.962485,4.245));
#679 = VECTOR('',#680,1.);
#680 = DIRECTION('',(0.555569536392,0.831470077774,0.));
#681 = ORIENTED_EDGE('',*,*,#682,.F.);
#682 = EDGE_CURVE('',#683,#675,#685,.T.);
#683 = VERTEX_POINT('',#684);
#684 = CARTESIAN_POINT('',(38.442515,66.851592,4.245));
#685 = LINE('',#686,#687);
#686 = CARTESIAN_POINT('',(38.442515,66.851592,4.245));
#687 = VECTOR('',#688,1.);
#688 = DIRECTION('',(0.707106781187,0.707106781187,0.));
#689 = ORIENTED_EDGE('',*,*,#690,.F.);
#690 = EDGE_CURVE('',#443,#683,#691,.T.);
#691 = LINE('',#692,#693);
#692 = CARTESIAN_POINT('',(38.312117,66.764463,4.245));
#693 = VECTOR('',#694,1.);
#694 = DIRECTION('',(0.831470077774,0.555569536391,0.));
#695 = FACE_BOUND('',#696,.F.);
#696 = EDGE_LOOP('',(#697,#708,#716,#725));
#697 = ORIENTED_EDGE('',*,*,#698,.T.);
#698 = EDGE_CURVE('',#699,#701,#703,.T.);
#699 = VERTEX_POINT('',#700);
#700 = CARTESIAN_POINT('',(17.576,75.621,4.245));
#701 = VERTEX_POINT('',#702);
#702 = CARTESIAN_POINT('',(18.176,75.621,4.245));
#703 = CIRCLE('',#704,0.3);
#704 = AXIS2_PLACEMENT_3D('',#705,#706,#707);
#705 = CARTESIAN_POINT('',(17.876,75.621,4.245));
#706 = DIRECTION('',(0.,-0.,-1.));
#707 = DIRECTION('',(1.,-4.737E-14,0.));
#708 = ORIENTED_EDGE('',*,*,#709,.T.);
#709 = EDGE_CURVE('',#701,#710,#712,.T.);
#710 = VERTEX_POINT('',#711);
#711 = CARTESIAN_POINT('',(18.176,75.021,4.245));
#712 = LINE('',#713,#714);
#713 = CARTESIAN_POINT('',(18.176,38.0105,4.245));
#714 = VECTOR('',#715,1.);
#715 = DIRECTION('',(0.,-1.,0.));
#716 = ORIENTED_EDGE('',*,*,#717,.T.);
#717 = EDGE_CURVE('',#710,#718,#720,.T.);
#718 = VERTEX_POINT('',#719);
#719 = CARTESIAN_POINT('',(17.576,75.021,4.245));
#720 = CIRCLE('',#721,0.3);
#721 = AXIS2_PLACEMENT_3D('',#722,#723,#724);
#722 = CARTESIAN_POINT('',(17.876,75.021,4.245));
#723 = DIRECTION('',(-0.,0.,-1.));
#724 = DIRECTION('',(-1.,-4.737E-14,0.));
#725 = ORIENTED_EDGE('',*,*,#726,.T.);
#726 = EDGE_CURVE('',#718,#699,#727,.T.);
#727 = LINE('',#728,#729);
#728 = CARTESIAN_POINT('',(17.576,38.3105,4.245));
#729 = VECTOR('',#730,1.);
#730 = DIRECTION('',(0.,1.,0.));
#731 = FACE_BOUND('',#732,.F.);
#732 = EDGE_LOOP('',(#733,#743,#751,#759,#767,#775,#783,#791,#799,#807,
    #815,#823,#831,#839,#847,#855,#863,#871,#879,#887,#895,#903,#911,
    #919));
#733 = ORIENTED_EDGE('',*,*,#734,.F.);
#734 = EDGE_CURVE('',#735,#737,#739,.T.);
#735 = VERTEX_POINT('',#736);
#736 = CARTESIAN_POINT('',(16.574939,71.317642,4.245));
#737 = VERTEX_POINT('',#738);
#738 = CARTESIAN_POINT('',(16.654067,71.363326,4.245));
#739 = LINE('',#740,#741);
#740 = CARTESIAN_POINT('',(16.574939,71.317642,4.245));
#741 = VECTOR('',#742,1.);
#742 = DIRECTION('',(0.866028115054,0.499995303914,0.));
#743 = ORIENTED_EDGE('',*,*,#744,.F.);
#744 = EDGE_CURVE('',#745,#735,#747,.T.);
#745 = VERTEX_POINT('',#746);
#746 = CARTESIAN_POINT('',(16.486684,71.293994,4.245));
#747 = LINE('',#748,#749);
#748 = CARTESIAN_POINT('',(16.486684,71.293994,4.245));
#749 = VECTOR('',#750,1.);
#750 = DIRECTION('',(0.965925432218,0.258820515791,0.));
#751 = ORIENTED_EDGE('',*,*,#752,.F.);
#752 = EDGE_CURVE('',#753,#745,#755,.T.);
#753 = VERTEX_POINT('',#754);
#754 = CARTESIAN_POINT('',(16.395316,71.293994,4.245));
#755 = LINE('',#756,#757);
#756 = CARTESIAN_POINT('',(16.395316,71.293994,4.245));
#757 = VECTOR('',#758,1.);
#758 = DIRECTION('',(1.,0.,0.));
#759 = ORIENTED_EDGE('',*,*,#760,.F.);
#760 = EDGE_CURVE('',#761,#753,#763,.T.);
#761 = VERTEX_POINT('',#762);
#762 = CARTESIAN_POINT('',(16.307061,71.317642,4.245));
#763 = LINE('',#764,#765);
#764 = CARTESIAN_POINT('',(16.307061,71.317642,4.245));
#765 = VECTOR('',#766,1.);
#766 = DIRECTION('',(0.965925432218,-0.258820515791,0.));
#767 = ORIENTED_EDGE('',*,*,#768,.F.);
#768 = EDGE_CURVE('',#769,#761,#771,.T.);
#769 = VERTEX_POINT('',#770);
#770 = CARTESIAN_POINT('',(16.227933,71.363326,4.245));
#771 = LINE('',#772,#773);
#772 = CARTESIAN_POINT('',(16.227933,71.363326,4.245));
#773 = VECTOR('',#774,1.);
#774 = DIRECTION('',(0.866028115054,-0.499995303914,0.));
#775 = ORIENTED_EDGE('',*,*,#776,.F.);
#776 = EDGE_CURVE('',#777,#769,#779,.T.);
#777 = VERTEX_POINT('',#778);
#778 = CARTESIAN_POINT('',(16.163326,71.427933,4.245));
#779 = LINE('',#780,#781);
#780 = CARTESIAN_POINT('',(16.163326,71.427933,4.245));
#781 = VECTOR('',#782,1.);
#782 = DIRECTION('',(0.707106781187,-0.707106781187,0.));
#783 = ORIENTED_EDGE('',*,*,#784,.F.);
#784 = EDGE_CURVE('',#785,#777,#787,.T.);
#785 = VERTEX_POINT('',#786);
#786 = CARTESIAN_POINT('',(16.117642,71.507061,4.245));
#787 = LINE('',#788,#789);
#788 = CARTESIAN_POINT('',(16.117642,71.507061,4.245));
#789 = VECTOR('',#790,1.);
#790 = DIRECTION('',(0.499995303914,-0.866028115054,0.));
#791 = ORIENTED_EDGE('',*,*,#792,.F.);
#792 = EDGE_CURVE('',#793,#785,#795,.T.);
#793 = VERTEX_POINT('',#794);
#794 = CARTESIAN_POINT('',(16.093994,71.595316,4.245));
#795 = LINE('',#796,#797);
#796 = CARTESIAN_POINT('',(16.093994,71.595316,4.245));
#797 = VECTOR('',#798,1.);
#798 = DIRECTION('',(0.25882051579,-0.965925432218,0.));
#799 = ORIENTED_EDGE('',*,*,#800,.F.);
#800 = EDGE_CURVE('',#801,#793,#803,.T.);
#801 = VERTEX_POINT('',#802);
#802 = CARTESIAN_POINT('',(16.093994,71.686684,4.245));
#803 = LINE('',#804,#805);
#804 = CARTESIAN_POINT('',(16.093994,71.686684,4.245));
#805 = VECTOR('',#806,1.);
#806 = DIRECTION('',(0.,-1.,0.));
#807 = ORIENTED_EDGE('',*,*,#808,.F.);
#808 = EDGE_CURVE('',#809,#801,#811,.T.);
#809 = VERTEX_POINT('',#810);
#810 = CARTESIAN_POINT('',(16.117642,71.774939,4.245));
#811 = LINE('',#812,#813);
#812 = CARTESIAN_POINT('',(16.117642,71.774939,4.245));
#813 = VECTOR('',#814,1.);
#814 = DIRECTION('',(-0.25882051579,-0.965925432218,0.));
#815 = ORIENTED_EDGE('',*,*,#816,.F.);
#816 = EDGE_CURVE('',#817,#809,#819,.T.);
#817 = VERTEX_POINT('',#818);
#818 = CARTESIAN_POINT('',(16.163326,71.854067,4.245));
#819 = LINE('',#820,#821);
#820 = CARTESIAN_POINT('',(16.163326,71.854067,4.245));
#821 = VECTOR('',#822,1.);
#822 = DIRECTION('',(-0.499995303914,-0.866028115054,0.));
#823 = ORIENTED_EDGE('',*,*,#824,.F.);
#824 = EDGE_CURVE('',#825,#817,#827,.T.);
#825 = VERTEX_POINT('',#826);
#826 = CARTESIAN_POINT('',(16.227933,71.918674,4.245));
#827 = LINE('',#828,#829);
#828 = CARTESIAN_POINT('',(16.227933,71.918674,4.245));
#829 = VECTOR('',#830,1.);
#830 = DIRECTION('',(-0.707106781187,-0.707106781187,0.));
#831 = ORIENTED_EDGE('',*,*,#832,.F.);
#832 = EDGE_CURVE('',#833,#825,#835,.T.);
#833 = VERTEX_POINT('',#834);
#834 = CARTESIAN_POINT('',(16.307061,71.964358,4.245));
#835 = LINE('',#836,#837);
#836 = CARTESIAN_POINT('',(16.307061,71.964358,4.245));
#837 = VECTOR('',#838,1.);
#838 = DIRECTION('',(-0.866028115054,-0.499995303914,0.));
#839 = ORIENTED_EDGE('',*,*,#840,.F.);
#840 = EDGE_CURVE('',#841,#833,#843,.T.);
#841 = VERTEX_POINT('',#842);
#842 = CARTESIAN_POINT('',(16.395316,71.988006,4.245));
#843 = LINE('',#844,#845);
#844 = CARTESIAN_POINT('',(16.395316,71.988006,4.245));
#845 = VECTOR('',#846,1.);
#846 = DIRECTION('',(-0.965925432218,-0.25882051579,0.));
#847 = ORIENTED_EDGE('',*,*,#848,.F.);
#848 = EDGE_CURVE('',#849,#841,#851,.T.);
#849 = VERTEX_POINT('',#850);
#850 = CARTESIAN_POINT('',(16.486684,71.988006,4.245));
#851 = LINE('',#852,#853);
#852 = CARTESIAN_POINT('',(16.486684,71.988006,4.245));
#853 = VECTOR('',#854,1.);
#854 = DIRECTION('',(-1.,0.,0.));
#855 = ORIENTED_EDGE('',*,*,#856,.F.);
#856 = EDGE_CURVE('',#857,#849,#859,.T.);
#857 = VERTEX_POINT('',#858);
#858 = CARTESIAN_POINT('',(16.574939,71.964358,4.245));
#859 = LINE('',#860,#861);
#860 = CARTESIAN_POINT('',(16.574939,71.964358,4.245));
#861 = VECTOR('',#862,1.);
#862 = DIRECTION('',(-0.965925432218,0.25882051579,0.));
#863 = ORIENTED_EDGE('',*,*,#864,.F.);
#864 = EDGE_CURVE('',#865,#857,#867,.T.);
#865 = VERTEX_POINT('',#866);
#866 = CARTESIAN_POINT('',(16.654067,71.918674,4.245));
#867 = LINE('',#868,#869);
#868 = CARTESIAN_POINT('',(16.654067,71.918674,4.245));
#869 = VECTOR('',#870,1.);
#870 = DIRECTION('',(-0.866028115054,0.499995303914,0.));
#871 = ORIENTED_EDGE('',*,*,#872,.F.);
#872 = EDGE_CURVE('',#873,#865,#875,.T.);
#873 = VERTEX_POINT('',#874);
#874 = CARTESIAN_POINT('',(16.718674,71.854067,4.245));
#875 = LINE('',#876,#877);
#876 = CARTESIAN_POINT('',(16.718674,71.854067,4.245));
#877 = VECTOR('',#878,1.);
#878 = DIRECTION('',(-0.707106781187,0.707106781187,0.));
#879 = ORIENTED_EDGE('',*,*,#880,.F.);
#880 = EDGE_CURVE('',#881,#873,#883,.T.);
#881 = VERTEX_POINT('',#882);
#882 = CARTESIAN_POINT('',(16.764358,71.774939,4.245));
#883 = LINE('',#884,#885);
#884 = CARTESIAN_POINT('',(16.764358,71.774939,4.245));
#885 = VECTOR('',#886,1.);
#886 = DIRECTION('',(-0.499995303914,0.866028115054,0.));
#887 = ORIENTED_EDGE('',*,*,#888,.F.);
#888 = EDGE_CURVE('',#889,#881,#891,.T.);
#889 = VERTEX_POINT('',#890);
#890 = CARTESIAN_POINT('',(16.788006,71.686684,4.245));
#891 = LINE('',#892,#893);
#892 = CARTESIAN_POINT('',(16.788006,71.686684,4.245));
#893 = VECTOR('',#894,1.);
#894 = DIRECTION('',(-0.258820515791,0.965925432218,0.));
#895 = ORIENTED_EDGE('',*,*,#896,.F.);
#896 = EDGE_CURVE('',#897,#889,#899,.T.);
#897 = VERTEX_POINT('',#898);
#898 = CARTESIAN_POINT('',(16.788006,71.595316,4.245));
#899 = LINE('',#900,#901);
#900 = CARTESIAN_POINT('',(16.788006,71.595316,4.245));
#901 = VECTOR('',#902,1.);
#902 = DIRECTION('',(0.,1.,0.));
#903 = ORIENTED_EDGE('',*,*,#904,.F.);
#904 = EDGE_CURVE('',#905,#897,#907,.T.);
#905 = VERTEX_POINT('',#906);
#906 = CARTESIAN_POINT('',(16.764358,71.507061,4.245));
#907 = LINE('',#908,#909);
#908 = CARTESIAN_POINT('',(16.764358,71.507061,4.245));
#909 = VECTOR('',#910,1.);
#910 = DIRECTION('',(0.258820515791,0.965925432218,0.));
#911 = ORIENTED_EDGE('',*,*,#912,.F.);
#912 = EDGE_CURVE('',#913,#905,#915,.T.);
#913 = VERTEX_POINT('',#914);
#914 = CARTESIAN_POINT('',(16.718674,71.427933,4.245));
#915 = LINE('',#916,#917);
#916 = CARTESIAN_POINT('',(16.718674,71.427933,4.245));
#917 = VECTOR('',#918,1.);
#918 = DIRECTION('',(0.499995303914,0.866028115054,0.));
#919 = ORIENTED_EDGE('',*,*,#920,.F.);
#920 = EDGE_CURVE('',#737,#913,#921,.T.);
#921 = LINE('',#922,#923);
#922 = CARTESIAN_POINT('',(16.654067,71.363326,4.245));
#923 = VECTOR('',#924,1.);
#924 = DIRECTION('',(0.707106781187,0.707106781187,0.));
#925 = FACE_BOUND('',#926,.F.);
#926 = EDGE_LOOP('',(#927,#938,#946,#955));
#927 = ORIENTED_EDGE('',*,*,#928,.T.);
#928 = EDGE_CURVE('',#929,#931,#933,.T.);
#929 = VERTEX_POINT('',#930);
#930 = CARTESIAN_POINT('',(17.576,71.571,4.245));
#931 = VERTEX_POINT('',#932);
#932 = CARTESIAN_POINT('',(18.176,71.571,4.245));
#933 = CIRCLE('',#934,0.3);
#934 = AXIS2_PLACEMENT_3D('',#935,#936,#937);
#935 = CARTESIAN_POINT('',(17.876,71.571,4.245));
#936 = DIRECTION('',(0.,0.,-1.));
#937 = DIRECTION('',(1.,0.,0.));
#938 = ORIENTED_EDGE('',*,*,#939,.T.);
#939 = EDGE_CURVE('',#931,#940,#942,.T.);
#940 = VERTEX_POINT('',#941);
#941 = CARTESIAN_POINT('',(18.176,70.671,4.245));
#942 = LINE('',#943,#944);
#943 = CARTESIAN_POINT('',(18.176,35.8355,4.245));
#944 = VECTOR('',#945,1.);
#945 = DIRECTION('',(0.,-1.,0.));
#946 = ORIENTED_EDGE('',*,*,#947,.T.);
#947 = EDGE_CURVE('',#940,#948,#950,.T.);
#948 = VERTEX_POINT('',#949);
#949 = CARTESIAN_POINT('',(17.576,70.671,4.245));
#950 = CIRCLE('',#951,0.3);
#951 = AXIS2_PLACEMENT_3D('',#952,#953,#954);
#952 = CARTESIAN_POINT('',(17.876,70.671,4.245));
#953 = DIRECTION('',(0.,0.,-1.));
#954 = DIRECTION('',(-1.,4.737E-14,0.));
#955 = ORIENTED_EDGE('',*,*,#956,.T.);
#956 = EDGE_CURVE('',#948,#929,#957,.T.);
#957 = LINE('',#958,#959);
#958 = CARTESIAN_POINT('',(17.576,36.2855,4.245));
#959 = VECTOR('',#960,1.);
#960 = DIRECTION('',(0.,1.,0.));
#961 = FACE_BOUND('',#962,.F.);
#962 = EDGE_LOOP('',(#963,#973,#981,#989,#997,#1005,#1013,#1021,#1029,
    #1037,#1045,#1053,#1061,#1069,#1077,#1085,#1093,#1101,#1109,#1117,
    #1125,#1133,#1141,#1149));
#963 = ORIENTED_EDGE('',*,*,#964,.F.);
#964 = EDGE_CURVE('',#965,#967,#969,.T.);
#965 = VERTEX_POINT('',#966);
#966 = CARTESIAN_POINT('',(10.794939,71.317642,4.245));
#967 = VERTEX_POINT('',#968);
#968 = CARTESIAN_POINT('',(10.874067,71.363326,4.245));
#969 = LINE('',#970,#971);
#970 = CARTESIAN_POINT('',(10.794939,71.317642,4.245));
#971 = VECTOR('',#972,1.);
#972 = DIRECTION('',(0.866028115054,0.499995303914,0.));
#973 = ORIENTED_EDGE('',*,*,#974,.F.);
#974 = EDGE_CURVE('',#975,#965,#977,.T.);
#975 = VERTEX_POINT('',#976);
#976 = CARTESIAN_POINT('',(10.706684,71.293994,4.245));
#977 = LINE('',#978,#979);
#978 = CARTESIAN_POINT('',(10.706684,71.293994,4.245));
#979 = VECTOR('',#980,1.);
#980 = DIRECTION('',(0.965925432218,0.258820515791,0.));
#981 = ORIENTED_EDGE('',*,*,#982,.F.);
#982 = EDGE_CURVE('',#983,#975,#985,.T.);
#983 = VERTEX_POINT('',#984);
#984 = CARTESIAN_POINT('',(10.615316,71.293994,4.245));
#985 = LINE('',#986,#987);
#986 = CARTESIAN_POINT('',(10.615316,71.293994,4.245));
#987 = VECTOR('',#988,1.);
#988 = DIRECTION('',(1.,0.,0.));
#989 = ORIENTED_EDGE('',*,*,#990,.F.);
#990 = EDGE_CURVE('',#991,#983,#993,.T.);
#991 = VERTEX_POINT('',#992);
#992 = CARTESIAN_POINT('',(10.527061,71.317642,4.245));
#993 = LINE('',#994,#995);
#994 = CARTESIAN_POINT('',(10.527061,71.317642,4.245));
#995 = VECTOR('',#996,1.);
#996 = DIRECTION('',(0.965925432218,-0.258820515791,0.));
#997 = ORIENTED_EDGE('',*,*,#998,.F.);
#998 = EDGE_CURVE('',#999,#991,#1001,.T.);
#999 = VERTEX_POINT('',#1000);
#1000 = CARTESIAN_POINT('',(10.447933,71.363326,4.245));
#1001 = LINE('',#1002,#1003);
#1002 = CARTESIAN_POINT('',(10.447933,71.363326,4.245));
#1003 = VECTOR('',#1004,1.);
#1004 = DIRECTION('',(0.866028115054,-0.499995303914,0.));
#1005 = ORIENTED_EDGE('',*,*,#1006,.F.);
#1006 = EDGE_CURVE('',#1007,#999,#1009,.T.);
#1007 = VERTEX_POINT('',#1008);
#1008 = CARTESIAN_POINT('',(10.383326,71.427933,4.245));
#1009 = LINE('',#1010,#1011);
#1010 = CARTESIAN_POINT('',(10.383326,71.427933,4.245));
#1011 = VECTOR('',#1012,1.);
#1012 = DIRECTION('',(0.707106781187,-0.707106781187,0.));
#1013 = ORIENTED_EDGE('',*,*,#1014,.F.);
#1014 = EDGE_CURVE('',#1015,#1007,#1017,.T.);
#1015 = VERTEX_POINT('',#1016);
#1016 = CARTESIAN_POINT('',(10.337642,71.507061,4.245));
#1017 = LINE('',#1018,#1019);
#1018 = CARTESIAN_POINT('',(10.337642,71.507061,4.245));
#1019 = VECTOR('',#1020,1.);
#1020 = DIRECTION('',(0.499995303914,-0.866028115054,0.));
#1021 = ORIENTED_EDGE('',*,*,#1022,.F.);
#1022 = EDGE_CURVE('',#1023,#1015,#1025,.T.);
#1023 = VERTEX_POINT('',#1024);
#1024 = CARTESIAN_POINT('',(10.313994,71.595316,4.245));
#1025 = LINE('',#1026,#1027);
#1026 = CARTESIAN_POINT('',(10.313994,71.595316,4.245));
#1027 = VECTOR('',#1028,1.);
#1028 = DIRECTION('',(0.258820515791,-0.965925432218,0.));
#1029 = ORIENTED_EDGE('',*,*,#1030,.F.);
#1030 = EDGE_CURVE('',#1031,#1023,#1033,.T.);
#1031 = VERTEX_POINT('',#1032);
#1032 = CARTESIAN_POINT('',(10.313994,71.686684,4.245));
#1033 = LINE('',#1034,#1035);
#1034 = CARTESIAN_POINT('',(10.313994,71.686684,4.245));
#1035 = VECTOR('',#1036,1.);
#1036 = DIRECTION('',(0.,-1.,0.));
#1037 = ORIENTED_EDGE('',*,*,#1038,.F.);
#1038 = EDGE_CURVE('',#1039,#1031,#1041,.T.);
#1039 = VERTEX_POINT('',#1040);
#1040 = CARTESIAN_POINT('',(10.337642,71.774939,4.245));
#1041 = LINE('',#1042,#1043);
#1042 = CARTESIAN_POINT('',(10.337642,71.774939,4.245));
#1043 = VECTOR('',#1044,1.);
#1044 = DIRECTION('',(-0.258820515791,-0.965925432218,0.));
#1045 = ORIENTED_EDGE('',*,*,#1046,.F.);
#1046 = EDGE_CURVE('',#1047,#1039,#1049,.T.);
#1047 = VERTEX_POINT('',#1048);
#1048 = CARTESIAN_POINT('',(10.383326,71.854067,4.245));
#1049 = LINE('',#1050,#1051);
#1050 = CARTESIAN_POINT('',(10.383326,71.854067,4.245));
#1051 = VECTOR('',#1052,1.);
#1052 = DIRECTION('',(-0.499995303914,-0.866028115054,0.));
#1053 = ORIENTED_EDGE('',*,*,#1054,.F.);
#1054 = EDGE_CURVE('',#1055,#1047,#1057,.T.);
#1055 = VERTEX_POINT('',#1056);
#1056 = CARTESIAN_POINT('',(10.447933,71.918674,4.245));
#1057 = LINE('',#1058,#1059);
#1058 = CARTESIAN_POINT('',(10.447933,71.918674,4.245));
#1059 = VECTOR('',#1060,1.);
#1060 = DIRECTION('',(-0.707106781187,-0.707106781187,0.));
#1061 = ORIENTED_EDGE('',*,*,#1062,.F.);
#1062 = EDGE_CURVE('',#1063,#1055,#1065,.T.);
#1063 = VERTEX_POINT('',#1064);
#1064 = CARTESIAN_POINT('',(10.527061,71.964358,4.245));
#1065 = LINE('',#1066,#1067);
#1066 = CARTESIAN_POINT('',(10.527061,71.964358,4.245));
#1067 = VECTOR('',#1068,1.);
#1068 = DIRECTION('',(-0.866028115054,-0.499995303914,0.));
#1069 = ORIENTED_EDGE('',*,*,#1070,.F.);
#1070 = EDGE_CURVE('',#1071,#1063,#1073,.T.);
#1071 = VERTEX_POINT('',#1072);
#1072 = CARTESIAN_POINT('',(10.615316,71.988006,4.245));
#1073 = LINE('',#1074,#1075);
#1074 = CARTESIAN_POINT('',(10.615316,71.988006,4.245));
#1075 = VECTOR('',#1076,1.);
#1076 = DIRECTION('',(-0.965925432218,-0.258820515791,0.));
#1077 = ORIENTED_EDGE('',*,*,#1078,.F.);
#1078 = EDGE_CURVE('',#1079,#1071,#1081,.T.);
#1079 = VERTEX_POINT('',#1080);
#1080 = CARTESIAN_POINT('',(10.706684,71.988006,4.245));
#1081 = LINE('',#1082,#1083);
#1082 = CARTESIAN_POINT('',(10.706684,71.988006,4.245));
#1083 = VECTOR('',#1084,1.);
#1084 = DIRECTION('',(-1.,0.,0.));
#1085 = ORIENTED_EDGE('',*,*,#1086,.F.);
#1086 = EDGE_CURVE('',#1087,#1079,#1089,.T.);
#1087 = VERTEX_POINT('',#1088);
#1088 = CARTESIAN_POINT('',(10.794939,71.964358,4.245));
#1089 = LINE('',#1090,#1091);
#1090 = CARTESIAN_POINT('',(10.794939,71.964358,4.245));
#1091 = VECTOR('',#1092,1.);
#1092 = DIRECTION('',(-0.965925432218,0.258820515791,0.));
#1093 = ORIENTED_EDGE('',*,*,#1094,.F.);
#1094 = EDGE_CURVE('',#1095,#1087,#1097,.T.);
#1095 = VERTEX_POINT('',#1096);
#1096 = CARTESIAN_POINT('',(10.874067,71.918674,4.245));
#1097 = LINE('',#1098,#1099);
#1098 = CARTESIAN_POINT('',(10.874067,71.918674,4.245));
#1099 = VECTOR('',#1100,1.);
#1100 = DIRECTION('',(-0.866028115054,0.499995303914,0.));
#1101 = ORIENTED_EDGE('',*,*,#1102,.F.);
#1102 = EDGE_CURVE('',#1103,#1095,#1105,.T.);
#1103 = VERTEX_POINT('',#1104);
#1104 = CARTESIAN_POINT('',(10.938674,71.854067,4.245));
#1105 = LINE('',#1106,#1107);
#1106 = CARTESIAN_POINT('',(10.938674,71.854067,4.245));
#1107 = VECTOR('',#1108,1.);
#1108 = DIRECTION('',(-0.707106781187,0.707106781187,0.));
#1109 = ORIENTED_EDGE('',*,*,#1110,.F.);
#1110 = EDGE_CURVE('',#1111,#1103,#1113,.T.);
#1111 = VERTEX_POINT('',#1112);
#1112 = CARTESIAN_POINT('',(10.984358,71.774939,4.245));
#1113 = LINE('',#1114,#1115);
#1114 = CARTESIAN_POINT('',(10.984358,71.774939,4.245));
#1115 = VECTOR('',#1116,1.);
#1116 = DIRECTION('',(-0.499995303914,0.866028115054,0.));
#1117 = ORIENTED_EDGE('',*,*,#1118,.F.);
#1118 = EDGE_CURVE('',#1119,#1111,#1121,.T.);
#1119 = VERTEX_POINT('',#1120);
#1120 = CARTESIAN_POINT('',(11.008006,71.686684,4.245));
#1121 = LINE('',#1122,#1123);
#1122 = CARTESIAN_POINT('',(11.008006,71.686684,4.245));
#1123 = VECTOR('',#1124,1.);
#1124 = DIRECTION('',(-0.258820515791,0.965925432218,0.));
#1125 = ORIENTED_EDGE('',*,*,#1126,.F.);
#1126 = EDGE_CURVE('',#1127,#1119,#1129,.T.);
#1127 = VERTEX_POINT('',#1128);
#1128 = CARTESIAN_POINT('',(11.008006,71.595316,4.245));
#1129 = LINE('',#1130,#1131);
#1130 = CARTESIAN_POINT('',(11.008006,71.595316,4.245));
#1131 = VECTOR('',#1132,1.);
#1132 = DIRECTION('',(0.,1.,0.));
#1133 = ORIENTED_EDGE('',*,*,#1134,.F.);
#1134 = EDGE_CURVE('',#1135,#1127,#1137,.T.);
#1135 = VERTEX_POINT('',#1136);
#1136 = CARTESIAN_POINT('',(10.984358,71.507061,4.245));
#1137 = LINE('',#1138,#1139);
#1138 = CARTESIAN_POINT('',(10.984358,71.507061,4.245));
#1139 = VECTOR('',#1140,1.);
#1140 = DIRECTION('',(0.258820515791,0.965925432218,0.));
#1141 = ORIENTED_EDGE('',*,*,#1142,.F.);
#1142 = EDGE_CURVE('',#1143,#1135,#1145,.T.);
#1143 = VERTEX_POINT('',#1144);
#1144 = CARTESIAN_POINT('',(10.938674,71.427933,4.245));
#1145 = LINE('',#1146,#1147);
#1146 = CARTESIAN_POINT('',(10.938674,71.427933,4.245));
#1147 = VECTOR('',#1148,1.);
#1148 = DIRECTION('',(0.499995303914,0.866028115054,0.));
#1149 = ORIENTED_EDGE('',*,*,#1150,.F.);
#1150 = EDGE_CURVE('',#967,#1143,#1151,.T.);
#1151 = LINE('',#1152,#1153);
#1152 = CARTESIAN_POINT('',(10.874067,71.363326,4.245));
#1153 = VECTOR('',#1154,1.);
#1154 = DIRECTION('',(0.707106781187,0.707106781187,0.));
#1155 = FACE_BOUND('',#1156,.F.);
#1156 = EDGE_LOOP('',(#1157,#1168,#1176,#1185));
#1157 = ORIENTED_EDGE('',*,*,#1158,.T.);
#1158 = EDGE_CURVE('',#1159,#1161,#1163,.T.);
#1159 = VERTEX_POINT('',#1160);
#1160 = CARTESIAN_POINT('',(8.926,75.621,4.245));
#1161 = VERTEX_POINT('',#1162);
#1162 = CARTESIAN_POINT('',(9.526,75.621,4.245));
#1163 = CIRCLE('',#1164,0.3);
#1164 = AXIS2_PLACEMENT_3D('',#1165,#1166,#1167);
#1165 = CARTESIAN_POINT('',(9.226,75.621,4.245));
#1166 = DIRECTION('',(0.,-0.,-1.));
#1167 = DIRECTION('',(1.,-4.737E-14,0.));
#1168 = ORIENTED_EDGE('',*,*,#1169,.T.);
#1169 = EDGE_CURVE('',#1161,#1170,#1172,.T.);
#1170 = VERTEX_POINT('',#1171);
#1171 = CARTESIAN_POINT('',(9.526,75.021,4.245));
#1172 = LINE('',#1173,#1174);
#1173 = CARTESIAN_POINT('',(9.526,38.0105,4.245));
#1174 = VECTOR('',#1175,1.);
#1175 = DIRECTION('',(0.,-1.,0.));
#1176 = ORIENTED_EDGE('',*,*,#1177,.T.);
#1177 = EDGE_CURVE('',#1170,#1178,#1180,.T.);
#1178 = VERTEX_POINT('',#1179);
#1179 = CARTESIAN_POINT('',(8.926,75.021,4.245));
#1180 = CIRCLE('',#1181,0.3);
#1181 = AXIS2_PLACEMENT_3D('',#1182,#1183,#1184);
#1182 = CARTESIAN_POINT('',(9.226,75.021,4.245));
#1183 = DIRECTION('',(-0.,0.,-1.));
#1184 = DIRECTION('',(-1.,-4.737E-14,0.));
#1185 = ORIENTED_EDGE('',*,*,#1186,.T.);
#1186 = EDGE_CURVE('',#1178,#1159,#1187,.T.);
#1187 = LINE('',#1188,#1189);
#1188 = CARTESIAN_POINT('',(8.926,38.3105,4.245));
#1189 = VECTOR('',#1190,1.);
#1190 = DIRECTION('',(0.,1.,0.));
#1191 = FACE_BOUND('',#1192,.F.);
#1192 = EDGE_LOOP('',(#1193,#1204,#1212,#1221));
#1193 = ORIENTED_EDGE('',*,*,#1194,.T.);
#1194 = EDGE_CURVE('',#1195,#1197,#1199,.T.);
#1195 = VERTEX_POINT('',#1196);
#1196 = CARTESIAN_POINT('',(8.926,71.571,4.245));
#1197 = VERTEX_POINT('',#1198);
#1198 = CARTESIAN_POINT('',(9.526,71.571,4.245));
#1199 = CIRCLE('',#1200,0.3);
#1200 = AXIS2_PLACEMENT_3D('',#1201,#1202,#1203);
#1201 = CARTESIAN_POINT('',(9.226,71.571,4.245));
#1202 = DIRECTION('',(0.,0.,-1.));
#1203 = DIRECTION('',(1.,0.,0.));
#1204 = ORIENTED_EDGE('',*,*,#1205,.T.);
#1205 = EDGE_CURVE('',#1197,#1206,#1208,.T.);
#1206 = VERTEX_POINT('',#1207);
#1207 = CARTESIAN_POINT('',(9.526,70.671,4.245));
#1208 = LINE('',#1209,#1210);
#1209 = CARTESIAN_POINT('',(9.526,35.8355,4.245));
#1210 = VECTOR('',#1211,1.);
#1211 = DIRECTION('',(0.,-1.,0.));
#1212 = ORIENTED_EDGE('',*,*,#1213,.T.);
#1213 = EDGE_CURVE('',#1206,#1214,#1216,.T.);
#1214 = VERTEX_POINT('',#1215);
#1215 = CARTESIAN_POINT('',(8.926,70.671,4.245));
#1216 = CIRCLE('',#1217,0.3);
#1217 = AXIS2_PLACEMENT_3D('',#1218,#1219,#1220);
#1218 = CARTESIAN_POINT('',(9.226,70.671,4.245));
#1219 = DIRECTION('',(0.,0.,-1.));
#1220 = DIRECTION('',(-1.,4.737E-14,0.));
#1221 = ORIENTED_EDGE('',*,*,#1222,.T.);
#1222 = EDGE_CURVE('',#1214,#1195,#1223,.T.);
#1223 = LINE('',#1224,#1225);
#1224 = CARTESIAN_POINT('',(8.926,36.2855,4.245));
#1225 = VECTOR('',#1226,1.);
#1226 = DIRECTION('',(0.,1.,0.));
#1227 = FACE_BOUND('',#1228,.F.);
#1228 = EDGE_LOOP('',(#1229));
#1229 = ORIENTED_EDGE('',*,*,#1230,.T.);
#1230 = EDGE_CURVE('',#1231,#1231,#1233,.T.);
#1231 = VERTEX_POINT('',#1232);
#1232 = CARTESIAN_POINT('',(6.566,75.732,4.245));
#1233 = CIRCLE('',#1234,0.5);
#1234 = AXIS2_PLACEMENT_3D('',#1235,#1236,#1237);
#1235 = CARTESIAN_POINT('',(6.566,75.232,4.245));
#1236 = DIRECTION('',(0.,0.,-1.));
#1237 = DIRECTION('',(0.,1.,0.));
#1238 = FACE_BOUND('',#1239,.F.);
#1239 = EDGE_LOOP('',(#1240));
#1240 = ORIENTED_EDGE('',*,*,#1241,.T.);
#1241 = EDGE_CURVE('',#1242,#1242,#1244,.T.);
#1242 = VERTEX_POINT('',#1243);
#1243 = CARTESIAN_POINT('',(4.026,75.732,4.245));
#1244 = CIRCLE('',#1245,0.5);
#1245 = AXIS2_PLACEMENT_3D('',#1246,#1247,#1248);
#1246 = CARTESIAN_POINT('',(4.026,75.232,4.245));
#1247 = DIRECTION('',(0.,0.,-1.));
#1248 = DIRECTION('',(0.,1.,0.));
#1249 = FACE_BOUND('',#1250,.F.);
#1250 = EDGE_LOOP('',(#1251));
#1251 = ORIENTED_EDGE('',*,*,#1252,.T.);
#1252 = EDGE_CURVE('',#1253,#1253,#1255,.T.);
#1253 = VERTEX_POINT('',#1254);
#1254 = CARTESIAN_POINT('',(3.264,57.113,4.245));
#1255 = CIRCLE('',#1256,0.55);
#1256 = AXIS2_PLACEMENT_3D('',#1257,#1258,#1259);
#1257 = CARTESIAN_POINT('',(3.264,56.563,4.245));
#1258 = DIRECTION('',(0.,0.,-1.));
#1259 = DIRECTION('',(1.292E-14,1.,0.));
#1260 = FACE_BOUND('',#1261,.F.);
#1261 = EDGE_LOOP('',(#1262));
#1262 = ORIENTED_EDGE('',*,*,#1263,.T.);
#1263 = EDGE_CURVE('',#1264,#1264,#1266,.T.);
#1264 = VERTEX_POINT('',#1265);
#1265 = CARTESIAN_POINT('',(3.264,54.573,4.245));
#1266 = CIRCLE('',#1267,0.55);
#1267 = AXIS2_PLACEMENT_3D('',#1268,#1269,#1270);
#1268 = CARTESIAN_POINT('',(3.264,54.023,4.245));
#1269 = DIRECTION('',(0.,0.,-1.));
#1270 = DIRECTION('',(1.292E-14,1.,0.));
#1271 = FACE_BOUND('',#1272,.F.);
#1272 = EDGE_LOOP('',(#1273));
#1273 = ORIENTED_EDGE('',*,*,#1274,.T.);
#1274 = EDGE_CURVE('',#1275,#1275,#1277,.T.);
#1275 = VERTEX_POINT('',#1276);
#1276 = CARTESIAN_POINT('',(3.264,52.033,4.245));
#1277 = CIRCLE('',#1278,0.55);
#1278 = AXIS2_PLACEMENT_3D('',#1279,#1280,#1281);
#1279 = CARTESIAN_POINT('',(3.264,51.483,4.245));
#1280 = DIRECTION('',(0.,0.,-1.));
#1281 = DIRECTION('',(1.292E-14,1.,0.));
#1282 = FACE_BOUND('',#1283,.F.);
#1283 = EDGE_LOOP('',(#1284));
#1284 = ORIENTED_EDGE('',*,*,#1285,.T.);
#1285 = EDGE_CURVE('',#1286,#1286,#1288,.T.);
#1286 = VERTEX_POINT('',#1287);
#1287 = CARTESIAN_POINT('',(37.427,36.4608,4.245));
#1288 = CIRCLE('',#1289,1.1);
#1289 = AXIS2_PLACEMENT_3D('',#1290,#1291,#1292);
#1290 = CARTESIAN_POINT('',(37.427,35.3608,4.245));
#1291 = DIRECTION('',(0.,0.,-1.));
#1292 = DIRECTION('',(0.,1.,0.));
#1293 = FACE_BOUND('',#1294,.F.);
#1294 = EDGE_LOOP('',(#1295,#1305,#1313,#1321,#1329,#1337,#1345,#1353,
    #1361,#1369,#1377,#1385,#1393,#1401,#1409,#1417,#1425,#1433,#1441,
    #1449,#1457,#1465,#1473,#1481));
#1295 = ORIENTED_EDGE('',*,*,#1296,.F.);
#1296 = EDGE_CURVE('',#1297,#1299,#1301,.T.);
#1297 = VERTEX_POINT('',#1298);
#1298 = CARTESIAN_POINT('',(43.22961,19.259672,4.245));
#1299 = VERTEX_POINT('',#1300);
#1300 = CARTESIAN_POINT('',(43.365257,19.337988,4.245));
#1301 = LINE('',#1302,#1303);
#1302 = CARTESIAN_POINT('',(43.22961,19.259672,4.245));
#1303 = VECTOR('',#1304,1.);
#1304 = DIRECTION('',(0.866024939246,0.500000804603,0.));
#1305 = ORIENTED_EDGE('',*,*,#1306,.F.);
#1306 = EDGE_CURVE('',#1307,#1297,#1309,.T.);
#1307 = VERTEX_POINT('',#1308);
#1308 = CARTESIAN_POINT('',(43.078316,19.219133,4.245));
#1309 = LINE('',#1310,#1311);
#1310 = CARTESIAN_POINT('',(43.078316,19.219133,4.245));
#1311 = VECTOR('',#1312,1.);
#1312 = DIRECTION('',(0.965925994071,0.25881841893,0.));
#1313 = ORIENTED_EDGE('',*,*,#1314,.F.);
#1314 = EDGE_CURVE('',#1315,#1307,#1317,.T.);
#1315 = VERTEX_POINT('',#1316);
#1316 = CARTESIAN_POINT('',(42.921684,19.219133,4.245));
#1317 = LINE('',#1318,#1319);
#1318 = CARTESIAN_POINT('',(42.921684,19.219133,4.245));
#1319 = VECTOR('',#1320,1.);
#1320 = DIRECTION('',(1.,0.,0.));
#1321 = ORIENTED_EDGE('',*,*,#1322,.F.);
#1322 = EDGE_CURVE('',#1323,#1315,#1325,.T.);
#1323 = VERTEX_POINT('',#1324);
#1324 = CARTESIAN_POINT('',(42.77039,19.259672,4.245));
#1325 = LINE('',#1326,#1327);
#1326 = CARTESIAN_POINT('',(42.77039,19.259672,4.245));
#1327 = VECTOR('',#1328,1.);
#1328 = DIRECTION('',(0.965925994071,-0.25881841893,0.));
#1329 = ORIENTED_EDGE('',*,*,#1330,.F.);
#1330 = EDGE_CURVE('',#1331,#1323,#1333,.T.);
#1331 = VERTEX_POINT('',#1332);
#1332 = CARTESIAN_POINT('',(42.634743,19.337988,4.245));
#1333 = LINE('',#1334,#1335);
#1334 = CARTESIAN_POINT('',(42.634743,19.337988,4.245));
#1335 = VECTOR('',#1336,1.);
#1336 = DIRECTION('',(0.866024939246,-0.500000804603,0.));
#1337 = ORIENTED_EDGE('',*,*,#1338,.F.);
#1338 = EDGE_CURVE('',#1339,#1331,#1341,.T.);
#1339 = VERTEX_POINT('',#1340);
#1340 = CARTESIAN_POINT('',(42.523988,19.448743,4.245));
#1341 = LINE('',#1342,#1343);
#1342 = CARTESIAN_POINT('',(42.523988,19.448743,4.245));
#1343 = VECTOR('',#1344,1.);
#1344 = DIRECTION('',(0.707106781187,-0.707106781187,0.));
#1345 = ORIENTED_EDGE('',*,*,#1346,.F.);
#1346 = EDGE_CURVE('',#1347,#1339,#1349,.T.);
#1347 = VERTEX_POINT('',#1348);
#1348 = CARTESIAN_POINT('',(42.445672,19.58439,4.245));
#1349 = LINE('',#1350,#1351);
#1350 = CARTESIAN_POINT('',(42.445672,19.58439,4.245));
#1351 = VECTOR('',#1352,1.);
#1352 = DIRECTION('',(0.500000804603,-0.866024939246,0.));
#1353 = ORIENTED_EDGE('',*,*,#1354,.F.);
#1354 = EDGE_CURVE('',#1355,#1347,#1357,.T.);
#1355 = VERTEX_POINT('',#1356);
#1356 = CARTESIAN_POINT('',(42.405133,19.735684,4.245));
#1357 = LINE('',#1358,#1359);
#1358 = CARTESIAN_POINT('',(42.405133,19.735684,4.245));
#1359 = VECTOR('',#1360,1.);
#1360 = DIRECTION('',(0.25881841893,-0.965925994071,0.));
#1361 = ORIENTED_EDGE('',*,*,#1362,.F.);
#1362 = EDGE_CURVE('',#1363,#1355,#1365,.T.);
#1363 = VERTEX_POINT('',#1364);
#1364 = CARTESIAN_POINT('',(42.405133,19.892316,4.245));
#1365 = LINE('',#1366,#1367);
#1366 = CARTESIAN_POINT('',(42.405133,19.892316,4.245));
#1367 = VECTOR('',#1368,1.);
#1368 = DIRECTION('',(0.,-1.,0.));
#1369 = ORIENTED_EDGE('',*,*,#1370,.F.);
#1370 = EDGE_CURVE('',#1371,#1363,#1373,.T.);
#1371 = VERTEX_POINT('',#1372);
#1372 = CARTESIAN_POINT('',(42.445672,20.04361,4.245));
#1373 = LINE('',#1374,#1375);
#1374 = CARTESIAN_POINT('',(42.445672,20.04361,4.245));
#1375 = VECTOR('',#1376,1.);
#1376 = DIRECTION('',(-0.25881841893,-0.965925994071,0.));
#1377 = ORIENTED_EDGE('',*,*,#1378,.F.);
#1378 = EDGE_CURVE('',#1379,#1371,#1381,.T.);
#1379 = VERTEX_POINT('',#1380);
#1380 = CARTESIAN_POINT('',(42.523988,20.179257,4.245));
#1381 = LINE('',#1382,#1383);
#1382 = CARTESIAN_POINT('',(42.523988,20.179257,4.245));
#1383 = VECTOR('',#1384,1.);
#1384 = DIRECTION('',(-0.500000804603,-0.866024939246,0.));
#1385 = ORIENTED_EDGE('',*,*,#1386,.F.);
#1386 = EDGE_CURVE('',#1387,#1379,#1389,.T.);
#1387 = VERTEX_POINT('',#1388);
#1388 = CARTESIAN_POINT('',(42.634743,20.290012,4.245));
#1389 = LINE('',#1390,#1391);
#1390 = CARTESIAN_POINT('',(42.634743,20.290012,4.245));
#1391 = VECTOR('',#1392,1.);
#1392 = DIRECTION('',(-0.707106781187,-0.707106781187,0.));
#1393 = ORIENTED_EDGE('',*,*,#1394,.F.);
#1394 = EDGE_CURVE('',#1395,#1387,#1397,.T.);
#1395 = VERTEX_POINT('',#1396);
#1396 = CARTESIAN_POINT('',(42.77039,20.368328,4.245));
#1397 = LINE('',#1398,#1399);
#1398 = CARTESIAN_POINT('',(42.77039,20.368328,4.245));
#1399 = VECTOR('',#1400,1.);
#1400 = DIRECTION('',(-0.866024939246,-0.500000804603,0.));
#1401 = ORIENTED_EDGE('',*,*,#1402,.F.);
#1402 = EDGE_CURVE('',#1403,#1395,#1405,.T.);
#1403 = VERTEX_POINT('',#1404);
#1404 = CARTESIAN_POINT('',(42.921684,20.408867,4.245));
#1405 = LINE('',#1406,#1407);
#1406 = CARTESIAN_POINT('',(42.921684,20.408867,4.245));
#1407 = VECTOR('',#1408,1.);
#1408 = DIRECTION('',(-0.965925994071,-0.25881841893,0.));
#1409 = ORIENTED_EDGE('',*,*,#1410,.F.);
#1410 = EDGE_CURVE('',#1411,#1403,#1413,.T.);
#1411 = VERTEX_POINT('',#1412);
#1412 = CARTESIAN_POINT('',(43.078316,20.408867,4.245));
#1413 = LINE('',#1414,#1415);
#1414 = CARTESIAN_POINT('',(43.078316,20.408867,4.245));
#1415 = VECTOR('',#1416,1.);
#1416 = DIRECTION('',(-1.,0.,0.));
#1417 = ORIENTED_EDGE('',*,*,#1418,.F.);
#1418 = EDGE_CURVE('',#1419,#1411,#1421,.T.);
#1419 = VERTEX_POINT('',#1420);
#1420 = CARTESIAN_POINT('',(43.22961,20.368328,4.245));
#1421 = LINE('',#1422,#1423);
#1422 = CARTESIAN_POINT('',(43.22961,20.368328,4.245));
#1423 = VECTOR('',#1424,1.);
#1424 = DIRECTION('',(-0.965925994071,0.25881841893,0.));
#1425 = ORIENTED_EDGE('',*,*,#1426,.F.);
#1426 = EDGE_CURVE('',#1427,#1419,#1429,.T.);
#1427 = VERTEX_POINT('',#1428);
#1428 = CARTESIAN_POINT('',(43.365257,20.290012,4.245));
#1429 = LINE('',#1430,#1431);
#1430 = CARTESIAN_POINT('',(43.365257,20.290012,4.245));
#1431 = VECTOR('',#1432,1.);
#1432 = DIRECTION('',(-0.866024939246,0.500000804603,0.));
#1433 = ORIENTED_EDGE('',*,*,#1434,.F.);
#1434 = EDGE_CURVE('',#1435,#1427,#1437,.T.);
#1435 = VERTEX_POINT('',#1436);
#1436 = CARTESIAN_POINT('',(43.476012,20.179257,4.245));
#1437 = LINE('',#1438,#1439);
#1438 = CARTESIAN_POINT('',(43.476012,20.179257,4.245));
#1439 = VECTOR('',#1440,1.);
#1440 = DIRECTION('',(-0.707106781187,0.707106781187,0.));
#1441 = ORIENTED_EDGE('',*,*,#1442,.F.);
#1442 = EDGE_CURVE('',#1443,#1435,#1445,.T.);
#1443 = VERTEX_POINT('',#1444);
#1444 = CARTESIAN_POINT('',(43.554328,20.04361,4.245));
#1445 = LINE('',#1446,#1447);
#1446 = CARTESIAN_POINT('',(43.554328,20.04361,4.245));
#1447 = VECTOR('',#1448,1.);
#1448 = DIRECTION('',(-0.500000804603,0.866024939246,0.));
#1449 = ORIENTED_EDGE('',*,*,#1450,.F.);
#1450 = EDGE_CURVE('',#1451,#1443,#1453,.T.);
#1451 = VERTEX_POINT('',#1452);
#1452 = CARTESIAN_POINT('',(43.594867,19.892316,4.245));
#1453 = LINE('',#1454,#1455);
#1454 = CARTESIAN_POINT('',(43.594867,19.892316,4.245));
#1455 = VECTOR('',#1456,1.);
#1456 = DIRECTION('',(-0.25881841893,0.965925994071,0.));
#1457 = ORIENTED_EDGE('',*,*,#1458,.F.);
#1458 = EDGE_CURVE('',#1459,#1451,#1461,.T.);
#1459 = VERTEX_POINT('',#1460);
#1460 = CARTESIAN_POINT('',(43.594867,19.735684,4.245));
#1461 = LINE('',#1462,#1463);
#1462 = CARTESIAN_POINT('',(43.594867,19.735684,4.245));
#1463 = VECTOR('',#1464,1.);
#1464 = DIRECTION('',(0.,1.,0.));
#1465 = ORIENTED_EDGE('',*,*,#1466,.F.);
#1466 = EDGE_CURVE('',#1467,#1459,#1469,.T.);
#1467 = VERTEX_POINT('',#1468);
#1468 = CARTESIAN_POINT('',(43.554328,19.58439,4.245));
#1469 = LINE('',#1470,#1471);
#1470 = CARTESIAN_POINT('',(43.554328,19.58439,4.245));
#1471 = VECTOR('',#1472,1.);
#1472 = DIRECTION('',(0.25881841893,0.965925994071,0.));
#1473 = ORIENTED_EDGE('',*,*,#1474,.F.);
#1474 = EDGE_CURVE('',#1475,#1467,#1477,.T.);
#1475 = VERTEX_POINT('',#1476);
#1476 = CARTESIAN_POINT('',(43.476012,19.448743,4.245));
#1477 = LINE('',#1478,#1479);
#1478 = CARTESIAN_POINT('',(43.476012,19.448743,4.245));
#1479 = VECTOR('',#1480,1.);
#1480 = DIRECTION('',(0.500000804603,0.866024939246,0.));
#1481 = ORIENTED_EDGE('',*,*,#1482,.F.);
#1482 = EDGE_CURVE('',#1299,#1475,#1483,.T.);
#1483 = LINE('',#1484,#1485);
#1484 = CARTESIAN_POINT('',(43.365257,19.337988,4.245));
#1485 = VECTOR('',#1486,1.);
#1486 = DIRECTION('',(0.707106781187,0.707106781187,0.));
#1487 = FACE_BOUND('',#1488,.F.);
#1488 = EDGE_LOOP('',(#1489,#1499,#1507,#1515,#1523,#1531,#1539,#1547,
    #1555,#1563,#1571,#1579,#1587,#1595,#1603,#1611,#1619,#1627,#1635,
    #1643,#1651,#1659,#1667,#1675));
#1489 = ORIENTED_EDGE('',*,*,#1490,.F.);
#1490 = EDGE_CURVE('',#1491,#1493,#1495,.T.);
#1491 = VERTEX_POINT('',#1492);
#1492 = CARTESIAN_POINT('',(43.22961,11.259672,4.245));
#1493 = VERTEX_POINT('',#1494);
#1494 = CARTESIAN_POINT('',(43.365257,11.337988,4.245));
#1495 = LINE('',#1496,#1497);
#1496 = CARTESIAN_POINT('',(43.22961,11.259672,4.245));
#1497 = VECTOR('',#1498,1.);
#1498 = DIRECTION('',(0.866024939246,0.500000804603,0.));
#1499 = ORIENTED_EDGE('',*,*,#1500,.F.);
#1500 = EDGE_CURVE('',#1501,#1491,#1503,.T.);
#1501 = VERTEX_POINT('',#1502);
#1502 = CARTESIAN_POINT('',(43.078316,11.219133,4.245));
#1503 = LINE('',#1504,#1505);
#1504 = CARTESIAN_POINT('',(43.078316,11.219133,4.245));
#1505 = VECTOR('',#1506,1.);
#1506 = DIRECTION('',(0.965925994071,0.25881841893,0.));
#1507 = ORIENTED_EDGE('',*,*,#1508,.F.);
#1508 = EDGE_CURVE('',#1509,#1501,#1511,.T.);
#1509 = VERTEX_POINT('',#1510);
#1510 = CARTESIAN_POINT('',(42.921684,11.219133,4.245));
#1511 = LINE('',#1512,#1513);
#1512 = CARTESIAN_POINT('',(42.921684,11.219133,4.245));
#1513 = VECTOR('',#1514,1.);
#1514 = DIRECTION('',(1.,0.,0.));
#1515 = ORIENTED_EDGE('',*,*,#1516,.F.);
#1516 = EDGE_CURVE('',#1517,#1509,#1519,.T.);
#1517 = VERTEX_POINT('',#1518);
#1518 = CARTESIAN_POINT('',(42.77039,11.259672,4.245));
#1519 = LINE('',#1520,#1521);
#1520 = CARTESIAN_POINT('',(42.77039,11.259672,4.245));
#1521 = VECTOR('',#1522,1.);
#1522 = DIRECTION('',(0.965925994071,-0.25881841893,0.));
#1523 = ORIENTED_EDGE('',*,*,#1524,.F.);
#1524 = EDGE_CURVE('',#1525,#1517,#1527,.T.);
#1525 = VERTEX_POINT('',#1526);
#1526 = CARTESIAN_POINT('',(42.634743,11.337988,4.245));
#1527 = LINE('',#1528,#1529);
#1528 = CARTESIAN_POINT('',(42.634743,11.337988,4.245));
#1529 = VECTOR('',#1530,1.);
#1530 = DIRECTION('',(0.866024939246,-0.500000804603,0.));
#1531 = ORIENTED_EDGE('',*,*,#1532,.F.);
#1532 = EDGE_CURVE('',#1533,#1525,#1535,.T.);
#1533 = VERTEX_POINT('',#1534);
#1534 = CARTESIAN_POINT('',(42.523988,11.448743,4.245));
#1535 = LINE('',#1536,#1537);
#1536 = CARTESIAN_POINT('',(42.523988,11.448743,4.245));
#1537 = VECTOR('',#1538,1.);
#1538 = DIRECTION('',(0.707106781187,-0.707106781187,0.));
#1539 = ORIENTED_EDGE('',*,*,#1540,.F.);
#1540 = EDGE_CURVE('',#1541,#1533,#1543,.T.);
#1541 = VERTEX_POINT('',#1542);
#1542 = CARTESIAN_POINT('',(42.445672,11.58439,4.245));
#1543 = LINE('',#1544,#1545);
#1544 = CARTESIAN_POINT('',(42.445672,11.58439,4.245));
#1545 = VECTOR('',#1546,1.);
#1546 = DIRECTION('',(0.500000804603,-0.866024939246,0.));
#1547 = ORIENTED_EDGE('',*,*,#1548,.F.);
#1548 = EDGE_CURVE('',#1549,#1541,#1551,.T.);
#1549 = VERTEX_POINT('',#1550);
#1550 = CARTESIAN_POINT('',(42.405133,11.735684,4.245));
#1551 = LINE('',#1552,#1553);
#1552 = CARTESIAN_POINT('',(42.405133,11.735684,4.245));
#1553 = VECTOR('',#1554,1.);
#1554 = DIRECTION('',(0.25881841893,-0.965925994071,0.));
#1555 = ORIENTED_EDGE('',*,*,#1556,.F.);
#1556 = EDGE_CURVE('',#1557,#1549,#1559,.T.);
#1557 = VERTEX_POINT('',#1558);
#1558 = CARTESIAN_POINT('',(42.405133,11.892316,4.245));
#1559 = LINE('',#1560,#1561);
#1560 = CARTESIAN_POINT('',(42.405133,11.892316,4.245));
#1561 = VECTOR('',#1562,1.);
#1562 = DIRECTION('',(0.,-1.,0.));
#1563 = ORIENTED_EDGE('',*,*,#1564,.F.);
#1564 = EDGE_CURVE('',#1565,#1557,#1567,.T.);
#1565 = VERTEX_POINT('',#1566);
#1566 = CARTESIAN_POINT('',(42.445672,12.04361,4.245));
#1567 = LINE('',#1568,#1569);
#1568 = CARTESIAN_POINT('',(42.445672,12.04361,4.245));
#1569 = VECTOR('',#1570,1.);
#1570 = DIRECTION('',(-0.25881841893,-0.965925994071,0.));
#1571 = ORIENTED_EDGE('',*,*,#1572,.F.);
#1572 = EDGE_CURVE('',#1573,#1565,#1575,.T.);
#1573 = VERTEX_POINT('',#1574);
#1574 = CARTESIAN_POINT('',(42.523988,12.179257,4.245));
#1575 = LINE('',#1576,#1577);
#1576 = CARTESIAN_POINT('',(42.523988,12.179257,4.245));
#1577 = VECTOR('',#1578,1.);
#1578 = DIRECTION('',(-0.500000804603,-0.866024939246,0.));
#1579 = ORIENTED_EDGE('',*,*,#1580,.F.);
#1580 = EDGE_CURVE('',#1581,#1573,#1583,.T.);
#1581 = VERTEX_POINT('',#1582);
#1582 = CARTESIAN_POINT('',(42.634743,12.290012,4.245));
#1583 = LINE('',#1584,#1585);
#1584 = CARTESIAN_POINT('',(42.634743,12.290012,4.245));
#1585 = VECTOR('',#1586,1.);
#1586 = DIRECTION('',(-0.707106781187,-0.707106781187,0.));
#1587 = ORIENTED_EDGE('',*,*,#1588,.F.);
#1588 = EDGE_CURVE('',#1589,#1581,#1591,.T.);
#1589 = VERTEX_POINT('',#1590);
#1590 = CARTESIAN_POINT('',(42.77039,12.368328,4.245));
#1591 = LINE('',#1592,#1593);
#1592 = CARTESIAN_POINT('',(42.77039,12.368328,4.245));
#1593 = VECTOR('',#1594,1.);
#1594 = DIRECTION('',(-0.866024939246,-0.500000804603,0.));
#1595 = ORIENTED_EDGE('',*,*,#1596,.F.);
#1596 = EDGE_CURVE('',#1597,#1589,#1599,.T.);
#1597 = VERTEX_POINT('',#1598);
#1598 = CARTESIAN_POINT('',(42.921684,12.408867,4.245));
#1599 = LINE('',#1600,#1601);
#1600 = CARTESIAN_POINT('',(42.921684,12.408867,4.245));
#1601 = VECTOR('',#1602,1.);
#1602 = DIRECTION('',(-0.965925994071,-0.25881841893,0.));
#1603 = ORIENTED_EDGE('',*,*,#1604,.F.);
#1604 = EDGE_CURVE('',#1605,#1597,#1607,.T.);
#1605 = VERTEX_POINT('',#1606);
#1606 = CARTESIAN_POINT('',(43.078316,12.408867,4.245));
#1607 = LINE('',#1608,#1609);
#1608 = CARTESIAN_POINT('',(43.078316,12.408867,4.245));
#1609 = VECTOR('',#1610,1.);
#1610 = DIRECTION('',(-1.,0.,0.));
#1611 = ORIENTED_EDGE('',*,*,#1612,.F.);
#1612 = EDGE_CURVE('',#1613,#1605,#1615,.T.);
#1613 = VERTEX_POINT('',#1614);
#1614 = CARTESIAN_POINT('',(43.22961,12.368328,4.245));
#1615 = LINE('',#1616,#1617);
#1616 = CARTESIAN_POINT('',(43.22961,12.368328,4.245));
#1617 = VECTOR('',#1618,1.);
#1618 = DIRECTION('',(-0.965925994071,0.25881841893,0.));
#1619 = ORIENTED_EDGE('',*,*,#1620,.F.);
#1620 = EDGE_CURVE('',#1621,#1613,#1623,.T.);
#1621 = VERTEX_POINT('',#1622);
#1622 = CARTESIAN_POINT('',(43.365257,12.290012,4.245));
#1623 = LINE('',#1624,#1625);
#1624 = CARTESIAN_POINT('',(43.365257,12.290012,4.245));
#1625 = VECTOR('',#1626,1.);
#1626 = DIRECTION('',(-0.866024939246,0.500000804603,0.));
#1627 = ORIENTED_EDGE('',*,*,#1628,.F.);
#1628 = EDGE_CURVE('',#1629,#1621,#1631,.T.);
#1629 = VERTEX_POINT('',#1630);
#1630 = CARTESIAN_POINT('',(43.476012,12.179257,4.245));
#1631 = LINE('',#1632,#1633);
#1632 = CARTESIAN_POINT('',(43.476012,12.179257,4.245));
#1633 = VECTOR('',#1634,1.);
#1634 = DIRECTION('',(-0.707106781187,0.707106781187,0.));
#1635 = ORIENTED_EDGE('',*,*,#1636,.F.);
#1636 = EDGE_CURVE('',#1637,#1629,#1639,.T.);
#1637 = VERTEX_POINT('',#1638);
#1638 = CARTESIAN_POINT('',(43.554328,12.04361,4.245));
#1639 = LINE('',#1640,#1641);
#1640 = CARTESIAN_POINT('',(43.554328,12.04361,4.245));
#1641 = VECTOR('',#1642,1.);
#1642 = DIRECTION('',(-0.500000804603,0.866024939246,0.));
#1643 = ORIENTED_EDGE('',*,*,#1644,.F.);
#1644 = EDGE_CURVE('',#1645,#1637,#1647,.T.);
#1645 = VERTEX_POINT('',#1646);
#1646 = CARTESIAN_POINT('',(43.594867,11.892316,4.245));
#1647 = LINE('',#1648,#1649);
#1648 = CARTESIAN_POINT('',(43.594867,11.892316,4.245));
#1649 = VECTOR('',#1650,1.);
#1650 = DIRECTION('',(-0.25881841893,0.965925994071,0.));
#1651 = ORIENTED_EDGE('',*,*,#1652,.F.);
#1652 = EDGE_CURVE('',#1653,#1645,#1655,.T.);
#1653 = VERTEX_POINT('',#1654);
#1654 = CARTESIAN_POINT('',(43.594867,11.735684,4.245));
#1655 = LINE('',#1656,#1657);
#1656 = CARTESIAN_POINT('',(43.594867,11.735684,4.245));
#1657 = VECTOR('',#1658,1.);
#1658 = DIRECTION('',(0.,1.,0.));
#1659 = ORIENTED_EDGE('',*,*,#1660,.F.);
#1660 = EDGE_CURVE('',#1661,#1653,#1663,.T.);
#1661 = VERTEX_POINT('',#1662);
#1662 = CARTESIAN_POINT('',(43.554328,11.58439,4.245));
#1663 = LINE('',#1664,#1665);
#1664 = CARTESIAN_POINT('',(43.554328,11.58439,4.245));
#1665 = VECTOR('',#1666,1.);
#1666 = DIRECTION('',(0.25881841893,0.965925994071,0.));
#1667 = ORIENTED_EDGE('',*,*,#1668,.F.);
#1668 = EDGE_CURVE('',#1669,#1661,#1671,.T.);
#1669 = VERTEX_POINT('',#1670);
#1670 = CARTESIAN_POINT('',(43.476012,11.448743,4.245));
#1671 = LINE('',#1672,#1673);
#1672 = CARTESIAN_POINT('',(43.476012,11.448743,4.245));
#1673 = VECTOR('',#1674,1.);
#1674 = DIRECTION('',(0.500000804603,0.866024939246,0.));
#1675 = ORIENTED_EDGE('',*,*,#1676,.F.);
#1676 = EDGE_CURVE('',#1493,#1669,#1677,.T.);
#1677 = LINE('',#1678,#1679);
#1678 = CARTESIAN_POINT('',(43.365257,11.337988,4.245));
#1679 = VECTOR('',#1680,1.);
#1680 = DIRECTION('',(0.707106781187,0.707106781187,0.));
#1681 = FACE_BOUND('',#1682,.F.);
#1682 = EDGE_LOOP('',(#1683));
#1683 = ORIENTED_EDGE('',*,*,#1684,.T.);
#1684 = EDGE_CURVE('',#1685,#1685,#1687,.T.);
#1685 = VERTEX_POINT('',#1686);
#1686 = CARTESIAN_POINT('',(38.1915,5.8485,4.245));
#1687 = CIRCLE('',#1688,1.1);
#1688 = AXIS2_PLACEMENT_3D('',#1689,#1690,#1691);
#1689 = CARTESIAN_POINT('',(38.1915,4.7485,4.245));
#1690 = DIRECTION('',(0.,0.,-1.));
#1691 = DIRECTION('',(0.,1.,0.));
#1692 = FACE_BOUND('',#1693,.F.);
#1693 = EDGE_LOOP('',(#1694));
#1694 = ORIENTED_EDGE('',*,*,#1695,.T.);
#1695 = EDGE_CURVE('',#1696,#1696,#1698,.T.);
#1696 = VERTEX_POINT('',#1697);
#1697 = CARTESIAN_POINT('',(3.1635,36.887,4.245));
#1698 = CIRCLE('',#1699,1.1);
#1699 = AXIS2_PLACEMENT_3D('',#1700,#1701,#1702);
#1700 = CARTESIAN_POINT('',(3.1635,35.787,4.245));
#1701 = DIRECTION('',(0.,0.,-1.));
#1702 = DIRECTION('',(0.,1.,0.));
#1703 = PLANE('',#1704);
#1704 = AXIS2_PLACEMENT_3D('',#1705,#1706,#1707);
#1705 = CARTESIAN_POINT('',(49.,1.,4.245));
#1706 = DIRECTION('',(0.,0.,1.));
#1707 = DIRECTION('',(-1.,0.,0.));
#1708 = ADVANCED_FACE('',(#1709,#1755,#1766,#2024,#2282,#2318,#2512,
    #2548,#2742,#2778,#2814,#2825,#2836,#2847,#2858,#2869,#2880,#3074,
    #3268,#3279),#3290,.T.);
#1709 = FACE_BOUND('',#1710,.T.);
#1710 = EDGE_LOOP('',(#1711,#1712,#1713,#1722,#1730,#1739,#1747,#1754));
#1711 = ORIENTED_EDGE('',*,*,#31,.F.);
#1712 = ORIENTED_EDGE('',*,*,#73,.F.);
#1713 = ORIENTED_EDGE('',*,*,#1714,.F.);
#1714 = EDGE_CURVE('',#1715,#66,#1717,.T.);
#1715 = VERTEX_POINT('',#1716);
#1716 = CARTESIAN_POINT('',(49.,2.2,5.155));
#1717 = CIRCLE('',#1718,1.200000469195);
#1718 = AXIS2_PLACEMENT_3D('',#1719,#1720,#1721);
#1719 = CARTESIAN_POINT('',(47.799999530805,2.200000469195,5.155));
#1720 = DIRECTION('',(0.,-0.,-1.));
#1721 = DIRECTION('',(1.,-3.9099536216E-07,0.));
#1722 = ORIENTED_EDGE('',*,*,#1723,.F.);
#1723 = EDGE_CURVE('',#1724,#1715,#1726,.T.);
#1724 = VERTEX_POINT('',#1725);
#1725 = CARTESIAN_POINT('',(49.,75.8,5.155));
#1726 = LINE('',#1727,#1728);
#1727 = CARTESIAN_POINT('',(49.,75.8,5.155));
#1728 = VECTOR('',#1729,1.);
#1729 = DIRECTION('',(0.,-1.,0.));
#1730 = ORIENTED_EDGE('',*,*,#1731,.F.);
#1731 = EDGE_CURVE('',#1732,#1724,#1734,.T.);
#1732 = VERTEX_POINT('',#1733);
#1733 = CARTESIAN_POINT('',(47.8,77.,5.155));
#1734 = CIRCLE('',#1735,1.200000469195);
#1735 = AXIS2_PLACEMENT_3D('',#1736,#1737,#1738);
#1736 = CARTESIAN_POINT('',(47.799999530805,75.7999995308,5.155));
#1737 = DIRECTION('',(0.,-0.,-1.));
#1738 = DIRECTION('',(3.9099536105E-07,1.,-0.));
#1739 = ORIENTED_EDGE('',*,*,#1740,.F.);
#1740 = EDGE_CURVE('',#1741,#1732,#1743,.T.);
#1741 = VERTEX_POINT('',#1742);
#1742 = CARTESIAN_POINT('',(2.2,77.,5.155));
#1743 = LINE('',#1744,#1745);
#1744 = CARTESIAN_POINT('',(2.2,77.,5.155));
#1745 = VECTOR('',#1746,1.);
#1746 = DIRECTION('',(1.,0.,0.));
#1747 = ORIENTED_EDGE('',*,*,#1748,.F.);
#1748 = EDGE_CURVE('',#96,#1741,#1749,.T.);
#1749 = CIRCLE('',#1750,1.200000469195);
#1750 = AXIS2_PLACEMENT_3D('',#1751,#1752,#1753);
#1751 = CARTESIAN_POINT('',(2.200000469195,75.7999995308,5.155));
#1752 = DIRECTION('',(-0.,0.,-1.));
#1753 = DIRECTION('',(-1.,3.9099536161E-07,0.));
#1754 = ORIENTED_EDGE('',*,*,#95,.F.);
#1755 = FACE_BOUND('',#1756,.T.);
#1756 = EDGE_LOOP('',(#1757));
#1757 = ORIENTED_EDGE('',*,*,#1758,.T.);
#1758 = EDGE_CURVE('',#1759,#1759,#1761,.T.);
#1759 = VERTEX_POINT('',#1760);
#1760 = CARTESIAN_POINT('',(45.9385,72.0635,5.155));
#1761 = CIRCLE('',#1762,1.1);
#1762 = AXIS2_PLACEMENT_3D('',#1763,#1764,#1765);
#1763 = CARTESIAN_POINT('',(45.9385,70.9635,5.155));
#1764 = DIRECTION('',(0.,0.,-1.));
#1765 = DIRECTION('',(0.,1.,0.));
#1766 = FACE_BOUND('',#1767,.T.);
#1767 = EDGE_LOOP('',(#1768,#1778,#1786,#1794,#1802,#1810,#1818,#1826,
    #1834,#1842,#1850,#1858,#1866,#1874,#1882,#1890,#1898,#1906,#1914,
    #1922,#1930,#1938,#1946,#1954,#1962,#1970,#1978,#1986,#1994,#2002,
    #2010,#2018));
#1768 = ORIENTED_EDGE('',*,*,#1769,.F.);
#1769 = EDGE_CURVE('',#1770,#1772,#1774,.T.);
#1770 = VERTEX_POINT('',#1771);
#1771 = CARTESIAN_POINT('',(38.167228,73.704448,5.155));
#1772 = VERTEX_POINT('',#1773);
#1773 = CARTESIAN_POINT('',(38.312117,73.764463,5.155));
#1774 = LINE('',#1775,#1776);
#1775 = CARTESIAN_POINT('',(38.167228,73.704448,5.155));
#1776 = VECTOR('',#1777,1.);
#1777 = DIRECTION('',(0.923879507349,0.382683493112,0.));
#1778 = ORIENTED_EDGE('',*,*,#1779,.F.);
#1779 = EDGE_CURVE('',#1780,#1770,#1782,.T.);
#1780 = VERTEX_POINT('',#1781);
#1781 = CARTESIAN_POINT('',(38.013414,73.673852,5.155));
#1782 = LINE('',#1783,#1784);
#1783 = CARTESIAN_POINT('',(38.013414,73.673852,5.155));
#1784 = VECTOR('',#1785,1.);
#1785 = DIRECTION('',(0.980784678749,0.195093346711,0.));
#1786 = ORIENTED_EDGE('',*,*,#1787,.F.);
#1787 = EDGE_CURVE('',#1788,#1780,#1790,.T.);
#1788 = VERTEX_POINT('',#1789);
#1789 = CARTESIAN_POINT('',(37.856586,73.673852,5.155));
#1790 = LINE('',#1791,#1792);
#1791 = CARTESIAN_POINT('',(37.856586,73.673852,5.155));
#1792 = VECTOR('',#1793,1.);
#1793 = DIRECTION('',(1.,0.,0.));
#1794 = ORIENTED_EDGE('',*,*,#1795,.F.);
#1795 = EDGE_CURVE('',#1796,#1788,#1798,.T.);
#1796 = VERTEX_POINT('',#1797);
#1797 = CARTESIAN_POINT('',(37.702772,73.704448,5.155));
#1798 = LINE('',#1799,#1800);
#1799 = CARTESIAN_POINT('',(37.702772,73.704448,5.155));
#1800 = VECTOR('',#1801,1.);
#1801 = DIRECTION('',(0.980784678749,-0.195093346711,0.));
#1802 = ORIENTED_EDGE('',*,*,#1803,.F.);
#1803 = EDGE_CURVE('',#1804,#1796,#1806,.T.);
#1804 = VERTEX_POINT('',#1805);
#1805 = CARTESIAN_POINT('',(37.557883,73.764463,5.155));
#1806 = LINE('',#1807,#1808);
#1807 = CARTESIAN_POINT('',(37.557883,73.764463,5.155));
#1808 = VECTOR('',#1809,1.);
#1809 = DIRECTION('',(0.923879507349,-0.382683493112,0.));
#1810 = ORIENTED_EDGE('',*,*,#1811,.F.);
#1811 = EDGE_CURVE('',#1812,#1804,#1814,.T.);
#1812 = VERTEX_POINT('',#1813);
#1813 = CARTESIAN_POINT('',(37.427485,73.851592,5.155));
#1814 = LINE('',#1815,#1816);
#1815 = CARTESIAN_POINT('',(37.427485,73.851592,5.155));
#1816 = VECTOR('',#1817,1.);
#1817 = DIRECTION('',(0.831470077774,-0.555569536391,0.));
#1818 = ORIENTED_EDGE('',*,*,#1819,.F.);
#1819 = EDGE_CURVE('',#1820,#1812,#1822,.T.);
#1820 = VERTEX_POINT('',#1821);
#1821 = CARTESIAN_POINT('',(37.316592,73.962485,5.155));
#1822 = LINE('',#1823,#1824);
#1823 = CARTESIAN_POINT('',(37.316592,73.962485,5.155));
#1824 = VECTOR('',#1825,1.);
#1825 = DIRECTION('',(0.707106781187,-0.707106781187,0.));
#1826 = ORIENTED_EDGE('',*,*,#1827,.F.);
#1827 = EDGE_CURVE('',#1828,#1820,#1830,.T.);
#1828 = VERTEX_POINT('',#1829);
#1829 = CARTESIAN_POINT('',(37.229463,74.092883,5.155));
#1830 = LINE('',#1831,#1832);
#1831 = CARTESIAN_POINT('',(37.229463,74.092883,5.155));
#1832 = VECTOR('',#1833,1.);
#1833 = DIRECTION('',(0.555569536392,-0.831470077774,0.));
#1834 = ORIENTED_EDGE('',*,*,#1835,.F.);
#1835 = EDGE_CURVE('',#1836,#1828,#1838,.T.);
#1836 = VERTEX_POINT('',#1837);
#1837 = CARTESIAN_POINT('',(37.169448,74.237772,5.155));
#1838 = LINE('',#1839,#1840);
#1839 = CARTESIAN_POINT('',(37.169448,74.237772,5.155));
#1840 = VECTOR('',#1841,1.);
#1841 = DIRECTION('',(0.382683493112,-0.923879507349,0.));
#1842 = ORIENTED_EDGE('',*,*,#1843,.F.);
#1843 = EDGE_CURVE('',#1844,#1836,#1846,.T.);
#1844 = VERTEX_POINT('',#1845);
#1845 = CARTESIAN_POINT('',(37.138852,74.391586,5.155));
#1846 = LINE('',#1847,#1848);
#1847 = CARTESIAN_POINT('',(37.138852,74.391586,5.155));
#1848 = VECTOR('',#1849,1.);
#1849 = DIRECTION('',(0.195093346711,-0.980784678749,0.));
#1850 = ORIENTED_EDGE('',*,*,#1851,.F.);
#1851 = EDGE_CURVE('',#1852,#1844,#1854,.T.);
#1852 = VERTEX_POINT('',#1853);
#1853 = CARTESIAN_POINT('',(37.138852,74.548414,5.155));
#1854 = LINE('',#1855,#1856);
#1855 = CARTESIAN_POINT('',(37.138852,74.548414,5.155));
#1856 = VECTOR('',#1857,1.);
#1857 = DIRECTION('',(0.,-1.,0.));
#1858 = ORIENTED_EDGE('',*,*,#1859,.F.);
#1859 = EDGE_CURVE('',#1860,#1852,#1862,.T.);
#1860 = VERTEX_POINT('',#1861);
#1861 = CARTESIAN_POINT('',(37.169448,74.702228,5.155));
#1862 = LINE('',#1863,#1864);
#1863 = CARTESIAN_POINT('',(37.169448,74.702228,5.155));
#1864 = VECTOR('',#1865,1.);
#1865 = DIRECTION('',(-0.195093346711,-0.980784678749,0.));
#1866 = ORIENTED_EDGE('',*,*,#1867,.F.);
#1867 = EDGE_CURVE('',#1868,#1860,#1870,.T.);
#1868 = VERTEX_POINT('',#1869);
#1869 = CARTESIAN_POINT('',(37.229463,74.847117,5.155));
#1870 = LINE('',#1871,#1872);
#1871 = CARTESIAN_POINT('',(37.229463,74.847117,5.155));
#1872 = VECTOR('',#1873,1.);
#1873 = DIRECTION('',(-0.382683493112,-0.923879507349,0.));
#1874 = ORIENTED_EDGE('',*,*,#1875,.F.);
#1875 = EDGE_CURVE('',#1876,#1868,#1878,.T.);
#1876 = VERTEX_POINT('',#1877);
#1877 = CARTESIAN_POINT('',(37.316592,74.977515,5.155));
#1878 = LINE('',#1879,#1880);
#1879 = CARTESIAN_POINT('',(37.316592,74.977515,5.155));
#1880 = VECTOR('',#1881,1.);
#1881 = DIRECTION('',(-0.555569536392,-0.831470077774,0.));
#1882 = ORIENTED_EDGE('',*,*,#1883,.F.);
#1883 = EDGE_CURVE('',#1884,#1876,#1886,.T.);
#1884 = VERTEX_POINT('',#1885);
#1885 = CARTESIAN_POINT('',(37.427485,75.088408,5.155));
#1886 = LINE('',#1887,#1888);
#1887 = CARTESIAN_POINT('',(37.427485,75.088408,5.155));
#1888 = VECTOR('',#1889,1.);
#1889 = DIRECTION('',(-0.707106781187,-0.707106781187,0.));
#1890 = ORIENTED_EDGE('',*,*,#1891,.F.);
#1891 = EDGE_CURVE('',#1892,#1884,#1894,.T.);
#1892 = VERTEX_POINT('',#1893);
#1893 = CARTESIAN_POINT('',(37.557883,75.175537,5.155));
#1894 = LINE('',#1895,#1896);
#1895 = CARTESIAN_POINT('',(37.557883,75.175537,5.155));
#1896 = VECTOR('',#1897,1.);
#1897 = DIRECTION('',(-0.831470077774,-0.555569536392,0.));
#1898 = ORIENTED_EDGE('',*,*,#1899,.F.);
#1899 = EDGE_CURVE('',#1900,#1892,#1902,.T.);
#1900 = VERTEX_POINT('',#1901);
#1901 = CARTESIAN_POINT('',(37.702772,75.235552,5.155));
#1902 = LINE('',#1903,#1904);
#1903 = CARTESIAN_POINT('',(37.702772,75.235552,5.155));
#1904 = VECTOR('',#1905,1.);
#1905 = DIRECTION('',(-0.923879507349,-0.382683493112,0.));
#1906 = ORIENTED_EDGE('',*,*,#1907,.F.);
#1907 = EDGE_CURVE('',#1908,#1900,#1910,.T.);
#1908 = VERTEX_POINT('',#1909);
#1909 = CARTESIAN_POINT('',(37.856586,75.266148,5.155));
#1910 = LINE('',#1911,#1912);
#1911 = CARTESIAN_POINT('',(37.856586,75.266148,5.155));
#1912 = VECTOR('',#1913,1.);
#1913 = DIRECTION('',(-0.980784678749,-0.195093346711,0.));
#1914 = ORIENTED_EDGE('',*,*,#1915,.F.);
#1915 = EDGE_CURVE('',#1916,#1908,#1918,.T.);
#1916 = VERTEX_POINT('',#1917);
#1917 = CARTESIAN_POINT('',(38.013414,75.266148,5.155));
#1918 = LINE('',#1919,#1920);
#1919 = CARTESIAN_POINT('',(38.013414,75.266148,5.155));
#1920 = VECTOR('',#1921,1.);
#1921 = DIRECTION('',(-1.,0.,0.));
#1922 = ORIENTED_EDGE('',*,*,#1923,.F.);
#1923 = EDGE_CURVE('',#1924,#1916,#1926,.T.);
#1924 = VERTEX_POINT('',#1925);
#1925 = CARTESIAN_POINT('',(38.167228,75.235552,5.155));
#1926 = LINE('',#1927,#1928);
#1927 = CARTESIAN_POINT('',(38.167228,75.235552,5.155));
#1928 = VECTOR('',#1929,1.);
#1929 = DIRECTION('',(-0.980784678749,0.195093346711,0.));
#1930 = ORIENTED_EDGE('',*,*,#1931,.F.);
#1931 = EDGE_CURVE('',#1932,#1924,#1934,.T.);
#1932 = VERTEX_POINT('',#1933);
#1933 = CARTESIAN_POINT('',(38.312117,75.175537,5.155));
#1934 = LINE('',#1935,#1936);
#1935 = CARTESIAN_POINT('',(38.312117,75.175537,5.155));
#1936 = VECTOR('',#1937,1.);
#1937 = DIRECTION('',(-0.923879507349,0.382683493112,0.));
#1938 = ORIENTED_EDGE('',*,*,#1939,.F.);
#1939 = EDGE_CURVE('',#1940,#1932,#1942,.T.);
#1940 = VERTEX_POINT('',#1941);
#1941 = CARTESIAN_POINT('',(38.442515,75.088408,5.155));
#1942 = LINE('',#1943,#1944);
#1943 = CARTESIAN_POINT('',(38.442515,75.088408,5.155));
#1944 = VECTOR('',#1945,1.);
#1945 = DIRECTION('',(-0.831470077774,0.555569536392,0.));
#1946 = ORIENTED_EDGE('',*,*,#1947,.F.);
#1947 = EDGE_CURVE('',#1948,#1940,#1950,.T.);
#1948 = VERTEX_POINT('',#1949);
#1949 = CARTESIAN_POINT('',(38.553408,74.977515,5.155));
#1950 = LINE('',#1951,#1952);
#1951 = CARTESIAN_POINT('',(38.553408,74.977515,5.155));
#1952 = VECTOR('',#1953,1.);
#1953 = DIRECTION('',(-0.707106781187,0.707106781187,0.));
#1954 = ORIENTED_EDGE('',*,*,#1955,.F.);
#1955 = EDGE_CURVE('',#1956,#1948,#1958,.T.);
#1956 = VERTEX_POINT('',#1957);
#1957 = CARTESIAN_POINT('',(38.640537,74.847117,5.155));
#1958 = LINE('',#1959,#1960);
#1959 = CARTESIAN_POINT('',(38.640537,74.847117,5.155));
#1960 = VECTOR('',#1961,1.);
#1961 = DIRECTION('',(-0.555569536392,0.831470077774,0.));
#1962 = ORIENTED_EDGE('',*,*,#1963,.F.);
#1963 = EDGE_CURVE('',#1964,#1956,#1966,.T.);
#1964 = VERTEX_POINT('',#1965);
#1965 = CARTESIAN_POINT('',(38.700552,74.702228,5.155));
#1966 = LINE('',#1967,#1968);
#1967 = CARTESIAN_POINT('',(38.700552,74.702228,5.155));
#1968 = VECTOR('',#1969,1.);
#1969 = DIRECTION('',(-0.382683493112,0.923879507349,0.));
#1970 = ORIENTED_EDGE('',*,*,#1971,.F.);
#1971 = EDGE_CURVE('',#1972,#1964,#1974,.T.);
#1972 = VERTEX_POINT('',#1973);
#1973 = CARTESIAN_POINT('',(38.731148,74.548414,5.155));
#1974 = LINE('',#1975,#1976);
#1975 = CARTESIAN_POINT('',(38.731148,74.548414,5.155));
#1976 = VECTOR('',#1977,1.);
#1977 = DIRECTION('',(-0.195093346711,0.980784678749,0.));
#1978 = ORIENTED_EDGE('',*,*,#1979,.F.);
#1979 = EDGE_CURVE('',#1980,#1972,#1982,.T.);
#1980 = VERTEX_POINT('',#1981);
#1981 = CARTESIAN_POINT('',(38.731148,74.391586,5.155));
#1982 = LINE('',#1983,#1984);
#1983 = CARTESIAN_POINT('',(38.731148,74.391586,5.155));
#1984 = VECTOR('',#1985,1.);
#1985 = DIRECTION('',(0.,1.,0.));
#1986 = ORIENTED_EDGE('',*,*,#1987,.F.);
#1987 = EDGE_CURVE('',#1988,#1980,#1990,.T.);
#1988 = VERTEX_POINT('',#1989);
#1989 = CARTESIAN_POINT('',(38.700552,74.237772,5.155));
#1990 = LINE('',#1991,#1992);
#1991 = CARTESIAN_POINT('',(38.700552,74.237772,5.155));
#1992 = VECTOR('',#1993,1.);
#1993 = DIRECTION('',(0.195093346711,0.980784678749,0.));
#1994 = ORIENTED_EDGE('',*,*,#1995,.F.);
#1995 = EDGE_CURVE('',#1996,#1988,#1998,.T.);
#1996 = VERTEX_POINT('',#1997);
#1997 = CARTESIAN_POINT('',(38.640537,74.092883,5.155));
#1998 = LINE('',#1999,#2000);
#1999 = CARTESIAN_POINT('',(38.640537,74.092883,5.155));
#2000 = VECTOR('',#2001,1.);
#2001 = DIRECTION('',(0.382683493112,0.923879507349,0.));
#2002 = ORIENTED_EDGE('',*,*,#2003,.F.);
#2003 = EDGE_CURVE('',#2004,#1996,#2006,.T.);
#2004 = VERTEX_POINT('',#2005);
#2005 = CARTESIAN_POINT('',(38.553408,73.962485,5.155));
#2006 = LINE('',#2007,#2008);
#2007 = CARTESIAN_POINT('',(38.553408,73.962485,5.155));
#2008 = VECTOR('',#2009,1.);
#2009 = DIRECTION('',(0.555569536392,0.831470077774,0.));
#2010 = ORIENTED_EDGE('',*,*,#2011,.F.);
#2011 = EDGE_CURVE('',#2012,#2004,#2014,.T.);
#2012 = VERTEX_POINT('',#2013);
#2013 = CARTESIAN_POINT('',(38.442515,73.851592,5.155));
#2014 = LINE('',#2015,#2016);
#2015 = CARTESIAN_POINT('',(38.442515,73.851592,5.155));
#2016 = VECTOR('',#2017,1.);
#2017 = DIRECTION('',(0.707106781187,0.707106781187,0.));
#2018 = ORIENTED_EDGE('',*,*,#2019,.F.);
#2019 = EDGE_CURVE('',#1772,#2012,#2020,.T.);
#2020 = LINE('',#2021,#2022);
#2021 = CARTESIAN_POINT('',(38.312117,73.764463,5.155));
#2022 = VECTOR('',#2023,1.);
#2023 = DIRECTION('',(0.831470077774,0.555569536391,0.));
#2024 = FACE_BOUND('',#2025,.T.);
#2025 = EDGE_LOOP('',(#2026,#2036,#2044,#2052,#2060,#2068,#2076,#2084,
    #2092,#2100,#2108,#2116,#2124,#2132,#2140,#2148,#2156,#2164,#2172,
    #2180,#2188,#2196,#2204,#2212,#2220,#2228,#2236,#2244,#2252,#2260,
    #2268,#2276));
#2026 = ORIENTED_EDGE('',*,*,#2027,.F.);
#2027 = EDGE_CURVE('',#2028,#2030,#2032,.T.);
#2028 = VERTEX_POINT('',#2029);
#2029 = CARTESIAN_POINT('',(38.167228,66.704448,5.155));
#2030 = VERTEX_POINT('',#2031);
#2031 = CARTESIAN_POINT('',(38.312117,66.764463,5.155));
#2032 = LINE('',#2033,#2034);
#2033 = CARTESIAN_POINT('',(38.167228,66.704448,5.155));
#2034 = VECTOR('',#2035,1.);
#2035 = DIRECTION('',(0.923879507349,0.382683493112,0.));
#2036 = ORIENTED_EDGE('',*,*,#2037,.F.);
#2037 = EDGE_CURVE('',#2038,#2028,#2040,.T.);
#2038 = VERTEX_POINT('',#2039);
#2039 = CARTESIAN_POINT('',(38.013414,66.673852,5.155));
#2040 = LINE('',#2041,#2042);
#2041 = CARTESIAN_POINT('',(38.013414,66.673852,5.155));
#2042 = VECTOR('',#2043,1.);
#2043 = DIRECTION('',(0.980784678749,0.195093346711,0.));
#2044 = ORIENTED_EDGE('',*,*,#2045,.F.);
#2045 = EDGE_CURVE('',#2046,#2038,#2048,.T.);
#2046 = VERTEX_POINT('',#2047);
#2047 = CARTESIAN_POINT('',(37.856586,66.673852,5.155));
#2048 = LINE('',#2049,#2050);
#2049 = CARTESIAN_POINT('',(37.856586,66.673852,5.155));
#2050 = VECTOR('',#2051,1.);
#2051 = DIRECTION('',(1.,0.,0.));
#2052 = ORIENTED_EDGE('',*,*,#2053,.F.);
#2053 = EDGE_CURVE('',#2054,#2046,#2056,.T.);
#2054 = VERTEX_POINT('',#2055);
#2055 = CARTESIAN_POINT('',(37.702772,66.704448,5.155));
#2056 = LINE('',#2057,#2058);
#2057 = CARTESIAN_POINT('',(37.702772,66.704448,5.155));
#2058 = VECTOR('',#2059,1.);
#2059 = DIRECTION('',(0.980784678749,-0.195093346711,0.));
#2060 = ORIENTED_EDGE('',*,*,#2061,.F.);
#2061 = EDGE_CURVE('',#2062,#2054,#2064,.T.);
#2062 = VERTEX_POINT('',#2063);
#2063 = CARTESIAN_POINT('',(37.557883,66.764463,5.155));
#2064 = LINE('',#2065,#2066);
#2065 = CARTESIAN_POINT('',(37.557883,66.764463,5.155));
#2066 = VECTOR('',#2067,1.);
#2067 = DIRECTION('',(0.923879507349,-0.382683493112,0.));
#2068 = ORIENTED_EDGE('',*,*,#2069,.F.);
#2069 = EDGE_CURVE('',#2070,#2062,#2072,.T.);
#2070 = VERTEX_POINT('',#2071);
#2071 = CARTESIAN_POINT('',(37.427485,66.851592,5.155));
#2072 = LINE('',#2073,#2074);
#2073 = CARTESIAN_POINT('',(37.427485,66.851592,5.155));
#2074 = VECTOR('',#2075,1.);
#2075 = DIRECTION('',(0.831470077774,-0.555569536391,0.));
#2076 = ORIENTED_EDGE('',*,*,#2077,.F.);
#2077 = EDGE_CURVE('',#2078,#2070,#2080,.T.);
#2078 = VERTEX_POINT('',#2079);
#2079 = CARTESIAN_POINT('',(37.316592,66.962485,5.155));
#2080 = LINE('',#2081,#2082);
#2081 = CARTESIAN_POINT('',(37.316592,66.962485,5.155));
#2082 = VECTOR('',#2083,1.);
#2083 = DIRECTION('',(0.707106781187,-0.707106781187,0.));
#2084 = ORIENTED_EDGE('',*,*,#2085,.F.);
#2085 = EDGE_CURVE('',#2086,#2078,#2088,.T.);
#2086 = VERTEX_POINT('',#2087);
#2087 = CARTESIAN_POINT('',(37.229463,67.092883,5.155));
#2088 = LINE('',#2089,#2090);
#2089 = CARTESIAN_POINT('',(37.229463,67.092883,5.155));
#2090 = VECTOR('',#2091,1.);
#2091 = DIRECTION('',(0.555569536392,-0.831470077774,0.));
#2092 = ORIENTED_EDGE('',*,*,#2093,.F.);
#2093 = EDGE_CURVE('',#2094,#2086,#2096,.T.);
#2094 = VERTEX_POINT('',#2095);
#2095 = CARTESIAN_POINT('',(37.169448,67.237772,5.155));
#2096 = LINE('',#2097,#2098);
#2097 = CARTESIAN_POINT('',(37.169448,67.237772,5.155));
#2098 = VECTOR('',#2099,1.);
#2099 = DIRECTION('',(0.382683493112,-0.923879507349,0.));
#2100 = ORIENTED_EDGE('',*,*,#2101,.F.);
#2101 = EDGE_CURVE('',#2102,#2094,#2104,.T.);
#2102 = VERTEX_POINT('',#2103);
#2103 = CARTESIAN_POINT('',(37.138852,67.391586,5.155));
#2104 = LINE('',#2105,#2106);
#2105 = CARTESIAN_POINT('',(37.138852,67.391586,5.155));
#2106 = VECTOR('',#2107,1.);
#2107 = DIRECTION('',(0.195093346711,-0.980784678749,0.));
#2108 = ORIENTED_EDGE('',*,*,#2109,.F.);
#2109 = EDGE_CURVE('',#2110,#2102,#2112,.T.);
#2110 = VERTEX_POINT('',#2111);
#2111 = CARTESIAN_POINT('',(37.138852,67.548414,5.155));
#2112 = LINE('',#2113,#2114);
#2113 = CARTESIAN_POINT('',(37.138852,67.548414,5.155));
#2114 = VECTOR('',#2115,1.);
#2115 = DIRECTION('',(0.,-1.,0.));
#2116 = ORIENTED_EDGE('',*,*,#2117,.F.);
#2117 = EDGE_CURVE('',#2118,#2110,#2120,.T.);
#2118 = VERTEX_POINT('',#2119);
#2119 = CARTESIAN_POINT('',(37.169448,67.702228,5.155));
#2120 = LINE('',#2121,#2122);
#2121 = CARTESIAN_POINT('',(37.169448,67.702228,5.155));
#2122 = VECTOR('',#2123,1.);
#2123 = DIRECTION('',(-0.195093346711,-0.980784678749,0.));
#2124 = ORIENTED_EDGE('',*,*,#2125,.F.);
#2125 = EDGE_CURVE('',#2126,#2118,#2128,.T.);
#2126 = VERTEX_POINT('',#2127);
#2127 = CARTESIAN_POINT('',(37.229463,67.847117,5.155));
#2128 = LINE('',#2129,#2130);
#2129 = CARTESIAN_POINT('',(37.229463,67.847117,5.155));
#2130 = VECTOR('',#2131,1.);
#2131 = DIRECTION('',(-0.382683493112,-0.923879507349,0.));
#2132 = ORIENTED_EDGE('',*,*,#2133,.F.);
#2133 = EDGE_CURVE('',#2134,#2126,#2136,.T.);
#2134 = VERTEX_POINT('',#2135);
#2135 = CARTESIAN_POINT('',(37.316592,67.977515,5.155));
#2136 = LINE('',#2137,#2138);
#2137 = CARTESIAN_POINT('',(37.316592,67.977515,5.155));
#2138 = VECTOR('',#2139,1.);
#2139 = DIRECTION('',(-0.555569536392,-0.831470077774,0.));
#2140 = ORIENTED_EDGE('',*,*,#2141,.F.);
#2141 = EDGE_CURVE('',#2142,#2134,#2144,.T.);
#2142 = VERTEX_POINT('',#2143);
#2143 = CARTESIAN_POINT('',(37.427485,68.088408,5.155));
#2144 = LINE('',#2145,#2146);
#2145 = CARTESIAN_POINT('',(37.427485,68.088408,5.155));
#2146 = VECTOR('',#2147,1.);
#2147 = DIRECTION('',(-0.707106781187,-0.707106781187,0.));
#2148 = ORIENTED_EDGE('',*,*,#2149,.F.);
#2149 = EDGE_CURVE('',#2150,#2142,#2152,.T.);
#2150 = VERTEX_POINT('',#2151);
#2151 = CARTESIAN_POINT('',(37.557883,68.175537,5.155));
#2152 = LINE('',#2153,#2154);
#2153 = CARTESIAN_POINT('',(37.557883,68.175537,5.155));
#2154 = VECTOR('',#2155,1.);
#2155 = DIRECTION('',(-0.831470077774,-0.555569536392,0.));
#2156 = ORIENTED_EDGE('',*,*,#2157,.F.);
#2157 = EDGE_CURVE('',#2158,#2150,#2160,.T.);
#2158 = VERTEX_POINT('',#2159);
#2159 = CARTESIAN_POINT('',(37.702772,68.235552,5.155));
#2160 = LINE('',#2161,#2162);
#2161 = CARTESIAN_POINT('',(37.702772,68.235552,5.155));
#2162 = VECTOR('',#2163,1.);
#2163 = DIRECTION('',(-0.923879507349,-0.382683493112,0.));
#2164 = ORIENTED_EDGE('',*,*,#2165,.F.);
#2165 = EDGE_CURVE('',#2166,#2158,#2168,.T.);
#2166 = VERTEX_POINT('',#2167);
#2167 = CARTESIAN_POINT('',(37.856586,68.266148,5.155));
#2168 = LINE('',#2169,#2170);
#2169 = CARTESIAN_POINT('',(37.856586,68.266148,5.155));
#2170 = VECTOR('',#2171,1.);
#2171 = DIRECTION('',(-0.980784678749,-0.195093346711,0.));
#2172 = ORIENTED_EDGE('',*,*,#2173,.F.);
#2173 = EDGE_CURVE('',#2174,#2166,#2176,.T.);
#2174 = VERTEX_POINT('',#2175);
#2175 = CARTESIAN_POINT('',(38.013414,68.266148,5.155));
#2176 = LINE('',#2177,#2178);
#2177 = CARTESIAN_POINT('',(38.013414,68.266148,5.155));
#2178 = VECTOR('',#2179,1.);
#2179 = DIRECTION('',(-1.,0.,0.));
#2180 = ORIENTED_EDGE('',*,*,#2181,.F.);
#2181 = EDGE_CURVE('',#2182,#2174,#2184,.T.);
#2182 = VERTEX_POINT('',#2183);
#2183 = CARTESIAN_POINT('',(38.167228,68.235552,5.155));
#2184 = LINE('',#2185,#2186);
#2185 = CARTESIAN_POINT('',(38.167228,68.235552,5.155));
#2186 = VECTOR('',#2187,1.);
#2187 = DIRECTION('',(-0.980784678749,0.195093346711,0.));
#2188 = ORIENTED_EDGE('',*,*,#2189,.F.);
#2189 = EDGE_CURVE('',#2190,#2182,#2192,.T.);
#2190 = VERTEX_POINT('',#2191);
#2191 = CARTESIAN_POINT('',(38.312117,68.175537,5.155));
#2192 = LINE('',#2193,#2194);
#2193 = CARTESIAN_POINT('',(38.312117,68.175537,5.155));
#2194 = VECTOR('',#2195,1.);
#2195 = DIRECTION('',(-0.923879507349,0.382683493112,0.));
#2196 = ORIENTED_EDGE('',*,*,#2197,.F.);
#2197 = EDGE_CURVE('',#2198,#2190,#2200,.T.);
#2198 = VERTEX_POINT('',#2199);
#2199 = CARTESIAN_POINT('',(38.442515,68.088408,5.155));
#2200 = LINE('',#2201,#2202);
#2201 = CARTESIAN_POINT('',(38.442515,68.088408,5.155));
#2202 = VECTOR('',#2203,1.);
#2203 = DIRECTION('',(-0.831470077774,0.555569536392,0.));
#2204 = ORIENTED_EDGE('',*,*,#2205,.F.);
#2205 = EDGE_CURVE('',#2206,#2198,#2208,.T.);
#2206 = VERTEX_POINT('',#2207);
#2207 = CARTESIAN_POINT('',(38.553408,67.977515,5.155));
#2208 = LINE('',#2209,#2210);
#2209 = CARTESIAN_POINT('',(38.553408,67.977515,5.155));
#2210 = VECTOR('',#2211,1.);
#2211 = DIRECTION('',(-0.707106781187,0.707106781187,0.));
#2212 = ORIENTED_EDGE('',*,*,#2213,.F.);
#2213 = EDGE_CURVE('',#2214,#2206,#2216,.T.);
#2214 = VERTEX_POINT('',#2215);
#2215 = CARTESIAN_POINT('',(38.640537,67.847117,5.155));
#2216 = LINE('',#2217,#2218);
#2217 = CARTESIAN_POINT('',(38.640537,67.847117,5.155));
#2218 = VECTOR('',#2219,1.);
#2219 = DIRECTION('',(-0.555569536392,0.831470077774,0.));
#2220 = ORIENTED_EDGE('',*,*,#2221,.F.);
#2221 = EDGE_CURVE('',#2222,#2214,#2224,.T.);
#2222 = VERTEX_POINT('',#2223);
#2223 = CARTESIAN_POINT('',(38.700552,67.702228,5.155));
#2224 = LINE('',#2225,#2226);
#2225 = CARTESIAN_POINT('',(38.700552,67.702228,5.155));
#2226 = VECTOR('',#2227,1.);
#2227 = DIRECTION('',(-0.382683493112,0.923879507349,0.));
#2228 = ORIENTED_EDGE('',*,*,#2229,.F.);
#2229 = EDGE_CURVE('',#2230,#2222,#2232,.T.);
#2230 = VERTEX_POINT('',#2231);
#2231 = CARTESIAN_POINT('',(38.731148,67.548414,5.155));
#2232 = LINE('',#2233,#2234);
#2233 = CARTESIAN_POINT('',(38.731148,67.548414,5.155));
#2234 = VECTOR('',#2235,1.);
#2235 = DIRECTION('',(-0.195093346711,0.980784678749,0.));
#2236 = ORIENTED_EDGE('',*,*,#2237,.F.);
#2237 = EDGE_CURVE('',#2238,#2230,#2240,.T.);
#2238 = VERTEX_POINT('',#2239);
#2239 = CARTESIAN_POINT('',(38.731148,67.391586,5.155));
#2240 = LINE('',#2241,#2242);
#2241 = CARTESIAN_POINT('',(38.731148,67.391586,5.155));
#2242 = VECTOR('',#2243,1.);
#2243 = DIRECTION('',(0.,1.,0.));
#2244 = ORIENTED_EDGE('',*,*,#2245,.F.);
#2245 = EDGE_CURVE('',#2246,#2238,#2248,.T.);
#2246 = VERTEX_POINT('',#2247);
#2247 = CARTESIAN_POINT('',(38.700552,67.237772,5.155));
#2248 = LINE('',#2249,#2250);
#2249 = CARTESIAN_POINT('',(38.700552,67.237772,5.155));
#2250 = VECTOR('',#2251,1.);
#2251 = DIRECTION('',(0.195093346711,0.980784678749,0.));
#2252 = ORIENTED_EDGE('',*,*,#2253,.F.);
#2253 = EDGE_CURVE('',#2254,#2246,#2256,.T.);
#2254 = VERTEX_POINT('',#2255);
#2255 = CARTESIAN_POINT('',(38.640537,67.092883,5.155));
#2256 = LINE('',#2257,#2258);
#2257 = CARTESIAN_POINT('',(38.640537,67.092883,5.155));
#2258 = VECTOR('',#2259,1.);
#2259 = DIRECTION('',(0.382683493112,0.923879507349,0.));
#2260 = ORIENTED_EDGE('',*,*,#2261,.F.);
#2261 = EDGE_CURVE('',#2262,#2254,#2264,.T.);
#2262 = VERTEX_POINT('',#2263);
#2263 = CARTESIAN_POINT('',(38.553408,66.962485,5.155));
#2264 = LINE('',#2265,#2266);
#2265 = CARTESIAN_POINT('',(38.553408,66.962485,5.155));
#2266 = VECTOR('',#2267,1.);
#2267 = DIRECTION('',(0.555569536392,0.831470077774,0.));
#2268 = ORIENTED_EDGE('',*,*,#2269,.F.);
#2269 = EDGE_CURVE('',#2270,#2262,#2272,.T.);
#2270 = VERTEX_POINT('',#2271);
#2271 = CARTESIAN_POINT('',(38.442515,66.851592,5.155));
#2272 = LINE('',#2273,#2274);
#2273 = CARTESIAN_POINT('',(38.442515,66.851592,5.155));
#2274 = VECTOR('',#2275,1.);
#2275 = DIRECTION('',(0.707106781187,0.707106781187,0.));
#2276 = ORIENTED_EDGE('',*,*,#2277,.F.);
#2277 = EDGE_CURVE('',#2030,#2270,#2278,.T.);
#2278 = LINE('',#2279,#2280);
#2279 = CARTESIAN_POINT('',(38.312117,66.764463,5.155));
#2280 = VECTOR('',#2281,1.);
#2281 = DIRECTION('',(0.831470077774,0.555569536391,0.));
#2282 = FACE_BOUND('',#2283,.T.);
#2283 = EDGE_LOOP('',(#2284,#2295,#2303,#2312));
#2284 = ORIENTED_EDGE('',*,*,#2285,.T.);
#2285 = EDGE_CURVE('',#2286,#2288,#2290,.T.);
#2286 = VERTEX_POINT('',#2287);
#2287 = CARTESIAN_POINT('',(17.576,75.621,5.155));
#2288 = VERTEX_POINT('',#2289);
#2289 = CARTESIAN_POINT('',(18.176,75.621,5.155));
#2290 = CIRCLE('',#2291,0.3);
#2291 = AXIS2_PLACEMENT_3D('',#2292,#2293,#2294);
#2292 = CARTESIAN_POINT('',(17.876,75.621,5.155));
#2293 = DIRECTION('',(0.,-0.,-1.));
#2294 = DIRECTION('',(1.,-4.737E-14,0.));
#2295 = ORIENTED_EDGE('',*,*,#2296,.T.);
#2296 = EDGE_CURVE('',#2288,#2297,#2299,.T.);
#2297 = VERTEX_POINT('',#2298);
#2298 = CARTESIAN_POINT('',(18.176,75.021,5.155));
#2299 = LINE('',#2300,#2301);
#2300 = CARTESIAN_POINT('',(18.176,38.0105,5.155));
#2301 = VECTOR('',#2302,1.);
#2302 = DIRECTION('',(0.,-1.,0.));
#2303 = ORIENTED_EDGE('',*,*,#2304,.T.);
#2304 = EDGE_CURVE('',#2297,#2305,#2307,.T.);
#2305 = VERTEX_POINT('',#2306);
#2306 = CARTESIAN_POINT('',(17.576,75.021,5.155));
#2307 = CIRCLE('',#2308,0.3);
#2308 = AXIS2_PLACEMENT_3D('',#2309,#2310,#2311);
#2309 = CARTESIAN_POINT('',(17.876,75.021,5.155));
#2310 = DIRECTION('',(-0.,0.,-1.));
#2311 = DIRECTION('',(-1.,-4.737E-14,0.));
#2312 = ORIENTED_EDGE('',*,*,#2313,.T.);
#2313 = EDGE_CURVE('',#2305,#2286,#2314,.T.);
#2314 = LINE('',#2315,#2316);
#2315 = CARTESIAN_POINT('',(17.576,38.3105,5.155));
#2316 = VECTOR('',#2317,1.);
#2317 = DIRECTION('',(0.,1.,0.));
#2318 = FACE_BOUND('',#2319,.T.);
#2319 = EDGE_LOOP('',(#2320,#2330,#2338,#2346,#2354,#2362,#2370,#2378,
    #2386,#2394,#2402,#2410,#2418,#2426,#2434,#2442,#2450,#2458,#2466,
    #2474,#2482,#2490,#2498,#2506));
#2320 = ORIENTED_EDGE('',*,*,#2321,.F.);
#2321 = EDGE_CURVE('',#2322,#2324,#2326,.T.);
#2322 = VERTEX_POINT('',#2323);
#2323 = CARTESIAN_POINT('',(16.574939,71.317642,5.155));
#2324 = VERTEX_POINT('',#2325);
#2325 = CARTESIAN_POINT('',(16.654067,71.363326,5.155));
#2326 = LINE('',#2327,#2328);
#2327 = CARTESIAN_POINT('',(16.574939,71.317642,5.155));
#2328 = VECTOR('',#2329,1.);
#2329 = DIRECTION('',(0.866028115054,0.499995303914,0.));
#2330 = ORIENTED_EDGE('',*,*,#2331,.F.);
#2331 = EDGE_CURVE('',#2332,#2322,#2334,.T.);
#2332 = VERTEX_POINT('',#2333);
#2333 = CARTESIAN_POINT('',(16.486684,71.293994,5.155));
#2334 = LINE('',#2335,#2336);
#2335 = CARTESIAN_POINT('',(16.486684,71.293994,5.155));
#2336 = VECTOR('',#2337,1.);
#2337 = DIRECTION('',(0.965925432218,0.258820515791,0.));
#2338 = ORIENTED_EDGE('',*,*,#2339,.F.);
#2339 = EDGE_CURVE('',#2340,#2332,#2342,.T.);
#2340 = VERTEX_POINT('',#2341);
#2341 = CARTESIAN_POINT('',(16.395316,71.293994,5.155));
#2342 = LINE('',#2343,#2344);
#2343 = CARTESIAN_POINT('',(16.395316,71.293994,5.155));
#2344 = VECTOR('',#2345,1.);
#2345 = DIRECTION('',(1.,0.,0.));
#2346 = ORIENTED_EDGE('',*,*,#2347,.F.);
#2347 = EDGE_CURVE('',#2348,#2340,#2350,.T.);
#2348 = VERTEX_POINT('',#2349);
#2349 = CARTESIAN_POINT('',(16.307061,71.317642,5.155));
#2350 = LINE('',#2351,#2352);
#2351 = CARTESIAN_POINT('',(16.307061,71.317642,5.155));
#2352 = VECTOR('',#2353,1.);
#2353 = DIRECTION('',(0.965925432218,-0.258820515791,0.));
#2354 = ORIENTED_EDGE('',*,*,#2355,.F.);
#2355 = EDGE_CURVE('',#2356,#2348,#2358,.T.);
#2356 = VERTEX_POINT('',#2357);
#2357 = CARTESIAN_POINT('',(16.227933,71.363326,5.155));
#2358 = LINE('',#2359,#2360);
#2359 = CARTESIAN_POINT('',(16.227933,71.363326,5.155));
#2360 = VECTOR('',#2361,1.);
#2361 = DIRECTION('',(0.866028115054,-0.499995303914,0.));
#2362 = ORIENTED_EDGE('',*,*,#2363,.F.);
#2363 = EDGE_CURVE('',#2364,#2356,#2366,.T.);
#2364 = VERTEX_POINT('',#2365);
#2365 = CARTESIAN_POINT('',(16.163326,71.427933,5.155));
#2366 = LINE('',#2367,#2368);
#2367 = CARTESIAN_POINT('',(16.163326,71.427933,5.155));
#2368 = VECTOR('',#2369,1.);
#2369 = DIRECTION('',(0.707106781187,-0.707106781187,0.));
#2370 = ORIENTED_EDGE('',*,*,#2371,.F.);
#2371 = EDGE_CURVE('',#2372,#2364,#2374,.T.);
#2372 = VERTEX_POINT('',#2373);
#2373 = CARTESIAN_POINT('',(16.117642,71.507061,5.155));
#2374 = LINE('',#2375,#2376);
#2375 = CARTESIAN_POINT('',(16.117642,71.507061,5.155));
#2376 = VECTOR('',#2377,1.);
#2377 = DIRECTION('',(0.499995303914,-0.866028115054,0.));
#2378 = ORIENTED_EDGE('',*,*,#2379,.F.);
#2379 = EDGE_CURVE('',#2380,#2372,#2382,.T.);
#2380 = VERTEX_POINT('',#2381);
#2381 = CARTESIAN_POINT('',(16.093994,71.595316,5.155));
#2382 = LINE('',#2383,#2384);
#2383 = CARTESIAN_POINT('',(16.093994,71.595316,5.155));
#2384 = VECTOR('',#2385,1.);
#2385 = DIRECTION('',(0.25882051579,-0.965925432218,0.));
#2386 = ORIENTED_EDGE('',*,*,#2387,.F.);
#2387 = EDGE_CURVE('',#2388,#2380,#2390,.T.);
#2388 = VERTEX_POINT('',#2389);
#2389 = CARTESIAN_POINT('',(16.093994,71.686684,5.155));
#2390 = LINE('',#2391,#2392);
#2391 = CARTESIAN_POINT('',(16.093994,71.686684,5.155));
#2392 = VECTOR('',#2393,1.);
#2393 = DIRECTION('',(0.,-1.,0.));
#2394 = ORIENTED_EDGE('',*,*,#2395,.F.);
#2395 = EDGE_CURVE('',#2396,#2388,#2398,.T.);
#2396 = VERTEX_POINT('',#2397);
#2397 = CARTESIAN_POINT('',(16.117642,71.774939,5.155));
#2398 = LINE('',#2399,#2400);
#2399 = CARTESIAN_POINT('',(16.117642,71.774939,5.155));
#2400 = VECTOR('',#2401,1.);
#2401 = DIRECTION('',(-0.25882051579,-0.965925432218,0.));
#2402 = ORIENTED_EDGE('',*,*,#2403,.F.);
#2403 = EDGE_CURVE('',#2404,#2396,#2406,.T.);
#2404 = VERTEX_POINT('',#2405);
#2405 = CARTESIAN_POINT('',(16.163326,71.854067,5.155));
#2406 = LINE('',#2407,#2408);
#2407 = CARTESIAN_POINT('',(16.163326,71.854067,5.155));
#2408 = VECTOR('',#2409,1.);
#2409 = DIRECTION('',(-0.499995303914,-0.866028115054,0.));
#2410 = ORIENTED_EDGE('',*,*,#2411,.F.);
#2411 = EDGE_CURVE('',#2412,#2404,#2414,.T.);
#2412 = VERTEX_POINT('',#2413);
#2413 = CARTESIAN_POINT('',(16.227933,71.918674,5.155));
#2414 = LINE('',#2415,#2416);
#2415 = CARTESIAN_POINT('',(16.227933,71.918674,5.155));
#2416 = VECTOR('',#2417,1.);
#2417 = DIRECTION('',(-0.707106781187,-0.707106781187,0.));
#2418 = ORIENTED_EDGE('',*,*,#2419,.F.);
#2419 = EDGE_CURVE('',#2420,#2412,#2422,.T.);
#2420 = VERTEX_POINT('',#2421);
#2421 = CARTESIAN_POINT('',(16.307061,71.964358,5.155));
#2422 = LINE('',#2423,#2424);
#2423 = CARTESIAN_POINT('',(16.307061,71.964358,5.155));
#2424 = VECTOR('',#2425,1.);
#2425 = DIRECTION('',(-0.866028115054,-0.499995303914,0.));
#2426 = ORIENTED_EDGE('',*,*,#2427,.F.);
#2427 = EDGE_CURVE('',#2428,#2420,#2430,.T.);
#2428 = VERTEX_POINT('',#2429);
#2429 = CARTESIAN_POINT('',(16.395316,71.988006,5.155));
#2430 = LINE('',#2431,#2432);
#2431 = CARTESIAN_POINT('',(16.395316,71.988006,5.155));
#2432 = VECTOR('',#2433,1.);
#2433 = DIRECTION('',(-0.965925432218,-0.25882051579,0.));
#2434 = ORIENTED_EDGE('',*,*,#2435,.F.);
#2435 = EDGE_CURVE('',#2436,#2428,#2438,.T.);
#2436 = VERTEX_POINT('',#2437);
#2437 = CARTESIAN_POINT('',(16.486684,71.988006,5.155));
#2438 = LINE('',#2439,#2440);
#2439 = CARTESIAN_POINT('',(16.486684,71.988006,5.155));
#2440 = VECTOR('',#2441,1.);
#2441 = DIRECTION('',(-1.,0.,0.));
#2442 = ORIENTED_EDGE('',*,*,#2443,.F.);
#2443 = EDGE_CURVE('',#2444,#2436,#2446,.T.);
#2444 = VERTEX_POINT('',#2445);
#2445 = CARTESIAN_POINT('',(16.574939,71.964358,5.155));
#2446 = LINE('',#2447,#2448);
#2447 = CARTESIAN_POINT('',(16.574939,71.964358,5.155));
#2448 = VECTOR('',#2449,1.);
#2449 = DIRECTION('',(-0.965925432218,0.25882051579,0.));
#2450 = ORIENTED_EDGE('',*,*,#2451,.F.);
#2451 = EDGE_CURVE('',#2452,#2444,#2454,.T.);
#2452 = VERTEX_POINT('',#2453);
#2453 = CARTESIAN_POINT('',(16.654067,71.918674,5.155));
#2454 = LINE('',#2455,#2456);
#2455 = CARTESIAN_POINT('',(16.654067,71.918674,5.155));
#2456 = VECTOR('',#2457,1.);
#2457 = DIRECTION('',(-0.866028115054,0.499995303914,0.));
#2458 = ORIENTED_EDGE('',*,*,#2459,.F.);
#2459 = EDGE_CURVE('',#2460,#2452,#2462,.T.);
#2460 = VERTEX_POINT('',#2461);
#2461 = CARTESIAN_POINT('',(16.718674,71.854067,5.155));
#2462 = LINE('',#2463,#2464);
#2463 = CARTESIAN_POINT('',(16.718674,71.854067,5.155));
#2464 = VECTOR('',#2465,1.);
#2465 = DIRECTION('',(-0.707106781187,0.707106781187,0.));
#2466 = ORIENTED_EDGE('',*,*,#2467,.F.);
#2467 = EDGE_CURVE('',#2468,#2460,#2470,.T.);
#2468 = VERTEX_POINT('',#2469);
#2469 = CARTESIAN_POINT('',(16.764358,71.774939,5.155));
#2470 = LINE('',#2471,#2472);
#2471 = CARTESIAN_POINT('',(16.764358,71.774939,5.155));
#2472 = VECTOR('',#2473,1.);
#2473 = DIRECTION('',(-0.499995303914,0.866028115054,0.));
#2474 = ORIENTED_EDGE('',*,*,#2475,.F.);
#2475 = EDGE_CURVE('',#2476,#2468,#2478,.T.);
#2476 = VERTEX_POINT('',#2477);
#2477 = CARTESIAN_POINT('',(16.788006,71.686684,5.155));
#2478 = LINE('',#2479,#2480);
#2479 = CARTESIAN_POINT('',(16.788006,71.686684,5.155));
#2480 = VECTOR('',#2481,1.);
#2481 = DIRECTION('',(-0.258820515791,0.965925432218,0.));
#2482 = ORIENTED_EDGE('',*,*,#2483,.F.);
#2483 = EDGE_CURVE('',#2484,#2476,#2486,.T.);
#2484 = VERTEX_POINT('',#2485);
#2485 = CARTESIAN_POINT('',(16.788006,71.595316,5.155));
#2486 = LINE('',#2487,#2488);
#2487 = CARTESIAN_POINT('',(16.788006,71.595316,5.155));
#2488 = VECTOR('',#2489,1.);
#2489 = DIRECTION('',(0.,1.,0.));
#2490 = ORIENTED_EDGE('',*,*,#2491,.F.);
#2491 = EDGE_CURVE('',#2492,#2484,#2494,.T.);
#2492 = VERTEX_POINT('',#2493);
#2493 = CARTESIAN_POINT('',(16.764358,71.507061,5.155));
#2494 = LINE('',#2495,#2496);
#2495 = CARTESIAN_POINT('',(16.764358,71.507061,5.155));
#2496 = VECTOR('',#2497,1.);
#2497 = DIRECTION('',(0.258820515791,0.965925432218,0.));
#2498 = ORIENTED_EDGE('',*,*,#2499,.F.);
#2499 = EDGE_CURVE('',#2500,#2492,#2502,.T.);
#2500 = VERTEX_POINT('',#2501);
#2501 = CARTESIAN_POINT('',(16.718674,71.427933,5.155));
#2502 = LINE('',#2503,#2504);
#2503 = CARTESIAN_POINT('',(16.718674,71.427933,5.155));
#2504 = VECTOR('',#2505,1.);
#2505 = DIRECTION('',(0.499995303914,0.866028115054,0.));
#2506 = ORIENTED_EDGE('',*,*,#2507,.F.);
#2507 = EDGE_CURVE('',#2324,#2500,#2508,.T.);
#2508 = LINE('',#2509,#2510);
#2509 = CARTESIAN_POINT('',(16.654067,71.363326,5.155));
#2510 = VECTOR('',#2511,1.);
#2511 = DIRECTION('',(0.707106781187,0.707106781187,0.));
#2512 = FACE_BOUND('',#2513,.T.);
#2513 = EDGE_LOOP('',(#2514,#2525,#2533,#2542));
#2514 = ORIENTED_EDGE('',*,*,#2515,.T.);
#2515 = EDGE_CURVE('',#2516,#2518,#2520,.T.);
#2516 = VERTEX_POINT('',#2517);
#2517 = CARTESIAN_POINT('',(17.576,71.571,5.155));
#2518 = VERTEX_POINT('',#2519);
#2519 = CARTESIAN_POINT('',(18.176,71.571,5.155));
#2520 = CIRCLE('',#2521,0.3);
#2521 = AXIS2_PLACEMENT_3D('',#2522,#2523,#2524);
#2522 = CARTESIAN_POINT('',(17.876,71.571,5.155));
#2523 = DIRECTION('',(0.,0.,-1.));
#2524 = DIRECTION('',(1.,0.,0.));
#2525 = ORIENTED_EDGE('',*,*,#2526,.T.);
#2526 = EDGE_CURVE('',#2518,#2527,#2529,.T.);
#2527 = VERTEX_POINT('',#2528);
#2528 = CARTESIAN_POINT('',(18.176,70.671,5.155));
#2529 = LINE('',#2530,#2531);
#2530 = CARTESIAN_POINT('',(18.176,35.8355,5.155));
#2531 = VECTOR('',#2532,1.);
#2532 = DIRECTION('',(0.,-1.,0.));
#2533 = ORIENTED_EDGE('',*,*,#2534,.T.);
#2534 = EDGE_CURVE('',#2527,#2535,#2537,.T.);
#2535 = VERTEX_POINT('',#2536);
#2536 = CARTESIAN_POINT('',(17.576,70.671,5.155));
#2537 = CIRCLE('',#2538,0.3);
#2538 = AXIS2_PLACEMENT_3D('',#2539,#2540,#2541);
#2539 = CARTESIAN_POINT('',(17.876,70.671,5.155));
#2540 = DIRECTION('',(0.,0.,-1.));
#2541 = DIRECTION('',(-1.,4.737E-14,0.));
#2542 = ORIENTED_EDGE('',*,*,#2543,.T.);
#2543 = EDGE_CURVE('',#2535,#2516,#2544,.T.);
#2544 = LINE('',#2545,#2546);
#2545 = CARTESIAN_POINT('',(17.576,36.2855,5.155));
#2546 = VECTOR('',#2547,1.);
#2547 = DIRECTION('',(0.,1.,0.));
#2548 = FACE_BOUND('',#2549,.T.);
#2549 = EDGE_LOOP('',(#2550,#2560,#2568,#2576,#2584,#2592,#2600,#2608,
    #2616,#2624,#2632,#2640,#2648,#2656,#2664,#2672,#2680,#2688,#2696,
    #2704,#2712,#2720,#2728,#2736));
#2550 = ORIENTED_EDGE('',*,*,#2551,.F.);
#2551 = EDGE_CURVE('',#2552,#2554,#2556,.T.);
#2552 = VERTEX_POINT('',#2553);
#2553 = CARTESIAN_POINT('',(10.794939,71.317642,5.155));
#2554 = VERTEX_POINT('',#2555);
#2555 = CARTESIAN_POINT('',(10.874067,71.363326,5.155));
#2556 = LINE('',#2557,#2558);
#2557 = CARTESIAN_POINT('',(10.794939,71.317642,5.155));
#2558 = VECTOR('',#2559,1.);
#2559 = DIRECTION('',(0.866028115054,0.499995303914,0.));
#2560 = ORIENTED_EDGE('',*,*,#2561,.F.);
#2561 = EDGE_CURVE('',#2562,#2552,#2564,.T.);
#2562 = VERTEX_POINT('',#2563);
#2563 = CARTESIAN_POINT('',(10.706684,71.293994,5.155));
#2564 = LINE('',#2565,#2566);
#2565 = CARTESIAN_POINT('',(10.706684,71.293994,5.155));
#2566 = VECTOR('',#2567,1.);
#2567 = DIRECTION('',(0.965925432218,0.258820515791,0.));
#2568 = ORIENTED_EDGE('',*,*,#2569,.F.);
#2569 = EDGE_CURVE('',#2570,#2562,#2572,.T.);
#2570 = VERTEX_POINT('',#2571);
#2571 = CARTESIAN_POINT('',(10.615316,71.293994,5.155));
#2572 = LINE('',#2573,#2574);
#2573 = CARTESIAN_POINT('',(10.615316,71.293994,5.155));
#2574 = VECTOR('',#2575,1.);
#2575 = DIRECTION('',(1.,0.,0.));
#2576 = ORIENTED_EDGE('',*,*,#2577,.F.);
#2577 = EDGE_CURVE('',#2578,#2570,#2580,.T.);
#2578 = VERTEX_POINT('',#2579);
#2579 = CARTESIAN_POINT('',(10.527061,71.317642,5.155));
#2580 = LINE('',#2581,#2582);
#2581 = CARTESIAN_POINT('',(10.527061,71.317642,5.155));
#2582 = VECTOR('',#2583,1.);
#2583 = DIRECTION('',(0.965925432218,-0.258820515791,0.));
#2584 = ORIENTED_EDGE('',*,*,#2585,.F.);
#2585 = EDGE_CURVE('',#2586,#2578,#2588,.T.);
#2586 = VERTEX_POINT('',#2587);
#2587 = CARTESIAN_POINT('',(10.447933,71.363326,5.155));
#2588 = LINE('',#2589,#2590);
#2589 = CARTESIAN_POINT('',(10.447933,71.363326,5.155));
#2590 = VECTOR('',#2591,1.);
#2591 = DIRECTION('',(0.866028115054,-0.499995303914,0.));
#2592 = ORIENTED_EDGE('',*,*,#2593,.F.);
#2593 = EDGE_CURVE('',#2594,#2586,#2596,.T.);
#2594 = VERTEX_POINT('',#2595);
#2595 = CARTESIAN_POINT('',(10.383326,71.427933,5.155));
#2596 = LINE('',#2597,#2598);
#2597 = CARTESIAN_POINT('',(10.383326,71.427933,5.155));
#2598 = VECTOR('',#2599,1.);
#2599 = DIRECTION('',(0.707106781187,-0.707106781187,0.));
#2600 = ORIENTED_EDGE('',*,*,#2601,.F.);
#2601 = EDGE_CURVE('',#2602,#2594,#2604,.T.);
#2602 = VERTEX_POINT('',#2603);
#2603 = CARTESIAN_POINT('',(10.337642,71.507061,5.155));
#2604 = LINE('',#2605,#2606);
#2605 = CARTESIAN_POINT('',(10.337642,71.507061,5.155));
#2606 = VECTOR('',#2607,1.);
#2607 = DIRECTION('',(0.499995303914,-0.866028115054,0.));
#2608 = ORIENTED_EDGE('',*,*,#2609,.F.);
#2609 = EDGE_CURVE('',#2610,#2602,#2612,.T.);
#2610 = VERTEX_POINT('',#2611);
#2611 = CARTESIAN_POINT('',(10.313994,71.595316,5.155));
#2612 = LINE('',#2613,#2614);
#2613 = CARTESIAN_POINT('',(10.313994,71.595316,5.155));
#2614 = VECTOR('',#2615,1.);
#2615 = DIRECTION('',(0.258820515791,-0.965925432218,0.));
#2616 = ORIENTED_EDGE('',*,*,#2617,.F.);
#2617 = EDGE_CURVE('',#2618,#2610,#2620,.T.);
#2618 = VERTEX_POINT('',#2619);
#2619 = CARTESIAN_POINT('',(10.313994,71.686684,5.155));
#2620 = LINE('',#2621,#2622);
#2621 = CARTESIAN_POINT('',(10.313994,71.686684,5.155));
#2622 = VECTOR('',#2623,1.);
#2623 = DIRECTION('',(0.,-1.,0.));
#2624 = ORIENTED_EDGE('',*,*,#2625,.F.);
#2625 = EDGE_CURVE('',#2626,#2618,#2628,.T.);
#2626 = VERTEX_POINT('',#2627);
#2627 = CARTESIAN_POINT('',(10.337642,71.774939,5.155));
#2628 = LINE('',#2629,#2630);
#2629 = CARTESIAN_POINT('',(10.337642,71.774939,5.155));
#2630 = VECTOR('',#2631,1.);
#2631 = DIRECTION('',(-0.258820515791,-0.965925432218,0.));
#2632 = ORIENTED_EDGE('',*,*,#2633,.F.);
#2633 = EDGE_CURVE('',#2634,#2626,#2636,.T.);
#2634 = VERTEX_POINT('',#2635);
#2635 = CARTESIAN_POINT('',(10.383326,71.854067,5.155));
#2636 = LINE('',#2637,#2638);
#2637 = CARTESIAN_POINT('',(10.383326,71.854067,5.155));
#2638 = VECTOR('',#2639,1.);
#2639 = DIRECTION('',(-0.499995303914,-0.866028115054,0.));
#2640 = ORIENTED_EDGE('',*,*,#2641,.F.);
#2641 = EDGE_CURVE('',#2642,#2634,#2644,.T.);
#2642 = VERTEX_POINT('',#2643);
#2643 = CARTESIAN_POINT('',(10.447933,71.918674,5.155));
#2644 = LINE('',#2645,#2646);
#2645 = CARTESIAN_POINT('',(10.447933,71.918674,5.155));
#2646 = VECTOR('',#2647,1.);
#2647 = DIRECTION('',(-0.707106781187,-0.707106781187,0.));
#2648 = ORIENTED_EDGE('',*,*,#2649,.F.);
#2649 = EDGE_CURVE('',#2650,#2642,#2652,.T.);
#2650 = VERTEX_POINT('',#2651);
#2651 = CARTESIAN_POINT('',(10.527061,71.964358,5.155));
#2652 = LINE('',#2653,#2654);
#2653 = CARTESIAN_POINT('',(10.527061,71.964358,5.155));
#2654 = VECTOR('',#2655,1.);
#2655 = DIRECTION('',(-0.866028115054,-0.499995303914,0.));
#2656 = ORIENTED_EDGE('',*,*,#2657,.F.);
#2657 = EDGE_CURVE('',#2658,#2650,#2660,.T.);
#2658 = VERTEX_POINT('',#2659);
#2659 = CARTESIAN_POINT('',(10.615316,71.988006,5.155));
#2660 = LINE('',#2661,#2662);
#2661 = CARTESIAN_POINT('',(10.615316,71.988006,5.155));
#2662 = VECTOR('',#2663,1.);
#2663 = DIRECTION('',(-0.965925432218,-0.258820515791,0.));
#2664 = ORIENTED_EDGE('',*,*,#2665,.F.);
#2665 = EDGE_CURVE('',#2666,#2658,#2668,.T.);
#2666 = VERTEX_POINT('',#2667);
#2667 = CARTESIAN_POINT('',(10.706684,71.988006,5.155));
#2668 = LINE('',#2669,#2670);
#2669 = CARTESIAN_POINT('',(10.706684,71.988006,5.155));
#2670 = VECTOR('',#2671,1.);
#2671 = DIRECTION('',(-1.,0.,0.));
#2672 = ORIENTED_EDGE('',*,*,#2673,.F.);
#2673 = EDGE_CURVE('',#2674,#2666,#2676,.T.);
#2674 = VERTEX_POINT('',#2675);
#2675 = CARTESIAN_POINT('',(10.794939,71.964358,5.155));
#2676 = LINE('',#2677,#2678);
#2677 = CARTESIAN_POINT('',(10.794939,71.964358,5.155));
#2678 = VECTOR('',#2679,1.);
#2679 = DIRECTION('',(-0.965925432218,0.258820515791,0.));
#2680 = ORIENTED_EDGE('',*,*,#2681,.F.);
#2681 = EDGE_CURVE('',#2682,#2674,#2684,.T.);
#2682 = VERTEX_POINT('',#2683);
#2683 = CARTESIAN_POINT('',(10.874067,71.918674,5.155));
#2684 = LINE('',#2685,#2686);
#2685 = CARTESIAN_POINT('',(10.874067,71.918674,5.155));
#2686 = VECTOR('',#2687,1.);
#2687 = DIRECTION('',(-0.866028115054,0.499995303914,0.));
#2688 = ORIENTED_EDGE('',*,*,#2689,.F.);
#2689 = EDGE_CURVE('',#2690,#2682,#2692,.T.);
#2690 = VERTEX_POINT('',#2691);
#2691 = CARTESIAN_POINT('',(10.938674,71.854067,5.155));
#2692 = LINE('',#2693,#2694);
#2693 = CARTESIAN_POINT('',(10.938674,71.854067,5.155));
#2694 = VECTOR('',#2695,1.);
#2695 = DIRECTION('',(-0.707106781187,0.707106781187,0.));
#2696 = ORIENTED_EDGE('',*,*,#2697,.F.);
#2697 = EDGE_CURVE('',#2698,#2690,#2700,.T.);
#2698 = VERTEX_POINT('',#2699);
#2699 = CARTESIAN_POINT('',(10.984358,71.774939,5.155));
#2700 = LINE('',#2701,#2702);
#2701 = CARTESIAN_POINT('',(10.984358,71.774939,5.155));
#2702 = VECTOR('',#2703,1.);
#2703 = DIRECTION('',(-0.499995303914,0.866028115054,0.));
#2704 = ORIENTED_EDGE('',*,*,#2705,.F.);
#2705 = EDGE_CURVE('',#2706,#2698,#2708,.T.);
#2706 = VERTEX_POINT('',#2707);
#2707 = CARTESIAN_POINT('',(11.008006,71.686684,5.155));
#2708 = LINE('',#2709,#2710);
#2709 = CARTESIAN_POINT('',(11.008006,71.686684,5.155));
#2710 = VECTOR('',#2711,1.);
#2711 = DIRECTION('',(-0.258820515791,0.965925432218,0.));
#2712 = ORIENTED_EDGE('',*,*,#2713,.F.);
#2713 = EDGE_CURVE('',#2714,#2706,#2716,.T.);
#2714 = VERTEX_POINT('',#2715);
#2715 = CARTESIAN_POINT('',(11.008006,71.595316,5.155));
#2716 = LINE('',#2717,#2718);
#2717 = CARTESIAN_POINT('',(11.008006,71.595316,5.155));
#2718 = VECTOR('',#2719,1.);
#2719 = DIRECTION('',(0.,1.,0.));
#2720 = ORIENTED_EDGE('',*,*,#2721,.F.);
#2721 = EDGE_CURVE('',#2722,#2714,#2724,.T.);
#2722 = VERTEX_POINT('',#2723);
#2723 = CARTESIAN_POINT('',(10.984358,71.507061,5.155));
#2724 = LINE('',#2725,#2726);
#2725 = CARTESIAN_POINT('',(10.984358,71.507061,5.155));
#2726 = VECTOR('',#2727,1.);
#2727 = DIRECTION('',(0.258820515791,0.965925432218,0.));
#2728 = ORIENTED_EDGE('',*,*,#2729,.F.);
#2729 = EDGE_CURVE('',#2730,#2722,#2732,.T.);
#2730 = VERTEX_POINT('',#2731);
#2731 = CARTESIAN_POINT('',(10.938674,71.427933,5.155));
#2732 = LINE('',#2733,#2734);
#2733 = CARTESIAN_POINT('',(10.938674,71.427933,5.155));
#2734 = VECTOR('',#2735,1.);
#2735 = DIRECTION('',(0.499995303914,0.866028115054,0.));
#2736 = ORIENTED_EDGE('',*,*,#2737,.F.);
#2737 = EDGE_CURVE('',#2554,#2730,#2738,.T.);
#2738 = LINE('',#2739,#2740);
#2739 = CARTESIAN_POINT('',(10.874067,71.363326,5.155));
#2740 = VECTOR('',#2741,1.);
#2741 = DIRECTION('',(0.707106781187,0.707106781187,0.));
#2742 = FACE_BOUND('',#2743,.T.);
#2743 = EDGE_LOOP('',(#2744,#2755,#2763,#2772));
#2744 = ORIENTED_EDGE('',*,*,#2745,.T.);
#2745 = EDGE_CURVE('',#2746,#2748,#2750,.T.);
#2746 = VERTEX_POINT('',#2747);
#2747 = CARTESIAN_POINT('',(8.926,75.621,5.155));
#2748 = VERTEX_POINT('',#2749);
#2749 = CARTESIAN_POINT('',(9.526,75.621,5.155));
#2750 = CIRCLE('',#2751,0.3);
#2751 = AXIS2_PLACEMENT_3D('',#2752,#2753,#2754);
#2752 = CARTESIAN_POINT('',(9.226,75.621,5.155));
#2753 = DIRECTION('',(0.,-0.,-1.));
#2754 = DIRECTION('',(1.,-4.737E-14,0.));
#2755 = ORIENTED_EDGE('',*,*,#2756,.T.);
#2756 = EDGE_CURVE('',#2748,#2757,#2759,.T.);
#2757 = VERTEX_POINT('',#2758);
#2758 = CARTESIAN_POINT('',(9.526,75.021,5.155));
#2759 = LINE('',#2760,#2761);
#2760 = CARTESIAN_POINT('',(9.526,38.0105,5.155));
#2761 = VECTOR('',#2762,1.);
#2762 = DIRECTION('',(0.,-1.,0.));
#2763 = ORIENTED_EDGE('',*,*,#2764,.T.);
#2764 = EDGE_CURVE('',#2757,#2765,#2767,.T.);
#2765 = VERTEX_POINT('',#2766);
#2766 = CARTESIAN_POINT('',(8.926,75.021,5.155));
#2767 = CIRCLE('',#2768,0.3);
#2768 = AXIS2_PLACEMENT_3D('',#2769,#2770,#2771);
#2769 = CARTESIAN_POINT('',(9.226,75.021,5.155));
#2770 = DIRECTION('',(-0.,0.,-1.));
#2771 = DIRECTION('',(-1.,-4.737E-14,0.));
#2772 = ORIENTED_EDGE('',*,*,#2773,.T.);
#2773 = EDGE_CURVE('',#2765,#2746,#2774,.T.);
#2774 = LINE('',#2775,#2776);
#2775 = CARTESIAN_POINT('',(8.926,38.3105,5.155));
#2776 = VECTOR('',#2777,1.);
#2777 = DIRECTION('',(0.,1.,0.));
#2778 = FACE_BOUND('',#2779,.T.);
#2779 = EDGE_LOOP('',(#2780,#2791,#2799,#2808));
#2780 = ORIENTED_EDGE('',*,*,#2781,.T.);
#2781 = EDGE_CURVE('',#2782,#2784,#2786,.T.);
#2782 = VERTEX_POINT('',#2783);
#2783 = CARTESIAN_POINT('',(8.926,71.571,5.155));
#2784 = VERTEX_POINT('',#2785);
#2785 = CARTESIAN_POINT('',(9.526,71.571,5.155));
#2786 = CIRCLE('',#2787,0.3);
#2787 = AXIS2_PLACEMENT_3D('',#2788,#2789,#2790);
#2788 = CARTESIAN_POINT('',(9.226,71.571,5.155));
#2789 = DIRECTION('',(0.,0.,-1.));
#2790 = DIRECTION('',(1.,0.,0.));
#2791 = ORIENTED_EDGE('',*,*,#2792,.T.);
#2792 = EDGE_CURVE('',#2784,#2793,#2795,.T.);
#2793 = VERTEX_POINT('',#2794);
#2794 = CARTESIAN_POINT('',(9.526,70.671,5.155));
#2795 = LINE('',#2796,#2797);
#2796 = CARTESIAN_POINT('',(9.526,35.8355,5.155));
#2797 = VECTOR('',#2798,1.);
#2798 = DIRECTION('',(0.,-1.,0.));
#2799 = ORIENTED_EDGE('',*,*,#2800,.T.);
#2800 = EDGE_CURVE('',#2793,#2801,#2803,.T.);
#2801 = VERTEX_POINT('',#2802);
#2802 = CARTESIAN_POINT('',(8.926,70.671,5.155));
#2803 = CIRCLE('',#2804,0.3);
#2804 = AXIS2_PLACEMENT_3D('',#2805,#2806,#2807);
#2805 = CARTESIAN_POINT('',(9.226,70.671,5.155));
#2806 = DIRECTION('',(0.,0.,-1.));
#2807 = DIRECTION('',(-1.,4.737E-14,0.));
#2808 = ORIENTED_EDGE('',*,*,#2809,.T.);
#2809 = EDGE_CURVE('',#2801,#2782,#2810,.T.);
#2810 = LINE('',#2811,#2812);
#2811 = CARTESIAN_POINT('',(8.926,36.2855,5.155));
#2812 = VECTOR('',#2813,1.);
#2813 = DIRECTION('',(0.,1.,0.));
#2814 = FACE_BOUND('',#2815,.T.);
#2815 = EDGE_LOOP('',(#2816));
#2816 = ORIENTED_EDGE('',*,*,#2817,.T.);
#2817 = EDGE_CURVE('',#2818,#2818,#2820,.T.);
#2818 = VERTEX_POINT('',#2819);
#2819 = CARTESIAN_POINT('',(6.566,75.732,5.155));
#2820 = CIRCLE('',#2821,0.5);
#2821 = AXIS2_PLACEMENT_3D('',#2822,#2823,#2824);
#2822 = CARTESIAN_POINT('',(6.566,75.232,5.155));
#2823 = DIRECTION('',(0.,0.,-1.));
#2824 = DIRECTION('',(0.,1.,0.));
#2825 = FACE_BOUND('',#2826,.T.);
#2826 = EDGE_LOOP('',(#2827));
#2827 = ORIENTED_EDGE('',*,*,#2828,.T.);
#2828 = EDGE_CURVE('',#2829,#2829,#2831,.T.);
#2829 = VERTEX_POINT('',#2830);
#2830 = CARTESIAN_POINT('',(4.026,75.732,5.155));
#2831 = CIRCLE('',#2832,0.5);
#2832 = AXIS2_PLACEMENT_3D('',#2833,#2834,#2835);
#2833 = CARTESIAN_POINT('',(4.026,75.232,5.155));
#2834 = DIRECTION('',(0.,0.,-1.));
#2835 = DIRECTION('',(0.,1.,0.));
#2836 = FACE_BOUND('',#2837,.T.);
#2837 = EDGE_LOOP('',(#2838));
#2838 = ORIENTED_EDGE('',*,*,#2839,.T.);
#2839 = EDGE_CURVE('',#2840,#2840,#2842,.T.);
#2840 = VERTEX_POINT('',#2841);
#2841 = CARTESIAN_POINT('',(3.264,57.113,5.155));
#2842 = CIRCLE('',#2843,0.55);
#2843 = AXIS2_PLACEMENT_3D('',#2844,#2845,#2846);
#2844 = CARTESIAN_POINT('',(3.264,56.563,5.155));
#2845 = DIRECTION('',(0.,0.,-1.));
#2846 = DIRECTION('',(1.292E-14,1.,0.));
#2847 = FACE_BOUND('',#2848,.T.);
#2848 = EDGE_LOOP('',(#2849));
#2849 = ORIENTED_EDGE('',*,*,#2850,.T.);
#2850 = EDGE_CURVE('',#2851,#2851,#2853,.T.);
#2851 = VERTEX_POINT('',#2852);
#2852 = CARTESIAN_POINT('',(3.264,54.573,5.155));
#2853 = CIRCLE('',#2854,0.55);
#2854 = AXIS2_PLACEMENT_3D('',#2855,#2856,#2857);
#2855 = CARTESIAN_POINT('',(3.264,54.023,5.155));
#2856 = DIRECTION('',(0.,0.,-1.));
#2857 = DIRECTION('',(1.292E-14,1.,0.));
#2858 = FACE_BOUND('',#2859,.T.);
#2859 = EDGE_LOOP('',(#2860));
#2860 = ORIENTED_EDGE('',*,*,#2861,.T.);
#2861 = EDGE_CURVE('',#2862,#2862,#2864,.T.);
#2862 = VERTEX_POINT('',#2863);
#2863 = CARTESIAN_POINT('',(3.264,52.033,5.155));
#2864 = CIRCLE('',#2865,0.55);
#2865 = AXIS2_PLACEMENT_3D('',#2866,#2867,#2868);
#2866 = CARTESIAN_POINT('',(3.264,51.483,5.155));
#2867 = DIRECTION('',(0.,0.,-1.));
#2868 = DIRECTION('',(1.292E-14,1.,0.));
#2869 = FACE_BOUND('',#2870,.T.);
#2870 = EDGE_LOOP('',(#2871));
#2871 = ORIENTED_EDGE('',*,*,#2872,.T.);
#2872 = EDGE_CURVE('',#2873,#2873,#2875,.T.);
#2873 = VERTEX_POINT('',#2874);
#2874 = CARTESIAN_POINT('',(37.427,36.4608,5.155));
#2875 = CIRCLE('',#2876,1.1);
#2876 = AXIS2_PLACEMENT_3D('',#2877,#2878,#2879);
#2877 = CARTESIAN_POINT('',(37.427,35.3608,5.155));
#2878 = DIRECTION('',(0.,0.,-1.));
#2879 = DIRECTION('',(0.,1.,0.));
#2880 = FACE_BOUND('',#2881,.T.);
#2881 = EDGE_LOOP('',(#2882,#2892,#2900,#2908,#2916,#2924,#2932,#2940,
    #2948,#2956,#2964,#2972,#2980,#2988,#2996,#3004,#3012,#3020,#3028,
    #3036,#3044,#3052,#3060,#3068));
#2882 = ORIENTED_EDGE('',*,*,#2883,.F.);
#2883 = EDGE_CURVE('',#2884,#2886,#2888,.T.);
#2884 = VERTEX_POINT('',#2885);
#2885 = CARTESIAN_POINT('',(43.22961,19.259672,5.155));
#2886 = VERTEX_POINT('',#2887);
#2887 = CARTESIAN_POINT('',(43.365257,19.337988,5.155));
#2888 = LINE('',#2889,#2890);
#2889 = CARTESIAN_POINT('',(43.22961,19.259672,5.155));
#2890 = VECTOR('',#2891,1.);
#2891 = DIRECTION('',(0.866024939246,0.500000804603,0.));
#2892 = ORIENTED_EDGE('',*,*,#2893,.F.);
#2893 = EDGE_CURVE('',#2894,#2884,#2896,.T.);
#2894 = VERTEX_POINT('',#2895);
#2895 = CARTESIAN_POINT('',(43.078316,19.219133,5.155));
#2896 = LINE('',#2897,#2898);
#2897 = CARTESIAN_POINT('',(43.078316,19.219133,5.155));
#2898 = VECTOR('',#2899,1.);
#2899 = DIRECTION('',(0.965925994071,0.25881841893,0.));
#2900 = ORIENTED_EDGE('',*,*,#2901,.F.);
#2901 = EDGE_CURVE('',#2902,#2894,#2904,.T.);
#2902 = VERTEX_POINT('',#2903);
#2903 = CARTESIAN_POINT('',(42.921684,19.219133,5.155));
#2904 = LINE('',#2905,#2906);
#2905 = CARTESIAN_POINT('',(42.921684,19.219133,5.155));
#2906 = VECTOR('',#2907,1.);
#2907 = DIRECTION('',(1.,0.,0.));
#2908 = ORIENTED_EDGE('',*,*,#2909,.F.);
#2909 = EDGE_CURVE('',#2910,#2902,#2912,.T.);
#2910 = VERTEX_POINT('',#2911);
#2911 = CARTESIAN_POINT('',(42.77039,19.259672,5.155));
#2912 = LINE('',#2913,#2914);
#2913 = CARTESIAN_POINT('',(42.77039,19.259672,5.155));
#2914 = VECTOR('',#2915,1.);
#2915 = DIRECTION('',(0.965925994071,-0.25881841893,0.));
#2916 = ORIENTED_EDGE('',*,*,#2917,.F.);
#2917 = EDGE_CURVE('',#2918,#2910,#2920,.T.);
#2918 = VERTEX_POINT('',#2919);
#2919 = CARTESIAN_POINT('',(42.634743,19.337988,5.155));
#2920 = LINE('',#2921,#2922);
#2921 = CARTESIAN_POINT('',(42.634743,19.337988,5.155));
#2922 = VECTOR('',#2923,1.);
#2923 = DIRECTION('',(0.866024939246,-0.500000804603,0.));
#2924 = ORIENTED_EDGE('',*,*,#2925,.F.);
#2925 = EDGE_CURVE('',#2926,#2918,#2928,.T.);
#2926 = VERTEX_POINT('',#2927);
#2927 = CARTESIAN_POINT('',(42.523988,19.448743,5.155));
#2928 = LINE('',#2929,#2930);
#2929 = CARTESIAN_POINT('',(42.523988,19.448743,5.155));
#2930 = VECTOR('',#2931,1.);
#2931 = DIRECTION('',(0.707106781187,-0.707106781187,0.));
#2932 = ORIENTED_EDGE('',*,*,#2933,.F.);
#2933 = EDGE_CURVE('',#2934,#2926,#2936,.T.);
#2934 = VERTEX_POINT('',#2935);
#2935 = CARTESIAN_POINT('',(42.445672,19.58439,5.155));
#2936 = LINE('',#2937,#2938);
#2937 = CARTESIAN_POINT('',(42.445672,19.58439,5.155));
#2938 = VECTOR('',#2939,1.);
#2939 = DIRECTION('',(0.500000804603,-0.866024939246,0.));
#2940 = ORIENTED_EDGE('',*,*,#2941,.F.);
#2941 = EDGE_CURVE('',#2942,#2934,#2944,.T.);
#2942 = VERTEX_POINT('',#2943);
#2943 = CARTESIAN_POINT('',(42.405133,19.735684,5.155));
#2944 = LINE('',#2945,#2946);
#2945 = CARTESIAN_POINT('',(42.405133,19.735684,5.155));
#2946 = VECTOR('',#2947,1.);
#2947 = DIRECTION('',(0.25881841893,-0.965925994071,0.));
#2948 = ORIENTED_EDGE('',*,*,#2949,.F.);
#2949 = EDGE_CURVE('',#2950,#2942,#2952,.T.);
#2950 = VERTEX_POINT('',#2951);
#2951 = CARTESIAN_POINT('',(42.405133,19.892316,5.155));
#2952 = LINE('',#2953,#2954);
#2953 = CARTESIAN_POINT('',(42.405133,19.892316,5.155));
#2954 = VECTOR('',#2955,1.);
#2955 = DIRECTION('',(0.,-1.,0.));
#2956 = ORIENTED_EDGE('',*,*,#2957,.F.);
#2957 = EDGE_CURVE('',#2958,#2950,#2960,.T.);
#2958 = VERTEX_POINT('',#2959);
#2959 = CARTESIAN_POINT('',(42.445672,20.04361,5.155));
#2960 = LINE('',#2961,#2962);
#2961 = CARTESIAN_POINT('',(42.445672,20.04361,5.155));
#2962 = VECTOR('',#2963,1.);
#2963 = DIRECTION('',(-0.25881841893,-0.965925994071,0.));
#2964 = ORIENTED_EDGE('',*,*,#2965,.F.);
#2965 = EDGE_CURVE('',#2966,#2958,#2968,.T.);
#2966 = VERTEX_POINT('',#2967);
#2967 = CARTESIAN_POINT('',(42.523988,20.179257,5.155));
#2968 = LINE('',#2969,#2970);
#2969 = CARTESIAN_POINT('',(42.523988,20.179257,5.155));
#2970 = VECTOR('',#2971,1.);
#2971 = DIRECTION('',(-0.500000804603,-0.866024939246,0.));
#2972 = ORIENTED_EDGE('',*,*,#2973,.F.);
#2973 = EDGE_CURVE('',#2974,#2966,#2976,.T.);
#2974 = VERTEX_POINT('',#2975);
#2975 = CARTESIAN_POINT('',(42.634743,20.290012,5.155));
#2976 = LINE('',#2977,#2978);
#2977 = CARTESIAN_POINT('',(42.634743,20.290012,5.155));
#2978 = VECTOR('',#2979,1.);
#2979 = DIRECTION('',(-0.707106781187,-0.707106781187,0.));
#2980 = ORIENTED_EDGE('',*,*,#2981,.F.);
#2981 = EDGE_CURVE('',#2982,#2974,#2984,.T.);
#2982 = VERTEX_POINT('',#2983);
#2983 = CARTESIAN_POINT('',(42.77039,20.368328,5.155));
#2984 = LINE('',#2985,#2986);
#2985 = CARTESIAN_POINT('',(42.77039,20.368328,5.155));
#2986 = VECTOR('',#2987,1.);
#2987 = DIRECTION('',(-0.866024939246,-0.500000804603,0.));
#2988 = ORIENTED_EDGE('',*,*,#2989,.F.);
#2989 = EDGE_CURVE('',#2990,#2982,#2992,.T.);
#2990 = VERTEX_POINT('',#2991);
#2991 = CARTESIAN_POINT('',(42.921684,20.408867,5.155));
#2992 = LINE('',#2993,#2994);
#2993 = CARTESIAN_POINT('',(42.921684,20.408867,5.155));
#2994 = VECTOR('',#2995,1.);
#2995 = DIRECTION('',(-0.965925994071,-0.25881841893,0.));
#2996 = ORIENTED_EDGE('',*,*,#2997,.F.);
#2997 = EDGE_CURVE('',#2998,#2990,#3000,.T.);
#2998 = VERTEX_POINT('',#2999);
#2999 = CARTESIAN_POINT('',(43.078316,20.408867,5.155));
#3000 = LINE('',#3001,#3002);
#3001 = CARTESIAN_POINT('',(43.078316,20.408867,5.155));
#3002 = VECTOR('',#3003,1.);
#3003 = DIRECTION('',(-1.,0.,0.));
#3004 = ORIENTED_EDGE('',*,*,#3005,.F.);
#3005 = EDGE_CURVE('',#3006,#2998,#3008,.T.);
#3006 = VERTEX_POINT('',#3007);
#3007 = CARTESIAN_POINT('',(43.22961,20.368328,5.155));
#3008 = LINE('',#3009,#3010);
#3009 = CARTESIAN_POINT('',(43.22961,20.368328,5.155));
#3010 = VECTOR('',#3011,1.);
#3011 = DIRECTION('',(-0.965925994071,0.25881841893,0.));
#3012 = ORIENTED_EDGE('',*,*,#3013,.F.);
#3013 = EDGE_CURVE('',#3014,#3006,#3016,.T.);
#3014 = VERTEX_POINT('',#3015);
#3015 = CARTESIAN_POINT('',(43.365257,20.290012,5.155));
#3016 = LINE('',#3017,#3018);
#3017 = CARTESIAN_POINT('',(43.365257,20.290012,5.155));
#3018 = VECTOR('',#3019,1.);
#3019 = DIRECTION('',(-0.866024939246,0.500000804603,0.));
#3020 = ORIENTED_EDGE('',*,*,#3021,.F.);
#3021 = EDGE_CURVE('',#3022,#3014,#3024,.T.);
#3022 = VERTEX_POINT('',#3023);
#3023 = CARTESIAN_POINT('',(43.476012,20.179257,5.155));
#3024 = LINE('',#3025,#3026);
#3025 = CARTESIAN_POINT('',(43.476012,20.179257,5.155));
#3026 = VECTOR('',#3027,1.);
#3027 = DIRECTION('',(-0.707106781187,0.707106781187,0.));
#3028 = ORIENTED_EDGE('',*,*,#3029,.F.);
#3029 = EDGE_CURVE('',#3030,#3022,#3032,.T.);
#3030 = VERTEX_POINT('',#3031);
#3031 = CARTESIAN_POINT('',(43.554328,20.04361,5.155));
#3032 = LINE('',#3033,#3034);
#3033 = CARTESIAN_POINT('',(43.554328,20.04361,5.155));
#3034 = VECTOR('',#3035,1.);
#3035 = DIRECTION('',(-0.500000804603,0.866024939246,0.));
#3036 = ORIENTED_EDGE('',*,*,#3037,.F.);
#3037 = EDGE_CURVE('',#3038,#3030,#3040,.T.);
#3038 = VERTEX_POINT('',#3039);
#3039 = CARTESIAN_POINT('',(43.594867,19.892316,5.155));
#3040 = LINE('',#3041,#3042);
#3041 = CARTESIAN_POINT('',(43.594867,19.892316,5.155));
#3042 = VECTOR('',#3043,1.);
#3043 = DIRECTION('',(-0.25881841893,0.965925994071,0.));
#3044 = ORIENTED_EDGE('',*,*,#3045,.F.);
#3045 = EDGE_CURVE('',#3046,#3038,#3048,.T.);
#3046 = VERTEX_POINT('',#3047);
#3047 = CARTESIAN_POINT('',(43.594867,19.735684,5.155));
#3048 = LINE('',#3049,#3050);
#3049 = CARTESIAN_POINT('',(43.594867,19.735684,5.155));
#3050 = VECTOR('',#3051,1.);
#3051 = DIRECTION('',(0.,1.,0.));
#3052 = ORIENTED_EDGE('',*,*,#3053,.F.);
#3053 = EDGE_CURVE('',#3054,#3046,#3056,.T.);
#3054 = VERTEX_POINT('',#3055);
#3055 = CARTESIAN_POINT('',(43.554328,19.58439,5.155));
#3056 = LINE('',#3057,#3058);
#3057 = CARTESIAN_POINT('',(43.554328,19.58439,5.155));
#3058 = VECTOR('',#3059,1.);
#3059 = DIRECTION('',(0.25881841893,0.965925994071,0.));
#3060 = ORIENTED_EDGE('',*,*,#3061,.F.);
#3061 = EDGE_CURVE('',#3062,#3054,#3064,.T.);
#3062 = VERTEX_POINT('',#3063);
#3063 = CARTESIAN_POINT('',(43.476012,19.448743,5.155));
#3064 = LINE('',#3065,#3066);
#3065 = CARTESIAN_POINT('',(43.476012,19.448743,5.155));
#3066 = VECTOR('',#3067,1.);
#3067 = DIRECTION('',(0.500000804603,0.866024939246,0.));
#3068 = ORIENTED_EDGE('',*,*,#3069,.F.);
#3069 = EDGE_CURVE('',#2886,#3062,#3070,.T.);
#3070 = LINE('',#3071,#3072);
#3071 = CARTESIAN_POINT('',(43.365257,19.337988,5.155));
#3072 = VECTOR('',#3073,1.);
#3073 = DIRECTION('',(0.707106781187,0.707106781187,0.));
#3074 = FACE_BOUND('',#3075,.T.);
#3075 = EDGE_LOOP('',(#3076,#3086,#3094,#3102,#3110,#3118,#3126,#3134,
    #3142,#3150,#3158,#3166,#3174,#3182,#3190,#3198,#3206,#3214,#3222,
    #3230,#3238,#3246,#3254,#3262));
#3076 = ORIENTED_EDGE('',*,*,#3077,.F.);
#3077 = EDGE_CURVE('',#3078,#3080,#3082,.T.);
#3078 = VERTEX_POINT('',#3079);
#3079 = CARTESIAN_POINT('',(43.22961,11.259672,5.155));
#3080 = VERTEX_POINT('',#3081);
#3081 = CARTESIAN_POINT('',(43.365257,11.337988,5.155));
#3082 = LINE('',#3083,#3084);
#3083 = CARTESIAN_POINT('',(43.22961,11.259672,5.155));
#3084 = VECTOR('',#3085,1.);
#3085 = DIRECTION('',(0.866024939246,0.500000804603,0.));
#3086 = ORIENTED_EDGE('',*,*,#3087,.F.);
#3087 = EDGE_CURVE('',#3088,#3078,#3090,.T.);
#3088 = VERTEX_POINT('',#3089);
#3089 = CARTESIAN_POINT('',(43.078316,11.219133,5.155));
#3090 = LINE('',#3091,#3092);
#3091 = CARTESIAN_POINT('',(43.078316,11.219133,5.155));
#3092 = VECTOR('',#3093,1.);
#3093 = DIRECTION('',(0.965925994071,0.25881841893,0.));
#3094 = ORIENTED_EDGE('',*,*,#3095,.F.);
#3095 = EDGE_CURVE('',#3096,#3088,#3098,.T.);
#3096 = VERTEX_POINT('',#3097);
#3097 = CARTESIAN_POINT('',(42.921684,11.219133,5.155));
#3098 = LINE('',#3099,#3100);
#3099 = CARTESIAN_POINT('',(42.921684,11.219133,5.155));
#3100 = VECTOR('',#3101,1.);
#3101 = DIRECTION('',(1.,0.,0.));
#3102 = ORIENTED_EDGE('',*,*,#3103,.F.);
#3103 = EDGE_CURVE('',#3104,#3096,#3106,.T.);
#3104 = VERTEX_POINT('',#3105);
#3105 = CARTESIAN_POINT('',(42.77039,11.259672,5.155));
#3106 = LINE('',#3107,#3108);
#3107 = CARTESIAN_POINT('',(42.77039,11.259672,5.155));
#3108 = VECTOR('',#3109,1.);
#3109 = DIRECTION('',(0.965925994071,-0.25881841893,0.));
#3110 = ORIENTED_EDGE('',*,*,#3111,.F.);
#3111 = EDGE_CURVE('',#3112,#3104,#3114,.T.);
#3112 = VERTEX_POINT('',#3113);
#3113 = CARTESIAN_POINT('',(42.634743,11.337988,5.155));
#3114 = LINE('',#3115,#3116);
#3115 = CARTESIAN_POINT('',(42.634743,11.337988,5.155));
#3116 = VECTOR('',#3117,1.);
#3117 = DIRECTION('',(0.866024939246,-0.500000804603,0.));
#3118 = ORIENTED_EDGE('',*,*,#3119,.F.);
#3119 = EDGE_CURVE('',#3120,#3112,#3122,.T.);
#3120 = VERTEX_POINT('',#3121);
#3121 = CARTESIAN_POINT('',(42.523988,11.448743,5.155));
#3122 = LINE('',#3123,#3124);
#3123 = CARTESIAN_POINT('',(42.523988,11.448743,5.155));
#3124 = VECTOR('',#3125,1.);
#3125 = DIRECTION('',(0.707106781187,-0.707106781187,0.));
#3126 = ORIENTED_EDGE('',*,*,#3127,.F.);
#3127 = EDGE_CURVE('',#3128,#3120,#3130,.T.);
#3128 = VERTEX_POINT('',#3129);
#3129 = CARTESIAN_POINT('',(42.445672,11.58439,5.155));
#3130 = LINE('',#3131,#3132);
#3131 = CARTESIAN_POINT('',(42.445672,11.58439,5.155));
#3132 = VECTOR('',#3133,1.);
#3133 = DIRECTION('',(0.500000804603,-0.866024939246,0.));
#3134 = ORIENTED_EDGE('',*,*,#3135,.F.);
#3135 = EDGE_CURVE('',#3136,#3128,#3138,.T.);
#3136 = VERTEX_POINT('',#3137);
#3137 = CARTESIAN_POINT('',(42.405133,11.735684,5.155));
#3138 = LINE('',#3139,#3140);
#3139 = CARTESIAN_POINT('',(42.405133,11.735684,5.155));
#3140 = VECTOR('',#3141,1.);
#3141 = DIRECTION('',(0.25881841893,-0.965925994071,0.));
#3142 = ORIENTED_EDGE('',*,*,#3143,.F.);
#3143 = EDGE_CURVE('',#3144,#3136,#3146,.T.);
#3144 = VERTEX_POINT('',#3145);
#3145 = CARTESIAN_POINT('',(42.405133,11.892316,5.155));
#3146 = LINE('',#3147,#3148);
#3147 = CARTESIAN_POINT('',(42.405133,11.892316,5.155));
#3148 = VECTOR('',#3149,1.);
#3149 = DIRECTION('',(0.,-1.,0.));
#3150 = ORIENTED_EDGE('',*,*,#3151,.F.);
#3151 = EDGE_CURVE('',#3152,#3144,#3154,.T.);
#3152 = VERTEX_POINT('',#3153);
#3153 = CARTESIAN_POINT('',(42.445672,12.04361,5.155));
#3154 = LINE('',#3155,#3156);
#3155 = CARTESIAN_POINT('',(42.445672,12.04361,5.155));
#3156 = VECTOR('',#3157,1.);
#3157 = DIRECTION('',(-0.25881841893,-0.965925994071,0.));
#3158 = ORIENTED_EDGE('',*,*,#3159,.F.);
#3159 = EDGE_CURVE('',#3160,#3152,#3162,.T.);
#3160 = VERTEX_POINT('',#3161);
#3161 = CARTESIAN_POINT('',(42.523988,12.179257,5.155));
#3162 = LINE('',#3163,#3164);
#3163 = CARTESIAN_POINT('',(42.523988,12.179257,5.155));
#3164 = VECTOR('',#3165,1.);
#3165 = DIRECTION('',(-0.500000804603,-0.866024939246,0.));
#3166 = ORIENTED_EDGE('',*,*,#3167,.F.);
#3167 = EDGE_CURVE('',#3168,#3160,#3170,.T.);
#3168 = VERTEX_POINT('',#3169);
#3169 = CARTESIAN_POINT('',(42.634743,12.290012,5.155));
#3170 = LINE('',#3171,#3172);
#3171 = CARTESIAN_POINT('',(42.634743,12.290012,5.155));
#3172 = VECTOR('',#3173,1.);
#3173 = DIRECTION('',(-0.707106781187,-0.707106781187,0.));
#3174 = ORIENTED_EDGE('',*,*,#3175,.F.);
#3175 = EDGE_CURVE('',#3176,#3168,#3178,.T.);
#3176 = VERTEX_POINT('',#3177);
#3177 = CARTESIAN_POINT('',(42.77039,12.368328,5.155));
#3178 = LINE('',#3179,#3180);
#3179 = CARTESIAN_POINT('',(42.77039,12.368328,5.155));
#3180 = VECTOR('',#3181,1.);
#3181 = DIRECTION('',(-0.866024939246,-0.500000804603,0.));
#3182 = ORIENTED_EDGE('',*,*,#3183,.F.);
#3183 = EDGE_CURVE('',#3184,#3176,#3186,.T.);
#3184 = VERTEX_POINT('',#3185);
#3185 = CARTESIAN_POINT('',(42.921684,12.408867,5.155));
#3186 = LINE('',#3187,#3188);
#3187 = CARTESIAN_POINT('',(42.921684,12.408867,5.155));
#3188 = VECTOR('',#3189,1.);
#3189 = DIRECTION('',(-0.965925994071,-0.25881841893,0.));
#3190 = ORIENTED_EDGE('',*,*,#3191,.F.);
#3191 = EDGE_CURVE('',#3192,#3184,#3194,.T.);
#3192 = VERTEX_POINT('',#3193);
#3193 = CARTESIAN_POINT('',(43.078316,12.408867,5.155));
#3194 = LINE('',#3195,#3196);
#3195 = CARTESIAN_POINT('',(43.078316,12.408867,5.155));
#3196 = VECTOR('',#3197,1.);
#3197 = DIRECTION('',(-1.,0.,0.));
#3198 = ORIENTED_EDGE('',*,*,#3199,.F.);
#3199 = EDGE_CURVE('',#3200,#3192,#3202,.T.);
#3200 = VERTEX_POINT('',#3201);
#3201 = CARTESIAN_POINT('',(43.22961,12.368328,5.155));
#3202 = LINE('',#3203,#3204);
#3203 = CARTESIAN_POINT('',(43.22961,12.368328,5.155));
#3204 = VECTOR('',#3205,1.);
#3205 = DIRECTION('',(-0.965925994071,0.25881841893,0.));
#3206 = ORIENTED_EDGE('',*,*,#3207,.F.);
#3207 = EDGE_CURVE('',#3208,#3200,#3210,.T.);
#3208 = VERTEX_POINT('',#3209);
#3209 = CARTESIAN_POINT('',(43.365257,12.290012,5.155));
#3210 = LINE('',#3211,#3212);
#3211 = CARTESIAN_POINT('',(43.365257,12.290012,5.155));
#3212 = VECTOR('',#3213,1.);
#3213 = DIRECTION('',(-0.866024939246,0.500000804603,0.));
#3214 = ORIENTED_EDGE('',*,*,#3215,.F.);
#3215 = EDGE_CURVE('',#3216,#3208,#3218,.T.);
#3216 = VERTEX_POINT('',#3217);
#3217 = CARTESIAN_POINT('',(43.476012,12.179257,5.155));
#3218 = LINE('',#3219,#3220);
#3219 = CARTESIAN_POINT('',(43.476012,12.179257,5.155));
#3220 = VECTOR('',#3221,1.);
#3221 = DIRECTION('',(-0.707106781187,0.707106781187,0.));
#3222 = ORIENTED_EDGE('',*,*,#3223,.F.);
#3223 = EDGE_CURVE('',#3224,#3216,#3226,.T.);
#3224 = VERTEX_POINT('',#3225);
#3225 = CARTESIAN_POINT('',(43.554328,12.04361,5.155));
#3226 = LINE('',#3227,#3228);
#3227 = CARTESIAN_POINT('',(43.554328,12.04361,5.155));
#3228 = VECTOR('',#3229,1.);
#3229 = DIRECTION('',(-0.500000804603,0.866024939246,0.));
#3230 = ORIENTED_EDGE('',*,*,#3231,.F.);
#3231 = EDGE_CURVE('',#3232,#3224,#3234,.T.);
#3232 = VERTEX_POINT('',#3233);
#3233 = CARTESIAN_POINT('',(43.594867,11.892316,5.155));
#3234 = LINE('',#3235,#3236);
#3235 = CARTESIAN_POINT('',(43.594867,11.892316,5.155));
#3236 = VECTOR('',#3237,1.);
#3237 = DIRECTION('',(-0.25881841893,0.965925994071,0.));
#3238 = ORIENTED_EDGE('',*,*,#3239,.F.);
#3239 = EDGE_CURVE('',#3240,#3232,#3242,.T.);
#3240 = VERTEX_POINT('',#3241);
#3241 = CARTESIAN_POINT('',(43.594867,11.735684,5.155));
#3242 = LINE('',#3243,#3244);
#3243 = CARTESIAN_POINT('',(43.594867,11.735684,5.155));
#3244 = VECTOR('',#3245,1.);
#3245 = DIRECTION('',(0.,1.,0.));
#3246 = ORIENTED_EDGE('',*,*,#3247,.F.);
#3247 = EDGE_CURVE('',#3248,#3240,#3250,.T.);
#3248 = VERTEX_POINT('',#3249);
#3249 = CARTESIAN_POINT('',(43.554328,11.58439,5.155));
#3250 = LINE('',#3251,#3252);
#3251 = CARTESIAN_POINT('',(43.554328,11.58439,5.155));
#3252 = VECTOR('',#3253,1.);
#3253 = DIRECTION('',(0.25881841893,0.965925994071,0.));
#3254 = ORIENTED_EDGE('',*,*,#3255,.F.);
#3255 = EDGE_CURVE('',#3256,#3248,#3258,.T.);
#3256 = VERTEX_POINT('',#3257);
#3257 = CARTESIAN_POINT('',(43.476012,11.448743,5.155));
#3258 = LINE('',#3259,#3260);
#3259 = CARTESIAN_POINT('',(43.476012,11.448743,5.155));
#3260 = VECTOR('',#3261,1.);
#3261 = DIRECTION('',(0.500000804603,0.866024939246,0.));
#3262 = ORIENTED_EDGE('',*,*,#3263,.F.);
#3263 = EDGE_CURVE('',#3080,#3256,#3264,.T.);
#3264 = LINE('',#3265,#3266);
#3265 = CARTESIAN_POINT('',(43.365257,11.337988,5.155));
#3266 = VECTOR('',#3267,1.);
#3267 = DIRECTION('',(0.707106781187,0.707106781187,0.));
#3268 = FACE_BOUND('',#3269,.T.);
#3269 = EDGE_LOOP('',(#3270));
#3270 = ORIENTED_EDGE('',*,*,#3271,.T.);
#3271 = EDGE_CURVE('',#3272,#3272,#3274,.T.);
#3272 = VERTEX_POINT('',#3273);
#3273 = CARTESIAN_POINT('',(38.1915,5.8485,5.155));
#3274 = CIRCLE('',#3275,1.1);
#3275 = AXIS2_PLACEMENT_3D('',#3276,#3277,#3278);
#3276 = CARTESIAN_POINT('',(38.1915,4.7485,5.155));
#3277 = DIRECTION('',(0.,0.,-1.));
#3278 = DIRECTION('',(0.,1.,0.));
#3279 = FACE_BOUND('',#3280,.T.);
#3280 = EDGE_LOOP('',(#3281));
#3281 = ORIENTED_EDGE('',*,*,#3282,.T.);
#3282 = EDGE_CURVE('',#3283,#3283,#3285,.T.);
#3283 = VERTEX_POINT('',#3284);
#3284 = CARTESIAN_POINT('',(3.1635,36.887,5.155));
#3285 = CIRCLE('',#3286,1.1);
#3286 = AXIS2_PLACEMENT_3D('',#3287,#3288,#3289);
#3287 = CARTESIAN_POINT('',(3.1635,35.787,5.155));
#3288 = DIRECTION('',(0.,0.,-1.));
#3289 = DIRECTION('',(0.,1.,0.));
#3290 = PLANE('',#3291);
#3291 = AXIS2_PLACEMENT_3D('',#3292,#3293,#3294);
#3292 = CARTESIAN_POINT('',(49.,1.,5.155));
#3293 = DIRECTION('',(0.,0.,1.));
#3294 = DIRECTION('',(-1.,0.,0.));
#3295 = ADVANCED_FACE('',(#3296),#3307,.T.);
#3296 = FACE_BOUND('',#3297,.T.);
#3297 = EDGE_LOOP('',(#3298,#3304,#3305,#3306));
#3298 = ORIENTED_EDGE('',*,*,#3299,.T.);
#3299 = EDGE_CURVE('',#128,#1715,#3300,.T.);
#3300 = LINE('',#3301,#3302);
#3301 = CARTESIAN_POINT('',(49.,2.2,4.245));
#3302 = VECTOR('',#3303,1.);
#3303 = DIRECTION('',(0.,0.,1.));
#3304 = ORIENTED_EDGE('',*,*,#1714,.T.);
#3305 = ORIENTED_EDGE('',*,*,#63,.F.);
#3306 = ORIENTED_EDGE('',*,*,#127,.F.);
#3307 = CYLINDRICAL_SURFACE('',#3308,1.200000469195);
#3308 = AXIS2_PLACEMENT_3D('',#3309,#3310,#3311);
#3309 = CARTESIAN_POINT('',(47.799999530805,2.200000469195,4.245));
#3310 = DIRECTION('',(0.,0.,-1.));
#3311 = DIRECTION('',(1.,-3.9099536216E-07,0.));
#3312 = ADVANCED_FACE('',(#3313),#3324,.T.);
#3313 = FACE_BOUND('',#3314,.T.);
#3314 = EDGE_LOOP('',(#3315,#3316,#3317,#3323));
#3315 = ORIENTED_EDGE('',*,*,#103,.T.);
#3316 = ORIENTED_EDGE('',*,*,#1748,.T.);
#3317 = ORIENTED_EDGE('',*,*,#3318,.F.);
#3318 = EDGE_CURVE('',#154,#1741,#3319,.T.);
#3319 = LINE('',#3320,#3321);
#3320 = CARTESIAN_POINT('',(2.2,77.,4.245));
#3321 = VECTOR('',#3322,1.);
#3322 = DIRECTION('',(0.,0.,1.));
#3323 = ORIENTED_EDGE('',*,*,#161,.F.);
#3324 = CYLINDRICAL_SURFACE('',#3325,1.200000469195);
#3325 = AXIS2_PLACEMENT_3D('',#3326,#3327,#3328);
#3326 = CARTESIAN_POINT('',(2.200000469195,75.7999995308,4.245));
#3327 = DIRECTION('',(0.,0.,-1.));
#3328 = DIRECTION('',(-1.,3.9099536161E-07,0.));
#3329 = ADVANCED_FACE('',(#3330),#3341,.T.);
#3330 = FACE_BOUND('',#3331,.T.);
#3331 = EDGE_LOOP('',(#3332,#3338,#3339,#3340));
#3332 = ORIENTED_EDGE('',*,*,#3333,.T.);
#3333 = EDGE_CURVE('',#137,#1724,#3334,.T.);
#3334 = LINE('',#3335,#3336);
#3335 = CARTESIAN_POINT('',(49.,75.8,4.245));
#3336 = VECTOR('',#3337,1.);
#3337 = DIRECTION('',(0.,0.,1.));
#3338 = ORIENTED_EDGE('',*,*,#1723,.T.);
#3339 = ORIENTED_EDGE('',*,*,#3299,.F.);
#3340 = ORIENTED_EDGE('',*,*,#136,.F.);
#3341 = PLANE('',#3342);
#3342 = AXIS2_PLACEMENT_3D('',#3343,#3344,#3345);
#3343 = CARTESIAN_POINT('',(49.,75.8,4.245));
#3344 = DIRECTION('',(1.,0.,0.));
#3345 = DIRECTION('',(0.,-1.,0.));
#3346 = ADVANCED_FACE('',(#3347),#3358,.T.);
#3347 = FACE_BOUND('',#3348,.T.);
#3348 = EDGE_LOOP('',(#3349,#3350,#3351,#3357));
#3349 = ORIENTED_EDGE('',*,*,#3318,.T.);
#3350 = ORIENTED_EDGE('',*,*,#1740,.T.);
#3351 = ORIENTED_EDGE('',*,*,#3352,.F.);
#3352 = EDGE_CURVE('',#145,#1732,#3353,.T.);
#3353 = LINE('',#3354,#3355);
#3354 = CARTESIAN_POINT('',(47.8,77.,4.245));
#3355 = VECTOR('',#3356,1.);
#3356 = DIRECTION('',(0.,0.,1.));
#3357 = ORIENTED_EDGE('',*,*,#153,.F.);
#3358 = PLANE('',#3359);
#3359 = AXIS2_PLACEMENT_3D('',#3360,#3361,#3362);
#3360 = CARTESIAN_POINT('',(2.2,77.,4.245));
#3361 = DIRECTION('',(0.,1.,0.));
#3362 = DIRECTION('',(1.,0.,0.));
#3363 = ADVANCED_FACE('',(#3364),#3370,.T.);
#3364 = FACE_BOUND('',#3365,.T.);
#3365 = EDGE_LOOP('',(#3366,#3367,#3368,#3369));
#3366 = ORIENTED_EDGE('',*,*,#3352,.T.);
#3367 = ORIENTED_EDGE('',*,*,#1731,.T.);
#3368 = ORIENTED_EDGE('',*,*,#3333,.F.);
#3369 = ORIENTED_EDGE('',*,*,#144,.F.);
#3370 = CYLINDRICAL_SURFACE('',#3371,1.200000469195);
#3371 = AXIS2_PLACEMENT_3D('',#3372,#3373,#3374);
#3372 = CARTESIAN_POINT('',(47.799999530805,75.7999995308,4.245));
#3373 = DIRECTION('',(0.,0.,-1.));
#3374 = DIRECTION('',(3.9099536105E-07,1.,-0.));
#3375 = ADVANCED_FACE('',(#3376),#3387,.F.);
#3376 = FACE_BOUND('',#3377,.F.);
#3377 = EDGE_LOOP('',(#3378,#3384,#3385,#3386));
#3378 = ORIENTED_EDGE('',*,*,#3379,.T.);
#3379 = EDGE_CURVE('',#172,#1759,#3380,.T.);
#3380 = LINE('',#3381,#3382);
#3381 = CARTESIAN_POINT('',(45.9385,72.0635,4.199));
#3382 = VECTOR('',#3383,1.);
#3383 = DIRECTION('',(0.,0.,1.));
#3384 = ORIENTED_EDGE('',*,*,#1758,.T.);
#3385 = ORIENTED_EDGE('',*,*,#3379,.F.);
#3386 = ORIENTED_EDGE('',*,*,#171,.F.);
#3387 = CYLINDRICAL_SURFACE('',#3388,1.1);
#3388 = AXIS2_PLACEMENT_3D('',#3389,#3390,#3391);
#3389 = CARTESIAN_POINT('',(45.9385,70.9635,4.199));
#3390 = DIRECTION('',(0.,0.,-1.));
#3391 = DIRECTION('',(0.,1.,0.));
#3392 = ADVANCED_FACE('',(#3393),#3409,.T.);
#3393 = FACE_BOUND('',#3394,.T.);
#3394 = EDGE_LOOP('',(#3395,#3401,#3402,#3408));
#3395 = ORIENTED_EDGE('',*,*,#3396,.T.);
#3396 = EDGE_CURVE('',#183,#1770,#3397,.T.);
#3397 = LINE('',#3398,#3399);
#3398 = CARTESIAN_POINT('',(38.167228,73.704448,4.245));
#3399 = VECTOR('',#3400,1.);
#3400 = DIRECTION('',(0.,0.,1.));
#3401 = ORIENTED_EDGE('',*,*,#1769,.T.);
#3402 = ORIENTED_EDGE('',*,*,#3403,.F.);
#3403 = EDGE_CURVE('',#185,#1772,#3404,.T.);
#3404 = LINE('',#3405,#3406);
#3405 = CARTESIAN_POINT('',(38.312117,73.764463,4.245));
#3406 = VECTOR('',#3407,1.);
#3407 = DIRECTION('',(0.,0.,1.));
#3408 = ORIENTED_EDGE('',*,*,#182,.F.);
#3409 = PLANE('',#3410);
#3410 = AXIS2_PLACEMENT_3D('',#3411,#3412,#3413);
#3411 = CARTESIAN_POINT('',(38.167228,73.704448,4.245));
#3412 = DIRECTION('',(-0.382683493112,0.923879507349,0.));
#3413 = DIRECTION('',(0.923879507349,0.382683493112,0.));
#3414 = ADVANCED_FACE('',(#3415),#3426,.T.);
#3415 = FACE_BOUND('',#3416,.T.);
#3416 = EDGE_LOOP('',(#3417,#3423,#3424,#3425));
#3417 = ORIENTED_EDGE('',*,*,#3418,.T.);
#3418 = EDGE_CURVE('',#193,#1780,#3419,.T.);
#3419 = LINE('',#3420,#3421);
#3420 = CARTESIAN_POINT('',(38.013414,73.673852,4.245));
#3421 = VECTOR('',#3422,1.);
#3422 = DIRECTION('',(0.,0.,1.));
#3423 = ORIENTED_EDGE('',*,*,#1779,.T.);
#3424 = ORIENTED_EDGE('',*,*,#3396,.F.);
#3425 = ORIENTED_EDGE('',*,*,#192,.F.);
#3426 = PLANE('',#3427);
#3427 = AXIS2_PLACEMENT_3D('',#3428,#3429,#3430);
#3428 = CARTESIAN_POINT('',(38.013414,73.673852,4.245));
#3429 = DIRECTION('',(-0.195093346711,0.980784678749,0.));
#3430 = DIRECTION('',(0.980784678749,0.195093346711,0.));
#3431 = ADVANCED_FACE('',(#3432),#3443,.T.);
#3432 = FACE_BOUND('',#3433,.T.);
#3433 = EDGE_LOOP('',(#3434,#3435,#3436,#3442));
#3434 = ORIENTED_EDGE('',*,*,#3403,.T.);
#3435 = ORIENTED_EDGE('',*,*,#2019,.T.);
#3436 = ORIENTED_EDGE('',*,*,#3437,.F.);
#3437 = EDGE_CURVE('',#425,#2012,#3438,.T.);
#3438 = LINE('',#3439,#3440);
#3439 = CARTESIAN_POINT('',(38.442515,73.851592,4.245));
#3440 = VECTOR('',#3441,1.);
#3441 = DIRECTION('',(0.,0.,1.));
#3442 = ORIENTED_EDGE('',*,*,#432,.F.);
#3443 = PLANE('',#3444);
#3444 = AXIS2_PLACEMENT_3D('',#3445,#3446,#3447);
#3445 = CARTESIAN_POINT('',(38.312117,73.764463,4.245));
#3446 = DIRECTION('',(-0.555569536391,0.831470077774,0.));
#3447 = DIRECTION('',(0.831470077774,0.555569536391,0.));
#3448 = ADVANCED_FACE('',(#3449),#3460,.T.);
#3449 = FACE_BOUND('',#3450,.T.);
#3450 = EDGE_LOOP('',(#3451,#3457,#3458,#3459));
#3451 = ORIENTED_EDGE('',*,*,#3452,.T.);
#3452 = EDGE_CURVE('',#201,#1788,#3453,.T.);
#3453 = LINE('',#3454,#3455);
#3454 = CARTESIAN_POINT('',(37.856586,73.673852,4.245));
#3455 = VECTOR('',#3456,1.);
#3456 = DIRECTION('',(0.,0.,1.));
#3457 = ORIENTED_EDGE('',*,*,#1787,.T.);
#3458 = ORIENTED_EDGE('',*,*,#3418,.F.);
#3459 = ORIENTED_EDGE('',*,*,#200,.F.);
#3460 = PLANE('',#3461);
#3461 = AXIS2_PLACEMENT_3D('',#3462,#3463,#3464);
#3462 = CARTESIAN_POINT('',(37.856586,73.673852,4.245));
#3463 = DIRECTION('',(0.,1.,0.));
#3464 = DIRECTION('',(1.,0.,0.));
#3465 = ADVANCED_FACE('',(#3466),#3477,.T.);
#3466 = FACE_BOUND('',#3467,.T.);
#3467 = EDGE_LOOP('',(#3468,#3469,#3470,#3476));
#3468 = ORIENTED_EDGE('',*,*,#3437,.T.);
#3469 = ORIENTED_EDGE('',*,*,#2011,.T.);
#3470 = ORIENTED_EDGE('',*,*,#3471,.F.);
#3471 = EDGE_CURVE('',#417,#2004,#3472,.T.);
#3472 = LINE('',#3473,#3474);
#3473 = CARTESIAN_POINT('',(38.553408,73.962485,4.245));
#3474 = VECTOR('',#3475,1.);
#3475 = DIRECTION('',(0.,0.,1.));
#3476 = ORIENTED_EDGE('',*,*,#424,.F.);
#3477 = PLANE('',#3478);
#3478 = AXIS2_PLACEMENT_3D('',#3479,#3480,#3481);
#3479 = CARTESIAN_POINT('',(38.442515,73.851592,4.245));
#3480 = DIRECTION('',(-0.707106781187,0.707106781187,0.));
#3481 = DIRECTION('',(0.707106781187,0.707106781187,0.));
#3482 = ADVANCED_FACE('',(#3483),#3494,.T.);
#3483 = FACE_BOUND('',#3484,.T.);
#3484 = EDGE_LOOP('',(#3485,#3491,#3492,#3493));
#3485 = ORIENTED_EDGE('',*,*,#3486,.T.);
#3486 = EDGE_CURVE('',#209,#1796,#3487,.T.);
#3487 = LINE('',#3488,#3489);
#3488 = CARTESIAN_POINT('',(37.702772,73.704448,4.245));
#3489 = VECTOR('',#3490,1.);
#3490 = DIRECTION('',(0.,0.,1.));
#3491 = ORIENTED_EDGE('',*,*,#1795,.T.);
#3492 = ORIENTED_EDGE('',*,*,#3452,.F.);
#3493 = ORIENTED_EDGE('',*,*,#208,.F.);
#3494 = PLANE('',#3495);
#3495 = AXIS2_PLACEMENT_3D('',#3496,#3497,#3498);
#3496 = CARTESIAN_POINT('',(37.702772,73.704448,4.245));
#3497 = DIRECTION('',(0.195093346711,0.980784678749,0.));
#3498 = DIRECTION('',(0.980784678749,-0.195093346711,0.));
#3499 = ADVANCED_FACE('',(#3500),#3511,.T.);
#3500 = FACE_BOUND('',#3501,.T.);
#3501 = EDGE_LOOP('',(#3502,#3503,#3504,#3510));
#3502 = ORIENTED_EDGE('',*,*,#3471,.T.);
#3503 = ORIENTED_EDGE('',*,*,#2003,.T.);
#3504 = ORIENTED_EDGE('',*,*,#3505,.F.);
#3505 = EDGE_CURVE('',#409,#1996,#3506,.T.);
#3506 = LINE('',#3507,#3508);
#3507 = CARTESIAN_POINT('',(38.640537,74.092883,4.245));
#3508 = VECTOR('',#3509,1.);
#3509 = DIRECTION('',(0.,0.,1.));
#3510 = ORIENTED_EDGE('',*,*,#416,.F.);
#3511 = PLANE('',#3512);
#3512 = AXIS2_PLACEMENT_3D('',#3513,#3514,#3515);
#3513 = CARTESIAN_POINT('',(38.553408,73.962485,4.245));
#3514 = DIRECTION('',(-0.831470077774,0.555569536392,0.));
#3515 = DIRECTION('',(0.555569536392,0.831470077774,0.));
#3516 = ADVANCED_FACE('',(#3517),#3528,.T.);
#3517 = FACE_BOUND('',#3518,.T.);
#3518 = EDGE_LOOP('',(#3519,#3525,#3526,#3527));
#3519 = ORIENTED_EDGE('',*,*,#3520,.T.);
#3520 = EDGE_CURVE('',#217,#1804,#3521,.T.);
#3521 = LINE('',#3522,#3523);
#3522 = CARTESIAN_POINT('',(37.557883,73.764463,4.245));
#3523 = VECTOR('',#3524,1.);
#3524 = DIRECTION('',(0.,0.,1.));
#3525 = ORIENTED_EDGE('',*,*,#1803,.T.);
#3526 = ORIENTED_EDGE('',*,*,#3486,.F.);
#3527 = ORIENTED_EDGE('',*,*,#216,.F.);
#3528 = PLANE('',#3529);
#3529 = AXIS2_PLACEMENT_3D('',#3530,#3531,#3532);
#3530 = CARTESIAN_POINT('',(37.557883,73.764463,4.245));
#3531 = DIRECTION('',(0.382683493112,0.923879507349,0.));
#3532 = DIRECTION('',(0.923879507349,-0.382683493112,0.));
#3533 = ADVANCED_FACE('',(#3534),#3545,.T.);
#3534 = FACE_BOUND('',#3535,.T.);
#3535 = EDGE_LOOP('',(#3536,#3537,#3538,#3544));
#3536 = ORIENTED_EDGE('',*,*,#3505,.T.);
#3537 = ORIENTED_EDGE('',*,*,#1995,.T.);
#3538 = ORIENTED_EDGE('',*,*,#3539,.F.);
#3539 = EDGE_CURVE('',#401,#1988,#3540,.T.);
#3540 = LINE('',#3541,#3542);
#3541 = CARTESIAN_POINT('',(38.700552,74.237772,4.245));
#3542 = VECTOR('',#3543,1.);
#3543 = DIRECTION('',(0.,0.,1.));
#3544 = ORIENTED_EDGE('',*,*,#408,.F.);
#3545 = PLANE('',#3546);
#3546 = AXIS2_PLACEMENT_3D('',#3547,#3548,#3549);
#3547 = CARTESIAN_POINT('',(38.640537,74.092883,4.245));
#3548 = DIRECTION('',(-0.923879507349,0.382683493112,0.));
#3549 = DIRECTION('',(0.382683493112,0.923879507349,0.));
#3550 = ADVANCED_FACE('',(#3551),#3562,.T.);
#3551 = FACE_BOUND('',#3552,.T.);
#3552 = EDGE_LOOP('',(#3553,#3559,#3560,#3561));
#3553 = ORIENTED_EDGE('',*,*,#3554,.T.);
#3554 = EDGE_CURVE('',#225,#1812,#3555,.T.);
#3555 = LINE('',#3556,#3557);
#3556 = CARTESIAN_POINT('',(37.427485,73.851592,4.245));
#3557 = VECTOR('',#3558,1.);
#3558 = DIRECTION('',(0.,0.,1.));
#3559 = ORIENTED_EDGE('',*,*,#1811,.T.);
#3560 = ORIENTED_EDGE('',*,*,#3520,.F.);
#3561 = ORIENTED_EDGE('',*,*,#224,.F.);
#3562 = PLANE('',#3563);
#3563 = AXIS2_PLACEMENT_3D('',#3564,#3565,#3566);
#3564 = CARTESIAN_POINT('',(37.427485,73.851592,4.245));
#3565 = DIRECTION('',(0.555569536391,0.831470077774,0.));
#3566 = DIRECTION('',(0.831470077774,-0.555569536391,0.));
#3567 = ADVANCED_FACE('',(#3568),#3579,.T.);
#3568 = FACE_BOUND('',#3569,.T.);
#3569 = EDGE_LOOP('',(#3570,#3571,#3572,#3578));
#3570 = ORIENTED_EDGE('',*,*,#3539,.T.);
#3571 = ORIENTED_EDGE('',*,*,#1987,.T.);
#3572 = ORIENTED_EDGE('',*,*,#3573,.F.);
#3573 = EDGE_CURVE('',#393,#1980,#3574,.T.);
#3574 = LINE('',#3575,#3576);
#3575 = CARTESIAN_POINT('',(38.731148,74.391586,4.245));
#3576 = VECTOR('',#3577,1.);
#3577 = DIRECTION('',(0.,0.,1.));
#3578 = ORIENTED_EDGE('',*,*,#400,.F.);
#3579 = PLANE('',#3580);
#3580 = AXIS2_PLACEMENT_3D('',#3581,#3582,#3583);
#3581 = CARTESIAN_POINT('',(38.700552,74.237772,4.245));
#3582 = DIRECTION('',(-0.980784678749,0.195093346711,0.));
#3583 = DIRECTION('',(0.195093346711,0.980784678749,0.));
#3584 = ADVANCED_FACE('',(#3585),#3596,.T.);
#3585 = FACE_BOUND('',#3586,.T.);
#3586 = EDGE_LOOP('',(#3587,#3593,#3594,#3595));
#3587 = ORIENTED_EDGE('',*,*,#3588,.T.);
#3588 = EDGE_CURVE('',#233,#1820,#3589,.T.);
#3589 = LINE('',#3590,#3591);
#3590 = CARTESIAN_POINT('',(37.316592,73.962485,4.245));
#3591 = VECTOR('',#3592,1.);
#3592 = DIRECTION('',(0.,0.,1.));
#3593 = ORIENTED_EDGE('',*,*,#1819,.T.);
#3594 = ORIENTED_EDGE('',*,*,#3554,.F.);
#3595 = ORIENTED_EDGE('',*,*,#232,.F.);
#3596 = PLANE('',#3597);
#3597 = AXIS2_PLACEMENT_3D('',#3598,#3599,#3600);
#3598 = CARTESIAN_POINT('',(37.316592,73.962485,4.245));
#3599 = DIRECTION('',(0.707106781187,0.707106781187,0.));
#3600 = DIRECTION('',(0.707106781187,-0.707106781187,0.));
#3601 = ADVANCED_FACE('',(#3602),#3613,.T.);
#3602 = FACE_BOUND('',#3603,.T.);
#3603 = EDGE_LOOP('',(#3604,#3605,#3606,#3612));
#3604 = ORIENTED_EDGE('',*,*,#3573,.T.);
#3605 = ORIENTED_EDGE('',*,*,#1979,.T.);
#3606 = ORIENTED_EDGE('',*,*,#3607,.F.);
#3607 = EDGE_CURVE('',#385,#1972,#3608,.T.);
#3608 = LINE('',#3609,#3610);
#3609 = CARTESIAN_POINT('',(38.731148,74.548414,4.245));
#3610 = VECTOR('',#3611,1.);
#3611 = DIRECTION('',(0.,0.,1.));
#3612 = ORIENTED_EDGE('',*,*,#392,.F.);
#3613 = PLANE('',#3614);
#3614 = AXIS2_PLACEMENT_3D('',#3615,#3616,#3617);
#3615 = CARTESIAN_POINT('',(38.731148,74.391586,4.245));
#3616 = DIRECTION('',(-1.,0.,0.));
#3617 = DIRECTION('',(0.,1.,0.));
#3618 = ADVANCED_FACE('',(#3619),#3630,.T.);
#3619 = FACE_BOUND('',#3620,.T.);
#3620 = EDGE_LOOP('',(#3621,#3627,#3628,#3629));
#3621 = ORIENTED_EDGE('',*,*,#3622,.T.);
#3622 = EDGE_CURVE('',#241,#1828,#3623,.T.);
#3623 = LINE('',#3624,#3625);
#3624 = CARTESIAN_POINT('',(37.229463,74.092883,4.245));
#3625 = VECTOR('',#3626,1.);
#3626 = DIRECTION('',(0.,0.,1.));
#3627 = ORIENTED_EDGE('',*,*,#1827,.T.);
#3628 = ORIENTED_EDGE('',*,*,#3588,.F.);
#3629 = ORIENTED_EDGE('',*,*,#240,.F.);
#3630 = PLANE('',#3631);
#3631 = AXIS2_PLACEMENT_3D('',#3632,#3633,#3634);
#3632 = CARTESIAN_POINT('',(37.229463,74.092883,4.245));
#3633 = DIRECTION('',(0.831470077774,0.555569536392,0.));
#3634 = DIRECTION('',(0.555569536392,-0.831470077774,0.));
#3635 = ADVANCED_FACE('',(#3636),#3647,.T.);
#3636 = FACE_BOUND('',#3637,.T.);
#3637 = EDGE_LOOP('',(#3638,#3639,#3640,#3646));
#3638 = ORIENTED_EDGE('',*,*,#3607,.T.);
#3639 = ORIENTED_EDGE('',*,*,#1971,.T.);
#3640 = ORIENTED_EDGE('',*,*,#3641,.F.);
#3641 = EDGE_CURVE('',#377,#1964,#3642,.T.);
#3642 = LINE('',#3643,#3644);
#3643 = CARTESIAN_POINT('',(38.700552,74.702228,4.245));
#3644 = VECTOR('',#3645,1.);
#3645 = DIRECTION('',(0.,0.,1.));
#3646 = ORIENTED_EDGE('',*,*,#384,.F.);
#3647 = PLANE('',#3648);
#3648 = AXIS2_PLACEMENT_3D('',#3649,#3650,#3651);
#3649 = CARTESIAN_POINT('',(38.731148,74.548414,4.245));
#3650 = DIRECTION('',(-0.980784678749,-0.195093346711,0.));
#3651 = DIRECTION('',(-0.195093346711,0.980784678749,0.));
#3652 = ADVANCED_FACE('',(#3653),#3664,.T.);
#3653 = FACE_BOUND('',#3654,.T.);
#3654 = EDGE_LOOP('',(#3655,#3661,#3662,#3663));
#3655 = ORIENTED_EDGE('',*,*,#3656,.T.);
#3656 = EDGE_CURVE('',#249,#1836,#3657,.T.);
#3657 = LINE('',#3658,#3659);
#3658 = CARTESIAN_POINT('',(37.169448,74.237772,4.245));
#3659 = VECTOR('',#3660,1.);
#3660 = DIRECTION('',(0.,0.,1.));
#3661 = ORIENTED_EDGE('',*,*,#1835,.T.);
#3662 = ORIENTED_EDGE('',*,*,#3622,.F.);
#3663 = ORIENTED_EDGE('',*,*,#248,.F.);
#3664 = PLANE('',#3665);
#3665 = AXIS2_PLACEMENT_3D('',#3666,#3667,#3668);
#3666 = CARTESIAN_POINT('',(37.169448,74.237772,4.245));
#3667 = DIRECTION('',(0.923879507349,0.382683493112,0.));
#3668 = DIRECTION('',(0.382683493112,-0.923879507349,0.));
#3669 = ADVANCED_FACE('',(#3670),#3681,.T.);
#3670 = FACE_BOUND('',#3671,.T.);
#3671 = EDGE_LOOP('',(#3672,#3673,#3674,#3680));
#3672 = ORIENTED_EDGE('',*,*,#3641,.T.);
#3673 = ORIENTED_EDGE('',*,*,#1963,.T.);
#3674 = ORIENTED_EDGE('',*,*,#3675,.F.);
#3675 = EDGE_CURVE('',#369,#1956,#3676,.T.);
#3676 = LINE('',#3677,#3678);
#3677 = CARTESIAN_POINT('',(38.640537,74.847117,4.245));
#3678 = VECTOR('',#3679,1.);
#3679 = DIRECTION('',(0.,0.,1.));
#3680 = ORIENTED_EDGE('',*,*,#376,.F.);
#3681 = PLANE('',#3682);
#3682 = AXIS2_PLACEMENT_3D('',#3683,#3684,#3685);
#3683 = CARTESIAN_POINT('',(38.700552,74.702228,4.245));
#3684 = DIRECTION('',(-0.923879507349,-0.382683493112,0.));
#3685 = DIRECTION('',(-0.382683493112,0.923879507349,0.));
#3686 = ADVANCED_FACE('',(#3687),#3698,.T.);
#3687 = FACE_BOUND('',#3688,.T.);
#3688 = EDGE_LOOP('',(#3689,#3695,#3696,#3697));
#3689 = ORIENTED_EDGE('',*,*,#3690,.T.);
#3690 = EDGE_CURVE('',#257,#1844,#3691,.T.);
#3691 = LINE('',#3692,#3693);
#3692 = CARTESIAN_POINT('',(37.138852,74.391586,4.245));
#3693 = VECTOR('',#3694,1.);
#3694 = DIRECTION('',(0.,0.,1.));
#3695 = ORIENTED_EDGE('',*,*,#1843,.T.);
#3696 = ORIENTED_EDGE('',*,*,#3656,.F.);
#3697 = ORIENTED_EDGE('',*,*,#256,.F.);
#3698 = PLANE('',#3699);
#3699 = AXIS2_PLACEMENT_3D('',#3700,#3701,#3702);
#3700 = CARTESIAN_POINT('',(37.138852,74.391586,4.245));
#3701 = DIRECTION('',(0.980784678749,0.195093346711,0.));
#3702 = DIRECTION('',(0.195093346711,-0.980784678749,0.));
#3703 = ADVANCED_FACE('',(#3704),#3715,.T.);
#3704 = FACE_BOUND('',#3705,.T.);
#3705 = EDGE_LOOP('',(#3706,#3707,#3708,#3714));
#3706 = ORIENTED_EDGE('',*,*,#3675,.T.);
#3707 = ORIENTED_EDGE('',*,*,#1955,.T.);
#3708 = ORIENTED_EDGE('',*,*,#3709,.F.);
#3709 = EDGE_CURVE('',#361,#1948,#3710,.T.);
#3710 = LINE('',#3711,#3712);
#3711 = CARTESIAN_POINT('',(38.553408,74.977515,4.245));
#3712 = VECTOR('',#3713,1.);
#3713 = DIRECTION('',(0.,0.,1.));
#3714 = ORIENTED_EDGE('',*,*,#368,.F.);
#3715 = PLANE('',#3716);
#3716 = AXIS2_PLACEMENT_3D('',#3717,#3718,#3719);
#3717 = CARTESIAN_POINT('',(38.640537,74.847117,4.245));
#3718 = DIRECTION('',(-0.831470077774,-0.555569536392,0.));
#3719 = DIRECTION('',(-0.555569536392,0.831470077774,0.));
#3720 = ADVANCED_FACE('',(#3721),#3732,.T.);
#3721 = FACE_BOUND('',#3722,.T.);
#3722 = EDGE_LOOP('',(#3723,#3729,#3730,#3731));
#3723 = ORIENTED_EDGE('',*,*,#3724,.T.);
#3724 = EDGE_CURVE('',#265,#1852,#3725,.T.);
#3725 = LINE('',#3726,#3727);
#3726 = CARTESIAN_POINT('',(37.138852,74.548414,4.245));
#3727 = VECTOR('',#3728,1.);
#3728 = DIRECTION('',(0.,0.,1.));
#3729 = ORIENTED_EDGE('',*,*,#1851,.T.);
#3730 = ORIENTED_EDGE('',*,*,#3690,.F.);
#3731 = ORIENTED_EDGE('',*,*,#264,.F.);
#3732 = PLANE('',#3733);
#3733 = AXIS2_PLACEMENT_3D('',#3734,#3735,#3736);
#3734 = CARTESIAN_POINT('',(37.138852,74.548414,4.245));
#3735 = DIRECTION('',(1.,0.,0.));
#3736 = DIRECTION('',(0.,-1.,0.));
#3737 = ADVANCED_FACE('',(#3738),#3749,.T.);
#3738 = FACE_BOUND('',#3739,.T.);
#3739 = EDGE_LOOP('',(#3740,#3741,#3742,#3748));
#3740 = ORIENTED_EDGE('',*,*,#3709,.T.);
#3741 = ORIENTED_EDGE('',*,*,#1947,.T.);
#3742 = ORIENTED_EDGE('',*,*,#3743,.F.);
#3743 = EDGE_CURVE('',#353,#1940,#3744,.T.);
#3744 = LINE('',#3745,#3746);
#3745 = CARTESIAN_POINT('',(38.442515,75.088408,4.245));
#3746 = VECTOR('',#3747,1.);
#3747 = DIRECTION('',(0.,0.,1.));
#3748 = ORIENTED_EDGE('',*,*,#360,.F.);
#3749 = PLANE('',#3750);
#3750 = AXIS2_PLACEMENT_3D('',#3751,#3752,#3753);
#3751 = CARTESIAN_POINT('',(38.553408,74.977515,4.245));
#3752 = DIRECTION('',(-0.707106781187,-0.707106781187,0.));
#3753 = DIRECTION('',(-0.707106781187,0.707106781187,0.));
#3754 = ADVANCED_FACE('',(#3755),#3766,.T.);
#3755 = FACE_BOUND('',#3756,.T.);
#3756 = EDGE_LOOP('',(#3757,#3763,#3764,#3765));
#3757 = ORIENTED_EDGE('',*,*,#3758,.T.);
#3758 = EDGE_CURVE('',#273,#1860,#3759,.T.);
#3759 = LINE('',#3760,#3761);
#3760 = CARTESIAN_POINT('',(37.169448,74.702228,4.245));
#3761 = VECTOR('',#3762,1.);
#3762 = DIRECTION('',(0.,0.,1.));
#3763 = ORIENTED_EDGE('',*,*,#1859,.T.);
#3764 = ORIENTED_EDGE('',*,*,#3724,.F.);
#3765 = ORIENTED_EDGE('',*,*,#272,.F.);
#3766 = PLANE('',#3767);
#3767 = AXIS2_PLACEMENT_3D('',#3768,#3769,#3770);
#3768 = CARTESIAN_POINT('',(37.169448,74.702228,4.245));
#3769 = DIRECTION('',(0.980784678749,-0.195093346711,0.));
#3770 = DIRECTION('',(-0.195093346711,-0.980784678749,0.));
#3771 = ADVANCED_FACE('',(#3772),#3783,.T.);
#3772 = FACE_BOUND('',#3773,.T.);
#3773 = EDGE_LOOP('',(#3774,#3775,#3776,#3782));
#3774 = ORIENTED_EDGE('',*,*,#3743,.T.);
#3775 = ORIENTED_EDGE('',*,*,#1939,.T.);
#3776 = ORIENTED_EDGE('',*,*,#3777,.F.);
#3777 = EDGE_CURVE('',#345,#1932,#3778,.T.);
#3778 = LINE('',#3779,#3780);
#3779 = CARTESIAN_POINT('',(38.312117,75.175537,4.245));
#3780 = VECTOR('',#3781,1.);
#3781 = DIRECTION('',(0.,0.,1.));
#3782 = ORIENTED_EDGE('',*,*,#352,.F.);
#3783 = PLANE('',#3784);
#3784 = AXIS2_PLACEMENT_3D('',#3785,#3786,#3787);
#3785 = CARTESIAN_POINT('',(38.442515,75.088408,4.245));
#3786 = DIRECTION('',(-0.555569536392,-0.831470077774,0.));
#3787 = DIRECTION('',(-0.831470077774,0.555569536392,0.));
#3788 = ADVANCED_FACE('',(#3789),#3800,.T.);
#3789 = FACE_BOUND('',#3790,.T.);
#3790 = EDGE_LOOP('',(#3791,#3797,#3798,#3799));
#3791 = ORIENTED_EDGE('',*,*,#3792,.T.);
#3792 = EDGE_CURVE('',#281,#1868,#3793,.T.);
#3793 = LINE('',#3794,#3795);
#3794 = CARTESIAN_POINT('',(37.229463,74.847117,4.245));
#3795 = VECTOR('',#3796,1.);
#3796 = DIRECTION('',(0.,0.,1.));
#3797 = ORIENTED_EDGE('',*,*,#1867,.T.);
#3798 = ORIENTED_EDGE('',*,*,#3758,.F.);
#3799 = ORIENTED_EDGE('',*,*,#280,.F.);
#3800 = PLANE('',#3801);
#3801 = AXIS2_PLACEMENT_3D('',#3802,#3803,#3804);
#3802 = CARTESIAN_POINT('',(37.229463,74.847117,4.245));
#3803 = DIRECTION('',(0.923879507349,-0.382683493112,0.));
#3804 = DIRECTION('',(-0.382683493112,-0.923879507349,0.));
#3805 = ADVANCED_FACE('',(#3806),#3817,.T.);
#3806 = FACE_BOUND('',#3807,.T.);
#3807 = EDGE_LOOP('',(#3808,#3809,#3810,#3816));
#3808 = ORIENTED_EDGE('',*,*,#3777,.T.);
#3809 = ORIENTED_EDGE('',*,*,#1931,.T.);
#3810 = ORIENTED_EDGE('',*,*,#3811,.F.);
#3811 = EDGE_CURVE('',#337,#1924,#3812,.T.);
#3812 = LINE('',#3813,#3814);
#3813 = CARTESIAN_POINT('',(38.167228,75.235552,4.245));
#3814 = VECTOR('',#3815,1.);
#3815 = DIRECTION('',(0.,0.,1.));
#3816 = ORIENTED_EDGE('',*,*,#344,.F.);
#3817 = PLANE('',#3818);
#3818 = AXIS2_PLACEMENT_3D('',#3819,#3820,#3821);
#3819 = CARTESIAN_POINT('',(38.312117,75.175537,4.245));
#3820 = DIRECTION('',(-0.382683493112,-0.923879507349,0.));
#3821 = DIRECTION('',(-0.923879507349,0.382683493112,0.));
#3822 = ADVANCED_FACE('',(#3823),#3834,.T.);
#3823 = FACE_BOUND('',#3824,.T.);
#3824 = EDGE_LOOP('',(#3825,#3831,#3832,#3833));
#3825 = ORIENTED_EDGE('',*,*,#3826,.T.);
#3826 = EDGE_CURVE('',#289,#1876,#3827,.T.);
#3827 = LINE('',#3828,#3829);
#3828 = CARTESIAN_POINT('',(37.316592,74.977515,4.245));
#3829 = VECTOR('',#3830,1.);
#3830 = DIRECTION('',(0.,0.,1.));
#3831 = ORIENTED_EDGE('',*,*,#1875,.T.);
#3832 = ORIENTED_EDGE('',*,*,#3792,.F.);
#3833 = ORIENTED_EDGE('',*,*,#288,.F.);
#3834 = PLANE('',#3835);
#3835 = AXIS2_PLACEMENT_3D('',#3836,#3837,#3838);
#3836 = CARTESIAN_POINT('',(37.316592,74.977515,4.245));
#3837 = DIRECTION('',(0.831470077774,-0.555569536392,0.));
#3838 = DIRECTION('',(-0.555569536392,-0.831470077774,0.));
#3839 = ADVANCED_FACE('',(#3840),#3851,.T.);
#3840 = FACE_BOUND('',#3841,.T.);
#3841 = EDGE_LOOP('',(#3842,#3843,#3844,#3850));
#3842 = ORIENTED_EDGE('',*,*,#3811,.T.);
#3843 = ORIENTED_EDGE('',*,*,#1923,.T.);
#3844 = ORIENTED_EDGE('',*,*,#3845,.F.);
#3845 = EDGE_CURVE('',#329,#1916,#3846,.T.);
#3846 = LINE('',#3847,#3848);
#3847 = CARTESIAN_POINT('',(38.013414,75.266148,4.245));
#3848 = VECTOR('',#3849,1.);
#3849 = DIRECTION('',(0.,0.,1.));
#3850 = ORIENTED_EDGE('',*,*,#336,.F.);
#3851 = PLANE('',#3852);
#3852 = AXIS2_PLACEMENT_3D('',#3853,#3854,#3855);
#3853 = CARTESIAN_POINT('',(38.167228,75.235552,4.245));
#3854 = DIRECTION('',(-0.195093346711,-0.980784678749,0.));
#3855 = DIRECTION('',(-0.980784678749,0.195093346711,0.));
#3856 = ADVANCED_FACE('',(#3857),#3868,.T.);
#3857 = FACE_BOUND('',#3858,.T.);
#3858 = EDGE_LOOP('',(#3859,#3865,#3866,#3867));
#3859 = ORIENTED_EDGE('',*,*,#3860,.T.);
#3860 = EDGE_CURVE('',#297,#1884,#3861,.T.);
#3861 = LINE('',#3862,#3863);
#3862 = CARTESIAN_POINT('',(37.427485,75.088408,4.245));
#3863 = VECTOR('',#3864,1.);
#3864 = DIRECTION('',(0.,0.,1.));
#3865 = ORIENTED_EDGE('',*,*,#1883,.T.);
#3866 = ORIENTED_EDGE('',*,*,#3826,.F.);
#3867 = ORIENTED_EDGE('',*,*,#296,.F.);
#3868 = PLANE('',#3869);
#3869 = AXIS2_PLACEMENT_3D('',#3870,#3871,#3872);
#3870 = CARTESIAN_POINT('',(37.427485,75.088408,4.245));
#3871 = DIRECTION('',(0.707106781187,-0.707106781187,0.));
#3872 = DIRECTION('',(-0.707106781187,-0.707106781187,0.));
#3873 = ADVANCED_FACE('',(#3874),#3885,.T.);
#3874 = FACE_BOUND('',#3875,.T.);
#3875 = EDGE_LOOP('',(#3876,#3877,#3878,#3884));
#3876 = ORIENTED_EDGE('',*,*,#3845,.T.);
#3877 = ORIENTED_EDGE('',*,*,#1915,.T.);
#3878 = ORIENTED_EDGE('',*,*,#3879,.F.);
#3879 = EDGE_CURVE('',#321,#1908,#3880,.T.);
#3880 = LINE('',#3881,#3882);
#3881 = CARTESIAN_POINT('',(37.856586,75.266148,4.245));
#3882 = VECTOR('',#3883,1.);
#3883 = DIRECTION('',(0.,0.,1.));
#3884 = ORIENTED_EDGE('',*,*,#328,.F.);
#3885 = PLANE('',#3886);
#3886 = AXIS2_PLACEMENT_3D('',#3887,#3888,#3889);
#3887 = CARTESIAN_POINT('',(38.013414,75.266148,4.245));
#3888 = DIRECTION('',(0.,-1.,0.));
#3889 = DIRECTION('',(-1.,0.,0.));
#3890 = ADVANCED_FACE('',(#3891),#3902,.T.);
#3891 = FACE_BOUND('',#3892,.T.);
#3892 = EDGE_LOOP('',(#3893,#3899,#3900,#3901));
#3893 = ORIENTED_EDGE('',*,*,#3894,.T.);
#3894 = EDGE_CURVE('',#305,#1892,#3895,.T.);
#3895 = LINE('',#3896,#3897);
#3896 = CARTESIAN_POINT('',(37.557883,75.175537,4.245));
#3897 = VECTOR('',#3898,1.);
#3898 = DIRECTION('',(0.,0.,1.));
#3899 = ORIENTED_EDGE('',*,*,#1891,.T.);
#3900 = ORIENTED_EDGE('',*,*,#3860,.F.);
#3901 = ORIENTED_EDGE('',*,*,#304,.F.);
#3902 = PLANE('',#3903);
#3903 = AXIS2_PLACEMENT_3D('',#3904,#3905,#3906);
#3904 = CARTESIAN_POINT('',(37.557883,75.175537,4.245));
#3905 = DIRECTION('',(0.555569536392,-0.831470077774,0.));
#3906 = DIRECTION('',(-0.831470077774,-0.555569536392,0.));
#3907 = ADVANCED_FACE('',(#3908),#3919,.T.);
#3908 = FACE_BOUND('',#3909,.T.);
#3909 = EDGE_LOOP('',(#3910,#3911,#3912,#3918));
#3910 = ORIENTED_EDGE('',*,*,#3879,.T.);
#3911 = ORIENTED_EDGE('',*,*,#1907,.T.);
#3912 = ORIENTED_EDGE('',*,*,#3913,.F.);
#3913 = EDGE_CURVE('',#313,#1900,#3914,.T.);
#3914 = LINE('',#3915,#3916);
#3915 = CARTESIAN_POINT('',(37.702772,75.235552,4.245));
#3916 = VECTOR('',#3917,1.);
#3917 = DIRECTION('',(0.,0.,1.));
#3918 = ORIENTED_EDGE('',*,*,#320,.F.);
#3919 = PLANE('',#3920);
#3920 = AXIS2_PLACEMENT_3D('',#3921,#3922,#3923);
#3921 = CARTESIAN_POINT('',(37.856586,75.266148,4.245));
#3922 = DIRECTION('',(0.195093346711,-0.980784678749,0.));
#3923 = DIRECTION('',(-0.980784678749,-0.195093346711,0.));
#3924 = ADVANCED_FACE('',(#3925),#3931,.T.);
#3925 = FACE_BOUND('',#3926,.T.);
#3926 = EDGE_LOOP('',(#3927,#3928,#3929,#3930));
#3927 = ORIENTED_EDGE('',*,*,#3913,.T.);
#3928 = ORIENTED_EDGE('',*,*,#1899,.T.);
#3929 = ORIENTED_EDGE('',*,*,#3894,.F.);
#3930 = ORIENTED_EDGE('',*,*,#312,.F.);
#3931 = PLANE('',#3932);
#3932 = AXIS2_PLACEMENT_3D('',#3933,#3934,#3935);
#3933 = CARTESIAN_POINT('',(37.702772,75.235552,4.245));
#3934 = DIRECTION('',(0.382683493112,-0.923879507349,0.));
#3935 = DIRECTION('',(-0.923879507349,-0.382683493112,0.));
#3936 = ADVANCED_FACE('',(#3937),#3953,.T.);
#3937 = FACE_BOUND('',#3938,.T.);
#3938 = EDGE_LOOP('',(#3939,#3945,#3946,#3952));
#3939 = ORIENTED_EDGE('',*,*,#3940,.T.);
#3940 = EDGE_CURVE('',#441,#2028,#3941,.T.);
#3941 = LINE('',#3942,#3943);
#3942 = CARTESIAN_POINT('',(38.167228,66.704448,4.245));
#3943 = VECTOR('',#3944,1.);
#3944 = DIRECTION('',(0.,0.,1.));
#3945 = ORIENTED_EDGE('',*,*,#2027,.T.);
#3946 = ORIENTED_EDGE('',*,*,#3947,.F.);
#3947 = EDGE_CURVE('',#443,#2030,#3948,.T.);
#3948 = LINE('',#3949,#3950);
#3949 = CARTESIAN_POINT('',(38.312117,66.764463,4.245));
#3950 = VECTOR('',#3951,1.);
#3951 = DIRECTION('',(0.,0.,1.));
#3952 = ORIENTED_EDGE('',*,*,#440,.F.);
#3953 = PLANE('',#3954);
#3954 = AXIS2_PLACEMENT_3D('',#3955,#3956,#3957);
#3955 = CARTESIAN_POINT('',(38.167228,66.704448,4.245));
#3956 = DIRECTION('',(-0.382683493112,0.923879507349,0.));
#3957 = DIRECTION('',(0.923879507349,0.382683493112,0.));
#3958 = ADVANCED_FACE('',(#3959),#3970,.T.);
#3959 = FACE_BOUND('',#3960,.T.);
#3960 = EDGE_LOOP('',(#3961,#3967,#3968,#3969));
#3961 = ORIENTED_EDGE('',*,*,#3962,.T.);
#3962 = EDGE_CURVE('',#451,#2038,#3963,.T.);
#3963 = LINE('',#3964,#3965);
#3964 = CARTESIAN_POINT('',(38.013414,66.673852,4.245));
#3965 = VECTOR('',#3966,1.);
#3966 = DIRECTION('',(0.,0.,1.));
#3967 = ORIENTED_EDGE('',*,*,#2037,.T.);
#3968 = ORIENTED_EDGE('',*,*,#3940,.F.);
#3969 = ORIENTED_EDGE('',*,*,#450,.F.);
#3970 = PLANE('',#3971);
#3971 = AXIS2_PLACEMENT_3D('',#3972,#3973,#3974);
#3972 = CARTESIAN_POINT('',(38.013414,66.673852,4.245));
#3973 = DIRECTION('',(-0.195093346711,0.980784678749,0.));
#3974 = DIRECTION('',(0.980784678749,0.195093346711,0.));
#3975 = ADVANCED_FACE('',(#3976),#3987,.T.);
#3976 = FACE_BOUND('',#3977,.T.);
#3977 = EDGE_LOOP('',(#3978,#3979,#3980,#3986));
#3978 = ORIENTED_EDGE('',*,*,#3947,.T.);
#3979 = ORIENTED_EDGE('',*,*,#2277,.T.);
#3980 = ORIENTED_EDGE('',*,*,#3981,.F.);
#3981 = EDGE_CURVE('',#683,#2270,#3982,.T.);
#3982 = LINE('',#3983,#3984);
#3983 = CARTESIAN_POINT('',(38.442515,66.851592,4.245));
#3984 = VECTOR('',#3985,1.);
#3985 = DIRECTION('',(0.,0.,1.));
#3986 = ORIENTED_EDGE('',*,*,#690,.F.);
#3987 = PLANE('',#3988);
#3988 = AXIS2_PLACEMENT_3D('',#3989,#3990,#3991);
#3989 = CARTESIAN_POINT('',(38.312117,66.764463,4.245));
#3990 = DIRECTION('',(-0.555569536391,0.831470077774,0.));
#3991 = DIRECTION('',(0.831470077774,0.555569536391,0.));
#3992 = ADVANCED_FACE('',(#3993),#4004,.T.);
#3993 = FACE_BOUND('',#3994,.T.);
#3994 = EDGE_LOOP('',(#3995,#4001,#4002,#4003));
#3995 = ORIENTED_EDGE('',*,*,#3996,.T.);
#3996 = EDGE_CURVE('',#459,#2046,#3997,.T.);
#3997 = LINE('',#3998,#3999);
#3998 = CARTESIAN_POINT('',(37.856586,66.673852,4.245));
#3999 = VECTOR('',#4000,1.);
#4000 = DIRECTION('',(0.,0.,1.));
#4001 = ORIENTED_EDGE('',*,*,#2045,.T.);
#4002 = ORIENTED_EDGE('',*,*,#3962,.F.);
#4003 = ORIENTED_EDGE('',*,*,#458,.F.);
#4004 = PLANE('',#4005);
#4005 = AXIS2_PLACEMENT_3D('',#4006,#4007,#4008);
#4006 = CARTESIAN_POINT('',(37.856586,66.673852,4.245));
#4007 = DIRECTION('',(0.,1.,0.));
#4008 = DIRECTION('',(1.,0.,0.));
#4009 = ADVANCED_FACE('',(#4010),#4021,.T.);
#4010 = FACE_BOUND('',#4011,.T.);
#4011 = EDGE_LOOP('',(#4012,#4013,#4014,#4020));
#4012 = ORIENTED_EDGE('',*,*,#3981,.T.);
#4013 = ORIENTED_EDGE('',*,*,#2269,.T.);
#4014 = ORIENTED_EDGE('',*,*,#4015,.F.);
#4015 = EDGE_CURVE('',#675,#2262,#4016,.T.);
#4016 = LINE('',#4017,#4018);
#4017 = CARTESIAN_POINT('',(38.553408,66.962485,4.245));
#4018 = VECTOR('',#4019,1.);
#4019 = DIRECTION('',(0.,0.,1.));
#4020 = ORIENTED_EDGE('',*,*,#682,.F.);
#4021 = PLANE('',#4022);
#4022 = AXIS2_PLACEMENT_3D('',#4023,#4024,#4025);
#4023 = CARTESIAN_POINT('',(38.442515,66.851592,4.245));
#4024 = DIRECTION('',(-0.707106781187,0.707106781187,0.));
#4025 = DIRECTION('',(0.707106781187,0.707106781187,0.));
#4026 = ADVANCED_FACE('',(#4027),#4038,.T.);
#4027 = FACE_BOUND('',#4028,.T.);
#4028 = EDGE_LOOP('',(#4029,#4035,#4036,#4037));
#4029 = ORIENTED_EDGE('',*,*,#4030,.T.);
#4030 = EDGE_CURVE('',#467,#2054,#4031,.T.);
#4031 = LINE('',#4032,#4033);
#4032 = CARTESIAN_POINT('',(37.702772,66.704448,4.245));
#4033 = VECTOR('',#4034,1.);
#4034 = DIRECTION('',(0.,0.,1.));
#4035 = ORIENTED_EDGE('',*,*,#2053,.T.);
#4036 = ORIENTED_EDGE('',*,*,#3996,.F.);
#4037 = ORIENTED_EDGE('',*,*,#466,.F.);
#4038 = PLANE('',#4039);
#4039 = AXIS2_PLACEMENT_3D('',#4040,#4041,#4042);
#4040 = CARTESIAN_POINT('',(37.702772,66.704448,4.245));
#4041 = DIRECTION('',(0.195093346711,0.980784678749,0.));
#4042 = DIRECTION('',(0.980784678749,-0.195093346711,0.));
#4043 = ADVANCED_FACE('',(#4044),#4055,.T.);
#4044 = FACE_BOUND('',#4045,.T.);
#4045 = EDGE_LOOP('',(#4046,#4047,#4048,#4054));
#4046 = ORIENTED_EDGE('',*,*,#4015,.T.);
#4047 = ORIENTED_EDGE('',*,*,#2261,.T.);
#4048 = ORIENTED_EDGE('',*,*,#4049,.F.);
#4049 = EDGE_CURVE('',#667,#2254,#4050,.T.);
#4050 = LINE('',#4051,#4052);
#4051 = CARTESIAN_POINT('',(38.640537,67.092883,4.245));
#4052 = VECTOR('',#4053,1.);
#4053 = DIRECTION('',(0.,0.,1.));
#4054 = ORIENTED_EDGE('',*,*,#674,.F.);
#4055 = PLANE('',#4056);
#4056 = AXIS2_PLACEMENT_3D('',#4057,#4058,#4059);
#4057 = CARTESIAN_POINT('',(38.553408,66.962485,4.245));
#4058 = DIRECTION('',(-0.831470077774,0.555569536392,0.));
#4059 = DIRECTION('',(0.555569536392,0.831470077774,0.));
#4060 = ADVANCED_FACE('',(#4061),#4072,.T.);
#4061 = FACE_BOUND('',#4062,.T.);
#4062 = EDGE_LOOP('',(#4063,#4069,#4070,#4071));
#4063 = ORIENTED_EDGE('',*,*,#4064,.T.);
#4064 = EDGE_CURVE('',#475,#2062,#4065,.T.);
#4065 = LINE('',#4066,#4067);
#4066 = CARTESIAN_POINT('',(37.557883,66.764463,4.245));
#4067 = VECTOR('',#4068,1.);
#4068 = DIRECTION('',(0.,0.,1.));
#4069 = ORIENTED_EDGE('',*,*,#2061,.T.);
#4070 = ORIENTED_EDGE('',*,*,#4030,.F.);
#4071 = ORIENTED_EDGE('',*,*,#474,.F.);
#4072 = PLANE('',#4073);
#4073 = AXIS2_PLACEMENT_3D('',#4074,#4075,#4076);
#4074 = CARTESIAN_POINT('',(37.557883,66.764463,4.245));
#4075 = DIRECTION('',(0.382683493112,0.923879507349,0.));
#4076 = DIRECTION('',(0.923879507349,-0.382683493112,0.));
#4077 = ADVANCED_FACE('',(#4078),#4089,.T.);
#4078 = FACE_BOUND('',#4079,.T.);
#4079 = EDGE_LOOP('',(#4080,#4081,#4082,#4088));
#4080 = ORIENTED_EDGE('',*,*,#4049,.T.);
#4081 = ORIENTED_EDGE('',*,*,#2253,.T.);
#4082 = ORIENTED_EDGE('',*,*,#4083,.F.);
#4083 = EDGE_CURVE('',#659,#2246,#4084,.T.);
#4084 = LINE('',#4085,#4086);
#4085 = CARTESIAN_POINT('',(38.700552,67.237772,4.245));
#4086 = VECTOR('',#4087,1.);
#4087 = DIRECTION('',(0.,0.,1.));
#4088 = ORIENTED_EDGE('',*,*,#666,.F.);
#4089 = PLANE('',#4090);
#4090 = AXIS2_PLACEMENT_3D('',#4091,#4092,#4093);
#4091 = CARTESIAN_POINT('',(38.640537,67.092883,4.245));
#4092 = DIRECTION('',(-0.923879507349,0.382683493112,0.));
#4093 = DIRECTION('',(0.382683493112,0.923879507349,0.));
#4094 = ADVANCED_FACE('',(#4095),#4106,.T.);
#4095 = FACE_BOUND('',#4096,.T.);
#4096 = EDGE_LOOP('',(#4097,#4103,#4104,#4105));
#4097 = ORIENTED_EDGE('',*,*,#4098,.T.);
#4098 = EDGE_CURVE('',#483,#2070,#4099,.T.);
#4099 = LINE('',#4100,#4101);
#4100 = CARTESIAN_POINT('',(37.427485,66.851592,4.245));
#4101 = VECTOR('',#4102,1.);
#4102 = DIRECTION('',(0.,0.,1.));
#4103 = ORIENTED_EDGE('',*,*,#2069,.T.);
#4104 = ORIENTED_EDGE('',*,*,#4064,.F.);
#4105 = ORIENTED_EDGE('',*,*,#482,.F.);
#4106 = PLANE('',#4107);
#4107 = AXIS2_PLACEMENT_3D('',#4108,#4109,#4110);
#4108 = CARTESIAN_POINT('',(37.427485,66.851592,4.245));
#4109 = DIRECTION('',(0.555569536391,0.831470077774,0.));
#4110 = DIRECTION('',(0.831470077774,-0.555569536391,0.));
#4111 = ADVANCED_FACE('',(#4112),#4123,.T.);
#4112 = FACE_BOUND('',#4113,.T.);
#4113 = EDGE_LOOP('',(#4114,#4115,#4116,#4122));
#4114 = ORIENTED_EDGE('',*,*,#4083,.T.);
#4115 = ORIENTED_EDGE('',*,*,#2245,.T.);
#4116 = ORIENTED_EDGE('',*,*,#4117,.F.);
#4117 = EDGE_CURVE('',#651,#2238,#4118,.T.);
#4118 = LINE('',#4119,#4120);
#4119 = CARTESIAN_POINT('',(38.731148,67.391586,4.245));
#4120 = VECTOR('',#4121,1.);
#4121 = DIRECTION('',(0.,0.,1.));
#4122 = ORIENTED_EDGE('',*,*,#658,.F.);
#4123 = PLANE('',#4124);
#4124 = AXIS2_PLACEMENT_3D('',#4125,#4126,#4127);
#4125 = CARTESIAN_POINT('',(38.700552,67.237772,4.245));
#4126 = DIRECTION('',(-0.980784678749,0.195093346711,0.));
#4127 = DIRECTION('',(0.195093346711,0.980784678749,0.));
#4128 = ADVANCED_FACE('',(#4129),#4140,.T.);
#4129 = FACE_BOUND('',#4130,.T.);
#4130 = EDGE_LOOP('',(#4131,#4137,#4138,#4139));
#4131 = ORIENTED_EDGE('',*,*,#4132,.T.);
#4132 = EDGE_CURVE('',#491,#2078,#4133,.T.);
#4133 = LINE('',#4134,#4135);
#4134 = CARTESIAN_POINT('',(37.316592,66.962485,4.245));
#4135 = VECTOR('',#4136,1.);
#4136 = DIRECTION('',(0.,0.,1.));
#4137 = ORIENTED_EDGE('',*,*,#2077,.T.);
#4138 = ORIENTED_EDGE('',*,*,#4098,.F.);
#4139 = ORIENTED_EDGE('',*,*,#490,.F.);
#4140 = PLANE('',#4141);
#4141 = AXIS2_PLACEMENT_3D('',#4142,#4143,#4144);
#4142 = CARTESIAN_POINT('',(37.316592,66.962485,4.245));
#4143 = DIRECTION('',(0.707106781187,0.707106781187,0.));
#4144 = DIRECTION('',(0.707106781187,-0.707106781187,0.));
#4145 = ADVANCED_FACE('',(#4146),#4157,.T.);
#4146 = FACE_BOUND('',#4147,.T.);
#4147 = EDGE_LOOP('',(#4148,#4149,#4150,#4156));
#4148 = ORIENTED_EDGE('',*,*,#4117,.T.);
#4149 = ORIENTED_EDGE('',*,*,#2237,.T.);
#4150 = ORIENTED_EDGE('',*,*,#4151,.F.);
#4151 = EDGE_CURVE('',#643,#2230,#4152,.T.);
#4152 = LINE('',#4153,#4154);
#4153 = CARTESIAN_POINT('',(38.731148,67.548414,4.245));
#4154 = VECTOR('',#4155,1.);
#4155 = DIRECTION('',(0.,0.,1.));
#4156 = ORIENTED_EDGE('',*,*,#650,.F.);
#4157 = PLANE('',#4158);
#4158 = AXIS2_PLACEMENT_3D('',#4159,#4160,#4161);
#4159 = CARTESIAN_POINT('',(38.731148,67.391586,4.245));
#4160 = DIRECTION('',(-1.,0.,0.));
#4161 = DIRECTION('',(0.,1.,0.));
#4162 = ADVANCED_FACE('',(#4163),#4174,.T.);
#4163 = FACE_BOUND('',#4164,.T.);
#4164 = EDGE_LOOP('',(#4165,#4171,#4172,#4173));
#4165 = ORIENTED_EDGE('',*,*,#4166,.T.);
#4166 = EDGE_CURVE('',#499,#2086,#4167,.T.);
#4167 = LINE('',#4168,#4169);
#4168 = CARTESIAN_POINT('',(37.229463,67.092883,4.245));
#4169 = VECTOR('',#4170,1.);
#4170 = DIRECTION('',(0.,0.,1.));
#4171 = ORIENTED_EDGE('',*,*,#2085,.T.);
#4172 = ORIENTED_EDGE('',*,*,#4132,.F.);
#4173 = ORIENTED_EDGE('',*,*,#498,.F.);
#4174 = PLANE('',#4175);
#4175 = AXIS2_PLACEMENT_3D('',#4176,#4177,#4178);
#4176 = CARTESIAN_POINT('',(37.229463,67.092883,4.245));
#4177 = DIRECTION('',(0.831470077774,0.555569536392,0.));
#4178 = DIRECTION('',(0.555569536392,-0.831470077774,0.));
#4179 = ADVANCED_FACE('',(#4180),#4191,.T.);
#4180 = FACE_BOUND('',#4181,.T.);
#4181 = EDGE_LOOP('',(#4182,#4183,#4184,#4190));
#4182 = ORIENTED_EDGE('',*,*,#4151,.T.);
#4183 = ORIENTED_EDGE('',*,*,#2229,.T.);
#4184 = ORIENTED_EDGE('',*,*,#4185,.F.);
#4185 = EDGE_CURVE('',#635,#2222,#4186,.T.);
#4186 = LINE('',#4187,#4188);
#4187 = CARTESIAN_POINT('',(38.700552,67.702228,4.245));
#4188 = VECTOR('',#4189,1.);
#4189 = DIRECTION('',(0.,0.,1.));
#4190 = ORIENTED_EDGE('',*,*,#642,.F.);
#4191 = PLANE('',#4192);
#4192 = AXIS2_PLACEMENT_3D('',#4193,#4194,#4195);
#4193 = CARTESIAN_POINT('',(38.731148,67.548414,4.245));
#4194 = DIRECTION('',(-0.980784678749,-0.195093346711,0.));
#4195 = DIRECTION('',(-0.195093346711,0.980784678749,0.));
#4196 = ADVANCED_FACE('',(#4197),#4208,.T.);
#4197 = FACE_BOUND('',#4198,.T.);
#4198 = EDGE_LOOP('',(#4199,#4205,#4206,#4207));
#4199 = ORIENTED_EDGE('',*,*,#4200,.T.);
#4200 = EDGE_CURVE('',#507,#2094,#4201,.T.);
#4201 = LINE('',#4202,#4203);
#4202 = CARTESIAN_POINT('',(37.169448,67.237772,4.245));
#4203 = VECTOR('',#4204,1.);
#4204 = DIRECTION('',(0.,0.,1.));
#4205 = ORIENTED_EDGE('',*,*,#2093,.T.);
#4206 = ORIENTED_EDGE('',*,*,#4166,.F.);
#4207 = ORIENTED_EDGE('',*,*,#506,.F.);
#4208 = PLANE('',#4209);
#4209 = AXIS2_PLACEMENT_3D('',#4210,#4211,#4212);
#4210 = CARTESIAN_POINT('',(37.169448,67.237772,4.245));
#4211 = DIRECTION('',(0.923879507349,0.382683493112,0.));
#4212 = DIRECTION('',(0.382683493112,-0.923879507349,0.));
#4213 = ADVANCED_FACE('',(#4214),#4225,.T.);
#4214 = FACE_BOUND('',#4215,.T.);
#4215 = EDGE_LOOP('',(#4216,#4217,#4218,#4224));
#4216 = ORIENTED_EDGE('',*,*,#4185,.T.);
#4217 = ORIENTED_EDGE('',*,*,#2221,.T.);
#4218 = ORIENTED_EDGE('',*,*,#4219,.F.);
#4219 = EDGE_CURVE('',#627,#2214,#4220,.T.);
#4220 = LINE('',#4221,#4222);
#4221 = CARTESIAN_POINT('',(38.640537,67.847117,4.245));
#4222 = VECTOR('',#4223,1.);
#4223 = DIRECTION('',(0.,0.,1.));
#4224 = ORIENTED_EDGE('',*,*,#634,.F.);
#4225 = PLANE('',#4226);
#4226 = AXIS2_PLACEMENT_3D('',#4227,#4228,#4229);
#4227 = CARTESIAN_POINT('',(38.700552,67.702228,4.245));
#4228 = DIRECTION('',(-0.923879507349,-0.382683493112,0.));
#4229 = DIRECTION('',(-0.382683493112,0.923879507349,0.));
#4230 = ADVANCED_FACE('',(#4231),#4242,.T.);
#4231 = FACE_BOUND('',#4232,.T.);
#4232 = EDGE_LOOP('',(#4233,#4239,#4240,#4241));
#4233 = ORIENTED_EDGE('',*,*,#4234,.T.);
#4234 = EDGE_CURVE('',#515,#2102,#4235,.T.);
#4235 = LINE('',#4236,#4237);
#4236 = CARTESIAN_POINT('',(37.138852,67.391586,4.245));
#4237 = VECTOR('',#4238,1.);
#4238 = DIRECTION('',(0.,0.,1.));
#4239 = ORIENTED_EDGE('',*,*,#2101,.T.);
#4240 = ORIENTED_EDGE('',*,*,#4200,.F.);
#4241 = ORIENTED_EDGE('',*,*,#514,.F.);
#4242 = PLANE('',#4243);
#4243 = AXIS2_PLACEMENT_3D('',#4244,#4245,#4246);
#4244 = CARTESIAN_POINT('',(37.138852,67.391586,4.245));
#4245 = DIRECTION('',(0.980784678749,0.195093346711,0.));
#4246 = DIRECTION('',(0.195093346711,-0.980784678749,0.));
#4247 = ADVANCED_FACE('',(#4248),#4259,.T.);
#4248 = FACE_BOUND('',#4249,.T.);
#4249 = EDGE_LOOP('',(#4250,#4251,#4252,#4258));
#4250 = ORIENTED_EDGE('',*,*,#4219,.T.);
#4251 = ORIENTED_EDGE('',*,*,#2213,.T.);
#4252 = ORIENTED_EDGE('',*,*,#4253,.F.);
#4253 = EDGE_CURVE('',#619,#2206,#4254,.T.);
#4254 = LINE('',#4255,#4256);
#4255 = CARTESIAN_POINT('',(38.553408,67.977515,4.245));
#4256 = VECTOR('',#4257,1.);
#4257 = DIRECTION('',(0.,0.,1.));
#4258 = ORIENTED_EDGE('',*,*,#626,.F.);
#4259 = PLANE('',#4260);
#4260 = AXIS2_PLACEMENT_3D('',#4261,#4262,#4263);
#4261 = CARTESIAN_POINT('',(38.640537,67.847117,4.245));
#4262 = DIRECTION('',(-0.831470077774,-0.555569536392,0.));
#4263 = DIRECTION('',(-0.555569536392,0.831470077774,0.));
#4264 = ADVANCED_FACE('',(#4265),#4276,.T.);
#4265 = FACE_BOUND('',#4266,.T.);
#4266 = EDGE_LOOP('',(#4267,#4273,#4274,#4275));
#4267 = ORIENTED_EDGE('',*,*,#4268,.T.);
#4268 = EDGE_CURVE('',#523,#2110,#4269,.T.);
#4269 = LINE('',#4270,#4271);
#4270 = CARTESIAN_POINT('',(37.138852,67.548414,4.245));
#4271 = VECTOR('',#4272,1.);
#4272 = DIRECTION('',(0.,0.,1.));
#4273 = ORIENTED_EDGE('',*,*,#2109,.T.);
#4274 = ORIENTED_EDGE('',*,*,#4234,.F.);
#4275 = ORIENTED_EDGE('',*,*,#522,.F.);
#4276 = PLANE('',#4277);
#4277 = AXIS2_PLACEMENT_3D('',#4278,#4279,#4280);
#4278 = CARTESIAN_POINT('',(37.138852,67.548414,4.245));
#4279 = DIRECTION('',(1.,0.,0.));
#4280 = DIRECTION('',(0.,-1.,0.));
#4281 = ADVANCED_FACE('',(#4282),#4293,.T.);
#4282 = FACE_BOUND('',#4283,.T.);
#4283 = EDGE_LOOP('',(#4284,#4285,#4286,#4292));
#4284 = ORIENTED_EDGE('',*,*,#4253,.T.);
#4285 = ORIENTED_EDGE('',*,*,#2205,.T.);
#4286 = ORIENTED_EDGE('',*,*,#4287,.F.);
#4287 = EDGE_CURVE('',#611,#2198,#4288,.T.);
#4288 = LINE('',#4289,#4290);
#4289 = CARTESIAN_POINT('',(38.442515,68.088408,4.245));
#4290 = VECTOR('',#4291,1.);
#4291 = DIRECTION('',(0.,0.,1.));
#4292 = ORIENTED_EDGE('',*,*,#618,.F.);
#4293 = PLANE('',#4294);
#4294 = AXIS2_PLACEMENT_3D('',#4295,#4296,#4297);
#4295 = CARTESIAN_POINT('',(38.553408,67.977515,4.245));
#4296 = DIRECTION('',(-0.707106781187,-0.707106781187,0.));
#4297 = DIRECTION('',(-0.707106781187,0.707106781187,0.));
#4298 = ADVANCED_FACE('',(#4299),#4310,.T.);
#4299 = FACE_BOUND('',#4300,.T.);
#4300 = EDGE_LOOP('',(#4301,#4307,#4308,#4309));
#4301 = ORIENTED_EDGE('',*,*,#4302,.T.);
#4302 = EDGE_CURVE('',#531,#2118,#4303,.T.);
#4303 = LINE('',#4304,#4305);
#4304 = CARTESIAN_POINT('',(37.169448,67.702228,4.245));
#4305 = VECTOR('',#4306,1.);
#4306 = DIRECTION('',(0.,0.,1.));
#4307 = ORIENTED_EDGE('',*,*,#2117,.T.);
#4308 = ORIENTED_EDGE('',*,*,#4268,.F.);
#4309 = ORIENTED_EDGE('',*,*,#530,.F.);
#4310 = PLANE('',#4311);
#4311 = AXIS2_PLACEMENT_3D('',#4312,#4313,#4314);
#4312 = CARTESIAN_POINT('',(37.169448,67.702228,4.245));
#4313 = DIRECTION('',(0.980784678749,-0.195093346711,0.));
#4314 = DIRECTION('',(-0.195093346711,-0.980784678749,0.));
#4315 = ADVANCED_FACE('',(#4316),#4327,.T.);
#4316 = FACE_BOUND('',#4317,.T.);
#4317 = EDGE_LOOP('',(#4318,#4319,#4320,#4326));
#4318 = ORIENTED_EDGE('',*,*,#4287,.T.);
#4319 = ORIENTED_EDGE('',*,*,#2197,.T.);
#4320 = ORIENTED_EDGE('',*,*,#4321,.F.);
#4321 = EDGE_CURVE('',#603,#2190,#4322,.T.);
#4322 = LINE('',#4323,#4324);
#4323 = CARTESIAN_POINT('',(38.312117,68.175537,4.245));
#4324 = VECTOR('',#4325,1.);
#4325 = DIRECTION('',(0.,0.,1.));
#4326 = ORIENTED_EDGE('',*,*,#610,.F.);
#4327 = PLANE('',#4328);
#4328 = AXIS2_PLACEMENT_3D('',#4329,#4330,#4331);
#4329 = CARTESIAN_POINT('',(38.442515,68.088408,4.245));
#4330 = DIRECTION('',(-0.555569536392,-0.831470077774,0.));
#4331 = DIRECTION('',(-0.831470077774,0.555569536392,0.));
#4332 = ADVANCED_FACE('',(#4333),#4344,.T.);
#4333 = FACE_BOUND('',#4334,.T.);
#4334 = EDGE_LOOP('',(#4335,#4341,#4342,#4343));
#4335 = ORIENTED_EDGE('',*,*,#4336,.T.);
#4336 = EDGE_CURVE('',#539,#2126,#4337,.T.);
#4337 = LINE('',#4338,#4339);
#4338 = CARTESIAN_POINT('',(37.229463,67.847117,4.245));
#4339 = VECTOR('',#4340,1.);
#4340 = DIRECTION('',(0.,0.,1.));
#4341 = ORIENTED_EDGE('',*,*,#2125,.T.);
#4342 = ORIENTED_EDGE('',*,*,#4302,.F.);
#4343 = ORIENTED_EDGE('',*,*,#538,.F.);
#4344 = PLANE('',#4345);
#4345 = AXIS2_PLACEMENT_3D('',#4346,#4347,#4348);
#4346 = CARTESIAN_POINT('',(37.229463,67.847117,4.245));
#4347 = DIRECTION('',(0.923879507349,-0.382683493112,0.));
#4348 = DIRECTION('',(-0.382683493112,-0.923879507349,0.));
#4349 = ADVANCED_FACE('',(#4350),#4361,.T.);
#4350 = FACE_BOUND('',#4351,.T.);
#4351 = EDGE_LOOP('',(#4352,#4353,#4354,#4360));
#4352 = ORIENTED_EDGE('',*,*,#4321,.T.);
#4353 = ORIENTED_EDGE('',*,*,#2189,.T.);
#4354 = ORIENTED_EDGE('',*,*,#4355,.F.);
#4355 = EDGE_CURVE('',#595,#2182,#4356,.T.);
#4356 = LINE('',#4357,#4358);
#4357 = CARTESIAN_POINT('',(38.167228,68.235552,4.245));
#4358 = VECTOR('',#4359,1.);
#4359 = DIRECTION('',(0.,0.,1.));
#4360 = ORIENTED_EDGE('',*,*,#602,.F.);
#4361 = PLANE('',#4362);
#4362 = AXIS2_PLACEMENT_3D('',#4363,#4364,#4365);
#4363 = CARTESIAN_POINT('',(38.312117,68.175537,4.245));
#4364 = DIRECTION('',(-0.382683493112,-0.923879507349,0.));
#4365 = DIRECTION('',(-0.923879507349,0.382683493112,0.));
#4366 = ADVANCED_FACE('',(#4367),#4378,.T.);
#4367 = FACE_BOUND('',#4368,.T.);
#4368 = EDGE_LOOP('',(#4369,#4375,#4376,#4377));
#4369 = ORIENTED_EDGE('',*,*,#4370,.T.);
#4370 = EDGE_CURVE('',#547,#2134,#4371,.T.);
#4371 = LINE('',#4372,#4373);
#4372 = CARTESIAN_POINT('',(37.316592,67.977515,4.245));
#4373 = VECTOR('',#4374,1.);
#4374 = DIRECTION('',(0.,0.,1.));
#4375 = ORIENTED_EDGE('',*,*,#2133,.T.);
#4376 = ORIENTED_EDGE('',*,*,#4336,.F.);
#4377 = ORIENTED_EDGE('',*,*,#546,.F.);
#4378 = PLANE('',#4379);
#4379 = AXIS2_PLACEMENT_3D('',#4380,#4381,#4382);
#4380 = CARTESIAN_POINT('',(37.316592,67.977515,4.245));
#4381 = DIRECTION('',(0.831470077774,-0.555569536392,0.));
#4382 = DIRECTION('',(-0.555569536392,-0.831470077774,0.));
#4383 = ADVANCED_FACE('',(#4384),#4395,.T.);
#4384 = FACE_BOUND('',#4385,.T.);
#4385 = EDGE_LOOP('',(#4386,#4387,#4388,#4394));
#4386 = ORIENTED_EDGE('',*,*,#4355,.T.);
#4387 = ORIENTED_EDGE('',*,*,#2181,.T.);
#4388 = ORIENTED_EDGE('',*,*,#4389,.F.);
#4389 = EDGE_CURVE('',#587,#2174,#4390,.T.);
#4390 = LINE('',#4391,#4392);
#4391 = CARTESIAN_POINT('',(38.013414,68.266148,4.245));
#4392 = VECTOR('',#4393,1.);
#4393 = DIRECTION('',(0.,0.,1.));
#4394 = ORIENTED_EDGE('',*,*,#594,.F.);
#4395 = PLANE('',#4396);
#4396 = AXIS2_PLACEMENT_3D('',#4397,#4398,#4399);
#4397 = CARTESIAN_POINT('',(38.167228,68.235552,4.245));
#4398 = DIRECTION('',(-0.195093346711,-0.980784678749,0.));
#4399 = DIRECTION('',(-0.980784678749,0.195093346711,0.));
#4400 = ADVANCED_FACE('',(#4401),#4412,.T.);
#4401 = FACE_BOUND('',#4402,.T.);
#4402 = EDGE_LOOP('',(#4403,#4409,#4410,#4411));
#4403 = ORIENTED_EDGE('',*,*,#4404,.T.);
#4404 = EDGE_CURVE('',#555,#2142,#4405,.T.);
#4405 = LINE('',#4406,#4407);
#4406 = CARTESIAN_POINT('',(37.427485,68.088408,4.245));
#4407 = VECTOR('',#4408,1.);
#4408 = DIRECTION('',(0.,0.,1.));
#4409 = ORIENTED_EDGE('',*,*,#2141,.T.);
#4410 = ORIENTED_EDGE('',*,*,#4370,.F.);
#4411 = ORIENTED_EDGE('',*,*,#554,.F.);
#4412 = PLANE('',#4413);
#4413 = AXIS2_PLACEMENT_3D('',#4414,#4415,#4416);
#4414 = CARTESIAN_POINT('',(37.427485,68.088408,4.245));
#4415 = DIRECTION('',(0.707106781187,-0.707106781187,0.));
#4416 = DIRECTION('',(-0.707106781187,-0.707106781187,0.));
#4417 = ADVANCED_FACE('',(#4418),#4429,.T.);
#4418 = FACE_BOUND('',#4419,.T.);
#4419 = EDGE_LOOP('',(#4420,#4421,#4422,#4428));
#4420 = ORIENTED_EDGE('',*,*,#4389,.T.);
#4421 = ORIENTED_EDGE('',*,*,#2173,.T.);
#4422 = ORIENTED_EDGE('',*,*,#4423,.F.);
#4423 = EDGE_CURVE('',#579,#2166,#4424,.T.);
#4424 = LINE('',#4425,#4426);
#4425 = CARTESIAN_POINT('',(37.856586,68.266148,4.245));
#4426 = VECTOR('',#4427,1.);
#4427 = DIRECTION('',(0.,0.,1.));
#4428 = ORIENTED_EDGE('',*,*,#586,.F.);
#4429 = PLANE('',#4430);
#4430 = AXIS2_PLACEMENT_3D('',#4431,#4432,#4433);
#4431 = CARTESIAN_POINT('',(38.013414,68.266148,4.245));
#4432 = DIRECTION('',(0.,-1.,0.));
#4433 = DIRECTION('',(-1.,0.,0.));
#4434 = ADVANCED_FACE('',(#4435),#4446,.T.);
#4435 = FACE_BOUND('',#4436,.T.);
#4436 = EDGE_LOOP('',(#4437,#4443,#4444,#4445));
#4437 = ORIENTED_EDGE('',*,*,#4438,.T.);
#4438 = EDGE_CURVE('',#563,#2150,#4439,.T.);
#4439 = LINE('',#4440,#4441);
#4440 = CARTESIAN_POINT('',(37.557883,68.175537,4.245));
#4441 = VECTOR('',#4442,1.);
#4442 = DIRECTION('',(0.,0.,1.));
#4443 = ORIENTED_EDGE('',*,*,#2149,.T.);
#4444 = ORIENTED_EDGE('',*,*,#4404,.F.);
#4445 = ORIENTED_EDGE('',*,*,#562,.F.);
#4446 = PLANE('',#4447);
#4447 = AXIS2_PLACEMENT_3D('',#4448,#4449,#4450);
#4448 = CARTESIAN_POINT('',(37.557883,68.175537,4.245));
#4449 = DIRECTION('',(0.555569536392,-0.831470077774,0.));
#4450 = DIRECTION('',(-0.831470077774,-0.555569536392,0.));
#4451 = ADVANCED_FACE('',(#4452),#4463,.T.);
#4452 = FACE_BOUND('',#4453,.T.);
#4453 = EDGE_LOOP('',(#4454,#4455,#4456,#4462));
#4454 = ORIENTED_EDGE('',*,*,#4423,.T.);
#4455 = ORIENTED_EDGE('',*,*,#2165,.T.);
#4456 = ORIENTED_EDGE('',*,*,#4457,.F.);
#4457 = EDGE_CURVE('',#571,#2158,#4458,.T.);
#4458 = LINE('',#4459,#4460);
#4459 = CARTESIAN_POINT('',(37.702772,68.235552,4.245));
#4460 = VECTOR('',#4461,1.);
#4461 = DIRECTION('',(0.,0.,1.));
#4462 = ORIENTED_EDGE('',*,*,#578,.F.);
#4463 = PLANE('',#4464);
#4464 = AXIS2_PLACEMENT_3D('',#4465,#4466,#4467);
#4465 = CARTESIAN_POINT('',(37.856586,68.266148,4.245));
#4466 = DIRECTION('',(0.195093346711,-0.980784678749,0.));
#4467 = DIRECTION('',(-0.980784678749,-0.195093346711,0.));
#4468 = ADVANCED_FACE('',(#4469),#4475,.T.);
#4469 = FACE_BOUND('',#4470,.T.);
#4470 = EDGE_LOOP('',(#4471,#4472,#4473,#4474));
#4471 = ORIENTED_EDGE('',*,*,#4457,.T.);
#4472 = ORIENTED_EDGE('',*,*,#2157,.T.);
#4473 = ORIENTED_EDGE('',*,*,#4438,.F.);
#4474 = ORIENTED_EDGE('',*,*,#570,.F.);
#4475 = PLANE('',#4476);
#4476 = AXIS2_PLACEMENT_3D('',#4477,#4478,#4479);
#4477 = CARTESIAN_POINT('',(37.702772,68.235552,4.245));
#4478 = DIRECTION('',(0.382683493112,-0.923879507349,0.));
#4479 = DIRECTION('',(-0.923879507349,-0.382683493112,0.));
#4480 = ADVANCED_FACE('',(#4481),#4497,.F.);
#4481 = FACE_BOUND('',#4482,.F.);
#4482 = EDGE_LOOP('',(#4483,#4489,#4490,#4496));
#4483 = ORIENTED_EDGE('',*,*,#4484,.T.);
#4484 = EDGE_CURVE('',#699,#2286,#4485,.T.);
#4485 = LINE('',#4486,#4487);
#4486 = CARTESIAN_POINT('',(17.576,75.621,4.199));
#4487 = VECTOR('',#4488,1.);
#4488 = DIRECTION('',(0.,0.,1.));
#4489 = ORIENTED_EDGE('',*,*,#2285,.T.);
#4490 = ORIENTED_EDGE('',*,*,#4491,.F.);
#4491 = EDGE_CURVE('',#701,#2288,#4492,.T.);
#4492 = LINE('',#4493,#4494);
#4493 = CARTESIAN_POINT('',(18.176,75.621,4.199));
#4494 = VECTOR('',#4495,1.);
#4495 = DIRECTION('',(0.,0.,1.));
#4496 = ORIENTED_EDGE('',*,*,#698,.F.);
#4497 = CYLINDRICAL_SURFACE('',#4498,0.3);
#4498 = AXIS2_PLACEMENT_3D('',#4499,#4500,#4501);
#4499 = CARTESIAN_POINT('',(17.876,75.621,4.199));
#4500 = DIRECTION('',(0.,0.,-1.));
#4501 = DIRECTION('',(1.,-4.737E-14,0.));
#4502 = ADVANCED_FACE('',(#4503),#4514,.T.);
#4503 = FACE_BOUND('',#4504,.T.);
#4504 = EDGE_LOOP('',(#4505,#4506,#4507,#4508));
#4505 = ORIENTED_EDGE('',*,*,#726,.T.);
#4506 = ORIENTED_EDGE('',*,*,#4484,.T.);
#4507 = ORIENTED_EDGE('',*,*,#2313,.F.);
#4508 = ORIENTED_EDGE('',*,*,#4509,.F.);
#4509 = EDGE_CURVE('',#718,#2305,#4510,.T.);
#4510 = LINE('',#4511,#4512);
#4511 = CARTESIAN_POINT('',(17.576,75.021,4.199));
#4512 = VECTOR('',#4513,1.);
#4513 = DIRECTION('',(0.,0.,1.));
#4514 = PLANE('',#4515);
#4515 = AXIS2_PLACEMENT_3D('',#4516,#4517,#4518);
#4516 = CARTESIAN_POINT('',(17.576,75.621,4.199));
#4517 = DIRECTION('',(1.,0.,0.));
#4518 = DIRECTION('',(0.,-1.,0.));
#4519 = ADVANCED_FACE('',(#4520),#4531,.F.);
#4520 = FACE_BOUND('',#4521,.F.);
#4521 = EDGE_LOOP('',(#4522,#4528,#4529,#4530));
#4522 = ORIENTED_EDGE('',*,*,#4523,.T.);
#4523 = EDGE_CURVE('',#710,#2297,#4524,.T.);
#4524 = LINE('',#4525,#4526);
#4525 = CARTESIAN_POINT('',(18.176,75.021,4.199));
#4526 = VECTOR('',#4527,1.);
#4527 = DIRECTION('',(0.,0.,1.));
#4528 = ORIENTED_EDGE('',*,*,#2304,.T.);
#4529 = ORIENTED_EDGE('',*,*,#4509,.F.);
#4530 = ORIENTED_EDGE('',*,*,#717,.F.);
#4531 = CYLINDRICAL_SURFACE('',#4532,0.3);
#4532 = AXIS2_PLACEMENT_3D('',#4533,#4534,#4535);
#4533 = CARTESIAN_POINT('',(17.876,75.021,4.199));
#4534 = DIRECTION('',(0.,0.,-1.));
#4535 = DIRECTION('',(-1.,-4.737E-14,0.));
#4536 = ADVANCED_FACE('',(#4537),#4543,.T.);
#4537 = FACE_BOUND('',#4538,.T.);
#4538 = EDGE_LOOP('',(#4539,#4540,#4541,#4542));
#4539 = ORIENTED_EDGE('',*,*,#709,.T.);
#4540 = ORIENTED_EDGE('',*,*,#4523,.T.);
#4541 = ORIENTED_EDGE('',*,*,#2296,.F.);
#4542 = ORIENTED_EDGE('',*,*,#4491,.F.);
#4543 = PLANE('',#4544);
#4544 = AXIS2_PLACEMENT_3D('',#4545,#4546,#4547);
#4545 = CARTESIAN_POINT('',(18.176,75.021,4.199));
#4546 = DIRECTION('',(-1.,0.,0.));
#4547 = DIRECTION('',(0.,1.,0.));
#4548 = ADVANCED_FACE('',(#4549),#4565,.T.);
#4549 = FACE_BOUND('',#4550,.T.);
#4550 = EDGE_LOOP('',(#4551,#4557,#4558,#4564));
#4551 = ORIENTED_EDGE('',*,*,#4552,.T.);
#4552 = EDGE_CURVE('',#735,#2322,#4553,.T.);
#4553 = LINE('',#4554,#4555);
#4554 = CARTESIAN_POINT('',(16.574939,71.317642,4.245));
#4555 = VECTOR('',#4556,1.);
#4556 = DIRECTION('',(0.,0.,1.));
#4557 = ORIENTED_EDGE('',*,*,#2321,.T.);
#4558 = ORIENTED_EDGE('',*,*,#4559,.F.);
#4559 = EDGE_CURVE('',#737,#2324,#4560,.T.);
#4560 = LINE('',#4561,#4562);
#4561 = CARTESIAN_POINT('',(16.654067,71.363326,4.245));
#4562 = VECTOR('',#4563,1.);
#4563 = DIRECTION('',(0.,0.,1.));
#4564 = ORIENTED_EDGE('',*,*,#734,.F.);
#4565 = PLANE('',#4566);
#4566 = AXIS2_PLACEMENT_3D('',#4567,#4568,#4569);
#4567 = CARTESIAN_POINT('',(16.574939,71.317642,4.245));
#4568 = DIRECTION('',(-0.499995303914,0.866028115054,0.));
#4569 = DIRECTION('',(0.866028115054,0.499995303914,0.));
#4570 = ADVANCED_FACE('',(#4571),#4582,.T.);
#4571 = FACE_BOUND('',#4572,.T.);
#4572 = EDGE_LOOP('',(#4573,#4579,#4580,#4581));
#4573 = ORIENTED_EDGE('',*,*,#4574,.T.);
#4574 = EDGE_CURVE('',#745,#2332,#4575,.T.);
#4575 = LINE('',#4576,#4577);
#4576 = CARTESIAN_POINT('',(16.486684,71.293994,4.245));
#4577 = VECTOR('',#4578,1.);
#4578 = DIRECTION('',(0.,0.,1.));
#4579 = ORIENTED_EDGE('',*,*,#2331,.T.);
#4580 = ORIENTED_EDGE('',*,*,#4552,.F.);
#4581 = ORIENTED_EDGE('',*,*,#744,.F.);
#4582 = PLANE('',#4583);
#4583 = AXIS2_PLACEMENT_3D('',#4584,#4585,#4586);
#4584 = CARTESIAN_POINT('',(16.486684,71.293994,4.245));
#4585 = DIRECTION('',(-0.258820515791,0.965925432218,0.));
#4586 = DIRECTION('',(0.965925432218,0.258820515791,0.));
#4587 = ADVANCED_FACE('',(#4588),#4599,.T.);
#4588 = FACE_BOUND('',#4589,.T.);
#4589 = EDGE_LOOP('',(#4590,#4591,#4592,#4598));
#4590 = ORIENTED_EDGE('',*,*,#4559,.T.);
#4591 = ORIENTED_EDGE('',*,*,#2507,.T.);
#4592 = ORIENTED_EDGE('',*,*,#4593,.F.);
#4593 = EDGE_CURVE('',#913,#2500,#4594,.T.);
#4594 = LINE('',#4595,#4596);
#4595 = CARTESIAN_POINT('',(16.718674,71.427933,4.245));
#4596 = VECTOR('',#4597,1.);
#4597 = DIRECTION('',(0.,0.,1.));
#4598 = ORIENTED_EDGE('',*,*,#920,.F.);
#4599 = PLANE('',#4600);
#4600 = AXIS2_PLACEMENT_3D('',#4601,#4602,#4603);
#4601 = CARTESIAN_POINT('',(16.654067,71.363326,4.245));
#4602 = DIRECTION('',(-0.707106781187,0.707106781187,0.));
#4603 = DIRECTION('',(0.707106781187,0.707106781187,0.));
#4604 = ADVANCED_FACE('',(#4605),#4616,.T.);
#4605 = FACE_BOUND('',#4606,.T.);
#4606 = EDGE_LOOP('',(#4607,#4613,#4614,#4615));
#4607 = ORIENTED_EDGE('',*,*,#4608,.T.);
#4608 = EDGE_CURVE('',#753,#2340,#4609,.T.);
#4609 = LINE('',#4610,#4611);
#4610 = CARTESIAN_POINT('',(16.395316,71.293994,4.245));
#4611 = VECTOR('',#4612,1.);
#4612 = DIRECTION('',(0.,0.,1.));
#4613 = ORIENTED_EDGE('',*,*,#2339,.T.);
#4614 = ORIENTED_EDGE('',*,*,#4574,.F.);
#4615 = ORIENTED_EDGE('',*,*,#752,.F.);
#4616 = PLANE('',#4617);
#4617 = AXIS2_PLACEMENT_3D('',#4618,#4619,#4620);
#4618 = CARTESIAN_POINT('',(16.395316,71.293994,4.245));
#4619 = DIRECTION('',(0.,1.,0.));
#4620 = DIRECTION('',(1.,0.,0.));
#4621 = ADVANCED_FACE('',(#4622),#4633,.T.);
#4622 = FACE_BOUND('',#4623,.T.);
#4623 = EDGE_LOOP('',(#4624,#4625,#4626,#4632));
#4624 = ORIENTED_EDGE('',*,*,#4593,.T.);
#4625 = ORIENTED_EDGE('',*,*,#2499,.T.);
#4626 = ORIENTED_EDGE('',*,*,#4627,.F.);
#4627 = EDGE_CURVE('',#905,#2492,#4628,.T.);
#4628 = LINE('',#4629,#4630);
#4629 = CARTESIAN_POINT('',(16.764358,71.507061,4.245));
#4630 = VECTOR('',#4631,1.);
#4631 = DIRECTION('',(0.,0.,1.));
#4632 = ORIENTED_EDGE('',*,*,#912,.F.);
#4633 = PLANE('',#4634);
#4634 = AXIS2_PLACEMENT_3D('',#4635,#4636,#4637);
#4635 = CARTESIAN_POINT('',(16.718674,71.427933,4.245));
#4636 = DIRECTION('',(-0.866028115054,0.499995303914,0.));
#4637 = DIRECTION('',(0.499995303914,0.866028115054,0.));
#4638 = ADVANCED_FACE('',(#4639),#4650,.T.);
#4639 = FACE_BOUND('',#4640,.T.);
#4640 = EDGE_LOOP('',(#4641,#4647,#4648,#4649));
#4641 = ORIENTED_EDGE('',*,*,#4642,.T.);
#4642 = EDGE_CURVE('',#761,#2348,#4643,.T.);
#4643 = LINE('',#4644,#4645);
#4644 = CARTESIAN_POINT('',(16.307061,71.317642,4.245));
#4645 = VECTOR('',#4646,1.);
#4646 = DIRECTION('',(0.,0.,1.));
#4647 = ORIENTED_EDGE('',*,*,#2347,.T.);
#4648 = ORIENTED_EDGE('',*,*,#4608,.F.);
#4649 = ORIENTED_EDGE('',*,*,#760,.F.);
#4650 = PLANE('',#4651);
#4651 = AXIS2_PLACEMENT_3D('',#4652,#4653,#4654);
#4652 = CARTESIAN_POINT('',(16.307061,71.317642,4.245));
#4653 = DIRECTION('',(0.258820515791,0.965925432218,0.));
#4654 = DIRECTION('',(0.965925432218,-0.258820515791,0.));
#4655 = ADVANCED_FACE('',(#4656),#4667,.T.);
#4656 = FACE_BOUND('',#4657,.T.);
#4657 = EDGE_LOOP('',(#4658,#4659,#4660,#4666));
#4658 = ORIENTED_EDGE('',*,*,#4627,.T.);
#4659 = ORIENTED_EDGE('',*,*,#2491,.T.);
#4660 = ORIENTED_EDGE('',*,*,#4661,.F.);
#4661 = EDGE_CURVE('',#897,#2484,#4662,.T.);
#4662 = LINE('',#4663,#4664);
#4663 = CARTESIAN_POINT('',(16.788006,71.595316,4.245));
#4664 = VECTOR('',#4665,1.);
#4665 = DIRECTION('',(0.,0.,1.));
#4666 = ORIENTED_EDGE('',*,*,#904,.F.);
#4667 = PLANE('',#4668);
#4668 = AXIS2_PLACEMENT_3D('',#4669,#4670,#4671);
#4669 = CARTESIAN_POINT('',(16.764358,71.507061,4.245));
#4670 = DIRECTION('',(-0.965925432218,0.258820515791,0.));
#4671 = DIRECTION('',(0.258820515791,0.965925432218,0.));
#4672 = ADVANCED_FACE('',(#4673),#4684,.T.);
#4673 = FACE_BOUND('',#4674,.T.);
#4674 = EDGE_LOOP('',(#4675,#4681,#4682,#4683));
#4675 = ORIENTED_EDGE('',*,*,#4676,.T.);
#4676 = EDGE_CURVE('',#769,#2356,#4677,.T.);
#4677 = LINE('',#4678,#4679);
#4678 = CARTESIAN_POINT('',(16.227933,71.363326,4.245));
#4679 = VECTOR('',#4680,1.);
#4680 = DIRECTION('',(0.,0.,1.));
#4681 = ORIENTED_EDGE('',*,*,#2355,.T.);
#4682 = ORIENTED_EDGE('',*,*,#4642,.F.);
#4683 = ORIENTED_EDGE('',*,*,#768,.F.);
#4684 = PLANE('',#4685);
#4685 = AXIS2_PLACEMENT_3D('',#4686,#4687,#4688);
#4686 = CARTESIAN_POINT('',(16.227933,71.363326,4.245));
#4687 = DIRECTION('',(0.499995303914,0.866028115054,0.));
#4688 = DIRECTION('',(0.866028115054,-0.499995303914,0.));
#4689 = ADVANCED_FACE('',(#4690),#4701,.T.);
#4690 = FACE_BOUND('',#4691,.T.);
#4691 = EDGE_LOOP('',(#4692,#4693,#4694,#4700));
#4692 = ORIENTED_EDGE('',*,*,#4661,.T.);
#4693 = ORIENTED_EDGE('',*,*,#2483,.T.);
#4694 = ORIENTED_EDGE('',*,*,#4695,.F.);
#4695 = EDGE_CURVE('',#889,#2476,#4696,.T.);
#4696 = LINE('',#4697,#4698);
#4697 = CARTESIAN_POINT('',(16.788006,71.686684,4.245));
#4698 = VECTOR('',#4699,1.);
#4699 = DIRECTION('',(0.,0.,1.));
#4700 = ORIENTED_EDGE('',*,*,#896,.F.);
#4701 = PLANE('',#4702);
#4702 = AXIS2_PLACEMENT_3D('',#4703,#4704,#4705);
#4703 = CARTESIAN_POINT('',(16.788006,71.595316,4.245));
#4704 = DIRECTION('',(-1.,0.,0.));
#4705 = DIRECTION('',(0.,1.,0.));
#4706 = ADVANCED_FACE('',(#4707),#4718,.T.);
#4707 = FACE_BOUND('',#4708,.T.);
#4708 = EDGE_LOOP('',(#4709,#4715,#4716,#4717));
#4709 = ORIENTED_EDGE('',*,*,#4710,.T.);
#4710 = EDGE_CURVE('',#777,#2364,#4711,.T.);
#4711 = LINE('',#4712,#4713);
#4712 = CARTESIAN_POINT('',(16.163326,71.427933,4.245));
#4713 = VECTOR('',#4714,1.);
#4714 = DIRECTION('',(0.,0.,1.));
#4715 = ORIENTED_EDGE('',*,*,#2363,.T.);
#4716 = ORIENTED_EDGE('',*,*,#4676,.F.);
#4717 = ORIENTED_EDGE('',*,*,#776,.F.);
#4718 = PLANE('',#4719);
#4719 = AXIS2_PLACEMENT_3D('',#4720,#4721,#4722);
#4720 = CARTESIAN_POINT('',(16.163326,71.427933,4.245));
#4721 = DIRECTION('',(0.707106781187,0.707106781187,0.));
#4722 = DIRECTION('',(0.707106781187,-0.707106781187,0.));
#4723 = ADVANCED_FACE('',(#4724),#4735,.T.);
#4724 = FACE_BOUND('',#4725,.T.);
#4725 = EDGE_LOOP('',(#4726,#4727,#4728,#4734));
#4726 = ORIENTED_EDGE('',*,*,#4695,.T.);
#4727 = ORIENTED_EDGE('',*,*,#2475,.T.);
#4728 = ORIENTED_EDGE('',*,*,#4729,.F.);
#4729 = EDGE_CURVE('',#881,#2468,#4730,.T.);
#4730 = LINE('',#4731,#4732);
#4731 = CARTESIAN_POINT('',(16.764358,71.774939,4.245));
#4732 = VECTOR('',#4733,1.);
#4733 = DIRECTION('',(0.,0.,1.));
#4734 = ORIENTED_EDGE('',*,*,#888,.F.);
#4735 = PLANE('',#4736);
#4736 = AXIS2_PLACEMENT_3D('',#4737,#4738,#4739);
#4737 = CARTESIAN_POINT('',(16.788006,71.686684,4.245));
#4738 = DIRECTION('',(-0.965925432218,-0.258820515791,0.));
#4739 = DIRECTION('',(-0.258820515791,0.965925432218,0.));
#4740 = ADVANCED_FACE('',(#4741),#4752,.T.);
#4741 = FACE_BOUND('',#4742,.T.);
#4742 = EDGE_LOOP('',(#4743,#4749,#4750,#4751));
#4743 = ORIENTED_EDGE('',*,*,#4744,.T.);
#4744 = EDGE_CURVE('',#785,#2372,#4745,.T.);
#4745 = LINE('',#4746,#4747);
#4746 = CARTESIAN_POINT('',(16.117642,71.507061,4.245));
#4747 = VECTOR('',#4748,1.);
#4748 = DIRECTION('',(0.,0.,1.));
#4749 = ORIENTED_EDGE('',*,*,#2371,.T.);
#4750 = ORIENTED_EDGE('',*,*,#4710,.F.);
#4751 = ORIENTED_EDGE('',*,*,#784,.F.);
#4752 = PLANE('',#4753);
#4753 = AXIS2_PLACEMENT_3D('',#4754,#4755,#4756);
#4754 = CARTESIAN_POINT('',(16.117642,71.507061,4.245));
#4755 = DIRECTION('',(0.866028115054,0.499995303914,0.));
#4756 = DIRECTION('',(0.499995303914,-0.866028115054,0.));
#4757 = ADVANCED_FACE('',(#4758),#4769,.T.);
#4758 = FACE_BOUND('',#4759,.T.);
#4759 = EDGE_LOOP('',(#4760,#4761,#4762,#4768));
#4760 = ORIENTED_EDGE('',*,*,#4729,.T.);
#4761 = ORIENTED_EDGE('',*,*,#2467,.T.);
#4762 = ORIENTED_EDGE('',*,*,#4763,.F.);
#4763 = EDGE_CURVE('',#873,#2460,#4764,.T.);
#4764 = LINE('',#4765,#4766);
#4765 = CARTESIAN_POINT('',(16.718674,71.854067,4.245));
#4766 = VECTOR('',#4767,1.);
#4767 = DIRECTION('',(0.,0.,1.));
#4768 = ORIENTED_EDGE('',*,*,#880,.F.);
#4769 = PLANE('',#4770);
#4770 = AXIS2_PLACEMENT_3D('',#4771,#4772,#4773);
#4771 = CARTESIAN_POINT('',(16.764358,71.774939,4.245));
#4772 = DIRECTION('',(-0.866028115054,-0.499995303914,0.));
#4773 = DIRECTION('',(-0.499995303914,0.866028115054,0.));
#4774 = ADVANCED_FACE('',(#4775),#4786,.T.);
#4775 = FACE_BOUND('',#4776,.T.);
#4776 = EDGE_LOOP('',(#4777,#4783,#4784,#4785));
#4777 = ORIENTED_EDGE('',*,*,#4778,.T.);
#4778 = EDGE_CURVE('',#793,#2380,#4779,.T.);
#4779 = LINE('',#4780,#4781);
#4780 = CARTESIAN_POINT('',(16.093994,71.595316,4.245));
#4781 = VECTOR('',#4782,1.);
#4782 = DIRECTION('',(0.,0.,1.));
#4783 = ORIENTED_EDGE('',*,*,#2379,.T.);
#4784 = ORIENTED_EDGE('',*,*,#4744,.F.);
#4785 = ORIENTED_EDGE('',*,*,#792,.F.);
#4786 = PLANE('',#4787);
#4787 = AXIS2_PLACEMENT_3D('',#4788,#4789,#4790);
#4788 = CARTESIAN_POINT('',(16.093994,71.595316,4.245));
#4789 = DIRECTION('',(0.965925432218,0.25882051579,0.));
#4790 = DIRECTION('',(0.25882051579,-0.965925432218,0.));
#4791 = ADVANCED_FACE('',(#4792),#4803,.T.);
#4792 = FACE_BOUND('',#4793,.T.);
#4793 = EDGE_LOOP('',(#4794,#4795,#4796,#4802));
#4794 = ORIENTED_EDGE('',*,*,#4763,.T.);
#4795 = ORIENTED_EDGE('',*,*,#2459,.T.);
#4796 = ORIENTED_EDGE('',*,*,#4797,.F.);
#4797 = EDGE_CURVE('',#865,#2452,#4798,.T.);
#4798 = LINE('',#4799,#4800);
#4799 = CARTESIAN_POINT('',(16.654067,71.918674,4.245));
#4800 = VECTOR('',#4801,1.);
#4801 = DIRECTION('',(0.,0.,1.));
#4802 = ORIENTED_EDGE('',*,*,#872,.F.);
#4803 = PLANE('',#4804);
#4804 = AXIS2_PLACEMENT_3D('',#4805,#4806,#4807);
#4805 = CARTESIAN_POINT('',(16.718674,71.854067,4.245));
#4806 = DIRECTION('',(-0.707106781187,-0.707106781187,0.));
#4807 = DIRECTION('',(-0.707106781187,0.707106781187,0.));
#4808 = ADVANCED_FACE('',(#4809),#4820,.T.);
#4809 = FACE_BOUND('',#4810,.T.);
#4810 = EDGE_LOOP('',(#4811,#4817,#4818,#4819));
#4811 = ORIENTED_EDGE('',*,*,#4812,.T.);
#4812 = EDGE_CURVE('',#801,#2388,#4813,.T.);
#4813 = LINE('',#4814,#4815);
#4814 = CARTESIAN_POINT('',(16.093994,71.686684,4.245));
#4815 = VECTOR('',#4816,1.);
#4816 = DIRECTION('',(0.,0.,1.));
#4817 = ORIENTED_EDGE('',*,*,#2387,.T.);
#4818 = ORIENTED_EDGE('',*,*,#4778,.F.);
#4819 = ORIENTED_EDGE('',*,*,#800,.F.);
#4820 = PLANE('',#4821);
#4821 = AXIS2_PLACEMENT_3D('',#4822,#4823,#4824);
#4822 = CARTESIAN_POINT('',(16.093994,71.686684,4.245));
#4823 = DIRECTION('',(1.,0.,0.));
#4824 = DIRECTION('',(0.,-1.,0.));
#4825 = ADVANCED_FACE('',(#4826),#4837,.T.);
#4826 = FACE_BOUND('',#4827,.T.);
#4827 = EDGE_LOOP('',(#4828,#4829,#4830,#4836));
#4828 = ORIENTED_EDGE('',*,*,#4797,.T.);
#4829 = ORIENTED_EDGE('',*,*,#2451,.T.);
#4830 = ORIENTED_EDGE('',*,*,#4831,.F.);
#4831 = EDGE_CURVE('',#857,#2444,#4832,.T.);
#4832 = LINE('',#4833,#4834);
#4833 = CARTESIAN_POINT('',(16.574939,71.964358,4.245));
#4834 = VECTOR('',#4835,1.);
#4835 = DIRECTION('',(0.,0.,1.));
#4836 = ORIENTED_EDGE('',*,*,#864,.F.);
#4837 = PLANE('',#4838);
#4838 = AXIS2_PLACEMENT_3D('',#4839,#4840,#4841);
#4839 = CARTESIAN_POINT('',(16.654067,71.918674,4.245));
#4840 = DIRECTION('',(-0.499995303914,-0.866028115054,0.));
#4841 = DIRECTION('',(-0.866028115054,0.499995303914,0.));
#4842 = ADVANCED_FACE('',(#4843),#4854,.T.);
#4843 = FACE_BOUND('',#4844,.T.);
#4844 = EDGE_LOOP('',(#4845,#4851,#4852,#4853));
#4845 = ORIENTED_EDGE('',*,*,#4846,.T.);
#4846 = EDGE_CURVE('',#809,#2396,#4847,.T.);
#4847 = LINE('',#4848,#4849);
#4848 = CARTESIAN_POINT('',(16.117642,71.774939,4.245));
#4849 = VECTOR('',#4850,1.);
#4850 = DIRECTION('',(0.,0.,1.));
#4851 = ORIENTED_EDGE('',*,*,#2395,.T.);
#4852 = ORIENTED_EDGE('',*,*,#4812,.F.);
#4853 = ORIENTED_EDGE('',*,*,#808,.F.);
#4854 = PLANE('',#4855);
#4855 = AXIS2_PLACEMENT_3D('',#4856,#4857,#4858);
#4856 = CARTESIAN_POINT('',(16.117642,71.774939,4.245));
#4857 = DIRECTION('',(0.965925432218,-0.25882051579,0.));
#4858 = DIRECTION('',(-0.25882051579,-0.965925432218,0.));
#4859 = ADVANCED_FACE('',(#4860),#4871,.T.);
#4860 = FACE_BOUND('',#4861,.T.);
#4861 = EDGE_LOOP('',(#4862,#4863,#4864,#4870));
#4862 = ORIENTED_EDGE('',*,*,#4831,.T.);
#4863 = ORIENTED_EDGE('',*,*,#2443,.T.);
#4864 = ORIENTED_EDGE('',*,*,#4865,.F.);
#4865 = EDGE_CURVE('',#849,#2436,#4866,.T.);
#4866 = LINE('',#4867,#4868);
#4867 = CARTESIAN_POINT('',(16.486684,71.988006,4.245));
#4868 = VECTOR('',#4869,1.);
#4869 = DIRECTION('',(0.,0.,1.));
#4870 = ORIENTED_EDGE('',*,*,#856,.F.);
#4871 = PLANE('',#4872);
#4872 = AXIS2_PLACEMENT_3D('',#4873,#4874,#4875);
#4873 = CARTESIAN_POINT('',(16.574939,71.964358,4.245));
#4874 = DIRECTION('',(-0.25882051579,-0.965925432218,0.));
#4875 = DIRECTION('',(-0.965925432218,0.25882051579,0.));
#4876 = ADVANCED_FACE('',(#4877),#4888,.T.);
#4877 = FACE_BOUND('',#4878,.T.);
#4878 = EDGE_LOOP('',(#4879,#4885,#4886,#4887));
#4879 = ORIENTED_EDGE('',*,*,#4880,.T.);
#4880 = EDGE_CURVE('',#817,#2404,#4881,.T.);
#4881 = LINE('',#4882,#4883);
#4882 = CARTESIAN_POINT('',(16.163326,71.854067,4.245));
#4883 = VECTOR('',#4884,1.);
#4884 = DIRECTION('',(0.,0.,1.));
#4885 = ORIENTED_EDGE('',*,*,#2403,.T.);
#4886 = ORIENTED_EDGE('',*,*,#4846,.F.);
#4887 = ORIENTED_EDGE('',*,*,#816,.F.);
#4888 = PLANE('',#4889);
#4889 = AXIS2_PLACEMENT_3D('',#4890,#4891,#4892);
#4890 = CARTESIAN_POINT('',(16.163326,71.854067,4.245));
#4891 = DIRECTION('',(0.866028115054,-0.499995303914,0.));
#4892 = DIRECTION('',(-0.499995303914,-0.866028115054,0.));
#4893 = ADVANCED_FACE('',(#4894),#4905,.T.);
#4894 = FACE_BOUND('',#4895,.T.);
#4895 = EDGE_LOOP('',(#4896,#4897,#4898,#4904));
#4896 = ORIENTED_EDGE('',*,*,#4865,.T.);
#4897 = ORIENTED_EDGE('',*,*,#2435,.T.);
#4898 = ORIENTED_EDGE('',*,*,#4899,.F.);
#4899 = EDGE_CURVE('',#841,#2428,#4900,.T.);
#4900 = LINE('',#4901,#4902);
#4901 = CARTESIAN_POINT('',(16.395316,71.988006,4.245));
#4902 = VECTOR('',#4903,1.);
#4903 = DIRECTION('',(0.,0.,1.));
#4904 = ORIENTED_EDGE('',*,*,#848,.F.);
#4905 = PLANE('',#4906);
#4906 = AXIS2_PLACEMENT_3D('',#4907,#4908,#4909);
#4907 = CARTESIAN_POINT('',(16.486684,71.988006,4.245));
#4908 = DIRECTION('',(0.,-1.,0.));
#4909 = DIRECTION('',(-1.,0.,0.));
#4910 = ADVANCED_FACE('',(#4911),#4922,.T.);
#4911 = FACE_BOUND('',#4912,.T.);
#4912 = EDGE_LOOP('',(#4913,#4919,#4920,#4921));
#4913 = ORIENTED_EDGE('',*,*,#4914,.T.);
#4914 = EDGE_CURVE('',#825,#2412,#4915,.T.);
#4915 = LINE('',#4916,#4917);
#4916 = CARTESIAN_POINT('',(16.227933,71.918674,4.245));
#4917 = VECTOR('',#4918,1.);
#4918 = DIRECTION('',(0.,0.,1.));
#4919 = ORIENTED_EDGE('',*,*,#2411,.T.);
#4920 = ORIENTED_EDGE('',*,*,#4880,.F.);
#4921 = ORIENTED_EDGE('',*,*,#824,.F.);
#4922 = PLANE('',#4923);
#4923 = AXIS2_PLACEMENT_3D('',#4924,#4925,#4926);
#4924 = CARTESIAN_POINT('',(16.227933,71.918674,4.245));
#4925 = DIRECTION('',(0.707106781187,-0.707106781187,0.));
#4926 = DIRECTION('',(-0.707106781187,-0.707106781187,0.));
#4927 = ADVANCED_FACE('',(#4928),#4939,.T.);
#4928 = FACE_BOUND('',#4929,.T.);
#4929 = EDGE_LOOP('',(#4930,#4931,#4932,#4938));
#4930 = ORIENTED_EDGE('',*,*,#4899,.T.);
#4931 = ORIENTED_EDGE('',*,*,#2427,.T.);
#4932 = ORIENTED_EDGE('',*,*,#4933,.F.);
#4933 = EDGE_CURVE('',#833,#2420,#4934,.T.);
#4934 = LINE('',#4935,#4936);
#4935 = CARTESIAN_POINT('',(16.307061,71.964358,4.245));
#4936 = VECTOR('',#4937,1.);
#4937 = DIRECTION('',(0.,0.,1.));
#4938 = ORIENTED_EDGE('',*,*,#840,.F.);
#4939 = PLANE('',#4940);
#4940 = AXIS2_PLACEMENT_3D('',#4941,#4942,#4943);
#4941 = CARTESIAN_POINT('',(16.395316,71.988006,4.245));
#4942 = DIRECTION('',(0.25882051579,-0.965925432218,0.));
#4943 = DIRECTION('',(-0.965925432218,-0.25882051579,0.));
#4944 = ADVANCED_FACE('',(#4945),#4951,.T.);
#4945 = FACE_BOUND('',#4946,.T.);
#4946 = EDGE_LOOP('',(#4947,#4948,#4949,#4950));
#4947 = ORIENTED_EDGE('',*,*,#4933,.T.);
#4948 = ORIENTED_EDGE('',*,*,#2419,.T.);
#4949 = ORIENTED_EDGE('',*,*,#4914,.F.);
#4950 = ORIENTED_EDGE('',*,*,#832,.F.);
#4951 = PLANE('',#4952);
#4952 = AXIS2_PLACEMENT_3D('',#4953,#4954,#4955);
#4953 = CARTESIAN_POINT('',(16.307061,71.964358,4.245));
#4954 = DIRECTION('',(0.499995303914,-0.866028115054,0.));
#4955 = DIRECTION('',(-0.866028115054,-0.499995303914,0.));
#4956 = ADVANCED_FACE('',(#4957),#4973,.F.);
#4957 = FACE_BOUND('',#4958,.F.);
#4958 = EDGE_LOOP('',(#4959,#4965,#4966,#4972));
#4959 = ORIENTED_EDGE('',*,*,#4960,.T.);
#4960 = EDGE_CURVE('',#929,#2516,#4961,.T.);
#4961 = LINE('',#4962,#4963);
#4962 = CARTESIAN_POINT('',(17.576,71.571,4.199));
#4963 = VECTOR('',#4964,1.);
#4964 = DIRECTION('',(0.,0.,1.));
#4965 = ORIENTED_EDGE('',*,*,#2515,.T.);
#4966 = ORIENTED_EDGE('',*,*,#4967,.F.);
#4967 = EDGE_CURVE('',#931,#2518,#4968,.T.);
#4968 = LINE('',#4969,#4970);
#4969 = CARTESIAN_POINT('',(18.176,71.571,4.199));
#4970 = VECTOR('',#4971,1.);
#4971 = DIRECTION('',(0.,0.,1.));
#4972 = ORIENTED_EDGE('',*,*,#928,.F.);
#4973 = CYLINDRICAL_SURFACE('',#4974,0.3);
#4974 = AXIS2_PLACEMENT_3D('',#4975,#4976,#4977);
#4975 = CARTESIAN_POINT('',(17.876,71.571,4.199));
#4976 = DIRECTION('',(0.,0.,-1.));
#4977 = DIRECTION('',(1.,0.,0.));
#4978 = ADVANCED_FACE('',(#4979),#4990,.T.);
#4979 = FACE_BOUND('',#4980,.T.);
#4980 = EDGE_LOOP('',(#4981,#4982,#4983,#4984));
#4981 = ORIENTED_EDGE('',*,*,#956,.T.);
#4982 = ORIENTED_EDGE('',*,*,#4960,.T.);
#4983 = ORIENTED_EDGE('',*,*,#2543,.F.);
#4984 = ORIENTED_EDGE('',*,*,#4985,.F.);
#4985 = EDGE_CURVE('',#948,#2535,#4986,.T.);
#4986 = LINE('',#4987,#4988);
#4987 = CARTESIAN_POINT('',(17.576,70.671,4.199));
#4988 = VECTOR('',#4989,1.);
#4989 = DIRECTION('',(0.,0.,1.));
#4990 = PLANE('',#4991);
#4991 = AXIS2_PLACEMENT_3D('',#4992,#4993,#4994);
#4992 = CARTESIAN_POINT('',(17.576,71.571,4.199));
#4993 = DIRECTION('',(1.,0.,0.));
#4994 = DIRECTION('',(0.,-1.,0.));
#4995 = ADVANCED_FACE('',(#4996),#5007,.F.);
#4996 = FACE_BOUND('',#4997,.F.);
#4997 = EDGE_LOOP('',(#4998,#5004,#5005,#5006));
#4998 = ORIENTED_EDGE('',*,*,#4999,.T.);
#4999 = EDGE_CURVE('',#940,#2527,#5000,.T.);
#5000 = LINE('',#5001,#5002);
#5001 = CARTESIAN_POINT('',(18.176,70.671,4.199));
#5002 = VECTOR('',#5003,1.);
#5003 = DIRECTION('',(0.,0.,1.));
#5004 = ORIENTED_EDGE('',*,*,#2534,.T.);
#5005 = ORIENTED_EDGE('',*,*,#4985,.F.);
#5006 = ORIENTED_EDGE('',*,*,#947,.F.);
#5007 = CYLINDRICAL_SURFACE('',#5008,0.3);
#5008 = AXIS2_PLACEMENT_3D('',#5009,#5010,#5011);
#5009 = CARTESIAN_POINT('',(17.876,70.671,4.199));
#5010 = DIRECTION('',(0.,0.,-1.));
#5011 = DIRECTION('',(-1.,4.737E-14,0.));
#5012 = ADVANCED_FACE('',(#5013),#5019,.T.);
#5013 = FACE_BOUND('',#5014,.T.);
#5014 = EDGE_LOOP('',(#5015,#5016,#5017,#5018));
#5015 = ORIENTED_EDGE('',*,*,#939,.T.);
#5016 = ORIENTED_EDGE('',*,*,#4999,.T.);
#5017 = ORIENTED_EDGE('',*,*,#2526,.F.);
#5018 = ORIENTED_EDGE('',*,*,#4967,.F.);
#5019 = PLANE('',#5020);
#5020 = AXIS2_PLACEMENT_3D('',#5021,#5022,#5023);
#5021 = CARTESIAN_POINT('',(18.176,70.671,4.199));
#5022 = DIRECTION('',(-1.,0.,0.));
#5023 = DIRECTION('',(0.,1.,0.));
#5024 = ADVANCED_FACE('',(#5025),#5041,.T.);
#5025 = FACE_BOUND('',#5026,.T.);
#5026 = EDGE_LOOP('',(#5027,#5033,#5034,#5040));
#5027 = ORIENTED_EDGE('',*,*,#5028,.T.);
#5028 = EDGE_CURVE('',#965,#2552,#5029,.T.);
#5029 = LINE('',#5030,#5031);
#5030 = CARTESIAN_POINT('',(10.794939,71.317642,4.245));
#5031 = VECTOR('',#5032,1.);
#5032 = DIRECTION('',(0.,0.,1.));
#5033 = ORIENTED_EDGE('',*,*,#2551,.T.);
#5034 = ORIENTED_EDGE('',*,*,#5035,.F.);
#5035 = EDGE_CURVE('',#967,#2554,#5036,.T.);
#5036 = LINE('',#5037,#5038);
#5037 = CARTESIAN_POINT('',(10.874067,71.363326,4.245));
#5038 = VECTOR('',#5039,1.);
#5039 = DIRECTION('',(0.,0.,1.));
#5040 = ORIENTED_EDGE('',*,*,#964,.F.);
#5041 = PLANE('',#5042);
#5042 = AXIS2_PLACEMENT_3D('',#5043,#5044,#5045);
#5043 = CARTESIAN_POINT('',(10.794939,71.317642,4.245));
#5044 = DIRECTION('',(-0.499995303914,0.866028115054,0.));
#5045 = DIRECTION('',(0.866028115054,0.499995303914,0.));
#5046 = ADVANCED_FACE('',(#5047),#5058,.T.);
#5047 = FACE_BOUND('',#5048,.T.);
#5048 = EDGE_LOOP('',(#5049,#5055,#5056,#5057));
#5049 = ORIENTED_EDGE('',*,*,#5050,.T.);
#5050 = EDGE_CURVE('',#975,#2562,#5051,.T.);
#5051 = LINE('',#5052,#5053);
#5052 = CARTESIAN_POINT('',(10.706684,71.293994,4.245));
#5053 = VECTOR('',#5054,1.);
#5054 = DIRECTION('',(0.,0.,1.));
#5055 = ORIENTED_EDGE('',*,*,#2561,.T.);
#5056 = ORIENTED_EDGE('',*,*,#5028,.F.);
#5057 = ORIENTED_EDGE('',*,*,#974,.F.);
#5058 = PLANE('',#5059);
#5059 = AXIS2_PLACEMENT_3D('',#5060,#5061,#5062);
#5060 = CARTESIAN_POINT('',(10.706684,71.293994,4.245));
#5061 = DIRECTION('',(-0.258820515791,0.965925432218,0.));
#5062 = DIRECTION('',(0.965925432218,0.258820515791,0.));
#5063 = ADVANCED_FACE('',(#5064),#5075,.T.);
#5064 = FACE_BOUND('',#5065,.T.);
#5065 = EDGE_LOOP('',(#5066,#5067,#5068,#5074));
#5066 = ORIENTED_EDGE('',*,*,#5035,.T.);
#5067 = ORIENTED_EDGE('',*,*,#2737,.T.);
#5068 = ORIENTED_EDGE('',*,*,#5069,.F.);
#5069 = EDGE_CURVE('',#1143,#2730,#5070,.T.);
#5070 = LINE('',#5071,#5072);
#5071 = CARTESIAN_POINT('',(10.938674,71.427933,4.245));
#5072 = VECTOR('',#5073,1.);
#5073 = DIRECTION('',(0.,0.,1.));
#5074 = ORIENTED_EDGE('',*,*,#1150,.F.);
#5075 = PLANE('',#5076);
#5076 = AXIS2_PLACEMENT_3D('',#5077,#5078,#5079);
#5077 = CARTESIAN_POINT('',(10.874067,71.363326,4.245));
#5078 = DIRECTION('',(-0.707106781187,0.707106781187,0.));
#5079 = DIRECTION('',(0.707106781187,0.707106781187,0.));
#5080 = ADVANCED_FACE('',(#5081),#5092,.T.);
#5081 = FACE_BOUND('',#5082,.T.);
#5082 = EDGE_LOOP('',(#5083,#5089,#5090,#5091));
#5083 = ORIENTED_EDGE('',*,*,#5084,.T.);
#5084 = EDGE_CURVE('',#983,#2570,#5085,.T.);
#5085 = LINE('',#5086,#5087);
#5086 = CARTESIAN_POINT('',(10.615316,71.293994,4.245));
#5087 = VECTOR('',#5088,1.);
#5088 = DIRECTION('',(0.,0.,1.));
#5089 = ORIENTED_EDGE('',*,*,#2569,.T.);
#5090 = ORIENTED_EDGE('',*,*,#5050,.F.);
#5091 = ORIENTED_EDGE('',*,*,#982,.F.);
#5092 = PLANE('',#5093);
#5093 = AXIS2_PLACEMENT_3D('',#5094,#5095,#5096);
#5094 = CARTESIAN_POINT('',(10.615316,71.293994,4.245));
#5095 = DIRECTION('',(0.,1.,0.));
#5096 = DIRECTION('',(1.,0.,0.));
#5097 = ADVANCED_FACE('',(#5098),#5109,.T.);
#5098 = FACE_BOUND('',#5099,.T.);
#5099 = EDGE_LOOP('',(#5100,#5101,#5102,#5108));
#5100 = ORIENTED_EDGE('',*,*,#5069,.T.);
#5101 = ORIENTED_EDGE('',*,*,#2729,.T.);
#5102 = ORIENTED_EDGE('',*,*,#5103,.F.);
#5103 = EDGE_CURVE('',#1135,#2722,#5104,.T.);
#5104 = LINE('',#5105,#5106);
#5105 = CARTESIAN_POINT('',(10.984358,71.507061,4.245));
#5106 = VECTOR('',#5107,1.);
#5107 = DIRECTION('',(0.,0.,1.));
#5108 = ORIENTED_EDGE('',*,*,#1142,.F.);
#5109 = PLANE('',#5110);
#5110 = AXIS2_PLACEMENT_3D('',#5111,#5112,#5113);
#5111 = CARTESIAN_POINT('',(10.938674,71.427933,4.245));
#5112 = DIRECTION('',(-0.866028115054,0.499995303914,0.));
#5113 = DIRECTION('',(0.499995303914,0.866028115054,0.));
#5114 = ADVANCED_FACE('',(#5115),#5126,.T.);
#5115 = FACE_BOUND('',#5116,.T.);
#5116 = EDGE_LOOP('',(#5117,#5123,#5124,#5125));
#5117 = ORIENTED_EDGE('',*,*,#5118,.T.);
#5118 = EDGE_CURVE('',#991,#2578,#5119,.T.);
#5119 = LINE('',#5120,#5121);
#5120 = CARTESIAN_POINT('',(10.527061,71.317642,4.245));
#5121 = VECTOR('',#5122,1.);
#5122 = DIRECTION('',(0.,0.,1.));
#5123 = ORIENTED_EDGE('',*,*,#2577,.T.);
#5124 = ORIENTED_EDGE('',*,*,#5084,.F.);
#5125 = ORIENTED_EDGE('',*,*,#990,.F.);
#5126 = PLANE('',#5127);
#5127 = AXIS2_PLACEMENT_3D('',#5128,#5129,#5130);
#5128 = CARTESIAN_POINT('',(10.527061,71.317642,4.245));
#5129 = DIRECTION('',(0.258820515791,0.965925432218,0.));
#5130 = DIRECTION('',(0.965925432218,-0.258820515791,0.));
#5131 = ADVANCED_FACE('',(#5132),#5143,.T.);
#5132 = FACE_BOUND('',#5133,.T.);
#5133 = EDGE_LOOP('',(#5134,#5135,#5136,#5142));
#5134 = ORIENTED_EDGE('',*,*,#5103,.T.);
#5135 = ORIENTED_EDGE('',*,*,#2721,.T.);
#5136 = ORIENTED_EDGE('',*,*,#5137,.F.);
#5137 = EDGE_CURVE('',#1127,#2714,#5138,.T.);
#5138 = LINE('',#5139,#5140);
#5139 = CARTESIAN_POINT('',(11.008006,71.595316,4.245));
#5140 = VECTOR('',#5141,1.);
#5141 = DIRECTION('',(0.,0.,1.));
#5142 = ORIENTED_EDGE('',*,*,#1134,.F.);
#5143 = PLANE('',#5144);
#5144 = AXIS2_PLACEMENT_3D('',#5145,#5146,#5147);
#5145 = CARTESIAN_POINT('',(10.984358,71.507061,4.245));
#5146 = DIRECTION('',(-0.965925432218,0.258820515791,0.));
#5147 = DIRECTION('',(0.258820515791,0.965925432218,0.));
#5148 = ADVANCED_FACE('',(#5149),#5160,.T.);
#5149 = FACE_BOUND('',#5150,.T.);
#5150 = EDGE_LOOP('',(#5151,#5157,#5158,#5159));
#5151 = ORIENTED_EDGE('',*,*,#5152,.T.);
#5152 = EDGE_CURVE('',#999,#2586,#5153,.T.);
#5153 = LINE('',#5154,#5155);
#5154 = CARTESIAN_POINT('',(10.447933,71.363326,4.245));
#5155 = VECTOR('',#5156,1.);
#5156 = DIRECTION('',(0.,0.,1.));
#5157 = ORIENTED_EDGE('',*,*,#2585,.T.);
#5158 = ORIENTED_EDGE('',*,*,#5118,.F.);
#5159 = ORIENTED_EDGE('',*,*,#998,.F.);
#5160 = PLANE('',#5161);
#5161 = AXIS2_PLACEMENT_3D('',#5162,#5163,#5164);
#5162 = CARTESIAN_POINT('',(10.447933,71.363326,4.245));
#5163 = DIRECTION('',(0.499995303914,0.866028115054,0.));
#5164 = DIRECTION('',(0.866028115054,-0.499995303914,0.));
#5165 = ADVANCED_FACE('',(#5166),#5177,.T.);
#5166 = FACE_BOUND('',#5167,.T.);
#5167 = EDGE_LOOP('',(#5168,#5169,#5170,#5176));
#5168 = ORIENTED_EDGE('',*,*,#5137,.T.);
#5169 = ORIENTED_EDGE('',*,*,#2713,.T.);
#5170 = ORIENTED_EDGE('',*,*,#5171,.F.);
#5171 = EDGE_CURVE('',#1119,#2706,#5172,.T.);
#5172 = LINE('',#5173,#5174);
#5173 = CARTESIAN_POINT('',(11.008006,71.686684,4.245));
#5174 = VECTOR('',#5175,1.);
#5175 = DIRECTION('',(0.,0.,1.));
#5176 = ORIENTED_EDGE('',*,*,#1126,.F.);
#5177 = PLANE('',#5178);
#5178 = AXIS2_PLACEMENT_3D('',#5179,#5180,#5181);
#5179 = CARTESIAN_POINT('',(11.008006,71.595316,4.245));
#5180 = DIRECTION('',(-1.,0.,0.));
#5181 = DIRECTION('',(0.,1.,0.));
#5182 = ADVANCED_FACE('',(#5183),#5194,.T.);
#5183 = FACE_BOUND('',#5184,.T.);
#5184 = EDGE_LOOP('',(#5185,#5191,#5192,#5193));
#5185 = ORIENTED_EDGE('',*,*,#5186,.T.);
#5186 = EDGE_CURVE('',#1007,#2594,#5187,.T.);
#5187 = LINE('',#5188,#5189);
#5188 = CARTESIAN_POINT('',(10.383326,71.427933,4.245));
#5189 = VECTOR('',#5190,1.);
#5190 = DIRECTION('',(0.,0.,1.));
#5191 = ORIENTED_EDGE('',*,*,#2593,.T.);
#5192 = ORIENTED_EDGE('',*,*,#5152,.F.);
#5193 = ORIENTED_EDGE('',*,*,#1006,.F.);
#5194 = PLANE('',#5195);
#5195 = AXIS2_PLACEMENT_3D('',#5196,#5197,#5198);
#5196 = CARTESIAN_POINT('',(10.383326,71.427933,4.245));
#5197 = DIRECTION('',(0.707106781187,0.707106781187,0.));
#5198 = DIRECTION('',(0.707106781187,-0.707106781187,0.));
#5199 = ADVANCED_FACE('',(#5200),#5211,.T.);
#5200 = FACE_BOUND('',#5201,.T.);
#5201 = EDGE_LOOP('',(#5202,#5203,#5204,#5210));
#5202 = ORIENTED_EDGE('',*,*,#5171,.T.);
#5203 = ORIENTED_EDGE('',*,*,#2705,.T.);
#5204 = ORIENTED_EDGE('',*,*,#5205,.F.);
#5205 = EDGE_CURVE('',#1111,#2698,#5206,.T.);
#5206 = LINE('',#5207,#5208);
#5207 = CARTESIAN_POINT('',(10.984358,71.774939,4.245));
#5208 = VECTOR('',#5209,1.);
#5209 = DIRECTION('',(0.,0.,1.));
#5210 = ORIENTED_EDGE('',*,*,#1118,.F.);
#5211 = PLANE('',#5212);
#5212 = AXIS2_PLACEMENT_3D('',#5213,#5214,#5215);
#5213 = CARTESIAN_POINT('',(11.008006,71.686684,4.245));
#5214 = DIRECTION('',(-0.965925432218,-0.258820515791,0.));
#5215 = DIRECTION('',(-0.258820515791,0.965925432218,0.));
#5216 = ADVANCED_FACE('',(#5217),#5228,.T.);
#5217 = FACE_BOUND('',#5218,.T.);
#5218 = EDGE_LOOP('',(#5219,#5225,#5226,#5227));
#5219 = ORIENTED_EDGE('',*,*,#5220,.T.);
#5220 = EDGE_CURVE('',#1015,#2602,#5221,.T.);
#5221 = LINE('',#5222,#5223);
#5222 = CARTESIAN_POINT('',(10.337642,71.507061,4.245));
#5223 = VECTOR('',#5224,1.);
#5224 = DIRECTION('',(0.,0.,1.));
#5225 = ORIENTED_EDGE('',*,*,#2601,.T.);
#5226 = ORIENTED_EDGE('',*,*,#5186,.F.);
#5227 = ORIENTED_EDGE('',*,*,#1014,.F.);
#5228 = PLANE('',#5229);
#5229 = AXIS2_PLACEMENT_3D('',#5230,#5231,#5232);
#5230 = CARTESIAN_POINT('',(10.337642,71.507061,4.245));
#5231 = DIRECTION('',(0.866028115054,0.499995303914,0.));
#5232 = DIRECTION('',(0.499995303914,-0.866028115054,0.));
#5233 = ADVANCED_FACE('',(#5234),#5245,.T.);
#5234 = FACE_BOUND('',#5235,.T.);
#5235 = EDGE_LOOP('',(#5236,#5237,#5238,#5244));
#5236 = ORIENTED_EDGE('',*,*,#5205,.T.);
#5237 = ORIENTED_EDGE('',*,*,#2697,.T.);
#5238 = ORIENTED_EDGE('',*,*,#5239,.F.);
#5239 = EDGE_CURVE('',#1103,#2690,#5240,.T.);
#5240 = LINE('',#5241,#5242);
#5241 = CARTESIAN_POINT('',(10.938674,71.854067,4.245));
#5242 = VECTOR('',#5243,1.);
#5243 = DIRECTION('',(0.,0.,1.));
#5244 = ORIENTED_EDGE('',*,*,#1110,.F.);
#5245 = PLANE('',#5246);
#5246 = AXIS2_PLACEMENT_3D('',#5247,#5248,#5249);
#5247 = CARTESIAN_POINT('',(10.984358,71.774939,4.245));
#5248 = DIRECTION('',(-0.866028115054,-0.499995303914,0.));
#5249 = DIRECTION('',(-0.499995303914,0.866028115054,0.));
#5250 = ADVANCED_FACE('',(#5251),#5262,.T.);
#5251 = FACE_BOUND('',#5252,.T.);
#5252 = EDGE_LOOP('',(#5253,#5259,#5260,#5261));
#5253 = ORIENTED_EDGE('',*,*,#5254,.T.);
#5254 = EDGE_CURVE('',#1023,#2610,#5255,.T.);
#5255 = LINE('',#5256,#5257);
#5256 = CARTESIAN_POINT('',(10.313994,71.595316,4.245));
#5257 = VECTOR('',#5258,1.);
#5258 = DIRECTION('',(0.,0.,1.));
#5259 = ORIENTED_EDGE('',*,*,#2609,.T.);
#5260 = ORIENTED_EDGE('',*,*,#5220,.F.);
#5261 = ORIENTED_EDGE('',*,*,#1022,.F.);
#5262 = PLANE('',#5263);
#5263 = AXIS2_PLACEMENT_3D('',#5264,#5265,#5266);
#5264 = CARTESIAN_POINT('',(10.313994,71.595316,4.245));
#5265 = DIRECTION('',(0.965925432218,0.258820515791,0.));
#5266 = DIRECTION('',(0.258820515791,-0.965925432218,0.));
#5267 = ADVANCED_FACE('',(#5268),#5279,.T.);
#5268 = FACE_BOUND('',#5269,.T.);
#5269 = EDGE_LOOP('',(#5270,#5271,#5272,#5278));
#5270 = ORIENTED_EDGE('',*,*,#5239,.T.);
#5271 = ORIENTED_EDGE('',*,*,#2689,.T.);
#5272 = ORIENTED_EDGE('',*,*,#5273,.F.);
#5273 = EDGE_CURVE('',#1095,#2682,#5274,.T.);
#5274 = LINE('',#5275,#5276);
#5275 = CARTESIAN_POINT('',(10.874067,71.918674,4.245));
#5276 = VECTOR('',#5277,1.);
#5277 = DIRECTION('',(0.,0.,1.));
#5278 = ORIENTED_EDGE('',*,*,#1102,.F.);
#5279 = PLANE('',#5280);
#5280 = AXIS2_PLACEMENT_3D('',#5281,#5282,#5283);
#5281 = CARTESIAN_POINT('',(10.938674,71.854067,4.245));
#5282 = DIRECTION('',(-0.707106781187,-0.707106781187,0.));
#5283 = DIRECTION('',(-0.707106781187,0.707106781187,0.));
#5284 = ADVANCED_FACE('',(#5285),#5296,.T.);
#5285 = FACE_BOUND('',#5286,.T.);
#5286 = EDGE_LOOP('',(#5287,#5293,#5294,#5295));
#5287 = ORIENTED_EDGE('',*,*,#5288,.T.);
#5288 = EDGE_CURVE('',#1031,#2618,#5289,.T.);
#5289 = LINE('',#5290,#5291);
#5290 = CARTESIAN_POINT('',(10.313994,71.686684,4.245));
#5291 = VECTOR('',#5292,1.);
#5292 = DIRECTION('',(0.,0.,1.));
#5293 = ORIENTED_EDGE('',*,*,#2617,.T.);
#5294 = ORIENTED_EDGE('',*,*,#5254,.F.);
#5295 = ORIENTED_EDGE('',*,*,#1030,.F.);
#5296 = PLANE('',#5297);
#5297 = AXIS2_PLACEMENT_3D('',#5298,#5299,#5300);
#5298 = CARTESIAN_POINT('',(10.313994,71.686684,4.245));
#5299 = DIRECTION('',(1.,0.,0.));
#5300 = DIRECTION('',(0.,-1.,0.));
#5301 = ADVANCED_FACE('',(#5302),#5313,.T.);
#5302 = FACE_BOUND('',#5303,.T.);
#5303 = EDGE_LOOP('',(#5304,#5305,#5306,#5312));
#5304 = ORIENTED_EDGE('',*,*,#5273,.T.);
#5305 = ORIENTED_EDGE('',*,*,#2681,.T.);
#5306 = ORIENTED_EDGE('',*,*,#5307,.F.);
#5307 = EDGE_CURVE('',#1087,#2674,#5308,.T.);
#5308 = LINE('',#5309,#5310);
#5309 = CARTESIAN_POINT('',(10.794939,71.964358,4.245));
#5310 = VECTOR('',#5311,1.);
#5311 = DIRECTION('',(0.,0.,1.));
#5312 = ORIENTED_EDGE('',*,*,#1094,.F.);
#5313 = PLANE('',#5314);
#5314 = AXIS2_PLACEMENT_3D('',#5315,#5316,#5317);
#5315 = CARTESIAN_POINT('',(10.874067,71.918674,4.245));
#5316 = DIRECTION('',(-0.499995303914,-0.866028115054,0.));
#5317 = DIRECTION('',(-0.866028115054,0.499995303914,0.));
#5318 = ADVANCED_FACE('',(#5319),#5330,.T.);
#5319 = FACE_BOUND('',#5320,.T.);
#5320 = EDGE_LOOP('',(#5321,#5327,#5328,#5329));
#5321 = ORIENTED_EDGE('',*,*,#5322,.T.);
#5322 = EDGE_CURVE('',#1039,#2626,#5323,.T.);
#5323 = LINE('',#5324,#5325);
#5324 = CARTESIAN_POINT('',(10.337642,71.774939,4.245));
#5325 = VECTOR('',#5326,1.);
#5326 = DIRECTION('',(0.,0.,1.));
#5327 = ORIENTED_EDGE('',*,*,#2625,.T.);
#5328 = ORIENTED_EDGE('',*,*,#5288,.F.);
#5329 = ORIENTED_EDGE('',*,*,#1038,.F.);
#5330 = PLANE('',#5331);
#5331 = AXIS2_PLACEMENT_3D('',#5332,#5333,#5334);
#5332 = CARTESIAN_POINT('',(10.337642,71.774939,4.245));
#5333 = DIRECTION('',(0.965925432218,-0.258820515791,0.));
#5334 = DIRECTION('',(-0.258820515791,-0.965925432218,0.));
#5335 = ADVANCED_FACE('',(#5336),#5347,.T.);
#5336 = FACE_BOUND('',#5337,.T.);
#5337 = EDGE_LOOP('',(#5338,#5339,#5340,#5346));
#5338 = ORIENTED_EDGE('',*,*,#5307,.T.);
#5339 = ORIENTED_EDGE('',*,*,#2673,.T.);
#5340 = ORIENTED_EDGE('',*,*,#5341,.F.);
#5341 = EDGE_CURVE('',#1079,#2666,#5342,.T.);
#5342 = LINE('',#5343,#5344);
#5343 = CARTESIAN_POINT('',(10.706684,71.988006,4.245));
#5344 = VECTOR('',#5345,1.);
#5345 = DIRECTION('',(0.,0.,1.));
#5346 = ORIENTED_EDGE('',*,*,#1086,.F.);
#5347 = PLANE('',#5348);
#5348 = AXIS2_PLACEMENT_3D('',#5349,#5350,#5351);
#5349 = CARTESIAN_POINT('',(10.794939,71.964358,4.245));
#5350 = DIRECTION('',(-0.258820515791,-0.965925432218,0.));
#5351 = DIRECTION('',(-0.965925432218,0.258820515791,0.));
#5352 = ADVANCED_FACE('',(#5353),#5364,.T.);
#5353 = FACE_BOUND('',#5354,.T.);
#5354 = EDGE_LOOP('',(#5355,#5361,#5362,#5363));
#5355 = ORIENTED_EDGE('',*,*,#5356,.T.);
#5356 = EDGE_CURVE('',#1047,#2634,#5357,.T.);
#5357 = LINE('',#5358,#5359);
#5358 = CARTESIAN_POINT('',(10.383326,71.854067,4.245));
#5359 = VECTOR('',#5360,1.);
#5360 = DIRECTION('',(0.,0.,1.));
#5361 = ORIENTED_EDGE('',*,*,#2633,.T.);
#5362 = ORIENTED_EDGE('',*,*,#5322,.F.);
#5363 = ORIENTED_EDGE('',*,*,#1046,.F.);
#5364 = PLANE('',#5365);
#5365 = AXIS2_PLACEMENT_3D('',#5366,#5367,#5368);
#5366 = CARTESIAN_POINT('',(10.383326,71.854067,4.245));
#5367 = DIRECTION('',(0.866028115054,-0.499995303914,0.));
#5368 = DIRECTION('',(-0.499995303914,-0.866028115054,0.));
#5369 = ADVANCED_FACE('',(#5370),#5381,.T.);
#5370 = FACE_BOUND('',#5371,.T.);
#5371 = EDGE_LOOP('',(#5372,#5373,#5374,#5380));
#5372 = ORIENTED_EDGE('',*,*,#5341,.T.);
#5373 = ORIENTED_EDGE('',*,*,#2665,.T.);
#5374 = ORIENTED_EDGE('',*,*,#5375,.F.);
#5375 = EDGE_CURVE('',#1071,#2658,#5376,.T.);
#5376 = LINE('',#5377,#5378);
#5377 = CARTESIAN_POINT('',(10.615316,71.988006,4.245));
#5378 = VECTOR('',#5379,1.);
#5379 = DIRECTION('',(0.,0.,1.));
#5380 = ORIENTED_EDGE('',*,*,#1078,.F.);
#5381 = PLANE('',#5382);
#5382 = AXIS2_PLACEMENT_3D('',#5383,#5384,#5385);
#5383 = CARTESIAN_POINT('',(10.706684,71.988006,4.245));
#5384 = DIRECTION('',(0.,-1.,0.));
#5385 = DIRECTION('',(-1.,0.,0.));
#5386 = ADVANCED_FACE('',(#5387),#5398,.T.);
#5387 = FACE_BOUND('',#5388,.T.);
#5388 = EDGE_LOOP('',(#5389,#5395,#5396,#5397));
#5389 = ORIENTED_EDGE('',*,*,#5390,.T.);
#5390 = EDGE_CURVE('',#1055,#2642,#5391,.T.);
#5391 = LINE('',#5392,#5393);
#5392 = CARTESIAN_POINT('',(10.447933,71.918674,4.245));
#5393 = VECTOR('',#5394,1.);
#5394 = DIRECTION('',(0.,0.,1.));
#5395 = ORIENTED_EDGE('',*,*,#2641,.T.);
#5396 = ORIENTED_EDGE('',*,*,#5356,.F.);
#5397 = ORIENTED_EDGE('',*,*,#1054,.F.);
#5398 = PLANE('',#5399);
#5399 = AXIS2_PLACEMENT_3D('',#5400,#5401,#5402);
#5400 = CARTESIAN_POINT('',(10.447933,71.918674,4.245));
#5401 = DIRECTION('',(0.707106781187,-0.707106781187,0.));
#5402 = DIRECTION('',(-0.707106781187,-0.707106781187,0.));
#5403 = ADVANCED_FACE('',(#5404),#5415,.T.);
#5404 = FACE_BOUND('',#5405,.T.);
#5405 = EDGE_LOOP('',(#5406,#5407,#5408,#5414));
#5406 = ORIENTED_EDGE('',*,*,#5375,.T.);
#5407 = ORIENTED_EDGE('',*,*,#2657,.T.);
#5408 = ORIENTED_EDGE('',*,*,#5409,.F.);
#5409 = EDGE_CURVE('',#1063,#2650,#5410,.T.);
#5410 = LINE('',#5411,#5412);
#5411 = CARTESIAN_POINT('',(10.527061,71.964358,4.245));
#5412 = VECTOR('',#5413,1.);
#5413 = DIRECTION('',(0.,0.,1.));
#5414 = ORIENTED_EDGE('',*,*,#1070,.F.);
#5415 = PLANE('',#5416);
#5416 = AXIS2_PLACEMENT_3D('',#5417,#5418,#5419);
#5417 = CARTESIAN_POINT('',(10.615316,71.988006,4.245));
#5418 = DIRECTION('',(0.258820515791,-0.965925432218,0.));
#5419 = DIRECTION('',(-0.965925432218,-0.258820515791,0.));
#5420 = ADVANCED_FACE('',(#5421),#5427,.T.);
#5421 = FACE_BOUND('',#5422,.T.);
#5422 = EDGE_LOOP('',(#5423,#5424,#5425,#5426));
#5423 = ORIENTED_EDGE('',*,*,#5409,.T.);
#5424 = ORIENTED_EDGE('',*,*,#2649,.T.);
#5425 = ORIENTED_EDGE('',*,*,#5390,.F.);
#5426 = ORIENTED_EDGE('',*,*,#1062,.F.);
#5427 = PLANE('',#5428);
#5428 = AXIS2_PLACEMENT_3D('',#5429,#5430,#5431);
#5429 = CARTESIAN_POINT('',(10.527061,71.964358,4.245));
#5430 = DIRECTION('',(0.499995303914,-0.866028115054,0.));
#5431 = DIRECTION('',(-0.866028115054,-0.499995303914,0.));
#5432 = ADVANCED_FACE('',(#5433),#5449,.F.);
#5433 = FACE_BOUND('',#5434,.F.);
#5434 = EDGE_LOOP('',(#5435,#5441,#5442,#5448));
#5435 = ORIENTED_EDGE('',*,*,#5436,.T.);
#5436 = EDGE_CURVE('',#1159,#2746,#5437,.T.);
#5437 = LINE('',#5438,#5439);
#5438 = CARTESIAN_POINT('',(8.926,75.621,4.199));
#5439 = VECTOR('',#5440,1.);
#5440 = DIRECTION('',(0.,0.,1.));
#5441 = ORIENTED_EDGE('',*,*,#2745,.T.);
#5442 = ORIENTED_EDGE('',*,*,#5443,.F.);
#5443 = EDGE_CURVE('',#1161,#2748,#5444,.T.);
#5444 = LINE('',#5445,#5446);
#5445 = CARTESIAN_POINT('',(9.526,75.621,4.199));
#5446 = VECTOR('',#5447,1.);
#5447 = DIRECTION('',(0.,0.,1.));
#5448 = ORIENTED_EDGE('',*,*,#1158,.F.);
#5449 = CYLINDRICAL_SURFACE('',#5450,0.3);
#5450 = AXIS2_PLACEMENT_3D('',#5451,#5452,#5453);
#5451 = CARTESIAN_POINT('',(9.226,75.621,4.199));
#5452 = DIRECTION('',(0.,0.,-1.));
#5453 = DIRECTION('',(1.,-4.737E-14,0.));
#5454 = ADVANCED_FACE('',(#5455),#5466,.T.);
#5455 = FACE_BOUND('',#5456,.T.);
#5456 = EDGE_LOOP('',(#5457,#5458,#5459,#5460));
#5457 = ORIENTED_EDGE('',*,*,#1186,.T.);
#5458 = ORIENTED_EDGE('',*,*,#5436,.T.);
#5459 = ORIENTED_EDGE('',*,*,#2773,.F.);
#5460 = ORIENTED_EDGE('',*,*,#5461,.F.);
#5461 = EDGE_CURVE('',#1178,#2765,#5462,.T.);
#5462 = LINE('',#5463,#5464);
#5463 = CARTESIAN_POINT('',(8.926,75.021,4.199));
#5464 = VECTOR('',#5465,1.);
#5465 = DIRECTION('',(0.,0.,1.));
#5466 = PLANE('',#5467);
#5467 = AXIS2_PLACEMENT_3D('',#5468,#5469,#5470);
#5468 = CARTESIAN_POINT('',(8.926,75.621,4.199));
#5469 = DIRECTION('',(1.,0.,0.));
#5470 = DIRECTION('',(0.,-1.,0.));
#5471 = ADVANCED_FACE('',(#5472),#5483,.F.);
#5472 = FACE_BOUND('',#5473,.F.);
#5473 = EDGE_LOOP('',(#5474,#5480,#5481,#5482));
#5474 = ORIENTED_EDGE('',*,*,#5475,.T.);
#5475 = EDGE_CURVE('',#1170,#2757,#5476,.T.);
#5476 = LINE('',#5477,#5478);
#5477 = CARTESIAN_POINT('',(9.526,75.021,4.199));
#5478 = VECTOR('',#5479,1.);
#5479 = DIRECTION('',(0.,0.,1.));
#5480 = ORIENTED_EDGE('',*,*,#2764,.T.);
#5481 = ORIENTED_EDGE('',*,*,#5461,.F.);
#5482 = ORIENTED_EDGE('',*,*,#1177,.F.);
#5483 = CYLINDRICAL_SURFACE('',#5484,0.3);
#5484 = AXIS2_PLACEMENT_3D('',#5485,#5486,#5487);
#5485 = CARTESIAN_POINT('',(9.226,75.021,4.199));
#5486 = DIRECTION('',(0.,0.,-1.));
#5487 = DIRECTION('',(-1.,-4.737E-14,0.));
#5488 = ADVANCED_FACE('',(#5489),#5495,.T.);
#5489 = FACE_BOUND('',#5490,.T.);
#5490 = EDGE_LOOP('',(#5491,#5492,#5493,#5494));
#5491 = ORIENTED_EDGE('',*,*,#1169,.T.);
#5492 = ORIENTED_EDGE('',*,*,#5475,.T.);
#5493 = ORIENTED_EDGE('',*,*,#2756,.F.);
#5494 = ORIENTED_EDGE('',*,*,#5443,.F.);
#5495 = PLANE('',#5496);
#5496 = AXIS2_PLACEMENT_3D('',#5497,#5498,#5499);
#5497 = CARTESIAN_POINT('',(9.526,75.021,4.199));
#5498 = DIRECTION('',(-1.,0.,0.));
#5499 = DIRECTION('',(0.,1.,0.));
#5500 = ADVANCED_FACE('',(#5501),#5517,.F.);
#5501 = FACE_BOUND('',#5502,.F.);
#5502 = EDGE_LOOP('',(#5503,#5509,#5510,#5516));
#5503 = ORIENTED_EDGE('',*,*,#5504,.T.);
#5504 = EDGE_CURVE('',#1195,#2782,#5505,.T.);
#5505 = LINE('',#5506,#5507);
#5506 = CARTESIAN_POINT('',(8.926,71.571,4.199));
#5507 = VECTOR('',#5508,1.);
#5508 = DIRECTION('',(0.,0.,1.));
#5509 = ORIENTED_EDGE('',*,*,#2781,.T.);
#5510 = ORIENTED_EDGE('',*,*,#5511,.F.);
#5511 = EDGE_CURVE('',#1197,#2784,#5512,.T.);
#5512 = LINE('',#5513,#5514);
#5513 = CARTESIAN_POINT('',(9.526,71.571,4.199));
#5514 = VECTOR('',#5515,1.);
#5515 = DIRECTION('',(0.,0.,1.));
#5516 = ORIENTED_EDGE('',*,*,#1194,.F.);
#5517 = CYLINDRICAL_SURFACE('',#5518,0.3);
#5518 = AXIS2_PLACEMENT_3D('',#5519,#5520,#5521);
#5519 = CARTESIAN_POINT('',(9.226,71.571,4.199));
#5520 = DIRECTION('',(0.,0.,-1.));
#5521 = DIRECTION('',(1.,0.,0.));
#5522 = ADVANCED_FACE('',(#5523),#5534,.T.);
#5523 = FACE_BOUND('',#5524,.T.);
#5524 = EDGE_LOOP('',(#5525,#5526,#5527,#5528));
#5525 = ORIENTED_EDGE('',*,*,#1222,.T.);
#5526 = ORIENTED_EDGE('',*,*,#5504,.T.);
#5527 = ORIENTED_EDGE('',*,*,#2809,.F.);
#5528 = ORIENTED_EDGE('',*,*,#5529,.F.);
#5529 = EDGE_CURVE('',#1214,#2801,#5530,.T.);
#5530 = LINE('',#5531,#5532);
#5531 = CARTESIAN_POINT('',(8.926,70.671,4.199));
#5532 = VECTOR('',#5533,1.);
#5533 = DIRECTION('',(0.,0.,1.));
#5534 = PLANE('',#5535);
#5535 = AXIS2_PLACEMENT_3D('',#5536,#5537,#5538);
#5536 = CARTESIAN_POINT('',(8.926,71.571,4.199));
#5537 = DIRECTION('',(1.,0.,0.));
#5538 = DIRECTION('',(0.,-1.,0.));
#5539 = ADVANCED_FACE('',(#5540),#5551,.F.);
#5540 = FACE_BOUND('',#5541,.F.);
#5541 = EDGE_LOOP('',(#5542,#5548,#5549,#5550));
#5542 = ORIENTED_EDGE('',*,*,#5543,.T.);
#5543 = EDGE_CURVE('',#1206,#2793,#5544,.T.);
#5544 = LINE('',#5545,#5546);
#5545 = CARTESIAN_POINT('',(9.526,70.671,4.199));
#5546 = VECTOR('',#5547,1.);
#5547 = DIRECTION('',(0.,0.,1.));
#5548 = ORIENTED_EDGE('',*,*,#2800,.T.);
#5549 = ORIENTED_EDGE('',*,*,#5529,.F.);
#5550 = ORIENTED_EDGE('',*,*,#1213,.F.);
#5551 = CYLINDRICAL_SURFACE('',#5552,0.3);
#5552 = AXIS2_PLACEMENT_3D('',#5553,#5554,#5555);
#5553 = CARTESIAN_POINT('',(9.226,70.671,4.199));
#5554 = DIRECTION('',(0.,0.,-1.));
#5555 = DIRECTION('',(-1.,4.737E-14,0.));
#5556 = ADVANCED_FACE('',(#5557),#5563,.T.);
#5557 = FACE_BOUND('',#5558,.T.);
#5558 = EDGE_LOOP('',(#5559,#5560,#5561,#5562));
#5559 = ORIENTED_EDGE('',*,*,#1205,.T.);
#5560 = ORIENTED_EDGE('',*,*,#5543,.T.);
#5561 = ORIENTED_EDGE('',*,*,#2792,.F.);
#5562 = ORIENTED_EDGE('',*,*,#5511,.F.);
#5563 = PLANE('',#5564);
#5564 = AXIS2_PLACEMENT_3D('',#5565,#5566,#5567);
#5565 = CARTESIAN_POINT('',(9.526,70.671,4.199));
#5566 = DIRECTION('',(-1.,0.,0.));
#5567 = DIRECTION('',(0.,1.,0.));
#5568 = ADVANCED_FACE('',(#5569),#5580,.F.);
#5569 = FACE_BOUND('',#5570,.F.);
#5570 = EDGE_LOOP('',(#5571,#5577,#5578,#5579));
#5571 = ORIENTED_EDGE('',*,*,#5572,.T.);
#5572 = EDGE_CURVE('',#1231,#2818,#5573,.T.);
#5573 = LINE('',#5574,#5575);
#5574 = CARTESIAN_POINT('',(6.566,75.732,4.199));
#5575 = VECTOR('',#5576,1.);
#5576 = DIRECTION('',(0.,0.,1.));
#5577 = ORIENTED_EDGE('',*,*,#2817,.T.);
#5578 = ORIENTED_EDGE('',*,*,#5572,.F.);
#5579 = ORIENTED_EDGE('',*,*,#1230,.F.);
#5580 = CYLINDRICAL_SURFACE('',#5581,0.5);
#5581 = AXIS2_PLACEMENT_3D('',#5582,#5583,#5584);
#5582 = CARTESIAN_POINT('',(6.566,75.232,4.199));
#5583 = DIRECTION('',(0.,0.,-1.));
#5584 = DIRECTION('',(0.,1.,0.));
#5585 = ADVANCED_FACE('',(#5586),#5597,.F.);
#5586 = FACE_BOUND('',#5587,.F.);
#5587 = EDGE_LOOP('',(#5588,#5594,#5595,#5596));
#5588 = ORIENTED_EDGE('',*,*,#5589,.T.);
#5589 = EDGE_CURVE('',#1242,#2829,#5590,.T.);
#5590 = LINE('',#5591,#5592);
#5591 = CARTESIAN_POINT('',(4.026,75.732,4.199));
#5592 = VECTOR('',#5593,1.);
#5593 = DIRECTION('',(0.,0.,1.));
#5594 = ORIENTED_EDGE('',*,*,#2828,.T.);
#5595 = ORIENTED_EDGE('',*,*,#5589,.F.);
#5596 = ORIENTED_EDGE('',*,*,#1241,.F.);
#5597 = CYLINDRICAL_SURFACE('',#5598,0.5);
#5598 = AXIS2_PLACEMENT_3D('',#5599,#5600,#5601);
#5599 = CARTESIAN_POINT('',(4.026,75.232,4.199));
#5600 = DIRECTION('',(0.,0.,-1.));
#5601 = DIRECTION('',(0.,1.,0.));
#5602 = ADVANCED_FACE('',(#5603),#5614,.F.);
#5603 = FACE_BOUND('',#5604,.F.);
#5604 = EDGE_LOOP('',(#5605,#5611,#5612,#5613));
#5605 = ORIENTED_EDGE('',*,*,#5606,.T.);
#5606 = EDGE_CURVE('',#1253,#2840,#5607,.T.);
#5607 = LINE('',#5608,#5609);
#5608 = CARTESIAN_POINT('',(3.264,57.113,4.199));
#5609 = VECTOR('',#5610,1.);
#5610 = DIRECTION('',(0.,0.,1.));
#5611 = ORIENTED_EDGE('',*,*,#2839,.T.);
#5612 = ORIENTED_EDGE('',*,*,#5606,.F.);
#5613 = ORIENTED_EDGE('',*,*,#1252,.F.);
#5614 = CYLINDRICAL_SURFACE('',#5615,0.55);
#5615 = AXIS2_PLACEMENT_3D('',#5616,#5617,#5618);
#5616 = CARTESIAN_POINT('',(3.264,56.563,4.199));
#5617 = DIRECTION('',(0.,0.,-1.));
#5618 = DIRECTION('',(1.292E-14,1.,0.));
#5619 = ADVANCED_FACE('',(#5620),#5631,.F.);
#5620 = FACE_BOUND('',#5621,.F.);
#5621 = EDGE_LOOP('',(#5622,#5628,#5629,#5630));
#5622 = ORIENTED_EDGE('',*,*,#5623,.T.);
#5623 = EDGE_CURVE('',#1264,#2851,#5624,.T.);
#5624 = LINE('',#5625,#5626);
#5625 = CARTESIAN_POINT('',(3.264,54.573,4.199));
#5626 = VECTOR('',#5627,1.);
#5627 = DIRECTION('',(0.,0.,1.));
#5628 = ORIENTED_EDGE('',*,*,#2850,.T.);
#5629 = ORIENTED_EDGE('',*,*,#5623,.F.);
#5630 = ORIENTED_EDGE('',*,*,#1263,.F.);
#5631 = CYLINDRICAL_SURFACE('',#5632,0.55);
#5632 = AXIS2_PLACEMENT_3D('',#5633,#5634,#5635);
#5633 = CARTESIAN_POINT('',(3.264,54.023,4.199));
#5634 = DIRECTION('',(0.,0.,-1.));
#5635 = DIRECTION('',(1.292E-14,1.,0.));
#5636 = ADVANCED_FACE('',(#5637),#5648,.F.);
#5637 = FACE_BOUND('',#5638,.F.);
#5638 = EDGE_LOOP('',(#5639,#5645,#5646,#5647));
#5639 = ORIENTED_EDGE('',*,*,#5640,.T.);
#5640 = EDGE_CURVE('',#1275,#2862,#5641,.T.);
#5641 = LINE('',#5642,#5643);
#5642 = CARTESIAN_POINT('',(3.264,52.033,4.199));
#5643 = VECTOR('',#5644,1.);
#5644 = DIRECTION('',(0.,0.,1.));
#5645 = ORIENTED_EDGE('',*,*,#2861,.T.);
#5646 = ORIENTED_EDGE('',*,*,#5640,.F.);
#5647 = ORIENTED_EDGE('',*,*,#1274,.F.);
#5648 = CYLINDRICAL_SURFACE('',#5649,0.55);
#5649 = AXIS2_PLACEMENT_3D('',#5650,#5651,#5652);
#5650 = CARTESIAN_POINT('',(3.264,51.483,4.199));
#5651 = DIRECTION('',(0.,0.,-1.));
#5652 = DIRECTION('',(1.292E-14,1.,0.));
#5653 = ADVANCED_FACE('',(#5654),#5665,.F.);
#5654 = FACE_BOUND('',#5655,.F.);
#5655 = EDGE_LOOP('',(#5656,#5662,#5663,#5664));
#5656 = ORIENTED_EDGE('',*,*,#5657,.T.);
#5657 = EDGE_CURVE('',#1286,#2873,#5658,.T.);
#5658 = LINE('',#5659,#5660);
#5659 = CARTESIAN_POINT('',(37.427,36.4608,4.199));
#5660 = VECTOR('',#5661,1.);
#5661 = DIRECTION('',(0.,0.,1.));
#5662 = ORIENTED_EDGE('',*,*,#2872,.T.);
#5663 = ORIENTED_EDGE('',*,*,#5657,.F.);
#5664 = ORIENTED_EDGE('',*,*,#1285,.F.);
#5665 = CYLINDRICAL_SURFACE('',#5666,1.1);
#5666 = AXIS2_PLACEMENT_3D('',#5667,#5668,#5669);
#5667 = CARTESIAN_POINT('',(37.427,35.3608,4.199));
#5668 = DIRECTION('',(0.,0.,-1.));
#5669 = DIRECTION('',(0.,1.,0.));
#5670 = ADVANCED_FACE('',(#5671),#5687,.T.);
#5671 = FACE_BOUND('',#5672,.T.);
#5672 = EDGE_LOOP('',(#5673,#5679,#5680,#5686));
#5673 = ORIENTED_EDGE('',*,*,#5674,.T.);
#5674 = EDGE_CURVE('',#1297,#2884,#5675,.T.);
#5675 = LINE('',#5676,#5677);
#5676 = CARTESIAN_POINT('',(43.22961,19.259672,4.245));
#5677 = VECTOR('',#5678,1.);
#5678 = DIRECTION('',(0.,0.,1.));
#5679 = ORIENTED_EDGE('',*,*,#2883,.T.);
#5680 = ORIENTED_EDGE('',*,*,#5681,.F.);
#5681 = EDGE_CURVE('',#1299,#2886,#5682,.T.);
#5682 = LINE('',#5683,#5684);
#5683 = CARTESIAN_POINT('',(43.365257,19.337988,4.245));
#5684 = VECTOR('',#5685,1.);
#5685 = DIRECTION('',(0.,0.,1.));
#5686 = ORIENTED_EDGE('',*,*,#1296,.F.);
#5687 = PLANE('',#5688);
#5688 = AXIS2_PLACEMENT_3D('',#5689,#5690,#5691);
#5689 = CARTESIAN_POINT('',(43.22961,19.259672,4.245));
#5690 = DIRECTION('',(-0.500000804603,0.866024939246,0.));
#5691 = DIRECTION('',(0.866024939246,0.500000804603,0.));
#5692 = ADVANCED_FACE('',(#5693),#5704,.T.);
#5693 = FACE_BOUND('',#5694,.T.);
#5694 = EDGE_LOOP('',(#5695,#5701,#5702,#5703));
#5695 = ORIENTED_EDGE('',*,*,#5696,.T.);
#5696 = EDGE_CURVE('',#1307,#2894,#5697,.T.);
#5697 = LINE('',#5698,#5699);
#5698 = CARTESIAN_POINT('',(43.078316,19.219133,4.245));
#5699 = VECTOR('',#5700,1.);
#5700 = DIRECTION('',(0.,0.,1.));
#5701 = ORIENTED_EDGE('',*,*,#2893,.T.);
#5702 = ORIENTED_EDGE('',*,*,#5674,.F.);
#5703 = ORIENTED_EDGE('',*,*,#1306,.F.);
#5704 = PLANE('',#5705);
#5705 = AXIS2_PLACEMENT_3D('',#5706,#5707,#5708);
#5706 = CARTESIAN_POINT('',(43.078316,19.219133,4.245));
#5707 = DIRECTION('',(-0.25881841893,0.965925994071,0.));
#5708 = DIRECTION('',(0.965925994071,0.25881841893,0.));
#5709 = ADVANCED_FACE('',(#5710),#5721,.T.);
#5710 = FACE_BOUND('',#5711,.T.);
#5711 = EDGE_LOOP('',(#5712,#5713,#5714,#5720));
#5712 = ORIENTED_EDGE('',*,*,#5681,.T.);
#5713 = ORIENTED_EDGE('',*,*,#3069,.T.);
#5714 = ORIENTED_EDGE('',*,*,#5715,.F.);
#5715 = EDGE_CURVE('',#1475,#3062,#5716,.T.);
#5716 = LINE('',#5717,#5718);
#5717 = CARTESIAN_POINT('',(43.476012,19.448743,4.245));
#5718 = VECTOR('',#5719,1.);
#5719 = DIRECTION('',(0.,0.,1.));
#5720 = ORIENTED_EDGE('',*,*,#1482,.F.);
#5721 = PLANE('',#5722);
#5722 = AXIS2_PLACEMENT_3D('',#5723,#5724,#5725);
#5723 = CARTESIAN_POINT('',(43.365257,19.337988,4.245));
#5724 = DIRECTION('',(-0.707106781187,0.707106781187,0.));
#5725 = DIRECTION('',(0.707106781187,0.707106781187,0.));
#5726 = ADVANCED_FACE('',(#5727),#5738,.T.);
#5727 = FACE_BOUND('',#5728,.T.);
#5728 = EDGE_LOOP('',(#5729,#5735,#5736,#5737));
#5729 = ORIENTED_EDGE('',*,*,#5730,.T.);
#5730 = EDGE_CURVE('',#1315,#2902,#5731,.T.);
#5731 = LINE('',#5732,#5733);
#5732 = CARTESIAN_POINT('',(42.921684,19.219133,4.245));
#5733 = VECTOR('',#5734,1.);
#5734 = DIRECTION('',(0.,0.,1.));
#5735 = ORIENTED_EDGE('',*,*,#2901,.T.);
#5736 = ORIENTED_EDGE('',*,*,#5696,.F.);
#5737 = ORIENTED_EDGE('',*,*,#1314,.F.);
#5738 = PLANE('',#5739);
#5739 = AXIS2_PLACEMENT_3D('',#5740,#5741,#5742);
#5740 = CARTESIAN_POINT('',(42.921684,19.219133,4.245));
#5741 = DIRECTION('',(0.,1.,0.));
#5742 = DIRECTION('',(1.,0.,0.));
#5743 = ADVANCED_FACE('',(#5744),#5755,.T.);
#5744 = FACE_BOUND('',#5745,.T.);
#5745 = EDGE_LOOP('',(#5746,#5747,#5748,#5754));
#5746 = ORIENTED_EDGE('',*,*,#5715,.T.);
#5747 = ORIENTED_EDGE('',*,*,#3061,.T.);
#5748 = ORIENTED_EDGE('',*,*,#5749,.F.);
#5749 = EDGE_CURVE('',#1467,#3054,#5750,.T.);
#5750 = LINE('',#5751,#5752);
#5751 = CARTESIAN_POINT('',(43.554328,19.58439,4.245));
#5752 = VECTOR('',#5753,1.);
#5753 = DIRECTION('',(0.,0.,1.));
#5754 = ORIENTED_EDGE('',*,*,#1474,.F.);
#5755 = PLANE('',#5756);
#5756 = AXIS2_PLACEMENT_3D('',#5757,#5758,#5759);
#5757 = CARTESIAN_POINT('',(43.476012,19.448743,4.245));
#5758 = DIRECTION('',(-0.866024939246,0.500000804603,0.));
#5759 = DIRECTION('',(0.500000804603,0.866024939246,0.));
#5760 = ADVANCED_FACE('',(#5761),#5772,.T.);
#5761 = FACE_BOUND('',#5762,.T.);
#5762 = EDGE_LOOP('',(#5763,#5769,#5770,#5771));
#5763 = ORIENTED_EDGE('',*,*,#5764,.T.);
#5764 = EDGE_CURVE('',#1323,#2910,#5765,.T.);
#5765 = LINE('',#5766,#5767);
#5766 = CARTESIAN_POINT('',(42.77039,19.259672,4.245));
#5767 = VECTOR('',#5768,1.);
#5768 = DIRECTION('',(0.,0.,1.));
#5769 = ORIENTED_EDGE('',*,*,#2909,.T.);
#5770 = ORIENTED_EDGE('',*,*,#5730,.F.);
#5771 = ORIENTED_EDGE('',*,*,#1322,.F.);
#5772 = PLANE('',#5773);
#5773 = AXIS2_PLACEMENT_3D('',#5774,#5775,#5776);
#5774 = CARTESIAN_POINT('',(42.77039,19.259672,4.245));
#5775 = DIRECTION('',(0.25881841893,0.965925994071,0.));
#5776 = DIRECTION('',(0.965925994071,-0.25881841893,0.));
#5777 = ADVANCED_FACE('',(#5778),#5789,.T.);
#5778 = FACE_BOUND('',#5779,.T.);
#5779 = EDGE_LOOP('',(#5780,#5781,#5782,#5788));
#5780 = ORIENTED_EDGE('',*,*,#5749,.T.);
#5781 = ORIENTED_EDGE('',*,*,#3053,.T.);
#5782 = ORIENTED_EDGE('',*,*,#5783,.F.);
#5783 = EDGE_CURVE('',#1459,#3046,#5784,.T.);
#5784 = LINE('',#5785,#5786);
#5785 = CARTESIAN_POINT('',(43.594867,19.735684,4.245));
#5786 = VECTOR('',#5787,1.);
#5787 = DIRECTION('',(0.,0.,1.));
#5788 = ORIENTED_EDGE('',*,*,#1466,.F.);
#5789 = PLANE('',#5790);
#5790 = AXIS2_PLACEMENT_3D('',#5791,#5792,#5793);
#5791 = CARTESIAN_POINT('',(43.554328,19.58439,4.245));
#5792 = DIRECTION('',(-0.965925994071,0.25881841893,0.));
#5793 = DIRECTION('',(0.25881841893,0.965925994071,0.));
#5794 = ADVANCED_FACE('',(#5795),#5806,.T.);
#5795 = FACE_BOUND('',#5796,.T.);
#5796 = EDGE_LOOP('',(#5797,#5803,#5804,#5805));
#5797 = ORIENTED_EDGE('',*,*,#5798,.T.);
#5798 = EDGE_CURVE('',#1331,#2918,#5799,.T.);
#5799 = LINE('',#5800,#5801);
#5800 = CARTESIAN_POINT('',(42.634743,19.337988,4.245));
#5801 = VECTOR('',#5802,1.);
#5802 = DIRECTION('',(0.,0.,1.));
#5803 = ORIENTED_EDGE('',*,*,#2917,.T.);
#5804 = ORIENTED_EDGE('',*,*,#5764,.F.);
#5805 = ORIENTED_EDGE('',*,*,#1330,.F.);
#5806 = PLANE('',#5807);
#5807 = AXIS2_PLACEMENT_3D('',#5808,#5809,#5810);
#5808 = CARTESIAN_POINT('',(42.634743,19.337988,4.245));
#5809 = DIRECTION('',(0.500000804603,0.866024939246,0.));
#5810 = DIRECTION('',(0.866024939246,-0.500000804603,0.));
#5811 = ADVANCED_FACE('',(#5812),#5823,.T.);
#5812 = FACE_BOUND('',#5813,.T.);
#5813 = EDGE_LOOP('',(#5814,#5815,#5816,#5822));
#5814 = ORIENTED_EDGE('',*,*,#5783,.T.);
#5815 = ORIENTED_EDGE('',*,*,#3045,.T.);
#5816 = ORIENTED_EDGE('',*,*,#5817,.F.);
#5817 = EDGE_CURVE('',#1451,#3038,#5818,.T.);
#5818 = LINE('',#5819,#5820);
#5819 = CARTESIAN_POINT('',(43.594867,19.892316,4.245));
#5820 = VECTOR('',#5821,1.);
#5821 = DIRECTION('',(0.,0.,1.));
#5822 = ORIENTED_EDGE('',*,*,#1458,.F.);
#5823 = PLANE('',#5824);
#5824 = AXIS2_PLACEMENT_3D('',#5825,#5826,#5827);
#5825 = CARTESIAN_POINT('',(43.594867,19.735684,4.245));
#5826 = DIRECTION('',(-1.,0.,0.));
#5827 = DIRECTION('',(0.,1.,0.));
#5828 = ADVANCED_FACE('',(#5829),#5840,.T.);
#5829 = FACE_BOUND('',#5830,.T.);
#5830 = EDGE_LOOP('',(#5831,#5837,#5838,#5839));
#5831 = ORIENTED_EDGE('',*,*,#5832,.T.);
#5832 = EDGE_CURVE('',#1339,#2926,#5833,.T.);
#5833 = LINE('',#5834,#5835);
#5834 = CARTESIAN_POINT('',(42.523988,19.448743,4.245));
#5835 = VECTOR('',#5836,1.);
#5836 = DIRECTION('',(0.,0.,1.));
#5837 = ORIENTED_EDGE('',*,*,#2925,.T.);
#5838 = ORIENTED_EDGE('',*,*,#5798,.F.);
#5839 = ORIENTED_EDGE('',*,*,#1338,.F.);
#5840 = PLANE('',#5841);
#5841 = AXIS2_PLACEMENT_3D('',#5842,#5843,#5844);
#5842 = CARTESIAN_POINT('',(42.523988,19.448743,4.245));
#5843 = DIRECTION('',(0.707106781187,0.707106781187,0.));
#5844 = DIRECTION('',(0.707106781187,-0.707106781187,0.));
#5845 = ADVANCED_FACE('',(#5846),#5857,.T.);
#5846 = FACE_BOUND('',#5847,.T.);
#5847 = EDGE_LOOP('',(#5848,#5849,#5850,#5856));
#5848 = ORIENTED_EDGE('',*,*,#5817,.T.);
#5849 = ORIENTED_EDGE('',*,*,#3037,.T.);
#5850 = ORIENTED_EDGE('',*,*,#5851,.F.);
#5851 = EDGE_CURVE('',#1443,#3030,#5852,.T.);
#5852 = LINE('',#5853,#5854);
#5853 = CARTESIAN_POINT('',(43.554328,20.04361,4.245));
#5854 = VECTOR('',#5855,1.);
#5855 = DIRECTION('',(0.,0.,1.));
#5856 = ORIENTED_EDGE('',*,*,#1450,.F.);
#5857 = PLANE('',#5858);
#5858 = AXIS2_PLACEMENT_3D('',#5859,#5860,#5861);
#5859 = CARTESIAN_POINT('',(43.594867,19.892316,4.245));
#5860 = DIRECTION('',(-0.965925994071,-0.25881841893,0.));
#5861 = DIRECTION('',(-0.25881841893,0.965925994071,0.));
#5862 = ADVANCED_FACE('',(#5863),#5874,.T.);
#5863 = FACE_BOUND('',#5864,.T.);
#5864 = EDGE_LOOP('',(#5865,#5871,#5872,#5873));
#5865 = ORIENTED_EDGE('',*,*,#5866,.T.);
#5866 = EDGE_CURVE('',#1347,#2934,#5867,.T.);
#5867 = LINE('',#5868,#5869);
#5868 = CARTESIAN_POINT('',(42.445672,19.58439,4.245));
#5869 = VECTOR('',#5870,1.);
#5870 = DIRECTION('',(0.,0.,1.));
#5871 = ORIENTED_EDGE('',*,*,#2933,.T.);
#5872 = ORIENTED_EDGE('',*,*,#5832,.F.);
#5873 = ORIENTED_EDGE('',*,*,#1346,.F.);
#5874 = PLANE('',#5875);
#5875 = AXIS2_PLACEMENT_3D('',#5876,#5877,#5878);
#5876 = CARTESIAN_POINT('',(42.445672,19.58439,4.245));
#5877 = DIRECTION('',(0.866024939246,0.500000804603,0.));
#5878 = DIRECTION('',(0.500000804603,-0.866024939246,0.));
#5879 = ADVANCED_FACE('',(#5880),#5891,.T.);
#5880 = FACE_BOUND('',#5881,.T.);
#5881 = EDGE_LOOP('',(#5882,#5883,#5884,#5890));
#5882 = ORIENTED_EDGE('',*,*,#5851,.T.);
#5883 = ORIENTED_EDGE('',*,*,#3029,.T.);
#5884 = ORIENTED_EDGE('',*,*,#5885,.F.);
#5885 = EDGE_CURVE('',#1435,#3022,#5886,.T.);
#5886 = LINE('',#5887,#5888);
#5887 = CARTESIAN_POINT('',(43.476012,20.179257,4.245));
#5888 = VECTOR('',#5889,1.);
#5889 = DIRECTION('',(0.,0.,1.));
#5890 = ORIENTED_EDGE('',*,*,#1442,.F.);
#5891 = PLANE('',#5892);
#5892 = AXIS2_PLACEMENT_3D('',#5893,#5894,#5895);
#5893 = CARTESIAN_POINT('',(43.554328,20.04361,4.245));
#5894 = DIRECTION('',(-0.866024939246,-0.500000804603,0.));
#5895 = DIRECTION('',(-0.500000804603,0.866024939246,0.));
#5896 = ADVANCED_FACE('',(#5897),#5908,.T.);
#5897 = FACE_BOUND('',#5898,.T.);
#5898 = EDGE_LOOP('',(#5899,#5905,#5906,#5907));
#5899 = ORIENTED_EDGE('',*,*,#5900,.T.);
#5900 = EDGE_CURVE('',#1355,#2942,#5901,.T.);
#5901 = LINE('',#5902,#5903);
#5902 = CARTESIAN_POINT('',(42.405133,19.735684,4.245));
#5903 = VECTOR('',#5904,1.);
#5904 = DIRECTION('',(0.,0.,1.));
#5905 = ORIENTED_EDGE('',*,*,#2941,.T.);
#5906 = ORIENTED_EDGE('',*,*,#5866,.F.);
#5907 = ORIENTED_EDGE('',*,*,#1354,.F.);
#5908 = PLANE('',#5909);
#5909 = AXIS2_PLACEMENT_3D('',#5910,#5911,#5912);
#5910 = CARTESIAN_POINT('',(42.405133,19.735684,4.245));
#5911 = DIRECTION('',(0.965925994071,0.25881841893,0.));
#5912 = DIRECTION('',(0.25881841893,-0.965925994071,0.));
#5913 = ADVANCED_FACE('',(#5914),#5925,.T.);
#5914 = FACE_BOUND('',#5915,.T.);
#5915 = EDGE_LOOP('',(#5916,#5917,#5918,#5924));
#5916 = ORIENTED_EDGE('',*,*,#5885,.T.);
#5917 = ORIENTED_EDGE('',*,*,#3021,.T.);
#5918 = ORIENTED_EDGE('',*,*,#5919,.F.);
#5919 = EDGE_CURVE('',#1427,#3014,#5920,.T.);
#5920 = LINE('',#5921,#5922);
#5921 = CARTESIAN_POINT('',(43.365257,20.290012,4.245));
#5922 = VECTOR('',#5923,1.);
#5923 = DIRECTION('',(0.,0.,1.));
#5924 = ORIENTED_EDGE('',*,*,#1434,.F.);
#5925 = PLANE('',#5926);
#5926 = AXIS2_PLACEMENT_3D('',#5927,#5928,#5929);
#5927 = CARTESIAN_POINT('',(43.476012,20.179257,4.245));
#5928 = DIRECTION('',(-0.707106781187,-0.707106781187,0.));
#5929 = DIRECTION('',(-0.707106781187,0.707106781187,0.));
#5930 = ADVANCED_FACE('',(#5931),#5942,.T.);
#5931 = FACE_BOUND('',#5932,.T.);
#5932 = EDGE_LOOP('',(#5933,#5939,#5940,#5941));
#5933 = ORIENTED_EDGE('',*,*,#5934,.T.);
#5934 = EDGE_CURVE('',#1363,#2950,#5935,.T.);
#5935 = LINE('',#5936,#5937);
#5936 = CARTESIAN_POINT('',(42.405133,19.892316,4.245));
#5937 = VECTOR('',#5938,1.);
#5938 = DIRECTION('',(0.,0.,1.));
#5939 = ORIENTED_EDGE('',*,*,#2949,.T.);
#5940 = ORIENTED_EDGE('',*,*,#5900,.F.);
#5941 = ORIENTED_EDGE('',*,*,#1362,.F.);
#5942 = PLANE('',#5943);
#5943 = AXIS2_PLACEMENT_3D('',#5944,#5945,#5946);
#5944 = CARTESIAN_POINT('',(42.405133,19.892316,4.245));
#5945 = DIRECTION('',(1.,0.,0.));
#5946 = DIRECTION('',(0.,-1.,0.));
#5947 = ADVANCED_FACE('',(#5948),#5959,.T.);
#5948 = FACE_BOUND('',#5949,.T.);
#5949 = EDGE_LOOP('',(#5950,#5951,#5952,#5958));
#5950 = ORIENTED_EDGE('',*,*,#5919,.T.);
#5951 = ORIENTED_EDGE('',*,*,#3013,.T.);
#5952 = ORIENTED_EDGE('',*,*,#5953,.F.);
#5953 = EDGE_CURVE('',#1419,#3006,#5954,.T.);
#5954 = LINE('',#5955,#5956);
#5955 = CARTESIAN_POINT('',(43.22961,20.368328,4.245));
#5956 = VECTOR('',#5957,1.);
#5957 = DIRECTION('',(0.,0.,1.));
#5958 = ORIENTED_EDGE('',*,*,#1426,.F.);
#5959 = PLANE('',#5960);
#5960 = AXIS2_PLACEMENT_3D('',#5961,#5962,#5963);
#5961 = CARTESIAN_POINT('',(43.365257,20.290012,4.245));
#5962 = DIRECTION('',(-0.500000804603,-0.866024939246,0.));
#5963 = DIRECTION('',(-0.866024939246,0.500000804603,0.));
#5964 = ADVANCED_FACE('',(#5965),#5976,.T.);
#5965 = FACE_BOUND('',#5966,.T.);
#5966 = EDGE_LOOP('',(#5967,#5973,#5974,#5975));
#5967 = ORIENTED_EDGE('',*,*,#5968,.T.);
#5968 = EDGE_CURVE('',#1371,#2958,#5969,.T.);
#5969 = LINE('',#5970,#5971);
#5970 = CARTESIAN_POINT('',(42.445672,20.04361,4.245));
#5971 = VECTOR('',#5972,1.);
#5972 = DIRECTION('',(0.,0.,1.));
#5973 = ORIENTED_EDGE('',*,*,#2957,.T.);
#5974 = ORIENTED_EDGE('',*,*,#5934,.F.);
#5975 = ORIENTED_EDGE('',*,*,#1370,.F.);
#5976 = PLANE('',#5977);
#5977 = AXIS2_PLACEMENT_3D('',#5978,#5979,#5980);
#5978 = CARTESIAN_POINT('',(42.445672,20.04361,4.245));
#5979 = DIRECTION('',(0.965925994071,-0.25881841893,0.));
#5980 = DIRECTION('',(-0.25881841893,-0.965925994071,0.));
#5981 = ADVANCED_FACE('',(#5982),#5993,.T.);
#5982 = FACE_BOUND('',#5983,.T.);
#5983 = EDGE_LOOP('',(#5984,#5985,#5986,#5992));
#5984 = ORIENTED_EDGE('',*,*,#5953,.T.);
#5985 = ORIENTED_EDGE('',*,*,#3005,.T.);
#5986 = ORIENTED_EDGE('',*,*,#5987,.F.);
#5987 = EDGE_CURVE('',#1411,#2998,#5988,.T.);
#5988 = LINE('',#5989,#5990);
#5989 = CARTESIAN_POINT('',(43.078316,20.408867,4.245));
#5990 = VECTOR('',#5991,1.);
#5991 = DIRECTION('',(0.,0.,1.));
#5992 = ORIENTED_EDGE('',*,*,#1418,.F.);
#5993 = PLANE('',#5994);
#5994 = AXIS2_PLACEMENT_3D('',#5995,#5996,#5997);
#5995 = CARTESIAN_POINT('',(43.22961,20.368328,4.245));
#5996 = DIRECTION('',(-0.25881841893,-0.965925994071,0.));
#5997 = DIRECTION('',(-0.965925994071,0.25881841893,0.));
#5998 = ADVANCED_FACE('',(#5999),#6010,.T.);
#5999 = FACE_BOUND('',#6000,.T.);
#6000 = EDGE_LOOP('',(#6001,#6007,#6008,#6009));
#6001 = ORIENTED_EDGE('',*,*,#6002,.T.);
#6002 = EDGE_CURVE('',#1379,#2966,#6003,.T.);
#6003 = LINE('',#6004,#6005);
#6004 = CARTESIAN_POINT('',(42.523988,20.179257,4.245));
#6005 = VECTOR('',#6006,1.);
#6006 = DIRECTION('',(0.,0.,1.));
#6007 = ORIENTED_EDGE('',*,*,#2965,.T.);
#6008 = ORIENTED_EDGE('',*,*,#5968,.F.);
#6009 = ORIENTED_EDGE('',*,*,#1378,.F.);
#6010 = PLANE('',#6011);
#6011 = AXIS2_PLACEMENT_3D('',#6012,#6013,#6014);
#6012 = CARTESIAN_POINT('',(42.523988,20.179257,4.245));
#6013 = DIRECTION('',(0.866024939246,-0.500000804603,0.));
#6014 = DIRECTION('',(-0.500000804603,-0.866024939246,0.));
#6015 = ADVANCED_FACE('',(#6016),#6027,.T.);
#6016 = FACE_BOUND('',#6017,.T.);
#6017 = EDGE_LOOP('',(#6018,#6019,#6020,#6026));
#6018 = ORIENTED_EDGE('',*,*,#5987,.T.);
#6019 = ORIENTED_EDGE('',*,*,#2997,.T.);
#6020 = ORIENTED_EDGE('',*,*,#6021,.F.);
#6021 = EDGE_CURVE('',#1403,#2990,#6022,.T.);
#6022 = LINE('',#6023,#6024);
#6023 = CARTESIAN_POINT('',(42.921684,20.408867,4.245));
#6024 = VECTOR('',#6025,1.);
#6025 = DIRECTION('',(0.,0.,1.));
#6026 = ORIENTED_EDGE('',*,*,#1410,.F.);
#6027 = PLANE('',#6028);
#6028 = AXIS2_PLACEMENT_3D('',#6029,#6030,#6031);
#6029 = CARTESIAN_POINT('',(43.078316,20.408867,4.245));
#6030 = DIRECTION('',(0.,-1.,0.));
#6031 = DIRECTION('',(-1.,0.,0.));
#6032 = ADVANCED_FACE('',(#6033),#6044,.T.);
#6033 = FACE_BOUND('',#6034,.T.);
#6034 = EDGE_LOOP('',(#6035,#6041,#6042,#6043));
#6035 = ORIENTED_EDGE('',*,*,#6036,.T.);
#6036 = EDGE_CURVE('',#1387,#2974,#6037,.T.);
#6037 = LINE('',#6038,#6039);
#6038 = CARTESIAN_POINT('',(42.634743,20.290012,4.245));
#6039 = VECTOR('',#6040,1.);
#6040 = DIRECTION('',(0.,0.,1.));
#6041 = ORIENTED_EDGE('',*,*,#2973,.T.);
#6042 = ORIENTED_EDGE('',*,*,#6002,.F.);
#6043 = ORIENTED_EDGE('',*,*,#1386,.F.);
#6044 = PLANE('',#6045);
#6045 = AXIS2_PLACEMENT_3D('',#6046,#6047,#6048);
#6046 = CARTESIAN_POINT('',(42.634743,20.290012,4.245));
#6047 = DIRECTION('',(0.707106781187,-0.707106781187,0.));
#6048 = DIRECTION('',(-0.707106781187,-0.707106781187,0.));
#6049 = ADVANCED_FACE('',(#6050),#6061,.T.);
#6050 = FACE_BOUND('',#6051,.T.);
#6051 = EDGE_LOOP('',(#6052,#6053,#6054,#6060));
#6052 = ORIENTED_EDGE('',*,*,#6021,.T.);
#6053 = ORIENTED_EDGE('',*,*,#2989,.T.);
#6054 = ORIENTED_EDGE('',*,*,#6055,.F.);
#6055 = EDGE_CURVE('',#1395,#2982,#6056,.T.);
#6056 = LINE('',#6057,#6058);
#6057 = CARTESIAN_POINT('',(42.77039,20.368328,4.245));
#6058 = VECTOR('',#6059,1.);
#6059 = DIRECTION('',(0.,0.,1.));
#6060 = ORIENTED_EDGE('',*,*,#1402,.F.);
#6061 = PLANE('',#6062);
#6062 = AXIS2_PLACEMENT_3D('',#6063,#6064,#6065);
#6063 = CARTESIAN_POINT('',(42.921684,20.408867,4.245));
#6064 = DIRECTION('',(0.25881841893,-0.965925994071,0.));
#6065 = DIRECTION('',(-0.965925994071,-0.25881841893,0.));
#6066 = ADVANCED_FACE('',(#6067),#6073,.T.);
#6067 = FACE_BOUND('',#6068,.T.);
#6068 = EDGE_LOOP('',(#6069,#6070,#6071,#6072));
#6069 = ORIENTED_EDGE('',*,*,#6055,.T.);
#6070 = ORIENTED_EDGE('',*,*,#2981,.T.);
#6071 = ORIENTED_EDGE('',*,*,#6036,.F.);
#6072 = ORIENTED_EDGE('',*,*,#1394,.F.);
#6073 = PLANE('',#6074);
#6074 = AXIS2_PLACEMENT_3D('',#6075,#6076,#6077);
#6075 = CARTESIAN_POINT('',(42.77039,20.368328,4.245));
#6076 = DIRECTION('',(0.500000804603,-0.866024939246,0.));
#6077 = DIRECTION('',(-0.866024939246,-0.500000804603,0.));
#6078 = ADVANCED_FACE('',(#6079),#6095,.T.);
#6079 = FACE_BOUND('',#6080,.T.);
#6080 = EDGE_LOOP('',(#6081,#6087,#6088,#6094));
#6081 = ORIENTED_EDGE('',*,*,#6082,.T.);
#6082 = EDGE_CURVE('',#1491,#3078,#6083,.T.);
#6083 = LINE('',#6084,#6085);
#6084 = CARTESIAN_POINT('',(43.22961,11.259672,4.245));
#6085 = VECTOR('',#6086,1.);
#6086 = DIRECTION('',(0.,0.,1.));
#6087 = ORIENTED_EDGE('',*,*,#3077,.T.);
#6088 = ORIENTED_EDGE('',*,*,#6089,.F.);
#6089 = EDGE_CURVE('',#1493,#3080,#6090,.T.);
#6090 = LINE('',#6091,#6092);
#6091 = CARTESIAN_POINT('',(43.365257,11.337988,4.245));
#6092 = VECTOR('',#6093,1.);
#6093 = DIRECTION('',(0.,0.,1.));
#6094 = ORIENTED_EDGE('',*,*,#1490,.F.);
#6095 = PLANE('',#6096);
#6096 = AXIS2_PLACEMENT_3D('',#6097,#6098,#6099);
#6097 = CARTESIAN_POINT('',(43.22961,11.259672,4.245));
#6098 = DIRECTION('',(-0.500000804603,0.866024939246,0.));
#6099 = DIRECTION('',(0.866024939246,0.500000804603,0.));
#6100 = ADVANCED_FACE('',(#6101),#6112,.T.);
#6101 = FACE_BOUND('',#6102,.T.);
#6102 = EDGE_LOOP('',(#6103,#6109,#6110,#6111));
#6103 = ORIENTED_EDGE('',*,*,#6104,.T.);
#6104 = EDGE_CURVE('',#1501,#3088,#6105,.T.);
#6105 = LINE('',#6106,#6107);
#6106 = CARTESIAN_POINT('',(43.078316,11.219133,4.245));
#6107 = VECTOR('',#6108,1.);
#6108 = DIRECTION('',(0.,0.,1.));
#6109 = ORIENTED_EDGE('',*,*,#3087,.T.);
#6110 = ORIENTED_EDGE('',*,*,#6082,.F.);
#6111 = ORIENTED_EDGE('',*,*,#1500,.F.);
#6112 = PLANE('',#6113);
#6113 = AXIS2_PLACEMENT_3D('',#6114,#6115,#6116);
#6114 = CARTESIAN_POINT('',(43.078316,11.219133,4.245));
#6115 = DIRECTION('',(-0.25881841893,0.965925994071,0.));
#6116 = DIRECTION('',(0.965925994071,0.25881841893,0.));
#6117 = ADVANCED_FACE('',(#6118),#6129,.T.);
#6118 = FACE_BOUND('',#6119,.T.);
#6119 = EDGE_LOOP('',(#6120,#6121,#6122,#6128));
#6120 = ORIENTED_EDGE('',*,*,#6089,.T.);
#6121 = ORIENTED_EDGE('',*,*,#3263,.T.);
#6122 = ORIENTED_EDGE('',*,*,#6123,.F.);
#6123 = EDGE_CURVE('',#1669,#3256,#6124,.T.);
#6124 = LINE('',#6125,#6126);
#6125 = CARTESIAN_POINT('',(43.476012,11.448743,4.245));
#6126 = VECTOR('',#6127,1.);
#6127 = DIRECTION('',(0.,0.,1.));
#6128 = ORIENTED_EDGE('',*,*,#1676,.F.);
#6129 = PLANE('',#6130);
#6130 = AXIS2_PLACEMENT_3D('',#6131,#6132,#6133);
#6131 = CARTESIAN_POINT('',(43.365257,11.337988,4.245));
#6132 = DIRECTION('',(-0.707106781187,0.707106781187,0.));
#6133 = DIRECTION('',(0.707106781187,0.707106781187,0.));
#6134 = ADVANCED_FACE('',(#6135),#6146,.T.);
#6135 = FACE_BOUND('',#6136,.T.);
#6136 = EDGE_LOOP('',(#6137,#6143,#6144,#6145));
#6137 = ORIENTED_EDGE('',*,*,#6138,.T.);
#6138 = EDGE_CURVE('',#1509,#3096,#6139,.T.);
#6139 = LINE('',#6140,#6141);
#6140 = CARTESIAN_POINT('',(42.921684,11.219133,4.245));
#6141 = VECTOR('',#6142,1.);
#6142 = DIRECTION('',(0.,0.,1.));
#6143 = ORIENTED_EDGE('',*,*,#3095,.T.);
#6144 = ORIENTED_EDGE('',*,*,#6104,.F.);
#6145 = ORIENTED_EDGE('',*,*,#1508,.F.);
#6146 = PLANE('',#6147);
#6147 = AXIS2_PLACEMENT_3D('',#6148,#6149,#6150);
#6148 = CARTESIAN_POINT('',(42.921684,11.219133,4.245));
#6149 = DIRECTION('',(0.,1.,0.));
#6150 = DIRECTION('',(1.,0.,0.));
#6151 = ADVANCED_FACE('',(#6152),#6163,.T.);
#6152 = FACE_BOUND('',#6153,.T.);
#6153 = EDGE_LOOP('',(#6154,#6155,#6156,#6162));
#6154 = ORIENTED_EDGE('',*,*,#6123,.T.);
#6155 = ORIENTED_EDGE('',*,*,#3255,.T.);
#6156 = ORIENTED_EDGE('',*,*,#6157,.F.);
#6157 = EDGE_CURVE('',#1661,#3248,#6158,.T.);
#6158 = LINE('',#6159,#6160);
#6159 = CARTESIAN_POINT('',(43.554328,11.58439,4.245));
#6160 = VECTOR('',#6161,1.);
#6161 = DIRECTION('',(0.,0.,1.));
#6162 = ORIENTED_EDGE('',*,*,#1668,.F.);
#6163 = PLANE('',#6164);
#6164 = AXIS2_PLACEMENT_3D('',#6165,#6166,#6167);
#6165 = CARTESIAN_POINT('',(43.476012,11.448743,4.245));
#6166 = DIRECTION('',(-0.866024939246,0.500000804603,0.));
#6167 = DIRECTION('',(0.500000804603,0.866024939246,0.));
#6168 = ADVANCED_FACE('',(#6169),#6180,.T.);
#6169 = FACE_BOUND('',#6170,.T.);
#6170 = EDGE_LOOP('',(#6171,#6177,#6178,#6179));
#6171 = ORIENTED_EDGE('',*,*,#6172,.T.);
#6172 = EDGE_CURVE('',#1517,#3104,#6173,.T.);
#6173 = LINE('',#6174,#6175);
#6174 = CARTESIAN_POINT('',(42.77039,11.259672,4.245));
#6175 = VECTOR('',#6176,1.);
#6176 = DIRECTION('',(0.,0.,1.));
#6177 = ORIENTED_EDGE('',*,*,#3103,.T.);
#6178 = ORIENTED_EDGE('',*,*,#6138,.F.);
#6179 = ORIENTED_EDGE('',*,*,#1516,.F.);
#6180 = PLANE('',#6181);
#6181 = AXIS2_PLACEMENT_3D('',#6182,#6183,#6184);
#6182 = CARTESIAN_POINT('',(42.77039,11.259672,4.245));
#6183 = DIRECTION('',(0.25881841893,0.965925994071,0.));
#6184 = DIRECTION('',(0.965925994071,-0.25881841893,0.));
#6185 = ADVANCED_FACE('',(#6186),#6197,.T.);
#6186 = FACE_BOUND('',#6187,.T.);
#6187 = EDGE_LOOP('',(#6188,#6189,#6190,#6196));
#6188 = ORIENTED_EDGE('',*,*,#6157,.T.);
#6189 = ORIENTED_EDGE('',*,*,#3247,.T.);
#6190 = ORIENTED_EDGE('',*,*,#6191,.F.);
#6191 = EDGE_CURVE('',#1653,#3240,#6192,.T.);
#6192 = LINE('',#6193,#6194);
#6193 = CARTESIAN_POINT('',(43.594867,11.735684,4.245));
#6194 = VECTOR('',#6195,1.);
#6195 = DIRECTION('',(0.,0.,1.));
#6196 = ORIENTED_EDGE('',*,*,#1660,.F.);
#6197 = PLANE('',#6198);
#6198 = AXIS2_PLACEMENT_3D('',#6199,#6200,#6201);
#6199 = CARTESIAN_POINT('',(43.554328,11.58439,4.245));
#6200 = DIRECTION('',(-0.965925994071,0.25881841893,0.));
#6201 = DIRECTION('',(0.25881841893,0.965925994071,0.));
#6202 = ADVANCED_FACE('',(#6203),#6214,.T.);
#6203 = FACE_BOUND('',#6204,.T.);
#6204 = EDGE_LOOP('',(#6205,#6211,#6212,#6213));
#6205 = ORIENTED_EDGE('',*,*,#6206,.T.);
#6206 = EDGE_CURVE('',#1525,#3112,#6207,.T.);
#6207 = LINE('',#6208,#6209);
#6208 = CARTESIAN_POINT('',(42.634743,11.337988,4.245));
#6209 = VECTOR('',#6210,1.);
#6210 = DIRECTION('',(0.,0.,1.));
#6211 = ORIENTED_EDGE('',*,*,#3111,.T.);
#6212 = ORIENTED_EDGE('',*,*,#6172,.F.);
#6213 = ORIENTED_EDGE('',*,*,#1524,.F.);
#6214 = PLANE('',#6215);
#6215 = AXIS2_PLACEMENT_3D('',#6216,#6217,#6218);
#6216 = CARTESIAN_POINT('',(42.634743,11.337988,4.245));
#6217 = DIRECTION('',(0.500000804603,0.866024939246,0.));
#6218 = DIRECTION('',(0.866024939246,-0.500000804603,0.));
#6219 = ADVANCED_FACE('',(#6220),#6231,.T.);
#6220 = FACE_BOUND('',#6221,.T.);
#6221 = EDGE_LOOP('',(#6222,#6223,#6224,#6230));
#6222 = ORIENTED_EDGE('',*,*,#6191,.T.);
#6223 = ORIENTED_EDGE('',*,*,#3239,.T.);
#6224 = ORIENTED_EDGE('',*,*,#6225,.F.);
#6225 = EDGE_CURVE('',#1645,#3232,#6226,.T.);
#6226 = LINE('',#6227,#6228);
#6227 = CARTESIAN_POINT('',(43.594867,11.892316,4.245));
#6228 = VECTOR('',#6229,1.);
#6229 = DIRECTION('',(0.,0.,1.));
#6230 = ORIENTED_EDGE('',*,*,#1652,.F.);
#6231 = PLANE('',#6232);
#6232 = AXIS2_PLACEMENT_3D('',#6233,#6234,#6235);
#6233 = CARTESIAN_POINT('',(43.594867,11.735684,4.245));
#6234 = DIRECTION('',(-1.,0.,0.));
#6235 = DIRECTION('',(0.,1.,0.));
#6236 = ADVANCED_FACE('',(#6237),#6248,.T.);
#6237 = FACE_BOUND('',#6238,.T.);
#6238 = EDGE_LOOP('',(#6239,#6245,#6246,#6247));
#6239 = ORIENTED_EDGE('',*,*,#6240,.T.);
#6240 = EDGE_CURVE('',#1533,#3120,#6241,.T.);
#6241 = LINE('',#6242,#6243);
#6242 = CARTESIAN_POINT('',(42.523988,11.448743,4.245));
#6243 = VECTOR('',#6244,1.);
#6244 = DIRECTION('',(0.,0.,1.));
#6245 = ORIENTED_EDGE('',*,*,#3119,.T.);
#6246 = ORIENTED_EDGE('',*,*,#6206,.F.);
#6247 = ORIENTED_EDGE('',*,*,#1532,.F.);
#6248 = PLANE('',#6249);
#6249 = AXIS2_PLACEMENT_3D('',#6250,#6251,#6252);
#6250 = CARTESIAN_POINT('',(42.523988,11.448743,4.245));
#6251 = DIRECTION('',(0.707106781187,0.707106781187,0.));
#6252 = DIRECTION('',(0.707106781187,-0.707106781187,0.));
#6253 = ADVANCED_FACE('',(#6254),#6265,.T.);
#6254 = FACE_BOUND('',#6255,.T.);
#6255 = EDGE_LOOP('',(#6256,#6257,#6258,#6264));
#6256 = ORIENTED_EDGE('',*,*,#6225,.T.);
#6257 = ORIENTED_EDGE('',*,*,#3231,.T.);
#6258 = ORIENTED_EDGE('',*,*,#6259,.F.);
#6259 = EDGE_CURVE('',#1637,#3224,#6260,.T.);
#6260 = LINE('',#6261,#6262);
#6261 = CARTESIAN_POINT('',(43.554328,12.04361,4.245));
#6262 = VECTOR('',#6263,1.);
#6263 = DIRECTION('',(0.,0.,1.));
#6264 = ORIENTED_EDGE('',*,*,#1644,.F.);
#6265 = PLANE('',#6266);
#6266 = AXIS2_PLACEMENT_3D('',#6267,#6268,#6269);
#6267 = CARTESIAN_POINT('',(43.594867,11.892316,4.245));
#6268 = DIRECTION('',(-0.965925994071,-0.25881841893,0.));
#6269 = DIRECTION('',(-0.25881841893,0.965925994071,0.));
#6270 = ADVANCED_FACE('',(#6271),#6282,.T.);
#6271 = FACE_BOUND('',#6272,.T.);
#6272 = EDGE_LOOP('',(#6273,#6279,#6280,#6281));
#6273 = ORIENTED_EDGE('',*,*,#6274,.T.);
#6274 = EDGE_CURVE('',#1541,#3128,#6275,.T.);
#6275 = LINE('',#6276,#6277);
#6276 = CARTESIAN_POINT('',(42.445672,11.58439,4.245));
#6277 = VECTOR('',#6278,1.);
#6278 = DIRECTION('',(0.,0.,1.));
#6279 = ORIENTED_EDGE('',*,*,#3127,.T.);
#6280 = ORIENTED_EDGE('',*,*,#6240,.F.);
#6281 = ORIENTED_EDGE('',*,*,#1540,.F.);
#6282 = PLANE('',#6283);
#6283 = AXIS2_PLACEMENT_3D('',#6284,#6285,#6286);
#6284 = CARTESIAN_POINT('',(42.445672,11.58439,4.245));
#6285 = DIRECTION('',(0.866024939246,0.500000804603,0.));
#6286 = DIRECTION('',(0.500000804603,-0.866024939246,0.));
#6287 = ADVANCED_FACE('',(#6288),#6299,.T.);
#6288 = FACE_BOUND('',#6289,.T.);
#6289 = EDGE_LOOP('',(#6290,#6291,#6292,#6298));
#6290 = ORIENTED_EDGE('',*,*,#6259,.T.);
#6291 = ORIENTED_EDGE('',*,*,#3223,.T.);
#6292 = ORIENTED_EDGE('',*,*,#6293,.F.);
#6293 = EDGE_CURVE('',#1629,#3216,#6294,.T.);
#6294 = LINE('',#6295,#6296);
#6295 = CARTESIAN_POINT('',(43.476012,12.179257,4.245));
#6296 = VECTOR('',#6297,1.);
#6297 = DIRECTION('',(0.,0.,1.));
#6298 = ORIENTED_EDGE('',*,*,#1636,.F.);
#6299 = PLANE('',#6300);
#6300 = AXIS2_PLACEMENT_3D('',#6301,#6302,#6303);
#6301 = CARTESIAN_POINT('',(43.554328,12.04361,4.245));
#6302 = DIRECTION('',(-0.866024939246,-0.500000804603,0.));
#6303 = DIRECTION('',(-0.500000804603,0.866024939246,0.));
#6304 = ADVANCED_FACE('',(#6305),#6316,.T.);
#6305 = FACE_BOUND('',#6306,.T.);
#6306 = EDGE_LOOP('',(#6307,#6313,#6314,#6315));
#6307 = ORIENTED_EDGE('',*,*,#6308,.T.);
#6308 = EDGE_CURVE('',#1549,#3136,#6309,.T.);
#6309 = LINE('',#6310,#6311);
#6310 = CARTESIAN_POINT('',(42.405133,11.735684,4.245));
#6311 = VECTOR('',#6312,1.);
#6312 = DIRECTION('',(0.,0.,1.));
#6313 = ORIENTED_EDGE('',*,*,#3135,.T.);
#6314 = ORIENTED_EDGE('',*,*,#6274,.F.);
#6315 = ORIENTED_EDGE('',*,*,#1548,.F.);
#6316 = PLANE('',#6317);
#6317 = AXIS2_PLACEMENT_3D('',#6318,#6319,#6320);
#6318 = CARTESIAN_POINT('',(42.405133,11.735684,4.245));
#6319 = DIRECTION('',(0.965925994071,0.25881841893,0.));
#6320 = DIRECTION('',(0.25881841893,-0.965925994071,0.));
#6321 = ADVANCED_FACE('',(#6322),#6333,.T.);
#6322 = FACE_BOUND('',#6323,.T.);
#6323 = EDGE_LOOP('',(#6324,#6325,#6326,#6332));
#6324 = ORIENTED_EDGE('',*,*,#6293,.T.);
#6325 = ORIENTED_EDGE('',*,*,#3215,.T.);
#6326 = ORIENTED_EDGE('',*,*,#6327,.F.);
#6327 = EDGE_CURVE('',#1621,#3208,#6328,.T.);
#6328 = LINE('',#6329,#6330);
#6329 = CARTESIAN_POINT('',(43.365257,12.290012,4.245));
#6330 = VECTOR('',#6331,1.);
#6331 = DIRECTION('',(0.,0.,1.));
#6332 = ORIENTED_EDGE('',*,*,#1628,.F.);
#6333 = PLANE('',#6334);
#6334 = AXIS2_PLACEMENT_3D('',#6335,#6336,#6337);
#6335 = CARTESIAN_POINT('',(43.476012,12.179257,4.245));
#6336 = DIRECTION('',(-0.707106781187,-0.707106781187,0.));
#6337 = DIRECTION('',(-0.707106781187,0.707106781187,0.));
#6338 = ADVANCED_FACE('',(#6339),#6350,.T.);
#6339 = FACE_BOUND('',#6340,.T.);
#6340 = EDGE_LOOP('',(#6341,#6347,#6348,#6349));
#6341 = ORIENTED_EDGE('',*,*,#6342,.T.);
#6342 = EDGE_CURVE('',#1557,#3144,#6343,.T.);
#6343 = LINE('',#6344,#6345);
#6344 = CARTESIAN_POINT('',(42.405133,11.892316,4.245));
#6345 = VECTOR('',#6346,1.);
#6346 = DIRECTION('',(0.,0.,1.));
#6347 = ORIENTED_EDGE('',*,*,#3143,.T.);
#6348 = ORIENTED_EDGE('',*,*,#6308,.F.);
#6349 = ORIENTED_EDGE('',*,*,#1556,.F.);
#6350 = PLANE('',#6351);
#6351 = AXIS2_PLACEMENT_3D('',#6352,#6353,#6354);
#6352 = CARTESIAN_POINT('',(42.405133,11.892316,4.245));
#6353 = DIRECTION('',(1.,0.,0.));
#6354 = DIRECTION('',(0.,-1.,0.));
#6355 = ADVANCED_FACE('',(#6356),#6367,.T.);
#6356 = FACE_BOUND('',#6357,.T.);
#6357 = EDGE_LOOP('',(#6358,#6359,#6360,#6366));
#6358 = ORIENTED_EDGE('',*,*,#6327,.T.);
#6359 = ORIENTED_EDGE('',*,*,#3207,.T.);
#6360 = ORIENTED_EDGE('',*,*,#6361,.F.);
#6361 = EDGE_CURVE('',#1613,#3200,#6362,.T.);
#6362 = LINE('',#6363,#6364);
#6363 = CARTESIAN_POINT('',(43.22961,12.368328,4.245));
#6364 = VECTOR('',#6365,1.);
#6365 = DIRECTION('',(0.,0.,1.));
#6366 = ORIENTED_EDGE('',*,*,#1620,.F.);
#6367 = PLANE('',#6368);
#6368 = AXIS2_PLACEMENT_3D('',#6369,#6370,#6371);
#6369 = CARTESIAN_POINT('',(43.365257,12.290012,4.245));
#6370 = DIRECTION('',(-0.500000804603,-0.866024939246,0.));
#6371 = DIRECTION('',(-0.866024939246,0.500000804603,0.));
#6372 = ADVANCED_FACE('',(#6373),#6384,.T.);
#6373 = FACE_BOUND('',#6374,.T.);
#6374 = EDGE_LOOP('',(#6375,#6381,#6382,#6383));
#6375 = ORIENTED_EDGE('',*,*,#6376,.T.);
#6376 = EDGE_CURVE('',#1565,#3152,#6377,.T.);
#6377 = LINE('',#6378,#6379);
#6378 = CARTESIAN_POINT('',(42.445672,12.04361,4.245));
#6379 = VECTOR('',#6380,1.);
#6380 = DIRECTION('',(0.,0.,1.));
#6381 = ORIENTED_EDGE('',*,*,#3151,.T.);
#6382 = ORIENTED_EDGE('',*,*,#6342,.F.);
#6383 = ORIENTED_EDGE('',*,*,#1564,.F.);
#6384 = PLANE('',#6385);
#6385 = AXIS2_PLACEMENT_3D('',#6386,#6387,#6388);
#6386 = CARTESIAN_POINT('',(42.445672,12.04361,4.245));
#6387 = DIRECTION('',(0.965925994071,-0.25881841893,0.));
#6388 = DIRECTION('',(-0.25881841893,-0.965925994071,0.));
#6389 = ADVANCED_FACE('',(#6390),#6401,.T.);
#6390 = FACE_BOUND('',#6391,.T.);
#6391 = EDGE_LOOP('',(#6392,#6393,#6394,#6400));
#6392 = ORIENTED_EDGE('',*,*,#6361,.T.);
#6393 = ORIENTED_EDGE('',*,*,#3199,.T.);
#6394 = ORIENTED_EDGE('',*,*,#6395,.F.);
#6395 = EDGE_CURVE('',#1605,#3192,#6396,.T.);
#6396 = LINE('',#6397,#6398);
#6397 = CARTESIAN_POINT('',(43.078316,12.408867,4.245));
#6398 = VECTOR('',#6399,1.);
#6399 = DIRECTION('',(0.,0.,1.));
#6400 = ORIENTED_EDGE('',*,*,#1612,.F.);
#6401 = PLANE('',#6402);
#6402 = AXIS2_PLACEMENT_3D('',#6403,#6404,#6405);
#6403 = CARTESIAN_POINT('',(43.22961,12.368328,4.245));
#6404 = DIRECTION('',(-0.25881841893,-0.965925994071,0.));
#6405 = DIRECTION('',(-0.965925994071,0.25881841893,0.));
#6406 = ADVANCED_FACE('',(#6407),#6418,.T.);
#6407 = FACE_BOUND('',#6408,.T.);
#6408 = EDGE_LOOP('',(#6409,#6415,#6416,#6417));
#6409 = ORIENTED_EDGE('',*,*,#6410,.T.);
#6410 = EDGE_CURVE('',#1573,#3160,#6411,.T.);
#6411 = LINE('',#6412,#6413);
#6412 = CARTESIAN_POINT('',(42.523988,12.179257,4.245));
#6413 = VECTOR('',#6414,1.);
#6414 = DIRECTION('',(0.,0.,1.));
#6415 = ORIENTED_EDGE('',*,*,#3159,.T.);
#6416 = ORIENTED_EDGE('',*,*,#6376,.F.);
#6417 = ORIENTED_EDGE('',*,*,#1572,.F.);
#6418 = PLANE('',#6419);
#6419 = AXIS2_PLACEMENT_3D('',#6420,#6421,#6422);
#6420 = CARTESIAN_POINT('',(42.523988,12.179257,4.245));
#6421 = DIRECTION('',(0.866024939246,-0.500000804603,0.));
#6422 = DIRECTION('',(-0.500000804603,-0.866024939246,0.));
#6423 = ADVANCED_FACE('',(#6424),#6435,.T.);
#6424 = FACE_BOUND('',#6425,.T.);
#6425 = EDGE_LOOP('',(#6426,#6427,#6428,#6434));
#6426 = ORIENTED_EDGE('',*,*,#6395,.T.);
#6427 = ORIENTED_EDGE('',*,*,#3191,.T.);
#6428 = ORIENTED_EDGE('',*,*,#6429,.F.);
#6429 = EDGE_CURVE('',#1597,#3184,#6430,.T.);
#6430 = LINE('',#6431,#6432);
#6431 = CARTESIAN_POINT('',(42.921684,12.408867,4.245));
#6432 = VECTOR('',#6433,1.);
#6433 = DIRECTION('',(0.,0.,1.));
#6434 = ORIENTED_EDGE('',*,*,#1604,.F.);
#6435 = PLANE('',#6436);
#6436 = AXIS2_PLACEMENT_3D('',#6437,#6438,#6439);
#6437 = CARTESIAN_POINT('',(43.078316,12.408867,4.245));
#6438 = DIRECTION('',(0.,-1.,0.));
#6439 = DIRECTION('',(-1.,0.,0.));
#6440 = ADVANCED_FACE('',(#6441),#6452,.T.);
#6441 = FACE_BOUND('',#6442,.T.);
#6442 = EDGE_LOOP('',(#6443,#6449,#6450,#6451));
#6443 = ORIENTED_EDGE('',*,*,#6444,.T.);
#6444 = EDGE_CURVE('',#1581,#3168,#6445,.T.);
#6445 = LINE('',#6446,#6447);
#6446 = CARTESIAN_POINT('',(42.634743,12.290012,4.245));
#6447 = VECTOR('',#6448,1.);
#6448 = DIRECTION('',(0.,0.,1.));
#6449 = ORIENTED_EDGE('',*,*,#3167,.T.);
#6450 = ORIENTED_EDGE('',*,*,#6410,.F.);
#6451 = ORIENTED_EDGE('',*,*,#1580,.F.);
#6452 = PLANE('',#6453);
#6453 = AXIS2_PLACEMENT_3D('',#6454,#6455,#6456);
#6454 = CARTESIAN_POINT('',(42.634743,12.290012,4.245));
#6455 = DIRECTION('',(0.707106781187,-0.707106781187,0.));
#6456 = DIRECTION('',(-0.707106781187,-0.707106781187,0.));
#6457 = ADVANCED_FACE('',(#6458),#6469,.T.);
#6458 = FACE_BOUND('',#6459,.T.);
#6459 = EDGE_LOOP('',(#6460,#6461,#6462,#6468));
#6460 = ORIENTED_EDGE('',*,*,#6429,.T.);
#6461 = ORIENTED_EDGE('',*,*,#3183,.T.);
#6462 = ORIENTED_EDGE('',*,*,#6463,.F.);
#6463 = EDGE_CURVE('',#1589,#3176,#6464,.T.);
#6464 = LINE('',#6465,#6466);
#6465 = CARTESIAN_POINT('',(42.77039,12.368328,4.245));
#6466 = VECTOR('',#6467,1.);
#6467 = DIRECTION('',(0.,0.,1.));
#6468 = ORIENTED_EDGE('',*,*,#1596,.F.);
#6469 = PLANE('',#6470);
#6470 = AXIS2_PLACEMENT_3D('',#6471,#6472,#6473);
#6471 = CARTESIAN_POINT('',(42.921684,12.408867,4.245));
#6472 = DIRECTION('',(0.25881841893,-0.965925994071,0.));
#6473 = DIRECTION('',(-0.965925994071,-0.25881841893,0.));
#6474 = ADVANCED_FACE('',(#6475),#6481,.T.);
#6475 = FACE_BOUND('',#6476,.T.);
#6476 = EDGE_LOOP('',(#6477,#6478,#6479,#6480));
#6477 = ORIENTED_EDGE('',*,*,#6463,.T.);
#6478 = ORIENTED_EDGE('',*,*,#3175,.T.);
#6479 = ORIENTED_EDGE('',*,*,#6444,.F.);
#6480 = ORIENTED_EDGE('',*,*,#1588,.F.);
#6481 = PLANE('',#6482);
#6482 = AXIS2_PLACEMENT_3D('',#6483,#6484,#6485);
#6483 = CARTESIAN_POINT('',(42.77039,12.368328,4.245));
#6484 = DIRECTION('',(0.500000804603,-0.866024939246,0.));
#6485 = DIRECTION('',(-0.866024939246,-0.500000804603,0.));
#6486 = ADVANCED_FACE('',(#6487),#6498,.F.);
#6487 = FACE_BOUND('',#6488,.F.);
#6488 = EDGE_LOOP('',(#6489,#6495,#6496,#6497));
#6489 = ORIENTED_EDGE('',*,*,#6490,.T.);
#6490 = EDGE_CURVE('',#1685,#3272,#6491,.T.);
#6491 = LINE('',#6492,#6493);
#6492 = CARTESIAN_POINT('',(38.1915,5.8485,4.199));
#6493 = VECTOR('',#6494,1.);
#6494 = DIRECTION('',(0.,0.,1.));
#6495 = ORIENTED_EDGE('',*,*,#3271,.T.);
#6496 = ORIENTED_EDGE('',*,*,#6490,.F.);
#6497 = ORIENTED_EDGE('',*,*,#1684,.F.);
#6498 = CYLINDRICAL_SURFACE('',#6499,1.1);
#6499 = AXIS2_PLACEMENT_3D('',#6500,#6501,#6502);
#6500 = CARTESIAN_POINT('',(38.1915,4.7485,4.199));
#6501 = DIRECTION('',(0.,0.,-1.));
#6502 = DIRECTION('',(0.,1.,0.));
#6503 = ADVANCED_FACE('',(#6504),#6515,.F.);
#6504 = FACE_BOUND('',#6505,.F.);
#6505 = EDGE_LOOP('',(#6506,#6512,#6513,#6514));
#6506 = ORIENTED_EDGE('',*,*,#6507,.T.);
#6507 = EDGE_CURVE('',#1696,#3283,#6508,.T.);
#6508 = LINE('',#6509,#6510);
#6509 = CARTESIAN_POINT('',(3.1635,36.887,4.199));
#6510 = VECTOR('',#6511,1.);
#6511 = DIRECTION('',(0.,0.,1.));
#6512 = ORIENTED_EDGE('',*,*,#3282,.T.);
#6513 = ORIENTED_EDGE('',*,*,#6507,.F.);
#6514 = ORIENTED_EDGE('',*,*,#1695,.F.);
#6515 = CYLINDRICAL_SURFACE('',#6516,1.1);
#6516 = AXIS2_PLACEMENT_3D('',#6517,#6518,#6519);
#6517 = CARTESIAN_POINT('',(3.1635,35.787,4.199));
#6518 = DIRECTION('',(0.,0.,-1.));
#6519 = DIRECTION('',(0.,1.,0.));
#6520 = MANIFOLD_SOLID_BREP('',#6521);
#6521 = CLOSED_SHELL('',(#6522,#6562,#6602,#6624,#6646,#6658));
#6522 = ADVANCED_FACE('',(#6523),#6557,.F.);
#6523 = FACE_BOUND('',#6524,.F.);
#6524 = EDGE_LOOP('',(#6525,#6535,#6543,#6551));
#6525 = ORIENTED_EDGE('',*,*,#6526,.F.);
#6526 = EDGE_CURVE('',#6527,#6529,#6531,.T.);
#6527 = VERTEX_POINT('',#6528);
#6528 = CARTESIAN_POINT('',(23.408,1.304,8.4));
#6529 = VERTEX_POINT('',#6530);
#6530 = CARTESIAN_POINT('',(23.408,1.304,5.2));
#6531 = LINE('',#6532,#6533);
#6532 = CARTESIAN_POINT('',(23.408,1.304,8.4));
#6533 = VECTOR('',#6534,1.);
#6534 = DIRECTION('',(0.,0.,-1.));
#6535 = ORIENTED_EDGE('',*,*,#6536,.T.);
#6536 = EDGE_CURVE('',#6527,#6537,#6539,.T.);
#6537 = VERTEX_POINT('',#6538);
#6538 = CARTESIAN_POINT('',(23.408,31.558,8.4));
#6539 = LINE('',#6540,#6541);
#6540 = CARTESIAN_POINT('',(23.408,1.304,8.4));
#6541 = VECTOR('',#6542,1.);
#6542 = DIRECTION('',(0.,1.,0.));
#6543 = ORIENTED_EDGE('',*,*,#6544,.T.);
#6544 = EDGE_CURVE('',#6537,#6545,#6547,.T.);
#6545 = VERTEX_POINT('',#6546);
#6546 = CARTESIAN_POINT('',(23.408,31.558,5.2));
#6547 = LINE('',#6548,#6549);
#6548 = CARTESIAN_POINT('',(23.408,31.558,8.4));
#6549 = VECTOR('',#6550,1.);
#6550 = DIRECTION('',(0.,0.,-1.));
#6551 = ORIENTED_EDGE('',*,*,#6552,.F.);
#6552 = EDGE_CURVE('',#6529,#6545,#6553,.T.);
#6553 = LINE('',#6554,#6555);
#6554 = CARTESIAN_POINT('',(23.408,1.304,5.2));
#6555 = VECTOR('',#6556,1.);
#6556 = DIRECTION('',(0.,1.,0.));
#6557 = PLANE('',#6558);
#6558 = AXIS2_PLACEMENT_3D('',#6559,#6560,#6561);
#6559 = CARTESIAN_POINT('',(23.408,1.304,8.4));
#6560 = DIRECTION('',(-1.,0.,0.));
#6561 = DIRECTION('',(0.,0.,-1.));
#6562 = ADVANCED_FACE('',(#6563),#6597,.T.);
#6563 = FACE_BOUND('',#6564,.T.);
#6564 = EDGE_LOOP('',(#6565,#6575,#6583,#6591));
#6565 = ORIENTED_EDGE('',*,*,#6566,.F.);
#6566 = EDGE_CURVE('',#6567,#6569,#6571,.T.);
#6567 = VERTEX_POINT('',#6568);
#6568 = CARTESIAN_POINT('',(1.154,1.304,8.4));
#6569 = VERTEX_POINT('',#6570);
#6570 = CARTESIAN_POINT('',(1.154,1.304,5.2));
#6571 = LINE('',#6572,#6573);
#6572 = CARTESIAN_POINT('',(1.154,1.304,8.4));
#6573 = VECTOR('',#6574,1.);
#6574 = DIRECTION('',(0.,0.,-1.));
#6575 = ORIENTED_EDGE('',*,*,#6576,.T.);
#6576 = EDGE_CURVE('',#6567,#6577,#6579,.T.);
#6577 = VERTEX_POINT('',#6578);
#6578 = CARTESIAN_POINT('',(1.154,31.558,8.4));
#6579 = LINE('',#6580,#6581);
#6580 = CARTESIAN_POINT('',(1.154,1.304,8.4));
#6581 = VECTOR('',#6582,1.);
#6582 = DIRECTION('',(0.,1.,0.));
#6583 = ORIENTED_EDGE('',*,*,#6584,.T.);
#6584 = EDGE_CURVE('',#6577,#6585,#6587,.T.);
#6585 = VERTEX_POINT('',#6586);
#6586 = CARTESIAN_POINT('',(1.154,31.558,5.2));
#6587 = LINE('',#6588,#6589);
#6588 = CARTESIAN_POINT('',(1.154,31.558,8.4));
#6589 = VECTOR('',#6590,1.);
#6590 = DIRECTION('',(0.,0.,-1.));
#6591 = ORIENTED_EDGE('',*,*,#6592,.F.);
#6592 = EDGE_CURVE('',#6569,#6585,#6593,.T.);
#6593 = LINE('',#6594,#6595);
#6594 = CARTESIAN_POINT('',(1.154,1.304,5.2));
#6595 = VECTOR('',#6596,1.);
#6596 = DIRECTION('',(0.,1.,0.));
#6597 = PLANE('',#6598);
#6598 = AXIS2_PLACEMENT_3D('',#6599,#6600,#6601);
#6599 = CARTESIAN_POINT('',(1.154,1.304,8.4));
#6600 = DIRECTION('',(-1.,0.,0.));
#6601 = DIRECTION('',(0.,0.,-1.));
#6602 = ADVANCED_FACE('',(#6603),#6619,.F.);
#6603 = FACE_BOUND('',#6604,.F.);
#6604 = EDGE_LOOP('',(#6605,#6611,#6612,#6618));
#6605 = ORIENTED_EDGE('',*,*,#6606,.F.);
#6606 = EDGE_CURVE('',#6527,#6567,#6607,.T.);
#6607 = LINE('',#6608,#6609);
#6608 = CARTESIAN_POINT('',(23.408,1.304,8.4));
#6609 = VECTOR('',#6610,1.);
#6610 = DIRECTION('',(-1.,0.,0.));
#6611 = ORIENTED_EDGE('',*,*,#6526,.T.);
#6612 = ORIENTED_EDGE('',*,*,#6613,.T.);
#6613 = EDGE_CURVE('',#6529,#6569,#6614,.T.);
#6614 = LINE('',#6615,#6616);
#6615 = CARTESIAN_POINT('',(23.408,1.304,5.2));
#6616 = VECTOR('',#6617,1.);
#6617 = DIRECTION('',(-1.,0.,0.));
#6618 = ORIENTED_EDGE('',*,*,#6566,.F.);
#6619 = PLANE('',#6620);
#6620 = AXIS2_PLACEMENT_3D('',#6621,#6622,#6623);
#6621 = CARTESIAN_POINT('',(23.408,1.304,8.4));
#6622 = DIRECTION('',(0.,1.,0.));
#6623 = DIRECTION('',(0.,0.,-1.));
#6624 = ADVANCED_FACE('',(#6625),#6641,.T.);
#6625 = FACE_BOUND('',#6626,.T.);
#6626 = EDGE_LOOP('',(#6627,#6633,#6634,#6640));
#6627 = ORIENTED_EDGE('',*,*,#6628,.F.);
#6628 = EDGE_CURVE('',#6537,#6577,#6629,.T.);
#6629 = LINE('',#6630,#6631);
#6630 = CARTESIAN_POINT('',(23.408,31.558,8.4));
#6631 = VECTOR('',#6632,1.);
#6632 = DIRECTION('',(-1.,0.,0.));
#6633 = ORIENTED_EDGE('',*,*,#6544,.T.);
#6634 = ORIENTED_EDGE('',*,*,#6635,.T.);
#6635 = EDGE_CURVE('',#6545,#6585,#6636,.T.);
#6636 = LINE('',#6637,#6638);
#6637 = CARTESIAN_POINT('',(23.408,31.558,5.2));
#6638 = VECTOR('',#6639,1.);
#6639 = DIRECTION('',(-1.,0.,0.));
#6640 = ORIENTED_EDGE('',*,*,#6584,.F.);
#6641 = PLANE('',#6642);
#6642 = AXIS2_PLACEMENT_3D('',#6643,#6644,#6645);
#6643 = CARTESIAN_POINT('',(23.408,31.558,8.4));
#6644 = DIRECTION('',(0.,1.,0.));
#6645 = DIRECTION('',(0.,0.,-1.));
#6646 = ADVANCED_FACE('',(#6647),#6653,.F.);
#6647 = FACE_BOUND('',#6648,.F.);
#6648 = EDGE_LOOP('',(#6649,#6650,#6651,#6652));
#6649 = ORIENTED_EDGE('',*,*,#6536,.F.);
#6650 = ORIENTED_EDGE('',*,*,#6606,.T.);
#6651 = ORIENTED_EDGE('',*,*,#6576,.T.);
#6652 = ORIENTED_EDGE('',*,*,#6628,.F.);
#6653 = PLANE('',#6654);
#6654 = AXIS2_PLACEMENT_3D('',#6655,#6656,#6657);
#6655 = CARTESIAN_POINT('',(23.408,1.304,8.4));
#6656 = DIRECTION('',(0.,0.,-1.));
#6657 = DIRECTION('',(-1.,0.,0.));
#6658 = ADVANCED_FACE('',(#6659),#6665,.T.);
#6659 = FACE_BOUND('',#6660,.T.);
#6660 = EDGE_LOOP('',(#6661,#6662,#6663,#6664));
#6661 = ORIENTED_EDGE('',*,*,#6552,.F.);
#6662 = ORIENTED_EDGE('',*,*,#6613,.T.);
#6663 = ORIENTED_EDGE('',*,*,#6592,.T.);
#6664 = ORIENTED_EDGE('',*,*,#6635,.F.);
#6665 = PLANE('',#6666);
#6666 = AXIS2_PLACEMENT_3D('',#6667,#6668,#6669);
#6667 = CARTESIAN_POINT('',(23.408,1.304,5.2));
#6668 = DIRECTION('',(0.,0.,-1.));
#6669 = DIRECTION('',(-1.,0.,0.));
#6670 = MANIFOLD_SOLID_BREP('',#6671);
#6671 = CLOSED_SHELL('',(#6672,#6714,#6745,#6776,#6809,#6842,#6873,#6904
    ,#6928,#6944));
#6672 = ADVANCED_FACE('',(#6673),#6709,.T.);
#6673 = FACE_BOUND('',#6674,.F.);
#6674 = EDGE_LOOP('',(#6675,#6685,#6694,#6702));
#6675 = ORIENTED_EDGE('',*,*,#6676,.F.);
#6676 = EDGE_CURVE('',#6677,#6679,#6681,.T.);
#6677 = VERTEX_POINT('',#6678);
#6678 = CARTESIAN_POINT('',(46.725,13.735,11.84));
#6679 = VERTEX_POINT('',#6680);
#6680 = CARTESIAN_POINT('',(46.725,13.735,13.));
#6681 = LINE('',#6682,#6683);
#6682 = CARTESIAN_POINT('',(46.725,13.735,11.84));
#6683 = VECTOR('',#6684,1.);
#6684 = DIRECTION('',(0.,0.,1.));
#6685 = ORIENTED_EDGE('',*,*,#6686,.F.);
#6686 = EDGE_CURVE('',#6687,#6677,#6689,.T.);
#6687 = VERTEX_POINT('',#6688);
#6688 = CARTESIAN_POINT('',(36.725,3.735,11.84));
#6689 = CIRCLE('',#6690,10.);
#6690 = AXIS2_PLACEMENT_3D('',#6691,#6692,#6693);
#6691 = CARTESIAN_POINT('',(36.725,13.735,11.84));
#6692 = DIRECTION('',(0.,-0.,1.));
#6693 = DIRECTION('',(2.22044604925E-16,1.,0.));
#6694 = ORIENTED_EDGE('',*,*,#6695,.T.);
#6695 = EDGE_CURVE('',#6687,#6696,#6698,.T.);
#6696 = VERTEX_POINT('',#6697);
#6697 = CARTESIAN_POINT('',(36.725,3.735,13.));
#6698 = LINE('',#6699,#6700);
#6699 = CARTESIAN_POINT('',(36.725,3.735,11.84));
#6700 = VECTOR('',#6701,1.);
#6701 = DIRECTION('',(0.,0.,1.));
#6702 = ORIENTED_EDGE('',*,*,#6703,.T.);
#6703 = EDGE_CURVE('',#6696,#6679,#6704,.T.);
#6704 = CIRCLE('',#6705,10.);
#6705 = AXIS2_PLACEMENT_3D('',#6706,#6707,#6708);
#6706 = CARTESIAN_POINT('',(36.725,13.735,13.));
#6707 = DIRECTION('',(0.,-0.,1.));
#6708 = DIRECTION('',(2.22044604925E-16,1.,0.));
#6709 = CYLINDRICAL_SURFACE('',#6710,10.);
#6710 = AXIS2_PLACEMENT_3D('',#6711,#6712,#6713);
#6711 = CARTESIAN_POINT('',(36.725,13.735,11.84));
#6712 = DIRECTION('',(0.,-0.,-1.));
#6713 = DIRECTION('',(2.22044604925E-16,1.,0.));
#6714 = ADVANCED_FACE('',(#6715),#6740,.F.);
#6715 = FACE_BOUND('',#6716,.F.);
#6716 = EDGE_LOOP('',(#6717,#6725,#6726,#6734));
#6717 = ORIENTED_EDGE('',*,*,#6718,.F.);
#6718 = EDGE_CURVE('',#6677,#6719,#6721,.T.);
#6719 = VERTEX_POINT('',#6720);
#6720 = CARTESIAN_POINT('',(46.725,30.065,11.84));
#6721 = LINE('',#6722,#6723);
#6722 = CARTESIAN_POINT('',(46.725,13.735,11.84));
#6723 = VECTOR('',#6724,1.);
#6724 = DIRECTION('',(2.22044604925E-16,1.,0.));
#6725 = ORIENTED_EDGE('',*,*,#6676,.T.);
#6726 = ORIENTED_EDGE('',*,*,#6727,.T.);
#6727 = EDGE_CURVE('',#6679,#6728,#6730,.T.);
#6728 = VERTEX_POINT('',#6729);
#6729 = CARTESIAN_POINT('',(46.725,30.065,13.));
#6730 = LINE('',#6731,#6732);
#6731 = CARTESIAN_POINT('',(46.725,13.735,13.));
#6732 = VECTOR('',#6733,1.);
#6733 = DIRECTION('',(2.22044604925E-16,1.,0.));
#6734 = ORIENTED_EDGE('',*,*,#6735,.F.);
#6735 = EDGE_CURVE('',#6719,#6728,#6736,.T.);
#6736 = LINE('',#6737,#6738);
#6737 = CARTESIAN_POINT('',(46.725,30.065,11.84));
#6738 = VECTOR('',#6739,1.);
#6739 = DIRECTION('',(0.,0.,1.));
#6740 = PLANE('',#6741);
#6741 = AXIS2_PLACEMENT_3D('',#6742,#6743,#6744);
#6742 = CARTESIAN_POINT('',(46.725,13.735,11.84));
#6743 = DIRECTION('',(-1.,2.22044604925E-16,0.));
#6744 = DIRECTION('',(0.,0.,1.));
#6745 = ADVANCED_FACE('',(#6746),#6771,.F.);
#6746 = FACE_BOUND('',#6747,.F.);
#6747 = EDGE_LOOP('',(#6748,#6749,#6757,#6765));
#6748 = ORIENTED_EDGE('',*,*,#6695,.F.);
#6749 = ORIENTED_EDGE('',*,*,#6750,.T.);
#6750 = EDGE_CURVE('',#6687,#6751,#6753,.T.);
#6751 = VERTEX_POINT('',#6752);
#6752 = CARTESIAN_POINT('',(13.275,3.735,11.84));
#6753 = LINE('',#6754,#6755);
#6754 = CARTESIAN_POINT('',(36.725,3.735,11.84));
#6755 = VECTOR('',#6756,1.);
#6756 = DIRECTION('',(-1.,2.22044604925E-16,0.));
#6757 = ORIENTED_EDGE('',*,*,#6758,.T.);
#6758 = EDGE_CURVE('',#6751,#6759,#6761,.T.);
#6759 = VERTEX_POINT('',#6760);
#6760 = CARTESIAN_POINT('',(13.275,3.735,13.));
#6761 = LINE('',#6762,#6763);
#6762 = CARTESIAN_POINT('',(13.275,3.735,11.84));
#6763 = VECTOR('',#6764,1.);
#6764 = DIRECTION('',(0.,0.,1.));
#6765 = ORIENTED_EDGE('',*,*,#6766,.F.);
#6766 = EDGE_CURVE('',#6696,#6759,#6767,.T.);
#6767 = LINE('',#6768,#6769);
#6768 = CARTESIAN_POINT('',(36.725,3.735,13.));
#6769 = VECTOR('',#6770,1.);
#6770 = DIRECTION('',(-1.,2.22044604925E-16,0.));
#6771 = PLANE('',#6772);
#6772 = AXIS2_PLACEMENT_3D('',#6773,#6774,#6775);
#6773 = CARTESIAN_POINT('',(36.725,3.735,11.84));
#6774 = DIRECTION('',(2.22044604925E-16,1.,0.));
#6775 = DIRECTION('',(0.,0.,1.));
#6776 = ADVANCED_FACE('',(#6777),#6804,.T.);
#6777 = FACE_BOUND('',#6778,.F.);
#6778 = EDGE_LOOP('',(#6779,#6789,#6796,#6797));
#6779 = ORIENTED_EDGE('',*,*,#6780,.F.);
#6780 = EDGE_CURVE('',#6781,#6783,#6785,.T.);
#6781 = VERTEX_POINT('',#6782);
#6782 = CARTESIAN_POINT('',(36.725,40.065,11.84));
#6783 = VERTEX_POINT('',#6784);
#6784 = CARTESIAN_POINT('',(36.725,40.065,13.));
#6785 = LINE('',#6786,#6787);
#6786 = CARTESIAN_POINT('',(36.725,40.065,11.84));
#6787 = VECTOR('',#6788,1.);
#6788 = DIRECTION('',(0.,0.,1.));
#6789 = ORIENTED_EDGE('',*,*,#6790,.F.);
#6790 = EDGE_CURVE('',#6719,#6781,#6791,.T.);
#6791 = CIRCLE('',#6792,10.);
#6792 = AXIS2_PLACEMENT_3D('',#6793,#6794,#6795);
#6793 = CARTESIAN_POINT('',(36.725,30.065,11.84));
#6794 = DIRECTION('',(0.,-0.,1.));
#6795 = DIRECTION('',(2.22044604925E-16,1.,0.));
#6796 = ORIENTED_EDGE('',*,*,#6735,.T.);
#6797 = ORIENTED_EDGE('',*,*,#6798,.T.);
#6798 = EDGE_CURVE('',#6728,#6783,#6799,.T.);
#6799 = CIRCLE('',#6800,10.);
#6800 = AXIS2_PLACEMENT_3D('',#6801,#6802,#6803);
#6801 = CARTESIAN_POINT('',(36.725,30.065,13.));
#6802 = DIRECTION('',(0.,-0.,1.));
#6803 = DIRECTION('',(2.22044604925E-16,1.,0.));
#6804 = CYLINDRICAL_SURFACE('',#6805,10.);
#6805 = AXIS2_PLACEMENT_3D('',#6806,#6807,#6808);
#6806 = CARTESIAN_POINT('',(36.725,30.065,11.84));
#6807 = DIRECTION('',(0.,-0.,-1.));
#6808 = DIRECTION('',(2.22044604925E-16,1.,0.));
#6809 = ADVANCED_FACE('',(#6810),#6837,.T.);
#6810 = FACE_BOUND('',#6811,.F.);
#6811 = EDGE_LOOP('',(#6812,#6821,#6829,#6836));
#6812 = ORIENTED_EDGE('',*,*,#6813,.F.);
#6813 = EDGE_CURVE('',#6814,#6751,#6816,.T.);
#6814 = VERTEX_POINT('',#6815);
#6815 = CARTESIAN_POINT('',(3.275,13.735,11.84));
#6816 = CIRCLE('',#6817,10.);
#6817 = AXIS2_PLACEMENT_3D('',#6818,#6819,#6820);
#6818 = CARTESIAN_POINT('',(13.275,13.735,11.84));
#6819 = DIRECTION('',(0.,-0.,1.));
#6820 = DIRECTION('',(2.22044604925E-16,1.,0.));
#6821 = ORIENTED_EDGE('',*,*,#6822,.T.);
#6822 = EDGE_CURVE('',#6814,#6823,#6825,.T.);
#6823 = VERTEX_POINT('',#6824);
#6824 = CARTESIAN_POINT('',(3.275,13.735,13.));
#6825 = LINE('',#6826,#6827);
#6826 = CARTESIAN_POINT('',(3.275,13.735,11.84));
#6827 = VECTOR('',#6828,1.);
#6828 = DIRECTION('',(0.,0.,1.));
#6829 = ORIENTED_EDGE('',*,*,#6830,.T.);
#6830 = EDGE_CURVE('',#6823,#6759,#6831,.T.);
#6831 = CIRCLE('',#6832,10.);
#6832 = AXIS2_PLACEMENT_3D('',#6833,#6834,#6835);
#6833 = CARTESIAN_POINT('',(13.275,13.735,13.));
#6834 = DIRECTION('',(0.,-0.,1.));
#6835 = DIRECTION('',(2.22044604925E-16,1.,0.));
#6836 = ORIENTED_EDGE('',*,*,#6758,.F.);
#6837 = CYLINDRICAL_SURFACE('',#6838,10.);
#6838 = AXIS2_PLACEMENT_3D('',#6839,#6840,#6841);
#6839 = CARTESIAN_POINT('',(13.275,13.735,11.84));
#6840 = DIRECTION('',(0.,-0.,-1.));
#6841 = DIRECTION('',(2.22044604925E-16,1.,0.));
#6842 = ADVANCED_FACE('',(#6843),#6868,.T.);
#6843 = FACE_BOUND('',#6844,.T.);
#6844 = EDGE_LOOP('',(#6845,#6846,#6854,#6862));
#6845 = ORIENTED_EDGE('',*,*,#6780,.F.);
#6846 = ORIENTED_EDGE('',*,*,#6847,.T.);
#6847 = EDGE_CURVE('',#6781,#6848,#6850,.T.);
#6848 = VERTEX_POINT('',#6849);
#6849 = CARTESIAN_POINT('',(13.275,40.065,11.84));
#6850 = LINE('',#6851,#6852);
#6851 = CARTESIAN_POINT('',(36.725,40.065,11.84));
#6852 = VECTOR('',#6853,1.);
#6853 = DIRECTION('',(-1.,2.22044604925E-16,0.));
#6854 = ORIENTED_EDGE('',*,*,#6855,.T.);
#6855 = EDGE_CURVE('',#6848,#6856,#6858,.T.);
#6856 = VERTEX_POINT('',#6857);
#6857 = CARTESIAN_POINT('',(13.275,40.065,13.));
#6858 = LINE('',#6859,#6860);
#6859 = CARTESIAN_POINT('',(13.275,40.065,11.84));
#6860 = VECTOR('',#6861,1.);
#6861 = DIRECTION('',(0.,0.,1.));
#6862 = ORIENTED_EDGE('',*,*,#6863,.F.);
#6863 = EDGE_CURVE('',#6783,#6856,#6864,.T.);
#6864 = LINE('',#6865,#6866);
#6865 = CARTESIAN_POINT('',(36.725,40.065,13.));
#6866 = VECTOR('',#6867,1.);
#6867 = DIRECTION('',(-1.,2.22044604925E-16,0.));
#6868 = PLANE('',#6869);
#6869 = AXIS2_PLACEMENT_3D('',#6870,#6871,#6872);
#6870 = CARTESIAN_POINT('',(36.725,40.065,11.84));
#6871 = DIRECTION('',(2.22044604925E-16,1.,0.));
#6872 = DIRECTION('',(0.,0.,1.));
#6873 = ADVANCED_FACE('',(#6874),#6899,.T.);
#6874 = FACE_BOUND('',#6875,.T.);
#6875 = EDGE_LOOP('',(#6876,#6884,#6885,#6893));
#6876 = ORIENTED_EDGE('',*,*,#6877,.F.);
#6877 = EDGE_CURVE('',#6814,#6878,#6880,.T.);
#6878 = VERTEX_POINT('',#6879);
#6879 = CARTESIAN_POINT('',(3.275,30.065,11.84));
#6880 = LINE('',#6881,#6882);
#6881 = CARTESIAN_POINT('',(3.275,13.735,11.84));
#6882 = VECTOR('',#6883,1.);
#6883 = DIRECTION('',(2.22044604925E-16,1.,0.));
#6884 = ORIENTED_EDGE('',*,*,#6822,.T.);
#6885 = ORIENTED_EDGE('',*,*,#6886,.T.);
#6886 = EDGE_CURVE('',#6823,#6887,#6889,.T.);
#6887 = VERTEX_POINT('',#6888);
#6888 = CARTESIAN_POINT('',(3.275,30.065,13.));
#6889 = LINE('',#6890,#6891);
#6890 = CARTESIAN_POINT('',(3.275,13.735,13.));
#6891 = VECTOR('',#6892,1.);
#6892 = DIRECTION('',(2.22044604925E-16,1.,0.));
#6893 = ORIENTED_EDGE('',*,*,#6894,.F.);
#6894 = EDGE_CURVE('',#6878,#6887,#6895,.T.);
#6895 = LINE('',#6896,#6897);
#6896 = CARTESIAN_POINT('',(3.275,30.065,11.84));
#6897 = VECTOR('',#6898,1.);
#6898 = DIRECTION('',(0.,0.,1.));
#6899 = PLANE('',#6900);
#6900 = AXIS2_PLACEMENT_3D('',#6901,#6902,#6903);
#6901 = CARTESIAN_POINT('',(3.275,13.735,11.84));
#6902 = DIRECTION('',(-1.,2.22044604925E-16,0.));
#6903 = DIRECTION('',(0.,0.,1.));
#6904 = ADVANCED_FACE('',(#6905),#6923,.T.);
#6905 = FACE_BOUND('',#6906,.F.);
#6906 = EDGE_LOOP('',(#6907,#6914,#6915,#6922));
#6907 = ORIENTED_EDGE('',*,*,#6908,.F.);
#6908 = EDGE_CURVE('',#6848,#6878,#6909,.T.);
#6909 = CIRCLE('',#6910,10.);
#6910 = AXIS2_PLACEMENT_3D('',#6911,#6912,#6913);
#6911 = CARTESIAN_POINT('',(13.275,30.065,11.84));
#6912 = DIRECTION('',(0.,-0.,1.));
#6913 = DIRECTION('',(2.22044604925E-16,1.,0.));
#6914 = ORIENTED_EDGE('',*,*,#6855,.T.);
#6915 = ORIENTED_EDGE('',*,*,#6916,.T.);
#6916 = EDGE_CURVE('',#6856,#6887,#6917,.T.);
#6917 = CIRCLE('',#6918,10.);
#6918 = AXIS2_PLACEMENT_3D('',#6919,#6920,#6921);
#6919 = CARTESIAN_POINT('',(13.275,30.065,13.));
#6920 = DIRECTION('',(0.,-0.,1.));
#6921 = DIRECTION('',(2.22044604925E-16,1.,0.));
#6922 = ORIENTED_EDGE('',*,*,#6894,.F.);
#6923 = CYLINDRICAL_SURFACE('',#6924,10.);
#6924 = AXIS2_PLACEMENT_3D('',#6925,#6926,#6927);
#6925 = CARTESIAN_POINT('',(13.275,30.065,11.84));
#6926 = DIRECTION('',(0.,-0.,-1.));
#6927 = DIRECTION('',(2.22044604925E-16,1.,0.));
#6928 = ADVANCED_FACE('',(#6929),#6939,.T.);
#6929 = FACE_BOUND('',#6930,.T.);
#6930 = EDGE_LOOP('',(#6931,#6932,#6933,#6934,#6935,#6936,#6937,#6938));
#6931 = ORIENTED_EDGE('',*,*,#6703,.T.);
#6932 = ORIENTED_EDGE('',*,*,#6727,.T.);
#6933 = ORIENTED_EDGE('',*,*,#6798,.T.);
#6934 = ORIENTED_EDGE('',*,*,#6863,.T.);
#6935 = ORIENTED_EDGE('',*,*,#6916,.T.);
#6936 = ORIENTED_EDGE('',*,*,#6886,.F.);
#6937 = ORIENTED_EDGE('',*,*,#6830,.T.);
#6938 = ORIENTED_EDGE('',*,*,#6766,.F.);
#6939 = PLANE('',#6940);
#6940 = AXIS2_PLACEMENT_3D('',#6941,#6942,#6943);
#6941 = CARTESIAN_POINT('',(25.,21.9,13.));
#6942 = DIRECTION('',(0.,0.,1.));
#6943 = DIRECTION('',(2.22044604925E-16,1.,0.));
#6944 = ADVANCED_FACE('',(#6945),#6955,.T.);
#6945 = FACE_BOUND('',#6946,.T.);
#6946 = EDGE_LOOP('',(#6947,#6948,#6949,#6950,#6951,#6952,#6953,#6954));
#6947 = ORIENTED_EDGE('',*,*,#6686,.F.);
#6948 = ORIENTED_EDGE('',*,*,#6750,.T.);
#6949 = ORIENTED_EDGE('',*,*,#6813,.F.);
#6950 = ORIENTED_EDGE('',*,*,#6877,.T.);
#6951 = ORIENTED_EDGE('',*,*,#6908,.F.);
#6952 = ORIENTED_EDGE('',*,*,#6847,.F.);
#6953 = ORIENTED_EDGE('',*,*,#6790,.F.);
#6954 = ORIENTED_EDGE('',*,*,#6718,.F.);
#6955 = PLANE('',#6956);
#6956 = AXIS2_PLACEMENT_3D('',#6957,#6958,#6959);
#6957 = CARTESIAN_POINT('',(25.,21.9,11.84));
#6958 = DIRECTION('',(0.,-0.,-1.));
#6959 = DIRECTION('',(-2.22044604925E-16,-1.,0.));
#6960 = MANIFOLD_SOLID_BREP('',#6961);
#6961 = CLOSED_SHELL('',(#6962,#7004,#7035,#7066,#7099,#7132,#7163,#7194
    ,#7218,#7234));
#6962 = ADVANCED_FACE('',(#6963),#6999,.T.);
#6963 = FACE_BOUND('',#6964,.F.);
#6964 = EDGE_LOOP('',(#6965,#6975,#6984,#6992));
#6965 = ORIENTED_EDGE('',*,*,#6966,.F.);
#6966 = EDGE_CURVE('',#6967,#6969,#6971,.T.);
#6967 = VERTEX_POINT('',#6968);
#6968 = CARTESIAN_POINT('',(46.625,13.735,13.));
#6969 = VERTEX_POINT('',#6970);
#6970 = CARTESIAN_POINT('',(46.625,13.735,13.3));
#6971 = LINE('',#6972,#6973);
#6972 = CARTESIAN_POINT('',(46.625,13.735,13.));
#6973 = VECTOR('',#6974,1.);
#6974 = DIRECTION('',(0.,0.,1.));
#6975 = ORIENTED_EDGE('',*,*,#6976,.F.);
#6976 = EDGE_CURVE('',#6977,#6967,#6979,.T.);
#6977 = VERTEX_POINT('',#6978);
#6978 = CARTESIAN_POINT('',(36.725,3.835,13.));
#6979 = CIRCLE('',#6980,9.9);
#6980 = AXIS2_PLACEMENT_3D('',#6981,#6982,#6983);
#6981 = CARTESIAN_POINT('',(36.725,13.735,13.));
#6982 = DIRECTION('',(0.,-0.,1.));
#6983 = DIRECTION('',(2.22044604925E-16,1.,0.));
#6984 = ORIENTED_EDGE('',*,*,#6985,.T.);
#6985 = EDGE_CURVE('',#6977,#6986,#6988,.T.);
#6986 = VERTEX_POINT('',#6987);
#6987 = CARTESIAN_POINT('',(36.725,3.835,13.3));
#6988 = LINE('',#6989,#6990);
#6989 = CARTESIAN_POINT('',(36.725,3.835,13.));
#6990 = VECTOR('',#6991,1.);
#6991 = DIRECTION('',(0.,0.,1.));
#6992 = ORIENTED_EDGE('',*,*,#6993,.T.);
#6993 = EDGE_CURVE('',#6986,#6969,#6994,.T.);
#6994 = CIRCLE('',#6995,9.9);
#6995 = AXIS2_PLACEMENT_3D('',#6996,#6997,#6998);
#6996 = CARTESIAN_POINT('',(36.725,13.735,13.3));
#6997 = DIRECTION('',(0.,-0.,1.));
#6998 = DIRECTION('',(2.22044604925E-16,1.,0.));
#6999 = CYLINDRICAL_SURFACE('',#7000,9.9);
#7000 = AXIS2_PLACEMENT_3D('',#7001,#7002,#7003);
#7001 = CARTESIAN_POINT('',(36.725,13.735,13.));
#7002 = DIRECTION('',(0.,-0.,-1.));
#7003 = DIRECTION('',(2.22044604925E-16,1.,0.));
#7004 = ADVANCED_FACE('',(#7005),#7030,.F.);
#7005 = FACE_BOUND('',#7006,.F.);
#7006 = EDGE_LOOP('',(#7007,#7015,#7016,#7024));
#7007 = ORIENTED_EDGE('',*,*,#7008,.F.);
#7008 = EDGE_CURVE('',#6967,#7009,#7011,.T.);
#7009 = VERTEX_POINT('',#7010);
#7010 = CARTESIAN_POINT('',(46.625,30.065,13.));
#7011 = LINE('',#7012,#7013);
#7012 = CARTESIAN_POINT('',(46.625,13.735,13.));
#7013 = VECTOR('',#7014,1.);
#7014 = DIRECTION('',(2.22044604925E-16,1.,0.));
#7015 = ORIENTED_EDGE('',*,*,#6966,.T.);
#7016 = ORIENTED_EDGE('',*,*,#7017,.T.);
#7017 = EDGE_CURVE('',#6969,#7018,#7020,.T.);
#7018 = VERTEX_POINT('',#7019);
#7019 = CARTESIAN_POINT('',(46.625,30.065,13.3));
#7020 = LINE('',#7021,#7022);
#7021 = CARTESIAN_POINT('',(46.625,13.735,13.3));
#7022 = VECTOR('',#7023,1.);
#7023 = DIRECTION('',(2.22044604925E-16,1.,0.));
#7024 = ORIENTED_EDGE('',*,*,#7025,.F.);
#7025 = EDGE_CURVE('',#7009,#7018,#7026,.T.);
#7026 = LINE('',#7027,#7028);
#7027 = CARTESIAN_POINT('',(46.625,30.065,13.));
#7028 = VECTOR('',#7029,1.);
#7029 = DIRECTION('',(0.,0.,1.));
#7030 = PLANE('',#7031);
#7031 = AXIS2_PLACEMENT_3D('',#7032,#7033,#7034);
#7032 = CARTESIAN_POINT('',(46.625,13.735,13.));
#7033 = DIRECTION('',(-1.,2.22044604925E-16,0.));
#7034 = DIRECTION('',(0.,0.,1.));
#7035 = ADVANCED_FACE('',(#7036),#7061,.F.);
#7036 = FACE_BOUND('',#7037,.F.);
#7037 = EDGE_LOOP('',(#7038,#7039,#7047,#7055));
#7038 = ORIENTED_EDGE('',*,*,#6985,.F.);
#7039 = ORIENTED_EDGE('',*,*,#7040,.T.);
#7040 = EDGE_CURVE('',#6977,#7041,#7043,.T.);
#7041 = VERTEX_POINT('',#7042);
#7042 = CARTESIAN_POINT('',(13.275,3.835,13.));
#7043 = LINE('',#7044,#7045);
#7044 = CARTESIAN_POINT('',(36.725,3.835,13.));
#7045 = VECTOR('',#7046,1.);
#7046 = DIRECTION('',(-1.,2.22044604925E-16,0.));
#7047 = ORIENTED_EDGE('',*,*,#7048,.T.);
#7048 = EDGE_CURVE('',#7041,#7049,#7051,.T.);
#7049 = VERTEX_POINT('',#7050);
#7050 = CARTESIAN_POINT('',(13.275,3.835,13.3));
#7051 = LINE('',#7052,#7053);
#7052 = CARTESIAN_POINT('',(13.275,3.835,13.));
#7053 = VECTOR('',#7054,1.);
#7054 = DIRECTION('',(0.,0.,1.));
#7055 = ORIENTED_EDGE('',*,*,#7056,.F.);
#7056 = EDGE_CURVE('',#6986,#7049,#7057,.T.);
#7057 = LINE('',#7058,#7059);
#7058 = CARTESIAN_POINT('',(36.725,3.835,13.3));
#7059 = VECTOR('',#7060,1.);
#7060 = DIRECTION('',(-1.,2.22044604925E-16,0.));
#7061 = PLANE('',#7062);
#7062 = AXIS2_PLACEMENT_3D('',#7063,#7064,#7065);
#7063 = CARTESIAN_POINT('',(36.725,3.835,13.));
#7064 = DIRECTION('',(2.22044604925E-16,1.,0.));
#7065 = DIRECTION('',(0.,0.,1.));
#7066 = ADVANCED_FACE('',(#7067),#7094,.T.);
#7067 = FACE_BOUND('',#7068,.F.);
#7068 = EDGE_LOOP('',(#7069,#7079,#7086,#7087));
#7069 = ORIENTED_EDGE('',*,*,#7070,.F.);
#7070 = EDGE_CURVE('',#7071,#7073,#7075,.T.);
#7071 = VERTEX_POINT('',#7072);
#7072 = CARTESIAN_POINT('',(36.725,39.965,13.));
#7073 = VERTEX_POINT('',#7074);
#7074 = CARTESIAN_POINT('',(36.725,39.965,13.3));
#7075 = LINE('',#7076,#7077);
#7076 = CARTESIAN_POINT('',(36.725,39.965,13.));
#7077 = VECTOR('',#7078,1.);
#7078 = DIRECTION('',(0.,0.,1.));
#7079 = ORIENTED_EDGE('',*,*,#7080,.F.);
#7080 = EDGE_CURVE('',#7009,#7071,#7081,.T.);
#7081 = CIRCLE('',#7082,9.9);
#7082 = AXIS2_PLACEMENT_3D('',#7083,#7084,#7085);
#7083 = CARTESIAN_POINT('',(36.725,30.065,13.));
#7084 = DIRECTION('',(0.,-0.,1.));
#7085 = DIRECTION('',(2.22044604925E-16,1.,0.));
#7086 = ORIENTED_EDGE('',*,*,#7025,.T.);
#7087 = ORIENTED_EDGE('',*,*,#7088,.T.);
#7088 = EDGE_CURVE('',#7018,#7073,#7089,.T.);
#7089 = CIRCLE('',#7090,9.9);
#7090 = AXIS2_PLACEMENT_3D('',#7091,#7092,#7093);
#7091 = CARTESIAN_POINT('',(36.725,30.065,13.3));
#7092 = DIRECTION('',(0.,-0.,1.));
#7093 = DIRECTION('',(2.22044604925E-16,1.,0.));
#7094 = CYLINDRICAL_SURFACE('',#7095,9.9);
#7095 = AXIS2_PLACEMENT_3D('',#7096,#7097,#7098);
#7096 = CARTESIAN_POINT('',(36.725,30.065,13.));
#7097 = DIRECTION('',(0.,-0.,-1.));
#7098 = DIRECTION('',(2.22044604925E-16,1.,0.));
#7099 = ADVANCED_FACE('',(#7100),#7127,.T.);
#7100 = FACE_BOUND('',#7101,.F.);
#7101 = EDGE_LOOP('',(#7102,#7111,#7119,#7126));
#7102 = ORIENTED_EDGE('',*,*,#7103,.F.);
#7103 = EDGE_CURVE('',#7104,#7041,#7106,.T.);
#7104 = VERTEX_POINT('',#7105);
#7105 = CARTESIAN_POINT('',(3.375,13.735,13.));
#7106 = CIRCLE('',#7107,9.9);
#7107 = AXIS2_PLACEMENT_3D('',#7108,#7109,#7110);
#7108 = CARTESIAN_POINT('',(13.275,13.735,13.));
#7109 = DIRECTION('',(0.,-0.,1.));
#7110 = DIRECTION('',(2.22044604925E-16,1.,0.));
#7111 = ORIENTED_EDGE('',*,*,#7112,.T.);
#7112 = EDGE_CURVE('',#7104,#7113,#7115,.T.);
#7113 = VERTEX_POINT('',#7114);
#7114 = CARTESIAN_POINT('',(3.375,13.735,13.3));
#7115 = LINE('',#7116,#7117);
#7116 = CARTESIAN_POINT('',(3.375,13.735,13.));
#7117 = VECTOR('',#7118,1.);
#7118 = DIRECTION('',(0.,0.,1.));
#7119 = ORIENTED_EDGE('',*,*,#7120,.T.);
#7120 = EDGE_CURVE('',#7113,#7049,#7121,.T.);
#7121 = CIRCLE('',#7122,9.9);
#7122 = AXIS2_PLACEMENT_3D('',#7123,#7124,#7125);
#7123 = CARTESIAN_POINT('',(13.275,13.735,13.3));
#7124 = DIRECTION('',(0.,-0.,1.));
#7125 = DIRECTION('',(2.22044604925E-16,1.,0.));
#7126 = ORIENTED_EDGE('',*,*,#7048,.F.);
#7127 = CYLINDRICAL_SURFACE('',#7128,9.9);
#7128 = AXIS2_PLACEMENT_3D('',#7129,#7130,#7131);
#7129 = CARTESIAN_POINT('',(13.275,13.735,13.));
#7130 = DIRECTION('',(0.,-0.,-1.));
#7131 = DIRECTION('',(2.22044604925E-16,1.,0.));
#7132 = ADVANCED_FACE('',(#7133),#7158,.T.);
#7133 = FACE_BOUND('',#7134,.T.);
#7134 = EDGE_LOOP('',(#7135,#7136,#7144,#7152));
#7135 = ORIENTED_EDGE('',*,*,#7070,.F.);
#7136 = ORIENTED_EDGE('',*,*,#7137,.T.);
#7137 = EDGE_CURVE('',#7071,#7138,#7140,.T.);
#7138 = VERTEX_POINT('',#7139);
#7139 = CARTESIAN_POINT('',(13.275,39.965,13.));
#7140 = LINE('',#7141,#7142);
#7141 = CARTESIAN_POINT('',(36.725,39.965,13.));
#7142 = VECTOR('',#7143,1.);
#7143 = DIRECTION('',(-1.,2.22044604925E-16,0.));
#7144 = ORIENTED_EDGE('',*,*,#7145,.T.);
#7145 = EDGE_CURVE('',#7138,#7146,#7148,.T.);
#7146 = VERTEX_POINT('',#7147);
#7147 = CARTESIAN_POINT('',(13.275,39.965,13.3));
#7148 = LINE('',#7149,#7150);
#7149 = CARTESIAN_POINT('',(13.275,39.965,13.));
#7150 = VECTOR('',#7151,1.);
#7151 = DIRECTION('',(0.,0.,1.));
#7152 = ORIENTED_EDGE('',*,*,#7153,.F.);
#7153 = EDGE_CURVE('',#7073,#7146,#7154,.T.);
#7154 = LINE('',#7155,#7156);
#7155 = CARTESIAN_POINT('',(36.725,39.965,13.3));
#7156 = VECTOR('',#7157,1.);
#7157 = DIRECTION('',(-1.,2.22044604925E-16,0.));
#7158 = PLANE('',#7159);
#7159 = AXIS2_PLACEMENT_3D('',#7160,#7161,#7162);
#7160 = CARTESIAN_POINT('',(36.725,39.965,13.));
#7161 = DIRECTION('',(2.22044604925E-16,1.,0.));
#7162 = DIRECTION('',(0.,0.,1.));
#7163 = ADVANCED_FACE('',(#7164),#7189,.T.);
#7164 = FACE_BOUND('',#7165,.T.);
#7165 = EDGE_LOOP('',(#7166,#7174,#7175,#7183));
#7166 = ORIENTED_EDGE('',*,*,#7167,.F.);
#7167 = EDGE_CURVE('',#7104,#7168,#7170,.T.);
#7168 = VERTEX_POINT('',#7169);
#7169 = CARTESIAN_POINT('',(3.375,30.065,13.));
#7170 = LINE('',#7171,#7172);
#7171 = CARTESIAN_POINT('',(3.375,13.735,13.));
#7172 = VECTOR('',#7173,1.);
#7173 = DIRECTION('',(2.22044604925E-16,1.,0.));
#7174 = ORIENTED_EDGE('',*,*,#7112,.T.);
#7175 = ORIENTED_EDGE('',*,*,#7176,.T.);
#7176 = EDGE_CURVE('',#7113,#7177,#7179,.T.);
#7177 = VERTEX_POINT('',#7178);
#7178 = CARTESIAN_POINT('',(3.375,30.065,13.3));
#7179 = LINE('',#7180,#7181);
#7180 = CARTESIAN_POINT('',(3.375,13.735,13.3));
#7181 = VECTOR('',#7182,1.);
#7182 = DIRECTION('',(2.22044604925E-16,1.,0.));
#7183 = ORIENTED_EDGE('',*,*,#7184,.F.);
#7184 = EDGE_CURVE('',#7168,#7177,#7185,.T.);
#7185 = LINE('',#7186,#7187);
#7186 = CARTESIAN_POINT('',(3.375,30.065,13.));
#7187 = VECTOR('',#7188,1.);
#7188 = DIRECTION('',(0.,0.,1.));
#7189 = PLANE('',#7190);
#7190 = AXIS2_PLACEMENT_3D('',#7191,#7192,#7193);
#7191 = CARTESIAN_POINT('',(3.375,13.735,13.));
#7192 = DIRECTION('',(-1.,2.22044604925E-16,0.));
#7193 = DIRECTION('',(0.,0.,1.));
#7194 = ADVANCED_FACE('',(#7195),#7213,.T.);
#7195 = FACE_BOUND('',#7196,.F.);
#7196 = EDGE_LOOP('',(#7197,#7204,#7205,#7212));
#7197 = ORIENTED_EDGE('',*,*,#7198,.F.);
#7198 = EDGE_CURVE('',#7138,#7168,#7199,.T.);
#7199 = CIRCLE('',#7200,9.9);
#7200 = AXIS2_PLACEMENT_3D('',#7201,#7202,#7203);
#7201 = CARTESIAN_POINT('',(13.275,30.065,13.));
#7202 = DIRECTION('',(0.,-0.,1.));
#7203 = DIRECTION('',(2.22044604925E-16,1.,0.));
#7204 = ORIENTED_EDGE('',*,*,#7145,.T.);
#7205 = ORIENTED_EDGE('',*,*,#7206,.T.);
#7206 = EDGE_CURVE('',#7146,#7177,#7207,.T.);
#7207 = CIRCLE('',#7208,9.9);
#7208 = AXIS2_PLACEMENT_3D('',#7209,#7210,#7211);
#7209 = CARTESIAN_POINT('',(13.275,30.065,13.3));
#7210 = DIRECTION('',(0.,-0.,1.));
#7211 = DIRECTION('',(2.22044604925E-16,1.,0.));
#7212 = ORIENTED_EDGE('',*,*,#7184,.F.);
#7213 = CYLINDRICAL_SURFACE('',#7214,9.9);
#7214 = AXIS2_PLACEMENT_3D('',#7215,#7216,#7217);
#7215 = CARTESIAN_POINT('',(13.275,30.065,13.));
#7216 = DIRECTION('',(0.,-0.,-1.));
#7217 = DIRECTION('',(2.22044604925E-16,1.,0.));
#7218 = ADVANCED_FACE('',(#7219),#7229,.T.);
#7219 = FACE_BOUND('',#7220,.T.);
#7220 = EDGE_LOOP('',(#7221,#7222,#7223,#7224,#7225,#7226,#7227,#7228));
#7221 = ORIENTED_EDGE('',*,*,#6993,.T.);
#7222 = ORIENTED_EDGE('',*,*,#7017,.T.);
#7223 = ORIENTED_EDGE('',*,*,#7088,.T.);
#7224 = ORIENTED_EDGE('',*,*,#7153,.T.);
#7225 = ORIENTED_EDGE('',*,*,#7206,.T.);
#7226 = ORIENTED_EDGE('',*,*,#7176,.F.);
#7227 = ORIENTED_EDGE('',*,*,#7120,.T.);
#7228 = ORIENTED_EDGE('',*,*,#7056,.F.);
#7229 = PLANE('',#7230);
#7230 = AXIS2_PLACEMENT_3D('',#7231,#7232,#7233);
#7231 = CARTESIAN_POINT('',(25.,21.9,13.3));
#7232 = DIRECTION('',(0.,0.,1.));
#7233 = DIRECTION('',(2.22044604925E-16,1.,0.));
#7234 = ADVANCED_FACE('',(#7235),#7245,.T.);
#7235 = FACE_BOUND('',#7236,.T.);
#7236 = EDGE_LOOP('',(#7237,#7238,#7239,#7240,#7241,#7242,#7243,#7244));
#7237 = ORIENTED_EDGE('',*,*,#6976,.F.);
#7238 = ORIENTED_EDGE('',*,*,#7040,.T.);
#7239 = ORIENTED_EDGE('',*,*,#7103,.F.);
#7240 = ORIENTED_EDGE('',*,*,#7167,.T.);
#7241 = ORIENTED_EDGE('',*,*,#7198,.F.);
#7242 = ORIENTED_EDGE('',*,*,#7137,.F.);
#7243 = ORIENTED_EDGE('',*,*,#7080,.F.);
#7244 = ORIENTED_EDGE('',*,*,#7008,.F.);
#7245 = PLANE('',#7246);
#7246 = AXIS2_PLACEMENT_3D('',#7247,#7248,#7249);
#7247 = CARTESIAN_POINT('',(25.,21.9,13.));
#7248 = DIRECTION('',(0.,-0.,-1.));
#7249 = DIRECTION('',(-2.22044604925E-16,-1.,0.));
#7250 = MANIFOLD_SOLID_BREP('',#7251);
#7251 = CLOSED_SHELL('',(#7252,#7294,#7325,#7356,#7389,#7422,#7453,#7484
    ,#7508,#7524));
#7252 = ADVANCED_FACE('',(#7253),#7289,.T.);
#7253 = FACE_BOUND('',#7254,.F.);
#7254 = EDGE_LOOP('',(#7255,#7265,#7274,#7282));
#7255 = ORIENTED_EDGE('',*,*,#7256,.F.);
#7256 = EDGE_CURVE('',#7257,#7259,#7261,.T.);
#7257 = VERTEX_POINT('',#7258);
#7258 = CARTESIAN_POINT('',(45.675,13.81,13.29));
#7259 = VERTEX_POINT('',#7260);
#7260 = CARTESIAN_POINT('',(45.675,13.81,13.3));
#7261 = LINE('',#7262,#7263);
#7262 = CARTESIAN_POINT('',(45.675,13.81,13.29));
#7263 = VECTOR('',#7264,1.);
#7264 = DIRECTION('',(0.,0.,1.));
#7265 = ORIENTED_EDGE('',*,*,#7266,.F.);
#7266 = EDGE_CURVE('',#7267,#7257,#7269,.T.);
#7267 = VERTEX_POINT('',#7268);
#7268 = CARTESIAN_POINT('',(36.675,4.81,13.29));
#7269 = CIRCLE('',#7270,9.);
#7270 = AXIS2_PLACEMENT_3D('',#7271,#7272,#7273);
#7271 = CARTESIAN_POINT('',(36.675,13.81,13.29));
#7272 = DIRECTION('',(0.,-0.,1.));
#7273 = DIRECTION('',(2.22044604925E-16,1.,0.));
#7274 = ORIENTED_EDGE('',*,*,#7275,.T.);
#7275 = EDGE_CURVE('',#7267,#7276,#7278,.T.);
#7276 = VERTEX_POINT('',#7277);
#7277 = CARTESIAN_POINT('',(36.675,4.81,13.3));
#7278 = LINE('',#7279,#7280);
#7279 = CARTESIAN_POINT('',(36.675,4.81,13.29));
#7280 = VECTOR('',#7281,1.);
#7281 = DIRECTION('',(0.,0.,1.));
#7282 = ORIENTED_EDGE('',*,*,#7283,.T.);
#7283 = EDGE_CURVE('',#7276,#7259,#7284,.T.);
#7284 = CIRCLE('',#7285,9.);
#7285 = AXIS2_PLACEMENT_3D('',#7286,#7287,#7288);
#7286 = CARTESIAN_POINT('',(36.675,13.81,13.3));
#7287 = DIRECTION('',(0.,-0.,1.));
#7288 = DIRECTION('',(2.22044604925E-16,1.,0.));
#7289 = CYLINDRICAL_SURFACE('',#7290,9.);
#7290 = AXIS2_PLACEMENT_3D('',#7291,#7292,#7293);
#7291 = CARTESIAN_POINT('',(36.675,13.81,13.29));
#7292 = DIRECTION('',(0.,-0.,-1.));
#7293 = DIRECTION('',(2.22044604925E-16,1.,0.));
#7294 = ADVANCED_FACE('',(#7295),#7320,.F.);
#7295 = FACE_BOUND('',#7296,.F.);
#7296 = EDGE_LOOP('',(#7297,#7305,#7306,#7314));
#7297 = ORIENTED_EDGE('',*,*,#7298,.F.);
#7298 = EDGE_CURVE('',#7257,#7299,#7301,.T.);
#7299 = VERTEX_POINT('',#7300);
#7300 = CARTESIAN_POINT('',(45.675,29.99,13.29));
#7301 = LINE('',#7302,#7303);
#7302 = CARTESIAN_POINT('',(45.675,13.81,13.29));
#7303 = VECTOR('',#7304,1.);
#7304 = DIRECTION('',(2.22044604925E-16,1.,0.));
#7305 = ORIENTED_EDGE('',*,*,#7256,.T.);
#7306 = ORIENTED_EDGE('',*,*,#7307,.T.);
#7307 = EDGE_CURVE('',#7259,#7308,#7310,.T.);
#7308 = VERTEX_POINT('',#7309);
#7309 = CARTESIAN_POINT('',(45.675,29.99,13.3));
#7310 = LINE('',#7311,#7312);
#7311 = CARTESIAN_POINT('',(45.675,13.81,13.3));
#7312 = VECTOR('',#7313,1.);
#7313 = DIRECTION('',(2.22044604925E-16,1.,0.));
#7314 = ORIENTED_EDGE('',*,*,#7315,.F.);
#7315 = EDGE_CURVE('',#7299,#7308,#7316,.T.);
#7316 = LINE('',#7317,#7318);
#7317 = CARTESIAN_POINT('',(45.675,29.99,13.29));
#7318 = VECTOR('',#7319,1.);
#7319 = DIRECTION('',(0.,0.,1.));
#7320 = PLANE('',#7321);
#7321 = AXIS2_PLACEMENT_3D('',#7322,#7323,#7324);
#7322 = CARTESIAN_POINT('',(45.675,13.81,13.29));
#7323 = DIRECTION('',(-1.,2.22044604925E-16,0.));
#7324 = DIRECTION('',(0.,0.,1.));
#7325 = ADVANCED_FACE('',(#7326),#7351,.F.);
#7326 = FACE_BOUND('',#7327,.F.);
#7327 = EDGE_LOOP('',(#7328,#7329,#7337,#7345));
#7328 = ORIENTED_EDGE('',*,*,#7275,.F.);
#7329 = ORIENTED_EDGE('',*,*,#7330,.T.);
#7330 = EDGE_CURVE('',#7267,#7331,#7333,.T.);
#7331 = VERTEX_POINT('',#7332);
#7332 = CARTESIAN_POINT('',(14.625,4.81,13.29));
#7333 = LINE('',#7334,#7335);
#7334 = CARTESIAN_POINT('',(36.675,4.81,13.29));
#7335 = VECTOR('',#7336,1.);
#7336 = DIRECTION('',(-1.,2.22044604925E-16,0.));
#7337 = ORIENTED_EDGE('',*,*,#7338,.T.);
#7338 = EDGE_CURVE('',#7331,#7339,#7341,.T.);
#7339 = VERTEX_POINT('',#7340);
#7340 = CARTESIAN_POINT('',(14.625,4.81,13.3));
#7341 = LINE('',#7342,#7343);
#7342 = CARTESIAN_POINT('',(14.625,4.81,13.29));
#7343 = VECTOR('',#7344,1.);
#7344 = DIRECTION('',(0.,0.,1.));
#7345 = ORIENTED_EDGE('',*,*,#7346,.F.);
#7346 = EDGE_CURVE('',#7276,#7339,#7347,.T.);
#7347 = LINE('',#7348,#7349);
#7348 = CARTESIAN_POINT('',(36.675,4.81,13.3));
#7349 = VECTOR('',#7350,1.);
#7350 = DIRECTION('',(-1.,2.22044604925E-16,0.));
#7351 = PLANE('',#7352);
#7352 = AXIS2_PLACEMENT_3D('',#7353,#7354,#7355);
#7353 = CARTESIAN_POINT('',(36.675,4.81,13.29));
#7354 = DIRECTION('',(2.22044604925E-16,1.,0.));
#7355 = DIRECTION('',(0.,0.,1.));
#7356 = ADVANCED_FACE('',(#7357),#7384,.T.);
#7357 = FACE_BOUND('',#7358,.F.);
#7358 = EDGE_LOOP('',(#7359,#7369,#7376,#7377));
#7359 = ORIENTED_EDGE('',*,*,#7360,.F.);
#7360 = EDGE_CURVE('',#7361,#7363,#7365,.T.);
#7361 = VERTEX_POINT('',#7362);
#7362 = CARTESIAN_POINT('',(36.675,38.99,13.29));
#7363 = VERTEX_POINT('',#7364);
#7364 = CARTESIAN_POINT('',(36.675,38.99,13.3));
#7365 = LINE('',#7366,#7367);
#7366 = CARTESIAN_POINT('',(36.675,38.99,13.29));
#7367 = VECTOR('',#7368,1.);
#7368 = DIRECTION('',(0.,0.,1.));
#7369 = ORIENTED_EDGE('',*,*,#7370,.F.);
#7370 = EDGE_CURVE('',#7299,#7361,#7371,.T.);
#7371 = CIRCLE('',#7372,9.);
#7372 = AXIS2_PLACEMENT_3D('',#7373,#7374,#7375);
#7373 = CARTESIAN_POINT('',(36.675,29.99,13.29));
#7374 = DIRECTION('',(0.,-0.,1.));
#7375 = DIRECTION('',(2.22044604925E-16,1.,0.));
#7376 = ORIENTED_EDGE('',*,*,#7315,.T.);
#7377 = ORIENTED_EDGE('',*,*,#7378,.T.);
#7378 = EDGE_CURVE('',#7308,#7363,#7379,.T.);
#7379 = CIRCLE('',#7380,9.);
#7380 = AXIS2_PLACEMENT_3D('',#7381,#7382,#7383);
#7381 = CARTESIAN_POINT('',(36.675,29.99,13.3));
#7382 = DIRECTION('',(0.,-0.,1.));
#7383 = DIRECTION('',(2.22044604925E-16,1.,0.));
#7384 = CYLINDRICAL_SURFACE('',#7385,9.);
#7385 = AXIS2_PLACEMENT_3D('',#7386,#7387,#7388);
#7386 = CARTESIAN_POINT('',(36.675,29.99,13.29));
#7387 = DIRECTION('',(0.,-0.,-1.));
#7388 = DIRECTION('',(2.22044604925E-16,1.,0.));
#7389 = ADVANCED_FACE('',(#7390),#7417,.T.);
#7390 = FACE_BOUND('',#7391,.F.);
#7391 = EDGE_LOOP('',(#7392,#7401,#7409,#7416));
#7392 = ORIENTED_EDGE('',*,*,#7393,.F.);
#7393 = EDGE_CURVE('',#7394,#7331,#7396,.T.);
#7394 = VERTEX_POINT('',#7395);
#7395 = CARTESIAN_POINT('',(5.625,13.81,13.29));
#7396 = CIRCLE('',#7397,9.);
#7397 = AXIS2_PLACEMENT_3D('',#7398,#7399,#7400);
#7398 = CARTESIAN_POINT('',(14.625,13.81,13.29));
#7399 = DIRECTION('',(0.,-0.,1.));
#7400 = DIRECTION('',(2.22044604925E-16,1.,0.));
#7401 = ORIENTED_EDGE('',*,*,#7402,.T.);
#7402 = EDGE_CURVE('',#7394,#7403,#7405,.T.);
#7403 = VERTEX_POINT('',#7404);
#7404 = CARTESIAN_POINT('',(5.625,13.81,13.3));
#7405 = LINE('',#7406,#7407);
#7406 = CARTESIAN_POINT('',(5.625,13.81,13.29));
#7407 = VECTOR('',#7408,1.);
#7408 = DIRECTION('',(0.,0.,1.));
#7409 = ORIENTED_EDGE('',*,*,#7410,.T.);
#7410 = EDGE_CURVE('',#7403,#7339,#7411,.T.);
#7411 = CIRCLE('',#7412,9.);
#7412 = AXIS2_PLACEMENT_3D('',#7413,#7414,#7415);
#7413 = CARTESIAN_POINT('',(14.625,13.81,13.3));
#7414 = DIRECTION('',(0.,-0.,1.));
#7415 = DIRECTION('',(2.22044604925E-16,1.,0.));
#7416 = ORIENTED_EDGE('',*,*,#7338,.F.);
#7417 = CYLINDRICAL_SURFACE('',#7418,9.);
#7418 = AXIS2_PLACEMENT_3D('',#7419,#7420,#7421);
#7419 = CARTESIAN_POINT('',(14.625,13.81,13.29));
#7420 = DIRECTION('',(0.,-0.,-1.));
#7421 = DIRECTION('',(2.22044604925E-16,1.,0.));
#7422 = ADVANCED_FACE('',(#7423),#7448,.T.);
#7423 = FACE_BOUND('',#7424,.T.);
#7424 = EDGE_LOOP('',(#7425,#7426,#7434,#7442));
#7425 = ORIENTED_EDGE('',*,*,#7360,.F.);
#7426 = ORIENTED_EDGE('',*,*,#7427,.T.);
#7427 = EDGE_CURVE('',#7361,#7428,#7430,.T.);
#7428 = VERTEX_POINT('',#7429);
#7429 = CARTESIAN_POINT('',(14.625,38.99,13.29));
#7430 = LINE('',#7431,#7432);
#7431 = CARTESIAN_POINT('',(36.675,38.99,13.29));
#7432 = VECTOR('',#7433,1.);
#7433 = DIRECTION('',(-1.,2.22044604925E-16,0.));
#7434 = ORIENTED_EDGE('',*,*,#7435,.T.);
#7435 = EDGE_CURVE('',#7428,#7436,#7438,.T.);
#7436 = VERTEX_POINT('',#7437);
#7437 = CARTESIAN_POINT('',(14.625,38.99,13.3));
#7438 = LINE('',#7439,#7440);
#7439 = CARTESIAN_POINT('',(14.625,38.99,13.29));
#7440 = VECTOR('',#7441,1.);
#7441 = DIRECTION('',(0.,0.,1.));
#7442 = ORIENTED_EDGE('',*,*,#7443,.F.);
#7443 = EDGE_CURVE('',#7363,#7436,#7444,.T.);
#7444 = LINE('',#7445,#7446);
#7445 = CARTESIAN_POINT('',(36.675,38.99,13.3));
#7446 = VECTOR('',#7447,1.);
#7447 = DIRECTION('',(-1.,2.22044604925E-16,0.));
#7448 = PLANE('',#7449);
#7449 = AXIS2_PLACEMENT_3D('',#7450,#7451,#7452);
#7450 = CARTESIAN_POINT('',(36.675,38.99,13.29));
#7451 = DIRECTION('',(2.22044604925E-16,1.,0.));
#7452 = DIRECTION('',(0.,0.,1.));
#7453 = ADVANCED_FACE('',(#7454),#7479,.T.);
#7454 = FACE_BOUND('',#7455,.T.);
#7455 = EDGE_LOOP('',(#7456,#7464,#7465,#7473));
#7456 = ORIENTED_EDGE('',*,*,#7457,.F.);
#7457 = EDGE_CURVE('',#7394,#7458,#7460,.T.);
#7458 = VERTEX_POINT('',#7459);
#7459 = CARTESIAN_POINT('',(5.625,29.99,13.29));
#7460 = LINE('',#7461,#7462);
#7461 = CARTESIAN_POINT('',(5.625,13.81,13.29));
#7462 = VECTOR('',#7463,1.);
#7463 = DIRECTION('',(2.22044604925E-16,1.,0.));
#7464 = ORIENTED_EDGE('',*,*,#7402,.T.);
#7465 = ORIENTED_EDGE('',*,*,#7466,.T.);
#7466 = EDGE_CURVE('',#7403,#7467,#7469,.T.);
#7467 = VERTEX_POINT('',#7468);
#7468 = CARTESIAN_POINT('',(5.625,29.99,13.3));
#7469 = LINE('',#7470,#7471);
#7470 = CARTESIAN_POINT('',(5.625,13.81,13.3));
#7471 = VECTOR('',#7472,1.);
#7472 = DIRECTION('',(2.22044604925E-16,1.,0.));
#7473 = ORIENTED_EDGE('',*,*,#7474,.F.);
#7474 = EDGE_CURVE('',#7458,#7467,#7475,.T.);
#7475 = LINE('',#7476,#7477);
#7476 = CARTESIAN_POINT('',(5.625,29.99,13.29));
#7477 = VECTOR('',#7478,1.);
#7478 = DIRECTION('',(0.,0.,1.));
#7479 = PLANE('',#7480);
#7480 = AXIS2_PLACEMENT_3D('',#7481,#7482,#7483);
#7481 = CARTESIAN_POINT('',(5.625,13.81,13.29));
#7482 = DIRECTION('',(-1.,2.22044604925E-16,0.));
#7483 = DIRECTION('',(0.,0.,1.));
#7484 = ADVANCED_FACE('',(#7485),#7503,.T.);
#7485 = FACE_BOUND('',#7486,.F.);
#7486 = EDGE_LOOP('',(#7487,#7494,#7495,#7502));
#7487 = ORIENTED_EDGE('',*,*,#7488,.F.);
#7488 = EDGE_CURVE('',#7428,#7458,#7489,.T.);
#7489 = CIRCLE('',#7490,9.);
#7490 = AXIS2_PLACEMENT_3D('',#7491,#7492,#7493);
#7491 = CARTESIAN_POINT('',(14.625,29.99,13.29));
#7492 = DIRECTION('',(0.,-0.,1.));
#7493 = DIRECTION('',(2.22044604925E-16,1.,0.));
#7494 = ORIENTED_EDGE('',*,*,#7435,.T.);
#7495 = ORIENTED_EDGE('',*,*,#7496,.T.);
#7496 = EDGE_CURVE('',#7436,#7467,#7497,.T.);
#7497 = CIRCLE('',#7498,9.);
#7498 = AXIS2_PLACEMENT_3D('',#7499,#7500,#7501);
#7499 = CARTESIAN_POINT('',(14.625,29.99,13.3));
#7500 = DIRECTION('',(0.,-0.,1.));
#7501 = DIRECTION('',(2.22044604925E-16,1.,0.));
#7502 = ORIENTED_EDGE('',*,*,#7474,.F.);
#7503 = CYLINDRICAL_SURFACE('',#7504,9.);
#7504 = AXIS2_PLACEMENT_3D('',#7505,#7506,#7507);
#7505 = CARTESIAN_POINT('',(14.625,29.99,13.29));
#7506 = DIRECTION('',(0.,-0.,-1.));
#7507 = DIRECTION('',(2.22044604925E-16,1.,0.));
#7508 = ADVANCED_FACE('',(#7509),#7519,.T.);
#7509 = FACE_BOUND('',#7510,.T.);
#7510 = EDGE_LOOP('',(#7511,#7512,#7513,#7514,#7515,#7516,#7517,#7518));
#7511 = ORIENTED_EDGE('',*,*,#7283,.T.);
#7512 = ORIENTED_EDGE('',*,*,#7307,.T.);
#7513 = ORIENTED_EDGE('',*,*,#7378,.T.);
#7514 = ORIENTED_EDGE('',*,*,#7443,.T.);
#7515 = ORIENTED_EDGE('',*,*,#7496,.T.);
#7516 = ORIENTED_EDGE('',*,*,#7466,.F.);
#7517 = ORIENTED_EDGE('',*,*,#7410,.T.);
#7518 = ORIENTED_EDGE('',*,*,#7346,.F.);
#7519 = PLANE('',#7520);
#7520 = AXIS2_PLACEMENT_3D('',#7521,#7522,#7523);
#7521 = CARTESIAN_POINT('',(25.65,21.9,13.3));
#7522 = DIRECTION('',(0.,0.,1.));
#7523 = DIRECTION('',(2.22044604925E-16,1.,0.));
#7524 = ADVANCED_FACE('',(#7525),#7535,.T.);
#7525 = FACE_BOUND('',#7526,.T.);
#7526 = EDGE_LOOP('',(#7527,#7528,#7529,#7530,#7531,#7532,#7533,#7534));
#7527 = ORIENTED_EDGE('',*,*,#7266,.F.);
#7528 = ORIENTED_EDGE('',*,*,#7330,.T.);
#7529 = ORIENTED_EDGE('',*,*,#7393,.F.);
#7530 = ORIENTED_EDGE('',*,*,#7457,.T.);
#7531 = ORIENTED_EDGE('',*,*,#7488,.F.);
#7532 = ORIENTED_EDGE('',*,*,#7427,.F.);
#7533 = ORIENTED_EDGE('',*,*,#7370,.F.);
#7534 = ORIENTED_EDGE('',*,*,#7298,.F.);
#7535 = PLANE('',#7536);
#7536 = AXIS2_PLACEMENT_3D('',#7537,#7538,#7539);
#7537 = CARTESIAN_POINT('',(25.65,21.9,13.29));
#7538 = DIRECTION('',(0.,-0.,-1.));
#7539 = DIRECTION('',(-2.22044604925E-16,-1.,0.));
#7540 = MANIFOLD_SOLID_BREP('',#7541);
#7541 = CLOSED_SHELL('',(#7542,#7582,#7622,#7644,#7666,#7678));
#7542 = ADVANCED_FACE('',(#7543),#7577,.F.);
#7543 = FACE_BOUND('',#7544,.F.);
#7544 = EDGE_LOOP('',(#7545,#7555,#7563,#7571));
#7545 = ORIENTED_EDGE('',*,*,#7546,.F.);
#7546 = EDGE_CURVE('',#7547,#7549,#7551,.T.);
#7547 = VERTEX_POINT('',#7548);
#7548 = CARTESIAN_POINT('',(7.652,14.084,3.2));
#7549 = VERTEX_POINT('',#7550);
#7550 = CARTESIAN_POINT('',(7.652,14.084,4.2));
#7551 = LINE('',#7552,#7553);
#7552 = CARTESIAN_POINT('',(7.652,14.084,3.2));
#7553 = VECTOR('',#7554,1.);
#7554 = DIRECTION('',(0.,0.,1.));
#7555 = ORIENTED_EDGE('',*,*,#7556,.T.);
#7556 = EDGE_CURVE('',#7547,#7557,#7559,.T.);
#7557 = VERTEX_POINT('',#7558);
#7558 = CARTESIAN_POINT('',(7.652,21.984,3.2));
#7559 = LINE('',#7560,#7561);
#7560 = CARTESIAN_POINT('',(7.652,14.084,3.2));
#7561 = VECTOR('',#7562,1.);
#7562 = DIRECTION('',(0.,1.,0.));
#7563 = ORIENTED_EDGE('',*,*,#7564,.T.);
#7564 = EDGE_CURVE('',#7557,#7565,#7567,.T.);
#7565 = VERTEX_POINT('',#7566);
#7566 = CARTESIAN_POINT('',(7.652,21.984,4.2));
#7567 = LINE('',#7568,#7569);
#7568 = CARTESIAN_POINT('',(7.652,21.984,3.2));
#7569 = VECTOR('',#7570,1.);
#7570 = DIRECTION('',(0.,0.,1.));
#7571 = ORIENTED_EDGE('',*,*,#7572,.F.);
#7572 = EDGE_CURVE('',#7549,#7565,#7573,.T.);
#7573 = LINE('',#7574,#7575);
#7574 = CARTESIAN_POINT('',(7.652,14.084,4.2));
#7575 = VECTOR('',#7576,1.);
#7576 = DIRECTION('',(0.,1.,0.));
#7577 = PLANE('',#7578);
#7578 = AXIS2_PLACEMENT_3D('',#7579,#7580,#7581);
#7579 = CARTESIAN_POINT('',(7.652,14.084,3.2));
#7580 = DIRECTION('',(1.,0.,0.));
#7581 = DIRECTION('',(0.,0.,1.));
#7582 = ADVANCED_FACE('',(#7583),#7617,.T.);
#7583 = FACE_BOUND('',#7584,.T.);
#7584 = EDGE_LOOP('',(#7585,#7595,#7603,#7611));
#7585 = ORIENTED_EDGE('',*,*,#7586,.F.);
#7586 = EDGE_CURVE('',#7587,#7589,#7591,.T.);
#7587 = VERTEX_POINT('',#7588);
#7588 = CARTESIAN_POINT('',(10.852,14.084,3.2));
#7589 = VERTEX_POINT('',#7590);
#7590 = CARTESIAN_POINT('',(10.852,14.084,4.2));
#7591 = LINE('',#7592,#7593);
#7592 = CARTESIAN_POINT('',(10.852,14.084,3.2));
#7593 = VECTOR('',#7594,1.);
#7594 = DIRECTION('',(0.,0.,1.));
#7595 = ORIENTED_EDGE('',*,*,#7596,.T.);
#7596 = EDGE_CURVE('',#7587,#7597,#7599,.T.);
#7597 = VERTEX_POINT('',#7598);
#7598 = CARTESIAN_POINT('',(10.852,21.984,3.2));
#7599 = LINE('',#7600,#7601);
#7600 = CARTESIAN_POINT('',(10.852,14.084,3.2));
#7601 = VECTOR('',#7602,1.);
#7602 = DIRECTION('',(0.,1.,0.));
#7603 = ORIENTED_EDGE('',*,*,#7604,.T.);
#7604 = EDGE_CURVE('',#7597,#7605,#7607,.T.);
#7605 = VERTEX_POINT('',#7606);
#7606 = CARTESIAN_POINT('',(10.852,21.984,4.2));
#7607 = LINE('',#7608,#7609);
#7608 = CARTESIAN_POINT('',(10.852,21.984,3.2));
#7609 = VECTOR('',#7610,1.);
#7610 = DIRECTION('',(0.,0.,1.));
#7611 = ORIENTED_EDGE('',*,*,#7612,.F.);
#7612 = EDGE_CURVE('',#7589,#7605,#7613,.T.);
#7613 = LINE('',#7614,#7615);
#7614 = CARTESIAN_POINT('',(10.852,14.084,4.2));
#7615 = VECTOR('',#7616,1.);
#7616 = DIRECTION('',(0.,1.,0.));
#7617 = PLANE('',#7618);
#7618 = AXIS2_PLACEMENT_3D('',#7619,#7620,#7621);
#7619 = CARTESIAN_POINT('',(10.852,14.084,3.2));
#7620 = DIRECTION('',(1.,0.,0.));
#7621 = DIRECTION('',(0.,0.,1.));
#7622 = ADVANCED_FACE('',(#7623),#7639,.F.);
#7623 = FACE_BOUND('',#7624,.F.);
#7624 = EDGE_LOOP('',(#7625,#7631,#7632,#7638));
#7625 = ORIENTED_EDGE('',*,*,#7626,.F.);
#7626 = EDGE_CURVE('',#7547,#7587,#7627,.T.);
#7627 = LINE('',#7628,#7629);
#7628 = CARTESIAN_POINT('',(7.652,14.084,3.2));
#7629 = VECTOR('',#7630,1.);
#7630 = DIRECTION('',(1.,0.,0.));
#7631 = ORIENTED_EDGE('',*,*,#7546,.T.);
#7632 = ORIENTED_EDGE('',*,*,#7633,.T.);
#7633 = EDGE_CURVE('',#7549,#7589,#7634,.T.);
#7634 = LINE('',#7635,#7636);
#7635 = CARTESIAN_POINT('',(7.652,14.084,4.2));
#7636 = VECTOR('',#7637,1.);
#7637 = DIRECTION('',(1.,0.,0.));
#7638 = ORIENTED_EDGE('',*,*,#7586,.F.);
#7639 = PLANE('',#7640);
#7640 = AXIS2_PLACEMENT_3D('',#7641,#7642,#7643);
#7641 = CARTESIAN_POINT('',(7.652,14.084,3.2));
#7642 = DIRECTION('',(0.,1.,0.));
#7643 = DIRECTION('',(0.,0.,1.));
#7644 = ADVANCED_FACE('',(#7645),#7661,.T.);
#7645 = FACE_BOUND('',#7646,.T.);
#7646 = EDGE_LOOP('',(#7647,#7653,#7654,#7660));
#7647 = ORIENTED_EDGE('',*,*,#7648,.F.);
#7648 = EDGE_CURVE('',#7557,#7597,#7649,.T.);
#7649 = LINE('',#7650,#7651);
#7650 = CARTESIAN_POINT('',(7.652,21.984,3.2));
#7651 = VECTOR('',#7652,1.);
#7652 = DIRECTION('',(1.,0.,0.));
#7653 = ORIENTED_EDGE('',*,*,#7564,.T.);
#7654 = ORIENTED_EDGE('',*,*,#7655,.T.);
#7655 = EDGE_CURVE('',#7565,#7605,#7656,.T.);
#7656 = LINE('',#7657,#7658);
#7657 = CARTESIAN_POINT('',(7.652,21.984,4.2));
#7658 = VECTOR('',#7659,1.);
#7659 = DIRECTION('',(1.,0.,0.));
#7660 = ORIENTED_EDGE('',*,*,#7604,.F.);
#7661 = PLANE('',#7662);
#7662 = AXIS2_PLACEMENT_3D('',#7663,#7664,#7665);
#7663 = CARTESIAN_POINT('',(7.652,21.984,3.2));
#7664 = DIRECTION('',(0.,1.,0.));
#7665 = DIRECTION('',(0.,0.,1.));
#7666 = ADVANCED_FACE('',(#7667),#7673,.F.);
#7667 = FACE_BOUND('',#7668,.F.);
#7668 = EDGE_LOOP('',(#7669,#7670,#7671,#7672));
#7669 = ORIENTED_EDGE('',*,*,#7556,.F.);
#7670 = ORIENTED_EDGE('',*,*,#7626,.T.);
#7671 = ORIENTED_EDGE('',*,*,#7596,.T.);
#7672 = ORIENTED_EDGE('',*,*,#7648,.F.);
#7673 = PLANE('',#7674);
#7674 = AXIS2_PLACEMENT_3D('',#7675,#7676,#7677);
#7675 = CARTESIAN_POINT('',(7.652,14.084,3.2));
#7676 = DIRECTION('',(0.,0.,1.));
#7677 = DIRECTION('',(1.,0.,0.));
#7678 = ADVANCED_FACE('',(#7679),#7685,.T.);
#7679 = FACE_BOUND('',#7680,.T.);
#7680 = EDGE_LOOP('',(#7681,#7682,#7683,#7684));
#7681 = ORIENTED_EDGE('',*,*,#7572,.F.);
#7682 = ORIENTED_EDGE('',*,*,#7633,.T.);
#7683 = ORIENTED_EDGE('',*,*,#7612,.T.);
#7684 = ORIENTED_EDGE('',*,*,#7655,.F.);
#7685 = PLANE('',#7686);
#7686 = AXIS2_PLACEMENT_3D('',#7687,#7688,#7689);
#7687 = CARTESIAN_POINT('',(7.652,14.084,4.2));
#7688 = DIRECTION('',(0.,0.,1.));
#7689 = DIRECTION('',(1.,0.,0.));
#7690 = MANIFOLD_SOLID_BREP('',#7691);
#7691 = CLOSED_SHELL('',(#7692,#7732,#7772,#7794,#7816,#7828));
#7692 = ADVANCED_FACE('',(#7693),#7727,.F.);
#7693 = FACE_BOUND('',#7694,.F.);
#7694 = EDGE_LOOP('',(#7695,#7705,#7713,#7721));
#7695 = ORIENTED_EDGE('',*,*,#7696,.F.);
#7696 = EDGE_CURVE('',#7697,#7699,#7701,.T.);
#7697 = VERTEX_POINT('',#7698);
#7698 = CARTESIAN_POINT('',(9.9395,20.944,4.16));
#7699 = VERTEX_POINT('',#7700);
#7700 = CARTESIAN_POINT('',(9.9395,20.944,4.2));
#7701 = LINE('',#7702,#7703);
#7702 = CARTESIAN_POINT('',(9.9395,20.944,4.16));
#7703 = VECTOR('',#7704,1.);
#7704 = DIRECTION('',(0.,0.,1.));
#7705 = ORIENTED_EDGE('',*,*,#7706,.T.);
#7706 = EDGE_CURVE('',#7697,#7707,#7709,.T.);
#7707 = VERTEX_POINT('',#7708);
#7708 = CARTESIAN_POINT('',(9.9395,21.124,4.16));
#7709 = LINE('',#7710,#7711);
#7710 = CARTESIAN_POINT('',(9.9395,20.944,4.16));
#7711 = VECTOR('',#7712,1.);
#7712 = DIRECTION('',(0.,1.,0.));
#7713 = ORIENTED_EDGE('',*,*,#7714,.T.);
#7714 = EDGE_CURVE('',#7707,#7715,#7717,.T.);
#7715 = VERTEX_POINT('',#7716);
#7716 = CARTESIAN_POINT('',(9.9395,21.124,4.2));
#7717 = LINE('',#7718,#7719);
#7718 = CARTESIAN_POINT('',(9.9395,21.124,4.16));
#7719 = VECTOR('',#7720,1.);
#7720 = DIRECTION('',(0.,0.,1.));
#7721 = ORIENTED_EDGE('',*,*,#7722,.F.);
#7722 = EDGE_CURVE('',#7699,#7715,#7723,.T.);
#7723 = LINE('',#7724,#7725);
#7724 = CARTESIAN_POINT('',(9.9395,20.944,4.2));
#7725 = VECTOR('',#7726,1.);
#7726 = DIRECTION('',(0.,1.,0.));
#7727 = PLANE('',#7728);
#7728 = AXIS2_PLACEMENT_3D('',#7729,#7730,#7731);
#7729 = CARTESIAN_POINT('',(9.9395,20.944,4.16));
#7730 = DIRECTION('',(1.,0.,0.));
#7731 = DIRECTION('',(0.,0.,1.));
#7732 = ADVANCED_FACE('',(#7733),#7767,.T.);
#7733 = FACE_BOUND('',#7734,.T.);
#7734 = EDGE_LOOP('',(#7735,#7745,#7753,#7761));
#7735 = ORIENTED_EDGE('',*,*,#7736,.F.);
#7736 = EDGE_CURVE('',#7737,#7739,#7741,.T.);
#7737 = VERTEX_POINT('',#7738);
#7738 = CARTESIAN_POINT('',(10.6395,20.944,4.16));
#7739 = VERTEX_POINT('',#7740);
#7740 = CARTESIAN_POINT('',(10.6395,20.944,4.2));
#7741 = LINE('',#7742,#7743);
#7742 = CARTESIAN_POINT('',(10.6395,20.944,4.16));
#7743 = VECTOR('',#7744,1.);
#7744 = DIRECTION('',(0.,0.,1.));
#7745 = ORIENTED_EDGE('',*,*,#7746,.T.);
#7746 = EDGE_CURVE('',#7737,#7747,#7749,.T.);
#7747 = VERTEX_POINT('',#7748);
#7748 = CARTESIAN_POINT('',(10.6395,21.124,4.16));
#7749 = LINE('',#7750,#7751);
#7750 = CARTESIAN_POINT('',(10.6395,20.944,4.16));
#7751 = VECTOR('',#7752,1.);
#7752 = DIRECTION('',(0.,1.,0.));
#7753 = ORIENTED_EDGE('',*,*,#7754,.T.);
#7754 = EDGE_CURVE('',#7747,#7755,#7757,.T.);
#7755 = VERTEX_POINT('',#7756);
#7756 = CARTESIAN_POINT('',(10.6395,21.124,4.2));
#7757 = LINE('',#7758,#7759);
#7758 = CARTESIAN_POINT('',(10.6395,21.124,4.16));
#7759 = VECTOR('',#7760,1.);
#7760 = DIRECTION('',(0.,0.,1.));
#7761 = ORIENTED_EDGE('',*,*,#7762,.F.);
#7762 = EDGE_CURVE('',#7739,#7755,#7763,.T.);
#7763 = LINE('',#7764,#7765);
#7764 = CARTESIAN_POINT('',(10.6395,20.944,4.2));
#7765 = VECTOR('',#7766,1.);
#7766 = DIRECTION('',(0.,1.,0.));
#7767 = PLANE('',#7768);
#7768 = AXIS2_PLACEMENT_3D('',#7769,#7770,#7771);
#7769 = CARTESIAN_POINT('',(10.6395,20.944,4.16));
#7770 = DIRECTION('',(1.,0.,0.));
#7771 = DIRECTION('',(0.,0.,1.));
#7772 = ADVANCED_FACE('',(#7773),#7789,.F.);
#7773 = FACE_BOUND('',#7774,.F.);
#7774 = EDGE_LOOP('',(#7775,#7781,#7782,#7788));
#7775 = ORIENTED_EDGE('',*,*,#7776,.F.);
#7776 = EDGE_CURVE('',#7697,#7737,#7777,.T.);
#7777 = LINE('',#7778,#7779);
#7778 = CARTESIAN_POINT('',(9.9395,20.944,4.16));
#7779 = VECTOR('',#7780,1.);
#7780 = DIRECTION('',(1.,0.,0.));
#7781 = ORIENTED_EDGE('',*,*,#7696,.T.);
#7782 = ORIENTED_EDGE('',*,*,#7783,.T.);
#7783 = EDGE_CURVE('',#7699,#7739,#7784,.T.);
#7784 = LINE('',#7785,#7786);
#7785 = CARTESIAN_POINT('',(9.9395,20.944,4.2));
#7786 = VECTOR('',#7787,1.);
#7787 = DIRECTION('',(1.,0.,0.));
#7788 = ORIENTED_EDGE('',*,*,#7736,.F.);
#7789 = PLANE('',#7790);
#7790 = AXIS2_PLACEMENT_3D('',#7791,#7792,#7793);
#7791 = CARTESIAN_POINT('',(9.9395,20.944,4.16));
#7792 = DIRECTION('',(0.,1.,0.));
#7793 = DIRECTION('',(0.,0.,1.));
#7794 = ADVANCED_FACE('',(#7795),#7811,.T.);
#7795 = FACE_BOUND('',#7796,.T.);
#7796 = EDGE_LOOP('',(#7797,#7803,#7804,#7810));
#7797 = ORIENTED_EDGE('',*,*,#7798,.F.);
#7798 = EDGE_CURVE('',#7707,#7747,#7799,.T.);
#7799 = LINE('',#7800,#7801);
#7800 = CARTESIAN_POINT('',(9.9395,21.124,4.16));
#7801 = VECTOR('',#7802,1.);
#7802 = DIRECTION('',(1.,0.,0.));
#7803 = ORIENTED_EDGE('',*,*,#7714,.T.);
#7804 = ORIENTED_EDGE('',*,*,#7805,.T.);
#7805 = EDGE_CURVE('',#7715,#7755,#7806,.T.);
#7806 = LINE('',#7807,#7808);
#7807 = CARTESIAN_POINT('',(9.9395,21.124,4.2));
#7808 = VECTOR('',#7809,1.);
#7809 = DIRECTION('',(1.,0.,0.));
#7810 = ORIENTED_EDGE('',*,*,#7754,.F.);
#7811 = PLANE('',#7812);
#7812 = AXIS2_PLACEMENT_3D('',#7813,#7814,#7815);
#7813 = CARTESIAN_POINT('',(9.9395,21.124,4.16));
#7814 = DIRECTION('',(0.,1.,0.));
#7815 = DIRECTION('',(0.,0.,1.));
#7816 = ADVANCED_FACE('',(#7817),#7823,.F.);
#7817 = FACE_BOUND('',#7818,.F.);
#7818 = EDGE_LOOP('',(#7819,#7820,#7821,#7822));
#7819 = ORIENTED_EDGE('',*,*,#7706,.F.);
#7820 = ORIENTED_EDGE('',*,*,#7776,.T.);
#7821 = ORIENTED_EDGE('',*,*,#7746,.T.);
#7822 = ORIENTED_EDGE('',*,*,#7798,.F.);
#7823 = PLANE('',#7824);
#7824 = AXIS2_PLACEMENT_3D('',#7825,#7826,#7827);
#7825 = CARTESIAN_POINT('',(9.9395,20.944,4.16));
#7826 = DIRECTION('',(0.,0.,1.));
#7827 = DIRECTION('',(1.,0.,0.));
#7828 = ADVANCED_FACE('',(#7829),#7835,.T.);
#7829 = FACE_BOUND('',#7830,.T.);
#7830 = EDGE_LOOP('',(#7831,#7832,#7833,#7834));
#7831 = ORIENTED_EDGE('',*,*,#7722,.F.);
#7832 = ORIENTED_EDGE('',*,*,#7783,.T.);
#7833 = ORIENTED_EDGE('',*,*,#7762,.T.);
#7834 = ORIENTED_EDGE('',*,*,#7805,.F.);
#7835 = PLANE('',#7836);
#7836 = AXIS2_PLACEMENT_3D('',#7837,#7838,#7839);
#7837 = CARTESIAN_POINT('',(9.9395,20.944,4.2));
#7838 = DIRECTION('',(0.,0.,1.));
#7839 = DIRECTION('',(1.,0.,0.));
#7840 = MANIFOLD_SOLID_BREP('',#7841);
#7841 = CLOSED_SHELL('',(#7842,#7882,#7922,#7944,#7966,#7978));
#7842 = ADVANCED_FACE('',(#7843),#7877,.F.);
#7843 = FACE_BOUND('',#7844,.F.);
#7844 = EDGE_LOOP('',(#7845,#7855,#7863,#7871));
#7845 = ORIENTED_EDGE('',*,*,#7846,.F.);
#7846 = EDGE_CURVE('',#7847,#7849,#7851,.T.);
#7847 = VERTEX_POINT('',#7848);
#7848 = CARTESIAN_POINT('',(7.0645,20.644,4.16));
#7849 = VERTEX_POINT('',#7850);
#7850 = CARTESIAN_POINT('',(7.0645,20.644,4.2));
#7851 = LINE('',#7852,#7853);
#7852 = CARTESIAN_POINT('',(7.0645,20.644,4.16));
#7853 = VECTOR('',#7854,1.);
#7854 = DIRECTION('',(0.,0.,1.));
#7855 = ORIENTED_EDGE('',*,*,#7856,.T.);
#7856 = EDGE_CURVE('',#7847,#7857,#7859,.T.);
#7857 = VERTEX_POINT('',#7858);
#7858 = CARTESIAN_POINT('',(7.0645,20.824,4.16));
#7859 = LINE('',#7860,#7861);
#7860 = CARTESIAN_POINT('',(7.0645,20.644,4.16));
#7861 = VECTOR('',#7862,1.);
#7862 = DIRECTION('',(0.,1.,0.));
#7863 = ORIENTED_EDGE('',*,*,#7864,.T.);
#7864 = EDGE_CURVE('',#7857,#7865,#7867,.T.);
#7865 = VERTEX_POINT('',#7866);
#7866 = CARTESIAN_POINT('',(7.0645,20.824,4.2));
#7867 = LINE('',#7868,#7869);
#7868 = CARTESIAN_POINT('',(7.0645,20.824,4.16));
#7869 = VECTOR('',#7870,1.);
#7870 = DIRECTION('',(0.,0.,1.));
#7871 = ORIENTED_EDGE('',*,*,#7872,.F.);
#7872 = EDGE_CURVE('',#7849,#7865,#7873,.T.);
#7873 = LINE('',#7874,#7875);
#7874 = CARTESIAN_POINT('',(7.0645,20.644,4.2));
#7875 = VECTOR('',#7876,1.);
#7876 = DIRECTION('',(0.,1.,0.));
#7877 = PLANE('',#7878);
#7878 = AXIS2_PLACEMENT_3D('',#7879,#7880,#7881);
#7879 = CARTESIAN_POINT('',(7.0645,20.644,4.16));
#7880 = DIRECTION('',(1.,0.,0.));
#7881 = DIRECTION('',(0.,0.,1.));
#7882 = ADVANCED_FACE('',(#7883),#7917,.T.);
#7883 = FACE_BOUND('',#7884,.T.);
#7884 = EDGE_LOOP('',(#7885,#7895,#7903,#7911));
#7885 = ORIENTED_EDGE('',*,*,#7886,.F.);
#7886 = EDGE_CURVE('',#7887,#7889,#7891,.T.);
#7887 = VERTEX_POINT('',#7888);
#7888 = CARTESIAN_POINT('',(7.7645,20.644,4.16));
#7889 = VERTEX_POINT('',#7890);
#7890 = CARTESIAN_POINT('',(7.7645,20.644,4.2));
#7891 = LINE('',#7892,#7893);
#7892 = CARTESIAN_POINT('',(7.7645,20.644,4.16));
#7893 = VECTOR('',#7894,1.);
#7894 = DIRECTION('',(0.,0.,1.));
#7895 = ORIENTED_EDGE('',*,*,#7896,.T.);
#7896 = EDGE_CURVE('',#7887,#7897,#7899,.T.);
#7897 = VERTEX_POINT('',#7898);
#7898 = CARTESIAN_POINT('',(7.7645,20.824,4.16));
#7899 = LINE('',#7900,#7901);
#7900 = CARTESIAN_POINT('',(7.7645,20.644,4.16));
#7901 = VECTOR('',#7902,1.);
#7902 = DIRECTION('',(0.,1.,0.));
#7903 = ORIENTED_EDGE('',*,*,#7904,.T.);
#7904 = EDGE_CURVE('',#7897,#7905,#7907,.T.);
#7905 = VERTEX_POINT('',#7906);
#7906 = CARTESIAN_POINT('',(7.7645,20.824,4.2));
#7907 = LINE('',#7908,#7909);
#7908 = CARTESIAN_POINT('',(7.7645,20.824,4.16));
#7909 = VECTOR('',#7910,1.);
#7910 = DIRECTION('',(0.,0.,1.));
#7911 = ORIENTED_EDGE('',*,*,#7912,.F.);
#7912 = EDGE_CURVE('',#7889,#7905,#7913,.T.);
#7913 = LINE('',#7914,#7915);
#7914 = CARTESIAN_POINT('',(7.7645,20.644,4.2));
#7915 = VECTOR('',#7916,1.);
#7916 = DIRECTION('',(0.,1.,0.));
#7917 = PLANE('',#7918);
#7918 = AXIS2_PLACEMENT_3D('',#7919,#7920,#7921);
#7919 = CARTESIAN_POINT('',(7.7645,20.644,4.16));
#7920 = DIRECTION('',(1.,0.,0.));
#7921 = DIRECTION('',(0.,0.,1.));
#7922 = ADVANCED_FACE('',(#7923),#7939,.F.);
#7923 = FACE_BOUND('',#7924,.F.);
#7924 = EDGE_LOOP('',(#7925,#7931,#7932,#7938));
#7925 = ORIENTED_EDGE('',*,*,#7926,.F.);
#7926 = EDGE_CURVE('',#7847,#7887,#7927,.T.);
#7927 = LINE('',#7928,#7929);
#7928 = CARTESIAN_POINT('',(7.0645,20.644,4.16));
#7929 = VECTOR('',#7930,1.);
#7930 = DIRECTION('',(1.,0.,0.));
#7931 = ORIENTED_EDGE('',*,*,#7846,.T.);
#7932 = ORIENTED_EDGE('',*,*,#7933,.T.);
#7933 = EDGE_CURVE('',#7849,#7889,#7934,.T.);
#7934 = LINE('',#7935,#7936);
#7935 = CARTESIAN_POINT('',(7.0645,20.644,4.2));
#7936 = VECTOR('',#7937,1.);
#7937 = DIRECTION('',(1.,0.,0.));
#7938 = ORIENTED_EDGE('',*,*,#7886,.F.);
#7939 = PLANE('',#7940);
#7940 = AXIS2_PLACEMENT_3D('',#7941,#7942,#7943);
#7941 = CARTESIAN_POINT('',(7.0645,20.644,4.16));
#7942 = DIRECTION('',(0.,1.,0.));
#7943 = DIRECTION('',(0.,0.,1.));
#7944 = ADVANCED_FACE('',(#7945),#7961,.T.);
#7945 = FACE_BOUND('',#7946,.T.);
#7946 = EDGE_LOOP('',(#7947,#7953,#7954,#7960));
#7947 = ORIENTED_EDGE('',*,*,#7948,.F.);
#7948 = EDGE_CURVE('',#7857,#7897,#7949,.T.);
#7949 = LINE('',#7950,#7951);
#7950 = CARTESIAN_POINT('',(7.0645,20.824,4.16));
#7951 = VECTOR('',#7952,1.);
#7952 = DIRECTION('',(1.,0.,0.));
#7953 = ORIENTED_EDGE('',*,*,#7864,.T.);
#7954 = ORIENTED_EDGE('',*,*,#7955,.T.);
#7955 = EDGE_CURVE('',#7865,#7905,#7956,.T.);
#7956 = LINE('',#7957,#7958);
#7957 = CARTESIAN_POINT('',(7.0645,20.824,4.2));
#7958 = VECTOR('',#7959,1.);
#7959 = DIRECTION('',(1.,0.,0.));
#7960 = ORIENTED_EDGE('',*,*,#7904,.F.);
#7961 = PLANE('',#7962);
#7962 = AXIS2_PLACEMENT_3D('',#7963,#7964,#7965);
#7963 = CARTESIAN_POINT('',(7.0645,20.824,4.16));
#7964 = DIRECTION('',(0.,1.,0.));
#7965 = DIRECTION('',(0.,0.,1.));
#7966 = ADVANCED_FACE('',(#7967),#7973,.F.);
#7967 = FACE_BOUND('',#7968,.F.);
#7968 = EDGE_LOOP('',(#7969,#7970,#7971,#7972));
#7969 = ORIENTED_EDGE('',*,*,#7856,.F.);
#7970 = ORIENTED_EDGE('',*,*,#7926,.T.);
#7971 = ORIENTED_EDGE('',*,*,#7896,.T.);
#7972 = ORIENTED_EDGE('',*,*,#7948,.F.);
#7973 = PLANE('',#7974);
#7974 = AXIS2_PLACEMENT_3D('',#7975,#7976,#7977);
#7975 = CARTESIAN_POINT('',(7.0645,20.644,4.16));
#7976 = DIRECTION('',(0.,0.,1.));
#7977 = DIRECTION('',(1.,0.,0.));
#7978 = ADVANCED_FACE('',(#7979),#7985,.T.);
#7979 = FACE_BOUND('',#7980,.T.);
#7980 = EDGE_LOOP('',(#7981,#7982,#7983,#7984));
#7981 = ORIENTED_EDGE('',*,*,#7872,.F.);
#7982 = ORIENTED_EDGE('',*,*,#7933,.T.);
#7983 = ORIENTED_EDGE('',*,*,#7912,.T.);
#7984 = ORIENTED_EDGE('',*,*,#7955,.F.);
#7985 = PLANE('',#7986);
#7986 = AXIS2_PLACEMENT_3D('',#7987,#7988,#7989);
#7987 = CARTESIAN_POINT('',(7.0645,20.644,4.2));
#7988 = DIRECTION('',(0.,0.,1.));
#7989 = DIRECTION('',(1.,0.,0.));
#7990 = MANIFOLD_SOLID_BREP('',#7991);
#7991 = CLOSED_SHELL('',(#7992,#8032,#8072,#8094,#8116,#8128));
#7992 = ADVANCED_FACE('',(#7993),#8027,.F.);
#7993 = FACE_BOUND('',#7994,.F.);
#7994 = EDGE_LOOP('',(#7995,#8005,#8013,#8021));
#7995 = ORIENTED_EDGE('',*,*,#7996,.F.);
#7996 = EDGE_CURVE('',#7997,#7999,#8001,.T.);
#7997 = VERTEX_POINT('',#7998);
#7998 = CARTESIAN_POINT('',(9.9395,20.344,4.16));
#7999 = VERTEX_POINT('',#8000);
#8000 = CARTESIAN_POINT('',(9.9395,20.344,4.2));
#8001 = LINE('',#8002,#8003);
#8002 = CARTESIAN_POINT('',(9.9395,20.344,4.16));
#8003 = VECTOR('',#8004,1.);
#8004 = DIRECTION('',(0.,0.,1.));
#8005 = ORIENTED_EDGE('',*,*,#8006,.T.);
#8006 = EDGE_CURVE('',#7997,#8007,#8009,.T.);
#8007 = VERTEX_POINT('',#8008);
#8008 = CARTESIAN_POINT('',(9.9395,20.524,4.16));
#8009 = LINE('',#8010,#8011);
#8010 = CARTESIAN_POINT('',(9.9395,20.344,4.16));
#8011 = VECTOR('',#8012,1.);
#8012 = DIRECTION('',(0.,1.,0.));
#8013 = ORIENTED_EDGE('',*,*,#8014,.T.);
#8014 = EDGE_CURVE('',#8007,#8015,#8017,.T.);
#8015 = VERTEX_POINT('',#8016);
#8016 = CARTESIAN_POINT('',(9.9395,20.524,4.2));
#8017 = LINE('',#8018,#8019);
#8018 = CARTESIAN_POINT('',(9.9395,20.524,4.16));
#8019 = VECTOR('',#8020,1.);
#8020 = DIRECTION('',(0.,0.,1.));
#8021 = ORIENTED_EDGE('',*,*,#8022,.F.);
#8022 = EDGE_CURVE('',#7999,#8015,#8023,.T.);
#8023 = LINE('',#8024,#8025);
#8024 = CARTESIAN_POINT('',(9.9395,20.344,4.2));
#8025 = VECTOR('',#8026,1.);
#8026 = DIRECTION('',(0.,1.,0.));
#8027 = PLANE('',#8028);
#8028 = AXIS2_PLACEMENT_3D('',#8029,#8030,#8031);
#8029 = CARTESIAN_POINT('',(9.9395,20.344,4.16));
#8030 = DIRECTION('',(1.,0.,0.));
#8031 = DIRECTION('',(0.,0.,1.));
#8032 = ADVANCED_FACE('',(#8033),#8067,.T.);
#8033 = FACE_BOUND('',#8034,.T.);
#8034 = EDGE_LOOP('',(#8035,#8045,#8053,#8061));
#8035 = ORIENTED_EDGE('',*,*,#8036,.F.);
#8036 = EDGE_CURVE('',#8037,#8039,#8041,.T.);
#8037 = VERTEX_POINT('',#8038);
#8038 = CARTESIAN_POINT('',(10.6395,20.344,4.16));
#8039 = VERTEX_POINT('',#8040);
#8040 = CARTESIAN_POINT('',(10.6395,20.344,4.2));
#8041 = LINE('',#8042,#8043);
#8042 = CARTESIAN_POINT('',(10.6395,20.344,4.16));
#8043 = VECTOR('',#8044,1.);
#8044 = DIRECTION('',(0.,0.,1.));
#8045 = ORIENTED_EDGE('',*,*,#8046,.T.);
#8046 = EDGE_CURVE('',#8037,#8047,#8049,.T.);
#8047 = VERTEX_POINT('',#8048);
#8048 = CARTESIAN_POINT('',(10.6395,20.524,4.16));
#8049 = LINE('',#8050,#8051);
#8050 = CARTESIAN_POINT('',(10.6395,20.344,4.16));
#8051 = VECTOR('',#8052,1.);
#8052 = DIRECTION('',(0.,1.,0.));
#8053 = ORIENTED_EDGE('',*,*,#8054,.T.);
#8054 = EDGE_CURVE('',#8047,#8055,#8057,.T.);
#8055 = VERTEX_POINT('',#8056);
#8056 = CARTESIAN_POINT('',(10.6395,20.524,4.2));
#8057 = LINE('',#8058,#8059);
#8058 = CARTESIAN_POINT('',(10.6395,20.524,4.16));
#8059 = VECTOR('',#8060,1.);
#8060 = DIRECTION('',(0.,0.,1.));
#8061 = ORIENTED_EDGE('',*,*,#8062,.F.);
#8062 = EDGE_CURVE('',#8039,#8055,#8063,.T.);
#8063 = LINE('',#8064,#8065);
#8064 = CARTESIAN_POINT('',(10.6395,20.344,4.2));
#8065 = VECTOR('',#8066,1.);
#8066 = DIRECTION('',(0.,1.,0.));
#8067 = PLANE('',#8068);
#8068 = AXIS2_PLACEMENT_3D('',#8069,#8070,#8071);
#8069 = CARTESIAN_POINT('',(10.6395,20.344,4.16));
#8070 = DIRECTION('',(1.,0.,0.));
#8071 = DIRECTION('',(0.,0.,1.));
#8072 = ADVANCED_FACE('',(#8073),#8089,.F.);
#8073 = FACE_BOUND('',#8074,.F.);
#8074 = EDGE_LOOP('',(#8075,#8081,#8082,#8088));
#8075 = ORIENTED_EDGE('',*,*,#8076,.F.);
#8076 = EDGE_CURVE('',#7997,#8037,#8077,.T.);
#8077 = LINE('',#8078,#8079);
#8078 = CARTESIAN_POINT('',(9.9395,20.344,4.16));
#8079 = VECTOR('',#8080,1.);
#8080 = DIRECTION('',(1.,0.,0.));
#8081 = ORIENTED_EDGE('',*,*,#7996,.T.);
#8082 = ORIENTED_EDGE('',*,*,#8083,.T.);
#8083 = EDGE_CURVE('',#7999,#8039,#8084,.T.);
#8084 = LINE('',#8085,#8086);
#8085 = CARTESIAN_POINT('',(9.9395,20.344,4.2));
#8086 = VECTOR('',#8087,1.);
#8087 = DIRECTION('',(1.,0.,0.));
#8088 = ORIENTED_EDGE('',*,*,#8036,.F.);
#8089 = PLANE('',#8090);
#8090 = AXIS2_PLACEMENT_3D('',#8091,#8092,#8093);
#8091 = CARTESIAN_POINT('',(9.9395,20.344,4.16));
#8092 = DIRECTION('',(0.,1.,0.));
#8093 = DIRECTION('',(0.,0.,1.));
#8094 = ADVANCED_FACE('',(#8095),#8111,.T.);
#8095 = FACE_BOUND('',#8096,.T.);
#8096 = EDGE_LOOP('',(#8097,#8103,#8104,#8110));
#8097 = ORIENTED_EDGE('',*,*,#8098,.F.);
#8098 = EDGE_CURVE('',#8007,#8047,#8099,.T.);
#8099 = LINE('',#8100,#8101);
#8100 = CARTESIAN_POINT('',(9.9395,20.524,4.16));
#8101 = VECTOR('',#8102,1.);
#8102 = DIRECTION('',(1.,0.,0.));
#8103 = ORIENTED_EDGE('',*,*,#8014,.T.);
#8104 = ORIENTED_EDGE('',*,*,#8105,.T.);
#8105 = EDGE_CURVE('',#8015,#8055,#8106,.T.);
#8106 = LINE('',#8107,#8108);
#8107 = CARTESIAN_POINT('',(9.9395,20.524,4.2));
#8108 = VECTOR('',#8109,1.);
#8109 = DIRECTION('',(1.,0.,0.));
#8110 = ORIENTED_EDGE('',*,*,#8054,.F.);
#8111 = PLANE('',#8112);
#8112 = AXIS2_PLACEMENT_3D('',#8113,#8114,#8115);
#8113 = CARTESIAN_POINT('',(9.9395,20.524,4.16));
#8114 = DIRECTION('',(0.,1.,0.));
#8115 = DIRECTION('',(0.,0.,1.));
#8116 = ADVANCED_FACE('',(#8117),#8123,.F.);
#8117 = FACE_BOUND('',#8118,.F.);
#8118 = EDGE_LOOP('',(#8119,#8120,#8121,#8122));
#8119 = ORIENTED_EDGE('',*,*,#8006,.F.);
#8120 = ORIENTED_EDGE('',*,*,#8076,.T.);
#8121 = ORIENTED_EDGE('',*,*,#8046,.T.);
#8122 = ORIENTED_EDGE('',*,*,#8098,.F.);
#8123 = PLANE('',#8124);
#8124 = AXIS2_PLACEMENT_3D('',#8125,#8126,#8127);
#8125 = CARTESIAN_POINT('',(9.9395,20.344,4.16));
#8126 = DIRECTION('',(0.,0.,1.));
#8127 = DIRECTION('',(1.,0.,0.));
#8128 = ADVANCED_FACE('',(#8129),#8135,.T.);
#8129 = FACE_BOUND('',#8130,.T.);
#8130 = EDGE_LOOP('',(#8131,#8132,#8133,#8134));
#8131 = ORIENTED_EDGE('',*,*,#8022,.F.);
#8132 = ORIENTED_EDGE('',*,*,#8083,.T.);
#8133 = ORIENTED_EDGE('',*,*,#8062,.T.);
#8134 = ORIENTED_EDGE('',*,*,#8105,.F.);
#8135 = PLANE('',#8136);
#8136 = AXIS2_PLACEMENT_3D('',#8137,#8138,#8139);
#8137 = CARTESIAN_POINT('',(9.9395,20.344,4.2));
#8138 = DIRECTION('',(0.,0.,1.));
#8139 = DIRECTION('',(1.,0.,0.));
#8140 = MANIFOLD_SOLID_BREP('',#8141);
#8141 = CLOSED_SHELL('',(#8142,#8182,#8222,#8244,#8266,#8278));
#8142 = ADVANCED_FACE('',(#8143),#8177,.F.);
#8143 = FACE_BOUND('',#8144,.F.);
#8144 = EDGE_LOOP('',(#8145,#8155,#8163,#8171));
#8145 = ORIENTED_EDGE('',*,*,#8146,.F.);
#8146 = EDGE_CURVE('',#8147,#8149,#8151,.T.);
#8147 = VERTEX_POINT('',#8148);
#8148 = CARTESIAN_POINT('',(7.0645,20.044,4.16));
#8149 = VERTEX_POINT('',#8150);
#8150 = CARTESIAN_POINT('',(7.0645,20.044,4.2));
#8151 = LINE('',#8152,#8153);
#8152 = CARTESIAN_POINT('',(7.0645,20.044,4.16));
#8153 = VECTOR('',#8154,1.);
#8154 = DIRECTION('',(0.,0.,1.));
#8155 = ORIENTED_EDGE('',*,*,#8156,.T.);
#8156 = EDGE_CURVE('',#8147,#8157,#8159,.T.);
#8157 = VERTEX_POINT('',#8158);
#8158 = CARTESIAN_POINT('',(7.0645,20.224,4.16));
#8159 = LINE('',#8160,#8161);
#8160 = CARTESIAN_POINT('',(7.0645,20.044,4.16));
#8161 = VECTOR('',#8162,1.);
#8162 = DIRECTION('',(0.,1.,0.));
#8163 = ORIENTED_EDGE('',*,*,#8164,.T.);
#8164 = EDGE_CURVE('',#8157,#8165,#8167,.T.);
#8165 = VERTEX_POINT('',#8166);
#8166 = CARTESIAN_POINT('',(7.0645,20.224,4.2));
#8167 = LINE('',#8168,#8169);
#8168 = CARTESIAN_POINT('',(7.0645,20.224,4.16));
#8169 = VECTOR('',#8170,1.);
#8170 = DIRECTION('',(0.,0.,1.));
#8171 = ORIENTED_EDGE('',*,*,#8172,.F.);
#8172 = EDGE_CURVE('',#8149,#8165,#8173,.T.);
#8173 = LINE('',#8174,#8175);
#8174 = CARTESIAN_POINT('',(7.0645,20.044,4.2));
#8175 = VECTOR('',#8176,1.);
#8176 = DIRECTION('',(0.,1.,0.));
#8177 = PLANE('',#8178);
#8178 = AXIS2_PLACEMENT_3D('',#8179,#8180,#8181);
#8179 = CARTESIAN_POINT('',(7.0645,20.044,4.16));
#8180 = DIRECTION('',(1.,0.,0.));
#8181 = DIRECTION('',(0.,0.,1.));
#8182 = ADVANCED_FACE('',(#8183),#8217,.T.);
#8183 = FACE_BOUND('',#8184,.T.);
#8184 = EDGE_LOOP('',(#8185,#8195,#8203,#8211));
#8185 = ORIENTED_EDGE('',*,*,#8186,.F.);
#8186 = EDGE_CURVE('',#8187,#8189,#8191,.T.);
#8187 = VERTEX_POINT('',#8188);
#8188 = CARTESIAN_POINT('',(7.7645,20.044,4.16));
#8189 = VERTEX_POINT('',#8190);
#8190 = CARTESIAN_POINT('',(7.7645,20.044,4.2));
#8191 = LINE('',#8192,#8193);
#8192 = CARTESIAN_POINT('',(7.7645,20.044,4.16));
#8193 = VECTOR('',#8194,1.);
#8194 = DIRECTION('',(0.,0.,1.));
#8195 = ORIENTED_EDGE('',*,*,#8196,.T.);
#8196 = EDGE_CURVE('',#8187,#8197,#8199,.T.);
#8197 = VERTEX_POINT('',#8198);
#8198 = CARTESIAN_POINT('',(7.7645,20.224,4.16));
#8199 = LINE('',#8200,#8201);
#8200 = CARTESIAN_POINT('',(7.7645,20.044,4.16));
#8201 = VECTOR('',#8202,1.);
#8202 = DIRECTION('',(0.,1.,0.));
#8203 = ORIENTED_EDGE('',*,*,#8204,.T.);
#8204 = EDGE_CURVE('',#8197,#8205,#8207,.T.);
#8205 = VERTEX_POINT('',#8206);
#8206 = CARTESIAN_POINT('',(7.7645,20.224,4.2));
#8207 = LINE('',#8208,#8209);
#8208 = CARTESIAN_POINT('',(7.7645,20.224,4.16));
#8209 = VECTOR('',#8210,1.);
#8210 = DIRECTION('',(0.,0.,1.));
#8211 = ORIENTED_EDGE('',*,*,#8212,.F.);
#8212 = EDGE_CURVE('',#8189,#8205,#8213,.T.);
#8213 = LINE('',#8214,#8215);
#8214 = CARTESIAN_POINT('',(7.7645,20.044,4.2));
#8215 = VECTOR('',#8216,1.);
#8216 = DIRECTION('',(0.,1.,0.));
#8217 = PLANE('',#8218);
#8218 = AXIS2_PLACEMENT_3D('',#8219,#8220,#8221);
#8219 = CARTESIAN_POINT('',(7.7645,20.044,4.16));
#8220 = DIRECTION('',(1.,0.,0.));
#8221 = DIRECTION('',(0.,0.,1.));
#8222 = ADVANCED_FACE('',(#8223),#8239,.F.);
#8223 = FACE_BOUND('',#8224,.F.);
#8224 = EDGE_LOOP('',(#8225,#8231,#8232,#8238));
#8225 = ORIENTED_EDGE('',*,*,#8226,.F.);
#8226 = EDGE_CURVE('',#8147,#8187,#8227,.T.);
#8227 = LINE('',#8228,#8229);
#8228 = CARTESIAN_POINT('',(7.0645,20.044,4.16));
#8229 = VECTOR('',#8230,1.);
#8230 = DIRECTION('',(1.,0.,0.));
#8231 = ORIENTED_EDGE('',*,*,#8146,.T.);
#8232 = ORIENTED_EDGE('',*,*,#8233,.T.);
#8233 = EDGE_CURVE('',#8149,#8189,#8234,.T.);
#8234 = LINE('',#8235,#8236);
#8235 = CARTESIAN_POINT('',(7.0645,20.044,4.2));
#8236 = VECTOR('',#8237,1.);
#8237 = DIRECTION('',(1.,0.,0.));
#8238 = ORIENTED_EDGE('',*,*,#8186,.F.);
#8239 = PLANE('',#8240);
#8240 = AXIS2_PLACEMENT_3D('',#8241,#8242,#8243);
#8241 = CARTESIAN_POINT('',(7.0645,20.044,4.16));
#8242 = DIRECTION('',(0.,1.,0.));
#8243 = DIRECTION('',(0.,0.,1.));
#8244 = ADVANCED_FACE('',(#8245),#8261,.T.);
#8245 = FACE_BOUND('',#8246,.T.);
#8246 = EDGE_LOOP('',(#8247,#8253,#8254,#8260));
#8247 = ORIENTED_EDGE('',*,*,#8248,.F.);
#8248 = EDGE_CURVE('',#8157,#8197,#8249,.T.);
#8249 = LINE('',#8250,#8251);
#8250 = CARTESIAN_POINT('',(7.0645,20.224,4.16));
#8251 = VECTOR('',#8252,1.);
#8252 = DIRECTION('',(1.,0.,0.));
#8253 = ORIENTED_EDGE('',*,*,#8164,.T.);
#8254 = ORIENTED_EDGE('',*,*,#8255,.T.);
#8255 = EDGE_CURVE('',#8165,#8205,#8256,.T.);
#8256 = LINE('',#8257,#8258);
#8257 = CARTESIAN_POINT('',(7.0645,20.224,4.2));
#8258 = VECTOR('',#8259,1.);
#8259 = DIRECTION('',(1.,0.,0.));
#8260 = ORIENTED_EDGE('',*,*,#8204,.F.);
#8261 = PLANE('',#8262);
#8262 = AXIS2_PLACEMENT_3D('',#8263,#8264,#8265);
#8263 = CARTESIAN_POINT('',(7.0645,20.224,4.16));
#8264 = DIRECTION('',(0.,1.,0.));
#8265 = DIRECTION('',(0.,0.,1.));
#8266 = ADVANCED_FACE('',(#8267),#8273,.F.);
#8267 = FACE_BOUND('',#8268,.F.);
#8268 = EDGE_LOOP('',(#8269,#8270,#8271,#8272));
#8269 = ORIENTED_EDGE('',*,*,#8156,.F.);
#8270 = ORIENTED_EDGE('',*,*,#8226,.T.);
#8271 = ORIENTED_EDGE('',*,*,#8196,.T.);
#8272 = ORIENTED_EDGE('',*,*,#8248,.F.);
#8273 = PLANE('',#8274);
#8274 = AXIS2_PLACEMENT_3D('',#8275,#8276,#8277);
#8275 = CARTESIAN_POINT('',(7.0645,20.044,4.16));
#8276 = DIRECTION('',(0.,0.,1.));
#8277 = DIRECTION('',(1.,0.,0.));
#8278 = ADVANCED_FACE('',(#8279),#8285,.T.);
#8279 = FACE_BOUND('',#8280,.T.);
#8280 = EDGE_LOOP('',(#8281,#8282,#8283,#8284));
#8281 = ORIENTED_EDGE('',*,*,#8172,.F.);
#8282 = ORIENTED_EDGE('',*,*,#8233,.T.);
#8283 = ORIENTED_EDGE('',*,*,#8212,.T.);
#8284 = ORIENTED_EDGE('',*,*,#8255,.F.);
#8285 = PLANE('',#8286);
#8286 = AXIS2_PLACEMENT_3D('',#8287,#8288,#8289);
#8287 = CARTESIAN_POINT('',(7.0645,20.044,4.2));
#8288 = DIRECTION('',(0.,0.,1.));
#8289 = DIRECTION('',(1.,0.,0.));
#8290 = MANIFOLD_SOLID_BREP('',#8291);
#8291 = CLOSED_SHELL('',(#8292,#8332,#8372,#8394,#8416,#8428));
#8292 = ADVANCED_FACE('',(#8293),#8327,.F.);
#8293 = FACE_BOUND('',#8294,.F.);
#8294 = EDGE_LOOP('',(#8295,#8305,#8313,#8321));
#8295 = ORIENTED_EDGE('',*,*,#8296,.F.);
#8296 = EDGE_CURVE('',#8297,#8299,#8301,.T.);
#8297 = VERTEX_POINT('',#8298);
#8298 = CARTESIAN_POINT('',(9.9395,19.744,4.16));
#8299 = VERTEX_POINT('',#8300);
#8300 = CARTESIAN_POINT('',(9.9395,19.744,4.2));
#8301 = LINE('',#8302,#8303);
#8302 = CARTESIAN_POINT('',(9.9395,19.744,4.16));
#8303 = VECTOR('',#8304,1.);
#8304 = DIRECTION('',(0.,0.,1.));
#8305 = ORIENTED_EDGE('',*,*,#8306,.T.);
#8306 = EDGE_CURVE('',#8297,#8307,#8309,.T.);
#8307 = VERTEX_POINT('',#8308);
#8308 = CARTESIAN_POINT('',(9.9395,19.924,4.16));
#8309 = LINE('',#8310,#8311);
#8310 = CARTESIAN_POINT('',(9.9395,19.744,4.16));
#8311 = VECTOR('',#8312,1.);
#8312 = DIRECTION('',(0.,1.,0.));
#8313 = ORIENTED_EDGE('',*,*,#8314,.T.);
#8314 = EDGE_CURVE('',#8307,#8315,#8317,.T.);
#8315 = VERTEX_POINT('',#8316);
#8316 = CARTESIAN_POINT('',(9.9395,19.924,4.2));
#8317 = LINE('',#8318,#8319);
#8318 = CARTESIAN_POINT('',(9.9395,19.924,4.16));
#8319 = VECTOR('',#8320,1.);
#8320 = DIRECTION('',(0.,0.,1.));
#8321 = ORIENTED_EDGE('',*,*,#8322,.F.);
#8322 = EDGE_CURVE('',#8299,#8315,#8323,.T.);
#8323 = LINE('',#8324,#8325);
#8324 = CARTESIAN_POINT('',(9.9395,19.744,4.2));
#8325 = VECTOR('',#8326,1.);
#8326 = DIRECTION('',(0.,1.,0.));
#8327 = PLANE('',#8328);
#8328 = AXIS2_PLACEMENT_3D('',#8329,#8330,#8331);
#8329 = CARTESIAN_POINT('',(9.9395,19.744,4.16));
#8330 = DIRECTION('',(1.,0.,0.));
#8331 = DIRECTION('',(0.,0.,1.));
#8332 = ADVANCED_FACE('',(#8333),#8367,.T.);
#8333 = FACE_BOUND('',#8334,.T.);
#8334 = EDGE_LOOP('',(#8335,#8345,#8353,#8361));
#8335 = ORIENTED_EDGE('',*,*,#8336,.F.);
#8336 = EDGE_CURVE('',#8337,#8339,#8341,.T.);
#8337 = VERTEX_POINT('',#8338);
#8338 = CARTESIAN_POINT('',(10.6395,19.744,4.16));
#8339 = VERTEX_POINT('',#8340);
#8340 = CARTESIAN_POINT('',(10.6395,19.744,4.2));
#8341 = LINE('',#8342,#8343);
#8342 = CARTESIAN_POINT('',(10.6395,19.744,4.16));
#8343 = VECTOR('',#8344,1.);
#8344 = DIRECTION('',(0.,0.,1.));
#8345 = ORIENTED_EDGE('',*,*,#8346,.T.);
#8346 = EDGE_CURVE('',#8337,#8347,#8349,.T.);
#8347 = VERTEX_POINT('',#8348);
#8348 = CARTESIAN_POINT('',(10.6395,19.924,4.16));
#8349 = LINE('',#8350,#8351);
#8350 = CARTESIAN_POINT('',(10.6395,19.744,4.16));
#8351 = VECTOR('',#8352,1.);
#8352 = DIRECTION('',(0.,1.,0.));
#8353 = ORIENTED_EDGE('',*,*,#8354,.T.);
#8354 = EDGE_CURVE('',#8347,#8355,#8357,.T.);
#8355 = VERTEX_POINT('',#8356);
#8356 = CARTESIAN_POINT('',(10.6395,19.924,4.2));
#8357 = LINE('',#8358,#8359);
#8358 = CARTESIAN_POINT('',(10.6395,19.924,4.16));
#8359 = VECTOR('',#8360,1.);
#8360 = DIRECTION('',(0.,0.,1.));
#8361 = ORIENTED_EDGE('',*,*,#8362,.F.);
#8362 = EDGE_CURVE('',#8339,#8355,#8363,.T.);
#8363 = LINE('',#8364,#8365);
#8364 = CARTESIAN_POINT('',(10.6395,19.744,4.2));
#8365 = VECTOR('',#8366,1.);
#8366 = DIRECTION('',(0.,1.,0.));
#8367 = PLANE('',#8368);
#8368 = AXIS2_PLACEMENT_3D('',#8369,#8370,#8371);
#8369 = CARTESIAN_POINT('',(10.6395,19.744,4.16));
#8370 = DIRECTION('',(1.,0.,0.));
#8371 = DIRECTION('',(0.,0.,1.));
#8372 = ADVANCED_FACE('',(#8373),#8389,.F.);
#8373 = FACE_BOUND('',#8374,.F.);
#8374 = EDGE_LOOP('',(#8375,#8381,#8382,#8388));
#8375 = ORIENTED_EDGE('',*,*,#8376,.F.);
#8376 = EDGE_CURVE('',#8297,#8337,#8377,.T.);
#8377 = LINE('',#8378,#8379);
#8378 = CARTESIAN_POINT('',(9.9395,19.744,4.16));
#8379 = VECTOR('',#8380,1.);
#8380 = DIRECTION('',(1.,0.,0.));
#8381 = ORIENTED_EDGE('',*,*,#8296,.T.);
#8382 = ORIENTED_EDGE('',*,*,#8383,.T.);
#8383 = EDGE_CURVE('',#8299,#8339,#8384,.T.);
#8384 = LINE('',#8385,#8386);
#8385 = CARTESIAN_POINT('',(9.9395,19.744,4.2));
#8386 = VECTOR('',#8387,1.);
#8387 = DIRECTION('',(1.,0.,0.));
#8388 = ORIENTED_EDGE('',*,*,#8336,.F.);
#8389 = PLANE('',#8390);
#8390 = AXIS2_PLACEMENT_3D('',#8391,#8392,#8393);
#8391 = CARTESIAN_POINT('',(9.9395,19.744,4.16));
#8392 = DIRECTION('',(0.,1.,0.));
#8393 = DIRECTION('',(0.,0.,1.));
#8394 = ADVANCED_FACE('',(#8395),#8411,.T.);
#8395 = FACE_BOUND('',#8396,.T.);
#8396 = EDGE_LOOP('',(#8397,#8403,#8404,#8410));
#8397 = ORIENTED_EDGE('',*,*,#8398,.F.);
#8398 = EDGE_CURVE('',#8307,#8347,#8399,.T.);
#8399 = LINE('',#8400,#8401);
#8400 = CARTESIAN_POINT('',(9.9395,19.924,4.16));
#8401 = VECTOR('',#8402,1.);
#8402 = DIRECTION('',(1.,0.,0.));
#8403 = ORIENTED_EDGE('',*,*,#8314,.T.);
#8404 = ORIENTED_EDGE('',*,*,#8405,.T.);
#8405 = EDGE_CURVE('',#8315,#8355,#8406,.T.);
#8406 = LINE('',#8407,#8408);
#8407 = CARTESIAN_POINT('',(9.9395,19.924,4.2));
#8408 = VECTOR('',#8409,1.);
#8409 = DIRECTION('',(1.,0.,0.));
#8410 = ORIENTED_EDGE('',*,*,#8354,.F.);
#8411 = PLANE('',#8412);
#8412 = AXIS2_PLACEMENT_3D('',#8413,#8414,#8415);
#8413 = CARTESIAN_POINT('',(9.9395,19.924,4.16));
#8414 = DIRECTION('',(0.,1.,0.));
#8415 = DIRECTION('',(0.,0.,1.));
#8416 = ADVANCED_FACE('',(#8417),#8423,.F.);
#8417 = FACE_BOUND('',#8418,.F.);
#8418 = EDGE_LOOP('',(#8419,#8420,#8421,#8422));
#8419 = ORIENTED_EDGE('',*,*,#8306,.F.);
#8420 = ORIENTED_EDGE('',*,*,#8376,.T.);
#8421 = ORIENTED_EDGE('',*,*,#8346,.T.);
#8422 = ORIENTED_EDGE('',*,*,#8398,.F.);
#8423 = PLANE('',#8424);
#8424 = AXIS2_PLACEMENT_3D('',#8425,#8426,#8427);
#8425 = CARTESIAN_POINT('',(9.9395,19.744,4.16));
#8426 = DIRECTION('',(0.,0.,1.));
#8427 = DIRECTION('',(1.,0.,0.));
#8428 = ADVANCED_FACE('',(#8429),#8435,.T.);
#8429 = FACE_BOUND('',#8430,.T.);
#8430 = EDGE_LOOP('',(#8431,#8432,#8433,#8434));
#8431 = ORIENTED_EDGE('',*,*,#8322,.F.);
#8432 = ORIENTED_EDGE('',*,*,#8383,.T.);
#8433 = ORIENTED_EDGE('',*,*,#8362,.T.);
#8434 = ORIENTED_EDGE('',*,*,#8405,.F.);
#8435 = PLANE('',#8436);
#8436 = AXIS2_PLACEMENT_3D('',#8437,#8438,#8439);
#8437 = CARTESIAN_POINT('',(9.9395,19.744,4.2));
#8438 = DIRECTION('',(0.,0.,1.));
#8439 = DIRECTION('',(1.,0.,0.));
#8440 = MANIFOLD_SOLID_BREP('',#8441);
#8441 = CLOSED_SHELL('',(#8442,#8482,#8522,#8544,#8566,#8578));
#8442 = ADVANCED_FACE('',(#8443),#8477,.F.);
#8443 = FACE_BOUND('',#8444,.F.);
#8444 = EDGE_LOOP('',(#8445,#8455,#8463,#8471));
#8445 = ORIENTED_EDGE('',*,*,#8446,.F.);
#8446 = EDGE_CURVE('',#8447,#8449,#8451,.T.);
#8447 = VERTEX_POINT('',#8448);
#8448 = CARTESIAN_POINT('',(7.0645,19.444,4.16));
#8449 = VERTEX_POINT('',#8450);
#8450 = CARTESIAN_POINT('',(7.0645,19.444,4.2));
#8451 = LINE('',#8452,#8453);
#8452 = CARTESIAN_POINT('',(7.0645,19.444,4.16));
#8453 = VECTOR('',#8454,1.);
#8454 = DIRECTION('',(0.,0.,1.));
#8455 = ORIENTED_EDGE('',*,*,#8456,.T.);
#8456 = EDGE_CURVE('',#8447,#8457,#8459,.T.);
#8457 = VERTEX_POINT('',#8458);
#8458 = CARTESIAN_POINT('',(7.0645,19.624,4.16));
#8459 = LINE('',#8460,#8461);
#8460 = CARTESIAN_POINT('',(7.0645,19.444,4.16));
#8461 = VECTOR('',#8462,1.);
#8462 = DIRECTION('',(0.,1.,0.));
#8463 = ORIENTED_EDGE('',*,*,#8464,.T.);
#8464 = EDGE_CURVE('',#8457,#8465,#8467,.T.);
#8465 = VERTEX_POINT('',#8466);
#8466 = CARTESIAN_POINT('',(7.0645,19.624,4.2));
#8467 = LINE('',#8468,#8469);
#8468 = CARTESIAN_POINT('',(7.0645,19.624,4.16));
#8469 = VECTOR('',#8470,1.);
#8470 = DIRECTION('',(0.,0.,1.));
#8471 = ORIENTED_EDGE('',*,*,#8472,.F.);
#8472 = EDGE_CURVE('',#8449,#8465,#8473,.T.);
#8473 = LINE('',#8474,#8475);
#8474 = CARTESIAN_POINT('',(7.0645,19.444,4.2));
#8475 = VECTOR('',#8476,1.);
#8476 = DIRECTION('',(0.,1.,0.));
#8477 = PLANE('',#8478);
#8478 = AXIS2_PLACEMENT_3D('',#8479,#8480,#8481);
#8479 = CARTESIAN_POINT('',(7.0645,19.444,4.16));
#8480 = DIRECTION('',(1.,0.,0.));
#8481 = DIRECTION('',(0.,0.,1.));
#8482 = ADVANCED_FACE('',(#8483),#8517,.T.);
#8483 = FACE_BOUND('',#8484,.T.);
#8484 = EDGE_LOOP('',(#8485,#8495,#8503,#8511));
#8485 = ORIENTED_EDGE('',*,*,#8486,.F.);
#8486 = EDGE_CURVE('',#8487,#8489,#8491,.T.);
#8487 = VERTEX_POINT('',#8488);
#8488 = CARTESIAN_POINT('',(7.7645,19.444,4.16));
#8489 = VERTEX_POINT('',#8490);
#8490 = CARTESIAN_POINT('',(7.7645,19.444,4.2));
#8491 = LINE('',#8492,#8493);
#8492 = CARTESIAN_POINT('',(7.7645,19.444,4.16));
#8493 = VECTOR('',#8494,1.);
#8494 = DIRECTION('',(0.,0.,1.));
#8495 = ORIENTED_EDGE('',*,*,#8496,.T.);
#8496 = EDGE_CURVE('',#8487,#8497,#8499,.T.);
#8497 = VERTEX_POINT('',#8498);
#8498 = CARTESIAN_POINT('',(7.7645,19.624,4.16));
#8499 = LINE('',#8500,#8501);
#8500 = CARTESIAN_POINT('',(7.7645,19.444,4.16));
#8501 = VECTOR('',#8502,1.);
#8502 = DIRECTION('',(0.,1.,0.));
#8503 = ORIENTED_EDGE('',*,*,#8504,.T.);
#8504 = EDGE_CURVE('',#8497,#8505,#8507,.T.);
#8505 = VERTEX_POINT('',#8506);
#8506 = CARTESIAN_POINT('',(7.7645,19.624,4.2));
#8507 = LINE('',#8508,#8509);
#8508 = CARTESIAN_POINT('',(7.7645,19.624,4.16));
#8509 = VECTOR('',#8510,1.);
#8510 = DIRECTION('',(0.,0.,1.));
#8511 = ORIENTED_EDGE('',*,*,#8512,.F.);
#8512 = EDGE_CURVE('',#8489,#8505,#8513,.T.);
#8513 = LINE('',#8514,#8515);
#8514 = CARTESIAN_POINT('',(7.7645,19.444,4.2));
#8515 = VECTOR('',#8516,1.);
#8516 = DIRECTION('',(0.,1.,0.));
#8517 = PLANE('',#8518);
#8518 = AXIS2_PLACEMENT_3D('',#8519,#8520,#8521);
#8519 = CARTESIAN_POINT('',(7.7645,19.444,4.16));
#8520 = DIRECTION('',(1.,0.,0.));
#8521 = DIRECTION('',(0.,0.,1.));
#8522 = ADVANCED_FACE('',(#8523),#8539,.F.);
#8523 = FACE_BOUND('',#8524,.F.);
#8524 = EDGE_LOOP('',(#8525,#8531,#8532,#8538));
#8525 = ORIENTED_EDGE('',*,*,#8526,.F.);
#8526 = EDGE_CURVE('',#8447,#8487,#8527,.T.);
#8527 = LINE('',#8528,#8529);
#8528 = CARTESIAN_POINT('',(7.0645,19.444,4.16));
#8529 = VECTOR('',#8530,1.);
#8530 = DIRECTION('',(1.,0.,0.));
#8531 = ORIENTED_EDGE('',*,*,#8446,.T.);
#8532 = ORIENTED_EDGE('',*,*,#8533,.T.);
#8533 = EDGE_CURVE('',#8449,#8489,#8534,.T.);
#8534 = LINE('',#8535,#8536);
#8535 = CARTESIAN_POINT('',(7.0645,19.444,4.2));
#8536 = VECTOR('',#8537,1.);
#8537 = DIRECTION('',(1.,0.,0.));
#8538 = ORIENTED_EDGE('',*,*,#8486,.F.);
#8539 = PLANE('',#8540);
#8540 = AXIS2_PLACEMENT_3D('',#8541,#8542,#8543);
#8541 = CARTESIAN_POINT('',(7.0645,19.444,4.16));
#8542 = DIRECTION('',(0.,1.,0.));
#8543 = DIRECTION('',(0.,0.,1.));
#8544 = ADVANCED_FACE('',(#8545),#8561,.T.);
#8545 = FACE_BOUND('',#8546,.T.);
#8546 = EDGE_LOOP('',(#8547,#8553,#8554,#8560));
#8547 = ORIENTED_EDGE('',*,*,#8548,.F.);
#8548 = EDGE_CURVE('',#8457,#8497,#8549,.T.);
#8549 = LINE('',#8550,#8551);
#8550 = CARTESIAN_POINT('',(7.0645,19.624,4.16));
#8551 = VECTOR('',#8552,1.);
#8552 = DIRECTION('',(1.,0.,0.));
#8553 = ORIENTED_EDGE('',*,*,#8464,.T.);
#8554 = ORIENTED_EDGE('',*,*,#8555,.T.);
#8555 = EDGE_CURVE('',#8465,#8505,#8556,.T.);
#8556 = LINE('',#8557,#8558);
#8557 = CARTESIAN_POINT('',(7.0645,19.624,4.2));
#8558 = VECTOR('',#8559,1.);
#8559 = DIRECTION('',(1.,0.,0.));
#8560 = ORIENTED_EDGE('',*,*,#8504,.F.);
#8561 = PLANE('',#8562);
#8562 = AXIS2_PLACEMENT_3D('',#8563,#8564,#8565);
#8563 = CARTESIAN_POINT('',(7.0645,19.624,4.16));
#8564 = DIRECTION('',(0.,1.,0.));
#8565 = DIRECTION('',(0.,0.,1.));
#8566 = ADVANCED_FACE('',(#8567),#8573,.F.);
#8567 = FACE_BOUND('',#8568,.F.);
#8568 = EDGE_LOOP('',(#8569,#8570,#8571,#8572));
#8569 = ORIENTED_EDGE('',*,*,#8456,.F.);
#8570 = ORIENTED_EDGE('',*,*,#8526,.T.);
#8571 = ORIENTED_EDGE('',*,*,#8496,.T.);
#8572 = ORIENTED_EDGE('',*,*,#8548,.F.);
#8573 = PLANE('',#8574);
#8574 = AXIS2_PLACEMENT_3D('',#8575,#8576,#8577);
#8575 = CARTESIAN_POINT('',(7.0645,19.444,4.16));
#8576 = DIRECTION('',(0.,0.,1.));
#8577 = DIRECTION('',(1.,0.,0.));
#8578 = ADVANCED_FACE('',(#8579),#8585,.T.);
#8579 = FACE_BOUND('',#8580,.T.);
#8580 = EDGE_LOOP('',(#8581,#8582,#8583,#8584));
#8581 = ORIENTED_EDGE('',*,*,#8472,.F.);
#8582 = ORIENTED_EDGE('',*,*,#8533,.T.);
#8583 = ORIENTED_EDGE('',*,*,#8512,.T.);
#8584 = ORIENTED_EDGE('',*,*,#8555,.F.);
#8585 = PLANE('',#8586);
#8586 = AXIS2_PLACEMENT_3D('',#8587,#8588,#8589);
#8587 = CARTESIAN_POINT('',(7.0645,19.444,4.2));
#8588 = DIRECTION('',(0.,0.,1.));
#8589 = DIRECTION('',(1.,0.,0.));
#8590 = MANIFOLD_SOLID_BREP('',#8591);
#8591 = CLOSED_SHELL('',(#8592,#8632,#8672,#8694,#8716,#8728));
#8592 = ADVANCED_FACE('',(#8593),#8627,.F.);
#8593 = FACE_BOUND('',#8594,.F.);
#8594 = EDGE_LOOP('',(#8595,#8605,#8613,#8621));
#8595 = ORIENTED_EDGE('',*,*,#8596,.F.);
#8596 = EDGE_CURVE('',#8597,#8599,#8601,.T.);
#8597 = VERTEX_POINT('',#8598);
#8598 = CARTESIAN_POINT('',(9.9395,19.144,4.16));
#8599 = VERTEX_POINT('',#8600);
#8600 = CARTESIAN_POINT('',(9.9395,19.144,4.2));
#8601 = LINE('',#8602,#8603);
#8602 = CARTESIAN_POINT('',(9.9395,19.144,4.16));
#8603 = VECTOR('',#8604,1.);
#8604 = DIRECTION('',(0.,0.,1.));
#8605 = ORIENTED_EDGE('',*,*,#8606,.T.);
#8606 = EDGE_CURVE('',#8597,#8607,#8609,.T.);
#8607 = VERTEX_POINT('',#8608);
#8608 = CARTESIAN_POINT('',(9.9395,19.324,4.16));
#8609 = LINE('',#8610,#8611);
#8610 = CARTESIAN_POINT('',(9.9395,19.144,4.16));
#8611 = VECTOR('',#8612,1.);
#8612 = DIRECTION('',(0.,1.,0.));
#8613 = ORIENTED_EDGE('',*,*,#8614,.T.);
#8614 = EDGE_CURVE('',#8607,#8615,#8617,.T.);
#8615 = VERTEX_POINT('',#8616);
#8616 = CARTESIAN_POINT('',(9.9395,19.324,4.2));
#8617 = LINE('',#8618,#8619);
#8618 = CARTESIAN_POINT('',(9.9395,19.324,4.16));
#8619 = VECTOR('',#8620,1.);
#8620 = DIRECTION('',(0.,0.,1.));
#8621 = ORIENTED_EDGE('',*,*,#8622,.F.);
#8622 = EDGE_CURVE('',#8599,#8615,#8623,.T.);
#8623 = LINE('',#8624,#8625);
#8624 = CARTESIAN_POINT('',(9.9395,19.144,4.2));
#8625 = VECTOR('',#8626,1.);
#8626 = DIRECTION('',(0.,1.,0.));
#8627 = PLANE('',#8628);
#8628 = AXIS2_PLACEMENT_3D('',#8629,#8630,#8631);
#8629 = CARTESIAN_POINT('',(9.9395,19.144,4.16));
#8630 = DIRECTION('',(1.,0.,0.));
#8631 = DIRECTION('',(0.,0.,1.));
#8632 = ADVANCED_FACE('',(#8633),#8667,.T.);
#8633 = FACE_BOUND('',#8634,.T.);
#8634 = EDGE_LOOP('',(#8635,#8645,#8653,#8661));
#8635 = ORIENTED_EDGE('',*,*,#8636,.F.);
#8636 = EDGE_CURVE('',#8637,#8639,#8641,.T.);
#8637 = VERTEX_POINT('',#8638);
#8638 = CARTESIAN_POINT('',(10.6395,19.144,4.16));
#8639 = VERTEX_POINT('',#8640);
#8640 = CARTESIAN_POINT('',(10.6395,19.144,4.2));
#8641 = LINE('',#8642,#8643);
#8642 = CARTESIAN_POINT('',(10.6395,19.144,4.16));
#8643 = VECTOR('',#8644,1.);
#8644 = DIRECTION('',(0.,0.,1.));
#8645 = ORIENTED_EDGE('',*,*,#8646,.T.);
#8646 = EDGE_CURVE('',#8637,#8647,#8649,.T.);
#8647 = VERTEX_POINT('',#8648);
#8648 = CARTESIAN_POINT('',(10.6395,19.324,4.16));
#8649 = LINE('',#8650,#8651);
#8650 = CARTESIAN_POINT('',(10.6395,19.144,4.16));
#8651 = VECTOR('',#8652,1.);
#8652 = DIRECTION('',(0.,1.,0.));
#8653 = ORIENTED_EDGE('',*,*,#8654,.T.);
#8654 = EDGE_CURVE('',#8647,#8655,#8657,.T.);
#8655 = VERTEX_POINT('',#8656);
#8656 = CARTESIAN_POINT('',(10.6395,19.324,4.2));
#8657 = LINE('',#8658,#8659);
#8658 = CARTESIAN_POINT('',(10.6395,19.324,4.16));
#8659 = VECTOR('',#8660,1.);
#8660 = DIRECTION('',(0.,0.,1.));
#8661 = ORIENTED_EDGE('',*,*,#8662,.F.);
#8662 = EDGE_CURVE('',#8639,#8655,#8663,.T.);
#8663 = LINE('',#8664,#8665);
#8664 = CARTESIAN_POINT('',(10.6395,19.144,4.2));
#8665 = VECTOR('',#8666,1.);
#8666 = DIRECTION('',(0.,1.,0.));
#8667 = PLANE('',#8668);
#8668 = AXIS2_PLACEMENT_3D('',#8669,#8670,#8671);
#8669 = CARTESIAN_POINT('',(10.6395,19.144,4.16));
#8670 = DIRECTION('',(1.,0.,0.));
#8671 = DIRECTION('',(0.,0.,1.));
#8672 = ADVANCED_FACE('',(#8673),#8689,.F.);
#8673 = FACE_BOUND('',#8674,.F.);
#8674 = EDGE_LOOP('',(#8675,#8681,#8682,#8688));
#8675 = ORIENTED_EDGE('',*,*,#8676,.F.);
#8676 = EDGE_CURVE('',#8597,#8637,#8677,.T.);
#8677 = LINE('',#8678,#8679);
#8678 = CARTESIAN_POINT('',(9.9395,19.144,4.16));
#8679 = VECTOR('',#8680,1.);
#8680 = DIRECTION('',(1.,0.,0.));
#8681 = ORIENTED_EDGE('',*,*,#8596,.T.);
#8682 = ORIENTED_EDGE('',*,*,#8683,.T.);
#8683 = EDGE_CURVE('',#8599,#8639,#8684,.T.);
#8684 = LINE('',#8685,#8686);
#8685 = CARTESIAN_POINT('',(9.9395,19.144,4.2));
#8686 = VECTOR('',#8687,1.);
#8687 = DIRECTION('',(1.,0.,0.));
#8688 = ORIENTED_EDGE('',*,*,#8636,.F.);
#8689 = PLANE('',#8690);
#8690 = AXIS2_PLACEMENT_3D('',#8691,#8692,#8693);
#8691 = CARTESIAN_POINT('',(9.9395,19.144,4.16));
#8692 = DIRECTION('',(0.,1.,0.));
#8693 = DIRECTION('',(0.,0.,1.));
#8694 = ADVANCED_FACE('',(#8695),#8711,.T.);
#8695 = FACE_BOUND('',#8696,.T.);
#8696 = EDGE_LOOP('',(#8697,#8703,#8704,#8710));
#8697 = ORIENTED_EDGE('',*,*,#8698,.F.);
#8698 = EDGE_CURVE('',#8607,#8647,#8699,.T.);
#8699 = LINE('',#8700,#8701);
#8700 = CARTESIAN_POINT('',(9.9395,19.324,4.16));
#8701 = VECTOR('',#8702,1.);
#8702 = DIRECTION('',(1.,0.,0.));
#8703 = ORIENTED_EDGE('',*,*,#8614,.T.);
#8704 = ORIENTED_EDGE('',*,*,#8705,.T.);
#8705 = EDGE_CURVE('',#8615,#8655,#8706,.T.);
#8706 = LINE('',#8707,#8708);
#8707 = CARTESIAN_POINT('',(9.9395,19.324,4.2));
#8708 = VECTOR('',#8709,1.);
#8709 = DIRECTION('',(1.,0.,0.));
#8710 = ORIENTED_EDGE('',*,*,#8654,.F.);
#8711 = PLANE('',#8712);
#8712 = AXIS2_PLACEMENT_3D('',#8713,#8714,#8715);
#8713 = CARTESIAN_POINT('',(9.9395,19.324,4.16));
#8714 = DIRECTION('',(0.,1.,0.));
#8715 = DIRECTION('',(0.,0.,1.));
#8716 = ADVANCED_FACE('',(#8717),#8723,.F.);
#8717 = FACE_BOUND('',#8718,.F.);
#8718 = EDGE_LOOP('',(#8719,#8720,#8721,#8722));
#8719 = ORIENTED_EDGE('',*,*,#8606,.F.);
#8720 = ORIENTED_EDGE('',*,*,#8676,.T.);
#8721 = ORIENTED_EDGE('',*,*,#8646,.T.);
#8722 = ORIENTED_EDGE('',*,*,#8698,.F.);
#8723 = PLANE('',#8724);
#8724 = AXIS2_PLACEMENT_3D('',#8725,#8726,#8727);
#8725 = CARTESIAN_POINT('',(9.9395,19.144,4.16));
#8726 = DIRECTION('',(0.,0.,1.));
#8727 = DIRECTION('',(1.,0.,0.));
#8728 = ADVANCED_FACE('',(#8729),#8735,.T.);
#8729 = FACE_BOUND('',#8730,.T.);
#8730 = EDGE_LOOP('',(#8731,#8732,#8733,#8734));
#8731 = ORIENTED_EDGE('',*,*,#8622,.F.);
#8732 = ORIENTED_EDGE('',*,*,#8683,.T.);
#8733 = ORIENTED_EDGE('',*,*,#8662,.T.);
#8734 = ORIENTED_EDGE('',*,*,#8705,.F.);
#8735 = PLANE('',#8736);
#8736 = AXIS2_PLACEMENT_3D('',#8737,#8738,#8739);
#8737 = CARTESIAN_POINT('',(9.9395,19.144,4.2));
#8738 = DIRECTION('',(0.,0.,1.));
#8739 = DIRECTION('',(1.,0.,0.));
#8740 = MANIFOLD_SOLID_BREP('',#8741);
#8741 = CLOSED_SHELL('',(#8742,#8782,#8822,#8844,#8866,#8878));
#8742 = ADVANCED_FACE('',(#8743),#8777,.F.);
#8743 = FACE_BOUND('',#8744,.F.);
#8744 = EDGE_LOOP('',(#8745,#8755,#8763,#8771));
#8745 = ORIENTED_EDGE('',*,*,#8746,.F.);
#8746 = EDGE_CURVE('',#8747,#8749,#8751,.T.);
#8747 = VERTEX_POINT('',#8748);
#8748 = CARTESIAN_POINT('',(7.0645,18.844,4.16));
#8749 = VERTEX_POINT('',#8750);
#8750 = CARTESIAN_POINT('',(7.0645,18.844,4.2));
#8751 = LINE('',#8752,#8753);
#8752 = CARTESIAN_POINT('',(7.0645,18.844,4.16));
#8753 = VECTOR('',#8754,1.);
#8754 = DIRECTION('',(0.,0.,1.));
#8755 = ORIENTED_EDGE('',*,*,#8756,.T.);
#8756 = EDGE_CURVE('',#8747,#8757,#8759,.T.);
#8757 = VERTEX_POINT('',#8758);
#8758 = CARTESIAN_POINT('',(7.0645,19.024,4.16));
#8759 = LINE('',#8760,#8761);
#8760 = CARTESIAN_POINT('',(7.0645,18.844,4.16));
#8761 = VECTOR('',#8762,1.);
#8762 = DIRECTION('',(0.,1.,0.));
#8763 = ORIENTED_EDGE('',*,*,#8764,.T.);
#8764 = EDGE_CURVE('',#8757,#8765,#8767,.T.);
#8765 = VERTEX_POINT('',#8766);
#8766 = CARTESIAN_POINT('',(7.0645,19.024,4.2));
#8767 = LINE('',#8768,#8769);
#8768 = CARTESIAN_POINT('',(7.0645,19.024,4.16));
#8769 = VECTOR('',#8770,1.);
#8770 = DIRECTION('',(0.,0.,1.));
#8771 = ORIENTED_EDGE('',*,*,#8772,.F.);
#8772 = EDGE_CURVE('',#8749,#8765,#8773,.T.);
#8773 = LINE('',#8774,#8775);
#8774 = CARTESIAN_POINT('',(7.0645,18.844,4.2));
#8775 = VECTOR('',#8776,1.);
#8776 = DIRECTION('',(0.,1.,0.));
#8777 = PLANE('',#8778);
#8778 = AXIS2_PLACEMENT_3D('',#8779,#8780,#8781);
#8779 = CARTESIAN_POINT('',(7.0645,18.844,4.16));
#8780 = DIRECTION('',(1.,0.,0.));
#8781 = DIRECTION('',(0.,0.,1.));
#8782 = ADVANCED_FACE('',(#8783),#8817,.T.);
#8783 = FACE_BOUND('',#8784,.T.);
#8784 = EDGE_LOOP('',(#8785,#8795,#8803,#8811));
#8785 = ORIENTED_EDGE('',*,*,#8786,.F.);
#8786 = EDGE_CURVE('',#8787,#8789,#8791,.T.);
#8787 = VERTEX_POINT('',#8788);
#8788 = CARTESIAN_POINT('',(7.7645,18.844,4.16));
#8789 = VERTEX_POINT('',#8790);
#8790 = CARTESIAN_POINT('',(7.7645,18.844,4.2));
#8791 = LINE('',#8792,#8793);
#8792 = CARTESIAN_POINT('',(7.7645,18.844,4.16));
#8793 = VECTOR('',#8794,1.);
#8794 = DIRECTION('',(0.,0.,1.));
#8795 = ORIENTED_EDGE('',*,*,#8796,.T.);
#8796 = EDGE_CURVE('',#8787,#8797,#8799,.T.);
#8797 = VERTEX_POINT('',#8798);
#8798 = CARTESIAN_POINT('',(7.7645,19.024,4.16));
#8799 = LINE('',#8800,#8801);
#8800 = CARTESIAN_POINT('',(7.7645,18.844,4.16));
#8801 = VECTOR('',#8802,1.);
#8802 = DIRECTION('',(0.,1.,0.));
#8803 = ORIENTED_EDGE('',*,*,#8804,.T.);
#8804 = EDGE_CURVE('',#8797,#8805,#8807,.T.);
#8805 = VERTEX_POINT('',#8806);
#8806 = CARTESIAN_POINT('',(7.7645,19.024,4.2));
#8807 = LINE('',#8808,#8809);
#8808 = CARTESIAN_POINT('',(7.7645,19.024,4.16));
#8809 = VECTOR('',#8810,1.);
#8810 = DIRECTION('',(0.,0.,1.));
#8811 = ORIENTED_EDGE('',*,*,#8812,.F.);
#8812 = EDGE_CURVE('',#8789,#8805,#8813,.T.);
#8813 = LINE('',#8814,#8815);
#8814 = CARTESIAN_POINT('',(7.7645,18.844,4.2));
#8815 = VECTOR('',#8816,1.);
#8816 = DIRECTION('',(0.,1.,0.));
#8817 = PLANE('',#8818);
#8818 = AXIS2_PLACEMENT_3D('',#8819,#8820,#8821);
#8819 = CARTESIAN_POINT('',(7.7645,18.844,4.16));
#8820 = DIRECTION('',(1.,0.,0.));
#8821 = DIRECTION('',(0.,0.,1.));
#8822 = ADVANCED_FACE('',(#8823),#8839,.F.);
#8823 = FACE_BOUND('',#8824,.F.);
#8824 = EDGE_LOOP('',(#8825,#8831,#8832,#8838));
#8825 = ORIENTED_EDGE('',*,*,#8826,.F.);
#8826 = EDGE_CURVE('',#8747,#8787,#8827,.T.);
#8827 = LINE('',#8828,#8829);
#8828 = CARTESIAN_POINT('',(7.0645,18.844,4.16));
#8829 = VECTOR('',#8830,1.);
#8830 = DIRECTION('',(1.,0.,0.));
#8831 = ORIENTED_EDGE('',*,*,#8746,.T.);
#8832 = ORIENTED_EDGE('',*,*,#8833,.T.);
#8833 = EDGE_CURVE('',#8749,#8789,#8834,.T.);
#8834 = LINE('',#8835,#8836);
#8835 = CARTESIAN_POINT('',(7.0645,18.844,4.2));
#8836 = VECTOR('',#8837,1.);
#8837 = DIRECTION('',(1.,0.,0.));
#8838 = ORIENTED_EDGE('',*,*,#8786,.F.);
#8839 = PLANE('',#8840);
#8840 = AXIS2_PLACEMENT_3D('',#8841,#8842,#8843);
#8841 = CARTESIAN_POINT('',(7.0645,18.844,4.16));
#8842 = DIRECTION('',(0.,1.,0.));
#8843 = DIRECTION('',(0.,0.,1.));
#8844 = ADVANCED_FACE('',(#8845),#8861,.T.);
#8845 = FACE_BOUND('',#8846,.T.);
#8846 = EDGE_LOOP('',(#8847,#8853,#8854,#8860));
#8847 = ORIENTED_EDGE('',*,*,#8848,.F.);
#8848 = EDGE_CURVE('',#8757,#8797,#8849,.T.);
#8849 = LINE('',#8850,#8851);
#8850 = CARTESIAN_POINT('',(7.0645,19.024,4.16));
#8851 = VECTOR('',#8852,1.);
#8852 = DIRECTION('',(1.,0.,0.));
#8853 = ORIENTED_EDGE('',*,*,#8764,.T.);
#8854 = ORIENTED_EDGE('',*,*,#8855,.T.);
#8855 = EDGE_CURVE('',#8765,#8805,#8856,.T.);
#8856 = LINE('',#8857,#8858);
#8857 = CARTESIAN_POINT('',(7.0645,19.024,4.2));
#8858 = VECTOR('',#8859,1.);
#8859 = DIRECTION('',(1.,0.,0.));
#8860 = ORIENTED_EDGE('',*,*,#8804,.F.);
#8861 = PLANE('',#8862);
#8862 = AXIS2_PLACEMENT_3D('',#8863,#8864,#8865);
#8863 = CARTESIAN_POINT('',(7.0645,19.024,4.16));
#8864 = DIRECTION('',(0.,1.,0.));
#8865 = DIRECTION('',(0.,0.,1.));
#8866 = ADVANCED_FACE('',(#8867),#8873,.F.);
#8867 = FACE_BOUND('',#8868,.F.);
#8868 = EDGE_LOOP('',(#8869,#8870,#8871,#8872));
#8869 = ORIENTED_EDGE('',*,*,#8756,.F.);
#8870 = ORIENTED_EDGE('',*,*,#8826,.T.);
#8871 = ORIENTED_EDGE('',*,*,#8796,.T.);
#8872 = ORIENTED_EDGE('',*,*,#8848,.F.);
#8873 = PLANE('',#8874);
#8874 = AXIS2_PLACEMENT_3D('',#8875,#8876,#8877);
#8875 = CARTESIAN_POINT('',(7.0645,18.844,4.16));
#8876 = DIRECTION('',(0.,0.,1.));
#8877 = DIRECTION('',(1.,0.,0.));
#8878 = ADVANCED_FACE('',(#8879),#8885,.T.);
#8879 = FACE_BOUND('',#8880,.T.);
#8880 = EDGE_LOOP('',(#8881,#8882,#8883,#8884));
#8881 = ORIENTED_EDGE('',*,*,#8772,.F.);
#8882 = ORIENTED_EDGE('',*,*,#8833,.T.);
#8883 = ORIENTED_EDGE('',*,*,#8812,.T.);
#8884 = ORIENTED_EDGE('',*,*,#8855,.F.);
#8885 = PLANE('',#8886);
#8886 = AXIS2_PLACEMENT_3D('',#8887,#8888,#8889);
#8887 = CARTESIAN_POINT('',(7.0645,18.844,4.2));
#8888 = DIRECTION('',(0.,0.,1.));
#8889 = DIRECTION('',(1.,0.,0.));
#8890 = MANIFOLD_SOLID_BREP('',#8891);
#8891 = CLOSED_SHELL('',(#8892,#8932,#8972,#8994,#9016,#9028));
#8892 = ADVANCED_FACE('',(#8893),#8927,.F.);
#8893 = FACE_BOUND('',#8894,.F.);
#8894 = EDGE_LOOP('',(#8895,#8905,#8913,#8921));
#8895 = ORIENTED_EDGE('',*,*,#8896,.F.);
#8896 = EDGE_CURVE('',#8897,#8899,#8901,.T.);
#8897 = VERTEX_POINT('',#8898);
#8898 = CARTESIAN_POINT('',(9.9395,18.544,4.16));
#8899 = VERTEX_POINT('',#8900);
#8900 = CARTESIAN_POINT('',(9.9395,18.544,4.2));
#8901 = LINE('',#8902,#8903);
#8902 = CARTESIAN_POINT('',(9.9395,18.544,4.16));
#8903 = VECTOR('',#8904,1.);
#8904 = DIRECTION('',(0.,0.,1.));
#8905 = ORIENTED_EDGE('',*,*,#8906,.T.);
#8906 = EDGE_CURVE('',#8897,#8907,#8909,.T.);
#8907 = VERTEX_POINT('',#8908);
#8908 = CARTESIAN_POINT('',(9.9395,18.724,4.16));
#8909 = LINE('',#8910,#8911);
#8910 = CARTESIAN_POINT('',(9.9395,18.544,4.16));
#8911 = VECTOR('',#8912,1.);
#8912 = DIRECTION('',(0.,1.,0.));
#8913 = ORIENTED_EDGE('',*,*,#8914,.T.);
#8914 = EDGE_CURVE('',#8907,#8915,#8917,.T.);
#8915 = VERTEX_POINT('',#8916);
#8916 = CARTESIAN_POINT('',(9.9395,18.724,4.2));
#8917 = LINE('',#8918,#8919);
#8918 = CARTESIAN_POINT('',(9.9395,18.724,4.16));
#8919 = VECTOR('',#8920,1.);
#8920 = DIRECTION('',(0.,0.,1.));
#8921 = ORIENTED_EDGE('',*,*,#8922,.F.);
#8922 = EDGE_CURVE('',#8899,#8915,#8923,.T.);
#8923 = LINE('',#8924,#8925);
#8924 = CARTESIAN_POINT('',(9.9395,18.544,4.2));
#8925 = VECTOR('',#8926,1.);
#8926 = DIRECTION('',(0.,1.,0.));
#8927 = PLANE('',#8928);
#8928 = AXIS2_PLACEMENT_3D('',#8929,#8930,#8931);
#8929 = CARTESIAN_POINT('',(9.9395,18.544,4.16));
#8930 = DIRECTION('',(1.,0.,0.));
#8931 = DIRECTION('',(0.,0.,1.));
#8932 = ADVANCED_FACE('',(#8933),#8967,.T.);
#8933 = FACE_BOUND('',#8934,.T.);
#8934 = EDGE_LOOP('',(#8935,#8945,#8953,#8961));
#8935 = ORIENTED_EDGE('',*,*,#8936,.F.);
#8936 = EDGE_CURVE('',#8937,#8939,#8941,.T.);
#8937 = VERTEX_POINT('',#8938);
#8938 = CARTESIAN_POINT('',(10.6395,18.544,4.16));
#8939 = VERTEX_POINT('',#8940);
#8940 = CARTESIAN_POINT('',(10.6395,18.544,4.2));
#8941 = LINE('',#8942,#8943);
#8942 = CARTESIAN_POINT('',(10.6395,18.544,4.16));
#8943 = VECTOR('',#8944,1.);
#8944 = DIRECTION('',(0.,0.,1.));
#8945 = ORIENTED_EDGE('',*,*,#8946,.T.);
#8946 = EDGE_CURVE('',#8937,#8947,#8949,.T.);
#8947 = VERTEX_POINT('',#8948);
#8948 = CARTESIAN_POINT('',(10.6395,18.724,4.16));
#8949 = LINE('',#8950,#8951);
#8950 = CARTESIAN_POINT('',(10.6395,18.544,4.16));
#8951 = VECTOR('',#8952,1.);
#8952 = DIRECTION('',(0.,1.,0.));
#8953 = ORIENTED_EDGE('',*,*,#8954,.T.);
#8954 = EDGE_CURVE('',#8947,#8955,#8957,.T.);
#8955 = VERTEX_POINT('',#8956);
#8956 = CARTESIAN_POINT('',(10.6395,18.724,4.2));
#8957 = LINE('',#8958,#8959);
#8958 = CARTESIAN_POINT('',(10.6395,18.724,4.16));
#8959 = VECTOR('',#8960,1.);
#8960 = DIRECTION('',(0.,0.,1.));
#8961 = ORIENTED_EDGE('',*,*,#8962,.F.);
#8962 = EDGE_CURVE('',#8939,#8955,#8963,.T.);
#8963 = LINE('',#8964,#8965);
#8964 = CARTESIAN_POINT('',(10.6395,18.544,4.2));
#8965 = VECTOR('',#8966,1.);
#8966 = DIRECTION('',(0.,1.,0.));
#8967 = PLANE('',#8968);
#8968 = AXIS2_PLACEMENT_3D('',#8969,#8970,#8971);
#8969 = CARTESIAN_POINT('',(10.6395,18.544,4.16));
#8970 = DIRECTION('',(1.,0.,0.));
#8971 = DIRECTION('',(0.,0.,1.));
#8972 = ADVANCED_FACE('',(#8973),#8989,.F.);
#8973 = FACE_BOUND('',#8974,.F.);
#8974 = EDGE_LOOP('',(#8975,#8981,#8982,#8988));
#8975 = ORIENTED_EDGE('',*,*,#8976,.F.);
#8976 = EDGE_CURVE('',#8897,#8937,#8977,.T.);
#8977 = LINE('',#8978,#8979);
#8978 = CARTESIAN_POINT('',(9.9395,18.544,4.16));
#8979 = VECTOR('',#8980,1.);
#8980 = DIRECTION('',(1.,0.,0.));
#8981 = ORIENTED_EDGE('',*,*,#8896,.T.);
#8982 = ORIENTED_EDGE('',*,*,#8983,.T.);
#8983 = EDGE_CURVE('',#8899,#8939,#8984,.T.);
#8984 = LINE('',#8985,#8986);
#8985 = CARTESIAN_POINT('',(9.9395,18.544,4.2));
#8986 = VECTOR('',#8987,1.);
#8987 = DIRECTION('',(1.,0.,0.));
#8988 = ORIENTED_EDGE('',*,*,#8936,.F.);
#8989 = PLANE('',#8990);
#8990 = AXIS2_PLACEMENT_3D('',#8991,#8992,#8993);
#8991 = CARTESIAN_POINT('',(9.9395,18.544,4.16));
#8992 = DIRECTION('',(0.,1.,0.));
#8993 = DIRECTION('',(0.,0.,1.));
#8994 = ADVANCED_FACE('',(#8995),#9011,.T.);
#8995 = FACE_BOUND('',#8996,.T.);
#8996 = EDGE_LOOP('',(#8997,#9003,#9004,#9010));
#8997 = ORIENTED_EDGE('',*,*,#8998,.F.);
#8998 = EDGE_CURVE('',#8907,#8947,#8999,.T.);
#8999 = LINE('',#9000,#9001);
#9000 = CARTESIAN_POINT('',(9.9395,18.724,4.16));
#9001 = VECTOR('',#9002,1.);
#9002 = DIRECTION('',(1.,0.,0.));
#9003 = ORIENTED_EDGE('',*,*,#8914,.T.);
#9004 = ORIENTED_EDGE('',*,*,#9005,.T.);
#9005 = EDGE_CURVE('',#8915,#8955,#9006,.T.);
#9006 = LINE('',#9007,#9008);
#9007 = CARTESIAN_POINT('',(9.9395,18.724,4.2));
#9008 = VECTOR('',#9009,1.);
#9009 = DIRECTION('',(1.,0.,0.));
#9010 = ORIENTED_EDGE('',*,*,#8954,.F.);
#9011 = PLANE('',#9012);
#9012 = AXIS2_PLACEMENT_3D('',#9013,#9014,#9015);
#9013 = CARTESIAN_POINT('',(9.9395,18.724,4.16));
#9014 = DIRECTION('',(0.,1.,0.));
#9015 = DIRECTION('',(0.,0.,1.));
#9016 = ADVANCED_FACE('',(#9017),#9023,.F.);
#9017 = FACE_BOUND('',#9018,.F.);
#9018 = EDGE_LOOP('',(#9019,#9020,#9021,#9022));
#9019 = ORIENTED_EDGE('',*,*,#8906,.F.);
#9020 = ORIENTED_EDGE('',*,*,#8976,.T.);
#9021 = ORIENTED_EDGE('',*,*,#8946,.T.);
#9022 = ORIENTED_EDGE('',*,*,#8998,.F.);
#9023 = PLANE('',#9024);
#9024 = AXIS2_PLACEMENT_3D('',#9025,#9026,#9027);
#9025 = CARTESIAN_POINT('',(9.9395,18.544,4.16));
#9026 = DIRECTION('',(0.,0.,1.));
#9027 = DIRECTION('',(1.,0.,0.));
#9028 = ADVANCED_FACE('',(#9029),#9035,.T.);
#9029 = FACE_BOUND('',#9030,.T.);
#9030 = EDGE_LOOP('',(#9031,#9032,#9033,#9034));
#9031 = ORIENTED_EDGE('',*,*,#8922,.F.);
#9032 = ORIENTED_EDGE('',*,*,#8983,.T.);
#9033 = ORIENTED_EDGE('',*,*,#8962,.T.);
#9034 = ORIENTED_EDGE('',*,*,#9005,.F.);
#9035 = PLANE('',#9036);
#9036 = AXIS2_PLACEMENT_3D('',#9037,#9038,#9039);
#9037 = CARTESIAN_POINT('',(9.9395,18.544,4.2));
#9038 = DIRECTION('',(0.,0.,1.));
#9039 = DIRECTION('',(1.,0.,0.));
#9040 = MANIFOLD_SOLID_BREP('',#9041);
#9041 = CLOSED_SHELL('',(#9042,#9082,#9122,#9144,#9166,#9178));
#9042 = ADVANCED_FACE('',(#9043),#9077,.F.);
#9043 = FACE_BOUND('',#9044,.F.);
#9044 = EDGE_LOOP('',(#9045,#9055,#9063,#9071));
#9045 = ORIENTED_EDGE('',*,*,#9046,.F.);
#9046 = EDGE_CURVE('',#9047,#9049,#9051,.T.);
#9047 = VERTEX_POINT('',#9048);
#9048 = CARTESIAN_POINT('',(7.0645,18.244,4.16));
#9049 = VERTEX_POINT('',#9050);
#9050 = CARTESIAN_POINT('',(7.0645,18.244,4.2));
#9051 = LINE('',#9052,#9053);
#9052 = CARTESIAN_POINT('',(7.0645,18.244,4.16));
#9053 = VECTOR('',#9054,1.);
#9054 = DIRECTION('',(0.,0.,1.));
#9055 = ORIENTED_EDGE('',*,*,#9056,.T.);
#9056 = EDGE_CURVE('',#9047,#9057,#9059,.T.);
#9057 = VERTEX_POINT('',#9058);
#9058 = CARTESIAN_POINT('',(7.0645,18.424,4.16));
#9059 = LINE('',#9060,#9061);
#9060 = CARTESIAN_POINT('',(7.0645,18.244,4.16));
#9061 = VECTOR('',#9062,1.);
#9062 = DIRECTION('',(0.,1.,0.));
#9063 = ORIENTED_EDGE('',*,*,#9064,.T.);
#9064 = EDGE_CURVE('',#9057,#9065,#9067,.T.);
#9065 = VERTEX_POINT('',#9066);
#9066 = CARTESIAN_POINT('',(7.0645,18.424,4.2));
#9067 = LINE('',#9068,#9069);
#9068 = CARTESIAN_POINT('',(7.0645,18.424,4.16));
#9069 = VECTOR('',#9070,1.);
#9070 = DIRECTION('',(0.,0.,1.));
#9071 = ORIENTED_EDGE('',*,*,#9072,.F.);
#9072 = EDGE_CURVE('',#9049,#9065,#9073,.T.);
#9073 = LINE('',#9074,#9075);
#9074 = CARTESIAN_POINT('',(7.0645,18.244,4.2));
#9075 = VECTOR('',#9076,1.);
#9076 = DIRECTION('',(0.,1.,0.));
#9077 = PLANE('',#9078);
#9078 = AXIS2_PLACEMENT_3D('',#9079,#9080,#9081);
#9079 = CARTESIAN_POINT('',(7.0645,18.244,4.16));
#9080 = DIRECTION('',(1.,0.,0.));
#9081 = DIRECTION('',(0.,0.,1.));
#9082 = ADVANCED_FACE('',(#9083),#9117,.T.);
#9083 = FACE_BOUND('',#9084,.T.);
#9084 = EDGE_LOOP('',(#9085,#9095,#9103,#9111));
#9085 = ORIENTED_EDGE('',*,*,#9086,.F.);
#9086 = EDGE_CURVE('',#9087,#9089,#9091,.T.);
#9087 = VERTEX_POINT('',#9088);
#9088 = CARTESIAN_POINT('',(7.7645,18.244,4.16));
#9089 = VERTEX_POINT('',#9090);
#9090 = CARTESIAN_POINT('',(7.7645,18.244,4.2));
#9091 = LINE('',#9092,#9093);
#9092 = CARTESIAN_POINT('',(7.7645,18.244,4.16));
#9093 = VECTOR('',#9094,1.);
#9094 = DIRECTION('',(0.,0.,1.));
#9095 = ORIENTED_EDGE('',*,*,#9096,.T.);
#9096 = EDGE_CURVE('',#9087,#9097,#9099,.T.);
#9097 = VERTEX_POINT('',#9098);
#9098 = CARTESIAN_POINT('',(7.7645,18.424,4.16));
#9099 = LINE('',#9100,#9101);
#9100 = CARTESIAN_POINT('',(7.7645,18.244,4.16));
#9101 = VECTOR('',#9102,1.);
#9102 = DIRECTION('',(0.,1.,0.));
#9103 = ORIENTED_EDGE('',*,*,#9104,.T.);
#9104 = EDGE_CURVE('',#9097,#9105,#9107,.T.);
#9105 = VERTEX_POINT('',#9106);
#9106 = CARTESIAN_POINT('',(7.7645,18.424,4.2));
#9107 = LINE('',#9108,#9109);
#9108 = CARTESIAN_POINT('',(7.7645,18.424,4.16));
#9109 = VECTOR('',#9110,1.);
#9110 = DIRECTION('',(0.,0.,1.));
#9111 = ORIENTED_EDGE('',*,*,#9112,.F.);
#9112 = EDGE_CURVE('',#9089,#9105,#9113,.T.);
#9113 = LINE('',#9114,#9115);
#9114 = CARTESIAN_POINT('',(7.7645,18.244,4.2));
#9115 = VECTOR('',#9116,1.);
#9116 = DIRECTION('',(0.,1.,0.));
#9117 = PLANE('',#9118);
#9118 = AXIS2_PLACEMENT_3D('',#9119,#9120,#9121);
#9119 = CARTESIAN_POINT('',(7.7645,18.244,4.16));
#9120 = DIRECTION('',(1.,0.,0.));
#9121 = DIRECTION('',(0.,0.,1.));
#9122 = ADVANCED_FACE('',(#9123),#9139,.F.);
#9123 = FACE_BOUND('',#9124,.F.);
#9124 = EDGE_LOOP('',(#9125,#9131,#9132,#9138));
#9125 = ORIENTED_EDGE('',*,*,#9126,.F.);
#9126 = EDGE_CURVE('',#9047,#9087,#9127,.T.);
#9127 = LINE('',#9128,#9129);
#9128 = CARTESIAN_POINT('',(7.0645,18.244,4.16));
#9129 = VECTOR('',#9130,1.);
#9130 = DIRECTION('',(1.,0.,0.));
#9131 = ORIENTED_EDGE('',*,*,#9046,.T.);
#9132 = ORIENTED_EDGE('',*,*,#9133,.T.);
#9133 = EDGE_CURVE('',#9049,#9089,#9134,.T.);
#9134 = LINE('',#9135,#9136);
#9135 = CARTESIAN_POINT('',(7.0645,18.244,4.2));
#9136 = VECTOR('',#9137,1.);
#9137 = DIRECTION('',(1.,0.,0.));
#9138 = ORIENTED_EDGE('',*,*,#9086,.F.);
#9139 = PLANE('',#9140);
#9140 = AXIS2_PLACEMENT_3D('',#9141,#9142,#9143);
#9141 = CARTESIAN_POINT('',(7.0645,18.244,4.16));
#9142 = DIRECTION('',(0.,1.,0.));
#9143 = DIRECTION('',(0.,0.,1.));
#9144 = ADVANCED_FACE('',(#9145),#9161,.T.);
#9145 = FACE_BOUND('',#9146,.T.);
#9146 = EDGE_LOOP('',(#9147,#9153,#9154,#9160));
#9147 = ORIENTED_EDGE('',*,*,#9148,.F.);
#9148 = EDGE_CURVE('',#9057,#9097,#9149,.T.);
#9149 = LINE('',#9150,#9151);
#9150 = CARTESIAN_POINT('',(7.0645,18.424,4.16));
#9151 = VECTOR('',#9152,1.);
#9152 = DIRECTION('',(1.,0.,0.));
#9153 = ORIENTED_EDGE('',*,*,#9064,.T.);
#9154 = ORIENTED_EDGE('',*,*,#9155,.T.);
#9155 = EDGE_CURVE('',#9065,#9105,#9156,.T.);
#9156 = LINE('',#9157,#9158);
#9157 = CARTESIAN_POINT('',(7.0645,18.424,4.2));
#9158 = VECTOR('',#9159,1.);
#9159 = DIRECTION('',(1.,0.,0.));
#9160 = ORIENTED_EDGE('',*,*,#9104,.F.);
#9161 = PLANE('',#9162);
#9162 = AXIS2_PLACEMENT_3D('',#9163,#9164,#9165);
#9163 = CARTESIAN_POINT('',(7.0645,18.424,4.16));
#9164 = DIRECTION('',(0.,1.,0.));
#9165 = DIRECTION('',(0.,0.,1.));
#9166 = ADVANCED_FACE('',(#9167),#9173,.F.);
#9167 = FACE_BOUND('',#9168,.F.);
#9168 = EDGE_LOOP('',(#9169,#9170,#9171,#9172));
#9169 = ORIENTED_EDGE('',*,*,#9056,.F.);
#9170 = ORIENTED_EDGE('',*,*,#9126,.T.);
#9171 = ORIENTED_EDGE('',*,*,#9096,.T.);
#9172 = ORIENTED_EDGE('',*,*,#9148,.F.);
#9173 = PLANE('',#9174);
#9174 = AXIS2_PLACEMENT_3D('',#9175,#9176,#9177);
#9175 = CARTESIAN_POINT('',(7.0645,18.244,4.16));
#9176 = DIRECTION('',(0.,0.,1.));
#9177 = DIRECTION('',(1.,0.,0.));
#9178 = ADVANCED_FACE('',(#9179),#9185,.T.);
#9179 = FACE_BOUND('',#9180,.T.);
#9180 = EDGE_LOOP('',(#9181,#9182,#9183,#9184));
#9181 = ORIENTED_EDGE('',*,*,#9072,.F.);
#9182 = ORIENTED_EDGE('',*,*,#9133,.T.);
#9183 = ORIENTED_EDGE('',*,*,#9112,.T.);
#9184 = ORIENTED_EDGE('',*,*,#9155,.F.);
#9185 = PLANE('',#9186);
#9186 = AXIS2_PLACEMENT_3D('',#9187,#9188,#9189);
#9187 = CARTESIAN_POINT('',(7.0645,18.244,4.2));
#9188 = DIRECTION('',(0.,0.,1.));
#9189 = DIRECTION('',(1.,0.,0.));
#9190 = MANIFOLD_SOLID_BREP('',#9191);
#9191 = CLOSED_SHELL('',(#9192,#9232,#9272,#9294,#9316,#9328));
#9192 = ADVANCED_FACE('',(#9193),#9227,.F.);
#9193 = FACE_BOUND('',#9194,.F.);
#9194 = EDGE_LOOP('',(#9195,#9205,#9213,#9221));
#9195 = ORIENTED_EDGE('',*,*,#9196,.F.);
#9196 = EDGE_CURVE('',#9197,#9199,#9201,.T.);
#9197 = VERTEX_POINT('',#9198);
#9198 = CARTESIAN_POINT('',(9.9395,17.944,4.16));
#9199 = VERTEX_POINT('',#9200);
#9200 = CARTESIAN_POINT('',(9.9395,17.944,4.2));
#9201 = LINE('',#9202,#9203);
#9202 = CARTESIAN_POINT('',(9.9395,17.944,4.16));
#9203 = VECTOR('',#9204,1.);
#9204 = DIRECTION('',(0.,0.,1.));
#9205 = ORIENTED_EDGE('',*,*,#9206,.T.);
#9206 = EDGE_CURVE('',#9197,#9207,#9209,.T.);
#9207 = VERTEX_POINT('',#9208);
#9208 = CARTESIAN_POINT('',(9.9395,18.124,4.16));
#9209 = LINE('',#9210,#9211);
#9210 = CARTESIAN_POINT('',(9.9395,17.944,4.16));
#9211 = VECTOR('',#9212,1.);
#9212 = DIRECTION('',(0.,1.,0.));
#9213 = ORIENTED_EDGE('',*,*,#9214,.T.);
#9214 = EDGE_CURVE('',#9207,#9215,#9217,.T.);
#9215 = VERTEX_POINT('',#9216);
#9216 = CARTESIAN_POINT('',(9.9395,18.124,4.2));
#9217 = LINE('',#9218,#9219);
#9218 = CARTESIAN_POINT('',(9.9395,18.124,4.16));
#9219 = VECTOR('',#9220,1.);
#9220 = DIRECTION('',(0.,0.,1.));
#9221 = ORIENTED_EDGE('',*,*,#9222,.F.);
#9222 = EDGE_CURVE('',#9199,#9215,#9223,.T.);
#9223 = LINE('',#9224,#9225);
#9224 = CARTESIAN_POINT('',(9.9395,17.944,4.2));
#9225 = VECTOR('',#9226,1.);
#9226 = DIRECTION('',(0.,1.,0.));
#9227 = PLANE('',#9228);
#9228 = AXIS2_PLACEMENT_3D('',#9229,#9230,#9231);
#9229 = CARTESIAN_POINT('',(9.9395,17.944,4.16));
#9230 = DIRECTION('',(1.,0.,0.));
#9231 = DIRECTION('',(0.,0.,1.));
#9232 = ADVANCED_FACE('',(#9233),#9267,.T.);
#9233 = FACE_BOUND('',#9234,.T.);
#9234 = EDGE_LOOP('',(#9235,#9245,#9253,#9261));
#9235 = ORIENTED_EDGE('',*,*,#9236,.F.);
#9236 = EDGE_CURVE('',#9237,#9239,#9241,.T.);
#9237 = VERTEX_POINT('',#9238);
#9238 = CARTESIAN_POINT('',(10.6395,17.944,4.16));
#9239 = VERTEX_POINT('',#9240);
#9240 = CARTESIAN_POINT('',(10.6395,17.944,4.2));
#9241 = LINE('',#9242,#9243);
#9242 = CARTESIAN_POINT('',(10.6395,17.944,4.16));
#9243 = VECTOR('',#9244,1.);
#9244 = DIRECTION('',(0.,0.,1.));
#9245 = ORIENTED_EDGE('',*,*,#9246,.T.);
#9246 = EDGE_CURVE('',#9237,#9247,#9249,.T.);
#9247 = VERTEX_POINT('',#9248);
#9248 = CARTESIAN_POINT('',(10.6395,18.124,4.16));
#9249 = LINE('',#9250,#9251);
#9250 = CARTESIAN_POINT('',(10.6395,17.944,4.16));
#9251 = VECTOR('',#9252,1.);
#9252 = DIRECTION('',(0.,1.,0.));
#9253 = ORIENTED_EDGE('',*,*,#9254,.T.);
#9254 = EDGE_CURVE('',#9247,#9255,#9257,.T.);
#9255 = VERTEX_POINT('',#9256);
#9256 = CARTESIAN_POINT('',(10.6395,18.124,4.2));
#9257 = LINE('',#9258,#9259);
#9258 = CARTESIAN_POINT('',(10.6395,18.124,4.16));
#9259 = VECTOR('',#9260,1.);
#9260 = DIRECTION('',(0.,0.,1.));
#9261 = ORIENTED_EDGE('',*,*,#9262,.F.);
#9262 = EDGE_CURVE('',#9239,#9255,#9263,.T.);
#9263 = LINE('',#9264,#9265);
#9264 = CARTESIAN_POINT('',(10.6395,17.944,4.2));
#9265 = VECTOR('',#9266,1.);
#9266 = DIRECTION('',(0.,1.,0.));
#9267 = PLANE('',#9268);
#9268 = AXIS2_PLACEMENT_3D('',#9269,#9270,#9271);
#9269 = CARTESIAN_POINT('',(10.6395,17.944,4.16));
#9270 = DIRECTION('',(1.,0.,0.));
#9271 = DIRECTION('',(0.,0.,1.));
#9272 = ADVANCED_FACE('',(#9273),#9289,.F.);
#9273 = FACE_BOUND('',#9274,.F.);
#9274 = EDGE_LOOP('',(#9275,#9281,#9282,#9288));
#9275 = ORIENTED_EDGE('',*,*,#9276,.F.);
#9276 = EDGE_CURVE('',#9197,#9237,#9277,.T.);
#9277 = LINE('',#9278,#9279);
#9278 = CARTESIAN_POINT('',(9.9395,17.944,4.16));
#9279 = VECTOR('',#9280,1.);
#9280 = DIRECTION('',(1.,0.,0.));
#9281 = ORIENTED_EDGE('',*,*,#9196,.T.);
#9282 = ORIENTED_EDGE('',*,*,#9283,.T.);
#9283 = EDGE_CURVE('',#9199,#9239,#9284,.T.);
#9284 = LINE('',#9285,#9286);
#9285 = CARTESIAN_POINT('',(9.9395,17.944,4.2));
#9286 = VECTOR('',#9287,1.);
#9287 = DIRECTION('',(1.,0.,0.));
#9288 = ORIENTED_EDGE('',*,*,#9236,.F.);
#9289 = PLANE('',#9290);
#9290 = AXIS2_PLACEMENT_3D('',#9291,#9292,#9293);
#9291 = CARTESIAN_POINT('',(9.9395,17.944,4.16));
#9292 = DIRECTION('',(0.,1.,0.));
#9293 = DIRECTION('',(0.,0.,1.));
#9294 = ADVANCED_FACE('',(#9295),#9311,.T.);
#9295 = FACE_BOUND('',#9296,.T.);
#9296 = EDGE_LOOP('',(#9297,#9303,#9304,#9310));
#9297 = ORIENTED_EDGE('',*,*,#9298,.F.);
#9298 = EDGE_CURVE('',#9207,#9247,#9299,.T.);
#9299 = LINE('',#9300,#9301);
#9300 = CARTESIAN_POINT('',(9.9395,18.124,4.16));
#9301 = VECTOR('',#9302,1.);
#9302 = DIRECTION('',(1.,0.,0.));
#9303 = ORIENTED_EDGE('',*,*,#9214,.T.);
#9304 = ORIENTED_EDGE('',*,*,#9305,.T.);
#9305 = EDGE_CURVE('',#9215,#9255,#9306,.T.);
#9306 = LINE('',#9307,#9308);
#9307 = CARTESIAN_POINT('',(9.9395,18.124,4.2));
#9308 = VECTOR('',#9309,1.);
#9309 = DIRECTION('',(1.,0.,0.));
#9310 = ORIENTED_EDGE('',*,*,#9254,.F.);
#9311 = PLANE('',#9312);
#9312 = AXIS2_PLACEMENT_3D('',#9313,#9314,#9315);
#9313 = CARTESIAN_POINT('',(9.9395,18.124,4.16));
#9314 = DIRECTION('',(0.,1.,0.));
#9315 = DIRECTION('',(0.,0.,1.));
#9316 = ADVANCED_FACE('',(#9317),#9323,.F.);
#9317 = FACE_BOUND('',#9318,.F.);
#9318 = EDGE_LOOP('',(#9319,#9320,#9321,#9322));
#9319 = ORIENTED_EDGE('',*,*,#9206,.F.);
#9320 = ORIENTED_EDGE('',*,*,#9276,.T.);
#9321 = ORIENTED_EDGE('',*,*,#9246,.T.);
#9322 = ORIENTED_EDGE('',*,*,#9298,.F.);
#9323 = PLANE('',#9324);
#9324 = AXIS2_PLACEMENT_3D('',#9325,#9326,#9327);
#9325 = CARTESIAN_POINT('',(9.9395,17.944,4.16));
#9326 = DIRECTION('',(0.,0.,1.));
#9327 = DIRECTION('',(1.,0.,0.));
#9328 = ADVANCED_FACE('',(#9329),#9335,.T.);
#9329 = FACE_BOUND('',#9330,.T.);
#9330 = EDGE_LOOP('',(#9331,#9332,#9333,#9334));
#9331 = ORIENTED_EDGE('',*,*,#9222,.F.);
#9332 = ORIENTED_EDGE('',*,*,#9283,.T.);
#9333 = ORIENTED_EDGE('',*,*,#9262,.T.);
#9334 = ORIENTED_EDGE('',*,*,#9305,.F.);
#9335 = PLANE('',#9336);
#9336 = AXIS2_PLACEMENT_3D('',#9337,#9338,#9339);
#9337 = CARTESIAN_POINT('',(9.9395,17.944,4.2));
#9338 = DIRECTION('',(0.,0.,1.));
#9339 = DIRECTION('',(1.,0.,0.));
#9340 = MANIFOLD_SOLID_BREP('',#9341);
#9341 = CLOSED_SHELL('',(#9342,#9382,#9422,#9444,#9466,#9478));
#9342 = ADVANCED_FACE('',(#9343),#9377,.F.);
#9343 = FACE_BOUND('',#9344,.F.);
#9344 = EDGE_LOOP('',(#9345,#9355,#9363,#9371));
#9345 = ORIENTED_EDGE('',*,*,#9346,.F.);
#9346 = EDGE_CURVE('',#9347,#9349,#9351,.T.);
#9347 = VERTEX_POINT('',#9348);
#9348 = CARTESIAN_POINT('',(7.0645,17.644,4.16));
#9349 = VERTEX_POINT('',#9350);
#9350 = CARTESIAN_POINT('',(7.0645,17.644,4.2));
#9351 = LINE('',#9352,#9353);
#9352 = CARTESIAN_POINT('',(7.0645,17.644,4.16));
#9353 = VECTOR('',#9354,1.);
#9354 = DIRECTION('',(0.,0.,1.));
#9355 = ORIENTED_EDGE('',*,*,#9356,.T.);
#9356 = EDGE_CURVE('',#9347,#9357,#9359,.T.);
#9357 = VERTEX_POINT('',#9358);
#9358 = CARTESIAN_POINT('',(7.0645,17.824,4.16));
#9359 = LINE('',#9360,#9361);
#9360 = CARTESIAN_POINT('',(7.0645,17.644,4.16));
#9361 = VECTOR('',#9362,1.);
#9362 = DIRECTION('',(0.,1.,0.));
#9363 = ORIENTED_EDGE('',*,*,#9364,.T.);
#9364 = EDGE_CURVE('',#9357,#9365,#9367,.T.);
#9365 = VERTEX_POINT('',#9366);
#9366 = CARTESIAN_POINT('',(7.0645,17.824,4.2));
#9367 = LINE('',#9368,#9369);
#9368 = CARTESIAN_POINT('',(7.0645,17.824,4.16));
#9369 = VECTOR('',#9370,1.);
#9370 = DIRECTION('',(0.,0.,1.));
#9371 = ORIENTED_EDGE('',*,*,#9372,.F.);
#9372 = EDGE_CURVE('',#9349,#9365,#9373,.T.);
#9373 = LINE('',#9374,#9375);
#9374 = CARTESIAN_POINT('',(7.0645,17.644,4.2));
#9375 = VECTOR('',#9376,1.);
#9376 = DIRECTION('',(0.,1.,0.));
#9377 = PLANE('',#9378);
#9378 = AXIS2_PLACEMENT_3D('',#9379,#9380,#9381);
#9379 = CARTESIAN_POINT('',(7.0645,17.644,4.16));
#9380 = DIRECTION('',(1.,0.,0.));
#9381 = DIRECTION('',(0.,0.,1.));
#9382 = ADVANCED_FACE('',(#9383),#9417,.T.);
#9383 = FACE_BOUND('',#9384,.T.);
#9384 = EDGE_LOOP('',(#9385,#9395,#9403,#9411));
#9385 = ORIENTED_EDGE('',*,*,#9386,.F.);
#9386 = EDGE_CURVE('',#9387,#9389,#9391,.T.);
#9387 = VERTEX_POINT('',#9388);
#9388 = CARTESIAN_POINT('',(7.7645,17.644,4.16));
#9389 = VERTEX_POINT('',#9390);
#9390 = CARTESIAN_POINT('',(7.7645,17.644,4.2));
#9391 = LINE('',#9392,#9393);
#9392 = CARTESIAN_POINT('',(7.7645,17.644,4.16));
#9393 = VECTOR('',#9394,1.);
#9394 = DIRECTION('',(0.,0.,1.));
#9395 = ORIENTED_EDGE('',*,*,#9396,.T.);
#9396 = EDGE_CURVE('',#9387,#9397,#9399,.T.);
#9397 = VERTEX_POINT('',#9398);
#9398 = CARTESIAN_POINT('',(7.7645,17.824,4.16));
#9399 = LINE('',#9400,#9401);
#9400 = CARTESIAN_POINT('',(7.7645,17.644,4.16));
#9401 = VECTOR('',#9402,1.);
#9402 = DIRECTION('',(0.,1.,0.));
#9403 = ORIENTED_EDGE('',*,*,#9404,.T.);
#9404 = EDGE_CURVE('',#9397,#9405,#9407,.T.);
#9405 = VERTEX_POINT('',#9406);
#9406 = CARTESIAN_POINT('',(7.7645,17.824,4.2));
#9407 = LINE('',#9408,#9409);
#9408 = CARTESIAN_POINT('',(7.7645,17.824,4.16));
#9409 = VECTOR('',#9410,1.);
#9410 = DIRECTION('',(0.,0.,1.));
#9411 = ORIENTED_EDGE('',*,*,#9412,.F.);
#9412 = EDGE_CURVE('',#9389,#9405,#9413,.T.);
#9413 = LINE('',#9414,#9415);
#9414 = CARTESIAN_POINT('',(7.7645,17.644,4.2));
#9415 = VECTOR('',#9416,1.);
#9416 = DIRECTION('',(0.,1.,0.));
#9417 = PLANE('',#9418);
#9418 = AXIS2_PLACEMENT_3D('',#9419,#9420,#9421);
#9419 = CARTESIAN_POINT('',(7.7645,17.644,4.16));
#9420 = DIRECTION('',(1.,0.,0.));
#9421 = DIRECTION('',(0.,0.,1.));
#9422 = ADVANCED_FACE('',(#9423),#9439,.F.);
#9423 = FACE_BOUND('',#9424,.F.);
#9424 = EDGE_LOOP('',(#9425,#9431,#9432,#9438));
#9425 = ORIENTED_EDGE('',*,*,#9426,.F.);
#9426 = EDGE_CURVE('',#9347,#9387,#9427,.T.);
#9427 = LINE('',#9428,#9429);
#9428 = CARTESIAN_POINT('',(7.0645,17.644,4.16));
#9429 = VECTOR('',#9430,1.);
#9430 = DIRECTION('',(1.,0.,0.));
#9431 = ORIENTED_EDGE('',*,*,#9346,.T.);
#9432 = ORIENTED_EDGE('',*,*,#9433,.T.);
#9433 = EDGE_CURVE('',#9349,#9389,#9434,.T.);
#9434 = LINE('',#9435,#9436);
#9435 = CARTESIAN_POINT('',(7.0645,17.644,4.2));
#9436 = VECTOR('',#9437,1.);
#9437 = DIRECTION('',(1.,0.,0.));
#9438 = ORIENTED_EDGE('',*,*,#9386,.F.);
#9439 = PLANE('',#9440);
#9440 = AXIS2_PLACEMENT_3D('',#9441,#9442,#9443);
#9441 = CARTESIAN_POINT('',(7.0645,17.644,4.16));
#9442 = DIRECTION('',(0.,1.,0.));
#9443 = DIRECTION('',(0.,0.,1.));
#9444 = ADVANCED_FACE('',(#9445),#9461,.T.);
#9445 = FACE_BOUND('',#9446,.T.);
#9446 = EDGE_LOOP('',(#9447,#9453,#9454,#9460));
#9447 = ORIENTED_EDGE('',*,*,#9448,.F.);
#9448 = EDGE_CURVE('',#9357,#9397,#9449,.T.);
#9449 = LINE('',#9450,#9451);
#9450 = CARTESIAN_POINT('',(7.0645,17.824,4.16));
#9451 = VECTOR('',#9452,1.);
#9452 = DIRECTION('',(1.,0.,0.));
#9453 = ORIENTED_EDGE('',*,*,#9364,.T.);
#9454 = ORIENTED_EDGE('',*,*,#9455,.T.);
#9455 = EDGE_CURVE('',#9365,#9405,#9456,.T.);
#9456 = LINE('',#9457,#9458);
#9457 = CARTESIAN_POINT('',(7.0645,17.824,4.2));
#9458 = VECTOR('',#9459,1.);
#9459 = DIRECTION('',(1.,0.,0.));
#9460 = ORIENTED_EDGE('',*,*,#9404,.F.);
#9461 = PLANE('',#9462);
#9462 = AXIS2_PLACEMENT_3D('',#9463,#9464,#9465);
#9463 = CARTESIAN_POINT('',(7.0645,17.824,4.16));
#9464 = DIRECTION('',(0.,1.,0.));
#9465 = DIRECTION('',(0.,0.,1.));
#9466 = ADVANCED_FACE('',(#9467),#9473,.F.);
#9467 = FACE_BOUND('',#9468,.F.);
#9468 = EDGE_LOOP('',(#9469,#9470,#9471,#9472));
#9469 = ORIENTED_EDGE('',*,*,#9356,.F.);
#9470 = ORIENTED_EDGE('',*,*,#9426,.T.);
#9471 = ORIENTED_EDGE('',*,*,#9396,.T.);
#9472 = ORIENTED_EDGE('',*,*,#9448,.F.);
#9473 = PLANE('',#9474);
#9474 = AXIS2_PLACEMENT_3D('',#9475,#9476,#9477);
#9475 = CARTESIAN_POINT('',(7.0645,17.644,4.16));
#9476 = DIRECTION('',(0.,0.,1.));
#9477 = DIRECTION('',(1.,0.,0.));
#9478 = ADVANCED_FACE('',(#9479),#9485,.T.);
#9479 = FACE_BOUND('',#9480,.T.);
#9480 = EDGE_LOOP('',(#9481,#9482,#9483,#9484));
#9481 = ORIENTED_EDGE('',*,*,#9372,.F.);
#9482 = ORIENTED_EDGE('',*,*,#9433,.T.);
#9483 = ORIENTED_EDGE('',*,*,#9412,.T.);
#9484 = ORIENTED_EDGE('',*,*,#9455,.F.);
#9485 = PLANE('',#9486);
#9486 = AXIS2_PLACEMENT_3D('',#9487,#9488,#9489);
#9487 = CARTESIAN_POINT('',(7.0645,17.644,4.2));
#9488 = DIRECTION('',(0.,0.,1.));
#9489 = DIRECTION('',(1.,0.,0.));
#9490 = MANIFOLD_SOLID_BREP('',#9491);
#9491 = CLOSED_SHELL('',(#9492,#9532,#9572,#9594,#9616,#9628));
#9492 = ADVANCED_FACE('',(#9493),#9527,.F.);
#9493 = FACE_BOUND('',#9494,.F.);
#9494 = EDGE_LOOP('',(#9495,#9505,#9513,#9521));
#9495 = ORIENTED_EDGE('',*,*,#9496,.F.);
#9496 = EDGE_CURVE('',#9497,#9499,#9501,.T.);
#9497 = VERTEX_POINT('',#9498);
#9498 = CARTESIAN_POINT('',(9.9395,17.344,4.16));
#9499 = VERTEX_POINT('',#9500);
#9500 = CARTESIAN_POINT('',(9.9395,17.344,4.2));
#9501 = LINE('',#9502,#9503);
#9502 = CARTESIAN_POINT('',(9.9395,17.344,4.16));
#9503 = VECTOR('',#9504,1.);
#9504 = DIRECTION('',(0.,0.,1.));
#9505 = ORIENTED_EDGE('',*,*,#9506,.T.);
#9506 = EDGE_CURVE('',#9497,#9507,#9509,.T.);
#9507 = VERTEX_POINT('',#9508);
#9508 = CARTESIAN_POINT('',(9.9395,17.524,4.16));
#9509 = LINE('',#9510,#9511);
#9510 = CARTESIAN_POINT('',(9.9395,17.344,4.16));
#9511 = VECTOR('',#9512,1.);
#9512 = DIRECTION('',(0.,1.,0.));
#9513 = ORIENTED_EDGE('',*,*,#9514,.T.);
#9514 = EDGE_CURVE('',#9507,#9515,#9517,.T.);
#9515 = VERTEX_POINT('',#9516);
#9516 = CARTESIAN_POINT('',(9.9395,17.524,4.2));
#9517 = LINE('',#9518,#9519);
#9518 = CARTESIAN_POINT('',(9.9395,17.524,4.16));
#9519 = VECTOR('',#9520,1.);
#9520 = DIRECTION('',(0.,0.,1.));
#9521 = ORIENTED_EDGE('',*,*,#9522,.F.);
#9522 = EDGE_CURVE('',#9499,#9515,#9523,.T.);
#9523 = LINE('',#9524,#9525);
#9524 = CARTESIAN_POINT('',(9.9395,17.344,4.2));
#9525 = VECTOR('',#9526,1.);
#9526 = DIRECTION('',(0.,1.,0.));
#9527 = PLANE('',#9528);
#9528 = AXIS2_PLACEMENT_3D('',#9529,#9530,#9531);
#9529 = CARTESIAN_POINT('',(9.9395,17.344,4.16));
#9530 = DIRECTION('',(1.,0.,0.));
#9531 = DIRECTION('',(0.,0.,1.));
#9532 = ADVANCED_FACE('',(#9533),#9567,.T.);
#9533 = FACE_BOUND('',#9534,.T.);
#9534 = EDGE_LOOP('',(#9535,#9545,#9553,#9561));
#9535 = ORIENTED_EDGE('',*,*,#9536,.F.);
#9536 = EDGE_CURVE('',#9537,#9539,#9541,.T.);
#9537 = VERTEX_POINT('',#9538);
#9538 = CARTESIAN_POINT('',(10.6395,17.344,4.16));
#9539 = VERTEX_POINT('',#9540);
#9540 = CARTESIAN_POINT('',(10.6395,17.344,4.2));
#9541 = LINE('',#9542,#9543);
#9542 = CARTESIAN_POINT('',(10.6395,17.344,4.16));
#9543 = VECTOR('',#9544,1.);
#9544 = DIRECTION('',(0.,0.,1.));
#9545 = ORIENTED_EDGE('',*,*,#9546,.T.);
#9546 = EDGE_CURVE('',#9537,#9547,#9549,.T.);
#9547 = VERTEX_POINT('',#9548);
#9548 = CARTESIAN_POINT('',(10.6395,17.524,4.16));
#9549 = LINE('',#9550,#9551);
#9550 = CARTESIAN_POINT('',(10.6395,17.344,4.16));
#9551 = VECTOR('',#9552,1.);
#9552 = DIRECTION('',(0.,1.,0.));
#9553 = ORIENTED_EDGE('',*,*,#9554,.T.);
#9554 = EDGE_CURVE('',#9547,#9555,#9557,.T.);
#9555 = VERTEX_POINT('',#9556);
#9556 = CARTESIAN_POINT('',(10.6395,17.524,4.2));
#9557 = LINE('',#9558,#9559);
#9558 = CARTESIAN_POINT('',(10.6395,17.524,4.16));
#9559 = VECTOR('',#9560,1.);
#9560 = DIRECTION('',(0.,0.,1.));
#9561 = ORIENTED_EDGE('',*,*,#9562,.F.);
#9562 = EDGE_CURVE('',#9539,#9555,#9563,.T.);
#9563 = LINE('',#9564,#9565);
#9564 = CARTESIAN_POINT('',(10.6395,17.344,4.2));
#9565 = VECTOR('',#9566,1.);
#9566 = DIRECTION('',(0.,1.,0.));
#9567 = PLANE('',#9568);
#9568 = AXIS2_PLACEMENT_3D('',#9569,#9570,#9571);
#9569 = CARTESIAN_POINT('',(10.6395,17.344,4.16));
#9570 = DIRECTION('',(1.,0.,0.));
#9571 = DIRECTION('',(0.,0.,1.));
#9572 = ADVANCED_FACE('',(#9573),#9589,.F.);
#9573 = FACE_BOUND('',#9574,.F.);
#9574 = EDGE_LOOP('',(#9575,#9581,#9582,#9588));
#9575 = ORIENTED_EDGE('',*,*,#9576,.F.);
#9576 = EDGE_CURVE('',#9497,#9537,#9577,.T.);
#9577 = LINE('',#9578,#9579);
#9578 = CARTESIAN_POINT('',(9.9395,17.344,4.16));
#9579 = VECTOR('',#9580,1.);
#9580 = DIRECTION('',(1.,0.,0.));
#9581 = ORIENTED_EDGE('',*,*,#9496,.T.);
#9582 = ORIENTED_EDGE('',*,*,#9583,.T.);
#9583 = EDGE_CURVE('',#9499,#9539,#9584,.T.);
#9584 = LINE('',#9585,#9586);
#9585 = CARTESIAN_POINT('',(9.9395,17.344,4.2));
#9586 = VECTOR('',#9587,1.);
#9587 = DIRECTION('',(1.,0.,0.));
#9588 = ORIENTED_EDGE('',*,*,#9536,.F.);
#9589 = PLANE('',#9590);
#9590 = AXIS2_PLACEMENT_3D('',#9591,#9592,#9593);
#9591 = CARTESIAN_POINT('',(9.9395,17.344,4.16));
#9592 = DIRECTION('',(0.,1.,0.));
#9593 = DIRECTION('',(0.,0.,1.));
#9594 = ADVANCED_FACE('',(#9595),#9611,.T.);
#9595 = FACE_BOUND('',#9596,.T.);
#9596 = EDGE_LOOP('',(#9597,#9603,#9604,#9610));
#9597 = ORIENTED_EDGE('',*,*,#9598,.F.);
#9598 = EDGE_CURVE('',#9507,#9547,#9599,.T.);
#9599 = LINE('',#9600,#9601);
#9600 = CARTESIAN_POINT('',(9.9395,17.524,4.16));
#9601 = VECTOR('',#9602,1.);
#9602 = DIRECTION('',(1.,0.,0.));
#9603 = ORIENTED_EDGE('',*,*,#9514,.T.);
#9604 = ORIENTED_EDGE('',*,*,#9605,.T.);
#9605 = EDGE_CURVE('',#9515,#9555,#9606,.T.);
#9606 = LINE('',#9607,#9608);
#9607 = CARTESIAN_POINT('',(9.9395,17.524,4.2));
#9608 = VECTOR('',#9609,1.);
#9609 = DIRECTION('',(1.,0.,0.));
#9610 = ORIENTED_EDGE('',*,*,#9554,.F.);
#9611 = PLANE('',#9612);
#9612 = AXIS2_PLACEMENT_3D('',#9613,#9614,#9615);
#9613 = CARTESIAN_POINT('',(9.9395,17.524,4.16));
#9614 = DIRECTION('',(0.,1.,0.));
#9615 = DIRECTION('',(0.,0.,1.));
#9616 = ADVANCED_FACE('',(#9617),#9623,.F.);
#9617 = FACE_BOUND('',#9618,.F.);
#9618 = EDGE_LOOP('',(#9619,#9620,#9621,#9622));
#9619 = ORIENTED_EDGE('',*,*,#9506,.F.);
#9620 = ORIENTED_EDGE('',*,*,#9576,.T.);
#9621 = ORIENTED_EDGE('',*,*,#9546,.T.);
#9622 = ORIENTED_EDGE('',*,*,#9598,.F.);
#9623 = PLANE('',#9624);
#9624 = AXIS2_PLACEMENT_3D('',#9625,#9626,#9627);
#9625 = CARTESIAN_POINT('',(9.9395,17.344,4.16));
#9626 = DIRECTION('',(0.,0.,1.));
#9627 = DIRECTION('',(1.,0.,0.));
#9628 = ADVANCED_FACE('',(#9629),#9635,.T.);
#9629 = FACE_BOUND('',#9630,.T.);
#9630 = EDGE_LOOP('',(#9631,#9632,#9633,#9634));
#9631 = ORIENTED_EDGE('',*,*,#9522,.F.);
#9632 = ORIENTED_EDGE('',*,*,#9583,.T.);
#9633 = ORIENTED_EDGE('',*,*,#9562,.T.);
#9634 = ORIENTED_EDGE('',*,*,#9605,.F.);
#9635 = PLANE('',#9636);
#9636 = AXIS2_PLACEMENT_3D('',#9637,#9638,#9639);
#9637 = CARTESIAN_POINT('',(9.9395,17.344,4.2));
#9638 = DIRECTION('',(0.,0.,1.));
#9639 = DIRECTION('',(1.,0.,0.));
#9640 = MANIFOLD_SOLID_BREP('',#9641);
#9641 = CLOSED_SHELL('',(#9642,#9682,#9722,#9744,#9766,#9778));
#9642 = ADVANCED_FACE('',(#9643),#9677,.F.);
#9643 = FACE_BOUND('',#9644,.F.);
#9644 = EDGE_LOOP('',(#9645,#9655,#9663,#9671));
#9645 = ORIENTED_EDGE('',*,*,#9646,.F.);
#9646 = EDGE_CURVE('',#9647,#9649,#9651,.T.);
#9647 = VERTEX_POINT('',#9648);
#9648 = CARTESIAN_POINT('',(7.0645,17.044,4.16));
#9649 = VERTEX_POINT('',#9650);
#9650 = CARTESIAN_POINT('',(7.0645,17.044,4.2));
#9651 = LINE('',#9652,#9653);
#9652 = CARTESIAN_POINT('',(7.0645,17.044,4.16));
#9653 = VECTOR('',#9654,1.);
#9654 = DIRECTION('',(0.,0.,1.));
#9655 = ORIENTED_EDGE('',*,*,#9656,.T.);
#9656 = EDGE_CURVE('',#9647,#9657,#9659,.T.);
#9657 = VERTEX_POINT('',#9658);
#9658 = CARTESIAN_POINT('',(7.0645,17.224,4.16));
#9659 = LINE('',#9660,#9661);
#9660 = CARTESIAN_POINT('',(7.0645,17.044,4.16));
#9661 = VECTOR('',#9662,1.);
#9662 = DIRECTION('',(0.,1.,0.));
#9663 = ORIENTED_EDGE('',*,*,#9664,.T.);
#9664 = EDGE_CURVE('',#9657,#9665,#9667,.T.);
#9665 = VERTEX_POINT('',#9666);
#9666 = CARTESIAN_POINT('',(7.0645,17.224,4.2));
#9667 = LINE('',#9668,#9669);
#9668 = CARTESIAN_POINT('',(7.0645,17.224,4.16));
#9669 = VECTOR('',#9670,1.);
#9670 = DIRECTION('',(0.,0.,1.));
#9671 = ORIENTED_EDGE('',*,*,#9672,.F.);
#9672 = EDGE_CURVE('',#9649,#9665,#9673,.T.);
#9673 = LINE('',#9674,#9675);
#9674 = CARTESIAN_POINT('',(7.0645,17.044,4.2));
#9675 = VECTOR('',#9676,1.);
#9676 = DIRECTION('',(0.,1.,0.));
#9677 = PLANE('',#9678);
#9678 = AXIS2_PLACEMENT_3D('',#9679,#9680,#9681);
#9679 = CARTESIAN_POINT('',(7.0645,17.044,4.16));
#9680 = DIRECTION('',(1.,0.,0.));
#9681 = DIRECTION('',(0.,0.,1.));
#9682 = ADVANCED_FACE('',(#9683),#9717,.T.);
#9683 = FACE_BOUND('',#9684,.T.);
#9684 = EDGE_LOOP('',(#9685,#9695,#9703,#9711));
#9685 = ORIENTED_EDGE('',*,*,#9686,.F.);
#9686 = EDGE_CURVE('',#9687,#9689,#9691,.T.);
#9687 = VERTEX_POINT('',#9688);
#9688 = CARTESIAN_POINT('',(7.7645,17.044,4.16));
#9689 = VERTEX_POINT('',#9690);
#9690 = CARTESIAN_POINT('',(7.7645,17.044,4.2));
#9691 = LINE('',#9692,#9693);
#9692 = CARTESIAN_POINT('',(7.7645,17.044,4.16));
#9693 = VECTOR('',#9694,1.);
#9694 = DIRECTION('',(0.,0.,1.));
#9695 = ORIENTED_EDGE('',*,*,#9696,.T.);
#9696 = EDGE_CURVE('',#9687,#9697,#9699,.T.);
#9697 = VERTEX_POINT('',#9698);
#9698 = CARTESIAN_POINT('',(7.7645,17.224,4.16));
#9699 = LINE('',#9700,#9701);
#9700 = CARTESIAN_POINT('',(7.7645,17.044,4.16));
#9701 = VECTOR('',#9702,1.);
#9702 = DIRECTION('',(0.,1.,0.));
#9703 = ORIENTED_EDGE('',*,*,#9704,.T.);
#9704 = EDGE_CURVE('',#9697,#9705,#9707,.T.);
#9705 = VERTEX_POINT('',#9706);
#9706 = CARTESIAN_POINT('',(7.7645,17.224,4.2));
#9707 = LINE('',#9708,#9709);
#9708 = CARTESIAN_POINT('',(7.7645,17.224,4.16));
#9709 = VECTOR('',#9710,1.);
#9710 = DIRECTION('',(0.,0.,1.));
#9711 = ORIENTED_EDGE('',*,*,#9712,.F.);
#9712 = EDGE_CURVE('',#9689,#9705,#9713,.T.);
#9713 = LINE('',#9714,#9715);
#9714 = CARTESIAN_POINT('',(7.7645,17.044,4.2));
#9715 = VECTOR('',#9716,1.);
#9716 = DIRECTION('',(0.,1.,0.));
#9717 = PLANE('',#9718);
#9718 = AXIS2_PLACEMENT_3D('',#9719,#9720,#9721);
#9719 = CARTESIAN_POINT('',(7.7645,17.044,4.16));
#9720 = DIRECTION('',(1.,0.,0.));
#9721 = DIRECTION('',(0.,0.,1.));
#9722 = ADVANCED_FACE('',(#9723),#9739,.F.);
#9723 = FACE_BOUND('',#9724,.F.);
#9724 = EDGE_LOOP('',(#9725,#9731,#9732,#9738));
#9725 = ORIENTED_EDGE('',*,*,#9726,.F.);
#9726 = EDGE_CURVE('',#9647,#9687,#9727,.T.);
#9727 = LINE('',#9728,#9729);
#9728 = CARTESIAN_POINT('',(7.0645,17.044,4.16));
#9729 = VECTOR('',#9730,1.);
#9730 = DIRECTION('',(1.,0.,0.));
#9731 = ORIENTED_EDGE('',*,*,#9646,.T.);
#9732 = ORIENTED_EDGE('',*,*,#9733,.T.);
#9733 = EDGE_CURVE('',#9649,#9689,#9734,.T.);
#9734 = LINE('',#9735,#9736);
#9735 = CARTESIAN_POINT('',(7.0645,17.044,4.2));
#9736 = VECTOR('',#9737,1.);
#9737 = DIRECTION('',(1.,0.,0.));
#9738 = ORIENTED_EDGE('',*,*,#9686,.F.);
#9739 = PLANE('',#9740);
#9740 = AXIS2_PLACEMENT_3D('',#9741,#9742,#9743);
#9741 = CARTESIAN_POINT('',(7.0645,17.044,4.16));
#9742 = DIRECTION('',(0.,1.,0.));
#9743 = DIRECTION('',(0.,0.,1.));
#9744 = ADVANCED_FACE('',(#9745),#9761,.T.);
#9745 = FACE_BOUND('',#9746,.T.);
#9746 = EDGE_LOOP('',(#9747,#9753,#9754,#9760));
#9747 = ORIENTED_EDGE('',*,*,#9748,.F.);
#9748 = EDGE_CURVE('',#9657,#9697,#9749,.T.);
#9749 = LINE('',#9750,#9751);
#9750 = CARTESIAN_POINT('',(7.0645,17.224,4.16));
#9751 = VECTOR('',#9752,1.);
#9752 = DIRECTION('',(1.,0.,0.));
#9753 = ORIENTED_EDGE('',*,*,#9664,.T.);
#9754 = ORIENTED_EDGE('',*,*,#9755,.T.);
#9755 = EDGE_CURVE('',#9665,#9705,#9756,.T.);
#9756 = LINE('',#9757,#9758);
#9757 = CARTESIAN_POINT('',(7.0645,17.224,4.2));
#9758 = VECTOR('',#9759,1.);
#9759 = DIRECTION('',(1.,0.,0.));
#9760 = ORIENTED_EDGE('',*,*,#9704,.F.);
#9761 = PLANE('',#9762);
#9762 = AXIS2_PLACEMENT_3D('',#9763,#9764,#9765);
#9763 = CARTESIAN_POINT('',(7.0645,17.224,4.16));
#9764 = DIRECTION('',(0.,1.,0.));
#9765 = DIRECTION('',(0.,0.,1.));
#9766 = ADVANCED_FACE('',(#9767),#9773,.F.);
#9767 = FACE_BOUND('',#9768,.F.);
#9768 = EDGE_LOOP('',(#9769,#9770,#9771,#9772));
#9769 = ORIENTED_EDGE('',*,*,#9656,.F.);
#9770 = ORIENTED_EDGE('',*,*,#9726,.T.);
#9771 = ORIENTED_EDGE('',*,*,#9696,.T.);
#9772 = ORIENTED_EDGE('',*,*,#9748,.F.);
#9773 = PLANE('',#9774);
#9774 = AXIS2_PLACEMENT_3D('',#9775,#9776,#9777);
#9775 = CARTESIAN_POINT('',(7.0645,17.044,4.16));
#9776 = DIRECTION('',(0.,0.,1.));
#9777 = DIRECTION('',(1.,0.,0.));
#9778 = ADVANCED_FACE('',(#9779),#9785,.T.);
#9779 = FACE_BOUND('',#9780,.T.);
#9780 = EDGE_LOOP('',(#9781,#9782,#9783,#9784));
#9781 = ORIENTED_EDGE('',*,*,#9672,.F.);
#9782 = ORIENTED_EDGE('',*,*,#9733,.T.);
#9783 = ORIENTED_EDGE('',*,*,#9712,.T.);
#9784 = ORIENTED_EDGE('',*,*,#9755,.F.);
#9785 = PLANE('',#9786);
#9786 = AXIS2_PLACEMENT_3D('',#9787,#9788,#9789);
#9787 = CARTESIAN_POINT('',(7.0645,17.044,4.2));
#9788 = DIRECTION('',(0.,0.,1.));
#9789 = DIRECTION('',(1.,0.,0.));
#9790 = MANIFOLD_SOLID_BREP('',#9791);
#9791 = CLOSED_SHELL('',(#9792,#9832,#9872,#9894,#9916,#9928));
#9792 = ADVANCED_FACE('',(#9793),#9827,.F.);
#9793 = FACE_BOUND('',#9794,.F.);
#9794 = EDGE_LOOP('',(#9795,#9805,#9813,#9821));
#9795 = ORIENTED_EDGE('',*,*,#9796,.F.);
#9796 = EDGE_CURVE('',#9797,#9799,#9801,.T.);
#9797 = VERTEX_POINT('',#9798);
#9798 = CARTESIAN_POINT('',(9.9395,16.744,4.16));
#9799 = VERTEX_POINT('',#9800);
#9800 = CARTESIAN_POINT('',(9.9395,16.744,4.2));
#9801 = LINE('',#9802,#9803);
#9802 = CARTESIAN_POINT('',(9.9395,16.744,4.16));
#9803 = VECTOR('',#9804,1.);
#9804 = DIRECTION('',(0.,0.,1.));
#9805 = ORIENTED_EDGE('',*,*,#9806,.T.);
#9806 = EDGE_CURVE('',#9797,#9807,#9809,.T.);
#9807 = VERTEX_POINT('',#9808);
#9808 = CARTESIAN_POINT('',(9.9395,16.924,4.16));
#9809 = LINE('',#9810,#9811);
#9810 = CARTESIAN_POINT('',(9.9395,16.744,4.16));
#9811 = VECTOR('',#9812,1.);
#9812 = DIRECTION('',(0.,1.,0.));
#9813 = ORIENTED_EDGE('',*,*,#9814,.T.);
#9814 = EDGE_CURVE('',#9807,#9815,#9817,.T.);
#9815 = VERTEX_POINT('',#9816);
#9816 = CARTESIAN_POINT('',(9.9395,16.924,4.2));
#9817 = LINE('',#9818,#9819);
#9818 = CARTESIAN_POINT('',(9.9395,16.924,4.16));
#9819 = VECTOR('',#9820,1.);
#9820 = DIRECTION('',(0.,0.,1.));
#9821 = ORIENTED_EDGE('',*,*,#9822,.F.);
#9822 = EDGE_CURVE('',#9799,#9815,#9823,.T.);
#9823 = LINE('',#9824,#9825);
#9824 = CARTESIAN_POINT('',(9.9395,16.744,4.2));
#9825 = VECTOR('',#9826,1.);
#9826 = DIRECTION('',(0.,1.,0.));
#9827 = PLANE('',#9828);
#9828 = AXIS2_PLACEMENT_3D('',#9829,#9830,#9831);
#9829 = CARTESIAN_POINT('',(9.9395,16.744,4.16));
#9830 = DIRECTION('',(1.,0.,0.));
#9831 = DIRECTION('',(0.,0.,1.));
#9832 = ADVANCED_FACE('',(#9833),#9867,.T.);
#9833 = FACE_BOUND('',#9834,.T.);
#9834 = EDGE_LOOP('',(#9835,#9845,#9853,#9861));
#9835 = ORIENTED_EDGE('',*,*,#9836,.F.);
#9836 = EDGE_CURVE('',#9837,#9839,#9841,.T.);
#9837 = VERTEX_POINT('',#9838);
#9838 = CARTESIAN_POINT('',(10.6395,16.744,4.16));
#9839 = VERTEX_POINT('',#9840);
#9840 = CARTESIAN_POINT('',(10.6395,16.744,4.2));
#9841 = LINE('',#9842,#9843);
#9842 = CARTESIAN_POINT('',(10.6395,16.744,4.16));
#9843 = VECTOR('',#9844,1.);
#9844 = DIRECTION('',(0.,0.,1.));
#9845 = ORIENTED_EDGE('',*,*,#9846,.T.);
#9846 = EDGE_CURVE('',#9837,#9847,#9849,.T.);
#9847 = VERTEX_POINT('',#9848);
#9848 = CARTESIAN_POINT('',(10.6395,16.924,4.16));
#9849 = LINE('',#9850,#9851);
#9850 = CARTESIAN_POINT('',(10.6395,16.744,4.16));
#9851 = VECTOR('',#9852,1.);
#9852 = DIRECTION('',(0.,1.,0.));
#9853 = ORIENTED_EDGE('',*,*,#9854,.T.);
#9854 = EDGE_CURVE('',#9847,#9855,#9857,.T.);
#9855 = VERTEX_POINT('',#9856);
#9856 = CARTESIAN_POINT('',(10.6395,16.924,4.2));
#9857 = LINE('',#9858,#9859);
#9858 = CARTESIAN_POINT('',(10.6395,16.924,4.16));
#9859 = VECTOR('',#9860,1.);
#9860 = DIRECTION('',(0.,0.,1.));
#9861 = ORIENTED_EDGE('',*,*,#9862,.F.);
#9862 = EDGE_CURVE('',#9839,#9855,#9863,.T.);
#9863 = LINE('',#9864,#9865);
#9864 = CARTESIAN_POINT('',(10.6395,16.744,4.2));
#9865 = VECTOR('',#9866,1.);
#9866 = DIRECTION('',(0.,1.,0.));
#9867 = PLANE('',#9868);
#9868 = AXIS2_PLACEMENT_3D('',#9869,#9870,#9871);
#9869 = CARTESIAN_POINT('',(10.6395,16.744,4.16));
#9870 = DIRECTION('',(1.,0.,0.));
#9871 = DIRECTION('',(0.,0.,1.));
#9872 = ADVANCED_FACE('',(#9873),#9889,.F.);
#9873 = FACE_BOUND('',#9874,.F.);
#9874 = EDGE_LOOP('',(#9875,#9881,#9882,#9888));
#9875 = ORIENTED_EDGE('',*,*,#9876,.F.);
#9876 = EDGE_CURVE('',#9797,#9837,#9877,.T.);
#9877 = LINE('',#9878,#9879);
#9878 = CARTESIAN_POINT('',(9.9395,16.744,4.16));
#9879 = VECTOR('',#9880,1.);
#9880 = DIRECTION('',(1.,0.,0.));
#9881 = ORIENTED_EDGE('',*,*,#9796,.T.);
#9882 = ORIENTED_EDGE('',*,*,#9883,.T.);
#9883 = EDGE_CURVE('',#9799,#9839,#9884,.T.);
#9884 = LINE('',#9885,#9886);
#9885 = CARTESIAN_POINT('',(9.9395,16.744,4.2));
#9886 = VECTOR('',#9887,1.);
#9887 = DIRECTION('',(1.,0.,0.));
#9888 = ORIENTED_EDGE('',*,*,#9836,.F.);
#9889 = PLANE('',#9890);
#9890 = AXIS2_PLACEMENT_3D('',#9891,#9892,#9893);
#9891 = CARTESIAN_POINT('',(9.9395,16.744,4.16));
#9892 = DIRECTION('',(0.,1.,0.));
#9893 = DIRECTION('',(0.,0.,1.));
#9894 = ADVANCED_FACE('',(#9895),#9911,.T.);
#9895 = FACE_BOUND('',#9896,.T.);
#9896 = EDGE_LOOP('',(#9897,#9903,#9904,#9910));
#9897 = ORIENTED_EDGE('',*,*,#9898,.F.);
#9898 = EDGE_CURVE('',#9807,#9847,#9899,.T.);
#9899 = LINE('',#9900,#9901);
#9900 = CARTESIAN_POINT('',(9.9395,16.924,4.16));
#9901 = VECTOR('',#9902,1.);
#9902 = DIRECTION('',(1.,0.,0.));
#9903 = ORIENTED_EDGE('',*,*,#9814,.T.);
#9904 = ORIENTED_EDGE('',*,*,#9905,.T.);
#9905 = EDGE_CURVE('',#9815,#9855,#9906,.T.);
#9906 = LINE('',#9907,#9908);
#9907 = CARTESIAN_POINT('',(9.9395,16.924,4.2));
#9908 = VECTOR('',#9909,1.);
#9909 = DIRECTION('',(1.,0.,0.));
#9910 = ORIENTED_EDGE('',*,*,#9854,.F.);
#9911 = PLANE('',#9912);
#9912 = AXIS2_PLACEMENT_3D('',#9913,#9914,#9915);
#9913 = CARTESIAN_POINT('',(9.9395,16.924,4.16));
#9914 = DIRECTION('',(0.,1.,0.));
#9915 = DIRECTION('',(0.,0.,1.));
#9916 = ADVANCED_FACE('',(#9917),#9923,.F.);
#9917 = FACE_BOUND('',#9918,.F.);
#9918 = EDGE_LOOP('',(#9919,#9920,#9921,#9922));
#9919 = ORIENTED_EDGE('',*,*,#9806,.F.);
#9920 = ORIENTED_EDGE('',*,*,#9876,.T.);
#9921 = ORIENTED_EDGE('',*,*,#9846,.T.);
#9922 = ORIENTED_EDGE('',*,*,#9898,.F.);
#9923 = PLANE('',#9924);
#9924 = AXIS2_PLACEMENT_3D('',#9925,#9926,#9927);
#9925 = CARTESIAN_POINT('',(9.9395,16.744,4.16));
#9926 = DIRECTION('',(0.,0.,1.));
#9927 = DIRECTION('',(1.,0.,0.));
#9928 = ADVANCED_FACE('',(#9929),#9935,.T.);
#9929 = FACE_BOUND('',#9930,.T.);
#9930 = EDGE_LOOP('',(#9931,#9932,#9933,#9934));
#9931 = ORIENTED_EDGE('',*,*,#9822,.F.);
#9932 = ORIENTED_EDGE('',*,*,#9883,.T.);
#9933 = ORIENTED_EDGE('',*,*,#9862,.T.);
#9934 = ORIENTED_EDGE('',*,*,#9905,.F.);
#9935 = PLANE('',#9936);
#9936 = AXIS2_PLACEMENT_3D('',#9937,#9938,#9939);
#9937 = CARTESIAN_POINT('',(9.9395,16.744,4.2));
#9938 = DIRECTION('',(0.,0.,1.));
#9939 = DIRECTION('',(1.,0.,0.));
#9940 = MANIFOLD_SOLID_BREP('',#9941);
#9941 = CLOSED_SHELL('',(#9942,#9982,#10022,#10044,#10066,#10078));
#9942 = ADVANCED_FACE('',(#9943),#9977,.F.);
#9943 = FACE_BOUND('',#9944,.F.);
#9944 = EDGE_LOOP('',(#9945,#9955,#9963,#9971));
#9945 = ORIENTED_EDGE('',*,*,#9946,.F.);
#9946 = EDGE_CURVE('',#9947,#9949,#9951,.T.);
#9947 = VERTEX_POINT('',#9948);
#9948 = CARTESIAN_POINT('',(7.0645,16.444,4.16));
#9949 = VERTEX_POINT('',#9950);
#9950 = CARTESIAN_POINT('',(7.0645,16.444,4.2));
#9951 = LINE('',#9952,#9953);
#9952 = CARTESIAN_POINT('',(7.0645,16.444,4.16));
#9953 = VECTOR('',#9954,1.);
#9954 = DIRECTION('',(0.,0.,1.));
#9955 = ORIENTED_EDGE('',*,*,#9956,.T.);
#9956 = EDGE_CURVE('',#9947,#9957,#9959,.T.);
#9957 = VERTEX_POINT('',#9958);
#9958 = CARTESIAN_POINT('',(7.0645,16.624,4.16));
#9959 = LINE('',#9960,#9961);
#9960 = CARTESIAN_POINT('',(7.0645,16.444,4.16));
#9961 = VECTOR('',#9962,1.);
#9962 = DIRECTION('',(0.,1.,0.));
#9963 = ORIENTED_EDGE('',*,*,#9964,.T.);
#9964 = EDGE_CURVE('',#9957,#9965,#9967,.T.);
#9965 = VERTEX_POINT('',#9966);
#9966 = CARTESIAN_POINT('',(7.0645,16.624,4.2));
#9967 = LINE('',#9968,#9969);
#9968 = CARTESIAN_POINT('',(7.0645,16.624,4.16));
#9969 = VECTOR('',#9970,1.);
#9970 = DIRECTION('',(0.,0.,1.));
#9971 = ORIENTED_EDGE('',*,*,#9972,.F.);
#9972 = EDGE_CURVE('',#9949,#9965,#9973,.T.);
#9973 = LINE('',#9974,#9975);
#9974 = CARTESIAN_POINT('',(7.0645,16.444,4.2));
#9975 = VECTOR('',#9976,1.);
#9976 = DIRECTION('',(0.,1.,0.));
#9977 = PLANE('',#9978);
#9978 = AXIS2_PLACEMENT_3D('',#9979,#9980,#9981);
#9979 = CARTESIAN_POINT('',(7.0645,16.444,4.16));
#9980 = DIRECTION('',(1.,0.,0.));
#9981 = DIRECTION('',(0.,0.,1.));
#9982 = ADVANCED_FACE('',(#9983),#10017,.T.);
#9983 = FACE_BOUND('',#9984,.T.);
#9984 = EDGE_LOOP('',(#9985,#9995,#10003,#10011));
#9985 = ORIENTED_EDGE('',*,*,#9986,.F.);
#9986 = EDGE_CURVE('',#9987,#9989,#9991,.T.);
#9987 = VERTEX_POINT('',#9988);
#9988 = CARTESIAN_POINT('',(7.7645,16.444,4.16));
#9989 = VERTEX_POINT('',#9990);
#9990 = CARTESIAN_POINT('',(7.7645,16.444,4.2));
#9991 = LINE('',#9992,#9993);
#9992 = CARTESIAN_POINT('',(7.7645,16.444,4.16));
#9993 = VECTOR('',#9994,1.);
#9994 = DIRECTION('',(0.,0.,1.));
#9995 = ORIENTED_EDGE('',*,*,#9996,.T.);
#9996 = EDGE_CURVE('',#9987,#9997,#9999,.T.);
#9997 = VERTEX_POINT('',#9998);
#9998 = CARTESIAN_POINT('',(7.7645,16.624,4.16));
#9999 = LINE('',#10000,#10001);
#10000 = CARTESIAN_POINT('',(7.7645,16.444,4.16));
#10001 = VECTOR('',#10002,1.);
#10002 = DIRECTION('',(0.,1.,0.));
#10003 = ORIENTED_EDGE('',*,*,#10004,.T.);
#10004 = EDGE_CURVE('',#9997,#10005,#10007,.T.);
#10005 = VERTEX_POINT('',#10006);
#10006 = CARTESIAN_POINT('',(7.7645,16.624,4.2));
#10007 = LINE('',#10008,#10009);
#10008 = CARTESIAN_POINT('',(7.7645,16.624,4.16));
#10009 = VECTOR('',#10010,1.);
#10010 = DIRECTION('',(0.,0.,1.));
#10011 = ORIENTED_EDGE('',*,*,#10012,.F.);
#10012 = EDGE_CURVE('',#9989,#10005,#10013,.T.);
#10013 = LINE('',#10014,#10015);
#10014 = CARTESIAN_POINT('',(7.7645,16.444,4.2));
#10015 = VECTOR('',#10016,1.);
#10016 = DIRECTION('',(0.,1.,0.));
#10017 = PLANE('',#10018);
#10018 = AXIS2_PLACEMENT_3D('',#10019,#10020,#10021);
#10019 = CARTESIAN_POINT('',(7.7645,16.444,4.16));
#10020 = DIRECTION('',(1.,0.,0.));
#10021 = DIRECTION('',(0.,0.,1.));
#10022 = ADVANCED_FACE('',(#10023),#10039,.F.);
#10023 = FACE_BOUND('',#10024,.F.);
#10024 = EDGE_LOOP('',(#10025,#10031,#10032,#10038));
#10025 = ORIENTED_EDGE('',*,*,#10026,.F.);
#10026 = EDGE_CURVE('',#9947,#9987,#10027,.T.);
#10027 = LINE('',#10028,#10029);
#10028 = CARTESIAN_POINT('',(7.0645,16.444,4.16));
#10029 = VECTOR('',#10030,1.);
#10030 = DIRECTION('',(1.,0.,0.));
#10031 = ORIENTED_EDGE('',*,*,#9946,.T.);
#10032 = ORIENTED_EDGE('',*,*,#10033,.T.);
#10033 = EDGE_CURVE('',#9949,#9989,#10034,.T.);
#10034 = LINE('',#10035,#10036);
#10035 = CARTESIAN_POINT('',(7.0645,16.444,4.2));
#10036 = VECTOR('',#10037,1.);
#10037 = DIRECTION('',(1.,0.,0.));
#10038 = ORIENTED_EDGE('',*,*,#9986,.F.);
#10039 = PLANE('',#10040);
#10040 = AXIS2_PLACEMENT_3D('',#10041,#10042,#10043);
#10041 = CARTESIAN_POINT('',(7.0645,16.444,4.16));
#10042 = DIRECTION('',(0.,1.,0.));
#10043 = DIRECTION('',(0.,0.,1.));
#10044 = ADVANCED_FACE('',(#10045),#10061,.T.);
#10045 = FACE_BOUND('',#10046,.T.);
#10046 = EDGE_LOOP('',(#10047,#10053,#10054,#10060));
#10047 = ORIENTED_EDGE('',*,*,#10048,.F.);
#10048 = EDGE_CURVE('',#9957,#9997,#10049,.T.);
#10049 = LINE('',#10050,#10051);
#10050 = CARTESIAN_POINT('',(7.0645,16.624,4.16));
#10051 = VECTOR('',#10052,1.);
#10052 = DIRECTION('',(1.,0.,0.));
#10053 = ORIENTED_EDGE('',*,*,#9964,.T.);
#10054 = ORIENTED_EDGE('',*,*,#10055,.T.);
#10055 = EDGE_CURVE('',#9965,#10005,#10056,.T.);
#10056 = LINE('',#10057,#10058);
#10057 = CARTESIAN_POINT('',(7.0645,16.624,4.2));
#10058 = VECTOR('',#10059,1.);
#10059 = DIRECTION('',(1.,0.,0.));
#10060 = ORIENTED_EDGE('',*,*,#10004,.F.);
#10061 = PLANE('',#10062);
#10062 = AXIS2_PLACEMENT_3D('',#10063,#10064,#10065);
#10063 = CARTESIAN_POINT('',(7.0645,16.624,4.16));
#10064 = DIRECTION('',(0.,1.,0.));
#10065 = DIRECTION('',(0.,0.,1.));
#10066 = ADVANCED_FACE('',(#10067),#10073,.F.);
#10067 = FACE_BOUND('',#10068,.F.);
#10068 = EDGE_LOOP('',(#10069,#10070,#10071,#10072));
#10069 = ORIENTED_EDGE('',*,*,#9956,.F.);
#10070 = ORIENTED_EDGE('',*,*,#10026,.T.);
#10071 = ORIENTED_EDGE('',*,*,#9996,.T.);
#10072 = ORIENTED_EDGE('',*,*,#10048,.F.);
#10073 = PLANE('',#10074);
#10074 = AXIS2_PLACEMENT_3D('',#10075,#10076,#10077);
#10075 = CARTESIAN_POINT('',(7.0645,16.444,4.16));
#10076 = DIRECTION('',(0.,0.,1.));
#10077 = DIRECTION('',(1.,0.,0.));
#10078 = ADVANCED_FACE('',(#10079),#10085,.T.);
#10079 = FACE_BOUND('',#10080,.T.);
#10080 = EDGE_LOOP('',(#10081,#10082,#10083,#10084));
#10081 = ORIENTED_EDGE('',*,*,#9972,.F.);
#10082 = ORIENTED_EDGE('',*,*,#10033,.T.);
#10083 = ORIENTED_EDGE('',*,*,#10012,.T.);
#10084 = ORIENTED_EDGE('',*,*,#10055,.F.);
#10085 = PLANE('',#10086);
#10086 = AXIS2_PLACEMENT_3D('',#10087,#10088,#10089);
#10087 = CARTESIAN_POINT('',(7.0645,16.444,4.2));
#10088 = DIRECTION('',(0.,0.,1.));
#10089 = DIRECTION('',(1.,0.,0.));
#10090 = MANIFOLD_SOLID_BREP('',#10091);
#10091 = CLOSED_SHELL('',(#10092,#10132,#10172,#10194,#10216,#10228));
#10092 = ADVANCED_FACE('',(#10093),#10127,.F.);
#10093 = FACE_BOUND('',#10094,.F.);
#10094 = EDGE_LOOP('',(#10095,#10105,#10113,#10121));
#10095 = ORIENTED_EDGE('',*,*,#10096,.F.);
#10096 = EDGE_CURVE('',#10097,#10099,#10101,.T.);
#10097 = VERTEX_POINT('',#10098);
#10098 = CARTESIAN_POINT('',(9.9395,16.144,4.16));
#10099 = VERTEX_POINT('',#10100);
#10100 = CARTESIAN_POINT('',(9.9395,16.144,4.2));
#10101 = LINE('',#10102,#10103);
#10102 = CARTESIAN_POINT('',(9.9395,16.144,4.16));
#10103 = VECTOR('',#10104,1.);
#10104 = DIRECTION('',(0.,0.,1.));
#10105 = ORIENTED_EDGE('',*,*,#10106,.T.);
#10106 = EDGE_CURVE('',#10097,#10107,#10109,.T.);
#10107 = VERTEX_POINT('',#10108);
#10108 = CARTESIAN_POINT('',(9.9395,16.324,4.16));
#10109 = LINE('',#10110,#10111);
#10110 = CARTESIAN_POINT('',(9.9395,16.144,4.16));
#10111 = VECTOR('',#10112,1.);
#10112 = DIRECTION('',(0.,1.,0.));
#10113 = ORIENTED_EDGE('',*,*,#10114,.T.);
#10114 = EDGE_CURVE('',#10107,#10115,#10117,.T.);
#10115 = VERTEX_POINT('',#10116);
#10116 = CARTESIAN_POINT('',(9.9395,16.324,4.2));
#10117 = LINE('',#10118,#10119);
#10118 = CARTESIAN_POINT('',(9.9395,16.324,4.16));
#10119 = VECTOR('',#10120,1.);
#10120 = DIRECTION('',(0.,0.,1.));
#10121 = ORIENTED_EDGE('',*,*,#10122,.F.);
#10122 = EDGE_CURVE('',#10099,#10115,#10123,.T.);
#10123 = LINE('',#10124,#10125);
#10124 = CARTESIAN_POINT('',(9.9395,16.144,4.2));
#10125 = VECTOR('',#10126,1.);
#10126 = DIRECTION('',(0.,1.,0.));
#10127 = PLANE('',#10128);
#10128 = AXIS2_PLACEMENT_3D('',#10129,#10130,#10131);
#10129 = CARTESIAN_POINT('',(9.9395,16.144,4.16));
#10130 = DIRECTION('',(1.,0.,0.));
#10131 = DIRECTION('',(0.,0.,1.));
#10132 = ADVANCED_FACE('',(#10133),#10167,.T.);
#10133 = FACE_BOUND('',#10134,.T.);
#10134 = EDGE_LOOP('',(#10135,#10145,#10153,#10161));
#10135 = ORIENTED_EDGE('',*,*,#10136,.F.);
#10136 = EDGE_CURVE('',#10137,#10139,#10141,.T.);
#10137 = VERTEX_POINT('',#10138);
#10138 = CARTESIAN_POINT('',(10.6395,16.144,4.16));
#10139 = VERTEX_POINT('',#10140);
#10140 = CARTESIAN_POINT('',(10.6395,16.144,4.2));
#10141 = LINE('',#10142,#10143);
#10142 = CARTESIAN_POINT('',(10.6395,16.144,4.16));
#10143 = VECTOR('',#10144,1.);
#10144 = DIRECTION('',(0.,0.,1.));
#10145 = ORIENTED_EDGE('',*,*,#10146,.T.);
#10146 = EDGE_CURVE('',#10137,#10147,#10149,.T.);
#10147 = VERTEX_POINT('',#10148);
#10148 = CARTESIAN_POINT('',(10.6395,16.324,4.16));
#10149 = LINE('',#10150,#10151);
#10150 = CARTESIAN_POINT('',(10.6395,16.144,4.16));
#10151 = VECTOR('',#10152,1.);
#10152 = DIRECTION('',(0.,1.,0.));
#10153 = ORIENTED_EDGE('',*,*,#10154,.T.);
#10154 = EDGE_CURVE('',#10147,#10155,#10157,.T.);
#10155 = VERTEX_POINT('',#10156);
#10156 = CARTESIAN_POINT('',(10.6395,16.324,4.2));
#10157 = LINE('',#10158,#10159);
#10158 = CARTESIAN_POINT('',(10.6395,16.324,4.16));
#10159 = VECTOR('',#10160,1.);
#10160 = DIRECTION('',(0.,0.,1.));
#10161 = ORIENTED_EDGE('',*,*,#10162,.F.);
#10162 = EDGE_CURVE('',#10139,#10155,#10163,.T.);
#10163 = LINE('',#10164,#10165);
#10164 = CARTESIAN_POINT('',(10.6395,16.144,4.2));
#10165 = VECTOR('',#10166,1.);
#10166 = DIRECTION('',(0.,1.,0.));
#10167 = PLANE('',#10168);
#10168 = AXIS2_PLACEMENT_3D('',#10169,#10170,#10171);
#10169 = CARTESIAN_POINT('',(10.6395,16.144,4.16));
#10170 = DIRECTION('',(1.,0.,0.));
#10171 = DIRECTION('',(0.,0.,1.));
#10172 = ADVANCED_FACE('',(#10173),#10189,.F.);
#10173 = FACE_BOUND('',#10174,.F.);
#10174 = EDGE_LOOP('',(#10175,#10181,#10182,#10188));
#10175 = ORIENTED_EDGE('',*,*,#10176,.F.);
#10176 = EDGE_CURVE('',#10097,#10137,#10177,.T.);
#10177 = LINE('',#10178,#10179);
#10178 = CARTESIAN_POINT('',(9.9395,16.144,4.16));
#10179 = VECTOR('',#10180,1.);
#10180 = DIRECTION('',(1.,0.,0.));
#10181 = ORIENTED_EDGE('',*,*,#10096,.T.);
#10182 = ORIENTED_EDGE('',*,*,#10183,.T.);
#10183 = EDGE_CURVE('',#10099,#10139,#10184,.T.);
#10184 = LINE('',#10185,#10186);
#10185 = CARTESIAN_POINT('',(9.9395,16.144,4.2));
#10186 = VECTOR('',#10187,1.);
#10187 = DIRECTION('',(1.,0.,0.));
#10188 = ORIENTED_EDGE('',*,*,#10136,.F.);
#10189 = PLANE('',#10190);
#10190 = AXIS2_PLACEMENT_3D('',#10191,#10192,#10193);
#10191 = CARTESIAN_POINT('',(9.9395,16.144,4.16));
#10192 = DIRECTION('',(0.,1.,0.));
#10193 = DIRECTION('',(0.,0.,1.));
#10194 = ADVANCED_FACE('',(#10195),#10211,.T.);
#10195 = FACE_BOUND('',#10196,.T.);
#10196 = EDGE_LOOP('',(#10197,#10203,#10204,#10210));
#10197 = ORIENTED_EDGE('',*,*,#10198,.F.);
#10198 = EDGE_CURVE('',#10107,#10147,#10199,.T.);
#10199 = LINE('',#10200,#10201);
#10200 = CARTESIAN_POINT('',(9.9395,16.324,4.16));
#10201 = VECTOR('',#10202,1.);
#10202 = DIRECTION('',(1.,0.,0.));
#10203 = ORIENTED_EDGE('',*,*,#10114,.T.);
#10204 = ORIENTED_EDGE('',*,*,#10205,.T.);
#10205 = EDGE_CURVE('',#10115,#10155,#10206,.T.);
#10206 = LINE('',#10207,#10208);
#10207 = CARTESIAN_POINT('',(9.9395,16.324,4.2));
#10208 = VECTOR('',#10209,1.);
#10209 = DIRECTION('',(1.,0.,0.));
#10210 = ORIENTED_EDGE('',*,*,#10154,.F.);
#10211 = PLANE('',#10212);
#10212 = AXIS2_PLACEMENT_3D('',#10213,#10214,#10215);
#10213 = CARTESIAN_POINT('',(9.9395,16.324,4.16));
#10214 = DIRECTION('',(0.,1.,0.));
#10215 = DIRECTION('',(0.,0.,1.));
#10216 = ADVANCED_FACE('',(#10217),#10223,.F.);
#10217 = FACE_BOUND('',#10218,.F.);
#10218 = EDGE_LOOP('',(#10219,#10220,#10221,#10222));
#10219 = ORIENTED_EDGE('',*,*,#10106,.F.);
#10220 = ORIENTED_EDGE('',*,*,#10176,.T.);
#10221 = ORIENTED_EDGE('',*,*,#10146,.T.);
#10222 = ORIENTED_EDGE('',*,*,#10198,.F.);
#10223 = PLANE('',#10224);
#10224 = AXIS2_PLACEMENT_3D('',#10225,#10226,#10227);
#10225 = CARTESIAN_POINT('',(9.9395,16.144,4.16));
#10226 = DIRECTION('',(0.,0.,1.));
#10227 = DIRECTION('',(1.,0.,0.));
#10228 = ADVANCED_FACE('',(#10229),#10235,.T.);
#10229 = FACE_BOUND('',#10230,.T.);
#10230 = EDGE_LOOP('',(#10231,#10232,#10233,#10234));
#10231 = ORIENTED_EDGE('',*,*,#10122,.F.);
#10232 = ORIENTED_EDGE('',*,*,#10183,.T.);
#10233 = ORIENTED_EDGE('',*,*,#10162,.T.);
#10234 = ORIENTED_EDGE('',*,*,#10205,.F.);
#10235 = PLANE('',#10236);
#10236 = AXIS2_PLACEMENT_3D('',#10237,#10238,#10239);
#10237 = CARTESIAN_POINT('',(9.9395,16.144,4.2));
#10238 = DIRECTION('',(0.,0.,1.));
#10239 = DIRECTION('',(1.,0.,0.));
#10240 = MANIFOLD_SOLID_BREP('',#10241);
#10241 = CLOSED_SHELL('',(#10242,#10282,#10322,#10344,#10366,#10378));
#10242 = ADVANCED_FACE('',(#10243),#10277,.F.);
#10243 = FACE_BOUND('',#10244,.F.);
#10244 = EDGE_LOOP('',(#10245,#10255,#10263,#10271));
#10245 = ORIENTED_EDGE('',*,*,#10246,.F.);
#10246 = EDGE_CURVE('',#10247,#10249,#10251,.T.);
#10247 = VERTEX_POINT('',#10248);
#10248 = CARTESIAN_POINT('',(7.0645,15.844,4.16));
#10249 = VERTEX_POINT('',#10250);
#10250 = CARTESIAN_POINT('',(7.0645,15.844,4.2));
#10251 = LINE('',#10252,#10253);
#10252 = CARTESIAN_POINT('',(7.0645,15.844,4.16));
#10253 = VECTOR('',#10254,1.);
#10254 = DIRECTION('',(0.,0.,1.));
#10255 = ORIENTED_EDGE('',*,*,#10256,.T.);
#10256 = EDGE_CURVE('',#10247,#10257,#10259,.T.);
#10257 = VERTEX_POINT('',#10258);
#10258 = CARTESIAN_POINT('',(7.0645,16.024,4.16));
#10259 = LINE('',#10260,#10261);
#10260 = CARTESIAN_POINT('',(7.0645,15.844,4.16));
#10261 = VECTOR('',#10262,1.);
#10262 = DIRECTION('',(0.,1.,0.));
#10263 = ORIENTED_EDGE('',*,*,#10264,.T.);
#10264 = EDGE_CURVE('',#10257,#10265,#10267,.T.);
#10265 = VERTEX_POINT('',#10266);
#10266 = CARTESIAN_POINT('',(7.0645,16.024,4.2));
#10267 = LINE('',#10268,#10269);
#10268 = CARTESIAN_POINT('',(7.0645,16.024,4.16));
#10269 = VECTOR('',#10270,1.);
#10270 = DIRECTION('',(0.,0.,1.));
#10271 = ORIENTED_EDGE('',*,*,#10272,.F.);
#10272 = EDGE_CURVE('',#10249,#10265,#10273,.T.);
#10273 = LINE('',#10274,#10275);
#10274 = CARTESIAN_POINT('',(7.0645,15.844,4.2));
#10275 = VECTOR('',#10276,1.);
#10276 = DIRECTION('',(0.,1.,0.));
#10277 = PLANE('',#10278);
#10278 = AXIS2_PLACEMENT_3D('',#10279,#10280,#10281);
#10279 = CARTESIAN_POINT('',(7.0645,15.844,4.16));
#10280 = DIRECTION('',(1.,0.,0.));
#10281 = DIRECTION('',(0.,0.,1.));
#10282 = ADVANCED_FACE('',(#10283),#10317,.T.);
#10283 = FACE_BOUND('',#10284,.T.);
#10284 = EDGE_LOOP('',(#10285,#10295,#10303,#10311));
#10285 = ORIENTED_EDGE('',*,*,#10286,.F.);
#10286 = EDGE_CURVE('',#10287,#10289,#10291,.T.);
#10287 = VERTEX_POINT('',#10288);
#10288 = CARTESIAN_POINT('',(7.7645,15.844,4.16));
#10289 = VERTEX_POINT('',#10290);
#10290 = CARTESIAN_POINT('',(7.7645,15.844,4.2));
#10291 = LINE('',#10292,#10293);
#10292 = CARTESIAN_POINT('',(7.7645,15.844,4.16));
#10293 = VECTOR('',#10294,1.);
#10294 = DIRECTION('',(0.,0.,1.));
#10295 = ORIENTED_EDGE('',*,*,#10296,.T.);
#10296 = EDGE_CURVE('',#10287,#10297,#10299,.T.);
#10297 = VERTEX_POINT('',#10298);
#10298 = CARTESIAN_POINT('',(7.7645,16.024,4.16));
#10299 = LINE('',#10300,#10301);
#10300 = CARTESIAN_POINT('',(7.7645,15.844,4.16));
#10301 = VECTOR('',#10302,1.);
#10302 = DIRECTION('',(0.,1.,0.));
#10303 = ORIENTED_EDGE('',*,*,#10304,.T.);
#10304 = EDGE_CURVE('',#10297,#10305,#10307,.T.);
#10305 = VERTEX_POINT('',#10306);
#10306 = CARTESIAN_POINT('',(7.7645,16.024,4.2));
#10307 = LINE('',#10308,#10309);
#10308 = CARTESIAN_POINT('',(7.7645,16.024,4.16));
#10309 = VECTOR('',#10310,1.);
#10310 = DIRECTION('',(0.,0.,1.));
#10311 = ORIENTED_EDGE('',*,*,#10312,.F.);
#10312 = EDGE_CURVE('',#10289,#10305,#10313,.T.);
#10313 = LINE('',#10314,#10315);
#10314 = CARTESIAN_POINT('',(7.7645,15.844,4.2));
#10315 = VECTOR('',#10316,1.);
#10316 = DIRECTION('',(0.,1.,0.));
#10317 = PLANE('',#10318);
#10318 = AXIS2_PLACEMENT_3D('',#10319,#10320,#10321);
#10319 = CARTESIAN_POINT('',(7.7645,15.844,4.16));
#10320 = DIRECTION('',(1.,0.,0.));
#10321 = DIRECTION('',(0.,0.,1.));
#10322 = ADVANCED_FACE('',(#10323),#10339,.F.);
#10323 = FACE_BOUND('',#10324,.F.);
#10324 = EDGE_LOOP('',(#10325,#10331,#10332,#10338));
#10325 = ORIENTED_EDGE('',*,*,#10326,.F.);
#10326 = EDGE_CURVE('',#10247,#10287,#10327,.T.);
#10327 = LINE('',#10328,#10329);
#10328 = CARTESIAN_POINT('',(7.0645,15.844,4.16));
#10329 = VECTOR('',#10330,1.);
#10330 = DIRECTION('',(1.,0.,0.));
#10331 = ORIENTED_EDGE('',*,*,#10246,.T.);
#10332 = ORIENTED_EDGE('',*,*,#10333,.T.);
#10333 = EDGE_CURVE('',#10249,#10289,#10334,.T.);
#10334 = LINE('',#10335,#10336);
#10335 = CARTESIAN_POINT('',(7.0645,15.844,4.2));
#10336 = VECTOR('',#10337,1.);
#10337 = DIRECTION('',(1.,0.,0.));
#10338 = ORIENTED_EDGE('',*,*,#10286,.F.);
#10339 = PLANE('',#10340);
#10340 = AXIS2_PLACEMENT_3D('',#10341,#10342,#10343);
#10341 = CARTESIAN_POINT('',(7.0645,15.844,4.16));
#10342 = DIRECTION('',(0.,1.,0.));
#10343 = DIRECTION('',(0.,0.,1.));
#10344 = ADVANCED_FACE('',(#10345),#10361,.T.);
#10345 = FACE_BOUND('',#10346,.T.);
#10346 = EDGE_LOOP('',(#10347,#10353,#10354,#10360));
#10347 = ORIENTED_EDGE('',*,*,#10348,.F.);
#10348 = EDGE_CURVE('',#10257,#10297,#10349,.T.);
#10349 = LINE('',#10350,#10351);
#10350 = CARTESIAN_POINT('',(7.0645,16.024,4.16));
#10351 = VECTOR('',#10352,1.);
#10352 = DIRECTION('',(1.,0.,0.));
#10353 = ORIENTED_EDGE('',*,*,#10264,.T.);
#10354 = ORIENTED_EDGE('',*,*,#10355,.T.);
#10355 = EDGE_CURVE('',#10265,#10305,#10356,.T.);
#10356 = LINE('',#10357,#10358);
#10357 = CARTESIAN_POINT('',(7.0645,16.024,4.2));
#10358 = VECTOR('',#10359,1.);
#10359 = DIRECTION('',(1.,0.,0.));
#10360 = ORIENTED_EDGE('',*,*,#10304,.F.);
#10361 = PLANE('',#10362);
#10362 = AXIS2_PLACEMENT_3D('',#10363,#10364,#10365);
#10363 = CARTESIAN_POINT('',(7.0645,16.024,4.16));
#10364 = DIRECTION('',(0.,1.,0.));
#10365 = DIRECTION('',(0.,0.,1.));
#10366 = ADVANCED_FACE('',(#10367),#10373,.F.);
#10367 = FACE_BOUND('',#10368,.F.);
#10368 = EDGE_LOOP('',(#10369,#10370,#10371,#10372));
#10369 = ORIENTED_EDGE('',*,*,#10256,.F.);
#10370 = ORIENTED_EDGE('',*,*,#10326,.T.);
#10371 = ORIENTED_EDGE('',*,*,#10296,.T.);
#10372 = ORIENTED_EDGE('',*,*,#10348,.F.);
#10373 = PLANE('',#10374);
#10374 = AXIS2_PLACEMENT_3D('',#10375,#10376,#10377);
#10375 = CARTESIAN_POINT('',(7.0645,15.844,4.16));
#10376 = DIRECTION('',(0.,0.,1.));
#10377 = DIRECTION('',(1.,0.,0.));
#10378 = ADVANCED_FACE('',(#10379),#10385,.T.);
#10379 = FACE_BOUND('',#10380,.T.);
#10380 = EDGE_LOOP('',(#10381,#10382,#10383,#10384));
#10381 = ORIENTED_EDGE('',*,*,#10272,.F.);
#10382 = ORIENTED_EDGE('',*,*,#10333,.T.);
#10383 = ORIENTED_EDGE('',*,*,#10312,.T.);
#10384 = ORIENTED_EDGE('',*,*,#10355,.F.);
#10385 = PLANE('',#10386);
#10386 = AXIS2_PLACEMENT_3D('',#10387,#10388,#10389);
#10387 = CARTESIAN_POINT('',(7.0645,15.844,4.2));
#10388 = DIRECTION('',(0.,0.,1.));
#10389 = DIRECTION('',(1.,0.,0.));
#10390 = MANIFOLD_SOLID_BREP('',#10391);
#10391 = CLOSED_SHELL('',(#10392,#10432,#10472,#10494,#10516,#10528));
#10392 = ADVANCED_FACE('',(#10393),#10427,.F.);
#10393 = FACE_BOUND('',#10394,.F.);
#10394 = EDGE_LOOP('',(#10395,#10405,#10413,#10421));
#10395 = ORIENTED_EDGE('',*,*,#10396,.F.);
#10396 = EDGE_CURVE('',#10397,#10399,#10401,.T.);
#10397 = VERTEX_POINT('',#10398);
#10398 = CARTESIAN_POINT('',(9.9395,15.544,4.16));
#10399 = VERTEX_POINT('',#10400);
#10400 = CARTESIAN_POINT('',(9.9395,15.544,4.2));
#10401 = LINE('',#10402,#10403);
#10402 = CARTESIAN_POINT('',(9.9395,15.544,4.16));
#10403 = VECTOR('',#10404,1.);
#10404 = DIRECTION('',(0.,0.,1.));
#10405 = ORIENTED_EDGE('',*,*,#10406,.T.);
#10406 = EDGE_CURVE('',#10397,#10407,#10409,.T.);
#10407 = VERTEX_POINT('',#10408);
#10408 = CARTESIAN_POINT('',(9.9395,15.724,4.16));
#10409 = LINE('',#10410,#10411);
#10410 = CARTESIAN_POINT('',(9.9395,15.544,4.16));
#10411 = VECTOR('',#10412,1.);
#10412 = DIRECTION('',(0.,1.,0.));
#10413 = ORIENTED_EDGE('',*,*,#10414,.T.);
#10414 = EDGE_CURVE('',#10407,#10415,#10417,.T.);
#10415 = VERTEX_POINT('',#10416);
#10416 = CARTESIAN_POINT('',(9.9395,15.724,4.2));
#10417 = LINE('',#10418,#10419);
#10418 = CARTESIAN_POINT('',(9.9395,15.724,4.16));
#10419 = VECTOR('',#10420,1.);
#10420 = DIRECTION('',(0.,0.,1.));
#10421 = ORIENTED_EDGE('',*,*,#10422,.F.);
#10422 = EDGE_CURVE('',#10399,#10415,#10423,.T.);
#10423 = LINE('',#10424,#10425);
#10424 = CARTESIAN_POINT('',(9.9395,15.544,4.2));
#10425 = VECTOR('',#10426,1.);
#10426 = DIRECTION('',(0.,1.,0.));
#10427 = PLANE('',#10428);
#10428 = AXIS2_PLACEMENT_3D('',#10429,#10430,#10431);
#10429 = CARTESIAN_POINT('',(9.9395,15.544,4.16));
#10430 = DIRECTION('',(1.,0.,0.));
#10431 = DIRECTION('',(0.,0.,1.));
#10432 = ADVANCED_FACE('',(#10433),#10467,.T.);
#10433 = FACE_BOUND('',#10434,.T.);
#10434 = EDGE_LOOP('',(#10435,#10445,#10453,#10461));
#10435 = ORIENTED_EDGE('',*,*,#10436,.F.);
#10436 = EDGE_CURVE('',#10437,#10439,#10441,.T.);
#10437 = VERTEX_POINT('',#10438);
#10438 = CARTESIAN_POINT('',(10.6395,15.544,4.16));
#10439 = VERTEX_POINT('',#10440);
#10440 = CARTESIAN_POINT('',(10.6395,15.544,4.2));
#10441 = LINE('',#10442,#10443);
#10442 = CARTESIAN_POINT('',(10.6395,15.544,4.16));
#10443 = VECTOR('',#10444,1.);
#10444 = DIRECTION('',(0.,0.,1.));
#10445 = ORIENTED_EDGE('',*,*,#10446,.T.);
#10446 = EDGE_CURVE('',#10437,#10447,#10449,.T.);
#10447 = VERTEX_POINT('',#10448);
#10448 = CARTESIAN_POINT('',(10.6395,15.724,4.16));
#10449 = LINE('',#10450,#10451);
#10450 = CARTESIAN_POINT('',(10.6395,15.544,4.16));
#10451 = VECTOR('',#10452,1.);
#10452 = DIRECTION('',(0.,1.,0.));
#10453 = ORIENTED_EDGE('',*,*,#10454,.T.);
#10454 = EDGE_CURVE('',#10447,#10455,#10457,.T.);
#10455 = VERTEX_POINT('',#10456);
#10456 = CARTESIAN_POINT('',(10.6395,15.724,4.2));
#10457 = LINE('',#10458,#10459);
#10458 = CARTESIAN_POINT('',(10.6395,15.724,4.16));
#10459 = VECTOR('',#10460,1.);
#10460 = DIRECTION('',(0.,0.,1.));
#10461 = ORIENTED_EDGE('',*,*,#10462,.F.);
#10462 = EDGE_CURVE('',#10439,#10455,#10463,.T.);
#10463 = LINE('',#10464,#10465);
#10464 = CARTESIAN_POINT('',(10.6395,15.544,4.2));
#10465 = VECTOR('',#10466,1.);
#10466 = DIRECTION('',(0.,1.,0.));
#10467 = PLANE('',#10468);
#10468 = AXIS2_PLACEMENT_3D('',#10469,#10470,#10471);
#10469 = CARTESIAN_POINT('',(10.6395,15.544,4.16));
#10470 = DIRECTION('',(1.,0.,0.));
#10471 = DIRECTION('',(0.,0.,1.));
#10472 = ADVANCED_FACE('',(#10473),#10489,.F.);
#10473 = FACE_BOUND('',#10474,.F.);
#10474 = EDGE_LOOP('',(#10475,#10481,#10482,#10488));
#10475 = ORIENTED_EDGE('',*,*,#10476,.F.);
#10476 = EDGE_CURVE('',#10397,#10437,#10477,.T.);
#10477 = LINE('',#10478,#10479);
#10478 = CARTESIAN_POINT('',(9.9395,15.544,4.16));
#10479 = VECTOR('',#10480,1.);
#10480 = DIRECTION('',(1.,0.,0.));
#10481 = ORIENTED_EDGE('',*,*,#10396,.T.);
#10482 = ORIENTED_EDGE('',*,*,#10483,.T.);
#10483 = EDGE_CURVE('',#10399,#10439,#10484,.T.);
#10484 = LINE('',#10485,#10486);
#10485 = CARTESIAN_POINT('',(9.9395,15.544,4.2));
#10486 = VECTOR('',#10487,1.);
#10487 = DIRECTION('',(1.,0.,0.));
#10488 = ORIENTED_EDGE('',*,*,#10436,.F.);
#10489 = PLANE('',#10490);
#10490 = AXIS2_PLACEMENT_3D('',#10491,#10492,#10493);
#10491 = CARTESIAN_POINT('',(9.9395,15.544,4.16));
#10492 = DIRECTION('',(0.,1.,0.));
#10493 = DIRECTION('',(0.,0.,1.));
#10494 = ADVANCED_FACE('',(#10495),#10511,.T.);
#10495 = FACE_BOUND('',#10496,.T.);
#10496 = EDGE_LOOP('',(#10497,#10503,#10504,#10510));
#10497 = ORIENTED_EDGE('',*,*,#10498,.F.);
#10498 = EDGE_CURVE('',#10407,#10447,#10499,.T.);
#10499 = LINE('',#10500,#10501);
#10500 = CARTESIAN_POINT('',(9.9395,15.724,4.16));
#10501 = VECTOR('',#10502,1.);
#10502 = DIRECTION('',(1.,0.,0.));
#10503 = ORIENTED_EDGE('',*,*,#10414,.T.);
#10504 = ORIENTED_EDGE('',*,*,#10505,.T.);
#10505 = EDGE_CURVE('',#10415,#10455,#10506,.T.);
#10506 = LINE('',#10507,#10508);
#10507 = CARTESIAN_POINT('',(9.9395,15.724,4.2));
#10508 = VECTOR('',#10509,1.);
#10509 = DIRECTION('',(1.,0.,0.));
#10510 = ORIENTED_EDGE('',*,*,#10454,.F.);
#10511 = PLANE('',#10512);
#10512 = AXIS2_PLACEMENT_3D('',#10513,#10514,#10515);
#10513 = CARTESIAN_POINT('',(9.9395,15.724,4.16));
#10514 = DIRECTION('',(0.,1.,0.));
#10515 = DIRECTION('',(0.,0.,1.));
#10516 = ADVANCED_FACE('',(#10517),#10523,.F.);
#10517 = FACE_BOUND('',#10518,.F.);
#10518 = EDGE_LOOP('',(#10519,#10520,#10521,#10522));
#10519 = ORIENTED_EDGE('',*,*,#10406,.F.);
#10520 = ORIENTED_EDGE('',*,*,#10476,.T.);
#10521 = ORIENTED_EDGE('',*,*,#10446,.T.);
#10522 = ORIENTED_EDGE('',*,*,#10498,.F.);
#10523 = PLANE('',#10524);
#10524 = AXIS2_PLACEMENT_3D('',#10525,#10526,#10527);
#10525 = CARTESIAN_POINT('',(9.9395,15.544,4.16));
#10526 = DIRECTION('',(0.,0.,1.));
#10527 = DIRECTION('',(1.,0.,0.));
#10528 = ADVANCED_FACE('',(#10529),#10535,.T.);
#10529 = FACE_BOUND('',#10530,.T.);
#10530 = EDGE_LOOP('',(#10531,#10532,#10533,#10534));
#10531 = ORIENTED_EDGE('',*,*,#10422,.F.);
#10532 = ORIENTED_EDGE('',*,*,#10483,.T.);
#10533 = ORIENTED_EDGE('',*,*,#10462,.T.);
#10534 = ORIENTED_EDGE('',*,*,#10505,.F.);
#10535 = PLANE('',#10536);
#10536 = AXIS2_PLACEMENT_3D('',#10537,#10538,#10539);
#10537 = CARTESIAN_POINT('',(9.9395,15.544,4.2));
#10538 = DIRECTION('',(0.,0.,1.));
#10539 = DIRECTION('',(1.,0.,0.));
#10540 = MANIFOLD_SOLID_BREP('',#10541);
#10541 = CLOSED_SHELL('',(#10542,#10582,#10622,#10644,#10666,#10678));
#10542 = ADVANCED_FACE('',(#10543),#10577,.F.);
#10543 = FACE_BOUND('',#10544,.F.);
#10544 = EDGE_LOOP('',(#10545,#10555,#10563,#10571));
#10545 = ORIENTED_EDGE('',*,*,#10546,.F.);
#10546 = EDGE_CURVE('',#10547,#10549,#10551,.T.);
#10547 = VERTEX_POINT('',#10548);
#10548 = CARTESIAN_POINT('',(7.0645,15.244,4.16));
#10549 = VERTEX_POINT('',#10550);
#10550 = CARTESIAN_POINT('',(7.0645,15.244,4.2));
#10551 = LINE('',#10552,#10553);
#10552 = CARTESIAN_POINT('',(7.0645,15.244,4.16));
#10553 = VECTOR('',#10554,1.);
#10554 = DIRECTION('',(0.,0.,1.));
#10555 = ORIENTED_EDGE('',*,*,#10556,.T.);
#10556 = EDGE_CURVE('',#10547,#10557,#10559,.T.);
#10557 = VERTEX_POINT('',#10558);
#10558 = CARTESIAN_POINT('',(7.0645,15.424,4.16));
#10559 = LINE('',#10560,#10561);
#10560 = CARTESIAN_POINT('',(7.0645,15.244,4.16));
#10561 = VECTOR('',#10562,1.);
#10562 = DIRECTION('',(0.,1.,0.));
#10563 = ORIENTED_EDGE('',*,*,#10564,.T.);
#10564 = EDGE_CURVE('',#10557,#10565,#10567,.T.);
#10565 = VERTEX_POINT('',#10566);
#10566 = CARTESIAN_POINT('',(7.0645,15.424,4.2));
#10567 = LINE('',#10568,#10569);
#10568 = CARTESIAN_POINT('',(7.0645,15.424,4.16));
#10569 = VECTOR('',#10570,1.);
#10570 = DIRECTION('',(0.,0.,1.));
#10571 = ORIENTED_EDGE('',*,*,#10572,.F.);
#10572 = EDGE_CURVE('',#10549,#10565,#10573,.T.);
#10573 = LINE('',#10574,#10575);
#10574 = CARTESIAN_POINT('',(7.0645,15.244,4.2));
#10575 = VECTOR('',#10576,1.);
#10576 = DIRECTION('',(0.,1.,0.));
#10577 = PLANE('',#10578);
#10578 = AXIS2_PLACEMENT_3D('',#10579,#10580,#10581);
#10579 = CARTESIAN_POINT('',(7.0645,15.244,4.16));
#10580 = DIRECTION('',(1.,0.,0.));
#10581 = DIRECTION('',(0.,0.,1.));
#10582 = ADVANCED_FACE('',(#10583),#10617,.T.);
#10583 = FACE_BOUND('',#10584,.T.);
#10584 = EDGE_LOOP('',(#10585,#10595,#10603,#10611));
#10585 = ORIENTED_EDGE('',*,*,#10586,.F.);
#10586 = EDGE_CURVE('',#10587,#10589,#10591,.T.);
#10587 = VERTEX_POINT('',#10588);
#10588 = CARTESIAN_POINT('',(7.7645,15.244,4.16));
#10589 = VERTEX_POINT('',#10590);
#10590 = CARTESIAN_POINT('',(7.7645,15.244,4.2));
#10591 = LINE('',#10592,#10593);
#10592 = CARTESIAN_POINT('',(7.7645,15.244,4.16));
#10593 = VECTOR('',#10594,1.);
#10594 = DIRECTION('',(0.,0.,1.));
#10595 = ORIENTED_EDGE('',*,*,#10596,.T.);
#10596 = EDGE_CURVE('',#10587,#10597,#10599,.T.);
#10597 = VERTEX_POINT('',#10598);
#10598 = CARTESIAN_POINT('',(7.7645,15.424,4.16));
#10599 = LINE('',#10600,#10601);
#10600 = CARTESIAN_POINT('',(7.7645,15.244,4.16));
#10601 = VECTOR('',#10602,1.);
#10602 = DIRECTION('',(0.,1.,0.));
#10603 = ORIENTED_EDGE('',*,*,#10604,.T.);
#10604 = EDGE_CURVE('',#10597,#10605,#10607,.T.);
#10605 = VERTEX_POINT('',#10606);
#10606 = CARTESIAN_POINT('',(7.7645,15.424,4.2));
#10607 = LINE('',#10608,#10609);
#10608 = CARTESIAN_POINT('',(7.7645,15.424,4.16));
#10609 = VECTOR('',#10610,1.);
#10610 = DIRECTION('',(0.,0.,1.));
#10611 = ORIENTED_EDGE('',*,*,#10612,.F.);
#10612 = EDGE_CURVE('',#10589,#10605,#10613,.T.);
#10613 = LINE('',#10614,#10615);
#10614 = CARTESIAN_POINT('',(7.7645,15.244,4.2));
#10615 = VECTOR('',#10616,1.);
#10616 = DIRECTION('',(0.,1.,0.));
#10617 = PLANE('',#10618);
#10618 = AXIS2_PLACEMENT_3D('',#10619,#10620,#10621);
#10619 = CARTESIAN_POINT('',(7.7645,15.244,4.16));
#10620 = DIRECTION('',(1.,0.,0.));
#10621 = DIRECTION('',(0.,0.,1.));
#10622 = ADVANCED_FACE('',(#10623),#10639,.F.);
#10623 = FACE_BOUND('',#10624,.F.);
#10624 = EDGE_LOOP('',(#10625,#10631,#10632,#10638));
#10625 = ORIENTED_EDGE('',*,*,#10626,.F.);
#10626 = EDGE_CURVE('',#10547,#10587,#10627,.T.);
#10627 = LINE('',#10628,#10629);
#10628 = CARTESIAN_POINT('',(7.0645,15.244,4.16));
#10629 = VECTOR('',#10630,1.);
#10630 = DIRECTION('',(1.,0.,0.));
#10631 = ORIENTED_EDGE('',*,*,#10546,.T.);
#10632 = ORIENTED_EDGE('',*,*,#10633,.T.);
#10633 = EDGE_CURVE('',#10549,#10589,#10634,.T.);
#10634 = LINE('',#10635,#10636);
#10635 = CARTESIAN_POINT('',(7.0645,15.244,4.2));
#10636 = VECTOR('',#10637,1.);
#10637 = DIRECTION('',(1.,0.,0.));
#10638 = ORIENTED_EDGE('',*,*,#10586,.F.);
#10639 = PLANE('',#10640);
#10640 = AXIS2_PLACEMENT_3D('',#10641,#10642,#10643);
#10641 = CARTESIAN_POINT('',(7.0645,15.244,4.16));
#10642 = DIRECTION('',(0.,1.,0.));
#10643 = DIRECTION('',(0.,0.,1.));
#10644 = ADVANCED_FACE('',(#10645),#10661,.T.);
#10645 = FACE_BOUND('',#10646,.T.);
#10646 = EDGE_LOOP('',(#10647,#10653,#10654,#10660));
#10647 = ORIENTED_EDGE('',*,*,#10648,.F.);
#10648 = EDGE_CURVE('',#10557,#10597,#10649,.T.);
#10649 = LINE('',#10650,#10651);
#10650 = CARTESIAN_POINT('',(7.0645,15.424,4.16));
#10651 = VECTOR('',#10652,1.);
#10652 = DIRECTION('',(1.,0.,0.));
#10653 = ORIENTED_EDGE('',*,*,#10564,.T.);
#10654 = ORIENTED_EDGE('',*,*,#10655,.T.);
#10655 = EDGE_CURVE('',#10565,#10605,#10656,.T.);
#10656 = LINE('',#10657,#10658);
#10657 = CARTESIAN_POINT('',(7.0645,15.424,4.2));
#10658 = VECTOR('',#10659,1.);
#10659 = DIRECTION('',(1.,0.,0.));
#10660 = ORIENTED_EDGE('',*,*,#10604,.F.);
#10661 = PLANE('',#10662);
#10662 = AXIS2_PLACEMENT_3D('',#10663,#10664,#10665);
#10663 = CARTESIAN_POINT('',(7.0645,15.424,4.16));
#10664 = DIRECTION('',(0.,1.,0.));
#10665 = DIRECTION('',(0.,0.,1.));
#10666 = ADVANCED_FACE('',(#10667),#10673,.F.);
#10667 = FACE_BOUND('',#10668,.F.);
#10668 = EDGE_LOOP('',(#10669,#10670,#10671,#10672));
#10669 = ORIENTED_EDGE('',*,*,#10556,.F.);
#10670 = ORIENTED_EDGE('',*,*,#10626,.T.);
#10671 = ORIENTED_EDGE('',*,*,#10596,.T.);
#10672 = ORIENTED_EDGE('',*,*,#10648,.F.);
#10673 = PLANE('',#10674);
#10674 = AXIS2_PLACEMENT_3D('',#10675,#10676,#10677);
#10675 = CARTESIAN_POINT('',(7.0645,15.244,4.16));
#10676 = DIRECTION('',(0.,0.,1.));
#10677 = DIRECTION('',(1.,0.,0.));
#10678 = ADVANCED_FACE('',(#10679),#10685,.T.);
#10679 = FACE_BOUND('',#10680,.T.);
#10680 = EDGE_LOOP('',(#10681,#10682,#10683,#10684));
#10681 = ORIENTED_EDGE('',*,*,#10572,.F.);
#10682 = ORIENTED_EDGE('',*,*,#10633,.T.);
#10683 = ORIENTED_EDGE('',*,*,#10612,.T.);
#10684 = ORIENTED_EDGE('',*,*,#10655,.F.);
#10685 = PLANE('',#10686);
#10686 = AXIS2_PLACEMENT_3D('',#10687,#10688,#10689);
#10687 = CARTESIAN_POINT('',(7.0645,15.244,4.2));
#10688 = DIRECTION('',(0.,0.,1.));
#10689 = DIRECTION('',(1.,0.,0.));
#10690 = MANIFOLD_SOLID_BREP('',#10691);
#10691 = CLOSED_SHELL('',(#10692,#10732,#10772,#10794,#10816,#10828));
#10692 = ADVANCED_FACE('',(#10693),#10727,.F.);
#10693 = FACE_BOUND('',#10694,.F.);
#10694 = EDGE_LOOP('',(#10695,#10705,#10713,#10721));
#10695 = ORIENTED_EDGE('',*,*,#10696,.F.);
#10696 = EDGE_CURVE('',#10697,#10699,#10701,.T.);
#10697 = VERTEX_POINT('',#10698);
#10698 = CARTESIAN_POINT('',(9.9395,14.944,4.16));
#10699 = VERTEX_POINT('',#10700);
#10700 = CARTESIAN_POINT('',(9.9395,14.944,4.2));
#10701 = LINE('',#10702,#10703);
#10702 = CARTESIAN_POINT('',(9.9395,14.944,4.16));
#10703 = VECTOR('',#10704,1.);
#10704 = DIRECTION('',(0.,0.,1.));
#10705 = ORIENTED_EDGE('',*,*,#10706,.T.);
#10706 = EDGE_CURVE('',#10697,#10707,#10709,.T.);
#10707 = VERTEX_POINT('',#10708);
#10708 = CARTESIAN_POINT('',(9.9395,15.124,4.16));
#10709 = LINE('',#10710,#10711);
#10710 = CARTESIAN_POINT('',(9.9395,14.944,4.16));
#10711 = VECTOR('',#10712,1.);
#10712 = DIRECTION('',(0.,1.,0.));
#10713 = ORIENTED_EDGE('',*,*,#10714,.T.);
#10714 = EDGE_CURVE('',#10707,#10715,#10717,.T.);
#10715 = VERTEX_POINT('',#10716);
#10716 = CARTESIAN_POINT('',(9.9395,15.124,4.2));
#10717 = LINE('',#10718,#10719);
#10718 = CARTESIAN_POINT('',(9.9395,15.124,4.16));
#10719 = VECTOR('',#10720,1.);
#10720 = DIRECTION('',(0.,0.,1.));
#10721 = ORIENTED_EDGE('',*,*,#10722,.F.);
#10722 = EDGE_CURVE('',#10699,#10715,#10723,.T.);
#10723 = LINE('',#10724,#10725);
#10724 = CARTESIAN_POINT('',(9.9395,14.944,4.2));
#10725 = VECTOR('',#10726,1.);
#10726 = DIRECTION('',(0.,1.,0.));
#10727 = PLANE('',#10728);
#10728 = AXIS2_PLACEMENT_3D('',#10729,#10730,#10731);
#10729 = CARTESIAN_POINT('',(9.9395,14.944,4.16));
#10730 = DIRECTION('',(1.,0.,0.));
#10731 = DIRECTION('',(0.,0.,1.));
#10732 = ADVANCED_FACE('',(#10733),#10767,.T.);
#10733 = FACE_BOUND('',#10734,.T.);
#10734 = EDGE_LOOP('',(#10735,#10745,#10753,#10761));
#10735 = ORIENTED_EDGE('',*,*,#10736,.F.);
#10736 = EDGE_CURVE('',#10737,#10739,#10741,.T.);
#10737 = VERTEX_POINT('',#10738);
#10738 = CARTESIAN_POINT('',(10.6395,14.944,4.16));
#10739 = VERTEX_POINT('',#10740);
#10740 = CARTESIAN_POINT('',(10.6395,14.944,4.2));
#10741 = LINE('',#10742,#10743);
#10742 = CARTESIAN_POINT('',(10.6395,14.944,4.16));
#10743 = VECTOR('',#10744,1.);
#10744 = DIRECTION('',(0.,0.,1.));
#10745 = ORIENTED_EDGE('',*,*,#10746,.T.);
#10746 = EDGE_CURVE('',#10737,#10747,#10749,.T.);
#10747 = VERTEX_POINT('',#10748);
#10748 = CARTESIAN_POINT('',(10.6395,15.124,4.16));
#10749 = LINE('',#10750,#10751);
#10750 = CARTESIAN_POINT('',(10.6395,14.944,4.16));
#10751 = VECTOR('',#10752,1.);
#10752 = DIRECTION('',(0.,1.,0.));
#10753 = ORIENTED_EDGE('',*,*,#10754,.T.);
#10754 = EDGE_CURVE('',#10747,#10755,#10757,.T.);
#10755 = VERTEX_POINT('',#10756);
#10756 = CARTESIAN_POINT('',(10.6395,15.124,4.2));
#10757 = LINE('',#10758,#10759);
#10758 = CARTESIAN_POINT('',(10.6395,15.124,4.16));
#10759 = VECTOR('',#10760,1.);
#10760 = DIRECTION('',(0.,0.,1.));
#10761 = ORIENTED_EDGE('',*,*,#10762,.F.);
#10762 = EDGE_CURVE('',#10739,#10755,#10763,.T.);
#10763 = LINE('',#10764,#10765);
#10764 = CARTESIAN_POINT('',(10.6395,14.944,4.2));
#10765 = VECTOR('',#10766,1.);
#10766 = DIRECTION('',(0.,1.,0.));
#10767 = PLANE('',#10768);
#10768 = AXIS2_PLACEMENT_3D('',#10769,#10770,#10771);
#10769 = CARTESIAN_POINT('',(10.6395,14.944,4.16));
#10770 = DIRECTION('',(1.,0.,0.));
#10771 = DIRECTION('',(0.,0.,1.));
#10772 = ADVANCED_FACE('',(#10773),#10789,.F.);
#10773 = FACE_BOUND('',#10774,.F.);
#10774 = EDGE_LOOP('',(#10775,#10781,#10782,#10788));
#10775 = ORIENTED_EDGE('',*,*,#10776,.F.);
#10776 = EDGE_CURVE('',#10697,#10737,#10777,.T.);
#10777 = LINE('',#10778,#10779);
#10778 = CARTESIAN_POINT('',(9.9395,14.944,4.16));
#10779 = VECTOR('',#10780,1.);
#10780 = DIRECTION('',(1.,0.,0.));
#10781 = ORIENTED_EDGE('',*,*,#10696,.T.);
#10782 = ORIENTED_EDGE('',*,*,#10783,.T.);
#10783 = EDGE_CURVE('',#10699,#10739,#10784,.T.);
#10784 = LINE('',#10785,#10786);
#10785 = CARTESIAN_POINT('',(9.9395,14.944,4.2));
#10786 = VECTOR('',#10787,1.);
#10787 = DIRECTION('',(1.,0.,0.));
#10788 = ORIENTED_EDGE('',*,*,#10736,.F.);
#10789 = PLANE('',#10790);
#10790 = AXIS2_PLACEMENT_3D('',#10791,#10792,#10793);
#10791 = CARTESIAN_POINT('',(9.9395,14.944,4.16));
#10792 = DIRECTION('',(0.,1.,0.));
#10793 = DIRECTION('',(0.,0.,1.));
#10794 = ADVANCED_FACE('',(#10795),#10811,.T.);
#10795 = FACE_BOUND('',#10796,.T.);
#10796 = EDGE_LOOP('',(#10797,#10803,#10804,#10810));
#10797 = ORIENTED_EDGE('',*,*,#10798,.F.);
#10798 = EDGE_CURVE('',#10707,#10747,#10799,.T.);
#10799 = LINE('',#10800,#10801);
#10800 = CARTESIAN_POINT('',(9.9395,15.124,4.16));
#10801 = VECTOR('',#10802,1.);
#10802 = DIRECTION('',(1.,0.,0.));
#10803 = ORIENTED_EDGE('',*,*,#10714,.T.);
#10804 = ORIENTED_EDGE('',*,*,#10805,.T.);
#10805 = EDGE_CURVE('',#10715,#10755,#10806,.T.);
#10806 = LINE('',#10807,#10808);
#10807 = CARTESIAN_POINT('',(9.9395,15.124,4.2));
#10808 = VECTOR('',#10809,1.);
#10809 = DIRECTION('',(1.,0.,0.));
#10810 = ORIENTED_EDGE('',*,*,#10754,.F.);
#10811 = PLANE('',#10812);
#10812 = AXIS2_PLACEMENT_3D('',#10813,#10814,#10815);
#10813 = CARTESIAN_POINT('',(9.9395,15.124,4.16));
#10814 = DIRECTION('',(0.,1.,0.));
#10815 = DIRECTION('',(0.,0.,1.));
#10816 = ADVANCED_FACE('',(#10817),#10823,.F.);
#10817 = FACE_BOUND('',#10818,.F.);
#10818 = EDGE_LOOP('',(#10819,#10820,#10821,#10822));
#10819 = ORIENTED_EDGE('',*,*,#10706,.F.);
#10820 = ORIENTED_EDGE('',*,*,#10776,.T.);
#10821 = ORIENTED_EDGE('',*,*,#10746,.T.);
#10822 = ORIENTED_EDGE('',*,*,#10798,.F.);
#10823 = PLANE('',#10824);
#10824 = AXIS2_PLACEMENT_3D('',#10825,#10826,#10827);
#10825 = CARTESIAN_POINT('',(9.9395,14.944,4.16));
#10826 = DIRECTION('',(0.,0.,1.));
#10827 = DIRECTION('',(1.,0.,0.));
#10828 = ADVANCED_FACE('',(#10829),#10835,.T.);
#10829 = FACE_BOUND('',#10830,.T.);
#10830 = EDGE_LOOP('',(#10831,#10832,#10833,#10834));
#10831 = ORIENTED_EDGE('',*,*,#10722,.F.);
#10832 = ORIENTED_EDGE('',*,*,#10783,.T.);
#10833 = ORIENTED_EDGE('',*,*,#10762,.T.);
#10834 = ORIENTED_EDGE('',*,*,#10805,.F.);
#10835 = PLANE('',#10836);
#10836 = AXIS2_PLACEMENT_3D('',#10837,#10838,#10839);
#10837 = CARTESIAN_POINT('',(9.9395,14.944,4.2));
#10838 = DIRECTION('',(0.,0.,1.));
#10839 = DIRECTION('',(1.,0.,0.));
#10840 = MANIFOLD_SOLID_BREP('',#10841);
#10841 = CLOSED_SHELL('',(#10842,#10882,#10922,#10944,#10966,#10978));
#10842 = ADVANCED_FACE('',(#10843),#10877,.F.);
#10843 = FACE_BOUND('',#10844,.F.);
#10844 = EDGE_LOOP('',(#10845,#10855,#10863,#10871));
#10845 = ORIENTED_EDGE('',*,*,#10846,.F.);
#10846 = EDGE_CURVE('',#10847,#10849,#10851,.T.);
#10847 = VERTEX_POINT('',#10848);
#10848 = CARTESIAN_POINT('',(2.05,12.9,12.03));
#10849 = VERTEX_POINT('',#10850);
#10850 = CARTESIAN_POINT('',(2.05,12.9,12.15));
#10851 = LINE('',#10852,#10853);
#10852 = CARTESIAN_POINT('',(2.05,12.9,12.03));
#10853 = VECTOR('',#10854,1.);
#10854 = DIRECTION('',(0.,0.,1.));
#10855 = ORIENTED_EDGE('',*,*,#10856,.T.);
#10856 = EDGE_CURVE('',#10847,#10857,#10859,.T.);
#10857 = VERTEX_POINT('',#10858);
#10858 = CARTESIAN_POINT('',(2.05,30.9,12.03));
#10859 = LINE('',#10860,#10861);
#10860 = CARTESIAN_POINT('',(2.05,12.9,12.03));
#10861 = VECTOR('',#10862,1.);
#10862 = DIRECTION('',(0.,1.,0.));
#10863 = ORIENTED_EDGE('',*,*,#10864,.T.);
#10864 = EDGE_CURVE('',#10857,#10865,#10867,.T.);
#10865 = VERTEX_POINT('',#10866);
#10866 = CARTESIAN_POINT('',(2.05,30.9,12.15));
#10867 = LINE('',#10868,#10869);
#10868 = CARTESIAN_POINT('',(2.05,30.9,12.03));
#10869 = VECTOR('',#10870,1.);
#10870 = DIRECTION('',(0.,0.,1.));
#10871 = ORIENTED_EDGE('',*,*,#10872,.F.);
#10872 = EDGE_CURVE('',#10849,#10865,#10873,.T.);
#10873 = LINE('',#10874,#10875);
#10874 = CARTESIAN_POINT('',(2.05,12.9,12.15));
#10875 = VECTOR('',#10876,1.);
#10876 = DIRECTION('',(0.,1.,0.));
#10877 = PLANE('',#10878);
#10878 = AXIS2_PLACEMENT_3D('',#10879,#10880,#10881);
#10879 = CARTESIAN_POINT('',(2.05,12.9,12.03));
#10880 = DIRECTION('',(1.,0.,0.));
#10881 = DIRECTION('',(0.,0.,1.));
#10882 = ADVANCED_FACE('',(#10883),#10917,.T.);
#10883 = FACE_BOUND('',#10884,.T.);
#10884 = EDGE_LOOP('',(#10885,#10895,#10903,#10911));
#10885 = ORIENTED_EDGE('',*,*,#10886,.F.);
#10886 = EDGE_CURVE('',#10887,#10889,#10891,.T.);
#10887 = VERTEX_POINT('',#10888);
#10888 = CARTESIAN_POINT('',(3.275,12.9,12.03));
#10889 = VERTEX_POINT('',#10890);
#10890 = CARTESIAN_POINT('',(3.275,12.9,12.15));
#10891 = LINE('',#10892,#10893);
#10892 = CARTESIAN_POINT('',(3.275,12.9,12.03));
#10893 = VECTOR('',#10894,1.);
#10894 = DIRECTION('',(0.,0.,1.));
#10895 = ORIENTED_EDGE('',*,*,#10896,.T.);
#10896 = EDGE_CURVE('',#10887,#10897,#10899,.T.);
#10897 = VERTEX_POINT('',#10898);
#10898 = CARTESIAN_POINT('',(3.275,30.9,12.03));
#10899 = LINE('',#10900,#10901);
#10900 = CARTESIAN_POINT('',(3.275,12.9,12.03));
#10901 = VECTOR('',#10902,1.);
#10902 = DIRECTION('',(0.,1.,0.));
#10903 = ORIENTED_EDGE('',*,*,#10904,.T.);
#10904 = EDGE_CURVE('',#10897,#10905,#10907,.T.);
#10905 = VERTEX_POINT('',#10906);
#10906 = CARTESIAN_POINT('',(3.275,30.9,12.15));
#10907 = LINE('',#10908,#10909);
#10908 = CARTESIAN_POINT('',(3.275,30.9,12.03));
#10909 = VECTOR('',#10910,1.);
#10910 = DIRECTION('',(0.,0.,1.));
#10911 = ORIENTED_EDGE('',*,*,#10912,.F.);
#10912 = EDGE_CURVE('',#10889,#10905,#10913,.T.);
#10913 = LINE('',#10914,#10915);
#10914 = CARTESIAN_POINT('',(3.275,12.9,12.15));
#10915 = VECTOR('',#10916,1.);
#10916 = DIRECTION('',(0.,1.,0.));
#10917 = PLANE('',#10918);
#10918 = AXIS2_PLACEMENT_3D('',#10919,#10920,#10921);
#10919 = CARTESIAN_POINT('',(3.275,12.9,12.03));
#10920 = DIRECTION('',(1.,0.,0.));
#10921 = DIRECTION('',(0.,0.,1.));
#10922 = ADVANCED_FACE('',(#10923),#10939,.F.);
#10923 = FACE_BOUND('',#10924,.F.);
#10924 = EDGE_LOOP('',(#10925,#10931,#10932,#10938));
#10925 = ORIENTED_EDGE('',*,*,#10926,.F.);
#10926 = EDGE_CURVE('',#10847,#10887,#10927,.T.);
#10927 = LINE('',#10928,#10929);
#10928 = CARTESIAN_POINT('',(2.05,12.9,12.03));
#10929 = VECTOR('',#10930,1.);
#10930 = DIRECTION('',(1.,0.,0.));
#10931 = ORIENTED_EDGE('',*,*,#10846,.T.);
#10932 = ORIENTED_EDGE('',*,*,#10933,.T.);
#10933 = EDGE_CURVE('',#10849,#10889,#10934,.T.);
#10934 = LINE('',#10935,#10936);
#10935 = CARTESIAN_POINT('',(2.05,12.9,12.15));
#10936 = VECTOR('',#10937,1.);
#10937 = DIRECTION('',(1.,0.,0.));
#10938 = ORIENTED_EDGE('',*,*,#10886,.F.);
#10939 = PLANE('',#10940);
#10940 = AXIS2_PLACEMENT_3D('',#10941,#10942,#10943);
#10941 = CARTESIAN_POINT('',(2.05,12.9,12.03));
#10942 = DIRECTION('',(0.,1.,0.));
#10943 = DIRECTION('',(0.,0.,1.));
#10944 = ADVANCED_FACE('',(#10945),#10961,.T.);
#10945 = FACE_BOUND('',#10946,.T.);
#10946 = EDGE_LOOP('',(#10947,#10953,#10954,#10960));
#10947 = ORIENTED_EDGE('',*,*,#10948,.F.);
#10948 = EDGE_CURVE('',#10857,#10897,#10949,.T.);
#10949 = LINE('',#10950,#10951);
#10950 = CARTESIAN_POINT('',(2.05,30.9,12.03));
#10951 = VECTOR('',#10952,1.);
#10952 = DIRECTION('',(1.,0.,0.));
#10953 = ORIENTED_EDGE('',*,*,#10864,.T.);
#10954 = ORIENTED_EDGE('',*,*,#10955,.T.);
#10955 = EDGE_CURVE('',#10865,#10905,#10956,.T.);
#10956 = LINE('',#10957,#10958);
#10957 = CARTESIAN_POINT('',(2.05,30.9,12.15));
#10958 = VECTOR('',#10959,1.);
#10959 = DIRECTION('',(1.,0.,0.));
#10960 = ORIENTED_EDGE('',*,*,#10904,.F.);
#10961 = PLANE('',#10962);
#10962 = AXIS2_PLACEMENT_3D('',#10963,#10964,#10965);
#10963 = CARTESIAN_POINT('',(2.05,30.9,12.03));
#10964 = DIRECTION('',(0.,1.,0.));
#10965 = DIRECTION('',(0.,0.,1.));
#10966 = ADVANCED_FACE('',(#10967),#10973,.F.);
#10967 = FACE_BOUND('',#10968,.F.);
#10968 = EDGE_LOOP('',(#10969,#10970,#10971,#10972));
#10969 = ORIENTED_EDGE('',*,*,#10856,.F.);
#10970 = ORIENTED_EDGE('',*,*,#10926,.T.);
#10971 = ORIENTED_EDGE('',*,*,#10896,.T.);
#10972 = ORIENTED_EDGE('',*,*,#10948,.F.);
#10973 = PLANE('',#10974);
#10974 = AXIS2_PLACEMENT_3D('',#10975,#10976,#10977);
#10975 = CARTESIAN_POINT('',(2.05,12.9,12.03));
#10976 = DIRECTION('',(0.,0.,1.));
#10977 = DIRECTION('',(1.,0.,0.));
#10978 = ADVANCED_FACE('',(#10979),#10985,.T.);
#10979 = FACE_BOUND('',#10980,.T.);
#10980 = EDGE_LOOP('',(#10981,#10982,#10983,#10984));
#10981 = ORIENTED_EDGE('',*,*,#10872,.F.);
#10982 = ORIENTED_EDGE('',*,*,#10933,.T.);
#10983 = ORIENTED_EDGE('',*,*,#10912,.T.);
#10984 = ORIENTED_EDGE('',*,*,#10955,.F.);
#10985 = PLANE('',#10986);
#10986 = AXIS2_PLACEMENT_3D('',#10987,#10988,#10989);
#10987 = CARTESIAN_POINT('',(2.05,12.9,12.15));
#10988 = DIRECTION('',(0.,0.,1.));
#10989 = DIRECTION('',(1.,0.,0.));
#10990 = MANIFOLD_SOLID_BREP('',#10991);
#10991 = CLOSED_SHELL('',(#10992,#11034,#11065,#11090,#11114,#11132));
#10992 = ADVANCED_FACE('',(#10993),#11029,.T.);
#10993 = FACE_BOUND('',#10994,.T.);
#10994 = EDGE_LOOP('',(#10995,#11005,#11014,#11022));
#10995 = ORIENTED_EDGE('',*,*,#10996,.T.);
#10996 = EDGE_CURVE('',#10997,#10999,#11001,.T.);
#10997 = VERTEX_POINT('',#10998);
#10998 = CARTESIAN_POINT('',(2.05,12.9,12.15));
#10999 = VERTEX_POINT('',#11000);
#11000 = CARTESIAN_POINT('',(2.05,30.9,12.15));
#11001 = LINE('',#11002,#11003);
#11002 = CARTESIAN_POINT('',(2.05,12.9,12.15));
#11003 = VECTOR('',#11004,1.);
#11004 = DIRECTION('',(0.,1.,0.));
#11005 = ORIENTED_EDGE('',*,*,#11006,.F.);
#11006 = EDGE_CURVE('',#11007,#10999,#11009,.T.);
#11007 = VERTEX_POINT('',#11008);
#11008 = CARTESIAN_POINT('',(1.34,30.9,11.44));
#11009 = CIRCLE('',#11010,0.71);
#11010 = AXIS2_PLACEMENT_3D('',#11011,#11012,#11013);
#11011 = CARTESIAN_POINT('',(2.05,30.9,11.44));
#11012 = DIRECTION('',(0.,1.,0.));
#11013 = DIRECTION('',(0.,0.,1.));
#11014 = ORIENTED_EDGE('',*,*,#11015,.F.);
#11015 = EDGE_CURVE('',#11016,#11007,#11018,.T.);
#11016 = VERTEX_POINT('',#11017);
#11017 = CARTESIAN_POINT('',(1.34,12.9,11.44));
#11018 = LINE('',#11019,#11020);
#11019 = CARTESIAN_POINT('',(1.34,12.9,11.44));
#11020 = VECTOR('',#11021,1.);
#11021 = DIRECTION('',(0.,1.,0.));
#11022 = ORIENTED_EDGE('',*,*,#11023,.T.);
#11023 = EDGE_CURVE('',#11016,#10997,#11024,.T.);
#11024 = CIRCLE('',#11025,0.71);
#11025 = AXIS2_PLACEMENT_3D('',#11026,#11027,#11028);
#11026 = CARTESIAN_POINT('',(2.05,12.9,11.44));
#11027 = DIRECTION('',(0.,1.,0.));
#11028 = DIRECTION('',(0.,0.,1.));
#11029 = CYLINDRICAL_SURFACE('',#11030,0.71);
#11030 = AXIS2_PLACEMENT_3D('',#11031,#11032,#11033);
#11031 = CARTESIAN_POINT('',(2.05,12.9,11.44));
#11032 = DIRECTION('',(0.,1.,0.));
#11033 = DIRECTION('',(0.,0.,1.));
#11034 = ADVANCED_FACE('',(#11035),#11060,.T.);
#11035 = FACE_BOUND('',#11036,.T.);
#11036 = EDGE_LOOP('',(#11037,#11038,#11046,#11054));
#11037 = ORIENTED_EDGE('',*,*,#10996,.F.);
#11038 = ORIENTED_EDGE('',*,*,#11039,.T.);
#11039 = EDGE_CURVE('',#10997,#11040,#11042,.T.);
#11040 = VERTEX_POINT('',#11041);
#11041 = CARTESIAN_POINT('',(2.05,12.9,12.03));
#11042 = LINE('',#11043,#11044);
#11043 = CARTESIAN_POINT('',(2.05,12.9,11.44));
#11044 = VECTOR('',#11045,1.);
#11045 = DIRECTION('',(0.,0.,-1.));
#11046 = ORIENTED_EDGE('',*,*,#11047,.T.);
#11047 = EDGE_CURVE('',#11040,#11048,#11050,.T.);
#11048 = VERTEX_POINT('',#11049);
#11049 = CARTESIAN_POINT('',(2.05,30.9,12.03));
#11050 = LINE('',#11051,#11052);
#11051 = CARTESIAN_POINT('',(2.05,11.9,12.03));
#11052 = VECTOR('',#11053,1.);
#11053 = DIRECTION('',(0.,1.,0.));
#11054 = ORIENTED_EDGE('',*,*,#11055,.F.);
#11055 = EDGE_CURVE('',#10999,#11048,#11056,.T.);
#11056 = LINE('',#11057,#11058);
#11057 = CARTESIAN_POINT('',(2.05,30.9,11.44));
#11058 = VECTOR('',#11059,1.);
#11059 = DIRECTION('',(0.,0.,-1.));
#11060 = PLANE('',#11061);
#11061 = AXIS2_PLACEMENT_3D('',#11062,#11063,#11064);
#11062 = CARTESIAN_POINT('',(2.05,11.9,11.44));
#11063 = DIRECTION('',(1.,0.,0.));
#11064 = DIRECTION('',(0.,0.,1.));
#11065 = ADVANCED_FACE('',(#11066),#11085,.F.);
#11066 = FACE_BOUND('',#11067,.F.);
#11067 = EDGE_LOOP('',(#11068,#11069,#11070,#11079));
#11068 = ORIENTED_EDGE('',*,*,#11023,.T.);
#11069 = ORIENTED_EDGE('',*,*,#11039,.T.);
#11070 = ORIENTED_EDGE('',*,*,#11071,.F.);
#11071 = EDGE_CURVE('',#11072,#11040,#11074,.T.);
#11072 = VERTEX_POINT('',#11073);
#11073 = CARTESIAN_POINT('',(1.46,12.9,11.44));
#11074 = CIRCLE('',#11075,0.59);
#11075 = AXIS2_PLACEMENT_3D('',#11076,#11077,#11078);
#11076 = CARTESIAN_POINT('',(2.05,12.9,11.44));
#11077 = DIRECTION('',(0.,1.,0.));
#11078 = DIRECTION('',(0.,0.,1.));
#11079 = ORIENTED_EDGE('',*,*,#11080,.F.);
#11080 = EDGE_CURVE('',#11016,#11072,#11081,.T.);
#11081 = LINE('',#11082,#11083);
#11082 = CARTESIAN_POINT('',(1.665,12.9,11.44));
#11083 = VECTOR('',#11084,1.);
#11084 = DIRECTION('',(1.,0.,0.));
#11085 = PLANE('',#11086);
#11086 = AXIS2_PLACEMENT_3D('',#11087,#11088,#11089);
#11087 = CARTESIAN_POINT('',(2.05,12.9,11.44));
#11088 = DIRECTION('',(0.,1.,0.));
#11089 = DIRECTION('',(0.,0.,1.));
#11090 = ADVANCED_FACE('',(#11091),#11109,.F.);
#11091 = FACE_BOUND('',#11092,.F.);
#11092 = EDGE_LOOP('',(#11093,#11094,#11095,#11103));
#11093 = ORIENTED_EDGE('',*,*,#11015,.F.);
#11094 = ORIENTED_EDGE('',*,*,#11080,.T.);
#11095 = ORIENTED_EDGE('',*,*,#11096,.T.);
#11096 = EDGE_CURVE('',#11072,#11097,#11099,.T.);
#11097 = VERTEX_POINT('',#11098);
#11098 = CARTESIAN_POINT('',(1.46,30.9,11.44));
#11099 = LINE('',#11100,#11101);
#11100 = CARTESIAN_POINT('',(1.46,11.9,11.44));
#11101 = VECTOR('',#11102,1.);
#11102 = DIRECTION('',(0.,1.,0.));
#11103 = ORIENTED_EDGE('',*,*,#11104,.F.);
#11104 = EDGE_CURVE('',#11007,#11097,#11105,.T.);
#11105 = LINE('',#11106,#11107);
#11106 = CARTESIAN_POINT('',(1.665,30.9,11.44));
#11107 = VECTOR('',#11108,1.);
#11108 = DIRECTION('',(1.,0.,0.));
#11109 = PLANE('',#11110);
#11110 = AXIS2_PLACEMENT_3D('',#11111,#11112,#11113);
#11111 = CARTESIAN_POINT('',(1.28,11.9,11.44));
#11112 = DIRECTION('',(0.,0.,1.));
#11113 = DIRECTION('',(1.,0.,0.));
#11114 = ADVANCED_FACE('',(#11115),#11127,.T.);
#11115 = FACE_BOUND('',#11116,.T.);
#11116 = EDGE_LOOP('',(#11117,#11118,#11119,#11126));
#11117 = ORIENTED_EDGE('',*,*,#11006,.T.);
#11118 = ORIENTED_EDGE('',*,*,#11055,.T.);
#11119 = ORIENTED_EDGE('',*,*,#11120,.F.);
#11120 = EDGE_CURVE('',#11097,#11048,#11121,.T.);
#11121 = CIRCLE('',#11122,0.59);
#11122 = AXIS2_PLACEMENT_3D('',#11123,#11124,#11125);
#11123 = CARTESIAN_POINT('',(2.05,30.9,11.44));
#11124 = DIRECTION('',(0.,1.,0.));
#11125 = DIRECTION('',(0.,0.,1.));
#11126 = ORIENTED_EDGE('',*,*,#11104,.F.);
#11127 = PLANE('',#11128);
#11128 = AXIS2_PLACEMENT_3D('',#11129,#11130,#11131);
#11129 = CARTESIAN_POINT('',(2.05,30.9,11.44));
#11130 = DIRECTION('',(0.,1.,0.));
#11131 = DIRECTION('',(0.,0.,1.));
#11132 = ADVANCED_FACE('',(#11133),#11139,.F.);
#11133 = FACE_BOUND('',#11134,.F.);
#11134 = EDGE_LOOP('',(#11135,#11136,#11137,#11138));
#11135 = ORIENTED_EDGE('',*,*,#11047,.T.);
#11136 = ORIENTED_EDGE('',*,*,#11120,.F.);
#11137 = ORIENTED_EDGE('',*,*,#11096,.F.);
#11138 = ORIENTED_EDGE('',*,*,#11071,.T.);
#11139 = CYLINDRICAL_SURFACE('',#11140,0.59);
#11140 = AXIS2_PLACEMENT_3D('',#11141,#11142,#11143);
#11141 = CARTESIAN_POINT('',(2.05,11.9,11.44));
#11142 = DIRECTION('',(0.,1.,0.));
#11143 = DIRECTION('',(0.,0.,1.));
#11144 = MANIFOLD_SOLID_BREP('',#11145);
#11145 = CLOSED_SHELL('',(#11146,#11186,#11226,#11248,#11270,#11282));
#11146 = ADVANCED_FACE('',(#11147),#11181,.F.);
#11147 = FACE_BOUND('',#11148,.F.);
#11148 = EDGE_LOOP('',(#11149,#11159,#11167,#11175));
#11149 = ORIENTED_EDGE('',*,*,#11150,.F.);
#11150 = EDGE_CURVE('',#11151,#11153,#11155,.T.);
#11151 = VERTEX_POINT('',#11152);
#11152 = CARTESIAN_POINT('',(1.34,12.9,3.));
#11153 = VERTEX_POINT('',#11154);
#11154 = CARTESIAN_POINT('',(1.34,12.9,11.44));
#11155 = LINE('',#11156,#11157);
#11156 = CARTESIAN_POINT('',(1.34,12.9,3.));
#11157 = VECTOR('',#11158,1.);
#11158 = DIRECTION('',(0.,0.,1.));
#11159 = ORIENTED_EDGE('',*,*,#11160,.T.);
#11160 = EDGE_CURVE('',#11151,#11161,#11163,.T.);
#11161 = VERTEX_POINT('',#11162);
#11162 = CARTESIAN_POINT('',(1.34,30.9,3.));
#11163 = LINE('',#11164,#11165);
#11164 = CARTESIAN_POINT('',(1.34,12.9,3.));
#11165 = VECTOR('',#11166,1.);
#11166 = DIRECTION('',(0.,1.,0.));
#11167 = ORIENTED_EDGE('',*,*,#11168,.T.);
#11168 = EDGE_CURVE('',#11161,#11169,#11171,.T.);
#11169 = VERTEX_POINT('',#11170);
#11170 = CARTESIAN_POINT('',(1.34,30.9,11.44));
#11171 = LINE('',#11172,#11173);
#11172 = CARTESIAN_POINT('',(1.34,30.9,3.));
#11173 = VECTOR('',#11174,1.);
#11174 = DIRECTION('',(0.,0.,1.));
#11175 = ORIENTED_EDGE('',*,*,#11176,.F.);
#11176 = EDGE_CURVE('',#11153,#11169,#11177,.T.);
#11177 = LINE('',#11178,#11179);
#11178 = CARTESIAN_POINT('',(1.34,12.9,11.44));
#11179 = VECTOR('',#11180,1.);
#11180 = DIRECTION('',(0.,1.,0.));
#11181 = PLANE('',#11182);
#11182 = AXIS2_PLACEMENT_3D('',#11183,#11184,#11185);
#11183 = CARTESIAN_POINT('',(1.34,12.9,3.));
#11184 = DIRECTION('',(1.,0.,0.));
#11185 = DIRECTION('',(0.,0.,1.));
#11186 = ADVANCED_FACE('',(#11187),#11221,.T.);
#11187 = FACE_BOUND('',#11188,.T.);
#11188 = EDGE_LOOP('',(#11189,#11199,#11207,#11215));
#11189 = ORIENTED_EDGE('',*,*,#11190,.F.);
#11190 = EDGE_CURVE('',#11191,#11193,#11195,.T.);
#11191 = VERTEX_POINT('',#11192);
#11192 = CARTESIAN_POINT('',(1.46,12.9,3.));
#11193 = VERTEX_POINT('',#11194);
#11194 = CARTESIAN_POINT('',(1.46,12.9,11.44));
#11195 = LINE('',#11196,#11197);
#11196 = CARTESIAN_POINT('',(1.46,12.9,3.));
#11197 = VECTOR('',#11198,1.);
#11198 = DIRECTION('',(0.,0.,1.));
#11199 = ORIENTED_EDGE('',*,*,#11200,.T.);
#11200 = EDGE_CURVE('',#11191,#11201,#11203,.T.);
#11201 = VERTEX_POINT('',#11202);
#11202 = CARTESIAN_POINT('',(1.46,30.9,3.));
#11203 = LINE('',#11204,#11205);
#11204 = CARTESIAN_POINT('',(1.46,12.9,3.));
#11205 = VECTOR('',#11206,1.);
#11206 = DIRECTION('',(0.,1.,0.));
#11207 = ORIENTED_EDGE('',*,*,#11208,.T.);
#11208 = EDGE_CURVE('',#11201,#11209,#11211,.T.);
#11209 = VERTEX_POINT('',#11210);
#11210 = CARTESIAN_POINT('',(1.46,30.9,11.44));
#11211 = LINE('',#11212,#11213);
#11212 = CARTESIAN_POINT('',(1.46,30.9,3.));
#11213 = VECTOR('',#11214,1.);
#11214 = DIRECTION('',(0.,0.,1.));
#11215 = ORIENTED_EDGE('',*,*,#11216,.F.);
#11216 = EDGE_CURVE('',#11193,#11209,#11217,.T.);
#11217 = LINE('',#11218,#11219);
#11218 = CARTESIAN_POINT('',(1.46,12.9,11.44));
#11219 = VECTOR('',#11220,1.);
#11220 = DIRECTION('',(0.,1.,0.));
#11221 = PLANE('',#11222);
#11222 = AXIS2_PLACEMENT_3D('',#11223,#11224,#11225);
#11223 = CARTESIAN_POINT('',(1.46,12.9,3.));
#11224 = DIRECTION('',(1.,0.,0.));
#11225 = DIRECTION('',(0.,0.,1.));
#11226 = ADVANCED_FACE('',(#11227),#11243,.F.);
#11227 = FACE_BOUND('',#11228,.F.);
#11228 = EDGE_LOOP('',(#11229,#11235,#11236,#11242));
#11229 = ORIENTED_EDGE('',*,*,#11230,.F.);
#11230 = EDGE_CURVE('',#11151,#11191,#11231,.T.);
#11231 = LINE('',#11232,#11233);
#11232 = CARTESIAN_POINT('',(1.34,12.9,3.));
#11233 = VECTOR('',#11234,1.);
#11234 = DIRECTION('',(1.,0.,0.));
#11235 = ORIENTED_EDGE('',*,*,#11150,.T.);
#11236 = ORIENTED_EDGE('',*,*,#11237,.T.);
#11237 = EDGE_CURVE('',#11153,#11193,#11238,.T.);
#11238 = LINE('',#11239,#11240);
#11239 = CARTESIAN_POINT('',(1.34,12.9,11.44));
#11240 = VECTOR('',#11241,1.);
#11241 = DIRECTION('',(1.,0.,0.));
#11242 = ORIENTED_EDGE('',*,*,#11190,.F.);
#11243 = PLANE('',#11244);
#11244 = AXIS2_PLACEMENT_3D('',#11245,#11246,#11247);
#11245 = CARTESIAN_POINT('',(1.34,12.9,3.));
#11246 = DIRECTION('',(0.,1.,0.));
#11247 = DIRECTION('',(0.,0.,1.));
#11248 = ADVANCED_FACE('',(#11249),#11265,.T.);
#11249 = FACE_BOUND('',#11250,.T.);
#11250 = EDGE_LOOP('',(#11251,#11257,#11258,#11264));
#11251 = ORIENTED_EDGE('',*,*,#11252,.F.);
#11252 = EDGE_CURVE('',#11161,#11201,#11253,.T.);
#11253 = LINE('',#11254,#11255);
#11254 = CARTESIAN_POINT('',(1.34,30.9,3.));
#11255 = VECTOR('',#11256,1.);
#11256 = DIRECTION('',(1.,0.,0.));
#11257 = ORIENTED_EDGE('',*,*,#11168,.T.);
#11258 = ORIENTED_EDGE('',*,*,#11259,.T.);
#11259 = EDGE_CURVE('',#11169,#11209,#11260,.T.);
#11260 = LINE('',#11261,#11262);
#11261 = CARTESIAN_POINT('',(1.34,30.9,11.44));
#11262 = VECTOR('',#11263,1.);
#11263 = DIRECTION('',(1.,0.,0.));
#11264 = ORIENTED_EDGE('',*,*,#11208,.F.);
#11265 = PLANE('',#11266);
#11266 = AXIS2_PLACEMENT_3D('',#11267,#11268,#11269);
#11267 = CARTESIAN_POINT('',(1.34,30.9,3.));
#11268 = DIRECTION('',(0.,1.,0.));
#11269 = DIRECTION('',(0.,0.,1.));
#11270 = ADVANCED_FACE('',(#11271),#11277,.F.);
#11271 = FACE_BOUND('',#11272,.F.);
#11272 = EDGE_LOOP('',(#11273,#11274,#11275,#11276));
#11273 = ORIENTED_EDGE('',*,*,#11160,.F.);
#11274 = ORIENTED_EDGE('',*,*,#11230,.T.);
#11275 = ORIENTED_EDGE('',*,*,#11200,.T.);
#11276 = ORIENTED_EDGE('',*,*,#11252,.F.);
#11277 = PLANE('',#11278);
#11278 = AXIS2_PLACEMENT_3D('',#11279,#11280,#11281);
#11279 = CARTESIAN_POINT('',(1.34,12.9,3.));
#11280 = DIRECTION('',(0.,0.,1.));
#11281 = DIRECTION('',(1.,0.,0.));
#11282 = ADVANCED_FACE('',(#11283),#11289,.T.);
#11283 = FACE_BOUND('',#11284,.T.);
#11284 = EDGE_LOOP('',(#11285,#11286,#11287,#11288));
#11285 = ORIENTED_EDGE('',*,*,#11176,.F.);
#11286 = ORIENTED_EDGE('',*,*,#11237,.T.);
#11287 = ORIENTED_EDGE('',*,*,#11216,.T.);
#11288 = ORIENTED_EDGE('',*,*,#11259,.F.);
#11289 = PLANE('',#11290);
#11290 = AXIS2_PLACEMENT_3D('',#11291,#11292,#11293);
#11291 = CARTESIAN_POINT('',(1.34,12.9,11.44));
#11292 = DIRECTION('',(0.,0.,1.));
#11293 = DIRECTION('',(1.,0.,0.));
#11294 = MANIFOLD_SOLID_BREP('',#11295);
#11295 = CLOSED_SHELL('',(#11296,#11338,#11370,#11394,#11419,#11436));
#11296 = ADVANCED_FACE('',(#11297),#11333,.T.);
#11297 = FACE_BOUND('',#11298,.T.);
#11298 = EDGE_LOOP('',(#11299,#11310,#11318,#11327));
#11299 = ORIENTED_EDGE('',*,*,#11300,.F.);
#11300 = EDGE_CURVE('',#11301,#11303,#11305,.T.);
#11301 = VERTEX_POINT('',#11302);
#11302 = CARTESIAN_POINT('',(2.05,30.9,2.29));
#11303 = VERTEX_POINT('',#11304);
#11304 = CARTESIAN_POINT('',(1.34,30.9,3.));
#11305 = CIRCLE('',#11306,0.71);
#11306 = AXIS2_PLACEMENT_3D('',#11307,#11308,#11309);
#11307 = CARTESIAN_POINT('',(2.05,30.9,3.));
#11308 = DIRECTION('',(0.,1.,0.));
#11309 = DIRECTION('',(0.,0.,1.));
#11310 = ORIENTED_EDGE('',*,*,#11311,.F.);
#11311 = EDGE_CURVE('',#11312,#11301,#11314,.T.);
#11312 = VERTEX_POINT('',#11313);
#11313 = CARTESIAN_POINT('',(2.05,12.9,2.29));
#11314 = LINE('',#11315,#11316);
#11315 = CARTESIAN_POINT('',(2.05,12.9,2.29));
#11316 = VECTOR('',#11317,1.);
#11317 = DIRECTION('',(0.,1.,0.));
#11318 = ORIENTED_EDGE('',*,*,#11319,.T.);
#11319 = EDGE_CURVE('',#11312,#11320,#11322,.T.);
#11320 = VERTEX_POINT('',#11321);
#11321 = CARTESIAN_POINT('',(1.34,12.9,3.));
#11322 = CIRCLE('',#11323,0.71);
#11323 = AXIS2_PLACEMENT_3D('',#11324,#11325,#11326);
#11324 = CARTESIAN_POINT('',(2.05,12.9,3.));
#11325 = DIRECTION('',(0.,1.,0.));
#11326 = DIRECTION('',(0.,0.,1.));
#11327 = ORIENTED_EDGE('',*,*,#11328,.T.);
#11328 = EDGE_CURVE('',#11320,#11303,#11329,.T.);
#11329 = LINE('',#11330,#11331);
#11330 = CARTESIAN_POINT('',(1.34,12.9,3.));
#11331 = VECTOR('',#11332,1.);
#11332 = DIRECTION('',(0.,1.,0.));
#11333 = CYLINDRICAL_SURFACE('',#11334,0.71);
#11334 = AXIS2_PLACEMENT_3D('',#11335,#11336,#11337);
#11335 = CARTESIAN_POINT('',(2.05,12.9,3.));
#11336 = DIRECTION('',(0.,1.,0.));
#11337 = DIRECTION('',(0.,0.,1.));
#11338 = ADVANCED_FACE('',(#11339),#11365,.T.);
#11339 = FACE_BOUND('',#11340,.T.);
#11340 = EDGE_LOOP('',(#11341,#11349,#11350,#11358));
#11341 = ORIENTED_EDGE('',*,*,#11342,.T.);
#11342 = EDGE_CURVE('',#11343,#11301,#11345,.T.);
#11343 = VERTEX_POINT('',#11344);
#11344 = CARTESIAN_POINT('',(2.05,30.9,2.41));
#11345 = LINE('',#11346,#11347);
#11346 = CARTESIAN_POINT('',(2.05,30.9,2.615));
#11347 = VECTOR('',#11348,1.);
#11348 = DIRECTION('',(0.,0.,-1.));
#11349 = ORIENTED_EDGE('',*,*,#11300,.T.);
#11350 = ORIENTED_EDGE('',*,*,#11351,.T.);
#11351 = EDGE_CURVE('',#11303,#11352,#11354,.T.);
#11352 = VERTEX_POINT('',#11353);
#11353 = CARTESIAN_POINT('',(1.46,30.9,3.));
#11354 = LINE('',#11355,#11356);
#11355 = CARTESIAN_POINT('',(1.665,30.9,3.));
#11356 = VECTOR('',#11357,1.);
#11357 = DIRECTION('',(1.,0.,0.));
#11358 = ORIENTED_EDGE('',*,*,#11359,.F.);
#11359 = EDGE_CURVE('',#11343,#11352,#11360,.T.);
#11360 = CIRCLE('',#11361,0.59);
#11361 = AXIS2_PLACEMENT_3D('',#11362,#11363,#11364);
#11362 = CARTESIAN_POINT('',(2.05,30.9,3.));
#11363 = DIRECTION('',(0.,1.,0.));
#11364 = DIRECTION('',(0.,0.,1.));
#11365 = PLANE('',#11366);
#11366 = AXIS2_PLACEMENT_3D('',#11367,#11368,#11369);
#11367 = CARTESIAN_POINT('',(2.05,30.9,3.));
#11368 = DIRECTION('',(0.,1.,0.));
#11369 = DIRECTION('',(0.,0.,1.));
#11370 = ADVANCED_FACE('',(#11371),#11389,.T.);
#11371 = FACE_BOUND('',#11372,.T.);
#11372 = EDGE_LOOP('',(#11373,#11374,#11382,#11388));
#11373 = ORIENTED_EDGE('',*,*,#11328,.F.);
#11374 = ORIENTED_EDGE('',*,*,#11375,.T.);
#11375 = EDGE_CURVE('',#11320,#11376,#11378,.T.);
#11376 = VERTEX_POINT('',#11377);
#11377 = CARTESIAN_POINT('',(1.46,12.9,3.));
#11378 = LINE('',#11379,#11380);
#11379 = CARTESIAN_POINT('',(1.665,12.9,3.));
#11380 = VECTOR('',#11381,1.);
#11381 = DIRECTION('',(1.,0.,0.));
#11382 = ORIENTED_EDGE('',*,*,#11383,.T.);
#11383 = EDGE_CURVE('',#11376,#11352,#11384,.T.);
#11384 = LINE('',#11385,#11386);
#11385 = CARTESIAN_POINT('',(1.46,11.9,3.));
#11386 = VECTOR('',#11387,1.);
#11387 = DIRECTION('',(0.,1.,0.));
#11388 = ORIENTED_EDGE('',*,*,#11351,.F.);
#11389 = PLANE('',#11390);
#11390 = AXIS2_PLACEMENT_3D('',#11391,#11392,#11393);
#11391 = CARTESIAN_POINT('',(1.28,11.9,3.));
#11392 = DIRECTION('',(0.,0.,1.));
#11393 = DIRECTION('',(1.,0.,0.));
#11394 = ADVANCED_FACE('',(#11395),#11414,.F.);
#11395 = FACE_BOUND('',#11396,.F.);
#11396 = EDGE_LOOP('',(#11397,#11405,#11406,#11407));
#11397 = ORIENTED_EDGE('',*,*,#11398,.T.);
#11398 = EDGE_CURVE('',#11399,#11312,#11401,.T.);
#11399 = VERTEX_POINT('',#11400);
#11400 = CARTESIAN_POINT('',(2.05,12.9,2.41));
#11401 = LINE('',#11402,#11403);
#11402 = CARTESIAN_POINT('',(2.05,12.9,2.615));
#11403 = VECTOR('',#11404,1.);
#11404 = DIRECTION('',(0.,0.,-1.));
#11405 = ORIENTED_EDGE('',*,*,#11319,.T.);
#11406 = ORIENTED_EDGE('',*,*,#11375,.T.);
#11407 = ORIENTED_EDGE('',*,*,#11408,.F.);
#11408 = EDGE_CURVE('',#11399,#11376,#11409,.T.);
#11409 = CIRCLE('',#11410,0.59);
#11410 = AXIS2_PLACEMENT_3D('',#11411,#11412,#11413);
#11411 = CARTESIAN_POINT('',(2.05,12.9,3.));
#11412 = DIRECTION('',(0.,1.,0.));
#11413 = DIRECTION('',(0.,0.,1.));
#11414 = PLANE('',#11415);
#11415 = AXIS2_PLACEMENT_3D('',#11416,#11417,#11418);
#11416 = CARTESIAN_POINT('',(2.05,12.9,3.));
#11417 = DIRECTION('',(0.,1.,0.));
#11418 = DIRECTION('',(0.,0.,1.));
#11419 = ADVANCED_FACE('',(#11420),#11431,.T.);
#11420 = FACE_BOUND('',#11421,.T.);
#11421 = EDGE_LOOP('',(#11422,#11423,#11424,#11425));
#11422 = ORIENTED_EDGE('',*,*,#11398,.T.);
#11423 = ORIENTED_EDGE('',*,*,#11311,.T.);
#11424 = ORIENTED_EDGE('',*,*,#11342,.F.);
#11425 = ORIENTED_EDGE('',*,*,#11426,.F.);
#11426 = EDGE_CURVE('',#11399,#11343,#11427,.T.);
#11427 = LINE('',#11428,#11429);
#11428 = CARTESIAN_POINT('',(2.05,11.9,2.41));
#11429 = VECTOR('',#11430,1.);
#11430 = DIRECTION('',(0.,1.,0.));
#11431 = PLANE('',#11432);
#11432 = AXIS2_PLACEMENT_3D('',#11433,#11434,#11435);
#11433 = CARTESIAN_POINT('',(2.05,11.9,2.23));
#11434 = DIRECTION('',(1.,0.,0.));
#11435 = DIRECTION('',(0.,0.,1.));
#11436 = ADVANCED_FACE('',(#11437),#11443,.F.);
#11437 = FACE_BOUND('',#11438,.F.);
#11438 = EDGE_LOOP('',(#11439,#11440,#11441,#11442));
#11439 = ORIENTED_EDGE('',*,*,#11359,.F.);
#11440 = ORIENTED_EDGE('',*,*,#11426,.F.);
#11441 = ORIENTED_EDGE('',*,*,#11408,.T.);
#11442 = ORIENTED_EDGE('',*,*,#11383,.T.);
#11443 = CYLINDRICAL_SURFACE('',#11444,0.59);
#11444 = AXIS2_PLACEMENT_3D('',#11445,#11446,#11447);
#11445 = CARTESIAN_POINT('',(2.05,11.9,3.));
#11446 = DIRECTION('',(0.,1.,0.));
#11447 = DIRECTION('',(0.,0.,1.));
#11448 = MANIFOLD_SOLID_BREP('',#11449);
#11449 = CLOSED_SHELL('',(#11450,#11490,#11530,#11552,#11574,#11586));
#11450 = ADVANCED_FACE('',(#11451),#11485,.F.);
#11451 = FACE_BOUND('',#11452,.F.);
#11452 = EDGE_LOOP('',(#11453,#11463,#11471,#11479));
#11453 = ORIENTED_EDGE('',*,*,#11454,.F.);
#11454 = EDGE_CURVE('',#11455,#11457,#11459,.T.);
#11455 = VERTEX_POINT('',#11456);
#11456 = CARTESIAN_POINT('',(2.05,12.9,2.29));
#11457 = VERTEX_POINT('',#11458);
#11458 = CARTESIAN_POINT('',(2.05,12.9,2.41));
#11459 = LINE('',#11460,#11461);
#11460 = CARTESIAN_POINT('',(2.05,12.9,2.29));
#11461 = VECTOR('',#11462,1.);
#11462 = DIRECTION('',(0.,0.,1.));
#11463 = ORIENTED_EDGE('',*,*,#11464,.T.);
#11464 = EDGE_CURVE('',#11455,#11465,#11467,.T.);
#11465 = VERTEX_POINT('',#11466);
#11466 = CARTESIAN_POINT('',(2.05,30.9,2.29));
#11467 = LINE('',#11468,#11469);
#11468 = CARTESIAN_POINT('',(2.05,12.9,2.29));
#11469 = VECTOR('',#11470,1.);
#11470 = DIRECTION('',(0.,1.,0.));
#11471 = ORIENTED_EDGE('',*,*,#11472,.T.);
#11472 = EDGE_CURVE('',#11465,#11473,#11475,.T.);
#11473 = VERTEX_POINT('',#11474);
#11474 = CARTESIAN_POINT('',(2.05,30.9,2.41));
#11475 = LINE('',#11476,#11477);
#11476 = CARTESIAN_POINT('',(2.05,30.9,2.29));
#11477 = VECTOR('',#11478,1.);
#11478 = DIRECTION('',(0.,0.,1.));
#11479 = ORIENTED_EDGE('',*,*,#11480,.F.);
#11480 = EDGE_CURVE('',#11457,#11473,#11481,.T.);
#11481 = LINE('',#11482,#11483);
#11482 = CARTESIAN_POINT('',(2.05,12.9,2.41));
#11483 = VECTOR('',#11484,1.);
#11484 = DIRECTION('',(0.,1.,0.));
#11485 = PLANE('',#11486);
#11486 = AXIS2_PLACEMENT_3D('',#11487,#11488,#11489);
#11487 = CARTESIAN_POINT('',(2.05,12.9,2.29));
#11488 = DIRECTION('',(1.,0.,0.));
#11489 = DIRECTION('',(0.,0.,1.));
#11490 = ADVANCED_FACE('',(#11491),#11525,.T.);
#11491 = FACE_BOUND('',#11492,.T.);
#11492 = EDGE_LOOP('',(#11493,#11503,#11511,#11519));
#11493 = ORIENTED_EDGE('',*,*,#11494,.F.);
#11494 = EDGE_CURVE('',#11495,#11497,#11499,.T.);
#11495 = VERTEX_POINT('',#11496);
#11496 = CARTESIAN_POINT('',(3.142964775167,12.9,2.29));
#11497 = VERTEX_POINT('',#11498);
#11498 = CARTESIAN_POINT('',(3.142964775167,12.9,2.41));
#11499 = LINE('',#11500,#11501);
#11500 = CARTESIAN_POINT('',(3.142964775167,12.9,2.29));
#11501 = VECTOR('',#11502,1.);
#11502 = DIRECTION('',(0.,0.,1.));
#11503 = ORIENTED_EDGE('',*,*,#11504,.T.);
#11504 = EDGE_CURVE('',#11495,#11505,#11507,.T.);
#11505 = VERTEX_POINT('',#11506);
#11506 = CARTESIAN_POINT('',(3.142964775167,30.9,2.29));
#11507 = LINE('',#11508,#11509);
#11508 = CARTESIAN_POINT('',(3.142964775167,12.9,2.29));
#11509 = VECTOR('',#11510,1.);
#11510 = DIRECTION('',(0.,1.,0.));
#11511 = ORIENTED_EDGE('',*,*,#11512,.T.);
#11512 = EDGE_CURVE('',#11505,#11513,#11515,.T.);
#11513 = VERTEX_POINT('',#11514);
#11514 = CARTESIAN_POINT('',(3.142964775167,30.9,2.41));
#11515 = LINE('',#11516,#11517);
#11516 = CARTESIAN_POINT('',(3.142964775167,30.9,2.29));
#11517 = VECTOR('',#11518,1.);
#11518 = DIRECTION('',(0.,0.,1.));
#11519 = ORIENTED_EDGE('',*,*,#11520,.F.);
#11520 = EDGE_CURVE('',#11497,#11513,#11521,.T.);
#11521 = LINE('',#11522,#11523);
#11522 = CARTESIAN_POINT('',(3.142964775167,12.9,2.41));
#11523 = VECTOR('',#11524,1.);
#11524 = DIRECTION('',(0.,1.,0.));
#11525 = PLANE('',#11526);
#11526 = AXIS2_PLACEMENT_3D('',#11527,#11528,#11529);
#11527 = CARTESIAN_POINT('',(3.142964775167,12.9,2.29));
#11528 = DIRECTION('',(1.,0.,0.));
#11529 = DIRECTION('',(0.,0.,1.));
#11530 = ADVANCED_FACE('',(#11531),#11547,.F.);
#11531 = FACE_BOUND('',#11532,.F.);
#11532 = EDGE_LOOP('',(#11533,#11539,#11540,#11546));
#11533 = ORIENTED_EDGE('',*,*,#11534,.F.);
#11534 = EDGE_CURVE('',#11455,#11495,#11535,.T.);
#11535 = LINE('',#11536,#11537);
#11536 = CARTESIAN_POINT('',(2.05,12.9,2.29));
#11537 = VECTOR('',#11538,1.);
#11538 = DIRECTION('',(1.,0.,0.));
#11539 = ORIENTED_EDGE('',*,*,#11454,.T.);
#11540 = ORIENTED_EDGE('',*,*,#11541,.T.);
#11541 = EDGE_CURVE('',#11457,#11497,#11542,.T.);
#11542 = LINE('',#11543,#11544);
#11543 = CARTESIAN_POINT('',(2.05,12.9,2.41));
#11544 = VECTOR('',#11545,1.);
#11545 = DIRECTION('',(1.,0.,0.));
#11546 = ORIENTED_EDGE('',*,*,#11494,.F.);
#11547 = PLANE('',#11548);
#11548 = AXIS2_PLACEMENT_3D('',#11549,#11550,#11551);
#11549 = CARTESIAN_POINT('',(2.05,12.9,2.29));
#11550 = DIRECTION('',(0.,1.,0.));
#11551 = DIRECTION('',(0.,0.,1.));
#11552 = ADVANCED_FACE('',(#11553),#11569,.T.);
#11553 = FACE_BOUND('',#11554,.T.);
#11554 = EDGE_LOOP('',(#11555,#11561,#11562,#11568));
#11555 = ORIENTED_EDGE('',*,*,#11556,.F.);
#11556 = EDGE_CURVE('',#11465,#11505,#11557,.T.);
#11557 = LINE('',#11558,#11559);
#11558 = CARTESIAN_POINT('',(2.05,30.9,2.29));
#11559 = VECTOR('',#11560,1.);
#11560 = DIRECTION('',(1.,0.,0.));
#11561 = ORIENTED_EDGE('',*,*,#11472,.T.);
#11562 = ORIENTED_EDGE('',*,*,#11563,.T.);
#11563 = EDGE_CURVE('',#11473,#11513,#11564,.T.);
#11564 = LINE('',#11565,#11566);
#11565 = CARTESIAN_POINT('',(2.05,30.9,2.41));
#11566 = VECTOR('',#11567,1.);
#11567 = DIRECTION('',(1.,0.,0.));
#11568 = ORIENTED_EDGE('',*,*,#11512,.F.);
#11569 = PLANE('',#11570);
#11570 = AXIS2_PLACEMENT_3D('',#11571,#11572,#11573);
#11571 = CARTESIAN_POINT('',(2.05,30.9,2.29));
#11572 = DIRECTION('',(0.,1.,0.));
#11573 = DIRECTION('',(0.,0.,1.));
#11574 = ADVANCED_FACE('',(#11575),#11581,.F.);
#11575 = FACE_BOUND('',#11576,.F.);
#11576 = EDGE_LOOP('',(#11577,#11578,#11579,#11580));
#11577 = ORIENTED_EDGE('',*,*,#11464,.F.);
#11578 = ORIENTED_EDGE('',*,*,#11534,.T.);
#11579 = ORIENTED_EDGE('',*,*,#11504,.T.);
#11580 = ORIENTED_EDGE('',*,*,#11556,.F.);
#11581 = PLANE('',#11582);
#11582 = AXIS2_PLACEMENT_3D('',#11583,#11584,#11585);
#11583 = CARTESIAN_POINT('',(2.05,12.9,2.29));
#11584 = DIRECTION('',(0.,0.,1.));
#11585 = DIRECTION('',(1.,0.,0.));
#11586 = ADVANCED_FACE('',(#11587),#11593,.T.);
#11587 = FACE_BOUND('',#11588,.T.);
#11588 = EDGE_LOOP('',(#11589,#11590,#11591,#11592));
#11589 = ORIENTED_EDGE('',*,*,#11480,.F.);
#11590 = ORIENTED_EDGE('',*,*,#11541,.T.);
#11591 = ORIENTED_EDGE('',*,*,#11520,.T.);
#11592 = ORIENTED_EDGE('',*,*,#11563,.F.);
#11593 = PLANE('',#11594);
#11594 = AXIS2_PLACEMENT_3D('',#11595,#11596,#11597);
#11595 = CARTESIAN_POINT('',(2.05,12.9,2.41));
#11596 = DIRECTION('',(0.,0.,1.));
#11597 = DIRECTION('',(1.,0.,0.));
#11598 = MANIFOLD_SOLID_BREP('',#11599);
#11599 = CLOSED_SHELL('',(#11600,#11640,#11680,#11702,#11724,#11736));
#11600 = ADVANCED_FACE('',(#11601),#11635,.F.);
#11601 = FACE_BOUND('',#11602,.F.);
#11602 = EDGE_LOOP('',(#11603,#11613,#11621,#11629));
#11603 = ORIENTED_EDGE('',*,*,#11604,.F.);
#11604 = EDGE_CURVE('',#11605,#11607,#11609,.T.);
#11605 = VERTEX_POINT('',#11606);
#11606 = CARTESIAN_POINT('',(3.142964775167,18.6,2.29));
#11607 = VERTEX_POINT('',#11608);
#11608 = CARTESIAN_POINT('',(3.142964775167,18.6,2.41));
#11609 = LINE('',#11610,#11611);
#11610 = CARTESIAN_POINT('',(3.142964775167,18.6,2.29));
#11611 = VECTOR('',#11612,1.);
#11612 = DIRECTION('',(0.,0.,1.));
#11613 = ORIENTED_EDGE('',*,*,#11614,.T.);
#11614 = EDGE_CURVE('',#11605,#11615,#11617,.T.);
#11615 = VERTEX_POINT('',#11616);
#11616 = CARTESIAN_POINT('',(3.142964775167,25.2,2.29));
#11617 = LINE('',#11618,#11619);
#11618 = CARTESIAN_POINT('',(3.142964775167,18.6,2.29));
#11619 = VECTOR('',#11620,1.);
#11620 = DIRECTION('',(0.,1.,0.));
#11621 = ORIENTED_EDGE('',*,*,#11622,.T.);
#11622 = EDGE_CURVE('',#11615,#11623,#11625,.T.);
#11623 = VERTEX_POINT('',#11624);
#11624 = CARTESIAN_POINT('',(3.142964775167,25.2,2.41));
#11625 = LINE('',#11626,#11627);
#11626 = CARTESIAN_POINT('',(3.142964775167,25.2,2.29));
#11627 = VECTOR('',#11628,1.);
#11628 = DIRECTION('',(0.,0.,1.));
#11629 = ORIENTED_EDGE('',*,*,#11630,.F.);
#11630 = EDGE_CURVE('',#11607,#11623,#11631,.T.);
#11631 = LINE('',#11632,#11633);
#11632 = CARTESIAN_POINT('',(3.142964775167,18.6,2.41));
#11633 = VECTOR('',#11634,1.);
#11634 = DIRECTION('',(0.,1.,0.));
#11635 = PLANE('',#11636);
#11636 = AXIS2_PLACEMENT_3D('',#11637,#11638,#11639);
#11637 = CARTESIAN_POINT('',(3.142964775167,18.6,2.29));
#11638 = DIRECTION('',(1.,0.,0.));
#11639 = DIRECTION('',(0.,0.,1.));
#11640 = ADVANCED_FACE('',(#11641),#11675,.T.);
#11641 = FACE_BOUND('',#11642,.T.);
#11642 = EDGE_LOOP('',(#11643,#11653,#11661,#11669));
#11643 = ORIENTED_EDGE('',*,*,#11644,.F.);
#11644 = EDGE_CURVE('',#11645,#11647,#11649,.T.);
#11645 = VERTEX_POINT('',#11646);
#11646 = CARTESIAN_POINT('',(21.357194866997,18.6,2.29));
#11647 = VERTEX_POINT('',#11648);
#11648 = CARTESIAN_POINT('',(21.357194866997,18.6,2.41));
#11649 = LINE('',#11650,#11651);
#11650 = CARTESIAN_POINT('',(21.357194866997,18.6,2.29));
#11651 = VECTOR('',#11652,1.);
#11652 = DIRECTION('',(0.,0.,1.));
#11653 = ORIENTED_EDGE('',*,*,#11654,.T.);
#11654 = EDGE_CURVE('',#11645,#11655,#11657,.T.);
#11655 = VERTEX_POINT('',#11656);
#11656 = CARTESIAN_POINT('',(21.357194866997,25.2,2.29));
#11657 = LINE('',#11658,#11659);
#11658 = CARTESIAN_POINT('',(21.357194866997,18.6,2.29));
#11659 = VECTOR('',#11660,1.);
#11660 = DIRECTION('',(0.,1.,0.));
#11661 = ORIENTED_EDGE('',*,*,#11662,.T.);
#11662 = EDGE_CURVE('',#11655,#11663,#11665,.T.);
#11663 = VERTEX_POINT('',#11664);
#11664 = CARTESIAN_POINT('',(21.357194866997,25.2,2.41));
#11665 = LINE('',#11666,#11667);
#11666 = CARTESIAN_POINT('',(21.357194866997,25.2,2.29));
#11667 = VECTOR('',#11668,1.);
#11668 = DIRECTION('',(0.,0.,1.));
#11669 = ORIENTED_EDGE('',*,*,#11670,.F.);
#11670 = EDGE_CURVE('',#11647,#11663,#11671,.T.);
#11671 = LINE('',#11672,#11673);
#11672 = CARTESIAN_POINT('',(21.357194866997,18.6,2.41));
#11673 = VECTOR('',#11674,1.);
#11674 = DIRECTION('',(0.,1.,0.));
#11675 = PLANE('',#11676);
#11676 = AXIS2_PLACEMENT_3D('',#11677,#11678,#11679);
#11677 = CARTESIAN_POINT('',(21.357194866997,18.6,2.29));
#11678 = DIRECTION('',(1.,0.,0.));
#11679 = DIRECTION('',(0.,0.,1.));
#11680 = ADVANCED_FACE('',(#11681),#11697,.F.);
#11681 = FACE_BOUND('',#11682,.F.);
#11682 = EDGE_LOOP('',(#11683,#11689,#11690,#11696));
#11683 = ORIENTED_EDGE('',*,*,#11684,.F.);
#11684 = EDGE_CURVE('',#11605,#11645,#11685,.T.);
#11685 = LINE('',#11686,#11687);
#11686 = CARTESIAN_POINT('',(3.142964775167,18.6,2.29));
#11687 = VECTOR('',#11688,1.);
#11688 = DIRECTION('',(1.,0.,0.));
#11689 = ORIENTED_EDGE('',*,*,#11604,.T.);
#11690 = ORIENTED_EDGE('',*,*,#11691,.T.);
#11691 = EDGE_CURVE('',#11607,#11647,#11692,.T.);
#11692 = LINE('',#11693,#11694);
#11693 = CARTESIAN_POINT('',(3.142964775167,18.6,2.41));
#11694 = VECTOR('',#11695,1.);
#11695 = DIRECTION('',(1.,0.,0.));
#11696 = ORIENTED_EDGE('',*,*,#11644,.F.);
#11697 = PLANE('',#11698);
#11698 = AXIS2_PLACEMENT_3D('',#11699,#11700,#11701);
#11699 = CARTESIAN_POINT('',(3.142964775167,18.6,2.29));
#11700 = DIRECTION('',(0.,1.,0.));
#11701 = DIRECTION('',(0.,0.,1.));
#11702 = ADVANCED_FACE('',(#11703),#11719,.T.);
#11703 = FACE_BOUND('',#11704,.T.);
#11704 = EDGE_LOOP('',(#11705,#11711,#11712,#11718));
#11705 = ORIENTED_EDGE('',*,*,#11706,.F.);
#11706 = EDGE_CURVE('',#11615,#11655,#11707,.T.);
#11707 = LINE('',#11708,#11709);
#11708 = CARTESIAN_POINT('',(3.142964775167,25.2,2.29));
#11709 = VECTOR('',#11710,1.);
#11710 = DIRECTION('',(1.,0.,0.));
#11711 = ORIENTED_EDGE('',*,*,#11622,.T.);
#11712 = ORIENTED_EDGE('',*,*,#11713,.T.);
#11713 = EDGE_CURVE('',#11623,#11663,#11714,.T.);
#11714 = LINE('',#11715,#11716);
#11715 = CARTESIAN_POINT('',(3.142964775167,25.2,2.41));
#11716 = VECTOR('',#11717,1.);
#11717 = DIRECTION('',(1.,0.,0.));
#11718 = ORIENTED_EDGE('',*,*,#11662,.F.);
#11719 = PLANE('',#11720);
#11720 = AXIS2_PLACEMENT_3D('',#11721,#11722,#11723);
#11721 = CARTESIAN_POINT('',(3.142964775167,25.2,2.29));
#11722 = DIRECTION('',(0.,1.,0.));
#11723 = DIRECTION('',(0.,0.,1.));
#11724 = ADVANCED_FACE('',(#11725),#11731,.F.);
#11725 = FACE_BOUND('',#11726,.F.);
#11726 = EDGE_LOOP('',(#11727,#11728,#11729,#11730));
#11727 = ORIENTED_EDGE('',*,*,#11614,.F.);
#11728 = ORIENTED_EDGE('',*,*,#11684,.T.);
#11729 = ORIENTED_EDGE('',*,*,#11654,.T.);
#11730 = ORIENTED_EDGE('',*,*,#11706,.F.);
#11731 = PLANE('',#11732);
#11732 = AXIS2_PLACEMENT_3D('',#11733,#11734,#11735);
#11733 = CARTESIAN_POINT('',(3.142964775167,18.6,2.29));
#11734 = DIRECTION('',(0.,0.,1.));
#11735 = DIRECTION('',(1.,0.,0.));
#11736 = ADVANCED_FACE('',(#11737),#11743,.T.);
#11737 = FACE_BOUND('',#11738,.T.);
#11738 = EDGE_LOOP('',(#11739,#11740,#11741,#11742));
#11739 = ORIENTED_EDGE('',*,*,#11630,.F.);
#11740 = ORIENTED_EDGE('',*,*,#11691,.T.);
#11741 = ORIENTED_EDGE('',*,*,#11670,.T.);
#11742 = ORIENTED_EDGE('',*,*,#11713,.F.);
#11743 = PLANE('',#11744);
#11744 = AXIS2_PLACEMENT_3D('',#11745,#11746,#11747);
#11745 = CARTESIAN_POINT('',(3.142964775167,18.6,2.41));
#11746 = DIRECTION('',(0.,0.,1.));
#11747 = DIRECTION('',(1.,0.,0.));
#11748 = MANIFOLD_SOLID_BREP('',#11749);
#11749 = CLOSED_SHELL('',(#11750,#11792,#11824,#11848,#11873,#11890));
#11750 = ADVANCED_FACE('',(#11751),#11787,.T.);
#11751 = FACE_BOUND('',#11752,.T.);
#11752 = EDGE_LOOP('',(#11753,#11764,#11772,#11781));
#11753 = ORIENTED_EDGE('',*,*,#11754,.F.);
#11754 = EDGE_CURVE('',#11755,#11757,#11759,.T.);
#11755 = VERTEX_POINT('',#11756);
#11756 = CARTESIAN_POINT('',(21.357194866997,25.2,3.76));
#11757 = VERTEX_POINT('',#11758);
#11758 = CARTESIAN_POINT('',(21.357194866997,25.2,2.29));
#11759 = CIRCLE('',#11760,0.735);
#11760 = AXIS2_PLACEMENT_3D('',#11761,#11762,#11763);
#11761 = CARTESIAN_POINT('',(21.357194866997,25.2,3.025));
#11762 = DIRECTION('',(0.,1.,0.));
#11763 = DIRECTION('',(0.,0.,1.));
#11764 = ORIENTED_EDGE('',*,*,#11765,.F.);
#11765 = EDGE_CURVE('',#11766,#11755,#11768,.T.);
#11766 = VERTEX_POINT('',#11767);
#11767 = CARTESIAN_POINT('',(21.357194866997,18.6,3.76));
#11768 = LINE('',#11769,#11770);
#11769 = CARTESIAN_POINT('',(21.357194866997,18.6,3.76));
#11770 = VECTOR('',#11771,1.);
#11771 = DIRECTION('',(0.,1.,0.));
#11772 = ORIENTED_EDGE('',*,*,#11773,.T.);
#11773 = EDGE_CURVE('',#11766,#11774,#11776,.T.);
#11774 = VERTEX_POINT('',#11775);
#11775 = CARTESIAN_POINT('',(21.357194866997,18.6,2.29));
#11776 = CIRCLE('',#11777,0.735);
#11777 = AXIS2_PLACEMENT_3D('',#11778,#11779,#11780);
#11778 = CARTESIAN_POINT('',(21.357194866997,18.6,3.025));
#11779 = DIRECTION('',(0.,1.,0.));
#11780 = DIRECTION('',(0.,0.,1.));
#11781 = ORIENTED_EDGE('',*,*,#11782,.T.);
#11782 = EDGE_CURVE('',#11774,#11757,#11783,.T.);
#11783 = LINE('',#11784,#11785);
#11784 = CARTESIAN_POINT('',(21.357194866997,18.6,2.29));
#11785 = VECTOR('',#11786,1.);
#11786 = DIRECTION('',(0.,1.,0.));
#11787 = CYLINDRICAL_SURFACE('',#11788,0.735);
#11788 = AXIS2_PLACEMENT_3D('',#11789,#11790,#11791);
#11789 = CARTESIAN_POINT('',(21.357194866997,18.6,3.025));
#11790 = DIRECTION('',(0.,1.,0.));
#11791 = DIRECTION('',(0.,0.,1.));
#11792 = ADVANCED_FACE('',(#11793),#11819,.T.);
#11793 = FACE_BOUND('',#11794,.T.);
#11794 = EDGE_LOOP('',(#11795,#11803,#11804,#11812));
#11795 = ORIENTED_EDGE('',*,*,#11796,.F.);
#11796 = EDGE_CURVE('',#11755,#11797,#11799,.T.);
#11797 = VERTEX_POINT('',#11798);
#11798 = CARTESIAN_POINT('',(21.357194866997,25.2,3.64));
#11799 = LINE('',#11800,#11801);
#11800 = CARTESIAN_POINT('',(21.357194866997,25.2,2.6275));
#11801 = VECTOR('',#11802,1.);
#11802 = DIRECTION('',(0.,0.,-1.));
#11803 = ORIENTED_EDGE('',*,*,#11754,.T.);
#11804 = ORIENTED_EDGE('',*,*,#11805,.F.);
#11805 = EDGE_CURVE('',#11806,#11757,#11808,.T.);
#11806 = VERTEX_POINT('',#11807);
#11807 = CARTESIAN_POINT('',(21.357194866997,25.2,2.41));
#11808 = LINE('',#11809,#11810);
#11809 = CARTESIAN_POINT('',(21.357194866997,25.2,2.6275));
#11810 = VECTOR('',#11811,1.);
#11811 = DIRECTION('',(0.,0.,-1.));
#11812 = ORIENTED_EDGE('',*,*,#11813,.F.);
#11813 = EDGE_CURVE('',#11797,#11806,#11814,.T.);
#11814 = CIRCLE('',#11815,0.615);
#11815 = AXIS2_PLACEMENT_3D('',#11816,#11817,#11818);
#11816 = CARTESIAN_POINT('',(21.357194866997,25.2,3.025));
#11817 = DIRECTION('',(0.,1.,0.));
#11818 = DIRECTION('',(0.,0.,1.));
#11819 = PLANE('',#11820);
#11820 = AXIS2_PLACEMENT_3D('',#11821,#11822,#11823);
#11821 = CARTESIAN_POINT('',(21.357194866997,25.2,3.025));
#11822 = DIRECTION('',(0.,1.,0.));
#11823 = DIRECTION('',(0.,0.,1.));
#11824 = ADVANCED_FACE('',(#11825),#11843,.F.);
#11825 = FACE_BOUND('',#11826,.F.);
#11826 = EDGE_LOOP('',(#11827,#11835,#11836,#11837));
#11827 = ORIENTED_EDGE('',*,*,#11828,.T.);
#11828 = EDGE_CURVE('',#11829,#11774,#11831,.T.);
#11829 = VERTEX_POINT('',#11830);
#11830 = CARTESIAN_POINT('',(21.357194866997,18.6,2.41));
#11831 = LINE('',#11832,#11833);
#11832 = CARTESIAN_POINT('',(21.357194866997,18.6,2.6275));
#11833 = VECTOR('',#11834,1.);
#11834 = DIRECTION('',(0.,0.,-1.));
#11835 = ORIENTED_EDGE('',*,*,#11782,.T.);
#11836 = ORIENTED_EDGE('',*,*,#11805,.F.);
#11837 = ORIENTED_EDGE('',*,*,#11838,.F.);
#11838 = EDGE_CURVE('',#11829,#11806,#11839,.T.);
#11839 = LINE('',#11840,#11841);
#11840 = CARTESIAN_POINT('',(21.357194866997,17.6,2.41));
#11841 = VECTOR('',#11842,1.);
#11842 = DIRECTION('',(0.,1.,0.));
#11843 = PLANE('',#11844);
#11844 = AXIS2_PLACEMENT_3D('',#11845,#11846,#11847);
#11845 = CARTESIAN_POINT('',(21.357194866997,17.9,2.23));
#11846 = DIRECTION('',(1.,0.,0.));
#11847 = DIRECTION('',(0.,0.,1.));
#11848 = ADVANCED_FACE('',(#11849),#11868,.F.);
#11849 = FACE_BOUND('',#11850,.F.);
#11850 = EDGE_LOOP('',(#11851,#11859,#11860,#11861));
#11851 = ORIENTED_EDGE('',*,*,#11852,.F.);
#11852 = EDGE_CURVE('',#11766,#11853,#11855,.T.);
#11853 = VERTEX_POINT('',#11854);
#11854 = CARTESIAN_POINT('',(21.357194866997,18.6,3.64));
#11855 = LINE('',#11856,#11857);
#11856 = CARTESIAN_POINT('',(21.357194866997,18.6,2.6275));
#11857 = VECTOR('',#11858,1.);
#11858 = DIRECTION('',(0.,0.,-1.));
#11859 = ORIENTED_EDGE('',*,*,#11773,.T.);
#11860 = ORIENTED_EDGE('',*,*,#11828,.F.);
#11861 = ORIENTED_EDGE('',*,*,#11862,.F.);
#11862 = EDGE_CURVE('',#11853,#11829,#11863,.T.);
#11863 = CIRCLE('',#11864,0.615);
#11864 = AXIS2_PLACEMENT_3D('',#11865,#11866,#11867);
#11865 = CARTESIAN_POINT('',(21.357194866997,18.6,3.025));
#11866 = DIRECTION('',(0.,1.,0.));
#11867 = DIRECTION('',(0.,0.,1.));
#11868 = PLANE('',#11869);
#11869 = AXIS2_PLACEMENT_3D('',#11870,#11871,#11872);
#11870 = CARTESIAN_POINT('',(21.357194866997,18.6,3.025));
#11871 = DIRECTION('',(0.,1.,0.));
#11872 = DIRECTION('',(0.,0.,1.));
#11873 = ADVANCED_FACE('',(#11874),#11885,.F.);
#11874 = FACE_BOUND('',#11875,.F.);
#11875 = EDGE_LOOP('',(#11876,#11877,#11878,#11884));
#11876 = ORIENTED_EDGE('',*,*,#11765,.F.);
#11877 = ORIENTED_EDGE('',*,*,#11852,.T.);
#11878 = ORIENTED_EDGE('',*,*,#11879,.T.);
#11879 = EDGE_CURVE('',#11853,#11797,#11880,.T.);
#11880 = LINE('',#11881,#11882);
#11881 = CARTESIAN_POINT('',(21.357194866997,17.6,3.64));
#11882 = VECTOR('',#11883,1.);
#11883 = DIRECTION('',(0.,1.,0.));
#11884 = ORIENTED_EDGE('',*,*,#11796,.F.);
#11885 = PLANE('',#11886);
#11886 = AXIS2_PLACEMENT_3D('',#11887,#11888,#11889);
#11887 = CARTESIAN_POINT('',(21.357194866997,17.9,2.23));
#11888 = DIRECTION('',(1.,0.,0.));
#11889 = DIRECTION('',(0.,0.,1.));
#11890 = ADVANCED_FACE('',(#11891),#11897,.F.);
#11891 = FACE_BOUND('',#11892,.F.);
#11892 = EDGE_LOOP('',(#11893,#11894,#11895,#11896));
#11893 = ORIENTED_EDGE('',*,*,#11813,.F.);
#11894 = ORIENTED_EDGE('',*,*,#11879,.F.);
#11895 = ORIENTED_EDGE('',*,*,#11862,.T.);
#11896 = ORIENTED_EDGE('',*,*,#11838,.T.);
#11897 = CYLINDRICAL_SURFACE('',#11898,0.615);
#11898 = AXIS2_PLACEMENT_3D('',#11899,#11900,#11901);
#11899 = CARTESIAN_POINT('',(21.357194866997,17.6,3.025));
#11900 = DIRECTION('',(0.,1.,0.));
#11901 = DIRECTION('',(0.,0.,1.));
#11902 = MANIFOLD_SOLID_BREP('',#11903);
#11903 = CLOSED_SHELL('',(#11904,#11944,#11984,#12006,#12028,#12040));
#11904 = ADVANCED_FACE('',(#11905),#11939,.F.);
#11905 = FACE_BOUND('',#11906,.F.);
#11906 = EDGE_LOOP('',(#11907,#11917,#11925,#11933));
#11907 = ORIENTED_EDGE('',*,*,#11908,.F.);
#11908 = EDGE_CURVE('',#11909,#11911,#11913,.T.);
#11909 = VERTEX_POINT('',#11910);
#11910 = CARTESIAN_POINT('',(8.352,18.6,3.64));
#11911 = VERTEX_POINT('',#11912);
#11912 = CARTESIAN_POINT('',(8.352,18.6,3.76));
#11913 = LINE('',#11914,#11915);
#11914 = CARTESIAN_POINT('',(8.352,18.6,3.64));
#11915 = VECTOR('',#11916,1.);
#11916 = DIRECTION('',(0.,0.,1.));
#11917 = ORIENTED_EDGE('',*,*,#11918,.T.);
#11918 = EDGE_CURVE('',#11909,#11919,#11921,.T.);
#11919 = VERTEX_POINT('',#11920);
#11920 = CARTESIAN_POINT('',(8.352,25.2,3.64));
#11921 = LINE('',#11922,#11923);
#11922 = CARTESIAN_POINT('',(8.352,18.6,3.64));
#11923 = VECTOR('',#11924,1.);
#11924 = DIRECTION('',(0.,1.,0.));
#11925 = ORIENTED_EDGE('',*,*,#11926,.T.);
#11926 = EDGE_CURVE('',#11919,#11927,#11929,.T.);
#11927 = VERTEX_POINT('',#11928);
#11928 = CARTESIAN_POINT('',(8.352,25.2,3.76));
#11929 = LINE('',#11930,#11931);
#11930 = CARTESIAN_POINT('',(8.352,25.2,3.64));
#11931 = VECTOR('',#11932,1.);
#11932 = DIRECTION('',(0.,0.,1.));
#11933 = ORIENTED_EDGE('',*,*,#11934,.F.);
#11934 = EDGE_CURVE('',#11911,#11927,#11935,.T.);
#11935 = LINE('',#11936,#11937);
#11936 = CARTESIAN_POINT('',(8.352,18.6,3.76));
#11937 = VECTOR('',#11938,1.);
#11938 = DIRECTION('',(0.,1.,0.));
#11939 = PLANE('',#11940);
#11940 = AXIS2_PLACEMENT_3D('',#11941,#11942,#11943);
#11941 = CARTESIAN_POINT('',(8.352,18.6,3.64));
#11942 = DIRECTION('',(1.,0.,0.));
#11943 = DIRECTION('',(0.,0.,1.));
#11944 = ADVANCED_FACE('',(#11945),#11979,.T.);
#11945 = FACE_BOUND('',#11946,.T.);
#11946 = EDGE_LOOP('',(#11947,#11957,#11965,#11973));
#11947 = ORIENTED_EDGE('',*,*,#11948,.F.);
#11948 = EDGE_CURVE('',#11949,#11951,#11953,.T.);
#11949 = VERTEX_POINT('',#11950);
#11950 = CARTESIAN_POINT('',(21.357194866997,18.6,3.64));
#11951 = VERTEX_POINT('',#11952);
#11952 = CARTESIAN_POINT('',(21.357194866997,18.6,3.76));
#11953 = LINE('',#11954,#11955);
#11954 = CARTESIAN_POINT('',(21.357194866997,18.6,3.64));
#11955 = VECTOR('',#11956,1.);
#11956 = DIRECTION('',(0.,0.,1.));
#11957 = ORIENTED_EDGE('',*,*,#11958,.T.);
#11958 = EDGE_CURVE('',#11949,#11959,#11961,.T.);
#11959 = VERTEX_POINT('',#11960);
#11960 = CARTESIAN_POINT('',(21.357194866997,25.2,3.64));
#11961 = LINE('',#11962,#11963);
#11962 = CARTESIAN_POINT('',(21.357194866997,18.6,3.64));
#11963 = VECTOR('',#11964,1.);
#11964 = DIRECTION('',(0.,1.,0.));
#11965 = ORIENTED_EDGE('',*,*,#11966,.T.);
#11966 = EDGE_CURVE('',#11959,#11967,#11969,.T.);
#11967 = VERTEX_POINT('',#11968);
#11968 = CARTESIAN_POINT('',(21.357194866997,25.2,3.76));
#11969 = LINE('',#11970,#11971);
#11970 = CARTESIAN_POINT('',(21.357194866997,25.2,3.64));
#11971 = VECTOR('',#11972,1.);
#11972 = DIRECTION('',(0.,0.,1.));
#11973 = ORIENTED_EDGE('',*,*,#11974,.F.);
#11974 = EDGE_CURVE('',#11951,#11967,#11975,.T.);
#11975 = LINE('',#11976,#11977);
#11976 = CARTESIAN_POINT('',(21.357194866997,18.6,3.76));
#11977 = VECTOR('',#11978,1.);
#11978 = DIRECTION('',(0.,1.,0.));
#11979 = PLANE('',#11980);
#11980 = AXIS2_PLACEMENT_3D('',#11981,#11982,#11983);
#11981 = CARTESIAN_POINT('',(21.357194866997,18.6,3.64));
#11982 = DIRECTION('',(1.,0.,0.));
#11983 = DIRECTION('',(0.,0.,1.));
#11984 = ADVANCED_FACE('',(#11985),#12001,.F.);
#11985 = FACE_BOUND('',#11986,.F.);
#11986 = EDGE_LOOP('',(#11987,#11993,#11994,#12000));
#11987 = ORIENTED_EDGE('',*,*,#11988,.F.);
#11988 = EDGE_CURVE('',#11909,#11949,#11989,.T.);
#11989 = LINE('',#11990,#11991);
#11990 = CARTESIAN_POINT('',(8.352,18.6,3.64));
#11991 = VECTOR('',#11992,1.);
#11992 = DIRECTION('',(1.,0.,0.));
#11993 = ORIENTED_EDGE('',*,*,#11908,.T.);
#11994 = ORIENTED_EDGE('',*,*,#11995,.T.);
#11995 = EDGE_CURVE('',#11911,#11951,#11996,.T.);
#11996 = LINE('',#11997,#11998);
#11997 = CARTESIAN_POINT('',(8.352,18.6,3.76));
#11998 = VECTOR('',#11999,1.);
#11999 = DIRECTION('',(1.,0.,0.));
#12000 = ORIENTED_EDGE('',*,*,#11948,.F.);
#12001 = PLANE('',#12002);
#12002 = AXIS2_PLACEMENT_3D('',#12003,#12004,#12005);
#12003 = CARTESIAN_POINT('',(8.352,18.6,3.64));
#12004 = DIRECTION('',(0.,1.,0.));
#12005 = DIRECTION('',(0.,0.,1.));
#12006 = ADVANCED_FACE('',(#12007),#12023,.T.);
#12007 = FACE_BOUND('',#12008,.T.);
#12008 = EDGE_LOOP('',(#12009,#12015,#12016,#12022));
#12009 = ORIENTED_EDGE('',*,*,#12010,.F.);
#12010 = EDGE_CURVE('',#11919,#11959,#12011,.T.);
#12011 = LINE('',#12012,#12013);
#12012 = CARTESIAN_POINT('',(8.352,25.2,3.64));
#12013 = VECTOR('',#12014,1.);
#12014 = DIRECTION('',(1.,0.,0.));
#12015 = ORIENTED_EDGE('',*,*,#11926,.T.);
#12016 = ORIENTED_EDGE('',*,*,#12017,.T.);
#12017 = EDGE_CURVE('',#11927,#11967,#12018,.T.);
#12018 = LINE('',#12019,#12020);
#12019 = CARTESIAN_POINT('',(8.352,25.2,3.76));
#12020 = VECTOR('',#12021,1.);
#12021 = DIRECTION('',(1.,0.,0.));
#12022 = ORIENTED_EDGE('',*,*,#11966,.F.);
#12023 = PLANE('',#12024);
#12024 = AXIS2_PLACEMENT_3D('',#12025,#12026,#12027);
#12025 = CARTESIAN_POINT('',(8.352,25.2,3.64));
#12026 = DIRECTION('',(0.,1.,0.));
#12027 = DIRECTION('',(0.,0.,1.));
#12028 = ADVANCED_FACE('',(#12029),#12035,.F.);
#12029 = FACE_BOUND('',#12030,.F.);
#12030 = EDGE_LOOP('',(#12031,#12032,#12033,#12034));
#12031 = ORIENTED_EDGE('',*,*,#11918,.F.);
#12032 = ORIENTED_EDGE('',*,*,#11988,.T.);
#12033 = ORIENTED_EDGE('',*,*,#11958,.T.);
#12034 = ORIENTED_EDGE('',*,*,#12010,.F.);
#12035 = PLANE('',#12036);
#12036 = AXIS2_PLACEMENT_3D('',#12037,#12038,#12039);
#12037 = CARTESIAN_POINT('',(8.352,18.6,3.64));
#12038 = DIRECTION('',(0.,0.,1.));
#12039 = DIRECTION('',(1.,0.,0.));
#12040 = ADVANCED_FACE('',(#12041),#12047,.T.);
#12041 = FACE_BOUND('',#12042,.T.);
#12042 = EDGE_LOOP('',(#12043,#12044,#12045,#12046));
#12043 = ORIENTED_EDGE('',*,*,#11934,.F.);
#12044 = ORIENTED_EDGE('',*,*,#11995,.T.);
#12045 = ORIENTED_EDGE('',*,*,#11974,.T.);
#12046 = ORIENTED_EDGE('',*,*,#12017,.F.);
#12047 = PLANE('',#12048);
#12048 = AXIS2_PLACEMENT_3D('',#12049,#12050,#12051);
#12049 = CARTESIAN_POINT('',(8.352,18.6,3.76));
#12050 = DIRECTION('',(0.,0.,1.));
#12051 = DIRECTION('',(1.,0.,0.));
#12052 = MANIFOLD_SOLID_BREP('',#12053);
#12053 = CLOSED_SHELL('',(#12054,#12094,#12134,#12156,#12178,#12190));
#12054 = ADVANCED_FACE('',(#12055),#12089,.F.);
#12055 = FACE_BOUND('',#12056,.F.);
#12056 = EDGE_LOOP('',(#12057,#12067,#12075,#12083));
#12057 = ORIENTED_EDGE('',*,*,#12058,.F.);
#12058 = EDGE_CURVE('',#12059,#12061,#12063,.T.);
#12059 = VERTEX_POINT('',#12060);
#12060 = CARTESIAN_POINT('',(8.352,18.6,3.76));
#12061 = VERTEX_POINT('',#12062);
#12062 = CARTESIAN_POINT('',(8.352,18.6,3.8));
#12063 = LINE('',#12064,#12065);
#12064 = CARTESIAN_POINT('',(8.352,18.6,3.76));
#12065 = VECTOR('',#12066,1.);
#12066 = DIRECTION('',(0.,0.,1.));
#12067 = ORIENTED_EDGE('',*,*,#12068,.T.);
#12068 = EDGE_CURVE('',#12059,#12069,#12071,.T.);
#12069 = VERTEX_POINT('',#12070);
#12070 = CARTESIAN_POINT('',(8.352,25.2,3.76));
#12071 = LINE('',#12072,#12073);
#12072 = CARTESIAN_POINT('',(8.352,18.6,3.76));
#12073 = VECTOR('',#12074,1.);
#12074 = DIRECTION('',(0.,1.,0.));
#12075 = ORIENTED_EDGE('',*,*,#12076,.T.);
#12076 = EDGE_CURVE('',#12069,#12077,#12079,.T.);
#12077 = VERTEX_POINT('',#12078);
#12078 = CARTESIAN_POINT('',(8.352,25.2,3.8));
#12079 = LINE('',#12080,#12081);
#12080 = CARTESIAN_POINT('',(8.352,25.2,3.76));
#12081 = VECTOR('',#12082,1.);
#12082 = DIRECTION('',(0.,0.,1.));
#12083 = ORIENTED_EDGE('',*,*,#12084,.F.);
#12084 = EDGE_CURVE('',#12061,#12077,#12085,.T.);
#12085 = LINE('',#12086,#12087);
#12086 = CARTESIAN_POINT('',(8.352,18.6,3.8));
#12087 = VECTOR('',#12088,1.);
#12088 = DIRECTION('',(0.,1.,0.));
#12089 = PLANE('',#12090);
#12090 = AXIS2_PLACEMENT_3D('',#12091,#12092,#12093);
#12091 = CARTESIAN_POINT('',(8.352,18.6,3.76));
#12092 = DIRECTION('',(1.,0.,0.));
#12093 = DIRECTION('',(0.,0.,1.));
#12094 = ADVANCED_FACE('',(#12095),#12129,.T.);
#12095 = FACE_BOUND('',#12096,.T.);
#12096 = EDGE_LOOP('',(#12097,#12107,#12115,#12123));
#12097 = ORIENTED_EDGE('',*,*,#12098,.F.);
#12098 = EDGE_CURVE('',#12099,#12101,#12103,.T.);
#12099 = VERTEX_POINT('',#12100);
#12100 = CARTESIAN_POINT('',(10.852,18.6,3.76));
#12101 = VERTEX_POINT('',#12102);
#12102 = CARTESIAN_POINT('',(10.852,18.6,3.8));
#12103 = LINE('',#12104,#12105);
#12104 = CARTESIAN_POINT('',(10.852,18.6,3.76));
#12105 = VECTOR('',#12106,1.);
#12106 = DIRECTION('',(0.,0.,1.));
#12107 = ORIENTED_EDGE('',*,*,#12108,.T.);
#12108 = EDGE_CURVE('',#12099,#12109,#12111,.T.);
#12109 = VERTEX_POINT('',#12110);
#12110 = CARTESIAN_POINT('',(10.852,25.2,3.76));
#12111 = LINE('',#12112,#12113);
#12112 = CARTESIAN_POINT('',(10.852,18.6,3.76));
#12113 = VECTOR('',#12114,1.);
#12114 = DIRECTION('',(0.,1.,0.));
#12115 = ORIENTED_EDGE('',*,*,#12116,.T.);
#12116 = EDGE_CURVE('',#12109,#12117,#12119,.T.);
#12117 = VERTEX_POINT('',#12118);
#12118 = CARTESIAN_POINT('',(10.852,25.2,3.8));
#12119 = LINE('',#12120,#12121);
#12120 = CARTESIAN_POINT('',(10.852,25.2,3.76));
#12121 = VECTOR('',#12122,1.);
#12122 = DIRECTION('',(0.,0.,1.));
#12123 = ORIENTED_EDGE('',*,*,#12124,.F.);
#12124 = EDGE_CURVE('',#12101,#12117,#12125,.T.);
#12125 = LINE('',#12126,#12127);
#12126 = CARTESIAN_POINT('',(10.852,18.6,3.8));
#12127 = VECTOR('',#12128,1.);
#12128 = DIRECTION('',(0.,1.,0.));
#12129 = PLANE('',#12130);
#12130 = AXIS2_PLACEMENT_3D('',#12131,#12132,#12133);
#12131 = CARTESIAN_POINT('',(10.852,18.6,3.76));
#12132 = DIRECTION('',(1.,0.,0.));
#12133 = DIRECTION('',(0.,0.,1.));
#12134 = ADVANCED_FACE('',(#12135),#12151,.F.);
#12135 = FACE_BOUND('',#12136,.F.);
#12136 = EDGE_LOOP('',(#12137,#12143,#12144,#12150));
#12137 = ORIENTED_EDGE('',*,*,#12138,.F.);
#12138 = EDGE_CURVE('',#12059,#12099,#12139,.T.);
#12139 = LINE('',#12140,#12141);
#12140 = CARTESIAN_POINT('',(8.352,18.6,3.76));
#12141 = VECTOR('',#12142,1.);
#12142 = DIRECTION('',(1.,0.,0.));
#12143 = ORIENTED_EDGE('',*,*,#12058,.T.);
#12144 = ORIENTED_EDGE('',*,*,#12145,.T.);
#12145 = EDGE_CURVE('',#12061,#12101,#12146,.T.);
#12146 = LINE('',#12147,#12148);
#12147 = CARTESIAN_POINT('',(8.352,18.6,3.8));
#12148 = VECTOR('',#12149,1.);
#12149 = DIRECTION('',(1.,0.,0.));
#12150 = ORIENTED_EDGE('',*,*,#12098,.F.);
#12151 = PLANE('',#12152);
#12152 = AXIS2_PLACEMENT_3D('',#12153,#12154,#12155);
#12153 = CARTESIAN_POINT('',(8.352,18.6,3.76));
#12154 = DIRECTION('',(0.,1.,0.));
#12155 = DIRECTION('',(0.,0.,1.));
#12156 = ADVANCED_FACE('',(#12157),#12173,.T.);
#12157 = FACE_BOUND('',#12158,.T.);
#12158 = EDGE_LOOP('',(#12159,#12165,#12166,#12172));
#12159 = ORIENTED_EDGE('',*,*,#12160,.F.);
#12160 = EDGE_CURVE('',#12069,#12109,#12161,.T.);
#12161 = LINE('',#12162,#12163);
#12162 = CARTESIAN_POINT('',(8.352,25.2,3.76));
#12163 = VECTOR('',#12164,1.);
#12164 = DIRECTION('',(1.,0.,0.));
#12165 = ORIENTED_EDGE('',*,*,#12076,.T.);
#12166 = ORIENTED_EDGE('',*,*,#12167,.T.);
#12167 = EDGE_CURVE('',#12077,#12117,#12168,.T.);
#12168 = LINE('',#12169,#12170);
#12169 = CARTESIAN_POINT('',(8.352,25.2,3.8));
#12170 = VECTOR('',#12171,1.);
#12171 = DIRECTION('',(1.,0.,0.));
#12172 = ORIENTED_EDGE('',*,*,#12116,.F.);
#12173 = PLANE('',#12174);
#12174 = AXIS2_PLACEMENT_3D('',#12175,#12176,#12177);
#12175 = CARTESIAN_POINT('',(8.352,25.2,3.76));
#12176 = DIRECTION('',(0.,1.,0.));
#12177 = DIRECTION('',(0.,0.,1.));
#12178 = ADVANCED_FACE('',(#12179),#12185,.F.);
#12179 = FACE_BOUND('',#12180,.F.);
#12180 = EDGE_LOOP('',(#12181,#12182,#12183,#12184));
#12181 = ORIENTED_EDGE('',*,*,#12068,.F.);
#12182 = ORIENTED_EDGE('',*,*,#12138,.T.);
#12183 = ORIENTED_EDGE('',*,*,#12108,.T.);
#12184 = ORIENTED_EDGE('',*,*,#12160,.F.);
#12185 = PLANE('',#12186);
#12186 = AXIS2_PLACEMENT_3D('',#12187,#12188,#12189);
#12187 = CARTESIAN_POINT('',(8.352,18.6,3.76));
#12188 = DIRECTION('',(0.,0.,1.));
#12189 = DIRECTION('',(1.,0.,0.));
#12190 = ADVANCED_FACE('',(#12191),#12197,.T.);
#12191 = FACE_BOUND('',#12192,.T.);
#12192 = EDGE_LOOP('',(#12193,#12194,#12195,#12196));
#12193 = ORIENTED_EDGE('',*,*,#12084,.F.);
#12194 = ORIENTED_EDGE('',*,*,#12145,.T.);
#12195 = ORIENTED_EDGE('',*,*,#12124,.T.);
#12196 = ORIENTED_EDGE('',*,*,#12167,.F.);
#12197 = PLANE('',#12198);
#12198 = AXIS2_PLACEMENT_3D('',#12199,#12200,#12201);
#12199 = CARTESIAN_POINT('',(8.352,18.6,3.8));
#12200 = DIRECTION('',(0.,0.,1.));
#12201 = DIRECTION('',(1.,0.,0.));
#12202 = ( GEOMETRIC_REPRESENTATION_CONTEXT(3) 
GLOBAL_UNCERTAINTY_ASSIGNED_CONTEXT((#12206)) 
GLOBAL_UNIT_ASSIGNED_CONTEXT((#12203,#12204,#12205)) 
REPRESENTATION_CONTEXT('Context #1',
  '3D Context with UNIT and UNCERTAINTY') );
#12203 = ( LENGTH_UNIT() NAMED_UNIT(*) SI_UNIT(.MILLI.,.METRE.) );
#12204 = ( NAMED_UNIT(*) PLANE_ANGLE_UNIT() SI_UNIT($,.RADIAN.) );
#12205 = ( NAMED_UNIT(*) SI_UNIT($,.STERADIAN.) SOLID_ANGLE_UNIT() );
#12206 = UNCERTAINTY_MEASURE_WITH_UNIT(LENGTH_MEASURE(1.E-07),#12203,
  'distance_accuracy_value','confusion accuracy');
#12207 = PRODUCT_RELATED_PRODUCT_CATEGORY('part',$,(#7));
ENDSEC;
END-ISO-10303-21;
