ISO-10303-21;
HEADER;
FILE_DESCRIPTION(('KiCad electronic assembly'),'2;1');
FILE_NAME('adapter-with-btb.step','2026-09-23T16:41:08',('Pcbnew'),(
    'Kicad'),'Open CASCADE STEP processor 7.9','KiCad to STEP converter'
  ,'Unknown');
FILE_SCHEMA(('AUTOMOTIVE_DESIGN { 1 0 10303 214 1 1 1 1 }'));
ENDSEC;
DATA;
#1 = APPLICATION_PROTOCOL_DEFINITION('international standard',
  'automotive_design',2000,#2);
#2 = APPLICATION_CONTEXT(
  'core data for automotive mechanical design processes');
#3 = SHAPE_DEFINITION_REPRESENTATION(#4,#10);
#4 = PRODUCT_DEFINITION_SHAPE('','',#5);
#5 = PRODUCT_DEFINITION('design','',#6,#9);
#6 = PRODUCT_DEFINITION_FORMATION('','',#7);
#7 = PRODUCT('adapter-with-btb 1','adapter-with-btb 1','',(#8));
#8 = PRODUCT_CONTEXT('',#2,'mechanical');
#9 = PRODUCT_DEFINITION_CONTEXT('part definition',#2,'design');
#10 = SHAPE_REPRESENTATION('',(#11,#15,#19),#23);
#11 = AXIS2_PLACEMENT_3D('',#12,#13,#14);
#12 = CARTESIAN_POINT('',(0.,0.,0.));
#13 = DIRECTION('',(0.,0.,1.));
#14 = DIRECTION('',(1.,0.,-0.));
#15 = AXIS2_PLACEMENT_3D('',#16,#17,#18);
#16 = CARTESIAN_POINT('',(2.5,-12.,0.595));
#17 = DIRECTION('',(0.,0.,1.));
#18 = DIRECTION('',(1.,0.,0.));
#19 = AXIS2_PLACEMENT_3D('',#20,#21,#22);
#20 = CARTESIAN_POINT('',(0.,0.,0.));
#21 = DIRECTION('',(0.,0.,1.));
#22 = DIRECTION('',(1.,0.,-0.));
#23 = ( GEOMETRIC_REPRESENTATION_CONTEXT(3) 
GLOBAL_UNCERTAINTY_ASSIGNED_CONTEXT((#27)) GLOBAL_UNIT_ASSIGNED_CONTEXT(
(#24,#25,#26)) REPRESENTATION_CONTEXT('Context #1',
  '3D Context with UNIT and UNCERTAINTY') );
#24 = ( LENGTH_UNIT() NAMED_UNIT(*) SI_UNIT(.MILLI.,.METRE.) );
#25 = ( NAMED_UNIT(*) PLANE_ANGLE_UNIT() SI_UNIT($,.RADIAN.) );
#26 = ( NAMED_UNIT(*) SI_UNIT($,.STERADIAN.) SOLID_ANGLE_UNIT() );
#27 = UNCERTAINTY_MEASURE_WITH_UNIT(LENGTH_MEASURE(1.E-07),#24,
  'distance_accuracy_value','confusion accuracy');
#28 = PRODUCT_RELATED_PRODUCT_CATEGORY('part',$,(#7));
#29 = SHAPE_DEFINITION_REPRESENTATION(#30,#36);
#30 = PRODUCT_DEFINITION_SHAPE('','',#31);
#31 = PRODUCT_DEFINITION('design','',#32,#35);
#32 = PRODUCT_DEFINITION_FORMATION('','',#33);
#33 = PRODUCT('OK-23GF024-04','OK-23GF024-04','',(#34));
#34 = PRODUCT_CONTEXT('',#2,'mechanical');
#35 = PRODUCT_DEFINITION_CONTEXT('part definition',#2,'design');
#36 = SHAPE_REPRESENTATION('',(#11,#37),#41);
#37 = AXIS2_PLACEMENT_3D('',#38,#39,#40);
#38 = CARTESIAN_POINT('',(0.,0.,0.));
#39 = DIRECTION('',(0.,0.,1.));
#40 = DIRECTION('',(1.,0.,-0.));
#41 = ( GEOMETRIC_REPRESENTATION_CONTEXT(3) 
GLOBAL_UNCERTAINTY_ASSIGNED_CONTEXT((#45)) GLOBAL_UNIT_ASSIGNED_CONTEXT(
(#42,#43,#44)) REPRESENTATION_CONTEXT('Context #1',
  '3D Context with UNIT and UNCERTAINTY') );
#42 = ( LENGTH_UNIT() NAMED_UNIT(*) SI_UNIT(.MILLI.,.METRE.) );
#43 = ( NAMED_UNIT(*) PLANE_ANGLE_UNIT() SI_UNIT($,.RADIAN.) );
#44 = ( NAMED_UNIT(*) SI_UNIT($,.STERADIAN.) SOLID_ANGLE_UNIT() );
#45 = UNCERTAINTY_MEASURE_WITH_UNIT(LENGTH_MEASURE(1.E-07),#42,
  'distance_accuracy_value','confusion accuracy');
#46 = CONTEXT_DEPENDENT_SHAPE_REPRESENTATION(#47,#49);
#47 = ( REPRESENTATION_RELATIONSHIP('','',#36,#10) 
REPRESENTATION_RELATIONSHIP_WITH_TRANSFORMATION(#48) 
SHAPE_REPRESENTATION_RELATIONSHIP() );
#48 = ITEM_DEFINED_TRANSFORMATION('','',#11,#15);
#49 = PRODUCT_DEFINITION_SHAPE('Placement','Placement of an item',#50);
#50 = NEXT_ASSEMBLY_USAGE_OCCURRENCE('2','J2','',#5,#31,$);
#51 = PRODUCT_RELATED_PRODUCT_CATEGORY('part',$,(#33));
#52 = SHAPE_DEFINITION_REPRESENTATION(#53,#59);
#53 = PRODUCT_DEFINITION_SHAPE('','',#54);
#54 = PRODUCT_DEFINITION('design','',#55,#58);
#55 = PRODUCT_DEFINITION_FORMATION('','',#56);
#56 = PRODUCT('Open CASCADE STEP translator 7.8 1',
  'Open CASCADE STEP translator 7.8 1','',(#57));
#57 = PRODUCT_CONTEXT('',#2,'mechanical');
#58 = PRODUCT_DEFINITION_CONTEXT('part definition',#2,'design');
#59 = SHAPE_REPRESENTATION('',(#11,#60,#494,#644,#794,#944,#1094,#1244,
    #1394,#1544,#1694,#1844,#1994,#2144,#2294,#2444,#2594,#2744,#2894,
    #3044,#3194,#3344,#3494,#3644,#3794,#3944,#4094,#4244,#4394,#4544,
    #4694,#4844,#4994,#5144,#5294,#5444,#5594,#5744,#5894,#6044,#6194,
    #6344,#6494,#6644,#6794,#6944,#7094,#7244,#7394,#7544,#7694,#7844,
    #7994,#8144),#8294);
#60 = MANIFOLD_SOLID_BREP('',#61);
#61 = CLOSED_SHELL('',(#62,#136,#167,#191,#215,#232,#278,#309,#333,#357,
    #374,#386,#417,#448,#465,#482));
#62 = ADVANCED_FACE('',(#63,#97),#131,.T.);
#63 = FACE_BOUND('',#64,.T.);
#64 = EDGE_LOOP('',(#65,#75,#83,#91));
#65 = ORIENTED_EDGE('',*,*,#66,.F.);
#66 = EDGE_CURVE('',#67,#69,#71,.T.);
#67 = VERTEX_POINT('',#68);
#68 = CARTESIAN_POINT('',(-1.27,-3.66,0.79));
#69 = VERTEX_POINT('',#70);
#70 = CARTESIAN_POINT('',(-1.27,3.66,0.79));
#71 = LINE('',#72,#73);
#72 = CARTESIAN_POINT('',(-1.27,-3.66,0.79));
#73 = VECTOR('',#74,1.);
#74 = DIRECTION('',(0.,1.,0.));
#75 = ORIENTED_EDGE('',*,*,#76,.T.);
#76 = EDGE_CURVE('',#67,#77,#79,.T.);
#77 = VERTEX_POINT('',#78);
#78 = CARTESIAN_POINT('',(1.27,-3.66,0.79));
#79 = LINE('',#80,#81);
#80 = CARTESIAN_POINT('',(-1.27,-3.66,0.79));
#81 = VECTOR('',#82,1.);
#82 = DIRECTION('',(1.,0.,0.));
#83 = ORIENTED_EDGE('',*,*,#84,.T.);
#84 = EDGE_CURVE('',#77,#85,#87,.T.);
#85 = VERTEX_POINT('',#86);
#86 = CARTESIAN_POINT('',(1.27,3.66,0.79));
#87 = LINE('',#88,#89);
#88 = CARTESIAN_POINT('',(1.27,-3.66,0.79));
#89 = VECTOR('',#90,1.);
#90 = DIRECTION('',(0.,1.,0.));
#91 = ORIENTED_EDGE('',*,*,#92,.F.);
#92 = EDGE_CURVE('',#69,#85,#93,.T.);
#93 = LINE('',#94,#95);
#94 = CARTESIAN_POINT('',(-1.27,3.66,0.79));
#95 = VECTOR('',#96,1.);
#96 = DIRECTION('',(1.,0.,0.));
#97 = FACE_BOUND('',#98,.T.);
#98 = EDGE_LOOP('',(#99,#109,#117,#125));
#99 = ORIENTED_EDGE('',*,*,#100,.T.);
#100 = EDGE_CURVE('',#101,#103,#105,.T.);
#101 = VERTEX_POINT('',#102);
#102 = CARTESIAN_POINT('',(0.97,-3.34,0.79));
#103 = VERTEX_POINT('',#104);
#104 = CARTESIAN_POINT('',(-0.97,-3.34,0.79));
#105 = LINE('',#106,#107);
#106 = CARTESIAN_POINT('',(-1.12,-3.34,0.79));
#107 = VECTOR('',#108,1.);
#108 = DIRECTION('',(-1.,0.,0.));
#109 = ORIENTED_EDGE('',*,*,#110,.T.);
#110 = EDGE_CURVE('',#103,#111,#113,.T.);
#111 = VERTEX_POINT('',#112);
#112 = CARTESIAN_POINT('',(-0.97,3.34,0.79));
#113 = LINE('',#114,#115);
#114 = CARTESIAN_POINT('',(-0.97,-3.5,0.79));
#115 = VECTOR('',#116,1.);
#116 = DIRECTION('',(0.,1.,0.));
#117 = ORIENTED_EDGE('',*,*,#118,.F.);
#118 = EDGE_CURVE('',#119,#111,#121,.T.);
#119 = VERTEX_POINT('',#120);
#120 = CARTESIAN_POINT('',(0.97,3.34,0.79));
#121 = LINE('',#122,#123);
#122 = CARTESIAN_POINT('',(-1.12,3.34,0.79));
#123 = VECTOR('',#124,1.);
#124 = DIRECTION('',(-1.,0.,0.));
#125 = ORIENTED_EDGE('',*,*,#126,.F.);
#126 = EDGE_CURVE('',#101,#119,#127,.T.);
#127 = LINE('',#128,#129);
#128 = CARTESIAN_POINT('',(0.97,-3.5,0.79));
#129 = VECTOR('',#130,1.);
#130 = DIRECTION('',(0.,1.,0.));
#131 = PLANE('',#132);
#132 = AXIS2_PLACEMENT_3D('',#133,#134,#135);
#133 = CARTESIAN_POINT('',(-1.27,-3.66,0.79));
#134 = DIRECTION('',(0.,0.,1.));
#135 = DIRECTION('',(1.,0.,-0.));
#136 = ADVANCED_FACE('',(#137),#162,.T.);
#137 = FACE_BOUND('',#138,.T.);
#138 = EDGE_LOOP('',(#139,#149,#155,#156));
#139 = ORIENTED_EDGE('',*,*,#140,.F.);
#140 = EDGE_CURVE('',#141,#143,#145,.T.);
#141 = VERTEX_POINT('',#142);
#142 = CARTESIAN_POINT('',(-0.97,-3.34,0.18));
#143 = VERTEX_POINT('',#144);
#144 = CARTESIAN_POINT('',(0.97,-3.34,0.18));
#145 = LINE('',#146,#147);
#146 = CARTESIAN_POINT('',(-0.97,-3.34,0.18));
#147 = VECTOR('',#148,1.);
#148 = DIRECTION('',(1.,0.,0.));
#149 = ORIENTED_EDGE('',*,*,#150,.T.);
#150 = EDGE_CURVE('',#141,#103,#151,.T.);
#151 = LINE('',#152,#153);
#152 = CARTESIAN_POINT('',(-0.97,-3.34,0.18));
#153 = VECTOR('',#154,1.);
#154 = DIRECTION('',(0.,0.,1.));
#155 = ORIENTED_EDGE('',*,*,#100,.F.);
#156 = ORIENTED_EDGE('',*,*,#157,.F.);
#157 = EDGE_CURVE('',#143,#101,#158,.T.);
#158 = LINE('',#159,#160);
#159 = CARTESIAN_POINT('',(0.97,-3.34,0.18));
#160 = VECTOR('',#161,1.);
#161 = DIRECTION('',(0.,0.,1.));
#162 = PLANE('',#163);
#163 = AXIS2_PLACEMENT_3D('',#164,#165,#166);
#164 = CARTESIAN_POINT('',(-0.97,-3.34,0.18));
#165 = DIRECTION('',(0.,1.,0.));
#166 = DIRECTION('',(0.,-0.,1.));
#167 = ADVANCED_FACE('',(#168),#186,.F.);
#168 = FACE_BOUND('',#169,.F.);
#169 = EDGE_LOOP('',(#170,#171,#179,#185));
#170 = ORIENTED_EDGE('',*,*,#157,.F.);
#171 = ORIENTED_EDGE('',*,*,#172,.T.);
#172 = EDGE_CURVE('',#143,#173,#175,.T.);
#173 = VERTEX_POINT('',#174);
#174 = CARTESIAN_POINT('',(0.97,3.34,0.18));
#175 = LINE('',#176,#177);
#176 = CARTESIAN_POINT('',(0.97,-3.34,0.18));
#177 = VECTOR('',#178,1.);
#178 = DIRECTION('',(0.,1.,0.));
#179 = ORIENTED_EDGE('',*,*,#180,.T.);
#180 = EDGE_CURVE('',#173,#119,#181,.T.);
#181 = LINE('',#182,#183);
#182 = CARTESIAN_POINT('',(0.97,3.34,0.18));
#183 = VECTOR('',#184,1.);
#184 = DIRECTION('',(0.,0.,1.));
#185 = ORIENTED_EDGE('',*,*,#126,.F.);
#186 = PLANE('',#187);
#187 = AXIS2_PLACEMENT_3D('',#188,#189,#190);
#188 = CARTESIAN_POINT('',(0.97,-3.34,0.18));
#189 = DIRECTION('',(1.,0.,0.));
#190 = DIRECTION('',(0.,0.,1.));
#191 = ADVANCED_FACE('',(#192),#210,.F.);
#192 = FACE_BOUND('',#193,.F.);
#193 = EDGE_LOOP('',(#194,#202,#208,#209));
#194 = ORIENTED_EDGE('',*,*,#195,.F.);
#195 = EDGE_CURVE('',#196,#173,#198,.T.);
#196 = VERTEX_POINT('',#197);
#197 = CARTESIAN_POINT('',(-0.97,3.34,0.18));
#198 = LINE('',#199,#200);
#199 = CARTESIAN_POINT('',(-0.97,3.34,0.18));
#200 = VECTOR('',#201,1.);
#201 = DIRECTION('',(1.,0.,0.));
#202 = ORIENTED_EDGE('',*,*,#203,.T.);
#203 = EDGE_CURVE('',#196,#111,#204,.T.);
#204 = LINE('',#205,#206);
#205 = CARTESIAN_POINT('',(-0.97,3.34,0.18));
#206 = VECTOR('',#207,1.);
#207 = DIRECTION('',(0.,0.,1.));
#208 = ORIENTED_EDGE('',*,*,#118,.F.);
#209 = ORIENTED_EDGE('',*,*,#180,.F.);
#210 = PLANE('',#211);
#211 = AXIS2_PLACEMENT_3D('',#212,#213,#214);
#212 = CARTESIAN_POINT('',(-0.97,3.34,0.18));
#213 = DIRECTION('',(0.,1.,0.));
#214 = DIRECTION('',(0.,-0.,1.));
#215 = ADVANCED_FACE('',(#216),#227,.T.);
#216 = FACE_BOUND('',#217,.T.);
#217 = EDGE_LOOP('',(#218,#219,#225,#226));
#218 = ORIENTED_EDGE('',*,*,#150,.F.);
#219 = ORIENTED_EDGE('',*,*,#220,.T.);
#220 = EDGE_CURVE('',#141,#196,#221,.T.);
#221 = LINE('',#222,#223);
#222 = CARTESIAN_POINT('',(-0.97,-3.34,0.18));
#223 = VECTOR('',#224,1.);
#224 = DIRECTION('',(0.,1.,0.));
#225 = ORIENTED_EDGE('',*,*,#203,.T.);
#226 = ORIENTED_EDGE('',*,*,#110,.F.);
#227 = PLANE('',#228);
#228 = AXIS2_PLACEMENT_3D('',#229,#230,#231);
#229 = CARTESIAN_POINT('',(-0.97,-3.34,0.18));
#230 = DIRECTION('',(1.,0.,0.));
#231 = DIRECTION('',(0.,0.,1.));
#232 = ADVANCED_FACE('',(#233,#239),#273,.T.);
#233 = FACE_BOUND('',#234,.T.);
#234 = EDGE_LOOP('',(#235,#236,#237,#238));
#235 = ORIENTED_EDGE('',*,*,#220,.F.);
#236 = ORIENTED_EDGE('',*,*,#140,.T.);
#237 = ORIENTED_EDGE('',*,*,#172,.T.);
#238 = ORIENTED_EDGE('',*,*,#195,.F.);
#239 = FACE_BOUND('',#240,.T.);
#240 = EDGE_LOOP('',(#241,#251,#259,#267));
#241 = ORIENTED_EDGE('',*,*,#242,.F.);
#242 = EDGE_CURVE('',#243,#245,#247,.T.);
#243 = VERTEX_POINT('',#244);
#244 = CARTESIAN_POINT('',(-0.18,-2.72,0.18));
#245 = VERTEX_POINT('',#246);
#246 = CARTESIAN_POINT('',(0.18,-2.72,0.18));
#247 = LINE('',#248,#249);
#248 = CARTESIAN_POINT('',(-0.18,-2.72,0.18));
#249 = VECTOR('',#250,1.);
#250 = DIRECTION('',(1.,0.,0.));
#251 = ORIENTED_EDGE('',*,*,#252,.T.);
#252 = EDGE_CURVE('',#243,#253,#255,.T.);
#253 = VERTEX_POINT('',#254);
#254 = CARTESIAN_POINT('',(-0.18,2.72,0.18));
#255 = LINE('',#256,#257);
#256 = CARTESIAN_POINT('',(-0.18,-2.72,0.18));
#257 = VECTOR('',#258,1.);
#258 = DIRECTION('',(0.,1.,0.));
#259 = ORIENTED_EDGE('',*,*,#260,.T.);
#260 = EDGE_CURVE('',#253,#261,#263,.T.);
#261 = VERTEX_POINT('',#262);
#262 = CARTESIAN_POINT('',(0.18,2.72,0.18));
#263 = LINE('',#264,#265);
#264 = CARTESIAN_POINT('',(-0.18,2.72,0.18));
#265 = VECTOR('',#266,1.);
#266 = DIRECTION('',(1.,0.,0.));
#267 = ORIENTED_EDGE('',*,*,#268,.F.);
#268 = EDGE_CURVE('',#245,#261,#269,.T.);
#269 = LINE('',#270,#271);
#270 = CARTESIAN_POINT('',(0.18,-2.72,0.18));
#271 = VECTOR('',#272,1.);
#272 = DIRECTION('',(0.,1.,0.));
#273 = PLANE('',#274);
#274 = AXIS2_PLACEMENT_3D('',#275,#276,#277);
#275 = CARTESIAN_POINT('',(-1.27,-3.66,0.18));
#276 = DIRECTION('',(0.,0.,1.));
#277 = DIRECTION('',(1.,0.,-0.));
#278 = ADVANCED_FACE('',(#279),#304,.F.);
#279 = FACE_BOUND('',#280,.F.);
#280 = EDGE_LOOP('',(#281,#282,#290,#298));
#281 = ORIENTED_EDGE('',*,*,#242,.F.);
#282 = ORIENTED_EDGE('',*,*,#283,.T.);
#283 = EDGE_CURVE('',#243,#284,#286,.T.);
#284 = VERTEX_POINT('',#285);
#285 = CARTESIAN_POINT('',(-0.18,-2.72,0.71));
#286 = LINE('',#287,#288);
#287 = CARTESIAN_POINT('',(-0.18,-2.72,0.18));
#288 = VECTOR('',#289,1.);
#289 = DIRECTION('',(0.,0.,1.));
#290 = ORIENTED_EDGE('',*,*,#291,.T.);
#291 = EDGE_CURVE('',#284,#292,#294,.T.);
#292 = VERTEX_POINT('',#293);
#293 = CARTESIAN_POINT('',(0.18,-2.72,0.71));
#294 = LINE('',#295,#296);
#295 = CARTESIAN_POINT('',(-0.18,-2.72,0.71));
#296 = VECTOR('',#297,1.);
#297 = DIRECTION('',(1.,0.,0.));
#298 = ORIENTED_EDGE('',*,*,#299,.F.);
#299 = EDGE_CURVE('',#245,#292,#300,.T.);
#300 = LINE('',#301,#302);
#301 = CARTESIAN_POINT('',(0.18,-2.72,0.18));
#302 = VECTOR('',#303,1.);
#303 = DIRECTION('',(0.,0.,1.));
#304 = PLANE('',#305);
#305 = AXIS2_PLACEMENT_3D('',#306,#307,#308);
#306 = CARTESIAN_POINT('',(-0.18,-2.72,0.18));
#307 = DIRECTION('',(0.,1.,0.));
#308 = DIRECTION('',(0.,-0.,1.));
#309 = ADVANCED_FACE('',(#310),#328,.T.);
#310 = FACE_BOUND('',#311,.T.);
#311 = EDGE_LOOP('',(#312,#313,#314,#322));
#312 = ORIENTED_EDGE('',*,*,#299,.F.);
#313 = ORIENTED_EDGE('',*,*,#268,.T.);
#314 = ORIENTED_EDGE('',*,*,#315,.T.);
#315 = EDGE_CURVE('',#261,#316,#318,.T.);
#316 = VERTEX_POINT('',#317);
#317 = CARTESIAN_POINT('',(0.18,2.72,0.71));
#318 = LINE('',#319,#320);
#319 = CARTESIAN_POINT('',(0.18,2.72,0.18));
#320 = VECTOR('',#321,1.);
#321 = DIRECTION('',(0.,0.,1.));
#322 = ORIENTED_EDGE('',*,*,#323,.F.);
#323 = EDGE_CURVE('',#292,#316,#324,.T.);
#324 = LINE('',#325,#326);
#325 = CARTESIAN_POINT('',(0.18,-2.72,0.71));
#326 = VECTOR('',#327,1.);
#327 = DIRECTION('',(0.,1.,0.));
#328 = PLANE('',#329);
#329 = AXIS2_PLACEMENT_3D('',#330,#331,#332);
#330 = CARTESIAN_POINT('',(0.18,-2.72,0.18));
#331 = DIRECTION('',(1.,0.,0.));
#332 = DIRECTION('',(0.,0.,1.));
#333 = ADVANCED_FACE('',(#334),#352,.T.);
#334 = FACE_BOUND('',#335,.T.);
#335 = EDGE_LOOP('',(#336,#337,#345,#351));
#336 = ORIENTED_EDGE('',*,*,#260,.F.);
#337 = ORIENTED_EDGE('',*,*,#338,.T.);
#338 = EDGE_CURVE('',#253,#339,#341,.T.);
#339 = VERTEX_POINT('',#340);
#340 = CARTESIAN_POINT('',(-0.18,2.72,0.71));
#341 = LINE('',#342,#343);
#342 = CARTESIAN_POINT('',(-0.18,2.72,0.18));
#343 = VECTOR('',#344,1.);
#344 = DIRECTION('',(0.,0.,1.));
#345 = ORIENTED_EDGE('',*,*,#346,.T.);
#346 = EDGE_CURVE('',#339,#316,#347,.T.);
#347 = LINE('',#348,#349);
#348 = CARTESIAN_POINT('',(-0.18,2.72,0.71));
#349 = VECTOR('',#350,1.);
#350 = DIRECTION('',(1.,0.,0.));
#351 = ORIENTED_EDGE('',*,*,#315,.F.);
#352 = PLANE('',#353);
#353 = AXIS2_PLACEMENT_3D('',#354,#355,#356);
#354 = CARTESIAN_POINT('',(-0.18,2.72,0.18));
#355 = DIRECTION('',(0.,1.,0.));
#356 = DIRECTION('',(0.,-0.,1.));
#357 = ADVANCED_FACE('',(#358),#369,.F.);
#358 = FACE_BOUND('',#359,.F.);
#359 = EDGE_LOOP('',(#360,#361,#362,#363));
#360 = ORIENTED_EDGE('',*,*,#283,.F.);
#361 = ORIENTED_EDGE('',*,*,#252,.T.);
#362 = ORIENTED_EDGE('',*,*,#338,.T.);
#363 = ORIENTED_EDGE('',*,*,#364,.F.);
#364 = EDGE_CURVE('',#284,#339,#365,.T.);
#365 = LINE('',#366,#367);
#366 = CARTESIAN_POINT('',(-0.18,-2.72,0.71));
#367 = VECTOR('',#368,1.);
#368 = DIRECTION('',(0.,1.,0.));
#369 = PLANE('',#370);
#370 = AXIS2_PLACEMENT_3D('',#371,#372,#373);
#371 = CARTESIAN_POINT('',(-0.18,-2.72,0.18));
#372 = DIRECTION('',(1.,0.,0.));
#373 = DIRECTION('',(0.,0.,1.));
#374 = ADVANCED_FACE('',(#375),#381,.T.);
#375 = FACE_BOUND('',#376,.T.);
#376 = EDGE_LOOP('',(#377,#378,#379,#380));
#377 = ORIENTED_EDGE('',*,*,#364,.F.);
#378 = ORIENTED_EDGE('',*,*,#291,.T.);
#379 = ORIENTED_EDGE('',*,*,#323,.T.);
#380 = ORIENTED_EDGE('',*,*,#346,.F.);
#381 = PLANE('',#382);
#382 = AXIS2_PLACEMENT_3D('',#383,#384,#385);
#383 = CARTESIAN_POINT('',(-0.18,-2.72,0.71));
#384 = DIRECTION('',(0.,0.,1.));
#385 = DIRECTION('',(1.,0.,-0.));
#386 = ADVANCED_FACE('',(#387),#412,.T.);
#387 = FACE_BOUND('',#388,.T.);
#388 = EDGE_LOOP('',(#389,#397,#398,#406));
#389 = ORIENTED_EDGE('',*,*,#390,.T.);
#390 = EDGE_CURVE('',#391,#67,#393,.T.);
#391 = VERTEX_POINT('',#392);
#392 = CARTESIAN_POINT('',(-1.27,-3.66,6.E-02));
#393 = LINE('',#394,#395);
#394 = CARTESIAN_POINT('',(-1.27,-3.66,6.E-02));
#395 = VECTOR('',#396,1.);
#396 = DIRECTION('',(0.,0.,1.));
#397 = ORIENTED_EDGE('',*,*,#66,.T.);
#398 = ORIENTED_EDGE('',*,*,#399,.F.);
#399 = EDGE_CURVE('',#400,#69,#402,.T.);
#400 = VERTEX_POINT('',#401);
#401 = CARTESIAN_POINT('',(-1.27,3.66,6.E-02));
#402 = LINE('',#403,#404);
#403 = CARTESIAN_POINT('',(-1.27,3.66,0.18));
#404 = VECTOR('',#405,1.);
#405 = DIRECTION('',(0.,0.,1.));
#406 = ORIENTED_EDGE('',*,*,#407,.F.);
#407 = EDGE_CURVE('',#391,#400,#408,.T.);
#408 = LINE('',#409,#410);
#409 = CARTESIAN_POINT('',(-1.27,-3.66,6.E-02));
#410 = VECTOR('',#411,1.);
#411 = DIRECTION('',(0.,1.,0.));
#412 = PLANE('',#413);
#413 = AXIS2_PLACEMENT_3D('',#414,#415,#416);
#414 = CARTESIAN_POINT('',(-1.27,0.,0.425));
#415 = DIRECTION('',(-1.,-0.,-0.));
#416 = DIRECTION('',(0.,0.,-1.));
#417 = ADVANCED_FACE('',(#418),#443,.F.);
#418 = FACE_BOUND('',#419,.F.);
#419 = EDGE_LOOP('',(#420,#421,#429,#437));
#420 = ORIENTED_EDGE('',*,*,#407,.F.);
#421 = ORIENTED_EDGE('',*,*,#422,.T.);
#422 = EDGE_CURVE('',#391,#423,#425,.T.);
#423 = VERTEX_POINT('',#424);
#424 = CARTESIAN_POINT('',(1.27,-3.66,6.E-02));
#425 = LINE('',#426,#427);
#426 = CARTESIAN_POINT('',(-1.27,-3.66,6.E-02));
#427 = VECTOR('',#428,1.);
#428 = DIRECTION('',(1.,0.,0.));
#429 = ORIENTED_EDGE('',*,*,#430,.T.);
#430 = EDGE_CURVE('',#423,#431,#433,.T.);
#431 = VERTEX_POINT('',#432);
#432 = CARTESIAN_POINT('',(1.27,3.66,6.E-02));
#433 = LINE('',#434,#435);
#434 = CARTESIAN_POINT('',(1.27,-3.66,6.E-02));
#435 = VECTOR('',#436,1.);
#436 = DIRECTION('',(0.,1.,0.));
#437 = ORIENTED_EDGE('',*,*,#438,.F.);
#438 = EDGE_CURVE('',#400,#431,#439,.T.);
#439 = LINE('',#440,#441);
#440 = CARTESIAN_POINT('',(-1.27,3.66,6.E-02));
#441 = VECTOR('',#442,1.);
#442 = DIRECTION('',(1.,0.,0.));
#443 = PLANE('',#444);
#444 = AXIS2_PLACEMENT_3D('',#445,#446,#447);
#445 = CARTESIAN_POINT('',(-1.27,-3.66,6.E-02));
#446 = DIRECTION('',(0.,0.,1.));
#447 = DIRECTION('',(1.,0.,-0.));
#448 = ADVANCED_FACE('',(#449),#460,.T.);
#449 = FACE_BOUND('',#450,.T.);
#450 = EDGE_LOOP('',(#451,#452,#458,#459));
#451 = ORIENTED_EDGE('',*,*,#422,.T.);
#452 = ORIENTED_EDGE('',*,*,#453,.T.);
#453 = EDGE_CURVE('',#423,#77,#454,.T.);
#454 = LINE('',#455,#456);
#455 = CARTESIAN_POINT('',(1.27,-3.66,6.E-02));
#456 = VECTOR('',#457,1.);
#457 = DIRECTION('',(0.,0.,1.));
#458 = ORIENTED_EDGE('',*,*,#76,.F.);
#459 = ORIENTED_EDGE('',*,*,#390,.F.);
#460 = PLANE('',#461);
#461 = AXIS2_PLACEMENT_3D('',#462,#463,#464);
#462 = CARTESIAN_POINT('',(-4.243971806671E-18,-3.66,0.425));
#463 = DIRECTION('',(-0.,-1.,-0.));
#464 = DIRECTION('',(0.,0.,-1.));
#465 = ADVANCED_FACE('',(#466),#477,.T.);
#466 = FACE_BOUND('',#467,.T.);
#467 = EDGE_LOOP('',(#468,#469,#470,#471));
#468 = ORIENTED_EDGE('',*,*,#438,.F.);
#469 = ORIENTED_EDGE('',*,*,#399,.T.);
#470 = ORIENTED_EDGE('',*,*,#92,.T.);
#471 = ORIENTED_EDGE('',*,*,#472,.F.);
#472 = EDGE_CURVE('',#431,#85,#473,.T.);
#473 = LINE('',#474,#475);
#474 = CARTESIAN_POINT('',(1.27,3.66,0.18));
#475 = VECTOR('',#476,1.);
#476 = DIRECTION('',(0.,0.,1.));
#477 = PLANE('',#478);
#478 = AXIS2_PLACEMENT_3D('',#479,#480,#481);
#479 = CARTESIAN_POINT('',(2.121985903336E-17,3.66,0.425));
#480 = DIRECTION('',(0.,1.,0.));
#481 = DIRECTION('',(0.,-0.,1.));
#482 = ADVANCED_FACE('',(#483),#489,.T.);
#483 = FACE_BOUND('',#484,.T.);
#484 = EDGE_LOOP('',(#485,#486,#487,#488));
#485 = ORIENTED_EDGE('',*,*,#453,.F.);
#486 = ORIENTED_EDGE('',*,*,#430,.T.);
#487 = ORIENTED_EDGE('',*,*,#472,.T.);
#488 = ORIENTED_EDGE('',*,*,#84,.F.);
#489 = PLANE('',#490);
#490 = AXIS2_PLACEMENT_3D('',#491,#492,#493);
#491 = CARTESIAN_POINT('',(1.27,5.516636147206E-17,0.425));
#492 = DIRECTION('',(1.,0.,0.));
#493 = DIRECTION('',(0.,0.,1.));
#494 = MANIFOLD_SOLID_BREP('',#495);
#495 = CLOSED_SHELL('',(#496,#536,#576,#598,#620,#632));
#496 = ADVANCED_FACE('',(#497),#531,.F.);
#497 = FACE_BOUND('',#498,.F.);
#498 = EDGE_LOOP('',(#499,#509,#517,#525));
#499 = ORIENTED_EDGE('',*,*,#500,.F.);
#500 = EDGE_CURVE('',#501,#503,#505,.T.);
#501 = VERTEX_POINT('',#502);
#502 = CARTESIAN_POINT('',(-1.295,-2.25,0.));
#503 = VERTEX_POINT('',#504);
#504 = CARTESIAN_POINT('',(-1.295,-2.25,0.1));
#505 = LINE('',#506,#507);
#506 = CARTESIAN_POINT('',(-1.295,-2.25,0.));
#507 = VECTOR('',#508,1.);
#508 = DIRECTION('',(0.,0.,1.));
#509 = ORIENTED_EDGE('',*,*,#510,.T.);
#510 = EDGE_CURVE('',#501,#511,#513,.T.);
#511 = VERTEX_POINT('',#512);
#512 = CARTESIAN_POINT('',(-1.295,-2.15,0.));
#513 = LINE('',#514,#515);
#514 = CARTESIAN_POINT('',(-1.295,-2.25,0.));
#515 = VECTOR('',#516,1.);
#516 = DIRECTION('',(0.,1.,0.));
#517 = ORIENTED_EDGE('',*,*,#518,.T.);
#518 = EDGE_CURVE('',#511,#519,#521,.T.);
#519 = VERTEX_POINT('',#520);
#520 = CARTESIAN_POINT('',(-1.295,-2.15,0.1));
#521 = LINE('',#522,#523);
#522 = CARTESIAN_POINT('',(-1.295,-2.15,0.));
#523 = VECTOR('',#524,1.);
#524 = DIRECTION('',(0.,0.,1.));
#525 = ORIENTED_EDGE('',*,*,#526,.F.);
#526 = EDGE_CURVE('',#503,#519,#527,.T.);
#527 = LINE('',#528,#529);
#528 = CARTESIAN_POINT('',(-1.295,-2.25,0.1));
#529 = VECTOR('',#530,1.);
#530 = DIRECTION('',(0.,1.,0.));
#531 = PLANE('',#532);
#532 = AXIS2_PLACEMENT_3D('',#533,#534,#535);
#533 = CARTESIAN_POINT('',(-1.295,-2.25,0.));
#534 = DIRECTION('',(1.,0.,0.));
#535 = DIRECTION('',(0.,0.,1.));
#536 = ADVANCED_FACE('',(#537),#571,.T.);
#537 = FACE_BOUND('',#538,.T.);
#538 = EDGE_LOOP('',(#539,#549,#557,#565));
#539 = ORIENTED_EDGE('',*,*,#540,.F.);
#540 = EDGE_CURVE('',#541,#543,#545,.T.);
#541 = VERTEX_POINT('',#542);
#542 = CARTESIAN_POINT('',(-0.92,-2.25,0.));
#543 = VERTEX_POINT('',#544);
#544 = CARTESIAN_POINT('',(-0.92,-2.25,0.1));
#545 = LINE('',#546,#547);
#546 = CARTESIAN_POINT('',(-0.92,-2.25,0.));
#547 = VECTOR('',#548,1.);
#548 = DIRECTION('',(0.,0.,1.));
#549 = ORIENTED_EDGE('',*,*,#550,.T.);
#550 = EDGE_CURVE('',#541,#551,#553,.T.);
#551 = VERTEX_POINT('',#552);
#552 = CARTESIAN_POINT('',(-0.92,-2.15,0.));
#553 = LINE('',#554,#555);
#554 = CARTESIAN_POINT('',(-0.92,-2.25,0.));
#555 = VECTOR('',#556,1.);
#556 = DIRECTION('',(0.,1.,0.));
#557 = ORIENTED_EDGE('',*,*,#558,.T.);
#558 = EDGE_CURVE('',#551,#559,#561,.T.);
#559 = VERTEX_POINT('',#560);
#560 = CARTESIAN_POINT('',(-0.92,-2.15,0.1));
#561 = LINE('',#562,#563);
#562 = CARTESIAN_POINT('',(-0.92,-2.15,0.));
#563 = VECTOR('',#564,1.);
#564 = DIRECTION('',(0.,0.,1.));
#565 = ORIENTED_EDGE('',*,*,#566,.F.);
#566 = EDGE_CURVE('',#543,#559,#567,.T.);
#567 = LINE('',#568,#569);
#568 = CARTESIAN_POINT('',(-0.92,-2.25,0.1));
#569 = VECTOR('',#570,1.);
#570 = DIRECTION('',(0.,1.,0.));
#571 = PLANE('',#572);
#572 = AXIS2_PLACEMENT_3D('',#573,#574,#575);
#573 = CARTESIAN_POINT('',(-0.92,-2.25,0.));
#574 = DIRECTION('',(1.,0.,0.));
#575 = DIRECTION('',(0.,0.,1.));
#576 = ADVANCED_FACE('',(#577),#593,.F.);
#577 = FACE_BOUND('',#578,.F.);
#578 = EDGE_LOOP('',(#579,#585,#586,#592));
#579 = ORIENTED_EDGE('',*,*,#580,.F.);
#580 = EDGE_CURVE('',#501,#541,#581,.T.);
#581 = LINE('',#582,#583);
#582 = CARTESIAN_POINT('',(-1.295,-2.25,0.));
#583 = VECTOR('',#584,1.);
#584 = DIRECTION('',(1.,0.,0.));
#585 = ORIENTED_EDGE('',*,*,#500,.T.);
#586 = ORIENTED_EDGE('',*,*,#587,.T.);
#587 = EDGE_CURVE('',#503,#543,#588,.T.);
#588 = LINE('',#589,#590);
#589 = CARTESIAN_POINT('',(-1.295,-2.25,0.1));
#590 = VECTOR('',#591,1.);
#591 = DIRECTION('',(1.,0.,0.));
#592 = ORIENTED_EDGE('',*,*,#540,.F.);
#593 = PLANE('',#594);
#594 = AXIS2_PLACEMENT_3D('',#595,#596,#597);
#595 = CARTESIAN_POINT('',(-1.295,-2.25,0.));
#596 = DIRECTION('',(0.,1.,0.));
#597 = DIRECTION('',(0.,-0.,1.));
#598 = ADVANCED_FACE('',(#599),#615,.T.);
#599 = FACE_BOUND('',#600,.T.);
#600 = EDGE_LOOP('',(#601,#607,#608,#614));
#601 = ORIENTED_EDGE('',*,*,#602,.F.);
#602 = EDGE_CURVE('',#511,#551,#603,.T.);
#603 = LINE('',#604,#605);
#604 = CARTESIAN_POINT('',(-1.295,-2.15,0.));
#605 = VECTOR('',#606,1.);
#606 = DIRECTION('',(1.,0.,0.));
#607 = ORIENTED_EDGE('',*,*,#518,.T.);
#608 = ORIENTED_EDGE('',*,*,#609,.T.);
#609 = EDGE_CURVE('',#519,#559,#610,.T.);
#610 = LINE('',#611,#612);
#611 = CARTESIAN_POINT('',(-1.295,-2.15,0.1));
#612 = VECTOR('',#613,1.);
#613 = DIRECTION('',(1.,0.,0.));
#614 = ORIENTED_EDGE('',*,*,#558,.F.);
#615 = PLANE('',#616);
#616 = AXIS2_PLACEMENT_3D('',#617,#618,#619);
#617 = CARTESIAN_POINT('',(-1.295,-2.15,0.));
#618 = DIRECTION('',(0.,1.,0.));
#619 = DIRECTION('',(0.,-0.,1.));
#620 = ADVANCED_FACE('',(#621),#627,.F.);
#621 = FACE_BOUND('',#622,.F.);
#622 = EDGE_LOOP('',(#623,#624,#625,#626));
#623 = ORIENTED_EDGE('',*,*,#510,.F.);
#624 = ORIENTED_EDGE('',*,*,#580,.T.);
#625 = ORIENTED_EDGE('',*,*,#550,.T.);
#626 = ORIENTED_EDGE('',*,*,#602,.F.);
#627 = PLANE('',#628);
#628 = AXIS2_PLACEMENT_3D('',#629,#630,#631);
#629 = CARTESIAN_POINT('',(-1.295,-2.25,0.));
#630 = DIRECTION('',(0.,0.,1.));
#631 = DIRECTION('',(1.,0.,-0.));
#632 = ADVANCED_FACE('',(#633),#639,.T.);
#633 = FACE_BOUND('',#634,.T.);
#634 = EDGE_LOOP('',(#635,#636,#637,#638));
#635 = ORIENTED_EDGE('',*,*,#526,.F.);
#636 = ORIENTED_EDGE('',*,*,#587,.T.);
#637 = ORIENTED_EDGE('',*,*,#566,.T.);
#638 = ORIENTED_EDGE('',*,*,#609,.F.);
#639 = PLANE('',#640);
#640 = AXIS2_PLACEMENT_3D('',#641,#642,#643);
#641 = CARTESIAN_POINT('',(-1.295,-2.25,0.1));
#642 = DIRECTION('',(0.,0.,1.));
#643 = DIRECTION('',(1.,0.,-0.));
#644 = MANIFOLD_SOLID_BREP('',#645);
#645 = CLOSED_SHELL('',(#646,#686,#726,#748,#770,#782));
#646 = ADVANCED_FACE('',(#647),#681,.F.);
#647 = FACE_BOUND('',#648,.F.);
#648 = EDGE_LOOP('',(#649,#659,#667,#675));
#649 = ORIENTED_EDGE('',*,*,#650,.F.);
#650 = EDGE_CURVE('',#651,#653,#655,.T.);
#651 = VERTEX_POINT('',#652);
#652 = CARTESIAN_POINT('',(-0.89,-2.25,0.19));
#653 = VERTEX_POINT('',#654);
#654 = CARTESIAN_POINT('',(-0.89,-2.25,0.31));
#655 = LINE('',#656,#657);
#656 = CARTESIAN_POINT('',(-0.89,-2.25,0.19));
#657 = VECTOR('',#658,1.);
#658 = DIRECTION('',(0.,0.,1.));
#659 = ORIENTED_EDGE('',*,*,#660,.T.);
#660 = EDGE_CURVE('',#651,#661,#663,.T.);
#661 = VERTEX_POINT('',#662);
#662 = CARTESIAN_POINT('',(-0.89,-2.15,0.19));
#663 = LINE('',#664,#665);
#664 = CARTESIAN_POINT('',(-0.89,-2.25,0.19));
#665 = VECTOR('',#666,1.);
#666 = DIRECTION('',(0.,1.,0.));
#667 = ORIENTED_EDGE('',*,*,#668,.T.);
#668 = EDGE_CURVE('',#661,#669,#671,.T.);
#669 = VERTEX_POINT('',#670);
#670 = CARTESIAN_POINT('',(-0.89,-2.15,0.31));
#671 = LINE('',#672,#673);
#672 = CARTESIAN_POINT('',(-0.89,-2.15,0.19));
#673 = VECTOR('',#674,1.);
#674 = DIRECTION('',(0.,0.,1.));
#675 = ORIENTED_EDGE('',*,*,#676,.F.);
#676 = EDGE_CURVE('',#653,#669,#677,.T.);
#677 = LINE('',#678,#679);
#678 = CARTESIAN_POINT('',(-0.89,-2.25,0.31));
#679 = VECTOR('',#680,1.);
#680 = DIRECTION('',(0.,1.,0.));
#681 = PLANE('',#682);
#682 = AXIS2_PLACEMENT_3D('',#683,#684,#685);
#683 = CARTESIAN_POINT('',(-0.89,-2.25,0.19));
#684 = DIRECTION('',(1.,0.,0.));
#685 = DIRECTION('',(0.,0.,1.));
#686 = ADVANCED_FACE('',(#687),#721,.T.);
#687 = FACE_BOUND('',#688,.T.);
#688 = EDGE_LOOP('',(#689,#699,#707,#715));
#689 = ORIENTED_EDGE('',*,*,#690,.F.);
#690 = EDGE_CURVE('',#691,#693,#695,.T.);
#691 = VERTEX_POINT('',#692);
#692 = CARTESIAN_POINT('',(-0.24,-2.25,0.19));
#693 = VERTEX_POINT('',#694);
#694 = CARTESIAN_POINT('',(-0.24,-2.25,0.31));
#695 = LINE('',#696,#697);
#696 = CARTESIAN_POINT('',(-0.24,-2.25,0.19));
#697 = VECTOR('',#698,1.);
#698 = DIRECTION('',(0.,0.,1.));
#699 = ORIENTED_EDGE('',*,*,#700,.T.);
#700 = EDGE_CURVE('',#691,#701,#703,.T.);
#701 = VERTEX_POINT('',#702);
#702 = CARTESIAN_POINT('',(-0.24,-2.15,0.19));
#703 = LINE('',#704,#705);
#704 = CARTESIAN_POINT('',(-0.24,-2.25,0.19));
#705 = VECTOR('',#706,1.);
#706 = DIRECTION('',(0.,1.,0.));
#707 = ORIENTED_EDGE('',*,*,#708,.T.);
#708 = EDGE_CURVE('',#701,#709,#711,.T.);
#709 = VERTEX_POINT('',#710);
#710 = CARTESIAN_POINT('',(-0.24,-2.15,0.31));
#711 = LINE('',#712,#713);
#712 = CARTESIAN_POINT('',(-0.24,-2.15,0.19));
#713 = VECTOR('',#714,1.);
#714 = DIRECTION('',(0.,0.,1.));
#715 = ORIENTED_EDGE('',*,*,#716,.F.);
#716 = EDGE_CURVE('',#693,#709,#717,.T.);
#717 = LINE('',#718,#719);
#718 = CARTESIAN_POINT('',(-0.24,-2.25,0.31));
#719 = VECTOR('',#720,1.);
#720 = DIRECTION('',(0.,1.,0.));
#721 = PLANE('',#722);
#722 = AXIS2_PLACEMENT_3D('',#723,#724,#725);
#723 = CARTESIAN_POINT('',(-0.24,-2.25,0.19));
#724 = DIRECTION('',(1.,0.,0.));
#725 = DIRECTION('',(0.,0.,1.));
#726 = ADVANCED_FACE('',(#727),#743,.F.);
#727 = FACE_BOUND('',#728,.F.);
#728 = EDGE_LOOP('',(#729,#735,#736,#742));
#729 = ORIENTED_EDGE('',*,*,#730,.F.);
#730 = EDGE_CURVE('',#651,#691,#731,.T.);
#731 = LINE('',#732,#733);
#732 = CARTESIAN_POINT('',(-0.89,-2.25,0.19));
#733 = VECTOR('',#734,1.);
#734 = DIRECTION('',(1.,0.,0.));
#735 = ORIENTED_EDGE('',*,*,#650,.T.);
#736 = ORIENTED_EDGE('',*,*,#737,.T.);
#737 = EDGE_CURVE('',#653,#693,#738,.T.);
#738 = LINE('',#739,#740);
#739 = CARTESIAN_POINT('',(-0.89,-2.25,0.31));
#740 = VECTOR('',#741,1.);
#741 = DIRECTION('',(1.,0.,0.));
#742 = ORIENTED_EDGE('',*,*,#690,.F.);
#743 = PLANE('',#744);
#744 = AXIS2_PLACEMENT_3D('',#745,#746,#747);
#745 = CARTESIAN_POINT('',(-0.89,-2.25,0.19));
#746 = DIRECTION('',(0.,1.,0.));
#747 = DIRECTION('',(0.,-0.,1.));
#748 = ADVANCED_FACE('',(#749),#765,.T.);
#749 = FACE_BOUND('',#750,.T.);
#750 = EDGE_LOOP('',(#751,#757,#758,#764));
#751 = ORIENTED_EDGE('',*,*,#752,.F.);
#752 = EDGE_CURVE('',#661,#701,#753,.T.);
#753 = LINE('',#754,#755);
#754 = CARTESIAN_POINT('',(-0.89,-2.15,0.19));
#755 = VECTOR('',#756,1.);
#756 = DIRECTION('',(1.,0.,0.));
#757 = ORIENTED_EDGE('',*,*,#668,.T.);
#758 = ORIENTED_EDGE('',*,*,#759,.T.);
#759 = EDGE_CURVE('',#669,#709,#760,.T.);
#760 = LINE('',#761,#762);
#761 = CARTESIAN_POINT('',(-0.89,-2.15,0.31));
#762 = VECTOR('',#763,1.);
#763 = DIRECTION('',(1.,0.,0.));
#764 = ORIENTED_EDGE('',*,*,#708,.F.);
#765 = PLANE('',#766);
#766 = AXIS2_PLACEMENT_3D('',#767,#768,#769);
#767 = CARTESIAN_POINT('',(-0.89,-2.15,0.19));
#768 = DIRECTION('',(0.,1.,0.));
#769 = DIRECTION('',(0.,-0.,1.));
#770 = ADVANCED_FACE('',(#771),#777,.F.);
#771 = FACE_BOUND('',#772,.F.);
#772 = EDGE_LOOP('',(#773,#774,#775,#776));
#773 = ORIENTED_EDGE('',*,*,#660,.F.);
#774 = ORIENTED_EDGE('',*,*,#730,.T.);
#775 = ORIENTED_EDGE('',*,*,#700,.T.);
#776 = ORIENTED_EDGE('',*,*,#752,.F.);
#777 = PLANE('',#778);
#778 = AXIS2_PLACEMENT_3D('',#779,#780,#781);
#779 = CARTESIAN_POINT('',(-0.89,-2.25,0.19));
#780 = DIRECTION('',(0.,0.,1.));
#781 = DIRECTION('',(1.,0.,-0.));
#782 = ADVANCED_FACE('',(#783),#789,.T.);
#783 = FACE_BOUND('',#784,.T.);
#784 = EDGE_LOOP('',(#785,#786,#787,#788));
#785 = ORIENTED_EDGE('',*,*,#676,.F.);
#786 = ORIENTED_EDGE('',*,*,#737,.T.);
#787 = ORIENTED_EDGE('',*,*,#716,.T.);
#788 = ORIENTED_EDGE('',*,*,#759,.F.);
#789 = PLANE('',#790);
#790 = AXIS2_PLACEMENT_3D('',#791,#792,#793);
#791 = CARTESIAN_POINT('',(-0.89,-2.25,0.31));
#792 = DIRECTION('',(0.,0.,1.));
#793 = DIRECTION('',(1.,0.,-0.));
#794 = MANIFOLD_SOLID_BREP('',#795);
#795 = CLOSED_SHELL('',(#796,#836,#876,#898,#920,#932));
#796 = ADVANCED_FACE('',(#797),#831,.F.);
#797 = FACE_BOUND('',#798,.F.);
#798 = EDGE_LOOP('',(#799,#809,#817,#825));
#799 = ORIENTED_EDGE('',*,*,#800,.F.);
#800 = EDGE_CURVE('',#801,#803,#805,.T.);
#801 = VERTEX_POINT('',#802);
#802 = CARTESIAN_POINT('',(-1.295,-1.85,0.));
#803 = VERTEX_POINT('',#804);
#804 = CARTESIAN_POINT('',(-1.295,-1.85,0.1));
#805 = LINE('',#806,#807);
#806 = CARTESIAN_POINT('',(-1.295,-1.85,0.));
#807 = VECTOR('',#808,1.);
#808 = DIRECTION('',(0.,0.,1.));
#809 = ORIENTED_EDGE('',*,*,#810,.T.);
#810 = EDGE_CURVE('',#801,#811,#813,.T.);
#811 = VERTEX_POINT('',#812);
#812 = CARTESIAN_POINT('',(-1.295,-1.75,0.));
#813 = LINE('',#814,#815);
#814 = CARTESIAN_POINT('',(-1.295,-1.85,0.));
#815 = VECTOR('',#816,1.);
#816 = DIRECTION('',(0.,1.,0.));
#817 = ORIENTED_EDGE('',*,*,#818,.T.);
#818 = EDGE_CURVE('',#811,#819,#821,.T.);
#819 = VERTEX_POINT('',#820);
#820 = CARTESIAN_POINT('',(-1.295,-1.75,0.1));
#821 = LINE('',#822,#823);
#822 = CARTESIAN_POINT('',(-1.295,-1.75,0.));
#823 = VECTOR('',#824,1.);
#824 = DIRECTION('',(0.,0.,1.));
#825 = ORIENTED_EDGE('',*,*,#826,.F.);
#826 = EDGE_CURVE('',#803,#819,#827,.T.);
#827 = LINE('',#828,#829);
#828 = CARTESIAN_POINT('',(-1.295,-1.85,0.1));
#829 = VECTOR('',#830,1.);
#830 = DIRECTION('',(0.,1.,0.));
#831 = PLANE('',#832);
#832 = AXIS2_PLACEMENT_3D('',#833,#834,#835);
#833 = CARTESIAN_POINT('',(-1.295,-1.85,0.));
#834 = DIRECTION('',(1.,0.,0.));
#835 = DIRECTION('',(0.,0.,1.));
#836 = ADVANCED_FACE('',(#837),#871,.T.);
#837 = FACE_BOUND('',#838,.T.);
#838 = EDGE_LOOP('',(#839,#849,#857,#865));
#839 = ORIENTED_EDGE('',*,*,#840,.F.);
#840 = EDGE_CURVE('',#841,#843,#845,.T.);
#841 = VERTEX_POINT('',#842);
#842 = CARTESIAN_POINT('',(-0.92,-1.85,0.));
#843 = VERTEX_POINT('',#844);
#844 = CARTESIAN_POINT('',(-0.92,-1.85,0.1));
#845 = LINE('',#846,#847);
#846 = CARTESIAN_POINT('',(-0.92,-1.85,0.));
#847 = VECTOR('',#848,1.);
#848 = DIRECTION('',(0.,0.,1.));
#849 = ORIENTED_EDGE('',*,*,#850,.T.);
#850 = EDGE_CURVE('',#841,#851,#853,.T.);
#851 = VERTEX_POINT('',#852);
#852 = CARTESIAN_POINT('',(-0.92,-1.75,0.));
#853 = LINE('',#854,#855);
#854 = CARTESIAN_POINT('',(-0.92,-1.85,0.));
#855 = VECTOR('',#856,1.);
#856 = DIRECTION('',(0.,1.,0.));
#857 = ORIENTED_EDGE('',*,*,#858,.T.);
#858 = EDGE_CURVE('',#851,#859,#861,.T.);
#859 = VERTEX_POINT('',#860);
#860 = CARTESIAN_POINT('',(-0.92,-1.75,0.1));
#861 = LINE('',#862,#863);
#862 = CARTESIAN_POINT('',(-0.92,-1.75,0.));
#863 = VECTOR('',#864,1.);
#864 = DIRECTION('',(0.,0.,1.));
#865 = ORIENTED_EDGE('',*,*,#866,.F.);
#866 = EDGE_CURVE('',#843,#859,#867,.T.);
#867 = LINE('',#868,#869);
#868 = CARTESIAN_POINT('',(-0.92,-1.85,0.1));
#869 = VECTOR('',#870,1.);
#870 = DIRECTION('',(0.,1.,0.));
#871 = PLANE('',#872);
#872 = AXIS2_PLACEMENT_3D('',#873,#874,#875);
#873 = CARTESIAN_POINT('',(-0.92,-1.85,0.));
#874 = DIRECTION('',(1.,0.,0.));
#875 = DIRECTION('',(0.,0.,1.));
#876 = ADVANCED_FACE('',(#877),#893,.F.);
#877 = FACE_BOUND('',#878,.F.);
#878 = EDGE_LOOP('',(#879,#885,#886,#892));
#879 = ORIENTED_EDGE('',*,*,#880,.F.);
#880 = EDGE_CURVE('',#801,#841,#881,.T.);
#881 = LINE('',#882,#883);
#882 = CARTESIAN_POINT('',(-1.295,-1.85,0.));
#883 = VECTOR('',#884,1.);
#884 = DIRECTION('',(1.,0.,0.));
#885 = ORIENTED_EDGE('',*,*,#800,.T.);
#886 = ORIENTED_EDGE('',*,*,#887,.T.);
#887 = EDGE_CURVE('',#803,#843,#888,.T.);
#888 = LINE('',#889,#890);
#889 = CARTESIAN_POINT('',(-1.295,-1.85,0.1));
#890 = VECTOR('',#891,1.);
#891 = DIRECTION('',(1.,0.,0.));
#892 = ORIENTED_EDGE('',*,*,#840,.F.);
#893 = PLANE('',#894);
#894 = AXIS2_PLACEMENT_3D('',#895,#896,#897);
#895 = CARTESIAN_POINT('',(-1.295,-1.85,0.));
#896 = DIRECTION('',(0.,1.,0.));
#897 = DIRECTION('',(0.,-0.,1.));
#898 = ADVANCED_FACE('',(#899),#915,.T.);
#899 = FACE_BOUND('',#900,.T.);
#900 = EDGE_LOOP('',(#901,#907,#908,#914));
#901 = ORIENTED_EDGE('',*,*,#902,.F.);
#902 = EDGE_CURVE('',#811,#851,#903,.T.);
#903 = LINE('',#904,#905);
#904 = CARTESIAN_POINT('',(-1.295,-1.75,0.));
#905 = VECTOR('',#906,1.);
#906 = DIRECTION('',(1.,0.,0.));
#907 = ORIENTED_EDGE('',*,*,#818,.T.);
#908 = ORIENTED_EDGE('',*,*,#909,.T.);
#909 = EDGE_CURVE('',#819,#859,#910,.T.);
#910 = LINE('',#911,#912);
#911 = CARTESIAN_POINT('',(-1.295,-1.75,0.1));
#912 = VECTOR('',#913,1.);
#913 = DIRECTION('',(1.,0.,0.));
#914 = ORIENTED_EDGE('',*,*,#858,.F.);
#915 = PLANE('',#916);
#916 = AXIS2_PLACEMENT_3D('',#917,#918,#919);
#917 = CARTESIAN_POINT('',(-1.295,-1.75,0.));
#918 = DIRECTION('',(0.,1.,0.));
#919 = DIRECTION('',(0.,-0.,1.));
#920 = ADVANCED_FACE('',(#921),#927,.F.);
#921 = FACE_BOUND('',#922,.F.);
#922 = EDGE_LOOP('',(#923,#924,#925,#926));
#923 = ORIENTED_EDGE('',*,*,#810,.F.);
#924 = ORIENTED_EDGE('',*,*,#880,.T.);
#925 = ORIENTED_EDGE('',*,*,#850,.T.);
#926 = ORIENTED_EDGE('',*,*,#902,.F.);
#927 = PLANE('',#928);
#928 = AXIS2_PLACEMENT_3D('',#929,#930,#931);
#929 = CARTESIAN_POINT('',(-1.295,-1.85,0.));
#930 = DIRECTION('',(0.,0.,1.));
#931 = DIRECTION('',(1.,0.,-0.));
#932 = ADVANCED_FACE('',(#933),#939,.T.);
#933 = FACE_BOUND('',#934,.T.);
#934 = EDGE_LOOP('',(#935,#936,#937,#938));
#935 = ORIENTED_EDGE('',*,*,#826,.F.);
#936 = ORIENTED_EDGE('',*,*,#887,.T.);
#937 = ORIENTED_EDGE('',*,*,#866,.T.);
#938 = ORIENTED_EDGE('',*,*,#909,.F.);
#939 = PLANE('',#940);
#940 = AXIS2_PLACEMENT_3D('',#941,#942,#943);
#941 = CARTESIAN_POINT('',(-1.295,-1.85,0.1));
#942 = DIRECTION('',(0.,0.,1.));
#943 = DIRECTION('',(1.,0.,-0.));
#944 = MANIFOLD_SOLID_BREP('',#945);
#945 = CLOSED_SHELL('',(#946,#986,#1026,#1048,#1070,#1082));
#946 = ADVANCED_FACE('',(#947),#981,.F.);
#947 = FACE_BOUND('',#948,.F.);
#948 = EDGE_LOOP('',(#949,#959,#967,#975));
#949 = ORIENTED_EDGE('',*,*,#950,.F.);
#950 = EDGE_CURVE('',#951,#953,#955,.T.);
#951 = VERTEX_POINT('',#952);
#952 = CARTESIAN_POINT('',(-0.89,-1.85,0.19));
#953 = VERTEX_POINT('',#954);
#954 = CARTESIAN_POINT('',(-0.89,-1.85,0.31));
#955 = LINE('',#956,#957);
#956 = CARTESIAN_POINT('',(-0.89,-1.85,0.19));
#957 = VECTOR('',#958,1.);
#958 = DIRECTION('',(0.,0.,1.));
#959 = ORIENTED_EDGE('',*,*,#960,.T.);
#960 = EDGE_CURVE('',#951,#961,#963,.T.);
#961 = VERTEX_POINT('',#962);
#962 = CARTESIAN_POINT('',(-0.89,-1.75,0.19));
#963 = LINE('',#964,#965);
#964 = CARTESIAN_POINT('',(-0.89,-1.85,0.19));
#965 = VECTOR('',#966,1.);
#966 = DIRECTION('',(0.,1.,0.));
#967 = ORIENTED_EDGE('',*,*,#968,.T.);
#968 = EDGE_CURVE('',#961,#969,#971,.T.);
#969 = VERTEX_POINT('',#970);
#970 = CARTESIAN_POINT('',(-0.89,-1.75,0.31));
#971 = LINE('',#972,#973);
#972 = CARTESIAN_POINT('',(-0.89,-1.75,0.19));
#973 = VECTOR('',#974,1.);
#974 = DIRECTION('',(0.,0.,1.));
#975 = ORIENTED_EDGE('',*,*,#976,.F.);
#976 = EDGE_CURVE('',#953,#969,#977,.T.);
#977 = LINE('',#978,#979);
#978 = CARTESIAN_POINT('',(-0.89,-1.85,0.31));
#979 = VECTOR('',#980,1.);
#980 = DIRECTION('',(0.,1.,0.));
#981 = PLANE('',#982);
#982 = AXIS2_PLACEMENT_3D('',#983,#984,#985);
#983 = CARTESIAN_POINT('',(-0.89,-1.85,0.19));
#984 = DIRECTION('',(1.,0.,0.));
#985 = DIRECTION('',(0.,0.,1.));
#986 = ADVANCED_FACE('',(#987),#1021,.T.);
#987 = FACE_BOUND('',#988,.T.);
#988 = EDGE_LOOP('',(#989,#999,#1007,#1015));
#989 = ORIENTED_EDGE('',*,*,#990,.F.);
#990 = EDGE_CURVE('',#991,#993,#995,.T.);
#991 = VERTEX_POINT('',#992);
#992 = CARTESIAN_POINT('',(-0.24,-1.85,0.19));
#993 = VERTEX_POINT('',#994);
#994 = CARTESIAN_POINT('',(-0.24,-1.85,0.31));
#995 = LINE('',#996,#997);
#996 = CARTESIAN_POINT('',(-0.24,-1.85,0.19));
#997 = VECTOR('',#998,1.);
#998 = DIRECTION('',(0.,0.,1.));
#999 = ORIENTED_EDGE('',*,*,#1000,.T.);
#1000 = EDGE_CURVE('',#991,#1001,#1003,.T.);
#1001 = VERTEX_POINT('',#1002);
#1002 = CARTESIAN_POINT('',(-0.24,-1.75,0.19));
#1003 = LINE('',#1004,#1005);
#1004 = CARTESIAN_POINT('',(-0.24,-1.85,0.19));
#1005 = VECTOR('',#1006,1.);
#1006 = DIRECTION('',(0.,1.,0.));
#1007 = ORIENTED_EDGE('',*,*,#1008,.T.);
#1008 = EDGE_CURVE('',#1001,#1009,#1011,.T.);
#1009 = VERTEX_POINT('',#1010);
#1010 = CARTESIAN_POINT('',(-0.24,-1.75,0.31));
#1011 = LINE('',#1012,#1013);
#1012 = CARTESIAN_POINT('',(-0.24,-1.75,0.19));
#1013 = VECTOR('',#1014,1.);
#1014 = DIRECTION('',(0.,0.,1.));
#1015 = ORIENTED_EDGE('',*,*,#1016,.F.);
#1016 = EDGE_CURVE('',#993,#1009,#1017,.T.);
#1017 = LINE('',#1018,#1019);
#1018 = CARTESIAN_POINT('',(-0.24,-1.85,0.31));
#1019 = VECTOR('',#1020,1.);
#1020 = DIRECTION('',(0.,1.,0.));
#1021 = PLANE('',#1022);
#1022 = AXIS2_PLACEMENT_3D('',#1023,#1024,#1025);
#1023 = CARTESIAN_POINT('',(-0.24,-1.85,0.19));
#1024 = DIRECTION('',(1.,0.,0.));
#1025 = DIRECTION('',(0.,0.,1.));
#1026 = ADVANCED_FACE('',(#1027),#1043,.F.);
#1027 = FACE_BOUND('',#1028,.F.);
#1028 = EDGE_LOOP('',(#1029,#1035,#1036,#1042));
#1029 = ORIENTED_EDGE('',*,*,#1030,.F.);
#1030 = EDGE_CURVE('',#951,#991,#1031,.T.);
#1031 = LINE('',#1032,#1033);
#1032 = CARTESIAN_POINT('',(-0.89,-1.85,0.19));
#1033 = VECTOR('',#1034,1.);
#1034 = DIRECTION('',(1.,0.,0.));
#1035 = ORIENTED_EDGE('',*,*,#950,.T.);
#1036 = ORIENTED_EDGE('',*,*,#1037,.T.);
#1037 = EDGE_CURVE('',#953,#993,#1038,.T.);
#1038 = LINE('',#1039,#1040);
#1039 = CARTESIAN_POINT('',(-0.89,-1.85,0.31));
#1040 = VECTOR('',#1041,1.);
#1041 = DIRECTION('',(1.,0.,0.));
#1042 = ORIENTED_EDGE('',*,*,#990,.F.);
#1043 = PLANE('',#1044);
#1044 = AXIS2_PLACEMENT_3D('',#1045,#1046,#1047);
#1045 = CARTESIAN_POINT('',(-0.89,-1.85,0.19));
#1046 = DIRECTION('',(0.,1.,0.));
#1047 = DIRECTION('',(0.,-0.,1.));
#1048 = ADVANCED_FACE('',(#1049),#1065,.T.);
#1049 = FACE_BOUND('',#1050,.T.);
#1050 = EDGE_LOOP('',(#1051,#1057,#1058,#1064));
#1051 = ORIENTED_EDGE('',*,*,#1052,.F.);
#1052 = EDGE_CURVE('',#961,#1001,#1053,.T.);
#1053 = LINE('',#1054,#1055);
#1054 = CARTESIAN_POINT('',(-0.89,-1.75,0.19));
#1055 = VECTOR('',#1056,1.);
#1056 = DIRECTION('',(1.,0.,0.));
#1057 = ORIENTED_EDGE('',*,*,#968,.T.);
#1058 = ORIENTED_EDGE('',*,*,#1059,.T.);
#1059 = EDGE_CURVE('',#969,#1009,#1060,.T.);
#1060 = LINE('',#1061,#1062);
#1061 = CARTESIAN_POINT('',(-0.89,-1.75,0.31));
#1062 = VECTOR('',#1063,1.);
#1063 = DIRECTION('',(1.,0.,0.));
#1064 = ORIENTED_EDGE('',*,*,#1008,.F.);
#1065 = PLANE('',#1066);
#1066 = AXIS2_PLACEMENT_3D('',#1067,#1068,#1069);
#1067 = CARTESIAN_POINT('',(-0.89,-1.75,0.19));
#1068 = DIRECTION('',(0.,1.,0.));
#1069 = DIRECTION('',(0.,-0.,1.));
#1070 = ADVANCED_FACE('',(#1071),#1077,.F.);
#1071 = FACE_BOUND('',#1072,.F.);
#1072 = EDGE_LOOP('',(#1073,#1074,#1075,#1076));
#1073 = ORIENTED_EDGE('',*,*,#960,.F.);
#1074 = ORIENTED_EDGE('',*,*,#1030,.T.);
#1075 = ORIENTED_EDGE('',*,*,#1000,.T.);
#1076 = ORIENTED_EDGE('',*,*,#1052,.F.);
#1077 = PLANE('',#1078);
#1078 = AXIS2_PLACEMENT_3D('',#1079,#1080,#1081);
#1079 = CARTESIAN_POINT('',(-0.89,-1.85,0.19));
#1080 = DIRECTION('',(0.,0.,1.));
#1081 = DIRECTION('',(1.,0.,-0.));
#1082 = ADVANCED_FACE('',(#1083),#1089,.T.);
#1083 = FACE_BOUND('',#1084,.T.);
#1084 = EDGE_LOOP('',(#1085,#1086,#1087,#1088));
#1085 = ORIENTED_EDGE('',*,*,#976,.F.);
#1086 = ORIENTED_EDGE('',*,*,#1037,.T.);
#1087 = ORIENTED_EDGE('',*,*,#1016,.T.);
#1088 = ORIENTED_EDGE('',*,*,#1059,.F.);
#1089 = PLANE('',#1090);
#1090 = AXIS2_PLACEMENT_3D('',#1091,#1092,#1093);
#1091 = CARTESIAN_POINT('',(-0.89,-1.85,0.31));
#1092 = DIRECTION('',(0.,0.,1.));
#1093 = DIRECTION('',(1.,0.,-0.));
#1094 = MANIFOLD_SOLID_BREP('',#1095);
#1095 = CLOSED_SHELL('',(#1096,#1136,#1176,#1198,#1220,#1232));
#1096 = ADVANCED_FACE('',(#1097),#1131,.F.);
#1097 = FACE_BOUND('',#1098,.F.);
#1098 = EDGE_LOOP('',(#1099,#1109,#1117,#1125));
#1099 = ORIENTED_EDGE('',*,*,#1100,.F.);
#1100 = EDGE_CURVE('',#1101,#1103,#1105,.T.);
#1101 = VERTEX_POINT('',#1102);
#1102 = CARTESIAN_POINT('',(-1.295,-1.45,0.));
#1103 = VERTEX_POINT('',#1104);
#1104 = CARTESIAN_POINT('',(-1.295,-1.45,0.1));
#1105 = LINE('',#1106,#1107);
#1106 = CARTESIAN_POINT('',(-1.295,-1.45,0.));
#1107 = VECTOR('',#1108,1.);
#1108 = DIRECTION('',(0.,0.,1.));
#1109 = ORIENTED_EDGE('',*,*,#1110,.T.);
#1110 = EDGE_CURVE('',#1101,#1111,#1113,.T.);
#1111 = VERTEX_POINT('',#1112);
#1112 = CARTESIAN_POINT('',(-1.295,-1.35,0.));
#1113 = LINE('',#1114,#1115);
#1114 = CARTESIAN_POINT('',(-1.295,-1.45,0.));
#1115 = VECTOR('',#1116,1.);
#1116 = DIRECTION('',(0.,1.,0.));
#1117 = ORIENTED_EDGE('',*,*,#1118,.T.);
#1118 = EDGE_CURVE('',#1111,#1119,#1121,.T.);
#1119 = VERTEX_POINT('',#1120);
#1120 = CARTESIAN_POINT('',(-1.295,-1.35,0.1));
#1121 = LINE('',#1122,#1123);
#1122 = CARTESIAN_POINT('',(-1.295,-1.35,0.));
#1123 = VECTOR('',#1124,1.);
#1124 = DIRECTION('',(0.,0.,1.));
#1125 = ORIENTED_EDGE('',*,*,#1126,.F.);
#1126 = EDGE_CURVE('',#1103,#1119,#1127,.T.);
#1127 = LINE('',#1128,#1129);
#1128 = CARTESIAN_POINT('',(-1.295,-1.45,0.1));
#1129 = VECTOR('',#1130,1.);
#1130 = DIRECTION('',(0.,1.,0.));
#1131 = PLANE('',#1132);
#1132 = AXIS2_PLACEMENT_3D('',#1133,#1134,#1135);
#1133 = CARTESIAN_POINT('',(-1.295,-1.45,0.));
#1134 = DIRECTION('',(1.,0.,0.));
#1135 = DIRECTION('',(0.,0.,1.));
#1136 = ADVANCED_FACE('',(#1137),#1171,.T.);
#1137 = FACE_BOUND('',#1138,.T.);
#1138 = EDGE_LOOP('',(#1139,#1149,#1157,#1165));
#1139 = ORIENTED_EDGE('',*,*,#1140,.F.);
#1140 = EDGE_CURVE('',#1141,#1143,#1145,.T.);
#1141 = VERTEX_POINT('',#1142);
#1142 = CARTESIAN_POINT('',(-0.92,-1.45,0.));
#1143 = VERTEX_POINT('',#1144);
#1144 = CARTESIAN_POINT('',(-0.92,-1.45,0.1));
#1145 = LINE('',#1146,#1147);
#1146 = CARTESIAN_POINT('',(-0.92,-1.45,0.));
#1147 = VECTOR('',#1148,1.);
#1148 = DIRECTION('',(0.,0.,1.));
#1149 = ORIENTED_EDGE('',*,*,#1150,.T.);
#1150 = EDGE_CURVE('',#1141,#1151,#1153,.T.);
#1151 = VERTEX_POINT('',#1152);
#1152 = CARTESIAN_POINT('',(-0.92,-1.35,0.));
#1153 = LINE('',#1154,#1155);
#1154 = CARTESIAN_POINT('',(-0.92,-1.45,0.));
#1155 = VECTOR('',#1156,1.);
#1156 = DIRECTION('',(0.,1.,0.));
#1157 = ORIENTED_EDGE('',*,*,#1158,.T.);
#1158 = EDGE_CURVE('',#1151,#1159,#1161,.T.);
#1159 = VERTEX_POINT('',#1160);
#1160 = CARTESIAN_POINT('',(-0.92,-1.35,0.1));
#1161 = LINE('',#1162,#1163);
#1162 = CARTESIAN_POINT('',(-0.92,-1.35,0.));
#1163 = VECTOR('',#1164,1.);
#1164 = DIRECTION('',(0.,0.,1.));
#1165 = ORIENTED_EDGE('',*,*,#1166,.F.);
#1166 = EDGE_CURVE('',#1143,#1159,#1167,.T.);
#1167 = LINE('',#1168,#1169);
#1168 = CARTESIAN_POINT('',(-0.92,-1.45,0.1));
#1169 = VECTOR('',#1170,1.);
#1170 = DIRECTION('',(0.,1.,0.));
#1171 = PLANE('',#1172);
#1172 = AXIS2_PLACEMENT_3D('',#1173,#1174,#1175);
#1173 = CARTESIAN_POINT('',(-0.92,-1.45,0.));
#1174 = DIRECTION('',(1.,0.,0.));
#1175 = DIRECTION('',(0.,0.,1.));
#1176 = ADVANCED_FACE('',(#1177),#1193,.F.);
#1177 = FACE_BOUND('',#1178,.F.);
#1178 = EDGE_LOOP('',(#1179,#1185,#1186,#1192));
#1179 = ORIENTED_EDGE('',*,*,#1180,.F.);
#1180 = EDGE_CURVE('',#1101,#1141,#1181,.T.);
#1181 = LINE('',#1182,#1183);
#1182 = CARTESIAN_POINT('',(-1.295,-1.45,0.));
#1183 = VECTOR('',#1184,1.);
#1184 = DIRECTION('',(1.,0.,0.));
#1185 = ORIENTED_EDGE('',*,*,#1100,.T.);
#1186 = ORIENTED_EDGE('',*,*,#1187,.T.);
#1187 = EDGE_CURVE('',#1103,#1143,#1188,.T.);
#1188 = LINE('',#1189,#1190);
#1189 = CARTESIAN_POINT('',(-1.295,-1.45,0.1));
#1190 = VECTOR('',#1191,1.);
#1191 = DIRECTION('',(1.,0.,0.));
#1192 = ORIENTED_EDGE('',*,*,#1140,.F.);
#1193 = PLANE('',#1194);
#1194 = AXIS2_PLACEMENT_3D('',#1195,#1196,#1197);
#1195 = CARTESIAN_POINT('',(-1.295,-1.45,0.));
#1196 = DIRECTION('',(0.,1.,0.));
#1197 = DIRECTION('',(0.,-0.,1.));
#1198 = ADVANCED_FACE('',(#1199),#1215,.T.);
#1199 = FACE_BOUND('',#1200,.T.);
#1200 = EDGE_LOOP('',(#1201,#1207,#1208,#1214));
#1201 = ORIENTED_EDGE('',*,*,#1202,.F.);
#1202 = EDGE_CURVE('',#1111,#1151,#1203,.T.);
#1203 = LINE('',#1204,#1205);
#1204 = CARTESIAN_POINT('',(-1.295,-1.35,0.));
#1205 = VECTOR('',#1206,1.);
#1206 = DIRECTION('',(1.,0.,0.));
#1207 = ORIENTED_EDGE('',*,*,#1118,.T.);
#1208 = ORIENTED_EDGE('',*,*,#1209,.T.);
#1209 = EDGE_CURVE('',#1119,#1159,#1210,.T.);
#1210 = LINE('',#1211,#1212);
#1211 = CARTESIAN_POINT('',(-1.295,-1.35,0.1));
#1212 = VECTOR('',#1213,1.);
#1213 = DIRECTION('',(1.,0.,0.));
#1214 = ORIENTED_EDGE('',*,*,#1158,.F.);
#1215 = PLANE('',#1216);
#1216 = AXIS2_PLACEMENT_3D('',#1217,#1218,#1219);
#1217 = CARTESIAN_POINT('',(-1.295,-1.35,0.));
#1218 = DIRECTION('',(0.,1.,0.));
#1219 = DIRECTION('',(0.,-0.,1.));
#1220 = ADVANCED_FACE('',(#1221),#1227,.F.);
#1221 = FACE_BOUND('',#1222,.F.);
#1222 = EDGE_LOOP('',(#1223,#1224,#1225,#1226));
#1223 = ORIENTED_EDGE('',*,*,#1110,.F.);
#1224 = ORIENTED_EDGE('',*,*,#1180,.T.);
#1225 = ORIENTED_EDGE('',*,*,#1150,.T.);
#1226 = ORIENTED_EDGE('',*,*,#1202,.F.);
#1227 = PLANE('',#1228);
#1228 = AXIS2_PLACEMENT_3D('',#1229,#1230,#1231);
#1229 = CARTESIAN_POINT('',(-1.295,-1.45,0.));
#1230 = DIRECTION('',(0.,0.,1.));
#1231 = DIRECTION('',(1.,0.,-0.));
#1232 = ADVANCED_FACE('',(#1233),#1239,.T.);
#1233 = FACE_BOUND('',#1234,.T.);
#1234 = EDGE_LOOP('',(#1235,#1236,#1237,#1238));
#1235 = ORIENTED_EDGE('',*,*,#1126,.F.);
#1236 = ORIENTED_EDGE('',*,*,#1187,.T.);
#1237 = ORIENTED_EDGE('',*,*,#1166,.T.);
#1238 = ORIENTED_EDGE('',*,*,#1209,.F.);
#1239 = PLANE('',#1240);
#1240 = AXIS2_PLACEMENT_3D('',#1241,#1242,#1243);
#1241 = CARTESIAN_POINT('',(-1.295,-1.45,0.1));
#1242 = DIRECTION('',(0.,0.,1.));
#1243 = DIRECTION('',(1.,0.,-0.));
#1244 = MANIFOLD_SOLID_BREP('',#1245);
#1245 = CLOSED_SHELL('',(#1246,#1286,#1326,#1348,#1370,#1382));
#1246 = ADVANCED_FACE('',(#1247),#1281,.F.);
#1247 = FACE_BOUND('',#1248,.F.);
#1248 = EDGE_LOOP('',(#1249,#1259,#1267,#1275));
#1249 = ORIENTED_EDGE('',*,*,#1250,.F.);
#1250 = EDGE_CURVE('',#1251,#1253,#1255,.T.);
#1251 = VERTEX_POINT('',#1252);
#1252 = CARTESIAN_POINT('',(-0.89,-1.45,0.19));
#1253 = VERTEX_POINT('',#1254);
#1254 = CARTESIAN_POINT('',(-0.89,-1.45,0.31));
#1255 = LINE('',#1256,#1257);
#1256 = CARTESIAN_POINT('',(-0.89,-1.45,0.19));
#1257 = VECTOR('',#1258,1.);
#1258 = DIRECTION('',(0.,0.,1.));
#1259 = ORIENTED_EDGE('',*,*,#1260,.T.);
#1260 = EDGE_CURVE('',#1251,#1261,#1263,.T.);
#1261 = VERTEX_POINT('',#1262);
#1262 = CARTESIAN_POINT('',(-0.89,-1.35,0.19));
#1263 = LINE('',#1264,#1265);
#1264 = CARTESIAN_POINT('',(-0.89,-1.45,0.19));
#1265 = VECTOR('',#1266,1.);
#1266 = DIRECTION('',(0.,1.,0.));
#1267 = ORIENTED_EDGE('',*,*,#1268,.T.);
#1268 = EDGE_CURVE('',#1261,#1269,#1271,.T.);
#1269 = VERTEX_POINT('',#1270);
#1270 = CARTESIAN_POINT('',(-0.89,-1.35,0.31));
#1271 = LINE('',#1272,#1273);
#1272 = CARTESIAN_POINT('',(-0.89,-1.35,0.19));
#1273 = VECTOR('',#1274,1.);
#1274 = DIRECTION('',(0.,0.,1.));
#1275 = ORIENTED_EDGE('',*,*,#1276,.F.);
#1276 = EDGE_CURVE('',#1253,#1269,#1277,.T.);
#1277 = LINE('',#1278,#1279);
#1278 = CARTESIAN_POINT('',(-0.89,-1.45,0.31));
#1279 = VECTOR('',#1280,1.);
#1280 = DIRECTION('',(0.,1.,0.));
#1281 = PLANE('',#1282);
#1282 = AXIS2_PLACEMENT_3D('',#1283,#1284,#1285);
#1283 = CARTESIAN_POINT('',(-0.89,-1.45,0.19));
#1284 = DIRECTION('',(1.,0.,0.));
#1285 = DIRECTION('',(0.,0.,1.));
#1286 = ADVANCED_FACE('',(#1287),#1321,.T.);
#1287 = FACE_BOUND('',#1288,.T.);
#1288 = EDGE_LOOP('',(#1289,#1299,#1307,#1315));
#1289 = ORIENTED_EDGE('',*,*,#1290,.F.);
#1290 = EDGE_CURVE('',#1291,#1293,#1295,.T.);
#1291 = VERTEX_POINT('',#1292);
#1292 = CARTESIAN_POINT('',(-0.24,-1.45,0.19));
#1293 = VERTEX_POINT('',#1294);
#1294 = CARTESIAN_POINT('',(-0.24,-1.45,0.31));
#1295 = LINE('',#1296,#1297);
#1296 = CARTESIAN_POINT('',(-0.24,-1.45,0.19));
#1297 = VECTOR('',#1298,1.);
#1298 = DIRECTION('',(0.,0.,1.));
#1299 = ORIENTED_EDGE('',*,*,#1300,.T.);
#1300 = EDGE_CURVE('',#1291,#1301,#1303,.T.);
#1301 = VERTEX_POINT('',#1302);
#1302 = CARTESIAN_POINT('',(-0.24,-1.35,0.19));
#1303 = LINE('',#1304,#1305);
#1304 = CARTESIAN_POINT('',(-0.24,-1.45,0.19));
#1305 = VECTOR('',#1306,1.);
#1306 = DIRECTION('',(0.,1.,0.));
#1307 = ORIENTED_EDGE('',*,*,#1308,.T.);
#1308 = EDGE_CURVE('',#1301,#1309,#1311,.T.);
#1309 = VERTEX_POINT('',#1310);
#1310 = CARTESIAN_POINT('',(-0.24,-1.35,0.31));
#1311 = LINE('',#1312,#1313);
#1312 = CARTESIAN_POINT('',(-0.24,-1.35,0.19));
#1313 = VECTOR('',#1314,1.);
#1314 = DIRECTION('',(0.,0.,1.));
#1315 = ORIENTED_EDGE('',*,*,#1316,.F.);
#1316 = EDGE_CURVE('',#1293,#1309,#1317,.T.);
#1317 = LINE('',#1318,#1319);
#1318 = CARTESIAN_POINT('',(-0.24,-1.45,0.31));
#1319 = VECTOR('',#1320,1.);
#1320 = DIRECTION('',(0.,1.,0.));
#1321 = PLANE('',#1322);
#1322 = AXIS2_PLACEMENT_3D('',#1323,#1324,#1325);
#1323 = CARTESIAN_POINT('',(-0.24,-1.45,0.19));
#1324 = DIRECTION('',(1.,0.,0.));
#1325 = DIRECTION('',(0.,0.,1.));
#1326 = ADVANCED_FACE('',(#1327),#1343,.F.);
#1327 = FACE_BOUND('',#1328,.F.);
#1328 = EDGE_LOOP('',(#1329,#1335,#1336,#1342));
#1329 = ORIENTED_EDGE('',*,*,#1330,.F.);
#1330 = EDGE_CURVE('',#1251,#1291,#1331,.T.);
#1331 = LINE('',#1332,#1333);
#1332 = CARTESIAN_POINT('',(-0.89,-1.45,0.19));
#1333 = VECTOR('',#1334,1.);
#1334 = DIRECTION('',(1.,0.,0.));
#1335 = ORIENTED_EDGE('',*,*,#1250,.T.);
#1336 = ORIENTED_EDGE('',*,*,#1337,.T.);
#1337 = EDGE_CURVE('',#1253,#1293,#1338,.T.);
#1338 = LINE('',#1339,#1340);
#1339 = CARTESIAN_POINT('',(-0.89,-1.45,0.31));
#1340 = VECTOR('',#1341,1.);
#1341 = DIRECTION('',(1.,0.,0.));
#1342 = ORIENTED_EDGE('',*,*,#1290,.F.);
#1343 = PLANE('',#1344);
#1344 = AXIS2_PLACEMENT_3D('',#1345,#1346,#1347);
#1345 = CARTESIAN_POINT('',(-0.89,-1.45,0.19));
#1346 = DIRECTION('',(0.,1.,0.));
#1347 = DIRECTION('',(0.,-0.,1.));
#1348 = ADVANCED_FACE('',(#1349),#1365,.T.);
#1349 = FACE_BOUND('',#1350,.T.);
#1350 = EDGE_LOOP('',(#1351,#1357,#1358,#1364));
#1351 = ORIENTED_EDGE('',*,*,#1352,.F.);
#1352 = EDGE_CURVE('',#1261,#1301,#1353,.T.);
#1353 = LINE('',#1354,#1355);
#1354 = CARTESIAN_POINT('',(-0.89,-1.35,0.19));
#1355 = VECTOR('',#1356,1.);
#1356 = DIRECTION('',(1.,0.,0.));
#1357 = ORIENTED_EDGE('',*,*,#1268,.T.);
#1358 = ORIENTED_EDGE('',*,*,#1359,.T.);
#1359 = EDGE_CURVE('',#1269,#1309,#1360,.T.);
#1360 = LINE('',#1361,#1362);
#1361 = CARTESIAN_POINT('',(-0.89,-1.35,0.31));
#1362 = VECTOR('',#1363,1.);
#1363 = DIRECTION('',(1.,0.,0.));
#1364 = ORIENTED_EDGE('',*,*,#1308,.F.);
#1365 = PLANE('',#1366);
#1366 = AXIS2_PLACEMENT_3D('',#1367,#1368,#1369);
#1367 = CARTESIAN_POINT('',(-0.89,-1.35,0.19));
#1368 = DIRECTION('',(0.,1.,0.));
#1369 = DIRECTION('',(0.,-0.,1.));
#1370 = ADVANCED_FACE('',(#1371),#1377,.F.);
#1371 = FACE_BOUND('',#1372,.F.);
#1372 = EDGE_LOOP('',(#1373,#1374,#1375,#1376));
#1373 = ORIENTED_EDGE('',*,*,#1260,.F.);
#1374 = ORIENTED_EDGE('',*,*,#1330,.T.);
#1375 = ORIENTED_EDGE('',*,*,#1300,.T.);
#1376 = ORIENTED_EDGE('',*,*,#1352,.F.);
#1377 = PLANE('',#1378);
#1378 = AXIS2_PLACEMENT_3D('',#1379,#1380,#1381);
#1379 = CARTESIAN_POINT('',(-0.89,-1.45,0.19));
#1380 = DIRECTION('',(0.,0.,1.));
#1381 = DIRECTION('',(1.,0.,-0.));
#1382 = ADVANCED_FACE('',(#1383),#1389,.T.);
#1383 = FACE_BOUND('',#1384,.T.);
#1384 = EDGE_LOOP('',(#1385,#1386,#1387,#1388));
#1385 = ORIENTED_EDGE('',*,*,#1276,.F.);
#1386 = ORIENTED_EDGE('',*,*,#1337,.T.);
#1387 = ORIENTED_EDGE('',*,*,#1316,.T.);
#1388 = ORIENTED_EDGE('',*,*,#1359,.F.);
#1389 = PLANE('',#1390);
#1390 = AXIS2_PLACEMENT_3D('',#1391,#1392,#1393);
#1391 = CARTESIAN_POINT('',(-0.89,-1.45,0.31));
#1392 = DIRECTION('',(0.,0.,1.));
#1393 = DIRECTION('',(1.,0.,-0.));
#1394 = MANIFOLD_SOLID_BREP('',#1395);
#1395 = CLOSED_SHELL('',(#1396,#1436,#1476,#1498,#1520,#1532));
#1396 = ADVANCED_FACE('',(#1397),#1431,.F.);
#1397 = FACE_BOUND('',#1398,.F.);
#1398 = EDGE_LOOP('',(#1399,#1409,#1417,#1425));
#1399 = ORIENTED_EDGE('',*,*,#1400,.F.);
#1400 = EDGE_CURVE('',#1401,#1403,#1405,.T.);
#1401 = VERTEX_POINT('',#1402);
#1402 = CARTESIAN_POINT('',(-1.295,-1.05,0.));
#1403 = VERTEX_POINT('',#1404);
#1404 = CARTESIAN_POINT('',(-1.295,-1.05,0.1));
#1405 = LINE('',#1406,#1407);
#1406 = CARTESIAN_POINT('',(-1.295,-1.05,0.));
#1407 = VECTOR('',#1408,1.);
#1408 = DIRECTION('',(0.,0.,1.));
#1409 = ORIENTED_EDGE('',*,*,#1410,.T.);
#1410 = EDGE_CURVE('',#1401,#1411,#1413,.T.);
#1411 = VERTEX_POINT('',#1412);
#1412 = CARTESIAN_POINT('',(-1.295,-0.95,0.));
#1413 = LINE('',#1414,#1415);
#1414 = CARTESIAN_POINT('',(-1.295,-1.05,0.));
#1415 = VECTOR('',#1416,1.);
#1416 = DIRECTION('',(0.,1.,0.));
#1417 = ORIENTED_EDGE('',*,*,#1418,.T.);
#1418 = EDGE_CURVE('',#1411,#1419,#1421,.T.);
#1419 = VERTEX_POINT('',#1420);
#1420 = CARTESIAN_POINT('',(-1.295,-0.95,0.1));
#1421 = LINE('',#1422,#1423);
#1422 = CARTESIAN_POINT('',(-1.295,-0.95,0.));
#1423 = VECTOR('',#1424,1.);
#1424 = DIRECTION('',(0.,0.,1.));
#1425 = ORIENTED_EDGE('',*,*,#1426,.F.);
#1426 = EDGE_CURVE('',#1403,#1419,#1427,.T.);
#1427 = LINE('',#1428,#1429);
#1428 = CARTESIAN_POINT('',(-1.295,-1.05,0.1));
#1429 = VECTOR('',#1430,1.);
#1430 = DIRECTION('',(0.,1.,0.));
#1431 = PLANE('',#1432);
#1432 = AXIS2_PLACEMENT_3D('',#1433,#1434,#1435);
#1433 = CARTESIAN_POINT('',(-1.295,-1.05,0.));
#1434 = DIRECTION('',(1.,0.,0.));
#1435 = DIRECTION('',(0.,0.,1.));
#1436 = ADVANCED_FACE('',(#1437),#1471,.T.);
#1437 = FACE_BOUND('',#1438,.T.);
#1438 = EDGE_LOOP('',(#1439,#1449,#1457,#1465));
#1439 = ORIENTED_EDGE('',*,*,#1440,.F.);
#1440 = EDGE_CURVE('',#1441,#1443,#1445,.T.);
#1441 = VERTEX_POINT('',#1442);
#1442 = CARTESIAN_POINT('',(-0.92,-1.05,0.));
#1443 = VERTEX_POINT('',#1444);
#1444 = CARTESIAN_POINT('',(-0.92,-1.05,0.1));
#1445 = LINE('',#1446,#1447);
#1446 = CARTESIAN_POINT('',(-0.92,-1.05,0.));
#1447 = VECTOR('',#1448,1.);
#1448 = DIRECTION('',(0.,0.,1.));
#1449 = ORIENTED_EDGE('',*,*,#1450,.T.);
#1450 = EDGE_CURVE('',#1441,#1451,#1453,.T.);
#1451 = VERTEX_POINT('',#1452);
#1452 = CARTESIAN_POINT('',(-0.92,-0.95,0.));
#1453 = LINE('',#1454,#1455);
#1454 = CARTESIAN_POINT('',(-0.92,-1.05,0.));
#1455 = VECTOR('',#1456,1.);
#1456 = DIRECTION('',(0.,1.,0.));
#1457 = ORIENTED_EDGE('',*,*,#1458,.T.);
#1458 = EDGE_CURVE('',#1451,#1459,#1461,.T.);
#1459 = VERTEX_POINT('',#1460);
#1460 = CARTESIAN_POINT('',(-0.92,-0.95,0.1));
#1461 = LINE('',#1462,#1463);
#1462 = CARTESIAN_POINT('',(-0.92,-0.95,0.));
#1463 = VECTOR('',#1464,1.);
#1464 = DIRECTION('',(0.,0.,1.));
#1465 = ORIENTED_EDGE('',*,*,#1466,.F.);
#1466 = EDGE_CURVE('',#1443,#1459,#1467,.T.);
#1467 = LINE('',#1468,#1469);
#1468 = CARTESIAN_POINT('',(-0.92,-1.05,0.1));
#1469 = VECTOR('',#1470,1.);
#1470 = DIRECTION('',(0.,1.,0.));
#1471 = PLANE('',#1472);
#1472 = AXIS2_PLACEMENT_3D('',#1473,#1474,#1475);
#1473 = CARTESIAN_POINT('',(-0.92,-1.05,0.));
#1474 = DIRECTION('',(1.,0.,0.));
#1475 = DIRECTION('',(0.,0.,1.));
#1476 = ADVANCED_FACE('',(#1477),#1493,.F.);
#1477 = FACE_BOUND('',#1478,.F.);
#1478 = EDGE_LOOP('',(#1479,#1485,#1486,#1492));
#1479 = ORIENTED_EDGE('',*,*,#1480,.F.);
#1480 = EDGE_CURVE('',#1401,#1441,#1481,.T.);
#1481 = LINE('',#1482,#1483);
#1482 = CARTESIAN_POINT('',(-1.295,-1.05,0.));
#1483 = VECTOR('',#1484,1.);
#1484 = DIRECTION('',(1.,0.,0.));
#1485 = ORIENTED_EDGE('',*,*,#1400,.T.);
#1486 = ORIENTED_EDGE('',*,*,#1487,.T.);
#1487 = EDGE_CURVE('',#1403,#1443,#1488,.T.);
#1488 = LINE('',#1489,#1490);
#1489 = CARTESIAN_POINT('',(-1.295,-1.05,0.1));
#1490 = VECTOR('',#1491,1.);
#1491 = DIRECTION('',(1.,0.,0.));
#1492 = ORIENTED_EDGE('',*,*,#1440,.F.);
#1493 = PLANE('',#1494);
#1494 = AXIS2_PLACEMENT_3D('',#1495,#1496,#1497);
#1495 = CARTESIAN_POINT('',(-1.295,-1.05,0.));
#1496 = DIRECTION('',(0.,1.,0.));
#1497 = DIRECTION('',(0.,-0.,1.));
#1498 = ADVANCED_FACE('',(#1499),#1515,.T.);
#1499 = FACE_BOUND('',#1500,.T.);
#1500 = EDGE_LOOP('',(#1501,#1507,#1508,#1514));
#1501 = ORIENTED_EDGE('',*,*,#1502,.F.);
#1502 = EDGE_CURVE('',#1411,#1451,#1503,.T.);
#1503 = LINE('',#1504,#1505);
#1504 = CARTESIAN_POINT('',(-1.295,-0.95,0.));
#1505 = VECTOR('',#1506,1.);
#1506 = DIRECTION('',(1.,0.,0.));
#1507 = ORIENTED_EDGE('',*,*,#1418,.T.);
#1508 = ORIENTED_EDGE('',*,*,#1509,.T.);
#1509 = EDGE_CURVE('',#1419,#1459,#1510,.T.);
#1510 = LINE('',#1511,#1512);
#1511 = CARTESIAN_POINT('',(-1.295,-0.95,0.1));
#1512 = VECTOR('',#1513,1.);
#1513 = DIRECTION('',(1.,0.,0.));
#1514 = ORIENTED_EDGE('',*,*,#1458,.F.);
#1515 = PLANE('',#1516);
#1516 = AXIS2_PLACEMENT_3D('',#1517,#1518,#1519);
#1517 = CARTESIAN_POINT('',(-1.295,-0.95,0.));
#1518 = DIRECTION('',(0.,1.,0.));
#1519 = DIRECTION('',(0.,-0.,1.));
#1520 = ADVANCED_FACE('',(#1521),#1527,.F.);
#1521 = FACE_BOUND('',#1522,.F.);
#1522 = EDGE_LOOP('',(#1523,#1524,#1525,#1526));
#1523 = ORIENTED_EDGE('',*,*,#1410,.F.);
#1524 = ORIENTED_EDGE('',*,*,#1480,.T.);
#1525 = ORIENTED_EDGE('',*,*,#1450,.T.);
#1526 = ORIENTED_EDGE('',*,*,#1502,.F.);
#1527 = PLANE('',#1528);
#1528 = AXIS2_PLACEMENT_3D('',#1529,#1530,#1531);
#1529 = CARTESIAN_POINT('',(-1.295,-1.05,0.));
#1530 = DIRECTION('',(0.,0.,1.));
#1531 = DIRECTION('',(1.,0.,-0.));
#1532 = ADVANCED_FACE('',(#1533),#1539,.T.);
#1533 = FACE_BOUND('',#1534,.T.);
#1534 = EDGE_LOOP('',(#1535,#1536,#1537,#1538));
#1535 = ORIENTED_EDGE('',*,*,#1426,.F.);
#1536 = ORIENTED_EDGE('',*,*,#1487,.T.);
#1537 = ORIENTED_EDGE('',*,*,#1466,.T.);
#1538 = ORIENTED_EDGE('',*,*,#1509,.F.);
#1539 = PLANE('',#1540);
#1540 = AXIS2_PLACEMENT_3D('',#1541,#1542,#1543);
#1541 = CARTESIAN_POINT('',(-1.295,-1.05,0.1));
#1542 = DIRECTION('',(0.,0.,1.));
#1543 = DIRECTION('',(1.,0.,-0.));
#1544 = MANIFOLD_SOLID_BREP('',#1545);
#1545 = CLOSED_SHELL('',(#1546,#1586,#1626,#1648,#1670,#1682));
#1546 = ADVANCED_FACE('',(#1547),#1581,.F.);
#1547 = FACE_BOUND('',#1548,.F.);
#1548 = EDGE_LOOP('',(#1549,#1559,#1567,#1575));
#1549 = ORIENTED_EDGE('',*,*,#1550,.F.);
#1550 = EDGE_CURVE('',#1551,#1553,#1555,.T.);
#1551 = VERTEX_POINT('',#1552);
#1552 = CARTESIAN_POINT('',(-0.89,-1.05,0.19));
#1553 = VERTEX_POINT('',#1554);
#1554 = CARTESIAN_POINT('',(-0.89,-1.05,0.31));
#1555 = LINE('',#1556,#1557);
#1556 = CARTESIAN_POINT('',(-0.89,-1.05,0.19));
#1557 = VECTOR('',#1558,1.);
#1558 = DIRECTION('',(0.,0.,1.));
#1559 = ORIENTED_EDGE('',*,*,#1560,.T.);
#1560 = EDGE_CURVE('',#1551,#1561,#1563,.T.);
#1561 = VERTEX_POINT('',#1562);
#1562 = CARTESIAN_POINT('',(-0.89,-0.95,0.19));
#1563 = LINE('',#1564,#1565);
#1564 = CARTESIAN_POINT('',(-0.89,-1.05,0.19));
#1565 = VECTOR('',#1566,1.);
#1566 = DIRECTION('',(0.,1.,0.));
#1567 = ORIENTED_EDGE('',*,*,#1568,.T.);
#1568 = EDGE_CURVE('',#1561,#1569,#1571,.T.);
#1569 = VERTEX_POINT('',#1570);
#1570 = CARTESIAN_POINT('',(-0.89,-0.95,0.31));
#1571 = LINE('',#1572,#1573);
#1572 = CARTESIAN_POINT('',(-0.89,-0.95,0.19));
#1573 = VECTOR('',#1574,1.);
#1574 = DIRECTION('',(0.,0.,1.));
#1575 = ORIENTED_EDGE('',*,*,#1576,.F.);
#1576 = EDGE_CURVE('',#1553,#1569,#1577,.T.);
#1577 = LINE('',#1578,#1579);
#1578 = CARTESIAN_POINT('',(-0.89,-1.05,0.31));
#1579 = VECTOR('',#1580,1.);
#1580 = DIRECTION('',(0.,1.,0.));
#1581 = PLANE('',#1582);
#1582 = AXIS2_PLACEMENT_3D('',#1583,#1584,#1585);
#1583 = CARTESIAN_POINT('',(-0.89,-1.05,0.19));
#1584 = DIRECTION('',(1.,0.,0.));
#1585 = DIRECTION('',(0.,0.,1.));
#1586 = ADVANCED_FACE('',(#1587),#1621,.T.);
#1587 = FACE_BOUND('',#1588,.T.);
#1588 = EDGE_LOOP('',(#1589,#1599,#1607,#1615));
#1589 = ORIENTED_EDGE('',*,*,#1590,.F.);
#1590 = EDGE_CURVE('',#1591,#1593,#1595,.T.);
#1591 = VERTEX_POINT('',#1592);
#1592 = CARTESIAN_POINT('',(-0.24,-1.05,0.19));
#1593 = VERTEX_POINT('',#1594);
#1594 = CARTESIAN_POINT('',(-0.24,-1.05,0.31));
#1595 = LINE('',#1596,#1597);
#1596 = CARTESIAN_POINT('',(-0.24,-1.05,0.19));
#1597 = VECTOR('',#1598,1.);
#1598 = DIRECTION('',(0.,0.,1.));
#1599 = ORIENTED_EDGE('',*,*,#1600,.T.);
#1600 = EDGE_CURVE('',#1591,#1601,#1603,.T.);
#1601 = VERTEX_POINT('',#1602);
#1602 = CARTESIAN_POINT('',(-0.24,-0.95,0.19));
#1603 = LINE('',#1604,#1605);
#1604 = CARTESIAN_POINT('',(-0.24,-1.05,0.19));
#1605 = VECTOR('',#1606,1.);
#1606 = DIRECTION('',(0.,1.,0.));
#1607 = ORIENTED_EDGE('',*,*,#1608,.T.);
#1608 = EDGE_CURVE('',#1601,#1609,#1611,.T.);
#1609 = VERTEX_POINT('',#1610);
#1610 = CARTESIAN_POINT('',(-0.24,-0.95,0.31));
#1611 = LINE('',#1612,#1613);
#1612 = CARTESIAN_POINT('',(-0.24,-0.95,0.19));
#1613 = VECTOR('',#1614,1.);
#1614 = DIRECTION('',(0.,0.,1.));
#1615 = ORIENTED_EDGE('',*,*,#1616,.F.);
#1616 = EDGE_CURVE('',#1593,#1609,#1617,.T.);
#1617 = LINE('',#1618,#1619);
#1618 = CARTESIAN_POINT('',(-0.24,-1.05,0.31));
#1619 = VECTOR('',#1620,1.);
#1620 = DIRECTION('',(0.,1.,0.));
#1621 = PLANE('',#1622);
#1622 = AXIS2_PLACEMENT_3D('',#1623,#1624,#1625);
#1623 = CARTESIAN_POINT('',(-0.24,-1.05,0.19));
#1624 = DIRECTION('',(1.,0.,0.));
#1625 = DIRECTION('',(0.,0.,1.));
#1626 = ADVANCED_FACE('',(#1627),#1643,.F.);
#1627 = FACE_BOUND('',#1628,.F.);
#1628 = EDGE_LOOP('',(#1629,#1635,#1636,#1642));
#1629 = ORIENTED_EDGE('',*,*,#1630,.F.);
#1630 = EDGE_CURVE('',#1551,#1591,#1631,.T.);
#1631 = LINE('',#1632,#1633);
#1632 = CARTESIAN_POINT('',(-0.89,-1.05,0.19));
#1633 = VECTOR('',#1634,1.);
#1634 = DIRECTION('',(1.,0.,0.));
#1635 = ORIENTED_EDGE('',*,*,#1550,.T.);
#1636 = ORIENTED_EDGE('',*,*,#1637,.T.);
#1637 = EDGE_CURVE('',#1553,#1593,#1638,.T.);
#1638 = LINE('',#1639,#1640);
#1639 = CARTESIAN_POINT('',(-0.89,-1.05,0.31));
#1640 = VECTOR('',#1641,1.);
#1641 = DIRECTION('',(1.,0.,0.));
#1642 = ORIENTED_EDGE('',*,*,#1590,.F.);
#1643 = PLANE('',#1644);
#1644 = AXIS2_PLACEMENT_3D('',#1645,#1646,#1647);
#1645 = CARTESIAN_POINT('',(-0.89,-1.05,0.19));
#1646 = DIRECTION('',(0.,1.,0.));
#1647 = DIRECTION('',(0.,-0.,1.));
#1648 = ADVANCED_FACE('',(#1649),#1665,.T.);
#1649 = FACE_BOUND('',#1650,.T.);
#1650 = EDGE_LOOP('',(#1651,#1657,#1658,#1664));
#1651 = ORIENTED_EDGE('',*,*,#1652,.F.);
#1652 = EDGE_CURVE('',#1561,#1601,#1653,.T.);
#1653 = LINE('',#1654,#1655);
#1654 = CARTESIAN_POINT('',(-0.89,-0.95,0.19));
#1655 = VECTOR('',#1656,1.);
#1656 = DIRECTION('',(1.,0.,0.));
#1657 = ORIENTED_EDGE('',*,*,#1568,.T.);
#1658 = ORIENTED_EDGE('',*,*,#1659,.T.);
#1659 = EDGE_CURVE('',#1569,#1609,#1660,.T.);
#1660 = LINE('',#1661,#1662);
#1661 = CARTESIAN_POINT('',(-0.89,-0.95,0.31));
#1662 = VECTOR('',#1663,1.);
#1663 = DIRECTION('',(1.,0.,0.));
#1664 = ORIENTED_EDGE('',*,*,#1608,.F.);
#1665 = PLANE('',#1666);
#1666 = AXIS2_PLACEMENT_3D('',#1667,#1668,#1669);
#1667 = CARTESIAN_POINT('',(-0.89,-0.95,0.19));
#1668 = DIRECTION('',(0.,1.,0.));
#1669 = DIRECTION('',(0.,-0.,1.));
#1670 = ADVANCED_FACE('',(#1671),#1677,.F.);
#1671 = FACE_BOUND('',#1672,.F.);
#1672 = EDGE_LOOP('',(#1673,#1674,#1675,#1676));
#1673 = ORIENTED_EDGE('',*,*,#1560,.F.);
#1674 = ORIENTED_EDGE('',*,*,#1630,.T.);
#1675 = ORIENTED_EDGE('',*,*,#1600,.T.);
#1676 = ORIENTED_EDGE('',*,*,#1652,.F.);
#1677 = PLANE('',#1678);
#1678 = AXIS2_PLACEMENT_3D('',#1679,#1680,#1681);
#1679 = CARTESIAN_POINT('',(-0.89,-1.05,0.19));
#1680 = DIRECTION('',(0.,0.,1.));
#1681 = DIRECTION('',(1.,0.,-0.));
#1682 = ADVANCED_FACE('',(#1683),#1689,.T.);
#1683 = FACE_BOUND('',#1684,.T.);
#1684 = EDGE_LOOP('',(#1685,#1686,#1687,#1688));
#1685 = ORIENTED_EDGE('',*,*,#1576,.F.);
#1686 = ORIENTED_EDGE('',*,*,#1637,.T.);
#1687 = ORIENTED_EDGE('',*,*,#1616,.T.);
#1688 = ORIENTED_EDGE('',*,*,#1659,.F.);
#1689 = PLANE('',#1690);
#1690 = AXIS2_PLACEMENT_3D('',#1691,#1692,#1693);
#1691 = CARTESIAN_POINT('',(-0.89,-1.05,0.31));
#1692 = DIRECTION('',(0.,0.,1.));
#1693 = DIRECTION('',(1.,0.,-0.));
#1694 = MANIFOLD_SOLID_BREP('',#1695);
#1695 = CLOSED_SHELL('',(#1696,#1736,#1776,#1798,#1820,#1832));
#1696 = ADVANCED_FACE('',(#1697),#1731,.F.);
#1697 = FACE_BOUND('',#1698,.F.);
#1698 = EDGE_LOOP('',(#1699,#1709,#1717,#1725));
#1699 = ORIENTED_EDGE('',*,*,#1700,.F.);
#1700 = EDGE_CURVE('',#1701,#1703,#1705,.T.);
#1701 = VERTEX_POINT('',#1702);
#1702 = CARTESIAN_POINT('',(-1.295,-0.65,0.));
#1703 = VERTEX_POINT('',#1704);
#1704 = CARTESIAN_POINT('',(-1.295,-0.65,0.1));
#1705 = LINE('',#1706,#1707);
#1706 = CARTESIAN_POINT('',(-1.295,-0.65,0.));
#1707 = VECTOR('',#1708,1.);
#1708 = DIRECTION('',(0.,0.,1.));
#1709 = ORIENTED_EDGE('',*,*,#1710,.T.);
#1710 = EDGE_CURVE('',#1701,#1711,#1713,.T.);
#1711 = VERTEX_POINT('',#1712);
#1712 = CARTESIAN_POINT('',(-1.295,-0.55,0.));
#1713 = LINE('',#1714,#1715);
#1714 = CARTESIAN_POINT('',(-1.295,-0.65,0.));
#1715 = VECTOR('',#1716,1.);
#1716 = DIRECTION('',(0.,1.,0.));
#1717 = ORIENTED_EDGE('',*,*,#1718,.T.);
#1718 = EDGE_CURVE('',#1711,#1719,#1721,.T.);
#1719 = VERTEX_POINT('',#1720);
#1720 = CARTESIAN_POINT('',(-1.295,-0.55,0.1));
#1721 = LINE('',#1722,#1723);
#1722 = CARTESIAN_POINT('',(-1.295,-0.55,0.));
#1723 = VECTOR('',#1724,1.);
#1724 = DIRECTION('',(0.,0.,1.));
#1725 = ORIENTED_EDGE('',*,*,#1726,.F.);
#1726 = EDGE_CURVE('',#1703,#1719,#1727,.T.);
#1727 = LINE('',#1728,#1729);
#1728 = CARTESIAN_POINT('',(-1.295,-0.65,0.1));
#1729 = VECTOR('',#1730,1.);
#1730 = DIRECTION('',(0.,1.,0.));
#1731 = PLANE('',#1732);
#1732 = AXIS2_PLACEMENT_3D('',#1733,#1734,#1735);
#1733 = CARTESIAN_POINT('',(-1.295,-0.65,0.));
#1734 = DIRECTION('',(1.,0.,0.));
#1735 = DIRECTION('',(0.,0.,1.));
#1736 = ADVANCED_FACE('',(#1737),#1771,.T.);
#1737 = FACE_BOUND('',#1738,.T.);
#1738 = EDGE_LOOP('',(#1739,#1749,#1757,#1765));
#1739 = ORIENTED_EDGE('',*,*,#1740,.F.);
#1740 = EDGE_CURVE('',#1741,#1743,#1745,.T.);
#1741 = VERTEX_POINT('',#1742);
#1742 = CARTESIAN_POINT('',(-0.92,-0.65,0.));
#1743 = VERTEX_POINT('',#1744);
#1744 = CARTESIAN_POINT('',(-0.92,-0.65,0.1));
#1745 = LINE('',#1746,#1747);
#1746 = CARTESIAN_POINT('',(-0.92,-0.65,0.));
#1747 = VECTOR('',#1748,1.);
#1748 = DIRECTION('',(0.,0.,1.));
#1749 = ORIENTED_EDGE('',*,*,#1750,.T.);
#1750 = EDGE_CURVE('',#1741,#1751,#1753,.T.);
#1751 = VERTEX_POINT('',#1752);
#1752 = CARTESIAN_POINT('',(-0.92,-0.55,0.));
#1753 = LINE('',#1754,#1755);
#1754 = CARTESIAN_POINT('',(-0.92,-0.65,0.));
#1755 = VECTOR('',#1756,1.);
#1756 = DIRECTION('',(0.,1.,0.));
#1757 = ORIENTED_EDGE('',*,*,#1758,.T.);
#1758 = EDGE_CURVE('',#1751,#1759,#1761,.T.);
#1759 = VERTEX_POINT('',#1760);
#1760 = CARTESIAN_POINT('',(-0.92,-0.55,0.1));
#1761 = LINE('',#1762,#1763);
#1762 = CARTESIAN_POINT('',(-0.92,-0.55,0.));
#1763 = VECTOR('',#1764,1.);
#1764 = DIRECTION('',(0.,0.,1.));
#1765 = ORIENTED_EDGE('',*,*,#1766,.F.);
#1766 = EDGE_CURVE('',#1743,#1759,#1767,.T.);
#1767 = LINE('',#1768,#1769);
#1768 = CARTESIAN_POINT('',(-0.92,-0.65,0.1));
#1769 = VECTOR('',#1770,1.);
#1770 = DIRECTION('',(0.,1.,0.));
#1771 = PLANE('',#1772);
#1772 = AXIS2_PLACEMENT_3D('',#1773,#1774,#1775);
#1773 = CARTESIAN_POINT('',(-0.92,-0.65,0.));
#1774 = DIRECTION('',(1.,0.,0.));
#1775 = DIRECTION('',(0.,0.,1.));
#1776 = ADVANCED_FACE('',(#1777),#1793,.F.);
#1777 = FACE_BOUND('',#1778,.F.);
#1778 = EDGE_LOOP('',(#1779,#1785,#1786,#1792));
#1779 = ORIENTED_EDGE('',*,*,#1780,.F.);
#1780 = EDGE_CURVE('',#1701,#1741,#1781,.T.);
#1781 = LINE('',#1782,#1783);
#1782 = CARTESIAN_POINT('',(-1.295,-0.65,0.));
#1783 = VECTOR('',#1784,1.);
#1784 = DIRECTION('',(1.,0.,0.));
#1785 = ORIENTED_EDGE('',*,*,#1700,.T.);
#1786 = ORIENTED_EDGE('',*,*,#1787,.T.);
#1787 = EDGE_CURVE('',#1703,#1743,#1788,.T.);
#1788 = LINE('',#1789,#1790);
#1789 = CARTESIAN_POINT('',(-1.295,-0.65,0.1));
#1790 = VECTOR('',#1791,1.);
#1791 = DIRECTION('',(1.,0.,0.));
#1792 = ORIENTED_EDGE('',*,*,#1740,.F.);
#1793 = PLANE('',#1794);
#1794 = AXIS2_PLACEMENT_3D('',#1795,#1796,#1797);
#1795 = CARTESIAN_POINT('',(-1.295,-0.65,0.));
#1796 = DIRECTION('',(0.,1.,0.));
#1797 = DIRECTION('',(0.,-0.,1.));
#1798 = ADVANCED_FACE('',(#1799),#1815,.T.);
#1799 = FACE_BOUND('',#1800,.T.);
#1800 = EDGE_LOOP('',(#1801,#1807,#1808,#1814));
#1801 = ORIENTED_EDGE('',*,*,#1802,.F.);
#1802 = EDGE_CURVE('',#1711,#1751,#1803,.T.);
#1803 = LINE('',#1804,#1805);
#1804 = CARTESIAN_POINT('',(-1.295,-0.55,0.));
#1805 = VECTOR('',#1806,1.);
#1806 = DIRECTION('',(1.,0.,0.));
#1807 = ORIENTED_EDGE('',*,*,#1718,.T.);
#1808 = ORIENTED_EDGE('',*,*,#1809,.T.);
#1809 = EDGE_CURVE('',#1719,#1759,#1810,.T.);
#1810 = LINE('',#1811,#1812);
#1811 = CARTESIAN_POINT('',(-1.295,-0.55,0.1));
#1812 = VECTOR('',#1813,1.);
#1813 = DIRECTION('',(1.,0.,0.));
#1814 = ORIENTED_EDGE('',*,*,#1758,.F.);
#1815 = PLANE('',#1816);
#1816 = AXIS2_PLACEMENT_3D('',#1817,#1818,#1819);
#1817 = CARTESIAN_POINT('',(-1.295,-0.55,0.));
#1818 = DIRECTION('',(0.,1.,0.));
#1819 = DIRECTION('',(0.,-0.,1.));
#1820 = ADVANCED_FACE('',(#1821),#1827,.F.);
#1821 = FACE_BOUND('',#1822,.F.);
#1822 = EDGE_LOOP('',(#1823,#1824,#1825,#1826));
#1823 = ORIENTED_EDGE('',*,*,#1710,.F.);
#1824 = ORIENTED_EDGE('',*,*,#1780,.T.);
#1825 = ORIENTED_EDGE('',*,*,#1750,.T.);
#1826 = ORIENTED_EDGE('',*,*,#1802,.F.);
#1827 = PLANE('',#1828);
#1828 = AXIS2_PLACEMENT_3D('',#1829,#1830,#1831);
#1829 = CARTESIAN_POINT('',(-1.295,-0.65,0.));
#1830 = DIRECTION('',(0.,0.,1.));
#1831 = DIRECTION('',(1.,0.,-0.));
#1832 = ADVANCED_FACE('',(#1833),#1839,.T.);
#1833 = FACE_BOUND('',#1834,.T.);
#1834 = EDGE_LOOP('',(#1835,#1836,#1837,#1838));
#1835 = ORIENTED_EDGE('',*,*,#1726,.F.);
#1836 = ORIENTED_EDGE('',*,*,#1787,.T.);
#1837 = ORIENTED_EDGE('',*,*,#1766,.T.);
#1838 = ORIENTED_EDGE('',*,*,#1809,.F.);
#1839 = PLANE('',#1840);
#1840 = AXIS2_PLACEMENT_3D('',#1841,#1842,#1843);
#1841 = CARTESIAN_POINT('',(-1.295,-0.65,0.1));
#1842 = DIRECTION('',(0.,0.,1.));
#1843 = DIRECTION('',(1.,0.,-0.));
#1844 = MANIFOLD_SOLID_BREP('',#1845);
#1845 = CLOSED_SHELL('',(#1846,#1886,#1926,#1948,#1970,#1982));
#1846 = ADVANCED_FACE('',(#1847),#1881,.F.);
#1847 = FACE_BOUND('',#1848,.F.);
#1848 = EDGE_LOOP('',(#1849,#1859,#1867,#1875));
#1849 = ORIENTED_EDGE('',*,*,#1850,.F.);
#1850 = EDGE_CURVE('',#1851,#1853,#1855,.T.);
#1851 = VERTEX_POINT('',#1852);
#1852 = CARTESIAN_POINT('',(-0.89,-0.65,0.19));
#1853 = VERTEX_POINT('',#1854);
#1854 = CARTESIAN_POINT('',(-0.89,-0.65,0.31));
#1855 = LINE('',#1856,#1857);
#1856 = CARTESIAN_POINT('',(-0.89,-0.65,0.19));
#1857 = VECTOR('',#1858,1.);
#1858 = DIRECTION('',(0.,0.,1.));
#1859 = ORIENTED_EDGE('',*,*,#1860,.T.);
#1860 = EDGE_CURVE('',#1851,#1861,#1863,.T.);
#1861 = VERTEX_POINT('',#1862);
#1862 = CARTESIAN_POINT('',(-0.89,-0.55,0.19));
#1863 = LINE('',#1864,#1865);
#1864 = CARTESIAN_POINT('',(-0.89,-0.65,0.19));
#1865 = VECTOR('',#1866,1.);
#1866 = DIRECTION('',(0.,1.,0.));
#1867 = ORIENTED_EDGE('',*,*,#1868,.T.);
#1868 = EDGE_CURVE('',#1861,#1869,#1871,.T.);
#1869 = VERTEX_POINT('',#1870);
#1870 = CARTESIAN_POINT('',(-0.89,-0.55,0.31));
#1871 = LINE('',#1872,#1873);
#1872 = CARTESIAN_POINT('',(-0.89,-0.55,0.19));
#1873 = VECTOR('',#1874,1.);
#1874 = DIRECTION('',(0.,0.,1.));
#1875 = ORIENTED_EDGE('',*,*,#1876,.F.);
#1876 = EDGE_CURVE('',#1853,#1869,#1877,.T.);
#1877 = LINE('',#1878,#1879);
#1878 = CARTESIAN_POINT('',(-0.89,-0.65,0.31));
#1879 = VECTOR('',#1880,1.);
#1880 = DIRECTION('',(0.,1.,0.));
#1881 = PLANE('',#1882);
#1882 = AXIS2_PLACEMENT_3D('',#1883,#1884,#1885);
#1883 = CARTESIAN_POINT('',(-0.89,-0.65,0.19));
#1884 = DIRECTION('',(1.,0.,0.));
#1885 = DIRECTION('',(0.,0.,1.));
#1886 = ADVANCED_FACE('',(#1887),#1921,.T.);
#1887 = FACE_BOUND('',#1888,.T.);
#1888 = EDGE_LOOP('',(#1889,#1899,#1907,#1915));
#1889 = ORIENTED_EDGE('',*,*,#1890,.F.);
#1890 = EDGE_CURVE('',#1891,#1893,#1895,.T.);
#1891 = VERTEX_POINT('',#1892);
#1892 = CARTESIAN_POINT('',(-0.24,-0.65,0.19));
#1893 = VERTEX_POINT('',#1894);
#1894 = CARTESIAN_POINT('',(-0.24,-0.65,0.31));
#1895 = LINE('',#1896,#1897);
#1896 = CARTESIAN_POINT('',(-0.24,-0.65,0.19));
#1897 = VECTOR('',#1898,1.);
#1898 = DIRECTION('',(0.,0.,1.));
#1899 = ORIENTED_EDGE('',*,*,#1900,.T.);
#1900 = EDGE_CURVE('',#1891,#1901,#1903,.T.);
#1901 = VERTEX_POINT('',#1902);
#1902 = CARTESIAN_POINT('',(-0.24,-0.55,0.19));
#1903 = LINE('',#1904,#1905);
#1904 = CARTESIAN_POINT('',(-0.24,-0.65,0.19));
#1905 = VECTOR('',#1906,1.);
#1906 = DIRECTION('',(0.,1.,0.));
#1907 = ORIENTED_EDGE('',*,*,#1908,.T.);
#1908 = EDGE_CURVE('',#1901,#1909,#1911,.T.);
#1909 = VERTEX_POINT('',#1910);
#1910 = CARTESIAN_POINT('',(-0.24,-0.55,0.31));
#1911 = LINE('',#1912,#1913);
#1912 = CARTESIAN_POINT('',(-0.24,-0.55,0.19));
#1913 = VECTOR('',#1914,1.);
#1914 = DIRECTION('',(0.,0.,1.));
#1915 = ORIENTED_EDGE('',*,*,#1916,.F.);
#1916 = EDGE_CURVE('',#1893,#1909,#1917,.T.);
#1917 = LINE('',#1918,#1919);
#1918 = CARTESIAN_POINT('',(-0.24,-0.65,0.31));
#1919 = VECTOR('',#1920,1.);
#1920 = DIRECTION('',(0.,1.,0.));
#1921 = PLANE('',#1922);
#1922 = AXIS2_PLACEMENT_3D('',#1923,#1924,#1925);
#1923 = CARTESIAN_POINT('',(-0.24,-0.65,0.19));
#1924 = DIRECTION('',(1.,0.,0.));
#1925 = DIRECTION('',(0.,0.,1.));
#1926 = ADVANCED_FACE('',(#1927),#1943,.F.);
#1927 = FACE_BOUND('',#1928,.F.);
#1928 = EDGE_LOOP('',(#1929,#1935,#1936,#1942));
#1929 = ORIENTED_EDGE('',*,*,#1930,.F.);
#1930 = EDGE_CURVE('',#1851,#1891,#1931,.T.);
#1931 = LINE('',#1932,#1933);
#1932 = CARTESIAN_POINT('',(-0.89,-0.65,0.19));
#1933 = VECTOR('',#1934,1.);
#1934 = DIRECTION('',(1.,0.,0.));
#1935 = ORIENTED_EDGE('',*,*,#1850,.T.);
#1936 = ORIENTED_EDGE('',*,*,#1937,.T.);
#1937 = EDGE_CURVE('',#1853,#1893,#1938,.T.);
#1938 = LINE('',#1939,#1940);
#1939 = CARTESIAN_POINT('',(-0.89,-0.65,0.31));
#1940 = VECTOR('',#1941,1.);
#1941 = DIRECTION('',(1.,0.,0.));
#1942 = ORIENTED_EDGE('',*,*,#1890,.F.);
#1943 = PLANE('',#1944);
#1944 = AXIS2_PLACEMENT_3D('',#1945,#1946,#1947);
#1945 = CARTESIAN_POINT('',(-0.89,-0.65,0.19));
#1946 = DIRECTION('',(0.,1.,0.));
#1947 = DIRECTION('',(0.,-0.,1.));
#1948 = ADVANCED_FACE('',(#1949),#1965,.T.);
#1949 = FACE_BOUND('',#1950,.T.);
#1950 = EDGE_LOOP('',(#1951,#1957,#1958,#1964));
#1951 = ORIENTED_EDGE('',*,*,#1952,.F.);
#1952 = EDGE_CURVE('',#1861,#1901,#1953,.T.);
#1953 = LINE('',#1954,#1955);
#1954 = CARTESIAN_POINT('',(-0.89,-0.55,0.19));
#1955 = VECTOR('',#1956,1.);
#1956 = DIRECTION('',(1.,0.,0.));
#1957 = ORIENTED_EDGE('',*,*,#1868,.T.);
#1958 = ORIENTED_EDGE('',*,*,#1959,.T.);
#1959 = EDGE_CURVE('',#1869,#1909,#1960,.T.);
#1960 = LINE('',#1961,#1962);
#1961 = CARTESIAN_POINT('',(-0.89,-0.55,0.31));
#1962 = VECTOR('',#1963,1.);
#1963 = DIRECTION('',(1.,0.,0.));
#1964 = ORIENTED_EDGE('',*,*,#1908,.F.);
#1965 = PLANE('',#1966);
#1966 = AXIS2_PLACEMENT_3D('',#1967,#1968,#1969);
#1967 = CARTESIAN_POINT('',(-0.89,-0.55,0.19));
#1968 = DIRECTION('',(0.,1.,0.));
#1969 = DIRECTION('',(0.,-0.,1.));
#1970 = ADVANCED_FACE('',(#1971),#1977,.F.);
#1971 = FACE_BOUND('',#1972,.F.);
#1972 = EDGE_LOOP('',(#1973,#1974,#1975,#1976));
#1973 = ORIENTED_EDGE('',*,*,#1860,.F.);
#1974 = ORIENTED_EDGE('',*,*,#1930,.T.);
#1975 = ORIENTED_EDGE('',*,*,#1900,.T.);
#1976 = ORIENTED_EDGE('',*,*,#1952,.F.);
#1977 = PLANE('',#1978);
#1978 = AXIS2_PLACEMENT_3D('',#1979,#1980,#1981);
#1979 = CARTESIAN_POINT('',(-0.89,-0.65,0.19));
#1980 = DIRECTION('',(0.,0.,1.));
#1981 = DIRECTION('',(1.,0.,-0.));
#1982 = ADVANCED_FACE('',(#1983),#1989,.T.);
#1983 = FACE_BOUND('',#1984,.T.);
#1984 = EDGE_LOOP('',(#1985,#1986,#1987,#1988));
#1985 = ORIENTED_EDGE('',*,*,#1876,.F.);
#1986 = ORIENTED_EDGE('',*,*,#1937,.T.);
#1987 = ORIENTED_EDGE('',*,*,#1916,.T.);
#1988 = ORIENTED_EDGE('',*,*,#1959,.F.);
#1989 = PLANE('',#1990);
#1990 = AXIS2_PLACEMENT_3D('',#1991,#1992,#1993);
#1991 = CARTESIAN_POINT('',(-0.89,-0.65,0.31));
#1992 = DIRECTION('',(0.,0.,1.));
#1993 = DIRECTION('',(1.,0.,-0.));
#1994 = MANIFOLD_SOLID_BREP('',#1995);
#1995 = CLOSED_SHELL('',(#1996,#2036,#2076,#2098,#2120,#2132));
#1996 = ADVANCED_FACE('',(#1997),#2031,.F.);
#1997 = FACE_BOUND('',#1998,.F.);
#1998 = EDGE_LOOP('',(#1999,#2009,#2017,#2025));
#1999 = ORIENTED_EDGE('',*,*,#2000,.F.);
#2000 = EDGE_CURVE('',#2001,#2003,#2005,.T.);
#2001 = VERTEX_POINT('',#2002);
#2002 = CARTESIAN_POINT('',(-1.295,-0.25,0.));
#2003 = VERTEX_POINT('',#2004);
#2004 = CARTESIAN_POINT('',(-1.295,-0.25,0.1));
#2005 = LINE('',#2006,#2007);
#2006 = CARTESIAN_POINT('',(-1.295,-0.25,0.));
#2007 = VECTOR('',#2008,1.);
#2008 = DIRECTION('',(0.,0.,1.));
#2009 = ORIENTED_EDGE('',*,*,#2010,.T.);
#2010 = EDGE_CURVE('',#2001,#2011,#2013,.T.);
#2011 = VERTEX_POINT('',#2012);
#2012 = CARTESIAN_POINT('',(-1.295,-0.15,0.));
#2013 = LINE('',#2014,#2015);
#2014 = CARTESIAN_POINT('',(-1.295,-0.25,0.));
#2015 = VECTOR('',#2016,1.);
#2016 = DIRECTION('',(0.,1.,0.));
#2017 = ORIENTED_EDGE('',*,*,#2018,.T.);
#2018 = EDGE_CURVE('',#2011,#2019,#2021,.T.);
#2019 = VERTEX_POINT('',#2020);
#2020 = CARTESIAN_POINT('',(-1.295,-0.15,0.1));
#2021 = LINE('',#2022,#2023);
#2022 = CARTESIAN_POINT('',(-1.295,-0.15,0.));
#2023 = VECTOR('',#2024,1.);
#2024 = DIRECTION('',(0.,0.,1.));
#2025 = ORIENTED_EDGE('',*,*,#2026,.F.);
#2026 = EDGE_CURVE('',#2003,#2019,#2027,.T.);
#2027 = LINE('',#2028,#2029);
#2028 = CARTESIAN_POINT('',(-1.295,-0.25,0.1));
#2029 = VECTOR('',#2030,1.);
#2030 = DIRECTION('',(0.,1.,0.));
#2031 = PLANE('',#2032);
#2032 = AXIS2_PLACEMENT_3D('',#2033,#2034,#2035);
#2033 = CARTESIAN_POINT('',(-1.295,-0.25,0.));
#2034 = DIRECTION('',(1.,0.,0.));
#2035 = DIRECTION('',(0.,0.,1.));
#2036 = ADVANCED_FACE('',(#2037),#2071,.T.);
#2037 = FACE_BOUND('',#2038,.T.);
#2038 = EDGE_LOOP('',(#2039,#2049,#2057,#2065));
#2039 = ORIENTED_EDGE('',*,*,#2040,.F.);
#2040 = EDGE_CURVE('',#2041,#2043,#2045,.T.);
#2041 = VERTEX_POINT('',#2042);
#2042 = CARTESIAN_POINT('',(-0.92,-0.25,0.));
#2043 = VERTEX_POINT('',#2044);
#2044 = CARTESIAN_POINT('',(-0.92,-0.25,0.1));
#2045 = LINE('',#2046,#2047);
#2046 = CARTESIAN_POINT('',(-0.92,-0.25,0.));
#2047 = VECTOR('',#2048,1.);
#2048 = DIRECTION('',(0.,0.,1.));
#2049 = ORIENTED_EDGE('',*,*,#2050,.T.);
#2050 = EDGE_CURVE('',#2041,#2051,#2053,.T.);
#2051 = VERTEX_POINT('',#2052);
#2052 = CARTESIAN_POINT('',(-0.92,-0.15,0.));
#2053 = LINE('',#2054,#2055);
#2054 = CARTESIAN_POINT('',(-0.92,-0.25,0.));
#2055 = VECTOR('',#2056,1.);
#2056 = DIRECTION('',(0.,1.,0.));
#2057 = ORIENTED_EDGE('',*,*,#2058,.T.);
#2058 = EDGE_CURVE('',#2051,#2059,#2061,.T.);
#2059 = VERTEX_POINT('',#2060);
#2060 = CARTESIAN_POINT('',(-0.92,-0.15,0.1));
#2061 = LINE('',#2062,#2063);
#2062 = CARTESIAN_POINT('',(-0.92,-0.15,0.));
#2063 = VECTOR('',#2064,1.);
#2064 = DIRECTION('',(0.,0.,1.));
#2065 = ORIENTED_EDGE('',*,*,#2066,.F.);
#2066 = EDGE_CURVE('',#2043,#2059,#2067,.T.);
#2067 = LINE('',#2068,#2069);
#2068 = CARTESIAN_POINT('',(-0.92,-0.25,0.1));
#2069 = VECTOR('',#2070,1.);
#2070 = DIRECTION('',(0.,1.,0.));
#2071 = PLANE('',#2072);
#2072 = AXIS2_PLACEMENT_3D('',#2073,#2074,#2075);
#2073 = CARTESIAN_POINT('',(-0.92,-0.25,0.));
#2074 = DIRECTION('',(1.,0.,0.));
#2075 = DIRECTION('',(0.,0.,1.));
#2076 = ADVANCED_FACE('',(#2077),#2093,.F.);
#2077 = FACE_BOUND('',#2078,.F.);
#2078 = EDGE_LOOP('',(#2079,#2085,#2086,#2092));
#2079 = ORIENTED_EDGE('',*,*,#2080,.F.);
#2080 = EDGE_CURVE('',#2001,#2041,#2081,.T.);
#2081 = LINE('',#2082,#2083);
#2082 = CARTESIAN_POINT('',(-1.295,-0.25,0.));
#2083 = VECTOR('',#2084,1.);
#2084 = DIRECTION('',(1.,0.,0.));
#2085 = ORIENTED_EDGE('',*,*,#2000,.T.);
#2086 = ORIENTED_EDGE('',*,*,#2087,.T.);
#2087 = EDGE_CURVE('',#2003,#2043,#2088,.T.);
#2088 = LINE('',#2089,#2090);
#2089 = CARTESIAN_POINT('',(-1.295,-0.25,0.1));
#2090 = VECTOR('',#2091,1.);
#2091 = DIRECTION('',(1.,0.,0.));
#2092 = ORIENTED_EDGE('',*,*,#2040,.F.);
#2093 = PLANE('',#2094);
#2094 = AXIS2_PLACEMENT_3D('',#2095,#2096,#2097);
#2095 = CARTESIAN_POINT('',(-1.295,-0.25,0.));
#2096 = DIRECTION('',(0.,1.,0.));
#2097 = DIRECTION('',(0.,-0.,1.));
#2098 = ADVANCED_FACE('',(#2099),#2115,.T.);
#2099 = FACE_BOUND('',#2100,.T.);
#2100 = EDGE_LOOP('',(#2101,#2107,#2108,#2114));
#2101 = ORIENTED_EDGE('',*,*,#2102,.F.);
#2102 = EDGE_CURVE('',#2011,#2051,#2103,.T.);
#2103 = LINE('',#2104,#2105);
#2104 = CARTESIAN_POINT('',(-1.295,-0.15,0.));
#2105 = VECTOR('',#2106,1.);
#2106 = DIRECTION('',(1.,0.,0.));
#2107 = ORIENTED_EDGE('',*,*,#2018,.T.);
#2108 = ORIENTED_EDGE('',*,*,#2109,.T.);
#2109 = EDGE_CURVE('',#2019,#2059,#2110,.T.);
#2110 = LINE('',#2111,#2112);
#2111 = CARTESIAN_POINT('',(-1.295,-0.15,0.1));
#2112 = VECTOR('',#2113,1.);
#2113 = DIRECTION('',(1.,0.,0.));
#2114 = ORIENTED_EDGE('',*,*,#2058,.F.);
#2115 = PLANE('',#2116);
#2116 = AXIS2_PLACEMENT_3D('',#2117,#2118,#2119);
#2117 = CARTESIAN_POINT('',(-1.295,-0.15,0.));
#2118 = DIRECTION('',(0.,1.,0.));
#2119 = DIRECTION('',(0.,-0.,1.));
#2120 = ADVANCED_FACE('',(#2121),#2127,.F.);
#2121 = FACE_BOUND('',#2122,.F.);
#2122 = EDGE_LOOP('',(#2123,#2124,#2125,#2126));
#2123 = ORIENTED_EDGE('',*,*,#2010,.F.);
#2124 = ORIENTED_EDGE('',*,*,#2080,.T.);
#2125 = ORIENTED_EDGE('',*,*,#2050,.T.);
#2126 = ORIENTED_EDGE('',*,*,#2102,.F.);
#2127 = PLANE('',#2128);
#2128 = AXIS2_PLACEMENT_3D('',#2129,#2130,#2131);
#2129 = CARTESIAN_POINT('',(-1.295,-0.25,0.));
#2130 = DIRECTION('',(0.,0.,1.));
#2131 = DIRECTION('',(1.,0.,-0.));
#2132 = ADVANCED_FACE('',(#2133),#2139,.T.);
#2133 = FACE_BOUND('',#2134,.T.);
#2134 = EDGE_LOOP('',(#2135,#2136,#2137,#2138));
#2135 = ORIENTED_EDGE('',*,*,#2026,.F.);
#2136 = ORIENTED_EDGE('',*,*,#2087,.T.);
#2137 = ORIENTED_EDGE('',*,*,#2066,.T.);
#2138 = ORIENTED_EDGE('',*,*,#2109,.F.);
#2139 = PLANE('',#2140);
#2140 = AXIS2_PLACEMENT_3D('',#2141,#2142,#2143);
#2141 = CARTESIAN_POINT('',(-1.295,-0.25,0.1));
#2142 = DIRECTION('',(0.,0.,1.));
#2143 = DIRECTION('',(1.,0.,-0.));
#2144 = MANIFOLD_SOLID_BREP('',#2145);
#2145 = CLOSED_SHELL('',(#2146,#2186,#2226,#2248,#2270,#2282));
#2146 = ADVANCED_FACE('',(#2147),#2181,.F.);
#2147 = FACE_BOUND('',#2148,.F.);
#2148 = EDGE_LOOP('',(#2149,#2159,#2167,#2175));
#2149 = ORIENTED_EDGE('',*,*,#2150,.F.);
#2150 = EDGE_CURVE('',#2151,#2153,#2155,.T.);
#2151 = VERTEX_POINT('',#2152);
#2152 = CARTESIAN_POINT('',(-0.89,-0.25,0.19));
#2153 = VERTEX_POINT('',#2154);
#2154 = CARTESIAN_POINT('',(-0.89,-0.25,0.31));
#2155 = LINE('',#2156,#2157);
#2156 = CARTESIAN_POINT('',(-0.89,-0.25,0.19));
#2157 = VECTOR('',#2158,1.);
#2158 = DIRECTION('',(0.,0.,1.));
#2159 = ORIENTED_EDGE('',*,*,#2160,.T.);
#2160 = EDGE_CURVE('',#2151,#2161,#2163,.T.);
#2161 = VERTEX_POINT('',#2162);
#2162 = CARTESIAN_POINT('',(-0.89,-0.15,0.19));
#2163 = LINE('',#2164,#2165);
#2164 = CARTESIAN_POINT('',(-0.89,-0.25,0.19));
#2165 = VECTOR('',#2166,1.);
#2166 = DIRECTION('',(0.,1.,0.));
#2167 = ORIENTED_EDGE('',*,*,#2168,.T.);
#2168 = EDGE_CURVE('',#2161,#2169,#2171,.T.);
#2169 = VERTEX_POINT('',#2170);
#2170 = CARTESIAN_POINT('',(-0.89,-0.15,0.31));
#2171 = LINE('',#2172,#2173);
#2172 = CARTESIAN_POINT('',(-0.89,-0.15,0.19));
#2173 = VECTOR('',#2174,1.);
#2174 = DIRECTION('',(0.,0.,1.));
#2175 = ORIENTED_EDGE('',*,*,#2176,.F.);
#2176 = EDGE_CURVE('',#2153,#2169,#2177,.T.);
#2177 = LINE('',#2178,#2179);
#2178 = CARTESIAN_POINT('',(-0.89,-0.25,0.31));
#2179 = VECTOR('',#2180,1.);
#2180 = DIRECTION('',(0.,1.,0.));
#2181 = PLANE('',#2182);
#2182 = AXIS2_PLACEMENT_3D('',#2183,#2184,#2185);
#2183 = CARTESIAN_POINT('',(-0.89,-0.25,0.19));
#2184 = DIRECTION('',(1.,0.,0.));
#2185 = DIRECTION('',(0.,0.,1.));
#2186 = ADVANCED_FACE('',(#2187),#2221,.T.);
#2187 = FACE_BOUND('',#2188,.T.);
#2188 = EDGE_LOOP('',(#2189,#2199,#2207,#2215));
#2189 = ORIENTED_EDGE('',*,*,#2190,.F.);
#2190 = EDGE_CURVE('',#2191,#2193,#2195,.T.);
#2191 = VERTEX_POINT('',#2192);
#2192 = CARTESIAN_POINT('',(-0.24,-0.25,0.19));
#2193 = VERTEX_POINT('',#2194);
#2194 = CARTESIAN_POINT('',(-0.24,-0.25,0.31));
#2195 = LINE('',#2196,#2197);
#2196 = CARTESIAN_POINT('',(-0.24,-0.25,0.19));
#2197 = VECTOR('',#2198,1.);
#2198 = DIRECTION('',(0.,0.,1.));
#2199 = ORIENTED_EDGE('',*,*,#2200,.T.);
#2200 = EDGE_CURVE('',#2191,#2201,#2203,.T.);
#2201 = VERTEX_POINT('',#2202);
#2202 = CARTESIAN_POINT('',(-0.24,-0.15,0.19));
#2203 = LINE('',#2204,#2205);
#2204 = CARTESIAN_POINT('',(-0.24,-0.25,0.19));
#2205 = VECTOR('',#2206,1.);
#2206 = DIRECTION('',(0.,1.,0.));
#2207 = ORIENTED_EDGE('',*,*,#2208,.T.);
#2208 = EDGE_CURVE('',#2201,#2209,#2211,.T.);
#2209 = VERTEX_POINT('',#2210);
#2210 = CARTESIAN_POINT('',(-0.24,-0.15,0.31));
#2211 = LINE('',#2212,#2213);
#2212 = CARTESIAN_POINT('',(-0.24,-0.15,0.19));
#2213 = VECTOR('',#2214,1.);
#2214 = DIRECTION('',(0.,0.,1.));
#2215 = ORIENTED_EDGE('',*,*,#2216,.F.);
#2216 = EDGE_CURVE('',#2193,#2209,#2217,.T.);
#2217 = LINE('',#2218,#2219);
#2218 = CARTESIAN_POINT('',(-0.24,-0.25,0.31));
#2219 = VECTOR('',#2220,1.);
#2220 = DIRECTION('',(0.,1.,0.));
#2221 = PLANE('',#2222);
#2222 = AXIS2_PLACEMENT_3D('',#2223,#2224,#2225);
#2223 = CARTESIAN_POINT('',(-0.24,-0.25,0.19));
#2224 = DIRECTION('',(1.,0.,0.));
#2225 = DIRECTION('',(0.,0.,1.));
#2226 = ADVANCED_FACE('',(#2227),#2243,.F.);
#2227 = FACE_BOUND('',#2228,.F.);
#2228 = EDGE_LOOP('',(#2229,#2235,#2236,#2242));
#2229 = ORIENTED_EDGE('',*,*,#2230,.F.);
#2230 = EDGE_CURVE('',#2151,#2191,#2231,.T.);
#2231 = LINE('',#2232,#2233);
#2232 = CARTESIAN_POINT('',(-0.89,-0.25,0.19));
#2233 = VECTOR('',#2234,1.);
#2234 = DIRECTION('',(1.,0.,0.));
#2235 = ORIENTED_EDGE('',*,*,#2150,.T.);
#2236 = ORIENTED_EDGE('',*,*,#2237,.T.);
#2237 = EDGE_CURVE('',#2153,#2193,#2238,.T.);
#2238 = LINE('',#2239,#2240);
#2239 = CARTESIAN_POINT('',(-0.89,-0.25,0.31));
#2240 = VECTOR('',#2241,1.);
#2241 = DIRECTION('',(1.,0.,0.));
#2242 = ORIENTED_EDGE('',*,*,#2190,.F.);
#2243 = PLANE('',#2244);
#2244 = AXIS2_PLACEMENT_3D('',#2245,#2246,#2247);
#2245 = CARTESIAN_POINT('',(-0.89,-0.25,0.19));
#2246 = DIRECTION('',(0.,1.,0.));
#2247 = DIRECTION('',(0.,-0.,1.));
#2248 = ADVANCED_FACE('',(#2249),#2265,.T.);
#2249 = FACE_BOUND('',#2250,.T.);
#2250 = EDGE_LOOP('',(#2251,#2257,#2258,#2264));
#2251 = ORIENTED_EDGE('',*,*,#2252,.F.);
#2252 = EDGE_CURVE('',#2161,#2201,#2253,.T.);
#2253 = LINE('',#2254,#2255);
#2254 = CARTESIAN_POINT('',(-0.89,-0.15,0.19));
#2255 = VECTOR('',#2256,1.);
#2256 = DIRECTION('',(1.,0.,0.));
#2257 = ORIENTED_EDGE('',*,*,#2168,.T.);
#2258 = ORIENTED_EDGE('',*,*,#2259,.T.);
#2259 = EDGE_CURVE('',#2169,#2209,#2260,.T.);
#2260 = LINE('',#2261,#2262);
#2261 = CARTESIAN_POINT('',(-0.89,-0.15,0.31));
#2262 = VECTOR('',#2263,1.);
#2263 = DIRECTION('',(1.,0.,0.));
#2264 = ORIENTED_EDGE('',*,*,#2208,.F.);
#2265 = PLANE('',#2266);
#2266 = AXIS2_PLACEMENT_3D('',#2267,#2268,#2269);
#2267 = CARTESIAN_POINT('',(-0.89,-0.15,0.19));
#2268 = DIRECTION('',(0.,1.,0.));
#2269 = DIRECTION('',(0.,-0.,1.));
#2270 = ADVANCED_FACE('',(#2271),#2277,.F.);
#2271 = FACE_BOUND('',#2272,.F.);
#2272 = EDGE_LOOP('',(#2273,#2274,#2275,#2276));
#2273 = ORIENTED_EDGE('',*,*,#2160,.F.);
#2274 = ORIENTED_EDGE('',*,*,#2230,.T.);
#2275 = ORIENTED_EDGE('',*,*,#2200,.T.);
#2276 = ORIENTED_EDGE('',*,*,#2252,.F.);
#2277 = PLANE('',#2278);
#2278 = AXIS2_PLACEMENT_3D('',#2279,#2280,#2281);
#2279 = CARTESIAN_POINT('',(-0.89,-0.25,0.19));
#2280 = DIRECTION('',(0.,0.,1.));
#2281 = DIRECTION('',(1.,0.,-0.));
#2282 = ADVANCED_FACE('',(#2283),#2289,.T.);
#2283 = FACE_BOUND('',#2284,.T.);
#2284 = EDGE_LOOP('',(#2285,#2286,#2287,#2288));
#2285 = ORIENTED_EDGE('',*,*,#2176,.F.);
#2286 = ORIENTED_EDGE('',*,*,#2237,.T.);
#2287 = ORIENTED_EDGE('',*,*,#2216,.T.);
#2288 = ORIENTED_EDGE('',*,*,#2259,.F.);
#2289 = PLANE('',#2290);
#2290 = AXIS2_PLACEMENT_3D('',#2291,#2292,#2293);
#2291 = CARTESIAN_POINT('',(-0.89,-0.25,0.31));
#2292 = DIRECTION('',(0.,0.,1.));
#2293 = DIRECTION('',(1.,0.,-0.));
#2294 = MANIFOLD_SOLID_BREP('',#2295);
#2295 = CLOSED_SHELL('',(#2296,#2336,#2376,#2398,#2420,#2432));
#2296 = ADVANCED_FACE('',(#2297),#2331,.F.);
#2297 = FACE_BOUND('',#2298,.F.);
#2298 = EDGE_LOOP('',(#2299,#2309,#2317,#2325));
#2299 = ORIENTED_EDGE('',*,*,#2300,.F.);
#2300 = EDGE_CURVE('',#2301,#2303,#2305,.T.);
#2301 = VERTEX_POINT('',#2302);
#2302 = CARTESIAN_POINT('',(-1.295,0.15,0.));
#2303 = VERTEX_POINT('',#2304);
#2304 = CARTESIAN_POINT('',(-1.295,0.15,0.1));
#2305 = LINE('',#2306,#2307);
#2306 = CARTESIAN_POINT('',(-1.295,0.15,0.));
#2307 = VECTOR('',#2308,1.);
#2308 = DIRECTION('',(0.,0.,1.));
#2309 = ORIENTED_EDGE('',*,*,#2310,.T.);
#2310 = EDGE_CURVE('',#2301,#2311,#2313,.T.);
#2311 = VERTEX_POINT('',#2312);
#2312 = CARTESIAN_POINT('',(-1.295,0.25,0.));
#2313 = LINE('',#2314,#2315);
#2314 = CARTESIAN_POINT('',(-1.295,0.15,0.));
#2315 = VECTOR('',#2316,1.);
#2316 = DIRECTION('',(0.,1.,0.));
#2317 = ORIENTED_EDGE('',*,*,#2318,.T.);
#2318 = EDGE_CURVE('',#2311,#2319,#2321,.T.);
#2319 = VERTEX_POINT('',#2320);
#2320 = CARTESIAN_POINT('',(-1.295,0.25,0.1));
#2321 = LINE('',#2322,#2323);
#2322 = CARTESIAN_POINT('',(-1.295,0.25,0.));
#2323 = VECTOR('',#2324,1.);
#2324 = DIRECTION('',(0.,0.,1.));
#2325 = ORIENTED_EDGE('',*,*,#2326,.F.);
#2326 = EDGE_CURVE('',#2303,#2319,#2327,.T.);
#2327 = LINE('',#2328,#2329);
#2328 = CARTESIAN_POINT('',(-1.295,0.15,0.1));
#2329 = VECTOR('',#2330,1.);
#2330 = DIRECTION('',(0.,1.,0.));
#2331 = PLANE('',#2332);
#2332 = AXIS2_PLACEMENT_3D('',#2333,#2334,#2335);
#2333 = CARTESIAN_POINT('',(-1.295,0.15,0.));
#2334 = DIRECTION('',(1.,0.,0.));
#2335 = DIRECTION('',(0.,0.,1.));
#2336 = ADVANCED_FACE('',(#2337),#2371,.T.);
#2337 = FACE_BOUND('',#2338,.T.);
#2338 = EDGE_LOOP('',(#2339,#2349,#2357,#2365));
#2339 = ORIENTED_EDGE('',*,*,#2340,.F.);
#2340 = EDGE_CURVE('',#2341,#2343,#2345,.T.);
#2341 = VERTEX_POINT('',#2342);
#2342 = CARTESIAN_POINT('',(-0.92,0.15,0.));
#2343 = VERTEX_POINT('',#2344);
#2344 = CARTESIAN_POINT('',(-0.92,0.15,0.1));
#2345 = LINE('',#2346,#2347);
#2346 = CARTESIAN_POINT('',(-0.92,0.15,0.));
#2347 = VECTOR('',#2348,1.);
#2348 = DIRECTION('',(0.,0.,1.));
#2349 = ORIENTED_EDGE('',*,*,#2350,.T.);
#2350 = EDGE_CURVE('',#2341,#2351,#2353,.T.);
#2351 = VERTEX_POINT('',#2352);
#2352 = CARTESIAN_POINT('',(-0.92,0.25,0.));
#2353 = LINE('',#2354,#2355);
#2354 = CARTESIAN_POINT('',(-0.92,0.15,0.));
#2355 = VECTOR('',#2356,1.);
#2356 = DIRECTION('',(0.,1.,0.));
#2357 = ORIENTED_EDGE('',*,*,#2358,.T.);
#2358 = EDGE_CURVE('',#2351,#2359,#2361,.T.);
#2359 = VERTEX_POINT('',#2360);
#2360 = CARTESIAN_POINT('',(-0.92,0.25,0.1));
#2361 = LINE('',#2362,#2363);
#2362 = CARTESIAN_POINT('',(-0.92,0.25,0.));
#2363 = VECTOR('',#2364,1.);
#2364 = DIRECTION('',(0.,0.,1.));
#2365 = ORIENTED_EDGE('',*,*,#2366,.F.);
#2366 = EDGE_CURVE('',#2343,#2359,#2367,.T.);
#2367 = LINE('',#2368,#2369);
#2368 = CARTESIAN_POINT('',(-0.92,0.15,0.1));
#2369 = VECTOR('',#2370,1.);
#2370 = DIRECTION('',(0.,1.,0.));
#2371 = PLANE('',#2372);
#2372 = AXIS2_PLACEMENT_3D('',#2373,#2374,#2375);
#2373 = CARTESIAN_POINT('',(-0.92,0.15,0.));
#2374 = DIRECTION('',(1.,0.,0.));
#2375 = DIRECTION('',(0.,0.,1.));
#2376 = ADVANCED_FACE('',(#2377),#2393,.F.);
#2377 = FACE_BOUND('',#2378,.F.);
#2378 = EDGE_LOOP('',(#2379,#2385,#2386,#2392));
#2379 = ORIENTED_EDGE('',*,*,#2380,.F.);
#2380 = EDGE_CURVE('',#2301,#2341,#2381,.T.);
#2381 = LINE('',#2382,#2383);
#2382 = CARTESIAN_POINT('',(-1.295,0.15,0.));
#2383 = VECTOR('',#2384,1.);
#2384 = DIRECTION('',(1.,0.,0.));
#2385 = ORIENTED_EDGE('',*,*,#2300,.T.);
#2386 = ORIENTED_EDGE('',*,*,#2387,.T.);
#2387 = EDGE_CURVE('',#2303,#2343,#2388,.T.);
#2388 = LINE('',#2389,#2390);
#2389 = CARTESIAN_POINT('',(-1.295,0.15,0.1));
#2390 = VECTOR('',#2391,1.);
#2391 = DIRECTION('',(1.,0.,0.));
#2392 = ORIENTED_EDGE('',*,*,#2340,.F.);
#2393 = PLANE('',#2394);
#2394 = AXIS2_PLACEMENT_3D('',#2395,#2396,#2397);
#2395 = CARTESIAN_POINT('',(-1.295,0.15,0.));
#2396 = DIRECTION('',(0.,1.,0.));
#2397 = DIRECTION('',(0.,-0.,1.));
#2398 = ADVANCED_FACE('',(#2399),#2415,.T.);
#2399 = FACE_BOUND('',#2400,.T.);
#2400 = EDGE_LOOP('',(#2401,#2407,#2408,#2414));
#2401 = ORIENTED_EDGE('',*,*,#2402,.F.);
#2402 = EDGE_CURVE('',#2311,#2351,#2403,.T.);
#2403 = LINE('',#2404,#2405);
#2404 = CARTESIAN_POINT('',(-1.295,0.25,0.));
#2405 = VECTOR('',#2406,1.);
#2406 = DIRECTION('',(1.,0.,0.));
#2407 = ORIENTED_EDGE('',*,*,#2318,.T.);
#2408 = ORIENTED_EDGE('',*,*,#2409,.T.);
#2409 = EDGE_CURVE('',#2319,#2359,#2410,.T.);
#2410 = LINE('',#2411,#2412);
#2411 = CARTESIAN_POINT('',(-1.295,0.25,0.1));
#2412 = VECTOR('',#2413,1.);
#2413 = DIRECTION('',(1.,0.,0.));
#2414 = ORIENTED_EDGE('',*,*,#2358,.F.);
#2415 = PLANE('',#2416);
#2416 = AXIS2_PLACEMENT_3D('',#2417,#2418,#2419);
#2417 = CARTESIAN_POINT('',(-1.295,0.25,0.));
#2418 = DIRECTION('',(0.,1.,0.));
#2419 = DIRECTION('',(0.,-0.,1.));
#2420 = ADVANCED_FACE('',(#2421),#2427,.F.);
#2421 = FACE_BOUND('',#2422,.F.);
#2422 = EDGE_LOOP('',(#2423,#2424,#2425,#2426));
#2423 = ORIENTED_EDGE('',*,*,#2310,.F.);
#2424 = ORIENTED_EDGE('',*,*,#2380,.T.);
#2425 = ORIENTED_EDGE('',*,*,#2350,.T.);
#2426 = ORIENTED_EDGE('',*,*,#2402,.F.);
#2427 = PLANE('',#2428);
#2428 = AXIS2_PLACEMENT_3D('',#2429,#2430,#2431);
#2429 = CARTESIAN_POINT('',(-1.295,0.15,0.));
#2430 = DIRECTION('',(0.,0.,1.));
#2431 = DIRECTION('',(1.,0.,-0.));
#2432 = ADVANCED_FACE('',(#2433),#2439,.T.);
#2433 = FACE_BOUND('',#2434,.T.);
#2434 = EDGE_LOOP('',(#2435,#2436,#2437,#2438));
#2435 = ORIENTED_EDGE('',*,*,#2326,.F.);
#2436 = ORIENTED_EDGE('',*,*,#2387,.T.);
#2437 = ORIENTED_EDGE('',*,*,#2366,.T.);
#2438 = ORIENTED_EDGE('',*,*,#2409,.F.);
#2439 = PLANE('',#2440);
#2440 = AXIS2_PLACEMENT_3D('',#2441,#2442,#2443);
#2441 = CARTESIAN_POINT('',(-1.295,0.15,0.1));
#2442 = DIRECTION('',(0.,0.,1.));
#2443 = DIRECTION('',(1.,0.,-0.));
#2444 = MANIFOLD_SOLID_BREP('',#2445);
#2445 = CLOSED_SHELL('',(#2446,#2486,#2526,#2548,#2570,#2582));
#2446 = ADVANCED_FACE('',(#2447),#2481,.F.);
#2447 = FACE_BOUND('',#2448,.F.);
#2448 = EDGE_LOOP('',(#2449,#2459,#2467,#2475));
#2449 = ORIENTED_EDGE('',*,*,#2450,.F.);
#2450 = EDGE_CURVE('',#2451,#2453,#2455,.T.);
#2451 = VERTEX_POINT('',#2452);
#2452 = CARTESIAN_POINT('',(-0.89,0.15,0.19));
#2453 = VERTEX_POINT('',#2454);
#2454 = CARTESIAN_POINT('',(-0.89,0.15,0.31));
#2455 = LINE('',#2456,#2457);
#2456 = CARTESIAN_POINT('',(-0.89,0.15,0.19));
#2457 = VECTOR('',#2458,1.);
#2458 = DIRECTION('',(0.,0.,1.));
#2459 = ORIENTED_EDGE('',*,*,#2460,.T.);
#2460 = EDGE_CURVE('',#2451,#2461,#2463,.T.);
#2461 = VERTEX_POINT('',#2462);
#2462 = CARTESIAN_POINT('',(-0.89,0.25,0.19));
#2463 = LINE('',#2464,#2465);
#2464 = CARTESIAN_POINT('',(-0.89,0.15,0.19));
#2465 = VECTOR('',#2466,1.);
#2466 = DIRECTION('',(0.,1.,0.));
#2467 = ORIENTED_EDGE('',*,*,#2468,.T.);
#2468 = EDGE_CURVE('',#2461,#2469,#2471,.T.);
#2469 = VERTEX_POINT('',#2470);
#2470 = CARTESIAN_POINT('',(-0.89,0.25,0.31));
#2471 = LINE('',#2472,#2473);
#2472 = CARTESIAN_POINT('',(-0.89,0.25,0.19));
#2473 = VECTOR('',#2474,1.);
#2474 = DIRECTION('',(0.,0.,1.));
#2475 = ORIENTED_EDGE('',*,*,#2476,.F.);
#2476 = EDGE_CURVE('',#2453,#2469,#2477,.T.);
#2477 = LINE('',#2478,#2479);
#2478 = CARTESIAN_POINT('',(-0.89,0.15,0.31));
#2479 = VECTOR('',#2480,1.);
#2480 = DIRECTION('',(0.,1.,0.));
#2481 = PLANE('',#2482);
#2482 = AXIS2_PLACEMENT_3D('',#2483,#2484,#2485);
#2483 = CARTESIAN_POINT('',(-0.89,0.15,0.19));
#2484 = DIRECTION('',(1.,0.,0.));
#2485 = DIRECTION('',(0.,0.,1.));
#2486 = ADVANCED_FACE('',(#2487),#2521,.T.);
#2487 = FACE_BOUND('',#2488,.T.);
#2488 = EDGE_LOOP('',(#2489,#2499,#2507,#2515));
#2489 = ORIENTED_EDGE('',*,*,#2490,.F.);
#2490 = EDGE_CURVE('',#2491,#2493,#2495,.T.);
#2491 = VERTEX_POINT('',#2492);
#2492 = CARTESIAN_POINT('',(-0.24,0.15,0.19));
#2493 = VERTEX_POINT('',#2494);
#2494 = CARTESIAN_POINT('',(-0.24,0.15,0.31));
#2495 = LINE('',#2496,#2497);
#2496 = CARTESIAN_POINT('',(-0.24,0.15,0.19));
#2497 = VECTOR('',#2498,1.);
#2498 = DIRECTION('',(0.,0.,1.));
#2499 = ORIENTED_EDGE('',*,*,#2500,.T.);
#2500 = EDGE_CURVE('',#2491,#2501,#2503,.T.);
#2501 = VERTEX_POINT('',#2502);
#2502 = CARTESIAN_POINT('',(-0.24,0.25,0.19));
#2503 = LINE('',#2504,#2505);
#2504 = CARTESIAN_POINT('',(-0.24,0.15,0.19));
#2505 = VECTOR('',#2506,1.);
#2506 = DIRECTION('',(0.,1.,0.));
#2507 = ORIENTED_EDGE('',*,*,#2508,.T.);
#2508 = EDGE_CURVE('',#2501,#2509,#2511,.T.);
#2509 = VERTEX_POINT('',#2510);
#2510 = CARTESIAN_POINT('',(-0.24,0.25,0.31));
#2511 = LINE('',#2512,#2513);
#2512 = CARTESIAN_POINT('',(-0.24,0.25,0.19));
#2513 = VECTOR('',#2514,1.);
#2514 = DIRECTION('',(0.,0.,1.));
#2515 = ORIENTED_EDGE('',*,*,#2516,.F.);
#2516 = EDGE_CURVE('',#2493,#2509,#2517,.T.);
#2517 = LINE('',#2518,#2519);
#2518 = CARTESIAN_POINT('',(-0.24,0.15,0.31));
#2519 = VECTOR('',#2520,1.);
#2520 = DIRECTION('',(0.,1.,0.));
#2521 = PLANE('',#2522);
#2522 = AXIS2_PLACEMENT_3D('',#2523,#2524,#2525);
#2523 = CARTESIAN_POINT('',(-0.24,0.15,0.19));
#2524 = DIRECTION('',(1.,0.,0.));
#2525 = DIRECTION('',(0.,0.,1.));
#2526 = ADVANCED_FACE('',(#2527),#2543,.F.);
#2527 = FACE_BOUND('',#2528,.F.);
#2528 = EDGE_LOOP('',(#2529,#2535,#2536,#2542));
#2529 = ORIENTED_EDGE('',*,*,#2530,.F.);
#2530 = EDGE_CURVE('',#2451,#2491,#2531,.T.);
#2531 = LINE('',#2532,#2533);
#2532 = CARTESIAN_POINT('',(-0.89,0.15,0.19));
#2533 = VECTOR('',#2534,1.);
#2534 = DIRECTION('',(1.,0.,0.));
#2535 = ORIENTED_EDGE('',*,*,#2450,.T.);
#2536 = ORIENTED_EDGE('',*,*,#2537,.T.);
#2537 = EDGE_CURVE('',#2453,#2493,#2538,.T.);
#2538 = LINE('',#2539,#2540);
#2539 = CARTESIAN_POINT('',(-0.89,0.15,0.31));
#2540 = VECTOR('',#2541,1.);
#2541 = DIRECTION('',(1.,0.,0.));
#2542 = ORIENTED_EDGE('',*,*,#2490,.F.);
#2543 = PLANE('',#2544);
#2544 = AXIS2_PLACEMENT_3D('',#2545,#2546,#2547);
#2545 = CARTESIAN_POINT('',(-0.89,0.15,0.19));
#2546 = DIRECTION('',(0.,1.,0.));
#2547 = DIRECTION('',(0.,-0.,1.));
#2548 = ADVANCED_FACE('',(#2549),#2565,.T.);
#2549 = FACE_BOUND('',#2550,.T.);
#2550 = EDGE_LOOP('',(#2551,#2557,#2558,#2564));
#2551 = ORIENTED_EDGE('',*,*,#2552,.F.);
#2552 = EDGE_CURVE('',#2461,#2501,#2553,.T.);
#2553 = LINE('',#2554,#2555);
#2554 = CARTESIAN_POINT('',(-0.89,0.25,0.19));
#2555 = VECTOR('',#2556,1.);
#2556 = DIRECTION('',(1.,0.,0.));
#2557 = ORIENTED_EDGE('',*,*,#2468,.T.);
#2558 = ORIENTED_EDGE('',*,*,#2559,.T.);
#2559 = EDGE_CURVE('',#2469,#2509,#2560,.T.);
#2560 = LINE('',#2561,#2562);
#2561 = CARTESIAN_POINT('',(-0.89,0.25,0.31));
#2562 = VECTOR('',#2563,1.);
#2563 = DIRECTION('',(1.,0.,0.));
#2564 = ORIENTED_EDGE('',*,*,#2508,.F.);
#2565 = PLANE('',#2566);
#2566 = AXIS2_PLACEMENT_3D('',#2567,#2568,#2569);
#2567 = CARTESIAN_POINT('',(-0.89,0.25,0.19));
#2568 = DIRECTION('',(0.,1.,0.));
#2569 = DIRECTION('',(0.,-0.,1.));
#2570 = ADVANCED_FACE('',(#2571),#2577,.F.);
#2571 = FACE_BOUND('',#2572,.F.);
#2572 = EDGE_LOOP('',(#2573,#2574,#2575,#2576));
#2573 = ORIENTED_EDGE('',*,*,#2460,.F.);
#2574 = ORIENTED_EDGE('',*,*,#2530,.T.);
#2575 = ORIENTED_EDGE('',*,*,#2500,.T.);
#2576 = ORIENTED_EDGE('',*,*,#2552,.F.);
#2577 = PLANE('',#2578);
#2578 = AXIS2_PLACEMENT_3D('',#2579,#2580,#2581);
#2579 = CARTESIAN_POINT('',(-0.89,0.15,0.19));
#2580 = DIRECTION('',(0.,0.,1.));
#2581 = DIRECTION('',(1.,0.,-0.));
#2582 = ADVANCED_FACE('',(#2583),#2589,.T.);
#2583 = FACE_BOUND('',#2584,.T.);
#2584 = EDGE_LOOP('',(#2585,#2586,#2587,#2588));
#2585 = ORIENTED_EDGE('',*,*,#2476,.F.);
#2586 = ORIENTED_EDGE('',*,*,#2537,.T.);
#2587 = ORIENTED_EDGE('',*,*,#2516,.T.);
#2588 = ORIENTED_EDGE('',*,*,#2559,.F.);
#2589 = PLANE('',#2590);
#2590 = AXIS2_PLACEMENT_3D('',#2591,#2592,#2593);
#2591 = CARTESIAN_POINT('',(-0.89,0.15,0.31));
#2592 = DIRECTION('',(0.,0.,1.));
#2593 = DIRECTION('',(1.,0.,-0.));
#2594 = MANIFOLD_SOLID_BREP('',#2595);
#2595 = CLOSED_SHELL('',(#2596,#2636,#2676,#2698,#2720,#2732));
#2596 = ADVANCED_FACE('',(#2597),#2631,.F.);
#2597 = FACE_BOUND('',#2598,.F.);
#2598 = EDGE_LOOP('',(#2599,#2609,#2617,#2625));
#2599 = ORIENTED_EDGE('',*,*,#2600,.F.);
#2600 = EDGE_CURVE('',#2601,#2603,#2605,.T.);
#2601 = VERTEX_POINT('',#2602);
#2602 = CARTESIAN_POINT('',(-1.295,0.55,0.));
#2603 = VERTEX_POINT('',#2604);
#2604 = CARTESIAN_POINT('',(-1.295,0.55,0.1));
#2605 = LINE('',#2606,#2607);
#2606 = CARTESIAN_POINT('',(-1.295,0.55,0.));
#2607 = VECTOR('',#2608,1.);
#2608 = DIRECTION('',(0.,0.,1.));
#2609 = ORIENTED_EDGE('',*,*,#2610,.T.);
#2610 = EDGE_CURVE('',#2601,#2611,#2613,.T.);
#2611 = VERTEX_POINT('',#2612);
#2612 = CARTESIAN_POINT('',(-1.295,0.65,0.));
#2613 = LINE('',#2614,#2615);
#2614 = CARTESIAN_POINT('',(-1.295,0.55,0.));
#2615 = VECTOR('',#2616,1.);
#2616 = DIRECTION('',(0.,1.,0.));
#2617 = ORIENTED_EDGE('',*,*,#2618,.T.);
#2618 = EDGE_CURVE('',#2611,#2619,#2621,.T.);
#2619 = VERTEX_POINT('',#2620);
#2620 = CARTESIAN_POINT('',(-1.295,0.65,0.1));
#2621 = LINE('',#2622,#2623);
#2622 = CARTESIAN_POINT('',(-1.295,0.65,0.));
#2623 = VECTOR('',#2624,1.);
#2624 = DIRECTION('',(0.,0.,1.));
#2625 = ORIENTED_EDGE('',*,*,#2626,.F.);
#2626 = EDGE_CURVE('',#2603,#2619,#2627,.T.);
#2627 = LINE('',#2628,#2629);
#2628 = CARTESIAN_POINT('',(-1.295,0.55,0.1));
#2629 = VECTOR('',#2630,1.);
#2630 = DIRECTION('',(0.,1.,0.));
#2631 = PLANE('',#2632);
#2632 = AXIS2_PLACEMENT_3D('',#2633,#2634,#2635);
#2633 = CARTESIAN_POINT('',(-1.295,0.55,0.));
#2634 = DIRECTION('',(1.,0.,0.));
#2635 = DIRECTION('',(0.,0.,1.));
#2636 = ADVANCED_FACE('',(#2637),#2671,.T.);
#2637 = FACE_BOUND('',#2638,.T.);
#2638 = EDGE_LOOP('',(#2639,#2649,#2657,#2665));
#2639 = ORIENTED_EDGE('',*,*,#2640,.F.);
#2640 = EDGE_CURVE('',#2641,#2643,#2645,.T.);
#2641 = VERTEX_POINT('',#2642);
#2642 = CARTESIAN_POINT('',(-0.92,0.55,0.));
#2643 = VERTEX_POINT('',#2644);
#2644 = CARTESIAN_POINT('',(-0.92,0.55,0.1));
#2645 = LINE('',#2646,#2647);
#2646 = CARTESIAN_POINT('',(-0.92,0.55,0.));
#2647 = VECTOR('',#2648,1.);
#2648 = DIRECTION('',(0.,0.,1.));
#2649 = ORIENTED_EDGE('',*,*,#2650,.T.);
#2650 = EDGE_CURVE('',#2641,#2651,#2653,.T.);
#2651 = VERTEX_POINT('',#2652);
#2652 = CARTESIAN_POINT('',(-0.92,0.65,0.));
#2653 = LINE('',#2654,#2655);
#2654 = CARTESIAN_POINT('',(-0.92,0.55,0.));
#2655 = VECTOR('',#2656,1.);
#2656 = DIRECTION('',(0.,1.,0.));
#2657 = ORIENTED_EDGE('',*,*,#2658,.T.);
#2658 = EDGE_CURVE('',#2651,#2659,#2661,.T.);
#2659 = VERTEX_POINT('',#2660);
#2660 = CARTESIAN_POINT('',(-0.92,0.65,0.1));
#2661 = LINE('',#2662,#2663);
#2662 = CARTESIAN_POINT('',(-0.92,0.65,0.));
#2663 = VECTOR('',#2664,1.);
#2664 = DIRECTION('',(0.,0.,1.));
#2665 = ORIENTED_EDGE('',*,*,#2666,.F.);
#2666 = EDGE_CURVE('',#2643,#2659,#2667,.T.);
#2667 = LINE('',#2668,#2669);
#2668 = CARTESIAN_POINT('',(-0.92,0.55,0.1));
#2669 = VECTOR('',#2670,1.);
#2670 = DIRECTION('',(0.,1.,0.));
#2671 = PLANE('',#2672);
#2672 = AXIS2_PLACEMENT_3D('',#2673,#2674,#2675);
#2673 = CARTESIAN_POINT('',(-0.92,0.55,0.));
#2674 = DIRECTION('',(1.,0.,0.));
#2675 = DIRECTION('',(0.,0.,1.));
#2676 = ADVANCED_FACE('',(#2677),#2693,.F.);
#2677 = FACE_BOUND('',#2678,.F.);
#2678 = EDGE_LOOP('',(#2679,#2685,#2686,#2692));
#2679 = ORIENTED_EDGE('',*,*,#2680,.F.);
#2680 = EDGE_CURVE('',#2601,#2641,#2681,.T.);
#2681 = LINE('',#2682,#2683);
#2682 = CARTESIAN_POINT('',(-1.295,0.55,0.));
#2683 = VECTOR('',#2684,1.);
#2684 = DIRECTION('',(1.,0.,0.));
#2685 = ORIENTED_EDGE('',*,*,#2600,.T.);
#2686 = ORIENTED_EDGE('',*,*,#2687,.T.);
#2687 = EDGE_CURVE('',#2603,#2643,#2688,.T.);
#2688 = LINE('',#2689,#2690);
#2689 = CARTESIAN_POINT('',(-1.295,0.55,0.1));
#2690 = VECTOR('',#2691,1.);
#2691 = DIRECTION('',(1.,0.,0.));
#2692 = ORIENTED_EDGE('',*,*,#2640,.F.);
#2693 = PLANE('',#2694);
#2694 = AXIS2_PLACEMENT_3D('',#2695,#2696,#2697);
#2695 = CARTESIAN_POINT('',(-1.295,0.55,0.));
#2696 = DIRECTION('',(0.,1.,0.));
#2697 = DIRECTION('',(0.,-0.,1.));
#2698 = ADVANCED_FACE('',(#2699),#2715,.T.);
#2699 = FACE_BOUND('',#2700,.T.);
#2700 = EDGE_LOOP('',(#2701,#2707,#2708,#2714));
#2701 = ORIENTED_EDGE('',*,*,#2702,.F.);
#2702 = EDGE_CURVE('',#2611,#2651,#2703,.T.);
#2703 = LINE('',#2704,#2705);
#2704 = CARTESIAN_POINT('',(-1.295,0.65,0.));
#2705 = VECTOR('',#2706,1.);
#2706 = DIRECTION('',(1.,0.,0.));
#2707 = ORIENTED_EDGE('',*,*,#2618,.T.);
#2708 = ORIENTED_EDGE('',*,*,#2709,.T.);
#2709 = EDGE_CURVE('',#2619,#2659,#2710,.T.);
#2710 = LINE('',#2711,#2712);
#2711 = CARTESIAN_POINT('',(-1.295,0.65,0.1));
#2712 = VECTOR('',#2713,1.);
#2713 = DIRECTION('',(1.,0.,0.));
#2714 = ORIENTED_EDGE('',*,*,#2658,.F.);
#2715 = PLANE('',#2716);
#2716 = AXIS2_PLACEMENT_3D('',#2717,#2718,#2719);
#2717 = CARTESIAN_POINT('',(-1.295,0.65,0.));
#2718 = DIRECTION('',(0.,1.,0.));
#2719 = DIRECTION('',(0.,-0.,1.));
#2720 = ADVANCED_FACE('',(#2721),#2727,.F.);
#2721 = FACE_BOUND('',#2722,.F.);
#2722 = EDGE_LOOP('',(#2723,#2724,#2725,#2726));
#2723 = ORIENTED_EDGE('',*,*,#2610,.F.);
#2724 = ORIENTED_EDGE('',*,*,#2680,.T.);
#2725 = ORIENTED_EDGE('',*,*,#2650,.T.);
#2726 = ORIENTED_EDGE('',*,*,#2702,.F.);
#2727 = PLANE('',#2728);
#2728 = AXIS2_PLACEMENT_3D('',#2729,#2730,#2731);
#2729 = CARTESIAN_POINT('',(-1.295,0.55,0.));
#2730 = DIRECTION('',(0.,0.,1.));
#2731 = DIRECTION('',(1.,0.,-0.));
#2732 = ADVANCED_FACE('',(#2733),#2739,.T.);
#2733 = FACE_BOUND('',#2734,.T.);
#2734 = EDGE_LOOP('',(#2735,#2736,#2737,#2738));
#2735 = ORIENTED_EDGE('',*,*,#2626,.F.);
#2736 = ORIENTED_EDGE('',*,*,#2687,.T.);
#2737 = ORIENTED_EDGE('',*,*,#2666,.T.);
#2738 = ORIENTED_EDGE('',*,*,#2709,.F.);
#2739 = PLANE('',#2740);
#2740 = AXIS2_PLACEMENT_3D('',#2741,#2742,#2743);
#2741 = CARTESIAN_POINT('',(-1.295,0.55,0.1));
#2742 = DIRECTION('',(0.,0.,1.));
#2743 = DIRECTION('',(1.,0.,-0.));
#2744 = MANIFOLD_SOLID_BREP('',#2745);
#2745 = CLOSED_SHELL('',(#2746,#2786,#2826,#2848,#2870,#2882));
#2746 = ADVANCED_FACE('',(#2747),#2781,.F.);
#2747 = FACE_BOUND('',#2748,.F.);
#2748 = EDGE_LOOP('',(#2749,#2759,#2767,#2775));
#2749 = ORIENTED_EDGE('',*,*,#2750,.F.);
#2750 = EDGE_CURVE('',#2751,#2753,#2755,.T.);
#2751 = VERTEX_POINT('',#2752);
#2752 = CARTESIAN_POINT('',(-0.89,0.55,0.19));
#2753 = VERTEX_POINT('',#2754);
#2754 = CARTESIAN_POINT('',(-0.89,0.55,0.31));
#2755 = LINE('',#2756,#2757);
#2756 = CARTESIAN_POINT('',(-0.89,0.55,0.19));
#2757 = VECTOR('',#2758,1.);
#2758 = DIRECTION('',(0.,0.,1.));
#2759 = ORIENTED_EDGE('',*,*,#2760,.T.);
#2760 = EDGE_CURVE('',#2751,#2761,#2763,.T.);
#2761 = VERTEX_POINT('',#2762);
#2762 = CARTESIAN_POINT('',(-0.89,0.65,0.19));
#2763 = LINE('',#2764,#2765);
#2764 = CARTESIAN_POINT('',(-0.89,0.55,0.19));
#2765 = VECTOR('',#2766,1.);
#2766 = DIRECTION('',(0.,1.,0.));
#2767 = ORIENTED_EDGE('',*,*,#2768,.T.);
#2768 = EDGE_CURVE('',#2761,#2769,#2771,.T.);
#2769 = VERTEX_POINT('',#2770);
#2770 = CARTESIAN_POINT('',(-0.89,0.65,0.31));
#2771 = LINE('',#2772,#2773);
#2772 = CARTESIAN_POINT('',(-0.89,0.65,0.19));
#2773 = VECTOR('',#2774,1.);
#2774 = DIRECTION('',(0.,0.,1.));
#2775 = ORIENTED_EDGE('',*,*,#2776,.F.);
#2776 = EDGE_CURVE('',#2753,#2769,#2777,.T.);
#2777 = LINE('',#2778,#2779);
#2778 = CARTESIAN_POINT('',(-0.89,0.55,0.31));
#2779 = VECTOR('',#2780,1.);
#2780 = DIRECTION('',(0.,1.,0.));
#2781 = PLANE('',#2782);
#2782 = AXIS2_PLACEMENT_3D('',#2783,#2784,#2785);
#2783 = CARTESIAN_POINT('',(-0.89,0.55,0.19));
#2784 = DIRECTION('',(1.,0.,0.));
#2785 = DIRECTION('',(0.,0.,1.));
#2786 = ADVANCED_FACE('',(#2787),#2821,.T.);
#2787 = FACE_BOUND('',#2788,.T.);
#2788 = EDGE_LOOP('',(#2789,#2799,#2807,#2815));
#2789 = ORIENTED_EDGE('',*,*,#2790,.F.);
#2790 = EDGE_CURVE('',#2791,#2793,#2795,.T.);
#2791 = VERTEX_POINT('',#2792);
#2792 = CARTESIAN_POINT('',(-0.24,0.55,0.19));
#2793 = VERTEX_POINT('',#2794);
#2794 = CARTESIAN_POINT('',(-0.24,0.55,0.31));
#2795 = LINE('',#2796,#2797);
#2796 = CARTESIAN_POINT('',(-0.24,0.55,0.19));
#2797 = VECTOR('',#2798,1.);
#2798 = DIRECTION('',(0.,0.,1.));
#2799 = ORIENTED_EDGE('',*,*,#2800,.T.);
#2800 = EDGE_CURVE('',#2791,#2801,#2803,.T.);
#2801 = VERTEX_POINT('',#2802);
#2802 = CARTESIAN_POINT('',(-0.24,0.65,0.19));
#2803 = LINE('',#2804,#2805);
#2804 = CARTESIAN_POINT('',(-0.24,0.55,0.19));
#2805 = VECTOR('',#2806,1.);
#2806 = DIRECTION('',(0.,1.,0.));
#2807 = ORIENTED_EDGE('',*,*,#2808,.T.);
#2808 = EDGE_CURVE('',#2801,#2809,#2811,.T.);
#2809 = VERTEX_POINT('',#2810);
#2810 = CARTESIAN_POINT('',(-0.24,0.65,0.31));
#2811 = LINE('',#2812,#2813);
#2812 = CARTESIAN_POINT('',(-0.24,0.65,0.19));
#2813 = VECTOR('',#2814,1.);
#2814 = DIRECTION('',(0.,0.,1.));
#2815 = ORIENTED_EDGE('',*,*,#2816,.F.);
#2816 = EDGE_CURVE('',#2793,#2809,#2817,.T.);
#2817 = LINE('',#2818,#2819);
#2818 = CARTESIAN_POINT('',(-0.24,0.55,0.31));
#2819 = VECTOR('',#2820,1.);
#2820 = DIRECTION('',(0.,1.,0.));
#2821 = PLANE('',#2822);
#2822 = AXIS2_PLACEMENT_3D('',#2823,#2824,#2825);
#2823 = CARTESIAN_POINT('',(-0.24,0.55,0.19));
#2824 = DIRECTION('',(1.,0.,0.));
#2825 = DIRECTION('',(0.,0.,1.));
#2826 = ADVANCED_FACE('',(#2827),#2843,.F.);
#2827 = FACE_BOUND('',#2828,.F.);
#2828 = EDGE_LOOP('',(#2829,#2835,#2836,#2842));
#2829 = ORIENTED_EDGE('',*,*,#2830,.F.);
#2830 = EDGE_CURVE('',#2751,#2791,#2831,.T.);
#2831 = LINE('',#2832,#2833);
#2832 = CARTESIAN_POINT('',(-0.89,0.55,0.19));
#2833 = VECTOR('',#2834,1.);
#2834 = DIRECTION('',(1.,0.,0.));
#2835 = ORIENTED_EDGE('',*,*,#2750,.T.);
#2836 = ORIENTED_EDGE('',*,*,#2837,.T.);
#2837 = EDGE_CURVE('',#2753,#2793,#2838,.T.);
#2838 = LINE('',#2839,#2840);
#2839 = CARTESIAN_POINT('',(-0.89,0.55,0.31));
#2840 = VECTOR('',#2841,1.);
#2841 = DIRECTION('',(1.,0.,0.));
#2842 = ORIENTED_EDGE('',*,*,#2790,.F.);
#2843 = PLANE('',#2844);
#2844 = AXIS2_PLACEMENT_3D('',#2845,#2846,#2847);
#2845 = CARTESIAN_POINT('',(-0.89,0.55,0.19));
#2846 = DIRECTION('',(0.,1.,0.));
#2847 = DIRECTION('',(0.,-0.,1.));
#2848 = ADVANCED_FACE('',(#2849),#2865,.T.);
#2849 = FACE_BOUND('',#2850,.T.);
#2850 = EDGE_LOOP('',(#2851,#2857,#2858,#2864));
#2851 = ORIENTED_EDGE('',*,*,#2852,.F.);
#2852 = EDGE_CURVE('',#2761,#2801,#2853,.T.);
#2853 = LINE('',#2854,#2855);
#2854 = CARTESIAN_POINT('',(-0.89,0.65,0.19));
#2855 = VECTOR('',#2856,1.);
#2856 = DIRECTION('',(1.,0.,0.));
#2857 = ORIENTED_EDGE('',*,*,#2768,.T.);
#2858 = ORIENTED_EDGE('',*,*,#2859,.T.);
#2859 = EDGE_CURVE('',#2769,#2809,#2860,.T.);
#2860 = LINE('',#2861,#2862);
#2861 = CARTESIAN_POINT('',(-0.89,0.65,0.31));
#2862 = VECTOR('',#2863,1.);
#2863 = DIRECTION('',(1.,0.,0.));
#2864 = ORIENTED_EDGE('',*,*,#2808,.F.);
#2865 = PLANE('',#2866);
#2866 = AXIS2_PLACEMENT_3D('',#2867,#2868,#2869);
#2867 = CARTESIAN_POINT('',(-0.89,0.65,0.19));
#2868 = DIRECTION('',(0.,1.,0.));
#2869 = DIRECTION('',(0.,-0.,1.));
#2870 = ADVANCED_FACE('',(#2871),#2877,.F.);
#2871 = FACE_BOUND('',#2872,.F.);
#2872 = EDGE_LOOP('',(#2873,#2874,#2875,#2876));
#2873 = ORIENTED_EDGE('',*,*,#2760,.F.);
#2874 = ORIENTED_EDGE('',*,*,#2830,.T.);
#2875 = ORIENTED_EDGE('',*,*,#2800,.T.);
#2876 = ORIENTED_EDGE('',*,*,#2852,.F.);
#2877 = PLANE('',#2878);
#2878 = AXIS2_PLACEMENT_3D('',#2879,#2880,#2881);
#2879 = CARTESIAN_POINT('',(-0.89,0.55,0.19));
#2880 = DIRECTION('',(0.,0.,1.));
#2881 = DIRECTION('',(1.,0.,-0.));
#2882 = ADVANCED_FACE('',(#2883),#2889,.T.);
#2883 = FACE_BOUND('',#2884,.T.);
#2884 = EDGE_LOOP('',(#2885,#2886,#2887,#2888));
#2885 = ORIENTED_EDGE('',*,*,#2776,.F.);
#2886 = ORIENTED_EDGE('',*,*,#2837,.T.);
#2887 = ORIENTED_EDGE('',*,*,#2816,.T.);
#2888 = ORIENTED_EDGE('',*,*,#2859,.F.);
#2889 = PLANE('',#2890);
#2890 = AXIS2_PLACEMENT_3D('',#2891,#2892,#2893);
#2891 = CARTESIAN_POINT('',(-0.89,0.55,0.31));
#2892 = DIRECTION('',(0.,0.,1.));
#2893 = DIRECTION('',(1.,0.,-0.));
#2894 = MANIFOLD_SOLID_BREP('',#2895);
#2895 = CLOSED_SHELL('',(#2896,#2936,#2976,#2998,#3020,#3032));
#2896 = ADVANCED_FACE('',(#2897),#2931,.F.);
#2897 = FACE_BOUND('',#2898,.F.);
#2898 = EDGE_LOOP('',(#2899,#2909,#2917,#2925));
#2899 = ORIENTED_EDGE('',*,*,#2900,.F.);
#2900 = EDGE_CURVE('',#2901,#2903,#2905,.T.);
#2901 = VERTEX_POINT('',#2902);
#2902 = CARTESIAN_POINT('',(-1.295,0.95,0.));
#2903 = VERTEX_POINT('',#2904);
#2904 = CARTESIAN_POINT('',(-1.295,0.95,0.1));
#2905 = LINE('',#2906,#2907);
#2906 = CARTESIAN_POINT('',(-1.295,0.95,0.));
#2907 = VECTOR('',#2908,1.);
#2908 = DIRECTION('',(0.,0.,1.));
#2909 = ORIENTED_EDGE('',*,*,#2910,.T.);
#2910 = EDGE_CURVE('',#2901,#2911,#2913,.T.);
#2911 = VERTEX_POINT('',#2912);
#2912 = CARTESIAN_POINT('',(-1.295,1.05,0.));
#2913 = LINE('',#2914,#2915);
#2914 = CARTESIAN_POINT('',(-1.295,0.95,0.));
#2915 = VECTOR('',#2916,1.);
#2916 = DIRECTION('',(0.,1.,0.));
#2917 = ORIENTED_EDGE('',*,*,#2918,.T.);
#2918 = EDGE_CURVE('',#2911,#2919,#2921,.T.);
#2919 = VERTEX_POINT('',#2920);
#2920 = CARTESIAN_POINT('',(-1.295,1.05,0.1));
#2921 = LINE('',#2922,#2923);
#2922 = CARTESIAN_POINT('',(-1.295,1.05,0.));
#2923 = VECTOR('',#2924,1.);
#2924 = DIRECTION('',(0.,0.,1.));
#2925 = ORIENTED_EDGE('',*,*,#2926,.F.);
#2926 = EDGE_CURVE('',#2903,#2919,#2927,.T.);
#2927 = LINE('',#2928,#2929);
#2928 = CARTESIAN_POINT('',(-1.295,0.95,0.1));
#2929 = VECTOR('',#2930,1.);
#2930 = DIRECTION('',(0.,1.,0.));
#2931 = PLANE('',#2932);
#2932 = AXIS2_PLACEMENT_3D('',#2933,#2934,#2935);
#2933 = CARTESIAN_POINT('',(-1.295,0.95,0.));
#2934 = DIRECTION('',(1.,0.,0.));
#2935 = DIRECTION('',(0.,0.,1.));
#2936 = ADVANCED_FACE('',(#2937),#2971,.T.);
#2937 = FACE_BOUND('',#2938,.T.);
#2938 = EDGE_LOOP('',(#2939,#2949,#2957,#2965));
#2939 = ORIENTED_EDGE('',*,*,#2940,.F.);
#2940 = EDGE_CURVE('',#2941,#2943,#2945,.T.);
#2941 = VERTEX_POINT('',#2942);
#2942 = CARTESIAN_POINT('',(-0.92,0.95,0.));
#2943 = VERTEX_POINT('',#2944);
#2944 = CARTESIAN_POINT('',(-0.92,0.95,0.1));
#2945 = LINE('',#2946,#2947);
#2946 = CARTESIAN_POINT('',(-0.92,0.95,0.));
#2947 = VECTOR('',#2948,1.);
#2948 = DIRECTION('',(0.,0.,1.));
#2949 = ORIENTED_EDGE('',*,*,#2950,.T.);
#2950 = EDGE_CURVE('',#2941,#2951,#2953,.T.);
#2951 = VERTEX_POINT('',#2952);
#2952 = CARTESIAN_POINT('',(-0.92,1.05,0.));
#2953 = LINE('',#2954,#2955);
#2954 = CARTESIAN_POINT('',(-0.92,0.95,0.));
#2955 = VECTOR('',#2956,1.);
#2956 = DIRECTION('',(0.,1.,0.));
#2957 = ORIENTED_EDGE('',*,*,#2958,.T.);
#2958 = EDGE_CURVE('',#2951,#2959,#2961,.T.);
#2959 = VERTEX_POINT('',#2960);
#2960 = CARTESIAN_POINT('',(-0.92,1.05,0.1));
#2961 = LINE('',#2962,#2963);
#2962 = CARTESIAN_POINT('',(-0.92,1.05,0.));
#2963 = VECTOR('',#2964,1.);
#2964 = DIRECTION('',(0.,0.,1.));
#2965 = ORIENTED_EDGE('',*,*,#2966,.F.);
#2966 = EDGE_CURVE('',#2943,#2959,#2967,.T.);
#2967 = LINE('',#2968,#2969);
#2968 = CARTESIAN_POINT('',(-0.92,0.95,0.1));
#2969 = VECTOR('',#2970,1.);
#2970 = DIRECTION('',(0.,1.,0.));
#2971 = PLANE('',#2972);
#2972 = AXIS2_PLACEMENT_3D('',#2973,#2974,#2975);
#2973 = CARTESIAN_POINT('',(-0.92,0.95,0.));
#2974 = DIRECTION('',(1.,0.,0.));
#2975 = DIRECTION('',(0.,0.,1.));
#2976 = ADVANCED_FACE('',(#2977),#2993,.F.);
#2977 = FACE_BOUND('',#2978,.F.);
#2978 = EDGE_LOOP('',(#2979,#2985,#2986,#2992));
#2979 = ORIENTED_EDGE('',*,*,#2980,.F.);
#2980 = EDGE_CURVE('',#2901,#2941,#2981,.T.);
#2981 = LINE('',#2982,#2983);
#2982 = CARTESIAN_POINT('',(-1.295,0.95,0.));
#2983 = VECTOR('',#2984,1.);
#2984 = DIRECTION('',(1.,0.,0.));
#2985 = ORIENTED_EDGE('',*,*,#2900,.T.);
#2986 = ORIENTED_EDGE('',*,*,#2987,.T.);
#2987 = EDGE_CURVE('',#2903,#2943,#2988,.T.);
#2988 = LINE('',#2989,#2990);
#2989 = CARTESIAN_POINT('',(-1.295,0.95,0.1));
#2990 = VECTOR('',#2991,1.);
#2991 = DIRECTION('',(1.,0.,0.));
#2992 = ORIENTED_EDGE('',*,*,#2940,.F.);
#2993 = PLANE('',#2994);
#2994 = AXIS2_PLACEMENT_3D('',#2995,#2996,#2997);
#2995 = CARTESIAN_POINT('',(-1.295,0.95,0.));
#2996 = DIRECTION('',(0.,1.,0.));
#2997 = DIRECTION('',(0.,-0.,1.));
#2998 = ADVANCED_FACE('',(#2999),#3015,.T.);
#2999 = FACE_BOUND('',#3000,.T.);
#3000 = EDGE_LOOP('',(#3001,#3007,#3008,#3014));
#3001 = ORIENTED_EDGE('',*,*,#3002,.F.);
#3002 = EDGE_CURVE('',#2911,#2951,#3003,.T.);
#3003 = LINE('',#3004,#3005);
#3004 = CARTESIAN_POINT('',(-1.295,1.05,0.));
#3005 = VECTOR('',#3006,1.);
#3006 = DIRECTION('',(1.,0.,0.));
#3007 = ORIENTED_EDGE('',*,*,#2918,.T.);
#3008 = ORIENTED_EDGE('',*,*,#3009,.T.);
#3009 = EDGE_CURVE('',#2919,#2959,#3010,.T.);
#3010 = LINE('',#3011,#3012);
#3011 = CARTESIAN_POINT('',(-1.295,1.05,0.1));
#3012 = VECTOR('',#3013,1.);
#3013 = DIRECTION('',(1.,0.,0.));
#3014 = ORIENTED_EDGE('',*,*,#2958,.F.);
#3015 = PLANE('',#3016);
#3016 = AXIS2_PLACEMENT_3D('',#3017,#3018,#3019);
#3017 = CARTESIAN_POINT('',(-1.295,1.05,0.));
#3018 = DIRECTION('',(0.,1.,0.));
#3019 = DIRECTION('',(0.,-0.,1.));
#3020 = ADVANCED_FACE('',(#3021),#3027,.F.);
#3021 = FACE_BOUND('',#3022,.F.);
#3022 = EDGE_LOOP('',(#3023,#3024,#3025,#3026));
#3023 = ORIENTED_EDGE('',*,*,#2910,.F.);
#3024 = ORIENTED_EDGE('',*,*,#2980,.T.);
#3025 = ORIENTED_EDGE('',*,*,#2950,.T.);
#3026 = ORIENTED_EDGE('',*,*,#3002,.F.);
#3027 = PLANE('',#3028);
#3028 = AXIS2_PLACEMENT_3D('',#3029,#3030,#3031);
#3029 = CARTESIAN_POINT('',(-1.295,0.95,0.));
#3030 = DIRECTION('',(0.,0.,1.));
#3031 = DIRECTION('',(1.,0.,-0.));
#3032 = ADVANCED_FACE('',(#3033),#3039,.T.);
#3033 = FACE_BOUND('',#3034,.T.);
#3034 = EDGE_LOOP('',(#3035,#3036,#3037,#3038));
#3035 = ORIENTED_EDGE('',*,*,#2926,.F.);
#3036 = ORIENTED_EDGE('',*,*,#2987,.T.);
#3037 = ORIENTED_EDGE('',*,*,#2966,.T.);
#3038 = ORIENTED_EDGE('',*,*,#3009,.F.);
#3039 = PLANE('',#3040);
#3040 = AXIS2_PLACEMENT_3D('',#3041,#3042,#3043);
#3041 = CARTESIAN_POINT('',(-1.295,0.95,0.1));
#3042 = DIRECTION('',(0.,0.,1.));
#3043 = DIRECTION('',(1.,0.,-0.));
#3044 = MANIFOLD_SOLID_BREP('',#3045);
#3045 = CLOSED_SHELL('',(#3046,#3086,#3126,#3148,#3170,#3182));
#3046 = ADVANCED_FACE('',(#3047),#3081,.F.);
#3047 = FACE_BOUND('',#3048,.F.);
#3048 = EDGE_LOOP('',(#3049,#3059,#3067,#3075));
#3049 = ORIENTED_EDGE('',*,*,#3050,.F.);
#3050 = EDGE_CURVE('',#3051,#3053,#3055,.T.);
#3051 = VERTEX_POINT('',#3052);
#3052 = CARTESIAN_POINT('',(-0.89,0.95,0.19));
#3053 = VERTEX_POINT('',#3054);
#3054 = CARTESIAN_POINT('',(-0.89,0.95,0.31));
#3055 = LINE('',#3056,#3057);
#3056 = CARTESIAN_POINT('',(-0.89,0.95,0.19));
#3057 = VECTOR('',#3058,1.);
#3058 = DIRECTION('',(0.,0.,1.));
#3059 = ORIENTED_EDGE('',*,*,#3060,.T.);
#3060 = EDGE_CURVE('',#3051,#3061,#3063,.T.);
#3061 = VERTEX_POINT('',#3062);
#3062 = CARTESIAN_POINT('',(-0.89,1.05,0.19));
#3063 = LINE('',#3064,#3065);
#3064 = CARTESIAN_POINT('',(-0.89,0.95,0.19));
#3065 = VECTOR('',#3066,1.);
#3066 = DIRECTION('',(0.,1.,0.));
#3067 = ORIENTED_EDGE('',*,*,#3068,.T.);
#3068 = EDGE_CURVE('',#3061,#3069,#3071,.T.);
#3069 = VERTEX_POINT('',#3070);
#3070 = CARTESIAN_POINT('',(-0.89,1.05,0.31));
#3071 = LINE('',#3072,#3073);
#3072 = CARTESIAN_POINT('',(-0.89,1.05,0.19));
#3073 = VECTOR('',#3074,1.);
#3074 = DIRECTION('',(0.,0.,1.));
#3075 = ORIENTED_EDGE('',*,*,#3076,.F.);
#3076 = EDGE_CURVE('',#3053,#3069,#3077,.T.);
#3077 = LINE('',#3078,#3079);
#3078 = CARTESIAN_POINT('',(-0.89,0.95,0.31));
#3079 = VECTOR('',#3080,1.);
#3080 = DIRECTION('',(0.,1.,0.));
#3081 = PLANE('',#3082);
#3082 = AXIS2_PLACEMENT_3D('',#3083,#3084,#3085);
#3083 = CARTESIAN_POINT('',(-0.89,0.95,0.19));
#3084 = DIRECTION('',(1.,0.,0.));
#3085 = DIRECTION('',(0.,0.,1.));
#3086 = ADVANCED_FACE('',(#3087),#3121,.T.);
#3087 = FACE_BOUND('',#3088,.T.);
#3088 = EDGE_LOOP('',(#3089,#3099,#3107,#3115));
#3089 = ORIENTED_EDGE('',*,*,#3090,.F.);
#3090 = EDGE_CURVE('',#3091,#3093,#3095,.T.);
#3091 = VERTEX_POINT('',#3092);
#3092 = CARTESIAN_POINT('',(-0.24,0.95,0.19));
#3093 = VERTEX_POINT('',#3094);
#3094 = CARTESIAN_POINT('',(-0.24,0.95,0.31));
#3095 = LINE('',#3096,#3097);
#3096 = CARTESIAN_POINT('',(-0.24,0.95,0.19));
#3097 = VECTOR('',#3098,1.);
#3098 = DIRECTION('',(0.,0.,1.));
#3099 = ORIENTED_EDGE('',*,*,#3100,.T.);
#3100 = EDGE_CURVE('',#3091,#3101,#3103,.T.);
#3101 = VERTEX_POINT('',#3102);
#3102 = CARTESIAN_POINT('',(-0.24,1.05,0.19));
#3103 = LINE('',#3104,#3105);
#3104 = CARTESIAN_POINT('',(-0.24,0.95,0.19));
#3105 = VECTOR('',#3106,1.);
#3106 = DIRECTION('',(0.,1.,0.));
#3107 = ORIENTED_EDGE('',*,*,#3108,.T.);
#3108 = EDGE_CURVE('',#3101,#3109,#3111,.T.);
#3109 = VERTEX_POINT('',#3110);
#3110 = CARTESIAN_POINT('',(-0.24,1.05,0.31));
#3111 = LINE('',#3112,#3113);
#3112 = CARTESIAN_POINT('',(-0.24,1.05,0.19));
#3113 = VECTOR('',#3114,1.);
#3114 = DIRECTION('',(0.,0.,1.));
#3115 = ORIENTED_EDGE('',*,*,#3116,.F.);
#3116 = EDGE_CURVE('',#3093,#3109,#3117,.T.);
#3117 = LINE('',#3118,#3119);
#3118 = CARTESIAN_POINT('',(-0.24,0.95,0.31));
#3119 = VECTOR('',#3120,1.);
#3120 = DIRECTION('',(0.,1.,0.));
#3121 = PLANE('',#3122);
#3122 = AXIS2_PLACEMENT_3D('',#3123,#3124,#3125);
#3123 = CARTESIAN_POINT('',(-0.24,0.95,0.19));
#3124 = DIRECTION('',(1.,0.,0.));
#3125 = DIRECTION('',(0.,0.,1.));
#3126 = ADVANCED_FACE('',(#3127),#3143,.F.);
#3127 = FACE_BOUND('',#3128,.F.);
#3128 = EDGE_LOOP('',(#3129,#3135,#3136,#3142));
#3129 = ORIENTED_EDGE('',*,*,#3130,.F.);
#3130 = EDGE_CURVE('',#3051,#3091,#3131,.T.);
#3131 = LINE('',#3132,#3133);
#3132 = CARTESIAN_POINT('',(-0.89,0.95,0.19));
#3133 = VECTOR('',#3134,1.);
#3134 = DIRECTION('',(1.,0.,0.));
#3135 = ORIENTED_EDGE('',*,*,#3050,.T.);
#3136 = ORIENTED_EDGE('',*,*,#3137,.T.);
#3137 = EDGE_CURVE('',#3053,#3093,#3138,.T.);
#3138 = LINE('',#3139,#3140);
#3139 = CARTESIAN_POINT('',(-0.89,0.95,0.31));
#3140 = VECTOR('',#3141,1.);
#3141 = DIRECTION('',(1.,0.,0.));
#3142 = ORIENTED_EDGE('',*,*,#3090,.F.);
#3143 = PLANE('',#3144);
#3144 = AXIS2_PLACEMENT_3D('',#3145,#3146,#3147);
#3145 = CARTESIAN_POINT('',(-0.89,0.95,0.19));
#3146 = DIRECTION('',(0.,1.,0.));
#3147 = DIRECTION('',(0.,-0.,1.));
#3148 = ADVANCED_FACE('',(#3149),#3165,.T.);
#3149 = FACE_BOUND('',#3150,.T.);
#3150 = EDGE_LOOP('',(#3151,#3157,#3158,#3164));
#3151 = ORIENTED_EDGE('',*,*,#3152,.F.);
#3152 = EDGE_CURVE('',#3061,#3101,#3153,.T.);
#3153 = LINE('',#3154,#3155);
#3154 = CARTESIAN_POINT('',(-0.89,1.05,0.19));
#3155 = VECTOR('',#3156,1.);
#3156 = DIRECTION('',(1.,0.,0.));
#3157 = ORIENTED_EDGE('',*,*,#3068,.T.);
#3158 = ORIENTED_EDGE('',*,*,#3159,.T.);
#3159 = EDGE_CURVE('',#3069,#3109,#3160,.T.);
#3160 = LINE('',#3161,#3162);
#3161 = CARTESIAN_POINT('',(-0.89,1.05,0.31));
#3162 = VECTOR('',#3163,1.);
#3163 = DIRECTION('',(1.,0.,0.));
#3164 = ORIENTED_EDGE('',*,*,#3108,.F.);
#3165 = PLANE('',#3166);
#3166 = AXIS2_PLACEMENT_3D('',#3167,#3168,#3169);
#3167 = CARTESIAN_POINT('',(-0.89,1.05,0.19));
#3168 = DIRECTION('',(0.,1.,0.));
#3169 = DIRECTION('',(0.,-0.,1.));
#3170 = ADVANCED_FACE('',(#3171),#3177,.F.);
#3171 = FACE_BOUND('',#3172,.F.);
#3172 = EDGE_LOOP('',(#3173,#3174,#3175,#3176));
#3173 = ORIENTED_EDGE('',*,*,#3060,.F.);
#3174 = ORIENTED_EDGE('',*,*,#3130,.T.);
#3175 = ORIENTED_EDGE('',*,*,#3100,.T.);
#3176 = ORIENTED_EDGE('',*,*,#3152,.F.);
#3177 = PLANE('',#3178);
#3178 = AXIS2_PLACEMENT_3D('',#3179,#3180,#3181);
#3179 = CARTESIAN_POINT('',(-0.89,0.95,0.19));
#3180 = DIRECTION('',(0.,0.,1.));
#3181 = DIRECTION('',(1.,0.,-0.));
#3182 = ADVANCED_FACE('',(#3183),#3189,.T.);
#3183 = FACE_BOUND('',#3184,.T.);
#3184 = EDGE_LOOP('',(#3185,#3186,#3187,#3188));
#3185 = ORIENTED_EDGE('',*,*,#3076,.F.);
#3186 = ORIENTED_EDGE('',*,*,#3137,.T.);
#3187 = ORIENTED_EDGE('',*,*,#3116,.T.);
#3188 = ORIENTED_EDGE('',*,*,#3159,.F.);
#3189 = PLANE('',#3190);
#3190 = AXIS2_PLACEMENT_3D('',#3191,#3192,#3193);
#3191 = CARTESIAN_POINT('',(-0.89,0.95,0.31));
#3192 = DIRECTION('',(0.,0.,1.));
#3193 = DIRECTION('',(1.,0.,-0.));
#3194 = MANIFOLD_SOLID_BREP('',#3195);
#3195 = CLOSED_SHELL('',(#3196,#3236,#3276,#3298,#3320,#3332));
#3196 = ADVANCED_FACE('',(#3197),#3231,.F.);
#3197 = FACE_BOUND('',#3198,.F.);
#3198 = EDGE_LOOP('',(#3199,#3209,#3217,#3225));
#3199 = ORIENTED_EDGE('',*,*,#3200,.F.);
#3200 = EDGE_CURVE('',#3201,#3203,#3205,.T.);
#3201 = VERTEX_POINT('',#3202);
#3202 = CARTESIAN_POINT('',(-1.295,1.35,0.));
#3203 = VERTEX_POINT('',#3204);
#3204 = CARTESIAN_POINT('',(-1.295,1.35,0.1));
#3205 = LINE('',#3206,#3207);
#3206 = CARTESIAN_POINT('',(-1.295,1.35,0.));
#3207 = VECTOR('',#3208,1.);
#3208 = DIRECTION('',(0.,0.,1.));
#3209 = ORIENTED_EDGE('',*,*,#3210,.T.);
#3210 = EDGE_CURVE('',#3201,#3211,#3213,.T.);
#3211 = VERTEX_POINT('',#3212);
#3212 = CARTESIAN_POINT('',(-1.295,1.45,0.));
#3213 = LINE('',#3214,#3215);
#3214 = CARTESIAN_POINT('',(-1.295,1.35,0.));
#3215 = VECTOR('',#3216,1.);
#3216 = DIRECTION('',(0.,1.,0.));
#3217 = ORIENTED_EDGE('',*,*,#3218,.T.);
#3218 = EDGE_CURVE('',#3211,#3219,#3221,.T.);
#3219 = VERTEX_POINT('',#3220);
#3220 = CARTESIAN_POINT('',(-1.295,1.45,0.1));
#3221 = LINE('',#3222,#3223);
#3222 = CARTESIAN_POINT('',(-1.295,1.45,0.));
#3223 = VECTOR('',#3224,1.);
#3224 = DIRECTION('',(0.,0.,1.));
#3225 = ORIENTED_EDGE('',*,*,#3226,.F.);
#3226 = EDGE_CURVE('',#3203,#3219,#3227,.T.);
#3227 = LINE('',#3228,#3229);
#3228 = CARTESIAN_POINT('',(-1.295,1.35,0.1));
#3229 = VECTOR('',#3230,1.);
#3230 = DIRECTION('',(0.,1.,0.));
#3231 = PLANE('',#3232);
#3232 = AXIS2_PLACEMENT_3D('',#3233,#3234,#3235);
#3233 = CARTESIAN_POINT('',(-1.295,1.35,0.));
#3234 = DIRECTION('',(1.,0.,0.));
#3235 = DIRECTION('',(0.,0.,1.));
#3236 = ADVANCED_FACE('',(#3237),#3271,.T.);
#3237 = FACE_BOUND('',#3238,.T.);
#3238 = EDGE_LOOP('',(#3239,#3249,#3257,#3265));
#3239 = ORIENTED_EDGE('',*,*,#3240,.F.);
#3240 = EDGE_CURVE('',#3241,#3243,#3245,.T.);
#3241 = VERTEX_POINT('',#3242);
#3242 = CARTESIAN_POINT('',(-0.92,1.35,0.));
#3243 = VERTEX_POINT('',#3244);
#3244 = CARTESIAN_POINT('',(-0.92,1.35,0.1));
#3245 = LINE('',#3246,#3247);
#3246 = CARTESIAN_POINT('',(-0.92,1.35,0.));
#3247 = VECTOR('',#3248,1.);
#3248 = DIRECTION('',(0.,0.,1.));
#3249 = ORIENTED_EDGE('',*,*,#3250,.T.);
#3250 = EDGE_CURVE('',#3241,#3251,#3253,.T.);
#3251 = VERTEX_POINT('',#3252);
#3252 = CARTESIAN_POINT('',(-0.92,1.45,0.));
#3253 = LINE('',#3254,#3255);
#3254 = CARTESIAN_POINT('',(-0.92,1.35,0.));
#3255 = VECTOR('',#3256,1.);
#3256 = DIRECTION('',(0.,1.,0.));
#3257 = ORIENTED_EDGE('',*,*,#3258,.T.);
#3258 = EDGE_CURVE('',#3251,#3259,#3261,.T.);
#3259 = VERTEX_POINT('',#3260);
#3260 = CARTESIAN_POINT('',(-0.92,1.45,0.1));
#3261 = LINE('',#3262,#3263);
#3262 = CARTESIAN_POINT('',(-0.92,1.45,0.));
#3263 = VECTOR('',#3264,1.);
#3264 = DIRECTION('',(0.,0.,1.));
#3265 = ORIENTED_EDGE('',*,*,#3266,.F.);
#3266 = EDGE_CURVE('',#3243,#3259,#3267,.T.);
#3267 = LINE('',#3268,#3269);
#3268 = CARTESIAN_POINT('',(-0.92,1.35,0.1));
#3269 = VECTOR('',#3270,1.);
#3270 = DIRECTION('',(0.,1.,0.));
#3271 = PLANE('',#3272);
#3272 = AXIS2_PLACEMENT_3D('',#3273,#3274,#3275);
#3273 = CARTESIAN_POINT('',(-0.92,1.35,0.));
#3274 = DIRECTION('',(1.,0.,0.));
#3275 = DIRECTION('',(0.,0.,1.));
#3276 = ADVANCED_FACE('',(#3277),#3293,.F.);
#3277 = FACE_BOUND('',#3278,.F.);
#3278 = EDGE_LOOP('',(#3279,#3285,#3286,#3292));
#3279 = ORIENTED_EDGE('',*,*,#3280,.F.);
#3280 = EDGE_CURVE('',#3201,#3241,#3281,.T.);
#3281 = LINE('',#3282,#3283);
#3282 = CARTESIAN_POINT('',(-1.295,1.35,0.));
#3283 = VECTOR('',#3284,1.);
#3284 = DIRECTION('',(1.,0.,0.));
#3285 = ORIENTED_EDGE('',*,*,#3200,.T.);
#3286 = ORIENTED_EDGE('',*,*,#3287,.T.);
#3287 = EDGE_CURVE('',#3203,#3243,#3288,.T.);
#3288 = LINE('',#3289,#3290);
#3289 = CARTESIAN_POINT('',(-1.295,1.35,0.1));
#3290 = VECTOR('',#3291,1.);
#3291 = DIRECTION('',(1.,0.,0.));
#3292 = ORIENTED_EDGE('',*,*,#3240,.F.);
#3293 = PLANE('',#3294);
#3294 = AXIS2_PLACEMENT_3D('',#3295,#3296,#3297);
#3295 = CARTESIAN_POINT('',(-1.295,1.35,0.));
#3296 = DIRECTION('',(0.,1.,0.));
#3297 = DIRECTION('',(0.,-0.,1.));
#3298 = ADVANCED_FACE('',(#3299),#3315,.T.);
#3299 = FACE_BOUND('',#3300,.T.);
#3300 = EDGE_LOOP('',(#3301,#3307,#3308,#3314));
#3301 = ORIENTED_EDGE('',*,*,#3302,.F.);
#3302 = EDGE_CURVE('',#3211,#3251,#3303,.T.);
#3303 = LINE('',#3304,#3305);
#3304 = CARTESIAN_POINT('',(-1.295,1.45,0.));
#3305 = VECTOR('',#3306,1.);
#3306 = DIRECTION('',(1.,0.,0.));
#3307 = ORIENTED_EDGE('',*,*,#3218,.T.);
#3308 = ORIENTED_EDGE('',*,*,#3309,.T.);
#3309 = EDGE_CURVE('',#3219,#3259,#3310,.T.);
#3310 = LINE('',#3311,#3312);
#3311 = CARTESIAN_POINT('',(-1.295,1.45,0.1));
#3312 = VECTOR('',#3313,1.);
#3313 = DIRECTION('',(1.,0.,0.));
#3314 = ORIENTED_EDGE('',*,*,#3258,.F.);
#3315 = PLANE('',#3316);
#3316 = AXIS2_PLACEMENT_3D('',#3317,#3318,#3319);
#3317 = CARTESIAN_POINT('',(-1.295,1.45,0.));
#3318 = DIRECTION('',(0.,1.,0.));
#3319 = DIRECTION('',(0.,-0.,1.));
#3320 = ADVANCED_FACE('',(#3321),#3327,.F.);
#3321 = FACE_BOUND('',#3322,.F.);
#3322 = EDGE_LOOP('',(#3323,#3324,#3325,#3326));
#3323 = ORIENTED_EDGE('',*,*,#3210,.F.);
#3324 = ORIENTED_EDGE('',*,*,#3280,.T.);
#3325 = ORIENTED_EDGE('',*,*,#3250,.T.);
#3326 = ORIENTED_EDGE('',*,*,#3302,.F.);
#3327 = PLANE('',#3328);
#3328 = AXIS2_PLACEMENT_3D('',#3329,#3330,#3331);
#3329 = CARTESIAN_POINT('',(-1.295,1.35,0.));
#3330 = DIRECTION('',(0.,0.,1.));
#3331 = DIRECTION('',(1.,0.,-0.));
#3332 = ADVANCED_FACE('',(#3333),#3339,.T.);
#3333 = FACE_BOUND('',#3334,.T.);
#3334 = EDGE_LOOP('',(#3335,#3336,#3337,#3338));
#3335 = ORIENTED_EDGE('',*,*,#3226,.F.);
#3336 = ORIENTED_EDGE('',*,*,#3287,.T.);
#3337 = ORIENTED_EDGE('',*,*,#3266,.T.);
#3338 = ORIENTED_EDGE('',*,*,#3309,.F.);
#3339 = PLANE('',#3340);
#3340 = AXIS2_PLACEMENT_3D('',#3341,#3342,#3343);
#3341 = CARTESIAN_POINT('',(-1.295,1.35,0.1));
#3342 = DIRECTION('',(0.,0.,1.));
#3343 = DIRECTION('',(1.,0.,-0.));
#3344 = MANIFOLD_SOLID_BREP('',#3345);
#3345 = CLOSED_SHELL('',(#3346,#3386,#3426,#3448,#3470,#3482));
#3346 = ADVANCED_FACE('',(#3347),#3381,.F.);
#3347 = FACE_BOUND('',#3348,.F.);
#3348 = EDGE_LOOP('',(#3349,#3359,#3367,#3375));
#3349 = ORIENTED_EDGE('',*,*,#3350,.F.);
#3350 = EDGE_CURVE('',#3351,#3353,#3355,.T.);
#3351 = VERTEX_POINT('',#3352);
#3352 = CARTESIAN_POINT('',(-0.89,1.35,0.19));
#3353 = VERTEX_POINT('',#3354);
#3354 = CARTESIAN_POINT('',(-0.89,1.35,0.31));
#3355 = LINE('',#3356,#3357);
#3356 = CARTESIAN_POINT('',(-0.89,1.35,0.19));
#3357 = VECTOR('',#3358,1.);
#3358 = DIRECTION('',(0.,0.,1.));
#3359 = ORIENTED_EDGE('',*,*,#3360,.T.);
#3360 = EDGE_CURVE('',#3351,#3361,#3363,.T.);
#3361 = VERTEX_POINT('',#3362);
#3362 = CARTESIAN_POINT('',(-0.89,1.45,0.19));
#3363 = LINE('',#3364,#3365);
#3364 = CARTESIAN_POINT('',(-0.89,1.35,0.19));
#3365 = VECTOR('',#3366,1.);
#3366 = DIRECTION('',(0.,1.,0.));
#3367 = ORIENTED_EDGE('',*,*,#3368,.T.);
#3368 = EDGE_CURVE('',#3361,#3369,#3371,.T.);
#3369 = VERTEX_POINT('',#3370);
#3370 = CARTESIAN_POINT('',(-0.89,1.45,0.31));
#3371 = LINE('',#3372,#3373);
#3372 = CARTESIAN_POINT('',(-0.89,1.45,0.19));
#3373 = VECTOR('',#3374,1.);
#3374 = DIRECTION('',(0.,0.,1.));
#3375 = ORIENTED_EDGE('',*,*,#3376,.F.);
#3376 = EDGE_CURVE('',#3353,#3369,#3377,.T.);
#3377 = LINE('',#3378,#3379);
#3378 = CARTESIAN_POINT('',(-0.89,1.35,0.31));
#3379 = VECTOR('',#3380,1.);
#3380 = DIRECTION('',(0.,1.,0.));
#3381 = PLANE('',#3382);
#3382 = AXIS2_PLACEMENT_3D('',#3383,#3384,#3385);
#3383 = CARTESIAN_POINT('',(-0.89,1.35,0.19));
#3384 = DIRECTION('',(1.,0.,0.));
#3385 = DIRECTION('',(0.,0.,1.));
#3386 = ADVANCED_FACE('',(#3387),#3421,.T.);
#3387 = FACE_BOUND('',#3388,.T.);
#3388 = EDGE_LOOP('',(#3389,#3399,#3407,#3415));
#3389 = ORIENTED_EDGE('',*,*,#3390,.F.);
#3390 = EDGE_CURVE('',#3391,#3393,#3395,.T.);
#3391 = VERTEX_POINT('',#3392);
#3392 = CARTESIAN_POINT('',(-0.24,1.35,0.19));
#3393 = VERTEX_POINT('',#3394);
#3394 = CARTESIAN_POINT('',(-0.24,1.35,0.31));
#3395 = LINE('',#3396,#3397);
#3396 = CARTESIAN_POINT('',(-0.24,1.35,0.19));
#3397 = VECTOR('',#3398,1.);
#3398 = DIRECTION('',(0.,0.,1.));
#3399 = ORIENTED_EDGE('',*,*,#3400,.T.);
#3400 = EDGE_CURVE('',#3391,#3401,#3403,.T.);
#3401 = VERTEX_POINT('',#3402);
#3402 = CARTESIAN_POINT('',(-0.24,1.45,0.19));
#3403 = LINE('',#3404,#3405);
#3404 = CARTESIAN_POINT('',(-0.24,1.35,0.19));
#3405 = VECTOR('',#3406,1.);
#3406 = DIRECTION('',(0.,1.,0.));
#3407 = ORIENTED_EDGE('',*,*,#3408,.T.);
#3408 = EDGE_CURVE('',#3401,#3409,#3411,.T.);
#3409 = VERTEX_POINT('',#3410);
#3410 = CARTESIAN_POINT('',(-0.24,1.45,0.31));
#3411 = LINE('',#3412,#3413);
#3412 = CARTESIAN_POINT('',(-0.24,1.45,0.19));
#3413 = VECTOR('',#3414,1.);
#3414 = DIRECTION('',(0.,0.,1.));
#3415 = ORIENTED_EDGE('',*,*,#3416,.F.);
#3416 = EDGE_CURVE('',#3393,#3409,#3417,.T.);
#3417 = LINE('',#3418,#3419);
#3418 = CARTESIAN_POINT('',(-0.24,1.35,0.31));
#3419 = VECTOR('',#3420,1.);
#3420 = DIRECTION('',(0.,1.,0.));
#3421 = PLANE('',#3422);
#3422 = AXIS2_PLACEMENT_3D('',#3423,#3424,#3425);
#3423 = CARTESIAN_POINT('',(-0.24,1.35,0.19));
#3424 = DIRECTION('',(1.,0.,0.));
#3425 = DIRECTION('',(0.,0.,1.));
#3426 = ADVANCED_FACE('',(#3427),#3443,.F.);
#3427 = FACE_BOUND('',#3428,.F.);
#3428 = EDGE_LOOP('',(#3429,#3435,#3436,#3442));
#3429 = ORIENTED_EDGE('',*,*,#3430,.F.);
#3430 = EDGE_CURVE('',#3351,#3391,#3431,.T.);
#3431 = LINE('',#3432,#3433);
#3432 = CARTESIAN_POINT('',(-0.89,1.35,0.19));
#3433 = VECTOR('',#3434,1.);
#3434 = DIRECTION('',(1.,0.,0.));
#3435 = ORIENTED_EDGE('',*,*,#3350,.T.);
#3436 = ORIENTED_EDGE('',*,*,#3437,.T.);
#3437 = EDGE_CURVE('',#3353,#3393,#3438,.T.);
#3438 = LINE('',#3439,#3440);
#3439 = CARTESIAN_POINT('',(-0.89,1.35,0.31));
#3440 = VECTOR('',#3441,1.);
#3441 = DIRECTION('',(1.,0.,0.));
#3442 = ORIENTED_EDGE('',*,*,#3390,.F.);
#3443 = PLANE('',#3444);
#3444 = AXIS2_PLACEMENT_3D('',#3445,#3446,#3447);
#3445 = CARTESIAN_POINT('',(-0.89,1.35,0.19));
#3446 = DIRECTION('',(0.,1.,0.));
#3447 = DIRECTION('',(0.,-0.,1.));
#3448 = ADVANCED_FACE('',(#3449),#3465,.T.);
#3449 = FACE_BOUND('',#3450,.T.);
#3450 = EDGE_LOOP('',(#3451,#3457,#3458,#3464));
#3451 = ORIENTED_EDGE('',*,*,#3452,.F.);
#3452 = EDGE_CURVE('',#3361,#3401,#3453,.T.);
#3453 = LINE('',#3454,#3455);
#3454 = CARTESIAN_POINT('',(-0.89,1.45,0.19));
#3455 = VECTOR('',#3456,1.);
#3456 = DIRECTION('',(1.,0.,0.));
#3457 = ORIENTED_EDGE('',*,*,#3368,.T.);
#3458 = ORIENTED_EDGE('',*,*,#3459,.T.);
#3459 = EDGE_CURVE('',#3369,#3409,#3460,.T.);
#3460 = LINE('',#3461,#3462);
#3461 = CARTESIAN_POINT('',(-0.89,1.45,0.31));
#3462 = VECTOR('',#3463,1.);
#3463 = DIRECTION('',(1.,0.,0.));
#3464 = ORIENTED_EDGE('',*,*,#3408,.F.);
#3465 = PLANE('',#3466);
#3466 = AXIS2_PLACEMENT_3D('',#3467,#3468,#3469);
#3467 = CARTESIAN_POINT('',(-0.89,1.45,0.19));
#3468 = DIRECTION('',(0.,1.,0.));
#3469 = DIRECTION('',(0.,-0.,1.));
#3470 = ADVANCED_FACE('',(#3471),#3477,.F.);
#3471 = FACE_BOUND('',#3472,.F.);
#3472 = EDGE_LOOP('',(#3473,#3474,#3475,#3476));
#3473 = ORIENTED_EDGE('',*,*,#3360,.F.);
#3474 = ORIENTED_EDGE('',*,*,#3430,.T.);
#3475 = ORIENTED_EDGE('',*,*,#3400,.T.);
#3476 = ORIENTED_EDGE('',*,*,#3452,.F.);
#3477 = PLANE('',#3478);
#3478 = AXIS2_PLACEMENT_3D('',#3479,#3480,#3481);
#3479 = CARTESIAN_POINT('',(-0.89,1.35,0.19));
#3480 = DIRECTION('',(0.,0.,1.));
#3481 = DIRECTION('',(1.,0.,-0.));
#3482 = ADVANCED_FACE('',(#3483),#3489,.T.);
#3483 = FACE_BOUND('',#3484,.T.);
#3484 = EDGE_LOOP('',(#3485,#3486,#3487,#3488));
#3485 = ORIENTED_EDGE('',*,*,#3376,.F.);
#3486 = ORIENTED_EDGE('',*,*,#3437,.T.);
#3487 = ORIENTED_EDGE('',*,*,#3416,.T.);
#3488 = ORIENTED_EDGE('',*,*,#3459,.F.);
#3489 = PLANE('',#3490);
#3490 = AXIS2_PLACEMENT_3D('',#3491,#3492,#3493);
#3491 = CARTESIAN_POINT('',(-0.89,1.35,0.31));
#3492 = DIRECTION('',(0.,0.,1.));
#3493 = DIRECTION('',(1.,0.,-0.));
#3494 = MANIFOLD_SOLID_BREP('',#3495);
#3495 = CLOSED_SHELL('',(#3496,#3536,#3576,#3598,#3620,#3632));
#3496 = ADVANCED_FACE('',(#3497),#3531,.F.);
#3497 = FACE_BOUND('',#3498,.F.);
#3498 = EDGE_LOOP('',(#3499,#3509,#3517,#3525));
#3499 = ORIENTED_EDGE('',*,*,#3500,.F.);
#3500 = EDGE_CURVE('',#3501,#3503,#3505,.T.);
#3501 = VERTEX_POINT('',#3502);
#3502 = CARTESIAN_POINT('',(-1.295,1.75,0.));
#3503 = VERTEX_POINT('',#3504);
#3504 = CARTESIAN_POINT('',(-1.295,1.75,0.1));
#3505 = LINE('',#3506,#3507);
#3506 = CARTESIAN_POINT('',(-1.295,1.75,0.));
#3507 = VECTOR('',#3508,1.);
#3508 = DIRECTION('',(0.,0.,1.));
#3509 = ORIENTED_EDGE('',*,*,#3510,.T.);
#3510 = EDGE_CURVE('',#3501,#3511,#3513,.T.);
#3511 = VERTEX_POINT('',#3512);
#3512 = CARTESIAN_POINT('',(-1.295,1.85,0.));
#3513 = LINE('',#3514,#3515);
#3514 = CARTESIAN_POINT('',(-1.295,1.75,0.));
#3515 = VECTOR('',#3516,1.);
#3516 = DIRECTION('',(0.,1.,0.));
#3517 = ORIENTED_EDGE('',*,*,#3518,.T.);
#3518 = EDGE_CURVE('',#3511,#3519,#3521,.T.);
#3519 = VERTEX_POINT('',#3520);
#3520 = CARTESIAN_POINT('',(-1.295,1.85,0.1));
#3521 = LINE('',#3522,#3523);
#3522 = CARTESIAN_POINT('',(-1.295,1.85,0.));
#3523 = VECTOR('',#3524,1.);
#3524 = DIRECTION('',(0.,0.,1.));
#3525 = ORIENTED_EDGE('',*,*,#3526,.F.);
#3526 = EDGE_CURVE('',#3503,#3519,#3527,.T.);
#3527 = LINE('',#3528,#3529);
#3528 = CARTESIAN_POINT('',(-1.295,1.75,0.1));
#3529 = VECTOR('',#3530,1.);
#3530 = DIRECTION('',(0.,1.,0.));
#3531 = PLANE('',#3532);
#3532 = AXIS2_PLACEMENT_3D('',#3533,#3534,#3535);
#3533 = CARTESIAN_POINT('',(-1.295,1.75,0.));
#3534 = DIRECTION('',(1.,0.,0.));
#3535 = DIRECTION('',(0.,0.,1.));
#3536 = ADVANCED_FACE('',(#3537),#3571,.T.);
#3537 = FACE_BOUND('',#3538,.T.);
#3538 = EDGE_LOOP('',(#3539,#3549,#3557,#3565));
#3539 = ORIENTED_EDGE('',*,*,#3540,.F.);
#3540 = EDGE_CURVE('',#3541,#3543,#3545,.T.);
#3541 = VERTEX_POINT('',#3542);
#3542 = CARTESIAN_POINT('',(-0.92,1.75,0.));
#3543 = VERTEX_POINT('',#3544);
#3544 = CARTESIAN_POINT('',(-0.92,1.75,0.1));
#3545 = LINE('',#3546,#3547);
#3546 = CARTESIAN_POINT('',(-0.92,1.75,0.));
#3547 = VECTOR('',#3548,1.);
#3548 = DIRECTION('',(0.,0.,1.));
#3549 = ORIENTED_EDGE('',*,*,#3550,.T.);
#3550 = EDGE_CURVE('',#3541,#3551,#3553,.T.);
#3551 = VERTEX_POINT('',#3552);
#3552 = CARTESIAN_POINT('',(-0.92,1.85,0.));
#3553 = LINE('',#3554,#3555);
#3554 = CARTESIAN_POINT('',(-0.92,1.75,0.));
#3555 = VECTOR('',#3556,1.);
#3556 = DIRECTION('',(0.,1.,0.));
#3557 = ORIENTED_EDGE('',*,*,#3558,.T.);
#3558 = EDGE_CURVE('',#3551,#3559,#3561,.T.);
#3559 = VERTEX_POINT('',#3560);
#3560 = CARTESIAN_POINT('',(-0.92,1.85,0.1));
#3561 = LINE('',#3562,#3563);
#3562 = CARTESIAN_POINT('',(-0.92,1.85,0.));
#3563 = VECTOR('',#3564,1.);
#3564 = DIRECTION('',(0.,0.,1.));
#3565 = ORIENTED_EDGE('',*,*,#3566,.F.);
#3566 = EDGE_CURVE('',#3543,#3559,#3567,.T.);
#3567 = LINE('',#3568,#3569);
#3568 = CARTESIAN_POINT('',(-0.92,1.75,0.1));
#3569 = VECTOR('',#3570,1.);
#3570 = DIRECTION('',(0.,1.,0.));
#3571 = PLANE('',#3572);
#3572 = AXIS2_PLACEMENT_3D('',#3573,#3574,#3575);
#3573 = CARTESIAN_POINT('',(-0.92,1.75,0.));
#3574 = DIRECTION('',(1.,0.,0.));
#3575 = DIRECTION('',(0.,0.,1.));
#3576 = ADVANCED_FACE('',(#3577),#3593,.F.);
#3577 = FACE_BOUND('',#3578,.F.);
#3578 = EDGE_LOOP('',(#3579,#3585,#3586,#3592));
#3579 = ORIENTED_EDGE('',*,*,#3580,.F.);
#3580 = EDGE_CURVE('',#3501,#3541,#3581,.T.);
#3581 = LINE('',#3582,#3583);
#3582 = CARTESIAN_POINT('',(-1.295,1.75,0.));
#3583 = VECTOR('',#3584,1.);
#3584 = DIRECTION('',(1.,0.,0.));
#3585 = ORIENTED_EDGE('',*,*,#3500,.T.);
#3586 = ORIENTED_EDGE('',*,*,#3587,.T.);
#3587 = EDGE_CURVE('',#3503,#3543,#3588,.T.);
#3588 = LINE('',#3589,#3590);
#3589 = CARTESIAN_POINT('',(-1.295,1.75,0.1));
#3590 = VECTOR('',#3591,1.);
#3591 = DIRECTION('',(1.,0.,0.));
#3592 = ORIENTED_EDGE('',*,*,#3540,.F.);
#3593 = PLANE('',#3594);
#3594 = AXIS2_PLACEMENT_3D('',#3595,#3596,#3597);
#3595 = CARTESIAN_POINT('',(-1.295,1.75,0.));
#3596 = DIRECTION('',(0.,1.,0.));
#3597 = DIRECTION('',(0.,-0.,1.));
#3598 = ADVANCED_FACE('',(#3599),#3615,.T.);
#3599 = FACE_BOUND('',#3600,.T.);
#3600 = EDGE_LOOP('',(#3601,#3607,#3608,#3614));
#3601 = ORIENTED_EDGE('',*,*,#3602,.F.);
#3602 = EDGE_CURVE('',#3511,#3551,#3603,.T.);
#3603 = LINE('',#3604,#3605);
#3604 = CARTESIAN_POINT('',(-1.295,1.85,0.));
#3605 = VECTOR('',#3606,1.);
#3606 = DIRECTION('',(1.,0.,0.));
#3607 = ORIENTED_EDGE('',*,*,#3518,.T.);
#3608 = ORIENTED_EDGE('',*,*,#3609,.T.);
#3609 = EDGE_CURVE('',#3519,#3559,#3610,.T.);
#3610 = LINE('',#3611,#3612);
#3611 = CARTESIAN_POINT('',(-1.295,1.85,0.1));
#3612 = VECTOR('',#3613,1.);
#3613 = DIRECTION('',(1.,0.,0.));
#3614 = ORIENTED_EDGE('',*,*,#3558,.F.);
#3615 = PLANE('',#3616);
#3616 = AXIS2_PLACEMENT_3D('',#3617,#3618,#3619);
#3617 = CARTESIAN_POINT('',(-1.295,1.85,0.));
#3618 = DIRECTION('',(0.,1.,0.));
#3619 = DIRECTION('',(0.,-0.,1.));
#3620 = ADVANCED_FACE('',(#3621),#3627,.F.);
#3621 = FACE_BOUND('',#3622,.F.);
#3622 = EDGE_LOOP('',(#3623,#3624,#3625,#3626));
#3623 = ORIENTED_EDGE('',*,*,#3510,.F.);
#3624 = ORIENTED_EDGE('',*,*,#3580,.T.);
#3625 = ORIENTED_EDGE('',*,*,#3550,.T.);
#3626 = ORIENTED_EDGE('',*,*,#3602,.F.);
#3627 = PLANE('',#3628);
#3628 = AXIS2_PLACEMENT_3D('',#3629,#3630,#3631);
#3629 = CARTESIAN_POINT('',(-1.295,1.75,0.));
#3630 = DIRECTION('',(0.,0.,1.));
#3631 = DIRECTION('',(1.,0.,-0.));
#3632 = ADVANCED_FACE('',(#3633),#3639,.T.);
#3633 = FACE_BOUND('',#3634,.T.);
#3634 = EDGE_LOOP('',(#3635,#3636,#3637,#3638));
#3635 = ORIENTED_EDGE('',*,*,#3526,.F.);
#3636 = ORIENTED_EDGE('',*,*,#3587,.T.);
#3637 = ORIENTED_EDGE('',*,*,#3566,.T.);
#3638 = ORIENTED_EDGE('',*,*,#3609,.F.);
#3639 = PLANE('',#3640);
#3640 = AXIS2_PLACEMENT_3D('',#3641,#3642,#3643);
#3641 = CARTESIAN_POINT('',(-1.295,1.75,0.1));
#3642 = DIRECTION('',(0.,0.,1.));
#3643 = DIRECTION('',(1.,0.,-0.));
#3644 = MANIFOLD_SOLID_BREP('',#3645);
#3645 = CLOSED_SHELL('',(#3646,#3686,#3726,#3748,#3770,#3782));
#3646 = ADVANCED_FACE('',(#3647),#3681,.F.);
#3647 = FACE_BOUND('',#3648,.F.);
#3648 = EDGE_LOOP('',(#3649,#3659,#3667,#3675));
#3649 = ORIENTED_EDGE('',*,*,#3650,.F.);
#3650 = EDGE_CURVE('',#3651,#3653,#3655,.T.);
#3651 = VERTEX_POINT('',#3652);
#3652 = CARTESIAN_POINT('',(-0.89,1.75,0.19));
#3653 = VERTEX_POINT('',#3654);
#3654 = CARTESIAN_POINT('',(-0.89,1.75,0.31));
#3655 = LINE('',#3656,#3657);
#3656 = CARTESIAN_POINT('',(-0.89,1.75,0.19));
#3657 = VECTOR('',#3658,1.);
#3658 = DIRECTION('',(0.,0.,1.));
#3659 = ORIENTED_EDGE('',*,*,#3660,.T.);
#3660 = EDGE_CURVE('',#3651,#3661,#3663,.T.);
#3661 = VERTEX_POINT('',#3662);
#3662 = CARTESIAN_POINT('',(-0.89,1.85,0.19));
#3663 = LINE('',#3664,#3665);
#3664 = CARTESIAN_POINT('',(-0.89,1.75,0.19));
#3665 = VECTOR('',#3666,1.);
#3666 = DIRECTION('',(0.,1.,0.));
#3667 = ORIENTED_EDGE('',*,*,#3668,.T.);
#3668 = EDGE_CURVE('',#3661,#3669,#3671,.T.);
#3669 = VERTEX_POINT('',#3670);
#3670 = CARTESIAN_POINT('',(-0.89,1.85,0.31));
#3671 = LINE('',#3672,#3673);
#3672 = CARTESIAN_POINT('',(-0.89,1.85,0.19));
#3673 = VECTOR('',#3674,1.);
#3674 = DIRECTION('',(0.,0.,1.));
#3675 = ORIENTED_EDGE('',*,*,#3676,.F.);
#3676 = EDGE_CURVE('',#3653,#3669,#3677,.T.);
#3677 = LINE('',#3678,#3679);
#3678 = CARTESIAN_POINT('',(-0.89,1.75,0.31));
#3679 = VECTOR('',#3680,1.);
#3680 = DIRECTION('',(0.,1.,0.));
#3681 = PLANE('',#3682);
#3682 = AXIS2_PLACEMENT_3D('',#3683,#3684,#3685);
#3683 = CARTESIAN_POINT('',(-0.89,1.75,0.19));
#3684 = DIRECTION('',(1.,0.,0.));
#3685 = DIRECTION('',(0.,0.,1.));
#3686 = ADVANCED_FACE('',(#3687),#3721,.T.);
#3687 = FACE_BOUND('',#3688,.T.);
#3688 = EDGE_LOOP('',(#3689,#3699,#3707,#3715));
#3689 = ORIENTED_EDGE('',*,*,#3690,.F.);
#3690 = EDGE_CURVE('',#3691,#3693,#3695,.T.);
#3691 = VERTEX_POINT('',#3692);
#3692 = CARTESIAN_POINT('',(-0.24,1.75,0.19));
#3693 = VERTEX_POINT('',#3694);
#3694 = CARTESIAN_POINT('',(-0.24,1.75,0.31));
#3695 = LINE('',#3696,#3697);
#3696 = CARTESIAN_POINT('',(-0.24,1.75,0.19));
#3697 = VECTOR('',#3698,1.);
#3698 = DIRECTION('',(0.,0.,1.));
#3699 = ORIENTED_EDGE('',*,*,#3700,.T.);
#3700 = EDGE_CURVE('',#3691,#3701,#3703,.T.);
#3701 = VERTEX_POINT('',#3702);
#3702 = CARTESIAN_POINT('',(-0.24,1.85,0.19));
#3703 = LINE('',#3704,#3705);
#3704 = CARTESIAN_POINT('',(-0.24,1.75,0.19));
#3705 = VECTOR('',#3706,1.);
#3706 = DIRECTION('',(0.,1.,0.));
#3707 = ORIENTED_EDGE('',*,*,#3708,.T.);
#3708 = EDGE_CURVE('',#3701,#3709,#3711,.T.);
#3709 = VERTEX_POINT('',#3710);
#3710 = CARTESIAN_POINT('',(-0.24,1.85,0.31));
#3711 = LINE('',#3712,#3713);
#3712 = CARTESIAN_POINT('',(-0.24,1.85,0.19));
#3713 = VECTOR('',#3714,1.);
#3714 = DIRECTION('',(0.,0.,1.));
#3715 = ORIENTED_EDGE('',*,*,#3716,.F.);
#3716 = EDGE_CURVE('',#3693,#3709,#3717,.T.);
#3717 = LINE('',#3718,#3719);
#3718 = CARTESIAN_POINT('',(-0.24,1.75,0.31));
#3719 = VECTOR('',#3720,1.);
#3720 = DIRECTION('',(0.,1.,0.));
#3721 = PLANE('',#3722);
#3722 = AXIS2_PLACEMENT_3D('',#3723,#3724,#3725);
#3723 = CARTESIAN_POINT('',(-0.24,1.75,0.19));
#3724 = DIRECTION('',(1.,0.,0.));
#3725 = DIRECTION('',(0.,0.,1.));
#3726 = ADVANCED_FACE('',(#3727),#3743,.F.);
#3727 = FACE_BOUND('',#3728,.F.);
#3728 = EDGE_LOOP('',(#3729,#3735,#3736,#3742));
#3729 = ORIENTED_EDGE('',*,*,#3730,.F.);
#3730 = EDGE_CURVE('',#3651,#3691,#3731,.T.);
#3731 = LINE('',#3732,#3733);
#3732 = CARTESIAN_POINT('',(-0.89,1.75,0.19));
#3733 = VECTOR('',#3734,1.);
#3734 = DIRECTION('',(1.,0.,0.));
#3735 = ORIENTED_EDGE('',*,*,#3650,.T.);
#3736 = ORIENTED_EDGE('',*,*,#3737,.T.);
#3737 = EDGE_CURVE('',#3653,#3693,#3738,.T.);
#3738 = LINE('',#3739,#3740);
#3739 = CARTESIAN_POINT('',(-0.89,1.75,0.31));
#3740 = VECTOR('',#3741,1.);
#3741 = DIRECTION('',(1.,0.,0.));
#3742 = ORIENTED_EDGE('',*,*,#3690,.F.);
#3743 = PLANE('',#3744);
#3744 = AXIS2_PLACEMENT_3D('',#3745,#3746,#3747);
#3745 = CARTESIAN_POINT('',(-0.89,1.75,0.19));
#3746 = DIRECTION('',(0.,1.,0.));
#3747 = DIRECTION('',(0.,-0.,1.));
#3748 = ADVANCED_FACE('',(#3749),#3765,.T.);
#3749 = FACE_BOUND('',#3750,.T.);
#3750 = EDGE_LOOP('',(#3751,#3757,#3758,#3764));
#3751 = ORIENTED_EDGE('',*,*,#3752,.F.);
#3752 = EDGE_CURVE('',#3661,#3701,#3753,.T.);
#3753 = LINE('',#3754,#3755);
#3754 = CARTESIAN_POINT('',(-0.89,1.85,0.19));
#3755 = VECTOR('',#3756,1.);
#3756 = DIRECTION('',(1.,0.,0.));
#3757 = ORIENTED_EDGE('',*,*,#3668,.T.);
#3758 = ORIENTED_EDGE('',*,*,#3759,.T.);
#3759 = EDGE_CURVE('',#3669,#3709,#3760,.T.);
#3760 = LINE('',#3761,#3762);
#3761 = CARTESIAN_POINT('',(-0.89,1.85,0.31));
#3762 = VECTOR('',#3763,1.);
#3763 = DIRECTION('',(1.,0.,0.));
#3764 = ORIENTED_EDGE('',*,*,#3708,.F.);
#3765 = PLANE('',#3766);
#3766 = AXIS2_PLACEMENT_3D('',#3767,#3768,#3769);
#3767 = CARTESIAN_POINT('',(-0.89,1.85,0.19));
#3768 = DIRECTION('',(0.,1.,0.));
#3769 = DIRECTION('',(0.,-0.,1.));
#3770 = ADVANCED_FACE('',(#3771),#3777,.F.);
#3771 = FACE_BOUND('',#3772,.F.);
#3772 = EDGE_LOOP('',(#3773,#3774,#3775,#3776));
#3773 = ORIENTED_EDGE('',*,*,#3660,.F.);
#3774 = ORIENTED_EDGE('',*,*,#3730,.T.);
#3775 = ORIENTED_EDGE('',*,*,#3700,.T.);
#3776 = ORIENTED_EDGE('',*,*,#3752,.F.);
#3777 = PLANE('',#3778);
#3778 = AXIS2_PLACEMENT_3D('',#3779,#3780,#3781);
#3779 = CARTESIAN_POINT('',(-0.89,1.75,0.19));
#3780 = DIRECTION('',(0.,0.,1.));
#3781 = DIRECTION('',(1.,0.,-0.));
#3782 = ADVANCED_FACE('',(#3783),#3789,.T.);
#3783 = FACE_BOUND('',#3784,.T.);
#3784 = EDGE_LOOP('',(#3785,#3786,#3787,#3788));
#3785 = ORIENTED_EDGE('',*,*,#3676,.F.);
#3786 = ORIENTED_EDGE('',*,*,#3737,.T.);
#3787 = ORIENTED_EDGE('',*,*,#3716,.T.);
#3788 = ORIENTED_EDGE('',*,*,#3759,.F.);
#3789 = PLANE('',#3790);
#3790 = AXIS2_PLACEMENT_3D('',#3791,#3792,#3793);
#3791 = CARTESIAN_POINT('',(-0.89,1.75,0.31));
#3792 = DIRECTION('',(0.,0.,1.));
#3793 = DIRECTION('',(1.,0.,-0.));
#3794 = MANIFOLD_SOLID_BREP('',#3795);
#3795 = CLOSED_SHELL('',(#3796,#3836,#3876,#3898,#3920,#3932));
#3796 = ADVANCED_FACE('',(#3797),#3831,.F.);
#3797 = FACE_BOUND('',#3798,.F.);
#3798 = EDGE_LOOP('',(#3799,#3809,#3817,#3825));
#3799 = ORIENTED_EDGE('',*,*,#3800,.F.);
#3800 = EDGE_CURVE('',#3801,#3803,#3805,.T.);
#3801 = VERTEX_POINT('',#3802);
#3802 = CARTESIAN_POINT('',(-1.295,2.15,0.));
#3803 = VERTEX_POINT('',#3804);
#3804 = CARTESIAN_POINT('',(-1.295,2.15,0.1));
#3805 = LINE('',#3806,#3807);
#3806 = CARTESIAN_POINT('',(-1.295,2.15,0.));
#3807 = VECTOR('',#3808,1.);
#3808 = DIRECTION('',(0.,0.,1.));
#3809 = ORIENTED_EDGE('',*,*,#3810,.T.);
#3810 = EDGE_CURVE('',#3801,#3811,#3813,.T.);
#3811 = VERTEX_POINT('',#3812);
#3812 = CARTESIAN_POINT('',(-1.295,2.25,0.));
#3813 = LINE('',#3814,#3815);
#3814 = CARTESIAN_POINT('',(-1.295,2.15,0.));
#3815 = VECTOR('',#3816,1.);
#3816 = DIRECTION('',(0.,1.,0.));
#3817 = ORIENTED_EDGE('',*,*,#3818,.T.);
#3818 = EDGE_CURVE('',#3811,#3819,#3821,.T.);
#3819 = VERTEX_POINT('',#3820);
#3820 = CARTESIAN_POINT('',(-1.295,2.25,0.1));
#3821 = LINE('',#3822,#3823);
#3822 = CARTESIAN_POINT('',(-1.295,2.25,0.));
#3823 = VECTOR('',#3824,1.);
#3824 = DIRECTION('',(0.,0.,1.));
#3825 = ORIENTED_EDGE('',*,*,#3826,.F.);
#3826 = EDGE_CURVE('',#3803,#3819,#3827,.T.);
#3827 = LINE('',#3828,#3829);
#3828 = CARTESIAN_POINT('',(-1.295,2.15,0.1));
#3829 = VECTOR('',#3830,1.);
#3830 = DIRECTION('',(0.,1.,0.));
#3831 = PLANE('',#3832);
#3832 = AXIS2_PLACEMENT_3D('',#3833,#3834,#3835);
#3833 = CARTESIAN_POINT('',(-1.295,2.15,0.));
#3834 = DIRECTION('',(1.,0.,0.));
#3835 = DIRECTION('',(0.,0.,1.));
#3836 = ADVANCED_FACE('',(#3837),#3871,.T.);
#3837 = FACE_BOUND('',#3838,.T.);
#3838 = EDGE_LOOP('',(#3839,#3849,#3857,#3865));
#3839 = ORIENTED_EDGE('',*,*,#3840,.F.);
#3840 = EDGE_CURVE('',#3841,#3843,#3845,.T.);
#3841 = VERTEX_POINT('',#3842);
#3842 = CARTESIAN_POINT('',(-0.92,2.15,0.));
#3843 = VERTEX_POINT('',#3844);
#3844 = CARTESIAN_POINT('',(-0.92,2.15,0.1));
#3845 = LINE('',#3846,#3847);
#3846 = CARTESIAN_POINT('',(-0.92,2.15,0.));
#3847 = VECTOR('',#3848,1.);
#3848 = DIRECTION('',(0.,0.,1.));
#3849 = ORIENTED_EDGE('',*,*,#3850,.T.);
#3850 = EDGE_CURVE('',#3841,#3851,#3853,.T.);
#3851 = VERTEX_POINT('',#3852);
#3852 = CARTESIAN_POINT('',(-0.92,2.25,0.));
#3853 = LINE('',#3854,#3855);
#3854 = CARTESIAN_POINT('',(-0.92,2.15,0.));
#3855 = VECTOR('',#3856,1.);
#3856 = DIRECTION('',(0.,1.,0.));
#3857 = ORIENTED_EDGE('',*,*,#3858,.T.);
#3858 = EDGE_CURVE('',#3851,#3859,#3861,.T.);
#3859 = VERTEX_POINT('',#3860);
#3860 = CARTESIAN_POINT('',(-0.92,2.25,0.1));
#3861 = LINE('',#3862,#3863);
#3862 = CARTESIAN_POINT('',(-0.92,2.25,0.));
#3863 = VECTOR('',#3864,1.);
#3864 = DIRECTION('',(0.,0.,1.));
#3865 = ORIENTED_EDGE('',*,*,#3866,.F.);
#3866 = EDGE_CURVE('',#3843,#3859,#3867,.T.);
#3867 = LINE('',#3868,#3869);
#3868 = CARTESIAN_POINT('',(-0.92,2.15,0.1));
#3869 = VECTOR('',#3870,1.);
#3870 = DIRECTION('',(0.,1.,0.));
#3871 = PLANE('',#3872);
#3872 = AXIS2_PLACEMENT_3D('',#3873,#3874,#3875);
#3873 = CARTESIAN_POINT('',(-0.92,2.15,0.));
#3874 = DIRECTION('',(1.,0.,0.));
#3875 = DIRECTION('',(0.,0.,1.));
#3876 = ADVANCED_FACE('',(#3877),#3893,.F.);
#3877 = FACE_BOUND('',#3878,.F.);
#3878 = EDGE_LOOP('',(#3879,#3885,#3886,#3892));
#3879 = ORIENTED_EDGE('',*,*,#3880,.F.);
#3880 = EDGE_CURVE('',#3801,#3841,#3881,.T.);
#3881 = LINE('',#3882,#3883);
#3882 = CARTESIAN_POINT('',(-1.295,2.15,0.));
#3883 = VECTOR('',#3884,1.);
#3884 = DIRECTION('',(1.,0.,0.));
#3885 = ORIENTED_EDGE('',*,*,#3800,.T.);
#3886 = ORIENTED_EDGE('',*,*,#3887,.T.);
#3887 = EDGE_CURVE('',#3803,#3843,#3888,.T.);
#3888 = LINE('',#3889,#3890);
#3889 = CARTESIAN_POINT('',(-1.295,2.15,0.1));
#3890 = VECTOR('',#3891,1.);
#3891 = DIRECTION('',(1.,0.,0.));
#3892 = ORIENTED_EDGE('',*,*,#3840,.F.);
#3893 = PLANE('',#3894);
#3894 = AXIS2_PLACEMENT_3D('',#3895,#3896,#3897);
#3895 = CARTESIAN_POINT('',(-1.295,2.15,0.));
#3896 = DIRECTION('',(0.,1.,0.));
#3897 = DIRECTION('',(0.,-0.,1.));
#3898 = ADVANCED_FACE('',(#3899),#3915,.T.);
#3899 = FACE_BOUND('',#3900,.T.);
#3900 = EDGE_LOOP('',(#3901,#3907,#3908,#3914));
#3901 = ORIENTED_EDGE('',*,*,#3902,.F.);
#3902 = EDGE_CURVE('',#3811,#3851,#3903,.T.);
#3903 = LINE('',#3904,#3905);
#3904 = CARTESIAN_POINT('',(-1.295,2.25,0.));
#3905 = VECTOR('',#3906,1.);
#3906 = DIRECTION('',(1.,0.,0.));
#3907 = ORIENTED_EDGE('',*,*,#3818,.T.);
#3908 = ORIENTED_EDGE('',*,*,#3909,.T.);
#3909 = EDGE_CURVE('',#3819,#3859,#3910,.T.);
#3910 = LINE('',#3911,#3912);
#3911 = CARTESIAN_POINT('',(-1.295,2.25,0.1));
#3912 = VECTOR('',#3913,1.);
#3913 = DIRECTION('',(1.,0.,0.));
#3914 = ORIENTED_EDGE('',*,*,#3858,.F.);
#3915 = PLANE('',#3916);
#3916 = AXIS2_PLACEMENT_3D('',#3917,#3918,#3919);
#3917 = CARTESIAN_POINT('',(-1.295,2.25,0.));
#3918 = DIRECTION('',(0.,1.,0.));
#3919 = DIRECTION('',(0.,-0.,1.));
#3920 = ADVANCED_FACE('',(#3921),#3927,.F.);
#3921 = FACE_BOUND('',#3922,.F.);
#3922 = EDGE_LOOP('',(#3923,#3924,#3925,#3926));
#3923 = ORIENTED_EDGE('',*,*,#3810,.F.);
#3924 = ORIENTED_EDGE('',*,*,#3880,.T.);
#3925 = ORIENTED_EDGE('',*,*,#3850,.T.);
#3926 = ORIENTED_EDGE('',*,*,#3902,.F.);
#3927 = PLANE('',#3928);
#3928 = AXIS2_PLACEMENT_3D('',#3929,#3930,#3931);
#3929 = CARTESIAN_POINT('',(-1.295,2.15,0.));
#3930 = DIRECTION('',(0.,0.,1.));
#3931 = DIRECTION('',(1.,0.,-0.));
#3932 = ADVANCED_FACE('',(#3933),#3939,.T.);
#3933 = FACE_BOUND('',#3934,.T.);
#3934 = EDGE_LOOP('',(#3935,#3936,#3937,#3938));
#3935 = ORIENTED_EDGE('',*,*,#3826,.F.);
#3936 = ORIENTED_EDGE('',*,*,#3887,.T.);
#3937 = ORIENTED_EDGE('',*,*,#3866,.T.);
#3938 = ORIENTED_EDGE('',*,*,#3909,.F.);
#3939 = PLANE('',#3940);
#3940 = AXIS2_PLACEMENT_3D('',#3941,#3942,#3943);
#3941 = CARTESIAN_POINT('',(-1.295,2.15,0.1));
#3942 = DIRECTION('',(0.,0.,1.));
#3943 = DIRECTION('',(1.,0.,-0.));
#3944 = MANIFOLD_SOLID_BREP('',#3945);
#3945 = CLOSED_SHELL('',(#3946,#3986,#4026,#4048,#4070,#4082));
#3946 = ADVANCED_FACE('',(#3947),#3981,.F.);
#3947 = FACE_BOUND('',#3948,.F.);
#3948 = EDGE_LOOP('',(#3949,#3959,#3967,#3975));
#3949 = ORIENTED_EDGE('',*,*,#3950,.F.);
#3950 = EDGE_CURVE('',#3951,#3953,#3955,.T.);
#3951 = VERTEX_POINT('',#3952);
#3952 = CARTESIAN_POINT('',(-0.89,2.15,0.19));
#3953 = VERTEX_POINT('',#3954);
#3954 = CARTESIAN_POINT('',(-0.89,2.15,0.31));
#3955 = LINE('',#3956,#3957);
#3956 = CARTESIAN_POINT('',(-0.89,2.15,0.19));
#3957 = VECTOR('',#3958,1.);
#3958 = DIRECTION('',(0.,0.,1.));
#3959 = ORIENTED_EDGE('',*,*,#3960,.T.);
#3960 = EDGE_CURVE('',#3951,#3961,#3963,.T.);
#3961 = VERTEX_POINT('',#3962);
#3962 = CARTESIAN_POINT('',(-0.89,2.25,0.19));
#3963 = LINE('',#3964,#3965);
#3964 = CARTESIAN_POINT('',(-0.89,2.15,0.19));
#3965 = VECTOR('',#3966,1.);
#3966 = DIRECTION('',(0.,1.,0.));
#3967 = ORIENTED_EDGE('',*,*,#3968,.T.);
#3968 = EDGE_CURVE('',#3961,#3969,#3971,.T.);
#3969 = VERTEX_POINT('',#3970);
#3970 = CARTESIAN_POINT('',(-0.89,2.25,0.31));
#3971 = LINE('',#3972,#3973);
#3972 = CARTESIAN_POINT('',(-0.89,2.25,0.19));
#3973 = VECTOR('',#3974,1.);
#3974 = DIRECTION('',(0.,0.,1.));
#3975 = ORIENTED_EDGE('',*,*,#3976,.F.);
#3976 = EDGE_CURVE('',#3953,#3969,#3977,.T.);
#3977 = LINE('',#3978,#3979);
#3978 = CARTESIAN_POINT('',(-0.89,2.15,0.31));
#3979 = VECTOR('',#3980,1.);
#3980 = DIRECTION('',(0.,1.,0.));
#3981 = PLANE('',#3982);
#3982 = AXIS2_PLACEMENT_3D('',#3983,#3984,#3985);
#3983 = CARTESIAN_POINT('',(-0.89,2.15,0.19));
#3984 = DIRECTION('',(1.,0.,0.));
#3985 = DIRECTION('',(0.,0.,1.));
#3986 = ADVANCED_FACE('',(#3987),#4021,.T.);
#3987 = FACE_BOUND('',#3988,.T.);
#3988 = EDGE_LOOP('',(#3989,#3999,#4007,#4015));
#3989 = ORIENTED_EDGE('',*,*,#3990,.F.);
#3990 = EDGE_CURVE('',#3991,#3993,#3995,.T.);
#3991 = VERTEX_POINT('',#3992);
#3992 = CARTESIAN_POINT('',(-0.24,2.15,0.19));
#3993 = VERTEX_POINT('',#3994);
#3994 = CARTESIAN_POINT('',(-0.24,2.15,0.31));
#3995 = LINE('',#3996,#3997);
#3996 = CARTESIAN_POINT('',(-0.24,2.15,0.19));
#3997 = VECTOR('',#3998,1.);
#3998 = DIRECTION('',(0.,0.,1.));
#3999 = ORIENTED_EDGE('',*,*,#4000,.T.);
#4000 = EDGE_CURVE('',#3991,#4001,#4003,.T.);
#4001 = VERTEX_POINT('',#4002);
#4002 = CARTESIAN_POINT('',(-0.24,2.25,0.19));
#4003 = LINE('',#4004,#4005);
#4004 = CARTESIAN_POINT('',(-0.24,2.15,0.19));
#4005 = VECTOR('',#4006,1.);
#4006 = DIRECTION('',(0.,1.,0.));
#4007 = ORIENTED_EDGE('',*,*,#4008,.T.);
#4008 = EDGE_CURVE('',#4001,#4009,#4011,.T.);
#4009 = VERTEX_POINT('',#4010);
#4010 = CARTESIAN_POINT('',(-0.24,2.25,0.31));
#4011 = LINE('',#4012,#4013);
#4012 = CARTESIAN_POINT('',(-0.24,2.25,0.19));
#4013 = VECTOR('',#4014,1.);
#4014 = DIRECTION('',(0.,0.,1.));
#4015 = ORIENTED_EDGE('',*,*,#4016,.F.);
#4016 = EDGE_CURVE('',#3993,#4009,#4017,.T.);
#4017 = LINE('',#4018,#4019);
#4018 = CARTESIAN_POINT('',(-0.24,2.15,0.31));
#4019 = VECTOR('',#4020,1.);
#4020 = DIRECTION('',(0.,1.,0.));
#4021 = PLANE('',#4022);
#4022 = AXIS2_PLACEMENT_3D('',#4023,#4024,#4025);
#4023 = CARTESIAN_POINT('',(-0.24,2.15,0.19));
#4024 = DIRECTION('',(1.,0.,0.));
#4025 = DIRECTION('',(0.,0.,1.));
#4026 = ADVANCED_FACE('',(#4027),#4043,.F.);
#4027 = FACE_BOUND('',#4028,.F.);
#4028 = EDGE_LOOP('',(#4029,#4035,#4036,#4042));
#4029 = ORIENTED_EDGE('',*,*,#4030,.F.);
#4030 = EDGE_CURVE('',#3951,#3991,#4031,.T.);
#4031 = LINE('',#4032,#4033);
#4032 = CARTESIAN_POINT('',(-0.89,2.15,0.19));
#4033 = VECTOR('',#4034,1.);
#4034 = DIRECTION('',(1.,0.,0.));
#4035 = ORIENTED_EDGE('',*,*,#3950,.T.);
#4036 = ORIENTED_EDGE('',*,*,#4037,.T.);
#4037 = EDGE_CURVE('',#3953,#3993,#4038,.T.);
#4038 = LINE('',#4039,#4040);
#4039 = CARTESIAN_POINT('',(-0.89,2.15,0.31));
#4040 = VECTOR('',#4041,1.);
#4041 = DIRECTION('',(1.,0.,0.));
#4042 = ORIENTED_EDGE('',*,*,#3990,.F.);
#4043 = PLANE('',#4044);
#4044 = AXIS2_PLACEMENT_3D('',#4045,#4046,#4047);
#4045 = CARTESIAN_POINT('',(-0.89,2.15,0.19));
#4046 = DIRECTION('',(0.,1.,0.));
#4047 = DIRECTION('',(0.,-0.,1.));
#4048 = ADVANCED_FACE('',(#4049),#4065,.T.);
#4049 = FACE_BOUND('',#4050,.T.);
#4050 = EDGE_LOOP('',(#4051,#4057,#4058,#4064));
#4051 = ORIENTED_EDGE('',*,*,#4052,.F.);
#4052 = EDGE_CURVE('',#3961,#4001,#4053,.T.);
#4053 = LINE('',#4054,#4055);
#4054 = CARTESIAN_POINT('',(-0.89,2.25,0.19));
#4055 = VECTOR('',#4056,1.);
#4056 = DIRECTION('',(1.,0.,0.));
#4057 = ORIENTED_EDGE('',*,*,#3968,.T.);
#4058 = ORIENTED_EDGE('',*,*,#4059,.T.);
#4059 = EDGE_CURVE('',#3969,#4009,#4060,.T.);
#4060 = LINE('',#4061,#4062);
#4061 = CARTESIAN_POINT('',(-0.89,2.25,0.31));
#4062 = VECTOR('',#4063,1.);
#4063 = DIRECTION('',(1.,0.,0.));
#4064 = ORIENTED_EDGE('',*,*,#4008,.F.);
#4065 = PLANE('',#4066);
#4066 = AXIS2_PLACEMENT_3D('',#4067,#4068,#4069);
#4067 = CARTESIAN_POINT('',(-0.89,2.25,0.19));
#4068 = DIRECTION('',(0.,1.,0.));
#4069 = DIRECTION('',(0.,-0.,1.));
#4070 = ADVANCED_FACE('',(#4071),#4077,.F.);
#4071 = FACE_BOUND('',#4072,.F.);
#4072 = EDGE_LOOP('',(#4073,#4074,#4075,#4076));
#4073 = ORIENTED_EDGE('',*,*,#3960,.F.);
#4074 = ORIENTED_EDGE('',*,*,#4030,.T.);
#4075 = ORIENTED_EDGE('',*,*,#4000,.T.);
#4076 = ORIENTED_EDGE('',*,*,#4052,.F.);
#4077 = PLANE('',#4078);
#4078 = AXIS2_PLACEMENT_3D('',#4079,#4080,#4081);
#4079 = CARTESIAN_POINT('',(-0.89,2.15,0.19));
#4080 = DIRECTION('',(0.,0.,1.));
#4081 = DIRECTION('',(1.,0.,-0.));
#4082 = ADVANCED_FACE('',(#4083),#4089,.T.);
#4083 = FACE_BOUND('',#4084,.T.);
#4084 = EDGE_LOOP('',(#4085,#4086,#4087,#4088));
#4085 = ORIENTED_EDGE('',*,*,#3976,.F.);
#4086 = ORIENTED_EDGE('',*,*,#4037,.T.);
#4087 = ORIENTED_EDGE('',*,*,#4016,.T.);
#4088 = ORIENTED_EDGE('',*,*,#4059,.F.);
#4089 = PLANE('',#4090);
#4090 = AXIS2_PLACEMENT_3D('',#4091,#4092,#4093);
#4091 = CARTESIAN_POINT('',(-0.89,2.15,0.31));
#4092 = DIRECTION('',(0.,0.,1.));
#4093 = DIRECTION('',(1.,0.,-0.));
#4094 = MANIFOLD_SOLID_BREP('',#4095);
#4095 = CLOSED_SHELL('',(#4096,#4136,#4176,#4198,#4220,#4232));
#4096 = ADVANCED_FACE('',(#4097),#4131,.F.);
#4097 = FACE_BOUND('',#4098,.F.);
#4098 = EDGE_LOOP('',(#4099,#4109,#4117,#4125));
#4099 = ORIENTED_EDGE('',*,*,#4100,.F.);
#4100 = EDGE_CURVE('',#4101,#4103,#4105,.T.);
#4101 = VERTEX_POINT('',#4102);
#4102 = CARTESIAN_POINT('',(0.92,-2.25,0.));
#4103 = VERTEX_POINT('',#4104);
#4104 = CARTESIAN_POINT('',(0.92,-2.25,0.1));
#4105 = LINE('',#4106,#4107);
#4106 = CARTESIAN_POINT('',(0.92,-2.25,0.));
#4107 = VECTOR('',#4108,1.);
#4108 = DIRECTION('',(0.,0.,1.));
#4109 = ORIENTED_EDGE('',*,*,#4110,.T.);
#4110 = EDGE_CURVE('',#4101,#4111,#4113,.T.);
#4111 = VERTEX_POINT('',#4112);
#4112 = CARTESIAN_POINT('',(0.92,-2.15,0.));
#4113 = LINE('',#4114,#4115);
#4114 = CARTESIAN_POINT('',(0.92,-2.25,0.));
#4115 = VECTOR('',#4116,1.);
#4116 = DIRECTION('',(0.,1.,0.));
#4117 = ORIENTED_EDGE('',*,*,#4118,.T.);
#4118 = EDGE_CURVE('',#4111,#4119,#4121,.T.);
#4119 = VERTEX_POINT('',#4120);
#4120 = CARTESIAN_POINT('',(0.92,-2.15,0.1));
#4121 = LINE('',#4122,#4123);
#4122 = CARTESIAN_POINT('',(0.92,-2.15,0.));
#4123 = VECTOR('',#4124,1.);
#4124 = DIRECTION('',(0.,0.,1.));
#4125 = ORIENTED_EDGE('',*,*,#4126,.F.);
#4126 = EDGE_CURVE('',#4103,#4119,#4127,.T.);
#4127 = LINE('',#4128,#4129);
#4128 = CARTESIAN_POINT('',(0.92,-2.25,0.1));
#4129 = VECTOR('',#4130,1.);
#4130 = DIRECTION('',(0.,1.,0.));
#4131 = PLANE('',#4132);
#4132 = AXIS2_PLACEMENT_3D('',#4133,#4134,#4135);
#4133 = CARTESIAN_POINT('',(0.92,-2.25,0.));
#4134 = DIRECTION('',(1.,0.,0.));
#4135 = DIRECTION('',(0.,0.,1.));
#4136 = ADVANCED_FACE('',(#4137),#4171,.T.);
#4137 = FACE_BOUND('',#4138,.T.);
#4138 = EDGE_LOOP('',(#4139,#4149,#4157,#4165));
#4139 = ORIENTED_EDGE('',*,*,#4140,.F.);
#4140 = EDGE_CURVE('',#4141,#4143,#4145,.T.);
#4141 = VERTEX_POINT('',#4142);
#4142 = CARTESIAN_POINT('',(1.295,-2.25,0.));
#4143 = VERTEX_POINT('',#4144);
#4144 = CARTESIAN_POINT('',(1.295,-2.25,0.1));
#4145 = LINE('',#4146,#4147);
#4146 = CARTESIAN_POINT('',(1.295,-2.25,0.));
#4147 = VECTOR('',#4148,1.);
#4148 = DIRECTION('',(0.,0.,1.));
#4149 = ORIENTED_EDGE('',*,*,#4150,.T.);
#4150 = EDGE_CURVE('',#4141,#4151,#4153,.T.);
#4151 = VERTEX_POINT('',#4152);
#4152 = CARTESIAN_POINT('',(1.295,-2.15,0.));
#4153 = LINE('',#4154,#4155);
#4154 = CARTESIAN_POINT('',(1.295,-2.25,0.));
#4155 = VECTOR('',#4156,1.);
#4156 = DIRECTION('',(0.,1.,0.));
#4157 = ORIENTED_EDGE('',*,*,#4158,.T.);
#4158 = EDGE_CURVE('',#4151,#4159,#4161,.T.);
#4159 = VERTEX_POINT('',#4160);
#4160 = CARTESIAN_POINT('',(1.295,-2.15,0.1));
#4161 = LINE('',#4162,#4163);
#4162 = CARTESIAN_POINT('',(1.295,-2.15,0.));
#4163 = VECTOR('',#4164,1.);
#4164 = DIRECTION('',(0.,0.,1.));
#4165 = ORIENTED_EDGE('',*,*,#4166,.F.);
#4166 = EDGE_CURVE('',#4143,#4159,#4167,.T.);
#4167 = LINE('',#4168,#4169);
#4168 = CARTESIAN_POINT('',(1.295,-2.25,0.1));
#4169 = VECTOR('',#4170,1.);
#4170 = DIRECTION('',(0.,1.,0.));
#4171 = PLANE('',#4172);
#4172 = AXIS2_PLACEMENT_3D('',#4173,#4174,#4175);
#4173 = CARTESIAN_POINT('',(1.295,-2.25,0.));
#4174 = DIRECTION('',(1.,0.,0.));
#4175 = DIRECTION('',(0.,0.,1.));
#4176 = ADVANCED_FACE('',(#4177),#4193,.F.);
#4177 = FACE_BOUND('',#4178,.F.);
#4178 = EDGE_LOOP('',(#4179,#4185,#4186,#4192));
#4179 = ORIENTED_EDGE('',*,*,#4180,.F.);
#4180 = EDGE_CURVE('',#4101,#4141,#4181,.T.);
#4181 = LINE('',#4182,#4183);
#4182 = CARTESIAN_POINT('',(0.92,-2.25,0.));
#4183 = VECTOR('',#4184,1.);
#4184 = DIRECTION('',(1.,0.,0.));
#4185 = ORIENTED_EDGE('',*,*,#4100,.T.);
#4186 = ORIENTED_EDGE('',*,*,#4187,.T.);
#4187 = EDGE_CURVE('',#4103,#4143,#4188,.T.);
#4188 = LINE('',#4189,#4190);
#4189 = CARTESIAN_POINT('',(0.92,-2.25,0.1));
#4190 = VECTOR('',#4191,1.);
#4191 = DIRECTION('',(1.,0.,0.));
#4192 = ORIENTED_EDGE('',*,*,#4140,.F.);
#4193 = PLANE('',#4194);
#4194 = AXIS2_PLACEMENT_3D('',#4195,#4196,#4197);
#4195 = CARTESIAN_POINT('',(0.92,-2.25,0.));
#4196 = DIRECTION('',(0.,1.,0.));
#4197 = DIRECTION('',(0.,-0.,1.));
#4198 = ADVANCED_FACE('',(#4199),#4215,.T.);
#4199 = FACE_BOUND('',#4200,.T.);
#4200 = EDGE_LOOP('',(#4201,#4207,#4208,#4214));
#4201 = ORIENTED_EDGE('',*,*,#4202,.F.);
#4202 = EDGE_CURVE('',#4111,#4151,#4203,.T.);
#4203 = LINE('',#4204,#4205);
#4204 = CARTESIAN_POINT('',(0.92,-2.15,0.));
#4205 = VECTOR('',#4206,1.);
#4206 = DIRECTION('',(1.,0.,0.));
#4207 = ORIENTED_EDGE('',*,*,#4118,.T.);
#4208 = ORIENTED_EDGE('',*,*,#4209,.T.);
#4209 = EDGE_CURVE('',#4119,#4159,#4210,.T.);
#4210 = LINE('',#4211,#4212);
#4211 = CARTESIAN_POINT('',(0.92,-2.15,0.1));
#4212 = VECTOR('',#4213,1.);
#4213 = DIRECTION('',(1.,0.,0.));
#4214 = ORIENTED_EDGE('',*,*,#4158,.F.);
#4215 = PLANE('',#4216);
#4216 = AXIS2_PLACEMENT_3D('',#4217,#4218,#4219);
#4217 = CARTESIAN_POINT('',(0.92,-2.15,0.));
#4218 = DIRECTION('',(0.,1.,0.));
#4219 = DIRECTION('',(0.,-0.,1.));
#4220 = ADVANCED_FACE('',(#4221),#4227,.F.);
#4221 = FACE_BOUND('',#4222,.F.);
#4222 = EDGE_LOOP('',(#4223,#4224,#4225,#4226));
#4223 = ORIENTED_EDGE('',*,*,#4110,.F.);
#4224 = ORIENTED_EDGE('',*,*,#4180,.T.);
#4225 = ORIENTED_EDGE('',*,*,#4150,.T.);
#4226 = ORIENTED_EDGE('',*,*,#4202,.F.);
#4227 = PLANE('',#4228);
#4228 = AXIS2_PLACEMENT_3D('',#4229,#4230,#4231);
#4229 = CARTESIAN_POINT('',(0.92,-2.25,0.));
#4230 = DIRECTION('',(0.,0.,1.));
#4231 = DIRECTION('',(1.,0.,-0.));
#4232 = ADVANCED_FACE('',(#4233),#4239,.T.);
#4233 = FACE_BOUND('',#4234,.T.);
#4234 = EDGE_LOOP('',(#4235,#4236,#4237,#4238));
#4235 = ORIENTED_EDGE('',*,*,#4126,.F.);
#4236 = ORIENTED_EDGE('',*,*,#4187,.T.);
#4237 = ORIENTED_EDGE('',*,*,#4166,.T.);
#4238 = ORIENTED_EDGE('',*,*,#4209,.F.);
#4239 = PLANE('',#4240);
#4240 = AXIS2_PLACEMENT_3D('',#4241,#4242,#4243);
#4241 = CARTESIAN_POINT('',(0.92,-2.25,0.1));
#4242 = DIRECTION('',(0.,0.,1.));
#4243 = DIRECTION('',(1.,0.,-0.));
#4244 = MANIFOLD_SOLID_BREP('',#4245);
#4245 = CLOSED_SHELL('',(#4246,#4286,#4326,#4348,#4370,#4382));
#4246 = ADVANCED_FACE('',(#4247),#4281,.F.);
#4247 = FACE_BOUND('',#4248,.F.);
#4248 = EDGE_LOOP('',(#4249,#4259,#4267,#4275));
#4249 = ORIENTED_EDGE('',*,*,#4250,.F.);
#4250 = EDGE_CURVE('',#4251,#4253,#4255,.T.);
#4251 = VERTEX_POINT('',#4252);
#4252 = CARTESIAN_POINT('',(0.24,-2.25,0.19));
#4253 = VERTEX_POINT('',#4254);
#4254 = CARTESIAN_POINT('',(0.24,-2.25,0.31));
#4255 = LINE('',#4256,#4257);
#4256 = CARTESIAN_POINT('',(0.24,-2.25,0.19));
#4257 = VECTOR('',#4258,1.);
#4258 = DIRECTION('',(0.,0.,1.));
#4259 = ORIENTED_EDGE('',*,*,#4260,.T.);
#4260 = EDGE_CURVE('',#4251,#4261,#4263,.T.);
#4261 = VERTEX_POINT('',#4262);
#4262 = CARTESIAN_POINT('',(0.24,-2.15,0.19));
#4263 = LINE('',#4264,#4265);
#4264 = CARTESIAN_POINT('',(0.24,-2.25,0.19));
#4265 = VECTOR('',#4266,1.);
#4266 = DIRECTION('',(0.,1.,0.));
#4267 = ORIENTED_EDGE('',*,*,#4268,.T.);
#4268 = EDGE_CURVE('',#4261,#4269,#4271,.T.);
#4269 = VERTEX_POINT('',#4270);
#4270 = CARTESIAN_POINT('',(0.24,-2.15,0.31));
#4271 = LINE('',#4272,#4273);
#4272 = CARTESIAN_POINT('',(0.24,-2.15,0.19));
#4273 = VECTOR('',#4274,1.);
#4274 = DIRECTION('',(0.,0.,1.));
#4275 = ORIENTED_EDGE('',*,*,#4276,.F.);
#4276 = EDGE_CURVE('',#4253,#4269,#4277,.T.);
#4277 = LINE('',#4278,#4279);
#4278 = CARTESIAN_POINT('',(0.24,-2.25,0.31));
#4279 = VECTOR('',#4280,1.);
#4280 = DIRECTION('',(0.,1.,0.));
#4281 = PLANE('',#4282);
#4282 = AXIS2_PLACEMENT_3D('',#4283,#4284,#4285);
#4283 = CARTESIAN_POINT('',(0.24,-2.25,0.19));
#4284 = DIRECTION('',(1.,0.,0.));
#4285 = DIRECTION('',(0.,0.,1.));
#4286 = ADVANCED_FACE('',(#4287),#4321,.T.);
#4287 = FACE_BOUND('',#4288,.T.);
#4288 = EDGE_LOOP('',(#4289,#4299,#4307,#4315));
#4289 = ORIENTED_EDGE('',*,*,#4290,.F.);
#4290 = EDGE_CURVE('',#4291,#4293,#4295,.T.);
#4291 = VERTEX_POINT('',#4292);
#4292 = CARTESIAN_POINT('',(0.89,-2.25,0.19));
#4293 = VERTEX_POINT('',#4294);
#4294 = CARTESIAN_POINT('',(0.89,-2.25,0.31));
#4295 = LINE('',#4296,#4297);
#4296 = CARTESIAN_POINT('',(0.89,-2.25,0.19));
#4297 = VECTOR('',#4298,1.);
#4298 = DIRECTION('',(0.,0.,1.));
#4299 = ORIENTED_EDGE('',*,*,#4300,.T.);
#4300 = EDGE_CURVE('',#4291,#4301,#4303,.T.);
#4301 = VERTEX_POINT('',#4302);
#4302 = CARTESIAN_POINT('',(0.89,-2.15,0.19));
#4303 = LINE('',#4304,#4305);
#4304 = CARTESIAN_POINT('',(0.89,-2.25,0.19));
#4305 = VECTOR('',#4306,1.);
#4306 = DIRECTION('',(0.,1.,0.));
#4307 = ORIENTED_EDGE('',*,*,#4308,.T.);
#4308 = EDGE_CURVE('',#4301,#4309,#4311,.T.);
#4309 = VERTEX_POINT('',#4310);
#4310 = CARTESIAN_POINT('',(0.89,-2.15,0.31));
#4311 = LINE('',#4312,#4313);
#4312 = CARTESIAN_POINT('',(0.89,-2.15,0.19));
#4313 = VECTOR('',#4314,1.);
#4314 = DIRECTION('',(0.,0.,1.));
#4315 = ORIENTED_EDGE('',*,*,#4316,.F.);
#4316 = EDGE_CURVE('',#4293,#4309,#4317,.T.);
#4317 = LINE('',#4318,#4319);
#4318 = CARTESIAN_POINT('',(0.89,-2.25,0.31));
#4319 = VECTOR('',#4320,1.);
#4320 = DIRECTION('',(0.,1.,0.));
#4321 = PLANE('',#4322);
#4322 = AXIS2_PLACEMENT_3D('',#4323,#4324,#4325);
#4323 = CARTESIAN_POINT('',(0.89,-2.25,0.19));
#4324 = DIRECTION('',(1.,0.,0.));
#4325 = DIRECTION('',(0.,0.,1.));
#4326 = ADVANCED_FACE('',(#4327),#4343,.F.);
#4327 = FACE_BOUND('',#4328,.F.);
#4328 = EDGE_LOOP('',(#4329,#4335,#4336,#4342));
#4329 = ORIENTED_EDGE('',*,*,#4330,.F.);
#4330 = EDGE_CURVE('',#4251,#4291,#4331,.T.);
#4331 = LINE('',#4332,#4333);
#4332 = CARTESIAN_POINT('',(0.24,-2.25,0.19));
#4333 = VECTOR('',#4334,1.);
#4334 = DIRECTION('',(1.,0.,0.));
#4335 = ORIENTED_EDGE('',*,*,#4250,.T.);
#4336 = ORIENTED_EDGE('',*,*,#4337,.T.);
#4337 = EDGE_CURVE('',#4253,#4293,#4338,.T.);
#4338 = LINE('',#4339,#4340);
#4339 = CARTESIAN_POINT('',(0.24,-2.25,0.31));
#4340 = VECTOR('',#4341,1.);
#4341 = DIRECTION('',(1.,0.,0.));
#4342 = ORIENTED_EDGE('',*,*,#4290,.F.);
#4343 = PLANE('',#4344);
#4344 = AXIS2_PLACEMENT_3D('',#4345,#4346,#4347);
#4345 = CARTESIAN_POINT('',(0.24,-2.25,0.19));
#4346 = DIRECTION('',(0.,1.,0.));
#4347 = DIRECTION('',(0.,-0.,1.));
#4348 = ADVANCED_FACE('',(#4349),#4365,.T.);
#4349 = FACE_BOUND('',#4350,.T.);
#4350 = EDGE_LOOP('',(#4351,#4357,#4358,#4364));
#4351 = ORIENTED_EDGE('',*,*,#4352,.F.);
#4352 = EDGE_CURVE('',#4261,#4301,#4353,.T.);
#4353 = LINE('',#4354,#4355);
#4354 = CARTESIAN_POINT('',(0.24,-2.15,0.19));
#4355 = VECTOR('',#4356,1.);
#4356 = DIRECTION('',(1.,0.,0.));
#4357 = ORIENTED_EDGE('',*,*,#4268,.T.);
#4358 = ORIENTED_EDGE('',*,*,#4359,.T.);
#4359 = EDGE_CURVE('',#4269,#4309,#4360,.T.);
#4360 = LINE('',#4361,#4362);
#4361 = CARTESIAN_POINT('',(0.24,-2.15,0.31));
#4362 = VECTOR('',#4363,1.);
#4363 = DIRECTION('',(1.,0.,0.));
#4364 = ORIENTED_EDGE('',*,*,#4308,.F.);
#4365 = PLANE('',#4366);
#4366 = AXIS2_PLACEMENT_3D('',#4367,#4368,#4369);
#4367 = CARTESIAN_POINT('',(0.24,-2.15,0.19));
#4368 = DIRECTION('',(0.,1.,0.));
#4369 = DIRECTION('',(0.,-0.,1.));
#4370 = ADVANCED_FACE('',(#4371),#4377,.F.);
#4371 = FACE_BOUND('',#4372,.F.);
#4372 = EDGE_LOOP('',(#4373,#4374,#4375,#4376));
#4373 = ORIENTED_EDGE('',*,*,#4260,.F.);
#4374 = ORIENTED_EDGE('',*,*,#4330,.T.);
#4375 = ORIENTED_EDGE('',*,*,#4300,.T.);
#4376 = ORIENTED_EDGE('',*,*,#4352,.F.);
#4377 = PLANE('',#4378);
#4378 = AXIS2_PLACEMENT_3D('',#4379,#4380,#4381);
#4379 = CARTESIAN_POINT('',(0.24,-2.25,0.19));
#4380 = DIRECTION('',(0.,0.,1.));
#4381 = DIRECTION('',(1.,0.,-0.));
#4382 = ADVANCED_FACE('',(#4383),#4389,.T.);
#4383 = FACE_BOUND('',#4384,.T.);
#4384 = EDGE_LOOP('',(#4385,#4386,#4387,#4388));
#4385 = ORIENTED_EDGE('',*,*,#4276,.F.);
#4386 = ORIENTED_EDGE('',*,*,#4337,.T.);
#4387 = ORIENTED_EDGE('',*,*,#4316,.T.);
#4388 = ORIENTED_EDGE('',*,*,#4359,.F.);
#4389 = PLANE('',#4390);
#4390 = AXIS2_PLACEMENT_3D('',#4391,#4392,#4393);
#4391 = CARTESIAN_POINT('',(0.24,-2.25,0.31));
#4392 = DIRECTION('',(0.,0.,1.));
#4393 = DIRECTION('',(1.,0.,-0.));
#4394 = MANIFOLD_SOLID_BREP('',#4395);
#4395 = CLOSED_SHELL('',(#4396,#4436,#4476,#4498,#4520,#4532));
#4396 = ADVANCED_FACE('',(#4397),#4431,.F.);
#4397 = FACE_BOUND('',#4398,.F.);
#4398 = EDGE_LOOP('',(#4399,#4409,#4417,#4425));
#4399 = ORIENTED_EDGE('',*,*,#4400,.F.);
#4400 = EDGE_CURVE('',#4401,#4403,#4405,.T.);
#4401 = VERTEX_POINT('',#4402);
#4402 = CARTESIAN_POINT('',(0.92,-1.85,0.));
#4403 = VERTEX_POINT('',#4404);
#4404 = CARTESIAN_POINT('',(0.92,-1.85,0.1));
#4405 = LINE('',#4406,#4407);
#4406 = CARTESIAN_POINT('',(0.92,-1.85,0.));
#4407 = VECTOR('',#4408,1.);
#4408 = DIRECTION('',(0.,0.,1.));
#4409 = ORIENTED_EDGE('',*,*,#4410,.T.);
#4410 = EDGE_CURVE('',#4401,#4411,#4413,.T.);
#4411 = VERTEX_POINT('',#4412);
#4412 = CARTESIAN_POINT('',(0.92,-1.75,0.));
#4413 = LINE('',#4414,#4415);
#4414 = CARTESIAN_POINT('',(0.92,-1.85,0.));
#4415 = VECTOR('',#4416,1.);
#4416 = DIRECTION('',(0.,1.,0.));
#4417 = ORIENTED_EDGE('',*,*,#4418,.T.);
#4418 = EDGE_CURVE('',#4411,#4419,#4421,.T.);
#4419 = VERTEX_POINT('',#4420);
#4420 = CARTESIAN_POINT('',(0.92,-1.75,0.1));
#4421 = LINE('',#4422,#4423);
#4422 = CARTESIAN_POINT('',(0.92,-1.75,0.));
#4423 = VECTOR('',#4424,1.);
#4424 = DIRECTION('',(0.,0.,1.));
#4425 = ORIENTED_EDGE('',*,*,#4426,.F.);
#4426 = EDGE_CURVE('',#4403,#4419,#4427,.T.);
#4427 = LINE('',#4428,#4429);
#4428 = CARTESIAN_POINT('',(0.92,-1.85,0.1));
#4429 = VECTOR('',#4430,1.);
#4430 = DIRECTION('',(0.,1.,0.));
#4431 = PLANE('',#4432);
#4432 = AXIS2_PLACEMENT_3D('',#4433,#4434,#4435);
#4433 = CARTESIAN_POINT('',(0.92,-1.85,0.));
#4434 = DIRECTION('',(1.,0.,0.));
#4435 = DIRECTION('',(0.,0.,1.));
#4436 = ADVANCED_FACE('',(#4437),#4471,.T.);
#4437 = FACE_BOUND('',#4438,.T.);
#4438 = EDGE_LOOP('',(#4439,#4449,#4457,#4465));
#4439 = ORIENTED_EDGE('',*,*,#4440,.F.);
#4440 = EDGE_CURVE('',#4441,#4443,#4445,.T.);
#4441 = VERTEX_POINT('',#4442);
#4442 = CARTESIAN_POINT('',(1.295,-1.85,0.));
#4443 = VERTEX_POINT('',#4444);
#4444 = CARTESIAN_POINT('',(1.295,-1.85,0.1));
#4445 = LINE('',#4446,#4447);
#4446 = CARTESIAN_POINT('',(1.295,-1.85,0.));
#4447 = VECTOR('',#4448,1.);
#4448 = DIRECTION('',(0.,0.,1.));
#4449 = ORIENTED_EDGE('',*,*,#4450,.T.);
#4450 = EDGE_CURVE('',#4441,#4451,#4453,.T.);
#4451 = VERTEX_POINT('',#4452);
#4452 = CARTESIAN_POINT('',(1.295,-1.75,0.));
#4453 = LINE('',#4454,#4455);
#4454 = CARTESIAN_POINT('',(1.295,-1.85,0.));
#4455 = VECTOR('',#4456,1.);
#4456 = DIRECTION('',(0.,1.,0.));
#4457 = ORIENTED_EDGE('',*,*,#4458,.T.);
#4458 = EDGE_CURVE('',#4451,#4459,#4461,.T.);
#4459 = VERTEX_POINT('',#4460);
#4460 = CARTESIAN_POINT('',(1.295,-1.75,0.1));
#4461 = LINE('',#4462,#4463);
#4462 = CARTESIAN_POINT('',(1.295,-1.75,0.));
#4463 = VECTOR('',#4464,1.);
#4464 = DIRECTION('',(0.,0.,1.));
#4465 = ORIENTED_EDGE('',*,*,#4466,.F.);
#4466 = EDGE_CURVE('',#4443,#4459,#4467,.T.);
#4467 = LINE('',#4468,#4469);
#4468 = CARTESIAN_POINT('',(1.295,-1.85,0.1));
#4469 = VECTOR('',#4470,1.);
#4470 = DIRECTION('',(0.,1.,0.));
#4471 = PLANE('',#4472);
#4472 = AXIS2_PLACEMENT_3D('',#4473,#4474,#4475);
#4473 = CARTESIAN_POINT('',(1.295,-1.85,0.));
#4474 = DIRECTION('',(1.,0.,0.));
#4475 = DIRECTION('',(0.,0.,1.));
#4476 = ADVANCED_FACE('',(#4477),#4493,.F.);
#4477 = FACE_BOUND('',#4478,.F.);
#4478 = EDGE_LOOP('',(#4479,#4485,#4486,#4492));
#4479 = ORIENTED_EDGE('',*,*,#4480,.F.);
#4480 = EDGE_CURVE('',#4401,#4441,#4481,.T.);
#4481 = LINE('',#4482,#4483);
#4482 = CARTESIAN_POINT('',(0.92,-1.85,0.));
#4483 = VECTOR('',#4484,1.);
#4484 = DIRECTION('',(1.,0.,0.));
#4485 = ORIENTED_EDGE('',*,*,#4400,.T.);
#4486 = ORIENTED_EDGE('',*,*,#4487,.T.);
#4487 = EDGE_CURVE('',#4403,#4443,#4488,.T.);
#4488 = LINE('',#4489,#4490);
#4489 = CARTESIAN_POINT('',(0.92,-1.85,0.1));
#4490 = VECTOR('',#4491,1.);
#4491 = DIRECTION('',(1.,0.,0.));
#4492 = ORIENTED_EDGE('',*,*,#4440,.F.);
#4493 = PLANE('',#4494);
#4494 = AXIS2_PLACEMENT_3D('',#4495,#4496,#4497);
#4495 = CARTESIAN_POINT('',(0.92,-1.85,0.));
#4496 = DIRECTION('',(0.,1.,0.));
#4497 = DIRECTION('',(0.,-0.,1.));
#4498 = ADVANCED_FACE('',(#4499),#4515,.T.);
#4499 = FACE_BOUND('',#4500,.T.);
#4500 = EDGE_LOOP('',(#4501,#4507,#4508,#4514));
#4501 = ORIENTED_EDGE('',*,*,#4502,.F.);
#4502 = EDGE_CURVE('',#4411,#4451,#4503,.T.);
#4503 = LINE('',#4504,#4505);
#4504 = CARTESIAN_POINT('',(0.92,-1.75,0.));
#4505 = VECTOR('',#4506,1.);
#4506 = DIRECTION('',(1.,0.,0.));
#4507 = ORIENTED_EDGE('',*,*,#4418,.T.);
#4508 = ORIENTED_EDGE('',*,*,#4509,.T.);
#4509 = EDGE_CURVE('',#4419,#4459,#4510,.T.);
#4510 = LINE('',#4511,#4512);
#4511 = CARTESIAN_POINT('',(0.92,-1.75,0.1));
#4512 = VECTOR('',#4513,1.);
#4513 = DIRECTION('',(1.,0.,0.));
#4514 = ORIENTED_EDGE('',*,*,#4458,.F.);
#4515 = PLANE('',#4516);
#4516 = AXIS2_PLACEMENT_3D('',#4517,#4518,#4519);
#4517 = CARTESIAN_POINT('',(0.92,-1.75,0.));
#4518 = DIRECTION('',(0.,1.,0.));
#4519 = DIRECTION('',(0.,-0.,1.));
#4520 = ADVANCED_FACE('',(#4521),#4527,.F.);
#4521 = FACE_BOUND('',#4522,.F.);
#4522 = EDGE_LOOP('',(#4523,#4524,#4525,#4526));
#4523 = ORIENTED_EDGE('',*,*,#4410,.F.);
#4524 = ORIENTED_EDGE('',*,*,#4480,.T.);
#4525 = ORIENTED_EDGE('',*,*,#4450,.T.);
#4526 = ORIENTED_EDGE('',*,*,#4502,.F.);
#4527 = PLANE('',#4528);
#4528 = AXIS2_PLACEMENT_3D('',#4529,#4530,#4531);
#4529 = CARTESIAN_POINT('',(0.92,-1.85,0.));
#4530 = DIRECTION('',(0.,0.,1.));
#4531 = DIRECTION('',(1.,0.,-0.));
#4532 = ADVANCED_FACE('',(#4533),#4539,.T.);
#4533 = FACE_BOUND('',#4534,.T.);
#4534 = EDGE_LOOP('',(#4535,#4536,#4537,#4538));
#4535 = ORIENTED_EDGE('',*,*,#4426,.F.);
#4536 = ORIENTED_EDGE('',*,*,#4487,.T.);
#4537 = ORIENTED_EDGE('',*,*,#4466,.T.);
#4538 = ORIENTED_EDGE('',*,*,#4509,.F.);
#4539 = PLANE('',#4540);
#4540 = AXIS2_PLACEMENT_3D('',#4541,#4542,#4543);
#4541 = CARTESIAN_POINT('',(0.92,-1.85,0.1));
#4542 = DIRECTION('',(0.,0.,1.));
#4543 = DIRECTION('',(1.,0.,-0.));
#4544 = MANIFOLD_SOLID_BREP('',#4545);
#4545 = CLOSED_SHELL('',(#4546,#4586,#4626,#4648,#4670,#4682));
#4546 = ADVANCED_FACE('',(#4547),#4581,.F.);
#4547 = FACE_BOUND('',#4548,.F.);
#4548 = EDGE_LOOP('',(#4549,#4559,#4567,#4575));
#4549 = ORIENTED_EDGE('',*,*,#4550,.F.);
#4550 = EDGE_CURVE('',#4551,#4553,#4555,.T.);
#4551 = VERTEX_POINT('',#4552);
#4552 = CARTESIAN_POINT('',(0.24,-1.85,0.19));
#4553 = VERTEX_POINT('',#4554);
#4554 = CARTESIAN_POINT('',(0.24,-1.85,0.31));
#4555 = LINE('',#4556,#4557);
#4556 = CARTESIAN_POINT('',(0.24,-1.85,0.19));
#4557 = VECTOR('',#4558,1.);
#4558 = DIRECTION('',(0.,0.,1.));
#4559 = ORIENTED_EDGE('',*,*,#4560,.T.);
#4560 = EDGE_CURVE('',#4551,#4561,#4563,.T.);
#4561 = VERTEX_POINT('',#4562);
#4562 = CARTESIAN_POINT('',(0.24,-1.75,0.19));
#4563 = LINE('',#4564,#4565);
#4564 = CARTESIAN_POINT('',(0.24,-1.85,0.19));
#4565 = VECTOR('',#4566,1.);
#4566 = DIRECTION('',(0.,1.,0.));
#4567 = ORIENTED_EDGE('',*,*,#4568,.T.);
#4568 = EDGE_CURVE('',#4561,#4569,#4571,.T.);
#4569 = VERTEX_POINT('',#4570);
#4570 = CARTESIAN_POINT('',(0.24,-1.75,0.31));
#4571 = LINE('',#4572,#4573);
#4572 = CARTESIAN_POINT('',(0.24,-1.75,0.19));
#4573 = VECTOR('',#4574,1.);
#4574 = DIRECTION('',(0.,0.,1.));
#4575 = ORIENTED_EDGE('',*,*,#4576,.F.);
#4576 = EDGE_CURVE('',#4553,#4569,#4577,.T.);
#4577 = LINE('',#4578,#4579);
#4578 = CARTESIAN_POINT('',(0.24,-1.85,0.31));
#4579 = VECTOR('',#4580,1.);
#4580 = DIRECTION('',(0.,1.,0.));
#4581 = PLANE('',#4582);
#4582 = AXIS2_PLACEMENT_3D('',#4583,#4584,#4585);
#4583 = CARTESIAN_POINT('',(0.24,-1.85,0.19));
#4584 = DIRECTION('',(1.,0.,0.));
#4585 = DIRECTION('',(0.,0.,1.));
#4586 = ADVANCED_FACE('',(#4587),#4621,.T.);
#4587 = FACE_BOUND('',#4588,.T.);
#4588 = EDGE_LOOP('',(#4589,#4599,#4607,#4615));
#4589 = ORIENTED_EDGE('',*,*,#4590,.F.);
#4590 = EDGE_CURVE('',#4591,#4593,#4595,.T.);
#4591 = VERTEX_POINT('',#4592);
#4592 = CARTESIAN_POINT('',(0.89,-1.85,0.19));
#4593 = VERTEX_POINT('',#4594);
#4594 = CARTESIAN_POINT('',(0.89,-1.85,0.31));
#4595 = LINE('',#4596,#4597);
#4596 = CARTESIAN_POINT('',(0.89,-1.85,0.19));
#4597 = VECTOR('',#4598,1.);
#4598 = DIRECTION('',(0.,0.,1.));
#4599 = ORIENTED_EDGE('',*,*,#4600,.T.);
#4600 = EDGE_CURVE('',#4591,#4601,#4603,.T.);
#4601 = VERTEX_POINT('',#4602);
#4602 = CARTESIAN_POINT('',(0.89,-1.75,0.19));
#4603 = LINE('',#4604,#4605);
#4604 = CARTESIAN_POINT('',(0.89,-1.85,0.19));
#4605 = VECTOR('',#4606,1.);
#4606 = DIRECTION('',(0.,1.,0.));
#4607 = ORIENTED_EDGE('',*,*,#4608,.T.);
#4608 = EDGE_CURVE('',#4601,#4609,#4611,.T.);
#4609 = VERTEX_POINT('',#4610);
#4610 = CARTESIAN_POINT('',(0.89,-1.75,0.31));
#4611 = LINE('',#4612,#4613);
#4612 = CARTESIAN_POINT('',(0.89,-1.75,0.19));
#4613 = VECTOR('',#4614,1.);
#4614 = DIRECTION('',(0.,0.,1.));
#4615 = ORIENTED_EDGE('',*,*,#4616,.F.);
#4616 = EDGE_CURVE('',#4593,#4609,#4617,.T.);
#4617 = LINE('',#4618,#4619);
#4618 = CARTESIAN_POINT('',(0.89,-1.85,0.31));
#4619 = VECTOR('',#4620,1.);
#4620 = DIRECTION('',(0.,1.,0.));
#4621 = PLANE('',#4622);
#4622 = AXIS2_PLACEMENT_3D('',#4623,#4624,#4625);
#4623 = CARTESIAN_POINT('',(0.89,-1.85,0.19));
#4624 = DIRECTION('',(1.,0.,0.));
#4625 = DIRECTION('',(0.,0.,1.));
#4626 = ADVANCED_FACE('',(#4627),#4643,.F.);
#4627 = FACE_BOUND('',#4628,.F.);
#4628 = EDGE_LOOP('',(#4629,#4635,#4636,#4642));
#4629 = ORIENTED_EDGE('',*,*,#4630,.F.);
#4630 = EDGE_CURVE('',#4551,#4591,#4631,.T.);
#4631 = LINE('',#4632,#4633);
#4632 = CARTESIAN_POINT('',(0.24,-1.85,0.19));
#4633 = VECTOR('',#4634,1.);
#4634 = DIRECTION('',(1.,0.,0.));
#4635 = ORIENTED_EDGE('',*,*,#4550,.T.);
#4636 = ORIENTED_EDGE('',*,*,#4637,.T.);
#4637 = EDGE_CURVE('',#4553,#4593,#4638,.T.);
#4638 = LINE('',#4639,#4640);
#4639 = CARTESIAN_POINT('',(0.24,-1.85,0.31));
#4640 = VECTOR('',#4641,1.);
#4641 = DIRECTION('',(1.,0.,0.));
#4642 = ORIENTED_EDGE('',*,*,#4590,.F.);
#4643 = PLANE('',#4644);
#4644 = AXIS2_PLACEMENT_3D('',#4645,#4646,#4647);
#4645 = CARTESIAN_POINT('',(0.24,-1.85,0.19));
#4646 = DIRECTION('',(0.,1.,0.));
#4647 = DIRECTION('',(0.,-0.,1.));
#4648 = ADVANCED_FACE('',(#4649),#4665,.T.);
#4649 = FACE_BOUND('',#4650,.T.);
#4650 = EDGE_LOOP('',(#4651,#4657,#4658,#4664));
#4651 = ORIENTED_EDGE('',*,*,#4652,.F.);
#4652 = EDGE_CURVE('',#4561,#4601,#4653,.T.);
#4653 = LINE('',#4654,#4655);
#4654 = CARTESIAN_POINT('',(0.24,-1.75,0.19));
#4655 = VECTOR('',#4656,1.);
#4656 = DIRECTION('',(1.,0.,0.));
#4657 = ORIENTED_EDGE('',*,*,#4568,.T.);
#4658 = ORIENTED_EDGE('',*,*,#4659,.T.);
#4659 = EDGE_CURVE('',#4569,#4609,#4660,.T.);
#4660 = LINE('',#4661,#4662);
#4661 = CARTESIAN_POINT('',(0.24,-1.75,0.31));
#4662 = VECTOR('',#4663,1.);
#4663 = DIRECTION('',(1.,0.,0.));
#4664 = ORIENTED_EDGE('',*,*,#4608,.F.);
#4665 = PLANE('',#4666);
#4666 = AXIS2_PLACEMENT_3D('',#4667,#4668,#4669);
#4667 = CARTESIAN_POINT('',(0.24,-1.75,0.19));
#4668 = DIRECTION('',(0.,1.,0.));
#4669 = DIRECTION('',(0.,-0.,1.));
#4670 = ADVANCED_FACE('',(#4671),#4677,.F.);
#4671 = FACE_BOUND('',#4672,.F.);
#4672 = EDGE_LOOP('',(#4673,#4674,#4675,#4676));
#4673 = ORIENTED_EDGE('',*,*,#4560,.F.);
#4674 = ORIENTED_EDGE('',*,*,#4630,.T.);
#4675 = ORIENTED_EDGE('',*,*,#4600,.T.);
#4676 = ORIENTED_EDGE('',*,*,#4652,.F.);
#4677 = PLANE('',#4678);
#4678 = AXIS2_PLACEMENT_3D('',#4679,#4680,#4681);
#4679 = CARTESIAN_POINT('',(0.24,-1.85,0.19));
#4680 = DIRECTION('',(0.,0.,1.));
#4681 = DIRECTION('',(1.,0.,-0.));
#4682 = ADVANCED_FACE('',(#4683),#4689,.T.);
#4683 = FACE_BOUND('',#4684,.T.);
#4684 = EDGE_LOOP('',(#4685,#4686,#4687,#4688));
#4685 = ORIENTED_EDGE('',*,*,#4576,.F.);
#4686 = ORIENTED_EDGE('',*,*,#4637,.T.);
#4687 = ORIENTED_EDGE('',*,*,#4616,.T.);
#4688 = ORIENTED_EDGE('',*,*,#4659,.F.);
#4689 = PLANE('',#4690);
#4690 = AXIS2_PLACEMENT_3D('',#4691,#4692,#4693);
#4691 = CARTESIAN_POINT('',(0.24,-1.85,0.31));
#4692 = DIRECTION('',(0.,0.,1.));
#4693 = DIRECTION('',(1.,0.,-0.));
#4694 = MANIFOLD_SOLID_BREP('',#4695);
#4695 = CLOSED_SHELL('',(#4696,#4736,#4776,#4798,#4820,#4832));
#4696 = ADVANCED_FACE('',(#4697),#4731,.F.);
#4697 = FACE_BOUND('',#4698,.F.);
#4698 = EDGE_LOOP('',(#4699,#4709,#4717,#4725));
#4699 = ORIENTED_EDGE('',*,*,#4700,.F.);
#4700 = EDGE_CURVE('',#4701,#4703,#4705,.T.);
#4701 = VERTEX_POINT('',#4702);
#4702 = CARTESIAN_POINT('',(0.92,-1.45,0.));
#4703 = VERTEX_POINT('',#4704);
#4704 = CARTESIAN_POINT('',(0.92,-1.45,0.1));
#4705 = LINE('',#4706,#4707);
#4706 = CARTESIAN_POINT('',(0.92,-1.45,0.));
#4707 = VECTOR('',#4708,1.);
#4708 = DIRECTION('',(0.,0.,1.));
#4709 = ORIENTED_EDGE('',*,*,#4710,.T.);
#4710 = EDGE_CURVE('',#4701,#4711,#4713,.T.);
#4711 = VERTEX_POINT('',#4712);
#4712 = CARTESIAN_POINT('',(0.92,-1.35,0.));
#4713 = LINE('',#4714,#4715);
#4714 = CARTESIAN_POINT('',(0.92,-1.45,0.));
#4715 = VECTOR('',#4716,1.);
#4716 = DIRECTION('',(0.,1.,0.));
#4717 = ORIENTED_EDGE('',*,*,#4718,.T.);
#4718 = EDGE_CURVE('',#4711,#4719,#4721,.T.);
#4719 = VERTEX_POINT('',#4720);
#4720 = CARTESIAN_POINT('',(0.92,-1.35,0.1));
#4721 = LINE('',#4722,#4723);
#4722 = CARTESIAN_POINT('',(0.92,-1.35,0.));
#4723 = VECTOR('',#4724,1.);
#4724 = DIRECTION('',(0.,0.,1.));
#4725 = ORIENTED_EDGE('',*,*,#4726,.F.);
#4726 = EDGE_CURVE('',#4703,#4719,#4727,.T.);
#4727 = LINE('',#4728,#4729);
#4728 = CARTESIAN_POINT('',(0.92,-1.45,0.1));
#4729 = VECTOR('',#4730,1.);
#4730 = DIRECTION('',(0.,1.,0.));
#4731 = PLANE('',#4732);
#4732 = AXIS2_PLACEMENT_3D('',#4733,#4734,#4735);
#4733 = CARTESIAN_POINT('',(0.92,-1.45,0.));
#4734 = DIRECTION('',(1.,0.,0.));
#4735 = DIRECTION('',(0.,0.,1.));
#4736 = ADVANCED_FACE('',(#4737),#4771,.T.);
#4737 = FACE_BOUND('',#4738,.T.);
#4738 = EDGE_LOOP('',(#4739,#4749,#4757,#4765));
#4739 = ORIENTED_EDGE('',*,*,#4740,.F.);
#4740 = EDGE_CURVE('',#4741,#4743,#4745,.T.);
#4741 = VERTEX_POINT('',#4742);
#4742 = CARTESIAN_POINT('',(1.295,-1.45,0.));
#4743 = VERTEX_POINT('',#4744);
#4744 = CARTESIAN_POINT('',(1.295,-1.45,0.1));
#4745 = LINE('',#4746,#4747);
#4746 = CARTESIAN_POINT('',(1.295,-1.45,0.));
#4747 = VECTOR('',#4748,1.);
#4748 = DIRECTION('',(0.,0.,1.));
#4749 = ORIENTED_EDGE('',*,*,#4750,.T.);
#4750 = EDGE_CURVE('',#4741,#4751,#4753,.T.);
#4751 = VERTEX_POINT('',#4752);
#4752 = CARTESIAN_POINT('',(1.295,-1.35,0.));
#4753 = LINE('',#4754,#4755);
#4754 = CARTESIAN_POINT('',(1.295,-1.45,0.));
#4755 = VECTOR('',#4756,1.);
#4756 = DIRECTION('',(0.,1.,0.));
#4757 = ORIENTED_EDGE('',*,*,#4758,.T.);
#4758 = EDGE_CURVE('',#4751,#4759,#4761,.T.);
#4759 = VERTEX_POINT('',#4760);
#4760 = CARTESIAN_POINT('',(1.295,-1.35,0.1));
#4761 = LINE('',#4762,#4763);
#4762 = CARTESIAN_POINT('',(1.295,-1.35,0.));
#4763 = VECTOR('',#4764,1.);
#4764 = DIRECTION('',(0.,0.,1.));
#4765 = ORIENTED_EDGE('',*,*,#4766,.F.);
#4766 = EDGE_CURVE('',#4743,#4759,#4767,.T.);
#4767 = LINE('',#4768,#4769);
#4768 = CARTESIAN_POINT('',(1.295,-1.45,0.1));
#4769 = VECTOR('',#4770,1.);
#4770 = DIRECTION('',(0.,1.,0.));
#4771 = PLANE('',#4772);
#4772 = AXIS2_PLACEMENT_3D('',#4773,#4774,#4775);
#4773 = CARTESIAN_POINT('',(1.295,-1.45,0.));
#4774 = DIRECTION('',(1.,0.,0.));
#4775 = DIRECTION('',(0.,0.,1.));
#4776 = ADVANCED_FACE('',(#4777),#4793,.F.);
#4777 = FACE_BOUND('',#4778,.F.);
#4778 = EDGE_LOOP('',(#4779,#4785,#4786,#4792));
#4779 = ORIENTED_EDGE('',*,*,#4780,.F.);
#4780 = EDGE_CURVE('',#4701,#4741,#4781,.T.);
#4781 = LINE('',#4782,#4783);
#4782 = CARTESIAN_POINT('',(0.92,-1.45,0.));
#4783 = VECTOR('',#4784,1.);
#4784 = DIRECTION('',(1.,0.,0.));
#4785 = ORIENTED_EDGE('',*,*,#4700,.T.);
#4786 = ORIENTED_EDGE('',*,*,#4787,.T.);
#4787 = EDGE_CURVE('',#4703,#4743,#4788,.T.);
#4788 = LINE('',#4789,#4790);
#4789 = CARTESIAN_POINT('',(0.92,-1.45,0.1));
#4790 = VECTOR('',#4791,1.);
#4791 = DIRECTION('',(1.,0.,0.));
#4792 = ORIENTED_EDGE('',*,*,#4740,.F.);
#4793 = PLANE('',#4794);
#4794 = AXIS2_PLACEMENT_3D('',#4795,#4796,#4797);
#4795 = CARTESIAN_POINT('',(0.92,-1.45,0.));
#4796 = DIRECTION('',(0.,1.,0.));
#4797 = DIRECTION('',(0.,-0.,1.));
#4798 = ADVANCED_FACE('',(#4799),#4815,.T.);
#4799 = FACE_BOUND('',#4800,.T.);
#4800 = EDGE_LOOP('',(#4801,#4807,#4808,#4814));
#4801 = ORIENTED_EDGE('',*,*,#4802,.F.);
#4802 = EDGE_CURVE('',#4711,#4751,#4803,.T.);
#4803 = LINE('',#4804,#4805);
#4804 = CARTESIAN_POINT('',(0.92,-1.35,0.));
#4805 = VECTOR('',#4806,1.);
#4806 = DIRECTION('',(1.,0.,0.));
#4807 = ORIENTED_EDGE('',*,*,#4718,.T.);
#4808 = ORIENTED_EDGE('',*,*,#4809,.T.);
#4809 = EDGE_CURVE('',#4719,#4759,#4810,.T.);
#4810 = LINE('',#4811,#4812);
#4811 = CARTESIAN_POINT('',(0.92,-1.35,0.1));
#4812 = VECTOR('',#4813,1.);
#4813 = DIRECTION('',(1.,0.,0.));
#4814 = ORIENTED_EDGE('',*,*,#4758,.F.);
#4815 = PLANE('',#4816);
#4816 = AXIS2_PLACEMENT_3D('',#4817,#4818,#4819);
#4817 = CARTESIAN_POINT('',(0.92,-1.35,0.));
#4818 = DIRECTION('',(0.,1.,0.));
#4819 = DIRECTION('',(0.,-0.,1.));
#4820 = ADVANCED_FACE('',(#4821),#4827,.F.);
#4821 = FACE_BOUND('',#4822,.F.);
#4822 = EDGE_LOOP('',(#4823,#4824,#4825,#4826));
#4823 = ORIENTED_EDGE('',*,*,#4710,.F.);
#4824 = ORIENTED_EDGE('',*,*,#4780,.T.);
#4825 = ORIENTED_EDGE('',*,*,#4750,.T.);
#4826 = ORIENTED_EDGE('',*,*,#4802,.F.);
#4827 = PLANE('',#4828);
#4828 = AXIS2_PLACEMENT_3D('',#4829,#4830,#4831);
#4829 = CARTESIAN_POINT('',(0.92,-1.45,0.));
#4830 = DIRECTION('',(0.,0.,1.));
#4831 = DIRECTION('',(1.,0.,-0.));
#4832 = ADVANCED_FACE('',(#4833),#4839,.T.);
#4833 = FACE_BOUND('',#4834,.T.);
#4834 = EDGE_LOOP('',(#4835,#4836,#4837,#4838));
#4835 = ORIENTED_EDGE('',*,*,#4726,.F.);
#4836 = ORIENTED_EDGE('',*,*,#4787,.T.);
#4837 = ORIENTED_EDGE('',*,*,#4766,.T.);
#4838 = ORIENTED_EDGE('',*,*,#4809,.F.);
#4839 = PLANE('',#4840);
#4840 = AXIS2_PLACEMENT_3D('',#4841,#4842,#4843);
#4841 = CARTESIAN_POINT('',(0.92,-1.45,0.1));
#4842 = DIRECTION('',(0.,0.,1.));
#4843 = DIRECTION('',(1.,0.,-0.));
#4844 = MANIFOLD_SOLID_BREP('',#4845);
#4845 = CLOSED_SHELL('',(#4846,#4886,#4926,#4948,#4970,#4982));
#4846 = ADVANCED_FACE('',(#4847),#4881,.F.);
#4847 = FACE_BOUND('',#4848,.F.);
#4848 = EDGE_LOOP('',(#4849,#4859,#4867,#4875));
#4849 = ORIENTED_EDGE('',*,*,#4850,.F.);
#4850 = EDGE_CURVE('',#4851,#4853,#4855,.T.);
#4851 = VERTEX_POINT('',#4852);
#4852 = CARTESIAN_POINT('',(0.24,-1.45,0.19));
#4853 = VERTEX_POINT('',#4854);
#4854 = CARTESIAN_POINT('',(0.24,-1.45,0.31));
#4855 = LINE('',#4856,#4857);
#4856 = CARTESIAN_POINT('',(0.24,-1.45,0.19));
#4857 = VECTOR('',#4858,1.);
#4858 = DIRECTION('',(0.,0.,1.));
#4859 = ORIENTED_EDGE('',*,*,#4860,.T.);
#4860 = EDGE_CURVE('',#4851,#4861,#4863,.T.);
#4861 = VERTEX_POINT('',#4862);
#4862 = CARTESIAN_POINT('',(0.24,-1.35,0.19));
#4863 = LINE('',#4864,#4865);
#4864 = CARTESIAN_POINT('',(0.24,-1.45,0.19));
#4865 = VECTOR('',#4866,1.);
#4866 = DIRECTION('',(0.,1.,0.));
#4867 = ORIENTED_EDGE('',*,*,#4868,.T.);
#4868 = EDGE_CURVE('',#4861,#4869,#4871,.T.);
#4869 = VERTEX_POINT('',#4870);
#4870 = CARTESIAN_POINT('',(0.24,-1.35,0.31));
#4871 = LINE('',#4872,#4873);
#4872 = CARTESIAN_POINT('',(0.24,-1.35,0.19));
#4873 = VECTOR('',#4874,1.);
#4874 = DIRECTION('',(0.,0.,1.));
#4875 = ORIENTED_EDGE('',*,*,#4876,.F.);
#4876 = EDGE_CURVE('',#4853,#4869,#4877,.T.);
#4877 = LINE('',#4878,#4879);
#4878 = CARTESIAN_POINT('',(0.24,-1.45,0.31));
#4879 = VECTOR('',#4880,1.);
#4880 = DIRECTION('',(0.,1.,0.));
#4881 = PLANE('',#4882);
#4882 = AXIS2_PLACEMENT_3D('',#4883,#4884,#4885);
#4883 = CARTESIAN_POINT('',(0.24,-1.45,0.19));
#4884 = DIRECTION('',(1.,0.,0.));
#4885 = DIRECTION('',(0.,0.,1.));
#4886 = ADVANCED_FACE('',(#4887),#4921,.T.);
#4887 = FACE_BOUND('',#4888,.T.);
#4888 = EDGE_LOOP('',(#4889,#4899,#4907,#4915));
#4889 = ORIENTED_EDGE('',*,*,#4890,.F.);
#4890 = EDGE_CURVE('',#4891,#4893,#4895,.T.);
#4891 = VERTEX_POINT('',#4892);
#4892 = CARTESIAN_POINT('',(0.89,-1.45,0.19));
#4893 = VERTEX_POINT('',#4894);
#4894 = CARTESIAN_POINT('',(0.89,-1.45,0.31));
#4895 = LINE('',#4896,#4897);
#4896 = CARTESIAN_POINT('',(0.89,-1.45,0.19));
#4897 = VECTOR('',#4898,1.);
#4898 = DIRECTION('',(0.,0.,1.));
#4899 = ORIENTED_EDGE('',*,*,#4900,.T.);
#4900 = EDGE_CURVE('',#4891,#4901,#4903,.T.);
#4901 = VERTEX_POINT('',#4902);
#4902 = CARTESIAN_POINT('',(0.89,-1.35,0.19));
#4903 = LINE('',#4904,#4905);
#4904 = CARTESIAN_POINT('',(0.89,-1.45,0.19));
#4905 = VECTOR('',#4906,1.);
#4906 = DIRECTION('',(0.,1.,0.));
#4907 = ORIENTED_EDGE('',*,*,#4908,.T.);
#4908 = EDGE_CURVE('',#4901,#4909,#4911,.T.);
#4909 = VERTEX_POINT('',#4910);
#4910 = CARTESIAN_POINT('',(0.89,-1.35,0.31));
#4911 = LINE('',#4912,#4913);
#4912 = CARTESIAN_POINT('',(0.89,-1.35,0.19));
#4913 = VECTOR('',#4914,1.);
#4914 = DIRECTION('',(0.,0.,1.));
#4915 = ORIENTED_EDGE('',*,*,#4916,.F.);
#4916 = EDGE_CURVE('',#4893,#4909,#4917,.T.);
#4917 = LINE('',#4918,#4919);
#4918 = CARTESIAN_POINT('',(0.89,-1.45,0.31));
#4919 = VECTOR('',#4920,1.);
#4920 = DIRECTION('',(0.,1.,0.));
#4921 = PLANE('',#4922);
#4922 = AXIS2_PLACEMENT_3D('',#4923,#4924,#4925);
#4923 = CARTESIAN_POINT('',(0.89,-1.45,0.19));
#4924 = DIRECTION('',(1.,0.,0.));
#4925 = DIRECTION('',(0.,0.,1.));
#4926 = ADVANCED_FACE('',(#4927),#4943,.F.);
#4927 = FACE_BOUND('',#4928,.F.);
#4928 = EDGE_LOOP('',(#4929,#4935,#4936,#4942));
#4929 = ORIENTED_EDGE('',*,*,#4930,.F.);
#4930 = EDGE_CURVE('',#4851,#4891,#4931,.T.);
#4931 = LINE('',#4932,#4933);
#4932 = CARTESIAN_POINT('',(0.24,-1.45,0.19));
#4933 = VECTOR('',#4934,1.);
#4934 = DIRECTION('',(1.,0.,0.));
#4935 = ORIENTED_EDGE('',*,*,#4850,.T.);
#4936 = ORIENTED_EDGE('',*,*,#4937,.T.);
#4937 = EDGE_CURVE('',#4853,#4893,#4938,.T.);
#4938 = LINE('',#4939,#4940);
#4939 = CARTESIAN_POINT('',(0.24,-1.45,0.31));
#4940 = VECTOR('',#4941,1.);
#4941 = DIRECTION('',(1.,0.,0.));
#4942 = ORIENTED_EDGE('',*,*,#4890,.F.);
#4943 = PLANE('',#4944);
#4944 = AXIS2_PLACEMENT_3D('',#4945,#4946,#4947);
#4945 = CARTESIAN_POINT('',(0.24,-1.45,0.19));
#4946 = DIRECTION('',(0.,1.,0.));
#4947 = DIRECTION('',(0.,-0.,1.));
#4948 = ADVANCED_FACE('',(#4949),#4965,.T.);
#4949 = FACE_BOUND('',#4950,.T.);
#4950 = EDGE_LOOP('',(#4951,#4957,#4958,#4964));
#4951 = ORIENTED_EDGE('',*,*,#4952,.F.);
#4952 = EDGE_CURVE('',#4861,#4901,#4953,.T.);
#4953 = LINE('',#4954,#4955);
#4954 = CARTESIAN_POINT('',(0.24,-1.35,0.19));
#4955 = VECTOR('',#4956,1.);
#4956 = DIRECTION('',(1.,0.,0.));
#4957 = ORIENTED_EDGE('',*,*,#4868,.T.);
#4958 = ORIENTED_EDGE('',*,*,#4959,.T.);
#4959 = EDGE_CURVE('',#4869,#4909,#4960,.T.);
#4960 = LINE('',#4961,#4962);
#4961 = CARTESIAN_POINT('',(0.24,-1.35,0.31));
#4962 = VECTOR('',#4963,1.);
#4963 = DIRECTION('',(1.,0.,0.));
#4964 = ORIENTED_EDGE('',*,*,#4908,.F.);
#4965 = PLANE('',#4966);
#4966 = AXIS2_PLACEMENT_3D('',#4967,#4968,#4969);
#4967 = CARTESIAN_POINT('',(0.24,-1.35,0.19));
#4968 = DIRECTION('',(0.,1.,0.));
#4969 = DIRECTION('',(0.,-0.,1.));
#4970 = ADVANCED_FACE('',(#4971),#4977,.F.);
#4971 = FACE_BOUND('',#4972,.F.);
#4972 = EDGE_LOOP('',(#4973,#4974,#4975,#4976));
#4973 = ORIENTED_EDGE('',*,*,#4860,.F.);
#4974 = ORIENTED_EDGE('',*,*,#4930,.T.);
#4975 = ORIENTED_EDGE('',*,*,#4900,.T.);
#4976 = ORIENTED_EDGE('',*,*,#4952,.F.);
#4977 = PLANE('',#4978);
#4978 = AXIS2_PLACEMENT_3D('',#4979,#4980,#4981);
#4979 = CARTESIAN_POINT('',(0.24,-1.45,0.19));
#4980 = DIRECTION('',(0.,0.,1.));
#4981 = DIRECTION('',(1.,0.,-0.));
#4982 = ADVANCED_FACE('',(#4983),#4989,.T.);
#4983 = FACE_BOUND('',#4984,.T.);
#4984 = EDGE_LOOP('',(#4985,#4986,#4987,#4988));
#4985 = ORIENTED_EDGE('',*,*,#4876,.F.);
#4986 = ORIENTED_EDGE('',*,*,#4937,.T.);
#4987 = ORIENTED_EDGE('',*,*,#4916,.T.);
#4988 = ORIENTED_EDGE('',*,*,#4959,.F.);
#4989 = PLANE('',#4990);
#4990 = AXIS2_PLACEMENT_3D('',#4991,#4992,#4993);
#4991 = CARTESIAN_POINT('',(0.24,-1.45,0.31));
#4992 = DIRECTION('',(0.,0.,1.));
#4993 = DIRECTION('',(1.,0.,-0.));
#4994 = MANIFOLD_SOLID_BREP('',#4995);
#4995 = CLOSED_SHELL('',(#4996,#5036,#5076,#5098,#5120,#5132));
#4996 = ADVANCED_FACE('',(#4997),#5031,.F.);
#4997 = FACE_BOUND('',#4998,.F.);
#4998 = EDGE_LOOP('',(#4999,#5009,#5017,#5025));
#4999 = ORIENTED_EDGE('',*,*,#5000,.F.);
#5000 = EDGE_CURVE('',#5001,#5003,#5005,.T.);
#5001 = VERTEX_POINT('',#5002);
#5002 = CARTESIAN_POINT('',(0.92,-1.05,0.));
#5003 = VERTEX_POINT('',#5004);
#5004 = CARTESIAN_POINT('',(0.92,-1.05,0.1));
#5005 = LINE('',#5006,#5007);
#5006 = CARTESIAN_POINT('',(0.92,-1.05,0.));
#5007 = VECTOR('',#5008,1.);
#5008 = DIRECTION('',(0.,0.,1.));
#5009 = ORIENTED_EDGE('',*,*,#5010,.T.);
#5010 = EDGE_CURVE('',#5001,#5011,#5013,.T.);
#5011 = VERTEX_POINT('',#5012);
#5012 = CARTESIAN_POINT('',(0.92,-0.95,0.));
#5013 = LINE('',#5014,#5015);
#5014 = CARTESIAN_POINT('',(0.92,-1.05,0.));
#5015 = VECTOR('',#5016,1.);
#5016 = DIRECTION('',(0.,1.,0.));
#5017 = ORIENTED_EDGE('',*,*,#5018,.T.);
#5018 = EDGE_CURVE('',#5011,#5019,#5021,.T.);
#5019 = VERTEX_POINT('',#5020);
#5020 = CARTESIAN_POINT('',(0.92,-0.95,0.1));
#5021 = LINE('',#5022,#5023);
#5022 = CARTESIAN_POINT('',(0.92,-0.95,0.));
#5023 = VECTOR('',#5024,1.);
#5024 = DIRECTION('',(0.,0.,1.));
#5025 = ORIENTED_EDGE('',*,*,#5026,.F.);
#5026 = EDGE_CURVE('',#5003,#5019,#5027,.T.);
#5027 = LINE('',#5028,#5029);
#5028 = CARTESIAN_POINT('',(0.92,-1.05,0.1));
#5029 = VECTOR('',#5030,1.);
#5030 = DIRECTION('',(0.,1.,0.));
#5031 = PLANE('',#5032);
#5032 = AXIS2_PLACEMENT_3D('',#5033,#5034,#5035);
#5033 = CARTESIAN_POINT('',(0.92,-1.05,0.));
#5034 = DIRECTION('',(1.,0.,0.));
#5035 = DIRECTION('',(0.,0.,1.));
#5036 = ADVANCED_FACE('',(#5037),#5071,.T.);
#5037 = FACE_BOUND('',#5038,.T.);
#5038 = EDGE_LOOP('',(#5039,#5049,#5057,#5065));
#5039 = ORIENTED_EDGE('',*,*,#5040,.F.);
#5040 = EDGE_CURVE('',#5041,#5043,#5045,.T.);
#5041 = VERTEX_POINT('',#5042);
#5042 = CARTESIAN_POINT('',(1.295,-1.05,0.));
#5043 = VERTEX_POINT('',#5044);
#5044 = CARTESIAN_POINT('',(1.295,-1.05,0.1));
#5045 = LINE('',#5046,#5047);
#5046 = CARTESIAN_POINT('',(1.295,-1.05,0.));
#5047 = VECTOR('',#5048,1.);
#5048 = DIRECTION('',(0.,0.,1.));
#5049 = ORIENTED_EDGE('',*,*,#5050,.T.);
#5050 = EDGE_CURVE('',#5041,#5051,#5053,.T.);
#5051 = VERTEX_POINT('',#5052);
#5052 = CARTESIAN_POINT('',(1.295,-0.95,0.));
#5053 = LINE('',#5054,#5055);
#5054 = CARTESIAN_POINT('',(1.295,-1.05,0.));
#5055 = VECTOR('',#5056,1.);
#5056 = DIRECTION('',(0.,1.,0.));
#5057 = ORIENTED_EDGE('',*,*,#5058,.T.);
#5058 = EDGE_CURVE('',#5051,#5059,#5061,.T.);
#5059 = VERTEX_POINT('',#5060);
#5060 = CARTESIAN_POINT('',(1.295,-0.95,0.1));
#5061 = LINE('',#5062,#5063);
#5062 = CARTESIAN_POINT('',(1.295,-0.95,0.));
#5063 = VECTOR('',#5064,1.);
#5064 = DIRECTION('',(0.,0.,1.));
#5065 = ORIENTED_EDGE('',*,*,#5066,.F.);
#5066 = EDGE_CURVE('',#5043,#5059,#5067,.T.);
#5067 = LINE('',#5068,#5069);
#5068 = CARTESIAN_POINT('',(1.295,-1.05,0.1));
#5069 = VECTOR('',#5070,1.);
#5070 = DIRECTION('',(0.,1.,0.));
#5071 = PLANE('',#5072);
#5072 = AXIS2_PLACEMENT_3D('',#5073,#5074,#5075);
#5073 = CARTESIAN_POINT('',(1.295,-1.05,0.));
#5074 = DIRECTION('',(1.,0.,0.));
#5075 = DIRECTION('',(0.,0.,1.));
#5076 = ADVANCED_FACE('',(#5077),#5093,.F.);
#5077 = FACE_BOUND('',#5078,.F.);
#5078 = EDGE_LOOP('',(#5079,#5085,#5086,#5092));
#5079 = ORIENTED_EDGE('',*,*,#5080,.F.);
#5080 = EDGE_CURVE('',#5001,#5041,#5081,.T.);
#5081 = LINE('',#5082,#5083);
#5082 = CARTESIAN_POINT('',(0.92,-1.05,0.));
#5083 = VECTOR('',#5084,1.);
#5084 = DIRECTION('',(1.,0.,0.));
#5085 = ORIENTED_EDGE('',*,*,#5000,.T.);
#5086 = ORIENTED_EDGE('',*,*,#5087,.T.);
#5087 = EDGE_CURVE('',#5003,#5043,#5088,.T.);
#5088 = LINE('',#5089,#5090);
#5089 = CARTESIAN_POINT('',(0.92,-1.05,0.1));
#5090 = VECTOR('',#5091,1.);
#5091 = DIRECTION('',(1.,0.,0.));
#5092 = ORIENTED_EDGE('',*,*,#5040,.F.);
#5093 = PLANE('',#5094);
#5094 = AXIS2_PLACEMENT_3D('',#5095,#5096,#5097);
#5095 = CARTESIAN_POINT('',(0.92,-1.05,0.));
#5096 = DIRECTION('',(0.,1.,0.));
#5097 = DIRECTION('',(0.,-0.,1.));
#5098 = ADVANCED_FACE('',(#5099),#5115,.T.);
#5099 = FACE_BOUND('',#5100,.T.);
#5100 = EDGE_LOOP('',(#5101,#5107,#5108,#5114));
#5101 = ORIENTED_EDGE('',*,*,#5102,.F.);
#5102 = EDGE_CURVE('',#5011,#5051,#5103,.T.);
#5103 = LINE('',#5104,#5105);
#5104 = CARTESIAN_POINT('',(0.92,-0.95,0.));
#5105 = VECTOR('',#5106,1.);
#5106 = DIRECTION('',(1.,0.,0.));
#5107 = ORIENTED_EDGE('',*,*,#5018,.T.);
#5108 = ORIENTED_EDGE('',*,*,#5109,.T.);
#5109 = EDGE_CURVE('',#5019,#5059,#5110,.T.);
#5110 = LINE('',#5111,#5112);
#5111 = CARTESIAN_POINT('',(0.92,-0.95,0.1));
#5112 = VECTOR('',#5113,1.);
#5113 = DIRECTION('',(1.,0.,0.));
#5114 = ORIENTED_EDGE('',*,*,#5058,.F.);
#5115 = PLANE('',#5116);
#5116 = AXIS2_PLACEMENT_3D('',#5117,#5118,#5119);
#5117 = CARTESIAN_POINT('',(0.92,-0.95,0.));
#5118 = DIRECTION('',(0.,1.,0.));
#5119 = DIRECTION('',(0.,-0.,1.));
#5120 = ADVANCED_FACE('',(#5121),#5127,.F.);
#5121 = FACE_BOUND('',#5122,.F.);
#5122 = EDGE_LOOP('',(#5123,#5124,#5125,#5126));
#5123 = ORIENTED_EDGE('',*,*,#5010,.F.);
#5124 = ORIENTED_EDGE('',*,*,#5080,.T.);
#5125 = ORIENTED_EDGE('',*,*,#5050,.T.);
#5126 = ORIENTED_EDGE('',*,*,#5102,.F.);
#5127 = PLANE('',#5128);
#5128 = AXIS2_PLACEMENT_3D('',#5129,#5130,#5131);
#5129 = CARTESIAN_POINT('',(0.92,-1.05,0.));
#5130 = DIRECTION('',(0.,0.,1.));
#5131 = DIRECTION('',(1.,0.,-0.));
#5132 = ADVANCED_FACE('',(#5133),#5139,.T.);
#5133 = FACE_BOUND('',#5134,.T.);
#5134 = EDGE_LOOP('',(#5135,#5136,#5137,#5138));
#5135 = ORIENTED_EDGE('',*,*,#5026,.F.);
#5136 = ORIENTED_EDGE('',*,*,#5087,.T.);
#5137 = ORIENTED_EDGE('',*,*,#5066,.T.);
#5138 = ORIENTED_EDGE('',*,*,#5109,.F.);
#5139 = PLANE('',#5140);
#5140 = AXIS2_PLACEMENT_3D('',#5141,#5142,#5143);
#5141 = CARTESIAN_POINT('',(0.92,-1.05,0.1));
#5142 = DIRECTION('',(0.,0.,1.));
#5143 = DIRECTION('',(1.,0.,-0.));
#5144 = MANIFOLD_SOLID_BREP('',#5145);
#5145 = CLOSED_SHELL('',(#5146,#5186,#5226,#5248,#5270,#5282));
#5146 = ADVANCED_FACE('',(#5147),#5181,.F.);
#5147 = FACE_BOUND('',#5148,.F.);
#5148 = EDGE_LOOP('',(#5149,#5159,#5167,#5175));
#5149 = ORIENTED_EDGE('',*,*,#5150,.F.);
#5150 = EDGE_CURVE('',#5151,#5153,#5155,.T.);
#5151 = VERTEX_POINT('',#5152);
#5152 = CARTESIAN_POINT('',(0.24,-1.05,0.19));
#5153 = VERTEX_POINT('',#5154);
#5154 = CARTESIAN_POINT('',(0.24,-1.05,0.31));
#5155 = LINE('',#5156,#5157);
#5156 = CARTESIAN_POINT('',(0.24,-1.05,0.19));
#5157 = VECTOR('',#5158,1.);
#5158 = DIRECTION('',(0.,0.,1.));
#5159 = ORIENTED_EDGE('',*,*,#5160,.T.);
#5160 = EDGE_CURVE('',#5151,#5161,#5163,.T.);
#5161 = VERTEX_POINT('',#5162);
#5162 = CARTESIAN_POINT('',(0.24,-0.95,0.19));
#5163 = LINE('',#5164,#5165);
#5164 = CARTESIAN_POINT('',(0.24,-1.05,0.19));
#5165 = VECTOR('',#5166,1.);
#5166 = DIRECTION('',(0.,1.,0.));
#5167 = ORIENTED_EDGE('',*,*,#5168,.T.);
#5168 = EDGE_CURVE('',#5161,#5169,#5171,.T.);
#5169 = VERTEX_POINT('',#5170);
#5170 = CARTESIAN_POINT('',(0.24,-0.95,0.31));
#5171 = LINE('',#5172,#5173);
#5172 = CARTESIAN_POINT('',(0.24,-0.95,0.19));
#5173 = VECTOR('',#5174,1.);
#5174 = DIRECTION('',(0.,0.,1.));
#5175 = ORIENTED_EDGE('',*,*,#5176,.F.);
#5176 = EDGE_CURVE('',#5153,#5169,#5177,.T.);
#5177 = LINE('',#5178,#5179);
#5178 = CARTESIAN_POINT('',(0.24,-1.05,0.31));
#5179 = VECTOR('',#5180,1.);
#5180 = DIRECTION('',(0.,1.,0.));
#5181 = PLANE('',#5182);
#5182 = AXIS2_PLACEMENT_3D('',#5183,#5184,#5185);
#5183 = CARTESIAN_POINT('',(0.24,-1.05,0.19));
#5184 = DIRECTION('',(1.,0.,0.));
#5185 = DIRECTION('',(0.,0.,1.));
#5186 = ADVANCED_FACE('',(#5187),#5221,.T.);
#5187 = FACE_BOUND('',#5188,.T.);
#5188 = EDGE_LOOP('',(#5189,#5199,#5207,#5215));
#5189 = ORIENTED_EDGE('',*,*,#5190,.F.);
#5190 = EDGE_CURVE('',#5191,#5193,#5195,.T.);
#5191 = VERTEX_POINT('',#5192);
#5192 = CARTESIAN_POINT('',(0.89,-1.05,0.19));
#5193 = VERTEX_POINT('',#5194);
#5194 = CARTESIAN_POINT('',(0.89,-1.05,0.31));
#5195 = LINE('',#5196,#5197);
#5196 = CARTESIAN_POINT('',(0.89,-1.05,0.19));
#5197 = VECTOR('',#5198,1.);
#5198 = DIRECTION('',(0.,0.,1.));
#5199 = ORIENTED_EDGE('',*,*,#5200,.T.);
#5200 = EDGE_CURVE('',#5191,#5201,#5203,.T.);
#5201 = VERTEX_POINT('',#5202);
#5202 = CARTESIAN_POINT('',(0.89,-0.95,0.19));
#5203 = LINE('',#5204,#5205);
#5204 = CARTESIAN_POINT('',(0.89,-1.05,0.19));
#5205 = VECTOR('',#5206,1.);
#5206 = DIRECTION('',(0.,1.,0.));
#5207 = ORIENTED_EDGE('',*,*,#5208,.T.);
#5208 = EDGE_CURVE('',#5201,#5209,#5211,.T.);
#5209 = VERTEX_POINT('',#5210);
#5210 = CARTESIAN_POINT('',(0.89,-0.95,0.31));
#5211 = LINE('',#5212,#5213);
#5212 = CARTESIAN_POINT('',(0.89,-0.95,0.19));
#5213 = VECTOR('',#5214,1.);
#5214 = DIRECTION('',(0.,0.,1.));
#5215 = ORIENTED_EDGE('',*,*,#5216,.F.);
#5216 = EDGE_CURVE('',#5193,#5209,#5217,.T.);
#5217 = LINE('',#5218,#5219);
#5218 = CARTESIAN_POINT('',(0.89,-1.05,0.31));
#5219 = VECTOR('',#5220,1.);
#5220 = DIRECTION('',(0.,1.,0.));
#5221 = PLANE('',#5222);
#5222 = AXIS2_PLACEMENT_3D('',#5223,#5224,#5225);
#5223 = CARTESIAN_POINT('',(0.89,-1.05,0.19));
#5224 = DIRECTION('',(1.,0.,0.));
#5225 = DIRECTION('',(0.,0.,1.));
#5226 = ADVANCED_FACE('',(#5227),#5243,.F.);
#5227 = FACE_BOUND('',#5228,.F.);
#5228 = EDGE_LOOP('',(#5229,#5235,#5236,#5242));
#5229 = ORIENTED_EDGE('',*,*,#5230,.F.);
#5230 = EDGE_CURVE('',#5151,#5191,#5231,.T.);
#5231 = LINE('',#5232,#5233);
#5232 = CARTESIAN_POINT('',(0.24,-1.05,0.19));
#5233 = VECTOR('',#5234,1.);
#5234 = DIRECTION('',(1.,0.,0.));
#5235 = ORIENTED_EDGE('',*,*,#5150,.T.);
#5236 = ORIENTED_EDGE('',*,*,#5237,.T.);
#5237 = EDGE_CURVE('',#5153,#5193,#5238,.T.);
#5238 = LINE('',#5239,#5240);
#5239 = CARTESIAN_POINT('',(0.24,-1.05,0.31));
#5240 = VECTOR('',#5241,1.);
#5241 = DIRECTION('',(1.,0.,0.));
#5242 = ORIENTED_EDGE('',*,*,#5190,.F.);
#5243 = PLANE('',#5244);
#5244 = AXIS2_PLACEMENT_3D('',#5245,#5246,#5247);
#5245 = CARTESIAN_POINT('',(0.24,-1.05,0.19));
#5246 = DIRECTION('',(0.,1.,0.));
#5247 = DIRECTION('',(0.,-0.,1.));
#5248 = ADVANCED_FACE('',(#5249),#5265,.T.);
#5249 = FACE_BOUND('',#5250,.T.);
#5250 = EDGE_LOOP('',(#5251,#5257,#5258,#5264));
#5251 = ORIENTED_EDGE('',*,*,#5252,.F.);
#5252 = EDGE_CURVE('',#5161,#5201,#5253,.T.);
#5253 = LINE('',#5254,#5255);
#5254 = CARTESIAN_POINT('',(0.24,-0.95,0.19));
#5255 = VECTOR('',#5256,1.);
#5256 = DIRECTION('',(1.,0.,0.));
#5257 = ORIENTED_EDGE('',*,*,#5168,.T.);
#5258 = ORIENTED_EDGE('',*,*,#5259,.T.);
#5259 = EDGE_CURVE('',#5169,#5209,#5260,.T.);
#5260 = LINE('',#5261,#5262);
#5261 = CARTESIAN_POINT('',(0.24,-0.95,0.31));
#5262 = VECTOR('',#5263,1.);
#5263 = DIRECTION('',(1.,0.,0.));
#5264 = ORIENTED_EDGE('',*,*,#5208,.F.);
#5265 = PLANE('',#5266);
#5266 = AXIS2_PLACEMENT_3D('',#5267,#5268,#5269);
#5267 = CARTESIAN_POINT('',(0.24,-0.95,0.19));
#5268 = DIRECTION('',(0.,1.,0.));
#5269 = DIRECTION('',(0.,-0.,1.));
#5270 = ADVANCED_FACE('',(#5271),#5277,.F.);
#5271 = FACE_BOUND('',#5272,.F.);
#5272 = EDGE_LOOP('',(#5273,#5274,#5275,#5276));
#5273 = ORIENTED_EDGE('',*,*,#5160,.F.);
#5274 = ORIENTED_EDGE('',*,*,#5230,.T.);
#5275 = ORIENTED_EDGE('',*,*,#5200,.T.);
#5276 = ORIENTED_EDGE('',*,*,#5252,.F.);
#5277 = PLANE('',#5278);
#5278 = AXIS2_PLACEMENT_3D('',#5279,#5280,#5281);
#5279 = CARTESIAN_POINT('',(0.24,-1.05,0.19));
#5280 = DIRECTION('',(0.,0.,1.));
#5281 = DIRECTION('',(1.,0.,-0.));
#5282 = ADVANCED_FACE('',(#5283),#5289,.T.);
#5283 = FACE_BOUND('',#5284,.T.);
#5284 = EDGE_LOOP('',(#5285,#5286,#5287,#5288));
#5285 = ORIENTED_EDGE('',*,*,#5176,.F.);
#5286 = ORIENTED_EDGE('',*,*,#5237,.T.);
#5287 = ORIENTED_EDGE('',*,*,#5216,.T.);
#5288 = ORIENTED_EDGE('',*,*,#5259,.F.);
#5289 = PLANE('',#5290);
#5290 = AXIS2_PLACEMENT_3D('',#5291,#5292,#5293);
#5291 = CARTESIAN_POINT('',(0.24,-1.05,0.31));
#5292 = DIRECTION('',(0.,0.,1.));
#5293 = DIRECTION('',(1.,0.,-0.));
#5294 = MANIFOLD_SOLID_BREP('',#5295);
#5295 = CLOSED_SHELL('',(#5296,#5336,#5376,#5398,#5420,#5432));
#5296 = ADVANCED_FACE('',(#5297),#5331,.F.);
#5297 = FACE_BOUND('',#5298,.F.);
#5298 = EDGE_LOOP('',(#5299,#5309,#5317,#5325));
#5299 = ORIENTED_EDGE('',*,*,#5300,.F.);
#5300 = EDGE_CURVE('',#5301,#5303,#5305,.T.);
#5301 = VERTEX_POINT('',#5302);
#5302 = CARTESIAN_POINT('',(0.92,-0.65,0.));
#5303 = VERTEX_POINT('',#5304);
#5304 = CARTESIAN_POINT('',(0.92,-0.65,0.1));
#5305 = LINE('',#5306,#5307);
#5306 = CARTESIAN_POINT('',(0.92,-0.65,0.));
#5307 = VECTOR('',#5308,1.);
#5308 = DIRECTION('',(0.,0.,1.));
#5309 = ORIENTED_EDGE('',*,*,#5310,.T.);
#5310 = EDGE_CURVE('',#5301,#5311,#5313,.T.);
#5311 = VERTEX_POINT('',#5312);
#5312 = CARTESIAN_POINT('',(0.92,-0.55,0.));
#5313 = LINE('',#5314,#5315);
#5314 = CARTESIAN_POINT('',(0.92,-0.65,0.));
#5315 = VECTOR('',#5316,1.);
#5316 = DIRECTION('',(0.,1.,0.));
#5317 = ORIENTED_EDGE('',*,*,#5318,.T.);
#5318 = EDGE_CURVE('',#5311,#5319,#5321,.T.);
#5319 = VERTEX_POINT('',#5320);
#5320 = CARTESIAN_POINT('',(0.92,-0.55,0.1));
#5321 = LINE('',#5322,#5323);
#5322 = CARTESIAN_POINT('',(0.92,-0.55,0.));
#5323 = VECTOR('',#5324,1.);
#5324 = DIRECTION('',(0.,0.,1.));
#5325 = ORIENTED_EDGE('',*,*,#5326,.F.);
#5326 = EDGE_CURVE('',#5303,#5319,#5327,.T.);
#5327 = LINE('',#5328,#5329);
#5328 = CARTESIAN_POINT('',(0.92,-0.65,0.1));
#5329 = VECTOR('',#5330,1.);
#5330 = DIRECTION('',(0.,1.,0.));
#5331 = PLANE('',#5332);
#5332 = AXIS2_PLACEMENT_3D('',#5333,#5334,#5335);
#5333 = CARTESIAN_POINT('',(0.92,-0.65,0.));
#5334 = DIRECTION('',(1.,0.,0.));
#5335 = DIRECTION('',(0.,0.,1.));
#5336 = ADVANCED_FACE('',(#5337),#5371,.T.);
#5337 = FACE_BOUND('',#5338,.T.);
#5338 = EDGE_LOOP('',(#5339,#5349,#5357,#5365));
#5339 = ORIENTED_EDGE('',*,*,#5340,.F.);
#5340 = EDGE_CURVE('',#5341,#5343,#5345,.T.);
#5341 = VERTEX_POINT('',#5342);
#5342 = CARTESIAN_POINT('',(1.295,-0.65,0.));
#5343 = VERTEX_POINT('',#5344);
#5344 = CARTESIAN_POINT('',(1.295,-0.65,0.1));
#5345 = LINE('',#5346,#5347);
#5346 = CARTESIAN_POINT('',(1.295,-0.65,0.));
#5347 = VECTOR('',#5348,1.);
#5348 = DIRECTION('',(0.,0.,1.));
#5349 = ORIENTED_EDGE('',*,*,#5350,.T.);
#5350 = EDGE_CURVE('',#5341,#5351,#5353,.T.);
#5351 = VERTEX_POINT('',#5352);
#5352 = CARTESIAN_POINT('',(1.295,-0.55,0.));
#5353 = LINE('',#5354,#5355);
#5354 = CARTESIAN_POINT('',(1.295,-0.65,0.));
#5355 = VECTOR('',#5356,1.);
#5356 = DIRECTION('',(0.,1.,0.));
#5357 = ORIENTED_EDGE('',*,*,#5358,.T.);
#5358 = EDGE_CURVE('',#5351,#5359,#5361,.T.);
#5359 = VERTEX_POINT('',#5360);
#5360 = CARTESIAN_POINT('',(1.295,-0.55,0.1));
#5361 = LINE('',#5362,#5363);
#5362 = CARTESIAN_POINT('',(1.295,-0.55,0.));
#5363 = VECTOR('',#5364,1.);
#5364 = DIRECTION('',(0.,0.,1.));
#5365 = ORIENTED_EDGE('',*,*,#5366,.F.);
#5366 = EDGE_CURVE('',#5343,#5359,#5367,.T.);
#5367 = LINE('',#5368,#5369);
#5368 = CARTESIAN_POINT('',(1.295,-0.65,0.1));
#5369 = VECTOR('',#5370,1.);
#5370 = DIRECTION('',(0.,1.,0.));
#5371 = PLANE('',#5372);
#5372 = AXIS2_PLACEMENT_3D('',#5373,#5374,#5375);
#5373 = CARTESIAN_POINT('',(1.295,-0.65,0.));
#5374 = DIRECTION('',(1.,0.,0.));
#5375 = DIRECTION('',(0.,0.,1.));
#5376 = ADVANCED_FACE('',(#5377),#5393,.F.);
#5377 = FACE_BOUND('',#5378,.F.);
#5378 = EDGE_LOOP('',(#5379,#5385,#5386,#5392));
#5379 = ORIENTED_EDGE('',*,*,#5380,.F.);
#5380 = EDGE_CURVE('',#5301,#5341,#5381,.T.);
#5381 = LINE('',#5382,#5383);
#5382 = CARTESIAN_POINT('',(0.92,-0.65,0.));
#5383 = VECTOR('',#5384,1.);
#5384 = DIRECTION('',(1.,0.,0.));
#5385 = ORIENTED_EDGE('',*,*,#5300,.T.);
#5386 = ORIENTED_EDGE('',*,*,#5387,.T.);
#5387 = EDGE_CURVE('',#5303,#5343,#5388,.T.);
#5388 = LINE('',#5389,#5390);
#5389 = CARTESIAN_POINT('',(0.92,-0.65,0.1));
#5390 = VECTOR('',#5391,1.);
#5391 = DIRECTION('',(1.,0.,0.));
#5392 = ORIENTED_EDGE('',*,*,#5340,.F.);
#5393 = PLANE('',#5394);
#5394 = AXIS2_PLACEMENT_3D('',#5395,#5396,#5397);
#5395 = CARTESIAN_POINT('',(0.92,-0.65,0.));
#5396 = DIRECTION('',(0.,1.,0.));
#5397 = DIRECTION('',(0.,-0.,1.));
#5398 = ADVANCED_FACE('',(#5399),#5415,.T.);
#5399 = FACE_BOUND('',#5400,.T.);
#5400 = EDGE_LOOP('',(#5401,#5407,#5408,#5414));
#5401 = ORIENTED_EDGE('',*,*,#5402,.F.);
#5402 = EDGE_CURVE('',#5311,#5351,#5403,.T.);
#5403 = LINE('',#5404,#5405);
#5404 = CARTESIAN_POINT('',(0.92,-0.55,0.));
#5405 = VECTOR('',#5406,1.);
#5406 = DIRECTION('',(1.,0.,0.));
#5407 = ORIENTED_EDGE('',*,*,#5318,.T.);
#5408 = ORIENTED_EDGE('',*,*,#5409,.T.);
#5409 = EDGE_CURVE('',#5319,#5359,#5410,.T.);
#5410 = LINE('',#5411,#5412);
#5411 = CARTESIAN_POINT('',(0.92,-0.55,0.1));
#5412 = VECTOR('',#5413,1.);
#5413 = DIRECTION('',(1.,0.,0.));
#5414 = ORIENTED_EDGE('',*,*,#5358,.F.);
#5415 = PLANE('',#5416);
#5416 = AXIS2_PLACEMENT_3D('',#5417,#5418,#5419);
#5417 = CARTESIAN_POINT('',(0.92,-0.55,0.));
#5418 = DIRECTION('',(0.,1.,0.));
#5419 = DIRECTION('',(0.,-0.,1.));
#5420 = ADVANCED_FACE('',(#5421),#5427,.F.);
#5421 = FACE_BOUND('',#5422,.F.);
#5422 = EDGE_LOOP('',(#5423,#5424,#5425,#5426));
#5423 = ORIENTED_EDGE('',*,*,#5310,.F.);
#5424 = ORIENTED_EDGE('',*,*,#5380,.T.);
#5425 = ORIENTED_EDGE('',*,*,#5350,.T.);
#5426 = ORIENTED_EDGE('',*,*,#5402,.F.);
#5427 = PLANE('',#5428);
#5428 = AXIS2_PLACEMENT_3D('',#5429,#5430,#5431);
#5429 = CARTESIAN_POINT('',(0.92,-0.65,0.));
#5430 = DIRECTION('',(0.,0.,1.));
#5431 = DIRECTION('',(1.,0.,-0.));
#5432 = ADVANCED_FACE('',(#5433),#5439,.T.);
#5433 = FACE_BOUND('',#5434,.T.);
#5434 = EDGE_LOOP('',(#5435,#5436,#5437,#5438));
#5435 = ORIENTED_EDGE('',*,*,#5326,.F.);
#5436 = ORIENTED_EDGE('',*,*,#5387,.T.);
#5437 = ORIENTED_EDGE('',*,*,#5366,.T.);
#5438 = ORIENTED_EDGE('',*,*,#5409,.F.);
#5439 = PLANE('',#5440);
#5440 = AXIS2_PLACEMENT_3D('',#5441,#5442,#5443);
#5441 = CARTESIAN_POINT('',(0.92,-0.65,0.1));
#5442 = DIRECTION('',(0.,0.,1.));
#5443 = DIRECTION('',(1.,0.,-0.));
#5444 = MANIFOLD_SOLID_BREP('',#5445);
#5445 = CLOSED_SHELL('',(#5446,#5486,#5526,#5548,#5570,#5582));
#5446 = ADVANCED_FACE('',(#5447),#5481,.F.);
#5447 = FACE_BOUND('',#5448,.F.);
#5448 = EDGE_LOOP('',(#5449,#5459,#5467,#5475));
#5449 = ORIENTED_EDGE('',*,*,#5450,.F.);
#5450 = EDGE_CURVE('',#5451,#5453,#5455,.T.);
#5451 = VERTEX_POINT('',#5452);
#5452 = CARTESIAN_POINT('',(0.24,-0.65,0.19));
#5453 = VERTEX_POINT('',#5454);
#5454 = CARTESIAN_POINT('',(0.24,-0.65,0.31));
#5455 = LINE('',#5456,#5457);
#5456 = CARTESIAN_POINT('',(0.24,-0.65,0.19));
#5457 = VECTOR('',#5458,1.);
#5458 = DIRECTION('',(0.,0.,1.));
#5459 = ORIENTED_EDGE('',*,*,#5460,.T.);
#5460 = EDGE_CURVE('',#5451,#5461,#5463,.T.);
#5461 = VERTEX_POINT('',#5462);
#5462 = CARTESIAN_POINT('',(0.24,-0.55,0.19));
#5463 = LINE('',#5464,#5465);
#5464 = CARTESIAN_POINT('',(0.24,-0.65,0.19));
#5465 = VECTOR('',#5466,1.);
#5466 = DIRECTION('',(0.,1.,0.));
#5467 = ORIENTED_EDGE('',*,*,#5468,.T.);
#5468 = EDGE_CURVE('',#5461,#5469,#5471,.T.);
#5469 = VERTEX_POINT('',#5470);
#5470 = CARTESIAN_POINT('',(0.24,-0.55,0.31));
#5471 = LINE('',#5472,#5473);
#5472 = CARTESIAN_POINT('',(0.24,-0.55,0.19));
#5473 = VECTOR('',#5474,1.);
#5474 = DIRECTION('',(0.,0.,1.));
#5475 = ORIENTED_EDGE('',*,*,#5476,.F.);
#5476 = EDGE_CURVE('',#5453,#5469,#5477,.T.);
#5477 = LINE('',#5478,#5479);
#5478 = CARTESIAN_POINT('',(0.24,-0.65,0.31));
#5479 = VECTOR('',#5480,1.);
#5480 = DIRECTION('',(0.,1.,0.));
#5481 = PLANE('',#5482);
#5482 = AXIS2_PLACEMENT_3D('',#5483,#5484,#5485);
#5483 = CARTESIAN_POINT('',(0.24,-0.65,0.19));
#5484 = DIRECTION('',(1.,0.,0.));
#5485 = DIRECTION('',(0.,0.,1.));
#5486 = ADVANCED_FACE('',(#5487),#5521,.T.);
#5487 = FACE_BOUND('',#5488,.T.);
#5488 = EDGE_LOOP('',(#5489,#5499,#5507,#5515));
#5489 = ORIENTED_EDGE('',*,*,#5490,.F.);
#5490 = EDGE_CURVE('',#5491,#5493,#5495,.T.);
#5491 = VERTEX_POINT('',#5492);
#5492 = CARTESIAN_POINT('',(0.89,-0.65,0.19));
#5493 = VERTEX_POINT('',#5494);
#5494 = CARTESIAN_POINT('',(0.89,-0.65,0.31));
#5495 = LINE('',#5496,#5497);
#5496 = CARTESIAN_POINT('',(0.89,-0.65,0.19));
#5497 = VECTOR('',#5498,1.);
#5498 = DIRECTION('',(0.,0.,1.));
#5499 = ORIENTED_EDGE('',*,*,#5500,.T.);
#5500 = EDGE_CURVE('',#5491,#5501,#5503,.T.);
#5501 = VERTEX_POINT('',#5502);
#5502 = CARTESIAN_POINT('',(0.89,-0.55,0.19));
#5503 = LINE('',#5504,#5505);
#5504 = CARTESIAN_POINT('',(0.89,-0.65,0.19));
#5505 = VECTOR('',#5506,1.);
#5506 = DIRECTION('',(0.,1.,0.));
#5507 = ORIENTED_EDGE('',*,*,#5508,.T.);
#5508 = EDGE_CURVE('',#5501,#5509,#5511,.T.);
#5509 = VERTEX_POINT('',#5510);
#5510 = CARTESIAN_POINT('',(0.89,-0.55,0.31));
#5511 = LINE('',#5512,#5513);
#5512 = CARTESIAN_POINT('',(0.89,-0.55,0.19));
#5513 = VECTOR('',#5514,1.);
#5514 = DIRECTION('',(0.,0.,1.));
#5515 = ORIENTED_EDGE('',*,*,#5516,.F.);
#5516 = EDGE_CURVE('',#5493,#5509,#5517,.T.);
#5517 = LINE('',#5518,#5519);
#5518 = CARTESIAN_POINT('',(0.89,-0.65,0.31));
#5519 = VECTOR('',#5520,1.);
#5520 = DIRECTION('',(0.,1.,0.));
#5521 = PLANE('',#5522);
#5522 = AXIS2_PLACEMENT_3D('',#5523,#5524,#5525);
#5523 = CARTESIAN_POINT('',(0.89,-0.65,0.19));
#5524 = DIRECTION('',(1.,0.,0.));
#5525 = DIRECTION('',(0.,0.,1.));
#5526 = ADVANCED_FACE('',(#5527),#5543,.F.);
#5527 = FACE_BOUND('',#5528,.F.);
#5528 = EDGE_LOOP('',(#5529,#5535,#5536,#5542));
#5529 = ORIENTED_EDGE('',*,*,#5530,.F.);
#5530 = EDGE_CURVE('',#5451,#5491,#5531,.T.);
#5531 = LINE('',#5532,#5533);
#5532 = CARTESIAN_POINT('',(0.24,-0.65,0.19));
#5533 = VECTOR('',#5534,1.);
#5534 = DIRECTION('',(1.,0.,0.));
#5535 = ORIENTED_EDGE('',*,*,#5450,.T.);
#5536 = ORIENTED_EDGE('',*,*,#5537,.T.);
#5537 = EDGE_CURVE('',#5453,#5493,#5538,.T.);
#5538 = LINE('',#5539,#5540);
#5539 = CARTESIAN_POINT('',(0.24,-0.65,0.31));
#5540 = VECTOR('',#5541,1.);
#5541 = DIRECTION('',(1.,0.,0.));
#5542 = ORIENTED_EDGE('',*,*,#5490,.F.);
#5543 = PLANE('',#5544);
#5544 = AXIS2_PLACEMENT_3D('',#5545,#5546,#5547);
#5545 = CARTESIAN_POINT('',(0.24,-0.65,0.19));
#5546 = DIRECTION('',(0.,1.,0.));
#5547 = DIRECTION('',(0.,-0.,1.));
#5548 = ADVANCED_FACE('',(#5549),#5565,.T.);
#5549 = FACE_BOUND('',#5550,.T.);
#5550 = EDGE_LOOP('',(#5551,#5557,#5558,#5564));
#5551 = ORIENTED_EDGE('',*,*,#5552,.F.);
#5552 = EDGE_CURVE('',#5461,#5501,#5553,.T.);
#5553 = LINE('',#5554,#5555);
#5554 = CARTESIAN_POINT('',(0.24,-0.55,0.19));
#5555 = VECTOR('',#5556,1.);
#5556 = DIRECTION('',(1.,0.,0.));
#5557 = ORIENTED_EDGE('',*,*,#5468,.T.);
#5558 = ORIENTED_EDGE('',*,*,#5559,.T.);
#5559 = EDGE_CURVE('',#5469,#5509,#5560,.T.);
#5560 = LINE('',#5561,#5562);
#5561 = CARTESIAN_POINT('',(0.24,-0.55,0.31));
#5562 = VECTOR('',#5563,1.);
#5563 = DIRECTION('',(1.,0.,0.));
#5564 = ORIENTED_EDGE('',*,*,#5508,.F.);
#5565 = PLANE('',#5566);
#5566 = AXIS2_PLACEMENT_3D('',#5567,#5568,#5569);
#5567 = CARTESIAN_POINT('',(0.24,-0.55,0.19));
#5568 = DIRECTION('',(0.,1.,0.));
#5569 = DIRECTION('',(0.,-0.,1.));
#5570 = ADVANCED_FACE('',(#5571),#5577,.F.);
#5571 = FACE_BOUND('',#5572,.F.);
#5572 = EDGE_LOOP('',(#5573,#5574,#5575,#5576));
#5573 = ORIENTED_EDGE('',*,*,#5460,.F.);
#5574 = ORIENTED_EDGE('',*,*,#5530,.T.);
#5575 = ORIENTED_EDGE('',*,*,#5500,.T.);
#5576 = ORIENTED_EDGE('',*,*,#5552,.F.);
#5577 = PLANE('',#5578);
#5578 = AXIS2_PLACEMENT_3D('',#5579,#5580,#5581);
#5579 = CARTESIAN_POINT('',(0.24,-0.65,0.19));
#5580 = DIRECTION('',(0.,0.,1.));
#5581 = DIRECTION('',(1.,0.,-0.));
#5582 = ADVANCED_FACE('',(#5583),#5589,.T.);
#5583 = FACE_BOUND('',#5584,.T.);
#5584 = EDGE_LOOP('',(#5585,#5586,#5587,#5588));
#5585 = ORIENTED_EDGE('',*,*,#5476,.F.);
#5586 = ORIENTED_EDGE('',*,*,#5537,.T.);
#5587 = ORIENTED_EDGE('',*,*,#5516,.T.);
#5588 = ORIENTED_EDGE('',*,*,#5559,.F.);
#5589 = PLANE('',#5590);
#5590 = AXIS2_PLACEMENT_3D('',#5591,#5592,#5593);
#5591 = CARTESIAN_POINT('',(0.24,-0.65,0.31));
#5592 = DIRECTION('',(0.,0.,1.));
#5593 = DIRECTION('',(1.,0.,-0.));
#5594 = MANIFOLD_SOLID_BREP('',#5595);
#5595 = CLOSED_SHELL('',(#5596,#5636,#5676,#5698,#5720,#5732));
#5596 = ADVANCED_FACE('',(#5597),#5631,.F.);
#5597 = FACE_BOUND('',#5598,.F.);
#5598 = EDGE_LOOP('',(#5599,#5609,#5617,#5625));
#5599 = ORIENTED_EDGE('',*,*,#5600,.F.);
#5600 = EDGE_CURVE('',#5601,#5603,#5605,.T.);
#5601 = VERTEX_POINT('',#5602);
#5602 = CARTESIAN_POINT('',(0.92,-0.25,0.));
#5603 = VERTEX_POINT('',#5604);
#5604 = CARTESIAN_POINT('',(0.92,-0.25,0.1));
#5605 = LINE('',#5606,#5607);
#5606 = CARTESIAN_POINT('',(0.92,-0.25,0.));
#5607 = VECTOR('',#5608,1.);
#5608 = DIRECTION('',(0.,0.,1.));
#5609 = ORIENTED_EDGE('',*,*,#5610,.T.);
#5610 = EDGE_CURVE('',#5601,#5611,#5613,.T.);
#5611 = VERTEX_POINT('',#5612);
#5612 = CARTESIAN_POINT('',(0.92,-0.15,0.));
#5613 = LINE('',#5614,#5615);
#5614 = CARTESIAN_POINT('',(0.92,-0.25,0.));
#5615 = VECTOR('',#5616,1.);
#5616 = DIRECTION('',(0.,1.,0.));
#5617 = ORIENTED_EDGE('',*,*,#5618,.T.);
#5618 = EDGE_CURVE('',#5611,#5619,#5621,.T.);
#5619 = VERTEX_POINT('',#5620);
#5620 = CARTESIAN_POINT('',(0.92,-0.15,0.1));
#5621 = LINE('',#5622,#5623);
#5622 = CARTESIAN_POINT('',(0.92,-0.15,0.));
#5623 = VECTOR('',#5624,1.);
#5624 = DIRECTION('',(0.,0.,1.));
#5625 = ORIENTED_EDGE('',*,*,#5626,.F.);
#5626 = EDGE_CURVE('',#5603,#5619,#5627,.T.);
#5627 = LINE('',#5628,#5629);
#5628 = CARTESIAN_POINT('',(0.92,-0.25,0.1));
#5629 = VECTOR('',#5630,1.);
#5630 = DIRECTION('',(0.,1.,0.));
#5631 = PLANE('',#5632);
#5632 = AXIS2_PLACEMENT_3D('',#5633,#5634,#5635);
#5633 = CARTESIAN_POINT('',(0.92,-0.25,0.));
#5634 = DIRECTION('',(1.,0.,0.));
#5635 = DIRECTION('',(0.,0.,1.));
#5636 = ADVANCED_FACE('',(#5637),#5671,.T.);
#5637 = FACE_BOUND('',#5638,.T.);
#5638 = EDGE_LOOP('',(#5639,#5649,#5657,#5665));
#5639 = ORIENTED_EDGE('',*,*,#5640,.F.);
#5640 = EDGE_CURVE('',#5641,#5643,#5645,.T.);
#5641 = VERTEX_POINT('',#5642);
#5642 = CARTESIAN_POINT('',(1.295,-0.25,0.));
#5643 = VERTEX_POINT('',#5644);
#5644 = CARTESIAN_POINT('',(1.295,-0.25,0.1));
#5645 = LINE('',#5646,#5647);
#5646 = CARTESIAN_POINT('',(1.295,-0.25,0.));
#5647 = VECTOR('',#5648,1.);
#5648 = DIRECTION('',(0.,0.,1.));
#5649 = ORIENTED_EDGE('',*,*,#5650,.T.);
#5650 = EDGE_CURVE('',#5641,#5651,#5653,.T.);
#5651 = VERTEX_POINT('',#5652);
#5652 = CARTESIAN_POINT('',(1.295,-0.15,0.));
#5653 = LINE('',#5654,#5655);
#5654 = CARTESIAN_POINT('',(1.295,-0.25,0.));
#5655 = VECTOR('',#5656,1.);
#5656 = DIRECTION('',(0.,1.,0.));
#5657 = ORIENTED_EDGE('',*,*,#5658,.T.);
#5658 = EDGE_CURVE('',#5651,#5659,#5661,.T.);
#5659 = VERTEX_POINT('',#5660);
#5660 = CARTESIAN_POINT('',(1.295,-0.15,0.1));
#5661 = LINE('',#5662,#5663);
#5662 = CARTESIAN_POINT('',(1.295,-0.15,0.));
#5663 = VECTOR('',#5664,1.);
#5664 = DIRECTION('',(0.,0.,1.));
#5665 = ORIENTED_EDGE('',*,*,#5666,.F.);
#5666 = EDGE_CURVE('',#5643,#5659,#5667,.T.);
#5667 = LINE('',#5668,#5669);
#5668 = CARTESIAN_POINT('',(1.295,-0.25,0.1));
#5669 = VECTOR('',#5670,1.);
#5670 = DIRECTION('',(0.,1.,0.));
#5671 = PLANE('',#5672);
#5672 = AXIS2_PLACEMENT_3D('',#5673,#5674,#5675);
#5673 = CARTESIAN_POINT('',(1.295,-0.25,0.));
#5674 = DIRECTION('',(1.,0.,0.));
#5675 = DIRECTION('',(0.,0.,1.));
#5676 = ADVANCED_FACE('',(#5677),#5693,.F.);
#5677 = FACE_BOUND('',#5678,.F.);
#5678 = EDGE_LOOP('',(#5679,#5685,#5686,#5692));
#5679 = ORIENTED_EDGE('',*,*,#5680,.F.);
#5680 = EDGE_CURVE('',#5601,#5641,#5681,.T.);
#5681 = LINE('',#5682,#5683);
#5682 = CARTESIAN_POINT('',(0.92,-0.25,0.));
#5683 = VECTOR('',#5684,1.);
#5684 = DIRECTION('',(1.,0.,0.));
#5685 = ORIENTED_EDGE('',*,*,#5600,.T.);
#5686 = ORIENTED_EDGE('',*,*,#5687,.T.);
#5687 = EDGE_CURVE('',#5603,#5643,#5688,.T.);
#5688 = LINE('',#5689,#5690);
#5689 = CARTESIAN_POINT('',(0.92,-0.25,0.1));
#5690 = VECTOR('',#5691,1.);
#5691 = DIRECTION('',(1.,0.,0.));
#5692 = ORIENTED_EDGE('',*,*,#5640,.F.);
#5693 = PLANE('',#5694);
#5694 = AXIS2_PLACEMENT_3D('',#5695,#5696,#5697);
#5695 = CARTESIAN_POINT('',(0.92,-0.25,0.));
#5696 = DIRECTION('',(0.,1.,0.));
#5697 = DIRECTION('',(0.,-0.,1.));
#5698 = ADVANCED_FACE('',(#5699),#5715,.T.);
#5699 = FACE_BOUND('',#5700,.T.);
#5700 = EDGE_LOOP('',(#5701,#5707,#5708,#5714));
#5701 = ORIENTED_EDGE('',*,*,#5702,.F.);
#5702 = EDGE_CURVE('',#5611,#5651,#5703,.T.);
#5703 = LINE('',#5704,#5705);
#5704 = CARTESIAN_POINT('',(0.92,-0.15,0.));
#5705 = VECTOR('',#5706,1.);
#5706 = DIRECTION('',(1.,0.,0.));
#5707 = ORIENTED_EDGE('',*,*,#5618,.T.);
#5708 = ORIENTED_EDGE('',*,*,#5709,.T.);
#5709 = EDGE_CURVE('',#5619,#5659,#5710,.T.);
#5710 = LINE('',#5711,#5712);
#5711 = CARTESIAN_POINT('',(0.92,-0.15,0.1));
#5712 = VECTOR('',#5713,1.);
#5713 = DIRECTION('',(1.,0.,0.));
#5714 = ORIENTED_EDGE('',*,*,#5658,.F.);
#5715 = PLANE('',#5716);
#5716 = AXIS2_PLACEMENT_3D('',#5717,#5718,#5719);
#5717 = CARTESIAN_POINT('',(0.92,-0.15,0.));
#5718 = DIRECTION('',(0.,1.,0.));
#5719 = DIRECTION('',(0.,-0.,1.));
#5720 = ADVANCED_FACE('',(#5721),#5727,.F.);
#5721 = FACE_BOUND('',#5722,.F.);
#5722 = EDGE_LOOP('',(#5723,#5724,#5725,#5726));
#5723 = ORIENTED_EDGE('',*,*,#5610,.F.);
#5724 = ORIENTED_EDGE('',*,*,#5680,.T.);
#5725 = ORIENTED_EDGE('',*,*,#5650,.T.);
#5726 = ORIENTED_EDGE('',*,*,#5702,.F.);
#5727 = PLANE('',#5728);
#5728 = AXIS2_PLACEMENT_3D('',#5729,#5730,#5731);
#5729 = CARTESIAN_POINT('',(0.92,-0.25,0.));
#5730 = DIRECTION('',(0.,0.,1.));
#5731 = DIRECTION('',(1.,0.,-0.));
#5732 = ADVANCED_FACE('',(#5733),#5739,.T.);
#5733 = FACE_BOUND('',#5734,.T.);
#5734 = EDGE_LOOP('',(#5735,#5736,#5737,#5738));
#5735 = ORIENTED_EDGE('',*,*,#5626,.F.);
#5736 = ORIENTED_EDGE('',*,*,#5687,.T.);
#5737 = ORIENTED_EDGE('',*,*,#5666,.T.);
#5738 = ORIENTED_EDGE('',*,*,#5709,.F.);
#5739 = PLANE('',#5740);
#5740 = AXIS2_PLACEMENT_3D('',#5741,#5742,#5743);
#5741 = CARTESIAN_POINT('',(0.92,-0.25,0.1));
#5742 = DIRECTION('',(0.,0.,1.));
#5743 = DIRECTION('',(1.,0.,-0.));
#5744 = MANIFOLD_SOLID_BREP('',#5745);
#5745 = CLOSED_SHELL('',(#5746,#5786,#5826,#5848,#5870,#5882));
#5746 = ADVANCED_FACE('',(#5747),#5781,.F.);
#5747 = FACE_BOUND('',#5748,.F.);
#5748 = EDGE_LOOP('',(#5749,#5759,#5767,#5775));
#5749 = ORIENTED_EDGE('',*,*,#5750,.F.);
#5750 = EDGE_CURVE('',#5751,#5753,#5755,.T.);
#5751 = VERTEX_POINT('',#5752);
#5752 = CARTESIAN_POINT('',(0.24,-0.25,0.19));
#5753 = VERTEX_POINT('',#5754);
#5754 = CARTESIAN_POINT('',(0.24,-0.25,0.31));
#5755 = LINE('',#5756,#5757);
#5756 = CARTESIAN_POINT('',(0.24,-0.25,0.19));
#5757 = VECTOR('',#5758,1.);
#5758 = DIRECTION('',(0.,0.,1.));
#5759 = ORIENTED_EDGE('',*,*,#5760,.T.);
#5760 = EDGE_CURVE('',#5751,#5761,#5763,.T.);
#5761 = VERTEX_POINT('',#5762);
#5762 = CARTESIAN_POINT('',(0.24,-0.15,0.19));
#5763 = LINE('',#5764,#5765);
#5764 = CARTESIAN_POINT('',(0.24,-0.25,0.19));
#5765 = VECTOR('',#5766,1.);
#5766 = DIRECTION('',(0.,1.,0.));
#5767 = ORIENTED_EDGE('',*,*,#5768,.T.);
#5768 = EDGE_CURVE('',#5761,#5769,#5771,.T.);
#5769 = VERTEX_POINT('',#5770);
#5770 = CARTESIAN_POINT('',(0.24,-0.15,0.31));
#5771 = LINE('',#5772,#5773);
#5772 = CARTESIAN_POINT('',(0.24,-0.15,0.19));
#5773 = VECTOR('',#5774,1.);
#5774 = DIRECTION('',(0.,0.,1.));
#5775 = ORIENTED_EDGE('',*,*,#5776,.F.);
#5776 = EDGE_CURVE('',#5753,#5769,#5777,.T.);
#5777 = LINE('',#5778,#5779);
#5778 = CARTESIAN_POINT('',(0.24,-0.25,0.31));
#5779 = VECTOR('',#5780,1.);
#5780 = DIRECTION('',(0.,1.,0.));
#5781 = PLANE('',#5782);
#5782 = AXIS2_PLACEMENT_3D('',#5783,#5784,#5785);
#5783 = CARTESIAN_POINT('',(0.24,-0.25,0.19));
#5784 = DIRECTION('',(1.,0.,0.));
#5785 = DIRECTION('',(0.,0.,1.));
#5786 = ADVANCED_FACE('',(#5787),#5821,.T.);
#5787 = FACE_BOUND('',#5788,.T.);
#5788 = EDGE_LOOP('',(#5789,#5799,#5807,#5815));
#5789 = ORIENTED_EDGE('',*,*,#5790,.F.);
#5790 = EDGE_CURVE('',#5791,#5793,#5795,.T.);
#5791 = VERTEX_POINT('',#5792);
#5792 = CARTESIAN_POINT('',(0.89,-0.25,0.19));
#5793 = VERTEX_POINT('',#5794);
#5794 = CARTESIAN_POINT('',(0.89,-0.25,0.31));
#5795 = LINE('',#5796,#5797);
#5796 = CARTESIAN_POINT('',(0.89,-0.25,0.19));
#5797 = VECTOR('',#5798,1.);
#5798 = DIRECTION('',(0.,0.,1.));
#5799 = ORIENTED_EDGE('',*,*,#5800,.T.);
#5800 = EDGE_CURVE('',#5791,#5801,#5803,.T.);
#5801 = VERTEX_POINT('',#5802);
#5802 = CARTESIAN_POINT('',(0.89,-0.15,0.19));
#5803 = LINE('',#5804,#5805);
#5804 = CARTESIAN_POINT('',(0.89,-0.25,0.19));
#5805 = VECTOR('',#5806,1.);
#5806 = DIRECTION('',(0.,1.,0.));
#5807 = ORIENTED_EDGE('',*,*,#5808,.T.);
#5808 = EDGE_CURVE('',#5801,#5809,#5811,.T.);
#5809 = VERTEX_POINT('',#5810);
#5810 = CARTESIAN_POINT('',(0.89,-0.15,0.31));
#5811 = LINE('',#5812,#5813);
#5812 = CARTESIAN_POINT('',(0.89,-0.15,0.19));
#5813 = VECTOR('',#5814,1.);
#5814 = DIRECTION('',(0.,0.,1.));
#5815 = ORIENTED_EDGE('',*,*,#5816,.F.);
#5816 = EDGE_CURVE('',#5793,#5809,#5817,.T.);
#5817 = LINE('',#5818,#5819);
#5818 = CARTESIAN_POINT('',(0.89,-0.25,0.31));
#5819 = VECTOR('',#5820,1.);
#5820 = DIRECTION('',(0.,1.,0.));
#5821 = PLANE('',#5822);
#5822 = AXIS2_PLACEMENT_3D('',#5823,#5824,#5825);
#5823 = CARTESIAN_POINT('',(0.89,-0.25,0.19));
#5824 = DIRECTION('',(1.,0.,0.));
#5825 = DIRECTION('',(0.,0.,1.));
#5826 = ADVANCED_FACE('',(#5827),#5843,.F.);
#5827 = FACE_BOUND('',#5828,.F.);
#5828 = EDGE_LOOP('',(#5829,#5835,#5836,#5842));
#5829 = ORIENTED_EDGE('',*,*,#5830,.F.);
#5830 = EDGE_CURVE('',#5751,#5791,#5831,.T.);
#5831 = LINE('',#5832,#5833);
#5832 = CARTESIAN_POINT('',(0.24,-0.25,0.19));
#5833 = VECTOR('',#5834,1.);
#5834 = DIRECTION('',(1.,0.,0.));
#5835 = ORIENTED_EDGE('',*,*,#5750,.T.);
#5836 = ORIENTED_EDGE('',*,*,#5837,.T.);
#5837 = EDGE_CURVE('',#5753,#5793,#5838,.T.);
#5838 = LINE('',#5839,#5840);
#5839 = CARTESIAN_POINT('',(0.24,-0.25,0.31));
#5840 = VECTOR('',#5841,1.);
#5841 = DIRECTION('',(1.,0.,0.));
#5842 = ORIENTED_EDGE('',*,*,#5790,.F.);
#5843 = PLANE('',#5844);
#5844 = AXIS2_PLACEMENT_3D('',#5845,#5846,#5847);
#5845 = CARTESIAN_POINT('',(0.24,-0.25,0.19));
#5846 = DIRECTION('',(0.,1.,0.));
#5847 = DIRECTION('',(0.,-0.,1.));
#5848 = ADVANCED_FACE('',(#5849),#5865,.T.);
#5849 = FACE_BOUND('',#5850,.T.);
#5850 = EDGE_LOOP('',(#5851,#5857,#5858,#5864));
#5851 = ORIENTED_EDGE('',*,*,#5852,.F.);
#5852 = EDGE_CURVE('',#5761,#5801,#5853,.T.);
#5853 = LINE('',#5854,#5855);
#5854 = CARTESIAN_POINT('',(0.24,-0.15,0.19));
#5855 = VECTOR('',#5856,1.);
#5856 = DIRECTION('',(1.,0.,0.));
#5857 = ORIENTED_EDGE('',*,*,#5768,.T.);
#5858 = ORIENTED_EDGE('',*,*,#5859,.T.);
#5859 = EDGE_CURVE('',#5769,#5809,#5860,.T.);
#5860 = LINE('',#5861,#5862);
#5861 = CARTESIAN_POINT('',(0.24,-0.15,0.31));
#5862 = VECTOR('',#5863,1.);
#5863 = DIRECTION('',(1.,0.,0.));
#5864 = ORIENTED_EDGE('',*,*,#5808,.F.);
#5865 = PLANE('',#5866);
#5866 = AXIS2_PLACEMENT_3D('',#5867,#5868,#5869);
#5867 = CARTESIAN_POINT('',(0.24,-0.15,0.19));
#5868 = DIRECTION('',(0.,1.,0.));
#5869 = DIRECTION('',(0.,-0.,1.));
#5870 = ADVANCED_FACE('',(#5871),#5877,.F.);
#5871 = FACE_BOUND('',#5872,.F.);
#5872 = EDGE_LOOP('',(#5873,#5874,#5875,#5876));
#5873 = ORIENTED_EDGE('',*,*,#5760,.F.);
#5874 = ORIENTED_EDGE('',*,*,#5830,.T.);
#5875 = ORIENTED_EDGE('',*,*,#5800,.T.);
#5876 = ORIENTED_EDGE('',*,*,#5852,.F.);
#5877 = PLANE('',#5878);
#5878 = AXIS2_PLACEMENT_3D('',#5879,#5880,#5881);
#5879 = CARTESIAN_POINT('',(0.24,-0.25,0.19));
#5880 = DIRECTION('',(0.,0.,1.));
#5881 = DIRECTION('',(1.,0.,-0.));
#5882 = ADVANCED_FACE('',(#5883),#5889,.T.);
#5883 = FACE_BOUND('',#5884,.T.);
#5884 = EDGE_LOOP('',(#5885,#5886,#5887,#5888));
#5885 = ORIENTED_EDGE('',*,*,#5776,.F.);
#5886 = ORIENTED_EDGE('',*,*,#5837,.T.);
#5887 = ORIENTED_EDGE('',*,*,#5816,.T.);
#5888 = ORIENTED_EDGE('',*,*,#5859,.F.);
#5889 = PLANE('',#5890);
#5890 = AXIS2_PLACEMENT_3D('',#5891,#5892,#5893);
#5891 = CARTESIAN_POINT('',(0.24,-0.25,0.31));
#5892 = DIRECTION('',(0.,0.,1.));
#5893 = DIRECTION('',(1.,0.,-0.));
#5894 = MANIFOLD_SOLID_BREP('',#5895);
#5895 = CLOSED_SHELL('',(#5896,#5936,#5976,#5998,#6020,#6032));
#5896 = ADVANCED_FACE('',(#5897),#5931,.F.);
#5897 = FACE_BOUND('',#5898,.F.);
#5898 = EDGE_LOOP('',(#5899,#5909,#5917,#5925));
#5899 = ORIENTED_EDGE('',*,*,#5900,.F.);
#5900 = EDGE_CURVE('',#5901,#5903,#5905,.T.);
#5901 = VERTEX_POINT('',#5902);
#5902 = CARTESIAN_POINT('',(0.92,0.15,0.));
#5903 = VERTEX_POINT('',#5904);
#5904 = CARTESIAN_POINT('',(0.92,0.15,0.1));
#5905 = LINE('',#5906,#5907);
#5906 = CARTESIAN_POINT('',(0.92,0.15,0.));
#5907 = VECTOR('',#5908,1.);
#5908 = DIRECTION('',(0.,0.,1.));
#5909 = ORIENTED_EDGE('',*,*,#5910,.T.);
#5910 = EDGE_CURVE('',#5901,#5911,#5913,.T.);
#5911 = VERTEX_POINT('',#5912);
#5912 = CARTESIAN_POINT('',(0.92,0.25,0.));
#5913 = LINE('',#5914,#5915);
#5914 = CARTESIAN_POINT('',(0.92,0.15,0.));
#5915 = VECTOR('',#5916,1.);
#5916 = DIRECTION('',(0.,1.,0.));
#5917 = ORIENTED_EDGE('',*,*,#5918,.T.);
#5918 = EDGE_CURVE('',#5911,#5919,#5921,.T.);
#5919 = VERTEX_POINT('',#5920);
#5920 = CARTESIAN_POINT('',(0.92,0.25,0.1));
#5921 = LINE('',#5922,#5923);
#5922 = CARTESIAN_POINT('',(0.92,0.25,0.));
#5923 = VECTOR('',#5924,1.);
#5924 = DIRECTION('',(0.,0.,1.));
#5925 = ORIENTED_EDGE('',*,*,#5926,.F.);
#5926 = EDGE_CURVE('',#5903,#5919,#5927,.T.);
#5927 = LINE('',#5928,#5929);
#5928 = CARTESIAN_POINT('',(0.92,0.15,0.1));
#5929 = VECTOR('',#5930,1.);
#5930 = DIRECTION('',(0.,1.,0.));
#5931 = PLANE('',#5932);
#5932 = AXIS2_PLACEMENT_3D('',#5933,#5934,#5935);
#5933 = CARTESIAN_POINT('',(0.92,0.15,0.));
#5934 = DIRECTION('',(1.,0.,0.));
#5935 = DIRECTION('',(0.,0.,1.));
#5936 = ADVANCED_FACE('',(#5937),#5971,.T.);
#5937 = FACE_BOUND('',#5938,.T.);
#5938 = EDGE_LOOP('',(#5939,#5949,#5957,#5965));
#5939 = ORIENTED_EDGE('',*,*,#5940,.F.);
#5940 = EDGE_CURVE('',#5941,#5943,#5945,.T.);
#5941 = VERTEX_POINT('',#5942);
#5942 = CARTESIAN_POINT('',(1.295,0.15,0.));
#5943 = VERTEX_POINT('',#5944);
#5944 = CARTESIAN_POINT('',(1.295,0.15,0.1));
#5945 = LINE('',#5946,#5947);
#5946 = CARTESIAN_POINT('',(1.295,0.15,0.));
#5947 = VECTOR('',#5948,1.);
#5948 = DIRECTION('',(0.,0.,1.));
#5949 = ORIENTED_EDGE('',*,*,#5950,.T.);
#5950 = EDGE_CURVE('',#5941,#5951,#5953,.T.);
#5951 = VERTEX_POINT('',#5952);
#5952 = CARTESIAN_POINT('',(1.295,0.25,0.));
#5953 = LINE('',#5954,#5955);
#5954 = CARTESIAN_POINT('',(1.295,0.15,0.));
#5955 = VECTOR('',#5956,1.);
#5956 = DIRECTION('',(0.,1.,0.));
#5957 = ORIENTED_EDGE('',*,*,#5958,.T.);
#5958 = EDGE_CURVE('',#5951,#5959,#5961,.T.);
#5959 = VERTEX_POINT('',#5960);
#5960 = CARTESIAN_POINT('',(1.295,0.25,0.1));
#5961 = LINE('',#5962,#5963);
#5962 = CARTESIAN_POINT('',(1.295,0.25,0.));
#5963 = VECTOR('',#5964,1.);
#5964 = DIRECTION('',(0.,0.,1.));
#5965 = ORIENTED_EDGE('',*,*,#5966,.F.);
#5966 = EDGE_CURVE('',#5943,#5959,#5967,.T.);
#5967 = LINE('',#5968,#5969);
#5968 = CARTESIAN_POINT('',(1.295,0.15,0.1));
#5969 = VECTOR('',#5970,1.);
#5970 = DIRECTION('',(0.,1.,0.));
#5971 = PLANE('',#5972);
#5972 = AXIS2_PLACEMENT_3D('',#5973,#5974,#5975);
#5973 = CARTESIAN_POINT('',(1.295,0.15,0.));
#5974 = DIRECTION('',(1.,0.,0.));
#5975 = DIRECTION('',(0.,0.,1.));
#5976 = ADVANCED_FACE('',(#5977),#5993,.F.);
#5977 = FACE_BOUND('',#5978,.F.);
#5978 = EDGE_LOOP('',(#5979,#5985,#5986,#5992));
#5979 = ORIENTED_EDGE('',*,*,#5980,.F.);
#5980 = EDGE_CURVE('',#5901,#5941,#5981,.T.);
#5981 = LINE('',#5982,#5983);
#5982 = CARTESIAN_POINT('',(0.92,0.15,0.));
#5983 = VECTOR('',#5984,1.);
#5984 = DIRECTION('',(1.,0.,0.));
#5985 = ORIENTED_EDGE('',*,*,#5900,.T.);
#5986 = ORIENTED_EDGE('',*,*,#5987,.T.);
#5987 = EDGE_CURVE('',#5903,#5943,#5988,.T.);
#5988 = LINE('',#5989,#5990);
#5989 = CARTESIAN_POINT('',(0.92,0.15,0.1));
#5990 = VECTOR('',#5991,1.);
#5991 = DIRECTION('',(1.,0.,0.));
#5992 = ORIENTED_EDGE('',*,*,#5940,.F.);
#5993 = PLANE('',#5994);
#5994 = AXIS2_PLACEMENT_3D('',#5995,#5996,#5997);
#5995 = CARTESIAN_POINT('',(0.92,0.15,0.));
#5996 = DIRECTION('',(0.,1.,0.));
#5997 = DIRECTION('',(0.,-0.,1.));
#5998 = ADVANCED_FACE('',(#5999),#6015,.T.);
#5999 = FACE_BOUND('',#6000,.T.);
#6000 = EDGE_LOOP('',(#6001,#6007,#6008,#6014));
#6001 = ORIENTED_EDGE('',*,*,#6002,.F.);
#6002 = EDGE_CURVE('',#5911,#5951,#6003,.T.);
#6003 = LINE('',#6004,#6005);
#6004 = CARTESIAN_POINT('',(0.92,0.25,0.));
#6005 = VECTOR('',#6006,1.);
#6006 = DIRECTION('',(1.,0.,0.));
#6007 = ORIENTED_EDGE('',*,*,#5918,.T.);
#6008 = ORIENTED_EDGE('',*,*,#6009,.T.);
#6009 = EDGE_CURVE('',#5919,#5959,#6010,.T.);
#6010 = LINE('',#6011,#6012);
#6011 = CARTESIAN_POINT('',(0.92,0.25,0.1));
#6012 = VECTOR('',#6013,1.);
#6013 = DIRECTION('',(1.,0.,0.));
#6014 = ORIENTED_EDGE('',*,*,#5958,.F.);
#6015 = PLANE('',#6016);
#6016 = AXIS2_PLACEMENT_3D('',#6017,#6018,#6019);
#6017 = CARTESIAN_POINT('',(0.92,0.25,0.));
#6018 = DIRECTION('',(0.,1.,0.));
#6019 = DIRECTION('',(0.,-0.,1.));
#6020 = ADVANCED_FACE('',(#6021),#6027,.F.);
#6021 = FACE_BOUND('',#6022,.F.);
#6022 = EDGE_LOOP('',(#6023,#6024,#6025,#6026));
#6023 = ORIENTED_EDGE('',*,*,#5910,.F.);
#6024 = ORIENTED_EDGE('',*,*,#5980,.T.);
#6025 = ORIENTED_EDGE('',*,*,#5950,.T.);
#6026 = ORIENTED_EDGE('',*,*,#6002,.F.);
#6027 = PLANE('',#6028);
#6028 = AXIS2_PLACEMENT_3D('',#6029,#6030,#6031);
#6029 = CARTESIAN_POINT('',(0.92,0.15,0.));
#6030 = DIRECTION('',(0.,0.,1.));
#6031 = DIRECTION('',(1.,0.,-0.));
#6032 = ADVANCED_FACE('',(#6033),#6039,.T.);
#6033 = FACE_BOUND('',#6034,.T.);
#6034 = EDGE_LOOP('',(#6035,#6036,#6037,#6038));
#6035 = ORIENTED_EDGE('',*,*,#5926,.F.);
#6036 = ORIENTED_EDGE('',*,*,#5987,.T.);
#6037 = ORIENTED_EDGE('',*,*,#5966,.T.);
#6038 = ORIENTED_EDGE('',*,*,#6009,.F.);
#6039 = PLANE('',#6040);
#6040 = AXIS2_PLACEMENT_3D('',#6041,#6042,#6043);
#6041 = CARTESIAN_POINT('',(0.92,0.15,0.1));
#6042 = DIRECTION('',(0.,0.,1.));
#6043 = DIRECTION('',(1.,0.,-0.));
#6044 = MANIFOLD_SOLID_BREP('',#6045);
#6045 = CLOSED_SHELL('',(#6046,#6086,#6126,#6148,#6170,#6182));
#6046 = ADVANCED_FACE('',(#6047),#6081,.F.);
#6047 = FACE_BOUND('',#6048,.F.);
#6048 = EDGE_LOOP('',(#6049,#6059,#6067,#6075));
#6049 = ORIENTED_EDGE('',*,*,#6050,.F.);
#6050 = EDGE_CURVE('',#6051,#6053,#6055,.T.);
#6051 = VERTEX_POINT('',#6052);
#6052 = CARTESIAN_POINT('',(0.24,0.15,0.19));
#6053 = VERTEX_POINT('',#6054);
#6054 = CARTESIAN_POINT('',(0.24,0.15,0.31));
#6055 = LINE('',#6056,#6057);
#6056 = CARTESIAN_POINT('',(0.24,0.15,0.19));
#6057 = VECTOR('',#6058,1.);
#6058 = DIRECTION('',(0.,0.,1.));
#6059 = ORIENTED_EDGE('',*,*,#6060,.T.);
#6060 = EDGE_CURVE('',#6051,#6061,#6063,.T.);
#6061 = VERTEX_POINT('',#6062);
#6062 = CARTESIAN_POINT('',(0.24,0.25,0.19));
#6063 = LINE('',#6064,#6065);
#6064 = CARTESIAN_POINT('',(0.24,0.15,0.19));
#6065 = VECTOR('',#6066,1.);
#6066 = DIRECTION('',(0.,1.,0.));
#6067 = ORIENTED_EDGE('',*,*,#6068,.T.);
#6068 = EDGE_CURVE('',#6061,#6069,#6071,.T.);
#6069 = VERTEX_POINT('',#6070);
#6070 = CARTESIAN_POINT('',(0.24,0.25,0.31));
#6071 = LINE('',#6072,#6073);
#6072 = CARTESIAN_POINT('',(0.24,0.25,0.19));
#6073 = VECTOR('',#6074,1.);
#6074 = DIRECTION('',(0.,0.,1.));
#6075 = ORIENTED_EDGE('',*,*,#6076,.F.);
#6076 = EDGE_CURVE('',#6053,#6069,#6077,.T.);
#6077 = LINE('',#6078,#6079);
#6078 = CARTESIAN_POINT('',(0.24,0.15,0.31));
#6079 = VECTOR('',#6080,1.);
#6080 = DIRECTION('',(0.,1.,0.));
#6081 = PLANE('',#6082);
#6082 = AXIS2_PLACEMENT_3D('',#6083,#6084,#6085);
#6083 = CARTESIAN_POINT('',(0.24,0.15,0.19));
#6084 = DIRECTION('',(1.,0.,0.));
#6085 = DIRECTION('',(0.,0.,1.));
#6086 = ADVANCED_FACE('',(#6087),#6121,.T.);
#6087 = FACE_BOUND('',#6088,.T.);
#6088 = EDGE_LOOP('',(#6089,#6099,#6107,#6115));
#6089 = ORIENTED_EDGE('',*,*,#6090,.F.);
#6090 = EDGE_CURVE('',#6091,#6093,#6095,.T.);
#6091 = VERTEX_POINT('',#6092);
#6092 = CARTESIAN_POINT('',(0.89,0.15,0.19));
#6093 = VERTEX_POINT('',#6094);
#6094 = CARTESIAN_POINT('',(0.89,0.15,0.31));
#6095 = LINE('',#6096,#6097);
#6096 = CARTESIAN_POINT('',(0.89,0.15,0.19));
#6097 = VECTOR('',#6098,1.);
#6098 = DIRECTION('',(0.,0.,1.));
#6099 = ORIENTED_EDGE('',*,*,#6100,.T.);
#6100 = EDGE_CURVE('',#6091,#6101,#6103,.T.);
#6101 = VERTEX_POINT('',#6102);
#6102 = CARTESIAN_POINT('',(0.89,0.25,0.19));
#6103 = LINE('',#6104,#6105);
#6104 = CARTESIAN_POINT('',(0.89,0.15,0.19));
#6105 = VECTOR('',#6106,1.);
#6106 = DIRECTION('',(0.,1.,0.));
#6107 = ORIENTED_EDGE('',*,*,#6108,.T.);
#6108 = EDGE_CURVE('',#6101,#6109,#6111,.T.);
#6109 = VERTEX_POINT('',#6110);
#6110 = CARTESIAN_POINT('',(0.89,0.25,0.31));
#6111 = LINE('',#6112,#6113);
#6112 = CARTESIAN_POINT('',(0.89,0.25,0.19));
#6113 = VECTOR('',#6114,1.);
#6114 = DIRECTION('',(0.,0.,1.));
#6115 = ORIENTED_EDGE('',*,*,#6116,.F.);
#6116 = EDGE_CURVE('',#6093,#6109,#6117,.T.);
#6117 = LINE('',#6118,#6119);
#6118 = CARTESIAN_POINT('',(0.89,0.15,0.31));
#6119 = VECTOR('',#6120,1.);
#6120 = DIRECTION('',(0.,1.,0.));
#6121 = PLANE('',#6122);
#6122 = AXIS2_PLACEMENT_3D('',#6123,#6124,#6125);
#6123 = CARTESIAN_POINT('',(0.89,0.15,0.19));
#6124 = DIRECTION('',(1.,0.,0.));
#6125 = DIRECTION('',(0.,0.,1.));
#6126 = ADVANCED_FACE('',(#6127),#6143,.F.);
#6127 = FACE_BOUND('',#6128,.F.);
#6128 = EDGE_LOOP('',(#6129,#6135,#6136,#6142));
#6129 = ORIENTED_EDGE('',*,*,#6130,.F.);
#6130 = EDGE_CURVE('',#6051,#6091,#6131,.T.);
#6131 = LINE('',#6132,#6133);
#6132 = CARTESIAN_POINT('',(0.24,0.15,0.19));
#6133 = VECTOR('',#6134,1.);
#6134 = DIRECTION('',(1.,0.,0.));
#6135 = ORIENTED_EDGE('',*,*,#6050,.T.);
#6136 = ORIENTED_EDGE('',*,*,#6137,.T.);
#6137 = EDGE_CURVE('',#6053,#6093,#6138,.T.);
#6138 = LINE('',#6139,#6140);
#6139 = CARTESIAN_POINT('',(0.24,0.15,0.31));
#6140 = VECTOR('',#6141,1.);
#6141 = DIRECTION('',(1.,0.,0.));
#6142 = ORIENTED_EDGE('',*,*,#6090,.F.);
#6143 = PLANE('',#6144);
#6144 = AXIS2_PLACEMENT_3D('',#6145,#6146,#6147);
#6145 = CARTESIAN_POINT('',(0.24,0.15,0.19));
#6146 = DIRECTION('',(0.,1.,0.));
#6147 = DIRECTION('',(0.,-0.,1.));
#6148 = ADVANCED_FACE('',(#6149),#6165,.T.);
#6149 = FACE_BOUND('',#6150,.T.);
#6150 = EDGE_LOOP('',(#6151,#6157,#6158,#6164));
#6151 = ORIENTED_EDGE('',*,*,#6152,.F.);
#6152 = EDGE_CURVE('',#6061,#6101,#6153,.T.);
#6153 = LINE('',#6154,#6155);
#6154 = CARTESIAN_POINT('',(0.24,0.25,0.19));
#6155 = VECTOR('',#6156,1.);
#6156 = DIRECTION('',(1.,0.,0.));
#6157 = ORIENTED_EDGE('',*,*,#6068,.T.);
#6158 = ORIENTED_EDGE('',*,*,#6159,.T.);
#6159 = EDGE_CURVE('',#6069,#6109,#6160,.T.);
#6160 = LINE('',#6161,#6162);
#6161 = CARTESIAN_POINT('',(0.24,0.25,0.31));
#6162 = VECTOR('',#6163,1.);
#6163 = DIRECTION('',(1.,0.,0.));
#6164 = ORIENTED_EDGE('',*,*,#6108,.F.);
#6165 = PLANE('',#6166);
#6166 = AXIS2_PLACEMENT_3D('',#6167,#6168,#6169);
#6167 = CARTESIAN_POINT('',(0.24,0.25,0.19));
#6168 = DIRECTION('',(0.,1.,0.));
#6169 = DIRECTION('',(0.,-0.,1.));
#6170 = ADVANCED_FACE('',(#6171),#6177,.F.);
#6171 = FACE_BOUND('',#6172,.F.);
#6172 = EDGE_LOOP('',(#6173,#6174,#6175,#6176));
#6173 = ORIENTED_EDGE('',*,*,#6060,.F.);
#6174 = ORIENTED_EDGE('',*,*,#6130,.T.);
#6175 = ORIENTED_EDGE('',*,*,#6100,.T.);
#6176 = ORIENTED_EDGE('',*,*,#6152,.F.);
#6177 = PLANE('',#6178);
#6178 = AXIS2_PLACEMENT_3D('',#6179,#6180,#6181);
#6179 = CARTESIAN_POINT('',(0.24,0.15,0.19));
#6180 = DIRECTION('',(0.,0.,1.));
#6181 = DIRECTION('',(1.,0.,-0.));
#6182 = ADVANCED_FACE('',(#6183),#6189,.T.);
#6183 = FACE_BOUND('',#6184,.T.);
#6184 = EDGE_LOOP('',(#6185,#6186,#6187,#6188));
#6185 = ORIENTED_EDGE('',*,*,#6076,.F.);
#6186 = ORIENTED_EDGE('',*,*,#6137,.T.);
#6187 = ORIENTED_EDGE('',*,*,#6116,.T.);
#6188 = ORIENTED_EDGE('',*,*,#6159,.F.);
#6189 = PLANE('',#6190);
#6190 = AXIS2_PLACEMENT_3D('',#6191,#6192,#6193);
#6191 = CARTESIAN_POINT('',(0.24,0.15,0.31));
#6192 = DIRECTION('',(0.,0.,1.));
#6193 = DIRECTION('',(1.,0.,-0.));
#6194 = MANIFOLD_SOLID_BREP('',#6195);
#6195 = CLOSED_SHELL('',(#6196,#6236,#6276,#6298,#6320,#6332));
#6196 = ADVANCED_FACE('',(#6197),#6231,.F.);
#6197 = FACE_BOUND('',#6198,.F.);
#6198 = EDGE_LOOP('',(#6199,#6209,#6217,#6225));
#6199 = ORIENTED_EDGE('',*,*,#6200,.F.);
#6200 = EDGE_CURVE('',#6201,#6203,#6205,.T.);
#6201 = VERTEX_POINT('',#6202);
#6202 = CARTESIAN_POINT('',(0.92,0.55,0.));
#6203 = VERTEX_POINT('',#6204);
#6204 = CARTESIAN_POINT('',(0.92,0.55,0.1));
#6205 = LINE('',#6206,#6207);
#6206 = CARTESIAN_POINT('',(0.92,0.55,0.));
#6207 = VECTOR('',#6208,1.);
#6208 = DIRECTION('',(0.,0.,1.));
#6209 = ORIENTED_EDGE('',*,*,#6210,.T.);
#6210 = EDGE_CURVE('',#6201,#6211,#6213,.T.);
#6211 = VERTEX_POINT('',#6212);
#6212 = CARTESIAN_POINT('',(0.92,0.65,0.));
#6213 = LINE('',#6214,#6215);
#6214 = CARTESIAN_POINT('',(0.92,0.55,0.));
#6215 = VECTOR('',#6216,1.);
#6216 = DIRECTION('',(0.,1.,0.));
#6217 = ORIENTED_EDGE('',*,*,#6218,.T.);
#6218 = EDGE_CURVE('',#6211,#6219,#6221,.T.);
#6219 = VERTEX_POINT('',#6220);
#6220 = CARTESIAN_POINT('',(0.92,0.65,0.1));
#6221 = LINE('',#6222,#6223);
#6222 = CARTESIAN_POINT('',(0.92,0.65,0.));
#6223 = VECTOR('',#6224,1.);
#6224 = DIRECTION('',(0.,0.,1.));
#6225 = ORIENTED_EDGE('',*,*,#6226,.F.);
#6226 = EDGE_CURVE('',#6203,#6219,#6227,.T.);
#6227 = LINE('',#6228,#6229);
#6228 = CARTESIAN_POINT('',(0.92,0.55,0.1));
#6229 = VECTOR('',#6230,1.);
#6230 = DIRECTION('',(0.,1.,0.));
#6231 = PLANE('',#6232);
#6232 = AXIS2_PLACEMENT_3D('',#6233,#6234,#6235);
#6233 = CARTESIAN_POINT('',(0.92,0.55,0.));
#6234 = DIRECTION('',(1.,0.,0.));
#6235 = DIRECTION('',(0.,0.,1.));
#6236 = ADVANCED_FACE('',(#6237),#6271,.T.);
#6237 = FACE_BOUND('',#6238,.T.);
#6238 = EDGE_LOOP('',(#6239,#6249,#6257,#6265));
#6239 = ORIENTED_EDGE('',*,*,#6240,.F.);
#6240 = EDGE_CURVE('',#6241,#6243,#6245,.T.);
#6241 = VERTEX_POINT('',#6242);
#6242 = CARTESIAN_POINT('',(1.295,0.55,0.));
#6243 = VERTEX_POINT('',#6244);
#6244 = CARTESIAN_POINT('',(1.295,0.55,0.1));
#6245 = LINE('',#6246,#6247);
#6246 = CARTESIAN_POINT('',(1.295,0.55,0.));
#6247 = VECTOR('',#6248,1.);
#6248 = DIRECTION('',(0.,0.,1.));
#6249 = ORIENTED_EDGE('',*,*,#6250,.T.);
#6250 = EDGE_CURVE('',#6241,#6251,#6253,.T.);
#6251 = VERTEX_POINT('',#6252);
#6252 = CARTESIAN_POINT('',(1.295,0.65,0.));
#6253 = LINE('',#6254,#6255);
#6254 = CARTESIAN_POINT('',(1.295,0.55,0.));
#6255 = VECTOR('',#6256,1.);
#6256 = DIRECTION('',(0.,1.,0.));
#6257 = ORIENTED_EDGE('',*,*,#6258,.T.);
#6258 = EDGE_CURVE('',#6251,#6259,#6261,.T.);
#6259 = VERTEX_POINT('',#6260);
#6260 = CARTESIAN_POINT('',(1.295,0.65,0.1));
#6261 = LINE('',#6262,#6263);
#6262 = CARTESIAN_POINT('',(1.295,0.65,0.));
#6263 = VECTOR('',#6264,1.);
#6264 = DIRECTION('',(0.,0.,1.));
#6265 = ORIENTED_EDGE('',*,*,#6266,.F.);
#6266 = EDGE_CURVE('',#6243,#6259,#6267,.T.);
#6267 = LINE('',#6268,#6269);
#6268 = CARTESIAN_POINT('',(1.295,0.55,0.1));
#6269 = VECTOR('',#6270,1.);
#6270 = DIRECTION('',(0.,1.,0.));
#6271 = PLANE('',#6272);
#6272 = AXIS2_PLACEMENT_3D('',#6273,#6274,#6275);
#6273 = CARTESIAN_POINT('',(1.295,0.55,0.));
#6274 = DIRECTION('',(1.,0.,0.));
#6275 = DIRECTION('',(0.,0.,1.));
#6276 = ADVANCED_FACE('',(#6277),#6293,.F.);
#6277 = FACE_BOUND('',#6278,.F.);
#6278 = EDGE_LOOP('',(#6279,#6285,#6286,#6292));
#6279 = ORIENTED_EDGE('',*,*,#6280,.F.);
#6280 = EDGE_CURVE('',#6201,#6241,#6281,.T.);
#6281 = LINE('',#6282,#6283);
#6282 = CARTESIAN_POINT('',(0.92,0.55,0.));
#6283 = VECTOR('',#6284,1.);
#6284 = DIRECTION('',(1.,0.,0.));
#6285 = ORIENTED_EDGE('',*,*,#6200,.T.);
#6286 = ORIENTED_EDGE('',*,*,#6287,.T.);
#6287 = EDGE_CURVE('',#6203,#6243,#6288,.T.);
#6288 = LINE('',#6289,#6290);
#6289 = CARTESIAN_POINT('',(0.92,0.55,0.1));
#6290 = VECTOR('',#6291,1.);
#6291 = DIRECTION('',(1.,0.,0.));
#6292 = ORIENTED_EDGE('',*,*,#6240,.F.);
#6293 = PLANE('',#6294);
#6294 = AXIS2_PLACEMENT_3D('',#6295,#6296,#6297);
#6295 = CARTESIAN_POINT('',(0.92,0.55,0.));
#6296 = DIRECTION('',(0.,1.,0.));
#6297 = DIRECTION('',(0.,-0.,1.));
#6298 = ADVANCED_FACE('',(#6299),#6315,.T.);
#6299 = FACE_BOUND('',#6300,.T.);
#6300 = EDGE_LOOP('',(#6301,#6307,#6308,#6314));
#6301 = ORIENTED_EDGE('',*,*,#6302,.F.);
#6302 = EDGE_CURVE('',#6211,#6251,#6303,.T.);
#6303 = LINE('',#6304,#6305);
#6304 = CARTESIAN_POINT('',(0.92,0.65,0.));
#6305 = VECTOR('',#6306,1.);
#6306 = DIRECTION('',(1.,0.,0.));
#6307 = ORIENTED_EDGE('',*,*,#6218,.T.);
#6308 = ORIENTED_EDGE('',*,*,#6309,.T.);
#6309 = EDGE_CURVE('',#6219,#6259,#6310,.T.);
#6310 = LINE('',#6311,#6312);
#6311 = CARTESIAN_POINT('',(0.92,0.65,0.1));
#6312 = VECTOR('',#6313,1.);
#6313 = DIRECTION('',(1.,0.,0.));
#6314 = ORIENTED_EDGE('',*,*,#6258,.F.);
#6315 = PLANE('',#6316);
#6316 = AXIS2_PLACEMENT_3D('',#6317,#6318,#6319);
#6317 = CARTESIAN_POINT('',(0.92,0.65,0.));
#6318 = DIRECTION('',(0.,1.,0.));
#6319 = DIRECTION('',(0.,-0.,1.));
#6320 = ADVANCED_FACE('',(#6321),#6327,.F.);
#6321 = FACE_BOUND('',#6322,.F.);
#6322 = EDGE_LOOP('',(#6323,#6324,#6325,#6326));
#6323 = ORIENTED_EDGE('',*,*,#6210,.F.);
#6324 = ORIENTED_EDGE('',*,*,#6280,.T.);
#6325 = ORIENTED_EDGE('',*,*,#6250,.T.);
#6326 = ORIENTED_EDGE('',*,*,#6302,.F.);
#6327 = PLANE('',#6328);
#6328 = AXIS2_PLACEMENT_3D('',#6329,#6330,#6331);
#6329 = CARTESIAN_POINT('',(0.92,0.55,0.));
#6330 = DIRECTION('',(0.,0.,1.));
#6331 = DIRECTION('',(1.,0.,-0.));
#6332 = ADVANCED_FACE('',(#6333),#6339,.T.);
#6333 = FACE_BOUND('',#6334,.T.);
#6334 = EDGE_LOOP('',(#6335,#6336,#6337,#6338));
#6335 = ORIENTED_EDGE('',*,*,#6226,.F.);
#6336 = ORIENTED_EDGE('',*,*,#6287,.T.);
#6337 = ORIENTED_EDGE('',*,*,#6266,.T.);
#6338 = ORIENTED_EDGE('',*,*,#6309,.F.);
#6339 = PLANE('',#6340);
#6340 = AXIS2_PLACEMENT_3D('',#6341,#6342,#6343);
#6341 = CARTESIAN_POINT('',(0.92,0.55,0.1));
#6342 = DIRECTION('',(0.,0.,1.));
#6343 = DIRECTION('',(1.,0.,-0.));
#6344 = MANIFOLD_SOLID_BREP('',#6345);
#6345 = CLOSED_SHELL('',(#6346,#6386,#6426,#6448,#6470,#6482));
#6346 = ADVANCED_FACE('',(#6347),#6381,.F.);
#6347 = FACE_BOUND('',#6348,.F.);
#6348 = EDGE_LOOP('',(#6349,#6359,#6367,#6375));
#6349 = ORIENTED_EDGE('',*,*,#6350,.F.);
#6350 = EDGE_CURVE('',#6351,#6353,#6355,.T.);
#6351 = VERTEX_POINT('',#6352);
#6352 = CARTESIAN_POINT('',(0.24,0.55,0.19));
#6353 = VERTEX_POINT('',#6354);
#6354 = CARTESIAN_POINT('',(0.24,0.55,0.31));
#6355 = LINE('',#6356,#6357);
#6356 = CARTESIAN_POINT('',(0.24,0.55,0.19));
#6357 = VECTOR('',#6358,1.);
#6358 = DIRECTION('',(0.,0.,1.));
#6359 = ORIENTED_EDGE('',*,*,#6360,.T.);
#6360 = EDGE_CURVE('',#6351,#6361,#6363,.T.);
#6361 = VERTEX_POINT('',#6362);
#6362 = CARTESIAN_POINT('',(0.24,0.65,0.19));
#6363 = LINE('',#6364,#6365);
#6364 = CARTESIAN_POINT('',(0.24,0.55,0.19));
#6365 = VECTOR('',#6366,1.);
#6366 = DIRECTION('',(0.,1.,0.));
#6367 = ORIENTED_EDGE('',*,*,#6368,.T.);
#6368 = EDGE_CURVE('',#6361,#6369,#6371,.T.);
#6369 = VERTEX_POINT('',#6370);
#6370 = CARTESIAN_POINT('',(0.24,0.65,0.31));
#6371 = LINE('',#6372,#6373);
#6372 = CARTESIAN_POINT('',(0.24,0.65,0.19));
#6373 = VECTOR('',#6374,1.);
#6374 = DIRECTION('',(0.,0.,1.));
#6375 = ORIENTED_EDGE('',*,*,#6376,.F.);
#6376 = EDGE_CURVE('',#6353,#6369,#6377,.T.);
#6377 = LINE('',#6378,#6379);
#6378 = CARTESIAN_POINT('',(0.24,0.55,0.31));
#6379 = VECTOR('',#6380,1.);
#6380 = DIRECTION('',(0.,1.,0.));
#6381 = PLANE('',#6382);
#6382 = AXIS2_PLACEMENT_3D('',#6383,#6384,#6385);
#6383 = CARTESIAN_POINT('',(0.24,0.55,0.19));
#6384 = DIRECTION('',(1.,0.,0.));
#6385 = DIRECTION('',(0.,0.,1.));
#6386 = ADVANCED_FACE('',(#6387),#6421,.T.);
#6387 = FACE_BOUND('',#6388,.T.);
#6388 = EDGE_LOOP('',(#6389,#6399,#6407,#6415));
#6389 = ORIENTED_EDGE('',*,*,#6390,.F.);
#6390 = EDGE_CURVE('',#6391,#6393,#6395,.T.);
#6391 = VERTEX_POINT('',#6392);
#6392 = CARTESIAN_POINT('',(0.89,0.55,0.19));
#6393 = VERTEX_POINT('',#6394);
#6394 = CARTESIAN_POINT('',(0.89,0.55,0.31));
#6395 = LINE('',#6396,#6397);
#6396 = CARTESIAN_POINT('',(0.89,0.55,0.19));
#6397 = VECTOR('',#6398,1.);
#6398 = DIRECTION('',(0.,0.,1.));
#6399 = ORIENTED_EDGE('',*,*,#6400,.T.);
#6400 = EDGE_CURVE('',#6391,#6401,#6403,.T.);
#6401 = VERTEX_POINT('',#6402);
#6402 = CARTESIAN_POINT('',(0.89,0.65,0.19));
#6403 = LINE('',#6404,#6405);
#6404 = CARTESIAN_POINT('',(0.89,0.55,0.19));
#6405 = VECTOR('',#6406,1.);
#6406 = DIRECTION('',(0.,1.,0.));
#6407 = ORIENTED_EDGE('',*,*,#6408,.T.);
#6408 = EDGE_CURVE('',#6401,#6409,#6411,.T.);
#6409 = VERTEX_POINT('',#6410);
#6410 = CARTESIAN_POINT('',(0.89,0.65,0.31));
#6411 = LINE('',#6412,#6413);
#6412 = CARTESIAN_POINT('',(0.89,0.65,0.19));
#6413 = VECTOR('',#6414,1.);
#6414 = DIRECTION('',(0.,0.,1.));
#6415 = ORIENTED_EDGE('',*,*,#6416,.F.);
#6416 = EDGE_CURVE('',#6393,#6409,#6417,.T.);
#6417 = LINE('',#6418,#6419);
#6418 = CARTESIAN_POINT('',(0.89,0.55,0.31));
#6419 = VECTOR('',#6420,1.);
#6420 = DIRECTION('',(0.,1.,0.));
#6421 = PLANE('',#6422);
#6422 = AXIS2_PLACEMENT_3D('',#6423,#6424,#6425);
#6423 = CARTESIAN_POINT('',(0.89,0.55,0.19));
#6424 = DIRECTION('',(1.,0.,0.));
#6425 = DIRECTION('',(0.,0.,1.));
#6426 = ADVANCED_FACE('',(#6427),#6443,.F.);
#6427 = FACE_BOUND('',#6428,.F.);
#6428 = EDGE_LOOP('',(#6429,#6435,#6436,#6442));
#6429 = ORIENTED_EDGE('',*,*,#6430,.F.);
#6430 = EDGE_CURVE('',#6351,#6391,#6431,.T.);
#6431 = LINE('',#6432,#6433);
#6432 = CARTESIAN_POINT('',(0.24,0.55,0.19));
#6433 = VECTOR('',#6434,1.);
#6434 = DIRECTION('',(1.,0.,0.));
#6435 = ORIENTED_EDGE('',*,*,#6350,.T.);
#6436 = ORIENTED_EDGE('',*,*,#6437,.T.);
#6437 = EDGE_CURVE('',#6353,#6393,#6438,.T.);
#6438 = LINE('',#6439,#6440);
#6439 = CARTESIAN_POINT('',(0.24,0.55,0.31));
#6440 = VECTOR('',#6441,1.);
#6441 = DIRECTION('',(1.,0.,0.));
#6442 = ORIENTED_EDGE('',*,*,#6390,.F.);
#6443 = PLANE('',#6444);
#6444 = AXIS2_PLACEMENT_3D('',#6445,#6446,#6447);
#6445 = CARTESIAN_POINT('',(0.24,0.55,0.19));
#6446 = DIRECTION('',(0.,1.,0.));
#6447 = DIRECTION('',(0.,-0.,1.));
#6448 = ADVANCED_FACE('',(#6449),#6465,.T.);
#6449 = FACE_BOUND('',#6450,.T.);
#6450 = EDGE_LOOP('',(#6451,#6457,#6458,#6464));
#6451 = ORIENTED_EDGE('',*,*,#6452,.F.);
#6452 = EDGE_CURVE('',#6361,#6401,#6453,.T.);
#6453 = LINE('',#6454,#6455);
#6454 = CARTESIAN_POINT('',(0.24,0.65,0.19));
#6455 = VECTOR('',#6456,1.);
#6456 = DIRECTION('',(1.,0.,0.));
#6457 = ORIENTED_EDGE('',*,*,#6368,.T.);
#6458 = ORIENTED_EDGE('',*,*,#6459,.T.);
#6459 = EDGE_CURVE('',#6369,#6409,#6460,.T.);
#6460 = LINE('',#6461,#6462);
#6461 = CARTESIAN_POINT('',(0.24,0.65,0.31));
#6462 = VECTOR('',#6463,1.);
#6463 = DIRECTION('',(1.,0.,0.));
#6464 = ORIENTED_EDGE('',*,*,#6408,.F.);
#6465 = PLANE('',#6466);
#6466 = AXIS2_PLACEMENT_3D('',#6467,#6468,#6469);
#6467 = CARTESIAN_POINT('',(0.24,0.65,0.19));
#6468 = DIRECTION('',(0.,1.,0.));
#6469 = DIRECTION('',(0.,-0.,1.));
#6470 = ADVANCED_FACE('',(#6471),#6477,.F.);
#6471 = FACE_BOUND('',#6472,.F.);
#6472 = EDGE_LOOP('',(#6473,#6474,#6475,#6476));
#6473 = ORIENTED_EDGE('',*,*,#6360,.F.);
#6474 = ORIENTED_EDGE('',*,*,#6430,.T.);
#6475 = ORIENTED_EDGE('',*,*,#6400,.T.);
#6476 = ORIENTED_EDGE('',*,*,#6452,.F.);
#6477 = PLANE('',#6478);
#6478 = AXIS2_PLACEMENT_3D('',#6479,#6480,#6481);
#6479 = CARTESIAN_POINT('',(0.24,0.55,0.19));
#6480 = DIRECTION('',(0.,0.,1.));
#6481 = DIRECTION('',(1.,0.,-0.));
#6482 = ADVANCED_FACE('',(#6483),#6489,.T.);
#6483 = FACE_BOUND('',#6484,.T.);
#6484 = EDGE_LOOP('',(#6485,#6486,#6487,#6488));
#6485 = ORIENTED_EDGE('',*,*,#6376,.F.);
#6486 = ORIENTED_EDGE('',*,*,#6437,.T.);
#6487 = ORIENTED_EDGE('',*,*,#6416,.T.);
#6488 = ORIENTED_EDGE('',*,*,#6459,.F.);
#6489 = PLANE('',#6490);
#6490 = AXIS2_PLACEMENT_3D('',#6491,#6492,#6493);
#6491 = CARTESIAN_POINT('',(0.24,0.55,0.31));
#6492 = DIRECTION('',(0.,0.,1.));
#6493 = DIRECTION('',(1.,0.,-0.));
#6494 = MANIFOLD_SOLID_BREP('',#6495);
#6495 = CLOSED_SHELL('',(#6496,#6536,#6576,#6598,#6620,#6632));
#6496 = ADVANCED_FACE('',(#6497),#6531,.F.);
#6497 = FACE_BOUND('',#6498,.F.);
#6498 = EDGE_LOOP('',(#6499,#6509,#6517,#6525));
#6499 = ORIENTED_EDGE('',*,*,#6500,.F.);
#6500 = EDGE_CURVE('',#6501,#6503,#6505,.T.);
#6501 = VERTEX_POINT('',#6502);
#6502 = CARTESIAN_POINT('',(0.92,0.95,0.));
#6503 = VERTEX_POINT('',#6504);
#6504 = CARTESIAN_POINT('',(0.92,0.95,0.1));
#6505 = LINE('',#6506,#6507);
#6506 = CARTESIAN_POINT('',(0.92,0.95,0.));
#6507 = VECTOR('',#6508,1.);
#6508 = DIRECTION('',(0.,0.,1.));
#6509 = ORIENTED_EDGE('',*,*,#6510,.T.);
#6510 = EDGE_CURVE('',#6501,#6511,#6513,.T.);
#6511 = VERTEX_POINT('',#6512);
#6512 = CARTESIAN_POINT('',(0.92,1.05,0.));
#6513 = LINE('',#6514,#6515);
#6514 = CARTESIAN_POINT('',(0.92,0.95,0.));
#6515 = VECTOR('',#6516,1.);
#6516 = DIRECTION('',(0.,1.,0.));
#6517 = ORIENTED_EDGE('',*,*,#6518,.T.);
#6518 = EDGE_CURVE('',#6511,#6519,#6521,.T.);
#6519 = VERTEX_POINT('',#6520);
#6520 = CARTESIAN_POINT('',(0.92,1.05,0.1));
#6521 = LINE('',#6522,#6523);
#6522 = CARTESIAN_POINT('',(0.92,1.05,0.));
#6523 = VECTOR('',#6524,1.);
#6524 = DIRECTION('',(0.,0.,1.));
#6525 = ORIENTED_EDGE('',*,*,#6526,.F.);
#6526 = EDGE_CURVE('',#6503,#6519,#6527,.T.);
#6527 = LINE('',#6528,#6529);
#6528 = CARTESIAN_POINT('',(0.92,0.95,0.1));
#6529 = VECTOR('',#6530,1.);
#6530 = DIRECTION('',(0.,1.,0.));
#6531 = PLANE('',#6532);
#6532 = AXIS2_PLACEMENT_3D('',#6533,#6534,#6535);
#6533 = CARTESIAN_POINT('',(0.92,0.95,0.));
#6534 = DIRECTION('',(1.,0.,0.));
#6535 = DIRECTION('',(0.,0.,1.));
#6536 = ADVANCED_FACE('',(#6537),#6571,.T.);
#6537 = FACE_BOUND('',#6538,.T.);
#6538 = EDGE_LOOP('',(#6539,#6549,#6557,#6565));
#6539 = ORIENTED_EDGE('',*,*,#6540,.F.);
#6540 = EDGE_CURVE('',#6541,#6543,#6545,.T.);
#6541 = VERTEX_POINT('',#6542);
#6542 = CARTESIAN_POINT('',(1.295,0.95,0.));
#6543 = VERTEX_POINT('',#6544);
#6544 = CARTESIAN_POINT('',(1.295,0.95,0.1));
#6545 = LINE('',#6546,#6547);
#6546 = CARTESIAN_POINT('',(1.295,0.95,0.));
#6547 = VECTOR('',#6548,1.);
#6548 = DIRECTION('',(0.,0.,1.));
#6549 = ORIENTED_EDGE('',*,*,#6550,.T.);
#6550 = EDGE_CURVE('',#6541,#6551,#6553,.T.);
#6551 = VERTEX_POINT('',#6552);
#6552 = CARTESIAN_POINT('',(1.295,1.05,0.));
#6553 = LINE('',#6554,#6555);
#6554 = CARTESIAN_POINT('',(1.295,0.95,0.));
#6555 = VECTOR('',#6556,1.);
#6556 = DIRECTION('',(0.,1.,0.));
#6557 = ORIENTED_EDGE('',*,*,#6558,.T.);
#6558 = EDGE_CURVE('',#6551,#6559,#6561,.T.);
#6559 = VERTEX_POINT('',#6560);
#6560 = CARTESIAN_POINT('',(1.295,1.05,0.1));
#6561 = LINE('',#6562,#6563);
#6562 = CARTESIAN_POINT('',(1.295,1.05,0.));
#6563 = VECTOR('',#6564,1.);
#6564 = DIRECTION('',(0.,0.,1.));
#6565 = ORIENTED_EDGE('',*,*,#6566,.F.);
#6566 = EDGE_CURVE('',#6543,#6559,#6567,.T.);
#6567 = LINE('',#6568,#6569);
#6568 = CARTESIAN_POINT('',(1.295,0.95,0.1));
#6569 = VECTOR('',#6570,1.);
#6570 = DIRECTION('',(0.,1.,0.));
#6571 = PLANE('',#6572);
#6572 = AXIS2_PLACEMENT_3D('',#6573,#6574,#6575);
#6573 = CARTESIAN_POINT('',(1.295,0.95,0.));
#6574 = DIRECTION('',(1.,0.,0.));
#6575 = DIRECTION('',(0.,0.,1.));
#6576 = ADVANCED_FACE('',(#6577),#6593,.F.);
#6577 = FACE_BOUND('',#6578,.F.);
#6578 = EDGE_LOOP('',(#6579,#6585,#6586,#6592));
#6579 = ORIENTED_EDGE('',*,*,#6580,.F.);
#6580 = EDGE_CURVE('',#6501,#6541,#6581,.T.);
#6581 = LINE('',#6582,#6583);
#6582 = CARTESIAN_POINT('',(0.92,0.95,0.));
#6583 = VECTOR('',#6584,1.);
#6584 = DIRECTION('',(1.,0.,0.));
#6585 = ORIENTED_EDGE('',*,*,#6500,.T.);
#6586 = ORIENTED_EDGE('',*,*,#6587,.T.);
#6587 = EDGE_CURVE('',#6503,#6543,#6588,.T.);
#6588 = LINE('',#6589,#6590);
#6589 = CARTESIAN_POINT('',(0.92,0.95,0.1));
#6590 = VECTOR('',#6591,1.);
#6591 = DIRECTION('',(1.,0.,0.));
#6592 = ORIENTED_EDGE('',*,*,#6540,.F.);
#6593 = PLANE('',#6594);
#6594 = AXIS2_PLACEMENT_3D('',#6595,#6596,#6597);
#6595 = CARTESIAN_POINT('',(0.92,0.95,0.));
#6596 = DIRECTION('',(0.,1.,0.));
#6597 = DIRECTION('',(0.,-0.,1.));
#6598 = ADVANCED_FACE('',(#6599),#6615,.T.);
#6599 = FACE_BOUND('',#6600,.T.);
#6600 = EDGE_LOOP('',(#6601,#6607,#6608,#6614));
#6601 = ORIENTED_EDGE('',*,*,#6602,.F.);
#6602 = EDGE_CURVE('',#6511,#6551,#6603,.T.);
#6603 = LINE('',#6604,#6605);
#6604 = CARTESIAN_POINT('',(0.92,1.05,0.));
#6605 = VECTOR('',#6606,1.);
#6606 = DIRECTION('',(1.,0.,0.));
#6607 = ORIENTED_EDGE('',*,*,#6518,.T.);
#6608 = ORIENTED_EDGE('',*,*,#6609,.T.);
#6609 = EDGE_CURVE('',#6519,#6559,#6610,.T.);
#6610 = LINE('',#6611,#6612);
#6611 = CARTESIAN_POINT('',(0.92,1.05,0.1));
#6612 = VECTOR('',#6613,1.);
#6613 = DIRECTION('',(1.,0.,0.));
#6614 = ORIENTED_EDGE('',*,*,#6558,.F.);
#6615 = PLANE('',#6616);
#6616 = AXIS2_PLACEMENT_3D('',#6617,#6618,#6619);
#6617 = CARTESIAN_POINT('',(0.92,1.05,0.));
#6618 = DIRECTION('',(0.,1.,0.));
#6619 = DIRECTION('',(0.,-0.,1.));
#6620 = ADVANCED_FACE('',(#6621),#6627,.F.);
#6621 = FACE_BOUND('',#6622,.F.);
#6622 = EDGE_LOOP('',(#6623,#6624,#6625,#6626));
#6623 = ORIENTED_EDGE('',*,*,#6510,.F.);
#6624 = ORIENTED_EDGE('',*,*,#6580,.T.);
#6625 = ORIENTED_EDGE('',*,*,#6550,.T.);
#6626 = ORIENTED_EDGE('',*,*,#6602,.F.);
#6627 = PLANE('',#6628);
#6628 = AXIS2_PLACEMENT_3D('',#6629,#6630,#6631);
#6629 = CARTESIAN_POINT('',(0.92,0.95,0.));
#6630 = DIRECTION('',(0.,0.,1.));
#6631 = DIRECTION('',(1.,0.,-0.));
#6632 = ADVANCED_FACE('',(#6633),#6639,.T.);
#6633 = FACE_BOUND('',#6634,.T.);
#6634 = EDGE_LOOP('',(#6635,#6636,#6637,#6638));
#6635 = ORIENTED_EDGE('',*,*,#6526,.F.);
#6636 = ORIENTED_EDGE('',*,*,#6587,.T.);
#6637 = ORIENTED_EDGE('',*,*,#6566,.T.);
#6638 = ORIENTED_EDGE('',*,*,#6609,.F.);
#6639 = PLANE('',#6640);
#6640 = AXIS2_PLACEMENT_3D('',#6641,#6642,#6643);
#6641 = CARTESIAN_POINT('',(0.92,0.95,0.1));
#6642 = DIRECTION('',(0.,0.,1.));
#6643 = DIRECTION('',(1.,0.,-0.));
#6644 = MANIFOLD_SOLID_BREP('',#6645);
#6645 = CLOSED_SHELL('',(#6646,#6686,#6726,#6748,#6770,#6782));
#6646 = ADVANCED_FACE('',(#6647),#6681,.F.);
#6647 = FACE_BOUND('',#6648,.F.);
#6648 = EDGE_LOOP('',(#6649,#6659,#6667,#6675));
#6649 = ORIENTED_EDGE('',*,*,#6650,.F.);
#6650 = EDGE_CURVE('',#6651,#6653,#6655,.T.);
#6651 = VERTEX_POINT('',#6652);
#6652 = CARTESIAN_POINT('',(0.24,0.95,0.19));
#6653 = VERTEX_POINT('',#6654);
#6654 = CARTESIAN_POINT('',(0.24,0.95,0.31));
#6655 = LINE('',#6656,#6657);
#6656 = CARTESIAN_POINT('',(0.24,0.95,0.19));
#6657 = VECTOR('',#6658,1.);
#6658 = DIRECTION('',(0.,0.,1.));
#6659 = ORIENTED_EDGE('',*,*,#6660,.T.);
#6660 = EDGE_CURVE('',#6651,#6661,#6663,.T.);
#6661 = VERTEX_POINT('',#6662);
#6662 = CARTESIAN_POINT('',(0.24,1.05,0.19));
#6663 = LINE('',#6664,#6665);
#6664 = CARTESIAN_POINT('',(0.24,0.95,0.19));
#6665 = VECTOR('',#6666,1.);
#6666 = DIRECTION('',(0.,1.,0.));
#6667 = ORIENTED_EDGE('',*,*,#6668,.T.);
#6668 = EDGE_CURVE('',#6661,#6669,#6671,.T.);
#6669 = VERTEX_POINT('',#6670);
#6670 = CARTESIAN_POINT('',(0.24,1.05,0.31));
#6671 = LINE('',#6672,#6673);
#6672 = CARTESIAN_POINT('',(0.24,1.05,0.19));
#6673 = VECTOR('',#6674,1.);
#6674 = DIRECTION('',(0.,0.,1.));
#6675 = ORIENTED_EDGE('',*,*,#6676,.F.);
#6676 = EDGE_CURVE('',#6653,#6669,#6677,.T.);
#6677 = LINE('',#6678,#6679);
#6678 = CARTESIAN_POINT('',(0.24,0.95,0.31));
#6679 = VECTOR('',#6680,1.);
#6680 = DIRECTION('',(0.,1.,0.));
#6681 = PLANE('',#6682);
#6682 = AXIS2_PLACEMENT_3D('',#6683,#6684,#6685);
#6683 = CARTESIAN_POINT('',(0.24,0.95,0.19));
#6684 = DIRECTION('',(1.,0.,0.));
#6685 = DIRECTION('',(0.,0.,1.));
#6686 = ADVANCED_FACE('',(#6687),#6721,.T.);
#6687 = FACE_BOUND('',#6688,.T.);
#6688 = EDGE_LOOP('',(#6689,#6699,#6707,#6715));
#6689 = ORIENTED_EDGE('',*,*,#6690,.F.);
#6690 = EDGE_CURVE('',#6691,#6693,#6695,.T.);
#6691 = VERTEX_POINT('',#6692);
#6692 = CARTESIAN_POINT('',(0.89,0.95,0.19));
#6693 = VERTEX_POINT('',#6694);
#6694 = CARTESIAN_POINT('',(0.89,0.95,0.31));
#6695 = LINE('',#6696,#6697);
#6696 = CARTESIAN_POINT('',(0.89,0.95,0.19));
#6697 = VECTOR('',#6698,1.);
#6698 = DIRECTION('',(0.,0.,1.));
#6699 = ORIENTED_EDGE('',*,*,#6700,.T.);
#6700 = EDGE_CURVE('',#6691,#6701,#6703,.T.);
#6701 = VERTEX_POINT('',#6702);
#6702 = CARTESIAN_POINT('',(0.89,1.05,0.19));
#6703 = LINE('',#6704,#6705);
#6704 = CARTESIAN_POINT('',(0.89,0.95,0.19));
#6705 = VECTOR('',#6706,1.);
#6706 = DIRECTION('',(0.,1.,0.));
#6707 = ORIENTED_EDGE('',*,*,#6708,.T.);
#6708 = EDGE_CURVE('',#6701,#6709,#6711,.T.);
#6709 = VERTEX_POINT('',#6710);
#6710 = CARTESIAN_POINT('',(0.89,1.05,0.31));
#6711 = LINE('',#6712,#6713);
#6712 = CARTESIAN_POINT('',(0.89,1.05,0.19));
#6713 = VECTOR('',#6714,1.);
#6714 = DIRECTION('',(0.,0.,1.));
#6715 = ORIENTED_EDGE('',*,*,#6716,.F.);
#6716 = EDGE_CURVE('',#6693,#6709,#6717,.T.);
#6717 = LINE('',#6718,#6719);
#6718 = CARTESIAN_POINT('',(0.89,0.95,0.31));
#6719 = VECTOR('',#6720,1.);
#6720 = DIRECTION('',(0.,1.,0.));
#6721 = PLANE('',#6722);
#6722 = AXIS2_PLACEMENT_3D('',#6723,#6724,#6725);
#6723 = CARTESIAN_POINT('',(0.89,0.95,0.19));
#6724 = DIRECTION('',(1.,0.,0.));
#6725 = DIRECTION('',(0.,0.,1.));
#6726 = ADVANCED_FACE('',(#6727),#6743,.F.);
#6727 = FACE_BOUND('',#6728,.F.);
#6728 = EDGE_LOOP('',(#6729,#6735,#6736,#6742));
#6729 = ORIENTED_EDGE('',*,*,#6730,.F.);
#6730 = EDGE_CURVE('',#6651,#6691,#6731,.T.);
#6731 = LINE('',#6732,#6733);
#6732 = CARTESIAN_POINT('',(0.24,0.95,0.19));
#6733 = VECTOR('',#6734,1.);
#6734 = DIRECTION('',(1.,0.,0.));
#6735 = ORIENTED_EDGE('',*,*,#6650,.T.);
#6736 = ORIENTED_EDGE('',*,*,#6737,.T.);
#6737 = EDGE_CURVE('',#6653,#6693,#6738,.T.);
#6738 = LINE('',#6739,#6740);
#6739 = CARTESIAN_POINT('',(0.24,0.95,0.31));
#6740 = VECTOR('',#6741,1.);
#6741 = DIRECTION('',(1.,0.,0.));
#6742 = ORIENTED_EDGE('',*,*,#6690,.F.);
#6743 = PLANE('',#6744);
#6744 = AXIS2_PLACEMENT_3D('',#6745,#6746,#6747);
#6745 = CARTESIAN_POINT('',(0.24,0.95,0.19));
#6746 = DIRECTION('',(0.,1.,0.));
#6747 = DIRECTION('',(0.,-0.,1.));
#6748 = ADVANCED_FACE('',(#6749),#6765,.T.);
#6749 = FACE_BOUND('',#6750,.T.);
#6750 = EDGE_LOOP('',(#6751,#6757,#6758,#6764));
#6751 = ORIENTED_EDGE('',*,*,#6752,.F.);
#6752 = EDGE_CURVE('',#6661,#6701,#6753,.T.);
#6753 = LINE('',#6754,#6755);
#6754 = CARTESIAN_POINT('',(0.24,1.05,0.19));
#6755 = VECTOR('',#6756,1.);
#6756 = DIRECTION('',(1.,0.,0.));
#6757 = ORIENTED_EDGE('',*,*,#6668,.T.);
#6758 = ORIENTED_EDGE('',*,*,#6759,.T.);
#6759 = EDGE_CURVE('',#6669,#6709,#6760,.T.);
#6760 = LINE('',#6761,#6762);
#6761 = CARTESIAN_POINT('',(0.24,1.05,0.31));
#6762 = VECTOR('',#6763,1.);
#6763 = DIRECTION('',(1.,0.,0.));
#6764 = ORIENTED_EDGE('',*,*,#6708,.F.);
#6765 = PLANE('',#6766);
#6766 = AXIS2_PLACEMENT_3D('',#6767,#6768,#6769);
#6767 = CARTESIAN_POINT('',(0.24,1.05,0.19));
#6768 = DIRECTION('',(0.,1.,0.));
#6769 = DIRECTION('',(0.,-0.,1.));
#6770 = ADVANCED_FACE('',(#6771),#6777,.F.);
#6771 = FACE_BOUND('',#6772,.F.);
#6772 = EDGE_LOOP('',(#6773,#6774,#6775,#6776));
#6773 = ORIENTED_EDGE('',*,*,#6660,.F.);
#6774 = ORIENTED_EDGE('',*,*,#6730,.T.);
#6775 = ORIENTED_EDGE('',*,*,#6700,.T.);
#6776 = ORIENTED_EDGE('',*,*,#6752,.F.);
#6777 = PLANE('',#6778);
#6778 = AXIS2_PLACEMENT_3D('',#6779,#6780,#6781);
#6779 = CARTESIAN_POINT('',(0.24,0.95,0.19));
#6780 = DIRECTION('',(0.,0.,1.));
#6781 = DIRECTION('',(1.,0.,-0.));
#6782 = ADVANCED_FACE('',(#6783),#6789,.T.);
#6783 = FACE_BOUND('',#6784,.T.);
#6784 = EDGE_LOOP('',(#6785,#6786,#6787,#6788));
#6785 = ORIENTED_EDGE('',*,*,#6676,.F.);
#6786 = ORIENTED_EDGE('',*,*,#6737,.T.);
#6787 = ORIENTED_EDGE('',*,*,#6716,.T.);
#6788 = ORIENTED_EDGE('',*,*,#6759,.F.);
#6789 = PLANE('',#6790);
#6790 = AXIS2_PLACEMENT_3D('',#6791,#6792,#6793);
#6791 = CARTESIAN_POINT('',(0.24,0.95,0.31));
#6792 = DIRECTION('',(0.,0.,1.));
#6793 = DIRECTION('',(1.,0.,-0.));
#6794 = MANIFOLD_SOLID_BREP('',#6795);
#6795 = CLOSED_SHELL('',(#6796,#6836,#6876,#6898,#6920,#6932));
#6796 = ADVANCED_FACE('',(#6797),#6831,.F.);
#6797 = FACE_BOUND('',#6798,.F.);
#6798 = EDGE_LOOP('',(#6799,#6809,#6817,#6825));
#6799 = ORIENTED_EDGE('',*,*,#6800,.F.);
#6800 = EDGE_CURVE('',#6801,#6803,#6805,.T.);
#6801 = VERTEX_POINT('',#6802);
#6802 = CARTESIAN_POINT('',(0.92,1.35,0.));
#6803 = VERTEX_POINT('',#6804);
#6804 = CARTESIAN_POINT('',(0.92,1.35,0.1));
#6805 = LINE('',#6806,#6807);
#6806 = CARTESIAN_POINT('',(0.92,1.35,0.));
#6807 = VECTOR('',#6808,1.);
#6808 = DIRECTION('',(0.,0.,1.));
#6809 = ORIENTED_EDGE('',*,*,#6810,.T.);
#6810 = EDGE_CURVE('',#6801,#6811,#6813,.T.);
#6811 = VERTEX_POINT('',#6812);
#6812 = CARTESIAN_POINT('',(0.92,1.45,0.));
#6813 = LINE('',#6814,#6815);
#6814 = CARTESIAN_POINT('',(0.92,1.35,0.));
#6815 = VECTOR('',#6816,1.);
#6816 = DIRECTION('',(0.,1.,0.));
#6817 = ORIENTED_EDGE('',*,*,#6818,.T.);
#6818 = EDGE_CURVE('',#6811,#6819,#6821,.T.);
#6819 = VERTEX_POINT('',#6820);
#6820 = CARTESIAN_POINT('',(0.92,1.45,0.1));
#6821 = LINE('',#6822,#6823);
#6822 = CARTESIAN_POINT('',(0.92,1.45,0.));
#6823 = VECTOR('',#6824,1.);
#6824 = DIRECTION('',(0.,0.,1.));
#6825 = ORIENTED_EDGE('',*,*,#6826,.F.);
#6826 = EDGE_CURVE('',#6803,#6819,#6827,.T.);
#6827 = LINE('',#6828,#6829);
#6828 = CARTESIAN_POINT('',(0.92,1.35,0.1));
#6829 = VECTOR('',#6830,1.);
#6830 = DIRECTION('',(0.,1.,0.));
#6831 = PLANE('',#6832);
#6832 = AXIS2_PLACEMENT_3D('',#6833,#6834,#6835);
#6833 = CARTESIAN_POINT('',(0.92,1.35,0.));
#6834 = DIRECTION('',(1.,0.,0.));
#6835 = DIRECTION('',(0.,0.,1.));
#6836 = ADVANCED_FACE('',(#6837),#6871,.T.);
#6837 = FACE_BOUND('',#6838,.T.);
#6838 = EDGE_LOOP('',(#6839,#6849,#6857,#6865));
#6839 = ORIENTED_EDGE('',*,*,#6840,.F.);
#6840 = EDGE_CURVE('',#6841,#6843,#6845,.T.);
#6841 = VERTEX_POINT('',#6842);
#6842 = CARTESIAN_POINT('',(1.295,1.35,0.));
#6843 = VERTEX_POINT('',#6844);
#6844 = CARTESIAN_POINT('',(1.295,1.35,0.1));
#6845 = LINE('',#6846,#6847);
#6846 = CARTESIAN_POINT('',(1.295,1.35,0.));
#6847 = VECTOR('',#6848,1.);
#6848 = DIRECTION('',(0.,0.,1.));
#6849 = ORIENTED_EDGE('',*,*,#6850,.T.);
#6850 = EDGE_CURVE('',#6841,#6851,#6853,.T.);
#6851 = VERTEX_POINT('',#6852);
#6852 = CARTESIAN_POINT('',(1.295,1.45,0.));
#6853 = LINE('',#6854,#6855);
#6854 = CARTESIAN_POINT('',(1.295,1.35,0.));
#6855 = VECTOR('',#6856,1.);
#6856 = DIRECTION('',(0.,1.,0.));
#6857 = ORIENTED_EDGE('',*,*,#6858,.T.);
#6858 = EDGE_CURVE('',#6851,#6859,#6861,.T.);
#6859 = VERTEX_POINT('',#6860);
#6860 = CARTESIAN_POINT('',(1.295,1.45,0.1));
#6861 = LINE('',#6862,#6863);
#6862 = CARTESIAN_POINT('',(1.295,1.45,0.));
#6863 = VECTOR('',#6864,1.);
#6864 = DIRECTION('',(0.,0.,1.));
#6865 = ORIENTED_EDGE('',*,*,#6866,.F.);
#6866 = EDGE_CURVE('',#6843,#6859,#6867,.T.);
#6867 = LINE('',#6868,#6869);
#6868 = CARTESIAN_POINT('',(1.295,1.35,0.1));
#6869 = VECTOR('',#6870,1.);
#6870 = DIRECTION('',(0.,1.,0.));
#6871 = PLANE('',#6872);
#6872 = AXIS2_PLACEMENT_3D('',#6873,#6874,#6875);
#6873 = CARTESIAN_POINT('',(1.295,1.35,0.));
#6874 = DIRECTION('',(1.,0.,0.));
#6875 = DIRECTION('',(0.,0.,1.));
#6876 = ADVANCED_FACE('',(#6877),#6893,.F.);
#6877 = FACE_BOUND('',#6878,.F.);
#6878 = EDGE_LOOP('',(#6879,#6885,#6886,#6892));
#6879 = ORIENTED_EDGE('',*,*,#6880,.F.);
#6880 = EDGE_CURVE('',#6801,#6841,#6881,.T.);
#6881 = LINE('',#6882,#6883);
#6882 = CARTESIAN_POINT('',(0.92,1.35,0.));
#6883 = VECTOR('',#6884,1.);
#6884 = DIRECTION('',(1.,0.,0.));
#6885 = ORIENTED_EDGE('',*,*,#6800,.T.);
#6886 = ORIENTED_EDGE('',*,*,#6887,.T.);
#6887 = EDGE_CURVE('',#6803,#6843,#6888,.T.);
#6888 = LINE('',#6889,#6890);
#6889 = CARTESIAN_POINT('',(0.92,1.35,0.1));
#6890 = VECTOR('',#6891,1.);
#6891 = DIRECTION('',(1.,0.,0.));
#6892 = ORIENTED_EDGE('',*,*,#6840,.F.);
#6893 = PLANE('',#6894);
#6894 = AXIS2_PLACEMENT_3D('',#6895,#6896,#6897);
#6895 = CARTESIAN_POINT('',(0.92,1.35,0.));
#6896 = DIRECTION('',(0.,1.,0.));
#6897 = DIRECTION('',(0.,-0.,1.));
#6898 = ADVANCED_FACE('',(#6899),#6915,.T.);
#6899 = FACE_BOUND('',#6900,.T.);
#6900 = EDGE_LOOP('',(#6901,#6907,#6908,#6914));
#6901 = ORIENTED_EDGE('',*,*,#6902,.F.);
#6902 = EDGE_CURVE('',#6811,#6851,#6903,.T.);
#6903 = LINE('',#6904,#6905);
#6904 = CARTESIAN_POINT('',(0.92,1.45,0.));
#6905 = VECTOR('',#6906,1.);
#6906 = DIRECTION('',(1.,0.,0.));
#6907 = ORIENTED_EDGE('',*,*,#6818,.T.);
#6908 = ORIENTED_EDGE('',*,*,#6909,.T.);
#6909 = EDGE_CURVE('',#6819,#6859,#6910,.T.);
#6910 = LINE('',#6911,#6912);
#6911 = CARTESIAN_POINT('',(0.92,1.45,0.1));
#6912 = VECTOR('',#6913,1.);
#6913 = DIRECTION('',(1.,0.,0.));
#6914 = ORIENTED_EDGE('',*,*,#6858,.F.);
#6915 = PLANE('',#6916);
#6916 = AXIS2_PLACEMENT_3D('',#6917,#6918,#6919);
#6917 = CARTESIAN_POINT('',(0.92,1.45,0.));
#6918 = DIRECTION('',(0.,1.,0.));
#6919 = DIRECTION('',(0.,-0.,1.));
#6920 = ADVANCED_FACE('',(#6921),#6927,.F.);
#6921 = FACE_BOUND('',#6922,.F.);
#6922 = EDGE_LOOP('',(#6923,#6924,#6925,#6926));
#6923 = ORIENTED_EDGE('',*,*,#6810,.F.);
#6924 = ORIENTED_EDGE('',*,*,#6880,.T.);
#6925 = ORIENTED_EDGE('',*,*,#6850,.T.);
#6926 = ORIENTED_EDGE('',*,*,#6902,.F.);
#6927 = PLANE('',#6928);
#6928 = AXIS2_PLACEMENT_3D('',#6929,#6930,#6931);
#6929 = CARTESIAN_POINT('',(0.92,1.35,0.));
#6930 = DIRECTION('',(0.,0.,1.));
#6931 = DIRECTION('',(1.,0.,-0.));
#6932 = ADVANCED_FACE('',(#6933),#6939,.T.);
#6933 = FACE_BOUND('',#6934,.T.);
#6934 = EDGE_LOOP('',(#6935,#6936,#6937,#6938));
#6935 = ORIENTED_EDGE('',*,*,#6826,.F.);
#6936 = ORIENTED_EDGE('',*,*,#6887,.T.);
#6937 = ORIENTED_EDGE('',*,*,#6866,.T.);
#6938 = ORIENTED_EDGE('',*,*,#6909,.F.);
#6939 = PLANE('',#6940);
#6940 = AXIS2_PLACEMENT_3D('',#6941,#6942,#6943);
#6941 = CARTESIAN_POINT('',(0.92,1.35,0.1));
#6942 = DIRECTION('',(0.,0.,1.));
#6943 = DIRECTION('',(1.,0.,-0.));
#6944 = MANIFOLD_SOLID_BREP('',#6945);
#6945 = CLOSED_SHELL('',(#6946,#6986,#7026,#7048,#7070,#7082));
#6946 = ADVANCED_FACE('',(#6947),#6981,.F.);
#6947 = FACE_BOUND('',#6948,.F.);
#6948 = EDGE_LOOP('',(#6949,#6959,#6967,#6975));
#6949 = ORIENTED_EDGE('',*,*,#6950,.F.);
#6950 = EDGE_CURVE('',#6951,#6953,#6955,.T.);
#6951 = VERTEX_POINT('',#6952);
#6952 = CARTESIAN_POINT('',(0.24,1.35,0.19));
#6953 = VERTEX_POINT('',#6954);
#6954 = CARTESIAN_POINT('',(0.24,1.35,0.31));
#6955 = LINE('',#6956,#6957);
#6956 = CARTESIAN_POINT('',(0.24,1.35,0.19));
#6957 = VECTOR('',#6958,1.);
#6958 = DIRECTION('',(0.,0.,1.));
#6959 = ORIENTED_EDGE('',*,*,#6960,.T.);
#6960 = EDGE_CURVE('',#6951,#6961,#6963,.T.);
#6961 = VERTEX_POINT('',#6962);
#6962 = CARTESIAN_POINT('',(0.24,1.45,0.19));
#6963 = LINE('',#6964,#6965);
#6964 = CARTESIAN_POINT('',(0.24,1.35,0.19));
#6965 = VECTOR('',#6966,1.);
#6966 = DIRECTION('',(0.,1.,0.));
#6967 = ORIENTED_EDGE('',*,*,#6968,.T.);
#6968 = EDGE_CURVE('',#6961,#6969,#6971,.T.);
#6969 = VERTEX_POINT('',#6970);
#6970 = CARTESIAN_POINT('',(0.24,1.45,0.31));
#6971 = LINE('',#6972,#6973);
#6972 = CARTESIAN_POINT('',(0.24,1.45,0.19));
#6973 = VECTOR('',#6974,1.);
#6974 = DIRECTION('',(0.,0.,1.));
#6975 = ORIENTED_EDGE('',*,*,#6976,.F.);
#6976 = EDGE_CURVE('',#6953,#6969,#6977,.T.);
#6977 = LINE('',#6978,#6979);
#6978 = CARTESIAN_POINT('',(0.24,1.35,0.31));
#6979 = VECTOR('',#6980,1.);
#6980 = DIRECTION('',(0.,1.,0.));
#6981 = PLANE('',#6982);
#6982 = AXIS2_PLACEMENT_3D('',#6983,#6984,#6985);
#6983 = CARTESIAN_POINT('',(0.24,1.35,0.19));
#6984 = DIRECTION('',(1.,0.,0.));
#6985 = DIRECTION('',(0.,0.,1.));
#6986 = ADVANCED_FACE('',(#6987),#7021,.T.);
#6987 = FACE_BOUND('',#6988,.T.);
#6988 = EDGE_LOOP('',(#6989,#6999,#7007,#7015));
#6989 = ORIENTED_EDGE('',*,*,#6990,.F.);
#6990 = EDGE_CURVE('',#6991,#6993,#6995,.T.);
#6991 = VERTEX_POINT('',#6992);
#6992 = CARTESIAN_POINT('',(0.89,1.35,0.19));
#6993 = VERTEX_POINT('',#6994);
#6994 = CARTESIAN_POINT('',(0.89,1.35,0.31));
#6995 = LINE('',#6996,#6997);
#6996 = CARTESIAN_POINT('',(0.89,1.35,0.19));
#6997 = VECTOR('',#6998,1.);
#6998 = DIRECTION('',(0.,0.,1.));
#6999 = ORIENTED_EDGE('',*,*,#7000,.T.);
#7000 = EDGE_CURVE('',#6991,#7001,#7003,.T.);
#7001 = VERTEX_POINT('',#7002);
#7002 = CARTESIAN_POINT('',(0.89,1.45,0.19));
#7003 = LINE('',#7004,#7005);
#7004 = CARTESIAN_POINT('',(0.89,1.35,0.19));
#7005 = VECTOR('',#7006,1.);
#7006 = DIRECTION('',(0.,1.,0.));
#7007 = ORIENTED_EDGE('',*,*,#7008,.T.);
#7008 = EDGE_CURVE('',#7001,#7009,#7011,.T.);
#7009 = VERTEX_POINT('',#7010);
#7010 = CARTESIAN_POINT('',(0.89,1.45,0.31));
#7011 = LINE('',#7012,#7013);
#7012 = CARTESIAN_POINT('',(0.89,1.45,0.19));
#7013 = VECTOR('',#7014,1.);
#7014 = DIRECTION('',(0.,0.,1.));
#7015 = ORIENTED_EDGE('',*,*,#7016,.F.);
#7016 = EDGE_CURVE('',#6993,#7009,#7017,.T.);
#7017 = LINE('',#7018,#7019);
#7018 = CARTESIAN_POINT('',(0.89,1.35,0.31));
#7019 = VECTOR('',#7020,1.);
#7020 = DIRECTION('',(0.,1.,0.));
#7021 = PLANE('',#7022);
#7022 = AXIS2_PLACEMENT_3D('',#7023,#7024,#7025);
#7023 = CARTESIAN_POINT('',(0.89,1.35,0.19));
#7024 = DIRECTION('',(1.,0.,0.));
#7025 = DIRECTION('',(0.,0.,1.));
#7026 = ADVANCED_FACE('',(#7027),#7043,.F.);
#7027 = FACE_BOUND('',#7028,.F.);
#7028 = EDGE_LOOP('',(#7029,#7035,#7036,#7042));
#7029 = ORIENTED_EDGE('',*,*,#7030,.F.);
#7030 = EDGE_CURVE('',#6951,#6991,#7031,.T.);
#7031 = LINE('',#7032,#7033);
#7032 = CARTESIAN_POINT('',(0.24,1.35,0.19));
#7033 = VECTOR('',#7034,1.);
#7034 = DIRECTION('',(1.,0.,0.));
#7035 = ORIENTED_EDGE('',*,*,#6950,.T.);
#7036 = ORIENTED_EDGE('',*,*,#7037,.T.);
#7037 = EDGE_CURVE('',#6953,#6993,#7038,.T.);
#7038 = LINE('',#7039,#7040);
#7039 = CARTESIAN_POINT('',(0.24,1.35,0.31));
#7040 = VECTOR('',#7041,1.);
#7041 = DIRECTION('',(1.,0.,0.));
#7042 = ORIENTED_EDGE('',*,*,#6990,.F.);
#7043 = PLANE('',#7044);
#7044 = AXIS2_PLACEMENT_3D('',#7045,#7046,#7047);
#7045 = CARTESIAN_POINT('',(0.24,1.35,0.19));
#7046 = DIRECTION('',(0.,1.,0.));
#7047 = DIRECTION('',(0.,-0.,1.));
#7048 = ADVANCED_FACE('',(#7049),#7065,.T.);
#7049 = FACE_BOUND('',#7050,.T.);
#7050 = EDGE_LOOP('',(#7051,#7057,#7058,#7064));
#7051 = ORIENTED_EDGE('',*,*,#7052,.F.);
#7052 = EDGE_CURVE('',#6961,#7001,#7053,.T.);
#7053 = LINE('',#7054,#7055);
#7054 = CARTESIAN_POINT('',(0.24,1.45,0.19));
#7055 = VECTOR('',#7056,1.);
#7056 = DIRECTION('',(1.,0.,0.));
#7057 = ORIENTED_EDGE('',*,*,#6968,.T.);
#7058 = ORIENTED_EDGE('',*,*,#7059,.T.);
#7059 = EDGE_CURVE('',#6969,#7009,#7060,.T.);
#7060 = LINE('',#7061,#7062);
#7061 = CARTESIAN_POINT('',(0.24,1.45,0.31));
#7062 = VECTOR('',#7063,1.);
#7063 = DIRECTION('',(1.,0.,0.));
#7064 = ORIENTED_EDGE('',*,*,#7008,.F.);
#7065 = PLANE('',#7066);
#7066 = AXIS2_PLACEMENT_3D('',#7067,#7068,#7069);
#7067 = CARTESIAN_POINT('',(0.24,1.45,0.19));
#7068 = DIRECTION('',(0.,1.,0.));
#7069 = DIRECTION('',(0.,-0.,1.));
#7070 = ADVANCED_FACE('',(#7071),#7077,.F.);
#7071 = FACE_BOUND('',#7072,.F.);
#7072 = EDGE_LOOP('',(#7073,#7074,#7075,#7076));
#7073 = ORIENTED_EDGE('',*,*,#6960,.F.);
#7074 = ORIENTED_EDGE('',*,*,#7030,.T.);
#7075 = ORIENTED_EDGE('',*,*,#7000,.T.);
#7076 = ORIENTED_EDGE('',*,*,#7052,.F.);
#7077 = PLANE('',#7078);
#7078 = AXIS2_PLACEMENT_3D('',#7079,#7080,#7081);
#7079 = CARTESIAN_POINT('',(0.24,1.35,0.19));
#7080 = DIRECTION('',(0.,0.,1.));
#7081 = DIRECTION('',(1.,0.,-0.));
#7082 = ADVANCED_FACE('',(#7083),#7089,.T.);
#7083 = FACE_BOUND('',#7084,.T.);
#7084 = EDGE_LOOP('',(#7085,#7086,#7087,#7088));
#7085 = ORIENTED_EDGE('',*,*,#6976,.F.);
#7086 = ORIENTED_EDGE('',*,*,#7037,.T.);
#7087 = ORIENTED_EDGE('',*,*,#7016,.T.);
#7088 = ORIENTED_EDGE('',*,*,#7059,.F.);
#7089 = PLANE('',#7090);
#7090 = AXIS2_PLACEMENT_3D('',#7091,#7092,#7093);
#7091 = CARTESIAN_POINT('',(0.24,1.35,0.31));
#7092 = DIRECTION('',(0.,0.,1.));
#7093 = DIRECTION('',(1.,0.,-0.));
#7094 = MANIFOLD_SOLID_BREP('',#7095);
#7095 = CLOSED_SHELL('',(#7096,#7136,#7176,#7198,#7220,#7232));
#7096 = ADVANCED_FACE('',(#7097),#7131,.F.);
#7097 = FACE_BOUND('',#7098,.F.);
#7098 = EDGE_LOOP('',(#7099,#7109,#7117,#7125));
#7099 = ORIENTED_EDGE('',*,*,#7100,.F.);
#7100 = EDGE_CURVE('',#7101,#7103,#7105,.T.);
#7101 = VERTEX_POINT('',#7102);
#7102 = CARTESIAN_POINT('',(0.92,1.75,0.));
#7103 = VERTEX_POINT('',#7104);
#7104 = CARTESIAN_POINT('',(0.92,1.75,0.1));
#7105 = LINE('',#7106,#7107);
#7106 = CARTESIAN_POINT('',(0.92,1.75,0.));
#7107 = VECTOR('',#7108,1.);
#7108 = DIRECTION('',(0.,0.,1.));
#7109 = ORIENTED_EDGE('',*,*,#7110,.T.);
#7110 = EDGE_CURVE('',#7101,#7111,#7113,.T.);
#7111 = VERTEX_POINT('',#7112);
#7112 = CARTESIAN_POINT('',(0.92,1.85,0.));
#7113 = LINE('',#7114,#7115);
#7114 = CARTESIAN_POINT('',(0.92,1.75,0.));
#7115 = VECTOR('',#7116,1.);
#7116 = DIRECTION('',(0.,1.,0.));
#7117 = ORIENTED_EDGE('',*,*,#7118,.T.);
#7118 = EDGE_CURVE('',#7111,#7119,#7121,.T.);
#7119 = VERTEX_POINT('',#7120);
#7120 = CARTESIAN_POINT('',(0.92,1.85,0.1));
#7121 = LINE('',#7122,#7123);
#7122 = CARTESIAN_POINT('',(0.92,1.85,0.));
#7123 = VECTOR('',#7124,1.);
#7124 = DIRECTION('',(0.,0.,1.));
#7125 = ORIENTED_EDGE('',*,*,#7126,.F.);
#7126 = EDGE_CURVE('',#7103,#7119,#7127,.T.);
#7127 = LINE('',#7128,#7129);
#7128 = CARTESIAN_POINT('',(0.92,1.75,0.1));
#7129 = VECTOR('',#7130,1.);
#7130 = DIRECTION('',(0.,1.,0.));
#7131 = PLANE('',#7132);
#7132 = AXIS2_PLACEMENT_3D('',#7133,#7134,#7135);
#7133 = CARTESIAN_POINT('',(0.92,1.75,0.));
#7134 = DIRECTION('',(1.,0.,0.));
#7135 = DIRECTION('',(0.,0.,1.));
#7136 = ADVANCED_FACE('',(#7137),#7171,.T.);
#7137 = FACE_BOUND('',#7138,.T.);
#7138 = EDGE_LOOP('',(#7139,#7149,#7157,#7165));
#7139 = ORIENTED_EDGE('',*,*,#7140,.F.);
#7140 = EDGE_CURVE('',#7141,#7143,#7145,.T.);
#7141 = VERTEX_POINT('',#7142);
#7142 = CARTESIAN_POINT('',(1.295,1.75,0.));
#7143 = VERTEX_POINT('',#7144);
#7144 = CARTESIAN_POINT('',(1.295,1.75,0.1));
#7145 = LINE('',#7146,#7147);
#7146 = CARTESIAN_POINT('',(1.295,1.75,0.));
#7147 = VECTOR('',#7148,1.);
#7148 = DIRECTION('',(0.,0.,1.));
#7149 = ORIENTED_EDGE('',*,*,#7150,.T.);
#7150 = EDGE_CURVE('',#7141,#7151,#7153,.T.);
#7151 = VERTEX_POINT('',#7152);
#7152 = CARTESIAN_POINT('',(1.295,1.85,0.));
#7153 = LINE('',#7154,#7155);
#7154 = CARTESIAN_POINT('',(1.295,1.75,0.));
#7155 = VECTOR('',#7156,1.);
#7156 = DIRECTION('',(0.,1.,0.));
#7157 = ORIENTED_EDGE('',*,*,#7158,.T.);
#7158 = EDGE_CURVE('',#7151,#7159,#7161,.T.);
#7159 = VERTEX_POINT('',#7160);
#7160 = CARTESIAN_POINT('',(1.295,1.85,0.1));
#7161 = LINE('',#7162,#7163);
#7162 = CARTESIAN_POINT('',(1.295,1.85,0.));
#7163 = VECTOR('',#7164,1.);
#7164 = DIRECTION('',(0.,0.,1.));
#7165 = ORIENTED_EDGE('',*,*,#7166,.F.);
#7166 = EDGE_CURVE('',#7143,#7159,#7167,.T.);
#7167 = LINE('',#7168,#7169);
#7168 = CARTESIAN_POINT('',(1.295,1.75,0.1));
#7169 = VECTOR('',#7170,1.);
#7170 = DIRECTION('',(0.,1.,0.));
#7171 = PLANE('',#7172);
#7172 = AXIS2_PLACEMENT_3D('',#7173,#7174,#7175);
#7173 = CARTESIAN_POINT('',(1.295,1.75,0.));
#7174 = DIRECTION('',(1.,0.,0.));
#7175 = DIRECTION('',(0.,0.,1.));
#7176 = ADVANCED_FACE('',(#7177),#7193,.F.);
#7177 = FACE_BOUND('',#7178,.F.);
#7178 = EDGE_LOOP('',(#7179,#7185,#7186,#7192));
#7179 = ORIENTED_EDGE('',*,*,#7180,.F.);
#7180 = EDGE_CURVE('',#7101,#7141,#7181,.T.);
#7181 = LINE('',#7182,#7183);
#7182 = CARTESIAN_POINT('',(0.92,1.75,0.));
#7183 = VECTOR('',#7184,1.);
#7184 = DIRECTION('',(1.,0.,0.));
#7185 = ORIENTED_EDGE('',*,*,#7100,.T.);
#7186 = ORIENTED_EDGE('',*,*,#7187,.T.);
#7187 = EDGE_CURVE('',#7103,#7143,#7188,.T.);
#7188 = LINE('',#7189,#7190);
#7189 = CARTESIAN_POINT('',(0.92,1.75,0.1));
#7190 = VECTOR('',#7191,1.);
#7191 = DIRECTION('',(1.,0.,0.));
#7192 = ORIENTED_EDGE('',*,*,#7140,.F.);
#7193 = PLANE('',#7194);
#7194 = AXIS2_PLACEMENT_3D('',#7195,#7196,#7197);
#7195 = CARTESIAN_POINT('',(0.92,1.75,0.));
#7196 = DIRECTION('',(0.,1.,0.));
#7197 = DIRECTION('',(0.,-0.,1.));
#7198 = ADVANCED_FACE('',(#7199),#7215,.T.);
#7199 = FACE_BOUND('',#7200,.T.);
#7200 = EDGE_LOOP('',(#7201,#7207,#7208,#7214));
#7201 = ORIENTED_EDGE('',*,*,#7202,.F.);
#7202 = EDGE_CURVE('',#7111,#7151,#7203,.T.);
#7203 = LINE('',#7204,#7205);
#7204 = CARTESIAN_POINT('',(0.92,1.85,0.));
#7205 = VECTOR('',#7206,1.);
#7206 = DIRECTION('',(1.,0.,0.));
#7207 = ORIENTED_EDGE('',*,*,#7118,.T.);
#7208 = ORIENTED_EDGE('',*,*,#7209,.T.);
#7209 = EDGE_CURVE('',#7119,#7159,#7210,.T.);
#7210 = LINE('',#7211,#7212);
#7211 = CARTESIAN_POINT('',(0.92,1.85,0.1));
#7212 = VECTOR('',#7213,1.);
#7213 = DIRECTION('',(1.,0.,0.));
#7214 = ORIENTED_EDGE('',*,*,#7158,.F.);
#7215 = PLANE('',#7216);
#7216 = AXIS2_PLACEMENT_3D('',#7217,#7218,#7219);
#7217 = CARTESIAN_POINT('',(0.92,1.85,0.));
#7218 = DIRECTION('',(0.,1.,0.));
#7219 = DIRECTION('',(0.,-0.,1.));
#7220 = ADVANCED_FACE('',(#7221),#7227,.F.);
#7221 = FACE_BOUND('',#7222,.F.);
#7222 = EDGE_LOOP('',(#7223,#7224,#7225,#7226));
#7223 = ORIENTED_EDGE('',*,*,#7110,.F.);
#7224 = ORIENTED_EDGE('',*,*,#7180,.T.);
#7225 = ORIENTED_EDGE('',*,*,#7150,.T.);
#7226 = ORIENTED_EDGE('',*,*,#7202,.F.);
#7227 = PLANE('',#7228);
#7228 = AXIS2_PLACEMENT_3D('',#7229,#7230,#7231);
#7229 = CARTESIAN_POINT('',(0.92,1.75,0.));
#7230 = DIRECTION('',(0.,0.,1.));
#7231 = DIRECTION('',(1.,0.,-0.));
#7232 = ADVANCED_FACE('',(#7233),#7239,.T.);
#7233 = FACE_BOUND('',#7234,.T.);
#7234 = EDGE_LOOP('',(#7235,#7236,#7237,#7238));
#7235 = ORIENTED_EDGE('',*,*,#7126,.F.);
#7236 = ORIENTED_EDGE('',*,*,#7187,.T.);
#7237 = ORIENTED_EDGE('',*,*,#7166,.T.);
#7238 = ORIENTED_EDGE('',*,*,#7209,.F.);
#7239 = PLANE('',#7240);
#7240 = AXIS2_PLACEMENT_3D('',#7241,#7242,#7243);
#7241 = CARTESIAN_POINT('',(0.92,1.75,0.1));
#7242 = DIRECTION('',(0.,0.,1.));
#7243 = DIRECTION('',(1.,0.,-0.));
#7244 = MANIFOLD_SOLID_BREP('',#7245);
#7245 = CLOSED_SHELL('',(#7246,#7286,#7326,#7348,#7370,#7382));
#7246 = ADVANCED_FACE('',(#7247),#7281,.F.);
#7247 = FACE_BOUND('',#7248,.F.);
#7248 = EDGE_LOOP('',(#7249,#7259,#7267,#7275));
#7249 = ORIENTED_EDGE('',*,*,#7250,.F.);
#7250 = EDGE_CURVE('',#7251,#7253,#7255,.T.);
#7251 = VERTEX_POINT('',#7252);
#7252 = CARTESIAN_POINT('',(0.24,1.75,0.19));
#7253 = VERTEX_POINT('',#7254);
#7254 = CARTESIAN_POINT('',(0.24,1.75,0.31));
#7255 = LINE('',#7256,#7257);
#7256 = CARTESIAN_POINT('',(0.24,1.75,0.19));
#7257 = VECTOR('',#7258,1.);
#7258 = DIRECTION('',(0.,0.,1.));
#7259 = ORIENTED_EDGE('',*,*,#7260,.T.);
#7260 = EDGE_CURVE('',#7251,#7261,#7263,.T.);
#7261 = VERTEX_POINT('',#7262);
#7262 = CARTESIAN_POINT('',(0.24,1.85,0.19));
#7263 = LINE('',#7264,#7265);
#7264 = CARTESIAN_POINT('',(0.24,1.75,0.19));
#7265 = VECTOR('',#7266,1.);
#7266 = DIRECTION('',(0.,1.,0.));
#7267 = ORIENTED_EDGE('',*,*,#7268,.T.);
#7268 = EDGE_CURVE('',#7261,#7269,#7271,.T.);
#7269 = VERTEX_POINT('',#7270);
#7270 = CARTESIAN_POINT('',(0.24,1.85,0.31));
#7271 = LINE('',#7272,#7273);
#7272 = CARTESIAN_POINT('',(0.24,1.85,0.19));
#7273 = VECTOR('',#7274,1.);
#7274 = DIRECTION('',(0.,0.,1.));
#7275 = ORIENTED_EDGE('',*,*,#7276,.F.);
#7276 = EDGE_CURVE('',#7253,#7269,#7277,.T.);
#7277 = LINE('',#7278,#7279);
#7278 = CARTESIAN_POINT('',(0.24,1.75,0.31));
#7279 = VECTOR('',#7280,1.);
#7280 = DIRECTION('',(0.,1.,0.));
#7281 = PLANE('',#7282);
#7282 = AXIS2_PLACEMENT_3D('',#7283,#7284,#7285);
#7283 = CARTESIAN_POINT('',(0.24,1.75,0.19));
#7284 = DIRECTION('',(1.,0.,0.));
#7285 = DIRECTION('',(0.,0.,1.));
#7286 = ADVANCED_FACE('',(#7287),#7321,.T.);
#7287 = FACE_BOUND('',#7288,.T.);
#7288 = EDGE_LOOP('',(#7289,#7299,#7307,#7315));
#7289 = ORIENTED_EDGE('',*,*,#7290,.F.);
#7290 = EDGE_CURVE('',#7291,#7293,#7295,.T.);
#7291 = VERTEX_POINT('',#7292);
#7292 = CARTESIAN_POINT('',(0.89,1.75,0.19));
#7293 = VERTEX_POINT('',#7294);
#7294 = CARTESIAN_POINT('',(0.89,1.75,0.31));
#7295 = LINE('',#7296,#7297);
#7296 = CARTESIAN_POINT('',(0.89,1.75,0.19));
#7297 = VECTOR('',#7298,1.);
#7298 = DIRECTION('',(0.,0.,1.));
#7299 = ORIENTED_EDGE('',*,*,#7300,.T.);
#7300 = EDGE_CURVE('',#7291,#7301,#7303,.T.);
#7301 = VERTEX_POINT('',#7302);
#7302 = CARTESIAN_POINT('',(0.89,1.85,0.19));
#7303 = LINE('',#7304,#7305);
#7304 = CARTESIAN_POINT('',(0.89,1.75,0.19));
#7305 = VECTOR('',#7306,1.);
#7306 = DIRECTION('',(0.,1.,0.));
#7307 = ORIENTED_EDGE('',*,*,#7308,.T.);
#7308 = EDGE_CURVE('',#7301,#7309,#7311,.T.);
#7309 = VERTEX_POINT('',#7310);
#7310 = CARTESIAN_POINT('',(0.89,1.85,0.31));
#7311 = LINE('',#7312,#7313);
#7312 = CARTESIAN_POINT('',(0.89,1.85,0.19));
#7313 = VECTOR('',#7314,1.);
#7314 = DIRECTION('',(0.,0.,1.));
#7315 = ORIENTED_EDGE('',*,*,#7316,.F.);
#7316 = EDGE_CURVE('',#7293,#7309,#7317,.T.);
#7317 = LINE('',#7318,#7319);
#7318 = CARTESIAN_POINT('',(0.89,1.75,0.31));
#7319 = VECTOR('',#7320,1.);
#7320 = DIRECTION('',(0.,1.,0.));
#7321 = PLANE('',#7322);
#7322 = AXIS2_PLACEMENT_3D('',#7323,#7324,#7325);
#7323 = CARTESIAN_POINT('',(0.89,1.75,0.19));
#7324 = DIRECTION('',(1.,0.,0.));
#7325 = DIRECTION('',(0.,0.,1.));
#7326 = ADVANCED_FACE('',(#7327),#7343,.F.);
#7327 = FACE_BOUND('',#7328,.F.);
#7328 = EDGE_LOOP('',(#7329,#7335,#7336,#7342));
#7329 = ORIENTED_EDGE('',*,*,#7330,.F.);
#7330 = EDGE_CURVE('',#7251,#7291,#7331,.T.);
#7331 = LINE('',#7332,#7333);
#7332 = CARTESIAN_POINT('',(0.24,1.75,0.19));
#7333 = VECTOR('',#7334,1.);
#7334 = DIRECTION('',(1.,0.,0.));
#7335 = ORIENTED_EDGE('',*,*,#7250,.T.);
#7336 = ORIENTED_EDGE('',*,*,#7337,.T.);
#7337 = EDGE_CURVE('',#7253,#7293,#7338,.T.);
#7338 = LINE('',#7339,#7340);
#7339 = CARTESIAN_POINT('',(0.24,1.75,0.31));
#7340 = VECTOR('',#7341,1.);
#7341 = DIRECTION('',(1.,0.,0.));
#7342 = ORIENTED_EDGE('',*,*,#7290,.F.);
#7343 = PLANE('',#7344);
#7344 = AXIS2_PLACEMENT_3D('',#7345,#7346,#7347);
#7345 = CARTESIAN_POINT('',(0.24,1.75,0.19));
#7346 = DIRECTION('',(0.,1.,0.));
#7347 = DIRECTION('',(0.,-0.,1.));
#7348 = ADVANCED_FACE('',(#7349),#7365,.T.);
#7349 = FACE_BOUND('',#7350,.T.);
#7350 = EDGE_LOOP('',(#7351,#7357,#7358,#7364));
#7351 = ORIENTED_EDGE('',*,*,#7352,.F.);
#7352 = EDGE_CURVE('',#7261,#7301,#7353,.T.);
#7353 = LINE('',#7354,#7355);
#7354 = CARTESIAN_POINT('',(0.24,1.85,0.19));
#7355 = VECTOR('',#7356,1.);
#7356 = DIRECTION('',(1.,0.,0.));
#7357 = ORIENTED_EDGE('',*,*,#7268,.T.);
#7358 = ORIENTED_EDGE('',*,*,#7359,.T.);
#7359 = EDGE_CURVE('',#7269,#7309,#7360,.T.);
#7360 = LINE('',#7361,#7362);
#7361 = CARTESIAN_POINT('',(0.24,1.85,0.31));
#7362 = VECTOR('',#7363,1.);
#7363 = DIRECTION('',(1.,0.,0.));
#7364 = ORIENTED_EDGE('',*,*,#7308,.F.);
#7365 = PLANE('',#7366);
#7366 = AXIS2_PLACEMENT_3D('',#7367,#7368,#7369);
#7367 = CARTESIAN_POINT('',(0.24,1.85,0.19));
#7368 = DIRECTION('',(0.,1.,0.));
#7369 = DIRECTION('',(0.,-0.,1.));
#7370 = ADVANCED_FACE('',(#7371),#7377,.F.);
#7371 = FACE_BOUND('',#7372,.F.);
#7372 = EDGE_LOOP('',(#7373,#7374,#7375,#7376));
#7373 = ORIENTED_EDGE('',*,*,#7260,.F.);
#7374 = ORIENTED_EDGE('',*,*,#7330,.T.);
#7375 = ORIENTED_EDGE('',*,*,#7300,.T.);
#7376 = ORIENTED_EDGE('',*,*,#7352,.F.);
#7377 = PLANE('',#7378);
#7378 = AXIS2_PLACEMENT_3D('',#7379,#7380,#7381);
#7379 = CARTESIAN_POINT('',(0.24,1.75,0.19));
#7380 = DIRECTION('',(0.,0.,1.));
#7381 = DIRECTION('',(1.,0.,-0.));
#7382 = ADVANCED_FACE('',(#7383),#7389,.T.);
#7383 = FACE_BOUND('',#7384,.T.);
#7384 = EDGE_LOOP('',(#7385,#7386,#7387,#7388));
#7385 = ORIENTED_EDGE('',*,*,#7276,.F.);
#7386 = ORIENTED_EDGE('',*,*,#7337,.T.);
#7387 = ORIENTED_EDGE('',*,*,#7316,.T.);
#7388 = ORIENTED_EDGE('',*,*,#7359,.F.);
#7389 = PLANE('',#7390);
#7390 = AXIS2_PLACEMENT_3D('',#7391,#7392,#7393);
#7391 = CARTESIAN_POINT('',(0.24,1.75,0.31));
#7392 = DIRECTION('',(0.,0.,1.));
#7393 = DIRECTION('',(1.,0.,-0.));
#7394 = MANIFOLD_SOLID_BREP('',#7395);
#7395 = CLOSED_SHELL('',(#7396,#7436,#7476,#7498,#7520,#7532));
#7396 = ADVANCED_FACE('',(#7397),#7431,.F.);
#7397 = FACE_BOUND('',#7398,.F.);
#7398 = EDGE_LOOP('',(#7399,#7409,#7417,#7425));
#7399 = ORIENTED_EDGE('',*,*,#7400,.F.);
#7400 = EDGE_CURVE('',#7401,#7403,#7405,.T.);
#7401 = VERTEX_POINT('',#7402);
#7402 = CARTESIAN_POINT('',(0.92,2.15,0.));
#7403 = VERTEX_POINT('',#7404);
#7404 = CARTESIAN_POINT('',(0.92,2.15,0.1));
#7405 = LINE('',#7406,#7407);
#7406 = CARTESIAN_POINT('',(0.92,2.15,0.));
#7407 = VECTOR('',#7408,1.);
#7408 = DIRECTION('',(0.,0.,1.));
#7409 = ORIENTED_EDGE('',*,*,#7410,.T.);
#7410 = EDGE_CURVE('',#7401,#7411,#7413,.T.);
#7411 = VERTEX_POINT('',#7412);
#7412 = CARTESIAN_POINT('',(0.92,2.25,0.));
#7413 = LINE('',#7414,#7415);
#7414 = CARTESIAN_POINT('',(0.92,2.15,0.));
#7415 = VECTOR('',#7416,1.);
#7416 = DIRECTION('',(0.,1.,0.));
#7417 = ORIENTED_EDGE('',*,*,#7418,.T.);
#7418 = EDGE_CURVE('',#7411,#7419,#7421,.T.);
#7419 = VERTEX_POINT('',#7420);
#7420 = CARTESIAN_POINT('',(0.92,2.25,0.1));
#7421 = LINE('',#7422,#7423);
#7422 = CARTESIAN_POINT('',(0.92,2.25,0.));
#7423 = VECTOR('',#7424,1.);
#7424 = DIRECTION('',(0.,0.,1.));
#7425 = ORIENTED_EDGE('',*,*,#7426,.F.);
#7426 = EDGE_CURVE('',#7403,#7419,#7427,.T.);
#7427 = LINE('',#7428,#7429);
#7428 = CARTESIAN_POINT('',(0.92,2.15,0.1));
#7429 = VECTOR('',#7430,1.);
#7430 = DIRECTION('',(0.,1.,0.));
#7431 = PLANE('',#7432);
#7432 = AXIS2_PLACEMENT_3D('',#7433,#7434,#7435);
#7433 = CARTESIAN_POINT('',(0.92,2.15,0.));
#7434 = DIRECTION('',(1.,0.,0.));
#7435 = DIRECTION('',(0.,0.,1.));
#7436 = ADVANCED_FACE('',(#7437),#7471,.T.);
#7437 = FACE_BOUND('',#7438,.T.);
#7438 = EDGE_LOOP('',(#7439,#7449,#7457,#7465));
#7439 = ORIENTED_EDGE('',*,*,#7440,.F.);
#7440 = EDGE_CURVE('',#7441,#7443,#7445,.T.);
#7441 = VERTEX_POINT('',#7442);
#7442 = CARTESIAN_POINT('',(1.295,2.15,0.));
#7443 = VERTEX_POINT('',#7444);
#7444 = CARTESIAN_POINT('',(1.295,2.15,0.1));
#7445 = LINE('',#7446,#7447);
#7446 = CARTESIAN_POINT('',(1.295,2.15,0.));
#7447 = VECTOR('',#7448,1.);
#7448 = DIRECTION('',(0.,0.,1.));
#7449 = ORIENTED_EDGE('',*,*,#7450,.T.);
#7450 = EDGE_CURVE('',#7441,#7451,#7453,.T.);
#7451 = VERTEX_POINT('',#7452);
#7452 = CARTESIAN_POINT('',(1.295,2.25,0.));
#7453 = LINE('',#7454,#7455);
#7454 = CARTESIAN_POINT('',(1.295,2.15,0.));
#7455 = VECTOR('',#7456,1.);
#7456 = DIRECTION('',(0.,1.,0.));
#7457 = ORIENTED_EDGE('',*,*,#7458,.T.);
#7458 = EDGE_CURVE('',#7451,#7459,#7461,.T.);
#7459 = VERTEX_POINT('',#7460);
#7460 = CARTESIAN_POINT('',(1.295,2.25,0.1));
#7461 = LINE('',#7462,#7463);
#7462 = CARTESIAN_POINT('',(1.295,2.25,0.));
#7463 = VECTOR('',#7464,1.);
#7464 = DIRECTION('',(0.,0.,1.));
#7465 = ORIENTED_EDGE('',*,*,#7466,.F.);
#7466 = EDGE_CURVE('',#7443,#7459,#7467,.T.);
#7467 = LINE('',#7468,#7469);
#7468 = CARTESIAN_POINT('',(1.295,2.15,0.1));
#7469 = VECTOR('',#7470,1.);
#7470 = DIRECTION('',(0.,1.,0.));
#7471 = PLANE('',#7472);
#7472 = AXIS2_PLACEMENT_3D('',#7473,#7474,#7475);
#7473 = CARTESIAN_POINT('',(1.295,2.15,0.));
#7474 = DIRECTION('',(1.,0.,0.));
#7475 = DIRECTION('',(0.,0.,1.));
#7476 = ADVANCED_FACE('',(#7477),#7493,.F.);
#7477 = FACE_BOUND('',#7478,.F.);
#7478 = EDGE_LOOP('',(#7479,#7485,#7486,#7492));
#7479 = ORIENTED_EDGE('',*,*,#7480,.F.);
#7480 = EDGE_CURVE('',#7401,#7441,#7481,.T.);
#7481 = LINE('',#7482,#7483);
#7482 = CARTESIAN_POINT('',(0.92,2.15,0.));
#7483 = VECTOR('',#7484,1.);
#7484 = DIRECTION('',(1.,0.,0.));
#7485 = ORIENTED_EDGE('',*,*,#7400,.T.);
#7486 = ORIENTED_EDGE('',*,*,#7487,.T.);
#7487 = EDGE_CURVE('',#7403,#7443,#7488,.T.);
#7488 = LINE('',#7489,#7490);
#7489 = CARTESIAN_POINT('',(0.92,2.15,0.1));
#7490 = VECTOR('',#7491,1.);
#7491 = DIRECTION('',(1.,0.,0.));
#7492 = ORIENTED_EDGE('',*,*,#7440,.F.);
#7493 = PLANE('',#7494);
#7494 = AXIS2_PLACEMENT_3D('',#7495,#7496,#7497);
#7495 = CARTESIAN_POINT('',(0.92,2.15,0.));
#7496 = DIRECTION('',(0.,1.,0.));
#7497 = DIRECTION('',(0.,-0.,1.));
#7498 = ADVANCED_FACE('',(#7499),#7515,.T.);
#7499 = FACE_BOUND('',#7500,.T.);
#7500 = EDGE_LOOP('',(#7501,#7507,#7508,#7514));
#7501 = ORIENTED_EDGE('',*,*,#7502,.F.);
#7502 = EDGE_CURVE('',#7411,#7451,#7503,.T.);
#7503 = LINE('',#7504,#7505);
#7504 = CARTESIAN_POINT('',(0.92,2.25,0.));
#7505 = VECTOR('',#7506,1.);
#7506 = DIRECTION('',(1.,0.,0.));
#7507 = ORIENTED_EDGE('',*,*,#7418,.T.);
#7508 = ORIENTED_EDGE('',*,*,#7509,.T.);
#7509 = EDGE_CURVE('',#7419,#7459,#7510,.T.);
#7510 = LINE('',#7511,#7512);
#7511 = CARTESIAN_POINT('',(0.92,2.25,0.1));
#7512 = VECTOR('',#7513,1.);
#7513 = DIRECTION('',(1.,0.,0.));
#7514 = ORIENTED_EDGE('',*,*,#7458,.F.);
#7515 = PLANE('',#7516);
#7516 = AXIS2_PLACEMENT_3D('',#7517,#7518,#7519);
#7517 = CARTESIAN_POINT('',(0.92,2.25,0.));
#7518 = DIRECTION('',(0.,1.,0.));
#7519 = DIRECTION('',(0.,-0.,1.));
#7520 = ADVANCED_FACE('',(#7521),#7527,.F.);
#7521 = FACE_BOUND('',#7522,.F.);
#7522 = EDGE_LOOP('',(#7523,#7524,#7525,#7526));
#7523 = ORIENTED_EDGE('',*,*,#7410,.F.);
#7524 = ORIENTED_EDGE('',*,*,#7480,.T.);
#7525 = ORIENTED_EDGE('',*,*,#7450,.T.);
#7526 = ORIENTED_EDGE('',*,*,#7502,.F.);
#7527 = PLANE('',#7528);
#7528 = AXIS2_PLACEMENT_3D('',#7529,#7530,#7531);
#7529 = CARTESIAN_POINT('',(0.92,2.15,0.));
#7530 = DIRECTION('',(0.,0.,1.));
#7531 = DIRECTION('',(1.,0.,-0.));
#7532 = ADVANCED_FACE('',(#7533),#7539,.T.);
#7533 = FACE_BOUND('',#7534,.T.);
#7534 = EDGE_LOOP('',(#7535,#7536,#7537,#7538));
#7535 = ORIENTED_EDGE('',*,*,#7426,.F.);
#7536 = ORIENTED_EDGE('',*,*,#7487,.T.);
#7537 = ORIENTED_EDGE('',*,*,#7466,.T.);
#7538 = ORIENTED_EDGE('',*,*,#7509,.F.);
#7539 = PLANE('',#7540);
#7540 = AXIS2_PLACEMENT_3D('',#7541,#7542,#7543);
#7541 = CARTESIAN_POINT('',(0.92,2.15,0.1));
#7542 = DIRECTION('',(0.,0.,1.));
#7543 = DIRECTION('',(1.,0.,-0.));
#7544 = MANIFOLD_SOLID_BREP('',#7545);
#7545 = CLOSED_SHELL('',(#7546,#7586,#7626,#7648,#7670,#7682));
#7546 = ADVANCED_FACE('',(#7547),#7581,.F.);
#7547 = FACE_BOUND('',#7548,.F.);
#7548 = EDGE_LOOP('',(#7549,#7559,#7567,#7575));
#7549 = ORIENTED_EDGE('',*,*,#7550,.F.);
#7550 = EDGE_CURVE('',#7551,#7553,#7555,.T.);
#7551 = VERTEX_POINT('',#7552);
#7552 = CARTESIAN_POINT('',(0.24,2.15,0.19));
#7553 = VERTEX_POINT('',#7554);
#7554 = CARTESIAN_POINT('',(0.24,2.15,0.31));
#7555 = LINE('',#7556,#7557);
#7556 = CARTESIAN_POINT('',(0.24,2.15,0.19));
#7557 = VECTOR('',#7558,1.);
#7558 = DIRECTION('',(0.,0.,1.));
#7559 = ORIENTED_EDGE('',*,*,#7560,.T.);
#7560 = EDGE_CURVE('',#7551,#7561,#7563,.T.);
#7561 = VERTEX_POINT('',#7562);
#7562 = CARTESIAN_POINT('',(0.24,2.25,0.19));
#7563 = LINE('',#7564,#7565);
#7564 = CARTESIAN_POINT('',(0.24,2.15,0.19));
#7565 = VECTOR('',#7566,1.);
#7566 = DIRECTION('',(0.,1.,0.));
#7567 = ORIENTED_EDGE('',*,*,#7568,.T.);
#7568 = EDGE_CURVE('',#7561,#7569,#7571,.T.);
#7569 = VERTEX_POINT('',#7570);
#7570 = CARTESIAN_POINT('',(0.24,2.25,0.31));
#7571 = LINE('',#7572,#7573);
#7572 = CARTESIAN_POINT('',(0.24,2.25,0.19));
#7573 = VECTOR('',#7574,1.);
#7574 = DIRECTION('',(0.,0.,1.));
#7575 = ORIENTED_EDGE('',*,*,#7576,.F.);
#7576 = EDGE_CURVE('',#7553,#7569,#7577,.T.);
#7577 = LINE('',#7578,#7579);
#7578 = CARTESIAN_POINT('',(0.24,2.15,0.31));
#7579 = VECTOR('',#7580,1.);
#7580 = DIRECTION('',(0.,1.,0.));
#7581 = PLANE('',#7582);
#7582 = AXIS2_PLACEMENT_3D('',#7583,#7584,#7585);
#7583 = CARTESIAN_POINT('',(0.24,2.15,0.19));
#7584 = DIRECTION('',(1.,0.,0.));
#7585 = DIRECTION('',(0.,0.,1.));
#7586 = ADVANCED_FACE('',(#7587),#7621,.T.);
#7587 = FACE_BOUND('',#7588,.T.);
#7588 = EDGE_LOOP('',(#7589,#7599,#7607,#7615));
#7589 = ORIENTED_EDGE('',*,*,#7590,.F.);
#7590 = EDGE_CURVE('',#7591,#7593,#7595,.T.);
#7591 = VERTEX_POINT('',#7592);
#7592 = CARTESIAN_POINT('',(0.89,2.15,0.19));
#7593 = VERTEX_POINT('',#7594);
#7594 = CARTESIAN_POINT('',(0.89,2.15,0.31));
#7595 = LINE('',#7596,#7597);
#7596 = CARTESIAN_POINT('',(0.89,2.15,0.19));
#7597 = VECTOR('',#7598,1.);
#7598 = DIRECTION('',(0.,0.,1.));
#7599 = ORIENTED_EDGE('',*,*,#7600,.T.);
#7600 = EDGE_CURVE('',#7591,#7601,#7603,.T.);
#7601 = VERTEX_POINT('',#7602);
#7602 = CARTESIAN_POINT('',(0.89,2.25,0.19));
#7603 = LINE('',#7604,#7605);
#7604 = CARTESIAN_POINT('',(0.89,2.15,0.19));
#7605 = VECTOR('',#7606,1.);
#7606 = DIRECTION('',(0.,1.,0.));
#7607 = ORIENTED_EDGE('',*,*,#7608,.T.);
#7608 = EDGE_CURVE('',#7601,#7609,#7611,.T.);
#7609 = VERTEX_POINT('',#7610);
#7610 = CARTESIAN_POINT('',(0.89,2.25,0.31));
#7611 = LINE('',#7612,#7613);
#7612 = CARTESIAN_POINT('',(0.89,2.25,0.19));
#7613 = VECTOR('',#7614,1.);
#7614 = DIRECTION('',(0.,0.,1.));
#7615 = ORIENTED_EDGE('',*,*,#7616,.F.);
#7616 = EDGE_CURVE('',#7593,#7609,#7617,.T.);
#7617 = LINE('',#7618,#7619);
#7618 = CARTESIAN_POINT('',(0.89,2.15,0.31));
#7619 = VECTOR('',#7620,1.);
#7620 = DIRECTION('',(0.,1.,0.));
#7621 = PLANE('',#7622);
#7622 = AXIS2_PLACEMENT_3D('',#7623,#7624,#7625);
#7623 = CARTESIAN_POINT('',(0.89,2.15,0.19));
#7624 = DIRECTION('',(1.,0.,0.));
#7625 = DIRECTION('',(0.,0.,1.));
#7626 = ADVANCED_FACE('',(#7627),#7643,.F.);
#7627 = FACE_BOUND('',#7628,.F.);
#7628 = EDGE_LOOP('',(#7629,#7635,#7636,#7642));
#7629 = ORIENTED_EDGE('',*,*,#7630,.F.);
#7630 = EDGE_CURVE('',#7551,#7591,#7631,.T.);
#7631 = LINE('',#7632,#7633);
#7632 = CARTESIAN_POINT('',(0.24,2.15,0.19));
#7633 = VECTOR('',#7634,1.);
#7634 = DIRECTION('',(1.,0.,0.));
#7635 = ORIENTED_EDGE('',*,*,#7550,.T.);
#7636 = ORIENTED_EDGE('',*,*,#7637,.T.);
#7637 = EDGE_CURVE('',#7553,#7593,#7638,.T.);
#7638 = LINE('',#7639,#7640);
#7639 = CARTESIAN_POINT('',(0.24,2.15,0.31));
#7640 = VECTOR('',#7641,1.);
#7641 = DIRECTION('',(1.,0.,0.));
#7642 = ORIENTED_EDGE('',*,*,#7590,.F.);
#7643 = PLANE('',#7644);
#7644 = AXIS2_PLACEMENT_3D('',#7645,#7646,#7647);
#7645 = CARTESIAN_POINT('',(0.24,2.15,0.19));
#7646 = DIRECTION('',(0.,1.,0.));
#7647 = DIRECTION('',(0.,-0.,1.));
#7648 = ADVANCED_FACE('',(#7649),#7665,.T.);
#7649 = FACE_BOUND('',#7650,.T.);
#7650 = EDGE_LOOP('',(#7651,#7657,#7658,#7664));
#7651 = ORIENTED_EDGE('',*,*,#7652,.F.);
#7652 = EDGE_CURVE('',#7561,#7601,#7653,.T.);
#7653 = LINE('',#7654,#7655);
#7654 = CARTESIAN_POINT('',(0.24,2.25,0.19));
#7655 = VECTOR('',#7656,1.);
#7656 = DIRECTION('',(1.,0.,0.));
#7657 = ORIENTED_EDGE('',*,*,#7568,.T.);
#7658 = ORIENTED_EDGE('',*,*,#7659,.T.);
#7659 = EDGE_CURVE('',#7569,#7609,#7660,.T.);
#7660 = LINE('',#7661,#7662);
#7661 = CARTESIAN_POINT('',(0.24,2.25,0.31));
#7662 = VECTOR('',#7663,1.);
#7663 = DIRECTION('',(1.,0.,0.));
#7664 = ORIENTED_EDGE('',*,*,#7608,.F.);
#7665 = PLANE('',#7666);
#7666 = AXIS2_PLACEMENT_3D('',#7667,#7668,#7669);
#7667 = CARTESIAN_POINT('',(0.24,2.25,0.19));
#7668 = DIRECTION('',(0.,1.,0.));
#7669 = DIRECTION('',(0.,-0.,1.));
#7670 = ADVANCED_FACE('',(#7671),#7677,.F.);
#7671 = FACE_BOUND('',#7672,.F.);
#7672 = EDGE_LOOP('',(#7673,#7674,#7675,#7676));
#7673 = ORIENTED_EDGE('',*,*,#7560,.F.);
#7674 = ORIENTED_EDGE('',*,*,#7630,.T.);
#7675 = ORIENTED_EDGE('',*,*,#7600,.T.);
#7676 = ORIENTED_EDGE('',*,*,#7652,.F.);
#7677 = PLANE('',#7678);
#7678 = AXIS2_PLACEMENT_3D('',#7679,#7680,#7681);
#7679 = CARTESIAN_POINT('',(0.24,2.15,0.19));
#7680 = DIRECTION('',(0.,0.,1.));
#7681 = DIRECTION('',(1.,0.,-0.));
#7682 = ADVANCED_FACE('',(#7683),#7689,.T.);
#7683 = FACE_BOUND('',#7684,.T.);
#7684 = EDGE_LOOP('',(#7685,#7686,#7687,#7688));
#7685 = ORIENTED_EDGE('',*,*,#7576,.F.);
#7686 = ORIENTED_EDGE('',*,*,#7637,.T.);
#7687 = ORIENTED_EDGE('',*,*,#7616,.T.);
#7688 = ORIENTED_EDGE('',*,*,#7659,.F.);
#7689 = PLANE('',#7690);
#7690 = AXIS2_PLACEMENT_3D('',#7691,#7692,#7693);
#7691 = CARTESIAN_POINT('',(0.24,2.15,0.31));
#7692 = DIRECTION('',(0.,0.,1.));
#7693 = DIRECTION('',(1.,0.,-0.));
#7694 = MANIFOLD_SOLID_BREP('',#7695);
#7695 = CLOSED_SHELL('',(#7696,#7736,#7776,#7798,#7820,#7832));
#7696 = ADVANCED_FACE('',(#7697),#7731,.F.);
#7697 = FACE_BOUND('',#7698,.F.);
#7698 = EDGE_LOOP('',(#7699,#7709,#7717,#7725));
#7699 = ORIENTED_EDGE('',*,*,#7700,.F.);
#7700 = EDGE_CURVE('',#7701,#7703,#7705,.T.);
#7701 = VERTEX_POINT('',#7702);
#7702 = CARTESIAN_POINT('',(-1.295,-3.63,0.));
#7703 = VERTEX_POINT('',#7704);
#7704 = CARTESIAN_POINT('',(-1.295,-3.63,0.18));
#7705 = LINE('',#7706,#7707);
#7706 = CARTESIAN_POINT('',(-1.295,-3.63,0.));
#7707 = VECTOR('',#7708,1.);
#7708 = DIRECTION('',(0.,0.,1.));
#7709 = ORIENTED_EDGE('',*,*,#7710,.T.);
#7710 = EDGE_CURVE('',#7701,#7711,#7713,.T.);
#7711 = VERTEX_POINT('',#7712);
#7712 = CARTESIAN_POINT('',(-1.295,-3.03,0.));
#7713 = LINE('',#7714,#7715);
#7714 = CARTESIAN_POINT('',(-1.295,-3.63,0.));
#7715 = VECTOR('',#7716,1.);
#7716 = DIRECTION('',(0.,1.,0.));
#7717 = ORIENTED_EDGE('',*,*,#7718,.T.);
#7718 = EDGE_CURVE('',#7711,#7719,#7721,.T.);
#7719 = VERTEX_POINT('',#7720);
#7720 = CARTESIAN_POINT('',(-1.295,-3.03,0.18));
#7721 = LINE('',#7722,#7723);
#7722 = CARTESIAN_POINT('',(-1.295,-3.03,0.));
#7723 = VECTOR('',#7724,1.);
#7724 = DIRECTION('',(0.,0.,1.));
#7725 = ORIENTED_EDGE('',*,*,#7726,.F.);
#7726 = EDGE_CURVE('',#7703,#7719,#7727,.T.);
#7727 = LINE('',#7728,#7729);
#7728 = CARTESIAN_POINT('',(-1.295,-3.63,0.18));
#7729 = VECTOR('',#7730,1.);
#7730 = DIRECTION('',(0.,1.,0.));
#7731 = PLANE('',#7732);
#7732 = AXIS2_PLACEMENT_3D('',#7733,#7734,#7735);
#7733 = CARTESIAN_POINT('',(-1.295,-3.63,0.));
#7734 = DIRECTION('',(1.,0.,0.));
#7735 = DIRECTION('',(0.,0.,1.));
#7736 = ADVANCED_FACE('',(#7737),#7771,.T.);
#7737 = FACE_BOUND('',#7738,.T.);
#7738 = EDGE_LOOP('',(#7739,#7749,#7757,#7765));
#7739 = ORIENTED_EDGE('',*,*,#7740,.F.);
#7740 = EDGE_CURVE('',#7741,#7743,#7745,.T.);
#7741 = VERTEX_POINT('',#7742);
#7742 = CARTESIAN_POINT('',(-0.995,-3.63,0.));
#7743 = VERTEX_POINT('',#7744);
#7744 = CARTESIAN_POINT('',(-0.995,-3.63,0.18));
#7745 = LINE('',#7746,#7747);
#7746 = CARTESIAN_POINT('',(-0.995,-3.63,0.));
#7747 = VECTOR('',#7748,1.);
#7748 = DIRECTION('',(0.,0.,1.));
#7749 = ORIENTED_EDGE('',*,*,#7750,.T.);
#7750 = EDGE_CURVE('',#7741,#7751,#7753,.T.);
#7751 = VERTEX_POINT('',#7752);
#7752 = CARTESIAN_POINT('',(-0.995,-3.03,0.));
#7753 = LINE('',#7754,#7755);
#7754 = CARTESIAN_POINT('',(-0.995,-3.63,0.));
#7755 = VECTOR('',#7756,1.);
#7756 = DIRECTION('',(0.,1.,0.));
#7757 = ORIENTED_EDGE('',*,*,#7758,.T.);
#7758 = EDGE_CURVE('',#7751,#7759,#7761,.T.);
#7759 = VERTEX_POINT('',#7760);
#7760 = CARTESIAN_POINT('',(-0.995,-3.03,0.18));
#7761 = LINE('',#7762,#7763);
#7762 = CARTESIAN_POINT('',(-0.995,-3.03,0.));
#7763 = VECTOR('',#7764,1.);
#7764 = DIRECTION('',(0.,0.,1.));
#7765 = ORIENTED_EDGE('',*,*,#7766,.F.);
#7766 = EDGE_CURVE('',#7743,#7759,#7767,.T.);
#7767 = LINE('',#7768,#7769);
#7768 = CARTESIAN_POINT('',(-0.995,-3.63,0.18));
#7769 = VECTOR('',#7770,1.);
#7770 = DIRECTION('',(0.,1.,0.));
#7771 = PLANE('',#7772);
#7772 = AXIS2_PLACEMENT_3D('',#7773,#7774,#7775);
#7773 = CARTESIAN_POINT('',(-0.995,-3.63,0.));
#7774 = DIRECTION('',(1.,0.,0.));
#7775 = DIRECTION('',(0.,0.,1.));
#7776 = ADVANCED_FACE('',(#7777),#7793,.F.);
#7777 = FACE_BOUND('',#7778,.F.);
#7778 = EDGE_LOOP('',(#7779,#7785,#7786,#7792));
#7779 = ORIENTED_EDGE('',*,*,#7780,.F.);
#7780 = EDGE_CURVE('',#7701,#7741,#7781,.T.);
#7781 = LINE('',#7782,#7783);
#7782 = CARTESIAN_POINT('',(-1.295,-3.63,0.));
#7783 = VECTOR('',#7784,1.);
#7784 = DIRECTION('',(1.,0.,0.));
#7785 = ORIENTED_EDGE('',*,*,#7700,.T.);
#7786 = ORIENTED_EDGE('',*,*,#7787,.T.);
#7787 = EDGE_CURVE('',#7703,#7743,#7788,.T.);
#7788 = LINE('',#7789,#7790);
#7789 = CARTESIAN_POINT('',(-1.295,-3.63,0.18));
#7790 = VECTOR('',#7791,1.);
#7791 = DIRECTION('',(1.,0.,0.));
#7792 = ORIENTED_EDGE('',*,*,#7740,.F.);
#7793 = PLANE('',#7794);
#7794 = AXIS2_PLACEMENT_3D('',#7795,#7796,#7797);
#7795 = CARTESIAN_POINT('',(-1.295,-3.63,0.));
#7796 = DIRECTION('',(0.,1.,0.));
#7797 = DIRECTION('',(0.,-0.,1.));
#7798 = ADVANCED_FACE('',(#7799),#7815,.T.);
#7799 = FACE_BOUND('',#7800,.T.);
#7800 = EDGE_LOOP('',(#7801,#7807,#7808,#7814));
#7801 = ORIENTED_EDGE('',*,*,#7802,.F.);
#7802 = EDGE_CURVE('',#7711,#7751,#7803,.T.);
#7803 = LINE('',#7804,#7805);
#7804 = CARTESIAN_POINT('',(-1.295,-3.03,0.));
#7805 = VECTOR('',#7806,1.);
#7806 = DIRECTION('',(1.,0.,0.));
#7807 = ORIENTED_EDGE('',*,*,#7718,.T.);
#7808 = ORIENTED_EDGE('',*,*,#7809,.T.);
#7809 = EDGE_CURVE('',#7719,#7759,#7810,.T.);
#7810 = LINE('',#7811,#7812);
#7811 = CARTESIAN_POINT('',(-1.295,-3.03,0.18));
#7812 = VECTOR('',#7813,1.);
#7813 = DIRECTION('',(1.,0.,0.));
#7814 = ORIENTED_EDGE('',*,*,#7758,.F.);
#7815 = PLANE('',#7816);
#7816 = AXIS2_PLACEMENT_3D('',#7817,#7818,#7819);
#7817 = CARTESIAN_POINT('',(-1.295,-3.03,0.));
#7818 = DIRECTION('',(0.,1.,0.));
#7819 = DIRECTION('',(0.,-0.,1.));
#7820 = ADVANCED_FACE('',(#7821),#7827,.F.);
#7821 = FACE_BOUND('',#7822,.F.);
#7822 = EDGE_LOOP('',(#7823,#7824,#7825,#7826));
#7823 = ORIENTED_EDGE('',*,*,#7710,.F.);
#7824 = ORIENTED_EDGE('',*,*,#7780,.T.);
#7825 = ORIENTED_EDGE('',*,*,#7750,.T.);
#7826 = ORIENTED_EDGE('',*,*,#7802,.F.);
#7827 = PLANE('',#7828);
#7828 = AXIS2_PLACEMENT_3D('',#7829,#7830,#7831);
#7829 = CARTESIAN_POINT('',(-1.295,-3.63,0.));
#7830 = DIRECTION('',(0.,0.,1.));
#7831 = DIRECTION('',(1.,0.,-0.));
#7832 = ADVANCED_FACE('',(#7833),#7839,.T.);
#7833 = FACE_BOUND('',#7834,.T.);
#7834 = EDGE_LOOP('',(#7835,#7836,#7837,#7838));
#7835 = ORIENTED_EDGE('',*,*,#7726,.F.);
#7836 = ORIENTED_EDGE('',*,*,#7787,.T.);
#7837 = ORIENTED_EDGE('',*,*,#7766,.T.);
#7838 = ORIENTED_EDGE('',*,*,#7809,.F.);
#7839 = PLANE('',#7840);
#7840 = AXIS2_PLACEMENT_3D('',#7841,#7842,#7843);
#7841 = CARTESIAN_POINT('',(-1.295,-3.63,0.18));
#7842 = DIRECTION('',(0.,0.,1.));
#7843 = DIRECTION('',(1.,0.,-0.));
#7844 = MANIFOLD_SOLID_BREP('',#7845);
#7845 = CLOSED_SHELL('',(#7846,#7886,#7926,#7948,#7970,#7982));
#7846 = ADVANCED_FACE('',(#7847),#7881,.F.);
#7847 = FACE_BOUND('',#7848,.F.);
#7848 = EDGE_LOOP('',(#7849,#7859,#7867,#7875));
#7849 = ORIENTED_EDGE('',*,*,#7850,.F.);
#7850 = EDGE_CURVE('',#7851,#7853,#7855,.T.);
#7851 = VERTEX_POINT('',#7852);
#7852 = CARTESIAN_POINT('',(0.995,-3.63,0.));
#7853 = VERTEX_POINT('',#7854);
#7854 = CARTESIAN_POINT('',(0.995,-3.63,0.18));
#7855 = LINE('',#7856,#7857);
#7856 = CARTESIAN_POINT('',(0.995,-3.63,0.));
#7857 = VECTOR('',#7858,1.);
#7858 = DIRECTION('',(0.,0.,1.));
#7859 = ORIENTED_EDGE('',*,*,#7860,.T.);
#7860 = EDGE_CURVE('',#7851,#7861,#7863,.T.);
#7861 = VERTEX_POINT('',#7862);
#7862 = CARTESIAN_POINT('',(0.995,-3.03,0.));
#7863 = LINE('',#7864,#7865);
#7864 = CARTESIAN_POINT('',(0.995,-3.63,0.));
#7865 = VECTOR('',#7866,1.);
#7866 = DIRECTION('',(0.,1.,0.));
#7867 = ORIENTED_EDGE('',*,*,#7868,.T.);
#7868 = EDGE_CURVE('',#7861,#7869,#7871,.T.);
#7869 = VERTEX_POINT('',#7870);
#7870 = CARTESIAN_POINT('',(0.995,-3.03,0.18));
#7871 = LINE('',#7872,#7873);
#7872 = CARTESIAN_POINT('',(0.995,-3.03,0.));
#7873 = VECTOR('',#7874,1.);
#7874 = DIRECTION('',(0.,0.,1.));
#7875 = ORIENTED_EDGE('',*,*,#7876,.F.);
#7876 = EDGE_CURVE('',#7853,#7869,#7877,.T.);
#7877 = LINE('',#7878,#7879);
#7878 = CARTESIAN_POINT('',(0.995,-3.63,0.18));
#7879 = VECTOR('',#7880,1.);
#7880 = DIRECTION('',(0.,1.,0.));
#7881 = PLANE('',#7882);
#7882 = AXIS2_PLACEMENT_3D('',#7883,#7884,#7885);
#7883 = CARTESIAN_POINT('',(0.995,-3.63,0.));
#7884 = DIRECTION('',(1.,0.,0.));
#7885 = DIRECTION('',(0.,0.,1.));
#7886 = ADVANCED_FACE('',(#7887),#7921,.T.);
#7887 = FACE_BOUND('',#7888,.T.);
#7888 = EDGE_LOOP('',(#7889,#7899,#7907,#7915));
#7889 = ORIENTED_EDGE('',*,*,#7890,.F.);
#7890 = EDGE_CURVE('',#7891,#7893,#7895,.T.);
#7891 = VERTEX_POINT('',#7892);
#7892 = CARTESIAN_POINT('',(1.295,-3.63,0.));
#7893 = VERTEX_POINT('',#7894);
#7894 = CARTESIAN_POINT('',(1.295,-3.63,0.18));
#7895 = LINE('',#7896,#7897);
#7896 = CARTESIAN_POINT('',(1.295,-3.63,0.));
#7897 = VECTOR('',#7898,1.);
#7898 = DIRECTION('',(0.,0.,1.));
#7899 = ORIENTED_EDGE('',*,*,#7900,.T.);
#7900 = EDGE_CURVE('',#7891,#7901,#7903,.T.);
#7901 = VERTEX_POINT('',#7902);
#7902 = CARTESIAN_POINT('',(1.295,-3.03,0.));
#7903 = LINE('',#7904,#7905);
#7904 = CARTESIAN_POINT('',(1.295,-3.63,0.));
#7905 = VECTOR('',#7906,1.);
#7906 = DIRECTION('',(0.,1.,0.));
#7907 = ORIENTED_EDGE('',*,*,#7908,.T.);
#7908 = EDGE_CURVE('',#7901,#7909,#7911,.T.);
#7909 = VERTEX_POINT('',#7910);
#7910 = CARTESIAN_POINT('',(1.295,-3.03,0.18));
#7911 = LINE('',#7912,#7913);
#7912 = CARTESIAN_POINT('',(1.295,-3.03,0.));
#7913 = VECTOR('',#7914,1.);
#7914 = DIRECTION('',(0.,0.,1.));
#7915 = ORIENTED_EDGE('',*,*,#7916,.F.);
#7916 = EDGE_CURVE('',#7893,#7909,#7917,.T.);
#7917 = LINE('',#7918,#7919);
#7918 = CARTESIAN_POINT('',(1.295,-3.63,0.18));
#7919 = VECTOR('',#7920,1.);
#7920 = DIRECTION('',(0.,1.,0.));
#7921 = PLANE('',#7922);
#7922 = AXIS2_PLACEMENT_3D('',#7923,#7924,#7925);
#7923 = CARTESIAN_POINT('',(1.295,-3.63,0.));
#7924 = DIRECTION('',(1.,0.,0.));
#7925 = DIRECTION('',(0.,0.,1.));
#7926 = ADVANCED_FACE('',(#7927),#7943,.F.);
#7927 = FACE_BOUND('',#7928,.F.);
#7928 = EDGE_LOOP('',(#7929,#7935,#7936,#7942));
#7929 = ORIENTED_EDGE('',*,*,#7930,.F.);
#7930 = EDGE_CURVE('',#7851,#7891,#7931,.T.);
#7931 = LINE('',#7932,#7933);
#7932 = CARTESIAN_POINT('',(0.995,-3.63,0.));
#7933 = VECTOR('',#7934,1.);
#7934 = DIRECTION('',(1.,0.,0.));
#7935 = ORIENTED_EDGE('',*,*,#7850,.T.);
#7936 = ORIENTED_EDGE('',*,*,#7937,.T.);
#7937 = EDGE_CURVE('',#7853,#7893,#7938,.T.);
#7938 = LINE('',#7939,#7940);
#7939 = CARTESIAN_POINT('',(0.995,-3.63,0.18));
#7940 = VECTOR('',#7941,1.);
#7941 = DIRECTION('',(1.,0.,0.));
#7942 = ORIENTED_EDGE('',*,*,#7890,.F.);
#7943 = PLANE('',#7944);
#7944 = AXIS2_PLACEMENT_3D('',#7945,#7946,#7947);
#7945 = CARTESIAN_POINT('',(0.995,-3.63,0.));
#7946 = DIRECTION('',(0.,1.,0.));
#7947 = DIRECTION('',(0.,-0.,1.));
#7948 = ADVANCED_FACE('',(#7949),#7965,.T.);
#7949 = FACE_BOUND('',#7950,.T.);
#7950 = EDGE_LOOP('',(#7951,#7957,#7958,#7964));
#7951 = ORIENTED_EDGE('',*,*,#7952,.F.);
#7952 = EDGE_CURVE('',#7861,#7901,#7953,.T.);
#7953 = LINE('',#7954,#7955);
#7954 = CARTESIAN_POINT('',(0.995,-3.03,0.));
#7955 = VECTOR('',#7956,1.);
#7956 = DIRECTION('',(1.,0.,0.));
#7957 = ORIENTED_EDGE('',*,*,#7868,.T.);
#7958 = ORIENTED_EDGE('',*,*,#7959,.T.);
#7959 = EDGE_CURVE('',#7869,#7909,#7960,.T.);
#7960 = LINE('',#7961,#7962);
#7961 = CARTESIAN_POINT('',(0.995,-3.03,0.18));
#7962 = VECTOR('',#7963,1.);
#7963 = DIRECTION('',(1.,0.,0.));
#7964 = ORIENTED_EDGE('',*,*,#7908,.F.);
#7965 = PLANE('',#7966);
#7966 = AXIS2_PLACEMENT_3D('',#7967,#7968,#7969);
#7967 = CARTESIAN_POINT('',(0.995,-3.03,0.));
#7968 = DIRECTION('',(0.,1.,0.));
#7969 = DIRECTION('',(0.,-0.,1.));
#7970 = ADVANCED_FACE('',(#7971),#7977,.F.);
#7971 = FACE_BOUND('',#7972,.F.);
#7972 = EDGE_LOOP('',(#7973,#7974,#7975,#7976));
#7973 = ORIENTED_EDGE('',*,*,#7860,.F.);
#7974 = ORIENTED_EDGE('',*,*,#7930,.T.);
#7975 = ORIENTED_EDGE('',*,*,#7900,.T.);
#7976 = ORIENTED_EDGE('',*,*,#7952,.F.);
#7977 = PLANE('',#7978);
#7978 = AXIS2_PLACEMENT_3D('',#7979,#7980,#7981);
#7979 = CARTESIAN_POINT('',(0.995,-3.63,0.));
#7980 = DIRECTION('',(0.,0.,1.));
#7981 = DIRECTION('',(1.,0.,-0.));
#7982 = ADVANCED_FACE('',(#7983),#7989,.T.);
#7983 = FACE_BOUND('',#7984,.T.);
#7984 = EDGE_LOOP('',(#7985,#7986,#7987,#7988));
#7985 = ORIENTED_EDGE('',*,*,#7876,.F.);
#7986 = ORIENTED_EDGE('',*,*,#7937,.T.);
#7987 = ORIENTED_EDGE('',*,*,#7916,.T.);
#7988 = ORIENTED_EDGE('',*,*,#7959,.F.);
#7989 = PLANE('',#7990);
#7990 = AXIS2_PLACEMENT_3D('',#7991,#7992,#7993);
#7991 = CARTESIAN_POINT('',(0.995,-3.63,0.18));
#7992 = DIRECTION('',(0.,0.,1.));
#7993 = DIRECTION('',(1.,0.,-0.));
#7994 = MANIFOLD_SOLID_BREP('',#7995);
#7995 = CLOSED_SHELL('',(#7996,#8036,#8076,#8098,#8120,#8132));
#7996 = ADVANCED_FACE('',(#7997),#8031,.F.);
#7997 = FACE_BOUND('',#7998,.F.);
#7998 = EDGE_LOOP('',(#7999,#8009,#8017,#8025));
#7999 = ORIENTED_EDGE('',*,*,#8000,.F.);
#8000 = EDGE_CURVE('',#8001,#8003,#8005,.T.);
#8001 = VERTEX_POINT('',#8002);
#8002 = CARTESIAN_POINT('',(-1.295,3.03,0.));
#8003 = VERTEX_POINT('',#8004);
#8004 = CARTESIAN_POINT('',(-1.295,3.03,0.18));
#8005 = LINE('',#8006,#8007);
#8006 = CARTESIAN_POINT('',(-1.295,3.03,0.));
#8007 = VECTOR('',#8008,1.);
#8008 = DIRECTION('',(0.,0.,1.));
#8009 = ORIENTED_EDGE('',*,*,#8010,.T.);
#8010 = EDGE_CURVE('',#8001,#8011,#8013,.T.);
#8011 = VERTEX_POINT('',#8012);
#8012 = CARTESIAN_POINT('',(-1.295,3.63,0.));
#8013 = LINE('',#8014,#8015);
#8014 = CARTESIAN_POINT('',(-1.295,3.03,0.));
#8015 = VECTOR('',#8016,1.);
#8016 = DIRECTION('',(0.,1.,0.));
#8017 = ORIENTED_EDGE('',*,*,#8018,.T.);
#8018 = EDGE_CURVE('',#8011,#8019,#8021,.T.);
#8019 = VERTEX_POINT('',#8020);
#8020 = CARTESIAN_POINT('',(-1.295,3.63,0.18));
#8021 = LINE('',#8022,#8023);
#8022 = CARTESIAN_POINT('',(-1.295,3.63,0.));
#8023 = VECTOR('',#8024,1.);
#8024 = DIRECTION('',(0.,0.,1.));
#8025 = ORIENTED_EDGE('',*,*,#8026,.F.);
#8026 = EDGE_CURVE('',#8003,#8019,#8027,.T.);
#8027 = LINE('',#8028,#8029);
#8028 = CARTESIAN_POINT('',(-1.295,3.03,0.18));
#8029 = VECTOR('',#8030,1.);
#8030 = DIRECTION('',(0.,1.,0.));
#8031 = PLANE('',#8032);
#8032 = AXIS2_PLACEMENT_3D('',#8033,#8034,#8035);
#8033 = CARTESIAN_POINT('',(-1.295,3.03,0.));
#8034 = DIRECTION('',(1.,0.,0.));
#8035 = DIRECTION('',(0.,0.,1.));
#8036 = ADVANCED_FACE('',(#8037),#8071,.T.);
#8037 = FACE_BOUND('',#8038,.T.);
#8038 = EDGE_LOOP('',(#8039,#8049,#8057,#8065));
#8039 = ORIENTED_EDGE('',*,*,#8040,.F.);
#8040 = EDGE_CURVE('',#8041,#8043,#8045,.T.);
#8041 = VERTEX_POINT('',#8042);
#8042 = CARTESIAN_POINT('',(-0.995,3.03,0.));
#8043 = VERTEX_POINT('',#8044);
#8044 = CARTESIAN_POINT('',(-0.995,3.03,0.18));
#8045 = LINE('',#8046,#8047);
#8046 = CARTESIAN_POINT('',(-0.995,3.03,0.));
#8047 = VECTOR('',#8048,1.);
#8048 = DIRECTION('',(0.,0.,1.));
#8049 = ORIENTED_EDGE('',*,*,#8050,.T.);
#8050 = EDGE_CURVE('',#8041,#8051,#8053,.T.);
#8051 = VERTEX_POINT('',#8052);
#8052 = CARTESIAN_POINT('',(-0.995,3.63,0.));
#8053 = LINE('',#8054,#8055);
#8054 = CARTESIAN_POINT('',(-0.995,3.03,0.));
#8055 = VECTOR('',#8056,1.);
#8056 = DIRECTION('',(0.,1.,0.));
#8057 = ORIENTED_EDGE('',*,*,#8058,.T.);
#8058 = EDGE_CURVE('',#8051,#8059,#8061,.T.);
#8059 = VERTEX_POINT('',#8060);
#8060 = CARTESIAN_POINT('',(-0.995,3.63,0.18));
#8061 = LINE('',#8062,#8063);
#8062 = CARTESIAN_POINT('',(-0.995,3.63,0.));
#8063 = VECTOR('',#8064,1.);
#8064 = DIRECTION('',(0.,0.,1.));
#8065 = ORIENTED_EDGE('',*,*,#8066,.F.);
#8066 = EDGE_CURVE('',#8043,#8059,#8067,.T.);
#8067 = LINE('',#8068,#8069);
#8068 = CARTESIAN_POINT('',(-0.995,3.03,0.18));
#8069 = VECTOR('',#8070,1.);
#8070 = DIRECTION('',(0.,1.,0.));
#8071 = PLANE('',#8072);
#8072 = AXIS2_PLACEMENT_3D('',#8073,#8074,#8075);
#8073 = CARTESIAN_POINT('',(-0.995,3.03,0.));
#8074 = DIRECTION('',(1.,0.,0.));
#8075 = DIRECTION('',(0.,0.,1.));
#8076 = ADVANCED_FACE('',(#8077),#8093,.F.);
#8077 = FACE_BOUND('',#8078,.F.);
#8078 = EDGE_LOOP('',(#8079,#8085,#8086,#8092));
#8079 = ORIENTED_EDGE('',*,*,#8080,.F.);
#8080 = EDGE_CURVE('',#8001,#8041,#8081,.T.);
#8081 = LINE('',#8082,#8083);
#8082 = CARTESIAN_POINT('',(-1.295,3.03,0.));
#8083 = VECTOR('',#8084,1.);
#8084 = DIRECTION('',(1.,0.,0.));
#8085 = ORIENTED_EDGE('',*,*,#8000,.T.);
#8086 = ORIENTED_EDGE('',*,*,#8087,.T.);
#8087 = EDGE_CURVE('',#8003,#8043,#8088,.T.);
#8088 = LINE('',#8089,#8090);
#8089 = CARTESIAN_POINT('',(-1.295,3.03,0.18));
#8090 = VECTOR('',#8091,1.);
#8091 = DIRECTION('',(1.,0.,0.));
#8092 = ORIENTED_EDGE('',*,*,#8040,.F.);
#8093 = PLANE('',#8094);
#8094 = AXIS2_PLACEMENT_3D('',#8095,#8096,#8097);
#8095 = CARTESIAN_POINT('',(-1.295,3.03,0.));
#8096 = DIRECTION('',(0.,1.,0.));
#8097 = DIRECTION('',(0.,-0.,1.));
#8098 = ADVANCED_FACE('',(#8099),#8115,.T.);
#8099 = FACE_BOUND('',#8100,.T.);
#8100 = EDGE_LOOP('',(#8101,#8107,#8108,#8114));
#8101 = ORIENTED_EDGE('',*,*,#8102,.F.);
#8102 = EDGE_CURVE('',#8011,#8051,#8103,.T.);
#8103 = LINE('',#8104,#8105);
#8104 = CARTESIAN_POINT('',(-1.295,3.63,0.));
#8105 = VECTOR('',#8106,1.);
#8106 = DIRECTION('',(1.,0.,0.));
#8107 = ORIENTED_EDGE('',*,*,#8018,.T.);
#8108 = ORIENTED_EDGE('',*,*,#8109,.T.);
#8109 = EDGE_CURVE('',#8019,#8059,#8110,.T.);
#8110 = LINE('',#8111,#8112);
#8111 = CARTESIAN_POINT('',(-1.295,3.63,0.18));
#8112 = VECTOR('',#8113,1.);
#8113 = DIRECTION('',(1.,0.,0.));
#8114 = ORIENTED_EDGE('',*,*,#8058,.F.);
#8115 = PLANE('',#8116);
#8116 = AXIS2_PLACEMENT_3D('',#8117,#8118,#8119);
#8117 = CARTESIAN_POINT('',(-1.295,3.63,0.));
#8118 = DIRECTION('',(0.,1.,0.));
#8119 = DIRECTION('',(0.,-0.,1.));
#8120 = ADVANCED_FACE('',(#8121),#8127,.F.);
#8121 = FACE_BOUND('',#8122,.F.);
#8122 = EDGE_LOOP('',(#8123,#8124,#8125,#8126));
#8123 = ORIENTED_EDGE('',*,*,#8010,.F.);
#8124 = ORIENTED_EDGE('',*,*,#8080,.T.);
#8125 = ORIENTED_EDGE('',*,*,#8050,.T.);
#8126 = ORIENTED_EDGE('',*,*,#8102,.F.);
#8127 = PLANE('',#8128);
#8128 = AXIS2_PLACEMENT_3D('',#8129,#8130,#8131);
#8129 = CARTESIAN_POINT('',(-1.295,3.03,0.));
#8130 = DIRECTION('',(0.,0.,1.));
#8131 = DIRECTION('',(1.,0.,-0.));
#8132 = ADVANCED_FACE('',(#8133),#8139,.T.);
#8133 = FACE_BOUND('',#8134,.T.);
#8134 = EDGE_LOOP('',(#8135,#8136,#8137,#8138));
#8135 = ORIENTED_EDGE('',*,*,#8026,.F.);
#8136 = ORIENTED_EDGE('',*,*,#8087,.T.);
#8137 = ORIENTED_EDGE('',*,*,#8066,.T.);
#8138 = ORIENTED_EDGE('',*,*,#8109,.F.);
#8139 = PLANE('',#8140);
#8140 = AXIS2_PLACEMENT_3D('',#8141,#8142,#8143);
#8141 = CARTESIAN_POINT('',(-1.295,3.03,0.18));
#8142 = DIRECTION('',(0.,0.,1.));
#8143 = DIRECTION('',(1.,0.,-0.));
#8144 = MANIFOLD_SOLID_BREP('',#8145);
#8145 = CLOSED_SHELL('',(#8146,#8186,#8226,#8248,#8270,#8282));
#8146 = ADVANCED_FACE('',(#8147),#8181,.F.);
#8147 = FACE_BOUND('',#8148,.F.);
#8148 = EDGE_LOOP('',(#8149,#8159,#8167,#8175));
#8149 = ORIENTED_EDGE('',*,*,#8150,.F.);
#8150 = EDGE_CURVE('',#8151,#8153,#8155,.T.);
#8151 = VERTEX_POINT('',#8152);
#8152 = CARTESIAN_POINT('',(0.995,3.03,0.));
#8153 = VERTEX_POINT('',#8154);
#8154 = CARTESIAN_POINT('',(0.995,3.03,0.18));
#8155 = LINE('',#8156,#8157);
#8156 = CARTESIAN_POINT('',(0.995,3.03,0.));
#8157 = VECTOR('',#8158,1.);
#8158 = DIRECTION('',(0.,0.,1.));
#8159 = ORIENTED_EDGE('',*,*,#8160,.T.);
#8160 = EDGE_CURVE('',#8151,#8161,#8163,.T.);
#8161 = VERTEX_POINT('',#8162);
#8162 = CARTESIAN_POINT('',(0.995,3.63,0.));
#8163 = LINE('',#8164,#8165);
#8164 = CARTESIAN_POINT('',(0.995,3.03,0.));
#8165 = VECTOR('',#8166,1.);
#8166 = DIRECTION('',(0.,1.,0.));
#8167 = ORIENTED_EDGE('',*,*,#8168,.T.);
#8168 = EDGE_CURVE('',#8161,#8169,#8171,.T.);
#8169 = VERTEX_POINT('',#8170);
#8170 = CARTESIAN_POINT('',(0.995,3.63,0.18));
#8171 = LINE('',#8172,#8173);
#8172 = CARTESIAN_POINT('',(0.995,3.63,0.));
#8173 = VECTOR('',#8174,1.);
#8174 = DIRECTION('',(0.,0.,1.));
#8175 = ORIENTED_EDGE('',*,*,#8176,.F.);
#8176 = EDGE_CURVE('',#8153,#8169,#8177,.T.);
#8177 = LINE('',#8178,#8179);
#8178 = CARTESIAN_POINT('',(0.995,3.03,0.18));
#8179 = VECTOR('',#8180,1.);
#8180 = DIRECTION('',(0.,1.,0.));
#8181 = PLANE('',#8182);
#8182 = AXIS2_PLACEMENT_3D('',#8183,#8184,#8185);
#8183 = CARTESIAN_POINT('',(0.995,3.03,0.));
#8184 = DIRECTION('',(1.,0.,0.));
#8185 = DIRECTION('',(0.,0.,1.));
#8186 = ADVANCED_FACE('',(#8187),#8221,.T.);
#8187 = FACE_BOUND('',#8188,.T.);
#8188 = EDGE_LOOP('',(#8189,#8199,#8207,#8215));
#8189 = ORIENTED_EDGE('',*,*,#8190,.F.);
#8190 = EDGE_CURVE('',#8191,#8193,#8195,.T.);
#8191 = VERTEX_POINT('',#8192);
#8192 = CARTESIAN_POINT('',(1.295,3.03,0.));
#8193 = VERTEX_POINT('',#8194);
#8194 = CARTESIAN_POINT('',(1.295,3.03,0.18));
#8195 = LINE('',#8196,#8197);
#8196 = CARTESIAN_POINT('',(1.295,3.03,0.));
#8197 = VECTOR('',#8198,1.);
#8198 = DIRECTION('',(0.,0.,1.));
#8199 = ORIENTED_EDGE('',*,*,#8200,.T.);
#8200 = EDGE_CURVE('',#8191,#8201,#8203,.T.);
#8201 = VERTEX_POINT('',#8202);
#8202 = CARTESIAN_POINT('',(1.295,3.63,0.));
#8203 = LINE('',#8204,#8205);
#8204 = CARTESIAN_POINT('',(1.295,3.03,0.));
#8205 = VECTOR('',#8206,1.);
#8206 = DIRECTION('',(0.,1.,0.));
#8207 = ORIENTED_EDGE('',*,*,#8208,.T.);
#8208 = EDGE_CURVE('',#8201,#8209,#8211,.T.);
#8209 = VERTEX_POINT('',#8210);
#8210 = CARTESIAN_POINT('',(1.295,3.63,0.18));
#8211 = LINE('',#8212,#8213);
#8212 = CARTESIAN_POINT('',(1.295,3.63,0.));
#8213 = VECTOR('',#8214,1.);
#8214 = DIRECTION('',(0.,0.,1.));
#8215 = ORIENTED_EDGE('',*,*,#8216,.F.);
#8216 = EDGE_CURVE('',#8193,#8209,#8217,.T.);
#8217 = LINE('',#8218,#8219);
#8218 = CARTESIAN_POINT('',(1.295,3.03,0.18));
#8219 = VECTOR('',#8220,1.);
#8220 = DIRECTION('',(0.,1.,0.));
#8221 = PLANE('',#8222);
#8222 = AXIS2_PLACEMENT_3D('',#8223,#8224,#8225);
#8223 = CARTESIAN_POINT('',(1.295,3.03,0.));
#8224 = DIRECTION('',(1.,0.,0.));
#8225 = DIRECTION('',(0.,0.,1.));
#8226 = ADVANCED_FACE('',(#8227),#8243,.F.);
#8227 = FACE_BOUND('',#8228,.F.);
#8228 = EDGE_LOOP('',(#8229,#8235,#8236,#8242));
#8229 = ORIENTED_EDGE('',*,*,#8230,.F.);
#8230 = EDGE_CURVE('',#8151,#8191,#8231,.T.);
#8231 = LINE('',#8232,#8233);
#8232 = CARTESIAN_POINT('',(0.995,3.03,0.));
#8233 = VECTOR('',#8234,1.);
#8234 = DIRECTION('',(1.,0.,0.));
#8235 = ORIENTED_EDGE('',*,*,#8150,.T.);
#8236 = ORIENTED_EDGE('',*,*,#8237,.T.);
#8237 = EDGE_CURVE('',#8153,#8193,#8238,.T.);
#8238 = LINE('',#8239,#8240);
#8239 = CARTESIAN_POINT('',(0.995,3.03,0.18));
#8240 = VECTOR('',#8241,1.);
#8241 = DIRECTION('',(1.,0.,0.));
#8242 = ORIENTED_EDGE('',*,*,#8190,.F.);
#8243 = PLANE('',#8244);
#8244 = AXIS2_PLACEMENT_3D('',#8245,#8246,#8247);
#8245 = CARTESIAN_POINT('',(0.995,3.03,0.));
#8246 = DIRECTION('',(0.,1.,0.));
#8247 = DIRECTION('',(0.,-0.,1.));
#8248 = ADVANCED_FACE('',(#8249),#8265,.T.);
#8249 = FACE_BOUND('',#8250,.T.);
#8250 = EDGE_LOOP('',(#8251,#8257,#8258,#8264));
#8251 = ORIENTED_EDGE('',*,*,#8252,.F.);
#8252 = EDGE_CURVE('',#8161,#8201,#8253,.T.);
#8253 = LINE('',#8254,#8255);
#8254 = CARTESIAN_POINT('',(0.995,3.63,0.));
#8255 = VECTOR('',#8256,1.);
#8256 = DIRECTION('',(1.,0.,0.));
#8257 = ORIENTED_EDGE('',*,*,#8168,.T.);
#8258 = ORIENTED_EDGE('',*,*,#8259,.T.);
#8259 = EDGE_CURVE('',#8169,#8209,#8260,.T.);
#8260 = LINE('',#8261,#8262);
#8261 = CARTESIAN_POINT('',(0.995,3.63,0.18));
#8262 = VECTOR('',#8263,1.);
#8263 = DIRECTION('',(1.,0.,0.));
#8264 = ORIENTED_EDGE('',*,*,#8208,.F.);
#8265 = PLANE('',#8266);
#8266 = AXIS2_PLACEMENT_3D('',#8267,#8268,#8269);
#8267 = CARTESIAN_POINT('',(0.995,3.63,0.));
#8268 = DIRECTION('',(0.,1.,0.));
#8269 = DIRECTION('',(0.,-0.,1.));
#8270 = ADVANCED_FACE('',(#8271),#8277,.F.);
#8271 = FACE_BOUND('',#8272,.F.);
#8272 = EDGE_LOOP('',(#8273,#8274,#8275,#8276));
#8273 = ORIENTED_EDGE('',*,*,#8160,.F.);
#8274 = ORIENTED_EDGE('',*,*,#8230,.T.);
#8275 = ORIENTED_EDGE('',*,*,#8200,.T.);
#8276 = ORIENTED_EDGE('',*,*,#8252,.F.);
#8277 = PLANE('',#8278);
#8278 = AXIS2_PLACEMENT_3D('',#8279,#8280,#8281);
#8279 = CARTESIAN_POINT('',(0.995,3.03,0.));
#8280 = DIRECTION('',(0.,0.,1.));
#8281 = DIRECTION('',(1.,0.,-0.));
#8282 = ADVANCED_FACE('',(#8283),#8289,.T.);
#8283 = FACE_BOUND('',#8284,.T.);
#8284 = EDGE_LOOP('',(#8285,#8286,#8287,#8288));
#8285 = ORIENTED_EDGE('',*,*,#8176,.F.);
#8286 = ORIENTED_EDGE('',*,*,#8237,.T.);
#8287 = ORIENTED_EDGE('',*,*,#8216,.T.);
#8288 = ORIENTED_EDGE('',*,*,#8259,.F.);
#8289 = PLANE('',#8290);
#8290 = AXIS2_PLACEMENT_3D('',#8291,#8292,#8293);
#8291 = CARTESIAN_POINT('',(0.995,3.03,0.18));
#8292 = DIRECTION('',(0.,0.,1.));
#8293 = DIRECTION('',(1.,0.,-0.));
#8294 = ( GEOMETRIC_REPRESENTATION_CONTEXT(3) 
GLOBAL_UNCERTAINTY_ASSIGNED_CONTEXT((#8298)) 
GLOBAL_UNIT_ASSIGNED_CONTEXT((#8295,#8296,#8297)) REPRESENTATION_CONTEXT
('Context #1','3D Context with UNIT and UNCERTAINTY') );
#8295 = ( LENGTH_UNIT() NAMED_UNIT(*) SI_UNIT(.MILLI.,.METRE.) );
#8296 = ( NAMED_UNIT(*) PLANE_ANGLE_UNIT() SI_UNIT($,.RADIAN.) );
#8297 = ( NAMED_UNIT(*) SI_UNIT($,.STERADIAN.) SOLID_ANGLE_UNIT() );
#8298 = UNCERTAINTY_MEASURE_WITH_UNIT(LENGTH_MEASURE(1.E-07),#8295,
  'distance_accuracy_value','confusion accuracy');
#8299 = CONTEXT_DEPENDENT_SHAPE_REPRESENTATION(#8300,#8302);
#8300 = ( REPRESENTATION_RELATIONSHIP('','',#59,#36) 
REPRESENTATION_RELATIONSHIP_WITH_TRANSFORMATION(#8301) 
SHAPE_REPRESENTATION_RELATIONSHIP() );
#8301 = ITEM_DEFINED_TRANSFORMATION('','',#11,#37);
#8302 = PRODUCT_DEFINITION_SHAPE('Placement','Placement of an item',
  #8303);
#8303 = NEXT_ASSEMBLY_USAGE_OCCURRENCE('1','=>[0:1:1:3]','',#31,#54,$);
#8304 = PRODUCT_RELATED_PRODUCT_CATEGORY('part',$,(#56));
#8305 = SHAPE_DEFINITION_REPRESENTATION(#8306,#8312);
#8306 = PRODUCT_DEFINITION_SHAPE('','',#8307);
#8307 = PRODUCT_DEFINITION('design','',#8308,#8311);
#8308 = PRODUCT_DEFINITION_FORMATION('','',#8309);
#8309 = PRODUCT('am213-fpc-adapter_PCB','am213-fpc-adapter_PCB','',(
    #8310));
#8310 = PRODUCT_CONTEXT('',#2,'mechanical');
#8311 = PRODUCT_DEFINITION_CONTEXT('part definition',#2,'design');
#8312 = ADVANCED_BREP_SHAPE_REPRESENTATION('',(#11,#8313),#8463);
#8313 = MANIFOLD_SOLID_BREP('',#8314);
#8314 = CLOSED_SHELL('',(#8315,#8355,#8386,#8417,#8439,#8451));
#8315 = ADVANCED_FACE('',(#8316),#8350,.T.);
#8316 = FACE_BOUND('',#8317,.T.);
#8317 = EDGE_LOOP('',(#8318,#8328,#8336,#8344));
#8318 = ORIENTED_EDGE('',*,*,#8319,.T.);
#8319 = EDGE_CURVE('',#8320,#8322,#8324,.T.);
#8320 = VERTEX_POINT('',#8321);
#8321 = CARTESIAN_POINT('',(17.,-22.,0.));
#8322 = VERTEX_POINT('',#8323);
#8323 = CARTESIAN_POINT('',(17.,-22.,0.51));
#8324 = LINE('',#8325,#8326);
#8325 = CARTESIAN_POINT('',(17.,-22.,0.));
#8326 = VECTOR('',#8327,1.);
#8327 = DIRECTION('',(0.,0.,1.));
#8328 = ORIENTED_EDGE('',*,*,#8329,.T.);
#8329 = EDGE_CURVE('',#8322,#8330,#8332,.T.);
#8330 = VERTEX_POINT('',#8331);
#8331 = CARTESIAN_POINT('',(0.,-22.,0.51));
#8332 = LINE('',#8333,#8334);
#8333 = CARTESIAN_POINT('',(17.,-22.,0.51));
#8334 = VECTOR('',#8335,1.);
#8335 = DIRECTION('',(-1.,0.,0.));
#8336 = ORIENTED_EDGE('',*,*,#8337,.F.);
#8337 = EDGE_CURVE('',#8338,#8330,#8340,.T.);
#8338 = VERTEX_POINT('',#8339);
#8339 = CARTESIAN_POINT('',(0.,-22.,0.));
#8340 = LINE('',#8341,#8342);
#8341 = CARTESIAN_POINT('',(0.,-22.,0.));
#8342 = VECTOR('',#8343,1.);
#8343 = DIRECTION('',(0.,0.,1.));
#8344 = ORIENTED_EDGE('',*,*,#8345,.F.);
#8345 = EDGE_CURVE('',#8320,#8338,#8346,.T.);
#8346 = LINE('',#8347,#8348);
#8347 = CARTESIAN_POINT('',(17.,-22.,0.));
#8348 = VECTOR('',#8349,1.);
#8349 = DIRECTION('',(-1.,0.,0.));
#8350 = PLANE('',#8351);
#8351 = AXIS2_PLACEMENT_3D('',#8352,#8353,#8354);
#8352 = CARTESIAN_POINT('',(17.,-22.,0.));
#8353 = DIRECTION('',(0.,-1.,0.));
#8354 = DIRECTION('',(-1.,0.,0.));
#8355 = ADVANCED_FACE('',(#8356),#8381,.T.);
#8356 = FACE_BOUND('',#8357,.T.);
#8357 = EDGE_LOOP('',(#8358,#8359,#8367,#8375));
#8358 = ORIENTED_EDGE('',*,*,#8337,.T.);
#8359 = ORIENTED_EDGE('',*,*,#8360,.T.);
#8360 = EDGE_CURVE('',#8330,#8361,#8363,.T.);
#8361 = VERTEX_POINT('',#8362);
#8362 = CARTESIAN_POINT('',(0.,0.,0.51));
#8363 = LINE('',#8364,#8365);
#8364 = CARTESIAN_POINT('',(0.,-22.,0.51));
#8365 = VECTOR('',#8366,1.);
#8366 = DIRECTION('',(0.,1.,0.));
#8367 = ORIENTED_EDGE('',*,*,#8368,.F.);
#8368 = EDGE_CURVE('',#8369,#8361,#8371,.T.);
#8369 = VERTEX_POINT('',#8370);
#8370 = CARTESIAN_POINT('',(0.,-0.,0.));
#8371 = LINE('',#8372,#8373);
#8372 = CARTESIAN_POINT('',(0.,-0.,0.));
#8373 = VECTOR('',#8374,1.);
#8374 = DIRECTION('',(0.,0.,1.));
#8375 = ORIENTED_EDGE('',*,*,#8376,.F.);
#8376 = EDGE_CURVE('',#8338,#8369,#8377,.T.);
#8377 = LINE('',#8378,#8379);
#8378 = CARTESIAN_POINT('',(0.,-22.,0.));
#8379 = VECTOR('',#8380,1.);
#8380 = DIRECTION('',(0.,1.,0.));
#8381 = PLANE('',#8382);
#8382 = AXIS2_PLACEMENT_3D('',#8383,#8384,#8385);
#8383 = CARTESIAN_POINT('',(0.,-22.,0.));
#8384 = DIRECTION('',(-1.,0.,0.));
#8385 = DIRECTION('',(0.,1.,0.));
#8386 = ADVANCED_FACE('',(#8387),#8412,.T.);
#8387 = FACE_BOUND('',#8388,.T.);
#8388 = EDGE_LOOP('',(#8389,#8390,#8398,#8406));
#8389 = ORIENTED_EDGE('',*,*,#8368,.T.);
#8390 = ORIENTED_EDGE('',*,*,#8391,.T.);
#8391 = EDGE_CURVE('',#8361,#8392,#8394,.T.);
#8392 = VERTEX_POINT('',#8393);
#8393 = CARTESIAN_POINT('',(17.,0.,0.51));
#8394 = LINE('',#8395,#8396);
#8395 = CARTESIAN_POINT('',(0.,0.,0.51));
#8396 = VECTOR('',#8397,1.);
#8397 = DIRECTION('',(1.,0.,0.));
#8398 = ORIENTED_EDGE('',*,*,#8399,.F.);
#8399 = EDGE_CURVE('',#8400,#8392,#8402,.T.);
#8400 = VERTEX_POINT('',#8401);
#8401 = CARTESIAN_POINT('',(17.,-0.,0.));
#8402 = LINE('',#8403,#8404);
#8403 = CARTESIAN_POINT('',(17.,-0.,0.));
#8404 = VECTOR('',#8405,1.);
#8405 = DIRECTION('',(0.,0.,1.));
#8406 = ORIENTED_EDGE('',*,*,#8407,.F.);
#8407 = EDGE_CURVE('',#8369,#8400,#8408,.T.);
#8408 = LINE('',#8409,#8410);
#8409 = CARTESIAN_POINT('',(0.,-0.,0.));
#8410 = VECTOR('',#8411,1.);
#8411 = DIRECTION('',(1.,0.,0.));
#8412 = PLANE('',#8413);
#8413 = AXIS2_PLACEMENT_3D('',#8414,#8415,#8416);
#8414 = CARTESIAN_POINT('',(0.,0.,0.));
#8415 = DIRECTION('',(0.,1.,0.));
#8416 = DIRECTION('',(1.,0.,0.));
#8417 = ADVANCED_FACE('',(#8418),#8434,.T.);
#8418 = FACE_BOUND('',#8419,.T.);
#8419 = EDGE_LOOP('',(#8420,#8421,#8427,#8428));
#8420 = ORIENTED_EDGE('',*,*,#8399,.T.);
#8421 = ORIENTED_EDGE('',*,*,#8422,.T.);
#8422 = EDGE_CURVE('',#8392,#8322,#8423,.T.);
#8423 = LINE('',#8424,#8425);
#8424 = CARTESIAN_POINT('',(17.,0.,0.51));
#8425 = VECTOR('',#8426,1.);
#8426 = DIRECTION('',(0.,-1.,0.));
#8427 = ORIENTED_EDGE('',*,*,#8319,.F.);
#8428 = ORIENTED_EDGE('',*,*,#8429,.F.);
#8429 = EDGE_CURVE('',#8400,#8320,#8430,.T.);
#8430 = LINE('',#8431,#8432);
#8431 = CARTESIAN_POINT('',(17.,-0.,0.));
#8432 = VECTOR('',#8433,1.);
#8433 = DIRECTION('',(0.,-1.,0.));
#8434 = PLANE('',#8435);
#8435 = AXIS2_PLACEMENT_3D('',#8436,#8437,#8438);
#8436 = CARTESIAN_POINT('',(17.,-0.,0.));
#8437 = DIRECTION('',(1.,0.,-0.));
#8438 = DIRECTION('',(0.,-1.,0.));
#8439 = ADVANCED_FACE('',(#8440),#8446,.F.);
#8440 = FACE_BOUND('',#8441,.T.);
#8441 = EDGE_LOOP('',(#8442,#8443,#8444,#8445));
#8442 = ORIENTED_EDGE('',*,*,#8345,.T.);
#8443 = ORIENTED_EDGE('',*,*,#8376,.T.);
#8444 = ORIENTED_EDGE('',*,*,#8407,.T.);
#8445 = ORIENTED_EDGE('',*,*,#8429,.T.);
#8446 = PLANE('',#8447);
#8447 = AXIS2_PLACEMENT_3D('',#8448,#8449,#8450);
#8448 = CARTESIAN_POINT('',(0.,0.,0.));
#8449 = DIRECTION('',(0.,0.,1.));
#8450 = DIRECTION('',(1.,0.,-0.));
#8451 = ADVANCED_FACE('',(#8452),#8458,.T.);
#8452 = FACE_BOUND('',#8453,.F.);
#8453 = EDGE_LOOP('',(#8454,#8455,#8456,#8457));
#8454 = ORIENTED_EDGE('',*,*,#8329,.T.);
#8455 = ORIENTED_EDGE('',*,*,#8360,.T.);
#8456 = ORIENTED_EDGE('',*,*,#8391,.T.);
#8457 = ORIENTED_EDGE('',*,*,#8422,.T.);
#8458 = PLANE('',#8459);
#8459 = AXIS2_PLACEMENT_3D('',#8460,#8461,#8462);
#8460 = CARTESIAN_POINT('',(0.,0.,0.51));
#8461 = DIRECTION('',(0.,0.,1.));
#8462 = DIRECTION('',(1.,0.,-0.));
#8463 = ( GEOMETRIC_REPRESENTATION_CONTEXT(3) 
GLOBAL_UNCERTAINTY_ASSIGNED_CONTEXT((#8467)) 
GLOBAL_UNIT_ASSIGNED_CONTEXT((#8464,#8465,#8466)) REPRESENTATION_CONTEXT
('Context #1','3D Context with UNIT and UNCERTAINTY') );
#8464 = ( LENGTH_UNIT() NAMED_UNIT(*) SI_UNIT(.MILLI.,.METRE.) );
#8465 = ( NAMED_UNIT(*) PLANE_ANGLE_UNIT() SI_UNIT($,.RADIAN.) );
#8466 = ( NAMED_UNIT(*) SI_UNIT($,.STERADIAN.) SOLID_ANGLE_UNIT() );
#8467 = UNCERTAINTY_MEASURE_WITH_UNIT(LENGTH_MEASURE(1.E-07),#8464,
  'distance_accuracy_value','confusion accuracy');
#8468 = CONTEXT_DEPENDENT_SHAPE_REPRESENTATION(#8469,#8471);
#8469 = ( REPRESENTATION_RELATIONSHIP('','',#8312,#10) 
REPRESENTATION_RELATIONSHIP_WITH_TRANSFORMATION(#8470) 
SHAPE_REPRESENTATION_RELATIONSHIP() );
#8470 = ITEM_DEFINED_TRANSFORMATION('','',#11,#19);
#8471 = PRODUCT_DEFINITION_SHAPE('Placement','Placement of an item',
  #8472);
#8472 = NEXT_ASSEMBLY_USAGE_OCCURRENCE('3','=>[0:1:1:4]','',#5,#8307,$);
#8473 = PRODUCT_RELATED_PRODUCT_CATEGORY('part',$,(#8309));
#8474 = MECHANICAL_DESIGN_GEOMETRIC_PRESENTATION_REPRESENTATION('',(
    #8475),#8463);
#8475 = STYLED_ITEM('color',(#8476),#8313);
#8476 = PRESENTATION_STYLE_ASSIGNMENT((#8477));
#8477 = SURFACE_STYLE_USAGE(.BOTH.,#8478);
#8478 = SURFACE_SIDE_STYLE('',(#8479));
#8479 = SURFACE_STYLE_FILL_AREA(#8480);
#8480 = FILL_AREA_STYLE('',(#8481));
#8481 = FILL_AREA_STYLE_COLOUR('',#8482);
#8482 = COLOUR_RGB('',0.313304153717,0.484529207832,0.410020903123);
ENDSEC;
END-ISO-10303-21;
