ISO-10303-21;
HEADER;
FILE_DESCRIPTION(('FreeCAD Model'),'2;1');
FILE_NAME('Open CASCADE Shape Model','2026-09-23T15:23:54',('FreeCAD'),(
    'FreeCAD'),'Open CASCADE STEP processor 7.8','FreeCAD','Unknown');
FILE_SCHEMA(('AUTOMOTIVE_DESIGN { 1 0 10303 214 1 1 1 1 }'));
ENDSEC;
DATA;
#1 = APPLICATION_PROTOCOL_DEFINITION('international standard',
  'automotive_design',2000,#2);
#2 = APPLICATION_CONTEXT(
  'core data for automotive mechanical design processes');
#3 = SHAPE_DEFINITION_REPRESENTATION(#4,#10);
#4 = PRODUCT_DEFINITION_SHAPE('','',#5);
#5 = PRODUCT_DEFINITION('design','',#6,#9);
#6 = PRODUCT_DEFINITION_FORMATION('','',#7);
#7 = PRODUCT('Open CASCADE STEP translator 7.8 1',
  'Open CASCADE STEP translator 7.8 1','',(#8));
#8 = PRODUCT_CONTEXT('',#2,'mechanical');
#9 = PRODUCT_DEFINITION_CONTEXT('part definition',#2,'design');
#10 = ADVANCED_BREP_SHAPE_REPRESENTATION('',(#11,#15),#5067);
#11 = AXIS2_PLACEMENT_3D('',#12,#13,#14);
#12 = CARTESIAN_POINT('',(0.,0.,0.));
#13 = DIRECTION('',(0.,0.,1.));
#14 = DIRECTION('',(1.,0.,-0.));
#15 = MANIFOLD_SOLID_BREP('',#16);
#16 = CLOSED_SHELL('',(#17,#57,#98,#140,#164,#215,#227,#247,#401,#491,
    #690,#727,#752,#786,#811,#836,#862,#888,#913,#938,#956,#1069,#1178,
    #1347,#1365,#1456,#1673,#1714,#1747,#1771,#1801,#1835,#1852,#1876,
    #1918,#1935,#1966,#1990,#2037,#2062,#2086,#2111,#2158,#2182,#2206,
    #2223,#2248,#2272,#2290,#2307,#2325,#2350,#2382,#2406,#2430,#2522,
    #2558,#2640,#2691,#2758,#2775,#2787,#2905,#2930,#2993,#3011,#3036,
    #3100,#3125,#3179,#3203,#3220,#3237,#3254,#3273,#3311,#3339,#3369,
    #3387,#3397,#3418,#3435,#3452,#3464,#3489,#3544,#3561,#3578,#3590,
    #3615,#3640,#3658,#3676,#3707,#3747,#3771,#3811,#3842,#3867,#3900,
    #3924,#3948,#3973,#3998,#4015,#4027,#4113,#4125,#4145,#4179,#4204,
    #4229,#4255,#4281,#4306,#4331,#4349,#4366,#4378,#4411,#4450,#4464,
    #4476,#4503,#4515,#4542,#4567,#4592,#4619,#4631,#4643,#4659,#4690,
    #4724,#4758,#4782,#4806,#4840,#4874,#4891,#4916,#4936,#4945,#4954,
    #4979,#4991,#5000,#5009,#5034));
#17 = ADVANCED_FACE('',(#18),#52,.F.);
#18 = FACE_BOUND('',#19,.F.);
#19 = EDGE_LOOP('',(#20,#30,#38,#46));
#20 = ORIENTED_EDGE('',*,*,#21,.F.);
#21 = EDGE_CURVE('',#22,#24,#26,.T.);
#22 = VERTEX_POINT('',#23);
#23 = CARTESIAN_POINT('',(23.5,1.2,9.399999952316));
#24 = VERTEX_POINT('',#25);
#25 = CARTESIAN_POINT('',(23.5,2.37632394184,9.399999952316));
#26 = LINE('',#27,#28);
#27 = CARTESIAN_POINT('',(23.5,1.1,9.399999952316));
#28 = VECTOR('',#29,1.);
#29 = DIRECTION('',(0.,1.,0.));
#30 = ORIENTED_EDGE('',*,*,#31,.T.);
#31 = EDGE_CURVE('',#22,#32,#34,.T.);
#32 = VERTEX_POINT('',#33);
#33 = CARTESIAN_POINT('',(23.5,1.2,8.399999952316));
#34 = LINE('',#35,#36);
#35 = CARTESIAN_POINT('',(23.5,1.2,3.099999952316));
#36 = VECTOR('',#37,1.);
#37 = DIRECTION('',(0.,0.,-1.));
#38 = ORIENTED_EDGE('',*,*,#39,.T.);
#39 = EDGE_CURVE('',#32,#40,#42,.T.);
#40 = VERTEX_POINT('',#41);
#41 = CARTESIAN_POINT('',(23.5,2.376323941841,8.399999952316));
#42 = LINE('',#43,#44);
#43 = CARTESIAN_POINT('',(23.5,1.1,8.399999952316));
#44 = VECTOR('',#45,1.);
#45 = DIRECTION('',(0.,1.,0.));
#46 = ORIENTED_EDGE('',*,*,#47,.T.);
#47 = EDGE_CURVE('',#40,#24,#48,.T.);
#48 = LINE('',#49,#50);
#49 = CARTESIAN_POINT('',(23.5,2.37632394184,0.649999952316));
#50 = VECTOR('',#51,1.);
#51 = DIRECTION('',(0.,0.,1.));
#52 = PLANE('',#53);
#53 = AXIS2_PLACEMENT_3D('',#54,#55,#56);
#54 = CARTESIAN_POINT('',(23.5,1.1,8.399999952316));
#55 = DIRECTION('',(1.,0.,0.));
#56 = DIRECTION('',(0.,0.,1.));
#57 = ADVANCED_FACE('',(#58),#93,.T.);
#58 = FACE_BOUND('',#59,.T.);
#59 = EDGE_LOOP('',(#60,#68,#76,#85,#92));
#60 = ORIENTED_EDGE('',*,*,#61,.T.);
#61 = EDGE_CURVE('',#22,#62,#64,.T.);
#62 = VERTEX_POINT('',#63);
#63 = CARTESIAN_POINT('',(26.5,1.2,9.399999952316));
#64 = LINE('',#65,#66);
#65 = CARTESIAN_POINT('',(18.,1.2,9.399999952316));
#66 = VECTOR('',#67,1.);
#67 = DIRECTION('',(1.,0.,0.));
#68 = ORIENTED_EDGE('',*,*,#69,.T.);
#69 = EDGE_CURVE('',#62,#70,#72,.T.);
#70 = VERTEX_POINT('',#71);
#71 = CARTESIAN_POINT('',(26.5,2.37632394184,9.399999952316));
#72 = LINE('',#73,#74);
#73 = CARTESIAN_POINT('',(26.5,1.1,9.399999952316));
#74 = VECTOR('',#75,1.);
#75 = DIRECTION('',(0.,1.,0.));
#76 = ORIENTED_EDGE('',*,*,#77,.T.);
#77 = EDGE_CURVE('',#70,#78,#80,.T.);
#78 = VERTEX_POINT('',#79);
#79 = CARTESIAN_POINT('',(27.6,4.5,9.399999952316));
#80 = CIRCLE('',#81,2.6);
#81 = AXIS2_PLACEMENT_3D('',#82,#83,#84);
#82 = CARTESIAN_POINT('',(25.,4.5,9.399999952316));
#83 = DIRECTION('',(0.,0.,1.));
#84 = DIRECTION('',(1.,0.,0.));
#85 = ORIENTED_EDGE('',*,*,#86,.T.);
#86 = EDGE_CURVE('',#78,#24,#87,.T.);
#87 = CIRCLE('',#88,2.6);
#88 = AXIS2_PLACEMENT_3D('',#89,#90,#91);
#89 = CARTESIAN_POINT('',(25.,4.5,9.399999952316));
#90 = DIRECTION('',(0.,0.,1.));
#91 = DIRECTION('',(1.,0.,0.));
#92 = ORIENTED_EDGE('',*,*,#21,.F.);
#93 = PLANE('',#94);
#94 = AXIS2_PLACEMENT_3D('',#95,#96,#97);
#95 = CARTESIAN_POINT('',(25.066113247771,3.886908645889,9.399999952316)
  );
#96 = DIRECTION('',(0.,0.,1.));
#97 = DIRECTION('',(1.,0.,0.));
#98 = ADVANCED_FACE('',(#99),#135,.T.);
#99 = FACE_BOUND('',#100,.T.);
#100 = EDGE_LOOP('',(#101,#109,#110,#118,#125,#126,#127,#128));
#101 = ORIENTED_EDGE('',*,*,#102,.T.);
#102 = EDGE_CURVE('',#103,#78,#105,.T.);
#103 = VERTEX_POINT('',#104);
#104 = CARTESIAN_POINT('',(27.6,4.5,0.649999952316));
#105 = LINE('',#106,#107);
#106 = CARTESIAN_POINT('',(27.6,4.5,0.649999952316));
#107 = VECTOR('',#108,1.);
#108 = DIRECTION('',(0.,0.,1.));
#109 = ORIENTED_EDGE('',*,*,#77,.F.);
#110 = ORIENTED_EDGE('',*,*,#111,.F.);
#111 = EDGE_CURVE('',#112,#70,#114,.T.);
#112 = VERTEX_POINT('',#113);
#113 = CARTESIAN_POINT('',(26.5,2.376323941841,8.399999952316));
#114 = LINE('',#115,#116);
#115 = CARTESIAN_POINT('',(26.5,2.37632394184,0.649999952316));
#116 = VECTOR('',#117,1.);
#117 = DIRECTION('',(0.,0.,1.));
#118 = ORIENTED_EDGE('',*,*,#119,.F.);
#119 = EDGE_CURVE('',#40,#112,#120,.T.);
#120 = CIRCLE('',#121,2.6);
#121 = AXIS2_PLACEMENT_3D('',#122,#123,#124);
#122 = CARTESIAN_POINT('',(25.,4.5,8.399999952316));
#123 = DIRECTION('',(0.,0.,1.));
#124 = DIRECTION('',(1.,0.,0.));
#125 = ORIENTED_EDGE('',*,*,#47,.T.);
#126 = ORIENTED_EDGE('',*,*,#86,.F.);
#127 = ORIENTED_EDGE('',*,*,#102,.F.);
#128 = ORIENTED_EDGE('',*,*,#129,.T.);
#129 = EDGE_CURVE('',#103,#103,#130,.T.);
#130 = CIRCLE('',#131,2.6);
#131 = AXIS2_PLACEMENT_3D('',#132,#133,#134);
#132 = CARTESIAN_POINT('',(25.,4.5,0.649999952316));
#133 = DIRECTION('',(0.,0.,1.));
#134 = DIRECTION('',(1.,0.,0.));
#135 = CYLINDRICAL_SURFACE('',#136,2.6);
#136 = AXIS2_PLACEMENT_3D('',#137,#138,#139);
#137 = CARTESIAN_POINT('',(25.,4.5,0.649999952316));
#138 = DIRECTION('',(0.,0.,1.));
#139 = DIRECTION('',(1.,0.,0.));
#140 = ADVANCED_FACE('',(#141),#159,.F.);
#141 = FACE_BOUND('',#142,.F.);
#142 = EDGE_LOOP('',(#143,#144,#152,#158));
#143 = ORIENTED_EDGE('',*,*,#39,.F.);
#144 = ORIENTED_EDGE('',*,*,#145,.T.);
#145 = EDGE_CURVE('',#32,#146,#148,.T.);
#146 = VERTEX_POINT('',#147);
#147 = CARTESIAN_POINT('',(26.5,1.2,8.399999952316));
#148 = LINE('',#149,#150);
#149 = CARTESIAN_POINT('',(18.,1.2,8.399999952316));
#150 = VECTOR('',#151,1.);
#151 = DIRECTION('',(1.,0.,0.));
#152 = ORIENTED_EDGE('',*,*,#153,.T.);
#153 = EDGE_CURVE('',#146,#112,#154,.T.);
#154 = LINE('',#155,#156);
#155 = CARTESIAN_POINT('',(26.5,1.1,8.399999952316));
#156 = VECTOR('',#157,1.);
#157 = DIRECTION('',(0.,1.,0.));
#158 = ORIENTED_EDGE('',*,*,#119,.F.);
#159 = PLANE('',#160);
#160 = AXIS2_PLACEMENT_3D('',#161,#162,#163);
#161 = CARTESIAN_POINT('',(23.5,1.1,8.399999952316));
#162 = DIRECTION('',(0.,0.,1.));
#163 = DIRECTION('',(1.,0.,0.));
#164 = ADVANCED_FACE('',(#165,#199),#210,.T.);
#165 = FACE_BOUND('',#166,.T.);
#166 = EDGE_LOOP('',(#167,#177,#185,#193));
#167 = ORIENTED_EDGE('',*,*,#168,.F.);
#168 = EDGE_CURVE('',#169,#171,#173,.T.);
#169 = VERTEX_POINT('',#170);
#170 = CARTESIAN_POINT('',(12.5,1.2,-4.768371586472E-08));
#171 = VERTEX_POINT('',#172);
#172 = CARTESIAN_POINT('',(37.5,1.2,-4.768371586472E-08));
#173 = LINE('',#174,#175);
#174 = CARTESIAN_POINT('',(18.75,1.2,-4.768371564268E-08));
#175 = VECTOR('',#176,1.);
#176 = DIRECTION('',(1.,0.,0.));
#177 = ORIENTED_EDGE('',*,*,#178,.T.);
#178 = EDGE_CURVE('',#169,#179,#181,.T.);
#179 = VERTEX_POINT('',#180);
#180 = CARTESIAN_POINT('',(12.5,1.2,10.299999952316));
#181 = LINE('',#182,#183);
#182 = CARTESIAN_POINT('',(12.5,1.2,-2.200000047684));
#183 = VECTOR('',#184,1.);
#184 = DIRECTION('',(0.,0.,1.));
#185 = ORIENTED_EDGE('',*,*,#186,.T.);
#186 = EDGE_CURVE('',#179,#187,#189,.T.);
#187 = VERTEX_POINT('',#188);
#188 = CARTESIAN_POINT('',(37.5,1.2,10.299999952316));
#189 = LINE('',#190,#191);
#190 = CARTESIAN_POINT('',(18.75,1.2,10.299999952316));
#191 = VECTOR('',#192,1.);
#192 = DIRECTION('',(1.,0.,0.));
#193 = ORIENTED_EDGE('',*,*,#194,.F.);
#194 = EDGE_CURVE('',#171,#187,#195,.T.);
#195 = LINE('',#196,#197);
#196 = CARTESIAN_POINT('',(37.5,1.2,-2.200000047684));
#197 = VECTOR('',#198,1.);
#198 = DIRECTION('',(0.,0.,1.));
#199 = FACE_BOUND('',#200,.T.);
#200 = EDGE_LOOP('',(#201,#202,#203,#204));
#201 = ORIENTED_EDGE('',*,*,#61,.F.);
#202 = ORIENTED_EDGE('',*,*,#31,.T.);
#203 = ORIENTED_EDGE('',*,*,#145,.T.);
#204 = ORIENTED_EDGE('',*,*,#205,.F.);
#205 = EDGE_CURVE('',#62,#146,#206,.T.);
#206 = LINE('',#207,#208);
#207 = CARTESIAN_POINT('',(26.5,1.2,3.099999952316));
#208 = VECTOR('',#209,1.);
#209 = DIRECTION('',(0.,0.,-1.));
#210 = PLANE('',#211);
#211 = AXIS2_PLACEMENT_3D('',#212,#213,#214);
#212 = CARTESIAN_POINT('',(12.5,1.2,-2.200000047684));
#213 = DIRECTION('',(0.,1.,0.));
#214 = DIRECTION('',(0.,0.,1.));
#215 = ADVANCED_FACE('',(#216),#222,.T.);
#216 = FACE_BOUND('',#217,.T.);
#217 = EDGE_LOOP('',(#218,#219,#220,#221));
#218 = ORIENTED_EDGE('',*,*,#69,.F.);
#219 = ORIENTED_EDGE('',*,*,#205,.T.);
#220 = ORIENTED_EDGE('',*,*,#153,.T.);
#221 = ORIENTED_EDGE('',*,*,#111,.T.);
#222 = PLANE('',#223);
#223 = AXIS2_PLACEMENT_3D('',#224,#225,#226);
#224 = CARTESIAN_POINT('',(26.5,1.1,8.399999952316));
#225 = DIRECTION('',(1.,0.,0.));
#226 = DIRECTION('',(0.,0.,1.));
#227 = ADVANCED_FACE('',(#228,#231),#242,.F.);
#228 = FACE_BOUND('',#229,.T.);
#229 = EDGE_LOOP('',(#230));
#230 = ORIENTED_EDGE('',*,*,#129,.F.);
#231 = FACE_BOUND('',#232,.F.);
#232 = EDGE_LOOP('',(#233));
#233 = ORIENTED_EDGE('',*,*,#234,.F.);
#234 = EDGE_CURVE('',#235,#235,#237,.T.);
#235 = VERTEX_POINT('',#236);
#236 = CARTESIAN_POINT('',(26.65,4.5,0.649999952316));
#237 = CIRCLE('',#238,1.65);
#238 = AXIS2_PLACEMENT_3D('',#239,#240,#241);
#239 = CARTESIAN_POINT('',(25.,4.5,0.649999952316));
#240 = DIRECTION('',(0.,0.,1.));
#241 = DIRECTION('',(1.,0.,0.));
#242 = PLANE('',#243);
#243 = AXIS2_PLACEMENT_3D('',#244,#245,#246);
#244 = CARTESIAN_POINT('',(25.,4.5,0.649999952316));
#245 = DIRECTION('',(0.,0.,1.));
#246 = DIRECTION('',(1.,0.,0.));
#247 = ADVANCED_FACE('',(#248,#318),#396,.T.);
#248 = FACE_BOUND('',#249,.T.);
#249 = EDGE_LOOP('',(#250,#261,#269,#278,#286,#295,#303,#312));
#250 = ORIENTED_EDGE('',*,*,#251,.F.);
#251 = EDGE_CURVE('',#252,#254,#256,.T.);
#252 = VERTEX_POINT('',#253);
#253 = CARTESIAN_POINT('',(0.55,12.5,-4.768371586472E-08));
#254 = VERTEX_POINT('',#255);
#255 = CARTESIAN_POINT('',(12.5,0.55,-4.768371586472E-08));
#256 = CIRCLE('',#257,11.95);
#257 = AXIS2_PLACEMENT_3D('',#258,#259,#260);
#258 = CARTESIAN_POINT('',(12.5,12.5,-4.768371564268E-08));
#259 = DIRECTION('',(0.,-0.,1.));
#260 = DIRECTION('',(-1.,1.4E-16,0.));
#261 = ORIENTED_EDGE('',*,*,#262,.F.);
#262 = EDGE_CURVE('',#263,#252,#265,.T.);
#263 = VERTEX_POINT('',#264);
#264 = CARTESIAN_POINT('',(0.55,69.,-4.768371586472E-08));
#265 = LINE('',#266,#267);
#266 = CARTESIAN_POINT('',(0.55,69.,-4.768371586472E-08));
#267 = VECTOR('',#268,1.);
#268 = DIRECTION('',(-0.,-1.,-0.));
#269 = ORIENTED_EDGE('',*,*,#270,.F.);
#270 = EDGE_CURVE('',#271,#263,#273,.T.);
#271 = VERTEX_POINT('',#272);
#272 = CARTESIAN_POINT('',(12.5,80.95,-4.768371586472E-08));
#273 = CIRCLE('',#274,11.95);
#274 = AXIS2_PLACEMENT_3D('',#275,#276,#277);
#275 = CARTESIAN_POINT('',(12.5,69.,-4.768371564268E-08));
#276 = DIRECTION('',(0.,-0.,1.));
#277 = DIRECTION('',(0.,1.,0.));
#278 = ORIENTED_EDGE('',*,*,#279,.F.);
#279 = EDGE_CURVE('',#280,#271,#282,.T.);
#280 = VERTEX_POINT('',#281);
#281 = CARTESIAN_POINT('',(37.5,80.95,-4.768371586472E-08));
#282 = LINE('',#283,#284);
#283 = CARTESIAN_POINT('',(37.5,80.95,-4.768371586472E-08));
#284 = VECTOR('',#285,1.);
#285 = DIRECTION('',(-1.,-0.,-0.));
#286 = ORIENTED_EDGE('',*,*,#287,.F.);
#287 = EDGE_CURVE('',#288,#280,#290,.T.);
#288 = VERTEX_POINT('',#289);
#289 = CARTESIAN_POINT('',(49.45,69.,-4.768371586472E-08));
#290 = CIRCLE('',#291,11.95);
#291 = AXIS2_PLACEMENT_3D('',#292,#293,#294);
#292 = CARTESIAN_POINT('',(37.5,69.,-4.768371564268E-08));
#293 = DIRECTION('',(0.,0.,1.));
#294 = DIRECTION('',(1.,0.,0.));
#295 = ORIENTED_EDGE('',*,*,#296,.F.);
#296 = EDGE_CURVE('',#297,#288,#299,.T.);
#297 = VERTEX_POINT('',#298);
#298 = CARTESIAN_POINT('',(49.45,12.5,-4.768371586472E-08));
#299 = LINE('',#300,#301);
#300 = CARTESIAN_POINT('',(49.45,12.5,-4.768371586472E-08));
#301 = VECTOR('',#302,1.);
#302 = DIRECTION('',(0.,1.,0.));
#303 = ORIENTED_EDGE('',*,*,#304,.F.);
#304 = EDGE_CURVE('',#305,#297,#307,.T.);
#305 = VERTEX_POINT('',#306);
#306 = CARTESIAN_POINT('',(37.5,0.55,-4.768371586472E-08));
#307 = CIRCLE('',#308,11.95);
#308 = AXIS2_PLACEMENT_3D('',#309,#310,#311);
#309 = CARTESIAN_POINT('',(37.5,12.5,-4.768371564268E-08));
#310 = DIRECTION('',(-0.,0.,1.));
#311 = DIRECTION('',(0.,-1.,0.));
#312 = ORIENTED_EDGE('',*,*,#313,.F.);
#313 = EDGE_CURVE('',#254,#305,#314,.T.);
#314 = LINE('',#315,#316);
#315 = CARTESIAN_POINT('',(12.5,0.55,-4.768371586472E-08));
#316 = VECTOR('',#317,1.);
#317 = DIRECTION('',(1.,0.,0.));
#318 = FACE_BOUND('',#319,.T.);
#319 = EDGE_LOOP('',(#320,#329,#330,#339,#347,#356,#364,#373,#381,#390)
  );
#320 = ORIENTED_EDGE('',*,*,#321,.F.);
#321 = EDGE_CURVE('',#169,#322,#324,.T.);
#322 = VERTEX_POINT('',#323);
#323 = CARTESIAN_POINT('',(1.2,12.5,-4.768371586472E-08));
#324 = CIRCLE('',#325,11.3);
#325 = AXIS2_PLACEMENT_3D('',#326,#327,#328);
#326 = CARTESIAN_POINT('',(12.5,12.5,-4.768371564268E-08));
#327 = DIRECTION('',(0.,0.,-1.));
#328 = DIRECTION('',(1.,0.,0.));
#329 = ORIENTED_EDGE('',*,*,#168,.T.);
#330 = ORIENTED_EDGE('',*,*,#331,.F.);
#331 = EDGE_CURVE('',#332,#171,#334,.T.);
#332 = VERTEX_POINT('',#333);
#333 = CARTESIAN_POINT('',(48.8,12.5,-4.768371586472E-08));
#334 = CIRCLE('',#335,11.3);
#335 = AXIS2_PLACEMENT_3D('',#336,#337,#338);
#336 = CARTESIAN_POINT('',(37.5,12.5,-4.768371564268E-08));
#337 = DIRECTION('',(0.,0.,-1.));
#338 = DIRECTION('',(1.,0.,0.));
#339 = ORIENTED_EDGE('',*,*,#340,.F.);
#340 = EDGE_CURVE('',#341,#332,#343,.T.);
#341 = VERTEX_POINT('',#342);
#342 = CARTESIAN_POINT('',(48.8,69.,-4.768371586472E-08));
#343 = LINE('',#344,#345);
#344 = CARTESIAN_POINT('',(48.8,26.625,-4.768371564268E-08));
#345 = VECTOR('',#346,1.);
#346 = DIRECTION('',(0.,-1.,0.));
#347 = ORIENTED_EDGE('',*,*,#348,.F.);
#348 = EDGE_CURVE('',#349,#341,#351,.T.);
#349 = VERTEX_POINT('',#350);
#350 = CARTESIAN_POINT('',(37.5,80.3,-4.768371586472E-08));
#351 = CIRCLE('',#352,11.3);
#352 = AXIS2_PLACEMENT_3D('',#353,#354,#355);
#353 = CARTESIAN_POINT('',(37.5,69.,-4.768371564268E-08));
#354 = DIRECTION('',(0.,0.,-1.));
#355 = DIRECTION('',(1.,0.,0.));
#356 = ORIENTED_EDGE('',*,*,#357,.F.);
#357 = EDGE_CURVE('',#358,#349,#360,.T.);
#358 = VERTEX_POINT('',#359);
#359 = CARTESIAN_POINT('',(26.602529250903,80.3,-4.768371586472E-08));
#360 = LINE('',#361,#362);
#361 = CARTESIAN_POINT('',(18.75,80.3,-4.768371564268E-08));
#362 = VECTOR('',#363,1.);
#363 = DIRECTION('',(1.,0.,0.));
#364 = ORIENTED_EDGE('',*,*,#365,.T.);
#365 = EDGE_CURVE('',#358,#366,#368,.T.);
#366 = VERTEX_POINT('',#367);
#367 = CARTESIAN_POINT('',(23.397470749097,80.3,-4.768371586472E-08));
#368 = CIRCLE('',#369,2.41);
#369 = AXIS2_PLACEMENT_3D('',#370,#371,#372);
#370 = CARTESIAN_POINT('',(25.,78.5,-4.768371564268E-08));
#371 = DIRECTION('',(0.,0.,1.));
#372 = DIRECTION('',(1.,0.,0.));
#373 = ORIENTED_EDGE('',*,*,#374,.F.);
#374 = EDGE_CURVE('',#375,#366,#377,.T.);
#375 = VERTEX_POINT('',#376);
#376 = CARTESIAN_POINT('',(12.5,80.3,-4.768371586472E-08));
#377 = LINE('',#378,#379);
#378 = CARTESIAN_POINT('',(18.75,80.3,-4.768371564268E-08));
#379 = VECTOR('',#380,1.);
#380 = DIRECTION('',(1.,0.,0.));
#381 = ORIENTED_EDGE('',*,*,#382,.F.);
#382 = EDGE_CURVE('',#383,#375,#385,.T.);
#383 = VERTEX_POINT('',#384);
#384 = CARTESIAN_POINT('',(1.2,69.,-4.768371586472E-08));
#385 = CIRCLE('',#386,11.3);
#386 = AXIS2_PLACEMENT_3D('',#387,#388,#389);
#387 = CARTESIAN_POINT('',(12.5,69.,-4.768371564268E-08));
#388 = DIRECTION('',(0.,0.,-1.));
#389 = DIRECTION('',(1.,0.,0.));
#390 = ORIENTED_EDGE('',*,*,#391,.T.);
#391 = EDGE_CURVE('',#383,#322,#392,.T.);
#392 = LINE('',#393,#394);
#393 = CARTESIAN_POINT('',(1.2,26.625,-4.768371564268E-08));
#394 = VECTOR('',#395,1.);
#395 = DIRECTION('',(0.,-1.,0.));
#396 = PLANE('',#397);
#397 = AXIS2_PLACEMENT_3D('',#398,#399,#400);
#398 = CARTESIAN_POINT('',(25.,40.75,-4.768371564268E-08));
#399 = DIRECTION('',(-0.,-0.,-1.));
#400 = DIRECTION('',(-1.,0.,0.));
#401 = ADVANCED_FACE('',(#402),#486,.F.);
#402 = FACE_BOUND('',#403,.T.);
#403 = EDGE_LOOP('',(#404,#405,#406,#415,#423,#432,#446,#454,#471,#480)
  );
#404 = ORIENTED_EDGE('',*,*,#331,.T.);
#405 = ORIENTED_EDGE('',*,*,#194,.T.);
#406 = ORIENTED_EDGE('',*,*,#407,.F.);
#407 = EDGE_CURVE('',#408,#187,#410,.T.);
#408 = VERTEX_POINT('',#409);
#409 = CARTESIAN_POINT('',(48.8,12.5,10.299999952316));
#410 = CIRCLE('',#411,11.3);
#411 = AXIS2_PLACEMENT_3D('',#412,#413,#414);
#412 = CARTESIAN_POINT('',(37.5,12.5,10.299999952316));
#413 = DIRECTION('',(0.,0.,-1.));
#414 = DIRECTION('',(1.,0.,0.));
#415 = ORIENTED_EDGE('',*,*,#416,.F.);
#416 = EDGE_CURVE('',#417,#408,#419,.T.);
#417 = VERTEX_POINT('',#418);
#418 = CARTESIAN_POINT('',(48.8,12.5,6.149999952316));
#419 = LINE('',#420,#421);
#420 = CARTESIAN_POINT('',(48.8,12.5,-2.200000047684));
#421 = VECTOR('',#422,1.);
#422 = DIRECTION('',(0.,0.,1.));
#423 = ORIENTED_EDGE('',*,*,#424,.T.);
#424 = EDGE_CURVE('',#417,#425,#427,.T.);
#425 = VERTEX_POINT('',#426);
#426 = CARTESIAN_POINT('',(48.741329992488,11.35,6.149999952316));
#427 = CIRCLE('',#428,11.3);
#428 = AXIS2_PLACEMENT_3D('',#429,#430,#431);
#429 = CARTESIAN_POINT('',(37.5,12.5,6.149999952316));
#430 = DIRECTION('',(0.,0.,-1.));
#431 = DIRECTION('',(1.,0.,0.));
#432 = ORIENTED_EDGE('',*,*,#433,.T.);
#433 = EDGE_CURVE('',#425,#434,#436,.T.);
#434 = VERTEX_POINT('',#435);
#435 = CARTESIAN_POINT('',(48.678886348827,10.85,5.649999952316));
#436 = B_SPLINE_CURVE_WITH_KNOTS('',8,(#437,#438,#439,#440,#441,#442,
    #443,#444,#445),.UNSPECIFIED.,.F.,.F.,(9,9),(0.,1.),
  .PIECEWISE_BEZIER_KNOTS.);
#437 = CARTESIAN_POINT('',(48.741329992488,11.35,6.149999952316));
#438 = CARTESIAN_POINT('',(48.730630137319,11.245408171457,
    6.149999952316));
#439 = CARTESIAN_POINT('',(48.719104505843,11.143730943973,
    6.124994800269));
#440 = CARTESIAN_POINT('',(48.707470068494,11.050936372811,
    6.077428606722));
#441 = CARTESIAN_POINT('',(48.696681824365,10.971900640674,
    6.010612792715));
#442 = CARTESIAN_POINT('',(48.687837553601,10.91064955401,5.92897113403)
  );
#443 = CARTESIAN_POINT('',(48.681794383685,10.869701260868,
    5.837759355403));
#444 = CARTESIAN_POINT('',(48.678886348827,10.85,5.74284119395));
#445 = CARTESIAN_POINT('',(48.678886348827,10.85,5.649999952316));
#446 = ORIENTED_EDGE('',*,*,#447,.T.);
#447 = EDGE_CURVE('',#434,#448,#450,.T.);
#448 = VERTEX_POINT('',#449);
#449 = CARTESIAN_POINT('',(48.678886348827,10.85,4.249999952316));
#450 = LINE('',#451,#452);
#451 = CARTESIAN_POINT('',(48.678886348827,10.85,-2.200000047684));
#452 = VECTOR('',#453,1.);
#453 = DIRECTION('',(-0.,-0.,-1.));
#454 = ORIENTED_EDGE('',*,*,#455,.T.);
#455 = EDGE_CURVE('',#448,#456,#458,.T.);
#456 = VERTEX_POINT('',#457);
#457 = CARTESIAN_POINT('',(48.741329992488,11.35,3.749999952316));
#458 = B_SPLINE_CURVE_WITH_KNOTS('',6,(#459,#460,#461,#462,#463,#464,
    #465,#466,#467,#468,#469,#470),.UNSPECIFIED.,.F.,.F.,(7,5,7),(0.,
    0.554744508704,1.),.UNSPECIFIED.);
#459 = CARTESIAN_POINT('',(48.678886348827,10.85,4.249999952316));
#460 = CARTESIAN_POINT('',(48.678886348827,10.85,4.180571197322));
#461 = CARTESIAN_POINT('',(48.680593855544,10.861568602215,
    4.110992640089));
#462 = CARTESIAN_POINT('',(48.684023037445,10.884801092966,
    4.043434185172));
#463 = CARTESIAN_POINT('',(48.689035302267,10.91938250263,3.980102616617
    ));
#464 = CARTESIAN_POINT('',(48.695340569534,10.964618369038,
    3.923191610602));
#465 = CARTESIAN_POINT('',(48.708379279964,11.063268643969,
    3.836219694082));
#466 = CARTESIAN_POINT('',(48.71479335768,11.113388908431,3.803003701475
    ));
#467 = CARTESIAN_POINT('',(48.721573597335,11.168704217488,
    3.776885082732));
#468 = CARTESIAN_POINT('',(48.728416963388,11.22772865181,3.75900268551)
  );
#469 = CARTESIAN_POINT('',(48.735064491356,11.288754290621,
    3.749999952316));
#470 = CARTESIAN_POINT('',(48.741329992488,11.35,3.749999952316));
#471 = ORIENTED_EDGE('',*,*,#472,.F.);
#472 = EDGE_CURVE('',#473,#456,#475,.T.);
#473 = VERTEX_POINT('',#474);
#474 = CARTESIAN_POINT('',(48.8,12.5,3.749999952316));
#475 = CIRCLE('',#476,11.3);
#476 = AXIS2_PLACEMENT_3D('',#477,#478,#479);
#477 = CARTESIAN_POINT('',(37.5,12.5,3.749999952316));
#478 = DIRECTION('',(0.,0.,-1.));
#479 = DIRECTION('',(1.,0.,0.));
#480 = ORIENTED_EDGE('',*,*,#481,.F.);
#481 = EDGE_CURVE('',#332,#473,#482,.T.);
#482 = LINE('',#483,#484);
#483 = CARTESIAN_POINT('',(48.8,12.5,-2.200000047684));
#484 = VECTOR('',#485,1.);
#485 = DIRECTION('',(0.,0.,1.));
#486 = CYLINDRICAL_SURFACE('',#487,11.3);
#487 = AXIS2_PLACEMENT_3D('',#488,#489,#490);
#488 = CARTESIAN_POINT('',(37.5,12.5,-2.200000047684));
#489 = DIRECTION('',(-0.,-0.,-1.));
#490 = DIRECTION('',(1.,0.,0.));
#491 = ADVANCED_FACE('',(#492,#551),#685,.F.);
#492 = FACE_BOUND('',#493,.F.);
#493 = EDGE_LOOP('',(#494,#504,#512,#520,#528,#536,#543,#544,#545));
#494 = ORIENTED_EDGE('',*,*,#495,.F.);
#495 = EDGE_CURVE('',#496,#498,#500,.T.);
#496 = VERTEX_POINT('',#497);
#497 = CARTESIAN_POINT('',(1.2,42.5,10.299999952316));
#498 = VERTEX_POINT('',#499);
#499 = CARTESIAN_POINT('',(48.8,42.5,10.299999952316));
#500 = LINE('',#501,#502);
#501 = CARTESIAN_POINT('',(-3.,42.5,10.299999952316));
#502 = VECTOR('',#503,1.);
#503 = DIRECTION('',(1.,0.,0.));
#504 = ORIENTED_EDGE('',*,*,#505,.T.);
#505 = EDGE_CURVE('',#496,#506,#508,.T.);
#506 = VERTEX_POINT('',#507);
#507 = CARTESIAN_POINT('',(1.2,31.5,10.299999952316));
#508 = LINE('',#509,#510);
#509 = CARTESIAN_POINT('',(1.2,26.625,10.299999952316));
#510 = VECTOR('',#511,1.);
#511 = DIRECTION('',(0.,-1.,0.));
#512 = ORIENTED_EDGE('',*,*,#513,.T.);
#513 = EDGE_CURVE('',#506,#514,#516,.T.);
#514 = VERTEX_POINT('',#515);
#515 = CARTESIAN_POINT('',(0.95,31.5,10.299999952316));
#516 = LINE('',#517,#518);
#517 = CARTESIAN_POINT('',(13.042307692308,31.5,10.299999952316));
#518 = VECTOR('',#519,1.);
#519 = DIRECTION('',(-1.,0.,0.));
#520 = ORIENTED_EDGE('',*,*,#521,.T.);
#521 = EDGE_CURVE('',#514,#522,#524,.T.);
#522 = VERTEX_POINT('',#523);
#523 = CARTESIAN_POINT('',(0.95,12.3,10.299999952316));
#524 = LINE('',#525,#526);
#525 = CARTESIAN_POINT('',(0.95,31.325,10.299999952316));
#526 = VECTOR('',#527,1.);
#527 = DIRECTION('',(0.,-1.,0.));
#528 = ORIENTED_EDGE('',*,*,#529,.T.);
#529 = EDGE_CURVE('',#522,#530,#532,.T.);
#530 = VERTEX_POINT('',#531);
#531 = CARTESIAN_POINT('',(1.201770050136,12.3,10.299999952316));
#532 = LINE('',#533,#534);
#533 = CARTESIAN_POINT('',(13.042693472466,12.3,10.299999952316));
#534 = VECTOR('',#535,1.);
#535 = DIRECTION('',(1.,0.,0.));
#536 = ORIENTED_EDGE('',*,*,#537,.F.);
#537 = EDGE_CURVE('',#179,#530,#538,.T.);
#538 = CIRCLE('',#539,11.3);
#539 = AXIS2_PLACEMENT_3D('',#540,#541,#542);
#540 = CARTESIAN_POINT('',(12.5,12.5,10.299999952316));
#541 = DIRECTION('',(0.,0.,-1.));
#542 = DIRECTION('',(1.,0.,0.));
#543 = ORIENTED_EDGE('',*,*,#186,.T.);
#544 = ORIENTED_EDGE('',*,*,#407,.F.);
#545 = ORIENTED_EDGE('',*,*,#546,.F.);
#546 = EDGE_CURVE('',#498,#408,#547,.T.);
#547 = LINE('',#548,#549);
#548 = CARTESIAN_POINT('',(48.8,26.625,10.299999952316));
#549 = VECTOR('',#550,1.);
#550 = DIRECTION('',(0.,-1.,0.));
#551 = FACE_BOUND('',#552,.F.);
#552 = EDGE_LOOP('',(#553,#563,#571,#579,#588,#596,#605,#613,#621,#629,
    #637,#645,#654,#662,#671,#679));
#553 = ORIENTED_EDGE('',*,*,#554,.T.);
#554 = EDGE_CURVE('',#555,#557,#559,.T.);
#555 = VERTEX_POINT('',#556);
#556 = CARTESIAN_POINT('',(36.1,2.99,10.299999952316));
#557 = VERTEX_POINT('',#558);
#558 = CARTESIAN_POINT('',(13.9,2.99,10.299999952316));
#559 = LINE('',#560,#561);
#560 = CARTESIAN_POINT('',(19.45,2.99,10.299999952316));
#561 = VECTOR('',#562,1.);
#562 = DIRECTION('',(-1.,0.,0.));
#563 = ORIENTED_EDGE('',*,*,#564,.T.);
#564 = EDGE_CURVE('',#557,#565,#567,.T.);
#565 = VERTEX_POINT('',#566);
#566 = CARTESIAN_POINT('',(13.9,3.405,10.299999952316));
#567 = LINE('',#568,#569);
#568 = CARTESIAN_POINT('',(13.9,21.87,10.299999952316));
#569 = VECTOR('',#570,1.);
#570 = DIRECTION('',(0.,1.,0.));
#571 = ORIENTED_EDGE('',*,*,#572,.T.);
#572 = EDGE_CURVE('',#565,#573,#575,.T.);
#573 = VERTEX_POINT('',#574);
#574 = CARTESIAN_POINT('',(12.617312702282,3.405,10.299999952316));
#575 = LINE('',#576,#577);
#576 = CARTESIAN_POINT('',(18.808656351141,3.405,10.299999952316));
#577 = VECTOR('',#578,1.);
#578 = DIRECTION('',(-1.,0.,0.));
#579 = ORIENTED_EDGE('',*,*,#580,.T.);
#580 = EDGE_CURVE('',#573,#581,#583,.T.);
#581 = VERTEX_POINT('',#582);
#582 = CARTESIAN_POINT('',(3.317312702282,12.705,10.299999952316));
#583 = CIRCLE('',#584,9.3);
#584 = AXIS2_PLACEMENT_3D('',#585,#586,#587);
#585 = CARTESIAN_POINT('',(12.617312702282,12.705,10.299999952316));
#586 = DIRECTION('',(0.,0.,-1.));
#587 = DIRECTION('',(-1.,7.9E-16,0.));
#588 = ORIENTED_EDGE('',*,*,#589,.T.);
#589 = EDGE_CURVE('',#581,#590,#592,.T.);
#590 = VERTEX_POINT('',#591);
#591 = CARTESIAN_POINT('',(3.317312702282,29.495,10.299999952316));
#592 = LINE('',#593,#594);
#593 = CARTESIAN_POINT('',(3.317312702282,35.1225,10.299999952316));
#594 = VECTOR('',#595,1.);
#595 = DIRECTION('',(0.,1.,0.));
#596 = ORIENTED_EDGE('',*,*,#597,.T.);
#597 = EDGE_CURVE('',#590,#598,#600,.T.);
#598 = VERTEX_POINT('',#599);
#599 = CARTESIAN_POINT('',(12.617312702282,38.795,10.299999952316));
#600 = CIRCLE('',#601,9.3);
#601 = AXIS2_PLACEMENT_3D('',#602,#603,#604);
#602 = CARTESIAN_POINT('',(12.617312702282,29.495,10.299999952316));
#603 = DIRECTION('',(0.,0.,-1.));
#604 = DIRECTION('',(-2.E-16,1.,0.));
#605 = ORIENTED_EDGE('',*,*,#606,.T.);
#606 = EDGE_CURVE('',#598,#607,#609,.T.);
#607 = VERTEX_POINT('',#608);
#608 = CARTESIAN_POINT('',(13.9,38.795,10.299999952316));
#609 = LINE('',#610,#611);
#610 = CARTESIAN_POINT('',(31.668656351141,38.795,10.299999952316));
#611 = VECTOR('',#612,1.);
#612 = DIRECTION('',(1.,0.,0.));
#613 = ORIENTED_EDGE('',*,*,#614,.T.);
#614 = EDGE_CURVE('',#607,#615,#617,.T.);
#615 = VERTEX_POINT('',#616);
#616 = CARTESIAN_POINT('',(13.9,41.01,10.299999952316));
#617 = LINE('',#618,#619);
#618 = CARTESIAN_POINT('',(13.9,39.62,10.299999952316));
#619 = VECTOR('',#620,1.);
#620 = DIRECTION('',(0.,1.,0.));
#621 = ORIENTED_EDGE('',*,*,#622,.F.);
#622 = EDGE_CURVE('',#623,#615,#625,.T.);
#623 = VERTEX_POINT('',#624);
#624 = CARTESIAN_POINT('',(36.1,41.01,10.299999952316));
#625 = LINE('',#626,#627);
#626 = CARTESIAN_POINT('',(19.45,41.01,10.299999952316));
#627 = VECTOR('',#628,1.);
#628 = DIRECTION('',(-1.,0.,0.));
#629 = ORIENTED_EDGE('',*,*,#630,.F.);
#630 = EDGE_CURVE('',#631,#623,#633,.T.);
#631 = VERTEX_POINT('',#632);
#632 = CARTESIAN_POINT('',(36.1,38.795,10.299999952316));
#633 = LINE('',#634,#635);
#634 = CARTESIAN_POINT('',(36.1,39.62,10.299999952316));
#635 = VECTOR('',#636,1.);
#636 = DIRECTION('',(0.,1.,0.));
#637 = ORIENTED_EDGE('',*,*,#638,.T.);
#638 = EDGE_CURVE('',#631,#639,#641,.T.);
#639 = VERTEX_POINT('',#640);
#640 = CARTESIAN_POINT('',(38.337312702282,38.795,10.299999952316));
#641 = LINE('',#642,#643);
#642 = CARTESIAN_POINT('',(31.668656351141,38.795,10.299999952316));
#643 = VECTOR('',#644,1.);
#644 = DIRECTION('',(1.,0.,0.));
#645 = ORIENTED_EDGE('',*,*,#646,.T.);
#646 = EDGE_CURVE('',#639,#647,#649,.T.);
#647 = VERTEX_POINT('',#648);
#648 = CARTESIAN_POINT('',(47.057312702282,30.075,10.299999952316));
#649 = CIRCLE('',#650,8.72);
#650 = AXIS2_PLACEMENT_3D('',#651,#652,#653);
#651 = CARTESIAN_POINT('',(38.337312702282,30.075,10.299999952316));
#652 = DIRECTION('',(0.,0.,-1.));
#653 = DIRECTION('',(1.,0.,0.));
#654 = ORIENTED_EDGE('',*,*,#655,.T.);
#655 = EDGE_CURVE('',#647,#656,#658,.T.);
#656 = VERTEX_POINT('',#657);
#657 = CARTESIAN_POINT('',(47.057312702282,12.125,10.299999952316));
#658 = LINE('',#659,#660);
#659 = CARTESIAN_POINT('',(47.057312702282,26.4375,10.299999952316));
#660 = VECTOR('',#661,1.);
#661 = DIRECTION('',(0.,-1.,0.));
#662 = ORIENTED_EDGE('',*,*,#663,.T.);
#663 = EDGE_CURVE('',#656,#664,#666,.T.);
#664 = VERTEX_POINT('',#665);
#665 = CARTESIAN_POINT('',(38.337312702282,3.405,10.299999952316));
#666 = CIRCLE('',#667,8.72);
#667 = AXIS2_PLACEMENT_3D('',#668,#669,#670);
#668 = CARTESIAN_POINT('',(38.337312702282,12.125,10.299999952316));
#669 = DIRECTION('',(-0.,-0.,-1.));
#670 = DIRECTION('',(0.,-1.,0.));
#671 = ORIENTED_EDGE('',*,*,#672,.T.);
#672 = EDGE_CURVE('',#664,#673,#675,.T.);
#673 = VERTEX_POINT('',#674);
#674 = CARTESIAN_POINT('',(36.1,3.405,10.299999952316));
#675 = LINE('',#676,#677);
#676 = CARTESIAN_POINT('',(18.808656351141,3.405,10.299999952316));
#677 = VECTOR('',#678,1.);
#678 = DIRECTION('',(-1.,0.,0.));
#679 = ORIENTED_EDGE('',*,*,#680,.F.);
#680 = EDGE_CURVE('',#555,#673,#681,.T.);
#681 = LINE('',#682,#683);
#682 = CARTESIAN_POINT('',(36.1,21.87,10.299999952316));
#683 = VECTOR('',#684,1.);
#684 = DIRECTION('',(0.,1.,0.));
#685 = PLANE('',#686);
#686 = AXIS2_PLACEMENT_3D('',#687,#688,#689);
#687 = CARTESIAN_POINT('',(25.,40.75,10.299999952316));
#688 = DIRECTION('',(0.,0.,1.));
#689 = DIRECTION('',(1.,0.,0.));
#690 = ADVANCED_FACE('',(#691),#722,.F.);
#691 = FACE_BOUND('',#692,.T.);
#692 = EDGE_LOOP('',(#693,#694,#695,#703,#715,#721));
#693 = ORIENTED_EDGE('',*,*,#178,.F.);
#694 = ORIENTED_EDGE('',*,*,#321,.T.);
#695 = ORIENTED_EDGE('',*,*,#696,.T.);
#696 = EDGE_CURVE('',#322,#697,#699,.T.);
#697 = VERTEX_POINT('',#698);
#698 = CARTESIAN_POINT('',(1.2,12.5,0.452786356816));
#699 = LINE('',#700,#701);
#700 = CARTESIAN_POINT('',(1.2,12.5,-2.200000047684));
#701 = VECTOR('',#702,1.);
#702 = DIRECTION('',(0.,0.,1.));
#703 = ORIENTED_EDGE('',*,*,#704,.F.);
#704 = EDGE_CURVE('',#705,#697,#707,.T.);
#705 = VERTEX_POINT('',#706);
#706 = CARTESIAN_POINT('',(1.201770050136,12.3,0.899999952316));
#707 = B_SPLINE_CURVE_WITH_KNOTS('',6,(#708,#709,#710,#711,#712,#713,
    #714),.UNSPECIFIED.,.F.,.F.,(7,7),(0.,1.),.PIECEWISE_BEZIER_KNOTS.);
#708 = CARTESIAN_POINT('',(1.201770050136,12.3,0.899999952316));
#709 = CARTESIAN_POINT('',(1.201770050136,12.3,0.817807178682));
#710 = CARTESIAN_POINT('',(1.201530827677,12.313510989008,0.735432538065
    ));
#711 = CARTESIAN_POINT('',(1.201050712524,12.340647439751,0.655228473678
    ));
#712 = CARTESIAN_POINT('',(1.200453136089,12.381215983301,0.579636824807
    ));
#713 = CARTESIAN_POINT('',(1.2,12.434681261896,0.511209212258));
#714 = CARTESIAN_POINT('',(1.2,12.5,0.452786356816));
#715 = ORIENTED_EDGE('',*,*,#716,.F.);
#716 = EDGE_CURVE('',#530,#705,#717,.T.);
#717 = LINE('',#718,#719);
#718 = CARTESIAN_POINT('',(1.201770050136,12.3,-2.200000047684));
#719 = VECTOR('',#720,1.);
#720 = DIRECTION('',(-0.,-0.,-1.));
#721 = ORIENTED_EDGE('',*,*,#537,.F.);
#722 = CYLINDRICAL_SURFACE('',#723,11.3);
#723 = AXIS2_PLACEMENT_3D('',#724,#725,#726);
#724 = CARTESIAN_POINT('',(12.5,12.5,-2.200000047684));
#725 = DIRECTION('',(-0.,-0.,-1.));
#726 = DIRECTION('',(1.,0.,0.));
#727 = ADVANCED_FACE('',(#728),#747,.F.);
#728 = FACE_BOUND('',#729,.F.);
#729 = EDGE_LOOP('',(#730,#739,#745,#746));
#730 = ORIENTED_EDGE('',*,*,#731,.F.);
#731 = EDGE_CURVE('',#732,#732,#734,.T.);
#732 = VERTEX_POINT('',#733);
#733 = CARTESIAN_POINT('',(26.5,4.5,0.799999952316));
#734 = CIRCLE('',#735,1.5);
#735 = AXIS2_PLACEMENT_3D('',#736,#737,#738);
#736 = CARTESIAN_POINT('',(25.,4.5,0.799999952316));
#737 = DIRECTION('',(0.,0.,1.));
#738 = DIRECTION('',(1.,0.,0.));
#739 = ORIENTED_EDGE('',*,*,#740,.F.);
#740 = EDGE_CURVE('',#235,#732,#741,.T.);
#741 = LINE('',#742,#743);
#742 = CARTESIAN_POINT('',(26.65,4.5,0.649999952316));
#743 = VECTOR('',#744,1.);
#744 = DIRECTION('',(-0.707106781187,1.7E-16,0.707106781187));
#745 = ORIENTED_EDGE('',*,*,#234,.T.);
#746 = ORIENTED_EDGE('',*,*,#740,.T.);
#747 = CONICAL_SURFACE('',#748,1.65,0.785398163397);
#748 = AXIS2_PLACEMENT_3D('',#749,#750,#751);
#749 = CARTESIAN_POINT('',(25.,4.5,0.649999952316));
#750 = DIRECTION('',(-0.,-0.,-1.));
#751 = DIRECTION('',(1.,0.,0.));
#752 = ADVANCED_FACE('',(#753),#781,.T.);
#753 = FACE_BOUND('',#754,.F.);
#754 = EDGE_LOOP('',(#755,#764,#773,#780));
#755 = ORIENTED_EDGE('',*,*,#756,.F.);
#756 = EDGE_CURVE('',#757,#252,#759,.T.);
#757 = VERTEX_POINT('',#758);
#758 = CARTESIAN_POINT('',(0.,12.5,0.549999952316));
#759 = CIRCLE('',#760,0.55);
#760 = AXIS2_PLACEMENT_3D('',#761,#762,#763);
#761 = CARTESIAN_POINT('',(0.55,12.5,0.549999952316));
#762 = DIRECTION('',(-1.4E-16,-1.,-0.));
#763 = DIRECTION('',(-1.,1.4E-16,0.));
#764 = ORIENTED_EDGE('',*,*,#765,.T.);
#765 = EDGE_CURVE('',#757,#766,#768,.T.);
#766 = VERTEX_POINT('',#767);
#767 = CARTESIAN_POINT('',(12.5,0.,0.549999952316));
#768 = CIRCLE('',#769,12.5);
#769 = AXIS2_PLACEMENT_3D('',#770,#771,#772);
#770 = CARTESIAN_POINT('',(12.5,12.5,0.549999952316));
#771 = DIRECTION('',(0.,-0.,1.));
#772 = DIRECTION('',(-1.,1.4E-16,0.));
#773 = ORIENTED_EDGE('',*,*,#774,.T.);
#774 = EDGE_CURVE('',#766,#254,#775,.T.);
#775 = CIRCLE('',#776,0.55);
#776 = AXIS2_PLACEMENT_3D('',#777,#778,#779);
#777 = CARTESIAN_POINT('',(12.5,0.55,0.549999952316));
#778 = DIRECTION('',(1.,-2.E-16,0.));
#779 = DIRECTION('',(-2.E-16,-1.,0.));
#780 = ORIENTED_EDGE('',*,*,#251,.F.);
#781 = TOROIDAL_SURFACE('',#782,11.95,0.55);
#782 = AXIS2_PLACEMENT_3D('',#783,#784,#785);
#783 = CARTESIAN_POINT('',(12.5,12.5,0.549999952316));
#784 = DIRECTION('',(0.,0.,-1.));
#785 = DIRECTION('',(-1.,1.4E-16,0.));
#786 = ADVANCED_FACE('',(#787),#806,.T.);
#787 = FACE_BOUND('',#788,.T.);
#788 = EDGE_LOOP('',(#789,#798,#799,#800));
#789 = ORIENTED_EDGE('',*,*,#790,.T.);
#790 = EDGE_CURVE('',#791,#263,#793,.T.);
#791 = VERTEX_POINT('',#792);
#792 = CARTESIAN_POINT('',(0.,69.,0.549999952316));
#793 = CIRCLE('',#794,0.55);
#794 = AXIS2_PLACEMENT_3D('',#795,#796,#797);
#795 = CARTESIAN_POINT('',(0.55,69.,0.549999952316));
#796 = DIRECTION('',(-6.E-17,-1.,-0.));
#797 = DIRECTION('',(-1.,6.E-17,0.));
#798 = ORIENTED_EDGE('',*,*,#262,.T.);
#799 = ORIENTED_EDGE('',*,*,#756,.F.);
#800 = ORIENTED_EDGE('',*,*,#801,.F.);
#801 = EDGE_CURVE('',#791,#757,#802,.T.);
#802 = LINE('',#803,#804);
#803 = CARTESIAN_POINT('',(-1.1E-16,69.,0.549999952316));
#804 = VECTOR('',#805,1.);
#805 = DIRECTION('',(-0.,-1.,-0.));
#806 = CYLINDRICAL_SURFACE('',#807,0.55);
#807 = AXIS2_PLACEMENT_3D('',#808,#809,#810);
#808 = CARTESIAN_POINT('',(0.55,69.,0.549999952316));
#809 = DIRECTION('',(-0.,-1.,-0.));
#810 = DIRECTION('',(-1.,0.,0.));
#811 = ADVANCED_FACE('',(#812),#831,.T.);
#812 = FACE_BOUND('',#813,.T.);
#813 = EDGE_LOOP('',(#814,#815,#816,#825));
#814 = ORIENTED_EDGE('',*,*,#774,.T.);
#815 = ORIENTED_EDGE('',*,*,#313,.T.);
#816 = ORIENTED_EDGE('',*,*,#817,.F.);
#817 = EDGE_CURVE('',#818,#305,#820,.T.);
#818 = VERTEX_POINT('',#819);
#819 = CARTESIAN_POINT('',(37.5,0.,0.549999952316));
#820 = CIRCLE('',#821,0.55);
#821 = AXIS2_PLACEMENT_3D('',#822,#823,#824);
#822 = CARTESIAN_POINT('',(37.5,0.55,0.549999952316));
#823 = DIRECTION('',(1.,0.,0.));
#824 = DIRECTION('',(0.,-1.,0.));
#825 = ORIENTED_EDGE('',*,*,#826,.F.);
#826 = EDGE_CURVE('',#766,#818,#827,.T.);
#827 = LINE('',#828,#829);
#828 = CARTESIAN_POINT('',(12.5,0.,0.549999952316));
#829 = VECTOR('',#830,1.);
#830 = DIRECTION('',(1.,0.,0.));
#831 = CYLINDRICAL_SURFACE('',#832,0.55);
#832 = AXIS2_PLACEMENT_3D('',#833,#834,#835);
#833 = CARTESIAN_POINT('',(12.5,0.55,0.549999952316));
#834 = DIRECTION('',(1.,0.,0.));
#835 = DIRECTION('',(0.,-1.,0.));
#836 = ADVANCED_FACE('',(#837),#857,.T.);
#837 = FACE_BOUND('',#838,.F.);
#838 = EDGE_LOOP('',(#839,#848,#855,#856));
#839 = ORIENTED_EDGE('',*,*,#840,.F.);
#840 = EDGE_CURVE('',#841,#271,#843,.T.);
#841 = VERTEX_POINT('',#842);
#842 = CARTESIAN_POINT('',(12.5,81.5,0.549999952316));
#843 = CIRCLE('',#844,0.55);
#844 = AXIS2_PLACEMENT_3D('',#845,#846,#847);
#845 = CARTESIAN_POINT('',(12.5,80.95,0.549999952316));
#846 = DIRECTION('',(-1.,0.,0.));
#847 = DIRECTION('',(0.,1.,0.));
#848 = ORIENTED_EDGE('',*,*,#849,.T.);
#849 = EDGE_CURVE('',#841,#791,#850,.T.);
#850 = CIRCLE('',#851,12.5);
#851 = AXIS2_PLACEMENT_3D('',#852,#853,#854);
#852 = CARTESIAN_POINT('',(12.5,69.,0.549999952316));
#853 = DIRECTION('',(0.,-0.,1.));
#854 = DIRECTION('',(0.,1.,0.));
#855 = ORIENTED_EDGE('',*,*,#790,.T.);
#856 = ORIENTED_EDGE('',*,*,#270,.F.);
#857 = TOROIDAL_SURFACE('',#858,11.95,0.55);
#858 = AXIS2_PLACEMENT_3D('',#859,#860,#861);
#859 = CARTESIAN_POINT('',(12.5,69.,0.549999952316));
#860 = DIRECTION('',(0.,0.,-1.));
#861 = DIRECTION('',(0.,1.,0.));
#862 = ADVANCED_FACE('',(#863),#883,.T.);
#863 = FACE_BOUND('',#864,.F.);
#864 = EDGE_LOOP('',(#865,#866,#875,#882));
#865 = ORIENTED_EDGE('',*,*,#817,.F.);
#866 = ORIENTED_EDGE('',*,*,#867,.T.);
#867 = EDGE_CURVE('',#818,#868,#870,.T.);
#868 = VERTEX_POINT('',#869);
#869 = CARTESIAN_POINT('',(50.,12.5,0.549999952316));
#870 = CIRCLE('',#871,12.5);
#871 = AXIS2_PLACEMENT_3D('',#872,#873,#874);
#872 = CARTESIAN_POINT('',(37.5,12.5,0.549999952316));
#873 = DIRECTION('',(-0.,0.,1.));
#874 = DIRECTION('',(0.,-1.,0.));
#875 = ORIENTED_EDGE('',*,*,#876,.T.);
#876 = EDGE_CURVE('',#868,#297,#877,.T.);
#877 = CIRCLE('',#878,0.55);
#878 = AXIS2_PLACEMENT_3D('',#879,#880,#881);
#879 = CARTESIAN_POINT('',(49.45,12.5,0.549999952316));
#880 = DIRECTION('',(6.E-17,1.,0.));
#881 = DIRECTION('',(1.,-6.E-17,0.));
#882 = ORIENTED_EDGE('',*,*,#304,.F.);
#883 = TOROIDAL_SURFACE('',#884,11.95,0.55);
#884 = AXIS2_PLACEMENT_3D('',#885,#886,#887);
#885 = CARTESIAN_POINT('',(37.5,12.5,0.549999952316));
#886 = DIRECTION('',(0.,0.,-1.));
#887 = DIRECTION('',(0.,-1.,0.));
#888 = ADVANCED_FACE('',(#889),#908,.T.);
#889 = FACE_BOUND('',#890,.T.);
#890 = EDGE_LOOP('',(#891,#900,#901,#902));
#891 = ORIENTED_EDGE('',*,*,#892,.T.);
#892 = EDGE_CURVE('',#893,#280,#895,.T.);
#893 = VERTEX_POINT('',#894);
#894 = CARTESIAN_POINT('',(37.5,81.5,0.549999952316));
#895 = CIRCLE('',#896,0.55);
#896 = AXIS2_PLACEMENT_3D('',#897,#898,#899);
#897 = CARTESIAN_POINT('',(37.5,80.95,0.549999952316));
#898 = DIRECTION('',(-1.,6.E-17,0.));
#899 = DIRECTION('',(6.E-17,1.,0.));
#900 = ORIENTED_EDGE('',*,*,#279,.T.);
#901 = ORIENTED_EDGE('',*,*,#840,.F.);
#902 = ORIENTED_EDGE('',*,*,#903,.F.);
#903 = EDGE_CURVE('',#893,#841,#904,.T.);
#904 = LINE('',#905,#906);
#905 = CARTESIAN_POINT('',(37.5,81.5,0.549999952316));
#906 = VECTOR('',#907,1.);
#907 = DIRECTION('',(-1.,-0.,-0.));
#908 = CYLINDRICAL_SURFACE('',#909,0.55);
#909 = AXIS2_PLACEMENT_3D('',#910,#911,#912);
#910 = CARTESIAN_POINT('',(37.5,80.95,0.549999952316));
#911 = DIRECTION('',(-1.,-0.,-0.));
#912 = DIRECTION('',(0.,1.,0.));
#913 = ADVANCED_FACE('',(#914),#933,.T.);
#914 = FACE_BOUND('',#915,.T.);
#915 = EDGE_LOOP('',(#916,#917,#918,#927));
#916 = ORIENTED_EDGE('',*,*,#876,.T.);
#917 = ORIENTED_EDGE('',*,*,#296,.T.);
#918 = ORIENTED_EDGE('',*,*,#919,.F.);
#919 = EDGE_CURVE('',#920,#288,#922,.T.);
#920 = VERTEX_POINT('',#921);
#921 = CARTESIAN_POINT('',(50.,69.,0.549999952316));
#922 = CIRCLE('',#923,0.55);
#923 = AXIS2_PLACEMENT_3D('',#924,#925,#926);
#924 = CARTESIAN_POINT('',(49.45,69.,0.549999952316));
#925 = DIRECTION('',(-0.,1.,0.));
#926 = DIRECTION('',(1.,0.,0.));
#927 = ORIENTED_EDGE('',*,*,#928,.F.);
#928 = EDGE_CURVE('',#868,#920,#929,.T.);
#929 = LINE('',#930,#931);
#930 = CARTESIAN_POINT('',(50.,12.5,0.549999952316));
#931 = VECTOR('',#932,1.);
#932 = DIRECTION('',(0.,1.,0.));
#933 = CYLINDRICAL_SURFACE('',#934,0.55);
#934 = AXIS2_PLACEMENT_3D('',#935,#936,#937);
#935 = CARTESIAN_POINT('',(49.45,12.5,0.549999952316));
#936 = DIRECTION('',(0.,1.,0.));
#937 = DIRECTION('',(1.,0.,0.));
#938 = ADVANCED_FACE('',(#939),#951,.T.);
#939 = FACE_BOUND('',#940,.F.);
#940 = EDGE_LOOP('',(#941,#942,#949,#950));
#941 = ORIENTED_EDGE('',*,*,#919,.F.);
#942 = ORIENTED_EDGE('',*,*,#943,.T.);
#943 = EDGE_CURVE('',#920,#893,#944,.T.);
#944 = CIRCLE('',#945,12.5);
#945 = AXIS2_PLACEMENT_3D('',#946,#947,#948);
#946 = CARTESIAN_POINT('',(37.5,69.,0.549999952316));
#947 = DIRECTION('',(0.,0.,1.));
#948 = DIRECTION('',(1.,0.,0.));
#949 = ORIENTED_EDGE('',*,*,#892,.T.);
#950 = ORIENTED_EDGE('',*,*,#287,.F.);
#951 = TOROIDAL_SURFACE('',#952,11.95,0.55);
#952 = AXIS2_PLACEMENT_3D('',#953,#954,#955);
#953 = CARTESIAN_POINT('',(37.5,69.,0.549999952316));
#954 = DIRECTION('',(0.,0.,-1.));
#955 = DIRECTION('',(1.,0.,0.));
#956 = ADVANCED_FACE('',(#957),#1064,.T.);
#957 = FACE_BOUND('',#958,.T.);
#958 = EDGE_LOOP('',(#959,#960,#961,#969,#977,#985,#993,#1001,#1009,
    #1017,#1025,#1031,#1032,#1040,#1049,#1057));
#959 = ORIENTED_EDGE('',*,*,#696,.F.);
#960 = ORIENTED_EDGE('',*,*,#391,.F.);
#961 = ORIENTED_EDGE('',*,*,#962,.T.);
#962 = EDGE_CURVE('',#383,#963,#965,.T.);
#963 = VERTEX_POINT('',#964);
#964 = CARTESIAN_POINT('',(1.2,69.,10.699999952316));
#965 = LINE('',#966,#967);
#966 = CARTESIAN_POINT('',(1.2,69.,-2.200000047684));
#967 = VECTOR('',#968,1.);
#968 = DIRECTION('',(0.,0.,1.));
#969 = ORIENTED_EDGE('',*,*,#970,.T.);
#970 = EDGE_CURVE('',#963,#971,#973,.T.);
#971 = VERTEX_POINT('',#972);
#972 = CARTESIAN_POINT('',(1.2,67.8,10.699999952316));
#973 = LINE('',#974,#975);
#974 = CARTESIAN_POINT('',(1.2,40.15,10.699999952316));
#975 = VECTOR('',#976,1.);
#976 = DIRECTION('',(0.,-1.,0.));
#977 = ORIENTED_EDGE('',*,*,#978,.T.);
#978 = EDGE_CURVE('',#971,#979,#981,.T.);
#979 = VERTEX_POINT('',#980);
#980 = CARTESIAN_POINT('',(1.2,67.8,11.099999952316));
#981 = LINE('',#982,#983);
#982 = CARTESIAN_POINT('',(1.2,67.8,4.249999952316));
#983 = VECTOR('',#984,1.);
#984 = DIRECTION('',(0.,0.,1.));
#985 = ORIENTED_EDGE('',*,*,#986,.F.);
#986 = EDGE_CURVE('',#987,#979,#989,.T.);
#987 = VERTEX_POINT('',#988);
#988 = CARTESIAN_POINT('',(1.2,53.2,11.099999952316));
#989 = LINE('',#990,#991);
#990 = CARTESIAN_POINT('',(1.2,12.5,11.099999952316));
#991 = VECTOR('',#992,1.);
#992 = DIRECTION('',(0.,1.,0.));
#993 = ORIENTED_EDGE('',*,*,#994,.F.);
#994 = EDGE_CURVE('',#995,#987,#997,.T.);
#995 = VERTEX_POINT('',#996);
#996 = CARTESIAN_POINT('',(1.2,53.2,10.699999952316));
#997 = LINE('',#998,#999);
#998 = CARTESIAN_POINT('',(1.2,53.2,4.249999952316));
#999 = VECTOR('',#1000,1.);
#1000 = DIRECTION('',(0.,0.,1.));
#1001 = ORIENTED_EDGE('',*,*,#1002,.T.);
#1002 = EDGE_CURVE('',#995,#1003,#1005,.T.);
#1003 = VERTEX_POINT('',#1004);
#1004 = CARTESIAN_POINT('',(1.2,51.8,10.699999952316));
#1005 = LINE('',#1006,#1007);
#1006 = CARTESIAN_POINT('',(1.2,32.15,10.699999952316));
#1007 = VECTOR('',#1008,1.);
#1008 = DIRECTION('',(0.,-1.,0.));
#1009 = ORIENTED_EDGE('',*,*,#1010,.T.);
#1010 = EDGE_CURVE('',#1003,#1011,#1013,.T.);
#1011 = VERTEX_POINT('',#1012);
#1012 = CARTESIAN_POINT('',(1.2,51.8,11.099999952316));
#1013 = LINE('',#1014,#1015);
#1014 = CARTESIAN_POINT('',(1.2,51.8,4.249999952316));
#1015 = VECTOR('',#1016,1.);
#1016 = DIRECTION('',(0.,0.,1.));
#1017 = ORIENTED_EDGE('',*,*,#1018,.F.);
#1018 = EDGE_CURVE('',#1019,#1011,#1021,.T.);
#1019 = VERTEX_POINT('',#1020);
#1020 = CARTESIAN_POINT('',(1.2,42.5,11.099999952316));
#1021 = LINE('',#1022,#1023);
#1022 = CARTESIAN_POINT('',(1.2,12.5,11.099999952316));
#1023 = VECTOR('',#1024,1.);
#1024 = DIRECTION('',(0.,1.,0.));
#1025 = ORIENTED_EDGE('',*,*,#1026,.F.);
#1026 = EDGE_CURVE('',#496,#1019,#1027,.T.);
#1027 = LINE('',#1028,#1029);
#1028 = CARTESIAN_POINT('',(1.2,42.5,4.049999952316));
#1029 = VECTOR('',#1030,1.);
#1030 = DIRECTION('',(0.,0.,1.));
#1031 = ORIENTED_EDGE('',*,*,#505,.T.);
#1032 = ORIENTED_EDGE('',*,*,#1033,.F.);
#1033 = EDGE_CURVE('',#1034,#506,#1036,.T.);
#1034 = VERTEX_POINT('',#1035);
#1035 = CARTESIAN_POINT('',(1.2,31.5,0.899999952316));
#1036 = LINE('',#1037,#1038);
#1037 = CARTESIAN_POINT('',(1.2,31.5,3.799999952316));
#1038 = VECTOR('',#1039,1.);
#1039 = DIRECTION('',(0.,0.,1.));
#1040 = ORIENTED_EDGE('',*,*,#1041,.F.);
#1041 = EDGE_CURVE('',#1042,#1034,#1044,.T.);
#1042 = VERTEX_POINT('',#1043);
#1043 = CARTESIAN_POINT('',(1.2,30.9,0.299999952316));
#1044 = CIRCLE('',#1045,0.6);
#1045 = AXIS2_PLACEMENT_3D('',#1046,#1047,#1048);
#1046 = CARTESIAN_POINT('',(1.2,30.9,0.899999952316));
#1047 = DIRECTION('',(1.,0.,0.));
#1048 = DIRECTION('',(0.,1.,0.));
#1049 = ORIENTED_EDGE('',*,*,#1050,.T.);
#1050 = EDGE_CURVE('',#1042,#1051,#1053,.T.);
#1051 = VERTEX_POINT('',#1052);
#1052 = CARTESIAN_POINT('',(1.2,12.9,0.299999952316));
#1053 = LINE('',#1054,#1055);
#1054 = CARTESIAN_POINT('',(1.2,12.4,0.299999952316));
#1055 = VECTOR('',#1056,1.);
#1056 = DIRECTION('',(0.,-1.,0.));
#1057 = ORIENTED_EDGE('',*,*,#1058,.F.);
#1058 = EDGE_CURVE('',#697,#1051,#1059,.T.);
#1059 = CIRCLE('',#1060,0.6);
#1060 = AXIS2_PLACEMENT_3D('',#1061,#1062,#1063);
#1061 = CARTESIAN_POINT('',(1.2,12.9,0.899999952316));
#1062 = DIRECTION('',(1.,0.,0.));
#1063 = DIRECTION('',(0.,-1.,0.));
#1064 = PLANE('',#1065);
#1065 = AXIS2_PLACEMENT_3D('',#1066,#1067,#1068);
#1066 = CARTESIAN_POINT('',(1.2,12.5,-2.200000047684));
#1067 = DIRECTION('',(1.,0.,0.));
#1068 = DIRECTION('',(0.,0.,1.));
#1069 = ADVANCED_FACE('',(#1070),#1173,.F.);
#1070 = FACE_BOUND('',#1071,.T.);
#1071 = EDGE_LOOP('',(#1072,#1073,#1074,#1082,#1091,#1110,#1118,#1132,
    #1141,#1149,#1158,#1166));
#1072 = ORIENTED_EDGE('',*,*,#962,.F.);
#1073 = ORIENTED_EDGE('',*,*,#382,.T.);
#1074 = ORIENTED_EDGE('',*,*,#1075,.T.);
#1075 = EDGE_CURVE('',#375,#1076,#1078,.T.);
#1076 = VERTEX_POINT('',#1077);
#1077 = CARTESIAN_POINT('',(12.5,80.3,2.849999952316));
#1078 = LINE('',#1079,#1080);
#1079 = CARTESIAN_POINT('',(12.5,80.3,-2.200000047684));
#1080 = VECTOR('',#1081,1.);
#1081 = DIRECTION('',(0.,0.,1.));
#1082 = ORIENTED_EDGE('',*,*,#1083,.F.);
#1083 = EDGE_CURVE('',#1084,#1076,#1086,.T.);
#1084 = VERTEX_POINT('',#1085);
#1085 = CARTESIAN_POINT('',(8.551,79.587511463984,2.849999952316));
#1086 = CIRCLE('',#1087,11.3);
#1087 = AXIS2_PLACEMENT_3D('',#1088,#1089,#1090);
#1088 = CARTESIAN_POINT('',(12.5,69.,2.849999952316));
#1089 = DIRECTION('',(0.,0.,-1.));
#1090 = DIRECTION('',(1.,0.,0.));
#1091 = ORIENTED_EDGE('',*,*,#1092,.F.);
#1092 = EDGE_CURVE('',#1093,#1084,#1095,.T.);
#1093 = VERTEX_POINT('',#1094);
#1094 = CARTESIAN_POINT('',(7.551,79.15861206071,3.849999952316));
#1095 = B_SPLINE_CURVE_WITH_KNOTS('',7,(#1096,#1097,#1098,#1099,#1100,
    #1101,#1102,#1103,#1104,#1105,#1106,#1107,#1108,#1109),
  .UNSPECIFIED.,.F.,.F.,(8,6,8),(0.,0.481154645457,1.),.UNSPECIFIED.);
#1096 = CARTESIAN_POINT('',(7.551,79.15861206071,3.849999952316));
#1097 = CARTESIAN_POINT('',(7.551,79.15861206071,3.748289134816));
#1098 = CARTESIAN_POINT('',(7.563069195931,79.164491867663,3.64656562812
    ));
#1099 = CARTESIAN_POINT('',(7.587213471282,79.176254221842,
    3.546253426819));
#1100 = CARTESIAN_POINT('',(7.623340767384,79.193742810165,
    3.448791605363));
#1101 = CARTESIAN_POINT('',(7.671250681319,79.216635689049,3.35565991387
    ));
#1102 = CARTESIAN_POINT('',(7.730606394279,79.244454943849,
    3.268407975728));
#1103 = CARTESIAN_POINT('',(7.876676970037,79.311247691915,
    3.102723430254));
#1104 = CARTESIAN_POINT('',(7.965790441681,79.351207550393,
    3.024814102031));
#1105 = CARTESIAN_POINT('',(8.067224513853,79.395525270001,
    2.958116652898));
#1106 = CARTESIAN_POINT('',(8.179135797429,79.442816513128,
    2.905366749378));
#1107 = CARTESIAN_POINT('',(8.299073253872,79.491525098155,
    2.868784002591));
#1108 = CARTESIAN_POINT('',(8.424111478772,79.540183744715,
    2.849999952316));
#1109 = CARTESIAN_POINT('',(8.551,79.587511463984,2.849999952316));
#1110 = ORIENTED_EDGE('',*,*,#1111,.F.);
#1111 = EDGE_CURVE('',#1112,#1093,#1114,.T.);
#1112 = VERTEX_POINT('',#1113);
#1113 = CARTESIAN_POINT('',(7.551,79.15861206071,7.349999952316));
#1114 = LINE('',#1115,#1116);
#1115 = CARTESIAN_POINT('',(7.551,79.15861206071,-2.200000047684));
#1116 = VECTOR('',#1117,1.);
#1117 = DIRECTION('',(-0.,-0.,-1.));
#1118 = ORIENTED_EDGE('',*,*,#1119,.F.);
#1119 = EDGE_CURVE('',#1120,#1112,#1122,.T.);
#1120 = VERTEX_POINT('',#1121);
#1121 = CARTESIAN_POINT('',(8.551,79.587511463984,8.349999952316));
#1122 = B_SPLINE_CURVE_WITH_KNOTS('',8,(#1123,#1124,#1125,#1126,#1127,
    #1128,#1129,#1130,#1131),.UNSPECIFIED.,.F.,.F.,(9,9),(0.,1.),
  .PIECEWISE_BEZIER_KNOTS.);
#1123 = CARTESIAN_POINT('',(8.551,79.587511463984,8.349999952316));
#1124 = CARTESIAN_POINT('',(8.334426802823,79.506732561542,
    8.349999952316));
#1125 = CARTESIAN_POINT('',(8.127366751698,79.42373411024,8.296396682243
    ));
#1126 = CARTESIAN_POINT('',(7.942142804325,79.343826771874,
    8.197419987256));
#1127 = CARTESIAN_POINT('',(7.787208933133,79.272682440521,
    8.061849940299));
#1128 = CARTESIAN_POINT('',(7.668572735505,79.215887959844,7.89936574373
    ));
#1129 = CARTESIAN_POINT('',(7.589480163708,79.177359043301,7.7198965501)
  );
#1130 = CARTESIAN_POINT('',(7.551,79.15861206071,7.533493182367));
#1131 = CARTESIAN_POINT('',(7.551,79.15861206071,7.349999952316));
#1132 = ORIENTED_EDGE('',*,*,#1133,.T.);
#1133 = EDGE_CURVE('',#1120,#1134,#1136,.T.);
#1134 = VERTEX_POINT('',#1135);
#1135 = CARTESIAN_POINT('',(12.5,80.3,8.349999952316));
#1136 = CIRCLE('',#1137,11.3);
#1137 = AXIS2_PLACEMENT_3D('',#1138,#1139,#1140);
#1138 = CARTESIAN_POINT('',(12.5,69.,8.349999952316));
#1139 = DIRECTION('',(0.,0.,-1.));
#1140 = DIRECTION('',(1.,0.,0.));
#1141 = ORIENTED_EDGE('',*,*,#1142,.T.);
#1142 = EDGE_CURVE('',#1134,#1143,#1145,.T.);
#1143 = VERTEX_POINT('',#1144);
#1144 = CARTESIAN_POINT('',(12.5,80.3,11.099999952316));
#1145 = LINE('',#1146,#1147);
#1146 = CARTESIAN_POINT('',(12.5,80.3,-2.200000047684));
#1147 = VECTOR('',#1148,1.);
#1148 = DIRECTION('',(0.,0.,1.));
#1149 = ORIENTED_EDGE('',*,*,#1150,.T.);
#1150 = EDGE_CURVE('',#1143,#1151,#1153,.T.);
#1151 = VERTEX_POINT('',#1152);
#1152 = CARTESIAN_POINT('',(1.201770050136,69.2,11.099999952316));
#1153 = CIRCLE('',#1154,11.3);
#1154 = AXIS2_PLACEMENT_3D('',#1155,#1156,#1157);
#1155 = CARTESIAN_POINT('',(12.5,69.,11.099999952316));
#1156 = DIRECTION('',(0.,0.,1.));
#1157 = DIRECTION('',(1.,0.,0.));
#1158 = ORIENTED_EDGE('',*,*,#1159,.T.);
#1159 = EDGE_CURVE('',#1151,#1160,#1162,.T.);
#1160 = VERTEX_POINT('',#1161);
#1161 = CARTESIAN_POINT('',(1.201770050136,69.2,10.699999952316));
#1162 = LINE('',#1163,#1164);
#1163 = CARTESIAN_POINT('',(1.201770050136,69.2,-2.200000047684));
#1164 = VECTOR('',#1165,1.);
#1165 = DIRECTION('',(-0.,-0.,-1.));
#1166 = ORIENTED_EDGE('',*,*,#1167,.F.);
#1167 = EDGE_CURVE('',#963,#1160,#1168,.T.);
#1168 = CIRCLE('',#1169,11.3);
#1169 = AXIS2_PLACEMENT_3D('',#1170,#1171,#1172);
#1170 = CARTESIAN_POINT('',(12.5,69.,10.699999952316));
#1171 = DIRECTION('',(0.,0.,-1.));
#1172 = DIRECTION('',(1.,0.,0.));
#1173 = CYLINDRICAL_SURFACE('',#1174,11.3);
#1174 = AXIS2_PLACEMENT_3D('',#1175,#1176,#1177);
#1175 = CARTESIAN_POINT('',(12.5,69.,-2.200000047684));
#1176 = DIRECTION('',(-0.,-0.,-1.));
#1177 = DIRECTION('',(1.,0.,0.));
#1178 = ADVANCED_FACE('',(#1179),#1342,.F.);
#1179 = FACE_BOUND('',#1180,.F.);
#1180 = EDGE_LOOP('',(#1181,#1182,#1183,#1191,#1200,#1208,#1217,#1223,
    #1224,#1232,#1240,#1249,#1255,#1256,#1264,#1272,#1280,#1288,#1296,
    #1304,#1312,#1320,#1328,#1336));
#1181 = ORIENTED_EDGE('',*,*,#374,.F.);
#1182 = ORIENTED_EDGE('',*,*,#1075,.T.);
#1183 = ORIENTED_EDGE('',*,*,#1184,.T.);
#1184 = EDGE_CURVE('',#1076,#1185,#1187,.T.);
#1185 = VERTEX_POINT('',#1186);
#1186 = CARTESIAN_POINT('',(18.551,80.3,2.849999952316));
#1187 = LINE('',#1188,#1189);
#1188 = CARTESIAN_POINT('',(10.5255,80.3,2.849999952316));
#1189 = VECTOR('',#1190,1.);
#1190 = DIRECTION('',(1.,0.,0.));
#1191 = ORIENTED_EDGE('',*,*,#1192,.F.);
#1192 = EDGE_CURVE('',#1193,#1185,#1195,.T.);
#1193 = VERTEX_POINT('',#1194);
#1194 = CARTESIAN_POINT('',(19.551,80.3,3.849999952316));
#1195 = CIRCLE('',#1196,1.);
#1196 = AXIS2_PLACEMENT_3D('',#1197,#1198,#1199);
#1197 = CARTESIAN_POINT('',(18.551,80.3,3.849999952316));
#1198 = DIRECTION('',(-0.,1.,2.2E-16));
#1199 = DIRECTION('',(1.,0.,0.));
#1200 = ORIENTED_EDGE('',*,*,#1201,.F.);
#1201 = EDGE_CURVE('',#1202,#1193,#1204,.T.);
#1202 = VERTEX_POINT('',#1203);
#1203 = CARTESIAN_POINT('',(19.551,80.3,7.349999952316));
#1204 = LINE('',#1205,#1206);
#1205 = CARTESIAN_POINT('',(19.551,80.3,0.824999952316));
#1206 = VECTOR('',#1207,1.);
#1207 = DIRECTION('',(0.,0.,-1.));
#1208 = ORIENTED_EDGE('',*,*,#1209,.F.);
#1209 = EDGE_CURVE('',#1210,#1202,#1212,.T.);
#1210 = VERTEX_POINT('',#1211);
#1211 = CARTESIAN_POINT('',(18.551,80.3,8.349999952316));
#1212 = CIRCLE('',#1213,1.);
#1213 = AXIS2_PLACEMENT_3D('',#1214,#1215,#1216);
#1214 = CARTESIAN_POINT('',(18.551,80.3,7.349999952316));
#1215 = DIRECTION('',(-0.,1.,2.2E-16));
#1216 = DIRECTION('',(1.,0.,0.));
#1217 = ORIENTED_EDGE('',*,*,#1218,.F.);
#1218 = EDGE_CURVE('',#1134,#1210,#1219,.T.);
#1219 = LINE('',#1220,#1221);
#1220 = CARTESIAN_POINT('',(10.5255,80.3,8.349999952316));
#1221 = VECTOR('',#1222,1.);
#1222 = DIRECTION('',(1.,0.,0.));
#1223 = ORIENTED_EDGE('',*,*,#1142,.T.);
#1224 = ORIENTED_EDGE('',*,*,#1225,.T.);
#1225 = EDGE_CURVE('',#1143,#1226,#1228,.T.);
#1226 = VERTEX_POINT('',#1227);
#1227 = CARTESIAN_POINT('',(37.5,80.3,11.099999952316));
#1228 = LINE('',#1229,#1230);
#1229 = CARTESIAN_POINT('',(12.5,80.3,11.099999952316));
#1230 = VECTOR('',#1231,1.);
#1231 = DIRECTION('',(1.,0.,0.));
#1232 = ORIENTED_EDGE('',*,*,#1233,.F.);
#1233 = EDGE_CURVE('',#1234,#1226,#1236,.T.);
#1234 = VERTEX_POINT('',#1235);
#1235 = CARTESIAN_POINT('',(37.5,80.3,10.138862409583));
#1236 = LINE('',#1237,#1238);
#1237 = CARTESIAN_POINT('',(37.5,80.3,-2.200000047684));
#1238 = VECTOR('',#1239,1.);
#1239 = DIRECTION('',(0.,0.,1.));
#1240 = ORIENTED_EDGE('',*,*,#1241,.F.);
#1241 = EDGE_CURVE('',#1242,#1234,#1244,.T.);
#1242 = VERTEX_POINT('',#1243);
#1243 = CARTESIAN_POINT('',(37.5,80.3,3.261137495049));
#1244 = CIRCLE('',#1245,3.6);
#1245 = AXIS2_PLACEMENT_3D('',#1246,#1247,#1248);
#1246 = CARTESIAN_POINT('',(36.435,80.3,6.699999952316));
#1247 = DIRECTION('',(-0.,1.,2.2E-16));
#1248 = DIRECTION('',(1.,0.,0.));
#1249 = ORIENTED_EDGE('',*,*,#1250,.F.);
#1250 = EDGE_CURVE('',#349,#1242,#1251,.T.);
#1251 = LINE('',#1252,#1253);
#1252 = CARTESIAN_POINT('',(37.5,80.3,-2.200000047684));
#1253 = VECTOR('',#1254,1.);
#1254 = DIRECTION('',(0.,0.,1.));
#1255 = ORIENTED_EDGE('',*,*,#357,.F.);
#1256 = ORIENTED_EDGE('',*,*,#1257,.T.);
#1257 = EDGE_CURVE('',#358,#1258,#1260,.T.);
#1258 = VERTEX_POINT('',#1259);
#1259 = CARTESIAN_POINT('',(26.602529250903,80.3,0.649999952316));
#1260 = LINE('',#1261,#1262);
#1261 = CARTESIAN_POINT('',(26.602529250903,80.3,-1.000004768372E-02));
#1262 = VECTOR('',#1263,1.);
#1263 = DIRECTION('',(0.,0.,1.));
#1264 = ORIENTED_EDGE('',*,*,#1265,.T.);
#1265 = EDGE_CURVE('',#1258,#1266,#1268,.T.);
#1266 = VERTEX_POINT('',#1267);
#1267 = CARTESIAN_POINT('',(26.876166303929,80.3,0.649999952316));
#1268 = LINE('',#1269,#1270);
#1269 = CARTESIAN_POINT('',(18.75,80.3,0.649999952316));
#1270 = VECTOR('',#1271,1.);
#1271 = DIRECTION('',(1.,0.,0.));
#1272 = ORIENTED_EDGE('',*,*,#1273,.T.);
#1273 = EDGE_CURVE('',#1266,#1274,#1276,.T.);
#1274 = VERTEX_POINT('',#1275);
#1275 = CARTESIAN_POINT('',(26.876166303929,80.3,4.799999952316));
#1276 = LINE('',#1277,#1278);
#1277 = CARTESIAN_POINT('',(26.876166303929,80.3,0.649999952316));
#1278 = VECTOR('',#1279,1.);
#1279 = DIRECTION('',(0.,0.,1.));
#1280 = ORIENTED_EDGE('',*,*,#1281,.F.);
#1281 = EDGE_CURVE('',#1282,#1274,#1284,.T.);
#1282 = VERTEX_POINT('',#1283);
#1283 = CARTESIAN_POINT('',(26.602529250903,80.3,4.799999952316));
#1284 = LINE('',#1285,#1286);
#1285 = CARTESIAN_POINT('',(18.75,80.3,4.799999952316));
#1286 = VECTOR('',#1287,1.);
#1287 = DIRECTION('',(1.,0.,0.));
#1288 = ORIENTED_EDGE('',*,*,#1289,.T.);
#1289 = EDGE_CURVE('',#1282,#1290,#1292,.T.);
#1290 = VERTEX_POINT('',#1291);
#1291 = CARTESIAN_POINT('',(26.602529250903,80.3,10.499999952316));
#1292 = LINE('',#1293,#1294);
#1293 = CARTESIAN_POINT('',(26.602529250903,80.3,4.799999952316));
#1294 = VECTOR('',#1295,1.);
#1295 = DIRECTION('',(0.,0.,1.));
#1296 = ORIENTED_EDGE('',*,*,#1297,.F.);
#1297 = EDGE_CURVE('',#1298,#1290,#1300,.T.);
#1298 = VERTEX_POINT('',#1299);
#1299 = CARTESIAN_POINT('',(23.397470749097,80.3,10.499999952316));
#1300 = LINE('',#1301,#1302);
#1301 = CARTESIAN_POINT('',(18.75,80.3,10.499999952316));
#1302 = VECTOR('',#1303,1.);
#1303 = DIRECTION('',(1.,0.,0.));
#1304 = ORIENTED_EDGE('',*,*,#1305,.F.);
#1305 = EDGE_CURVE('',#1306,#1298,#1308,.T.);
#1306 = VERTEX_POINT('',#1307);
#1307 = CARTESIAN_POINT('',(23.397470749097,80.3,4.799999952316));
#1308 = LINE('',#1309,#1310);
#1309 = CARTESIAN_POINT('',(23.397470749097,80.3,4.799999952316));
#1310 = VECTOR('',#1311,1.);
#1311 = DIRECTION('',(0.,0.,1.));
#1312 = ORIENTED_EDGE('',*,*,#1313,.F.);
#1313 = EDGE_CURVE('',#1314,#1306,#1316,.T.);
#1314 = VERTEX_POINT('',#1315);
#1315 = CARTESIAN_POINT('',(23.123833696071,80.3,4.799999952316));
#1316 = LINE('',#1317,#1318);
#1317 = CARTESIAN_POINT('',(18.75,80.3,4.799999952316));
#1318 = VECTOR('',#1319,1.);
#1319 = DIRECTION('',(1.,0.,0.));
#1320 = ORIENTED_EDGE('',*,*,#1321,.F.);
#1321 = EDGE_CURVE('',#1322,#1314,#1324,.T.);
#1322 = VERTEX_POINT('',#1323);
#1323 = CARTESIAN_POINT('',(23.123833696071,80.3,0.649999952316));
#1324 = LINE('',#1325,#1326);
#1325 = CARTESIAN_POINT('',(23.123833696071,80.3,0.649999952316));
#1326 = VECTOR('',#1327,1.);
#1327 = DIRECTION('',(0.,0.,1.));
#1328 = ORIENTED_EDGE('',*,*,#1329,.T.);
#1329 = EDGE_CURVE('',#1322,#1330,#1332,.T.);
#1330 = VERTEX_POINT('',#1331);
#1331 = CARTESIAN_POINT('',(23.397470749097,80.3,0.649999952316));
#1332 = LINE('',#1333,#1334);
#1333 = CARTESIAN_POINT('',(18.75,80.3,0.649999952316));
#1334 = VECTOR('',#1335,1.);
#1335 = DIRECTION('',(1.,0.,0.));
#1336 = ORIENTED_EDGE('',*,*,#1337,.F.);
#1337 = EDGE_CURVE('',#366,#1330,#1338,.T.);
#1338 = LINE('',#1339,#1340);
#1339 = CARTESIAN_POINT('',(23.397470749097,80.3,-1.000004768372E-02));
#1340 = VECTOR('',#1341,1.);
#1341 = DIRECTION('',(0.,0.,1.));
#1342 = PLANE('',#1343);
#1343 = AXIS2_PLACEMENT_3D('',#1344,#1345,#1346);
#1344 = CARTESIAN_POINT('',(12.5,80.3,-2.200000047684));
#1345 = DIRECTION('',(0.,1.,0.));
#1346 = DIRECTION('',(0.,0.,1.));
#1347 = ADVANCED_FACE('',(#1348),#1360,.F.);
#1348 = FACE_BOUND('',#1349,.F.);
#1349 = EDGE_LOOP('',(#1350,#1357,#1358,#1359));
#1350 = ORIENTED_EDGE('',*,*,#1351,.F.);
#1351 = EDGE_CURVE('',#1258,#1330,#1352,.T.);
#1352 = CIRCLE('',#1353,2.41);
#1353 = AXIS2_PLACEMENT_3D('',#1354,#1355,#1356);
#1354 = CARTESIAN_POINT('',(25.,78.5,0.649999952316));
#1355 = DIRECTION('',(0.,0.,1.));
#1356 = DIRECTION('',(1.,0.,0.));
#1357 = ORIENTED_EDGE('',*,*,#1257,.F.);
#1358 = ORIENTED_EDGE('',*,*,#365,.T.);
#1359 = ORIENTED_EDGE('',*,*,#1337,.T.);
#1360 = CYLINDRICAL_SURFACE('',#1361,2.41);
#1361 = AXIS2_PLACEMENT_3D('',#1362,#1363,#1364);
#1362 = CARTESIAN_POINT('',(25.,78.5,-1.000004768372E-02));
#1363 = DIRECTION('',(0.,0.,1.));
#1364 = DIRECTION('',(1.,0.,0.));
#1365 = ADVANCED_FACE('',(#1366),#1451,.F.);
#1366 = FACE_BOUND('',#1367,.T.);
#1367 = EDGE_LOOP('',(#1368,#1369,#1370,#1378,#1387,#1395,#1402,#1403,
    #1428));
#1368 = ORIENTED_EDGE('',*,*,#1250,.F.);
#1369 = ORIENTED_EDGE('',*,*,#348,.T.);
#1370 = ORIENTED_EDGE('',*,*,#1371,.T.);
#1371 = EDGE_CURVE('',#341,#1372,#1374,.T.);
#1372 = VERTEX_POINT('',#1373);
#1373 = CARTESIAN_POINT('',(48.8,69.,10.699999952316));
#1374 = LINE('',#1375,#1376);
#1375 = CARTESIAN_POINT('',(48.8,69.,-2.200000047684));
#1376 = VECTOR('',#1377,1.);
#1377 = DIRECTION('',(0.,0.,1.));
#1378 = ORIENTED_EDGE('',*,*,#1379,.F.);
#1379 = EDGE_CURVE('',#1380,#1372,#1382,.T.);
#1380 = VERTEX_POINT('',#1381);
#1381 = CARTESIAN_POINT('',(48.798229949864,69.2,10.699999952316));
#1382 = CIRCLE('',#1383,11.3);
#1383 = AXIS2_PLACEMENT_3D('',#1384,#1385,#1386);
#1384 = CARTESIAN_POINT('',(37.5,69.,10.699999952316));
#1385 = DIRECTION('',(0.,0.,-1.));
#1386 = DIRECTION('',(1.,0.,0.));
#1387 = ORIENTED_EDGE('',*,*,#1388,.F.);
#1388 = EDGE_CURVE('',#1389,#1380,#1391,.T.);
#1389 = VERTEX_POINT('',#1390);
#1390 = CARTESIAN_POINT('',(48.798229949864,69.2,11.099999952316));
#1391 = LINE('',#1392,#1393);
#1392 = CARTESIAN_POINT('',(48.798229949864,69.2,-2.200000047684));
#1393 = VECTOR('',#1394,1.);
#1394 = DIRECTION('',(-0.,-0.,-1.));
#1395 = ORIENTED_EDGE('',*,*,#1396,.T.);
#1396 = EDGE_CURVE('',#1389,#1226,#1397,.T.);
#1397 = CIRCLE('',#1398,11.3);
#1398 = AXIS2_PLACEMENT_3D('',#1399,#1400,#1401);
#1399 = CARTESIAN_POINT('',(37.5,69.,11.099999952316));
#1400 = DIRECTION('',(0.,0.,1.));
#1401 = DIRECTION('',(1.,0.,0.));
#1402 = ORIENTED_EDGE('',*,*,#1233,.F.);
#1403 = ORIENTED_EDGE('',*,*,#1404,.F.);
#1404 = EDGE_CURVE('',#1405,#1234,#1407,.T.);
#1405 = VERTEX_POINT('',#1406);
#1406 = CARTESIAN_POINT('',(40.035,80.011983245538,6.699999952316));
#1407 = B_SPLINE_CURVE_WITH_KNOTS('',7,(#1408,#1409,#1410,#1411,#1412,
    #1413,#1414,#1415,#1416,#1417,#1418,#1419,#1420,#1421,#1422,#1423,
    #1424,#1425,#1426,#1427),.UNSPECIFIED.,.F.,.F.,(8,6,6,8),(0.,
    0.606169501512,0.771031143217,1.),.UNSPECIFIED.);
#1408 = CARTESIAN_POINT('',(40.035,80.011983245538,6.699999952316));
#1409 = CARTESIAN_POINT('',(40.035,80.011983245538,7.057290128025));
#1410 = CARTESIAN_POINT('',(39.993631050266,80.021506584107,
    7.413982398742));
#1411 = CARTESIAN_POINT('',(39.911134159766,80.040497418929,
    7.767381897755));
#1412 = CARTESIAN_POINT('',(39.786664137577,80.068120627389,
    8.114546327693));
#1413 = CARTESIAN_POINT('',(39.618520768803,80.102735555341,
    8.451800177925));
#1414 = CARTESIAN_POINT('',(39.404367150435,80.1415397716,8.774042953673
    ));
#1415 = CARTESIAN_POINT('',(39.070164117241,80.190612188634,
    9.155128475689));
#1416 = CARTESIAN_POINT('',(38.995084281979,80.201092113851,
    9.234967522451));
#1417 = CARTESIAN_POINT('',(38.916331792741,80.211469828065,
    9.313000048985));
#1418 = CARTESIAN_POINT('',(38.833859061991,80.221646018118,
    9.389046288588));
#1419 = CARTESIAN_POINT('',(38.747623155239,80.231511439432,
    9.462908578207));
#1420 = CARTESIAN_POINT('',(38.657586023227,80.240946810625,
    9.534371250794));
#1421 = CARTESIAN_POINT('',(38.433341158231,80.262150039612,
    9.69879438856));
#1422 = CARTESIAN_POINT('',(38.295326055109,80.273421293907,
    9.789488574825));
#1423 = CARTESIAN_POINT('',(38.149859806762,80.283251968001,
    9.87437988454));
#1424 = CARTESIAN_POINT('',(37.997211658626,80.291233823212,
    9.952596205443));
#1425 = CARTESIAN_POINT('',(37.837727280452,80.296951644537,
    10.023292798371));
#1426 = CARTESIAN_POINT('',(37.671826327211,80.3,10.085648580664));
#1427 = CARTESIAN_POINT('',(37.5,80.3,10.138862409583));
#1428 = ORIENTED_EDGE('',*,*,#1429,.F.);
#1429 = EDGE_CURVE('',#1242,#1405,#1430,.T.);
#1430 = B_SPLINE_CURVE_WITH_KNOTS('',7,(#1431,#1432,#1433,#1434,#1435,
    #1436,#1437,#1438,#1439,#1440,#1441,#1442,#1443,#1444,#1445,#1446,
    #1447,#1448,#1449,#1450),.UNSPECIFIED.,.F.,.F.,(8,6,6,8),(0.,
    0.233184478315,0.398359245825,1.),.UNSPECIFIED.);
#1431 = CARTESIAN_POINT('',(37.5,80.3,3.261137495049));
#1432 = CARTESIAN_POINT('',(37.675006521014,80.3,3.315336215468));
#1433 = CARTESIAN_POINT('',(37.843855310591,80.296837749058,
    3.379014995581));
#1434 = CARTESIAN_POINT('',(38.006033820948,80.290914318421,
    3.451326888994));
#1435 = CARTESIAN_POINT('',(38.161106050518,80.282658508046,
    3.531405509432));
#1436 = CARTESIAN_POINT('',(38.308715124932,80.272508732114,
    3.618361024094));
#1437 = CARTESIAN_POINT('',(38.448585878,80.260894904531,3.711276147012)
  );
#1438 = CARTESIAN_POINT('',(38.673987408153,80.239242364869,
    3.878567392005));
#1439 = CARTESIAN_POINT('',(38.763600786458,80.229719581163,
    3.950544608585));
#1440 = CARTESIAN_POINT('',(38.849402383035,80.219781056308,
    4.02490108793));
#1441 = CARTESIAN_POINT('',(38.931431889102,80.209545610245,
    4.101422397994));
#1442 = CARTESIAN_POINT('',(39.009733639117,80.19912193964,
    4.179912263573));
#1443 = CARTESIAN_POINT('',(39.084356378245,80.188608757649,
    4.260192460954));
#1444 = CARTESIAN_POINT('',(39.41395474992,80.139798860577,
    4.640456670054));
#1445 = CARTESIAN_POINT('',(39.624789125481,80.101443785595,
    4.960831527109));
#1446 = CARTESIAN_POINT('',(39.790375946068,80.067296800779,
    5.295848914613));
#1447 = CARTESIAN_POINT('',(39.912981470916,80.040072159619,5.6405552686
    ));
#1448 = CARTESIAN_POINT('',(39.99425049033,80.021363986883,
    5.991364782268));
#1449 = CARTESIAN_POINT('',(40.035,80.011983245538,6.345395023733));
#1450 = CARTESIAN_POINT('',(40.035,80.011983245538,6.699999952316));
#1451 = CYLINDRICAL_SURFACE('',#1452,11.3);
#1452 = AXIS2_PLACEMENT_3D('',#1453,#1454,#1455);
#1453 = CARTESIAN_POINT('',(37.5,69.,-2.200000047684));
#1454 = DIRECTION('',(-0.,-0.,-1.));
#1455 = DIRECTION('',(1.,0.,0.));
#1456 = ADVANCED_FACE('',(#1457,#1566),#1668,.F.);
#1457 = FACE_BOUND('',#1458,.F.);
#1458 = EDGE_LOOP('',(#1459,#1460,#1461,#1462,#1470,#1478,#1486,#1494,
    #1502,#1510,#1518,#1524,#1525,#1526,#1534,#1543,#1551,#1560));
#1459 = ORIENTED_EDGE('',*,*,#481,.F.);
#1460 = ORIENTED_EDGE('',*,*,#340,.F.);
#1461 = ORIENTED_EDGE('',*,*,#1371,.T.);
#1462 = ORIENTED_EDGE('',*,*,#1463,.T.);
#1463 = EDGE_CURVE('',#1372,#1464,#1466,.T.);
#1464 = VERTEX_POINT('',#1465);
#1465 = CARTESIAN_POINT('',(48.8,67.8,10.699999952316));
#1466 = LINE('',#1467,#1468);
#1467 = CARTESIAN_POINT('',(48.8,40.15,10.699999952316));
#1468 = VECTOR('',#1469,1.);
#1469 = DIRECTION('',(0.,-1.,0.));
#1470 = ORIENTED_EDGE('',*,*,#1471,.T.);
#1471 = EDGE_CURVE('',#1464,#1472,#1474,.T.);
#1472 = VERTEX_POINT('',#1473);
#1473 = CARTESIAN_POINT('',(48.8,67.8,11.099999952316));
#1474 = LINE('',#1475,#1476);
#1475 = CARTESIAN_POINT('',(48.8,67.8,4.249999952316));
#1476 = VECTOR('',#1477,1.);
#1477 = DIRECTION('',(0.,0.,1.));
#1478 = ORIENTED_EDGE('',*,*,#1479,.F.);
#1479 = EDGE_CURVE('',#1480,#1472,#1482,.T.);
#1480 = VERTEX_POINT('',#1481);
#1481 = CARTESIAN_POINT('',(48.8,53.2,11.099999952316));
#1482 = LINE('',#1483,#1484);
#1483 = CARTESIAN_POINT('',(48.8,12.5,11.099999952316));
#1484 = VECTOR('',#1485,1.);
#1485 = DIRECTION('',(0.,1.,0.));
#1486 = ORIENTED_EDGE('',*,*,#1487,.F.);
#1487 = EDGE_CURVE('',#1488,#1480,#1490,.T.);
#1488 = VERTEX_POINT('',#1489);
#1489 = CARTESIAN_POINT('',(48.8,53.2,10.699999952316));
#1490 = LINE('',#1491,#1492);
#1491 = CARTESIAN_POINT('',(48.8,53.2,4.249999952316));
#1492 = VECTOR('',#1493,1.);
#1493 = DIRECTION('',(0.,0.,1.));
#1494 = ORIENTED_EDGE('',*,*,#1495,.T.);
#1495 = EDGE_CURVE('',#1488,#1496,#1498,.T.);
#1496 = VERTEX_POINT('',#1497);
#1497 = CARTESIAN_POINT('',(48.8,51.8,10.699999952316));
#1498 = LINE('',#1499,#1500);
#1499 = CARTESIAN_POINT('',(48.8,32.15,10.699999952316));
#1500 = VECTOR('',#1501,1.);
#1501 = DIRECTION('',(0.,-1.,0.));
#1502 = ORIENTED_EDGE('',*,*,#1503,.T.);
#1503 = EDGE_CURVE('',#1496,#1504,#1506,.T.);
#1504 = VERTEX_POINT('',#1505);
#1505 = CARTESIAN_POINT('',(48.8,51.8,11.099999952316));
#1506 = LINE('',#1507,#1508);
#1507 = CARTESIAN_POINT('',(48.8,51.8,4.249999952316));
#1508 = VECTOR('',#1509,1.);
#1509 = DIRECTION('',(0.,0.,1.));
#1510 = ORIENTED_EDGE('',*,*,#1511,.F.);
#1511 = EDGE_CURVE('',#1512,#1504,#1514,.T.);
#1512 = VERTEX_POINT('',#1513);
#1513 = CARTESIAN_POINT('',(48.8,42.5,11.099999952316));
#1514 = LINE('',#1515,#1516);
#1515 = CARTESIAN_POINT('',(48.8,12.5,11.099999952316));
#1516 = VECTOR('',#1517,1.);
#1517 = DIRECTION('',(0.,1.,0.));
#1518 = ORIENTED_EDGE('',*,*,#1519,.F.);
#1519 = EDGE_CURVE('',#498,#1512,#1520,.T.);
#1520 = LINE('',#1521,#1522);
#1521 = CARTESIAN_POINT('',(48.8,42.5,4.049999952316));
#1522 = VECTOR('',#1523,1.);
#1523 = DIRECTION('',(0.,0.,1.));
#1524 = ORIENTED_EDGE('',*,*,#546,.T.);
#1525 = ORIENTED_EDGE('',*,*,#416,.F.);
#1526 = ORIENTED_EDGE('',*,*,#1527,.F.);
#1527 = EDGE_CURVE('',#1528,#417,#1530,.T.);
#1528 = VERTEX_POINT('',#1529);
#1529 = CARTESIAN_POINT('',(48.8,25.95,6.149999952316));
#1530 = LINE('',#1531,#1532);
#1531 = CARTESIAN_POINT('',(48.8,11.925,6.149999952316));
#1532 = VECTOR('',#1533,1.);
#1533 = DIRECTION('',(0.,-1.,0.));
#1534 = ORIENTED_EDGE('',*,*,#1535,.T.);
#1535 = EDGE_CURVE('',#1528,#1536,#1538,.T.);
#1536 = VERTEX_POINT('',#1537);
#1537 = CARTESIAN_POINT('',(48.8,26.45,5.649999952316));
#1538 = CIRCLE('',#1539,0.5);
#1539 = AXIS2_PLACEMENT_3D('',#1540,#1541,#1542);
#1540 = CARTESIAN_POINT('',(48.8,25.95,5.649999952316));
#1541 = DIRECTION('',(-1.,0.,0.));
#1542 = DIRECTION('',(0.,1.,0.));
#1543 = ORIENTED_EDGE('',*,*,#1544,.F.);
#1544 = EDGE_CURVE('',#1545,#1536,#1547,.T.);
#1545 = VERTEX_POINT('',#1546);
#1546 = CARTESIAN_POINT('',(48.8,26.45,4.249999952316));
#1547 = LINE('',#1548,#1549);
#1548 = CARTESIAN_POINT('',(48.8,26.45,1.024999952316));
#1549 = VECTOR('',#1550,1.);
#1550 = DIRECTION('',(0.,0.,1.));
#1551 = ORIENTED_EDGE('',*,*,#1552,.T.);
#1552 = EDGE_CURVE('',#1545,#1553,#1555,.T.);
#1553 = VERTEX_POINT('',#1554);
#1554 = CARTESIAN_POINT('',(48.8,25.95,3.749999952316));
#1555 = CIRCLE('',#1556,0.5);
#1556 = AXIS2_PLACEMENT_3D('',#1557,#1558,#1559);
#1557 = CARTESIAN_POINT('',(48.8,25.95,4.249999952316));
#1558 = DIRECTION('',(-1.,0.,0.));
#1559 = DIRECTION('',(0.,1.,0.));
#1560 = ORIENTED_EDGE('',*,*,#1561,.T.);
#1561 = EDGE_CURVE('',#1553,#473,#1562,.T.);
#1562 = LINE('',#1563,#1564);
#1563 = CARTESIAN_POINT('',(48.8,11.925,3.749999952316));
#1564 = VECTOR('',#1565,1.);
#1565 = DIRECTION('',(0.,-1.,0.));
#1566 = FACE_BOUND('',#1567,.F.);
#1567 = EDGE_LOOP('',(#1568,#1578,#1586,#1594,#1603,#1611,#1620,#1628,
    #1637,#1645,#1654,#1662));
#1568 = ORIENTED_EDGE('',*,*,#1569,.F.);
#1569 = EDGE_CURVE('',#1570,#1572,#1574,.T.);
#1570 = VERTEX_POINT('',#1571);
#1571 = CARTESIAN_POINT('',(48.8,58.15,8.699999952316));
#1572 = VERTEX_POINT('',#1573);
#1573 = CARTESIAN_POINT('',(48.8,58.15,9.699999952316));
#1574 = LINE('',#1575,#1576);
#1575 = CARTESIAN_POINT('',(48.8,58.15,3.249999952316));
#1576 = VECTOR('',#1577,1.);
#1577 = DIRECTION('',(0.,0.,1.));
#1578 = ORIENTED_EDGE('',*,*,#1579,.T.);
#1579 = EDGE_CURVE('',#1570,#1580,#1582,.T.);
#1580 = VERTEX_POINT('',#1581);
#1581 = CARTESIAN_POINT('',(48.8,57.,8.699999952316));
#1582 = LINE('',#1583,#1584);
#1583 = CARTESIAN_POINT('',(48.8,34.725,8.699999952316));
#1584 = VECTOR('',#1585,1.);
#1585 = DIRECTION('',(0.,-1.,0.));
#1586 = ORIENTED_EDGE('',*,*,#1587,.F.);
#1587 = EDGE_CURVE('',#1588,#1580,#1590,.T.);
#1588 = VERTEX_POINT('',#1589);
#1589 = CARTESIAN_POINT('',(48.8,57.,0.699999952316));
#1590 = LINE('',#1591,#1592);
#1591 = CARTESIAN_POINT('',(48.8,57.,-1.050000047684));
#1592 = VECTOR('',#1593,1.);
#1593 = DIRECTION('',(0.,0.,1.));
#1594 = ORIENTED_EDGE('',*,*,#1595,.F.);
#1595 = EDGE_CURVE('',#1596,#1588,#1598,.T.);
#1596 = VERTEX_POINT('',#1597);
#1597 = CARTESIAN_POINT('',(48.8,56.4,9.999995231628E-02));
#1598 = CIRCLE('',#1599,0.6);
#1599 = AXIS2_PLACEMENT_3D('',#1600,#1601,#1602);
#1600 = CARTESIAN_POINT('',(48.8,56.4,0.699999952316));
#1601 = DIRECTION('',(1.,0.,0.));
#1602 = DIRECTION('',(0.,1.,0.));
#1603 = ORIENTED_EDGE('',*,*,#1604,.T.);
#1604 = EDGE_CURVE('',#1596,#1605,#1607,.T.);
#1605 = VERTEX_POINT('',#1606);
#1606 = CARTESIAN_POINT('',(48.8,50.,9.999995231628E-02));
#1607 = LINE('',#1608,#1609);
#1608 = CARTESIAN_POINT('',(48.8,30.95,9.999995231628E-02));
#1609 = VECTOR('',#1610,1.);
#1610 = DIRECTION('',(0.,-1.,0.));
#1611 = ORIENTED_EDGE('',*,*,#1612,.F.);
#1612 = EDGE_CURVE('',#1613,#1605,#1615,.T.);
#1613 = VERTEX_POINT('',#1614);
#1614 = CARTESIAN_POINT('',(48.8,49.4,0.699999952316));
#1615 = CIRCLE('',#1616,0.6);
#1616 = AXIS2_PLACEMENT_3D('',#1617,#1618,#1619);
#1617 = CARTESIAN_POINT('',(48.8,50.,0.699999952316));
#1618 = DIRECTION('',(1.,0.,0.));
#1619 = DIRECTION('',(0.,-1.,0.));
#1620 = ORIENTED_EDGE('',*,*,#1621,.T.);
#1621 = EDGE_CURVE('',#1613,#1622,#1624,.T.);
#1622 = VERTEX_POINT('',#1623);
#1623 = CARTESIAN_POINT('',(48.8,49.4,9.449999952316));
#1624 = LINE('',#1625,#1626);
#1625 = CARTESIAN_POINT('',(48.8,49.4,-1.050000047684));
#1626 = VECTOR('',#1627,1.);
#1627 = DIRECTION('',(0.,0.,1.));
#1628 = ORIENTED_EDGE('',*,*,#1629,.F.);
#1629 = EDGE_CURVE('',#1630,#1622,#1632,.T.);
#1630 = VERTEX_POINT('',#1631);
#1631 = CARTESIAN_POINT('',(48.8,50.,10.049999952316));
#1632 = CIRCLE('',#1633,0.6);
#1633 = AXIS2_PLACEMENT_3D('',#1634,#1635,#1636);
#1634 = CARTESIAN_POINT('',(48.8,50.,9.449999952316));
#1635 = DIRECTION('',(1.,0.,0.));
#1636 = DIRECTION('',(0.,-1.,0.));
#1637 = ORIENTED_EDGE('',*,*,#1638,.F.);
#1638 = EDGE_CURVE('',#1639,#1630,#1641,.T.);
#1639 = VERTEX_POINT('',#1640);
#1640 = CARTESIAN_POINT('',(48.8,56.4,10.049999952316));
#1641 = LINE('',#1642,#1643);
#1642 = CARTESIAN_POINT('',(48.8,30.95,10.049999952316));
#1643 = VECTOR('',#1644,1.);
#1644 = DIRECTION('',(0.,-1.,0.));
#1645 = ORIENTED_EDGE('',*,*,#1646,.F.);
#1646 = EDGE_CURVE('',#1647,#1639,#1649,.T.);
#1647 = VERTEX_POINT('',#1648);
#1648 = CARTESIAN_POINT('',(48.8,56.95,9.689791528482));
#1649 = CIRCLE('',#1650,0.6);
#1650 = AXIS2_PLACEMENT_3D('',#1651,#1652,#1653);
#1651 = CARTESIAN_POINT('',(48.8,56.4,9.449999952316));
#1652 = DIRECTION('',(1.,0.,0.));
#1653 = DIRECTION('',(0.,1.,0.));
#1654 = ORIENTED_EDGE('',*,*,#1655,.T.);
#1655 = EDGE_CURVE('',#1647,#1656,#1658,.T.);
#1656 = VERTEX_POINT('',#1657);
#1657 = CARTESIAN_POINT('',(48.8,56.95,9.699999952316));
#1658 = LINE('',#1659,#1660);
#1659 = CARTESIAN_POINT('',(48.8,56.95,3.449999952316));
#1660 = VECTOR('',#1661,1.);
#1661 = DIRECTION('',(0.,0.,1.));
#1662 = ORIENTED_EDGE('',*,*,#1663,.F.);
#1663 = EDGE_CURVE('',#1572,#1656,#1664,.T.);
#1664 = LINE('',#1665,#1666);
#1665 = CARTESIAN_POINT('',(48.8,34.725,9.699999952316));
#1666 = VECTOR('',#1667,1.);
#1667 = DIRECTION('',(0.,-1.,0.));
#1668 = PLANE('',#1669);
#1669 = AXIS2_PLACEMENT_3D('',#1670,#1671,#1672);
#1670 = CARTESIAN_POINT('',(48.8,12.5,-2.200000047684));
#1671 = DIRECTION('',(1.,0.,0.));
#1672 = DIRECTION('',(0.,0.,1.));
#1673 = ADVANCED_FACE('',(#1674),#1709,.T.);
#1674 = FACE_BOUND('',#1675,.T.);
#1675 = EDGE_LOOP('',(#1676,#1677,#1685,#1694,#1702,#1708));
#1676 = ORIENTED_EDGE('',*,*,#472,.T.);
#1677 = ORIENTED_EDGE('',*,*,#1678,.T.);
#1678 = EDGE_CURVE('',#456,#1679,#1681,.T.);
#1679 = VERTEX_POINT('',#1680);
#1680 = CARTESIAN_POINT('',(49.946987587364,11.35,3.749999952316));
#1681 = LINE('',#1682,#1683);
#1682 = CARTESIAN_POINT('',(43.,11.35,3.749999952316));
#1683 = VECTOR('',#1684,1.);
#1684 = DIRECTION('',(1.,0.,0.));
#1685 = ORIENTED_EDGE('',*,*,#1686,.F.);
#1686 = EDGE_CURVE('',#1687,#1679,#1689,.T.);
#1687 = VERTEX_POINT('',#1688);
#1688 = CARTESIAN_POINT('',(50.,12.5,3.749999952316));
#1689 = CIRCLE('',#1690,12.5);
#1690 = AXIS2_PLACEMENT_3D('',#1691,#1692,#1693);
#1691 = CARTESIAN_POINT('',(37.5,12.5,3.749999952316));
#1692 = DIRECTION('',(0.,0.,-1.));
#1693 = DIRECTION('',(1.,0.,0.));
#1694 = ORIENTED_EDGE('',*,*,#1695,.F.);
#1695 = EDGE_CURVE('',#1696,#1687,#1698,.T.);
#1696 = VERTEX_POINT('',#1697);
#1697 = CARTESIAN_POINT('',(50.,25.95,3.749999952316));
#1698 = LINE('',#1699,#1700);
#1699 = CARTESIAN_POINT('',(50.,11.925,3.749999952316));
#1700 = VECTOR('',#1701,1.);
#1701 = DIRECTION('',(0.,-1.,0.));
#1702 = ORIENTED_EDGE('',*,*,#1703,.F.);
#1703 = EDGE_CURVE('',#1553,#1696,#1704,.T.);
#1704 = LINE('',#1705,#1706);
#1705 = CARTESIAN_POINT('',(43.,25.95,3.749999952316));
#1706 = VECTOR('',#1707,1.);
#1707 = DIRECTION('',(1.,0.,0.));
#1708 = ORIENTED_EDGE('',*,*,#1561,.T.);
#1709 = PLANE('',#1710);
#1710 = AXIS2_PLACEMENT_3D('',#1711,#1712,#1713);
#1711 = CARTESIAN_POINT('',(43.,11.35,3.749999952316));
#1712 = DIRECTION('',(0.,0.,1.));
#1713 = DIRECTION('',(1.,0.,0.));
#1714 = ADVANCED_FACE('',(#1715),#1742,.F.);
#1715 = FACE_BOUND('',#1716,.T.);
#1716 = EDGE_LOOP('',(#1717,#1718,#1719,#1727));
#1717 = ORIENTED_EDGE('',*,*,#1678,.F.);
#1718 = ORIENTED_EDGE('',*,*,#455,.F.);
#1719 = ORIENTED_EDGE('',*,*,#1720,.T.);
#1720 = EDGE_CURVE('',#448,#1721,#1723,.T.);
#1721 = VERTEX_POINT('',#1722);
#1722 = CARTESIAN_POINT('',(49.890621453341,10.85,4.249999952316));
#1723 = LINE('',#1724,#1725);
#1724 = CARTESIAN_POINT('',(43.,10.85,4.249999952316));
#1725 = VECTOR('',#1726,1.);
#1726 = DIRECTION('',(1.,0.,0.));
#1727 = ORIENTED_EDGE('',*,*,#1728,.T.);
#1728 = EDGE_CURVE('',#1721,#1679,#1729,.T.);
#1729 = B_SPLINE_CURVE_WITH_KNOTS('',6,(#1730,#1731,#1732,#1733,#1734,
    #1735,#1736,#1737,#1738,#1739,#1740,#1741),.UNSPECIFIED.,.F.,.F.,(7,
    5,7),(0.,0.554845648438,1.),.UNSPECIFIED.);
#1730 = CARTESIAN_POINT('',(49.890621453341,10.85,4.249999952316));
#1731 = CARTESIAN_POINT('',(49.890621453341,10.85,4.180583162365));
#1732 = CARTESIAN_POINT('',(49.892161445686,10.861564612056,
    4.111014339935));
#1733 = CARTESIAN_POINT('',(49.895254387951,10.88479052538,
    4.043460391943));
#1734 = CARTESIAN_POINT('',(49.899776148714,10.919366392974,
    3.980126220955));
#1735 = CARTESIAN_POINT('',(49.905466376921,10.964603252964,
    3.923204937214));
#1736 = CARTESIAN_POINT('',(49.917235702449,11.06326278923,
    3.836224855729));
#1737 = CARTESIAN_POINT('',(49.923025183788,11.113380843506,
    3.803007881938));
#1738 = CARTESIAN_POINT('',(49.929146451204,11.168697750178,
    3.776886710918));
#1739 = CARTESIAN_POINT('',(49.935325769762,11.227725576188,
    3.759002754663));
#1740 = CARTESIAN_POINT('',(49.941328963724,11.288754071124,
    3.749999952316));
#1741 = CARTESIAN_POINT('',(49.946987587364,11.35,3.749999952316));
#1742 = CYLINDRICAL_SURFACE('',#1743,0.5);
#1743 = AXIS2_PLACEMENT_3D('',#1744,#1745,#1746);
#1744 = CARTESIAN_POINT('',(43.,11.35,4.249999952316));
#1745 = DIRECTION('',(-1.,-0.,-0.));
#1746 = DIRECTION('',(0.,1.,0.));
#1747 = ADVANCED_FACE('',(#1748),#1766,.T.);
#1748 = FACE_BOUND('',#1749,.T.);
#1749 = EDGE_LOOP('',(#1750,#1751,#1752,#1760));
#1750 = ORIENTED_EDGE('',*,*,#1720,.F.);
#1751 = ORIENTED_EDGE('',*,*,#447,.F.);
#1752 = ORIENTED_EDGE('',*,*,#1753,.T.);
#1753 = EDGE_CURVE('',#434,#1754,#1756,.T.);
#1754 = VERTEX_POINT('',#1755);
#1755 = CARTESIAN_POINT('',(49.890621453341,10.85,5.649999952316));
#1756 = LINE('',#1757,#1758);
#1757 = CARTESIAN_POINT('',(43.,10.85,5.649999952316));
#1758 = VECTOR('',#1759,1.);
#1759 = DIRECTION('',(1.,0.,0.));
#1760 = ORIENTED_EDGE('',*,*,#1761,.T.);
#1761 = EDGE_CURVE('',#1754,#1721,#1762,.T.);
#1762 = LINE('',#1763,#1764);
#1763 = CARTESIAN_POINT('',(49.890621453341,10.85,-4.768371564268E-08));
#1764 = VECTOR('',#1765,1.);
#1765 = DIRECTION('',(-0.,-0.,-1.));
#1766 = PLANE('',#1767);
#1767 = AXIS2_PLACEMENT_3D('',#1768,#1769,#1770);
#1768 = CARTESIAN_POINT('',(43.,10.85,4.249999952316));
#1769 = DIRECTION('',(0.,1.,0.));
#1770 = DIRECTION('',(1.,0.,0.));
#1771 = ADVANCED_FACE('',(#1772),#1796,.F.);
#1772 = FACE_BOUND('',#1773,.T.);
#1773 = EDGE_LOOP('',(#1774,#1775,#1783,#1795));
#1774 = ORIENTED_EDGE('',*,*,#433,.F.);
#1775 = ORIENTED_EDGE('',*,*,#1776,.T.);
#1776 = EDGE_CURVE('',#425,#1777,#1779,.T.);
#1777 = VERTEX_POINT('',#1778);
#1778 = CARTESIAN_POINT('',(49.946987587364,11.35,6.149999952316));
#1779 = LINE('',#1780,#1781);
#1780 = CARTESIAN_POINT('',(43.,11.35,6.149999952316));
#1781 = VECTOR('',#1782,1.);
#1782 = DIRECTION('',(1.,0.,0.));
#1783 = ORIENTED_EDGE('',*,*,#1784,.T.);
#1784 = EDGE_CURVE('',#1777,#1754,#1785,.T.);
#1785 = B_SPLINE_CURVE_WITH_KNOTS('',8,(#1786,#1787,#1788,#1789,#1790,
    #1791,#1792,#1793,#1794),.UNSPECIFIED.,.F.,.F.,(9,9),(0.,1.),
  .PIECEWISE_BEZIER_KNOTS.);
#1786 = CARTESIAN_POINT('',(49.946987587364,11.35,6.149999952316));
#1787 = CARTESIAN_POINT('',(49.937321508318,11.245379507911,
    6.149999952316));
#1788 = CARTESIAN_POINT('',(49.926911688279,11.143680901101,
    6.12498115527));
#1789 = CARTESIAN_POINT('',(49.916406300966,11.050869960473,
    6.077393919293));
#1790 = CARTESIAN_POINT('',(49.906668584299,10.971832529997,
    6.010549678392));
#1791 = CARTESIAN_POINT('',(49.898690907231,10.910602056695,
    5.928886966652));
#1792 = CARTESIAN_POINT('',(49.893243711263,10.869690773965,
    5.837688757388));
#1793 = CARTESIAN_POINT('',(49.890621453341,10.85,5.742816520258));
#1794 = CARTESIAN_POINT('',(49.890621453341,10.85,5.649999952316));
#1795 = ORIENTED_EDGE('',*,*,#1753,.F.);
#1796 = CYLINDRICAL_SURFACE('',#1797,0.5);
#1797 = AXIS2_PLACEMENT_3D('',#1798,#1799,#1800);
#1798 = CARTESIAN_POINT('',(43.,11.35,5.649999952316));
#1799 = DIRECTION('',(-1.,-0.,-0.));
#1800 = DIRECTION('',(0.,1.,0.));
#1801 = ADVANCED_FACE('',(#1802),#1830,.F.);
#1802 = FACE_BOUND('',#1803,.F.);
#1803 = EDGE_LOOP('',(#1804,#1805,#1806,#1815,#1823,#1829));
#1804 = ORIENTED_EDGE('',*,*,#424,.T.);
#1805 = ORIENTED_EDGE('',*,*,#1776,.T.);
#1806 = ORIENTED_EDGE('',*,*,#1807,.F.);
#1807 = EDGE_CURVE('',#1808,#1777,#1810,.T.);
#1808 = VERTEX_POINT('',#1809);
#1809 = CARTESIAN_POINT('',(50.,12.5,6.149999952316));
#1810 = CIRCLE('',#1811,12.5);
#1811 = AXIS2_PLACEMENT_3D('',#1812,#1813,#1814);
#1812 = CARTESIAN_POINT('',(37.5,12.5,6.149999952316));
#1813 = DIRECTION('',(0.,0.,-1.));
#1814 = DIRECTION('',(1.,0.,0.));
#1815 = ORIENTED_EDGE('',*,*,#1816,.F.);
#1816 = EDGE_CURVE('',#1817,#1808,#1819,.T.);
#1817 = VERTEX_POINT('',#1818);
#1818 = CARTESIAN_POINT('',(50.,25.95,6.149999952316));
#1819 = LINE('',#1820,#1821);
#1820 = CARTESIAN_POINT('',(50.,11.925,6.149999952316));
#1821 = VECTOR('',#1822,1.);
#1822 = DIRECTION('',(0.,-1.,0.));
#1823 = ORIENTED_EDGE('',*,*,#1824,.F.);
#1824 = EDGE_CURVE('',#1528,#1817,#1825,.T.);
#1825 = LINE('',#1826,#1827);
#1826 = CARTESIAN_POINT('',(43.,25.95,6.149999952316));
#1827 = VECTOR('',#1828,1.);
#1828 = DIRECTION('',(1.,0.,0.));
#1829 = ORIENTED_EDGE('',*,*,#1527,.T.);
#1830 = PLANE('',#1831);
#1831 = AXIS2_PLACEMENT_3D('',#1832,#1833,#1834);
#1832 = CARTESIAN_POINT('',(43.,11.35,6.149999952316));
#1833 = DIRECTION('',(0.,0.,1.));
#1834 = DIRECTION('',(1.,0.,0.));
#1835 = ADVANCED_FACE('',(#1836),#1847,.T.);
#1836 = FACE_BOUND('',#1837,.T.);
#1837 = EDGE_LOOP('',(#1838,#1839,#1840,#1846));
#1838 = ORIENTED_EDGE('',*,*,#495,.F.);
#1839 = ORIENTED_EDGE('',*,*,#1026,.T.);
#1840 = ORIENTED_EDGE('',*,*,#1841,.F.);
#1841 = EDGE_CURVE('',#1512,#1019,#1842,.T.);
#1842 = LINE('',#1843,#1844);
#1843 = CARTESIAN_POINT('',(11.,42.5,11.099999952316));
#1844 = VECTOR('',#1845,1.);
#1845 = DIRECTION('',(-1.,0.,0.));
#1846 = ORIENTED_EDGE('',*,*,#1519,.F.);
#1847 = PLANE('',#1848);
#1848 = AXIS2_PLACEMENT_3D('',#1849,#1850,#1851);
#1849 = CARTESIAN_POINT('',(-3.,42.5,10.299999952316));
#1850 = DIRECTION('',(0.,1.,0.));
#1851 = DIRECTION('',(0.,0.,1.));
#1852 = ADVANCED_FACE('',(#1853),#1871,.T.);
#1853 = FACE_BOUND('',#1854,.T.);
#1854 = EDGE_LOOP('',(#1855,#1863,#1864,#1865));
#1855 = ORIENTED_EDGE('',*,*,#1856,.T.);
#1856 = EDGE_CURVE('',#1857,#1034,#1859,.T.);
#1857 = VERTEX_POINT('',#1858);
#1858 = CARTESIAN_POINT('',(0.95,31.5,0.899999952316));
#1859 = LINE('',#1860,#1861);
#1860 = CARTESIAN_POINT('',(0.95,31.5,0.899999952316));
#1861 = VECTOR('',#1862,1.);
#1862 = DIRECTION('',(1.,0.,0.));
#1863 = ORIENTED_EDGE('',*,*,#1033,.T.);
#1864 = ORIENTED_EDGE('',*,*,#513,.T.);
#1865 = ORIENTED_EDGE('',*,*,#1866,.F.);
#1866 = EDGE_CURVE('',#1857,#514,#1867,.T.);
#1867 = LINE('',#1868,#1869);
#1868 = CARTESIAN_POINT('',(0.95,31.5,9.799999952316));
#1869 = VECTOR('',#1870,1.);
#1870 = DIRECTION('',(0.,0.,1.));
#1871 = PLANE('',#1872);
#1872 = AXIS2_PLACEMENT_3D('',#1873,#1874,#1875);
#1873 = CARTESIAN_POINT('',(1.084615384615,31.5,6.615384567701));
#1874 = DIRECTION('',(-0.,-1.,-0.));
#1875 = DIRECTION('',(0.,0.,-1.));
#1876 = ADVANCED_FACE('',(#1877),#1913,.T.);
#1877 = FACE_BOUND('',#1878,.T.);
#1878 = EDGE_LOOP('',(#1879,#1887,#1896,#1904,#1911,#1912));
#1879 = ORIENTED_EDGE('',*,*,#1880,.F.);
#1880 = EDGE_CURVE('',#1881,#522,#1883,.T.);
#1881 = VERTEX_POINT('',#1882);
#1882 = CARTESIAN_POINT('',(0.95,12.3,0.899999952316));
#1883 = LINE('',#1884,#1885);
#1884 = CARTESIAN_POINT('',(0.95,12.3,0.299999952316));
#1885 = VECTOR('',#1886,1.);
#1886 = DIRECTION('',(0.,0.,1.));
#1887 = ORIENTED_EDGE('',*,*,#1888,.T.);
#1888 = EDGE_CURVE('',#1881,#1889,#1891,.T.);
#1889 = VERTEX_POINT('',#1890);
#1890 = CARTESIAN_POINT('',(0.95,12.9,0.299999952316));
#1891 = CIRCLE('',#1892,0.6);
#1892 = AXIS2_PLACEMENT_3D('',#1893,#1894,#1895);
#1893 = CARTESIAN_POINT('',(0.95,12.9,0.899999952316));
#1894 = DIRECTION('',(1.,0.,-0.));
#1895 = DIRECTION('',(0.,0.,1.));
#1896 = ORIENTED_EDGE('',*,*,#1897,.T.);
#1897 = EDGE_CURVE('',#1889,#1898,#1900,.T.);
#1898 = VERTEX_POINT('',#1899);
#1899 = CARTESIAN_POINT('',(0.95,30.9,0.299999952316));
#1900 = LINE('',#1901,#1902);
#1901 = CARTESIAN_POINT('',(0.95,12.3,0.299999952316));
#1902 = VECTOR('',#1903,1.);
#1903 = DIRECTION('',(0.,1.,0.));
#1904 = ORIENTED_EDGE('',*,*,#1905,.F.);
#1905 = EDGE_CURVE('',#1857,#1898,#1906,.T.);
#1906 = CIRCLE('',#1907,0.6);
#1907 = AXIS2_PLACEMENT_3D('',#1908,#1909,#1910);
#1908 = CARTESIAN_POINT('',(0.95,30.9,0.899999952316));
#1909 = DIRECTION('',(-1.,0.,0.));
#1910 = DIRECTION('',(0.,0.,1.));
#1911 = ORIENTED_EDGE('',*,*,#1866,.T.);
#1912 = ORIENTED_EDGE('',*,*,#521,.T.);
#1913 = PLANE('',#1914);
#1914 = AXIS2_PLACEMENT_3D('',#1915,#1916,#1917);
#1915 = CARTESIAN_POINT('',(0.95,21.9,6.302783591576));
#1916 = DIRECTION('',(1.,0.,0.));
#1917 = DIRECTION('',(0.,0.,1.));
#1918 = ADVANCED_FACE('',(#1919),#1930,.T.);
#1919 = FACE_BOUND('',#1920,.T.);
#1920 = EDGE_LOOP('',(#1921,#1922,#1923,#1929));
#1921 = ORIENTED_EDGE('',*,*,#529,.T.);
#1922 = ORIENTED_EDGE('',*,*,#716,.T.);
#1923 = ORIENTED_EDGE('',*,*,#1924,.F.);
#1924 = EDGE_CURVE('',#1881,#705,#1925,.T.);
#1925 = LINE('',#1926,#1927);
#1926 = CARTESIAN_POINT('',(0.95,12.3,0.899999952316));
#1927 = VECTOR('',#1928,1.);
#1928 = DIRECTION('',(1.,0.,0.));
#1929 = ORIENTED_EDGE('',*,*,#1880,.T.);
#1930 = PLANE('',#1931);
#1931 = AXIS2_PLACEMENT_3D('',#1932,#1933,#1934);
#1932 = CARTESIAN_POINT('',(1.085386944931,12.3,6.614613007385));
#1933 = DIRECTION('',(0.,1.,0.));
#1934 = DIRECTION('',(0.,0.,1.));
#1935 = ADVANCED_FACE('',(#1936),#1961,.T.);
#1936 = FACE_BOUND('',#1937,.T.);
#1937 = EDGE_LOOP('',(#1938,#1946,#1947,#1955));
#1938 = ORIENTED_EDGE('',*,*,#1939,.F.);
#1939 = EDGE_CURVE('',#555,#1940,#1942,.T.);
#1940 = VERTEX_POINT('',#1941);
#1941 = CARTESIAN_POINT('',(36.1,2.99,11.349999952316));
#1942 = LINE('',#1943,#1944);
#1943 = CARTESIAN_POINT('',(36.1,2.99,10.289999952316));
#1944 = VECTOR('',#1945,1.);
#1945 = DIRECTION('',(0.,0.,1.));
#1946 = ORIENTED_EDGE('',*,*,#554,.T.);
#1947 = ORIENTED_EDGE('',*,*,#1948,.T.);
#1948 = EDGE_CURVE('',#557,#1949,#1951,.T.);
#1949 = VERTEX_POINT('',#1950);
#1950 = CARTESIAN_POINT('',(13.9,2.99,11.349999952316));
#1951 = LINE('',#1952,#1953);
#1952 = CARTESIAN_POINT('',(13.9,2.99,10.289999952316));
#1953 = VECTOR('',#1954,1.);
#1954 = DIRECTION('',(0.,0.,1.));
#1955 = ORIENTED_EDGE('',*,*,#1956,.T.);
#1956 = EDGE_CURVE('',#1949,#1940,#1957,.T.);
#1957 = LINE('',#1958,#1959);
#1958 = CARTESIAN_POINT('',(13.9,2.99,11.349999952316));
#1959 = VECTOR('',#1960,1.);
#1960 = DIRECTION('',(1.,0.,0.));
#1961 = PLANE('',#1962);
#1962 = AXIS2_PLACEMENT_3D('',#1963,#1964,#1965);
#1963 = CARTESIAN_POINT('',(13.9,2.99,10.289999952316));
#1964 = DIRECTION('',(0.,1.,0.));
#1965 = DIRECTION('',(0.,0.,1.));
#1966 = ADVANCED_FACE('',(#1967),#1985,.F.);
#1967 = FACE_BOUND('',#1968,.F.);
#1968 = EDGE_LOOP('',(#1969,#1970,#1971,#1979));
#1969 = ORIENTED_EDGE('',*,*,#1939,.F.);
#1970 = ORIENTED_EDGE('',*,*,#680,.T.);
#1971 = ORIENTED_EDGE('',*,*,#1972,.F.);
#1972 = EDGE_CURVE('',#1973,#673,#1975,.T.);
#1973 = VERTEX_POINT('',#1974);
#1974 = CARTESIAN_POINT('',(36.1,3.405,11.349999952316));
#1975 = LINE('',#1976,#1977);
#1976 = CARTESIAN_POINT('',(36.1,3.405,9.969999952316));
#1977 = VECTOR('',#1978,1.);
#1978 = DIRECTION('',(0.,0.,-1.));
#1979 = ORIENTED_EDGE('',*,*,#1980,.F.);
#1980 = EDGE_CURVE('',#1940,#1973,#1981,.T.);
#1981 = LINE('',#1982,#1983);
#1982 = CARTESIAN_POINT('',(36.1,2.99,11.349999952316));
#1983 = VECTOR('',#1984,1.);
#1984 = DIRECTION('',(0.,1.,0.));
#1985 = PLANE('',#1986);
#1986 = AXIS2_PLACEMENT_3D('',#1987,#1988,#1989);
#1987 = CARTESIAN_POINT('',(36.1,2.99,10.289999952316));
#1988 = DIRECTION('',(1.,0.,0.));
#1989 = DIRECTION('',(0.,0.,1.));
#1990 = ADVANCED_FACE('',(#1991),#2032,.T.);
#1991 = FACE_BOUND('',#1992,.T.);
#1992 = EDGE_LOOP('',(#1993,#2001,#2002,#2010,#2018,#2024,#2025,#2026));
#1993 = ORIENTED_EDGE('',*,*,#1994,.T.);
#1994 = EDGE_CURVE('',#1995,#565,#1997,.T.);
#1995 = VERTEX_POINT('',#1996);
#1996 = CARTESIAN_POINT('',(13.9,3.405,11.349999952316));
#1997 = LINE('',#1998,#1999);
#1998 = CARTESIAN_POINT('',(13.9,3.405,9.969999952316));
#1999 = VECTOR('',#2000,1.);
#2000 = DIRECTION('',(0.,0.,-1.));
#2001 = ORIENTED_EDGE('',*,*,#572,.T.);
#2002 = ORIENTED_EDGE('',*,*,#2003,.T.);
#2003 = EDGE_CURVE('',#573,#2004,#2006,.T.);
#2004 = VERTEX_POINT('',#2005);
#2005 = CARTESIAN_POINT('',(12.617312702282,3.405,12.399999952316));
#2006 = LINE('',#2007,#2008);
#2007 = CARTESIAN_POINT('',(12.617312702282,3.405,9.649999952316));
#2008 = VECTOR('',#2009,1.);
#2009 = DIRECTION('',(0.,0.,1.));
#2010 = ORIENTED_EDGE('',*,*,#2011,.F.);
#2011 = EDGE_CURVE('',#2012,#2004,#2014,.T.);
#2012 = VERTEX_POINT('',#2013);
#2013 = CARTESIAN_POINT('',(38.337312702282,3.405,12.399999952316));
#2014 = LINE('',#2015,#2016);
#2015 = CARTESIAN_POINT('',(18.808656351141,3.405,12.399999952316));
#2016 = VECTOR('',#2017,1.);
#2017 = DIRECTION('',(-1.,0.,0.));
#2018 = ORIENTED_EDGE('',*,*,#2019,.F.);
#2019 = EDGE_CURVE('',#664,#2012,#2020,.T.);
#2020 = LINE('',#2021,#2022);
#2021 = CARTESIAN_POINT('',(38.337312702282,3.405,9.649999952316));
#2022 = VECTOR('',#2023,1.);
#2023 = DIRECTION('',(0.,0.,1.));
#2024 = ORIENTED_EDGE('',*,*,#672,.T.);
#2025 = ORIENTED_EDGE('',*,*,#1972,.F.);
#2026 = ORIENTED_EDGE('',*,*,#2027,.F.);
#2027 = EDGE_CURVE('',#1995,#1973,#2028,.T.);
#2028 = LINE('',#2029,#2030);
#2029 = CARTESIAN_POINT('',(13.258656351141,3.405,11.349999952316));
#2030 = VECTOR('',#2031,1.);
#2031 = DIRECTION('',(1.,0.,0.));
#2032 = PLANE('',#2033);
#2033 = AXIS2_PLACEMENT_3D('',#2034,#2035,#2036);
#2034 = CARTESIAN_POINT('',(12.617312702282,3.405,9.649999952316));
#2035 = DIRECTION('',(0.,1.,0.));
#2036 = DIRECTION('',(1.,0.,0.));
#2037 = ADVANCED_FACE('',(#2038),#2057,.F.);
#2038 = FACE_BOUND('',#2039,.T.);
#2039 = EDGE_LOOP('',(#2040,#2041,#2042,#2051));
#2040 = ORIENTED_EDGE('',*,*,#663,.T.);
#2041 = ORIENTED_EDGE('',*,*,#2019,.T.);
#2042 = ORIENTED_EDGE('',*,*,#2043,.F.);
#2043 = EDGE_CURVE('',#2044,#2012,#2046,.T.);
#2044 = VERTEX_POINT('',#2045);
#2045 = CARTESIAN_POINT('',(47.057312702282,12.125,12.399999952316));
#2046 = CIRCLE('',#2047,8.72);
#2047 = AXIS2_PLACEMENT_3D('',#2048,#2049,#2050);
#2048 = CARTESIAN_POINT('',(38.337312702282,12.125,12.399999952316));
#2049 = DIRECTION('',(-0.,-0.,-1.));
#2050 = DIRECTION('',(0.,-1.,0.));
#2051 = ORIENTED_EDGE('',*,*,#2052,.F.);
#2052 = EDGE_CURVE('',#656,#2044,#2053,.T.);
#2053 = LINE('',#2054,#2055);
#2054 = CARTESIAN_POINT('',(47.057312702282,12.125,9.649999952316));
#2055 = VECTOR('',#2056,1.);
#2056 = DIRECTION('',(0.,0.,1.));
#2057 = CYLINDRICAL_SURFACE('',#2058,8.72);
#2058 = AXIS2_PLACEMENT_3D('',#2059,#2060,#2061);
#2059 = CARTESIAN_POINT('',(38.337312702282,12.125,9.649999952316));
#2060 = DIRECTION('',(0.,0.,-1.));
#2061 = DIRECTION('',(0.,-1.,0.));
#2062 = ADVANCED_FACE('',(#2063),#2081,.T.);
#2063 = FACE_BOUND('',#2064,.T.);
#2064 = EDGE_LOOP('',(#2065,#2066,#2067,#2075));
#2065 = ORIENTED_EDGE('',*,*,#655,.T.);
#2066 = ORIENTED_EDGE('',*,*,#2052,.T.);
#2067 = ORIENTED_EDGE('',*,*,#2068,.F.);
#2068 = EDGE_CURVE('',#2069,#2044,#2071,.T.);
#2069 = VERTEX_POINT('',#2070);
#2070 = CARTESIAN_POINT('',(47.057312702282,30.075,12.399999952316));
#2071 = LINE('',#2072,#2073);
#2072 = CARTESIAN_POINT('',(47.057312702282,16.6125,12.399999952316));
#2073 = VECTOR('',#2074,1.);
#2074 = DIRECTION('',(0.,-1.,0.));
#2075 = ORIENTED_EDGE('',*,*,#2076,.F.);
#2076 = EDGE_CURVE('',#647,#2069,#2077,.T.);
#2077 = LINE('',#2078,#2079);
#2078 = CARTESIAN_POINT('',(47.057312702282,30.075,9.649999952316));
#2079 = VECTOR('',#2080,1.);
#2080 = DIRECTION('',(0.,0.,1.));
#2081 = PLANE('',#2082);
#2082 = AXIS2_PLACEMENT_3D('',#2083,#2084,#2085);
#2083 = CARTESIAN_POINT('',(47.057312702282,12.125,9.649999952316));
#2084 = DIRECTION('',(-1.,0.,0.));
#2085 = DIRECTION('',(0.,1.,0.));
#2086 = ADVANCED_FACE('',(#2087),#2106,.F.);
#2087 = FACE_BOUND('',#2088,.T.);
#2088 = EDGE_LOOP('',(#2089,#2090,#2091,#2100));
#2089 = ORIENTED_EDGE('',*,*,#646,.T.);
#2090 = ORIENTED_EDGE('',*,*,#2076,.T.);
#2091 = ORIENTED_EDGE('',*,*,#2092,.F.);
#2092 = EDGE_CURVE('',#2093,#2069,#2095,.T.);
#2093 = VERTEX_POINT('',#2094);
#2094 = CARTESIAN_POINT('',(38.337312702282,38.795,12.399999952316));
#2095 = CIRCLE('',#2096,8.72);
#2096 = AXIS2_PLACEMENT_3D('',#2097,#2098,#2099);
#2097 = CARTESIAN_POINT('',(38.337312702282,30.075,12.399999952316));
#2098 = DIRECTION('',(0.,0.,-1.));
#2099 = DIRECTION('',(1.,0.,0.));
#2100 = ORIENTED_EDGE('',*,*,#2101,.F.);
#2101 = EDGE_CURVE('',#639,#2093,#2102,.T.);
#2102 = LINE('',#2103,#2104);
#2103 = CARTESIAN_POINT('',(38.337312702282,38.795,9.649999952316));
#2104 = VECTOR('',#2105,1.);
#2105 = DIRECTION('',(0.,0.,1.));
#2106 = CYLINDRICAL_SURFACE('',#2107,8.72);
#2107 = AXIS2_PLACEMENT_3D('',#2108,#2109,#2110);
#2108 = CARTESIAN_POINT('',(38.337312702282,30.075,9.649999952316));
#2109 = DIRECTION('',(0.,0.,-1.));
#2110 = DIRECTION('',(1.,0.,0.));
#2111 = ADVANCED_FACE('',(#2112),#2153,.T.);
#2112 = FACE_BOUND('',#2113,.T.);
#2113 = EDGE_LOOP('',(#2114,#2122,#2123,#2124,#2132,#2138,#2139,#2147));
#2114 = ORIENTED_EDGE('',*,*,#2115,.F.);
#2115 = EDGE_CURVE('',#631,#2116,#2118,.T.);
#2116 = VERTEX_POINT('',#2117);
#2117 = CARTESIAN_POINT('',(36.1,38.795,11.349999952316));
#2118 = LINE('',#2119,#2120);
#2119 = CARTESIAN_POINT('',(36.1,38.795,9.969999952316));
#2120 = VECTOR('',#2121,1.);
#2121 = DIRECTION('',(0.,0.,1.));
#2122 = ORIENTED_EDGE('',*,*,#638,.T.);
#2123 = ORIENTED_EDGE('',*,*,#2101,.T.);
#2124 = ORIENTED_EDGE('',*,*,#2125,.F.);
#2125 = EDGE_CURVE('',#2126,#2093,#2128,.T.);
#2126 = VERTEX_POINT('',#2127);
#2127 = CARTESIAN_POINT('',(12.617312702282,38.795,12.399999952316));
#2128 = LINE('',#2129,#2130);
#2129 = CARTESIAN_POINT('',(31.668656351141,38.795,12.399999952316));
#2130 = VECTOR('',#2131,1.);
#2131 = DIRECTION('',(1.,0.,0.));
#2132 = ORIENTED_EDGE('',*,*,#2133,.F.);
#2133 = EDGE_CURVE('',#598,#2126,#2134,.T.);
#2134 = LINE('',#2135,#2136);
#2135 = CARTESIAN_POINT('',(12.617312702282,38.795,9.649999952316));
#2136 = VECTOR('',#2137,1.);
#2137 = DIRECTION('',(0.,0.,1.));
#2138 = ORIENTED_EDGE('',*,*,#606,.T.);
#2139 = ORIENTED_EDGE('',*,*,#2140,.T.);
#2140 = EDGE_CURVE('',#607,#2141,#2143,.T.);
#2141 = VERTEX_POINT('',#2142);
#2142 = CARTESIAN_POINT('',(13.9,38.795,11.349999952316));
#2143 = LINE('',#2144,#2145);
#2144 = CARTESIAN_POINT('',(13.9,38.795,9.969999952316));
#2145 = VECTOR('',#2146,1.);
#2146 = DIRECTION('',(0.,0.,1.));
#2147 = ORIENTED_EDGE('',*,*,#2148,.F.);
#2148 = EDGE_CURVE('',#2116,#2141,#2149,.T.);
#2149 = LINE('',#2150,#2151);
#2150 = CARTESIAN_POINT('',(26.118656351141,38.795,11.349999952316));
#2151 = VECTOR('',#2152,1.);
#2152 = DIRECTION('',(-1.,0.,0.));
#2153 = PLANE('',#2154);
#2154 = AXIS2_PLACEMENT_3D('',#2155,#2156,#2157);
#2155 = CARTESIAN_POINT('',(38.337312702282,38.795,9.649999952316));
#2156 = DIRECTION('',(0.,-1.,0.));
#2157 = DIRECTION('',(-1.,0.,0.));
#2158 = ADVANCED_FACE('',(#2159),#2177,.F.);
#2159 = FACE_BOUND('',#2160,.F.);
#2160 = EDGE_LOOP('',(#2161,#2169,#2170,#2171));
#2161 = ORIENTED_EDGE('',*,*,#2162,.F.);
#2162 = EDGE_CURVE('',#2116,#2163,#2165,.T.);
#2163 = VERTEX_POINT('',#2164);
#2164 = CARTESIAN_POINT('',(36.1,41.01,11.349999952316));
#2165 = LINE('',#2166,#2167);
#2166 = CARTESIAN_POINT('',(36.1,38.49,11.349999952316));
#2167 = VECTOR('',#2168,1.);
#2168 = DIRECTION('',(0.,1.,0.));
#2169 = ORIENTED_EDGE('',*,*,#2115,.F.);
#2170 = ORIENTED_EDGE('',*,*,#630,.T.);
#2171 = ORIENTED_EDGE('',*,*,#2172,.T.);
#2172 = EDGE_CURVE('',#623,#2163,#2173,.T.);
#2173 = LINE('',#2174,#2175);
#2174 = CARTESIAN_POINT('',(36.1,41.01,10.289999952316));
#2175 = VECTOR('',#2176,1.);
#2176 = DIRECTION('',(0.,0.,1.));
#2177 = PLANE('',#2178);
#2178 = AXIS2_PLACEMENT_3D('',#2179,#2180,#2181);
#2179 = CARTESIAN_POINT('',(36.1,38.49,10.289999952316));
#2180 = DIRECTION('',(1.,0.,0.));
#2181 = DIRECTION('',(0.,0.,1.));
#2182 = ADVANCED_FACE('',(#2183),#2201,.F.);
#2183 = FACE_BOUND('',#2184,.F.);
#2184 = EDGE_LOOP('',(#2185,#2186,#2187,#2195));
#2185 = ORIENTED_EDGE('',*,*,#2172,.F.);
#2186 = ORIENTED_EDGE('',*,*,#622,.T.);
#2187 = ORIENTED_EDGE('',*,*,#2188,.T.);
#2188 = EDGE_CURVE('',#615,#2189,#2191,.T.);
#2189 = VERTEX_POINT('',#2190);
#2190 = CARTESIAN_POINT('',(13.9,41.01,11.349999952316));
#2191 = LINE('',#2192,#2193);
#2192 = CARTESIAN_POINT('',(13.9,41.01,10.289999952316));
#2193 = VECTOR('',#2194,1.);
#2194 = DIRECTION('',(0.,0.,1.));
#2195 = ORIENTED_EDGE('',*,*,#2196,.T.);
#2196 = EDGE_CURVE('',#2189,#2163,#2197,.T.);
#2197 = LINE('',#2198,#2199);
#2198 = CARTESIAN_POINT('',(13.9,41.01,11.349999952316));
#2199 = VECTOR('',#2200,1.);
#2200 = DIRECTION('',(1.,0.,0.));
#2201 = PLANE('',#2202);
#2202 = AXIS2_PLACEMENT_3D('',#2203,#2204,#2205);
#2203 = CARTESIAN_POINT('',(13.9,41.01,10.289999952316));
#2204 = DIRECTION('',(0.,1.,0.));
#2205 = DIRECTION('',(0.,0.,1.));
#2206 = ADVANCED_FACE('',(#2207),#2218,.T.);
#2207 = FACE_BOUND('',#2208,.T.);
#2208 = EDGE_LOOP('',(#2209,#2215,#2216,#2217));
#2209 = ORIENTED_EDGE('',*,*,#2210,.F.);
#2210 = EDGE_CURVE('',#2141,#2189,#2211,.T.);
#2211 = LINE('',#2212,#2213);
#2212 = CARTESIAN_POINT('',(13.9,38.49,11.349999952316));
#2213 = VECTOR('',#2214,1.);
#2214 = DIRECTION('',(0.,1.,0.));
#2215 = ORIENTED_EDGE('',*,*,#2140,.F.);
#2216 = ORIENTED_EDGE('',*,*,#614,.T.);
#2217 = ORIENTED_EDGE('',*,*,#2188,.T.);
#2218 = PLANE('',#2219);
#2219 = AXIS2_PLACEMENT_3D('',#2220,#2221,#2222);
#2220 = CARTESIAN_POINT('',(13.9,38.49,10.289999952316));
#2221 = DIRECTION('',(1.,0.,0.));
#2222 = DIRECTION('',(0.,0.,1.));
#2223 = ADVANCED_FACE('',(#2224),#2243,.F.);
#2224 = FACE_BOUND('',#2225,.T.);
#2225 = EDGE_LOOP('',(#2226,#2227,#2228,#2237));
#2226 = ORIENTED_EDGE('',*,*,#597,.T.);
#2227 = ORIENTED_EDGE('',*,*,#2133,.T.);
#2228 = ORIENTED_EDGE('',*,*,#2229,.F.);
#2229 = EDGE_CURVE('',#2230,#2126,#2232,.T.);
#2230 = VERTEX_POINT('',#2231);
#2231 = CARTESIAN_POINT('',(3.317312702282,29.495,12.399999952316));
#2232 = CIRCLE('',#2233,9.3);
#2233 = AXIS2_PLACEMENT_3D('',#2234,#2235,#2236);
#2234 = CARTESIAN_POINT('',(12.617312702282,29.495,12.399999952316));
#2235 = DIRECTION('',(0.,0.,-1.));
#2236 = DIRECTION('',(-2.E-16,1.,0.));
#2237 = ORIENTED_EDGE('',*,*,#2238,.F.);
#2238 = EDGE_CURVE('',#590,#2230,#2239,.T.);
#2239 = LINE('',#2240,#2241);
#2240 = CARTESIAN_POINT('',(3.317312702282,29.495,9.649999952316));
#2241 = VECTOR('',#2242,1.);
#2242 = DIRECTION('',(0.,0.,1.));
#2243 = CYLINDRICAL_SURFACE('',#2244,9.3);
#2244 = AXIS2_PLACEMENT_3D('',#2245,#2246,#2247);
#2245 = CARTESIAN_POINT('',(12.617312702282,29.495,9.649999952316));
#2246 = DIRECTION('',(-0.,-0.,-1.));
#2247 = DIRECTION('',(-2.E-16,1.,0.));
#2248 = ADVANCED_FACE('',(#2249),#2267,.T.);
#2249 = FACE_BOUND('',#2250,.T.);
#2250 = EDGE_LOOP('',(#2251,#2252,#2253,#2261));
#2251 = ORIENTED_EDGE('',*,*,#589,.T.);
#2252 = ORIENTED_EDGE('',*,*,#2238,.T.);
#2253 = ORIENTED_EDGE('',*,*,#2254,.F.);
#2254 = EDGE_CURVE('',#2255,#2230,#2257,.T.);
#2255 = VERTEX_POINT('',#2256);
#2256 = CARTESIAN_POINT('',(3.317312702282,12.705,12.399999952316));
#2257 = LINE('',#2258,#2259);
#2258 = CARTESIAN_POINT('',(3.317312702282,25.2975,12.399999952316));
#2259 = VECTOR('',#2260,1.);
#2260 = DIRECTION('',(0.,1.,0.));
#2261 = ORIENTED_EDGE('',*,*,#2262,.F.);
#2262 = EDGE_CURVE('',#581,#2255,#2263,.T.);
#2263 = LINE('',#2264,#2265);
#2264 = CARTESIAN_POINT('',(3.317312702282,12.705,9.649999952316));
#2265 = VECTOR('',#2266,1.);
#2266 = DIRECTION('',(0.,0.,1.));
#2267 = PLANE('',#2268);
#2268 = AXIS2_PLACEMENT_3D('',#2269,#2270,#2271);
#2269 = CARTESIAN_POINT('',(3.317312702282,29.495,9.649999952316));
#2270 = DIRECTION('',(1.,0.,0.));
#2271 = DIRECTION('',(0.,-1.,0.));
#2272 = ADVANCED_FACE('',(#2273),#2285,.F.);
#2273 = FACE_BOUND('',#2274,.T.);
#2274 = EDGE_LOOP('',(#2275,#2276,#2277,#2284));
#2275 = ORIENTED_EDGE('',*,*,#580,.T.);
#2276 = ORIENTED_EDGE('',*,*,#2262,.T.);
#2277 = ORIENTED_EDGE('',*,*,#2278,.F.);
#2278 = EDGE_CURVE('',#2004,#2255,#2279,.T.);
#2279 = CIRCLE('',#2280,9.3);
#2280 = AXIS2_PLACEMENT_3D('',#2281,#2282,#2283);
#2281 = CARTESIAN_POINT('',(12.617312702282,12.705,12.399999952316));
#2282 = DIRECTION('',(0.,0.,-1.));
#2283 = DIRECTION('',(-1.,7.9E-16,0.));
#2284 = ORIENTED_EDGE('',*,*,#2003,.F.);
#2285 = CYLINDRICAL_SURFACE('',#2286,9.3);
#2286 = AXIS2_PLACEMENT_3D('',#2287,#2288,#2289);
#2287 = CARTESIAN_POINT('',(12.617312702282,12.705,9.649999952316));
#2288 = DIRECTION('',(-0.,-0.,-1.));
#2289 = DIRECTION('',(-1.,7.9E-16,0.));
#2290 = ADVANCED_FACE('',(#2291),#2302,.T.);
#2291 = FACE_BOUND('',#2292,.T.);
#2292 = EDGE_LOOP('',(#2293,#2294,#2295,#2296));
#2293 = ORIENTED_EDGE('',*,*,#1948,.F.);
#2294 = ORIENTED_EDGE('',*,*,#564,.T.);
#2295 = ORIENTED_EDGE('',*,*,#1994,.F.);
#2296 = ORIENTED_EDGE('',*,*,#2297,.F.);
#2297 = EDGE_CURVE('',#1949,#1995,#2298,.T.);
#2298 = LINE('',#2299,#2300);
#2299 = CARTESIAN_POINT('',(13.9,2.99,11.349999952316));
#2300 = VECTOR('',#2301,1.);
#2301 = DIRECTION('',(0.,1.,0.));
#2302 = PLANE('',#2303);
#2303 = AXIS2_PLACEMENT_3D('',#2304,#2305,#2306);
#2304 = CARTESIAN_POINT('',(13.9,2.99,10.289999952316));
#2305 = DIRECTION('',(1.,0.,0.));
#2306 = DIRECTION('',(0.,0.,1.));
#2307 = ADVANCED_FACE('',(#2308),#2320,.F.);
#2308 = FACE_BOUND('',#2309,.F.);
#2309 = EDGE_LOOP('',(#2310,#2311,#2312,#2318,#2319));
#2310 = ORIENTED_EDGE('',*,*,#1924,.F.);
#2311 = ORIENTED_EDGE('',*,*,#1888,.T.);
#2312 = ORIENTED_EDGE('',*,*,#2313,.T.);
#2313 = EDGE_CURVE('',#1889,#1051,#2314,.T.);
#2314 = LINE('',#2315,#2316);
#2315 = CARTESIAN_POINT('',(0.95,12.9,0.299999952316));
#2316 = VECTOR('',#2317,1.);
#2317 = DIRECTION('',(1.,0.,0.));
#2318 = ORIENTED_EDGE('',*,*,#1058,.F.);
#2319 = ORIENTED_EDGE('',*,*,#704,.F.);
#2320 = CYLINDRICAL_SURFACE('',#2321,0.6);
#2321 = AXIS2_PLACEMENT_3D('',#2322,#2323,#2324);
#2322 = CARTESIAN_POINT('',(0.95,12.9,0.899999952316));
#2323 = DIRECTION('',(1.,0.,0.));
#2324 = DIRECTION('',(0.,-1.,0.));
#2325 = ADVANCED_FACE('',(#2326),#2345,.F.);
#2326 = FACE_BOUND('',#2327,.F.);
#2327 = EDGE_LOOP('',(#2328,#2329,#2337,#2344));
#2328 = ORIENTED_EDGE('',*,*,#731,.T.);
#2329 = ORIENTED_EDGE('',*,*,#2330,.T.);
#2330 = EDGE_CURVE('',#732,#2331,#2333,.T.);
#2331 = VERTEX_POINT('',#2332);
#2332 = CARTESIAN_POINT('',(26.5,4.5,3.849999952316));
#2333 = LINE('',#2334,#2335);
#2334 = CARTESIAN_POINT('',(26.5,4.5,0.639999952316));
#2335 = VECTOR('',#2336,1.);
#2336 = DIRECTION('',(0.,0.,1.));
#2337 = ORIENTED_EDGE('',*,*,#2338,.F.);
#2338 = EDGE_CURVE('',#2331,#2331,#2339,.T.);
#2339 = CIRCLE('',#2340,1.5);
#2340 = AXIS2_PLACEMENT_3D('',#2341,#2342,#2343);
#2341 = CARTESIAN_POINT('',(25.,4.5,3.849999952316));
#2342 = DIRECTION('',(0.,0.,1.));
#2343 = DIRECTION('',(1.,0.,0.));
#2344 = ORIENTED_EDGE('',*,*,#2330,.F.);
#2345 = CYLINDRICAL_SURFACE('',#2346,1.5);
#2346 = AXIS2_PLACEMENT_3D('',#2347,#2348,#2349);
#2347 = CARTESIAN_POINT('',(25.,4.5,0.639999952316));
#2348 = DIRECTION('',(0.,0.,1.));
#2349 = DIRECTION('',(1.,0.,0.));
#2350 = ADVANCED_FACE('',(#2351),#2377,.T.);
#2351 = FACE_BOUND('',#2352,.F.);
#2352 = EDGE_LOOP('',(#2353,#2364,#2370,#2371));
#2353 = ORIENTED_EDGE('',*,*,#2354,.T.);
#2354 = EDGE_CURVE('',#2355,#2357,#2359,.T.);
#2355 = VERTEX_POINT('',#2356);
#2356 = CARTESIAN_POINT('',(0.,12.5,12.649999952316));
#2357 = VERTEX_POINT('',#2358);
#2358 = CARTESIAN_POINT('',(12.5,0.,12.649999952316));
#2359 = CIRCLE('',#2360,12.5);
#2360 = AXIS2_PLACEMENT_3D('',#2361,#2362,#2363);
#2361 = CARTESIAN_POINT('',(12.5,12.5,12.649999952316));
#2362 = DIRECTION('',(0.,0.,1.));
#2363 = DIRECTION('',(-1.,1.4E-16,0.));
#2364 = ORIENTED_EDGE('',*,*,#2365,.F.);
#2365 = EDGE_CURVE('',#766,#2357,#2366,.T.);
#2366 = LINE('',#2367,#2368);
#2367 = CARTESIAN_POINT('',(12.5,0.,0.899999952316));
#2368 = VECTOR('',#2369,1.);
#2369 = DIRECTION('',(0.,0.,1.));
#2370 = ORIENTED_EDGE('',*,*,#765,.F.);
#2371 = ORIENTED_EDGE('',*,*,#2372,.T.);
#2372 = EDGE_CURVE('',#757,#2355,#2373,.T.);
#2373 = LINE('',#2374,#2375);
#2374 = CARTESIAN_POINT('',(0.,12.5,-4.768371586472E-08));
#2375 = VECTOR('',#2376,1.);
#2376 = DIRECTION('',(0.,0.,1.));
#2377 = CYLINDRICAL_SURFACE('',#2378,12.5);
#2378 = AXIS2_PLACEMENT_3D('',#2379,#2380,#2381);
#2379 = CARTESIAN_POINT('',(12.5,12.5,-4.768371586472E-08));
#2380 = DIRECTION('',(-0.,-0.,-1.));
#2381 = DIRECTION('',(1.,0.,0.));
#2382 = ADVANCED_FACE('',(#2383),#2401,.T.);
#2383 = FACE_BOUND('',#2384,.T.);
#2384 = EDGE_LOOP('',(#2385,#2386,#2394,#2400));
#2385 = ORIENTED_EDGE('',*,*,#2372,.T.);
#2386 = ORIENTED_EDGE('',*,*,#2387,.F.);
#2387 = EDGE_CURVE('',#2388,#2355,#2390,.T.);
#2388 = VERTEX_POINT('',#2389);
#2389 = CARTESIAN_POINT('',(0.,69.,12.649999952316));
#2390 = LINE('',#2391,#2392);
#2391 = CARTESIAN_POINT('',(-1.1E-16,69.,12.649999952316));
#2392 = VECTOR('',#2393,1.);
#2393 = DIRECTION('',(-0.,-1.,-0.));
#2394 = ORIENTED_EDGE('',*,*,#2395,.F.);
#2395 = EDGE_CURVE('',#791,#2388,#2396,.T.);
#2396 = LINE('',#2397,#2398);
#2397 = CARTESIAN_POINT('',(0.,69.,0.899999952316));
#2398 = VECTOR('',#2399,1.);
#2399 = DIRECTION('',(0.,0.,1.));
#2400 = ORIENTED_EDGE('',*,*,#801,.T.);
#2401 = PLANE('',#2402);
#2402 = AXIS2_PLACEMENT_3D('',#2403,#2404,#2405);
#2403 = CARTESIAN_POINT('',(-9.E-17,40.75,6.599999952316));
#2404 = DIRECTION('',(-1.,-0.,-0.));
#2405 = DIRECTION('',(0.,0.,-1.));
#2406 = ADVANCED_FACE('',(#2407),#2425,.T.);
#2407 = FACE_BOUND('',#2408,.T.);
#2408 = EDGE_LOOP('',(#2409,#2417,#2423,#2424));
#2409 = ORIENTED_EDGE('',*,*,#2410,.T.);
#2410 = EDGE_CURVE('',#818,#2411,#2413,.T.);
#2411 = VERTEX_POINT('',#2412);
#2412 = CARTESIAN_POINT('',(37.5,0.,12.649999952316));
#2413 = LINE('',#2414,#2415);
#2414 = CARTESIAN_POINT('',(37.5,0.,-4.768371586472E-08));
#2415 = VECTOR('',#2416,1.);
#2416 = DIRECTION('',(0.,0.,1.));
#2417 = ORIENTED_EDGE('',*,*,#2418,.F.);
#2418 = EDGE_CURVE('',#2357,#2411,#2419,.T.);
#2419 = LINE('',#2420,#2421);
#2420 = CARTESIAN_POINT('',(12.5,0.,12.649999952316));
#2421 = VECTOR('',#2422,1.);
#2422 = DIRECTION('',(1.,0.,0.));
#2423 = ORIENTED_EDGE('',*,*,#2365,.F.);
#2424 = ORIENTED_EDGE('',*,*,#826,.T.);
#2425 = PLANE('',#2426);
#2426 = AXIS2_PLACEMENT_3D('',#2427,#2428,#2429);
#2427 = CARTESIAN_POINT('',(25.,2.22044604925E-16,6.599999952316));
#2428 = DIRECTION('',(-0.,-1.,-0.));
#2429 = DIRECTION('',(0.,0.,-1.));
#2430 = ADVANCED_FACE('',(#2431),#2517,.T.);
#2431 = FACE_BOUND('',#2432,.F.);
#2432 = EDGE_LOOP('',(#2433,#2442,#2443,#2444,#2452,#2461,#2480,#2488,
    #2502,#2511));
#2433 = ORIENTED_EDGE('',*,*,#2434,.T.);
#2434 = EDGE_CURVE('',#2435,#2388,#2437,.T.);
#2435 = VERTEX_POINT('',#2436);
#2436 = CARTESIAN_POINT('',(12.5,81.5,12.649999952316));
#2437 = CIRCLE('',#2438,12.5);
#2438 = AXIS2_PLACEMENT_3D('',#2439,#2440,#2441);
#2439 = CARTESIAN_POINT('',(12.5,69.,12.649999952316));
#2440 = DIRECTION('',(0.,-0.,1.));
#2441 = DIRECTION('',(0.,1.,0.));
#2442 = ORIENTED_EDGE('',*,*,#2395,.F.);
#2443 = ORIENTED_EDGE('',*,*,#849,.F.);
#2444 = ORIENTED_EDGE('',*,*,#2445,.T.);
#2445 = EDGE_CURVE('',#841,#2446,#2448,.T.);
#2446 = VERTEX_POINT('',#2447);
#2447 = CARTESIAN_POINT('',(12.5,81.5,2.849999952316));
#2448 = LINE('',#2449,#2450);
#2449 = CARTESIAN_POINT('',(12.5,81.5,-4.768371586472E-08));
#2450 = VECTOR('',#2451,1.);
#2451 = DIRECTION('',(0.,0.,1.));
#2452 = ORIENTED_EDGE('',*,*,#2453,.F.);
#2453 = EDGE_CURVE('',#2454,#2446,#2456,.T.);
#2454 = VERTEX_POINT('',#2455);
#2455 = CARTESIAN_POINT('',(8.551,80.859822890752,2.849999952316));
#2456 = CIRCLE('',#2457,12.5);
#2457 = AXIS2_PLACEMENT_3D('',#2458,#2459,#2460);
#2458 = CARTESIAN_POINT('',(12.5,69.,2.849999952316));
#2459 = DIRECTION('',(0.,0.,-1.));
#2460 = DIRECTION('',(1.,0.,0.));
#2461 = ORIENTED_EDGE('',*,*,#2462,.F.);
#2462 = EDGE_CURVE('',#2463,#2454,#2465,.T.);
#2463 = VERTEX_POINT('',#2464);
#2464 = CARTESIAN_POINT('',(7.551,80.478562584226,3.849999952316));
#2465 = B_SPLINE_CURVE_WITH_KNOTS('',7,(#2466,#2467,#2468,#2469,#2470,
    #2471,#2472,#2473,#2474,#2475,#2476,#2477,#2478,#2479),
  .UNSPECIFIED.,.F.,.F.,(8,6,8),(0.,0.463424407921,1.),.UNSPECIFIED.);
#2466 = CARTESIAN_POINT('',(7.551,80.478562584226,3.849999952316));
#2467 = CARTESIAN_POINT('',(7.551,80.478562584226,3.752840230487));
#2468 = CARTESIAN_POINT('',(7.562013333349,80.483311032806,
    3.655651750081));
#2469 = CARTESIAN_POINT('',(7.584051877698,80.492812869988,
    3.559635906681));
#2470 = CARTESIAN_POINT('',(7.617073731448,80.506971509304,
    3.466010787677));
#2471 = CARTESIAN_POINT('',(7.660971451872,80.525581713539,
    3.376040777039));
#2472 = CARTESIAN_POINT('',(7.715548909278,80.548330864523,
    3.291072336417));
#2473 = CARTESIAN_POINT('',(7.855674994215,80.605465883756,
    3.121688996852));
#2474 = CARTESIAN_POINT('',(7.94550973233,80.641430498105,3.038563339497
    ));
#2475 = CARTESIAN_POINT('',(8.049070433197,80.681868943464,
    2.966921064251));
#2476 = CARTESIAN_POINT('',(8.164387556817,80.725443159133,
    2.909987595051));
#2477 = CARTESIAN_POINT('',(8.288743703283,80.770590001197,
    2.870376091398));
#2478 = CARTESIAN_POINT('',(8.418843399472,80.815818320001,
    2.849999952316));
#2479 = CARTESIAN_POINT('',(8.551,80.859822890752,2.849999952316));
#2480 = ORIENTED_EDGE('',*,*,#2481,.F.);
#2481 = EDGE_CURVE('',#2482,#2463,#2484,.T.);
#2482 = VERTEX_POINT('',#2483);
#2483 = CARTESIAN_POINT('',(7.551,80.478562584226,7.349999952316));
#2484 = LINE('',#2485,#2486);
#2485 = CARTESIAN_POINT('',(7.551,80.478562584226,-4.768371564268E-08));
#2486 = VECTOR('',#2487,1.);
#2487 = DIRECTION('',(-0.,-0.,-1.));
#2488 = ORIENTED_EDGE('',*,*,#2489,.F.);
#2489 = EDGE_CURVE('',#2490,#2482,#2492,.T.);
#2490 = VERTEX_POINT('',#2491);
#2491 = CARTESIAN_POINT('',(8.551,80.859822890752,8.349999952316));
#2492 = B_SPLINE_CURVE_WITH_KNOTS('',8,(#2493,#2494,#2495,#2496,#2497,
    #2498,#2499,#2500,#2501),.UNSPECIFIED.,.F.,.F.,(9,9),(0.,1.),
  .PIECEWISE_BEZIER_KNOTS.);
#2493 = CARTESIAN_POINT('',(8.551,80.859822890752,8.349999952316));
#2494 = CARTESIAN_POINT('',(8.332572343112,80.787092393425,
    8.349999952316));
#2495 = CARTESIAN_POINT('',(8.124379079232,80.712662014675,8.29547376056
    ));
#2496 = CARTESIAN_POINT('',(7.938999445947,80.641435191286,
    8.195360121338));
#2497 = CARTESIAN_POINT('',(7.784549017387,80.578441483988,
    8.058972148835));
#2498 = CARTESIAN_POINT('',(7.666762362085,80.528471528131,7.89611879465
    ));
#2499 = CARTESIAN_POINT('',(7.588689152093,80.494812763966,
    7.716905533626));
#2500 = CARTESIAN_POINT('',(7.551,80.478562584226,7.531599208187));
#2501 = CARTESIAN_POINT('',(7.551,80.478562584226,7.349999952316));
#2502 = ORIENTED_EDGE('',*,*,#2503,.T.);
#2503 = EDGE_CURVE('',#2490,#2504,#2506,.T.);
#2504 = VERTEX_POINT('',#2505);
#2505 = CARTESIAN_POINT('',(12.5,81.5,8.349999952316));
#2506 = CIRCLE('',#2507,12.5);
#2507 = AXIS2_PLACEMENT_3D('',#2508,#2509,#2510);
#2508 = CARTESIAN_POINT('',(12.5,69.,8.349999952316));
#2509 = DIRECTION('',(0.,0.,-1.));
#2510 = DIRECTION('',(1.,0.,0.));
#2511 = ORIENTED_EDGE('',*,*,#2512,.T.);
#2512 = EDGE_CURVE('',#2504,#2435,#2513,.T.);
#2513 = LINE('',#2514,#2515);
#2514 = CARTESIAN_POINT('',(12.5,81.5,-4.768371586472E-08));
#2515 = VECTOR('',#2516,1.);
#2516 = DIRECTION('',(0.,0.,1.));
#2517 = CYLINDRICAL_SURFACE('',#2518,12.5);
#2518 = AXIS2_PLACEMENT_3D('',#2519,#2520,#2521);
#2519 = CARTESIAN_POINT('',(12.5,69.,-4.768371586472E-08));
#2520 = DIRECTION('',(-0.,-0.,-1.));
#2521 = DIRECTION('',(1.,0.,0.));
#2522 = ADVANCED_FACE('',(#2523),#2553,.T.);
#2523 = FACE_BOUND('',#2524,.F.);
#2524 = EDGE_LOOP('',(#2525,#2534,#2540,#2541,#2542,#2543,#2544,#2545,
    #2551,#2552));
#2525 = ORIENTED_EDGE('',*,*,#2526,.T.);
#2526 = EDGE_CURVE('',#2411,#2527,#2529,.T.);
#2527 = VERTEX_POINT('',#2528);
#2528 = CARTESIAN_POINT('',(50.,12.5,12.649999952316));
#2529 = CIRCLE('',#2530,12.5);
#2530 = AXIS2_PLACEMENT_3D('',#2531,#2532,#2533);
#2531 = CARTESIAN_POINT('',(37.5,12.5,12.649999952316));
#2532 = DIRECTION('',(-0.,0.,1.));
#2533 = DIRECTION('',(0.,-1.,0.));
#2534 = ORIENTED_EDGE('',*,*,#2535,.F.);
#2535 = EDGE_CURVE('',#1808,#2527,#2536,.T.);
#2536 = LINE('',#2537,#2538);
#2537 = CARTESIAN_POINT('',(50.,12.5,0.899999952316));
#2538 = VECTOR('',#2539,1.);
#2539 = DIRECTION('',(0.,0.,1.));
#2540 = ORIENTED_EDGE('',*,*,#1807,.T.);
#2541 = ORIENTED_EDGE('',*,*,#1784,.T.);
#2542 = ORIENTED_EDGE('',*,*,#1761,.T.);
#2543 = ORIENTED_EDGE('',*,*,#1728,.T.);
#2544 = ORIENTED_EDGE('',*,*,#1686,.F.);
#2545 = ORIENTED_EDGE('',*,*,#2546,.F.);
#2546 = EDGE_CURVE('',#868,#1687,#2547,.T.);
#2547 = LINE('',#2548,#2549);
#2548 = CARTESIAN_POINT('',(50.,12.5,-4.768371586472E-08));
#2549 = VECTOR('',#2550,1.);
#2550 = DIRECTION('',(0.,0.,1.));
#2551 = ORIENTED_EDGE('',*,*,#867,.F.);
#2552 = ORIENTED_EDGE('',*,*,#2410,.T.);
#2553 = CYLINDRICAL_SURFACE('',#2554,12.5);
#2554 = AXIS2_PLACEMENT_3D('',#2555,#2556,#2557);
#2555 = CARTESIAN_POINT('',(37.5,12.5,-4.768371586472E-08));
#2556 = DIRECTION('',(-0.,-0.,-1.));
#2557 = DIRECTION('',(1.,0.,0.));
#2558 = ADVANCED_FACE('',(#2559),#2635,.T.);
#2559 = FACE_BOUND('',#2560,.T.);
#2560 = EDGE_LOOP('',(#2561,#2569,#2570,#2571,#2579,#2588,#2596,#2605,
    #2611,#2612,#2620,#2628));
#2561 = ORIENTED_EDGE('',*,*,#2562,.F.);
#2562 = EDGE_CURVE('',#893,#2563,#2565,.T.);
#2563 = VERTEX_POINT('',#2564);
#2564 = CARTESIAN_POINT('',(37.5,81.5,3.261137495049));
#2565 = LINE('',#2566,#2567);
#2566 = CARTESIAN_POINT('',(37.5,81.5,-4.768371586472E-08));
#2567 = VECTOR('',#2568,1.);
#2568 = DIRECTION('',(0.,0.,1.));
#2569 = ORIENTED_EDGE('',*,*,#903,.T.);
#2570 = ORIENTED_EDGE('',*,*,#2445,.T.);
#2571 = ORIENTED_EDGE('',*,*,#2572,.T.);
#2572 = EDGE_CURVE('',#2446,#2573,#2575,.T.);
#2573 = VERTEX_POINT('',#2574);
#2574 = CARTESIAN_POINT('',(18.551,81.5,2.849999952316));
#2575 = LINE('',#2576,#2577);
#2576 = CARTESIAN_POINT('',(10.5255,81.5,2.849999952316));
#2577 = VECTOR('',#2578,1.);
#2578 = DIRECTION('',(1.,0.,0.));
#2579 = ORIENTED_EDGE('',*,*,#2580,.F.);
#2580 = EDGE_CURVE('',#2581,#2573,#2583,.T.);
#2581 = VERTEX_POINT('',#2582);
#2582 = CARTESIAN_POINT('',(19.551,81.5,3.849999952316));
#2583 = CIRCLE('',#2584,1.);
#2584 = AXIS2_PLACEMENT_3D('',#2585,#2586,#2587);
#2585 = CARTESIAN_POINT('',(18.551,81.5,3.849999952316));
#2586 = DIRECTION('',(-0.,1.,2.2E-16));
#2587 = DIRECTION('',(1.,0.,0.));
#2588 = ORIENTED_EDGE('',*,*,#2589,.F.);
#2589 = EDGE_CURVE('',#2590,#2581,#2592,.T.);
#2590 = VERTEX_POINT('',#2591);
#2591 = CARTESIAN_POINT('',(19.551,81.5,7.349999952316));
#2592 = LINE('',#2593,#2594);
#2593 = CARTESIAN_POINT('',(19.551,81.5,1.924999952316));
#2594 = VECTOR('',#2595,1.);
#2595 = DIRECTION('',(0.,0.,-1.));
#2596 = ORIENTED_EDGE('',*,*,#2597,.F.);
#2597 = EDGE_CURVE('',#2598,#2590,#2600,.T.);
#2598 = VERTEX_POINT('',#2599);
#2599 = CARTESIAN_POINT('',(18.551,81.5,8.349999952316));
#2600 = CIRCLE('',#2601,1.);
#2601 = AXIS2_PLACEMENT_3D('',#2602,#2603,#2604);
#2602 = CARTESIAN_POINT('',(18.551,81.5,7.349999952316));
#2603 = DIRECTION('',(-0.,1.,2.2E-16));
#2604 = DIRECTION('',(1.,0.,0.));
#2605 = ORIENTED_EDGE('',*,*,#2606,.F.);
#2606 = EDGE_CURVE('',#2504,#2598,#2607,.T.);
#2607 = LINE('',#2608,#2609);
#2608 = CARTESIAN_POINT('',(10.5255,81.5,8.349999952316));
#2609 = VECTOR('',#2610,1.);
#2610 = DIRECTION('',(1.,0.,0.));
#2611 = ORIENTED_EDGE('',*,*,#2512,.T.);
#2612 = ORIENTED_EDGE('',*,*,#2613,.F.);
#2613 = EDGE_CURVE('',#2614,#2435,#2616,.T.);
#2614 = VERTEX_POINT('',#2615);
#2615 = CARTESIAN_POINT('',(37.5,81.5,12.649999952316));
#2616 = LINE('',#2617,#2618);
#2617 = CARTESIAN_POINT('',(37.5,81.5,12.649999952316));
#2618 = VECTOR('',#2619,1.);
#2619 = DIRECTION('',(-1.,-0.,-0.));
#2620 = ORIENTED_EDGE('',*,*,#2621,.F.);
#2621 = EDGE_CURVE('',#2622,#2614,#2624,.T.);
#2622 = VERTEX_POINT('',#2623);
#2623 = CARTESIAN_POINT('',(37.5,81.5,10.138862409583));
#2624 = LINE('',#2625,#2626);
#2625 = CARTESIAN_POINT('',(37.5,81.5,0.899999952316));
#2626 = VECTOR('',#2627,1.);
#2627 = DIRECTION('',(0.,0.,1.));
#2628 = ORIENTED_EDGE('',*,*,#2629,.F.);
#2629 = EDGE_CURVE('',#2563,#2622,#2630,.T.);
#2630 = CIRCLE('',#2631,3.6);
#2631 = AXIS2_PLACEMENT_3D('',#2632,#2633,#2634);
#2632 = CARTESIAN_POINT('',(36.435,81.5,6.699999952316));
#2633 = DIRECTION('',(-0.,1.,2.2E-16));
#2634 = DIRECTION('',(1.,0.,0.));
#2635 = PLANE('',#2636);
#2636 = AXIS2_PLACEMENT_3D('',#2637,#2638,#2639);
#2637 = CARTESIAN_POINT('',(24.518052082672,81.5,6.464362197143));
#2638 = DIRECTION('',(0.,1.,0.));
#2639 = DIRECTION('',(0.,0.,1.));
#2640 = ADVANCED_FACE('',(#2641),#2686,.T.);
#2641 = FACE_BOUND('',#2642,.T.);
#2642 = EDGE_LOOP('',(#2643,#2644,#2645,#2653,#2659,#2660,#2661,#2670,
    #2678,#2685));
#2643 = ORIENTED_EDGE('',*,*,#2546,.F.);
#2644 = ORIENTED_EDGE('',*,*,#928,.T.);
#2645 = ORIENTED_EDGE('',*,*,#2646,.T.);
#2646 = EDGE_CURVE('',#920,#2647,#2649,.T.);
#2647 = VERTEX_POINT('',#2648);
#2648 = CARTESIAN_POINT('',(50.,69.,12.649999952316));
#2649 = LINE('',#2650,#2651);
#2650 = CARTESIAN_POINT('',(50.,69.,-4.768371586472E-08));
#2651 = VECTOR('',#2652,1.);
#2652 = DIRECTION('',(0.,0.,1.));
#2653 = ORIENTED_EDGE('',*,*,#2654,.F.);
#2654 = EDGE_CURVE('',#2527,#2647,#2655,.T.);
#2655 = LINE('',#2656,#2657);
#2656 = CARTESIAN_POINT('',(50.,12.5,12.649999952316));
#2657 = VECTOR('',#2658,1.);
#2658 = DIRECTION('',(0.,1.,0.));
#2659 = ORIENTED_EDGE('',*,*,#2535,.F.);
#2660 = ORIENTED_EDGE('',*,*,#1816,.F.);
#2661 = ORIENTED_EDGE('',*,*,#2662,.T.);
#2662 = EDGE_CURVE('',#1817,#2663,#2665,.T.);
#2663 = VERTEX_POINT('',#2664);
#2664 = CARTESIAN_POINT('',(50.,26.45,5.649999952316));
#2665 = CIRCLE('',#2666,0.5);
#2666 = AXIS2_PLACEMENT_3D('',#2667,#2668,#2669);
#2667 = CARTESIAN_POINT('',(50.,25.95,5.649999952316));
#2668 = DIRECTION('',(-1.,0.,0.));
#2669 = DIRECTION('',(0.,1.,0.));
#2670 = ORIENTED_EDGE('',*,*,#2671,.F.);
#2671 = EDGE_CURVE('',#2672,#2663,#2674,.T.);
#2672 = VERTEX_POINT('',#2673);
#2673 = CARTESIAN_POINT('',(50.,26.45,4.249999952316));
#2674 = LINE('',#2675,#2676);
#2675 = CARTESIAN_POINT('',(50.,26.45,2.124999952316));
#2676 = VECTOR('',#2677,1.);
#2677 = DIRECTION('',(0.,0.,1.));
#2678 = ORIENTED_EDGE('',*,*,#2679,.T.);
#2679 = EDGE_CURVE('',#2672,#1696,#2680,.T.);
#2680 = CIRCLE('',#2681,0.5);
#2681 = AXIS2_PLACEMENT_3D('',#2682,#2683,#2684);
#2682 = CARTESIAN_POINT('',(50.,25.95,4.249999952316));
#2683 = DIRECTION('',(-1.,0.,0.));
#2684 = DIRECTION('',(0.,1.,0.));
#2685 = ORIENTED_EDGE('',*,*,#1695,.T.);
#2686 = PLANE('',#2687);
#2687 = AXIS2_PLACEMENT_3D('',#2688,#2689,#2690);
#2688 = CARTESIAN_POINT('',(50.,37.386909399722,6.324892106536));
#2689 = DIRECTION('',(1.,0.,0.));
#2690 = DIRECTION('',(0.,0.,1.));
#2691 = ADVANCED_FACE('',(#2692),#2753,.T.);
#2692 = FACE_BOUND('',#2693,.F.);
#2693 = EDGE_LOOP('',(#2694,#2701,#2702,#2727,#2750,#2751,#2752));
#2694 = ORIENTED_EDGE('',*,*,#2695,.T.);
#2695 = EDGE_CURVE('',#2647,#2614,#2696,.T.);
#2696 = CIRCLE('',#2697,12.5);
#2697 = AXIS2_PLACEMENT_3D('',#2698,#2699,#2700);
#2698 = CARTESIAN_POINT('',(37.5,69.,12.649999952316));
#2699 = DIRECTION('',(0.,0.,1.));
#2700 = DIRECTION('',(1.,0.,0.));
#2701 = ORIENTED_EDGE('',*,*,#2621,.F.);
#2702 = ORIENTED_EDGE('',*,*,#2703,.F.);
#2703 = EDGE_CURVE('',#2704,#2622,#2706,.T.);
#2704 = VERTEX_POINT('',#2705);
#2705 = CARTESIAN_POINT('',(40.035,81.240252244133,6.699999952316));
#2706 = B_SPLINE_CURVE_WITH_KNOTS('',7,(#2707,#2708,#2709,#2710,#2711,
    #2712,#2713,#2714,#2715,#2716,#2717,#2718,#2719,#2720,#2721,#2722,
    #2723,#2724,#2725,#2726),.UNSPECIFIED.,.F.,.F.,(8,6,6,8),(0.,
    0.597755295286,0.763113044258,1.),.UNSPECIFIED.);
#2707 = CARTESIAN_POINT('',(40.035,81.240252244133,6.699999952316));
#2708 = CARTESIAN_POINT('',(40.035,81.240252244133,7.052016078135));
#2709 = CARTESIAN_POINT('',(39.994843258926,81.248568869783,
    7.403517700935));
#2710 = CARTESIAN_POINT('',(39.914733758011,81.265159726805,
    7.751937155121));
#2711 = CARTESIAN_POINT('',(39.793843624226,81.289331237607,
    8.094470638126));
#2712 = CARTESIAN_POINT('',(39.630527544561,81.319715808735,
    8.427615559704));
#2713 = CARTESIAN_POINT('',(39.422531087429,81.353953577778,
    8.746522374285));
#2714 = CARTESIAN_POINT('',(39.096764334052,81.397798871453,
    9.126265505754));
#2715 = CARTESIAN_POINT('',(39.02254173428,81.407310796533,9.20693596531
    ));
#2716 = CARTESIAN_POINT('',(38.944634032869,81.416753978679,
    9.285830122734));
#2717 = CARTESIAN_POINT('',(38.862993052873,81.426039526046,
    9.362769512564));
#2718 = CARTESIAN_POINT('',(38.777575046487,81.43506943701,
    9.437557923609));
#2719 = CARTESIAN_POINT('',(38.68834092083,81.443736481009,
    9.509981290737));
#2720 = CARTESIAN_POINT('',(38.461906234866,81.463653407248,
    9.679838814597));
#2721 = CARTESIAN_POINT('',(38.320390505207,81.474421783768,
    9.77473765618));
#2722 = CARTESIAN_POINT('',(38.170897777576,81.483849947449,
    9.863523365941));
#2723 = CARTESIAN_POINT('',(38.013705726026,81.491531398573,
    9.945244282024));
#2724 = CARTESIAN_POINT('',(37.849178913131,81.497050403673,
    10.018974231225));
#2725 = CARTESIAN_POINT('',(37.677766507286,81.5,10.083808934019));
#2726 = CARTESIAN_POINT('',(37.5,81.5,10.138862409583));
#2727 = ORIENTED_EDGE('',*,*,#2728,.F.);
#2728 = EDGE_CURVE('',#2563,#2704,#2729,.T.);
#2729 = B_SPLINE_CURVE_WITH_KNOTS('',7,(#2730,#2731,#2732,#2733,#2734,
    #2735,#2736,#2737,#2738,#2739,#2740,#2741,#2742,#2743,#2744,#2745,
    #2746,#2747,#2748,#2749),.UNSPECIFIED.,.F.,.F.,(8,6,6,8),(0.,
    0.233162539858,0.406799619543,1.),.UNSPECIFIED.);
#2730 = CARTESIAN_POINT('',(37.5,81.5,3.261137495049));
#2731 = CARTESIAN_POINT('',(37.67496147734,81.5,3.315322265648));
#2732 = CARTESIAN_POINT('',(37.843780349104,81.497142767658,
    3.378985929681));
#2733 = CARTESIAN_POINT('',(38.005943034844,81.491789998282,
    3.451284509134));
#2734 = CARTESIAN_POINT('',(38.161013685411,81.484329325017,
    3.531354717645));
#2735 = CARTESIAN_POINT('',(38.308636398603,81.47515744117,
    3.618310603539));
#2736 = CARTESIAN_POINT('',(38.448537434815,81.464663222532,
    3.711240192861));
#2737 = CARTESIAN_POINT('',(38.67882091411,81.444682221674,
    3.882154782156));
#2738 = CARTESIAN_POINT('',(38.772864962098,81.435610343376,
    3.958000465007));
#2739 = CARTESIAN_POINT('',(38.862698592361,81.426131169145,
    4.036468640339));
#2740 = CARTESIAN_POINT('',(38.94836677171,81.416369283619,
    4.117310608405));
#2741 = CARTESIAN_POINT('',(39.029920122934,81.406438055192,
    4.200299366085));
#2742 = CARTESIAN_POINT('',(39.107414629663,81.396439789463,
    4.285229462633));
#2743 = CARTESIAN_POINT('',(39.431999860745,81.352391793748,
    4.668069004923));
#2744 = CARTESIAN_POINT('',(39.636719148565,81.318562732863,
    4.985073926758));
#2745 = CARTESIAN_POINT('',(39.79750977102,81.288598125217,
    5.315960432187));
#2746 = CARTESIAN_POINT('',(39.91655771598,81.264781972462,
    5.656020909908));
#2747 = CARTESIAN_POINT('',(39.995454421939,81.248442297104,
    6.001840142832));
#2748 = CARTESIAN_POINT('',(40.035,81.240252244133,6.350673031092));
#2749 = CARTESIAN_POINT('',(40.035,81.240252244133,6.699999952316));
#2750 = ORIENTED_EDGE('',*,*,#2562,.F.);
#2751 = ORIENTED_EDGE('',*,*,#943,.F.);
#2752 = ORIENTED_EDGE('',*,*,#2646,.T.);
#2753 = CYLINDRICAL_SURFACE('',#2754,12.5);
#2754 = AXIS2_PLACEMENT_3D('',#2755,#2756,#2757);
#2755 = CARTESIAN_POINT('',(37.5,69.,-4.768371586472E-08));
#2756 = DIRECTION('',(-0.,-0.,-1.));
#2757 = DIRECTION('',(1.,0.,0.));
#2758 = ADVANCED_FACE('',(#2759),#2770,.T.);
#2759 = FACE_BOUND('',#2760,.T.);
#2760 = EDGE_LOOP('',(#2761,#2762,#2763,#2764));
#2761 = ORIENTED_EDGE('',*,*,#1897,.F.);
#2762 = ORIENTED_EDGE('',*,*,#2313,.T.);
#2763 = ORIENTED_EDGE('',*,*,#1050,.F.);
#2764 = ORIENTED_EDGE('',*,*,#2765,.F.);
#2765 = EDGE_CURVE('',#1898,#1042,#2766,.T.);
#2766 = LINE('',#2767,#2768);
#2767 = CARTESIAN_POINT('',(0.95,30.9,0.299999952316));
#2768 = VECTOR('',#2769,1.);
#2769 = DIRECTION('',(1.,0.,0.));
#2770 = PLANE('',#2771);
#2771 = AXIS2_PLACEMENT_3D('',#2772,#2773,#2774);
#2772 = CARTESIAN_POINT('',(0.95,12.3,0.299999952316));
#2773 = DIRECTION('',(0.,0.,1.));
#2774 = DIRECTION('',(1.,0.,0.));
#2775 = ADVANCED_FACE('',(#2776),#2782,.F.);
#2776 = FACE_BOUND('',#2777,.T.);
#2777 = EDGE_LOOP('',(#2778,#2779,#2780,#2781));
#2778 = ORIENTED_EDGE('',*,*,#1856,.F.);
#2779 = ORIENTED_EDGE('',*,*,#1905,.T.);
#2780 = ORIENTED_EDGE('',*,*,#2765,.T.);
#2781 = ORIENTED_EDGE('',*,*,#1041,.T.);
#2782 = CYLINDRICAL_SURFACE('',#2783,0.6);
#2783 = AXIS2_PLACEMENT_3D('',#2784,#2785,#2786);
#2784 = CARTESIAN_POINT('',(0.95,30.9,0.899999952316));
#2785 = DIRECTION('',(1.,0.,0.));
#2786 = DIRECTION('',(0.,1.,0.));
#2787 = ADVANCED_FACE('',(#2788),#2900,.F.);
#2788 = FACE_BOUND('',#2789,.F.);
#2789 = EDGE_LOOP('',(#2790,#2791,#2792,#2800,#2809,#2815,#2816,#2824,
    #2833,#2842,#2851,#2860,#2866,#2867,#2875,#2884,#2893,#2899));
#2790 = ORIENTED_EDGE('',*,*,#1841,.F.);
#2791 = ORIENTED_EDGE('',*,*,#1511,.T.);
#2792 = ORIENTED_EDGE('',*,*,#2793,.T.);
#2793 = EDGE_CURVE('',#1504,#2794,#2796,.T.);
#2794 = VERTEX_POINT('',#2795);
#2795 = CARTESIAN_POINT('',(46.814249455894,51.8,11.099999952316));
#2796 = LINE('',#2797,#2798);
#2797 = CARTESIAN_POINT('',(34.5,51.8,11.099999952316));
#2798 = VECTOR('',#2799,1.);
#2799 = DIRECTION('',(-1.,0.,0.));
#2800 = ORIENTED_EDGE('',*,*,#2801,.F.);
#2801 = EDGE_CURVE('',#2802,#2794,#2804,.T.);
#2802 = VERTEX_POINT('',#2803);
#2803 = CARTESIAN_POINT('',(46.814249455894,53.2,11.099999952316));
#2804 = CIRCLE('',#2805,2.9);
#2805 = AXIS2_PLACEMENT_3D('',#2806,#2807,#2808);
#2806 = CARTESIAN_POINT('',(44.,52.5,11.099999952316));
#2807 = DIRECTION('',(0.,0.,1.));
#2808 = DIRECTION('',(1.,0.,0.));
#2809 = ORIENTED_EDGE('',*,*,#2810,.F.);
#2810 = EDGE_CURVE('',#1480,#2802,#2811,.T.);
#2811 = LINE('',#2812,#2813);
#2812 = CARTESIAN_POINT('',(34.5,53.2,11.099999952316));
#2813 = VECTOR('',#2814,1.);
#2814 = DIRECTION('',(-1.,0.,0.));
#2815 = ORIENTED_EDGE('',*,*,#1479,.T.);
#2816 = ORIENTED_EDGE('',*,*,#2817,.T.);
#2817 = EDGE_CURVE('',#1472,#2818,#2820,.T.);
#2818 = VERTEX_POINT('',#2819);
#2819 = CARTESIAN_POINT('',(46.814249455894,67.8,11.099999952316));
#2820 = LINE('',#2821,#2822);
#2821 = CARTESIAN_POINT('',(34.5,67.8,11.099999952316));
#2822 = VECTOR('',#2823,1.);
#2823 = DIRECTION('',(-1.,0.,0.));
#2824 = ORIENTED_EDGE('',*,*,#2825,.F.);
#2825 = EDGE_CURVE('',#2826,#2818,#2828,.T.);
#2826 = VERTEX_POINT('',#2827);
#2827 = CARTESIAN_POINT('',(41.653503207997,66.795901175072,
    11.099999952316));
#2828 = CIRCLE('',#2829,2.9);
#2829 = AXIS2_PLACEMENT_3D('',#2830,#2831,#2832);
#2830 = CARTESIAN_POINT('',(44.,68.5,11.099999952316));
#2831 = DIRECTION('',(0.,0.,1.));
#2832 = DIRECTION('',(1.,0.,0.));
#2833 = ORIENTED_EDGE('',*,*,#2834,.F.);
#2834 = EDGE_CURVE('',#2835,#2826,#2837,.T.);
#2835 = VERTEX_POINT('',#2836);
#2836 = CARTESIAN_POINT('',(42.7,60.8,11.099999952316));
#2837 = CIRCLE('',#2838,17.7);
#2838 = AXIS2_PLACEMENT_3D('',#2839,#2840,#2841);
#2839 = CARTESIAN_POINT('',(25.,60.8,11.099999952316));
#2840 = DIRECTION('',(0.,0.,1.));
#2841 = DIRECTION('',(1.,0.,0.));
#2842 = ORIENTED_EDGE('',*,*,#2843,.F.);
#2843 = EDGE_CURVE('',#2844,#2835,#2846,.T.);
#2844 = VERTEX_POINT('',#2845);
#2845 = CARTESIAN_POINT('',(8.346496792003,66.795901175072,
    11.099999952316));
#2846 = CIRCLE('',#2847,17.7);
#2847 = AXIS2_PLACEMENT_3D('',#2848,#2849,#2850);
#2848 = CARTESIAN_POINT('',(25.,60.8,11.099999952316));
#2849 = DIRECTION('',(0.,0.,1.));
#2850 = DIRECTION('',(1.,0.,0.));
#2851 = ORIENTED_EDGE('',*,*,#2852,.F.);
#2852 = EDGE_CURVE('',#2853,#2844,#2855,.T.);
#2853 = VERTEX_POINT('',#2854);
#2854 = CARTESIAN_POINT('',(3.185750544106,67.8,11.099999952316));
#2855 = CIRCLE('',#2856,2.9);
#2856 = AXIS2_PLACEMENT_3D('',#2857,#2858,#2859);
#2857 = CARTESIAN_POINT('',(6.,68.5,11.099999952316));
#2858 = DIRECTION('',(0.,0.,1.));
#2859 = DIRECTION('',(1.,0.,0.));
#2860 = ORIENTED_EDGE('',*,*,#2861,.T.);
#2861 = EDGE_CURVE('',#2853,#979,#2862,.T.);
#2862 = LINE('',#2863,#2864);
#2863 = CARTESIAN_POINT('',(13.05,67.8,11.099999952316));
#2864 = VECTOR('',#2865,1.);
#2865 = DIRECTION('',(-1.,0.,0.));
#2866 = ORIENTED_EDGE('',*,*,#986,.F.);
#2867 = ORIENTED_EDGE('',*,*,#2868,.F.);
#2868 = EDGE_CURVE('',#2869,#987,#2871,.T.);
#2869 = VERTEX_POINT('',#2870);
#2870 = CARTESIAN_POINT('',(3.185750544106,53.2,11.099999952316));
#2871 = LINE('',#2872,#2873);
#2872 = CARTESIAN_POINT('',(13.05,53.2,11.099999952316));
#2873 = VECTOR('',#2874,1.);
#2874 = DIRECTION('',(-1.,0.,0.));
#2875 = ORIENTED_EDGE('',*,*,#2876,.F.);
#2876 = EDGE_CURVE('',#2877,#2869,#2879,.T.);
#2877 = VERTEX_POINT('',#2878);
#2878 = CARTESIAN_POINT('',(8.9,52.5,11.099999952316));
#2879 = CIRCLE('',#2880,2.9);
#2880 = AXIS2_PLACEMENT_3D('',#2881,#2882,#2883);
#2881 = CARTESIAN_POINT('',(6.,52.5,11.099999952316));
#2882 = DIRECTION('',(0.,0.,1.));
#2883 = DIRECTION('',(1.,0.,0.));
#2884 = ORIENTED_EDGE('',*,*,#2885,.F.);
#2885 = EDGE_CURVE('',#2886,#2877,#2888,.T.);
#2886 = VERTEX_POINT('',#2887);
#2887 = CARTESIAN_POINT('',(3.185750544106,51.8,11.099999952316));
#2888 = CIRCLE('',#2889,2.9);
#2889 = AXIS2_PLACEMENT_3D('',#2890,#2891,#2892);
#2890 = CARTESIAN_POINT('',(6.,52.5,11.099999952316));
#2891 = DIRECTION('',(0.,0.,1.));
#2892 = DIRECTION('',(1.,0.,0.));
#2893 = ORIENTED_EDGE('',*,*,#2894,.T.);
#2894 = EDGE_CURVE('',#2886,#1011,#2895,.T.);
#2895 = LINE('',#2896,#2897);
#2896 = CARTESIAN_POINT('',(13.05,51.8,11.099999952316));
#2897 = VECTOR('',#2898,1.);
#2898 = DIRECTION('',(-1.,0.,0.));
#2899 = ORIENTED_EDGE('',*,*,#1018,.F.);
#2900 = PLANE('',#2901);
#2901 = AXIS2_PLACEMENT_3D('',#2902,#2903,#2904);
#2902 = CARTESIAN_POINT('',(25.,40.75,11.099999952316));
#2903 = DIRECTION('',(0.,0.,1.));
#2904 = DIRECTION('',(1.,0.,0.));
#2905 = ADVANCED_FACE('',(#2906),#2925,.F.);
#2906 = FACE_BOUND('',#2907,.F.);
#2907 = EDGE_LOOP('',(#2908,#2917,#2923,#2924));
#2908 = ORIENTED_EDGE('',*,*,#2909,.T.);
#2909 = EDGE_CURVE('',#2886,#2910,#2912,.T.);
#2910 = VERTEX_POINT('',#2911);
#2911 = CARTESIAN_POINT('',(3.6,51.8,10.699999952316));
#2912 = HYPERBOLA('',#2913,0.7,0.7);
#2913 = AXIS2_PLACEMENT_3D('',#2914,#2915,#2916);
#2914 = CARTESIAN_POINT('',(6.,51.8,8.199999952316));
#2915 = DIRECTION('',(0.,1.,0.));
#2916 = DIRECTION('',(0.,0.,1.));
#2917 = ORIENTED_EDGE('',*,*,#2918,.F.);
#2918 = EDGE_CURVE('',#1003,#2910,#2919,.T.);
#2919 = LINE('',#2920,#2921);
#2920 = CARTESIAN_POINT('',(1.1,51.8,10.699999952316));
#2921 = VECTOR('',#2922,1.);
#2922 = DIRECTION('',(1.,0.,0.));
#2923 = ORIENTED_EDGE('',*,*,#1010,.T.);
#2924 = ORIENTED_EDGE('',*,*,#2894,.F.);
#2925 = PLANE('',#2926);
#2926 = AXIS2_PLACEMENT_3D('',#2927,#2928,#2929);
#2927 = CARTESIAN_POINT('',(1.1,51.8,10.699999952316));
#2928 = DIRECTION('',(0.,1.,0.));
#2929 = DIRECTION('',(0.,0.,1.));
#2930 = ADVANCED_FACE('',(#2931,#2959),#2988,.T.);
#2931 = FACE_BOUND('',#2932,.T.);
#2932 = EDGE_LOOP('',(#2933,#2941,#2950,#2957,#2958));
#2933 = ORIENTED_EDGE('',*,*,#2934,.T.);
#2934 = EDGE_CURVE('',#995,#2935,#2937,.T.);
#2935 = VERTEX_POINT('',#2936);
#2936 = CARTESIAN_POINT('',(3.6,53.2,10.699999952316));
#2937 = LINE('',#2938,#2939);
#2938 = CARTESIAN_POINT('',(1.1,53.2,10.699999952316));
#2939 = VECTOR('',#2940,1.);
#2940 = DIRECTION('',(1.,0.,0.));
#2941 = ORIENTED_EDGE('',*,*,#2942,.F.);
#2942 = EDGE_CURVE('',#2943,#2935,#2945,.T.);
#2943 = VERTEX_POINT('',#2944);
#2944 = CARTESIAN_POINT('',(8.5,52.5,10.699999952316));
#2945 = CIRCLE('',#2946,2.5);
#2946 = AXIS2_PLACEMENT_3D('',#2947,#2948,#2949);
#2947 = CARTESIAN_POINT('',(6.,52.5,10.699999952316));
#2948 = DIRECTION('',(0.,0.,1.));
#2949 = DIRECTION('',(1.,0.,0.));
#2950 = ORIENTED_EDGE('',*,*,#2951,.F.);
#2951 = EDGE_CURVE('',#2910,#2943,#2952,.T.);
#2952 = CIRCLE('',#2953,2.5);
#2953 = AXIS2_PLACEMENT_3D('',#2954,#2955,#2956);
#2954 = CARTESIAN_POINT('',(6.,52.5,10.699999952316));
#2955 = DIRECTION('',(0.,0.,1.));
#2956 = DIRECTION('',(1.,0.,0.));
#2957 = ORIENTED_EDGE('',*,*,#2918,.F.);
#2958 = ORIENTED_EDGE('',*,*,#1002,.F.);
#2959 = FACE_BOUND('',#2960,.T.);
#2960 = EDGE_LOOP('',(#2961,#2972,#2981));
#2961 = ORIENTED_EDGE('',*,*,#2962,.F.);
#2962 = EDGE_CURVE('',#2963,#2965,#2967,.T.);
#2963 = VERTEX_POINT('',#2964);
#2964 = CARTESIAN_POINT('',(6.65,52.5,10.699999952316));
#2965 = VERTEX_POINT('',#2966);
#2966 = CARTESIAN_POINT('',(6.,51.85,10.699999952316));
#2967 = CIRCLE('',#2968,0.65);
#2968 = AXIS2_PLACEMENT_3D('',#2969,#2970,#2971);
#2969 = CARTESIAN_POINT('',(6.,52.5,10.699999952316));
#2970 = DIRECTION('',(0.,0.,-1.));
#2971 = DIRECTION('',(1.,0.,0.));
#2972 = ORIENTED_EDGE('',*,*,#2973,.F.);
#2973 = EDGE_CURVE('',#2974,#2963,#2976,.T.);
#2974 = VERTEX_POINT('',#2975);
#2975 = CARTESIAN_POINT('',(6.,53.15,10.699999952316));
#2976 = CIRCLE('',#2977,0.65);
#2977 = AXIS2_PLACEMENT_3D('',#2978,#2979,#2980);
#2978 = CARTESIAN_POINT('',(6.,52.5,10.699999952316));
#2979 = DIRECTION('',(0.,0.,-1.));
#2980 = DIRECTION('',(1.,0.,0.));
#2981 = ORIENTED_EDGE('',*,*,#2982,.F.);
#2982 = EDGE_CURVE('',#2965,#2974,#2983,.T.);
#2983 = CIRCLE('',#2984,0.65);
#2984 = AXIS2_PLACEMENT_3D('',#2985,#2986,#2987);
#2985 = CARTESIAN_POINT('',(6.,52.5,10.699999952316));
#2986 = DIRECTION('',(0.,0.,-1.));
#2987 = DIRECTION('',(1.,0.,0.));
#2988 = PLANE('',#2989);
#2989 = AXIS2_PLACEMENT_3D('',#2990,#2991,#2992);
#2990 = CARTESIAN_POINT('',(4.953157134509,52.5,10.699999952316));
#2991 = DIRECTION('',(-0.,-0.,-1.));
#2992 = DIRECTION('',(-1.,0.,0.));
#2993 = ADVANCED_FACE('',(#2994),#3006,.T.);
#2994 = FACE_BOUND('',#2995,.T.);
#2995 = EDGE_LOOP('',(#2996,#3003,#3004,#3005));
#2996 = ORIENTED_EDGE('',*,*,#2997,.T.);
#2997 = EDGE_CURVE('',#2869,#2935,#2998,.T.);
#2998 = HYPERBOLA('',#2999,0.7,0.7);
#2999 = AXIS2_PLACEMENT_3D('',#3000,#3001,#3002);
#3000 = CARTESIAN_POINT('',(6.,53.2,8.199999952316));
#3001 = DIRECTION('',(0.,1.,0.));
#3002 = DIRECTION('',(0.,0.,1.));
#3003 = ORIENTED_EDGE('',*,*,#2934,.F.);
#3004 = ORIENTED_EDGE('',*,*,#994,.T.);
#3005 = ORIENTED_EDGE('',*,*,#2868,.F.);
#3006 = PLANE('',#3007);
#3007 = AXIS2_PLACEMENT_3D('',#3008,#3009,#3010);
#3008 = CARTESIAN_POINT('',(1.1,53.2,10.699999952316));
#3009 = DIRECTION('',(0.,1.,0.));
#3010 = DIRECTION('',(0.,0.,1.));
#3011 = ADVANCED_FACE('',(#3012),#3031,.F.);
#3012 = FACE_BOUND('',#3013,.F.);
#3013 = EDGE_LOOP('',(#3014,#3023,#3029,#3030));
#3014 = ORIENTED_EDGE('',*,*,#3015,.T.);
#3015 = EDGE_CURVE('',#2853,#3016,#3018,.T.);
#3016 = VERTEX_POINT('',#3017);
#3017 = CARTESIAN_POINT('',(3.6,67.8,10.699999952316));
#3018 = HYPERBOLA('',#3019,0.7,0.7);
#3019 = AXIS2_PLACEMENT_3D('',#3020,#3021,#3022);
#3020 = CARTESIAN_POINT('',(6.,67.8,8.199999952316));
#3021 = DIRECTION('',(0.,1.,0.));
#3022 = DIRECTION('',(0.,0.,1.));
#3023 = ORIENTED_EDGE('',*,*,#3024,.F.);
#3024 = EDGE_CURVE('',#971,#3016,#3025,.T.);
#3025 = LINE('',#3026,#3027);
#3026 = CARTESIAN_POINT('',(1.1,67.8,10.699999952316));
#3027 = VECTOR('',#3028,1.);
#3028 = DIRECTION('',(1.,0.,0.));
#3029 = ORIENTED_EDGE('',*,*,#978,.T.);
#3030 = ORIENTED_EDGE('',*,*,#2861,.F.);
#3031 = PLANE('',#3032);
#3032 = AXIS2_PLACEMENT_3D('',#3033,#3034,#3035);
#3033 = CARTESIAN_POINT('',(1.1,67.8,10.699999952316));
#3034 = DIRECTION('',(0.,1.,0.));
#3035 = DIRECTION('',(0.,0.,1.));
#3036 = ADVANCED_FACE('',(#3037,#3066),#3095,.T.);
#3037 = FACE_BOUND('',#3038,.T.);
#3038 = EDGE_LOOP('',(#3039,#3047,#3056,#3063,#3064,#3065));
#3039 = ORIENTED_EDGE('',*,*,#3040,.T.);
#3040 = EDGE_CURVE('',#1160,#3041,#3043,.T.);
#3041 = VERTEX_POINT('',#3042);
#3042 = CARTESIAN_POINT('',(3.6,69.2,10.699999952316));
#3043 = LINE('',#3044,#3045);
#3044 = CARTESIAN_POINT('',(1.1,69.2,10.699999952316));
#3045 = VECTOR('',#3046,1.);
#3046 = DIRECTION('',(1.,0.,0.));
#3047 = ORIENTED_EDGE('',*,*,#3048,.F.);
#3048 = EDGE_CURVE('',#3049,#3041,#3051,.T.);
#3049 = VERTEX_POINT('',#3050);
#3050 = CARTESIAN_POINT('',(8.5,68.5,10.699999952316));
#3051 = CIRCLE('',#3052,2.5);
#3052 = AXIS2_PLACEMENT_3D('',#3053,#3054,#3055);
#3053 = CARTESIAN_POINT('',(6.,68.5,10.699999952316));
#3054 = DIRECTION('',(0.,0.,1.));
#3055 = DIRECTION('',(1.,0.,0.));
#3056 = ORIENTED_EDGE('',*,*,#3057,.F.);
#3057 = EDGE_CURVE('',#3016,#3049,#3058,.T.);
#3058 = CIRCLE('',#3059,2.5);
#3059 = AXIS2_PLACEMENT_3D('',#3060,#3061,#3062);
#3060 = CARTESIAN_POINT('',(6.,68.5,10.699999952316));
#3061 = DIRECTION('',(0.,0.,1.));
#3062 = DIRECTION('',(1.,0.,0.));
#3063 = ORIENTED_EDGE('',*,*,#3024,.F.);
#3064 = ORIENTED_EDGE('',*,*,#970,.F.);
#3065 = ORIENTED_EDGE('',*,*,#1167,.T.);
#3066 = FACE_BOUND('',#3067,.T.);
#3067 = EDGE_LOOP('',(#3068,#3079,#3088));
#3068 = ORIENTED_EDGE('',*,*,#3069,.F.);
#3069 = EDGE_CURVE('',#3070,#3072,#3074,.T.);
#3070 = VERTEX_POINT('',#3071);
#3071 = CARTESIAN_POINT('',(6.65,68.5,10.699999952316));
#3072 = VERTEX_POINT('',#3073);
#3073 = CARTESIAN_POINT('',(6.,67.85,10.699999952316));
#3074 = CIRCLE('',#3075,0.65);
#3075 = AXIS2_PLACEMENT_3D('',#3076,#3077,#3078);
#3076 = CARTESIAN_POINT('',(6.,68.5,10.699999952316));
#3077 = DIRECTION('',(0.,0.,-1.));
#3078 = DIRECTION('',(1.,0.,0.));
#3079 = ORIENTED_EDGE('',*,*,#3080,.F.);
#3080 = EDGE_CURVE('',#3081,#3070,#3083,.T.);
#3081 = VERTEX_POINT('',#3082);
#3082 = CARTESIAN_POINT('',(6.,69.15,10.699999952316));
#3083 = CIRCLE('',#3084,0.65);
#3084 = AXIS2_PLACEMENT_3D('',#3085,#3086,#3087);
#3085 = CARTESIAN_POINT('',(6.,68.5,10.699999952316));
#3086 = DIRECTION('',(0.,0.,-1.));
#3087 = DIRECTION('',(1.,0.,0.));
#3088 = ORIENTED_EDGE('',*,*,#3089,.F.);
#3089 = EDGE_CURVE('',#3072,#3081,#3090,.T.);
#3090 = CIRCLE('',#3091,0.65);
#3091 = AXIS2_PLACEMENT_3D('',#3092,#3093,#3094);
#3092 = CARTESIAN_POINT('',(6.,68.5,10.699999952316));
#3093 = DIRECTION('',(0.,0.,-1.));
#3094 = DIRECTION('',(1.,0.,0.));
#3095 = PLANE('',#3096);
#3096 = AXIS2_PLACEMENT_3D('',#3097,#3098,#3099);
#3097 = CARTESIAN_POINT('',(4.953494334413,68.499938231076,
    10.699999952316));
#3098 = DIRECTION('',(-0.,-0.,-1.));
#3099 = DIRECTION('',(-1.,0.,0.));
#3100 = ADVANCED_FACE('',(#3101),#3120,.T.);
#3101 = FACE_BOUND('',#3102,.T.);
#3102 = EDGE_LOOP('',(#3103,#3112,#3113,#3114));
#3103 = ORIENTED_EDGE('',*,*,#3104,.T.);
#3104 = EDGE_CURVE('',#3105,#3041,#3107,.T.);
#3105 = VERTEX_POINT('',#3106);
#3106 = CARTESIAN_POINT('',(3.185750544106,69.2,11.099999952316));
#3107 = HYPERBOLA('',#3108,0.7,0.7);
#3108 = AXIS2_PLACEMENT_3D('',#3109,#3110,#3111);
#3109 = CARTESIAN_POINT('',(6.,69.2,8.199999952316));
#3110 = DIRECTION('',(0.,1.,0.));
#3111 = DIRECTION('',(0.,0.,1.));
#3112 = ORIENTED_EDGE('',*,*,#3040,.F.);
#3113 = ORIENTED_EDGE('',*,*,#1159,.F.);
#3114 = ORIENTED_EDGE('',*,*,#3115,.F.);
#3115 = EDGE_CURVE('',#3105,#1151,#3116,.T.);
#3116 = LINE('',#3117,#3118);
#3117 = CARTESIAN_POINT('',(13.05,69.2,11.099999952316));
#3118 = VECTOR('',#3119,1.);
#3119 = DIRECTION('',(-1.,0.,0.));
#3120 = PLANE('',#3121);
#3121 = AXIS2_PLACEMENT_3D('',#3122,#3123,#3124);
#3122 = CARTESIAN_POINT('',(1.1,69.2,10.699999952316));
#3123 = DIRECTION('',(0.,1.,0.));
#3124 = DIRECTION('',(0.,0.,1.));
#3125 = ADVANCED_FACE('',(#3126),#3174,.F.);
#3126 = FACE_BOUND('',#3127,.F.);
#3127 = EDGE_LOOP('',(#3128,#3139,#3148,#3157,#3163,#3164,#3165,#3166,
    #3167));
#3128 = ORIENTED_EDGE('',*,*,#3129,.F.);
#3129 = EDGE_CURVE('',#3130,#3132,#3134,.T.);
#3130 = VERTEX_POINT('',#3131);
#3131 = CARTESIAN_POINT('',(8.870829339953,68.089708760924,
    11.099999952316));
#3132 = VERTEX_POINT('',#3133);
#3133 = CARTESIAN_POINT('',(8.9,68.5,11.099999952316));
#3134 = CIRCLE('',#3135,2.9);
#3135 = AXIS2_PLACEMENT_3D('',#3136,#3137,#3138);
#3136 = CARTESIAN_POINT('',(6.,68.5,11.099999952316));
#3137 = DIRECTION('',(0.,0.,1.));
#3138 = DIRECTION('',(1.,0.,0.));
#3139 = ORIENTED_EDGE('',*,*,#3140,.F.);
#3140 = EDGE_CURVE('',#3141,#3130,#3143,.T.);
#3141 = VERTEX_POINT('',#3142);
#3142 = CARTESIAN_POINT('',(41.129170660047,68.089708760924,
    11.099999952316));
#3143 = CIRCLE('',#3144,17.7);
#3144 = AXIS2_PLACEMENT_3D('',#3145,#3146,#3147);
#3145 = CARTESIAN_POINT('',(25.,60.8,11.099999952316));
#3146 = DIRECTION('',(0.,0.,1.));
#3147 = DIRECTION('',(1.,0.,0.));
#3148 = ORIENTED_EDGE('',*,*,#3149,.F.);
#3149 = EDGE_CURVE('',#3150,#3141,#3152,.T.);
#3150 = VERTEX_POINT('',#3151);
#3151 = CARTESIAN_POINT('',(46.814249455894,69.2,11.099999952316));
#3152 = CIRCLE('',#3153,2.9);
#3153 = AXIS2_PLACEMENT_3D('',#3154,#3155,#3156);
#3154 = CARTESIAN_POINT('',(44.,68.5,11.099999952316));
#3155 = DIRECTION('',(0.,0.,1.));
#3156 = DIRECTION('',(1.,0.,0.));
#3157 = ORIENTED_EDGE('',*,*,#3158,.F.);
#3158 = EDGE_CURVE('',#1389,#3150,#3159,.T.);
#3159 = LINE('',#3160,#3161);
#3160 = CARTESIAN_POINT('',(34.5,69.2,11.099999952316));
#3161 = VECTOR('',#3162,1.);
#3162 = DIRECTION('',(-1.,0.,0.));
#3163 = ORIENTED_EDGE('',*,*,#1396,.T.);
#3164 = ORIENTED_EDGE('',*,*,#1225,.F.);
#3165 = ORIENTED_EDGE('',*,*,#1150,.T.);
#3166 = ORIENTED_EDGE('',*,*,#3115,.F.);
#3167 = ORIENTED_EDGE('',*,*,#3168,.F.);
#3168 = EDGE_CURVE('',#3132,#3105,#3169,.T.);
#3169 = CIRCLE('',#3170,2.9);
#3170 = AXIS2_PLACEMENT_3D('',#3171,#3172,#3173);
#3171 = CARTESIAN_POINT('',(6.,68.5,11.099999952316));
#3172 = DIRECTION('',(0.,0.,1.));
#3173 = DIRECTION('',(1.,0.,0.));
#3174 = PLANE('',#3175);
#3175 = AXIS2_PLACEMENT_3D('',#3176,#3177,#3178);
#3176 = CARTESIAN_POINT('',(25.,40.75,11.099999952316));
#3177 = DIRECTION('',(0.,0.,1.));
#3178 = DIRECTION('',(1.,0.,0.));
#3179 = ADVANCED_FACE('',(#3180),#3198,.F.);
#3180 = FACE_BOUND('',#3181,.F.);
#3181 = EDGE_LOOP('',(#3182,#3183,#3189,#3190,#3191,#3197));
#3182 = ORIENTED_EDGE('',*,*,#2503,.F.);
#3183 = ORIENTED_EDGE('',*,*,#3184,.T.);
#3184 = EDGE_CURVE('',#2490,#1120,#3185,.T.);
#3185 = LINE('',#3186,#3187);
#3186 = CARTESIAN_POINT('',(8.551,82.5,8.349999952316));
#3187 = VECTOR('',#3188,1.);
#3188 = DIRECTION('',(0.,-1.,0.));
#3189 = ORIENTED_EDGE('',*,*,#1133,.T.);
#3190 = ORIENTED_EDGE('',*,*,#1218,.T.);
#3191 = ORIENTED_EDGE('',*,*,#3192,.F.);
#3192 = EDGE_CURVE('',#2598,#1210,#3193,.T.);
#3193 = LINE('',#3194,#3195);
#3194 = CARTESIAN_POINT('',(18.551,82.5,8.349999952316));
#3195 = VECTOR('',#3196,1.);
#3196 = DIRECTION('',(0.,-1.,0.));
#3197 = ORIENTED_EDGE('',*,*,#2606,.F.);
#3198 = PLANE('',#3199);
#3199 = AXIS2_PLACEMENT_3D('',#3200,#3201,#3202);
#3200 = CARTESIAN_POINT('',(8.551,82.5,8.349999952316));
#3201 = DIRECTION('',(0.,0.,1.));
#3202 = DIRECTION('',(0.,-1.,0.));
#3203 = ADVANCED_FACE('',(#3204),#3215,.F.);
#3204 = FACE_BOUND('',#3205,.T.);
#3205 = EDGE_LOOP('',(#3206,#3207,#3208,#3209));
#3206 = ORIENTED_EDGE('',*,*,#2489,.F.);
#3207 = ORIENTED_EDGE('',*,*,#3184,.T.);
#3208 = ORIENTED_EDGE('',*,*,#1119,.T.);
#3209 = ORIENTED_EDGE('',*,*,#3210,.F.);
#3210 = EDGE_CURVE('',#2482,#1112,#3211,.T.);
#3211 = LINE('',#3212,#3213);
#3212 = CARTESIAN_POINT('',(7.551,82.5,7.349999952316));
#3213 = VECTOR('',#3214,1.);
#3214 = DIRECTION('',(0.,-1.,0.));
#3215 = CYLINDRICAL_SURFACE('',#3216,1.);
#3216 = AXIS2_PLACEMENT_3D('',#3217,#3218,#3219);
#3217 = CARTESIAN_POINT('',(8.551,82.5,7.349999952316));
#3218 = DIRECTION('',(-0.,1.,-0.));
#3219 = DIRECTION('',(1.,0.,0.));
#3220 = ADVANCED_FACE('',(#3221),#3232,.T.);
#3221 = FACE_BOUND('',#3222,.T.);
#3222 = EDGE_LOOP('',(#3223,#3229,#3230,#3231));
#3223 = ORIENTED_EDGE('',*,*,#3224,.F.);
#3224 = EDGE_CURVE('',#2463,#1093,#3225,.T.);
#3225 = LINE('',#3226,#3227);
#3226 = CARTESIAN_POINT('',(7.551,82.5,3.849999952316));
#3227 = VECTOR('',#3228,1.);
#3228 = DIRECTION('',(0.,-1.,0.));
#3229 = ORIENTED_EDGE('',*,*,#2481,.F.);
#3230 = ORIENTED_EDGE('',*,*,#3210,.T.);
#3231 = ORIENTED_EDGE('',*,*,#1111,.T.);
#3232 = PLANE('',#3233);
#3233 = AXIS2_PLACEMENT_3D('',#3234,#3235,#3236);
#3234 = CARTESIAN_POINT('',(7.551,82.5,3.849999952316));
#3235 = DIRECTION('',(1.,0.,0.));
#3236 = DIRECTION('',(0.,-1.,0.));
#3237 = ADVANCED_FACE('',(#3238),#3249,.F.);
#3238 = FACE_BOUND('',#3239,.T.);
#3239 = EDGE_LOOP('',(#3240,#3246,#3247,#3248));
#3240 = ORIENTED_EDGE('',*,*,#3241,.F.);
#3241 = EDGE_CURVE('',#2454,#1084,#3242,.T.);
#3242 = LINE('',#3243,#3244);
#3243 = CARTESIAN_POINT('',(8.551,82.5,2.849999952316));
#3244 = VECTOR('',#3245,1.);
#3245 = DIRECTION('',(0.,-1.,0.));
#3246 = ORIENTED_EDGE('',*,*,#2462,.F.);
#3247 = ORIENTED_EDGE('',*,*,#3224,.T.);
#3248 = ORIENTED_EDGE('',*,*,#1092,.T.);
#3249 = CYLINDRICAL_SURFACE('',#3250,1.);
#3250 = AXIS2_PLACEMENT_3D('',#3251,#3252,#3253);
#3251 = CARTESIAN_POINT('',(8.551,82.5,3.849999952316));
#3252 = DIRECTION('',(-0.,1.,-0.));
#3253 = DIRECTION('',(1.,0.,0.));
#3254 = ADVANCED_FACE('',(#3255),#3268,.T.);
#3255 = FACE_BOUND('',#3256,.T.);
#3256 = EDGE_LOOP('',(#3257,#3258,#3259,#3260,#3261,#3267));
#3257 = ORIENTED_EDGE('',*,*,#2453,.F.);
#3258 = ORIENTED_EDGE('',*,*,#3241,.T.);
#3259 = ORIENTED_EDGE('',*,*,#1083,.T.);
#3260 = ORIENTED_EDGE('',*,*,#1184,.T.);
#3261 = ORIENTED_EDGE('',*,*,#3262,.F.);
#3262 = EDGE_CURVE('',#2573,#1185,#3263,.T.);
#3263 = LINE('',#3264,#3265);
#3264 = CARTESIAN_POINT('',(18.551,82.5,2.849999952316));
#3265 = VECTOR('',#3266,1.);
#3266 = DIRECTION('',(0.,-1.,0.));
#3267 = ORIENTED_EDGE('',*,*,#2572,.F.);
#3268 = PLANE('',#3269);
#3269 = AXIS2_PLACEMENT_3D('',#3270,#3271,#3272);
#3270 = CARTESIAN_POINT('',(8.551,82.5,2.849999952316));
#3271 = DIRECTION('',(0.,0.,1.));
#3272 = DIRECTION('',(0.,-1.,0.));
#3273 = ADVANCED_FACE('',(#3274,#3295),#3306,.T.);
#3274 = FACE_BOUND('',#3275,.T.);
#3275 = EDGE_LOOP('',(#3276,#3285,#3286,#3287,#3288));
#3276 = ORIENTED_EDGE('',*,*,#3277,.F.);
#3277 = EDGE_CURVE('',#1322,#3278,#3280,.T.);
#3278 = VERTEX_POINT('',#3279);
#3279 = CARTESIAN_POINT('',(27.6,78.5,0.649999952316));
#3280 = CIRCLE('',#3281,2.6);
#3281 = AXIS2_PLACEMENT_3D('',#3282,#3283,#3284);
#3282 = CARTESIAN_POINT('',(25.,78.5,0.649999952316));
#3283 = DIRECTION('',(0.,0.,1.));
#3284 = DIRECTION('',(1.,0.,0.));
#3285 = ORIENTED_EDGE('',*,*,#1329,.T.);
#3286 = ORIENTED_EDGE('',*,*,#1351,.F.);
#3287 = ORIENTED_EDGE('',*,*,#1265,.T.);
#3288 = ORIENTED_EDGE('',*,*,#3289,.F.);
#3289 = EDGE_CURVE('',#3278,#1266,#3290,.T.);
#3290 = CIRCLE('',#3291,2.6);
#3291 = AXIS2_PLACEMENT_3D('',#3292,#3293,#3294);
#3292 = CARTESIAN_POINT('',(25.,78.5,0.649999952316));
#3293 = DIRECTION('',(0.,0.,1.));
#3294 = DIRECTION('',(1.,0.,0.));
#3295 = FACE_BOUND('',#3296,.T.);
#3296 = EDGE_LOOP('',(#3297));
#3297 = ORIENTED_EDGE('',*,*,#3298,.T.);
#3298 = EDGE_CURVE('',#3299,#3299,#3301,.T.);
#3299 = VERTEX_POINT('',#3300);
#3300 = CARTESIAN_POINT('',(26.65,78.5,0.649999952316));
#3301 = CIRCLE('',#3302,1.65);
#3302 = AXIS2_PLACEMENT_3D('',#3303,#3304,#3305);
#3303 = CARTESIAN_POINT('',(25.,78.5,0.649999952316));
#3304 = DIRECTION('',(0.,0.,1.));
#3305 = DIRECTION('',(1.,0.,0.));
#3306 = PLANE('',#3307);
#3307 = AXIS2_PLACEMENT_3D('',#3308,#3309,#3310);
#3308 = CARTESIAN_POINT('',(25.05948118315,78.570688282901,
    0.649999952316));
#3309 = DIRECTION('',(-0.,-0.,-1.));
#3310 = DIRECTION('',(-1.,0.,0.));
#3311 = ADVANCED_FACE('',(#3312),#3334,.T.);
#3312 = FACE_BOUND('',#3313,.T.);
#3313 = EDGE_LOOP('',(#3314,#3315,#3316,#3325,#3332,#3333));
#3314 = ORIENTED_EDGE('',*,*,#3289,.T.);
#3315 = ORIENTED_EDGE('',*,*,#1273,.T.);
#3316 = ORIENTED_EDGE('',*,*,#3317,.F.);
#3317 = EDGE_CURVE('',#3318,#1274,#3320,.T.);
#3318 = VERTEX_POINT('',#3319);
#3319 = CARTESIAN_POINT('',(27.6,78.5,4.799999952316));
#3320 = CIRCLE('',#3321,2.6);
#3321 = AXIS2_PLACEMENT_3D('',#3322,#3323,#3324);
#3322 = CARTESIAN_POINT('',(25.,78.5,4.799999952316));
#3323 = DIRECTION('',(0.,0.,1.));
#3324 = DIRECTION('',(1.,0.,0.));
#3325 = ORIENTED_EDGE('',*,*,#3326,.F.);
#3326 = EDGE_CURVE('',#1314,#3318,#3327,.T.);
#3327 = CIRCLE('',#3328,2.6);
#3328 = AXIS2_PLACEMENT_3D('',#3329,#3330,#3331);
#3329 = CARTESIAN_POINT('',(25.,78.5,4.799999952316));
#3330 = DIRECTION('',(0.,0.,1.));
#3331 = DIRECTION('',(1.,0.,0.));
#3332 = ORIENTED_EDGE('',*,*,#1321,.F.);
#3333 = ORIENTED_EDGE('',*,*,#3277,.T.);
#3334 = CYLINDRICAL_SURFACE('',#3335,2.6);
#3335 = AXIS2_PLACEMENT_3D('',#3336,#3337,#3338);
#3336 = CARTESIAN_POINT('',(25.,78.5,0.649999952316));
#3337 = DIRECTION('',(0.,0.,1.));
#3338 = DIRECTION('',(1.,0.,0.));
#3339 = ADVANCED_FACE('',(#3340,#3353),#3364,.T.);
#3340 = FACE_BOUND('',#3341,.T.);
#3341 = EDGE_LOOP('',(#3342,#3343,#3344,#3345,#3352));
#3342 = ORIENTED_EDGE('',*,*,#3326,.T.);
#3343 = ORIENTED_EDGE('',*,*,#3317,.T.);
#3344 = ORIENTED_EDGE('',*,*,#1281,.F.);
#3345 = ORIENTED_EDGE('',*,*,#3346,.T.);
#3346 = EDGE_CURVE('',#1282,#1306,#3347,.T.);
#3347 = CIRCLE('',#3348,2.41);
#3348 = AXIS2_PLACEMENT_3D('',#3349,#3350,#3351);
#3349 = CARTESIAN_POINT('',(25.,78.5,4.799999952316));
#3350 = DIRECTION('',(0.,0.,1.));
#3351 = DIRECTION('',(1.,0.,0.));
#3352 = ORIENTED_EDGE('',*,*,#1313,.F.);
#3353 = FACE_BOUND('',#3354,.T.);
#3354 = EDGE_LOOP('',(#3355));
#3355 = ORIENTED_EDGE('',*,*,#3356,.F.);
#3356 = EDGE_CURVE('',#3357,#3357,#3359,.T.);
#3357 = VERTEX_POINT('',#3358);
#3358 = CARTESIAN_POINT('',(25.9,78.5,4.799999952316));
#3359 = CIRCLE('',#3360,0.9);
#3360 = AXIS2_PLACEMENT_3D('',#3361,#3362,#3363);
#3361 = CARTESIAN_POINT('',(25.,78.5,4.799999952316));
#3362 = DIRECTION('',(0.,0.,1.));
#3363 = DIRECTION('',(1.,0.,0.));
#3364 = PLANE('',#3365);
#3365 = AXIS2_PLACEMENT_3D('',#3366,#3367,#3368);
#3366 = CARTESIAN_POINT('',(25.05948118315,78.570688282901,
    4.799999952316));
#3367 = DIRECTION('',(0.,0.,1.));
#3368 = DIRECTION('',(1.,0.,0.));
#3369 = ADVANCED_FACE('',(#3370),#3382,.F.);
#3370 = FACE_BOUND('',#3371,.F.);
#3371 = EDGE_LOOP('',(#3372,#3379,#3380,#3381));
#3372 = ORIENTED_EDGE('',*,*,#3373,.F.);
#3373 = EDGE_CURVE('',#1290,#1298,#3374,.T.);
#3374 = CIRCLE('',#3375,2.41);
#3375 = AXIS2_PLACEMENT_3D('',#3376,#3377,#3378);
#3376 = CARTESIAN_POINT('',(25.,78.5,10.499999952316));
#3377 = DIRECTION('',(0.,0.,1.));
#3378 = DIRECTION('',(1.,0.,0.));
#3379 = ORIENTED_EDGE('',*,*,#1289,.F.);
#3380 = ORIENTED_EDGE('',*,*,#3346,.T.);
#3381 = ORIENTED_EDGE('',*,*,#1305,.T.);
#3382 = CYLINDRICAL_SURFACE('',#3383,2.41);
#3383 = AXIS2_PLACEMENT_3D('',#3384,#3385,#3386);
#3384 = CARTESIAN_POINT('',(25.,78.5,4.799999952316));
#3385 = DIRECTION('',(0.,0.,1.));
#3386 = DIRECTION('',(1.,0.,0.));
#3387 = ADVANCED_FACE('',(#3388),#3392,.F.);
#3388 = FACE_BOUND('',#3389,.F.);
#3389 = EDGE_LOOP('',(#3390,#3391));
#3390 = ORIENTED_EDGE('',*,*,#1297,.T.);
#3391 = ORIENTED_EDGE('',*,*,#3373,.T.);
#3392 = PLANE('',#3393);
#3393 = AXIS2_PLACEMENT_3D('',#3394,#3395,#3396);
#3394 = CARTESIAN_POINT('',(25.,78.5,10.499999952316));
#3395 = DIRECTION('',(0.,0.,1.));
#3396 = DIRECTION('',(1.,0.,0.));
#3397 = ADVANCED_FACE('',(#3398),#3413,.F.);
#3398 = FACE_BOUND('',#3399,.T.);
#3399 = EDGE_LOOP('',(#3400,#3401,#3407,#3408,#3409,#3410,#3411,#3412));
#3400 = ORIENTED_EDGE('',*,*,#2703,.F.);
#3401 = ORIENTED_EDGE('',*,*,#3402,.T.);
#3402 = EDGE_CURVE('',#2704,#1405,#3403,.T.);
#3403 = LINE('',#3404,#3405);
#3404 = CARTESIAN_POINT('',(40.035,82.5,6.699999952316));
#3405 = VECTOR('',#3406,1.);
#3406 = DIRECTION('',(0.,-1.,0.));
#3407 = ORIENTED_EDGE('',*,*,#1404,.T.);
#3408 = ORIENTED_EDGE('',*,*,#1241,.F.);
#3409 = ORIENTED_EDGE('',*,*,#1429,.T.);
#3410 = ORIENTED_EDGE('',*,*,#3402,.F.);
#3411 = ORIENTED_EDGE('',*,*,#2728,.F.);
#3412 = ORIENTED_EDGE('',*,*,#2629,.T.);
#3413 = CYLINDRICAL_SURFACE('',#3414,3.6);
#3414 = AXIS2_PLACEMENT_3D('',#3415,#3416,#3417);
#3415 = CARTESIAN_POINT('',(36.435,82.5,6.699999952316));
#3416 = DIRECTION('',(-0.,1.,-0.));
#3417 = DIRECTION('',(1.,0.,0.));
#3418 = ADVANCED_FACE('',(#3419),#3430,.F.);
#3419 = FACE_BOUND('',#3420,.T.);
#3420 = EDGE_LOOP('',(#3421,#3422,#3428,#3429));
#3421 = ORIENTED_EDGE('',*,*,#2597,.T.);
#3422 = ORIENTED_EDGE('',*,*,#3423,.T.);
#3423 = EDGE_CURVE('',#2590,#1202,#3424,.T.);
#3424 = LINE('',#3425,#3426);
#3425 = CARTESIAN_POINT('',(19.551,82.5,7.349999952316));
#3426 = VECTOR('',#3427,1.);
#3427 = DIRECTION('',(0.,-1.,0.));
#3428 = ORIENTED_EDGE('',*,*,#1209,.F.);
#3429 = ORIENTED_EDGE('',*,*,#3192,.F.);
#3430 = CYLINDRICAL_SURFACE('',#3431,1.);
#3431 = AXIS2_PLACEMENT_3D('',#3432,#3433,#3434);
#3432 = CARTESIAN_POINT('',(18.551,82.5,7.349999952316));
#3433 = DIRECTION('',(-0.,1.,-0.));
#3434 = DIRECTION('',(1.,0.,0.));
#3435 = ADVANCED_FACE('',(#3436),#3447,.F.);
#3436 = FACE_BOUND('',#3437,.F.);
#3437 = EDGE_LOOP('',(#3438,#3444,#3445,#3446));
#3438 = ORIENTED_EDGE('',*,*,#3439,.F.);
#3439 = EDGE_CURVE('',#2581,#1193,#3440,.T.);
#3440 = LINE('',#3441,#3442);
#3441 = CARTESIAN_POINT('',(19.551,82.5,3.849999952316));
#3442 = VECTOR('',#3443,1.);
#3443 = DIRECTION('',(0.,-1.,0.));
#3444 = ORIENTED_EDGE('',*,*,#2589,.F.);
#3445 = ORIENTED_EDGE('',*,*,#3423,.T.);
#3446 = ORIENTED_EDGE('',*,*,#1201,.T.);
#3447 = PLANE('',#3448);
#3448 = AXIS2_PLACEMENT_3D('',#3449,#3450,#3451);
#3449 = CARTESIAN_POINT('',(19.551,82.5,3.849999952316));
#3450 = DIRECTION('',(1.,0.,0.));
#3451 = DIRECTION('',(0.,-1.,0.));
#3452 = ADVANCED_FACE('',(#3453),#3459,.F.);
#3453 = FACE_BOUND('',#3454,.T.);
#3454 = EDGE_LOOP('',(#3455,#3456,#3457,#3458));
#3455 = ORIENTED_EDGE('',*,*,#3439,.F.);
#3456 = ORIENTED_EDGE('',*,*,#2580,.T.);
#3457 = ORIENTED_EDGE('',*,*,#3262,.T.);
#3458 = ORIENTED_EDGE('',*,*,#1192,.F.);
#3459 = CYLINDRICAL_SURFACE('',#3460,1.);
#3460 = AXIS2_PLACEMENT_3D('',#3461,#3462,#3463);
#3461 = CARTESIAN_POINT('',(18.551,82.5,3.849999952316));
#3462 = DIRECTION('',(-0.,1.,-0.));
#3463 = DIRECTION('',(1.,0.,0.));
#3464 = ADVANCED_FACE('',(#3465),#3484,.T.);
#3465 = FACE_BOUND('',#3466,.T.);
#3466 = EDGE_LOOP('',(#3467,#3475,#3482,#3483));
#3467 = ORIENTED_EDGE('',*,*,#3468,.F.);
#3468 = EDGE_CURVE('',#3469,#1380,#3471,.T.);
#3469 = VERTEX_POINT('',#3470);
#3470 = CARTESIAN_POINT('',(46.4,69.2,10.699999952316));
#3471 = LINE('',#3472,#3473);
#3472 = CARTESIAN_POINT('',(44.,69.2,10.699999952316));
#3473 = VECTOR('',#3474,1.);
#3474 = DIRECTION('',(1.,0.,0.));
#3475 = ORIENTED_EDGE('',*,*,#3476,.T.);
#3476 = EDGE_CURVE('',#3469,#3150,#3477,.T.);
#3477 = HYPERBOLA('',#3478,0.7,0.7);
#3478 = AXIS2_PLACEMENT_3D('',#3479,#3480,#3481);
#3479 = CARTESIAN_POINT('',(44.,69.2,8.199999952316));
#3480 = DIRECTION('',(0.,1.,0.));
#3481 = DIRECTION('',(0.,0.,1.));
#3482 = ORIENTED_EDGE('',*,*,#3158,.F.);
#3483 = ORIENTED_EDGE('',*,*,#1388,.T.);
#3484 = PLANE('',#3485);
#3485 = AXIS2_PLACEMENT_3D('',#3486,#3487,#3488);
#3486 = CARTESIAN_POINT('',(44.,69.2,10.699999952316));
#3487 = DIRECTION('',(0.,1.,0.));
#3488 = DIRECTION('',(0.,0.,1.));
#3489 = ADVANCED_FACE('',(#3490,#3510),#3539,.T.);
#3490 = FACE_BOUND('',#3491,.T.);
#3491 = EDGE_LOOP('',(#3492,#3493,#3494,#3495,#3503));
#3492 = ORIENTED_EDGE('',*,*,#3468,.T.);
#3493 = ORIENTED_EDGE('',*,*,#1379,.T.);
#3494 = ORIENTED_EDGE('',*,*,#1463,.T.);
#3495 = ORIENTED_EDGE('',*,*,#3496,.F.);
#3496 = EDGE_CURVE('',#3497,#1464,#3499,.T.);
#3497 = VERTEX_POINT('',#3498);
#3498 = CARTESIAN_POINT('',(46.4,67.8,10.699999952316));
#3499 = LINE('',#3500,#3501);
#3500 = CARTESIAN_POINT('',(44.,67.8,10.699999952316));
#3501 = VECTOR('',#3502,1.);
#3502 = DIRECTION('',(1.,0.,0.));
#3503 = ORIENTED_EDGE('',*,*,#3504,.F.);
#3504 = EDGE_CURVE('',#3469,#3497,#3505,.T.);
#3505 = CIRCLE('',#3506,2.5);
#3506 = AXIS2_PLACEMENT_3D('',#3507,#3508,#3509);
#3507 = CARTESIAN_POINT('',(44.,68.5,10.699999952316));
#3508 = DIRECTION('',(0.,0.,1.));
#3509 = DIRECTION('',(1.,0.,0.));
#3510 = FACE_BOUND('',#3511,.T.);
#3511 = EDGE_LOOP('',(#3512,#3523,#3532));
#3512 = ORIENTED_EDGE('',*,*,#3513,.F.);
#3513 = EDGE_CURVE('',#3514,#3516,#3518,.T.);
#3514 = VERTEX_POINT('',#3515);
#3515 = CARTESIAN_POINT('',(44.,67.85,10.699999952316));
#3516 = VERTEX_POINT('',#3517);
#3517 = CARTESIAN_POINT('',(44.,69.15,10.699999952316));
#3518 = CIRCLE('',#3519,0.65);
#3519 = AXIS2_PLACEMENT_3D('',#3520,#3521,#3522);
#3520 = CARTESIAN_POINT('',(44.,68.5,10.699999952316));
#3521 = DIRECTION('',(0.,0.,-1.));
#3522 = DIRECTION('',(1.,0.,0.));
#3523 = ORIENTED_EDGE('',*,*,#3524,.F.);
#3524 = EDGE_CURVE('',#3525,#3514,#3527,.T.);
#3525 = VERTEX_POINT('',#3526);
#3526 = CARTESIAN_POINT('',(44.65,68.5,10.699999952316));
#3527 = CIRCLE('',#3528,0.65);
#3528 = AXIS2_PLACEMENT_3D('',#3529,#3530,#3531);
#3529 = CARTESIAN_POINT('',(44.,68.5,10.699999952316));
#3530 = DIRECTION('',(0.,0.,-1.));
#3531 = DIRECTION('',(1.,0.,0.));
#3532 = ORIENTED_EDGE('',*,*,#3533,.F.);
#3533 = EDGE_CURVE('',#3516,#3525,#3534,.T.);
#3534 = CIRCLE('',#3535,0.65);
#3535 = AXIS2_PLACEMENT_3D('',#3536,#3537,#3538);
#3536 = CARTESIAN_POINT('',(44.,68.5,10.699999952316));
#3537 = DIRECTION('',(0.,0.,-1.));
#3538 = DIRECTION('',(1.,0.,0.));
#3539 = PLANE('',#3540);
#3540 = AXIS2_PLACEMENT_3D('',#3541,#3542,#3543);
#3541 = CARTESIAN_POINT('',(45.192205609263,68.499933097852,
    10.699999952316));
#3542 = DIRECTION('',(-0.,-0.,-1.));
#3543 = DIRECTION('',(-1.,0.,0.));
#3544 = ADVANCED_FACE('',(#3545),#3556,.F.);
#3545 = FACE_BOUND('',#3546,.T.);
#3546 = EDGE_LOOP('',(#3547,#3553,#3554,#3555));
#3547 = ORIENTED_EDGE('',*,*,#3548,.F.);
#3548 = EDGE_CURVE('',#1545,#2672,#3549,.T.);
#3549 = LINE('',#3550,#3551);
#3550 = CARTESIAN_POINT('',(43.,26.45,4.249999952316));
#3551 = VECTOR('',#3552,1.);
#3552 = DIRECTION('',(1.,0.,0.));
#3553 = ORIENTED_EDGE('',*,*,#1552,.T.);
#3554 = ORIENTED_EDGE('',*,*,#1703,.T.);
#3555 = ORIENTED_EDGE('',*,*,#2679,.F.);
#3556 = CYLINDRICAL_SURFACE('',#3557,0.5);
#3557 = AXIS2_PLACEMENT_3D('',#3558,#3559,#3560);
#3558 = CARTESIAN_POINT('',(43.,25.95,4.249999952316));
#3559 = DIRECTION('',(-1.,-0.,-0.));
#3560 = DIRECTION('',(0.,1.,0.));
#3561 = ADVANCED_FACE('',(#3562),#3573,.F.);
#3562 = FACE_BOUND('',#3563,.F.);
#3563 = EDGE_LOOP('',(#3564,#3565,#3566,#3572));
#3564 = ORIENTED_EDGE('',*,*,#3548,.F.);
#3565 = ORIENTED_EDGE('',*,*,#1544,.T.);
#3566 = ORIENTED_EDGE('',*,*,#3567,.T.);
#3567 = EDGE_CURVE('',#1536,#2663,#3568,.T.);
#3568 = LINE('',#3569,#3570);
#3569 = CARTESIAN_POINT('',(43.,26.45,5.649999952316));
#3570 = VECTOR('',#3571,1.);
#3571 = DIRECTION('',(1.,0.,0.));
#3572 = ORIENTED_EDGE('',*,*,#2671,.F.);
#3573 = PLANE('',#3574);
#3574 = AXIS2_PLACEMENT_3D('',#3575,#3576,#3577);
#3575 = CARTESIAN_POINT('',(43.,26.45,4.249999952316));
#3576 = DIRECTION('',(0.,1.,0.));
#3577 = DIRECTION('',(1.,0.,0.));
#3578 = ADVANCED_FACE('',(#3579),#3585,.F.);
#3579 = FACE_BOUND('',#3580,.T.);
#3580 = EDGE_LOOP('',(#3581,#3582,#3583,#3584));
#3581 = ORIENTED_EDGE('',*,*,#1535,.T.);
#3582 = ORIENTED_EDGE('',*,*,#3567,.T.);
#3583 = ORIENTED_EDGE('',*,*,#2662,.F.);
#3584 = ORIENTED_EDGE('',*,*,#1824,.F.);
#3585 = CYLINDRICAL_SURFACE('',#3586,0.5);
#3586 = AXIS2_PLACEMENT_3D('',#3587,#3588,#3589);
#3587 = CARTESIAN_POINT('',(43.,25.95,5.649999952316));
#3588 = DIRECTION('',(-1.,-0.,-0.));
#3589 = DIRECTION('',(0.,1.,0.));
#3590 = ADVANCED_FACE('',(#3591),#3610,.F.);
#3591 = FACE_BOUND('',#3592,.F.);
#3592 = EDGE_LOOP('',(#3593,#3601,#3608,#3609));
#3593 = ORIENTED_EDGE('',*,*,#3594,.F.);
#3594 = EDGE_CURVE('',#3595,#1496,#3597,.T.);
#3595 = VERTEX_POINT('',#3596);
#3596 = CARTESIAN_POINT('',(46.4,51.8,10.699999952316));
#3597 = LINE('',#3598,#3599);
#3598 = CARTESIAN_POINT('',(44.,51.8,10.699999952316));
#3599 = VECTOR('',#3600,1.);
#3600 = DIRECTION('',(1.,0.,0.));
#3601 = ORIENTED_EDGE('',*,*,#3602,.T.);
#3602 = EDGE_CURVE('',#3595,#2794,#3603,.T.);
#3603 = HYPERBOLA('',#3604,0.7,0.7);
#3604 = AXIS2_PLACEMENT_3D('',#3605,#3606,#3607);
#3605 = CARTESIAN_POINT('',(44.,51.8,8.199999952316));
#3606 = DIRECTION('',(0.,1.,0.));
#3607 = DIRECTION('',(0.,0.,1.));
#3608 = ORIENTED_EDGE('',*,*,#2793,.F.);
#3609 = ORIENTED_EDGE('',*,*,#1503,.F.);
#3610 = PLANE('',#3611);
#3611 = AXIS2_PLACEMENT_3D('',#3612,#3613,#3614);
#3612 = CARTESIAN_POINT('',(44.,51.8,10.699999952316));
#3613 = DIRECTION('',(0.,1.,0.));
#3614 = DIRECTION('',(0.,0.,1.));
#3615 = ADVANCED_FACE('',(#3616),#3635,.T.);
#3616 = FACE_BOUND('',#3617,.T.);
#3617 = EDGE_LOOP('',(#3618,#3626,#3627,#3628));
#3618 = ORIENTED_EDGE('',*,*,#3619,.T.);
#3619 = EDGE_CURVE('',#3620,#1488,#3622,.T.);
#3620 = VERTEX_POINT('',#3621);
#3621 = CARTESIAN_POINT('',(46.4,53.2,10.699999952316));
#3622 = LINE('',#3623,#3624);
#3623 = CARTESIAN_POINT('',(44.,53.2,10.699999952316));
#3624 = VECTOR('',#3625,1.);
#3625 = DIRECTION('',(1.,0.,0.));
#3626 = ORIENTED_EDGE('',*,*,#1495,.T.);
#3627 = ORIENTED_EDGE('',*,*,#3594,.F.);
#3628 = ORIENTED_EDGE('',*,*,#3629,.F.);
#3629 = EDGE_CURVE('',#3620,#3595,#3630,.T.);
#3630 = CIRCLE('',#3631,2.5);
#3631 = AXIS2_PLACEMENT_3D('',#3632,#3633,#3634);
#3632 = CARTESIAN_POINT('',(44.,52.5,10.699999952316));
#3633 = DIRECTION('',(0.,0.,1.));
#3634 = DIRECTION('',(1.,0.,0.));
#3635 = PLANE('',#3636);
#3636 = AXIS2_PLACEMENT_3D('',#3637,#3638,#3639);
#3637 = CARTESIAN_POINT('',(45.192556911395,52.5,10.699999952316));
#3638 = DIRECTION('',(-0.,-0.,-1.));
#3639 = DIRECTION('',(-1.,0.,0.));
#3640 = ADVANCED_FACE('',(#3641),#3653,.T.);
#3641 = FACE_BOUND('',#3642,.T.);
#3642 = EDGE_LOOP('',(#3643,#3644,#3651,#3652));
#3643 = ORIENTED_EDGE('',*,*,#3619,.F.);
#3644 = ORIENTED_EDGE('',*,*,#3645,.T.);
#3645 = EDGE_CURVE('',#3620,#2802,#3646,.T.);
#3646 = HYPERBOLA('',#3647,0.7,0.7);
#3647 = AXIS2_PLACEMENT_3D('',#3648,#3649,#3650);
#3648 = CARTESIAN_POINT('',(44.,53.2,8.199999952316));
#3649 = DIRECTION('',(0.,1.,0.));
#3650 = DIRECTION('',(0.,0.,1.));
#3651 = ORIENTED_EDGE('',*,*,#2810,.F.);
#3652 = ORIENTED_EDGE('',*,*,#1487,.F.);
#3653 = PLANE('',#3654);
#3654 = AXIS2_PLACEMENT_3D('',#3655,#3656,#3657);
#3655 = CARTESIAN_POINT('',(44.,53.2,10.699999952316));
#3656 = DIRECTION('',(0.,1.,0.));
#3657 = DIRECTION('',(0.,0.,1.));
#3658 = ADVANCED_FACE('',(#3659),#3671,.F.);
#3659 = FACE_BOUND('',#3660,.F.);
#3660 = EDGE_LOOP('',(#3661,#3662,#3669,#3670));
#3661 = ORIENTED_EDGE('',*,*,#3496,.F.);
#3662 = ORIENTED_EDGE('',*,*,#3663,.T.);
#3663 = EDGE_CURVE('',#3497,#2818,#3664,.T.);
#3664 = HYPERBOLA('',#3665,0.7,0.7);
#3665 = AXIS2_PLACEMENT_3D('',#3666,#3667,#3668);
#3666 = CARTESIAN_POINT('',(44.,67.8,8.199999952316));
#3667 = DIRECTION('',(0.,1.,0.));
#3668 = DIRECTION('',(0.,0.,1.));
#3669 = ORIENTED_EDGE('',*,*,#2817,.F.);
#3670 = ORIENTED_EDGE('',*,*,#1471,.F.);
#3671 = PLANE('',#3672);
#3672 = AXIS2_PLACEMENT_3D('',#3673,#3674,#3675);
#3673 = CARTESIAN_POINT('',(44.,67.8,10.699999952316));
#3674 = DIRECTION('',(0.,1.,0.));
#3675 = DIRECTION('',(0.,0.,1.));
#3676 = ADVANCED_FACE('',(#3677),#3702,.T.);
#3677 = FACE_BOUND('',#3678,.T.);
#3678 = EDGE_LOOP('',(#3679,#3680,#3688,#3696));
#3679 = ORIENTED_EDGE('',*,*,#1569,.F.);
#3680 = ORIENTED_EDGE('',*,*,#3681,.F.);
#3681 = EDGE_CURVE('',#3682,#1570,#3684,.T.);
#3682 = VERTEX_POINT('',#3683);
#3683 = CARTESIAN_POINT('',(45.8,58.15,8.699999952316));
#3684 = LINE('',#3685,#3686);
#3685 = CARTESIAN_POINT('',(45.8,58.15,8.699999952316));
#3686 = VECTOR('',#3687,1.);
#3687 = DIRECTION('',(1.,0.,0.));
#3688 = ORIENTED_EDGE('',*,*,#3689,.T.);
#3689 = EDGE_CURVE('',#3682,#3690,#3692,.T.);
#3690 = VERTEX_POINT('',#3691);
#3691 = CARTESIAN_POINT('',(45.8,58.15,9.699999952316));
#3692 = LINE('',#3693,#3694);
#3693 = CARTESIAN_POINT('',(45.8,58.15,8.699999952316));
#3694 = VECTOR('',#3695,1.);
#3695 = DIRECTION('',(0.,0.,1.));
#3696 = ORIENTED_EDGE('',*,*,#3697,.T.);
#3697 = EDGE_CURVE('',#3690,#1572,#3698,.T.);
#3698 = LINE('',#3699,#3700);
#3699 = CARTESIAN_POINT('',(45.8,58.15,9.699999952316));
#3700 = VECTOR('',#3701,1.);
#3701 = DIRECTION('',(1.,0.,0.));
#3702 = PLANE('',#3703);
#3703 = AXIS2_PLACEMENT_3D('',#3704,#3705,#3706);
#3704 = CARTESIAN_POINT('',(47.3,58.15,9.199999952316));
#3705 = DIRECTION('',(0.,1.,0.));
#3706 = DIRECTION('',(0.,0.,1.));
#3707 = ADVANCED_FACE('',(#3708),#3742,.F.);
#3708 = FACE_BOUND('',#3709,.F.);
#3709 = EDGE_LOOP('',(#3710,#3711,#3719,#3727,#3735,#3741));
#3710 = ORIENTED_EDGE('',*,*,#3681,.F.);
#3711 = ORIENTED_EDGE('',*,*,#3712,.F.);
#3712 = EDGE_CURVE('',#3713,#3682,#3715,.T.);
#3713 = VERTEX_POINT('',#3714);
#3714 = CARTESIAN_POINT('',(45.8,56.95,8.699999952316));
#3715 = LINE('',#3716,#3717);
#3716 = CARTESIAN_POINT('',(45.8,56.95,8.699999952316));
#3717 = VECTOR('',#3718,1.);
#3718 = DIRECTION('',(0.,1.,0.));
#3719 = ORIENTED_EDGE('',*,*,#3720,.T.);
#3720 = EDGE_CURVE('',#3713,#3721,#3723,.T.);
#3721 = VERTEX_POINT('',#3722);
#3722 = CARTESIAN_POINT('',(48.9,56.95,8.699999952316));
#3723 = LINE('',#3724,#3725);
#3724 = CARTESIAN_POINT('',(45.8,56.95,8.699999952316));
#3725 = VECTOR('',#3726,1.);
#3726 = DIRECTION('',(1.,0.,0.));
#3727 = ORIENTED_EDGE('',*,*,#3728,.T.);
#3728 = EDGE_CURVE('',#3721,#3729,#3731,.T.);
#3729 = VERTEX_POINT('',#3730);
#3730 = CARTESIAN_POINT('',(48.9,57.,8.699999952316));
#3731 = LINE('',#3732,#3733);
#3732 = CARTESIAN_POINT('',(48.9,56.95,8.699999952316));
#3733 = VECTOR('',#3734,1.);
#3734 = DIRECTION('',(0.,1.,0.));
#3735 = ORIENTED_EDGE('',*,*,#3736,.F.);
#3736 = EDGE_CURVE('',#1580,#3729,#3737,.T.);
#3737 = LINE('',#3738,#3739);
#3738 = CARTESIAN_POINT('',(47.25,57.,8.699999952316));
#3739 = VECTOR('',#3740,1.);
#3740 = DIRECTION('',(1.,0.,0.));
#3741 = ORIENTED_EDGE('',*,*,#1579,.F.);
#3742 = PLANE('',#3743);
#3743 = AXIS2_PLACEMENT_3D('',#3744,#3745,#3746);
#3744 = CARTESIAN_POINT('',(45.8,56.95,8.699999952316));
#3745 = DIRECTION('',(0.,0.,1.));
#3746 = DIRECTION('',(1.,0.,0.));
#3747 = ADVANCED_FACE('',(#3748),#3766,.T.);
#3748 = FACE_BOUND('',#3749,.T.);
#3749 = EDGE_LOOP('',(#3750,#3751,#3759,#3765));
#3750 = ORIENTED_EDGE('',*,*,#3697,.F.);
#3751 = ORIENTED_EDGE('',*,*,#3752,.F.);
#3752 = EDGE_CURVE('',#3753,#3690,#3755,.T.);
#3753 = VERTEX_POINT('',#3754);
#3754 = CARTESIAN_POINT('',(45.8,56.95,9.699999952316));
#3755 = LINE('',#3756,#3757);
#3756 = CARTESIAN_POINT('',(45.8,56.95,9.699999952316));
#3757 = VECTOR('',#3758,1.);
#3758 = DIRECTION('',(0.,1.,0.));
#3759 = ORIENTED_EDGE('',*,*,#3760,.T.);
#3760 = EDGE_CURVE('',#3753,#1656,#3761,.T.);
#3761 = LINE('',#3762,#3763);
#3762 = CARTESIAN_POINT('',(45.8,56.95,9.699999952316));
#3763 = VECTOR('',#3764,1.);
#3764 = DIRECTION('',(1.,0.,0.));
#3765 = ORIENTED_EDGE('',*,*,#1663,.F.);
#3766 = PLANE('',#3767);
#3767 = AXIS2_PLACEMENT_3D('',#3768,#3769,#3770);
#3768 = CARTESIAN_POINT('',(45.8,56.95,9.699999952316));
#3769 = DIRECTION('',(0.,0.,1.));
#3770 = DIRECTION('',(1.,0.,0.));
#3771 = ADVANCED_FACE('',(#3772),#3806,.F.);
#3772 = FACE_BOUND('',#3773,.F.);
#3773 = EDGE_LOOP('',(#3774,#3784,#3790,#3791,#3792,#3800));
#3774 = ORIENTED_EDGE('',*,*,#3775,.F.);
#3775 = EDGE_CURVE('',#3776,#3778,#3780,.T.);
#3776 = VERTEX_POINT('',#3777);
#3777 = CARTESIAN_POINT('',(49.,57.,0.699999952316));
#3778 = VERTEX_POINT('',#3779);
#3779 = CARTESIAN_POINT('',(49.,57.,9.449999952316));
#3780 = LINE('',#3781,#3782);
#3781 = CARTESIAN_POINT('',(49.,57.,9.999995231628E-02));
#3782 = VECTOR('',#3783,1.);
#3783 = DIRECTION('',(0.,0.,1.));
#3784 = ORIENTED_EDGE('',*,*,#3785,.F.);
#3785 = EDGE_CURVE('',#1588,#3776,#3786,.T.);
#3786 = LINE('',#3787,#3788);
#3787 = CARTESIAN_POINT('',(48.7,57.,0.699999952316));
#3788 = VECTOR('',#3789,1.);
#3789 = DIRECTION('',(1.,0.,0.));
#3790 = ORIENTED_EDGE('',*,*,#1587,.T.);
#3791 = ORIENTED_EDGE('',*,*,#3736,.T.);
#3792 = ORIENTED_EDGE('',*,*,#3793,.F.);
#3793 = EDGE_CURVE('',#3794,#3729,#3796,.T.);
#3794 = VERTEX_POINT('',#3795);
#3795 = CARTESIAN_POINT('',(48.9,57.,9.449999952316));
#3796 = LINE('',#3797,#3798);
#3797 = CARTESIAN_POINT('',(48.9,57.,4.399999952316));
#3798 = VECTOR('',#3799,1.);
#3799 = DIRECTION('',(0.,0.,-1.));
#3800 = ORIENTED_EDGE('',*,*,#3801,.T.);
#3801 = EDGE_CURVE('',#3794,#3778,#3802,.T.);
#3802 = LINE('',#3803,#3804);
#3803 = CARTESIAN_POINT('',(48.7,57.,9.449999952316));
#3804 = VECTOR('',#3805,1.);
#3805 = DIRECTION('',(1.,0.,0.));
#3806 = PLANE('',#3807);
#3807 = AXIS2_PLACEMENT_3D('',#3808,#3809,#3810);
#3808 = CARTESIAN_POINT('',(48.7,57.,9.999995231628E-02));
#3809 = DIRECTION('',(0.,1.,0.));
#3810 = DIRECTION('',(0.,0.,1.));
#3811 = ADVANCED_FACE('',(#3812),#3837,.T.);
#3812 = FACE_BOUND('',#3813,.T.);
#3813 = EDGE_LOOP('',(#3814,#3815,#3816,#3822,#3823,#3831));
#3814 = ORIENTED_EDGE('',*,*,#1655,.T.);
#3815 = ORIENTED_EDGE('',*,*,#3760,.F.);
#3816 = ORIENTED_EDGE('',*,*,#3817,.F.);
#3817 = EDGE_CURVE('',#3713,#3753,#3818,.T.);
#3818 = LINE('',#3819,#3820);
#3819 = CARTESIAN_POINT('',(45.8,56.95,9.099999952316));
#3820 = VECTOR('',#3821,1.);
#3821 = DIRECTION('',(0.,0.,1.));
#3822 = ORIENTED_EDGE('',*,*,#3720,.T.);
#3823 = ORIENTED_EDGE('',*,*,#3824,.T.);
#3824 = EDGE_CURVE('',#3721,#3825,#3827,.T.);
#3825 = VERTEX_POINT('',#3826);
#3826 = CARTESIAN_POINT('',(48.9,56.95,9.689791528482));
#3827 = LINE('',#3828,#3829);
#3828 = CARTESIAN_POINT('',(48.9,56.95,8.699999952316));
#3829 = VECTOR('',#3830,1.);
#3830 = DIRECTION('',(0.,0.,1.));
#3831 = ORIENTED_EDGE('',*,*,#3832,.F.);
#3832 = EDGE_CURVE('',#1647,#3825,#3833,.T.);
#3833 = LINE('',#3834,#3835);
#3834 = CARTESIAN_POINT('',(48.7,56.95,9.689791528482));
#3835 = VECTOR('',#3836,1.);
#3836 = DIRECTION('',(1.,0.,0.));
#3837 = PLANE('',#3838);
#3838 = AXIS2_PLACEMENT_3D('',#3839,#3840,#3841);
#3839 = CARTESIAN_POINT('',(47.349875507026,56.95,9.199875459343));
#3840 = DIRECTION('',(-0.,-1.,-0.));
#3841 = DIRECTION('',(0.,0.,-1.));
#3842 = ADVANCED_FACE('',(#3843),#3862,.F.);
#3843 = FACE_BOUND('',#3844,.T.);
#3844 = EDGE_LOOP('',(#3845,#3846,#3847,#3855));
#3845 = ORIENTED_EDGE('',*,*,#3785,.F.);
#3846 = ORIENTED_EDGE('',*,*,#1595,.F.);
#3847 = ORIENTED_EDGE('',*,*,#3848,.T.);
#3848 = EDGE_CURVE('',#1596,#3849,#3851,.T.);
#3849 = VERTEX_POINT('',#3850);
#3850 = CARTESIAN_POINT('',(49.,56.4,9.999995231628E-02));
#3851 = LINE('',#3852,#3853);
#3852 = CARTESIAN_POINT('',(48.7,56.4,9.999995231628E-02));
#3853 = VECTOR('',#3854,1.);
#3854 = DIRECTION('',(1.,0.,0.));
#3855 = ORIENTED_EDGE('',*,*,#3856,.F.);
#3856 = EDGE_CURVE('',#3776,#3849,#3857,.T.);
#3857 = CIRCLE('',#3858,0.6);
#3858 = AXIS2_PLACEMENT_3D('',#3859,#3860,#3861);
#3859 = CARTESIAN_POINT('',(49.,56.4,0.699999952316));
#3860 = DIRECTION('',(-1.,0.,0.));
#3861 = DIRECTION('',(0.,0.,1.));
#3862 = CYLINDRICAL_SURFACE('',#3863,0.6);
#3863 = AXIS2_PLACEMENT_3D('',#3864,#3865,#3866);
#3864 = CARTESIAN_POINT('',(48.7,56.4,0.699999952316));
#3865 = DIRECTION('',(1.,0.,0.));
#3866 = DIRECTION('',(0.,1.,0.));
#3867 = ADVANCED_FACE('',(#3868),#3895,.F.);
#3868 = FACE_BOUND('',#3869,.F.);
#3869 = EDGE_LOOP('',(#3870,#3871,#3878,#3879,#3880,#3888));
#3870 = ORIENTED_EDGE('',*,*,#3801,.F.);
#3871 = ORIENTED_EDGE('',*,*,#3872,.T.);
#3872 = EDGE_CURVE('',#3794,#3825,#3873,.T.);
#3873 = CIRCLE('',#3874,0.6);
#3874 = AXIS2_PLACEMENT_3D('',#3875,#3876,#3877);
#3875 = CARTESIAN_POINT('',(48.9,56.4,9.449999952316));
#3876 = DIRECTION('',(1.,0.,0.));
#3877 = DIRECTION('',(0.,1.,0.));
#3878 = ORIENTED_EDGE('',*,*,#3832,.F.);
#3879 = ORIENTED_EDGE('',*,*,#1646,.T.);
#3880 = ORIENTED_EDGE('',*,*,#3881,.T.);
#3881 = EDGE_CURVE('',#1639,#3882,#3884,.T.);
#3882 = VERTEX_POINT('',#3883);
#3883 = CARTESIAN_POINT('',(49.,56.4,10.049999952316));
#3884 = LINE('',#3885,#3886);
#3885 = CARTESIAN_POINT('',(48.7,56.4,10.049999952316));
#3886 = VECTOR('',#3887,1.);
#3887 = DIRECTION('',(1.,0.,0.));
#3888 = ORIENTED_EDGE('',*,*,#3889,.F.);
#3889 = EDGE_CURVE('',#3778,#3882,#3890,.T.);
#3890 = CIRCLE('',#3891,0.6);
#3891 = AXIS2_PLACEMENT_3D('',#3892,#3893,#3894);
#3892 = CARTESIAN_POINT('',(49.,56.4,9.449999952316));
#3893 = DIRECTION('',(1.,0.,-0.));
#3894 = DIRECTION('',(0.,0.,1.));
#3895 = CYLINDRICAL_SURFACE('',#3896,0.6);
#3896 = AXIS2_PLACEMENT_3D('',#3897,#3898,#3899);
#3897 = CARTESIAN_POINT('',(48.7,56.4,9.449999952316));
#3898 = DIRECTION('',(1.,0.,0.));
#3899 = DIRECTION('',(0.,1.,0.));
#3900 = ADVANCED_FACE('',(#3901),#3919,.T.);
#3901 = FACE_BOUND('',#3902,.T.);
#3902 = EDGE_LOOP('',(#3903,#3904,#3912,#3918));
#3903 = ORIENTED_EDGE('',*,*,#1604,.T.);
#3904 = ORIENTED_EDGE('',*,*,#3905,.T.);
#3905 = EDGE_CURVE('',#1605,#3906,#3908,.T.);
#3906 = VERTEX_POINT('',#3907);
#3907 = CARTESIAN_POINT('',(49.,50.,9.999995231628E-02));
#3908 = LINE('',#3909,#3910);
#3909 = CARTESIAN_POINT('',(48.7,50.,9.999995231628E-02));
#3910 = VECTOR('',#3911,1.);
#3911 = DIRECTION('',(1.,0.,0.));
#3912 = ORIENTED_EDGE('',*,*,#3913,.T.);
#3913 = EDGE_CURVE('',#3906,#3849,#3914,.T.);
#3914 = LINE('',#3915,#3916);
#3915 = CARTESIAN_POINT('',(49.,49.4,9.999995231628E-02));
#3916 = VECTOR('',#3917,1.);
#3917 = DIRECTION('',(0.,1.,0.));
#3918 = ORIENTED_EDGE('',*,*,#3848,.F.);
#3919 = PLANE('',#3920);
#3920 = AXIS2_PLACEMENT_3D('',#3921,#3922,#3923);
#3921 = CARTESIAN_POINT('',(48.7,49.4,9.999995231628E-02));
#3922 = DIRECTION('',(0.,0.,1.));
#3923 = DIRECTION('',(1.,0.,0.));
#3924 = ADVANCED_FACE('',(#3925),#3943,.F.);
#3925 = FACE_BOUND('',#3926,.F.);
#3926 = EDGE_LOOP('',(#3927,#3928,#3936,#3942));
#3927 = ORIENTED_EDGE('',*,*,#1638,.T.);
#3928 = ORIENTED_EDGE('',*,*,#3929,.T.);
#3929 = EDGE_CURVE('',#1630,#3930,#3932,.T.);
#3930 = VERTEX_POINT('',#3931);
#3931 = CARTESIAN_POINT('',(49.,50.,10.049999952316));
#3932 = LINE('',#3933,#3934);
#3933 = CARTESIAN_POINT('',(48.7,50.,10.049999952316));
#3934 = VECTOR('',#3935,1.);
#3935 = DIRECTION('',(1.,0.,0.));
#3936 = ORIENTED_EDGE('',*,*,#3937,.T.);
#3937 = EDGE_CURVE('',#3930,#3882,#3938,.T.);
#3938 = LINE('',#3939,#3940);
#3939 = CARTESIAN_POINT('',(49.,49.4,10.049999952316));
#3940 = VECTOR('',#3941,1.);
#3941 = DIRECTION('',(0.,1.,0.));
#3942 = ORIENTED_EDGE('',*,*,#3881,.F.);
#3943 = PLANE('',#3944);
#3944 = AXIS2_PLACEMENT_3D('',#3945,#3946,#3947);
#3945 = CARTESIAN_POINT('',(48.7,49.4,10.049999952316));
#3946 = DIRECTION('',(0.,0.,1.));
#3947 = DIRECTION('',(1.,0.,0.));
#3948 = ADVANCED_FACE('',(#3949),#3968,.F.);
#3949 = FACE_BOUND('',#3950,.F.);
#3950 = EDGE_LOOP('',(#3951,#3959,#3960,#3961));
#3951 = ORIENTED_EDGE('',*,*,#3952,.F.);
#3952 = EDGE_CURVE('',#1613,#3953,#3955,.T.);
#3953 = VERTEX_POINT('',#3954);
#3954 = CARTESIAN_POINT('',(49.,49.4,0.699999952316));
#3955 = LINE('',#3956,#3957);
#3956 = CARTESIAN_POINT('',(48.7,49.4,0.699999952316));
#3957 = VECTOR('',#3958,1.);
#3958 = DIRECTION('',(1.,0.,0.));
#3959 = ORIENTED_EDGE('',*,*,#1612,.T.);
#3960 = ORIENTED_EDGE('',*,*,#3905,.T.);
#3961 = ORIENTED_EDGE('',*,*,#3962,.F.);
#3962 = EDGE_CURVE('',#3953,#3906,#3963,.T.);
#3963 = CIRCLE('',#3964,0.6);
#3964 = AXIS2_PLACEMENT_3D('',#3965,#3966,#3967);
#3965 = CARTESIAN_POINT('',(49.,50.,0.699999952316));
#3966 = DIRECTION('',(1.,0.,-0.));
#3967 = DIRECTION('',(0.,0.,1.));
#3968 = CYLINDRICAL_SURFACE('',#3969,0.6);
#3969 = AXIS2_PLACEMENT_3D('',#3970,#3971,#3972);
#3970 = CARTESIAN_POINT('',(48.7,50.,0.699999952316));
#3971 = DIRECTION('',(1.,0.,0.));
#3972 = DIRECTION('',(0.,-1.,0.));
#3973 = ADVANCED_FACE('',(#3974),#3993,.F.);
#3974 = FACE_BOUND('',#3975,.T.);
#3975 = EDGE_LOOP('',(#3976,#3984,#3985,#3986));
#3976 = ORIENTED_EDGE('',*,*,#3977,.F.);
#3977 = EDGE_CURVE('',#1622,#3978,#3980,.T.);
#3978 = VERTEX_POINT('',#3979);
#3979 = CARTESIAN_POINT('',(49.,49.4,9.449999952316));
#3980 = LINE('',#3981,#3982);
#3981 = CARTESIAN_POINT('',(48.7,49.4,9.449999952316));
#3982 = VECTOR('',#3983,1.);
#3983 = DIRECTION('',(1.,0.,0.));
#3984 = ORIENTED_EDGE('',*,*,#1629,.F.);
#3985 = ORIENTED_EDGE('',*,*,#3929,.T.);
#3986 = ORIENTED_EDGE('',*,*,#3987,.F.);
#3987 = EDGE_CURVE('',#3978,#3930,#3988,.T.);
#3988 = CIRCLE('',#3989,0.6);
#3989 = AXIS2_PLACEMENT_3D('',#3990,#3991,#3992);
#3990 = CARTESIAN_POINT('',(49.,50.,9.449999952316));
#3991 = DIRECTION('',(-1.,0.,0.));
#3992 = DIRECTION('',(0.,0.,1.));
#3993 = CYLINDRICAL_SURFACE('',#3994,0.6);
#3994 = AXIS2_PLACEMENT_3D('',#3995,#3996,#3997);
#3995 = CARTESIAN_POINT('',(48.7,50.,9.449999952316));
#3996 = DIRECTION('',(1.,0.,0.));
#3997 = DIRECTION('',(0.,-1.,0.));
#3998 = ADVANCED_FACE('',(#3999),#4010,.T.);
#3999 = FACE_BOUND('',#4000,.T.);
#4000 = EDGE_LOOP('',(#4001,#4007,#4008,#4009));
#4001 = ORIENTED_EDGE('',*,*,#4002,.F.);
#4002 = EDGE_CURVE('',#3953,#3978,#4003,.T.);
#4003 = LINE('',#4004,#4005);
#4004 = CARTESIAN_POINT('',(49.,49.4,9.999995231628E-02));
#4005 = VECTOR('',#4006,1.);
#4006 = DIRECTION('',(0.,0.,1.));
#4007 = ORIENTED_EDGE('',*,*,#3952,.F.);
#4008 = ORIENTED_EDGE('',*,*,#1621,.T.);
#4009 = ORIENTED_EDGE('',*,*,#3977,.T.);
#4010 = PLANE('',#4011);
#4011 = AXIS2_PLACEMENT_3D('',#4012,#4013,#4014);
#4012 = CARTESIAN_POINT('',(48.7,49.4,9.999995231628E-02));
#4013 = DIRECTION('',(0.,1.,0.));
#4014 = DIRECTION('',(0.,0.,1.));
#4015 = ADVANCED_FACE('',(#4016),#4022,.F.);
#4016 = FACE_BOUND('',#4017,.F.);
#4017 = EDGE_LOOP('',(#4018,#4019,#4020,#4021));
#4018 = ORIENTED_EDGE('',*,*,#2297,.F.);
#4019 = ORIENTED_EDGE('',*,*,#1956,.T.);
#4020 = ORIENTED_EDGE('',*,*,#1980,.T.);
#4021 = ORIENTED_EDGE('',*,*,#2027,.F.);
#4022 = PLANE('',#4023);
#4023 = AXIS2_PLACEMENT_3D('',#4024,#4025,#4026);
#4024 = CARTESIAN_POINT('',(13.9,2.99,11.349999952316));
#4025 = DIRECTION('',(0.,0.,1.));
#4026 = DIRECTION('',(1.,0.,0.));
#4027 = ADVANCED_FACE('',(#4028,#4098),#4108,.T.);
#4028 = FACE_BOUND('',#4029,.T.);
#4029 = EDGE_LOOP('',(#4030,#4040,#4049,#4057,#4066,#4074,#4083,#4091));
#4030 = ORIENTED_EDGE('',*,*,#4031,.T.);
#4031 = EDGE_CURVE('',#4032,#4034,#4036,.T.);
#4032 = VERTEX_POINT('',#4033);
#4033 = CARTESIAN_POINT('',(11.8,2.1,12.399999952316));
#4034 = VERTEX_POINT('',#4035);
#4035 = CARTESIAN_POINT('',(38.2,2.1,12.399999952316));
#4036 = LINE('',#4037,#4038);
#4037 = CARTESIAN_POINT('',(11.8,2.1,12.399999952316));
#4038 = VECTOR('',#4039,1.);
#4039 = DIRECTION('',(1.,0.,0.));
#4040 = ORIENTED_EDGE('',*,*,#4041,.T.);
#4041 = EDGE_CURVE('',#4034,#4042,#4044,.T.);
#4042 = VERTEX_POINT('',#4043);
#4043 = CARTESIAN_POINT('',(48.4,12.3,12.399999952316));
#4044 = CIRCLE('',#4045,10.2);
#4045 = AXIS2_PLACEMENT_3D('',#4046,#4047,#4048);
#4046 = CARTESIAN_POINT('',(38.2,12.3,12.399999952316));
#4047 = DIRECTION('',(0.,0.,1.));
#4048 = DIRECTION('',(-7.1E-16,-1.,0.));
#4049 = ORIENTED_EDGE('',*,*,#4050,.T.);
#4050 = EDGE_CURVE('',#4042,#4051,#4053,.T.);
#4051 = VERTEX_POINT('',#4052);
#4052 = CARTESIAN_POINT('',(48.4,29.9,12.399999952316));
#4053 = LINE('',#4054,#4055);
#4054 = CARTESIAN_POINT('',(48.4,12.3,12.399999952316));
#4055 = VECTOR('',#4056,1.);
#4056 = DIRECTION('',(0.,1.,0.));
#4057 = ORIENTED_EDGE('',*,*,#4058,.T.);
#4058 = EDGE_CURVE('',#4051,#4059,#4061,.T.);
#4059 = VERTEX_POINT('',#4060);
#4060 = CARTESIAN_POINT('',(38.2,40.1,12.399999952316));
#4061 = CIRCLE('',#4062,10.2);
#4062 = AXIS2_PLACEMENT_3D('',#4063,#4064,#4065);
#4063 = CARTESIAN_POINT('',(38.2,29.9,12.399999952316));
#4064 = DIRECTION('',(0.,-0.,1.));
#4065 = DIRECTION('',(1.,3.6E-16,0.));
#4066 = ORIENTED_EDGE('',*,*,#4067,.T.);
#4067 = EDGE_CURVE('',#4059,#4068,#4070,.T.);
#4068 = VERTEX_POINT('',#4069);
#4069 = CARTESIAN_POINT('',(11.8,40.1,12.399999952316));
#4070 = LINE('',#4071,#4072);
#4071 = CARTESIAN_POINT('',(38.2,40.1,12.399999952316));
#4072 = VECTOR('',#4073,1.);
#4073 = DIRECTION('',(-1.,0.,0.));
#4074 = ORIENTED_EDGE('',*,*,#4075,.T.);
#4075 = EDGE_CURVE('',#4068,#4076,#4078,.T.);
#4076 = VERTEX_POINT('',#4077);
#4077 = CARTESIAN_POINT('',(1.6,29.9,12.399999952316));
#4078 = CIRCLE('',#4079,10.2);
#4079 = AXIS2_PLACEMENT_3D('',#4080,#4081,#4082);
#4080 = CARTESIAN_POINT('',(11.8,29.9,12.399999952316));
#4081 = DIRECTION('',(0.,-0.,1.));
#4082 = DIRECTION('',(5.4E-16,1.,0.));
#4083 = ORIENTED_EDGE('',*,*,#4084,.T.);
#4084 = EDGE_CURVE('',#4076,#4085,#4087,.T.);
#4085 = VERTEX_POINT('',#4086);
#4086 = CARTESIAN_POINT('',(1.6,12.3,12.399999952316));
#4087 = LINE('',#4088,#4089);
#4088 = CARTESIAN_POINT('',(1.6,29.9,12.399999952316));
#4089 = VECTOR('',#4090,1.);
#4090 = DIRECTION('',(0.,-1.,0.));
#4091 = ORIENTED_EDGE('',*,*,#4092,.T.);
#4092 = EDGE_CURVE('',#4085,#4032,#4093,.T.);
#4093 = CIRCLE('',#4094,10.2);
#4094 = AXIS2_PLACEMENT_3D('',#4095,#4096,#4097);
#4095 = CARTESIAN_POINT('',(11.8,12.3,12.399999952316));
#4096 = DIRECTION('',(0.,0.,1.));
#4097 = DIRECTION('',(-1.,1.8E-16,0.));
#4098 = FACE_BOUND('',#4099,.T.);
#4099 = EDGE_LOOP('',(#4100,#4101,#4102,#4103,#4104,#4105,#4106,#4107));
#4100 = ORIENTED_EDGE('',*,*,#2043,.T.);
#4101 = ORIENTED_EDGE('',*,*,#2011,.T.);
#4102 = ORIENTED_EDGE('',*,*,#2278,.T.);
#4103 = ORIENTED_EDGE('',*,*,#2254,.T.);
#4104 = ORIENTED_EDGE('',*,*,#2229,.T.);
#4105 = ORIENTED_EDGE('',*,*,#2125,.T.);
#4106 = ORIENTED_EDGE('',*,*,#2092,.T.);
#4107 = ORIENTED_EDGE('',*,*,#2068,.T.);
#4108 = PLANE('',#4109);
#4109 = AXIS2_PLACEMENT_3D('',#4110,#4111,#4112);
#4110 = CARTESIAN_POINT('',(25.,21.1,12.399999952316));
#4111 = DIRECTION('',(0.,0.,1.));
#4112 = DIRECTION('',(1.,0.,0.));
#4113 = ADVANCED_FACE('',(#4114),#4120,.F.);
#4114 = FACE_BOUND('',#4115,.F.);
#4115 = EDGE_LOOP('',(#4116,#4117,#4118,#4119));
#4116 = ORIENTED_EDGE('',*,*,#2210,.F.);
#4117 = ORIENTED_EDGE('',*,*,#2148,.F.);
#4118 = ORIENTED_EDGE('',*,*,#2162,.T.);
#4119 = ORIENTED_EDGE('',*,*,#2196,.F.);
#4120 = PLANE('',#4121);
#4121 = AXIS2_PLACEMENT_3D('',#4122,#4123,#4124);
#4122 = CARTESIAN_POINT('',(13.9,38.49,11.349999952316));
#4123 = DIRECTION('',(0.,0.,1.));
#4124 = DIRECTION('',(1.,0.,0.));
#4125 = ADVANCED_FACE('',(#4126,#4129),#4140,.F.);
#4126 = FACE_BOUND('',#4127,.F.);
#4127 = EDGE_LOOP('',(#4128));
#4128 = ORIENTED_EDGE('',*,*,#2338,.T.);
#4129 = FACE_BOUND('',#4130,.F.);
#4130 = EDGE_LOOP('',(#4131));
#4131 = ORIENTED_EDGE('',*,*,#4132,.F.);
#4132 = EDGE_CURVE('',#4133,#4133,#4135,.T.);
#4133 = VERTEX_POINT('',#4134);
#4134 = CARTESIAN_POINT('',(25.9,4.5,3.849999952316));
#4135 = CIRCLE('',#4136,0.9);
#4136 = AXIS2_PLACEMENT_3D('',#4137,#4138,#4139);
#4137 = CARTESIAN_POINT('',(25.,4.5,3.849999952316));
#4138 = DIRECTION('',(0.,0.,1.));
#4139 = DIRECTION('',(1.,0.,0.));
#4140 = PLANE('',#4141);
#4141 = AXIS2_PLACEMENT_3D('',#4142,#4143,#4144);
#4142 = CARTESIAN_POINT('',(25.,4.5,3.849999952316));
#4143 = DIRECTION('',(0.,0.,1.));
#4144 = DIRECTION('',(1.,0.,0.));
#4145 = ADVANCED_FACE('',(#4146),#4174,.T.);
#4146 = FACE_BOUND('',#4147,.T.);
#4147 = EDGE_LOOP('',(#4148,#4157,#4158,#4167));
#4148 = ORIENTED_EDGE('',*,*,#4149,.F.);
#4149 = EDGE_CURVE('',#2355,#4150,#4152,.T.);
#4150 = VERTEX_POINT('',#4151);
#4151 = CARTESIAN_POINT('',(0.55,12.5,13.199999952316));
#4152 = CIRCLE('',#4153,0.55);
#4153 = AXIS2_PLACEMENT_3D('',#4154,#4155,#4156);
#4154 = CARTESIAN_POINT('',(0.55,12.5,12.649999952316));
#4155 = DIRECTION('',(1.4E-16,1.,-0.));
#4156 = DIRECTION('',(-1.,1.4E-16,0.));
#4157 = ORIENTED_EDGE('',*,*,#2354,.T.);
#4158 = ORIENTED_EDGE('',*,*,#4159,.T.);
#4159 = EDGE_CURVE('',#2357,#4160,#4162,.T.);
#4160 = VERTEX_POINT('',#4161);
#4161 = CARTESIAN_POINT('',(12.5,0.55,13.199999952316));
#4162 = CIRCLE('',#4163,0.55);
#4163 = AXIS2_PLACEMENT_3D('',#4164,#4165,#4166);
#4164 = CARTESIAN_POINT('',(12.5,0.55,12.649999952316));
#4165 = DIRECTION('',(-1.,2.E-16,0.));
#4166 = DIRECTION('',(-2.E-16,-1.,0.));
#4167 = ORIENTED_EDGE('',*,*,#4168,.F.);
#4168 = EDGE_CURVE('',#4150,#4160,#4169,.T.);
#4169 = CIRCLE('',#4170,11.95);
#4170 = AXIS2_PLACEMENT_3D('',#4171,#4172,#4173);
#4171 = CARTESIAN_POINT('',(12.5,12.5,13.199999952316));
#4172 = DIRECTION('',(0.,0.,1.));
#4173 = DIRECTION('',(-1.,1.4E-16,0.));
#4174 = TOROIDAL_SURFACE('',#4175,11.95,0.55);
#4175 = AXIS2_PLACEMENT_3D('',#4176,#4177,#4178);
#4176 = CARTESIAN_POINT('',(12.5,12.5,12.649999952316));
#4177 = DIRECTION('',(0.,0.,1.));
#4178 = DIRECTION('',(-1.,1.4E-16,0.));
#4179 = ADVANCED_FACE('',(#4180),#4199,.T.);
#4180 = FACE_BOUND('',#4181,.F.);
#4181 = EDGE_LOOP('',(#4182,#4191,#4197,#4198));
#4182 = ORIENTED_EDGE('',*,*,#4183,.T.);
#4183 = EDGE_CURVE('',#2388,#4184,#4186,.T.);
#4184 = VERTEX_POINT('',#4185);
#4185 = CARTESIAN_POINT('',(0.55,69.,13.199999952316));
#4186 = CIRCLE('',#4187,0.55);
#4187 = AXIS2_PLACEMENT_3D('',#4188,#4189,#4190);
#4188 = CARTESIAN_POINT('',(0.55,69.,12.649999952316));
#4189 = DIRECTION('',(6.E-17,1.,-0.));
#4190 = DIRECTION('',(-1.,6.E-17,0.));
#4191 = ORIENTED_EDGE('',*,*,#4192,.T.);
#4192 = EDGE_CURVE('',#4184,#4150,#4193,.T.);
#4193 = LINE('',#4194,#4195);
#4194 = CARTESIAN_POINT('',(0.55,69.,13.199999952316));
#4195 = VECTOR('',#4196,1.);
#4196 = DIRECTION('',(-0.,-1.,-0.));
#4197 = ORIENTED_EDGE('',*,*,#4149,.F.);
#4198 = ORIENTED_EDGE('',*,*,#2387,.F.);
#4199 = CYLINDRICAL_SURFACE('',#4200,0.55);
#4200 = AXIS2_PLACEMENT_3D('',#4201,#4202,#4203);
#4201 = CARTESIAN_POINT('',(0.55,69.,12.649999952316));
#4202 = DIRECTION('',(-0.,-1.,-0.));
#4203 = DIRECTION('',(-1.,0.,0.));
#4204 = ADVANCED_FACE('',(#4205),#4224,.T.);
#4205 = FACE_BOUND('',#4206,.F.);
#4206 = EDGE_LOOP('',(#4207,#4208,#4216,#4223));
#4207 = ORIENTED_EDGE('',*,*,#4159,.T.);
#4208 = ORIENTED_EDGE('',*,*,#4209,.T.);
#4209 = EDGE_CURVE('',#4160,#4210,#4212,.T.);
#4210 = VERTEX_POINT('',#4211);
#4211 = CARTESIAN_POINT('',(37.5,0.55,13.199999952316));
#4212 = LINE('',#4213,#4214);
#4213 = CARTESIAN_POINT('',(12.5,0.55,13.199999952316));
#4214 = VECTOR('',#4215,1.);
#4215 = DIRECTION('',(1.,0.,0.));
#4216 = ORIENTED_EDGE('',*,*,#4217,.F.);
#4217 = EDGE_CURVE('',#2411,#4210,#4218,.T.);
#4218 = CIRCLE('',#4219,0.55);
#4219 = AXIS2_PLACEMENT_3D('',#4220,#4221,#4222);
#4220 = CARTESIAN_POINT('',(37.5,0.55,12.649999952316));
#4221 = DIRECTION('',(-1.,0.,0.));
#4222 = DIRECTION('',(0.,-1.,0.));
#4223 = ORIENTED_EDGE('',*,*,#2418,.F.);
#4224 = CYLINDRICAL_SURFACE('',#4225,0.55);
#4225 = AXIS2_PLACEMENT_3D('',#4226,#4227,#4228);
#4226 = CARTESIAN_POINT('',(12.5,0.55,12.649999952316));
#4227 = DIRECTION('',(1.,0.,0.));
#4228 = DIRECTION('',(0.,-1.,0.));
#4229 = ADVANCED_FACE('',(#4230),#4250,.T.);
#4230 = FACE_BOUND('',#4231,.T.);
#4231 = EDGE_LOOP('',(#4232,#4241,#4242,#4243));
#4232 = ORIENTED_EDGE('',*,*,#4233,.F.);
#4233 = EDGE_CURVE('',#2435,#4234,#4236,.T.);
#4234 = VERTEX_POINT('',#4235);
#4235 = CARTESIAN_POINT('',(12.5,80.95,13.199999952316));
#4236 = CIRCLE('',#4237,0.55);
#4237 = AXIS2_PLACEMENT_3D('',#4238,#4239,#4240);
#4238 = CARTESIAN_POINT('',(12.5,80.95,12.649999952316));
#4239 = DIRECTION('',(1.,0.,0.));
#4240 = DIRECTION('',(0.,1.,0.));
#4241 = ORIENTED_EDGE('',*,*,#2434,.T.);
#4242 = ORIENTED_EDGE('',*,*,#4183,.T.);
#4243 = ORIENTED_EDGE('',*,*,#4244,.F.);
#4244 = EDGE_CURVE('',#4234,#4184,#4245,.T.);
#4245 = CIRCLE('',#4246,11.95);
#4246 = AXIS2_PLACEMENT_3D('',#4247,#4248,#4249);
#4247 = CARTESIAN_POINT('',(12.5,69.,13.199999952316));
#4248 = DIRECTION('',(0.,-0.,1.));
#4249 = DIRECTION('',(0.,1.,0.));
#4250 = TOROIDAL_SURFACE('',#4251,11.95,0.55);
#4251 = AXIS2_PLACEMENT_3D('',#4252,#4253,#4254);
#4252 = CARTESIAN_POINT('',(12.5,69.,12.649999952316));
#4253 = DIRECTION('',(0.,0.,1.));
#4254 = DIRECTION('',(0.,1.,0.));
#4255 = ADVANCED_FACE('',(#4256),#4276,.T.);
#4256 = FACE_BOUND('',#4257,.T.);
#4257 = EDGE_LOOP('',(#4258,#4259,#4260,#4269));
#4258 = ORIENTED_EDGE('',*,*,#4217,.F.);
#4259 = ORIENTED_EDGE('',*,*,#2526,.T.);
#4260 = ORIENTED_EDGE('',*,*,#4261,.T.);
#4261 = EDGE_CURVE('',#2527,#4262,#4264,.T.);
#4262 = VERTEX_POINT('',#4263);
#4263 = CARTESIAN_POINT('',(49.45,12.5,13.199999952316));
#4264 = CIRCLE('',#4265,0.55);
#4265 = AXIS2_PLACEMENT_3D('',#4266,#4267,#4268);
#4266 = CARTESIAN_POINT('',(49.45,12.5,12.649999952316));
#4267 = DIRECTION('',(-6.E-17,-1.,0.));
#4268 = DIRECTION('',(1.,-6.E-17,0.));
#4269 = ORIENTED_EDGE('',*,*,#4270,.F.);
#4270 = EDGE_CURVE('',#4210,#4262,#4271,.T.);
#4271 = CIRCLE('',#4272,11.95);
#4272 = AXIS2_PLACEMENT_3D('',#4273,#4274,#4275);
#4273 = CARTESIAN_POINT('',(37.5,12.5,13.199999952316));
#4274 = DIRECTION('',(-0.,0.,1.));
#4275 = DIRECTION('',(0.,-1.,0.));
#4276 = TOROIDAL_SURFACE('',#4277,11.95,0.55);
#4277 = AXIS2_PLACEMENT_3D('',#4278,#4279,#4280);
#4278 = CARTESIAN_POINT('',(37.5,12.5,12.649999952316));
#4279 = DIRECTION('',(0.,0.,1.));
#4280 = DIRECTION('',(0.,-1.,0.));
#4281 = ADVANCED_FACE('',(#4282),#4301,.T.);
#4282 = FACE_BOUND('',#4283,.F.);
#4283 = EDGE_LOOP('',(#4284,#4293,#4299,#4300));
#4284 = ORIENTED_EDGE('',*,*,#4285,.T.);
#4285 = EDGE_CURVE('',#2614,#4286,#4288,.T.);
#4286 = VERTEX_POINT('',#4287);
#4287 = CARTESIAN_POINT('',(37.5,80.95,13.199999952316));
#4288 = CIRCLE('',#4289,0.55);
#4289 = AXIS2_PLACEMENT_3D('',#4290,#4291,#4292);
#4290 = CARTESIAN_POINT('',(37.5,80.95,12.649999952316));
#4291 = DIRECTION('',(1.,-6.E-17,0.));
#4292 = DIRECTION('',(6.E-17,1.,0.));
#4293 = ORIENTED_EDGE('',*,*,#4294,.T.);
#4294 = EDGE_CURVE('',#4286,#4234,#4295,.T.);
#4295 = LINE('',#4296,#4297);
#4296 = CARTESIAN_POINT('',(37.5,80.95,13.199999952316));
#4297 = VECTOR('',#4298,1.);
#4298 = DIRECTION('',(-1.,-0.,-0.));
#4299 = ORIENTED_EDGE('',*,*,#4233,.F.);
#4300 = ORIENTED_EDGE('',*,*,#2613,.F.);
#4301 = CYLINDRICAL_SURFACE('',#4302,0.55);
#4302 = AXIS2_PLACEMENT_3D('',#4303,#4304,#4305);
#4303 = CARTESIAN_POINT('',(37.5,80.95,12.649999952316));
#4304 = DIRECTION('',(-1.,-0.,-0.));
#4305 = DIRECTION('',(0.,1.,0.));
#4306 = ADVANCED_FACE('',(#4307),#4326,.T.);
#4307 = FACE_BOUND('',#4308,.F.);
#4308 = EDGE_LOOP('',(#4309,#4310,#4318,#4325));
#4309 = ORIENTED_EDGE('',*,*,#4261,.T.);
#4310 = ORIENTED_EDGE('',*,*,#4311,.T.);
#4311 = EDGE_CURVE('',#4262,#4312,#4314,.T.);
#4312 = VERTEX_POINT('',#4313);
#4313 = CARTESIAN_POINT('',(49.45,69.,13.199999952316));
#4314 = LINE('',#4315,#4316);
#4315 = CARTESIAN_POINT('',(49.45,12.5,13.199999952316));
#4316 = VECTOR('',#4317,1.);
#4317 = DIRECTION('',(0.,1.,0.));
#4318 = ORIENTED_EDGE('',*,*,#4319,.F.);
#4319 = EDGE_CURVE('',#2647,#4312,#4320,.T.);
#4320 = CIRCLE('',#4321,0.55);
#4321 = AXIS2_PLACEMENT_3D('',#4322,#4323,#4324);
#4322 = CARTESIAN_POINT('',(49.45,69.,12.649999952316));
#4323 = DIRECTION('',(0.,-1.,0.));
#4324 = DIRECTION('',(1.,0.,0.));
#4325 = ORIENTED_EDGE('',*,*,#2654,.F.);
#4326 = CYLINDRICAL_SURFACE('',#4327,0.55);
#4327 = AXIS2_PLACEMENT_3D('',#4328,#4329,#4330);
#4328 = CARTESIAN_POINT('',(49.45,12.5,12.649999952316));
#4329 = DIRECTION('',(0.,1.,0.));
#4330 = DIRECTION('',(1.,0.,0.));
#4331 = ADVANCED_FACE('',(#4332),#4344,.T.);
#4332 = FACE_BOUND('',#4333,.T.);
#4333 = EDGE_LOOP('',(#4334,#4335,#4336,#4337));
#4334 = ORIENTED_EDGE('',*,*,#4319,.F.);
#4335 = ORIENTED_EDGE('',*,*,#2695,.T.);
#4336 = ORIENTED_EDGE('',*,*,#4285,.T.);
#4337 = ORIENTED_EDGE('',*,*,#4338,.F.);
#4338 = EDGE_CURVE('',#4312,#4286,#4339,.T.);
#4339 = CIRCLE('',#4340,11.95);
#4340 = AXIS2_PLACEMENT_3D('',#4341,#4342,#4343);
#4341 = CARTESIAN_POINT('',(37.5,69.,13.199999952316));
#4342 = DIRECTION('',(0.,0.,1.));
#4343 = DIRECTION('',(1.,0.,0.));
#4344 = TOROIDAL_SURFACE('',#4345,11.95,0.55);
#4345 = AXIS2_PLACEMENT_3D('',#4346,#4347,#4348);
#4346 = CARTESIAN_POINT('',(37.5,69.,12.649999952316));
#4347 = DIRECTION('',(0.,0.,1.));
#4348 = DIRECTION('',(1.,0.,0.));
#4349 = ADVANCED_FACE('',(#4350),#4361,.T.);
#4350 = FACE_BOUND('',#4351,.T.);
#4351 = EDGE_LOOP('',(#4352,#4358,#4359,#4360));
#4352 = ORIENTED_EDGE('',*,*,#4353,.T.);
#4353 = EDGE_CURVE('',#2943,#2877,#4354,.T.);
#4354 = LINE('',#4355,#4356);
#4355 = CARTESIAN_POINT('',(8.5,52.5,10.699999952316));
#4356 = VECTOR('',#4357,1.);
#4357 = DIRECTION('',(0.707106781187,-1.7E-16,0.707106781187));
#4358 = ORIENTED_EDGE('',*,*,#2885,.F.);
#4359 = ORIENTED_EDGE('',*,*,#2909,.T.);
#4360 = ORIENTED_EDGE('',*,*,#2951,.T.);
#4361 = CONICAL_SURFACE('',#4362,2.5,0.785398163397);
#4362 = AXIS2_PLACEMENT_3D('',#4363,#4364,#4365);
#4363 = CARTESIAN_POINT('',(6.,52.5,10.699999952316));
#4364 = DIRECTION('',(0.,0.,1.));
#4365 = DIRECTION('',(1.,0.,0.));
#4366 = ADVANCED_FACE('',(#4367),#4373,.T.);
#4367 = FACE_BOUND('',#4368,.T.);
#4368 = EDGE_LOOP('',(#4369,#4370,#4371,#4372));
#4369 = ORIENTED_EDGE('',*,*,#2876,.F.);
#4370 = ORIENTED_EDGE('',*,*,#4353,.F.);
#4371 = ORIENTED_EDGE('',*,*,#2942,.T.);
#4372 = ORIENTED_EDGE('',*,*,#2997,.F.);
#4373 = CONICAL_SURFACE('',#4374,2.5,0.785398163397);
#4374 = AXIS2_PLACEMENT_3D('',#4375,#4376,#4377);
#4375 = CARTESIAN_POINT('',(6.,52.5,10.699999952316));
#4376 = DIRECTION('',(0.,0.,1.));
#4377 = DIRECTION('',(1.,0.,0.));
#4378 = ADVANCED_FACE('',(#4379),#4406,.T.);
#4379 = FACE_BOUND('',#4380,.T.);
#4380 = EDGE_LOOP('',(#4381,#4382,#4388,#4389,#4404,#4405));
#4381 = ORIENTED_EDGE('',*,*,#3057,.T.);
#4382 = ORIENTED_EDGE('',*,*,#4383,.T.);
#4383 = EDGE_CURVE('',#3049,#3132,#4384,.T.);
#4384 = LINE('',#4385,#4386);
#4385 = CARTESIAN_POINT('',(8.5,68.5,10.699999952316));
#4386 = VECTOR('',#4387,1.);
#4387 = DIRECTION('',(0.707106781187,-1.7E-16,0.707106781187));
#4388 = ORIENTED_EDGE('',*,*,#3129,.F.);
#4389 = ORIENTED_EDGE('',*,*,#4390,.T.);
#4390 = EDGE_CURVE('',#3130,#2844,#4391,.T.);
#4391 = B_SPLINE_CURVE_WITH_KNOTS('',6,(#4392,#4393,#4394,#4395,#4396,
    #4397,#4398,#4399,#4400,#4401,#4402,#4403),.UNSPECIFIED.,.F.,.F.,(7,
    5,7),(0.,0.499734904434,1.),.UNSPECIFIED.);
#4392 = CARTESIAN_POINT('',(8.870829339953,68.089708760924,
    11.099999952316));
#4393 = CARTESIAN_POINT('',(8.826352029016,67.991298500359,
    11.069893089745));
#4394 = CARTESIAN_POINT('',(8.780928140577,67.888874162024,
    11.043868212091));
#4395 = CARTESIAN_POINT('',(8.734730045894,67.782545911412,
    11.022948240752));
#4396 = CARTESIAN_POINT('',(8.68811175922,67.672835031092,
    11.008315503449));
#4397 = CARTESIAN_POINT('',(8.641610735455,67.560755527167,
    11.000994923625));
#4398 = CARTESIAN_POINT('',(8.550435997674,67.335792989473,
    11.000956195118));
#4399 = CARTESIAN_POINT('',(8.505734714192,67.222836292586,
    11.008253528791));
#4400 = CARTESIAN_POINT('',(8.462768985959,67.11149759097,
    11.022881580243));
#4401 = CARTESIAN_POINT('',(8.421860477311,67.00288355031,
    11.043812980488));
#4402 = CARTESIAN_POINT('',(8.383118705856,66.897617854856,
    11.069861307102));
#4403 = CARTESIAN_POINT('',(8.346496792003,66.795901175072,
    11.099999952316));
#4404 = ORIENTED_EDGE('',*,*,#2852,.F.);
#4405 = ORIENTED_EDGE('',*,*,#3015,.T.);
#4406 = CONICAL_SURFACE('',#4407,2.5,0.785398163397);
#4407 = AXIS2_PLACEMENT_3D('',#4408,#4409,#4410);
#4408 = CARTESIAN_POINT('',(6.,68.5,10.699999952316));
#4409 = DIRECTION('',(0.,0.,1.));
#4410 = DIRECTION('',(1.,0.,0.));
#4411 = ADVANCED_FACE('',(#4412),#4445,.F.);
#4412 = FACE_BOUND('',#4413,.F.);
#4413 = EDGE_LOOP('',(#4414,#4426,#4427,#4428,#4429,#4436,#4443,#4444));
#4414 = ORIENTED_EDGE('',*,*,#4415,.T.);
#4415 = EDGE_CURVE('',#2826,#3141,#4416,.T.);
#4416 = B_SPLINE_CURVE_WITH_KNOTS('',8,(#4417,#4418,#4419,#4420,#4421,
    #4422,#4423,#4424,#4425),.UNSPECIFIED.,.F.,.F.,(9,9),(0.,1.),
  .PIECEWISE_BEZIER_KNOTS.);
#4417 = CARTESIAN_POINT('',(41.653503207997,66.795901175072,
    11.099999952316));
#4418 = CARTESIAN_POINT('',(41.599160019704,66.946838362686,
    11.055277274022));
#4419 = CARTESIAN_POINT('',(41.539042304571,67.108908882538,
    11.018038267045));
#4420 = CARTESIAN_POINT('',(41.474307806655,67.277566875907,
    10.993232307667));
#4421 = CARTESIAN_POINT('',(41.406152984855,67.448810412894,
    10.984473218645));
#4422 = CARTESIAN_POINT('',(41.335861786579,67.619186829556,
    10.993232567701));
#4423 = CARTESIAN_POINT('',(41.264915019353,67.785326872207,
    11.018038237203));
#4424 = CARTESIAN_POINT('',(41.195239792763,67.943524550842,
    11.055277502668));
#4425 = CARTESIAN_POINT('',(41.129170660047,68.089708760924,
    11.099999952316));
#4426 = ORIENTED_EDGE('',*,*,#3140,.T.);
#4427 = ORIENTED_EDGE('',*,*,#4390,.T.);
#4428 = ORIENTED_EDGE('',*,*,#2843,.T.);
#4429 = ORIENTED_EDGE('',*,*,#4430,.T.);
#4430 = EDGE_CURVE('',#2835,#4431,#4433,.T.);
#4431 = VERTEX_POINT('',#4432);
#4432 = CARTESIAN_POINT('',(42.7,60.8,12.699999952316));
#4433 = B_SPLINE_CURVE_WITH_KNOTS('',1,(#4434,#4435),.UNSPECIFIED.,.F.,
  .F.,(2,2),(0.45,2.05),.PIECEWISE_BEZIER_KNOTS.);
#4434 = CARTESIAN_POINT('',(42.7,60.8,11.099999952316));
#4435 = CARTESIAN_POINT('',(42.7,60.8,12.699999952316));
#4436 = ORIENTED_EDGE('',*,*,#4437,.F.);
#4437 = EDGE_CURVE('',#4431,#4431,#4438,.T.);
#4438 = CIRCLE('',#4439,17.7);
#4439 = AXIS2_PLACEMENT_3D('',#4440,#4441,#4442);
#4440 = CARTESIAN_POINT('',(25.,60.8,12.699999952316));
#4441 = DIRECTION('',(0.,0.,1.));
#4442 = DIRECTION('',(1.,0.,0.));
#4443 = ORIENTED_EDGE('',*,*,#4430,.F.);
#4444 = ORIENTED_EDGE('',*,*,#2834,.T.);
#4445 = CYLINDRICAL_SURFACE('',#4446,17.7);
#4446 = AXIS2_PLACEMENT_3D('',#4447,#4448,#4449);
#4447 = CARTESIAN_POINT('',(25.,60.8,10.649999952316));
#4448 = DIRECTION('',(0.,0.,1.));
#4449 = DIRECTION('',(1.,0.,0.));
#4450 = ADVANCED_FACE('',(#4451),#4459,.T.);
#4451 = FACE_BOUND('',#4452,.T.);
#4452 = EDGE_LOOP('',(#4453,#4454,#4455,#4456,#4457,#4458));
#4453 = ORIENTED_EDGE('',*,*,#3149,.F.);
#4454 = ORIENTED_EDGE('',*,*,#3476,.F.);
#4455 = ORIENTED_EDGE('',*,*,#3504,.T.);
#4456 = ORIENTED_EDGE('',*,*,#3663,.T.);
#4457 = ORIENTED_EDGE('',*,*,#2825,.F.);
#4458 = ORIENTED_EDGE('',*,*,#4415,.T.);
#4459 = CONICAL_SURFACE('',#4460,2.5,0.785398163397);
#4460 = AXIS2_PLACEMENT_3D('',#4461,#4462,#4463);
#4461 = CARTESIAN_POINT('',(44.,68.5,10.699999952316));
#4462 = DIRECTION('',(0.,0.,1.));
#4463 = DIRECTION('',(1.,0.,0.));
#4464 = ADVANCED_FACE('',(#4465),#4471,.T.);
#4465 = FACE_BOUND('',#4466,.T.);
#4466 = EDGE_LOOP('',(#4467,#4468,#4469,#4470));
#4467 = ORIENTED_EDGE('',*,*,#2801,.F.);
#4468 = ORIENTED_EDGE('',*,*,#3645,.F.);
#4469 = ORIENTED_EDGE('',*,*,#3629,.T.);
#4470 = ORIENTED_EDGE('',*,*,#3602,.T.);
#4471 = CONICAL_SURFACE('',#4472,2.5,0.785398163397);
#4472 = AXIS2_PLACEMENT_3D('',#4473,#4474,#4475);
#4473 = CARTESIAN_POINT('',(44.,52.5,10.699999952316));
#4474 = DIRECTION('',(0.,0.,1.));
#4475 = DIRECTION('',(1.,0.,0.));
#4476 = ADVANCED_FACE('',(#4477),#4498,.F.);
#4477 = FACE_BOUND('',#4478,.F.);
#4478 = EDGE_LOOP('',(#4479,#4487,#4494,#4495,#4496,#4497));
#4479 = ORIENTED_EDGE('',*,*,#4480,.T.);
#4480 = EDGE_CURVE('',#2963,#4481,#4483,.T.);
#4481 = VERTEX_POINT('',#4482);
#4482 = CARTESIAN_POINT('',(6.65,52.5,12.299999952316));
#4483 = LINE('',#4484,#4485);
#4484 = CARTESIAN_POINT('',(6.65,52.5,10.599999952316));
#4485 = VECTOR('',#4486,1.);
#4486 = DIRECTION('',(0.,0.,1.));
#4487 = ORIENTED_EDGE('',*,*,#4488,.F.);
#4488 = EDGE_CURVE('',#4481,#4481,#4489,.T.);
#4489 = CIRCLE('',#4490,0.65);
#4490 = AXIS2_PLACEMENT_3D('',#4491,#4492,#4493);
#4491 = CARTESIAN_POINT('',(6.,52.5,12.299999952316));
#4492 = DIRECTION('',(0.,0.,1.));
#4493 = DIRECTION('',(1.,0.,0.));
#4494 = ORIENTED_EDGE('',*,*,#4480,.F.);
#4495 = ORIENTED_EDGE('',*,*,#2973,.F.);
#4496 = ORIENTED_EDGE('',*,*,#2982,.F.);
#4497 = ORIENTED_EDGE('',*,*,#2962,.F.);
#4498 = CYLINDRICAL_SURFACE('',#4499,0.65);
#4499 = AXIS2_PLACEMENT_3D('',#4500,#4501,#4502);
#4500 = CARTESIAN_POINT('',(6.,52.5,10.599999952316));
#4501 = DIRECTION('',(0.,0.,1.));
#4502 = DIRECTION('',(1.,0.,0.));
#4503 = ADVANCED_FACE('',(#4504),#4510,.T.);
#4504 = FACE_BOUND('',#4505,.T.);
#4505 = EDGE_LOOP('',(#4506,#4507,#4508,#4509));
#4506 = ORIENTED_EDGE('',*,*,#3168,.F.);
#4507 = ORIENTED_EDGE('',*,*,#4383,.F.);
#4508 = ORIENTED_EDGE('',*,*,#3048,.T.);
#4509 = ORIENTED_EDGE('',*,*,#3104,.F.);
#4510 = CONICAL_SURFACE('',#4511,2.5,0.785398163397);
#4511 = AXIS2_PLACEMENT_3D('',#4512,#4513,#4514);
#4512 = CARTESIAN_POINT('',(6.,68.5,10.699999952316));
#4513 = DIRECTION('',(0.,0.,1.));
#4514 = DIRECTION('',(1.,0.,0.));
#4515 = ADVANCED_FACE('',(#4516),#4537,.F.);
#4516 = FACE_BOUND('',#4517,.F.);
#4517 = EDGE_LOOP('',(#4518,#4526,#4533,#4534,#4535,#4536));
#4518 = ORIENTED_EDGE('',*,*,#4519,.T.);
#4519 = EDGE_CURVE('',#3070,#4520,#4522,.T.);
#4520 = VERTEX_POINT('',#4521);
#4521 = CARTESIAN_POINT('',(6.65,68.5,12.299999952316));
#4522 = LINE('',#4523,#4524);
#4523 = CARTESIAN_POINT('',(6.65,68.5,10.599999952316));
#4524 = VECTOR('',#4525,1.);
#4525 = DIRECTION('',(0.,0.,1.));
#4526 = ORIENTED_EDGE('',*,*,#4527,.F.);
#4527 = EDGE_CURVE('',#4520,#4520,#4528,.T.);
#4528 = CIRCLE('',#4529,0.65);
#4529 = AXIS2_PLACEMENT_3D('',#4530,#4531,#4532);
#4530 = CARTESIAN_POINT('',(6.,68.5,12.299999952316));
#4531 = DIRECTION('',(0.,0.,1.));
#4532 = DIRECTION('',(1.,0.,0.));
#4533 = ORIENTED_EDGE('',*,*,#4519,.F.);
#4534 = ORIENTED_EDGE('',*,*,#3080,.F.);
#4535 = ORIENTED_EDGE('',*,*,#3089,.F.);
#4536 = ORIENTED_EDGE('',*,*,#3069,.F.);
#4537 = CYLINDRICAL_SURFACE('',#4538,0.65);
#4538 = AXIS2_PLACEMENT_3D('',#4539,#4540,#4541);
#4539 = CARTESIAN_POINT('',(6.,68.5,10.599999952316));
#4540 = DIRECTION('',(0.,0.,1.));
#4541 = DIRECTION('',(1.,0.,0.));
#4542 = ADVANCED_FACE('',(#4543),#4562,.F.);
#4543 = FACE_BOUND('',#4544,.F.);
#4544 = EDGE_LOOP('',(#4545,#4554,#4560,#4561));
#4545 = ORIENTED_EDGE('',*,*,#4546,.F.);
#4546 = EDGE_CURVE('',#4547,#4547,#4549,.T.);
#4547 = VERTEX_POINT('',#4548);
#4548 = CARTESIAN_POINT('',(26.5,78.5,0.799999952316));
#4549 = CIRCLE('',#4550,1.5);
#4550 = AXIS2_PLACEMENT_3D('',#4551,#4552,#4553);
#4551 = CARTESIAN_POINT('',(25.,78.5,0.799999952316));
#4552 = DIRECTION('',(0.,0.,1.));
#4553 = DIRECTION('',(1.,0.,0.));
#4554 = ORIENTED_EDGE('',*,*,#4555,.F.);
#4555 = EDGE_CURVE('',#3299,#4547,#4556,.T.);
#4556 = LINE('',#4557,#4558);
#4557 = CARTESIAN_POINT('',(26.65,78.5,0.649999952316));
#4558 = VECTOR('',#4559,1.);
#4559 = DIRECTION('',(-0.707106781187,1.7E-16,0.707106781187));
#4560 = ORIENTED_EDGE('',*,*,#3298,.T.);
#4561 = ORIENTED_EDGE('',*,*,#4555,.T.);
#4562 = CONICAL_SURFACE('',#4563,1.65,0.785398163397);
#4563 = AXIS2_PLACEMENT_3D('',#4564,#4565,#4566);
#4564 = CARTESIAN_POINT('',(25.,78.5,0.649999952316));
#4565 = DIRECTION('',(-0.,-0.,-1.));
#4566 = DIRECTION('',(1.,0.,0.));
#4567 = ADVANCED_FACE('',(#4568),#4587,.F.);
#4568 = FACE_BOUND('',#4569,.F.);
#4569 = EDGE_LOOP('',(#4570,#4571,#4579,#4586));
#4570 = ORIENTED_EDGE('',*,*,#3356,.F.);
#4571 = ORIENTED_EDGE('',*,*,#4572,.F.);
#4572 = EDGE_CURVE('',#4573,#3357,#4575,.T.);
#4573 = VERTEX_POINT('',#4574);
#4574 = CARTESIAN_POINT('',(25.9,78.5,3.849999952316));
#4575 = LINE('',#4576,#4577);
#4576 = CARTESIAN_POINT('',(25.9,78.5,0.639999952316));
#4577 = VECTOR('',#4578,1.);
#4578 = DIRECTION('',(0.,0.,1.));
#4579 = ORIENTED_EDGE('',*,*,#4580,.T.);
#4580 = EDGE_CURVE('',#4573,#4573,#4581,.T.);
#4581 = CIRCLE('',#4582,0.9);
#4582 = AXIS2_PLACEMENT_3D('',#4583,#4584,#4585);
#4583 = CARTESIAN_POINT('',(25.,78.5,3.849999952316));
#4584 = DIRECTION('',(0.,0.,1.));
#4585 = DIRECTION('',(1.,0.,0.));
#4586 = ORIENTED_EDGE('',*,*,#4572,.T.);
#4587 = CYLINDRICAL_SURFACE('',#4588,0.9);
#4588 = AXIS2_PLACEMENT_3D('',#4589,#4590,#4591);
#4589 = CARTESIAN_POINT('',(25.,78.5,0.639999952316));
#4590 = DIRECTION('',(0.,0.,1.));
#4591 = DIRECTION('',(1.,0.,0.));
#4592 = ADVANCED_FACE('',(#4593),#4614,.F.);
#4593 = FACE_BOUND('',#4594,.F.);
#4594 = EDGE_LOOP('',(#4595,#4603,#4610,#4611,#4612,#4613));
#4595 = ORIENTED_EDGE('',*,*,#4596,.T.);
#4596 = EDGE_CURVE('',#3525,#4597,#4599,.T.);
#4597 = VERTEX_POINT('',#4598);
#4598 = CARTESIAN_POINT('',(44.65,68.5,12.299999952316));
#4599 = LINE('',#4600,#4601);
#4600 = CARTESIAN_POINT('',(44.65,68.5,10.599999952316));
#4601 = VECTOR('',#4602,1.);
#4602 = DIRECTION('',(0.,0.,1.));
#4603 = ORIENTED_EDGE('',*,*,#4604,.F.);
#4604 = EDGE_CURVE('',#4597,#4597,#4605,.T.);
#4605 = CIRCLE('',#4606,0.65);
#4606 = AXIS2_PLACEMENT_3D('',#4607,#4608,#4609);
#4607 = CARTESIAN_POINT('',(44.,68.5,12.299999952316));
#4608 = DIRECTION('',(0.,0.,1.));
#4609 = DIRECTION('',(1.,0.,0.));
#4610 = ORIENTED_EDGE('',*,*,#4596,.F.);
#4611 = ORIENTED_EDGE('',*,*,#3533,.F.);
#4612 = ORIENTED_EDGE('',*,*,#3513,.F.);
#4613 = ORIENTED_EDGE('',*,*,#3524,.F.);
#4614 = CYLINDRICAL_SURFACE('',#4615,0.65);
#4615 = AXIS2_PLACEMENT_3D('',#4616,#4617,#4618);
#4616 = CARTESIAN_POINT('',(44.,68.5,10.599999952316));
#4617 = DIRECTION('',(0.,0.,1.));
#4618 = DIRECTION('',(1.,0.,0.));
#4619 = ADVANCED_FACE('',(#4620),#4626,.T.);
#4620 = FACE_BOUND('',#4621,.T.);
#4621 = EDGE_LOOP('',(#4622,#4623,#4624,#4625));
#4622 = ORIENTED_EDGE('',*,*,#3817,.T.);
#4623 = ORIENTED_EDGE('',*,*,#3752,.T.);
#4624 = ORIENTED_EDGE('',*,*,#3689,.F.);
#4625 = ORIENTED_EDGE('',*,*,#3712,.F.);
#4626 = PLANE('',#4627);
#4627 = AXIS2_PLACEMENT_3D('',#4628,#4629,#4630);
#4628 = CARTESIAN_POINT('',(45.8,57.55,9.199999952316));
#4629 = DIRECTION('',(-1.,-0.,-0.));
#4630 = DIRECTION('',(0.,0.,-1.));
#4631 = ADVANCED_FACE('',(#4632),#4638,.T.);
#4632 = FACE_BOUND('',#4633,.T.);
#4633 = EDGE_LOOP('',(#4634,#4635,#4636,#4637));
#4634 = ORIENTED_EDGE('',*,*,#3824,.F.);
#4635 = ORIENTED_EDGE('',*,*,#3728,.T.);
#4636 = ORIENTED_EDGE('',*,*,#3793,.F.);
#4637 = ORIENTED_EDGE('',*,*,#3872,.T.);
#4638 = PLANE('',#4639);
#4639 = AXIS2_PLACEMENT_3D('',#4640,#4641,#4642);
#4640 = CARTESIAN_POINT('',(48.9,56.95,8.699999952316));
#4641 = DIRECTION('',(1.,0.,0.));
#4642 = DIRECTION('',(0.,0.,1.));
#4643 = ADVANCED_FACE('',(#4644),#4654,.F.);
#4644 = FACE_BOUND('',#4645,.F.);
#4645 = EDGE_LOOP('',(#4646,#4647,#4648,#4649,#4650,#4651,#4652,#4653));
#4646 = ORIENTED_EDGE('',*,*,#4002,.F.);
#4647 = ORIENTED_EDGE('',*,*,#3962,.T.);
#4648 = ORIENTED_EDGE('',*,*,#3913,.T.);
#4649 = ORIENTED_EDGE('',*,*,#3856,.F.);
#4650 = ORIENTED_EDGE('',*,*,#3775,.T.);
#4651 = ORIENTED_EDGE('',*,*,#3889,.T.);
#4652 = ORIENTED_EDGE('',*,*,#3937,.F.);
#4653 = ORIENTED_EDGE('',*,*,#3987,.F.);
#4654 = PLANE('',#4655);
#4655 = AXIS2_PLACEMENT_3D('',#4656,#4657,#4658);
#4656 = CARTESIAN_POINT('',(49.,49.4,9.999995231628E-02));
#4657 = DIRECTION('',(1.,0.,0.));
#4658 = DIRECTION('',(0.,0.,1.));
#4659 = ADVANCED_FACE('',(#4660),#4685,.T.);
#4660 = FACE_BOUND('',#4661,.T.);
#4661 = EDGE_LOOP('',(#4662,#4663,#4671,#4679));
#4662 = ORIENTED_EDGE('',*,*,#4031,.F.);
#4663 = ORIENTED_EDGE('',*,*,#4664,.T.);
#4664 = EDGE_CURVE('',#4032,#4665,#4667,.T.);
#4665 = VERTEX_POINT('',#4666);
#4666 = CARTESIAN_POINT('',(11.8,2.1,13.199999952316));
#4667 = LINE('',#4668,#4669);
#4668 = CARTESIAN_POINT('',(11.8,2.1,12.399999952316));
#4669 = VECTOR('',#4670,1.);
#4670 = DIRECTION('',(0.,0.,1.));
#4671 = ORIENTED_EDGE('',*,*,#4672,.F.);
#4672 = EDGE_CURVE('',#4673,#4665,#4675,.T.);
#4673 = VERTEX_POINT('',#4674);
#4674 = CARTESIAN_POINT('',(38.2,2.1,13.199999952316));
#4675 = LINE('',#4676,#4677);
#4676 = CARTESIAN_POINT('',(18.4,2.1,13.199999952316));
#4677 = VECTOR('',#4678,1.);
#4678 = DIRECTION('',(-1.,0.,0.));
#4679 = ORIENTED_EDGE('',*,*,#4680,.F.);
#4680 = EDGE_CURVE('',#4034,#4673,#4681,.T.);
#4681 = LINE('',#4682,#4683);
#4682 = CARTESIAN_POINT('',(38.2,2.1,12.399999952316));
#4683 = VECTOR('',#4684,1.);
#4684 = DIRECTION('',(0.,0.,1.));
#4685 = PLANE('',#4686);
#4686 = AXIS2_PLACEMENT_3D('',#4687,#4688,#4689);
#4687 = CARTESIAN_POINT('',(11.8,2.1,12.399999952316));
#4688 = DIRECTION('',(0.,1.,0.));
#4689 = DIRECTION('',(1.,0.,0.));
#4690 = ADVANCED_FACE('',(#4691),#4719,.F.);
#4691 = FACE_BOUND('',#4692,.T.);
#4692 = EDGE_LOOP('',(#4693,#4694,#4702,#4711,#4718));
#4693 = ORIENTED_EDGE('',*,*,#4092,.F.);
#4694 = ORIENTED_EDGE('',*,*,#4695,.T.);
#4695 = EDGE_CURVE('',#4085,#4696,#4698,.T.);
#4696 = VERTEX_POINT('',#4697);
#4697 = CARTESIAN_POINT('',(1.6,12.3,13.199999952316));
#4698 = LINE('',#4699,#4700);
#4699 = CARTESIAN_POINT('',(1.6,12.3,12.399999952316));
#4700 = VECTOR('',#4701,1.);
#4701 = DIRECTION('',(0.,0.,1.));
#4702 = ORIENTED_EDGE('',*,*,#4703,.F.);
#4703 = EDGE_CURVE('',#4704,#4696,#4706,.T.);
#4704 = VERTEX_POINT('',#4705);
#4705 = CARTESIAN_POINT('',(8.203949457292,2.754926899479,
    13.199999952316));
#4706 = CIRCLE('',#4707,10.2);
#4707 = AXIS2_PLACEMENT_3D('',#4708,#4709,#4710);
#4708 = CARTESIAN_POINT('',(11.8,12.3,13.199999952316));
#4709 = DIRECTION('',(0.,0.,-1.));
#4710 = DIRECTION('',(-1.,1.8E-16,0.));
#4711 = ORIENTED_EDGE('',*,*,#4712,.F.);
#4712 = EDGE_CURVE('',#4665,#4704,#4713,.T.);
#4713 = CIRCLE('',#4714,10.2);
#4714 = AXIS2_PLACEMENT_3D('',#4715,#4716,#4717);
#4715 = CARTESIAN_POINT('',(11.8,12.3,13.199999952316));
#4716 = DIRECTION('',(0.,0.,-1.));
#4717 = DIRECTION('',(-1.,1.8E-16,0.));
#4718 = ORIENTED_EDGE('',*,*,#4664,.F.);
#4719 = CYLINDRICAL_SURFACE('',#4720,10.2);
#4720 = AXIS2_PLACEMENT_3D('',#4721,#4722,#4723);
#4721 = CARTESIAN_POINT('',(11.8,12.3,12.399999952316));
#4722 = DIRECTION('',(-0.,-0.,-1.));
#4723 = DIRECTION('',(-1.,1.8E-16,0.));
#4724 = ADVANCED_FACE('',(#4725),#4753,.F.);
#4725 = FACE_BOUND('',#4726,.T.);
#4726 = EDGE_LOOP('',(#4727,#4728,#4729,#4738,#4747));
#4727 = ORIENTED_EDGE('',*,*,#4041,.F.);
#4728 = ORIENTED_EDGE('',*,*,#4680,.T.);
#4729 = ORIENTED_EDGE('',*,*,#4730,.F.);
#4730 = EDGE_CURVE('',#4731,#4673,#4733,.T.);
#4731 = VERTEX_POINT('',#4732);
#4732 = CARTESIAN_POINT('',(41.796050542708,2.754926899479,
    13.199999952316));
#4733 = CIRCLE('',#4734,10.2);
#4734 = AXIS2_PLACEMENT_3D('',#4735,#4736,#4737);
#4735 = CARTESIAN_POINT('',(38.2,12.3,13.199999952316));
#4736 = DIRECTION('',(-0.,0.,-1.));
#4737 = DIRECTION('',(-7.1E-16,-1.,0.));
#4738 = ORIENTED_EDGE('',*,*,#4739,.F.);
#4739 = EDGE_CURVE('',#4740,#4731,#4742,.T.);
#4740 = VERTEX_POINT('',#4741);
#4741 = CARTESIAN_POINT('',(48.4,12.3,13.199999952316));
#4742 = CIRCLE('',#4743,10.2);
#4743 = AXIS2_PLACEMENT_3D('',#4744,#4745,#4746);
#4744 = CARTESIAN_POINT('',(38.2,12.3,13.199999952316));
#4745 = DIRECTION('',(-0.,0.,-1.));
#4746 = DIRECTION('',(-7.1E-16,-1.,0.));
#4747 = ORIENTED_EDGE('',*,*,#4748,.F.);
#4748 = EDGE_CURVE('',#4042,#4740,#4749,.T.);
#4749 = LINE('',#4750,#4751);
#4750 = CARTESIAN_POINT('',(48.4,12.3,12.399999952316));
#4751 = VECTOR('',#4752,1.);
#4752 = DIRECTION('',(0.,0.,1.));
#4753 = CYLINDRICAL_SURFACE('',#4754,10.2);
#4754 = AXIS2_PLACEMENT_3D('',#4755,#4756,#4757);
#4755 = CARTESIAN_POINT('',(38.2,12.3,12.399999952316));
#4756 = DIRECTION('',(-0.,-0.,-1.));
#4757 = DIRECTION('',(-7.1E-16,-1.,0.));
#4758 = ADVANCED_FACE('',(#4759),#4777,.T.);
#4759 = FACE_BOUND('',#4760,.T.);
#4760 = EDGE_LOOP('',(#4761,#4762,#4770,#4776));
#4761 = ORIENTED_EDGE('',*,*,#4084,.F.);
#4762 = ORIENTED_EDGE('',*,*,#4763,.T.);
#4763 = EDGE_CURVE('',#4076,#4764,#4766,.T.);
#4764 = VERTEX_POINT('',#4765);
#4765 = CARTESIAN_POINT('',(1.6,29.9,13.199999952316));
#4766 = LINE('',#4767,#4768);
#4767 = CARTESIAN_POINT('',(1.6,29.9,12.399999952316));
#4768 = VECTOR('',#4769,1.);
#4769 = DIRECTION('',(0.,0.,1.));
#4770 = ORIENTED_EDGE('',*,*,#4771,.F.);
#4771 = EDGE_CURVE('',#4696,#4764,#4772,.T.);
#4772 = LINE('',#4773,#4774);
#4773 = CARTESIAN_POINT('',(1.6,35.325,13.199999952316));
#4774 = VECTOR('',#4775,1.);
#4775 = DIRECTION('',(0.,1.,0.));
#4776 = ORIENTED_EDGE('',*,*,#4695,.F.);
#4777 = PLANE('',#4778);
#4778 = AXIS2_PLACEMENT_3D('',#4779,#4780,#4781);
#4779 = CARTESIAN_POINT('',(1.6,29.9,12.399999952316));
#4780 = DIRECTION('',(1.,0.,0.));
#4781 = DIRECTION('',(0.,-1.,0.));
#4782 = ADVANCED_FACE('',(#4783),#4801,.T.);
#4783 = FACE_BOUND('',#4784,.T.);
#4784 = EDGE_LOOP('',(#4785,#4786,#4787,#4795));
#4785 = ORIENTED_EDGE('',*,*,#4050,.F.);
#4786 = ORIENTED_EDGE('',*,*,#4748,.T.);
#4787 = ORIENTED_EDGE('',*,*,#4788,.F.);
#4788 = EDGE_CURVE('',#4789,#4740,#4791,.T.);
#4789 = VERTEX_POINT('',#4790);
#4790 = CARTESIAN_POINT('',(48.4,29.9,13.199999952316));
#4791 = LINE('',#4792,#4793);
#4792 = CARTESIAN_POINT('',(48.4,26.525,13.199999952316));
#4793 = VECTOR('',#4794,1.);
#4794 = DIRECTION('',(0.,-1.,0.));
#4795 = ORIENTED_EDGE('',*,*,#4796,.F.);
#4796 = EDGE_CURVE('',#4051,#4789,#4797,.T.);
#4797 = LINE('',#4798,#4799);
#4798 = CARTESIAN_POINT('',(48.4,29.9,12.399999952316));
#4799 = VECTOR('',#4800,1.);
#4800 = DIRECTION('',(0.,0.,1.));
#4801 = PLANE('',#4802);
#4802 = AXIS2_PLACEMENT_3D('',#4803,#4804,#4805);
#4803 = CARTESIAN_POINT('',(48.4,12.3,12.399999952316));
#4804 = DIRECTION('',(-1.,0.,0.));
#4805 = DIRECTION('',(0.,1.,0.));
#4806 = ADVANCED_FACE('',(#4807),#4835,.F.);
#4807 = FACE_BOUND('',#4808,.T.);
#4808 = EDGE_LOOP('',(#4809,#4810,#4818,#4827,#4834));
#4809 = ORIENTED_EDGE('',*,*,#4075,.F.);
#4810 = ORIENTED_EDGE('',*,*,#4811,.T.);
#4811 = EDGE_CURVE('',#4068,#4812,#4814,.T.);
#4812 = VERTEX_POINT('',#4813);
#4813 = CARTESIAN_POINT('',(11.8,40.1,13.199999952316));
#4814 = LINE('',#4815,#4816);
#4815 = CARTESIAN_POINT('',(11.8,40.1,12.399999952316));
#4816 = VECTOR('',#4817,1.);
#4817 = DIRECTION('',(0.,0.,1.));
#4818 = ORIENTED_EDGE('',*,*,#4819,.F.);
#4819 = EDGE_CURVE('',#4820,#4812,#4822,.T.);
#4820 = VERTEX_POINT('',#4821);
#4821 = CARTESIAN_POINT('',(1.877314533598,32.262268641551,
    13.199999952316));
#4822 = CIRCLE('',#4823,10.2);
#4823 = AXIS2_PLACEMENT_3D('',#4824,#4825,#4826);
#4824 = CARTESIAN_POINT('',(11.8,29.9,13.199999952316));
#4825 = DIRECTION('',(0.,0.,-1.));
#4826 = DIRECTION('',(5.4E-16,1.,0.));
#4827 = ORIENTED_EDGE('',*,*,#4828,.F.);
#4828 = EDGE_CURVE('',#4764,#4820,#4829,.T.);
#4829 = CIRCLE('',#4830,10.2);
#4830 = AXIS2_PLACEMENT_3D('',#4831,#4832,#4833);
#4831 = CARTESIAN_POINT('',(11.8,29.9,13.199999952316));
#4832 = DIRECTION('',(0.,0.,-1.));
#4833 = DIRECTION('',(5.4E-16,1.,0.));
#4834 = ORIENTED_EDGE('',*,*,#4763,.F.);
#4835 = CYLINDRICAL_SURFACE('',#4836,10.2);
#4836 = AXIS2_PLACEMENT_3D('',#4837,#4838,#4839);
#4837 = CARTESIAN_POINT('',(11.8,29.9,12.399999952316));
#4838 = DIRECTION('',(0.,0.,-1.));
#4839 = DIRECTION('',(5.4E-16,1.,0.));
#4840 = ADVANCED_FACE('',(#4841),#4869,.F.);
#4841 = FACE_BOUND('',#4842,.T.);
#4842 = EDGE_LOOP('',(#4843,#4844,#4845,#4854,#4863));
#4843 = ORIENTED_EDGE('',*,*,#4058,.F.);
#4844 = ORIENTED_EDGE('',*,*,#4796,.T.);
#4845 = ORIENTED_EDGE('',*,*,#4846,.F.);
#4846 = EDGE_CURVE('',#4847,#4789,#4849,.T.);
#4847 = VERTEX_POINT('',#4848);
#4848 = CARTESIAN_POINT('',(48.122685466402,32.262268641551,
    13.199999952316));
#4849 = CIRCLE('',#4850,10.2);
#4850 = AXIS2_PLACEMENT_3D('',#4851,#4852,#4853);
#4851 = CARTESIAN_POINT('',(38.2,29.9,13.199999952316));
#4852 = DIRECTION('',(0.,0.,-1.));
#4853 = DIRECTION('',(1.,3.6E-16,0.));
#4854 = ORIENTED_EDGE('',*,*,#4855,.F.);
#4855 = EDGE_CURVE('',#4856,#4847,#4858,.T.);
#4856 = VERTEX_POINT('',#4857);
#4857 = CARTESIAN_POINT('',(38.2,40.1,13.199999952316));
#4858 = CIRCLE('',#4859,10.2);
#4859 = AXIS2_PLACEMENT_3D('',#4860,#4861,#4862);
#4860 = CARTESIAN_POINT('',(38.2,29.9,13.199999952316));
#4861 = DIRECTION('',(0.,0.,-1.));
#4862 = DIRECTION('',(1.,3.6E-16,0.));
#4863 = ORIENTED_EDGE('',*,*,#4864,.F.);
#4864 = EDGE_CURVE('',#4059,#4856,#4865,.T.);
#4865 = LINE('',#4866,#4867);
#4866 = CARTESIAN_POINT('',(38.2,40.1,12.399999952316));
#4867 = VECTOR('',#4868,1.);
#4868 = DIRECTION('',(0.,0.,1.));
#4869 = CYLINDRICAL_SURFACE('',#4870,10.2);
#4870 = AXIS2_PLACEMENT_3D('',#4871,#4872,#4873);
#4871 = CARTESIAN_POINT('',(38.2,29.9,12.399999952316));
#4872 = DIRECTION('',(0.,0.,-1.));
#4873 = DIRECTION('',(1.,3.6E-16,0.));
#4874 = ADVANCED_FACE('',(#4875),#4886,.T.);
#4875 = FACE_BOUND('',#4876,.T.);
#4876 = EDGE_LOOP('',(#4877,#4878,#4879,#4885));
#4877 = ORIENTED_EDGE('',*,*,#4067,.F.);
#4878 = ORIENTED_EDGE('',*,*,#4864,.T.);
#4879 = ORIENTED_EDGE('',*,*,#4880,.F.);
#4880 = EDGE_CURVE('',#4812,#4856,#4881,.T.);
#4881 = LINE('',#4882,#4883);
#4882 = CARTESIAN_POINT('',(31.6,40.1,13.199999952316));
#4883 = VECTOR('',#4884,1.);
#4884 = DIRECTION('',(1.,0.,0.));
#4885 = ORIENTED_EDGE('',*,*,#4811,.F.);
#4886 = PLANE('',#4887);
#4887 = AXIS2_PLACEMENT_3D('',#4888,#4889,#4890);
#4888 = CARTESIAN_POINT('',(38.2,40.1,12.399999952316));
#4889 = DIRECTION('',(0.,-1.,0.));
#4890 = DIRECTION('',(-1.,0.,0.));
#4891 = ADVANCED_FACE('',(#4892),#4911,.F.);
#4892 = FACE_BOUND('',#4893,.F.);
#4893 = EDGE_LOOP('',(#4894,#4902,#4909,#4910));
#4894 = ORIENTED_EDGE('',*,*,#4895,.T.);
#4895 = EDGE_CURVE('',#4133,#4896,#4898,.T.);
#4896 = VERTEX_POINT('',#4897);
#4897 = CARTESIAN_POINT('',(25.9,4.5,5.999999952316));
#4898 = LINE('',#4899,#4900);
#4899 = CARTESIAN_POINT('',(25.9,4.5,0.639999952316));
#4900 = VECTOR('',#4901,1.);
#4901 = DIRECTION('',(0.,0.,1.));
#4902 = ORIENTED_EDGE('',*,*,#4903,.F.);
#4903 = EDGE_CURVE('',#4896,#4896,#4904,.T.);
#4904 = CIRCLE('',#4905,0.9);
#4905 = AXIS2_PLACEMENT_3D('',#4906,#4907,#4908);
#4906 = CARTESIAN_POINT('',(25.,4.5,5.999999952316));
#4907 = DIRECTION('',(0.,0.,1.));
#4908 = DIRECTION('',(1.,0.,0.));
#4909 = ORIENTED_EDGE('',*,*,#4895,.F.);
#4910 = ORIENTED_EDGE('',*,*,#4132,.T.);
#4911 = CYLINDRICAL_SURFACE('',#4912,0.9);
#4912 = AXIS2_PLACEMENT_3D('',#4913,#4914,#4915);
#4913 = CARTESIAN_POINT('',(25.,4.5,0.639999952316));
#4914 = DIRECTION('',(0.,0.,1.));
#4915 = DIRECTION('',(1.,0.,0.));
#4916 = ADVANCED_FACE('',(#4917,#4920),#4931,.F.);
#4917 = FACE_BOUND('',#4918,.F.);
#4918 = EDGE_LOOP('',(#4919));
#4919 = ORIENTED_EDGE('',*,*,#4437,.T.);
#4920 = FACE_BOUND('',#4921,.F.);
#4921 = EDGE_LOOP('',(#4922));
#4922 = ORIENTED_EDGE('',*,*,#4923,.F.);
#4923 = EDGE_CURVE('',#4924,#4924,#4926,.T.);
#4924 = VERTEX_POINT('',#4925);
#4925 = CARTESIAN_POINT('',(41.7,60.8,12.699999952316));
#4926 = CIRCLE('',#4927,16.7);
#4927 = AXIS2_PLACEMENT_3D('',#4928,#4929,#4930);
#4928 = CARTESIAN_POINT('',(25.,60.8,12.699999952316));
#4929 = DIRECTION('',(0.,0.,1.));
#4930 = DIRECTION('',(1.,0.,0.));
#4931 = PLANE('',#4932);
#4932 = AXIS2_PLACEMENT_3D('',#4933,#4934,#4935);
#4933 = CARTESIAN_POINT('',(25.,60.8,12.699999952316));
#4934 = DIRECTION('',(0.,0.,1.));
#4935 = DIRECTION('',(1.,0.,0.));
#4936 = ADVANCED_FACE('',(#4937),#4940,.F.);
#4937 = FACE_BOUND('',#4938,.F.);
#4938 = EDGE_LOOP('',(#4939));
#4939 = ORIENTED_EDGE('',*,*,#4488,.T.);
#4940 = PLANE('',#4941);
#4941 = AXIS2_PLACEMENT_3D('',#4942,#4943,#4944);
#4942 = CARTESIAN_POINT('',(6.,52.5,12.299999952316));
#4943 = DIRECTION('',(0.,0.,1.));
#4944 = DIRECTION('',(1.,0.,0.));
#4945 = ADVANCED_FACE('',(#4946),#4949,.F.);
#4946 = FACE_BOUND('',#4947,.F.);
#4947 = EDGE_LOOP('',(#4948));
#4948 = ORIENTED_EDGE('',*,*,#4527,.T.);
#4949 = PLANE('',#4950);
#4950 = AXIS2_PLACEMENT_3D('',#4951,#4952,#4953);
#4951 = CARTESIAN_POINT('',(6.,68.5,12.299999952316));
#4952 = DIRECTION('',(0.,0.,1.));
#4953 = DIRECTION('',(1.,0.,0.));
#4954 = ADVANCED_FACE('',(#4955),#4974,.F.);
#4955 = FACE_BOUND('',#4956,.F.);
#4956 = EDGE_LOOP('',(#4957,#4958,#4966,#4973));
#4957 = ORIENTED_EDGE('',*,*,#4546,.T.);
#4958 = ORIENTED_EDGE('',*,*,#4959,.T.);
#4959 = EDGE_CURVE('',#4547,#4960,#4962,.T.);
#4960 = VERTEX_POINT('',#4961);
#4961 = CARTESIAN_POINT('',(26.5,78.5,3.849999952316));
#4962 = LINE('',#4963,#4964);
#4963 = CARTESIAN_POINT('',(26.5,78.5,0.639999952316));
#4964 = VECTOR('',#4965,1.);
#4965 = DIRECTION('',(0.,0.,1.));
#4966 = ORIENTED_EDGE('',*,*,#4967,.F.);
#4967 = EDGE_CURVE('',#4960,#4960,#4968,.T.);
#4968 = CIRCLE('',#4969,1.5);
#4969 = AXIS2_PLACEMENT_3D('',#4970,#4971,#4972);
#4970 = CARTESIAN_POINT('',(25.,78.5,3.849999952316));
#4971 = DIRECTION('',(0.,0.,1.));
#4972 = DIRECTION('',(1.,0.,0.));
#4973 = ORIENTED_EDGE('',*,*,#4959,.F.);
#4974 = CYLINDRICAL_SURFACE('',#4975,1.5);
#4975 = AXIS2_PLACEMENT_3D('',#4976,#4977,#4978);
#4976 = CARTESIAN_POINT('',(25.,78.5,0.639999952316));
#4977 = DIRECTION('',(0.,0.,1.));
#4978 = DIRECTION('',(1.,0.,0.));
#4979 = ADVANCED_FACE('',(#4980,#4983),#4986,.F.);
#4980 = FACE_BOUND('',#4981,.F.);
#4981 = EDGE_LOOP('',(#4982));
#4982 = ORIENTED_EDGE('',*,*,#4967,.T.);
#4983 = FACE_BOUND('',#4984,.F.);
#4984 = EDGE_LOOP('',(#4985));
#4985 = ORIENTED_EDGE('',*,*,#4580,.F.);
#4986 = PLANE('',#4987);
#4987 = AXIS2_PLACEMENT_3D('',#4988,#4989,#4990);
#4988 = CARTESIAN_POINT('',(25.,78.5,3.849999952316));
#4989 = DIRECTION('',(0.,0.,1.));
#4990 = DIRECTION('',(1.,0.,0.));
#4991 = ADVANCED_FACE('',(#4992),#4995,.F.);
#4992 = FACE_BOUND('',#4993,.F.);
#4993 = EDGE_LOOP('',(#4994));
#4994 = ORIENTED_EDGE('',*,*,#4604,.T.);
#4995 = PLANE('',#4996);
#4996 = AXIS2_PLACEMENT_3D('',#4997,#4998,#4999);
#4997 = CARTESIAN_POINT('',(44.,68.5,12.299999952316));
#4998 = DIRECTION('',(0.,0.,1.));
#4999 = DIRECTION('',(1.,0.,0.));
#5000 = ADVANCED_FACE('',(#5001),#5004,.F.);
#5001 = FACE_BOUND('',#5002,.F.);
#5002 = EDGE_LOOP('',(#5003));
#5003 = ORIENTED_EDGE('',*,*,#4903,.T.);
#5004 = PLANE('',#5005);
#5005 = AXIS2_PLACEMENT_3D('',#5006,#5007,#5008);
#5006 = CARTESIAN_POINT('',(25.,4.5,5.999999952316));
#5007 = DIRECTION('',(0.,0.,1.));
#5008 = DIRECTION('',(1.,0.,0.));
#5009 = ADVANCED_FACE('',(#5010),#5029,.F.);
#5010 = FACE_BOUND('',#5011,.T.);
#5011 = EDGE_LOOP('',(#5012,#5013,#5021,#5028));
#5012 = ORIENTED_EDGE('',*,*,#4923,.F.);
#5013 = ORIENTED_EDGE('',*,*,#5014,.T.);
#5014 = EDGE_CURVE('',#4924,#5015,#5017,.T.);
#5015 = VERTEX_POINT('',#5016);
#5016 = CARTESIAN_POINT('',(41.7,60.8,13.199999952316));
#5017 = LINE('',#5018,#5019);
#5018 = CARTESIAN_POINT('',(41.7,60.8,11.399999952316));
#5019 = VECTOR('',#5020,1.);
#5020 = DIRECTION('',(0.,0.,1.));
#5021 = ORIENTED_EDGE('',*,*,#5022,.F.);
#5022 = EDGE_CURVE('',#5015,#5015,#5023,.T.);
#5023 = CIRCLE('',#5024,16.7);
#5024 = AXIS2_PLACEMENT_3D('',#5025,#5026,#5027);
#5025 = CARTESIAN_POINT('',(25.,60.8,13.199999952316));
#5026 = DIRECTION('',(0.,0.,-1.));
#5027 = DIRECTION('',(1.,0.,0.));
#5028 = ORIENTED_EDGE('',*,*,#5014,.F.);
#5029 = CYLINDRICAL_SURFACE('',#5030,16.7);
#5030 = AXIS2_PLACEMENT_3D('',#5031,#5032,#5033);
#5031 = CARTESIAN_POINT('',(25.,60.8,11.399999952316));
#5032 = DIRECTION('',(-0.,-0.,-1.));
#5033 = DIRECTION('',(1.,0.,0.));
#5034 = ADVANCED_FACE('',(#5035,#5045,#5059),#5062,.T.);
#5035 = FACE_BOUND('',#5036,.T.);
#5036 = EDGE_LOOP('',(#5037,#5038,#5039,#5040,#5041,#5042,#5043,#5044));
#5037 = ORIENTED_EDGE('',*,*,#4192,.T.);
#5038 = ORIENTED_EDGE('',*,*,#4168,.T.);
#5039 = ORIENTED_EDGE('',*,*,#4209,.T.);
#5040 = ORIENTED_EDGE('',*,*,#4270,.T.);
#5041 = ORIENTED_EDGE('',*,*,#4311,.T.);
#5042 = ORIENTED_EDGE('',*,*,#4338,.T.);
#5043 = ORIENTED_EDGE('',*,*,#4294,.T.);
#5044 = ORIENTED_EDGE('',*,*,#4244,.T.);
#5045 = FACE_BOUND('',#5046,.T.);
#5046 = EDGE_LOOP('',(#5047,#5048,#5049,#5050,#5051,#5052,#5053,#5054,
    #5055,#5056,#5057,#5058));
#5047 = ORIENTED_EDGE('',*,*,#4739,.T.);
#5048 = ORIENTED_EDGE('',*,*,#4730,.T.);
#5049 = ORIENTED_EDGE('',*,*,#4672,.T.);
#5050 = ORIENTED_EDGE('',*,*,#4712,.T.);
#5051 = ORIENTED_EDGE('',*,*,#4703,.T.);
#5052 = ORIENTED_EDGE('',*,*,#4771,.T.);
#5053 = ORIENTED_EDGE('',*,*,#4828,.T.);
#5054 = ORIENTED_EDGE('',*,*,#4819,.T.);
#5055 = ORIENTED_EDGE('',*,*,#4880,.T.);
#5056 = ORIENTED_EDGE('',*,*,#4855,.T.);
#5057 = ORIENTED_EDGE('',*,*,#4846,.T.);
#5058 = ORIENTED_EDGE('',*,*,#4788,.T.);
#5059 = FACE_BOUND('',#5060,.T.);
#5060 = EDGE_LOOP('',(#5061));
#5061 = ORIENTED_EDGE('',*,*,#5022,.T.);
#5062 = PLANE('',#5063);
#5063 = AXIS2_PLACEMENT_3D('',#5064,#5065,#5066);
#5064 = CARTESIAN_POINT('',(25.,40.75,13.199999952316));
#5065 = DIRECTION('',(0.,0.,1.));
#5066 = DIRECTION('',(1.,0.,0.));
#5067 = ( GEOMETRIC_REPRESENTATION_CONTEXT(3) 
GLOBAL_UNCERTAINTY_ASSIGNED_CONTEXT((#5071)) 
GLOBAL_UNIT_ASSIGNED_CONTEXT((#5068,#5069,#5070)) REPRESENTATION_CONTEXT
('Context #1','3D Context with UNIT and UNCERTAINTY') );
#5068 = ( LENGTH_UNIT() NAMED_UNIT(*) SI_UNIT(.MILLI.,.METRE.) );
#5069 = ( NAMED_UNIT(*) PLANE_ANGLE_UNIT() SI_UNIT($,.RADIAN.) );
#5070 = ( NAMED_UNIT(*) SI_UNIT($,.STERADIAN.) SOLID_ANGLE_UNIT() );
#5071 = UNCERTAINTY_MEASURE_WITH_UNIT(LENGTH_MEASURE(1.E-05),#5068,
  'distance_accuracy_value','confusion accuracy');
#5072 = PRODUCT_RELATED_PRODUCT_CATEGORY('part',$,(#7));
ENDSEC;
END-ISO-10303-21;
